share_of_region_in_cluster,election_date,year,geometry,n_clusters,cluster,region,n_territories,cluster_size,share_within_cluster,region_size
1,19480418,1948,greenacre_weighted_power_0175,2,1,SICILIA,9,55,0.16363636363636364,9
1,19480418,1948,greenacre_weighted_power_0175,2,1,PUGLIA,6,55,0.10909090909090909,6
1,19480418,1948,greenacre_weighted_power_0175,2,1,CALABRIA,5,55,0.09090909090909091,5
1,19480418,1948,greenacre_weighted_power_0175,2,1,CAMPANIA,5,55,0.09090909090909091,5
1,19480418,1948,greenacre_weighted_power_0175,2,1,LAZIO,5,55,0.09090909090909091,5
1,19480418,1948,greenacre_weighted_power_0175,2,1,SARDEGNA,5,55,0.09090909090909091,5
1,19480418,1948,greenacre_weighted_power_0175,2,1,ABRUZZO,4,55,0.07272727272727272,4
0.25,19480418,1948,greenacre_weighted_power_0175,2,1,LOMBARDIA,3,55,0.05454545454545454,12
0.42857142857142855,19480418,1948,greenacre_weighted_power_0175,2,1,VENETO,3,55,0.05454545454545454,7
1,19480418,1948,greenacre_weighted_power_0175,2,1,BASILICATA,2,55,0.03636363636363636,2
1,19480418,1948,greenacre_weighted_power_0175,2,1,FRIULI-VENEZIA GIULIA,2,55,0.03636363636363636,2
1,19480418,1948,greenacre_weighted_power_0175,2,1,MOLISE,2,55,0.03636363636363636,2
0.25,19480418,1948,greenacre_weighted_power_0175,2,1,PIEMONTE,2,55,0.03636363636363636,8
0.2,19480418,1948,greenacre_weighted_power_0175,2,1,MARCHE,1,55,0.01818181818181818,5
0.1,19480418,1948,greenacre_weighted_power_0175,2,1,TOSCANA,1,55,0.01818181818181818,10
1,19480418,1948,greenacre_weighted_power_0175,2,2,EMILIA-ROMAGNA,9,49,0.1836734693877551,9
0.75,19480418,1948,greenacre_weighted_power_0175,2,2,LOMBARDIA,9,49,0.1836734693877551,12
0.9,19480418,1948,greenacre_weighted_power_0175,2,2,TOSCANA,9,49,0.1836734693877551,10
0.75,19480418,1948,greenacre_weighted_power_0175,2,2,PIEMONTE,6,49,0.12244897959183673,8
1,19480418,1948,greenacre_weighted_power_0175,2,2,LIGURIA,4,49,0.08163265306122448,4
0.8,19480418,1948,greenacre_weighted_power_0175,2,2,MARCHE,4,49,0.08163265306122448,5
0.5714285714285714,19480418,1948,greenacre_weighted_power_0175,2,2,VENETO,4,49,0.08163265306122448,7
1,19480418,1948,greenacre_weighted_power_0175,2,2,TRENTINO-ALTO ADIGE/SÜDTIROL,2,49,0.04081632653061224,2
1,19480418,1948,greenacre_weighted_power_0175,2,2,UMBRIA,2,49,0.04081632653061224,2
1,19480418,1948,greenacre_weighted_power_0175,3,1,SICILIA,9,42,0.21428571428571427,9
1,19480418,1948,greenacre_weighted_power_0175,3,1,PUGLIA,6,42,0.14285714285714285,6
1,19480418,1948,greenacre_weighted_power_0175,3,1,CALABRIA,5,42,0.11904761904761904,5
1,19480418,1948,greenacre_weighted_power_0175,3,1,CAMPANIA,5,42,0.11904761904761904,5
1,19480418,1948,greenacre_weighted_power_0175,3,1,SARDEGNA,5,42,0.11904761904761904,5
0.8,19480418,1948,greenacre_weighted_power_0175,3,1,LAZIO,4,42,0.09523809523809523,5
0.75,19480418,1948,greenacre_weighted_power_0175,3,1,ABRUZZO,3,42,0.07142857142857142,4
1,19480418,1948,greenacre_weighted_power_0175,3,1,BASILICATA,2,42,0.047619047619047616,2
1,19480418,1948,greenacre_weighted_power_0175,3,1,MOLISE,2,42,0.047619047619047616,2
0.2,19480418,1948,greenacre_weighted_power_0175,3,1,MARCHE,1,42,0.023809523809523808,5
1,19480418,1948,greenacre_weighted_power_0175,3,2,EMILIA-ROMAGNA,9,26,0.34615384615384615,9
0.8,19480418,1948,greenacre_weighted_power_0175,3,2,TOSCANA,8,26,0.3076923076923077,10
0.16666666666666666,19480418,1948,greenacre_weighted_power_0175,3,2,LOMBARDIA,2,26,0.07692307692307693,12
0.4,19480418,1948,greenacre_weighted_power_0175,3,2,MARCHE,2,26,0.07692307692307693,5
1,19480418,1948,greenacre_weighted_power_0175,3,2,TRENTINO-ALTO ADIGE/SÜDTIROL,2,26,0.07692307692307693,2
1,19480418,1948,greenacre_weighted_power_0175,3,2,UMBRIA,2,26,0.07692307692307693,2
0.25,19480418,1948,greenacre_weighted_power_0175,3,2,LIGURIA,1,26,0.038461538461538464,4
0.8333333333333334,19480418,1948,greenacre_weighted_power_0175,3,3,LOMBARDIA,10,36,0.2777777777777778,12
1,19480418,1948,greenacre_weighted_power_0175,3,3,PIEMONTE,8,36,0.2222222222222222,8
1,19480418,1948,greenacre_weighted_power_0175,3,3,VENETO,7,36,0.19444444444444445,7
0.75,19480418,1948,greenacre_weighted_power_0175,3,3,LIGURIA,3,36,0.08333333333333333,4
1,19480418,1948,greenacre_weighted_power_0175,3,3,FRIULI-VENEZIA GIULIA,2,36,0.05555555555555555,2
0.4,19480418,1948,greenacre_weighted_power_0175,3,3,MARCHE,2,36,0.05555555555555555,5
0.2,19480418,1948,greenacre_weighted_power_0175,3,3,TOSCANA,2,36,0.05555555555555555,10
0.25,19480418,1948,greenacre_weighted_power_0175,3,3,ABRUZZO,1,36,0.027777777777777776,4
0.2,19480418,1948,greenacre_weighted_power_0175,3,3,LAZIO,1,36,0.027777777777777776,5
0.8888888888888888,19480418,1948,greenacre_weighted_power_0175,4,1,EMILIA-ROMAGNA,8,10,0.8,9
0.16666666666666666,19480418,1948,greenacre_weighted_power_0175,4,1,LOMBARDIA,2,10,0.2,12
0.9,19480418,1948,greenacre_weighted_power_0175,4,2,TOSCANA,9,29,0.3103448275862069,10
0.625,19480418,1948,greenacre_weighted_power_0175,4,2,PIEMONTE,5,29,0.1724137931034483,8
0.8,19480418,1948,greenacre_weighted_power_0175,4,2,MARCHE,4,29,0.13793103448275862,5
0.75,19480418,1948,greenacre_weighted_power_0175,4,2,LIGURIA,3,29,0.10344827586206896,4
0.25,19480418,1948,greenacre_weighted_power_0175,4,2,LOMBARDIA,3,29,0.10344827586206896,12
1,19480418,1948,greenacre_weighted_power_0175,4,2,UMBRIA,2,29,0.06896551724137931,2
0.2857142857142857,19480418,1948,greenacre_weighted_power_0175,4,2,VENETO,2,29,0.06896551724137931,7
0.1111111111111111,19480418,1948,greenacre_weighted_power_0175,4,2,EMILIA-ROMAGNA,1,29,0.034482758620689655,9
0.5833333333333334,19480418,1948,greenacre_weighted_power_0175,4,3,LOMBARDIA,7,21,0.3333333333333333,12
0.7142857142857143,19480418,1948,greenacre_weighted_power_0175,4,3,VENETO,5,21,0.23809523809523808,7
0.375,19480418,1948,greenacre_weighted_power_0175,4,3,PIEMONTE,3,21,0.14285714285714285,8
1,19480418,1948,greenacre_weighted_power_0175,4,3,FRIULI-VENEZIA GIULIA,2,21,0.09523809523809523,2
1,19480418,1948,greenacre_weighted_power_0175,4,3,TRENTINO-ALTO ADIGE/SÜDTIROL,2,21,0.09523809523809523,2
0.25,19480418,1948,greenacre_weighted_power_0175,4,3,LIGURIA,1,21,0.047619047619047616,4
0.1,19480418,1948,greenacre_weighted_power_0175,4,3,TOSCANA,1,21,0.047619047619047616,10
1,19480418,1948,greenacre_weighted_power_0175,4,4,SICILIA,9,44,0.20454545454545456,9
1,19480418,1948,greenacre_weighted_power_0175,4,4,PUGLIA,6,44,0.13636363636363635,6
1,19480418,1948,greenacre_weighted_power_0175,4,4,CALABRIA,5,44,0.11363636363636363,5
1,19480418,1948,greenacre_weighted_power_0175,4,4,CAMPANIA,5,44,0.11363636363636363,5
1,19480418,1948,greenacre_weighted_power_0175,4,4,LAZIO,5,44,0.11363636363636363,5
1,19480418,1948,greenacre_weighted_power_0175,4,4,SARDEGNA,5,44,0.11363636363636363,5
1,19480418,1948,greenacre_weighted_power_0175,4,4,ABRUZZO,4,44,0.09090909090909091,4
1,19480418,1948,greenacre_weighted_power_0175,4,4,BASILICATA,2,44,0.045454545454545456,2
1,19480418,1948,greenacre_weighted_power_0175,4,4,MOLISE,2,44,0.045454545454545456,2
0.2,19480418,1948,greenacre_weighted_power_0175,4,4,MARCHE,1,44,0.022727272727272728,5
0.4444444444444444,19480418,1948,greenacre_weighted_power_0175,5,1,EMILIA-ROMAGNA,4,6,0.6666666666666666,9
0.16666666666666666,19480418,1948,greenacre_weighted_power_0175,5,1,LOMBARDIA,2,6,0.3333333333333333,12
0.9,19480418,1948,greenacre_weighted_power_0175,5,2,TOSCANA,9,28,0.32142857142857145,10
0.625,19480418,1948,greenacre_weighted_power_0175,5,2,PIEMONTE,5,28,0.17857142857142858,8
0.75,19480418,1948,greenacre_weighted_power_0175,5,2,LIGURIA,3,28,0.10714285714285714,4
0.25,19480418,1948,greenacre_weighted_power_0175,5,2,LOMBARDIA,3,28,0.10714285714285714,12
0.6,19480418,1948,greenacre_weighted_power_0175,5,2,MARCHE,3,28,0.10714285714285714,5
1,19480418,1948,greenacre_weighted_power_0175,5,2,UMBRIA,2,28,0.07142857142857142,2
0.2857142857142857,19480418,1948,greenacre_weighted_power_0175,5,2,VENETO,2,28,0.07142857142857142,7
0.1111111111111111,19480418,1948,greenacre_weighted_power_0175,5,2,EMILIA-ROMAGNA,1,28,0.03571428571428571,9
0.5833333333333334,19480418,1948,greenacre_weighted_power_0175,5,3,LOMBARDIA,7,19,0.3684210526315789,12
0.7142857142857143,19480418,1948,greenacre_weighted_power_0175,5,3,VENETO,5,19,0.2631578947368421,7
0.375,19480418,1948,greenacre_weighted_power_0175,5,3,PIEMONTE,3,19,0.15789473684210525,8
1,19480418,1948,greenacre_weighted_power_0175,5,3,FRIULI-VENEZIA GIULIA,2,19,0.10526315789473684,2
0.25,19480418,1948,greenacre_weighted_power_0175,5,3,LIGURIA,1,19,0.05263157894736842,4
0.1,19480418,1948,greenacre_weighted_power_0175,5,3,TOSCANA,1,19,0.05263157894736842,10
1,19480418,1948,greenacre_weighted_power_0175,5,4,SICILIA,9,40,0.225,9
1,19480418,1948,greenacre_weighted_power_0175,5,4,PUGLIA,6,40,0.15,6
1,19480418,1948,greenacre_weighted_power_0175,5,4,CALABRIA,5,40,0.125,5
1,19480418,1948,greenacre_weighted_power_0175,5,4,CAMPANIA,5,40,0.125,5
1,19480418,1948,greenacre_weighted_power_0175,5,4,LAZIO,5,40,0.125,5
1,19480418,1948,greenacre_weighted_power_0175,5,4,ABRUZZO,4,40,0.1,4
1,19480418,1948,greenacre_weighted_power_0175,5,4,BASILICATA,2,40,0.05,2
0.4,19480418,1948,greenacre_weighted_power_0175,5,4,MARCHE,2,40,0.05,5
1,19480418,1948,greenacre_weighted_power_0175,5,4,MOLISE,2,40,0.05,2
1,19480418,1948,greenacre_weighted_power_0175,5,5,SARDEGNA,5,11,0.45454545454545453,5
0.4444444444444444,19480418,1948,greenacre_weighted_power_0175,5,5,EMILIA-ROMAGNA,4,11,0.36363636363636365,9
1,19480418,1948,greenacre_weighted_power_0175,5,5,TRENTINO-ALTO ADIGE/SÜDTIROL,2,11,0.18181818181818182,2
0.9,19480418,1948,greenacre_weighted_power_0175,6,1,TOSCANA,9,28,0.32142857142857145,10
0.625,19480418,1948,greenacre_weighted_power_0175,6,1,PIEMONTE,5,28,0.17857142857142858,8
0.75,19480418,1948,greenacre_weighted_power_0175,6,1,LIGURIA,3,28,0.10714285714285714,4
0.25,19480418,1948,greenacre_weighted_power_0175,6,1,LOMBARDIA,3,28,0.10714285714285714,12
0.6,19480418,1948,greenacre_weighted_power_0175,6,1,MARCHE,3,28,0.10714285714285714,5
1,19480418,1948,greenacre_weighted_power_0175,6,1,UMBRIA,2,28,0.07142857142857142,2
0.2857142857142857,19480418,1948,greenacre_weighted_power_0175,6,1,VENETO,2,28,0.07142857142857142,7
0.1111111111111111,19480418,1948,greenacre_weighted_power_0175,6,1,EMILIA-ROMAGNA,1,28,0.03571428571428571,9
0.4444444444444444,19480418,1948,greenacre_weighted_power_0175,6,2,EMILIA-ROMAGNA,4,6,0.6666666666666666,9
1,19480418,1948,greenacre_weighted_power_0175,6,2,TRENTINO-ALTO ADIGE/SÜDTIROL,2,6,0.3333333333333333,2
0.5833333333333334,19480418,1948,greenacre_weighted_power_0175,6,3,LOMBARDIA,7,19,0.3684210526315789,12
0.7142857142857143,19480418,1948,greenacre_weighted_power_0175,6,3,VENETO,5,19,0.2631578947368421,7
0.375,19480418,1948,greenacre_weighted_power_0175,6,3,PIEMONTE,3,19,0.15789473684210525,8
1,19480418,1948,greenacre_weighted_power_0175,6,3,FRIULI-VENEZIA GIULIA,2,19,0.10526315789473684,2
0.25,19480418,1948,greenacre_weighted_power_0175,6,3,LIGURIA,1,19,0.05263157894736842,4
0.1,19480418,1948,greenacre_weighted_power_0175,6,3,TOSCANA,1,19,0.05263157894736842,10
0.4444444444444444,19480418,1948,greenacre_weighted_power_0175,6,4,EMILIA-ROMAGNA,4,6,0.6666666666666666,9
0.16666666666666666,19480418,1948,greenacre_weighted_power_0175,6,4,LOMBARDIA,2,6,0.3333333333333333,12
1,19480418,1948,greenacre_weighted_power_0175,6,5,SICILIA,9,40,0.225,9
1,19480418,1948,greenacre_weighted_power_0175,6,5,PUGLIA,6,40,0.15,6
1,19480418,1948,greenacre_weighted_power_0175,6,5,CALABRIA,5,40,0.125,5
1,19480418,1948,greenacre_weighted_power_0175,6,5,CAMPANIA,5,40,0.125,5
1,19480418,1948,greenacre_weighted_power_0175,6,5,LAZIO,5,40,0.125,5
1,19480418,1948,greenacre_weighted_power_0175,6,5,ABRUZZO,4,40,0.1,4
1,19480418,1948,greenacre_weighted_power_0175,6,5,BASILICATA,2,40,0.05,2
0.4,19480418,1948,greenacre_weighted_power_0175,6,5,MARCHE,2,40,0.05,5
1,19480418,1948,greenacre_weighted_power_0175,6,5,MOLISE,2,40,0.05,2
1,19480418,1948,greenacre_weighted_power_0175,6,6,SARDEGNA,5,5,1,5
0.6666666666666666,19480418,1948,greenacre_weighted_power_0175,7,1,SICILIA,6,28,0.21428571428571427,9
1,19480418,1948,greenacre_weighted_power_0175,7,1,LAZIO,5,28,0.17857142857142858,5
1,19480418,1948,greenacre_weighted_power_0175,7,1,ABRUZZO,4,28,0.14285714285714285,4
0.8,19480418,1948,greenacre_weighted_power_0175,7,1,CALABRIA,4,28,0.14285714285714285,5
0.6,19480418,1948,greenacre_weighted_power_0175,7,1,MARCHE,3,28,0.10714285714285714,5
0.5,19480418,1948,greenacre_weighted_power_0175,7,1,PUGLIA,3,28,0.10714285714285714,6
0.2,19480418,1948,greenacre_weighted_power_0175,7,1,TOSCANA,2,28,0.07142857142857142,10
0.5,19480418,1948,greenacre_weighted_power_0175,7,1,BASILICATA,1,28,0.03571428571428571,2
0.4444444444444444,19480418,1948,greenacre_weighted_power_0175,7,2,EMILIA-ROMAGNA,4,6,0.6666666666666666,9
1,19480418,1948,greenacre_weighted_power_0175,7,2,TRENTINO-ALTO ADIGE/SÜDTIROL,2,6,0.3333333333333333,2
0.4444444444444444,19480418,1948,greenacre_weighted_power_0175,7,3,EMILIA-ROMAGNA,4,6,0.6666666666666666,9
0.16666666666666666,19480418,1948,greenacre_weighted_power_0175,7,3,LOMBARDIA,2,6,0.3333333333333333,12
1,19480418,1948,greenacre_weighted_power_0175,7,4,SARDEGNA,5,5,1,5
0.8,19480418,1948,greenacre_weighted_power_0175,7,5,TOSCANA,8,26,0.3076923076923077,10
0.625,19480418,1948,greenacre_weighted_power_0175,7,5,PIEMONTE,5,26,0.19230769230769232,8
0.75,19480418,1948,greenacre_weighted_power_0175,7,5,LIGURIA,3,26,0.11538461538461539,4
0.25,19480418,1948,greenacre_weighted_power_0175,7,5,LOMBARDIA,3,26,0.11538461538461539,12
0.4,19480418,1948,greenacre_weighted_power_0175,7,5,MARCHE,2,26,0.07692307692307693,5
1,19480418,1948,greenacre_weighted_power_0175,7,5,UMBRIA,2,26,0.07692307692307693,2
0.2857142857142857,19480418,1948,greenacre_weighted_power_0175,7,5,VENETO,2,26,0.07692307692307693,7
0.1111111111111111,19480418,1948,greenacre_weighted_power_0175,7,5,EMILIA-ROMAGNA,1,26,0.038461538461538464,9
0.5833333333333334,19480418,1948,greenacre_weighted_power_0175,7,6,LOMBARDIA,7,18,0.3888888888888889,12
0.7142857142857143,19480418,1948,greenacre_weighted_power_0175,7,6,VENETO,5,18,0.2777777777777778,7
0.375,19480418,1948,greenacre_weighted_power_0175,7,6,PIEMONTE,3,18,0.16666666666666666,8
1,19480418,1948,greenacre_weighted_power_0175,7,6,FRIULI-VENEZIA GIULIA,2,18,0.1111111111111111,2
0.25,19480418,1948,greenacre_weighted_power_0175,7,6,LIGURIA,1,18,0.05555555555555555,4
1,19480418,1948,greenacre_weighted_power_0175,7,7,CAMPANIA,5,15,0.3333333333333333,5
0.5,19480418,1948,greenacre_weighted_power_0175,7,7,PUGLIA,3,15,0.2,6
0.3333333333333333,19480418,1948,greenacre_weighted_power_0175,7,7,SICILIA,3,15,0.2,9
1,19480418,1948,greenacre_weighted_power_0175,7,7,MOLISE,2,15,0.13333333333333333,2
0.5,19480418,1948,greenacre_weighted_power_0175,7,7,BASILICATA,1,15,0.06666666666666667,2
0.2,19480418,1948,greenacre_weighted_power_0175,7,7,CALABRIA,1,15,0.06666666666666667,5
1,19480418,1948,greenacre_weighted_power_0175,8,1,SARDEGNA,5,5,1,5
0.4166666666666667,19480418,1948,greenacre_weighted_power_0175,8,2,LOMBARDIA,5,15,0.3333333333333333,12
0.7142857142857143,19480418,1948,greenacre_weighted_power_0175,8,2,VENETO,5,15,0.3333333333333333,7
1,19480418,1948,greenacre_weighted_power_0175,8,2,FRIULI-VENEZIA GIULIA,2,15,0.13333333333333333,2
0.25,19480418,1948,greenacre_weighted_power_0175,8,2,PIEMONTE,2,15,0.13333333333333333,8
0.25,19480418,1948,greenacre_weighted_power_0175,8,2,LIGURIA,1,15,0.06666666666666667,4
0.75,19480418,1948,greenacre_weighted_power_0175,8,3,PIEMONTE,6,17,0.35294117647058826,8
0.4166666666666667,19480418,1948,greenacre_weighted_power_0175,8,3,LOMBARDIA,5,17,0.29411764705882354,12
0.5,19480418,1948,greenacre_weighted_power_0175,8,3,LIGURIA,2,17,0.11764705882352941,4
0.2,19480418,1948,greenacre_weighted_power_0175,8,3,TOSCANA,2,17,0.11764705882352941,10
0.2857142857142857,19480418,1948,greenacre_weighted_power_0175,8,3,VENETO,2,17,0.11764705882352941,7
0.4444444444444444,19480418,1948,greenacre_weighted_power_0175,8,4,EMILIA-ROMAGNA,4,6,0.6666666666666666,9
0.16666666666666666,19480418,1948,greenacre_weighted_power_0175,8,4,LOMBARDIA,2,6,0.3333333333333333,12
0.4444444444444444,19480418,1948,greenacre_weighted_power_0175,8,5,EMILIA-ROMAGNA,4,6,0.6666666666666666,9
1,19480418,1948,greenacre_weighted_power_0175,8,5,TRENTINO-ALTO ADIGE/SÜDTIROL,2,6,0.3333333333333333,2
1,19480418,1948,greenacre_weighted_power_0175,8,6,CAMPANIA,5,15,0.3333333333333333,5
0.5,19480418,1948,greenacre_weighted_power_0175,8,6,PUGLIA,3,15,0.2,6
0.3333333333333333,19480418,1948,greenacre_weighted_power_0175,8,6,SICILIA,3,15,0.2,9
1,19480418,1948,greenacre_weighted_power_0175,8,6,MOLISE,2,15,0.13333333333333333,2
0.5,19480418,1948,greenacre_weighted_power_0175,8,6,BASILICATA,1,15,0.06666666666666667,2
0.2,19480418,1948,greenacre_weighted_power_0175,8,6,CALABRIA,1,15,0.06666666666666667,5
0.6666666666666666,19480418,1948,greenacre_weighted_power_0175,8,7,SICILIA,6,26,0.23076923076923078,9
1,19480418,1948,greenacre_weighted_power_0175,8,7,LAZIO,5,26,0.19230769230769232,5
1,19480418,1948,greenacre_weighted_power_0175,8,7,ABRUZZO,4,26,0.15384615384615385,4
0.8,19480418,1948,greenacre_weighted_power_0175,8,7,CALABRIA,4,26,0.15384615384615385,5
0.5,19480418,1948,greenacre_weighted_power_0175,8,7,PUGLIA,3,26,0.11538461538461539,6
0.4,19480418,1948,greenacre_weighted_power_0175,8,7,MARCHE,2,26,0.07692307692307693,5
0.5,19480418,1948,greenacre_weighted_power_0175,8,7,BASILICATA,1,26,0.038461538461538464,2
0.1,19480418,1948,greenacre_weighted_power_0175,8,7,TOSCANA,1,26,0.038461538461538464,10
0.7,19480418,1948,greenacre_weighted_power_0175,8,8,TOSCANA,7,14,0.5,10
0.6,19480418,1948,greenacre_weighted_power_0175,8,8,MARCHE,3,14,0.21428571428571427,5
1,19480418,1948,greenacre_weighted_power_0175,8,8,UMBRIA,2,14,0.14285714285714285,2
0.1111111111111111,19480418,1948,greenacre_weighted_power_0175,8,8,EMILIA-ROMAGNA,1,14,0.07142857142857142,9
0.25,19480418,1948,greenacre_weighted_power_0175,8,8,LIGURIA,1,14,0.07142857142857142,4
1,19530607,1953,greenacre_weighted_power_0175,2,1,LOMBARDIA,12,58,0.20689655172413793,12
1,19530607,1953,greenacre_weighted_power_0175,2,1,EMILIA-ROMAGNA,9,58,0.15517241379310345,9
0.9,19530607,1953,greenacre_weighted_power_0175,2,1,TOSCANA,9,58,0.15517241379310345,10
1,19530607,1953,greenacre_weighted_power_0175,2,1,VENETO,7,58,0.1206896551724138,7
0.75,19530607,1953,greenacre_weighted_power_0175,2,1,PIEMONTE,6,58,0.10344827586206896,8
1,19530607,1953,greenacre_weighted_power_0175,2,1,MARCHE,5,58,0.08620689655172414,5
1,19530607,1953,greenacre_weighted_power_0175,2,1,LIGURIA,4,58,0.06896551724137931,4
1,19530607,1953,greenacre_weighted_power_0175,2,1,FRIULI-VENEZIA GIULIA,3,58,0.05172413793103448,3
1,19530607,1953,greenacre_weighted_power_0175,2,1,UMBRIA,2,58,0.034482758620689655,2
0.5,19530607,1953,greenacre_weighted_power_0175,2,1,TRENTINO-ALTO ADIGE/SÜDTIROL,1,58,0.017241379310344827,2
1,19530607,1953,greenacre_weighted_power_0175,2,2,SICILIA,9,47,0.19148936170212766,9
1,19530607,1953,greenacre_weighted_power_0175,2,2,PUGLIA,6,47,0.1276595744680851,6
1,19530607,1953,greenacre_weighted_power_0175,2,2,CALABRIA,5,47,0.10638297872340426,5
1,19530607,1953,greenacre_weighted_power_0175,2,2,CAMPANIA,5,47,0.10638297872340426,5
1,19530607,1953,greenacre_weighted_power_0175,2,2,LAZIO,5,47,0.10638297872340426,5
1,19530607,1953,greenacre_weighted_power_0175,2,2,SARDEGNA,5,47,0.10638297872340426,5
1,19530607,1953,greenacre_weighted_power_0175,2,2,ABRUZZO,4,47,0.0851063829787234,4
1,19530607,1953,greenacre_weighted_power_0175,2,2,BASILICATA,2,47,0.0425531914893617,2
1,19530607,1953,greenacre_weighted_power_0175,2,2,MOLISE,2,47,0.0425531914893617,2
0.25,19530607,1953,greenacre_weighted_power_0175,2,2,PIEMONTE,2,47,0.0425531914893617,8
0.1,19530607,1953,greenacre_weighted_power_0175,2,2,TOSCANA,1,47,0.02127659574468085,10
0.5,19530607,1953,greenacre_weighted_power_0175,2,2,TRENTINO-ALTO ADIGE/SÜDTIROL,1,47,0.02127659574468085,2
1,19530607,1953,greenacre_weighted_power_0175,3,1,EMILIA-ROMAGNA,9,32,0.28125,9
0.9,19530607,1953,greenacre_weighted_power_0175,3,1,TOSCANA,9,32,0.28125,10
0.75,19530607,1953,greenacre_weighted_power_0175,3,1,LIGURIA,3,32,0.09375,4
0.6,19530607,1953,greenacre_weighted_power_0175,3,1,MARCHE,3,32,0.09375,5
0.375,19530607,1953,greenacre_weighted_power_0175,3,1,PIEMONTE,3,32,0.09375,8
0.16666666666666666,19530607,1953,greenacre_weighted_power_0175,3,1,LOMBARDIA,2,32,0.0625,12
1,19530607,1953,greenacre_weighted_power_0175,3,1,UMBRIA,2,32,0.0625,2
0.14285714285714285,19530607,1953,greenacre_weighted_power_0175,3,1,VENETO,1,32,0.03125,7
0.8333333333333334,19530607,1953,greenacre_weighted_power_0175,3,2,LOMBARDIA,10,29,0.3448275862068966,12
0.8571428571428571,19530607,1953,greenacre_weighted_power_0175,3,2,VENETO,6,29,0.20689655172413793,7
0.5,19530607,1953,greenacre_weighted_power_0175,3,2,PIEMONTE,4,29,0.13793103448275862,8
1,19530607,1953,greenacre_weighted_power_0175,3,2,FRIULI-VENEZIA GIULIA,3,29,0.10344827586206896,3
0.4,19530607,1953,greenacre_weighted_power_0175,3,2,MARCHE,2,29,0.06896551724137931,5
1,19530607,1953,greenacre_weighted_power_0175,3,2,TRENTINO-ALTO ADIGE/SÜDTIROL,2,29,0.06896551724137931,2
0.25,19530607,1953,greenacre_weighted_power_0175,3,2,LIGURIA,1,29,0.034482758620689655,4
0.1,19530607,1953,greenacre_weighted_power_0175,3,2,TOSCANA,1,29,0.034482758620689655,10
1,19530607,1953,greenacre_weighted_power_0175,3,3,SICILIA,9,44,0.20454545454545456,9
1,19530607,1953,greenacre_weighted_power_0175,3,3,PUGLIA,6,44,0.13636363636363635,6
1,19530607,1953,greenacre_weighted_power_0175,3,3,CALABRIA,5,44,0.11363636363636363,5
1,19530607,1953,greenacre_weighted_power_0175,3,3,CAMPANIA,5,44,0.11363636363636363,5
1,19530607,1953,greenacre_weighted_power_0175,3,3,LAZIO,5,44,0.11363636363636363,5
1,19530607,1953,greenacre_weighted_power_0175,3,3,SARDEGNA,5,44,0.11363636363636363,5
1,19530607,1953,greenacre_weighted_power_0175,3,3,ABRUZZO,4,44,0.09090909090909091,4
1,19530607,1953,greenacre_weighted_power_0175,3,3,BASILICATA,2,44,0.045454545454545456,2
1,19530607,1953,greenacre_weighted_power_0175,3,3,MOLISE,2,44,0.045454545454545456,2
0.125,19530607,1953,greenacre_weighted_power_0175,3,3,PIEMONTE,1,44,0.022727272727272728,8
0.5833333333333334,19530607,1953,greenacre_weighted_power_0175,4,1,LOMBARDIA,7,19,0.3684210526315789,12
0.7142857142857143,19530607,1953,greenacre_weighted_power_0175,4,1,VENETO,5,19,0.2631578947368421,7
0.6666666666666666,19530607,1953,greenacre_weighted_power_0175,4,1,FRIULI-VENEZIA GIULIA,2,19,0.10526315789473684,3
1,19530607,1953,greenacre_weighted_power_0175,4,1,MOLISE,2,19,0.10526315789473684,2
1,19530607,1953,greenacre_weighted_power_0175,4,1,TRENTINO-ALTO ADIGE/SÜDTIROL,2,19,0.10526315789473684,2
0.125,19530607,1953,greenacre_weighted_power_0175,4,1,PIEMONTE,1,19,0.05263157894736842,8
1,19530607,1953,greenacre_weighted_power_0175,4,2,SICILIA,9,42,0.21428571428571427,9
1,19530607,1953,greenacre_weighted_power_0175,4,2,PUGLIA,6,42,0.14285714285714285,6
1,19530607,1953,greenacre_weighted_power_0175,4,2,CALABRIA,5,42,0.11904761904761904,5
1,19530607,1953,greenacre_weighted_power_0175,4,2,CAMPANIA,5,42,0.11904761904761904,5
1,19530607,1953,greenacre_weighted_power_0175,4,2,LAZIO,5,42,0.11904761904761904,5
1,19530607,1953,greenacre_weighted_power_0175,4,2,SARDEGNA,5,42,0.11904761904761904,5
1,19530607,1953,greenacre_weighted_power_0175,4,2,ABRUZZO,4,42,0.09523809523809523,4
1,19530607,1953,greenacre_weighted_power_0175,4,2,BASILICATA,2,42,0.047619047619047616,2
0.125,19530607,1953,greenacre_weighted_power_0175,4,2,PIEMONTE,1,42,0.023809523809523808,8
0.75,19530607,1953,greenacre_weighted_power_0175,4,3,PIEMONTE,6,21,0.2857142857142857,8
0.3333333333333333,19530607,1953,greenacre_weighted_power_0175,4,3,LOMBARDIA,4,21,0.19047619047619047,12
0.75,19530607,1953,greenacre_weighted_power_0175,4,3,LIGURIA,3,21,0.14285714285714285,4
0.6,19530607,1953,greenacre_weighted_power_0175,4,3,MARCHE,3,21,0.14285714285714285,5
0.2,19530607,1953,greenacre_weighted_power_0175,4,3,TOSCANA,2,21,0.09523809523809523,10
0.1111111111111111,19530607,1953,greenacre_weighted_power_0175,4,3,EMILIA-ROMAGNA,1,21,0.047619047619047616,9
0.3333333333333333,19530607,1953,greenacre_weighted_power_0175,4,3,FRIULI-VENEZIA GIULIA,1,21,0.047619047619047616,3
0.14285714285714285,19530607,1953,greenacre_weighted_power_0175,4,3,VENETO,1,21,0.047619047619047616,7
0.8888888888888888,19530607,1953,greenacre_weighted_power_0175,4,4,EMILIA-ROMAGNA,8,23,0.34782608695652173,9
0.8,19530607,1953,greenacre_weighted_power_0175,4,4,TOSCANA,8,23,0.34782608695652173,10
0.4,19530607,1953,greenacre_weighted_power_0175,4,4,MARCHE,2,23,0.08695652173913043,5
1,19530607,1953,greenacre_weighted_power_0175,4,4,UMBRIA,2,23,0.08695652173913043,2
0.25,19530607,1953,greenacre_weighted_power_0175,4,4,LIGURIA,1,23,0.043478260869565216,4
0.08333333333333333,19530607,1953,greenacre_weighted_power_0175,4,4,LOMBARDIA,1,23,0.043478260869565216,12
0.14285714285714285,19530607,1953,greenacre_weighted_power_0175,4,4,VENETO,1,23,0.043478260869565216,7
1,19530607,1953,greenacre_weighted_power_0175,5,1,SARDEGNA,5,8,0.625,5
1,19530607,1953,greenacre_weighted_power_0175,5,1,MOLISE,2,8,0.25,2
0.2,19530607,1953,greenacre_weighted_power_0175,5,1,CAMPANIA,1,8,0.125,5
1,19530607,1953,greenacre_weighted_power_0175,5,2,SICILIA,9,36,0.25,9
1,19530607,1953,greenacre_weighted_power_0175,5,2,PUGLIA,6,36,0.16666666666666666,6
1,19530607,1953,greenacre_weighted_power_0175,5,2,CALABRIA,5,36,0.1388888888888889,5
1,19530607,1953,greenacre_weighted_power_0175,5,2,LAZIO,5,36,0.1388888888888889,5
1,19530607,1953,greenacre_weighted_power_0175,5,2,ABRUZZO,4,36,0.1111111111111111,4
0.8,19530607,1953,greenacre_weighted_power_0175,5,2,CAMPANIA,4,36,0.1111111111111111,5
1,19530607,1953,greenacre_weighted_power_0175,5,2,BASILICATA,2,36,0.05555555555555555,2
0.125,19530607,1953,greenacre_weighted_power_0175,5,2,PIEMONTE,1,36,0.027777777777777776,8
0.75,19530607,1953,greenacre_weighted_power_0175,5,3,PIEMONTE,6,19,0.3157894736842105,8
1,19530607,1953,greenacre_weighted_power_0175,5,3,LIGURIA,4,19,0.21052631578947367,4
0.3333333333333333,19530607,1953,greenacre_weighted_power_0175,5,3,LOMBARDIA,4,19,0.21052631578947367,12
0.2857142857142857,19530607,1953,greenacre_weighted_power_0175,5,3,VENETO,2,19,0.10526315789473684,7
0.1111111111111111,19530607,1953,greenacre_weighted_power_0175,5,3,EMILIA-ROMAGNA,1,19,0.05263157894736842,9
0.3333333333333333,19530607,1953,greenacre_weighted_power_0175,5,3,FRIULI-VENEZIA GIULIA,1,19,0.05263157894736842,3
0.2,19530607,1953,greenacre_weighted_power_0175,5,3,MARCHE,1,19,0.05263157894736842,5
0.9,19530607,1953,greenacre_weighted_power_0175,5,4,TOSCANA,9,23,0.391304347826087,10
0.8888888888888888,19530607,1953,greenacre_weighted_power_0175,5,4,EMILIA-ROMAGNA,8,23,0.34782608695652173,9
0.6,19530607,1953,greenacre_weighted_power_0175,5,4,MARCHE,3,23,0.13043478260869565,5
1,19530607,1953,greenacre_weighted_power_0175,5,4,UMBRIA,2,23,0.08695652173913043,2
0.08333333333333333,19530607,1953,greenacre_weighted_power_0175,5,4,LOMBARDIA,1,23,0.043478260869565216,12
0.5833333333333334,19530607,1953,greenacre_weighted_power_0175,5,5,LOMBARDIA,7,19,0.3684210526315789,12
0.7142857142857143,19530607,1953,greenacre_weighted_power_0175,5,5,VENETO,5,19,0.2631578947368421,7
0.6666666666666666,19530607,1953,greenacre_weighted_power_0175,5,5,FRIULI-VENEZIA GIULIA,2,19,0.10526315789473684,3
1,19530607,1953,greenacre_weighted_power_0175,5,5,TRENTINO-ALTO ADIGE/SÜDTIROL,2,19,0.10526315789473684,2
0.2,19530607,1953,greenacre_weighted_power_0175,5,5,MARCHE,1,19,0.05263157894736842,5
0.125,19530607,1953,greenacre_weighted_power_0175,5,5,PIEMONTE,1,19,0.05263157894736842,8
0.1,19530607,1953,greenacre_weighted_power_0175,5,5,TOSCANA,1,19,0.05263157894736842,10
0.5833333333333334,19530607,1953,greenacre_weighted_power_0175,6,1,LOMBARDIA,7,16,0.4375,12
0.7142857142857143,19530607,1953,greenacre_weighted_power_0175,6,1,VENETO,5,16,0.3125,7
0.6666666666666666,19530607,1953,greenacre_weighted_power_0175,6,1,FRIULI-VENEZIA GIULIA,2,16,0.125,3
0.125,19530607,1953,greenacre_weighted_power_0175,6,1,PIEMONTE,1,16,0.0625,8
0.5,19530607,1953,greenacre_weighted_power_0175,6,1,TRENTINO-ALTO ADIGE/SÜDTIROL,1,16,0.0625,2
0.8,19530607,1953,greenacre_weighted_power_0175,6,2,SARDEGNA,4,7,0.5714285714285714,5
1,19530607,1953,greenacre_weighted_power_0175,6,2,MOLISE,2,7,0.2857142857142857,2
0.5,19530607,1953,greenacre_weighted_power_0175,6,2,TRENTINO-ALTO ADIGE/SÜDTIROL,1,7,0.14285714285714285,2
0.8,19530607,1953,greenacre_weighted_power_0175,6,3,TOSCANA,8,20,0.4,10
0.7777777777777778,19530607,1953,greenacre_weighted_power_0175,6,3,EMILIA-ROMAGNA,7,20,0.35,9
0.6,19530607,1953,greenacre_weighted_power_0175,6,3,MARCHE,3,20,0.15,5
1,19530607,1953,greenacre_weighted_power_0175,6,3,UMBRIA,2,20,0.1,2
0.5555555555555556,19530607,1953,greenacre_weighted_power_0175,6,4,SICILIA,5,23,0.21739130434782608,9
0.8,19530607,1953,greenacre_weighted_power_0175,6,4,LAZIO,4,23,0.17391304347826086,5
0.75,19530607,1953,greenacre_weighted_power_0175,6,4,ABRUZZO,3,23,0.13043478260869565,4
0.5,19530607,1953,greenacre_weighted_power_0175,6,4,PUGLIA,3,23,0.13043478260869565,6
0.4,19530607,1953,greenacre_weighted_power_0175,6,4,CALABRIA,2,23,0.08695652173913043,5
0.4,19530607,1953,greenacre_weighted_power_0175,6,4,MARCHE,2,23,0.08695652173913043,5
0.2,19530607,1953,greenacre_weighted_power_0175,6,4,TOSCANA,2,23,0.08695652173913043,10
0.5,19530607,1953,greenacre_weighted_power_0175,6,4,BASILICATA,1,23,0.043478260869565216,2
0.3333333333333333,19530607,1953,greenacre_weighted_power_0175,6,4,FRIULI-VENEZIA GIULIA,1,23,0.043478260869565216,3
1,19530607,1953,greenacre_weighted_power_0175,6,5,CAMPANIA,5,20,0.25,5
0.4444444444444444,19530607,1953,greenacre_weighted_power_0175,6,5,SICILIA,4,20,0.2,9
0.6,19530607,1953,greenacre_weighted_power_0175,6,5,CALABRIA,3,20,0.15,5
0.5,19530607,1953,greenacre_weighted_power_0175,6,5,PUGLIA,3,20,0.15,6
0.25,19530607,1953,greenacre_weighted_power_0175,6,5,ABRUZZO,1,20,0.05,4
0.5,19530607,1953,greenacre_weighted_power_0175,6,5,BASILICATA,1,20,0.05,2
0.2,19530607,1953,greenacre_weighted_power_0175,6,5,LAZIO,1,20,0.05,5
0.125,19530607,1953,greenacre_weighted_power_0175,6,5,PIEMONTE,1,20,0.05,8
0.2,19530607,1953,greenacre_weighted_power_0175,6,5,SARDEGNA,1,20,0.05,5
0.75,19530607,1953,greenacre_weighted_power_0175,6,6,PIEMONTE,6,19,0.3157894736842105,8
0.4166666666666667,19530607,1953,greenacre_weighted_power_0175,6,6,LOMBARDIA,5,19,0.2631578947368421,12
1,19530607,1953,greenacre_weighted_power_0175,6,6,LIGURIA,4,19,0.21052631578947367,4
0.2222222222222222,19530607,1953,greenacre_weighted_power_0175,6,6,EMILIA-ROMAGNA,2,19,0.10526315789473684,9
0.2857142857142857,19530607,1953,greenacre_weighted_power_0175,6,6,VENETO,2,19,0.10526315789473684,7
0.6,19530607,1953,greenacre_weighted_power_0175,7,1,TOSCANA,6,14,0.42857142857142855,10
0.5555555555555556,19530607,1953,greenacre_weighted_power_0175,7,1,EMILIA-ROMAGNA,5,14,0.35714285714285715,9
0.08333333333333333,19530607,1953,greenacre_weighted_power_0175,7,1,LOMBARDIA,1,14,0.07142857142857142,12
0.2,19530607,1953,greenacre_weighted_power_0175,7,1,MARCHE,1,14,0.07142857142857142,5
0.14285714285714285,19530607,1953,greenacre_weighted_power_0175,7,1,VENETO,1,14,0.07142857142857142,7
1,19530607,1953,greenacre_weighted_power_0175,7,2,CAMPANIA,5,17,0.29411764705882354,5
0.4444444444444444,19530607,1953,greenacre_weighted_power_0175,7,2,SICILIA,4,17,0.23529411764705882,9
0.4,19530607,1953,greenacre_weighted_power_0175,7,2,CALABRIA,2,17,0.11764705882352941,5
0.25,19530607,1953,greenacre_weighted_power_0175,7,2,ABRUZZO,1,17,0.058823529411764705,4
0.5,19530607,1953,greenacre_weighted_power_0175,7,2,BASILICATA,1,17,0.058823529411764705,2
0.2,19530607,1953,greenacre_weighted_power_0175,7,2,LAZIO,1,17,0.058823529411764705,5
0.125,19530607,1953,greenacre_weighted_power_0175,7,2,PIEMONTE,1,17,0.058823529411764705,8
0.16666666666666666,19530607,1953,greenacre_weighted_power_0175,7,2,PUGLIA,1,17,0.058823529411764705,6
0.2,19530607,1953,greenacre_weighted_power_0175,7,2,SARDEGNA,1,17,0.058823529411764705,5
0.75,19530607,1953,greenacre_weighted_power_0175,7,3,PIEMONTE,6,15,0.4,8
0.3333333333333333,19530607,1953,greenacre_weighted_power_0175,7,3,LOMBARDIA,4,15,0.26666666666666666,12
0.75,19530607,1953,greenacre_weighted_power_0175,7,3,LIGURIA,3,15,0.2,4
0.1111111111111111,19530607,1953,greenacre_weighted_power_0175,7,3,EMILIA-ROMAGNA,1,15,0.06666666666666667,9
0.14285714285714285,19530607,1953,greenacre_weighted_power_0175,7,3,VENETO,1,15,0.06666666666666667,7
0.8333333333333334,19530607,1953,greenacre_weighted_power_0175,7,4,PUGLIA,5,15,0.3333333333333333,6
0.8,19530607,1953,greenacre_weighted_power_0175,7,4,SARDEGNA,4,15,0.26666666666666666,5
1,19530607,1953,greenacre_weighted_power_0175,7,4,MOLISE,2,15,0.13333333333333333,2
0.2222222222222222,19530607,1953,greenacre_weighted_power_0175,7,4,SICILIA,2,15,0.13333333333333333,9
0.5,19530607,1953,greenacre_weighted_power_0175,7,4,BASILICATA,1,15,0.06666666666666667,2
0.2,19530607,1953,greenacre_weighted_power_0175,7,4,CALABRIA,1,15,0.06666666666666667,5
0.8,19530607,1953,greenacre_weighted_power_0175,7,5,LAZIO,4,15,0.26666666666666666,5
0.75,19530607,1953,greenacre_weighted_power_0175,7,5,ABRUZZO,3,15,0.2,4
0.3333333333333333,19530607,1953,greenacre_weighted_power_0175,7,5,SICILIA,3,15,0.2,9
0.4,19530607,1953,greenacre_weighted_power_0175,7,5,CALABRIA,2,15,0.13333333333333333,5
0.3333333333333333,19530607,1953,greenacre_weighted_power_0175,7,5,FRIULI-VENEZIA GIULIA,1,15,0.06666666666666667,3
0.2,19530607,1953,greenacre_weighted_power_0175,7,5,MARCHE,1,15,0.06666666666666667,5
0.1,19530607,1953,greenacre_weighted_power_0175,7,5,TOSCANA,1,15,0.06666666666666667,10
0.5833333333333334,19530607,1953,greenacre_weighted_power_0175,7,6,LOMBARDIA,7,17,0.4117647058823529,12
0.7142857142857143,19530607,1953,greenacre_weighted_power_0175,7,6,VENETO,5,17,0.29411764705882354,7
0.6666666666666666,19530607,1953,greenacre_weighted_power_0175,7,6,FRIULI-VENEZIA GIULIA,2,17,0.11764705882352941,3
1,19530607,1953,greenacre_weighted_power_0175,7,6,TRENTINO-ALTO ADIGE/SÜDTIROL,2,17,0.11764705882352941,2
0.125,19530607,1953,greenacre_weighted_power_0175,7,6,PIEMONTE,1,17,0.058823529411764705,8
0.3333333333333333,19530607,1953,greenacre_weighted_power_0175,7,7,EMILIA-ROMAGNA,3,12,0.25,9
0.6,19530607,1953,greenacre_weighted_power_0175,7,7,MARCHE,3,12,0.25,5
0.3,19530607,1953,greenacre_weighted_power_0175,7,7,TOSCANA,3,12,0.25,10
1,19530607,1953,greenacre_weighted_power_0175,7,7,UMBRIA,2,12,0.16666666666666666,2
0.25,19530607,1953,greenacre_weighted_power_0175,7,7,LIGURIA,1,12,0.08333333333333333,4
0.5833333333333334,19530607,1953,greenacre_weighted_power_0175,8,1,LOMBARDIA,7,17,0.4117647058823529,12
0.7142857142857143,19530607,1953,greenacre_weighted_power_0175,8,1,VENETO,5,17,0.29411764705882354,7
0.6666666666666666,19530607,1953,greenacre_weighted_power_0175,8,1,FRIULI-VENEZIA GIULIA,2,17,0.11764705882352941,3
1,19530607,1953,greenacre_weighted_power_0175,8,1,TRENTINO-ALTO ADIGE/SÜDTIROL,2,17,0.11764705882352941,2
0.125,19530607,1953,greenacre_weighted_power_0175,8,1,PIEMONTE,1,17,0.058823529411764705,8
0.3333333333333333,19530607,1953,greenacre_weighted_power_0175,8,2,EMILIA-ROMAGNA,3,12,0.25,9
0.6,19530607,1953,greenacre_weighted_power_0175,8,2,MARCHE,3,12,0.25,5
0.3,19530607,1953,greenacre_weighted_power_0175,8,2,TOSCANA,3,12,0.25,10
1,19530607,1953,greenacre_weighted_power_0175,8,2,UMBRIA,2,12,0.16666666666666666,2
0.25,19530607,1953,greenacre_weighted_power_0175,8,2,LIGURIA,1,12,0.08333333333333333,4
0.75,19530607,1953,greenacre_weighted_power_0175,8,3,PIEMONTE,6,15,0.4,8
0.3333333333333333,19530607,1953,greenacre_weighted_power_0175,8,3,LOMBARDIA,4,15,0.26666666666666666,12
0.75,19530607,1953,greenacre_weighted_power_0175,8,3,LIGURIA,3,15,0.2,4
0.1111111111111111,19530607,1953,greenacre_weighted_power_0175,8,3,EMILIA-ROMAGNA,1,15,0.06666666666666667,9
0.14285714285714285,19530607,1953,greenacre_weighted_power_0175,8,3,VENETO,1,15,0.06666666666666667,7
0.8333333333333334,19530607,1953,greenacre_weighted_power_0175,8,4,PUGLIA,5,9,0.5555555555555556,6
0.2222222222222222,19530607,1953,greenacre_weighted_power_0175,8,4,SICILIA,2,9,0.2222222222222222,9
0.5,19530607,1953,greenacre_weighted_power_0175,8,4,BASILICATA,1,9,0.1111111111111111,2
0.2,19530607,1953,greenacre_weighted_power_0175,8,4,CALABRIA,1,9,0.1111111111111111,5
1,19530607,1953,greenacre_weighted_power_0175,8,5,CAMPANIA,5,16,0.3125,5
0.4444444444444444,19530607,1953,greenacre_weighted_power_0175,8,5,SICILIA,4,16,0.25,9
0.4,19530607,1953,greenacre_weighted_power_0175,8,5,CALABRIA,2,16,0.125,5
0.25,19530607,1953,greenacre_weighted_power_0175,8,5,ABRUZZO,1,16,0.0625,4
0.5,19530607,1953,greenacre_weighted_power_0175,8,5,BASILICATA,1,16,0.0625,2
0.2,19530607,1953,greenacre_weighted_power_0175,8,5,LAZIO,1,16,0.0625,5
0.125,19530607,1953,greenacre_weighted_power_0175,8,5,PIEMONTE,1,16,0.0625,8
0.16666666666666666,19530607,1953,greenacre_weighted_power_0175,8,5,PUGLIA,1,16,0.0625,6
0.6,19530607,1953,greenacre_weighted_power_0175,8,6,TOSCANA,6,14,0.42857142857142855,10
0.5555555555555556,19530607,1953,greenacre_weighted_power_0175,8,6,EMILIA-ROMAGNA,5,14,0.35714285714285715,9
0.08333333333333333,19530607,1953,greenacre_weighted_power_0175,8,6,LOMBARDIA,1,14,0.07142857142857142,12
0.2,19530607,1953,greenacre_weighted_power_0175,8,6,MARCHE,1,14,0.07142857142857142,5
0.14285714285714285,19530607,1953,greenacre_weighted_power_0175,8,6,VENETO,1,14,0.07142857142857142,7
0.8,19530607,1953,greenacre_weighted_power_0175,8,7,LAZIO,4,15,0.26666666666666666,5
0.75,19530607,1953,greenacre_weighted_power_0175,8,7,ABRUZZO,3,15,0.2,4
0.3333333333333333,19530607,1953,greenacre_weighted_power_0175,8,7,SICILIA,3,15,0.2,9
0.4,19530607,1953,greenacre_weighted_power_0175,8,7,CALABRIA,2,15,0.13333333333333333,5
0.3333333333333333,19530607,1953,greenacre_weighted_power_0175,8,7,FRIULI-VENEZIA GIULIA,1,15,0.06666666666666667,3
0.2,19530607,1953,greenacre_weighted_power_0175,8,7,MARCHE,1,15,0.06666666666666667,5
0.1,19530607,1953,greenacre_weighted_power_0175,8,7,TOSCANA,1,15,0.06666666666666667,10
1,19530607,1953,greenacre_weighted_power_0175,8,8,SARDEGNA,5,7,0.7142857142857143,5
1,19530607,1953,greenacre_weighted_power_0175,8,8,MOLISE,2,7,0.2857142857142857,2
0.8333333333333334,19580525,1958,greenacre_weighted_power_0175,2,1,LOMBARDIA,10,72,0.1388888888888889,12
1,19580525,1958,greenacre_weighted_power_0175,2,1,SICILIA,9,72,0.125,9
1,19580525,1958,greenacre_weighted_power_0175,2,1,PIEMONTE,8,72,0.1111111111111111,8
1,19580525,1958,greenacre_weighted_power_0175,2,1,CALABRIA,5,72,0.06944444444444445,5
1,19580525,1958,greenacre_weighted_power_0175,2,1,CAMPANIA,5,72,0.06944444444444445,5
1,19580525,1958,greenacre_weighted_power_0175,2,1,SARDEGNA,5,72,0.06944444444444445,5
1,19580525,1958,greenacre_weighted_power_0175,2,1,ABRUZZO,4,72,0.05555555555555555,4
1,19580525,1958,greenacre_weighted_power_0175,2,1,FRIULI-VENEZIA GIULIA,4,72,0.05555555555555555,4
0.8,19580525,1958,greenacre_weighted_power_0175,2,1,LAZIO,4,72,0.05555555555555555,5
1,19580525,1958,greenacre_weighted_power_0175,2,1,LIGURIA,4,72,0.05555555555555555,4
0.5714285714285714,19580525,1958,greenacre_weighted_power_0175,2,1,VENETO,4,72,0.05555555555555555,7
0.5,19580525,1958,greenacre_weighted_power_0175,2,1,PUGLIA,3,72,0.041666666666666664,6
1,19580525,1958,greenacre_weighted_power_0175,2,1,BASILICATA,2,72,0.027777777777777776,2
0.2,19580525,1958,greenacre_weighted_power_0175,2,1,TOSCANA,2,72,0.027777777777777776,10
1,19580525,1958,greenacre_weighted_power_0175,2,1,TRENTINO-ALTO ADIGE/SÜDTIROL,2,72,0.027777777777777776,2
0.1111111111111111,19580525,1958,greenacre_weighted_power_0175,2,1,EMILIA-ROMAGNA,1,72,0.013888888888888888,9
0.8888888888888888,19580525,1958,greenacre_weighted_power_0175,2,2,EMILIA-ROMAGNA,8,34,0.23529411764705882,9
0.8,19580525,1958,greenacre_weighted_power_0175,2,2,TOSCANA,8,34,0.23529411764705882,10
1,19580525,1958,greenacre_weighted_power_0175,2,2,MARCHE,5,34,0.14705882352941177,5
0.5,19580525,1958,greenacre_weighted_power_0175,2,2,PUGLIA,3,34,0.08823529411764706,6
0.42857142857142855,19580525,1958,greenacre_weighted_power_0175,2,2,VENETO,3,34,0.08823529411764706,7
0.16666666666666666,19580525,1958,greenacre_weighted_power_0175,2,2,LOMBARDIA,2,34,0.058823529411764705,12
1,19580525,1958,greenacre_weighted_power_0175,2,2,MOLISE,2,34,0.058823529411764705,2
1,19580525,1958,greenacre_weighted_power_0175,2,2,UMBRIA,2,34,0.058823529411764705,2
0.2,19580525,1958,greenacre_weighted_power_0175,2,2,LAZIO,1,34,0.029411764705882353,5
0.8888888888888888,19580525,1958,greenacre_weighted_power_0175,3,1,EMILIA-ROMAGNA,8,33,0.24242424242424243,9
0.8,19580525,1958,greenacre_weighted_power_0175,3,1,TOSCANA,8,33,0.24242424242424243,10
1,19580525,1958,greenacre_weighted_power_0175,3,1,MARCHE,5,33,0.15151515151515152,5
0.5,19580525,1958,greenacre_weighted_power_0175,3,1,PUGLIA,3,33,0.09090909090909091,6
0.16666666666666666,19580525,1958,greenacre_weighted_power_0175,3,1,LOMBARDIA,2,33,0.06060606060606061,12
1,19580525,1958,greenacre_weighted_power_0175,3,1,MOLISE,2,33,0.06060606060606061,2
1,19580525,1958,greenacre_weighted_power_0175,3,1,UMBRIA,2,33,0.06060606060606061,2
0.2857142857142857,19580525,1958,greenacre_weighted_power_0175,3,1,VENETO,2,33,0.06060606060606061,7
0.2,19580525,1958,greenacre_weighted_power_0175,3,1,LAZIO,1,33,0.030303030303030304,5
0.6666666666666666,19580525,1958,greenacre_weighted_power_0175,3,2,LOMBARDIA,8,30,0.26666666666666666,12
0.875,19580525,1958,greenacre_weighted_power_0175,3,2,PIEMONTE,7,30,0.23333333333333334,8
0.7142857142857143,19580525,1958,greenacre_weighted_power_0175,3,2,VENETO,5,30,0.16666666666666666,7
0.75,19580525,1958,greenacre_weighted_power_0175,3,2,FRIULI-VENEZIA GIULIA,3,30,0.1,4
0.75,19580525,1958,greenacre_weighted_power_0175,3,2,LIGURIA,3,30,0.1,4
1,19580525,1958,greenacre_weighted_power_0175,3,2,TRENTINO-ALTO ADIGE/SÜDTIROL,2,30,0.06666666666666667,2
0.1111111111111111,19580525,1958,greenacre_weighted_power_0175,3,2,EMILIA-ROMAGNA,1,30,0.03333333333333333,9
0.1,19580525,1958,greenacre_weighted_power_0175,3,2,TOSCANA,1,30,0.03333333333333333,10
1,19580525,1958,greenacre_weighted_power_0175,3,3,SICILIA,9,43,0.20930232558139536,9
1,19580525,1958,greenacre_weighted_power_0175,3,3,CALABRIA,5,43,0.11627906976744186,5
1,19580525,1958,greenacre_weighted_power_0175,3,3,CAMPANIA,5,43,0.11627906976744186,5
1,19580525,1958,greenacre_weighted_power_0175,3,3,SARDEGNA,5,43,0.11627906976744186,5
1,19580525,1958,greenacre_weighted_power_0175,3,3,ABRUZZO,4,43,0.09302325581395349,4
0.8,19580525,1958,greenacre_weighted_power_0175,3,3,LAZIO,4,43,0.09302325581395349,5
0.5,19580525,1958,greenacre_weighted_power_0175,3,3,PUGLIA,3,43,0.06976744186046512,6
1,19580525,1958,greenacre_weighted_power_0175,3,3,BASILICATA,2,43,0.046511627906976744,2
0.16666666666666666,19580525,1958,greenacre_weighted_power_0175,3,3,LOMBARDIA,2,43,0.046511627906976744,12
0.25,19580525,1958,greenacre_weighted_power_0175,3,3,FRIULI-VENEZIA GIULIA,1,43,0.023255813953488372,4
0.25,19580525,1958,greenacre_weighted_power_0175,3,3,LIGURIA,1,43,0.023255813953488372,4
0.125,19580525,1958,greenacre_weighted_power_0175,3,3,PIEMONTE,1,43,0.023255813953488372,8
0.1,19580525,1958,greenacre_weighted_power_0175,3,3,TOSCANA,1,43,0.023255813953488372,10
1,19580525,1958,greenacre_weighted_power_0175,4,1,SICILIA,9,38,0.23684210526315788,9
1,19580525,1958,greenacre_weighted_power_0175,4,1,CALABRIA,5,38,0.13157894736842105,5
1,19580525,1958,greenacre_weighted_power_0175,4,1,CAMPANIA,5,38,0.13157894736842105,5
1,19580525,1958,greenacre_weighted_power_0175,4,1,SARDEGNA,5,38,0.13157894736842105,5
1,19580525,1958,greenacre_weighted_power_0175,4,1,ABRUZZO,4,38,0.10526315789473684,4
0.8,19580525,1958,greenacre_weighted_power_0175,4,1,LAZIO,4,38,0.10526315789473684,5
0.5,19580525,1958,greenacre_weighted_power_0175,4,1,PUGLIA,3,38,0.07894736842105263,6
1,19580525,1958,greenacre_weighted_power_0175,4,1,BASILICATA,2,38,0.05263157894736842,2
0.25,19580525,1958,greenacre_weighted_power_0175,4,1,FRIULI-VENEZIA GIULIA,1,38,0.02631578947368421,4
0.5555555555555556,19580525,1958,greenacre_weighted_power_0175,4,2,EMILIA-ROMAGNA,5,24,0.20833333333333334,9
1,19580525,1958,greenacre_weighted_power_0175,4,2,MARCHE,5,24,0.20833333333333334,5
0.5,19580525,1958,greenacre_weighted_power_0175,4,2,PUGLIA,3,24,0.125,6
0.3,19580525,1958,greenacre_weighted_power_0175,4,2,TOSCANA,3,24,0.125,10
0.16666666666666666,19580525,1958,greenacre_weighted_power_0175,4,2,LOMBARDIA,2,24,0.08333333333333333,12
1,19580525,1958,greenacre_weighted_power_0175,4,2,MOLISE,2,24,0.08333333333333333,2
1,19580525,1958,greenacre_weighted_power_0175,4,2,UMBRIA,2,24,0.08333333333333333,2
0.2,19580525,1958,greenacre_weighted_power_0175,4,2,LAZIO,1,24,0.041666666666666664,5
0.14285714285714285,19580525,1958,greenacre_weighted_power_0175,4,2,VENETO,1,24,0.041666666666666664,7
0.5833333333333334,19580525,1958,greenacre_weighted_power_0175,4,3,LOMBARDIA,7,21,0.3333333333333333,12
0.7142857142857143,19580525,1958,greenacre_weighted_power_0175,4,3,VENETO,5,21,0.23809523809523808,7
0.75,19580525,1958,greenacre_weighted_power_0175,4,3,FRIULI-VENEZIA GIULIA,3,21,0.14285714285714285,4
0.25,19580525,1958,greenacre_weighted_power_0175,4,3,PIEMONTE,2,21,0.09523809523809523,8
1,19580525,1958,greenacre_weighted_power_0175,4,3,TRENTINO-ALTO ADIGE/SÜDTIROL,2,21,0.09523809523809523,2
0.25,19580525,1958,greenacre_weighted_power_0175,4,3,LIGURIA,1,21,0.047619047619047616,4
0.1,19580525,1958,greenacre_weighted_power_0175,4,3,TOSCANA,1,21,0.047619047619047616,10
0.75,19580525,1958,greenacre_weighted_power_0175,4,4,PIEMONTE,6,23,0.2608695652173913,8
0.6,19580525,1958,greenacre_weighted_power_0175,4,4,TOSCANA,6,23,0.2608695652173913,10
0.4444444444444444,19580525,1958,greenacre_weighted_power_0175,4,4,EMILIA-ROMAGNA,4,23,0.17391304347826086,9
0.75,19580525,1958,greenacre_weighted_power_0175,4,4,LIGURIA,3,23,0.13043478260869565,4
0.25,19580525,1958,greenacre_weighted_power_0175,4,4,LOMBARDIA,3,23,0.13043478260869565,12
0.14285714285714285,19580525,1958,greenacre_weighted_power_0175,4,4,VENETO,1,23,0.043478260869565216,7
0.5555555555555556,19580525,1958,greenacre_weighted_power_0175,5,1,EMILIA-ROMAGNA,5,24,0.20833333333333334,9
1,19580525,1958,greenacre_weighted_power_0175,5,1,MARCHE,5,24,0.20833333333333334,5
0.5,19580525,1958,greenacre_weighted_power_0175,5,1,PUGLIA,3,24,0.125,6
0.3,19580525,1958,greenacre_weighted_power_0175,5,1,TOSCANA,3,24,0.125,10
0.16666666666666666,19580525,1958,greenacre_weighted_power_0175,5,1,LOMBARDIA,2,24,0.08333333333333333,12
1,19580525,1958,greenacre_weighted_power_0175,5,1,MOLISE,2,24,0.08333333333333333,2
1,19580525,1958,greenacre_weighted_power_0175,5,1,UMBRIA,2,24,0.08333333333333333,2
0.2,19580525,1958,greenacre_weighted_power_0175,5,1,LAZIO,1,24,0.041666666666666664,5
0.14285714285714285,19580525,1958,greenacre_weighted_power_0175,5,1,VENETO,1,24,0.041666666666666664,7
0.5,19580525,1958,greenacre_weighted_power_0175,5,2,TOSCANA,5,11,0.45454545454545453,10
0.4444444444444444,19580525,1958,greenacre_weighted_power_0175,5,2,EMILIA-ROMAGNA,4,11,0.36363636363636365,9
0.25,19580525,1958,greenacre_weighted_power_0175,5,2,LIGURIA,1,11,0.09090909090909091,4
0.14285714285714285,19580525,1958,greenacre_weighted_power_0175,5,2,VENETO,1,11,0.09090909090909091,7
1,19580525,1958,greenacre_weighted_power_0175,5,3,SICILIA,9,36,0.25,9
1,19580525,1958,greenacre_weighted_power_0175,5,3,CALABRIA,5,36,0.1388888888888889,5
1,19580525,1958,greenacre_weighted_power_0175,5,3,CAMPANIA,5,36,0.1388888888888889,5
1,19580525,1958,greenacre_weighted_power_0175,5,3,ABRUZZO,4,36,0.1111111111111111,4
0.8,19580525,1958,greenacre_weighted_power_0175,5,3,LAZIO,4,36,0.1111111111111111,5
0.8,19580525,1958,greenacre_weighted_power_0175,5,3,SARDEGNA,4,36,0.1111111111111111,5
0.5,19580525,1958,greenacre_weighted_power_0175,5,3,PUGLIA,3,36,0.08333333333333333,6
1,19580525,1958,greenacre_weighted_power_0175,5,3,BASILICATA,2,36,0.05555555555555555,2
0.5833333333333334,19580525,1958,greenacre_weighted_power_0175,5,4,LOMBARDIA,7,18,0.3888888888888889,12
0.7142857142857143,19580525,1958,greenacre_weighted_power_0175,5,4,VENETO,5,18,0.2777777777777778,7
0.5,19580525,1958,greenacre_weighted_power_0175,5,4,FRIULI-VENEZIA GIULIA,2,18,0.1111111111111111,4
0.25,19580525,1958,greenacre_weighted_power_0175,5,4,LIGURIA,1,18,0.05555555555555555,4
0.125,19580525,1958,greenacre_weighted_power_0175,5,4,PIEMONTE,1,18,0.05555555555555555,8
0.1,19580525,1958,greenacre_weighted_power_0175,5,4,TOSCANA,1,18,0.05555555555555555,10
0.5,19580525,1958,greenacre_weighted_power_0175,5,4,TRENTINO-ALTO ADIGE/SÜDTIROL,1,18,0.05555555555555555,2
0.875,19580525,1958,greenacre_weighted_power_0175,5,5,PIEMONTE,7,17,0.4117647058823529,8
0.25,19580525,1958,greenacre_weighted_power_0175,5,5,LOMBARDIA,3,17,0.17647058823529413,12
0.5,19580525,1958,greenacre_weighted_power_0175,5,5,FRIULI-VENEZIA GIULIA,2,17,0.11764705882352941,4
0.5,19580525,1958,greenacre_weighted_power_0175,5,5,LIGURIA,2,17,0.11764705882352941,4
0.2,19580525,1958,greenacre_weighted_power_0175,5,5,SARDEGNA,1,17,0.058823529411764705,5
0.1,19580525,1958,greenacre_weighted_power_0175,5,5,TOSCANA,1,17,0.058823529411764705,10
0.5,19580525,1958,greenacre_weighted_power_0175,5,5,TRENTINO-ALTO ADIGE/SÜDTIROL,1,17,0.058823529411764705,2
0.5833333333333334,19580525,1958,greenacre_weighted_power_0175,6,1,LOMBARDIA,7,17,0.4117647058823529,12
0.5714285714285714,19580525,1958,greenacre_weighted_power_0175,6,1,VENETO,4,17,0.23529411764705882,7
0.5,19580525,1958,greenacre_weighted_power_0175,6,1,FRIULI-VENEZIA GIULIA,2,17,0.11764705882352941,4
0.25,19580525,1958,greenacre_weighted_power_0175,6,1,LIGURIA,1,17,0.058823529411764705,4
0.125,19580525,1958,greenacre_weighted_power_0175,6,1,PIEMONTE,1,17,0.058823529411764705,8
0.1,19580525,1958,greenacre_weighted_power_0175,6,1,TOSCANA,1,17,0.058823529411764705,10
0.5,19580525,1958,greenacre_weighted_power_0175,6,1,TRENTINO-ALTO ADIGE/SÜDTIROL,1,17,0.058823529411764705,2
0.6,19580525,1958,greenacre_weighted_power_0175,6,2,MARCHE,3,11,0.2727272727272727,5
0.5,19580525,1958,greenacre_weighted_power_0175,6,2,PUGLIA,3,11,0.2727272727272727,6
1,19580525,1958,greenacre_weighted_power_0175,6,2,MOLISE,2,11,0.18181818181818182,2
0.2857142857142857,19580525,1958,greenacre_weighted_power_0175,6,2,VENETO,2,11,0.18181818181818182,7
0.2,19580525,1958,greenacre_weighted_power_0175,6,2,LAZIO,1,11,0.09090909090909091,5
0.5,19580525,1958,greenacre_weighted_power_0175,6,3,TOSCANA,5,12,0.4166666666666667,10
0.4444444444444444,19580525,1958,greenacre_weighted_power_0175,6,3,EMILIA-ROMAGNA,4,12,0.3333333333333333,9
0.2,19580525,1958,greenacre_weighted_power_0175,6,3,CALABRIA,1,12,0.08333333333333333,5
0.25,19580525,1958,greenacre_weighted_power_0175,6,3,LIGURIA,1,12,0.08333333333333333,4
0.14285714285714285,19580525,1958,greenacre_weighted_power_0175,6,3,VENETO,1,12,0.08333333333333333,7
0.875,19580525,1958,greenacre_weighted_power_0175,6,4,PIEMONTE,7,17,0.4117647058823529,8
0.25,19580525,1958,greenacre_weighted_power_0175,6,4,LOMBARDIA,3,17,0.17647058823529413,12
0.5,19580525,1958,greenacre_weighted_power_0175,6,4,FRIULI-VENEZIA GIULIA,2,17,0.11764705882352941,4
0.5,19580525,1958,greenacre_weighted_power_0175,6,4,LIGURIA,2,17,0.11764705882352941,4
0.2,19580525,1958,greenacre_weighted_power_0175,6,4,SARDEGNA,1,17,0.058823529411764705,5
0.1,19580525,1958,greenacre_weighted_power_0175,6,4,TOSCANA,1,17,0.058823529411764705,10
0.5,19580525,1958,greenacre_weighted_power_0175,6,4,TRENTINO-ALTO ADIGE/SÜDTIROL,1,17,0.058823529411764705,2
1,19580525,1958,greenacre_weighted_power_0175,6,5,SICILIA,9,35,0.2571428571428571,9
1,19580525,1958,greenacre_weighted_power_0175,6,5,CAMPANIA,5,35,0.14285714285714285,5
1,19580525,1958,greenacre_weighted_power_0175,6,5,ABRUZZO,4,35,0.11428571428571428,4
0.8,19580525,1958,greenacre_weighted_power_0175,6,5,CALABRIA,4,35,0.11428571428571428,5
0.8,19580525,1958,greenacre_weighted_power_0175,6,5,LAZIO,4,35,0.11428571428571428,5
0.8,19580525,1958,greenacre_weighted_power_0175,6,5,SARDEGNA,4,35,0.11428571428571428,5
0.5,19580525,1958,greenacre_weighted_power_0175,6,5,PUGLIA,3,35,0.08571428571428572,6
1,19580525,1958,greenacre_weighted_power_0175,6,5,BASILICATA,2,35,0.05714285714285714,2
0.5555555555555556,19580525,1958,greenacre_weighted_power_0175,6,6,EMILIA-ROMAGNA,5,14,0.35714285714285715,9
0.3,19580525,1958,greenacre_weighted_power_0175,6,6,TOSCANA,3,14,0.21428571428571427,10
0.16666666666666666,19580525,1958,greenacre_weighted_power_0175,6,6,LOMBARDIA,2,14,0.14285714285714285,12
0.4,19580525,1958,greenacre_weighted_power_0175,6,6,MARCHE,2,14,0.14285714285714285,5
1,19580525,1958,greenacre_weighted_power_0175,6,6,UMBRIA,2,14,0.14285714285714285,2
0.5,19580525,1958,greenacre_weighted_power_0175,7,1,TOSCANA,5,11,0.45454545454545453,10
0.4444444444444444,19580525,1958,greenacre_weighted_power_0175,7,1,EMILIA-ROMAGNA,4,11,0.36363636363636365,9
0.25,19580525,1958,greenacre_weighted_power_0175,7,1,LIGURIA,1,11,0.09090909090909091,4
0.14285714285714285,19580525,1958,greenacre_weighted_power_0175,7,1,VENETO,1,11,0.09090909090909091,7
0.75,19580525,1958,greenacre_weighted_power_0175,7,2,PIEMONTE,6,14,0.42857142857142855,8
0.25,19580525,1958,greenacre_weighted_power_0175,7,2,LOMBARDIA,3,14,0.21428571428571427,12
0.5,19580525,1958,greenacre_weighted_power_0175,7,2,LIGURIA,2,14,0.14285714285714285,4
0.25,19580525,1958,greenacre_weighted_power_0175,7,2,FRIULI-VENEZIA GIULIA,1,14,0.07142857142857142,4
0.2,19580525,1958,greenacre_weighted_power_0175,7,2,SARDEGNA,1,14,0.07142857142857142,5
0.1,19580525,1958,greenacre_weighted_power_0175,7,2,TOSCANA,1,14,0.07142857142857142,10
0.5,19580525,1958,greenacre_weighted_power_0175,7,3,FRIULI-VENEZIA GIULIA,2,11,0.18181818181818182,4
0.16666666666666666,19580525,1958,greenacre_weighted_power_0175,7,3,LOMBARDIA,2,11,0.18181818181818182,12
0.25,19580525,1958,greenacre_weighted_power_0175,7,3,PIEMONTE,2,11,0.18181818181818182,8
0.4,19580525,1958,greenacre_weighted_power_0175,7,3,SARDEGNA,2,11,0.18181818181818182,5
1,19580525,1958,greenacre_weighted_power_0175,7,3,TRENTINO-ALTO ADIGE/SÜDTIROL,2,11,0.18181818181818182,2
0.14285714285714285,19580525,1958,greenacre_weighted_power_0175,7,3,VENETO,1,11,0.09090909090909091,7
0.4166666666666667,19580525,1958,greenacre_weighted_power_0175,7,4,LOMBARDIA,5,11,0.45454545454545453,12
0.42857142857142855,19580525,1958,greenacre_weighted_power_0175,7,4,VENETO,3,11,0.2727272727272727,7
0.25,19580525,1958,greenacre_weighted_power_0175,7,4,FRIULI-VENEZIA GIULIA,1,11,0.09090909090909091,4
0.25,19580525,1958,greenacre_weighted_power_0175,7,4,LIGURIA,1,11,0.09090909090909091,4
0.1,19580525,1958,greenacre_weighted_power_0175,7,4,TOSCANA,1,11,0.09090909090909091,10
0.5555555555555556,19580525,1958,greenacre_weighted_power_0175,7,5,EMILIA-ROMAGNA,5,14,0.35714285714285715,9
0.3,19580525,1958,greenacre_weighted_power_0175,7,5,TOSCANA,3,14,0.21428571428571427,10
0.16666666666666666,19580525,1958,greenacre_weighted_power_0175,7,5,LOMBARDIA,2,14,0.14285714285714285,12
0.4,19580525,1958,greenacre_weighted_power_0175,7,5,MARCHE,2,14,0.14285714285714285,5
1,19580525,1958,greenacre_weighted_power_0175,7,5,UMBRIA,2,14,0.14285714285714285,2
1,19580525,1958,greenacre_weighted_power_0175,7,6,SICILIA,9,34,0.2647058823529412,9
1,19580525,1958,greenacre_weighted_power_0175,7,6,CALABRIA,5,34,0.14705882352941177,5
1,19580525,1958,greenacre_weighted_power_0175,7,6,CAMPANIA,5,34,0.14705882352941177,5
1,19580525,1958,greenacre_weighted_power_0175,7,6,ABRUZZO,4,34,0.11764705882352941,4
0.8,19580525,1958,greenacre_weighted_power_0175,7,6,LAZIO,4,34,0.11764705882352941,5
0.5,19580525,1958,greenacre_weighted_power_0175,7,6,PUGLIA,3,34,0.08823529411764706,6
1,19580525,1958,greenacre_weighted_power_0175,7,6,BASILICATA,2,34,0.058823529411764705,2
0.4,19580525,1958,greenacre_weighted_power_0175,7,6,SARDEGNA,2,34,0.058823529411764705,5
0.6,19580525,1958,greenacre_weighted_power_0175,7,7,MARCHE,3,11,0.2727272727272727,5
0.5,19580525,1958,greenacre_weighted_power_0175,7,7,PUGLIA,3,11,0.2727272727272727,6
1,19580525,1958,greenacre_weighted_power_0175,7,7,MOLISE,2,11,0.18181818181818182,2
0.2857142857142857,19580525,1958,greenacre_weighted_power_0175,7,7,VENETO,2,11,0.18181818181818182,7
0.2,19580525,1958,greenacre_weighted_power_0175,7,7,LAZIO,1,11,0.09090909090909091,5
0.4166666666666667,19580525,1958,greenacre_weighted_power_0175,8,1,LOMBARDIA,5,10,0.5,12
0.2857142857142857,19580525,1958,greenacre_weighted_power_0175,8,1,VENETO,2,10,0.2,7
0.25,19580525,1958,greenacre_weighted_power_0175,8,1,FRIULI-VENEZIA GIULIA,1,10,0.1,4
0.25,19580525,1958,greenacre_weighted_power_0175,8,1,LIGURIA,1,10,0.1,4
0.1,19580525,1958,greenacre_weighted_power_0175,8,1,TOSCANA,1,10,0.1,10
0.5,19580525,1958,greenacre_weighted_power_0175,8,2,FRIULI-VENEZIA GIULIA,2,10,0.2,4
0.16666666666666666,19580525,1958,greenacre_weighted_power_0175,8,2,LOMBARDIA,2,10,0.2,12
0.25,19580525,1958,greenacre_weighted_power_0175,8,2,PIEMONTE,2,10,0.2,8
1,19580525,1958,greenacre_weighted_power_0175,8,2,TRENTINO-ALTO ADIGE/SÜDTIROL,2,10,0.2,2
0.2857142857142857,19580525,1958,greenacre_weighted_power_0175,8,2,VENETO,2,10,0.2,7
0.75,19580525,1958,greenacre_weighted_power_0175,8,3,PIEMONTE,6,13,0.46153846153846156,8
0.25,19580525,1958,greenacre_weighted_power_0175,8,3,LOMBARDIA,3,13,0.23076923076923078,12
0.5,19580525,1958,greenacre_weighted_power_0175,8,3,LIGURIA,2,13,0.15384615384615385,4
0.2,19580525,1958,greenacre_weighted_power_0175,8,3,SARDEGNA,1,13,0.07692307692307693,5
0.1,19580525,1958,greenacre_weighted_power_0175,8,3,TOSCANA,1,13,0.07692307692307693,10
0.8,19580525,1958,greenacre_weighted_power_0175,8,4,SARDEGNA,4,12,0.3333333333333333,5
1,19580525,1958,greenacre_weighted_power_0175,8,4,BASILICATA,2,12,0.16666666666666666,2
0.4,19580525,1958,greenacre_weighted_power_0175,8,4,CAMPANIA,2,12,0.16666666666666666,5
0.16666666666666666,19580525,1958,greenacre_weighted_power_0175,8,4,LOMBARDIA,2,12,0.16666666666666666,12
0.25,19580525,1958,greenacre_weighted_power_0175,8,4,FRIULI-VENEZIA GIULIA,1,12,0.08333333333333333,4
0.2,19580525,1958,greenacre_weighted_power_0175,8,4,LAZIO,1,12,0.08333333333333333,5
0.6,19580525,1958,greenacre_weighted_power_0175,8,5,MARCHE,3,11,0.2727272727272727,5
0.5,19580525,1958,greenacre_weighted_power_0175,8,5,PUGLIA,3,11,0.2727272727272727,6
1,19580525,1958,greenacre_weighted_power_0175,8,5,MOLISE,2,11,0.18181818181818182,2
0.2857142857142857,19580525,1958,greenacre_weighted_power_0175,8,5,VENETO,2,11,0.18181818181818182,7
0.2,19580525,1958,greenacre_weighted_power_0175,8,5,LAZIO,1,11,0.09090909090909091,5
0.5555555555555556,19580525,1958,greenacre_weighted_power_0175,8,6,EMILIA-ROMAGNA,5,12,0.4166666666666667,9
0.3,19580525,1958,greenacre_weighted_power_0175,8,6,TOSCANA,3,12,0.25,10
0.4,19580525,1958,greenacre_weighted_power_0175,8,6,MARCHE,2,12,0.16666666666666666,5
1,19580525,1958,greenacre_weighted_power_0175,8,6,UMBRIA,2,12,0.16666666666666666,2
0.5,19580525,1958,greenacre_weighted_power_0175,8,7,TOSCANA,5,11,0.45454545454545453,10
0.4444444444444444,19580525,1958,greenacre_weighted_power_0175,8,7,EMILIA-ROMAGNA,4,11,0.36363636363636365,9
0.25,19580525,1958,greenacre_weighted_power_0175,8,7,LIGURIA,1,11,0.09090909090909091,4
0.14285714285714285,19580525,1958,greenacre_weighted_power_0175,8,7,VENETO,1,11,0.09090909090909091,7
1,19580525,1958,greenacre_weighted_power_0175,8,8,SICILIA,9,27,0.3333333333333333,9
1,19580525,1958,greenacre_weighted_power_0175,8,8,CALABRIA,5,27,0.18518518518518517,5
1,19580525,1958,greenacre_weighted_power_0175,8,8,ABRUZZO,4,27,0.14814814814814814,4
0.6,19580525,1958,greenacre_weighted_power_0175,8,8,CAMPANIA,3,27,0.1111111111111111,5
0.6,19580525,1958,greenacre_weighted_power_0175,8,8,LAZIO,3,27,0.1111111111111111,5
0.5,19580525,1958,greenacre_weighted_power_0175,8,8,PUGLIA,3,27,0.1111111111111111,6
1,19630428,1963,greenacre_weighted_power_0175,2,1,EMILIA-ROMAGNA,9,80,0.1125,9
1,19630428,1963,greenacre_weighted_power_0175,2,1,SICILIA,9,80,0.1125,9
0.5833333333333334,19630428,1963,greenacre_weighted_power_0175,2,1,LOMBARDIA,7,80,0.0875,12
0.875,19630428,1963,greenacre_weighted_power_0175,2,1,PIEMONTE,7,80,0.0875,8
1,19630428,1963,greenacre_weighted_power_0175,2,1,PUGLIA,6,80,0.075,6
0.6,19630428,1963,greenacre_weighted_power_0175,2,1,TOSCANA,6,80,0.075,10
1,19630428,1963,greenacre_weighted_power_0175,2,1,CALABRIA,5,80,0.0625,5
1,19630428,1963,greenacre_weighted_power_0175,2,1,CAMPANIA,5,80,0.0625,5
1,19630428,1963,greenacre_weighted_power_0175,2,1,LAZIO,5,80,0.0625,5
1,19630428,1963,greenacre_weighted_power_0175,2,1,SARDEGNA,5,80,0.0625,5
1,19630428,1963,greenacre_weighted_power_0175,2,1,ABRUZZO,4,80,0.05,4
1,19630428,1963,greenacre_weighted_power_0175,2,1,LIGURIA,4,80,0.05,4
1,19630428,1963,greenacre_weighted_power_0175,2,1,BASILICATA,2,80,0.025,2
1,19630428,1963,greenacre_weighted_power_0175,2,1,UMBRIA,2,80,0.025,2
0.2857142857142857,19630428,1963,greenacre_weighted_power_0175,2,1,VENETO,2,80,0.025,7
0.25,19630428,1963,greenacre_weighted_power_0175,2,1,FRIULI-VENEZIA GIULIA,1,80,0.0125,4
0.5,19630428,1963,greenacre_weighted_power_0175,2,1,TRENTINO-ALTO ADIGE/SÜDTIROL,1,80,0.0125,2
0.4166666666666667,19630428,1963,greenacre_weighted_power_0175,2,2,LOMBARDIA,5,26,0.19230769230769232,12
1,19630428,1963,greenacre_weighted_power_0175,2,2,MARCHE,5,26,0.19230769230769232,5
0.7142857142857143,19630428,1963,greenacre_weighted_power_0175,2,2,VENETO,5,26,0.19230769230769232,7
0.4,19630428,1963,greenacre_weighted_power_0175,2,2,TOSCANA,4,26,0.15384615384615385,10
0.75,19630428,1963,greenacre_weighted_power_0175,2,2,FRIULI-VENEZIA GIULIA,3,26,0.11538461538461539,4
1,19630428,1963,greenacre_weighted_power_0175,2,2,MOLISE,2,26,0.07692307692307693,2
0.125,19630428,1963,greenacre_weighted_power_0175,2,2,PIEMONTE,1,26,0.038461538461538464,8
0.5,19630428,1963,greenacre_weighted_power_0175,2,2,TRENTINO-ALTO ADIGE/SÜDTIROL,1,26,0.038461538461538464,2
1,19630428,1963,greenacre_weighted_power_0175,3,1,MARCHE,5,19,0.2631578947368421,5
0.3333333333333333,19630428,1963,greenacre_weighted_power_0175,3,1,LOMBARDIA,4,19,0.21052631578947367,12
0.4,19630428,1963,greenacre_weighted_power_0175,3,1,TOSCANA,4,19,0.21052631578947367,10
0.75,19630428,1963,greenacre_weighted_power_0175,3,1,FRIULI-VENEZIA GIULIA,3,19,0.15789473684210525,4
1,19630428,1963,greenacre_weighted_power_0175,3,1,MOLISE,2,19,0.10526315789473684,2
0.14285714285714285,19630428,1963,greenacre_weighted_power_0175,3,1,VENETO,1,19,0.05263157894736842,7
1,19630428,1963,greenacre_weighted_power_0175,3,2,SICILIA,9,53,0.16981132075471697,9
1,19630428,1963,greenacre_weighted_power_0175,3,2,CAMPANIA,5,53,0.09433962264150944,5
1,19630428,1963,greenacre_weighted_power_0175,3,2,LAZIO,5,53,0.09433962264150944,5
0.8333333333333334,19630428,1963,greenacre_weighted_power_0175,3,2,PUGLIA,5,53,0.09433962264150944,6
1,19630428,1963,greenacre_weighted_power_0175,3,2,SARDEGNA,5,53,0.09433962264150944,5
1,19630428,1963,greenacre_weighted_power_0175,3,2,ABRUZZO,4,53,0.07547169811320754,4
0.8,19630428,1963,greenacre_weighted_power_0175,3,2,CALABRIA,4,53,0.07547169811320754,5
0.3333333333333333,19630428,1963,greenacre_weighted_power_0175,3,2,LOMBARDIA,4,53,0.07547169811320754,12
0.5714285714285714,19630428,1963,greenacre_weighted_power_0175,3,2,VENETO,4,53,0.07547169811320754,7
1,19630428,1963,greenacre_weighted_power_0175,3,2,BASILICATA,2,53,0.03773584905660377,2
0.25,19630428,1963,greenacre_weighted_power_0175,3,2,PIEMONTE,2,53,0.03773584905660377,8
1,19630428,1963,greenacre_weighted_power_0175,3,2,TRENTINO-ALTO ADIGE/SÜDTIROL,2,53,0.03773584905660377,2
0.25,19630428,1963,greenacre_weighted_power_0175,3,2,FRIULI-VENEZIA GIULIA,1,53,0.018867924528301886,4
0.25,19630428,1963,greenacre_weighted_power_0175,3,2,LIGURIA,1,53,0.018867924528301886,4
1,19630428,1963,greenacre_weighted_power_0175,3,3,EMILIA-ROMAGNA,9,34,0.2647058823529412,9
0.75,19630428,1963,greenacre_weighted_power_0175,3,3,PIEMONTE,6,34,0.17647058823529413,8
0.6,19630428,1963,greenacre_weighted_power_0175,3,3,TOSCANA,6,34,0.17647058823529413,10
0.3333333333333333,19630428,1963,greenacre_weighted_power_0175,3,3,LOMBARDIA,4,34,0.11764705882352941,12
0.75,19630428,1963,greenacre_weighted_power_0175,3,3,LIGURIA,3,34,0.08823529411764706,4
1,19630428,1963,greenacre_weighted_power_0175,3,3,UMBRIA,2,34,0.058823529411764705,2
0.2857142857142857,19630428,1963,greenacre_weighted_power_0175,3,3,VENETO,2,34,0.058823529411764705,7
0.2,19630428,1963,greenacre_weighted_power_0175,3,3,CALABRIA,1,34,0.029411764705882353,5
0.16666666666666666,19630428,1963,greenacre_weighted_power_0175,3,3,PUGLIA,1,34,0.029411764705882353,6
1,19630428,1963,greenacre_weighted_power_0175,4,1,SICILIA,9,42,0.21428571428571427,9
1,19630428,1963,greenacre_weighted_power_0175,4,1,PUGLIA,6,42,0.14285714285714285,6
1,19630428,1963,greenacre_weighted_power_0175,4,1,CALABRIA,5,42,0.11904761904761904,5
1,19630428,1963,greenacre_weighted_power_0175,4,1,CAMPANIA,5,42,0.11904761904761904,5
1,19630428,1963,greenacre_weighted_power_0175,4,1,LAZIO,5,42,0.11904761904761904,5
1,19630428,1963,greenacre_weighted_power_0175,4,1,SARDEGNA,5,42,0.11904761904761904,5
1,19630428,1963,greenacre_weighted_power_0175,4,1,ABRUZZO,4,42,0.09523809523809523,4
1,19630428,1963,greenacre_weighted_power_0175,4,1,BASILICATA,2,42,0.047619047619047616,2
0.25,19630428,1963,greenacre_weighted_power_0175,4,1,FRIULI-VENEZIA GIULIA,1,42,0.023809523809523808,4
0.5,19630428,1963,greenacre_weighted_power_0175,4,2,LOMBARDIA,6,14,0.42857142857142855,12
0.5714285714285714,19630428,1963,greenacre_weighted_power_0175,4,2,VENETO,4,14,0.2857142857142857,7
0.25,19630428,1963,greenacre_weighted_power_0175,4,2,PIEMONTE,2,14,0.14285714285714285,8
1,19630428,1963,greenacre_weighted_power_0175,4,2,TRENTINO-ALTO ADIGE/SÜDTIROL,2,14,0.14285714285714285,2
1,19630428,1963,greenacre_weighted_power_0175,4,3,EMILIA-ROMAGNA,9,32,0.28125,9
0.75,19630428,1963,greenacre_weighted_power_0175,4,3,PIEMONTE,6,32,0.1875,8
0.6,19630428,1963,greenacre_weighted_power_0175,4,3,TOSCANA,6,32,0.1875,10
1,19630428,1963,greenacre_weighted_power_0175,4,3,LIGURIA,4,32,0.125,4
0.25,19630428,1963,greenacre_weighted_power_0175,4,3,LOMBARDIA,3,32,0.09375,12
1,19630428,1963,greenacre_weighted_power_0175,4,3,UMBRIA,2,32,0.0625,2
0.2857142857142857,19630428,1963,greenacre_weighted_power_0175,4,3,VENETO,2,32,0.0625,7
1,19630428,1963,greenacre_weighted_power_0175,4,4,MARCHE,5,18,0.2777777777777778,5
0.4,19630428,1963,greenacre_weighted_power_0175,4,4,TOSCANA,4,18,0.2222222222222222,10
0.75,19630428,1963,greenacre_weighted_power_0175,4,4,FRIULI-VENEZIA GIULIA,3,18,0.16666666666666666,4
0.25,19630428,1963,greenacre_weighted_power_0175,4,4,LOMBARDIA,3,18,0.16666666666666666,12
1,19630428,1963,greenacre_weighted_power_0175,4,4,MOLISE,2,18,0.1111111111111111,2
0.14285714285714285,19630428,1963,greenacre_weighted_power_0175,4,4,VENETO,1,18,0.05555555555555555,7
0.75,19630428,1963,greenacre_weighted_power_0175,5,1,PIEMONTE,6,21,0.2857142857142857,8
0.4166666666666667,19630428,1963,greenacre_weighted_power_0175,5,1,LOMBARDIA,5,21,0.23809523809523808,12
1,19630428,1963,greenacre_weighted_power_0175,5,1,LIGURIA,4,21,0.19047619047619047,4
0.2222222222222222,19630428,1963,greenacre_weighted_power_0175,5,1,EMILIA-ROMAGNA,2,21,0.09523809523809523,9
0.2857142857142857,19630428,1963,greenacre_weighted_power_0175,5,1,VENETO,2,21,0.09523809523809523,7
0.2,19630428,1963,greenacre_weighted_power_0175,5,1,LAZIO,1,21,0.047619047619047616,5
0.1111111111111111,19630428,1963,greenacre_weighted_power_0175,5,1,SICILIA,1,21,0.047619047619047616,9
0.7777777777777778,19630428,1963,greenacre_weighted_power_0175,5,2,EMILIA-ROMAGNA,7,15,0.4666666666666667,9
0.6,19630428,1963,greenacre_weighted_power_0175,5,2,TOSCANA,6,15,0.4,10
1,19630428,1963,greenacre_weighted_power_0175,5,2,UMBRIA,2,15,0.13333333333333333,2
1,19630428,1963,greenacre_weighted_power_0175,5,3,MARCHE,5,18,0.2777777777777778,5
0.4,19630428,1963,greenacre_weighted_power_0175,5,3,TOSCANA,4,18,0.2222222222222222,10
0.75,19630428,1963,greenacre_weighted_power_0175,5,3,FRIULI-VENEZIA GIULIA,3,18,0.16666666666666666,4
0.25,19630428,1963,greenacre_weighted_power_0175,5,3,LOMBARDIA,3,18,0.16666666666666666,12
1,19630428,1963,greenacre_weighted_power_0175,5,3,MOLISE,2,18,0.1111111111111111,2
0.14285714285714285,19630428,1963,greenacre_weighted_power_0175,5,3,VENETO,1,18,0.05555555555555555,7
0.8888888888888888,19630428,1963,greenacre_weighted_power_0175,5,4,SICILIA,8,40,0.2,9
1,19630428,1963,greenacre_weighted_power_0175,5,4,PUGLIA,6,40,0.15,6
1,19630428,1963,greenacre_weighted_power_0175,5,4,CALABRIA,5,40,0.125,5
1,19630428,1963,greenacre_weighted_power_0175,5,4,CAMPANIA,5,40,0.125,5
1,19630428,1963,greenacre_weighted_power_0175,5,4,SARDEGNA,5,40,0.125,5
1,19630428,1963,greenacre_weighted_power_0175,5,4,ABRUZZO,4,40,0.1,4
0.8,19630428,1963,greenacre_weighted_power_0175,5,4,LAZIO,4,40,0.1,5
1,19630428,1963,greenacre_weighted_power_0175,5,4,BASILICATA,2,40,0.05,2
0.25,19630428,1963,greenacre_weighted_power_0175,5,4,FRIULI-VENEZIA GIULIA,1,40,0.025,4
0.3333333333333333,19630428,1963,greenacre_weighted_power_0175,5,5,LOMBARDIA,4,12,0.3333333333333333,12
0.5714285714285714,19630428,1963,greenacre_weighted_power_0175,5,5,VENETO,4,12,0.3333333333333333,7
0.25,19630428,1963,greenacre_weighted_power_0175,5,5,PIEMONTE,2,12,0.16666666666666666,8
1,19630428,1963,greenacre_weighted_power_0175,5,5,TRENTINO-ALTO ADIGE/SÜDTIROL,2,12,0.16666666666666666,2
0.75,19630428,1963,greenacre_weighted_power_0175,6,1,PIEMONTE,6,21,0.2857142857142857,8
0.4166666666666667,19630428,1963,greenacre_weighted_power_0175,6,1,LOMBARDIA,5,21,0.23809523809523808,12
1,19630428,1963,greenacre_weighted_power_0175,6,1,LIGURIA,4,21,0.19047619047619047,4
0.2222222222222222,19630428,1963,greenacre_weighted_power_0175,6,1,EMILIA-ROMAGNA,2,21,0.09523809523809523,9
0.2857142857142857,19630428,1963,greenacre_weighted_power_0175,6,1,VENETO,2,21,0.09523809523809523,7
0.2,19630428,1963,greenacre_weighted_power_0175,6,1,LAZIO,1,21,0.047619047619047616,5
0.1111111111111111,19630428,1963,greenacre_weighted_power_0175,6,1,SICILIA,1,21,0.047619047619047616,9
0.7777777777777778,19630428,1963,greenacre_weighted_power_0175,6,2,EMILIA-ROMAGNA,7,15,0.4666666666666667,9
0.6,19630428,1963,greenacre_weighted_power_0175,6,2,TOSCANA,6,15,0.4,10
1,19630428,1963,greenacre_weighted_power_0175,6,2,UMBRIA,2,15,0.13333333333333333,2
0.8888888888888888,19630428,1963,greenacre_weighted_power_0175,6,3,SICILIA,8,40,0.2,9
1,19630428,1963,greenacre_weighted_power_0175,6,3,PUGLIA,6,40,0.15,6
1,19630428,1963,greenacre_weighted_power_0175,6,3,CALABRIA,5,40,0.125,5
1,19630428,1963,greenacre_weighted_power_0175,6,3,CAMPANIA,5,40,0.125,5
1,19630428,1963,greenacre_weighted_power_0175,6,3,SARDEGNA,5,40,0.125,5
1,19630428,1963,greenacre_weighted_power_0175,6,3,ABRUZZO,4,40,0.1,4
0.8,19630428,1963,greenacre_weighted_power_0175,6,3,LAZIO,4,40,0.1,5
1,19630428,1963,greenacre_weighted_power_0175,6,3,BASILICATA,2,40,0.05,2
0.25,19630428,1963,greenacre_weighted_power_0175,6,3,FRIULI-VENEZIA GIULIA,1,40,0.025,4
0.25,19630428,1963,greenacre_weighted_power_0175,6,4,LOMBARDIA,3,9,0.3333333333333333,12
0.5,19630428,1963,greenacre_weighted_power_0175,6,4,FRIULI-VENEZIA GIULIA,2,9,0.2222222222222222,4
1,19630428,1963,greenacre_weighted_power_0175,6,4,MOLISE,2,9,0.2222222222222222,2
0.1,19630428,1963,greenacre_weighted_power_0175,6,4,TOSCANA,1,9,0.1111111111111111,10
0.14285714285714285,19630428,1963,greenacre_weighted_power_0175,6,4,VENETO,1,9,0.1111111111111111,7
1,19630428,1963,greenacre_weighted_power_0175,6,5,MARCHE,5,9,0.5555555555555556,5
0.3,19630428,1963,greenacre_weighted_power_0175,6,5,TOSCANA,3,9,0.3333333333333333,10
0.25,19630428,1963,greenacre_weighted_power_0175,6,5,FRIULI-VENEZIA GIULIA,1,9,0.1111111111111111,4
0.3333333333333333,19630428,1963,greenacre_weighted_power_0175,6,6,LOMBARDIA,4,12,0.3333333333333333,12
0.5714285714285714,19630428,1963,greenacre_weighted_power_0175,6,6,VENETO,4,12,0.3333333333333333,7
0.25,19630428,1963,greenacre_weighted_power_0175,6,6,PIEMONTE,2,12,0.16666666666666666,8
1,19630428,1963,greenacre_weighted_power_0175,6,6,TRENTINO-ALTO ADIGE/SÜDTIROL,2,12,0.16666666666666666,2
0.3333333333333333,19630428,1963,greenacre_weighted_power_0175,7,1,LOMBARDIA,4,10,0.4,12
0.5714285714285714,19630428,1963,greenacre_weighted_power_0175,7,1,VENETO,4,10,0.4,7
0.125,19630428,1963,greenacre_weighted_power_0175,7,1,PIEMONTE,1,10,0.1,8
0.5,19630428,1963,greenacre_weighted_power_0175,7,1,TRENTINO-ALTO ADIGE/SÜDTIROL,1,10,0.1,2
0.25,19630428,1963,greenacre_weighted_power_0175,7,2,LOMBARDIA,3,9,0.3333333333333333,12
0.5,19630428,1963,greenacre_weighted_power_0175,7,2,FRIULI-VENEZIA GIULIA,2,9,0.2222222222222222,4
1,19630428,1963,greenacre_weighted_power_0175,7,2,MOLISE,2,9,0.2222222222222222,2
0.1,19630428,1963,greenacre_weighted_power_0175,7,2,TOSCANA,1,9,0.1111111111111111,10
0.14285714285714285,19630428,1963,greenacre_weighted_power_0175,7,2,VENETO,1,9,0.1111111111111111,7
0.7777777777777778,19630428,1963,greenacre_weighted_power_0175,7,3,EMILIA-ROMAGNA,7,15,0.4666666666666667,9
0.6,19630428,1963,greenacre_weighted_power_0175,7,3,TOSCANA,6,15,0.4,10
1,19630428,1963,greenacre_weighted_power_0175,7,3,UMBRIA,2,15,0.13333333333333333,2
1,19630428,1963,greenacre_weighted_power_0175,7,4,MARCHE,5,9,0.5555555555555556,5
0.3,19630428,1963,greenacre_weighted_power_0175,7,4,TOSCANA,3,9,0.3333333333333333,10
0.25,19630428,1963,greenacre_weighted_power_0175,7,4,FRIULI-VENEZIA GIULIA,1,9,0.1111111111111111,4
0.75,19630428,1963,greenacre_weighted_power_0175,7,5,PIEMONTE,6,19,0.3157894736842105,8
0.4166666666666667,19630428,1963,greenacre_weighted_power_0175,7,5,LOMBARDIA,5,19,0.2631578947368421,12
1,19630428,1963,greenacre_weighted_power_0175,7,5,LIGURIA,4,19,0.21052631578947367,4
0.2222222222222222,19630428,1963,greenacre_weighted_power_0175,7,5,EMILIA-ROMAGNA,2,19,0.10526315789473684,9
0.2857142857142857,19630428,1963,greenacre_weighted_power_0175,7,5,VENETO,2,19,0.10526315789473684,7
0.8333333333333334,19630428,1963,greenacre_weighted_power_0175,7,6,PUGLIA,5,20,0.25,6
0.8,19630428,1963,greenacre_weighted_power_0175,7,6,CALABRIA,4,20,0.2,5
0.4444444444444444,19630428,1963,greenacre_weighted_power_0175,7,6,SICILIA,4,20,0.2,9
0.5,19630428,1963,greenacre_weighted_power_0175,7,6,ABRUZZO,2,20,0.1,4
1,19630428,1963,greenacre_weighted_power_0175,7,6,BASILICATA,2,20,0.1,2
0.4,19630428,1963,greenacre_weighted_power_0175,7,6,LAZIO,2,20,0.1,5
0.2,19630428,1963,greenacre_weighted_power_0175,7,6,SARDEGNA,1,20,0.05,5
1,19630428,1963,greenacre_weighted_power_0175,7,7,CAMPANIA,5,24,0.20833333333333334,5
0.5555555555555556,19630428,1963,greenacre_weighted_power_0175,7,7,SICILIA,5,24,0.20833333333333334,9
0.8,19630428,1963,greenacre_weighted_power_0175,7,7,SARDEGNA,4,24,0.16666666666666666,5
0.6,19630428,1963,greenacre_weighted_power_0175,7,7,LAZIO,3,24,0.125,5
0.5,19630428,1963,greenacre_weighted_power_0175,7,7,ABRUZZO,2,24,0.08333333333333333,4
0.2,19630428,1963,greenacre_weighted_power_0175,7,7,CALABRIA,1,24,0.041666666666666664,5
0.25,19630428,1963,greenacre_weighted_power_0175,7,7,FRIULI-VENEZIA GIULIA,1,24,0.041666666666666664,4
0.125,19630428,1963,greenacre_weighted_power_0175,7,7,PIEMONTE,1,24,0.041666666666666664,8
0.16666666666666666,19630428,1963,greenacre_weighted_power_0175,7,7,PUGLIA,1,24,0.041666666666666664,6
0.5,19630428,1963,greenacre_weighted_power_0175,7,7,TRENTINO-ALTO ADIGE/SÜDTIROL,1,24,0.041666666666666664,2
0.25,19630428,1963,greenacre_weighted_power_0175,8,1,LOMBARDIA,3,9,0.3333333333333333,12
0.5,19630428,1963,greenacre_weighted_power_0175,8,1,FRIULI-VENEZIA GIULIA,2,9,0.2222222222222222,4
1,19630428,1963,greenacre_weighted_power_0175,8,1,MOLISE,2,9,0.2222222222222222,2
0.1,19630428,1963,greenacre_weighted_power_0175,8,1,TOSCANA,1,9,0.1111111111111111,10
0.14285714285714285,19630428,1963,greenacre_weighted_power_0175,8,1,VENETO,1,9,0.1111111111111111,7
0.8333333333333334,19630428,1963,greenacre_weighted_power_0175,8,2,PUGLIA,5,20,0.25,6
0.8,19630428,1963,greenacre_weighted_power_0175,8,2,CALABRIA,4,20,0.2,5
0.4444444444444444,19630428,1963,greenacre_weighted_power_0175,8,2,SICILIA,4,20,0.2,9
0.5,19630428,1963,greenacre_weighted_power_0175,8,2,ABRUZZO,2,20,0.1,4
1,19630428,1963,greenacre_weighted_power_0175,8,2,BASILICATA,2,20,0.1,2
0.4,19630428,1963,greenacre_weighted_power_0175,8,2,LAZIO,2,20,0.1,5
0.2,19630428,1963,greenacre_weighted_power_0175,8,2,SARDEGNA,1,20,0.05,5
0.3333333333333333,19630428,1963,greenacre_weighted_power_0175,8,3,LOMBARDIA,4,10,0.4,12
0.5714285714285714,19630428,1963,greenacre_weighted_power_0175,8,3,VENETO,4,10,0.4,7
0.125,19630428,1963,greenacre_weighted_power_0175,8,3,PIEMONTE,1,10,0.1,8
0.5,19630428,1963,greenacre_weighted_power_0175,8,3,TRENTINO-ALTO ADIGE/SÜDTIROL,1,10,0.1,2
0.75,19630428,1963,greenacre_weighted_power_0175,8,4,PIEMONTE,6,18,0.3333333333333333,8
0.4166666666666667,19630428,1963,greenacre_weighted_power_0175,8,4,LOMBARDIA,5,18,0.2777777777777778,12
0.75,19630428,1963,greenacre_weighted_power_0175,8,4,LIGURIA,3,18,0.16666666666666666,4
0.2222222222222222,19630428,1963,greenacre_weighted_power_0175,8,4,EMILIA-ROMAGNA,2,18,0.1111111111111111,9
0.2857142857142857,19630428,1963,greenacre_weighted_power_0175,8,4,VENETO,2,18,0.1111111111111111,7
0.3333333333333333,19630428,1963,greenacre_weighted_power_0175,8,5,EMILIA-ROMAGNA,3,10,0.3,9
1,19630428,1963,greenacre_weighted_power_0175,8,5,UMBRIA,2,10,0.2,2
0.25,19630428,1963,greenacre_weighted_power_0175,8,5,FRIULI-VENEZIA GIULIA,1,10,0.1,4
0.2,19630428,1963,greenacre_weighted_power_0175,8,5,LAZIO,1,10,0.1,5
0.25,19630428,1963,greenacre_weighted_power_0175,8,5,LIGURIA,1,10,0.1,4
0.1111111111111111,19630428,1963,greenacre_weighted_power_0175,8,5,SICILIA,1,10,0.1,9
0.1,19630428,1963,greenacre_weighted_power_0175,8,5,TOSCANA,1,10,0.1,10
1,19630428,1963,greenacre_weighted_power_0175,8,6,MARCHE,5,9,0.5555555555555556,5
0.3,19630428,1963,greenacre_weighted_power_0175,8,6,TOSCANA,3,9,0.3333333333333333,10
0.25,19630428,1963,greenacre_weighted_power_0175,8,6,FRIULI-VENEZIA GIULIA,1,9,0.1111111111111111,4
0.5,19630428,1963,greenacre_weighted_power_0175,8,7,TOSCANA,5,9,0.5555555555555556,10
0.4444444444444444,19630428,1963,greenacre_weighted_power_0175,8,7,EMILIA-ROMAGNA,4,9,0.4444444444444444,9
1,19630428,1963,greenacre_weighted_power_0175,8,8,CAMPANIA,5,21,0.23809523809523808,5
0.8,19630428,1963,greenacre_weighted_power_0175,8,8,SARDEGNA,4,21,0.19047619047619047,5
0.4444444444444444,19630428,1963,greenacre_weighted_power_0175,8,8,SICILIA,4,21,0.19047619047619047,9
0.5,19630428,1963,greenacre_weighted_power_0175,8,8,ABRUZZO,2,21,0.09523809523809523,4
0.4,19630428,1963,greenacre_weighted_power_0175,8,8,LAZIO,2,21,0.09523809523809523,5
0.2,19630428,1963,greenacre_weighted_power_0175,8,8,CALABRIA,1,21,0.047619047619047616,5
0.125,19630428,1963,greenacre_weighted_power_0175,8,8,PIEMONTE,1,21,0.047619047619047616,8
0.16666666666666666,19630428,1963,greenacre_weighted_power_0175,8,8,PUGLIA,1,21,0.047619047619047616,6
0.5,19630428,1963,greenacre_weighted_power_0175,8,8,TRENTINO-ALTO ADIGE/SÜDTIROL,1,21,0.047619047619047616,2
0.8333333333333334,19680519,1968,greenacre_weighted_power_0175,2,1,LOMBARDIA,10,76,0.13157894736842105,12
1,19680519,1968,greenacre_weighted_power_0175,2,1,SICILIA,9,76,0.11842105263157894,9
0.7,19680519,1968,greenacre_weighted_power_0175,2,1,TOSCANA,7,76,0.09210526315789473,10
1,19680519,1968,greenacre_weighted_power_0175,2,1,PUGLIA,6,76,0.07894736842105263,6
1,19680519,1968,greenacre_weighted_power_0175,2,1,CALABRIA,5,76,0.06578947368421052,5
1,19680519,1968,greenacre_weighted_power_0175,2,1,CAMPANIA,5,76,0.06578947368421052,5
0.5555555555555556,19680519,1968,greenacre_weighted_power_0175,2,1,EMILIA-ROMAGNA,5,76,0.06578947368421052,9
1,19680519,1968,greenacre_weighted_power_0175,2,1,MARCHE,5,76,0.06578947368421052,5
0.625,19680519,1968,greenacre_weighted_power_0175,2,1,PIEMONTE,5,76,0.06578947368421052,8
1,19680519,1968,greenacre_weighted_power_0175,2,1,ABRUZZO,4,76,0.05263157894736842,4
0.8,19680519,1968,greenacre_weighted_power_0175,2,1,LAZIO,4,76,0.05263157894736842,5
1,19680519,1968,greenacre_weighted_power_0175,2,1,LIGURIA,4,76,0.05263157894736842,4
1,19680519,1968,greenacre_weighted_power_0175,2,1,MOLISE,2,76,0.02631578947368421,2
1,19680519,1968,greenacre_weighted_power_0175,2,1,TRENTINO-ALTO ADIGE/SÜDTIROL,2,76,0.02631578947368421,2
0.2857142857142857,19680519,1968,greenacre_weighted_power_0175,2,1,VENETO,2,76,0.02631578947368421,7
0.25,19680519,1968,greenacre_weighted_power_0175,2,1,FRIULI-VENEZIA GIULIA,1,76,0.013157894736842105,4
1,19680519,1968,greenacre_weighted_power_0175,2,2,SARDEGNA,5,30,0.16666666666666666,5
0.7142857142857143,19680519,1968,greenacre_weighted_power_0175,2,2,VENETO,5,30,0.16666666666666666,7
0.4444444444444444,19680519,1968,greenacre_weighted_power_0175,2,2,EMILIA-ROMAGNA,4,30,0.13333333333333333,9
0.75,19680519,1968,greenacre_weighted_power_0175,2,2,FRIULI-VENEZIA GIULIA,3,30,0.1,4
0.375,19680519,1968,greenacre_weighted_power_0175,2,2,PIEMONTE,3,30,0.1,8
0.3,19680519,1968,greenacre_weighted_power_0175,2,2,TOSCANA,3,30,0.1,10
1,19680519,1968,greenacre_weighted_power_0175,2,2,BASILICATA,2,30,0.06666666666666667,2
0.16666666666666666,19680519,1968,greenacre_weighted_power_0175,2,2,LOMBARDIA,2,30,0.06666666666666667,12
1,19680519,1968,greenacre_weighted_power_0175,2,2,UMBRIA,2,30,0.06666666666666667,2
0.2,19680519,1968,greenacre_weighted_power_0175,2,2,LAZIO,1,30,0.03333333333333333,5
0.5,19680519,1968,greenacre_weighted_power_0175,3,1,LOMBARDIA,6,24,0.25,12
1,19680519,1968,greenacre_weighted_power_0175,3,1,SARDEGNA,5,24,0.20833333333333334,5
0.5714285714285714,19680519,1968,greenacre_weighted_power_0175,3,1,VENETO,4,24,0.16666666666666666,7
0.75,19680519,1968,greenacre_weighted_power_0175,3,1,FRIULI-VENEZIA GIULIA,3,24,0.125,4
1,19680519,1968,greenacre_weighted_power_0175,3,1,BASILICATA,2,24,0.08333333333333333,2
0.25,19680519,1968,greenacre_weighted_power_0175,3,1,PIEMONTE,2,24,0.08333333333333333,8
0.2,19680519,1968,greenacre_weighted_power_0175,3,1,LAZIO,1,24,0.041666666666666664,5
0.5,19680519,1968,greenacre_weighted_power_0175,3,1,TRENTINO-ALTO ADIGE/SÜDTIROL,1,24,0.041666666666666664,2
1,19680519,1968,greenacre_weighted_power_0175,3,2,SICILIA,9,59,0.15254237288135594,9
1,19680519,1968,greenacre_weighted_power_0175,3,2,PUGLIA,6,59,0.1016949152542373,6
1,19680519,1968,greenacre_weighted_power_0175,3,2,CALABRIA,5,59,0.0847457627118644,5
1,19680519,1968,greenacre_weighted_power_0175,3,2,CAMPANIA,5,59,0.0847457627118644,5
0.4166666666666667,19680519,1968,greenacre_weighted_power_0175,3,2,LOMBARDIA,5,59,0.0847457627118644,12
0.625,19680519,1968,greenacre_weighted_power_0175,3,2,PIEMONTE,5,59,0.0847457627118644,8
1,19680519,1968,greenacre_weighted_power_0175,3,2,ABRUZZO,4,59,0.06779661016949153,4
0.8,19680519,1968,greenacre_weighted_power_0175,3,2,LAZIO,4,59,0.06779661016949153,5
1,19680519,1968,greenacre_weighted_power_0175,3,2,LIGURIA,4,59,0.06779661016949153,4
0.8,19680519,1968,greenacre_weighted_power_0175,3,2,MARCHE,4,59,0.06779661016949153,5
1,19680519,1968,greenacre_weighted_power_0175,3,2,MOLISE,2,59,0.03389830508474576,2
0.2,19680519,1968,greenacre_weighted_power_0175,3,2,TOSCANA,2,59,0.03389830508474576,10
0.2857142857142857,19680519,1968,greenacre_weighted_power_0175,3,2,VENETO,2,59,0.03389830508474576,7
0.25,19680519,1968,greenacre_weighted_power_0175,3,2,FRIULI-VENEZIA GIULIA,1,59,0.01694915254237288,4
0.5,19680519,1968,greenacre_weighted_power_0175,3,2,TRENTINO-ALTO ADIGE/SÜDTIROL,1,59,0.01694915254237288,2
1,19680519,1968,greenacre_weighted_power_0175,3,3,EMILIA-ROMAGNA,9,23,0.391304347826087,9
0.8,19680519,1968,greenacre_weighted_power_0175,3,3,TOSCANA,8,23,0.34782608695652173,10
1,19680519,1968,greenacre_weighted_power_0175,3,3,UMBRIA,2,23,0.08695652173913043,2
0.08333333333333333,19680519,1968,greenacre_weighted_power_0175,3,3,LOMBARDIA,1,23,0.043478260869565216,12
0.2,19680519,1968,greenacre_weighted_power_0175,3,3,MARCHE,1,23,0.043478260869565216,5
0.125,19680519,1968,greenacre_weighted_power_0175,3,3,PIEMONTE,1,23,0.043478260869565216,8
0.14285714285714285,19680519,1968,greenacre_weighted_power_0175,3,3,VENETO,1,23,0.043478260869565216,7
0.5555555555555556,19680519,1968,greenacre_weighted_power_0175,4,1,EMILIA-ROMAGNA,5,32,0.15625,9
0.4166666666666667,19680519,1968,greenacre_weighted_power_0175,4,1,LOMBARDIA,5,32,0.15625,12
0.625,19680519,1968,greenacre_weighted_power_0175,4,1,PIEMONTE,5,32,0.15625,8
0.5,19680519,1968,greenacre_weighted_power_0175,4,1,TOSCANA,5,32,0.15625,10
1,19680519,1968,greenacre_weighted_power_0175,4,1,LIGURIA,4,32,0.125,4
0.8,19680519,1968,greenacre_weighted_power_0175,4,1,MARCHE,4,32,0.125,5
0.4,19680519,1968,greenacre_weighted_power_0175,4,1,LAZIO,2,32,0.0625,5
0.16666666666666666,19680519,1968,greenacre_weighted_power_0175,4,1,PUGLIA,1,32,0.03125,6
0.14285714285714285,19680519,1968,greenacre_weighted_power_0175,4,1,VENETO,1,32,0.03125,7
1,19680519,1968,greenacre_weighted_power_0175,4,2,SICILIA,9,38,0.23684210526315788,9
1,19680519,1968,greenacre_weighted_power_0175,4,2,CALABRIA,5,38,0.13157894736842105,5
1,19680519,1968,greenacre_weighted_power_0175,4,2,CAMPANIA,5,38,0.13157894736842105,5
0.8333333333333334,19680519,1968,greenacre_weighted_power_0175,4,2,PUGLIA,5,38,0.13157894736842105,6
1,19680519,1968,greenacre_weighted_power_0175,4,2,ABRUZZO,4,38,0.10526315789473684,4
0.4,19680519,1968,greenacre_weighted_power_0175,4,2,LAZIO,2,38,0.05263157894736842,5
1,19680519,1968,greenacre_weighted_power_0175,4,2,MOLISE,2,38,0.05263157894736842,2
0.2,19680519,1968,greenacre_weighted_power_0175,4,2,TOSCANA,2,38,0.05263157894736842,10
0.25,19680519,1968,greenacre_weighted_power_0175,4,2,FRIULI-VENEZIA GIULIA,1,38,0.02631578947368421,4
0.2,19680519,1968,greenacre_weighted_power_0175,4,2,MARCHE,1,38,0.02631578947368421,5
0.5,19680519,1968,greenacre_weighted_power_0175,4,2,TRENTINO-ALTO ADIGE/SÜDTIROL,1,38,0.02631578947368421,2
0.14285714285714285,19680519,1968,greenacre_weighted_power_0175,4,2,VENETO,1,38,0.02631578947368421,7
0.5,19680519,1968,greenacre_weighted_power_0175,4,3,LOMBARDIA,6,24,0.25,12
1,19680519,1968,greenacre_weighted_power_0175,4,3,SARDEGNA,5,24,0.20833333333333334,5
0.5714285714285714,19680519,1968,greenacre_weighted_power_0175,4,3,VENETO,4,24,0.16666666666666666,7
0.75,19680519,1968,greenacre_weighted_power_0175,4,3,FRIULI-VENEZIA GIULIA,3,24,0.125,4
1,19680519,1968,greenacre_weighted_power_0175,4,3,BASILICATA,2,24,0.08333333333333333,2
0.25,19680519,1968,greenacre_weighted_power_0175,4,3,PIEMONTE,2,24,0.08333333333333333,8
0.2,19680519,1968,greenacre_weighted_power_0175,4,3,LAZIO,1,24,0.041666666666666664,5
0.5,19680519,1968,greenacre_weighted_power_0175,4,3,TRENTINO-ALTO ADIGE/SÜDTIROL,1,24,0.041666666666666664,2
0.4444444444444444,19680519,1968,greenacre_weighted_power_0175,4,4,EMILIA-ROMAGNA,4,12,0.3333333333333333,9
0.3,19680519,1968,greenacre_weighted_power_0175,4,4,TOSCANA,3,12,0.25,10
1,19680519,1968,greenacre_weighted_power_0175,4,4,UMBRIA,2,12,0.16666666666666666,2
0.08333333333333333,19680519,1968,greenacre_weighted_power_0175,4,4,LOMBARDIA,1,12,0.08333333333333333,12
0.125,19680519,1968,greenacre_weighted_power_0175,4,4,PIEMONTE,1,12,0.08333333333333333,8
0.14285714285714285,19680519,1968,greenacre_weighted_power_0175,4,4,VENETO,1,12,0.08333333333333333,7
0.5555555555555556,19680519,1968,greenacre_weighted_power_0175,5,1,EMILIA-ROMAGNA,5,18,0.2777777777777778,9
0.5,19680519,1968,greenacre_weighted_power_0175,5,1,TOSCANA,5,18,0.2777777777777778,10
0.6,19680519,1968,greenacre_weighted_power_0175,5,1,MARCHE,3,18,0.16666666666666666,5
0.3333333333333333,19680519,1968,greenacre_weighted_power_0175,5,1,PUGLIA,2,18,0.1111111111111111,6
0.2,19680519,1968,greenacre_weighted_power_0175,5,1,CALABRIA,1,18,0.05555555555555555,5
0.2,19680519,1968,greenacre_weighted_power_0175,5,1,LAZIO,1,18,0.05555555555555555,5
0.25,19680519,1968,greenacre_weighted_power_0175,5,1,LIGURIA,1,18,0.05555555555555555,4
1,19680519,1968,greenacre_weighted_power_0175,5,2,SICILIA,9,33,0.2727272727272727,9
1,19680519,1968,greenacre_weighted_power_0175,5,2,CAMPANIA,5,33,0.15151515151515152,5
1,19680519,1968,greenacre_weighted_power_0175,5,2,ABRUZZO,4,33,0.12121212121212122,4
0.8,19680519,1968,greenacre_weighted_power_0175,5,2,CALABRIA,4,33,0.12121212121212122,5
0.6666666666666666,19680519,1968,greenacre_weighted_power_0175,5,2,PUGLIA,4,33,0.12121212121212122,6
0.4,19680519,1968,greenacre_weighted_power_0175,5,2,LAZIO,2,33,0.06060606060606061,5
1,19680519,1968,greenacre_weighted_power_0175,5,2,MOLISE,2,33,0.06060606060606061,2
0.2,19680519,1968,greenacre_weighted_power_0175,5,2,MARCHE,1,33,0.030303030303030304,5
0.1,19680519,1968,greenacre_weighted_power_0175,5,2,TOSCANA,1,33,0.030303030303030304,10
0.5,19680519,1968,greenacre_weighted_power_0175,5,2,TRENTINO-ALTO ADIGE/SÜDTIROL,1,33,0.030303030303030304,2
0.4444444444444444,19680519,1968,greenacre_weighted_power_0175,5,3,EMILIA-ROMAGNA,4,12,0.3333333333333333,9
0.3,19680519,1968,greenacre_weighted_power_0175,5,3,TOSCANA,3,12,0.25,10
1,19680519,1968,greenacre_weighted_power_0175,5,3,UMBRIA,2,12,0.16666666666666666,2
0.08333333333333333,19680519,1968,greenacre_weighted_power_0175,5,3,LOMBARDIA,1,12,0.08333333333333333,12
0.125,19680519,1968,greenacre_weighted_power_0175,5,3,PIEMONTE,1,12,0.08333333333333333,8
0.14285714285714285,19680519,1968,greenacre_weighted_power_0175,5,3,VENETO,1,12,0.08333333333333333,7
0.8333333333333334,19680519,1968,greenacre_weighted_power_0175,5,4,LOMBARDIA,10,25,0.4,12
0.625,19680519,1968,greenacre_weighted_power_0175,5,4,PIEMONTE,5,25,0.2,8
0.75,19680519,1968,greenacre_weighted_power_0175,5,4,LIGURIA,3,25,0.12,4
0.2857142857142857,19680519,1968,greenacre_weighted_power_0175,5,4,VENETO,2,25,0.08,7
0.25,19680519,1968,greenacre_weighted_power_0175,5,4,FRIULI-VENEZIA GIULIA,1,25,0.04,4
0.2,19680519,1968,greenacre_weighted_power_0175,5,4,LAZIO,1,25,0.04,5
0.2,19680519,1968,greenacre_weighted_power_0175,5,4,MARCHE,1,25,0.04,5
0.1,19680519,1968,greenacre_weighted_power_0175,5,4,TOSCANA,1,25,0.04,10
0.5,19680519,1968,greenacre_weighted_power_0175,5,4,TRENTINO-ALTO ADIGE/SÜDTIROL,1,25,0.04,2
1,19680519,1968,greenacre_weighted_power_0175,5,5,SARDEGNA,5,18,0.2777777777777778,5
0.5714285714285714,19680519,1968,greenacre_weighted_power_0175,5,5,VENETO,4,18,0.2222222222222222,7
0.75,19680519,1968,greenacre_weighted_power_0175,5,5,FRIULI-VENEZIA GIULIA,3,18,0.16666666666666666,4
1,19680519,1968,greenacre_weighted_power_0175,5,5,BASILICATA,2,18,0.1111111111111111,2
0.25,19680519,1968,greenacre_weighted_power_0175,5,5,PIEMONTE,2,18,0.1111111111111111,8
0.2,19680519,1968,greenacre_weighted_power_0175,5,5,LAZIO,1,18,0.05555555555555555,5
0.08333333333333333,19680519,1968,greenacre_weighted_power_0175,5,5,LOMBARDIA,1,18,0.05555555555555555,12
1,19680519,1968,greenacre_weighted_power_0175,6,1,SARDEGNA,5,18,0.2777777777777778,5
0.5714285714285714,19680519,1968,greenacre_weighted_power_0175,6,1,VENETO,4,18,0.2222222222222222,7
0.75,19680519,1968,greenacre_weighted_power_0175,6,1,FRIULI-VENEZIA GIULIA,3,18,0.16666666666666666,4
1,19680519,1968,greenacre_weighted_power_0175,6,1,BASILICATA,2,18,0.1111111111111111,2
0.25,19680519,1968,greenacre_weighted_power_0175,6,1,PIEMONTE,2,18,0.1111111111111111,8
0.2,19680519,1968,greenacre_weighted_power_0175,6,1,LAZIO,1,18,0.05555555555555555,5
0.08333333333333333,19680519,1968,greenacre_weighted_power_0175,6,1,LOMBARDIA,1,18,0.05555555555555555,12
0.625,19680519,1968,greenacre_weighted_power_0175,6,2,PIEMONTE,5,15,0.3333333333333333,8
1,19680519,1968,greenacre_weighted_power_0175,6,2,LIGURIA,4,15,0.26666666666666666,4
0.25,19680519,1968,greenacre_weighted_power_0175,6,2,LOMBARDIA,3,15,0.2,12
0.25,19680519,1968,greenacre_weighted_power_0175,6,2,FRIULI-VENEZIA GIULIA,1,15,0.06666666666666667,4
0.2,19680519,1968,greenacre_weighted_power_0175,6,2,LAZIO,1,15,0.06666666666666667,5
0.14285714285714285,19680519,1968,greenacre_weighted_power_0175,6,2,VENETO,1,15,0.06666666666666667,7
0.5833333333333334,19680519,1968,greenacre_weighted_power_0175,6,3,LOMBARDIA,7,14,0.5,12
1,19680519,1968,greenacre_weighted_power_0175,6,3,MOLISE,2,14,0.14285714285714285,2
1,19680519,1968,greenacre_weighted_power_0175,6,3,TRENTINO-ALTO ADIGE/SÜDTIROL,2,14,0.14285714285714285,2
0.2,19680519,1968,greenacre_weighted_power_0175,6,3,MARCHE,1,14,0.07142857142857142,5
0.1,19680519,1968,greenacre_weighted_power_0175,6,3,TOSCANA,1,14,0.07142857142857142,10
0.14285714285714285,19680519,1968,greenacre_weighted_power_0175,6,3,VENETO,1,14,0.07142857142857142,7
0.5555555555555556,19680519,1968,greenacre_weighted_power_0175,6,4,EMILIA-ROMAGNA,5,17,0.29411764705882354,9
0.5,19680519,1968,greenacre_weighted_power_0175,6,4,TOSCANA,5,17,0.29411764705882354,10
0.6,19680519,1968,greenacre_weighted_power_0175,6,4,MARCHE,3,17,0.17647058823529413,5
0.3333333333333333,19680519,1968,greenacre_weighted_power_0175,6,4,PUGLIA,2,17,0.11764705882352941,6
0.2,19680519,1968,greenacre_weighted_power_0175,6,4,CALABRIA,1,17,0.058823529411764705,5
0.2,19680519,1968,greenacre_weighted_power_0175,6,4,LAZIO,1,17,0.058823529411764705,5
0.4444444444444444,19680519,1968,greenacre_weighted_power_0175,6,5,EMILIA-ROMAGNA,4,12,0.3333333333333333,9
0.3,19680519,1968,greenacre_weighted_power_0175,6,5,TOSCANA,3,12,0.25,10
1,19680519,1968,greenacre_weighted_power_0175,6,5,UMBRIA,2,12,0.16666666666666666,2
0.08333333333333333,19680519,1968,greenacre_weighted_power_0175,6,5,LOMBARDIA,1,12,0.08333333333333333,12
0.125,19680519,1968,greenacre_weighted_power_0175,6,5,PIEMONTE,1,12,0.08333333333333333,8
0.14285714285714285,19680519,1968,greenacre_weighted_power_0175,6,5,VENETO,1,12,0.08333333333333333,7
1,19680519,1968,greenacre_weighted_power_0175,6,6,SICILIA,9,30,0.3,9
1,19680519,1968,greenacre_weighted_power_0175,6,6,CAMPANIA,5,30,0.16666666666666666,5
1,19680519,1968,greenacre_weighted_power_0175,6,6,ABRUZZO,4,30,0.13333333333333333,4
0.8,19680519,1968,greenacre_weighted_power_0175,6,6,CALABRIA,4,30,0.13333333333333333,5
0.6666666666666666,19680519,1968,greenacre_weighted_power_0175,6,6,PUGLIA,4,30,0.13333333333333333,6
0.4,19680519,1968,greenacre_weighted_power_0175,6,6,LAZIO,2,30,0.06666666666666667,5
0.2,19680519,1968,greenacre_weighted_power_0175,6,6,MARCHE,1,30,0.03333333333333333,5
0.1,19680519,1968,greenacre_weighted_power_0175,6,6,TOSCANA,1,30,0.03333333333333333,10
0.5833333333333334,19680519,1968,greenacre_weighted_power_0175,7,1,LOMBARDIA,7,14,0.5,12
1,19680519,1968,greenacre_weighted_power_0175,7,1,MOLISE,2,14,0.14285714285714285,2
1,19680519,1968,greenacre_weighted_power_0175,7,1,TRENTINO-ALTO ADIGE/SÜDTIROL,2,14,0.14285714285714285,2
0.2,19680519,1968,greenacre_weighted_power_0175,7,1,MARCHE,1,14,0.07142857142857142,5
0.1,19680519,1968,greenacre_weighted_power_0175,7,1,TOSCANA,1,14,0.07142857142857142,10
0.14285714285714285,19680519,1968,greenacre_weighted_power_0175,7,1,VENETO,1,14,0.07142857142857142,7
0.5714285714285714,19680519,1968,greenacre_weighted_power_0175,7,2,VENETO,4,13,0.3076923076923077,7
0.75,19680519,1968,greenacre_weighted_power_0175,7,2,FRIULI-VENEZIA GIULIA,3,13,0.23076923076923078,4
1,19680519,1968,greenacre_weighted_power_0175,7,2,BASILICATA,2,13,0.15384615384615385,2
0.25,19680519,1968,greenacre_weighted_power_0175,7,2,PIEMONTE,2,13,0.15384615384615385,8
0.2,19680519,1968,greenacre_weighted_power_0175,7,2,LAZIO,1,13,0.07692307692307693,5
0.08333333333333333,19680519,1968,greenacre_weighted_power_0175,7,2,LOMBARDIA,1,13,0.07692307692307693,12
0.625,19680519,1968,greenacre_weighted_power_0175,7,3,PIEMONTE,5,15,0.3333333333333333,8
1,19680519,1968,greenacre_weighted_power_0175,7,3,LIGURIA,4,15,0.26666666666666666,4
0.25,19680519,1968,greenacre_weighted_power_0175,7,3,LOMBARDIA,3,15,0.2,12
0.25,19680519,1968,greenacre_weighted_power_0175,7,3,FRIULI-VENEZIA GIULIA,1,15,0.06666666666666667,4
0.2,19680519,1968,greenacre_weighted_power_0175,7,3,LAZIO,1,15,0.06666666666666667,5
0.14285714285714285,19680519,1968,greenacre_weighted_power_0175,7,3,VENETO,1,15,0.06666666666666667,7
0.5555555555555556,19680519,1968,greenacre_weighted_power_0175,7,4,EMILIA-ROMAGNA,5,17,0.29411764705882354,9
0.5,19680519,1968,greenacre_weighted_power_0175,7,4,TOSCANA,5,17,0.29411764705882354,10
0.6,19680519,1968,greenacre_weighted_power_0175,7,4,MARCHE,3,17,0.17647058823529413,5
0.3333333333333333,19680519,1968,greenacre_weighted_power_0175,7,4,PUGLIA,2,17,0.11764705882352941,6
0.2,19680519,1968,greenacre_weighted_power_0175,7,4,CALABRIA,1,17,0.058823529411764705,5
0.2,19680519,1968,greenacre_weighted_power_0175,7,4,LAZIO,1,17,0.058823529411764705,5
1,19680519,1968,greenacre_weighted_power_0175,7,5,SARDEGNA,5,5,1,5
0.4444444444444444,19680519,1968,greenacre_weighted_power_0175,7,6,EMILIA-ROMAGNA,4,12,0.3333333333333333,9
0.3,19680519,1968,greenacre_weighted_power_0175,7,6,TOSCANA,3,12,0.25,10
1,19680519,1968,greenacre_weighted_power_0175,7,6,UMBRIA,2,12,0.16666666666666666,2
0.08333333333333333,19680519,1968,greenacre_weighted_power_0175,7,6,LOMBARDIA,1,12,0.08333333333333333,12
0.125,19680519,1968,greenacre_weighted_power_0175,7,6,PIEMONTE,1,12,0.08333333333333333,8
0.14285714285714285,19680519,1968,greenacre_weighted_power_0175,7,6,VENETO,1,12,0.08333333333333333,7
1,19680519,1968,greenacre_weighted_power_0175,7,7,SICILIA,9,30,0.3,9
1,19680519,1968,greenacre_weighted_power_0175,7,7,CAMPANIA,5,30,0.16666666666666666,5
1,19680519,1968,greenacre_weighted_power_0175,7,7,ABRUZZO,4,30,0.13333333333333333,4
0.8,19680519,1968,greenacre_weighted_power_0175,7,7,CALABRIA,4,30,0.13333333333333333,5
0.6666666666666666,19680519,1968,greenacre_weighted_power_0175,7,7,PUGLIA,4,30,0.13333333333333333,6
0.4,19680519,1968,greenacre_weighted_power_0175,7,7,LAZIO,2,30,0.06666666666666667,5
0.2,19680519,1968,greenacre_weighted_power_0175,7,7,MARCHE,1,30,0.03333333333333333,5
0.1,19680519,1968,greenacre_weighted_power_0175,7,7,TOSCANA,1,30,0.03333333333333333,10
0.8333333333333334,19680519,1968,greenacre_weighted_power_0175,8,1,PUGLIA,5,14,0.35714285714285715,6
0.6,19680519,1968,greenacre_weighted_power_0175,8,1,MARCHE,3,14,0.21428571428571427,5
0.5,19680519,1968,greenacre_weighted_power_0175,8,1,ABRUZZO,2,14,0.14285714285714285,4
0.4,19680519,1968,greenacre_weighted_power_0175,8,1,LAZIO,2,14,0.14285714285714285,5
0.2,19680519,1968,greenacre_weighted_power_0175,8,1,CALABRIA,1,14,0.07142857142857142,5
0.1111111111111111,19680519,1968,greenacre_weighted_power_0175,8,1,SICILIA,1,14,0.07142857142857142,9
1,19680519,1968,greenacre_weighted_power_0175,8,2,SARDEGNA,5,5,1,5
0.5555555555555556,19680519,1968,greenacre_weighted_power_0175,8,3,EMILIA-ROMAGNA,5,12,0.4166666666666667,9
0.5,19680519,1968,greenacre_weighted_power_0175,8,3,TOSCANA,5,12,0.4166666666666667,10
0.4,19680519,1968,greenacre_weighted_power_0175,8,3,MARCHE,2,12,0.16666666666666666,5
0.8888888888888888,19680519,1968,greenacre_weighted_power_0175,8,4,SICILIA,8,25,0.32,9
1,19680519,1968,greenacre_weighted_power_0175,8,4,CAMPANIA,5,25,0.2,5
0.8,19680519,1968,greenacre_weighted_power_0175,8,4,CALABRIA,4,25,0.16,5
0.5,19680519,1968,greenacre_weighted_power_0175,8,4,ABRUZZO,2,25,0.08,4
1,19680519,1968,greenacre_weighted_power_0175,8,4,MOLISE,2,25,0.08,2
0.2,19680519,1968,greenacre_weighted_power_0175,8,4,LAZIO,1,25,0.04,5
0.16666666666666666,19680519,1968,greenacre_weighted_power_0175,8,4,PUGLIA,1,25,0.04,6
0.1,19680519,1968,greenacre_weighted_power_0175,8,4,TOSCANA,1,25,0.04,10
0.5,19680519,1968,greenacre_weighted_power_0175,8,4,TRENTINO-ALTO ADIGE/SÜDTIROL,1,25,0.04,2
0.4444444444444444,19680519,1968,greenacre_weighted_power_0175,8,5,EMILIA-ROMAGNA,4,12,0.3333333333333333,9
0.3,19680519,1968,greenacre_weighted_power_0175,8,5,TOSCANA,3,12,0.25,10
1,19680519,1968,greenacre_weighted_power_0175,8,5,UMBRIA,2,12,0.16666666666666666,2
0.08333333333333333,19680519,1968,greenacre_weighted_power_0175,8,5,LOMBARDIA,1,12,0.08333333333333333,12
0.125,19680519,1968,greenacre_weighted_power_0175,8,5,PIEMONTE,1,12,0.08333333333333333,8
0.14285714285714285,19680519,1968,greenacre_weighted_power_0175,8,5,VENETO,1,12,0.08333333333333333,7
0.625,19680519,1968,greenacre_weighted_power_0175,8,6,PIEMONTE,5,14,0.35714285714285715,8
1,19680519,1968,greenacre_weighted_power_0175,8,6,LIGURIA,4,14,0.2857142857142857,4
0.16666666666666666,19680519,1968,greenacre_weighted_power_0175,8,6,LOMBARDIA,2,14,0.14285714285714285,12
0.25,19680519,1968,greenacre_weighted_power_0175,8,6,FRIULI-VENEZIA GIULIA,1,14,0.07142857142857142,4
0.2,19680519,1968,greenacre_weighted_power_0175,8,6,LAZIO,1,14,0.07142857142857142,5
0.14285714285714285,19680519,1968,greenacre_weighted_power_0175,8,6,VENETO,1,14,0.07142857142857142,7
0.6666666666666666,19680519,1968,greenacre_weighted_power_0175,8,7,LOMBARDIA,8,11,0.7272727272727273,12
0.1,19680519,1968,greenacre_weighted_power_0175,8,7,TOSCANA,1,11,0.09090909090909091,10
0.5,19680519,1968,greenacre_weighted_power_0175,8,7,TRENTINO-ALTO ADIGE/SÜDTIROL,1,11,0.09090909090909091,2
0.14285714285714285,19680519,1968,greenacre_weighted_power_0175,8,7,VENETO,1,11,0.09090909090909091,7
0.5714285714285714,19680519,1968,greenacre_weighted_power_0175,8,8,VENETO,4,13,0.3076923076923077,7
0.75,19680519,1968,greenacre_weighted_power_0175,8,8,FRIULI-VENEZIA GIULIA,3,13,0.23076923076923078,4
1,19680519,1968,greenacre_weighted_power_0175,8,8,BASILICATA,2,13,0.15384615384615385,2
0.25,19680519,1968,greenacre_weighted_power_0175,8,8,PIEMONTE,2,13,0.15384615384615385,8
0.2,19680519,1968,greenacre_weighted_power_0175,8,8,LAZIO,1,13,0.07692307692307693,5
0.08333333333333333,19680519,1968,greenacre_weighted_power_0175,8,8,LOMBARDIA,1,13,0.07692307692307693,12
1,19720507,1972,greenacre_weighted_power_0175,2,1,EMILIA-ROMAGNA,9,42,0.21428571428571427,9
0.9,19720507,1972,greenacre_weighted_power_0175,2,1,TOSCANA,9,42,0.21428571428571427,10
0.5,19720507,1972,greenacre_weighted_power_0175,2,1,LOMBARDIA,6,42,0.14285714285714285,12
0.75,19720507,1972,greenacre_weighted_power_0175,2,1,PIEMONTE,6,42,0.14285714285714285,8
0.75,19720507,1972,greenacre_weighted_power_0175,2,1,LIGURIA,3,42,0.07142857142857142,4
0.6,19720507,1972,greenacre_weighted_power_0175,2,1,MARCHE,3,42,0.07142857142857142,5
1,19720507,1972,greenacre_weighted_power_0175,2,1,UMBRIA,2,42,0.047619047619047616,2
0.2857142857142857,19720507,1972,greenacre_weighted_power_0175,2,1,VENETO,2,42,0.047619047619047616,7
0.25,19720507,1972,greenacre_weighted_power_0175,2,1,FRIULI-VENEZIA GIULIA,1,42,0.023809523809523808,4
0.2,19720507,1972,greenacre_weighted_power_0175,2,1,LAZIO,1,42,0.023809523809523808,5
1,19720507,1972,greenacre_weighted_power_0175,2,2,SICILIA,9,64,0.140625,9
0.5,19720507,1972,greenacre_weighted_power_0175,2,2,LOMBARDIA,6,64,0.09375,12
1,19720507,1972,greenacre_weighted_power_0175,2,2,PUGLIA,6,64,0.09375,6
1,19720507,1972,greenacre_weighted_power_0175,2,2,CALABRIA,5,64,0.078125,5
1,19720507,1972,greenacre_weighted_power_0175,2,2,CAMPANIA,5,64,0.078125,5
1,19720507,1972,greenacre_weighted_power_0175,2,2,SARDEGNA,5,64,0.078125,5
0.7142857142857143,19720507,1972,greenacre_weighted_power_0175,2,2,VENETO,5,64,0.078125,7
1,19720507,1972,greenacre_weighted_power_0175,2,2,ABRUZZO,4,64,0.0625,4
0.8,19720507,1972,greenacre_weighted_power_0175,2,2,LAZIO,4,64,0.0625,5
0.75,19720507,1972,greenacre_weighted_power_0175,2,2,FRIULI-VENEZIA GIULIA,3,64,0.046875,4
1,19720507,1972,greenacre_weighted_power_0175,2,2,BASILICATA,2,64,0.03125,2
0.4,19720507,1972,greenacre_weighted_power_0175,2,2,MARCHE,2,64,0.03125,5
1,19720507,1972,greenacre_weighted_power_0175,2,2,MOLISE,2,64,0.03125,2
0.25,19720507,1972,greenacre_weighted_power_0175,2,2,PIEMONTE,2,64,0.03125,8
1,19720507,1972,greenacre_weighted_power_0175,2,2,TRENTINO-ALTO ADIGE/SÜDTIROL,2,64,0.03125,2
0.25,19720507,1972,greenacre_weighted_power_0175,2,2,LIGURIA,1,64,0.015625,4
0.1,19720507,1972,greenacre_weighted_power_0175,2,2,TOSCANA,1,64,0.015625,10
0.75,19720507,1972,greenacre_weighted_power_0175,3,1,LOMBARDIA,9,26,0.34615384615384615,12
0.8571428571428571,19720507,1972,greenacre_weighted_power_0175,3,1,VENETO,6,26,0.23076923076923078,7
0.5,19720507,1972,greenacre_weighted_power_0175,3,1,PIEMONTE,4,26,0.15384615384615385,8
0.75,19720507,1972,greenacre_weighted_power_0175,3,1,FRIULI-VENEZIA GIULIA,3,26,0.11538461538461539,4
0.25,19720507,1972,greenacre_weighted_power_0175,3,1,LIGURIA,1,26,0.038461538461538464,4
0.2,19720507,1972,greenacre_weighted_power_0175,3,1,MARCHE,1,26,0.038461538461538464,5
0.1,19720507,1972,greenacre_weighted_power_0175,3,1,TOSCANA,1,26,0.038461538461538464,10
0.5,19720507,1972,greenacre_weighted_power_0175,3,1,TRENTINO-ALTO ADIGE/SÜDTIROL,1,26,0.038461538461538464,2
1,19720507,1972,greenacre_weighted_power_0175,3,2,EMILIA-ROMAGNA,9,34,0.2647058823529412,9
0.9,19720507,1972,greenacre_weighted_power_0175,3,2,TOSCANA,9,34,0.2647058823529412,10
0.5,19720507,1972,greenacre_weighted_power_0175,3,2,PIEMONTE,4,34,0.11764705882352941,8
0.75,19720507,1972,greenacre_weighted_power_0175,3,2,LIGURIA,3,34,0.08823529411764706,4
0.25,19720507,1972,greenacre_weighted_power_0175,3,2,LOMBARDIA,3,34,0.08823529411764706,12
0.6,19720507,1972,greenacre_weighted_power_0175,3,2,MARCHE,3,34,0.08823529411764706,5
1,19720507,1972,greenacre_weighted_power_0175,3,2,UMBRIA,2,34,0.058823529411764705,2
0.14285714285714285,19720507,1972,greenacre_weighted_power_0175,3,2,VENETO,1,34,0.029411764705882353,7
1,19720507,1972,greenacre_weighted_power_0175,3,3,SICILIA,9,46,0.1956521739130435,9
1,19720507,1972,greenacre_weighted_power_0175,3,3,PUGLIA,6,46,0.13043478260869565,6
1,19720507,1972,greenacre_weighted_power_0175,3,3,CALABRIA,5,46,0.10869565217391304,5
1,19720507,1972,greenacre_weighted_power_0175,3,3,CAMPANIA,5,46,0.10869565217391304,5
1,19720507,1972,greenacre_weighted_power_0175,3,3,LAZIO,5,46,0.10869565217391304,5
1,19720507,1972,greenacre_weighted_power_0175,3,3,SARDEGNA,5,46,0.10869565217391304,5
1,19720507,1972,greenacre_weighted_power_0175,3,3,ABRUZZO,4,46,0.08695652173913043,4
1,19720507,1972,greenacre_weighted_power_0175,3,3,BASILICATA,2,46,0.043478260869565216,2
1,19720507,1972,greenacre_weighted_power_0175,3,3,MOLISE,2,46,0.043478260869565216,2
0.25,19720507,1972,greenacre_weighted_power_0175,3,3,FRIULI-VENEZIA GIULIA,1,46,0.021739130434782608,4
0.2,19720507,1972,greenacre_weighted_power_0175,3,3,MARCHE,1,46,0.021739130434782608,5
0.5,19720507,1972,greenacre_weighted_power_0175,3,3,TRENTINO-ALTO ADIGE/SÜDTIROL,1,46,0.021739130434782608,2
0.4166666666666667,19720507,1972,greenacre_weighted_power_0175,4,1,LOMBARDIA,5,16,0.3125,12
0.7142857142857143,19720507,1972,greenacre_weighted_power_0175,4,1,VENETO,5,16,0.3125,7
0.5,19720507,1972,greenacre_weighted_power_0175,4,1,FRIULI-VENEZIA GIULIA,2,16,0.125,4
0.25,19720507,1972,greenacre_weighted_power_0175,4,1,PIEMONTE,2,16,0.125,8
1,19720507,1972,greenacre_weighted_power_0175,4,1,TRENTINO-ALTO ADIGE/SÜDTIROL,2,16,0.125,2
0.8,19720507,1972,greenacre_weighted_power_0175,4,2,TOSCANA,8,18,0.4444444444444444,10
0.7777777777777778,19720507,1972,greenacre_weighted_power_0175,4,2,EMILIA-ROMAGNA,7,18,0.3888888888888889,9
1,19720507,1972,greenacre_weighted_power_0175,4,2,UMBRIA,2,18,0.1111111111111111,2
0.2,19720507,1972,greenacre_weighted_power_0175,4,2,MARCHE,1,18,0.05555555555555555,5
0.5833333333333334,19720507,1972,greenacre_weighted_power_0175,4,3,LOMBARDIA,7,29,0.2413793103448276,12
0.75,19720507,1972,greenacre_weighted_power_0175,4,3,PIEMONTE,6,29,0.20689655172413793,8
1,19720507,1972,greenacre_weighted_power_0175,4,3,LIGURIA,4,29,0.13793103448275862,4
0.6,19720507,1972,greenacre_weighted_power_0175,4,3,MARCHE,3,29,0.10344827586206896,5
0.2222222222222222,19720507,1972,greenacre_weighted_power_0175,4,3,EMILIA-ROMAGNA,2,29,0.06896551724137931,9
0.5,19720507,1972,greenacre_weighted_power_0175,4,3,FRIULI-VENEZIA GIULIA,2,29,0.06896551724137931,4
0.2,19720507,1972,greenacre_weighted_power_0175,4,3,TOSCANA,2,29,0.06896551724137931,10
0.2857142857142857,19720507,1972,greenacre_weighted_power_0175,4,3,VENETO,2,29,0.06896551724137931,7
0.2,19720507,1972,greenacre_weighted_power_0175,4,3,LAZIO,1,29,0.034482758620689655,5
1,19720507,1972,greenacre_weighted_power_0175,4,4,SICILIA,9,43,0.20930232558139536,9
1,19720507,1972,greenacre_weighted_power_0175,4,4,PUGLIA,6,43,0.13953488372093023,6
1,19720507,1972,greenacre_weighted_power_0175,4,4,CALABRIA,5,43,0.11627906976744186,5
1,19720507,1972,greenacre_weighted_power_0175,4,4,CAMPANIA,5,43,0.11627906976744186,5
1,19720507,1972,greenacre_weighted_power_0175,4,4,SARDEGNA,5,43,0.11627906976744186,5
1,19720507,1972,greenacre_weighted_power_0175,4,4,ABRUZZO,4,43,0.09302325581395349,4
0.8,19720507,1972,greenacre_weighted_power_0175,4,4,LAZIO,4,43,0.09302325581395349,5
1,19720507,1972,greenacre_weighted_power_0175,4,4,BASILICATA,2,43,0.046511627906976744,2
1,19720507,1972,greenacre_weighted_power_0175,4,4,MOLISE,2,43,0.046511627906976744,2
0.2,19720507,1972,greenacre_weighted_power_0175,4,4,MARCHE,1,43,0.023255813953488372,5
0.8,19720507,1972,greenacre_weighted_power_0175,5,1,TOSCANA,8,18,0.4444444444444444,10
0.7777777777777778,19720507,1972,greenacre_weighted_power_0175,5,1,EMILIA-ROMAGNA,7,18,0.3888888888888889,9
1,19720507,1972,greenacre_weighted_power_0175,5,1,UMBRIA,2,18,0.1111111111111111,2
0.2,19720507,1972,greenacre_weighted_power_0175,5,1,MARCHE,1,18,0.05555555555555555,5
0.8333333333333334,19720507,1972,greenacre_weighted_power_0175,5,2,PUGLIA,5,24,0.20833333333333334,6
0.8,19720507,1972,greenacre_weighted_power_0175,5,2,LAZIO,4,24,0.16666666666666666,5
0.6,19720507,1972,greenacre_weighted_power_0175,5,2,MARCHE,3,24,0.125,5
0.6,19720507,1972,greenacre_weighted_power_0175,5,2,SARDEGNA,3,24,0.125,5
0.5,19720507,1972,greenacre_weighted_power_0175,5,2,ABRUZZO,2,24,0.08333333333333333,4
0.2222222222222222,19720507,1972,greenacre_weighted_power_0175,5,2,SICILIA,2,24,0.08333333333333333,9
0.5,19720507,1972,greenacre_weighted_power_0175,5,2,BASILICATA,1,24,0.041666666666666664,2
0.2,19720507,1972,greenacre_weighted_power_0175,5,2,CALABRIA,1,24,0.041666666666666664,5
0.2,19720507,1972,greenacre_weighted_power_0175,5,2,CAMPANIA,1,24,0.041666666666666664,5
0.25,19720507,1972,greenacre_weighted_power_0175,5,2,FRIULI-VENEZIA GIULIA,1,24,0.041666666666666664,4
0.1,19720507,1972,greenacre_weighted_power_0175,5,2,TOSCANA,1,24,0.041666666666666664,10
0.5833333333333334,19720507,1972,greenacre_weighted_power_0175,5,3,LOMBARDIA,7,24,0.2916666666666667,12
0.75,19720507,1972,greenacre_weighted_power_0175,5,3,PIEMONTE,6,24,0.25,8
1,19720507,1972,greenacre_weighted_power_0175,5,3,LIGURIA,4,24,0.16666666666666666,4
0.2222222222222222,19720507,1972,greenacre_weighted_power_0175,5,3,EMILIA-ROMAGNA,2,24,0.08333333333333333,9
0.2857142857142857,19720507,1972,greenacre_weighted_power_0175,5,3,VENETO,2,24,0.08333333333333333,7
0.25,19720507,1972,greenacre_weighted_power_0175,5,3,FRIULI-VENEZIA GIULIA,1,24,0.041666666666666664,4
0.2,19720507,1972,greenacre_weighted_power_0175,5,3,MARCHE,1,24,0.041666666666666664,5
0.1,19720507,1972,greenacre_weighted_power_0175,5,3,TOSCANA,1,24,0.041666666666666664,10
0.7777777777777778,19720507,1972,greenacre_weighted_power_0175,5,4,SICILIA,7,25,0.28,9
0.8,19720507,1972,greenacre_weighted_power_0175,5,4,CALABRIA,4,25,0.16,5
0.8,19720507,1972,greenacre_weighted_power_0175,5,4,CAMPANIA,4,25,0.16,5
0.5,19720507,1972,greenacre_weighted_power_0175,5,4,ABRUZZO,2,25,0.08,4
1,19720507,1972,greenacre_weighted_power_0175,5,4,MOLISE,2,25,0.08,2
0.4,19720507,1972,greenacre_weighted_power_0175,5,4,SARDEGNA,2,25,0.08,5
0.5,19720507,1972,greenacre_weighted_power_0175,5,4,BASILICATA,1,25,0.04,2
0.2,19720507,1972,greenacre_weighted_power_0175,5,4,LAZIO,1,25,0.04,5
0.16666666666666666,19720507,1972,greenacre_weighted_power_0175,5,4,PUGLIA,1,25,0.04,6
0.5,19720507,1972,greenacre_weighted_power_0175,5,4,TRENTINO-ALTO ADIGE/SÜDTIROL,1,25,0.04,2
0.4166666666666667,19720507,1972,greenacre_weighted_power_0175,5,5,LOMBARDIA,5,15,0.3333333333333333,12
0.7142857142857143,19720507,1972,greenacre_weighted_power_0175,5,5,VENETO,5,15,0.3333333333333333,7
0.5,19720507,1972,greenacre_weighted_power_0175,5,5,FRIULI-VENEZIA GIULIA,2,15,0.13333333333333333,4
0.25,19720507,1972,greenacre_weighted_power_0175,5,5,PIEMONTE,2,15,0.13333333333333333,8
0.5,19720507,1972,greenacre_weighted_power_0175,5,5,TRENTINO-ALTO ADIGE/SÜDTIROL,1,15,0.06666666666666667,2
0.5555555555555556,19720507,1972,greenacre_weighted_power_0175,6,1,SICILIA,5,18,0.2777777777777778,9
0.6,19720507,1972,greenacre_weighted_power_0175,6,1,CAMPANIA,3,18,0.16666666666666666,5
0.5,19720507,1972,greenacre_weighted_power_0175,6,1,PUGLIA,3,18,0.16666666666666666,6
0.6,19720507,1972,greenacre_weighted_power_0175,6,1,SARDEGNA,3,18,0.16666666666666666,5
0.4,19720507,1972,greenacre_weighted_power_0175,6,1,LAZIO,2,18,0.1111111111111111,5
0.2,19720507,1972,greenacre_weighted_power_0175,6,1,CALABRIA,1,18,0.05555555555555555,5
0.25,19720507,1972,greenacre_weighted_power_0175,6,1,FRIULI-VENEZIA GIULIA,1,18,0.05555555555555555,4
0.4166666666666667,19720507,1972,greenacre_weighted_power_0175,6,2,LOMBARDIA,5,16,0.3125,12
0.7142857142857143,19720507,1972,greenacre_weighted_power_0175,6,2,VENETO,5,16,0.3125,7
0.5,19720507,1972,greenacre_weighted_power_0175,6,2,FRIULI-VENEZIA GIULIA,2,16,0.125,4
0.25,19720507,1972,greenacre_weighted_power_0175,6,2,PIEMONTE,2,16,0.125,8
1,19720507,1972,greenacre_weighted_power_0175,6,2,TRENTINO-ALTO ADIGE/SÜDTIROL,2,16,0.125,2
0.3333333333333333,19720507,1972,greenacre_weighted_power_0175,6,3,LOMBARDIA,4,20,0.2,12
0.6,19720507,1972,greenacre_weighted_power_0175,6,3,MARCHE,3,20,0.15,5
0.5,19720507,1972,greenacre_weighted_power_0175,6,3,ABRUZZO,2,20,0.1,4
0.4,19720507,1972,greenacre_weighted_power_0175,6,3,LAZIO,2,20,0.1,5
0.3333333333333333,19720507,1972,greenacre_weighted_power_0175,6,3,PUGLIA,2,20,0.1,6
0.5,19720507,1972,greenacre_weighted_power_0175,6,3,BASILICATA,1,20,0.05,2
0.2,19720507,1972,greenacre_weighted_power_0175,6,3,CALABRIA,1,20,0.05,5
0.25,19720507,1972,greenacre_weighted_power_0175,6,3,FRIULI-VENEZIA GIULIA,1,20,0.05,4
0.2,19720507,1972,greenacre_weighted_power_0175,6,3,SARDEGNA,1,20,0.05,5
0.1111111111111111,19720507,1972,greenacre_weighted_power_0175,6,3,SICILIA,1,20,0.05,9
0.1,19720507,1972,greenacre_weighted_power_0175,6,3,TOSCANA,1,20,0.05,10
0.14285714285714285,19720507,1972,greenacre_weighted_power_0175,6,3,VENETO,1,20,0.05,7
0.6,19720507,1972,greenacre_weighted_power_0175,6,4,CALABRIA,3,16,0.1875,5
0.3333333333333333,19720507,1972,greenacre_weighted_power_0175,6,4,SICILIA,3,16,0.1875,9
0.5,19720507,1972,greenacre_weighted_power_0175,6,4,ABRUZZO,2,16,0.125,4
0.4,19720507,1972,greenacre_weighted_power_0175,6,4,CAMPANIA,2,16,0.125,5
1,19720507,1972,greenacre_weighted_power_0175,6,4,MOLISE,2,16,0.125,2
0.5,19720507,1972,greenacre_weighted_power_0175,6,4,BASILICATA,1,16,0.0625,2
0.2,19720507,1972,greenacre_weighted_power_0175,6,4,LAZIO,1,16,0.0625,5
0.16666666666666666,19720507,1972,greenacre_weighted_power_0175,6,4,PUGLIA,1,16,0.0625,6
0.2,19720507,1972,greenacre_weighted_power_0175,6,4,SARDEGNA,1,16,0.0625,5
0.8,19720507,1972,greenacre_weighted_power_0175,6,5,TOSCANA,8,18,0.4444444444444444,10
0.7777777777777778,19720507,1972,greenacre_weighted_power_0175,6,5,EMILIA-ROMAGNA,7,18,0.3888888888888889,9
1,19720507,1972,greenacre_weighted_power_0175,6,5,UMBRIA,2,18,0.1111111111111111,2
0.2,19720507,1972,greenacre_weighted_power_0175,6,5,MARCHE,1,18,0.05555555555555555,5
0.75,19720507,1972,greenacre_weighted_power_0175,6,6,PIEMONTE,6,18,0.3333333333333333,8
1,19720507,1972,greenacre_weighted_power_0175,6,6,LIGURIA,4,18,0.2222222222222222,4
0.25,19720507,1972,greenacre_weighted_power_0175,6,6,LOMBARDIA,3,18,0.16666666666666666,12
0.2222222222222222,19720507,1972,greenacre_weighted_power_0175,6,6,EMILIA-ROMAGNA,2,18,0.1111111111111111,9
0.2,19720507,1972,greenacre_weighted_power_0175,6,6,MARCHE,1,18,0.05555555555555555,5
0.1,19720507,1972,greenacre_weighted_power_0175,6,6,TOSCANA,1,18,0.05555555555555555,10
0.14285714285714285,19720507,1972,greenacre_weighted_power_0175,6,6,VENETO,1,18,0.05555555555555555,7
0.75,19720507,1972,greenacre_weighted_power_0175,7,1,ABRUZZO,3,14,0.21428571428571427,4
0.6,19720507,1972,greenacre_weighted_power_0175,7,1,CALABRIA,3,14,0.21428571428571427,5
0.3333333333333333,19720507,1972,greenacre_weighted_power_0175,7,1,SICILIA,3,14,0.21428571428571427,9
1,19720507,1972,greenacre_weighted_power_0175,7,1,BASILICATA,2,14,0.14285714285714285,2
0.4,19720507,1972,greenacre_weighted_power_0175,7,1,SARDEGNA,2,14,0.14285714285714285,5
0.16666666666666666,19720507,1972,greenacre_weighted_power_0175,7,1,PUGLIA,1,14,0.07142857142857142,6
0.8,19720507,1972,greenacre_weighted_power_0175,7,2,TOSCANA,8,18,0.4444444444444444,10
0.7777777777777778,19720507,1972,greenacre_weighted_power_0175,7,2,EMILIA-ROMAGNA,7,18,0.3888888888888889,9
1,19720507,1972,greenacre_weighted_power_0175,7,2,UMBRIA,2,18,0.1111111111111111,2
0.2,19720507,1972,greenacre_weighted_power_0175,7,2,MARCHE,1,18,0.05555555555555555,5
0.5,19720507,1972,greenacre_weighted_power_0175,7,3,LOMBARDIA,6,14,0.42857142857142855,12
0.75,19720507,1972,greenacre_weighted_power_0175,7,3,FRIULI-VENEZIA GIULIA,3,14,0.21428571428571427,4
0.2857142857142857,19720507,1972,greenacre_weighted_power_0175,7,3,VENETO,2,14,0.14285714285714285,7
0.2,19720507,1972,greenacre_weighted_power_0175,7,3,MARCHE,1,14,0.07142857142857142,5
0.125,19720507,1972,greenacre_weighted_power_0175,7,3,PIEMONTE,1,14,0.07142857142857142,8
0.1,19720507,1972,greenacre_weighted_power_0175,7,3,TOSCANA,1,14,0.07142857142857142,10
0.75,19720507,1972,greenacre_weighted_power_0175,7,4,PIEMONTE,6,17,0.35294117647058826,8
1,19720507,1972,greenacre_weighted_power_0175,7,4,LIGURIA,4,17,0.23529411764705882,4
0.25,19720507,1972,greenacre_weighted_power_0175,7,4,LOMBARDIA,3,17,0.17647058823529413,12
0.2222222222222222,19720507,1972,greenacre_weighted_power_0175,7,4,EMILIA-ROMAGNA,2,17,0.11764705882352941,9
0.2,19720507,1972,greenacre_weighted_power_0175,7,4,MARCHE,1,17,0.058823529411764705,5
0.1,19720507,1972,greenacre_weighted_power_0175,7,4,TOSCANA,1,17,0.058823529411764705,10
0.7142857142857143,19720507,1972,greenacre_weighted_power_0175,7,5,VENETO,5,10,0.5,7
0.25,19720507,1972,greenacre_weighted_power_0175,7,5,LOMBARDIA,3,10,0.3,12
0.125,19720507,1972,greenacre_weighted_power_0175,7,5,PIEMONTE,1,10,0.1,8
0.5,19720507,1972,greenacre_weighted_power_0175,7,5,TRENTINO-ALTO ADIGE/SÜDTIROL,1,10,0.1,2
0.8,19720507,1972,greenacre_weighted_power_0175,7,6,LAZIO,4,15,0.26666666666666666,5
0.6666666666666666,19720507,1972,greenacre_weighted_power_0175,7,6,PUGLIA,4,15,0.26666666666666666,6
0.4,19720507,1972,greenacre_weighted_power_0175,7,6,MARCHE,2,15,0.13333333333333333,5
0.2222222222222222,19720507,1972,greenacre_weighted_power_0175,7,6,SICILIA,2,15,0.13333333333333333,9
0.2,19720507,1972,greenacre_weighted_power_0175,7,6,CAMPANIA,1,15,0.06666666666666667,5
0.25,19720507,1972,greenacre_weighted_power_0175,7,6,FRIULI-VENEZIA GIULIA,1,15,0.06666666666666667,4
0.2,19720507,1972,greenacre_weighted_power_0175,7,6,SARDEGNA,1,15,0.06666666666666667,5
0.8,19720507,1972,greenacre_weighted_power_0175,7,7,CAMPANIA,4,18,0.2222222222222222,5
0.4444444444444444,19720507,1972,greenacre_weighted_power_0175,7,7,SICILIA,4,18,0.2222222222222222,9
0.4,19720507,1972,greenacre_weighted_power_0175,7,7,CALABRIA,2,18,0.1111111111111111,5
1,19720507,1972,greenacre_weighted_power_0175,7,7,MOLISE,2,18,0.1111111111111111,2
0.4,19720507,1972,greenacre_weighted_power_0175,7,7,SARDEGNA,2,18,0.1111111111111111,5
0.25,19720507,1972,greenacre_weighted_power_0175,7,7,ABRUZZO,1,18,0.05555555555555555,4
0.2,19720507,1972,greenacre_weighted_power_0175,7,7,LAZIO,1,18,0.05555555555555555,5
0.16666666666666666,19720507,1972,greenacre_weighted_power_0175,7,7,PUGLIA,1,18,0.05555555555555555,6
0.5,19720507,1972,greenacre_weighted_power_0175,7,7,TRENTINO-ALTO ADIGE/SÜDTIROL,1,18,0.05555555555555555,2
0.3333333333333333,19720507,1972,greenacre_weighted_power_0175,8,1,EMILIA-ROMAGNA,3,9,0.3333333333333333,9
0.4,19720507,1972,greenacre_weighted_power_0175,8,1,MARCHE,2,9,0.2222222222222222,5
0.2,19720507,1972,greenacre_weighted_power_0175,8,1,TOSCANA,2,9,0.2222222222222222,10
0.25,19720507,1972,greenacre_weighted_power_0175,8,1,LIGURIA,1,9,0.1111111111111111,4
0.5,19720507,1972,greenacre_weighted_power_0175,8,1,UMBRIA,1,9,0.1111111111111111,2
0.5714285714285714,19720507,1972,greenacre_weighted_power_0175,8,2,VENETO,4,9,0.4444444444444444,7
0.25,19720507,1972,greenacre_weighted_power_0175,8,2,LOMBARDIA,3,9,0.3333333333333333,12
0.125,19720507,1972,greenacre_weighted_power_0175,8,2,PIEMONTE,1,9,0.1111111111111111,8
0.5,19720507,1972,greenacre_weighted_power_0175,8,2,TRENTINO-ALTO ADIGE/SÜDTIROL,1,9,0.1111111111111111,2
0.5,19720507,1972,greenacre_weighted_power_0175,8,3,LOMBARDIA,6,13,0.46153846153846156,12
0.5,19720507,1972,greenacre_weighted_power_0175,8,3,FRIULI-VENEZIA GIULIA,2,13,0.15384615384615385,4
0.2857142857142857,19720507,1972,greenacre_weighted_power_0175,8,3,VENETO,2,13,0.15384615384615385,7
0.2,19720507,1972,greenacre_weighted_power_0175,8,3,MARCHE,1,13,0.07692307692307693,5
0.125,19720507,1972,greenacre_weighted_power_0175,8,3,PIEMONTE,1,13,0.07692307692307693,8
0.1,19720507,1972,greenacre_weighted_power_0175,8,3,TOSCANA,1,13,0.07692307692307693,10
0.4444444444444444,19720507,1972,greenacre_weighted_power_0175,8,4,SICILIA,4,15,0.26666666666666666,9
0.75,19720507,1972,greenacre_weighted_power_0175,8,4,ABRUZZO,3,15,0.2,4
0.6,19720507,1972,greenacre_weighted_power_0175,8,4,CALABRIA,3,15,0.2,5
1,19720507,1972,greenacre_weighted_power_0175,8,4,BASILICATA,2,15,0.13333333333333333,2
0.4,19720507,1972,greenacre_weighted_power_0175,8,4,SARDEGNA,2,15,0.13333333333333333,5
0.16666666666666666,19720507,1972,greenacre_weighted_power_0175,8,4,PUGLIA,1,15,0.06666666666666667,6
0.8,19720507,1972,greenacre_weighted_power_0175,8,5,LAZIO,4,18,0.2222222222222222,5
0.6666666666666666,19720507,1972,greenacre_weighted_power_0175,8,5,PUGLIA,4,18,0.2222222222222222,6
0.6,19720507,1972,greenacre_weighted_power_0175,8,5,SARDEGNA,3,18,0.16666666666666666,5
0.3333333333333333,19720507,1972,greenacre_weighted_power_0175,8,5,SICILIA,3,18,0.16666666666666666,9
0.2,19720507,1972,greenacre_weighted_power_0175,8,5,CALABRIA,1,18,0.05555555555555555,5
0.2,19720507,1972,greenacre_weighted_power_0175,8,5,CAMPANIA,1,18,0.05555555555555555,5
0.25,19720507,1972,greenacre_weighted_power_0175,8,5,FRIULI-VENEZIA GIULIA,1,18,0.05555555555555555,4
0.2,19720507,1972,greenacre_weighted_power_0175,8,5,MARCHE,1,18,0.05555555555555555,5
0.75,19720507,1972,greenacre_weighted_power_0175,8,6,PIEMONTE,6,14,0.42857142857142855,8
0.75,19720507,1972,greenacre_weighted_power_0175,8,6,LIGURIA,3,14,0.21428571428571427,4
0.25,19720507,1972,greenacre_weighted_power_0175,8,6,LOMBARDIA,3,14,0.21428571428571427,12
0.2222222222222222,19720507,1972,greenacre_weighted_power_0175,8,6,EMILIA-ROMAGNA,2,14,0.14285714285714285,9
0.7,19720507,1972,greenacre_weighted_power_0175,8,7,TOSCANA,7,13,0.5384615384615384,10
0.4444444444444444,19720507,1972,greenacre_weighted_power_0175,8,7,EMILIA-ROMAGNA,4,13,0.3076923076923077,9
0.2,19720507,1972,greenacre_weighted_power_0175,8,7,MARCHE,1,13,0.07692307692307693,5
0.5,19720507,1972,greenacre_weighted_power_0175,8,7,UMBRIA,1,13,0.07692307692307693,2
0.8,19720507,1972,greenacre_weighted_power_0175,8,8,CAMPANIA,4,15,0.26666666666666666,5
1,19720507,1972,greenacre_weighted_power_0175,8,8,MOLISE,2,15,0.13333333333333333,2
0.2222222222222222,19720507,1972,greenacre_weighted_power_0175,8,8,SICILIA,2,15,0.13333333333333333,9
0.25,19720507,1972,greenacre_weighted_power_0175,8,8,ABRUZZO,1,15,0.06666666666666667,4
0.2,19720507,1972,greenacre_weighted_power_0175,8,8,CALABRIA,1,15,0.06666666666666667,5
0.25,19720507,1972,greenacre_weighted_power_0175,8,8,FRIULI-VENEZIA GIULIA,1,15,0.06666666666666667,4
0.2,19720507,1972,greenacre_weighted_power_0175,8,8,LAZIO,1,15,0.06666666666666667,5
0.16666666666666666,19720507,1972,greenacre_weighted_power_0175,8,8,PUGLIA,1,15,0.06666666666666667,6
0.5,19720507,1972,greenacre_weighted_power_0175,8,8,TRENTINO-ALTO ADIGE/SÜDTIROL,1,15,0.06666666666666667,2
0.14285714285714285,19720507,1972,greenacre_weighted_power_0175,8,8,VENETO,1,15,0.06666666666666667,7
1,19760620,1976,greenacre_weighted_power_0175,2,1,SICILIA,9,67,0.13432835820895522,9
0.6666666666666666,19760620,1976,greenacre_weighted_power_0175,2,1,LOMBARDIA,8,67,0.11940298507462686,12
1,19760620,1976,greenacre_weighted_power_0175,2,1,VENETO,7,67,0.1044776119402985,7
0.75,19760620,1976,greenacre_weighted_power_0175,2,1,PIEMONTE,6,67,0.08955223880597014,8
1,19760620,1976,greenacre_weighted_power_0175,2,1,CAMPANIA,5,67,0.07462686567164178,5
1,19760620,1976,greenacre_weighted_power_0175,2,1,LAZIO,5,67,0.07462686567164178,5
0.8333333333333334,19760620,1976,greenacre_weighted_power_0175,2,1,PUGLIA,5,67,0.07462686567164178,6
0.8,19760620,1976,greenacre_weighted_power_0175,2,1,CALABRIA,4,67,0.05970149253731343,5
1,19760620,1976,greenacre_weighted_power_0175,2,1,FRIULI-VENEZIA GIULIA,4,67,0.05970149253731343,4
0.75,19760620,1976,greenacre_weighted_power_0175,2,1,LIGURIA,3,67,0.04477611940298507,4
0.6,19760620,1976,greenacre_weighted_power_0175,2,1,SARDEGNA,3,67,0.04477611940298507,5
0.5,19760620,1976,greenacre_weighted_power_0175,2,1,ABRUZZO,2,67,0.029850746268656716,4
1,19760620,1976,greenacre_weighted_power_0175,2,1,BASILICATA,2,67,0.029850746268656716,2
1,19760620,1976,greenacre_weighted_power_0175,2,1,MOLISE,2,67,0.029850746268656716,2
1,19760620,1976,greenacre_weighted_power_0175,2,1,TRENTINO-ALTO ADIGE/SÜDTIROL,2,67,0.029850746268656716,2
1,19760620,1976,greenacre_weighted_power_0175,2,2,TOSCANA,10,39,0.2564102564102564,10
1,19760620,1976,greenacre_weighted_power_0175,2,2,EMILIA-ROMAGNA,9,39,0.23076923076923078,9
1,19760620,1976,greenacre_weighted_power_0175,2,2,MARCHE,5,39,0.1282051282051282,5
0.3333333333333333,19760620,1976,greenacre_weighted_power_0175,2,2,LOMBARDIA,4,39,0.10256410256410256,12
0.5,19760620,1976,greenacre_weighted_power_0175,2,2,ABRUZZO,2,39,0.05128205128205128,4
0.25,19760620,1976,greenacre_weighted_power_0175,2,2,PIEMONTE,2,39,0.05128205128205128,8
0.4,19760620,1976,greenacre_weighted_power_0175,2,2,SARDEGNA,2,39,0.05128205128205128,5
1,19760620,1976,greenacre_weighted_power_0175,2,2,UMBRIA,2,39,0.05128205128205128,2
0.2,19760620,1976,greenacre_weighted_power_0175,2,2,CALABRIA,1,39,0.02564102564102564,5
0.25,19760620,1976,greenacre_weighted_power_0175,2,2,LIGURIA,1,39,0.02564102564102564,4
0.16666666666666666,19760620,1976,greenacre_weighted_power_0175,2,2,PUGLIA,1,39,0.02564102564102564,6
1,19760620,1976,greenacre_weighted_power_0175,3,1,SICILIA,9,54,0.16666666666666666,9
1,19760620,1976,greenacre_weighted_power_0175,3,1,VENETO,7,54,0.12962962962962962,7
0.5555555555555556,19760620,1976,greenacre_weighted_power_0175,3,1,EMILIA-ROMAGNA,5,54,0.09259259259259259,9
1,19760620,1976,greenacre_weighted_power_0175,3,1,LAZIO,5,54,0.09259259259259259,5
0.625,19760620,1976,greenacre_weighted_power_0175,3,1,PIEMONTE,5,54,0.09259259259259259,8
1,19760620,1976,greenacre_weighted_power_0175,3,1,FRIULI-VENEZIA GIULIA,4,54,0.07407407407407407,4
1,19760620,1976,greenacre_weighted_power_0175,3,1,LIGURIA,4,54,0.07407407407407407,4
0.3333333333333333,19760620,1976,greenacre_weighted_power_0175,3,1,LOMBARDIA,4,54,0.07407407407407407,12
0.5,19760620,1976,greenacre_weighted_power_0175,3,1,PUGLIA,3,54,0.05555555555555555,6
1,19760620,1976,greenacre_weighted_power_0175,3,1,BASILICATA,2,54,0.037037037037037035,2
0.4,19760620,1976,greenacre_weighted_power_0175,3,1,CAMPANIA,2,54,0.037037037037037035,5
1,19760620,1976,greenacre_weighted_power_0175,3,1,TRENTINO-ALTO ADIGE/SÜDTIROL,2,54,0.037037037037037035,2
1,19760620,1976,greenacre_weighted_power_0175,3,1,UMBRIA,2,54,0.037037037037037035,2
0.9,19760620,1976,greenacre_weighted_power_0175,3,2,TOSCANA,9,19,0.47368421052631576,10
0.4444444444444444,19760620,1976,greenacre_weighted_power_0175,3,2,EMILIA-ROMAGNA,4,19,0.21052631578947367,9
0.6,19760620,1976,greenacre_weighted_power_0175,3,2,MARCHE,3,19,0.15789473684210525,5
0.16666666666666666,19760620,1976,greenacre_weighted_power_0175,3,2,LOMBARDIA,2,19,0.10526315789473684,12
0.125,19760620,1976,greenacre_weighted_power_0175,3,2,PIEMONTE,1,19,0.05263157894736842,8
0.5,19760620,1976,greenacre_weighted_power_0175,3,3,LOMBARDIA,6,33,0.18181818181818182,12
1,19760620,1976,greenacre_weighted_power_0175,3,3,CALABRIA,5,33,0.15151515151515152,5
1,19760620,1976,greenacre_weighted_power_0175,3,3,SARDEGNA,5,33,0.15151515151515152,5
1,19760620,1976,greenacre_weighted_power_0175,3,3,ABRUZZO,4,33,0.12121212121212122,4
0.6,19760620,1976,greenacre_weighted_power_0175,3,3,CAMPANIA,3,33,0.09090909090909091,5
0.5,19760620,1976,greenacre_weighted_power_0175,3,3,PUGLIA,3,33,0.09090909090909091,6
0.4,19760620,1976,greenacre_weighted_power_0175,3,3,MARCHE,2,33,0.06060606060606061,5
1,19760620,1976,greenacre_weighted_power_0175,3,3,MOLISE,2,33,0.06060606060606061,2
0.25,19760620,1976,greenacre_weighted_power_0175,3,3,PIEMONTE,2,33,0.06060606060606061,8
0.1,19760620,1976,greenacre_weighted_power_0175,3,3,TOSCANA,1,33,0.030303030303030304,10
0.5555555555555556,19760620,1976,greenacre_weighted_power_0175,4,1,EMILIA-ROMAGNA,5,26,0.19230769230769232,9
0.625,19760620,1976,greenacre_weighted_power_0175,4,1,PIEMONTE,5,26,0.19230769230769232,8
1,19760620,1976,greenacre_weighted_power_0175,4,1,LIGURIA,4,26,0.15384615384615385,4
0.3333333333333333,19760620,1976,greenacre_weighted_power_0175,4,1,LOMBARDIA,4,26,0.15384615384615385,12
0.5714285714285714,19760620,1976,greenacre_weighted_power_0175,4,1,VENETO,4,26,0.15384615384615385,7
0.4,19760620,1976,greenacre_weighted_power_0175,4,1,LAZIO,2,26,0.07692307692307693,5
1,19760620,1976,greenacre_weighted_power_0175,4,1,UMBRIA,2,26,0.07692307692307693,2
0.5833333333333334,19760620,1976,greenacre_weighted_power_0175,4,2,LOMBARDIA,7,37,0.1891891891891892,12
1,19760620,1976,greenacre_weighted_power_0175,4,2,CALABRIA,5,37,0.13513513513513514,5
1,19760620,1976,greenacre_weighted_power_0175,4,2,SARDEGNA,5,37,0.13513513513513514,5
1,19760620,1976,greenacre_weighted_power_0175,4,2,ABRUZZO,4,37,0.10810810810810811,4
0.6,19760620,1976,greenacre_weighted_power_0175,4,2,CAMPANIA,3,37,0.08108108108108109,5
0.5,19760620,1976,greenacre_weighted_power_0175,4,2,PUGLIA,3,37,0.08108108108108109,6
0.4,19760620,1976,greenacre_weighted_power_0175,4,2,MARCHE,2,37,0.05405405405405406,5
1,19760620,1976,greenacre_weighted_power_0175,4,2,MOLISE,2,37,0.05405405405405406,2
0.25,19760620,1976,greenacre_weighted_power_0175,4,2,PIEMONTE,2,37,0.05405405405405406,8
0.2857142857142857,19760620,1976,greenacre_weighted_power_0175,4,2,VENETO,2,37,0.05405405405405406,7
0.1111111111111111,19760620,1976,greenacre_weighted_power_0175,4,2,EMILIA-ROMAGNA,1,37,0.02702702702702703,9
0.1,19760620,1976,greenacre_weighted_power_0175,4,2,TOSCANA,1,37,0.02702702702702703,10
0.9,19760620,1976,greenacre_weighted_power_0175,4,3,TOSCANA,9,17,0.5294117647058824,10
0.3333333333333333,19760620,1976,greenacre_weighted_power_0175,4,3,EMILIA-ROMAGNA,3,17,0.17647058823529413,9
0.6,19760620,1976,greenacre_weighted_power_0175,4,3,MARCHE,3,17,0.17647058823529413,5
0.08333333333333333,19760620,1976,greenacre_weighted_power_0175,4,3,LOMBARDIA,1,17,0.058823529411764705,12
0.125,19760620,1976,greenacre_weighted_power_0175,4,3,PIEMONTE,1,17,0.058823529411764705,8
1,19760620,1976,greenacre_weighted_power_0175,4,4,SICILIA,9,26,0.34615384615384615,9
1,19760620,1976,greenacre_weighted_power_0175,4,4,FRIULI-VENEZIA GIULIA,4,26,0.15384615384615385,4
0.6,19760620,1976,greenacre_weighted_power_0175,4,4,LAZIO,3,26,0.11538461538461539,5
0.5,19760620,1976,greenacre_weighted_power_0175,4,4,PUGLIA,3,26,0.11538461538461539,6
1,19760620,1976,greenacre_weighted_power_0175,4,4,BASILICATA,2,26,0.07692307692307693,2
0.4,19760620,1976,greenacre_weighted_power_0175,4,4,CAMPANIA,2,26,0.07692307692307693,5
1,19760620,1976,greenacre_weighted_power_0175,4,4,TRENTINO-ALTO ADIGE/SÜDTIROL,2,26,0.07692307692307693,2
0.14285714285714285,19760620,1976,greenacre_weighted_power_0175,4,4,VENETO,1,26,0.038461538461538464,7
1,19760620,1976,greenacre_weighted_power_0175,5,1,SICILIA,9,21,0.42857142857142855,9
0.8,19760620,1976,greenacre_weighted_power_0175,5,1,LAZIO,4,21,0.19047619047619047,5
0.5,19760620,1976,greenacre_weighted_power_0175,5,1,PUGLIA,3,21,0.14285714285714285,6
1,19760620,1976,greenacre_weighted_power_0175,5,1,BASILICATA,2,21,0.09523809523809523,2
0.4,19760620,1976,greenacre_weighted_power_0175,5,1,CAMPANIA,2,21,0.09523809523809523,5
0.25,19760620,1976,greenacre_weighted_power_0175,5,1,FRIULI-VENEZIA GIULIA,1,21,0.047619047619047616,4
0.5555555555555556,19760620,1976,greenacre_weighted_power_0175,5,2,EMILIA-ROMAGNA,5,23,0.21739130434782608,9
0.625,19760620,1976,greenacre_weighted_power_0175,5,2,PIEMONTE,5,23,0.21739130434782608,8
1,19760620,1976,greenacre_weighted_power_0175,5,2,LIGURIA,4,23,0.17391304347826086,4
0.3333333333333333,19760620,1976,greenacre_weighted_power_0175,5,2,LOMBARDIA,4,23,0.17391304347826086,12
1,19760620,1976,greenacre_weighted_power_0175,5,2,UMBRIA,2,23,0.08695652173913043,2
0.2857142857142857,19760620,1976,greenacre_weighted_power_0175,5,2,VENETO,2,23,0.08695652173913043,7
0.2,19760620,1976,greenacre_weighted_power_0175,5,2,LAZIO,1,23,0.043478260869565216,5
0.9,19760620,1976,greenacre_weighted_power_0175,5,3,TOSCANA,9,17,0.5294117647058824,10
0.3333333333333333,19760620,1976,greenacre_weighted_power_0175,5,3,EMILIA-ROMAGNA,3,17,0.17647058823529413,9
0.6,19760620,1976,greenacre_weighted_power_0175,5,3,MARCHE,3,17,0.17647058823529413,5
0.08333333333333333,19760620,1976,greenacre_weighted_power_0175,5,3,LOMBARDIA,1,17,0.058823529411764705,12
0.125,19760620,1976,greenacre_weighted_power_0175,5,3,PIEMONTE,1,17,0.058823529411764705,8
0.5833333333333334,19760620,1976,greenacre_weighted_power_0175,5,4,LOMBARDIA,7,21,0.3333333333333333,12
0.7142857142857143,19760620,1976,greenacre_weighted_power_0175,5,4,VENETO,5,21,0.23809523809523808,7
0.75,19760620,1976,greenacre_weighted_power_0175,5,4,FRIULI-VENEZIA GIULIA,3,21,0.14285714285714285,4
0.25,19760620,1976,greenacre_weighted_power_0175,5,4,PIEMONTE,2,21,0.09523809523809523,8
1,19760620,1976,greenacre_weighted_power_0175,5,4,TRENTINO-ALTO ADIGE/SÜDTIROL,2,21,0.09523809523809523,2
0.2,19760620,1976,greenacre_weighted_power_0175,5,4,MARCHE,1,21,0.047619047619047616,5
0.1,19760620,1976,greenacre_weighted_power_0175,5,4,TOSCANA,1,21,0.047619047619047616,10
1,19760620,1976,greenacre_weighted_power_0175,5,5,CALABRIA,5,24,0.20833333333333334,5
1,19760620,1976,greenacre_weighted_power_0175,5,5,SARDEGNA,5,24,0.20833333333333334,5
1,19760620,1976,greenacre_weighted_power_0175,5,5,ABRUZZO,4,24,0.16666666666666666,4
0.6,19760620,1976,greenacre_weighted_power_0175,5,5,CAMPANIA,3,24,0.125,5
0.5,19760620,1976,greenacre_weighted_power_0175,5,5,PUGLIA,3,24,0.125,6
1,19760620,1976,greenacre_weighted_power_0175,5,5,MOLISE,2,24,0.08333333333333333,2
0.1111111111111111,19760620,1976,greenacre_weighted_power_0175,5,5,EMILIA-ROMAGNA,1,24,0.041666666666666664,9
0.2,19760620,1976,greenacre_weighted_power_0175,5,5,MARCHE,1,24,0.041666666666666664,5
1,19760620,1976,greenacre_weighted_power_0175,6,1,CALABRIA,5,23,0.21739130434782608,5
1,19760620,1976,greenacre_weighted_power_0175,6,1,SARDEGNA,5,23,0.21739130434782608,5
1,19760620,1976,greenacre_weighted_power_0175,6,1,ABRUZZO,4,23,0.17391304347826086,4
0.6,19760620,1976,greenacre_weighted_power_0175,6,1,CAMPANIA,3,23,0.13043478260869565,5
0.5,19760620,1976,greenacre_weighted_power_0175,6,1,PUGLIA,3,23,0.13043478260869565,6
1,19760620,1976,greenacre_weighted_power_0175,6,1,MOLISE,2,23,0.08695652173913043,2
0.2,19760620,1976,greenacre_weighted_power_0175,6,1,MARCHE,1,23,0.043478260869565216,5
1,19760620,1976,greenacre_weighted_power_0175,6,2,SICILIA,9,22,0.4090909090909091,9
1,19760620,1976,greenacre_weighted_power_0175,6,2,LAZIO,5,22,0.22727272727272727,5
0.5,19760620,1976,greenacre_weighted_power_0175,6,2,PUGLIA,3,22,0.13636363636363635,6
1,19760620,1976,greenacre_weighted_power_0175,6,2,BASILICATA,2,22,0.09090909090909091,2
0.4,19760620,1976,greenacre_weighted_power_0175,6,2,CAMPANIA,2,22,0.09090909090909091,5
0.25,19760620,1976,greenacre_weighted_power_0175,6,2,FRIULI-VENEZIA GIULIA,1,22,0.045454545454545456,4
0.5833333333333334,19760620,1976,greenacre_weighted_power_0175,6,3,LOMBARDIA,7,15,0.4666666666666667,12
0.5714285714285714,19760620,1976,greenacre_weighted_power_0175,6,3,VENETO,4,15,0.26666666666666666,7
0.25,19760620,1976,greenacre_weighted_power_0175,6,3,PIEMONTE,2,15,0.13333333333333333,8
0.2,19760620,1976,greenacre_weighted_power_0175,6,3,MARCHE,1,15,0.06666666666666667,5
0.1,19760620,1976,greenacre_weighted_power_0175,6,3,TOSCANA,1,15,0.06666666666666667,10
0.5555555555555556,19760620,1976,greenacre_weighted_power_0175,6,4,EMILIA-ROMAGNA,5,22,0.22727272727272727,9
0.625,19760620,1976,greenacre_weighted_power_0175,6,4,PIEMONTE,5,22,0.22727272727272727,8
1,19760620,1976,greenacre_weighted_power_0175,6,4,LIGURIA,4,22,0.18181818181818182,4
0.3333333333333333,19760620,1976,greenacre_weighted_power_0175,6,4,LOMBARDIA,4,22,0.18181818181818182,12
1,19760620,1976,greenacre_weighted_power_0175,6,4,UMBRIA,2,22,0.09090909090909091,2
0.2857142857142857,19760620,1976,greenacre_weighted_power_0175,6,4,VENETO,2,22,0.09090909090909091,7
0.9,19760620,1976,greenacre_weighted_power_0175,6,5,TOSCANA,9,18,0.5,10
0.4444444444444444,19760620,1976,greenacre_weighted_power_0175,6,5,EMILIA-ROMAGNA,4,18,0.2222222222222222,9
0.6,19760620,1976,greenacre_weighted_power_0175,6,5,MARCHE,3,18,0.16666666666666666,5
0.08333333333333333,19760620,1976,greenacre_weighted_power_0175,6,5,LOMBARDIA,1,18,0.05555555555555555,12
0.125,19760620,1976,greenacre_weighted_power_0175,6,5,PIEMONTE,1,18,0.05555555555555555,8
0.75,19760620,1976,greenacre_weighted_power_0175,6,6,FRIULI-VENEZIA GIULIA,3,6,0.5,4
1,19760620,1976,greenacre_weighted_power_0175,6,6,TRENTINO-ALTO ADIGE/SÜDTIROL,2,6,0.3333333333333333,2
0.14285714285714285,19760620,1976,greenacre_weighted_power_0175,6,6,VENETO,1,6,0.16666666666666666,7
1,19760620,1976,greenacre_weighted_power_0175,7,1,SICILIA,9,22,0.4090909090909091,9
1,19760620,1976,greenacre_weighted_power_0175,7,1,LAZIO,5,22,0.22727272727272727,5
0.5,19760620,1976,greenacre_weighted_power_0175,7,1,PUGLIA,3,22,0.13636363636363635,6
1,19760620,1976,greenacre_weighted_power_0175,7,1,BASILICATA,2,22,0.09090909090909091,2
0.4,19760620,1976,greenacre_weighted_power_0175,7,1,CAMPANIA,2,22,0.09090909090909091,5
0.25,19760620,1976,greenacre_weighted_power_0175,7,1,FRIULI-VENEZIA GIULIA,1,22,0.045454545454545456,4
1,19760620,1976,greenacre_weighted_power_0175,7,2,CALABRIA,5,21,0.23809523809523808,5
1,19760620,1976,greenacre_weighted_power_0175,7,2,ABRUZZO,4,21,0.19047619047619047,4
0.8,19760620,1976,greenacre_weighted_power_0175,7,2,SARDEGNA,4,21,0.19047619047619047,5
0.6,19760620,1976,greenacre_weighted_power_0175,7,2,CAMPANIA,3,21,0.14285714285714285,5
0.5,19760620,1976,greenacre_weighted_power_0175,7,2,PUGLIA,3,21,0.14285714285714285,6
1,19760620,1976,greenacre_weighted_power_0175,7,2,MOLISE,2,21,0.09523809523809523,2
0.4166666666666667,19760620,1976,greenacre_weighted_power_0175,7,3,LOMBARDIA,5,10,0.5,12
0.5714285714285714,19760620,1976,greenacre_weighted_power_0175,7,3,VENETO,4,10,0.4,7
0.125,19760620,1976,greenacre_weighted_power_0175,7,3,PIEMONTE,1,10,0.1,8
0.8,19760620,1976,greenacre_weighted_power_0175,7,4,TOSCANA,8,11,0.7272727272727273,10
0.2222222222222222,19760620,1976,greenacre_weighted_power_0175,7,4,EMILIA-ROMAGNA,2,11,0.18181818181818182,9
0.2,19760620,1976,greenacre_weighted_power_0175,7,4,MARCHE,1,11,0.09090909090909091,5
0.5555555555555556,19760620,1976,greenacre_weighted_power_0175,7,5,EMILIA-ROMAGNA,5,22,0.22727272727272727,9
0.625,19760620,1976,greenacre_weighted_power_0175,7,5,PIEMONTE,5,22,0.22727272727272727,8
1,19760620,1976,greenacre_weighted_power_0175,7,5,LIGURIA,4,22,0.18181818181818182,4
0.3333333333333333,19760620,1976,greenacre_weighted_power_0175,7,5,LOMBARDIA,4,22,0.18181818181818182,12
1,19760620,1976,greenacre_weighted_power_0175,7,5,UMBRIA,2,22,0.09090909090909091,2
0.2857142857142857,19760620,1976,greenacre_weighted_power_0175,7,5,VENETO,2,22,0.09090909090909091,7
0.8,19760620,1976,greenacre_weighted_power_0175,7,6,MARCHE,4,14,0.2857142857142857,5
0.25,19760620,1976,greenacre_weighted_power_0175,7,6,LOMBARDIA,3,14,0.21428571428571427,12
0.2222222222222222,19760620,1976,greenacre_weighted_power_0175,7,6,EMILIA-ROMAGNA,2,14,0.14285714285714285,9
0.25,19760620,1976,greenacre_weighted_power_0175,7,6,PIEMONTE,2,14,0.14285714285714285,8
0.2,19760620,1976,greenacre_weighted_power_0175,7,6,TOSCANA,2,14,0.14285714285714285,10
0.2,19760620,1976,greenacre_weighted_power_0175,7,6,SARDEGNA,1,14,0.07142857142857142,5
0.75,19760620,1976,greenacre_weighted_power_0175,7,7,FRIULI-VENEZIA GIULIA,3,6,0.5,4
1,19760620,1976,greenacre_weighted_power_0175,7,7,TRENTINO-ALTO ADIGE/SÜDTIROL,2,6,0.3333333333333333,2
0.14285714285714285,19760620,1976,greenacre_weighted_power_0175,7,7,VENETO,1,6,0.16666666666666666,7
0.5555555555555556,19760620,1976,greenacre_weighted_power_0175,8,1,EMILIA-ROMAGNA,5,8,0.625,9
1,19760620,1976,greenacre_weighted_power_0175,8,1,UMBRIA,2,8,0.25,2
0.25,19760620,1976,greenacre_weighted_power_0175,8,1,LIGURIA,1,8,0.125,4
0.75,19760620,1976,greenacre_weighted_power_0175,8,2,FRIULI-VENEZIA GIULIA,3,6,0.5,4
1,19760620,1976,greenacre_weighted_power_0175,8,2,TRENTINO-ALTO ADIGE/SÜDTIROL,2,6,0.3333333333333333,2
0.14285714285714285,19760620,1976,greenacre_weighted_power_0175,8,2,VENETO,1,6,0.16666666666666666,7
0.8,19760620,1976,greenacre_weighted_power_0175,8,3,MARCHE,4,17,0.23529411764705882,5
0.25,19760620,1976,greenacre_weighted_power_0175,8,3,LOMBARDIA,3,17,0.17647058823529413,12
0.2222222222222222,19760620,1976,greenacre_weighted_power_0175,8,3,EMILIA-ROMAGNA,2,17,0.11764705882352941,9
0.25,19760620,1976,greenacre_weighted_power_0175,8,3,PIEMONTE,2,17,0.11764705882352941,8
0.4,19760620,1976,greenacre_weighted_power_0175,8,3,SARDEGNA,2,17,0.11764705882352941,5
0.2,19760620,1976,greenacre_weighted_power_0175,8,3,TOSCANA,2,17,0.11764705882352941,10
0.25,19760620,1976,greenacre_weighted_power_0175,8,3,ABRUZZO,1,17,0.058823529411764705,4
0.16666666666666666,19760620,1976,greenacre_weighted_power_0175,8,3,PUGLIA,1,17,0.058823529411764705,6
1,19760620,1976,greenacre_weighted_power_0175,8,4,CALABRIA,5,18,0.2777777777777778,5
0.75,19760620,1976,greenacre_weighted_power_0175,8,4,ABRUZZO,3,18,0.16666666666666666,4
0.6,19760620,1976,greenacre_weighted_power_0175,8,4,CAMPANIA,3,18,0.16666666666666666,5
0.6,19760620,1976,greenacre_weighted_power_0175,8,4,SARDEGNA,3,18,0.16666666666666666,5
1,19760620,1976,greenacre_weighted_power_0175,8,4,MOLISE,2,18,0.1111111111111111,2
0.3333333333333333,19760620,1976,greenacre_weighted_power_0175,8,4,PUGLIA,2,18,0.1111111111111111,6
0.4166666666666667,19760620,1976,greenacre_weighted_power_0175,8,5,LOMBARDIA,5,10,0.5,12
0.5714285714285714,19760620,1976,greenacre_weighted_power_0175,8,5,VENETO,4,10,0.4,7
0.125,19760620,1976,greenacre_weighted_power_0175,8,5,PIEMONTE,1,10,0.1,8
0.8,19760620,1976,greenacre_weighted_power_0175,8,6,TOSCANA,8,11,0.7272727272727273,10
0.2222222222222222,19760620,1976,greenacre_weighted_power_0175,8,6,EMILIA-ROMAGNA,2,11,0.18181818181818182,9
0.2,19760620,1976,greenacre_weighted_power_0175,8,6,MARCHE,1,11,0.09090909090909091,5
1,19760620,1976,greenacre_weighted_power_0175,8,7,SICILIA,9,22,0.4090909090909091,9
1,19760620,1976,greenacre_weighted_power_0175,8,7,LAZIO,5,22,0.22727272727272727,5
0.5,19760620,1976,greenacre_weighted_power_0175,8,7,PUGLIA,3,22,0.13636363636363635,6
1,19760620,1976,greenacre_weighted_power_0175,8,7,BASILICATA,2,22,0.09090909090909091,2
0.4,19760620,1976,greenacre_weighted_power_0175,8,7,CAMPANIA,2,22,0.09090909090909091,5
0.25,19760620,1976,greenacre_weighted_power_0175,8,7,FRIULI-VENEZIA GIULIA,1,22,0.045454545454545456,4
0.625,19760620,1976,greenacre_weighted_power_0175,8,8,PIEMONTE,5,14,0.35714285714285715,8
0.3333333333333333,19760620,1976,greenacre_weighted_power_0175,8,8,LOMBARDIA,4,14,0.2857142857142857,12
0.75,19760620,1976,greenacre_weighted_power_0175,8,8,LIGURIA,3,14,0.21428571428571427,4
0.2857142857142857,19760620,1976,greenacre_weighted_power_0175,8,8,VENETO,2,14,0.14285714285714285,7
1,19790603,1979,greenacre_weighted_power_0175,2,1,SICILIA,9,63,0.14285714285714285,9
1,19790603,1979,greenacre_weighted_power_0175,2,1,PUGLIA,6,63,0.09523809523809523,6
1,19790603,1979,greenacre_weighted_power_0175,2,1,CALABRIA,5,63,0.07936507936507936,5
1,19790603,1979,greenacre_weighted_power_0175,2,1,CAMPANIA,5,63,0.07936507936507936,5
0.4166666666666667,19790603,1979,greenacre_weighted_power_0175,2,1,LOMBARDIA,5,63,0.07936507936507936,12
1,19790603,1979,greenacre_weighted_power_0175,2,1,SARDEGNA,5,63,0.07936507936507936,5
0.7142857142857143,19790603,1979,greenacre_weighted_power_0175,2,1,VENETO,5,63,0.07936507936507936,7
1,19790603,1979,greenacre_weighted_power_0175,2,1,ABRUZZO,4,63,0.06349206349206349,4
1,19790603,1979,greenacre_weighted_power_0175,2,1,FRIULI-VENEZIA GIULIA,4,63,0.06349206349206349,4
0.6,19790603,1979,greenacre_weighted_power_0175,2,1,LAZIO,3,63,0.047619047619047616,5
1,19790603,1979,greenacre_weighted_power_0175,2,1,BASILICATA,2,63,0.031746031746031744,2
0.4,19790603,1979,greenacre_weighted_power_0175,2,1,MARCHE,2,63,0.031746031746031744,5
1,19790603,1979,greenacre_weighted_power_0175,2,1,MOLISE,2,63,0.031746031746031744,2
0.25,19790603,1979,greenacre_weighted_power_0175,2,1,PIEMONTE,2,63,0.031746031746031744,8
1,19790603,1979,greenacre_weighted_power_0175,2,1,TRENTINO-ALTO ADIGE/SÜDTIROL,2,63,0.031746031746031744,2
0.25,19790603,1979,greenacre_weighted_power_0175,2,1,LIGURIA,1,63,0.015873015873015872,4
0.1,19790603,1979,greenacre_weighted_power_0175,2,1,TOSCANA,1,63,0.015873015873015872,10
1,19790603,1979,greenacre_weighted_power_0175,2,2,EMILIA-ROMAGNA,9,43,0.20930232558139536,9
0.9,19790603,1979,greenacre_weighted_power_0175,2,2,TOSCANA,9,43,0.20930232558139536,10
0.5833333333333334,19790603,1979,greenacre_weighted_power_0175,2,2,LOMBARDIA,7,43,0.16279069767441862,12
0.75,19790603,1979,greenacre_weighted_power_0175,2,2,PIEMONTE,6,43,0.13953488372093023,8
0.75,19790603,1979,greenacre_weighted_power_0175,2,2,LIGURIA,3,43,0.06976744186046512,4
0.6,19790603,1979,greenacre_weighted_power_0175,2,2,MARCHE,3,43,0.06976744186046512,5
0.4,19790603,1979,greenacre_weighted_power_0175,2,2,LAZIO,2,43,0.046511627906976744,5
1,19790603,1979,greenacre_weighted_power_0175,2,2,UMBRIA,2,43,0.046511627906976744,2
0.2857142857142857,19790603,1979,greenacre_weighted_power_0175,2,2,VENETO,2,43,0.046511627906976744,7
1,19790603,1979,greenacre_weighted_power_0175,3,1,SICILIA,9,46,0.1956521739130435,9
1,19790603,1979,greenacre_weighted_power_0175,3,1,PUGLIA,6,46,0.13043478260869565,6
1,19790603,1979,greenacre_weighted_power_0175,3,1,CALABRIA,5,46,0.10869565217391304,5
1,19790603,1979,greenacre_weighted_power_0175,3,1,CAMPANIA,5,46,0.10869565217391304,5
1,19790603,1979,greenacre_weighted_power_0175,3,1,SARDEGNA,5,46,0.10869565217391304,5
1,19790603,1979,greenacre_weighted_power_0175,3,1,ABRUZZO,4,46,0.08695652173913043,4
0.75,19790603,1979,greenacre_weighted_power_0175,3,1,FRIULI-VENEZIA GIULIA,3,46,0.06521739130434782,4
1,19790603,1979,greenacre_weighted_power_0175,3,1,BASILICATA,2,46,0.043478260869565216,2
0.4,19790603,1979,greenacre_weighted_power_0175,3,1,LAZIO,2,46,0.043478260869565216,5
1,19790603,1979,greenacre_weighted_power_0175,3,1,MOLISE,2,46,0.043478260869565216,2
0.2,19790603,1979,greenacre_weighted_power_0175,3,1,MARCHE,1,46,0.021739130434782608,5
0.5,19790603,1979,greenacre_weighted_power_0175,3,1,TRENTINO-ALTO ADIGE/SÜDTIROL,1,46,0.021739130434782608,2
0.14285714285714285,19790603,1979,greenacre_weighted_power_0175,3,1,VENETO,1,46,0.021739130434782608,7
0.9166666666666666,19790603,1979,greenacre_weighted_power_0175,3,2,LOMBARDIA,11,38,0.2894736842105263,12
1,19790603,1979,greenacre_weighted_power_0175,3,2,PIEMONTE,8,38,0.21052631578947367,8
0.8571428571428571,19790603,1979,greenacre_weighted_power_0175,3,2,VENETO,6,38,0.15789473684210525,7
0.6,19790603,1979,greenacre_weighted_power_0175,3,2,LAZIO,3,38,0.07894736842105263,5
0.75,19790603,1979,greenacre_weighted_power_0175,3,2,LIGURIA,3,38,0.07894736842105263,4
0.2222222222222222,19790603,1979,greenacre_weighted_power_0175,3,2,EMILIA-ROMAGNA,2,38,0.05263157894736842,9
0.2,19790603,1979,greenacre_weighted_power_0175,3,2,TOSCANA,2,38,0.05263157894736842,10
0.25,19790603,1979,greenacre_weighted_power_0175,3,2,FRIULI-VENEZIA GIULIA,1,38,0.02631578947368421,4
0.2,19790603,1979,greenacre_weighted_power_0175,3,2,MARCHE,1,38,0.02631578947368421,5
0.5,19790603,1979,greenacre_weighted_power_0175,3,2,TRENTINO-ALTO ADIGE/SÜDTIROL,1,38,0.02631578947368421,2
0.8,19790603,1979,greenacre_weighted_power_0175,3,3,TOSCANA,8,22,0.36363636363636365,10
0.7777777777777778,19790603,1979,greenacre_weighted_power_0175,3,3,EMILIA-ROMAGNA,7,22,0.3181818181818182,9
0.6,19790603,1979,greenacre_weighted_power_0175,3,3,MARCHE,3,22,0.13636363636363635,5
1,19790603,1979,greenacre_weighted_power_0175,3,3,UMBRIA,2,22,0.09090909090909091,2
0.25,19790603,1979,greenacre_weighted_power_0175,3,3,LIGURIA,1,22,0.045454545454545456,4
0.08333333333333333,19790603,1979,greenacre_weighted_power_0175,3,3,LOMBARDIA,1,22,0.045454545454545456,12
0.5833333333333334,19790603,1979,greenacre_weighted_power_0175,4,1,LOMBARDIA,7,30,0.23333333333333334,12
0.75,19790603,1979,greenacre_weighted_power_0175,4,1,PIEMONTE,6,30,0.2,8
0.8,19790603,1979,greenacre_weighted_power_0175,4,1,MARCHE,4,30,0.13333333333333333,5
0.6,19790603,1979,greenacre_weighted_power_0175,4,1,LAZIO,3,30,0.1,5
0.75,19790603,1979,greenacre_weighted_power_0175,4,1,LIGURIA,3,30,0.1,4
0.2222222222222222,19790603,1979,greenacre_weighted_power_0175,4,1,EMILIA-ROMAGNA,2,30,0.06666666666666667,9
0.2,19790603,1979,greenacre_weighted_power_0175,4,1,TOSCANA,2,30,0.06666666666666667,10
0.2857142857142857,19790603,1979,greenacre_weighted_power_0175,4,1,VENETO,2,30,0.06666666666666667,7
0.16666666666666666,19790603,1979,greenacre_weighted_power_0175,4,1,PUGLIA,1,30,0.03333333333333333,6
1,19790603,1979,greenacre_weighted_power_0175,4,2,SICILIA,9,34,0.2647058823529412,9
1,19790603,1979,greenacre_weighted_power_0175,4,2,CALABRIA,5,34,0.14705882352941177,5
1,19790603,1979,greenacre_weighted_power_0175,4,2,CAMPANIA,5,34,0.14705882352941177,5
0.8333333333333334,19790603,1979,greenacre_weighted_power_0175,4,2,PUGLIA,5,34,0.14705882352941177,6
1,19790603,1979,greenacre_weighted_power_0175,4,2,ABRUZZO,4,34,0.11764705882352941,4
1,19790603,1979,greenacre_weighted_power_0175,4,2,BASILICATA,2,34,0.058823529411764705,2
0.4,19790603,1979,greenacre_weighted_power_0175,4,2,LAZIO,2,34,0.058823529411764705,5
1,19790603,1979,greenacre_weighted_power_0175,4,2,MOLISE,2,34,0.058823529411764705,2
0.8,19790603,1979,greenacre_weighted_power_0175,4,3,TOSCANA,8,19,0.42105263157894735,10
0.7777777777777778,19790603,1979,greenacre_weighted_power_0175,4,3,EMILIA-ROMAGNA,7,19,0.3684210526315789,9
1,19790603,1979,greenacre_weighted_power_0175,4,3,UMBRIA,2,19,0.10526315789473684,2
0.25,19790603,1979,greenacre_weighted_power_0175,4,3,LIGURIA,1,19,0.05263157894736842,4
0.2,19790603,1979,greenacre_weighted_power_0175,4,3,MARCHE,1,19,0.05263157894736842,5
0.4166666666666667,19790603,1979,greenacre_weighted_power_0175,4,4,LOMBARDIA,5,23,0.21739130434782608,12
1,19790603,1979,greenacre_weighted_power_0175,4,4,SARDEGNA,5,23,0.21739130434782608,5
0.7142857142857143,19790603,1979,greenacre_weighted_power_0175,4,4,VENETO,5,23,0.21739130434782608,7
1,19790603,1979,greenacre_weighted_power_0175,4,4,FRIULI-VENEZIA GIULIA,4,23,0.17391304347826086,4
0.25,19790603,1979,greenacre_weighted_power_0175,4,4,PIEMONTE,2,23,0.08695652173913043,8
1,19790603,1979,greenacre_weighted_power_0175,4,4,TRENTINO-ALTO ADIGE/SÜDTIROL,2,23,0.08695652173913043,2
0.8,19790603,1979,greenacre_weighted_power_0175,5,1,TOSCANA,8,19,0.42105263157894735,10
0.7777777777777778,19790603,1979,greenacre_weighted_power_0175,5,1,EMILIA-ROMAGNA,7,19,0.3684210526315789,9
1,19790603,1979,greenacre_weighted_power_0175,5,1,UMBRIA,2,19,0.10526315789473684,2
0.25,19790603,1979,greenacre_weighted_power_0175,5,1,LIGURIA,1,19,0.05263157894736842,4
0.2,19790603,1979,greenacre_weighted_power_0175,5,1,MARCHE,1,19,0.05263157894736842,5
0.5,19790603,1979,greenacre_weighted_power_0175,5,2,LOMBARDIA,6,29,0.20689655172413793,12
0.75,19790603,1979,greenacre_weighted_power_0175,5,2,PIEMONTE,6,29,0.20689655172413793,8
0.8,19790603,1979,greenacre_weighted_power_0175,5,2,MARCHE,4,29,0.13793103448275862,5
0.6,19790603,1979,greenacre_weighted_power_0175,5,2,LAZIO,3,29,0.10344827586206896,5
0.75,19790603,1979,greenacre_weighted_power_0175,5,2,LIGURIA,3,29,0.10344827586206896,4
0.2222222222222222,19790603,1979,greenacre_weighted_power_0175,5,2,EMILIA-ROMAGNA,2,29,0.06896551724137931,9
0.2,19790603,1979,greenacre_weighted_power_0175,5,2,TOSCANA,2,29,0.06896551724137931,10
0.2857142857142857,19790603,1979,greenacre_weighted_power_0175,5,2,VENETO,2,29,0.06896551724137931,7
0.16666666666666666,19790603,1979,greenacre_weighted_power_0175,5,2,PUGLIA,1,29,0.034482758620689655,6
1,19790603,1979,greenacre_weighted_power_0175,5,3,SARDEGNA,5,11,0.45454545454545453,5
1,19790603,1979,greenacre_weighted_power_0175,5,3,FRIULI-VENEZIA GIULIA,4,11,0.36363636363636365,4
0.5,19790603,1979,greenacre_weighted_power_0175,5,3,TRENTINO-ALTO ADIGE/SÜDTIROL,1,11,0.09090909090909091,2
0.14285714285714285,19790603,1979,greenacre_weighted_power_0175,5,3,VENETO,1,11,0.09090909090909091,7
0.5,19790603,1979,greenacre_weighted_power_0175,5,4,LOMBARDIA,6,13,0.46153846153846156,12
0.5714285714285714,19790603,1979,greenacre_weighted_power_0175,5,4,VENETO,4,13,0.3076923076923077,7
0.25,19790603,1979,greenacre_weighted_power_0175,5,4,PIEMONTE,2,13,0.15384615384615385,8
0.5,19790603,1979,greenacre_weighted_power_0175,5,4,TRENTINO-ALTO ADIGE/SÜDTIROL,1,13,0.07692307692307693,2
1,19790603,1979,greenacre_weighted_power_0175,5,5,SICILIA,9,34,0.2647058823529412,9
1,19790603,1979,greenacre_weighted_power_0175,5,5,CALABRIA,5,34,0.14705882352941177,5
1,19790603,1979,greenacre_weighted_power_0175,5,5,CAMPANIA,5,34,0.14705882352941177,5
0.8333333333333334,19790603,1979,greenacre_weighted_power_0175,5,5,PUGLIA,5,34,0.14705882352941177,6
1,19790603,1979,greenacre_weighted_power_0175,5,5,ABRUZZO,4,34,0.11764705882352941,4
1,19790603,1979,greenacre_weighted_power_0175,5,5,BASILICATA,2,34,0.058823529411764705,2
0.4,19790603,1979,greenacre_weighted_power_0175,5,5,LAZIO,2,34,0.058823529411764705,5
1,19790603,1979,greenacre_weighted_power_0175,5,5,MOLISE,2,34,0.058823529411764705,2
0.5,19790603,1979,greenacre_weighted_power_0175,6,1,LOMBARDIA,6,22,0.2727272727272727,12
0.75,19790603,1979,greenacre_weighted_power_0175,6,1,PIEMONTE,6,22,0.2727272727272727,8
0.75,19790603,1979,greenacre_weighted_power_0175,6,1,LIGURIA,3,22,0.13636363636363635,4
0.2222222222222222,19790603,1979,greenacre_weighted_power_0175,6,1,EMILIA-ROMAGNA,2,22,0.09090909090909091,9
0.2857142857142857,19790603,1979,greenacre_weighted_power_0175,6,1,VENETO,2,22,0.09090909090909091,7
0.2,19790603,1979,greenacre_weighted_power_0175,6,1,LAZIO,1,22,0.045454545454545456,5
0.2,19790603,1979,greenacre_weighted_power_0175,6,1,MARCHE,1,22,0.045454545454545456,5
0.1,19790603,1979,greenacre_weighted_power_0175,6,1,TOSCANA,1,22,0.045454545454545456,10
1,19790603,1979,greenacre_weighted_power_0175,6,2,SARDEGNA,5,11,0.45454545454545453,5
1,19790603,1979,greenacre_weighted_power_0175,6,2,FRIULI-VENEZIA GIULIA,4,11,0.36363636363636365,4
0.5,19790603,1979,greenacre_weighted_power_0175,6,2,TRENTINO-ALTO ADIGE/SÜDTIROL,1,11,0.09090909090909091,2
0.14285714285714285,19790603,1979,greenacre_weighted_power_0175,6,2,VENETO,1,11,0.09090909090909091,7
0.8888888888888888,19790603,1979,greenacre_weighted_power_0175,6,3,SICILIA,8,23,0.34782608695652173,9
0.8,19790603,1979,greenacre_weighted_power_0175,6,3,CALABRIA,4,23,0.17391304347826086,5
0.8,19790603,1979,greenacre_weighted_power_0175,6,3,CAMPANIA,4,23,0.17391304347826086,5
0.5,19790603,1979,greenacre_weighted_power_0175,6,3,ABRUZZO,2,23,0.08695652173913043,4
1,19790603,1979,greenacre_weighted_power_0175,6,3,MOLISE,2,23,0.08695652173913043,2
0.5,19790603,1979,greenacre_weighted_power_0175,6,3,BASILICATA,1,23,0.043478260869565216,2
0.2,19790603,1979,greenacre_weighted_power_0175,6,3,LAZIO,1,23,0.043478260869565216,5
0.16666666666666666,19790603,1979,greenacre_weighted_power_0175,6,3,PUGLIA,1,23,0.043478260869565216,6
0.8,19790603,1979,greenacre_weighted_power_0175,6,4,TOSCANA,8,19,0.42105263157894735,10
0.7777777777777778,19790603,1979,greenacre_weighted_power_0175,6,4,EMILIA-ROMAGNA,7,19,0.3684210526315789,9
1,19790603,1979,greenacre_weighted_power_0175,6,4,UMBRIA,2,19,0.10526315789473684,2
0.25,19790603,1979,greenacre_weighted_power_0175,6,4,LIGURIA,1,19,0.05263157894736842,4
0.2,19790603,1979,greenacre_weighted_power_0175,6,4,MARCHE,1,19,0.05263157894736842,5
0.5,19790603,1979,greenacre_weighted_power_0175,6,5,LOMBARDIA,6,13,0.46153846153846156,12
0.5714285714285714,19790603,1979,greenacre_weighted_power_0175,6,5,VENETO,4,13,0.3076923076923077,7
0.25,19790603,1979,greenacre_weighted_power_0175,6,5,PIEMONTE,2,13,0.15384615384615385,8
0.5,19790603,1979,greenacre_weighted_power_0175,6,5,TRENTINO-ALTO ADIGE/SÜDTIROL,1,13,0.07692307692307693,2
0.8333333333333334,19790603,1979,greenacre_weighted_power_0175,6,6,PUGLIA,5,18,0.2777777777777778,6
0.6,19790603,1979,greenacre_weighted_power_0175,6,6,LAZIO,3,18,0.16666666666666666,5
0.6,19790603,1979,greenacre_weighted_power_0175,6,6,MARCHE,3,18,0.16666666666666666,5
0.5,19790603,1979,greenacre_weighted_power_0175,6,6,ABRUZZO,2,18,0.1111111111111111,4
0.5,19790603,1979,greenacre_weighted_power_0175,6,6,BASILICATA,1,18,0.05555555555555555,2
0.2,19790603,1979,greenacre_weighted_power_0175,6,6,CALABRIA,1,18,0.05555555555555555,5
0.2,19790603,1979,greenacre_weighted_power_0175,6,6,CAMPANIA,1,18,0.05555555555555555,5
0.1111111111111111,19790603,1979,greenacre_weighted_power_0175,6,6,SICILIA,1,18,0.05555555555555555,9
0.1,19790603,1979,greenacre_weighted_power_0175,6,6,TOSCANA,1,18,0.05555555555555555,10
0.5,19790603,1979,greenacre_weighted_power_0175,7,1,LOMBARDIA,6,13,0.46153846153846156,12
0.6,19790603,1979,greenacre_weighted_power_0175,7,1,MARCHE,3,13,0.23076923076923078,5
0.2857142857142857,19790603,1979,greenacre_weighted_power_0175,7,1,VENETO,2,13,0.15384615384615385,7
0.2,19790603,1979,greenacre_weighted_power_0175,7,1,LAZIO,1,13,0.07692307692307693,5
0.1,19790603,1979,greenacre_weighted_power_0175,7,1,TOSCANA,1,13,0.07692307692307693,10
0.3333333333333333,19790603,1979,greenacre_weighted_power_0175,7,2,LOMBARDIA,4,11,0.36363636363636365,12
0.5714285714285714,19790603,1979,greenacre_weighted_power_0175,7,2,VENETO,4,11,0.36363636363636365,7
0.25,19790603,1979,greenacre_weighted_power_0175,7,2,PIEMONTE,2,11,0.18181818181818182,8
0.5,19790603,1979,greenacre_weighted_power_0175,7,2,TRENTINO-ALTO ADIGE/SÜDTIROL,1,11,0.09090909090909091,2
0.8,19790603,1979,greenacre_weighted_power_0175,7,3,TOSCANA,8,19,0.42105263157894735,10
0.7777777777777778,19790603,1979,greenacre_weighted_power_0175,7,3,EMILIA-ROMAGNA,7,19,0.3684210526315789,9
1,19790603,1979,greenacre_weighted_power_0175,7,3,UMBRIA,2,19,0.10526315789473684,2
0.25,19790603,1979,greenacre_weighted_power_0175,7,3,LIGURIA,1,19,0.05263157894736842,4
0.2,19790603,1979,greenacre_weighted_power_0175,7,3,MARCHE,1,19,0.05263157894736842,5
0.7777777777777778,19790603,1979,greenacre_weighted_power_0175,7,4,SICILIA,7,17,0.4117647058823529,9
0.8,19790603,1979,greenacre_weighted_power_0175,7,4,CALABRIA,4,17,0.23529411764705882,5
0.4,19790603,1979,greenacre_weighted_power_0175,7,4,CAMPANIA,2,17,0.11764705882352941,5
1,19790603,1979,greenacre_weighted_power_0175,7,4,MOLISE,2,17,0.11764705882352941,2
0.25,19790603,1979,greenacre_weighted_power_0175,7,4,ABRUZZO,1,17,0.058823529411764705,4
0.5,19790603,1979,greenacre_weighted_power_0175,7,4,BASILICATA,1,17,0.058823529411764705,2
0.75,19790603,1979,greenacre_weighted_power_0175,7,5,PIEMONTE,6,15,0.4,8
0.75,19790603,1979,greenacre_weighted_power_0175,7,5,LIGURIA,3,15,0.2,4
0.2222222222222222,19790603,1979,greenacre_weighted_power_0175,7,5,EMILIA-ROMAGNA,2,15,0.13333333333333333,9
0.16666666666666666,19790603,1979,greenacre_weighted_power_0175,7,5,LOMBARDIA,2,15,0.13333333333333333,12
0.2,19790603,1979,greenacre_weighted_power_0175,7,5,LAZIO,1,15,0.06666666666666667,5
0.1,19790603,1979,greenacre_weighted_power_0175,7,5,TOSCANA,1,15,0.06666666666666667,10
1,19790603,1979,greenacre_weighted_power_0175,7,6,PUGLIA,6,20,0.3,6
0.75,19790603,1979,greenacre_weighted_power_0175,7,6,ABRUZZO,3,20,0.15,4
0.6,19790603,1979,greenacre_weighted_power_0175,7,6,CAMPANIA,3,20,0.15,5
0.6,19790603,1979,greenacre_weighted_power_0175,7,6,LAZIO,3,20,0.15,5
0.2222222222222222,19790603,1979,greenacre_weighted_power_0175,7,6,SICILIA,2,20,0.1,9
0.5,19790603,1979,greenacre_weighted_power_0175,7,6,BASILICATA,1,20,0.05,2
0.2,19790603,1979,greenacre_weighted_power_0175,7,6,CALABRIA,1,20,0.05,5
0.2,19790603,1979,greenacre_weighted_power_0175,7,6,MARCHE,1,20,0.05,5
1,19790603,1979,greenacre_weighted_power_0175,7,7,SARDEGNA,5,11,0.45454545454545453,5
1,19790603,1979,greenacre_weighted_power_0175,7,7,FRIULI-VENEZIA GIULIA,4,11,0.36363636363636365,4
0.5,19790603,1979,greenacre_weighted_power_0175,7,7,TRENTINO-ALTO ADIGE/SÜDTIROL,1,11,0.09090909090909091,2
0.14285714285714285,19790603,1979,greenacre_weighted_power_0175,7,7,VENETO,1,11,0.09090909090909091,7
0.5,19790603,1979,greenacre_weighted_power_0175,8,1,LOMBARDIA,6,12,0.5,12
0.4,19790603,1979,greenacre_weighted_power_0175,8,1,MARCHE,2,12,0.16666666666666666,5
0.2857142857142857,19790603,1979,greenacre_weighted_power_0175,8,1,VENETO,2,12,0.16666666666666666,7
0.2,19790603,1979,greenacre_weighted_power_0175,8,1,LAZIO,1,12,0.08333333333333333,5
0.1,19790603,1979,greenacre_weighted_power_0175,8,1,TOSCANA,1,12,0.08333333333333333,10
0.5555555555555556,19790603,1979,greenacre_weighted_power_0175,8,2,SICILIA,5,14,0.35714285714285715,9
0.6,19790603,1979,greenacre_weighted_power_0175,8,2,CAMPANIA,3,14,0.21428571428571427,5
0.3333333333333333,19790603,1979,greenacre_weighted_power_0175,8,2,PUGLIA,2,14,0.14285714285714285,6
1,19790603,1979,greenacre_weighted_power_0175,8,2,TRENTINO-ALTO ADIGE/SÜDTIROL,2,14,0.14285714285714285,2
0.25,19790603,1979,greenacre_weighted_power_0175,8,2,FRIULI-VENEZIA GIULIA,1,14,0.07142857142857142,4
0.2,19790603,1979,greenacre_weighted_power_0175,8,2,LAZIO,1,14,0.07142857142857142,5
0.8,19790603,1979,greenacre_weighted_power_0175,8,3,CALABRIA,4,12,0.3333333333333333,5
0.3333333333333333,19790603,1979,greenacre_weighted_power_0175,8,3,SICILIA,3,12,0.25,9
1,19790603,1979,greenacre_weighted_power_0175,8,3,MOLISE,2,12,0.16666666666666666,2
0.25,19790603,1979,greenacre_weighted_power_0175,8,3,ABRUZZO,1,12,0.08333333333333333,4
0.5,19790603,1979,greenacre_weighted_power_0175,8,3,BASILICATA,1,12,0.08333333333333333,2
0.2,19790603,1979,greenacre_weighted_power_0175,8,3,CAMPANIA,1,12,0.08333333333333333,5
0.75,19790603,1979,greenacre_weighted_power_0175,8,4,PIEMONTE,6,15,0.4,8
0.75,19790603,1979,greenacre_weighted_power_0175,8,4,LIGURIA,3,15,0.2,4
0.2222222222222222,19790603,1979,greenacre_weighted_power_0175,8,4,EMILIA-ROMAGNA,2,15,0.13333333333333333,9
0.16666666666666666,19790603,1979,greenacre_weighted_power_0175,8,4,LOMBARDIA,2,15,0.13333333333333333,12
0.2,19790603,1979,greenacre_weighted_power_0175,8,4,LAZIO,1,15,0.06666666666666667,5
0.1,19790603,1979,greenacre_weighted_power_0175,8,4,TOSCANA,1,15,0.06666666666666667,10
0.6666666666666666,19790603,1979,greenacre_weighted_power_0175,8,5,PUGLIA,4,15,0.26666666666666666,6
0.75,19790603,1979,greenacre_weighted_power_0175,8,5,ABRUZZO,3,15,0.2,4
0.4,19790603,1979,greenacre_weighted_power_0175,8,5,LAZIO,2,15,0.13333333333333333,5
0.4,19790603,1979,greenacre_weighted_power_0175,8,5,MARCHE,2,15,0.13333333333333333,5
0.5,19790603,1979,greenacre_weighted_power_0175,8,5,BASILICATA,1,15,0.06666666666666667,2
0.2,19790603,1979,greenacre_weighted_power_0175,8,5,CALABRIA,1,15,0.06666666666666667,5
0.2,19790603,1979,greenacre_weighted_power_0175,8,5,CAMPANIA,1,15,0.06666666666666667,5
0.1111111111111111,19790603,1979,greenacre_weighted_power_0175,8,5,SICILIA,1,15,0.06666666666666667,9
0.3333333333333333,19790603,1979,greenacre_weighted_power_0175,8,6,LOMBARDIA,4,10,0.4,12
0.5714285714285714,19790603,1979,greenacre_weighted_power_0175,8,6,VENETO,4,10,0.4,7
0.25,19790603,1979,greenacre_weighted_power_0175,8,6,PIEMONTE,2,10,0.2,8
1,19790603,1979,greenacre_weighted_power_0175,8,7,SARDEGNA,5,9,0.5555555555555556,5
0.75,19790603,1979,greenacre_weighted_power_0175,8,7,FRIULI-VENEZIA GIULIA,3,9,0.3333333333333333,4
0.14285714285714285,19790603,1979,greenacre_weighted_power_0175,8,7,VENETO,1,9,0.1111111111111111,7
0.8,19790603,1979,greenacre_weighted_power_0175,8,8,TOSCANA,8,19,0.42105263157894735,10
0.7777777777777778,19790603,1979,greenacre_weighted_power_0175,8,8,EMILIA-ROMAGNA,7,19,0.3684210526315789,9
1,19790603,1979,greenacre_weighted_power_0175,8,8,UMBRIA,2,19,0.10526315789473684,2
0.25,19790603,1979,greenacre_weighted_power_0175,8,8,LIGURIA,1,19,0.05263157894736842,4
0.2,19790603,1979,greenacre_weighted_power_0175,8,8,MARCHE,1,19,0.05263157894736842,5
1,19830626,1983,greenacre_weighted_power_0175,2,1,TOSCANA,10,74,0.13513513513513514,10
1,19830626,1983,greenacre_weighted_power_0175,2,1,SICILIA,9,74,0.12162162162162163,9
0.6666666666666666,19830626,1983,greenacre_weighted_power_0175,2,1,LOMBARDIA,8,74,0.10810810810810811,12
1,19830626,1983,greenacre_weighted_power_0175,2,1,PUGLIA,6,74,0.08108108108108109,6
1,19830626,1983,greenacre_weighted_power_0175,2,1,CALABRIA,5,74,0.06756756756756757,5
1,19830626,1983,greenacre_weighted_power_0175,2,1,CAMPANIA,5,74,0.06756756756756757,5
0.5555555555555556,19830626,1983,greenacre_weighted_power_0175,2,1,EMILIA-ROMAGNA,5,74,0.06756756756756757,9
1,19830626,1983,greenacre_weighted_power_0175,2,1,LAZIO,5,74,0.06756756756756757,5
1,19830626,1983,greenacre_weighted_power_0175,2,1,MARCHE,5,74,0.06756756756756757,5
0.625,19830626,1983,greenacre_weighted_power_0175,2,1,PIEMONTE,5,74,0.06756756756756757,8
1,19830626,1983,greenacre_weighted_power_0175,2,1,ABRUZZO,4,74,0.05405405405405406,4
1,19830626,1983,greenacre_weighted_power_0175,2,1,LIGURIA,4,74,0.05405405405405406,4
1,19830626,1983,greenacre_weighted_power_0175,2,1,UMBRIA,2,74,0.02702702702702703,2
0.25,19830626,1983,greenacre_weighted_power_0175,2,1,FRIULI-VENEZIA GIULIA,1,74,0.013513513513513514,4
1,19830626,1983,greenacre_weighted_power_0175,2,2,VENETO,7,32,0.21875,7
1,19830626,1983,greenacre_weighted_power_0175,2,2,SARDEGNA,5,32,0.15625,5
0.4444444444444444,19830626,1983,greenacre_weighted_power_0175,2,2,EMILIA-ROMAGNA,4,32,0.125,9
0.3333333333333333,19830626,1983,greenacre_weighted_power_0175,2,2,LOMBARDIA,4,32,0.125,12
0.75,19830626,1983,greenacre_weighted_power_0175,2,2,FRIULI-VENEZIA GIULIA,3,32,0.09375,4
0.375,19830626,1983,greenacre_weighted_power_0175,2,2,PIEMONTE,3,32,0.09375,8
1,19830626,1983,greenacre_weighted_power_0175,2,2,BASILICATA,2,32,0.0625,2
1,19830626,1983,greenacre_weighted_power_0175,2,2,MOLISE,2,32,0.0625,2
1,19830626,1983,greenacre_weighted_power_0175,2,2,TRENTINO-ALTO ADIGE/SÜDTIROL,2,32,0.0625,2
1,19830626,1983,greenacre_weighted_power_0175,3,1,TOSCANA,10,74,0.13513513513513514,10
1,19830626,1983,greenacre_weighted_power_0175,3,1,SICILIA,9,74,0.12162162162162163,9
0.6666666666666666,19830626,1983,greenacre_weighted_power_0175,3,1,LOMBARDIA,8,74,0.10810810810810811,12
1,19830626,1983,greenacre_weighted_power_0175,3,1,PUGLIA,6,74,0.08108108108108109,6
1,19830626,1983,greenacre_weighted_power_0175,3,1,CALABRIA,5,74,0.06756756756756757,5
1,19830626,1983,greenacre_weighted_power_0175,3,1,CAMPANIA,5,74,0.06756756756756757,5
0.5555555555555556,19830626,1983,greenacre_weighted_power_0175,3,1,EMILIA-ROMAGNA,5,74,0.06756756756756757,9
1,19830626,1983,greenacre_weighted_power_0175,3,1,LAZIO,5,74,0.06756756756756757,5
1,19830626,1983,greenacre_weighted_power_0175,3,1,MARCHE,5,74,0.06756756756756757,5
0.625,19830626,1983,greenacre_weighted_power_0175,3,1,PIEMONTE,5,74,0.06756756756756757,8
1,19830626,1983,greenacre_weighted_power_0175,3,1,ABRUZZO,4,74,0.05405405405405406,4
1,19830626,1983,greenacre_weighted_power_0175,3,1,LIGURIA,4,74,0.05405405405405406,4
1,19830626,1983,greenacre_weighted_power_0175,3,1,UMBRIA,2,74,0.02702702702702703,2
0.25,19830626,1983,greenacre_weighted_power_0175,3,1,FRIULI-VENEZIA GIULIA,1,74,0.013513513513513514,4
0.8571428571428571,19830626,1983,greenacre_weighted_power_0175,3,2,VENETO,6,11,0.5454545454545454,7
1,19830626,1983,greenacre_weighted_power_0175,3,2,SARDEGNA,5,11,0.45454545454545453,5
0.4444444444444444,19830626,1983,greenacre_weighted_power_0175,3,3,EMILIA-ROMAGNA,4,21,0.19047619047619047,9
0.3333333333333333,19830626,1983,greenacre_weighted_power_0175,3,3,LOMBARDIA,4,21,0.19047619047619047,12
0.75,19830626,1983,greenacre_weighted_power_0175,3,3,FRIULI-VENEZIA GIULIA,3,21,0.14285714285714285,4
0.375,19830626,1983,greenacre_weighted_power_0175,3,3,PIEMONTE,3,21,0.14285714285714285,8
1,19830626,1983,greenacre_weighted_power_0175,3,3,BASILICATA,2,21,0.09523809523809523,2
1,19830626,1983,greenacre_weighted_power_0175,3,3,MOLISE,2,21,0.09523809523809523,2
1,19830626,1983,greenacre_weighted_power_0175,3,3,TRENTINO-ALTO ADIGE/SÜDTIROL,2,21,0.09523809523809523,2
0.14285714285714285,19830626,1983,greenacre_weighted_power_0175,3,3,VENETO,1,21,0.047619047619047616,7
0.8571428571428571,19830626,1983,greenacre_weighted_power_0175,4,1,VENETO,6,11,0.5454545454545454,7
1,19830626,1983,greenacre_weighted_power_0175,4,1,SARDEGNA,5,11,0.45454545454545453,5
0.9,19830626,1983,greenacre_weighted_power_0175,4,2,TOSCANA,9,30,0.3,10
0.5555555555555556,19830626,1983,greenacre_weighted_power_0175,4,2,EMILIA-ROMAGNA,5,30,0.16666666666666666,9
0.3333333333333333,19830626,1983,greenacre_weighted_power_0175,4,2,LOMBARDIA,4,30,0.13333333333333333,12
0.75,19830626,1983,greenacre_weighted_power_0175,4,2,LIGURIA,3,30,0.1,4
0.6,19830626,1983,greenacre_weighted_power_0175,4,2,MARCHE,3,30,0.1,5
0.375,19830626,1983,greenacre_weighted_power_0175,4,2,PIEMONTE,3,30,0.1,8
1,19830626,1983,greenacre_weighted_power_0175,4,2,UMBRIA,2,30,0.06666666666666667,2
0.2,19830626,1983,greenacre_weighted_power_0175,4,2,LAZIO,1,30,0.03333333333333333,5
1,19830626,1983,greenacre_weighted_power_0175,4,3,SICILIA,9,44,0.20454545454545456,9
1,19830626,1983,greenacre_weighted_power_0175,4,3,PUGLIA,6,44,0.13636363636363635,6
1,19830626,1983,greenacre_weighted_power_0175,4,3,CALABRIA,5,44,0.11363636363636363,5
1,19830626,1983,greenacre_weighted_power_0175,4,3,CAMPANIA,5,44,0.11363636363636363,5
1,19830626,1983,greenacre_weighted_power_0175,4,3,ABRUZZO,4,44,0.09090909090909091,4
0.8,19830626,1983,greenacre_weighted_power_0175,4,3,LAZIO,4,44,0.09090909090909091,5
0.3333333333333333,19830626,1983,greenacre_weighted_power_0175,4,3,LOMBARDIA,4,44,0.09090909090909091,12
0.4,19830626,1983,greenacre_weighted_power_0175,4,3,MARCHE,2,44,0.045454545454545456,5
0.25,19830626,1983,greenacre_weighted_power_0175,4,3,PIEMONTE,2,44,0.045454545454545456,8
0.25,19830626,1983,greenacre_weighted_power_0175,4,3,FRIULI-VENEZIA GIULIA,1,44,0.022727272727272728,4
0.25,19830626,1983,greenacre_weighted_power_0175,4,3,LIGURIA,1,44,0.022727272727272728,4
0.1,19830626,1983,greenacre_weighted_power_0175,4,3,TOSCANA,1,44,0.022727272727272728,10
0.4444444444444444,19830626,1983,greenacre_weighted_power_0175,4,4,EMILIA-ROMAGNA,4,21,0.19047619047619047,9
0.3333333333333333,19830626,1983,greenacre_weighted_power_0175,4,4,LOMBARDIA,4,21,0.19047619047619047,12
0.75,19830626,1983,greenacre_weighted_power_0175,4,4,FRIULI-VENEZIA GIULIA,3,21,0.14285714285714285,4
0.375,19830626,1983,greenacre_weighted_power_0175,4,4,PIEMONTE,3,21,0.14285714285714285,8
1,19830626,1983,greenacre_weighted_power_0175,4,4,BASILICATA,2,21,0.09523809523809523,2
1,19830626,1983,greenacre_weighted_power_0175,4,4,MOLISE,2,21,0.09523809523809523,2
1,19830626,1983,greenacre_weighted_power_0175,4,4,TRENTINO-ALTO ADIGE/SÜDTIROL,2,21,0.09523809523809523,2
0.14285714285714285,19830626,1983,greenacre_weighted_power_0175,4,4,VENETO,1,21,0.047619047619047616,7
1,19830626,1983,greenacre_weighted_power_0175,5,1,SICILIA,9,44,0.20454545454545456,9
0.6666666666666666,19830626,1983,greenacre_weighted_power_0175,5,1,LOMBARDIA,8,44,0.18181818181818182,12
1,19830626,1983,greenacre_weighted_power_0175,5,1,CALABRIA,5,44,0.11363636363636363,5
0.625,19830626,1983,greenacre_weighted_power_0175,5,1,PIEMONTE,5,44,0.11363636363636363,8
1,19830626,1983,greenacre_weighted_power_0175,5,1,ABRUZZO,4,44,0.09090909090909091,4
0.8,19830626,1983,greenacre_weighted_power_0175,5,1,LAZIO,4,44,0.09090909090909091,5
0.75,19830626,1983,greenacre_weighted_power_0175,5,1,LIGURIA,3,44,0.06818181818181818,4
0.4,19830626,1983,greenacre_weighted_power_0175,5,1,CAMPANIA,2,44,0.045454545454545456,5
0.4,19830626,1983,greenacre_weighted_power_0175,5,1,MARCHE,2,44,0.045454545454545456,5
0.25,19830626,1983,greenacre_weighted_power_0175,5,1,FRIULI-VENEZIA GIULIA,1,44,0.022727272727272728,4
0.1,19830626,1983,greenacre_weighted_power_0175,5,1,TOSCANA,1,44,0.022727272727272728,10
0.8571428571428571,19830626,1983,greenacre_weighted_power_0175,5,2,VENETO,6,11,0.5454545454545454,7
1,19830626,1983,greenacre_weighted_power_0175,5,2,SARDEGNA,5,11,0.45454545454545453,5
0.9,19830626,1983,greenacre_weighted_power_0175,5,3,TOSCANA,9,18,0.5,10
0.5555555555555556,19830626,1983,greenacre_weighted_power_0175,5,3,EMILIA-ROMAGNA,5,18,0.2777777777777778,9
0.6,19830626,1983,greenacre_weighted_power_0175,5,3,MARCHE,3,18,0.16666666666666666,5
0.25,19830626,1983,greenacre_weighted_power_0175,5,3,LIGURIA,1,18,0.05555555555555555,4
1,19830626,1983,greenacre_weighted_power_0175,5,4,PUGLIA,6,12,0.5,6
0.6,19830626,1983,greenacre_weighted_power_0175,5,4,CAMPANIA,3,12,0.25,5
1,19830626,1983,greenacre_weighted_power_0175,5,4,UMBRIA,2,12,0.16666666666666666,2
0.2,19830626,1983,greenacre_weighted_power_0175,5,4,LAZIO,1,12,0.08333333333333333,5
0.4444444444444444,19830626,1983,greenacre_weighted_power_0175,5,5,EMILIA-ROMAGNA,4,21,0.19047619047619047,9
0.3333333333333333,19830626,1983,greenacre_weighted_power_0175,5,5,LOMBARDIA,4,21,0.19047619047619047,12
0.75,19830626,1983,greenacre_weighted_power_0175,5,5,FRIULI-VENEZIA GIULIA,3,21,0.14285714285714285,4
0.375,19830626,1983,greenacre_weighted_power_0175,5,5,PIEMONTE,3,21,0.14285714285714285,8
1,19830626,1983,greenacre_weighted_power_0175,5,5,BASILICATA,2,21,0.09523809523809523,2
1,19830626,1983,greenacre_weighted_power_0175,5,5,MOLISE,2,21,0.09523809523809523,2
1,19830626,1983,greenacre_weighted_power_0175,5,5,TRENTINO-ALTO ADIGE/SÜDTIROL,2,21,0.09523809523809523,2
0.14285714285714285,19830626,1983,greenacre_weighted_power_0175,5,5,VENETO,1,21,0.047619047619047616,7
0.8,19830626,1983,greenacre_weighted_power_0175,6,1,TOSCANA,8,17,0.47058823529411764,10
0.5555555555555556,19830626,1983,greenacre_weighted_power_0175,6,1,EMILIA-ROMAGNA,5,17,0.29411764705882354,9
0.6,19830626,1983,greenacre_weighted_power_0175,6,1,MARCHE,3,17,0.17647058823529413,5
0.25,19830626,1983,greenacre_weighted_power_0175,6,1,LIGURIA,1,17,0.058823529411764705,4
0.8571428571428571,19830626,1983,greenacre_weighted_power_0175,6,2,VENETO,6,11,0.5454545454545454,7
1,19830626,1983,greenacre_weighted_power_0175,6,2,SARDEGNA,5,11,0.45454545454545453,5
0.5833333333333334,19830626,1983,greenacre_weighted_power_0175,6,3,LOMBARDIA,7,23,0.30434782608695654,12
0.625,19830626,1983,greenacre_weighted_power_0175,6,3,PIEMONTE,5,23,0.21739130434782608,8
0.75,19830626,1983,greenacre_weighted_power_0175,6,3,LIGURIA,3,23,0.13043478260869565,4
0.4,19830626,1983,greenacre_weighted_power_0175,6,3,LAZIO,2,23,0.08695652173913043,5
0.4,19830626,1983,greenacre_weighted_power_0175,6,3,MARCHE,2,23,0.08695652173913043,5
0.2,19830626,1983,greenacre_weighted_power_0175,6,3,TOSCANA,2,23,0.08695652173913043,10
0.25,19830626,1983,greenacre_weighted_power_0175,6,3,ABRUZZO,1,23,0.043478260869565216,4
0.25,19830626,1983,greenacre_weighted_power_0175,6,3,FRIULI-VENEZIA GIULIA,1,23,0.043478260869565216,4
0.4444444444444444,19830626,1983,greenacre_weighted_power_0175,6,4,EMILIA-ROMAGNA,4,21,0.19047619047619047,9
0.3333333333333333,19830626,1983,greenacre_weighted_power_0175,6,4,LOMBARDIA,4,21,0.19047619047619047,12
0.75,19830626,1983,greenacre_weighted_power_0175,6,4,FRIULI-VENEZIA GIULIA,3,21,0.14285714285714285,4
0.375,19830626,1983,greenacre_weighted_power_0175,6,4,PIEMONTE,3,21,0.14285714285714285,8
1,19830626,1983,greenacre_weighted_power_0175,6,4,BASILICATA,2,21,0.09523809523809523,2
1,19830626,1983,greenacre_weighted_power_0175,6,4,MOLISE,2,21,0.09523809523809523,2
1,19830626,1983,greenacre_weighted_power_0175,6,4,TRENTINO-ALTO ADIGE/SÜDTIROL,2,21,0.09523809523809523,2
0.14285714285714285,19830626,1983,greenacre_weighted_power_0175,6,4,VENETO,1,21,0.047619047619047616,7
1,19830626,1983,greenacre_weighted_power_0175,6,5,SICILIA,9,22,0.4090909090909091,9
1,19830626,1983,greenacre_weighted_power_0175,6,5,CALABRIA,5,22,0.22727272727272727,5
0.75,19830626,1983,greenacre_weighted_power_0175,6,5,ABRUZZO,3,22,0.13636363636363635,4
0.4,19830626,1983,greenacre_weighted_power_0175,6,5,CAMPANIA,2,22,0.09090909090909091,5
0.4,19830626,1983,greenacre_weighted_power_0175,6,5,LAZIO,2,22,0.09090909090909091,5
0.08333333333333333,19830626,1983,greenacre_weighted_power_0175,6,5,LOMBARDIA,1,22,0.045454545454545456,12
1,19830626,1983,greenacre_weighted_power_0175,6,6,PUGLIA,6,12,0.5,6
0.6,19830626,1983,greenacre_weighted_power_0175,6,6,CAMPANIA,3,12,0.25,5
1,19830626,1983,greenacre_weighted_power_0175,6,6,UMBRIA,2,12,0.16666666666666666,2
0.2,19830626,1983,greenacre_weighted_power_0175,6,6,LAZIO,1,12,0.08333333333333333,5
0.8,19830626,1983,greenacre_weighted_power_0175,7,1,TOSCANA,8,17,0.47058823529411764,10
0.5555555555555556,19830626,1983,greenacre_weighted_power_0175,7,1,EMILIA-ROMAGNA,5,17,0.29411764705882354,9
0.6,19830626,1983,greenacre_weighted_power_0175,7,1,MARCHE,3,17,0.17647058823529413,5
0.25,19830626,1983,greenacre_weighted_power_0175,7,1,LIGURIA,1,17,0.058823529411764705,4
0.75,19830626,1983,greenacre_weighted_power_0175,7,2,FRIULI-VENEZIA GIULIA,3,9,0.3333333333333333,4
1,19830626,1983,greenacre_weighted_power_0175,7,2,MOLISE,2,9,0.2222222222222222,2
1,19830626,1983,greenacre_weighted_power_0175,7,2,TRENTINO-ALTO ADIGE/SÜDTIROL,2,9,0.2222222222222222,2
0.125,19830626,1983,greenacre_weighted_power_0175,7,2,PIEMONTE,1,9,0.1111111111111111,8
0.14285714285714285,19830626,1983,greenacre_weighted_power_0175,7,2,VENETO,1,9,0.1111111111111111,7
0.5833333333333334,19830626,1983,greenacre_weighted_power_0175,7,3,LOMBARDIA,7,23,0.30434782608695654,12
0.625,19830626,1983,greenacre_weighted_power_0175,7,3,PIEMONTE,5,23,0.21739130434782608,8
0.75,19830626,1983,greenacre_weighted_power_0175,7,3,LIGURIA,3,23,0.13043478260869565,4
0.4,19830626,1983,greenacre_weighted_power_0175,7,3,LAZIO,2,23,0.08695652173913043,5
0.4,19830626,1983,greenacre_weighted_power_0175,7,3,MARCHE,2,23,0.08695652173913043,5
0.2,19830626,1983,greenacre_weighted_power_0175,7,3,TOSCANA,2,23,0.08695652173913043,10
0.25,19830626,1983,greenacre_weighted_power_0175,7,3,ABRUZZO,1,23,0.043478260869565216,4
0.25,19830626,1983,greenacre_weighted_power_0175,7,3,FRIULI-VENEZIA GIULIA,1,23,0.043478260869565216,4
1,19830626,1983,greenacre_weighted_power_0175,7,4,SICILIA,9,22,0.4090909090909091,9
1,19830626,1983,greenacre_weighted_power_0175,7,4,CALABRIA,5,22,0.22727272727272727,5
0.75,19830626,1983,greenacre_weighted_power_0175,7,4,ABRUZZO,3,22,0.13636363636363635,4
0.4,19830626,1983,greenacre_weighted_power_0175,7,4,CAMPANIA,2,22,0.09090909090909091,5
0.4,19830626,1983,greenacre_weighted_power_0175,7,4,LAZIO,2,22,0.09090909090909091,5
0.08333333333333333,19830626,1983,greenacre_weighted_power_0175,7,4,LOMBARDIA,1,22,0.045454545454545456,12
0.4444444444444444,19830626,1983,greenacre_weighted_power_0175,7,5,EMILIA-ROMAGNA,4,12,0.3333333333333333,9
0.3333333333333333,19830626,1983,greenacre_weighted_power_0175,7,5,LOMBARDIA,4,12,0.3333333333333333,12
1,19830626,1983,greenacre_weighted_power_0175,7,5,BASILICATA,2,12,0.16666666666666666,2
0.25,19830626,1983,greenacre_weighted_power_0175,7,5,PIEMONTE,2,12,0.16666666666666666,8
0.8571428571428571,19830626,1983,greenacre_weighted_power_0175,7,6,VENETO,6,11,0.5454545454545454,7
1,19830626,1983,greenacre_weighted_power_0175,7,6,SARDEGNA,5,11,0.45454545454545453,5
1,19830626,1983,greenacre_weighted_power_0175,7,7,PUGLIA,6,12,0.5,6
0.6,19830626,1983,greenacre_weighted_power_0175,7,7,CAMPANIA,3,12,0.25,5
1,19830626,1983,greenacre_weighted_power_0175,7,7,UMBRIA,2,12,0.16666666666666666,2
0.2,19830626,1983,greenacre_weighted_power_0175,7,7,LAZIO,1,12,0.08333333333333333,5
0.625,19830626,1983,greenacre_weighted_power_0175,8,1,PIEMONTE,5,12,0.4166666666666667,8
0.75,19830626,1983,greenacre_weighted_power_0175,8,1,LIGURIA,3,12,0.25,4
0.16666666666666666,19830626,1983,greenacre_weighted_power_0175,8,1,LOMBARDIA,2,12,0.16666666666666666,12
0.25,19830626,1983,greenacre_weighted_power_0175,8,1,FRIULI-VENEZIA GIULIA,1,12,0.08333333333333333,4
0.2,19830626,1983,greenacre_weighted_power_0175,8,1,LAZIO,1,12,0.08333333333333333,5
0.8571428571428571,19830626,1983,greenacre_weighted_power_0175,8,2,VENETO,6,11,0.5454545454545454,7
1,19830626,1983,greenacre_weighted_power_0175,8,2,SARDEGNA,5,11,0.45454545454545453,5
0.8888888888888888,19830626,1983,greenacre_weighted_power_0175,8,3,SICILIA,8,16,0.5,9
0.8,19830626,1983,greenacre_weighted_power_0175,8,3,CALABRIA,4,16,0.25,5
0.25,19830626,1983,greenacre_weighted_power_0175,8,3,ABRUZZO,1,16,0.0625,4
0.2,19830626,1983,greenacre_weighted_power_0175,8,3,CAMPANIA,1,16,0.0625,5
0.2,19830626,1983,greenacre_weighted_power_0175,8,3,LAZIO,1,16,0.0625,5
0.08333333333333333,19830626,1983,greenacre_weighted_power_0175,8,3,LOMBARDIA,1,16,0.0625,12
0.8,19830626,1983,greenacre_weighted_power_0175,8,4,TOSCANA,8,15,0.5333333333333333,10
0.5555555555555556,19830626,1983,greenacre_weighted_power_0175,8,4,EMILIA-ROMAGNA,5,15,0.3333333333333333,9
0.25,19830626,1983,greenacre_weighted_power_0175,8,4,LIGURIA,1,15,0.06666666666666667,4
0.2,19830626,1983,greenacre_weighted_power_0175,8,4,MARCHE,1,15,0.06666666666666667,5
1,19830626,1983,greenacre_weighted_power_0175,8,5,PUGLIA,6,12,0.5,6
0.6,19830626,1983,greenacre_weighted_power_0175,8,5,CAMPANIA,3,12,0.25,5
1,19830626,1983,greenacre_weighted_power_0175,8,5,UMBRIA,2,12,0.16666666666666666,2
0.2,19830626,1983,greenacre_weighted_power_0175,8,5,LAZIO,1,12,0.08333333333333333,5
0.4166666666666667,19830626,1983,greenacre_weighted_power_0175,8,6,LOMBARDIA,5,19,0.2631578947368421,12
0.8,19830626,1983,greenacre_weighted_power_0175,8,6,MARCHE,4,19,0.21052631578947367,5
0.75,19830626,1983,greenacre_weighted_power_0175,8,6,ABRUZZO,3,19,0.15789473684210525,4
0.4,19830626,1983,greenacre_weighted_power_0175,8,6,LAZIO,2,19,0.10526315789473684,5
0.2,19830626,1983,greenacre_weighted_power_0175,8,6,TOSCANA,2,19,0.10526315789473684,10
0.2,19830626,1983,greenacre_weighted_power_0175,8,6,CALABRIA,1,19,0.05263157894736842,5
0.2,19830626,1983,greenacre_weighted_power_0175,8,6,CAMPANIA,1,19,0.05263157894736842,5
0.1111111111111111,19830626,1983,greenacre_weighted_power_0175,8,6,SICILIA,1,19,0.05263157894736842,9
0.4444444444444444,19830626,1983,greenacre_weighted_power_0175,8,7,EMILIA-ROMAGNA,4,12,0.3333333333333333,9
0.3333333333333333,19830626,1983,greenacre_weighted_power_0175,8,7,LOMBARDIA,4,12,0.3333333333333333,12
1,19830626,1983,greenacre_weighted_power_0175,8,7,BASILICATA,2,12,0.16666666666666666,2
0.25,19830626,1983,greenacre_weighted_power_0175,8,7,PIEMONTE,2,12,0.16666666666666666,8
0.75,19830626,1983,greenacre_weighted_power_0175,8,8,FRIULI-VENEZIA GIULIA,3,9,0.3333333333333333,4
1,19830626,1983,greenacre_weighted_power_0175,8,8,MOLISE,2,9,0.2222222222222222,2
1,19830626,1983,greenacre_weighted_power_0175,8,8,TRENTINO-ALTO ADIGE/SÜDTIROL,2,9,0.2222222222222222,2
0.125,19830626,1983,greenacre_weighted_power_0175,8,8,PIEMONTE,1,9,0.1111111111111111,8
0.14285714285714285,19830626,1983,greenacre_weighted_power_0175,8,8,VENETO,1,9,0.1111111111111111,7
1,19870614,1987,greenacre_weighted_power_0175,2,1,SARDEGNA,5,6,0.8333333333333334,5
0.5,19870614,1987,greenacre_weighted_power_0175,2,1,TRENTINO-ALTO ADIGE/SÜDTIROL,1,6,0.16666666666666666,2
1,19870614,1987,greenacre_weighted_power_0175,2,2,LOMBARDIA,12,100,0.12,12
1,19870614,1987,greenacre_weighted_power_0175,2,2,TOSCANA,10,100,0.1,10
1,19870614,1987,greenacre_weighted_power_0175,2,2,EMILIA-ROMAGNA,9,100,0.09,9
1,19870614,1987,greenacre_weighted_power_0175,2,2,SICILIA,9,100,0.09,9
1,19870614,1987,greenacre_weighted_power_0175,2,2,PIEMONTE,8,100,0.08,8
1,19870614,1987,greenacre_weighted_power_0175,2,2,VENETO,7,100,0.07,7
1,19870614,1987,greenacre_weighted_power_0175,2,2,PUGLIA,6,100,0.06,6
1,19870614,1987,greenacre_weighted_power_0175,2,2,CALABRIA,5,100,0.05,5
1,19870614,1987,greenacre_weighted_power_0175,2,2,CAMPANIA,5,100,0.05,5
1,19870614,1987,greenacre_weighted_power_0175,2,2,LAZIO,5,100,0.05,5
1,19870614,1987,greenacre_weighted_power_0175,2,2,MARCHE,5,100,0.05,5
1,19870614,1987,greenacre_weighted_power_0175,2,2,ABRUZZO,4,100,0.04,4
1,19870614,1987,greenacre_weighted_power_0175,2,2,FRIULI-VENEZIA GIULIA,4,100,0.04,4
1,19870614,1987,greenacre_weighted_power_0175,2,2,LIGURIA,4,100,0.04,4
1,19870614,1987,greenacre_weighted_power_0175,2,2,BASILICATA,2,100,0.02,2
1,19870614,1987,greenacre_weighted_power_0175,2,2,MOLISE,2,100,0.02,2
1,19870614,1987,greenacre_weighted_power_0175,2,2,UMBRIA,2,100,0.02,2
0.5,19870614,1987,greenacre_weighted_power_0175,2,2,TRENTINO-ALTO ADIGE/SÜDTIROL,1,100,0.01,2
1,19870614,1987,greenacre_weighted_power_0175,3,1,EMILIA-ROMAGNA,9,39,0.23076923076923078,9
0.9,19870614,1987,greenacre_weighted_power_0175,3,1,TOSCANA,9,39,0.23076923076923078,10
0.4166666666666667,19870614,1987,greenacre_weighted_power_0175,3,1,LOMBARDIA,5,39,0.1282051282051282,12
0.5,19870614,1987,greenacre_weighted_power_0175,3,1,PIEMONTE,4,39,0.10256410256410256,8
0.75,19870614,1987,greenacre_weighted_power_0175,3,1,LIGURIA,3,39,0.07692307692307693,4
0.6,19870614,1987,greenacre_weighted_power_0175,3,1,MARCHE,3,39,0.07692307692307693,5
1,19870614,1987,greenacre_weighted_power_0175,3,1,UMBRIA,2,39,0.05128205128205128,2
0.2857142857142857,19870614,1987,greenacre_weighted_power_0175,3,1,VENETO,2,39,0.05128205128205128,7
0.25,19870614,1987,greenacre_weighted_power_0175,3,1,FRIULI-VENEZIA GIULIA,1,39,0.02564102564102564,4
0.2,19870614,1987,greenacre_weighted_power_0175,3,1,LAZIO,1,39,0.02564102564102564,5
1,19870614,1987,greenacre_weighted_power_0175,3,2,SARDEGNA,5,5,1,5
1,19870614,1987,greenacre_weighted_power_0175,3,3,SICILIA,9,62,0.14516129032258066,9
0.5833333333333334,19870614,1987,greenacre_weighted_power_0175,3,3,LOMBARDIA,7,62,0.11290322580645161,12
1,19870614,1987,greenacre_weighted_power_0175,3,3,PUGLIA,6,62,0.0967741935483871,6
1,19870614,1987,greenacre_weighted_power_0175,3,3,CALABRIA,5,62,0.08064516129032258,5
1,19870614,1987,greenacre_weighted_power_0175,3,3,CAMPANIA,5,62,0.08064516129032258,5
0.7142857142857143,19870614,1987,greenacre_weighted_power_0175,3,3,VENETO,5,62,0.08064516129032258,7
1,19870614,1987,greenacre_weighted_power_0175,3,3,ABRUZZO,4,62,0.06451612903225806,4
0.8,19870614,1987,greenacre_weighted_power_0175,3,3,LAZIO,4,62,0.06451612903225806,5
0.5,19870614,1987,greenacre_weighted_power_0175,3,3,PIEMONTE,4,62,0.06451612903225806,8
0.75,19870614,1987,greenacre_weighted_power_0175,3,3,FRIULI-VENEZIA GIULIA,3,62,0.04838709677419355,4
1,19870614,1987,greenacre_weighted_power_0175,3,3,BASILICATA,2,62,0.03225806451612903,2
0.4,19870614,1987,greenacre_weighted_power_0175,3,3,MARCHE,2,62,0.03225806451612903,5
1,19870614,1987,greenacre_weighted_power_0175,3,3,MOLISE,2,62,0.03225806451612903,2
1,19870614,1987,greenacre_weighted_power_0175,3,3,TRENTINO-ALTO ADIGE/SÜDTIROL,2,62,0.03225806451612903,2
0.25,19870614,1987,greenacre_weighted_power_0175,3,3,LIGURIA,1,62,0.016129032258064516,4
0.1,19870614,1987,greenacre_weighted_power_0175,3,3,TOSCANA,1,62,0.016129032258064516,10
0.9166666666666666,19870614,1987,greenacre_weighted_power_0175,4,1,LOMBARDIA,11,37,0.2972972972972973,12
1,19870614,1987,greenacre_weighted_power_0175,4,1,PIEMONTE,8,37,0.21621621621621623,8
1,19870614,1987,greenacre_weighted_power_0175,4,1,VENETO,7,37,0.1891891891891892,7
1,19870614,1987,greenacre_weighted_power_0175,4,1,FRIULI-VENEZIA GIULIA,4,37,0.10810810810810811,4
0.75,19870614,1987,greenacre_weighted_power_0175,4,1,LIGURIA,3,37,0.08108108108108109,4
1,19870614,1987,greenacre_weighted_power_0175,4,1,TRENTINO-ALTO ADIGE/SÜDTIROL,2,37,0.05405405405405406,2
0.1111111111111111,19870614,1987,greenacre_weighted_power_0175,4,1,EMILIA-ROMAGNA,1,37,0.02702702702702703,9
0.2,19870614,1987,greenacre_weighted_power_0175,4,1,LAZIO,1,37,0.02702702702702703,5
1,19870614,1987,greenacre_weighted_power_0175,4,2,SICILIA,9,39,0.23076923076923078,9
1,19870614,1987,greenacre_weighted_power_0175,4,2,PUGLIA,6,39,0.15384615384615385,6
1,19870614,1987,greenacre_weighted_power_0175,4,2,CALABRIA,5,39,0.1282051282051282,5
1,19870614,1987,greenacre_weighted_power_0175,4,2,CAMPANIA,5,39,0.1282051282051282,5
1,19870614,1987,greenacre_weighted_power_0175,4,2,ABRUZZO,4,39,0.10256410256410256,4
0.6,19870614,1987,greenacre_weighted_power_0175,4,2,LAZIO,3,39,0.07692307692307693,5
1,19870614,1987,greenacre_weighted_power_0175,4,2,BASILICATA,2,39,0.05128205128205128,2
0.4,19870614,1987,greenacre_weighted_power_0175,4,2,MARCHE,2,39,0.05128205128205128,5
1,19870614,1987,greenacre_weighted_power_0175,4,2,MOLISE,2,39,0.05128205128205128,2
0.1,19870614,1987,greenacre_weighted_power_0175,4,2,TOSCANA,1,39,0.02564102564102564,10
0.9,19870614,1987,greenacre_weighted_power_0175,4,3,TOSCANA,9,25,0.36,10
0.8888888888888888,19870614,1987,greenacre_weighted_power_0175,4,3,EMILIA-ROMAGNA,8,25,0.32,9
0.6,19870614,1987,greenacre_weighted_power_0175,4,3,MARCHE,3,25,0.12,5
1,19870614,1987,greenacre_weighted_power_0175,4,3,UMBRIA,2,25,0.08,2
0.2,19870614,1987,greenacre_weighted_power_0175,4,3,LAZIO,1,25,0.04,5
0.25,19870614,1987,greenacre_weighted_power_0175,4,3,LIGURIA,1,25,0.04,4
0.08333333333333333,19870614,1987,greenacre_weighted_power_0175,4,3,LOMBARDIA,1,25,0.04,12
1,19870614,1987,greenacre_weighted_power_0175,4,4,SARDEGNA,5,5,1,5
1,19870614,1987,greenacre_weighted_power_0175,5,1,SARDEGNA,5,5,1,5
0.75,19870614,1987,greenacre_weighted_power_0175,5,2,LOMBARDIA,9,18,0.5,12
0.8571428571428571,19870614,1987,greenacre_weighted_power_0175,5,2,VENETO,6,18,0.3333333333333333,7
0.75,19870614,1987,greenacre_weighted_power_0175,5,2,FRIULI-VENEZIA GIULIA,3,18,0.16666666666666666,4
1,19870614,1987,greenacre_weighted_power_0175,5,3,EMILIA-ROMAGNA,9,24,0.375,9
0.8,19870614,1987,greenacre_weighted_power_0175,5,3,TOSCANA,8,24,0.3333333333333333,10
0.6,19870614,1987,greenacre_weighted_power_0175,5,3,MARCHE,3,24,0.125,5
1,19870614,1987,greenacre_weighted_power_0175,5,3,UMBRIA,2,24,0.08333333333333333,2
0.25,19870614,1987,greenacre_weighted_power_0175,5,3,LIGURIA,1,24,0.041666666666666664,4
0.08333333333333333,19870614,1987,greenacre_weighted_power_0175,5,3,LOMBARDIA,1,24,0.041666666666666664,12
1,19870614,1987,greenacre_weighted_power_0175,5,4,PIEMONTE,8,21,0.38095238095238093,8
0.75,19870614,1987,greenacre_weighted_power_0175,5,4,LIGURIA,3,21,0.14285714285714285,4
0.4,19870614,1987,greenacre_weighted_power_0175,5,4,LAZIO,2,21,0.09523809523809523,5
0.16666666666666666,19870614,1987,greenacre_weighted_power_0175,5,4,LOMBARDIA,2,21,0.09523809523809523,12
0.2,19870614,1987,greenacre_weighted_power_0175,5,4,TOSCANA,2,21,0.09523809523809523,10
1,19870614,1987,greenacre_weighted_power_0175,5,4,TRENTINO-ALTO ADIGE/SÜDTIROL,2,21,0.09523809523809523,2
0.25,19870614,1987,greenacre_weighted_power_0175,5,4,FRIULI-VENEZIA GIULIA,1,21,0.047619047619047616,4
0.14285714285714285,19870614,1987,greenacre_weighted_power_0175,5,4,VENETO,1,21,0.047619047619047616,7
1,19870614,1987,greenacre_weighted_power_0175,5,5,SICILIA,9,38,0.23684210526315788,9
1,19870614,1987,greenacre_weighted_power_0175,5,5,PUGLIA,6,38,0.15789473684210525,6
1,19870614,1987,greenacre_weighted_power_0175,5,5,CALABRIA,5,38,0.13157894736842105,5
1,19870614,1987,greenacre_weighted_power_0175,5,5,CAMPANIA,5,38,0.13157894736842105,5
1,19870614,1987,greenacre_weighted_power_0175,5,5,ABRUZZO,4,38,0.10526315789473684,4
0.6,19870614,1987,greenacre_weighted_power_0175,5,5,LAZIO,3,38,0.07894736842105263,5
1,19870614,1987,greenacre_weighted_power_0175,5,5,BASILICATA,2,38,0.05263157894736842,2
0.4,19870614,1987,greenacre_weighted_power_0175,5,5,MARCHE,2,38,0.05263157894736842,5
1,19870614,1987,greenacre_weighted_power_0175,5,5,MOLISE,2,38,0.05263157894736842,2
1,19870614,1987,greenacre_weighted_power_0175,6,1,SARDEGNA,5,5,1,5
0.8,19870614,1987,greenacre_weighted_power_0175,6,2,TOSCANA,8,18,0.4444444444444444,10
0.7777777777777778,19870614,1987,greenacre_weighted_power_0175,6,2,EMILIA-ROMAGNA,7,18,0.3888888888888889,9
1,19870614,1987,greenacre_weighted_power_0175,6,2,UMBRIA,2,18,0.1111111111111111,2
0.25,19870614,1987,greenacre_weighted_power_0175,6,2,LIGURIA,1,18,0.05555555555555555,4
0.5833333333333334,19870614,1987,greenacre_weighted_power_0175,6,3,LOMBARDIA,7,15,0.4666666666666667,12
0.7142857142857143,19870614,1987,greenacre_weighted_power_0175,6,3,VENETO,5,15,0.3333333333333333,7
0.5,19870614,1987,greenacre_weighted_power_0175,6,3,FRIULI-VENEZIA GIULIA,2,15,0.13333333333333333,4
0.5,19870614,1987,greenacre_weighted_power_0175,6,3,TRENTINO-ALTO ADIGE/SÜDTIROL,1,15,0.06666666666666667,2
1,19870614,1987,greenacre_weighted_power_0175,6,4,PIEMONTE,8,17,0.47058823529411764,8
0.75,19870614,1987,greenacre_weighted_power_0175,6,4,LIGURIA,3,17,0.17647058823529413,4
0.2,19870614,1987,greenacre_weighted_power_0175,6,4,TOSCANA,2,17,0.11764705882352941,10
0.25,19870614,1987,greenacre_weighted_power_0175,6,4,FRIULI-VENEZIA GIULIA,1,17,0.058823529411764705,4
0.2,19870614,1987,greenacre_weighted_power_0175,6,4,LAZIO,1,17,0.058823529411764705,5
0.08333333333333333,19870614,1987,greenacre_weighted_power_0175,6,4,LOMBARDIA,1,17,0.058823529411764705,12
0.5,19870614,1987,greenacre_weighted_power_0175,6,4,TRENTINO-ALTO ADIGE/SÜDTIROL,1,17,0.058823529411764705,2
1,19870614,1987,greenacre_weighted_power_0175,6,5,SICILIA,9,31,0.2903225806451613,9
1,19870614,1987,greenacre_weighted_power_0175,6,5,CALABRIA,5,31,0.16129032258064516,5
1,19870614,1987,greenacre_weighted_power_0175,6,5,CAMPANIA,5,31,0.16129032258064516,5
0.6666666666666666,19870614,1987,greenacre_weighted_power_0175,6,5,PUGLIA,4,31,0.12903225806451613,6
0.5,19870614,1987,greenacre_weighted_power_0175,6,5,ABRUZZO,2,31,0.06451612903225806,4
1,19870614,1987,greenacre_weighted_power_0175,6,5,BASILICATA,2,31,0.06451612903225806,2
0.4,19870614,1987,greenacre_weighted_power_0175,6,5,LAZIO,2,31,0.06451612903225806,5
1,19870614,1987,greenacre_weighted_power_0175,6,5,MOLISE,2,31,0.06451612903225806,2
1,19870614,1987,greenacre_weighted_power_0175,6,6,MARCHE,5,20,0.25,5
0.3333333333333333,19870614,1987,greenacre_weighted_power_0175,6,6,LOMBARDIA,4,20,0.2,12
0.5,19870614,1987,greenacre_weighted_power_0175,6,6,ABRUZZO,2,20,0.1,4
0.2222222222222222,19870614,1987,greenacre_weighted_power_0175,6,6,EMILIA-ROMAGNA,2,20,0.1,9
0.4,19870614,1987,greenacre_weighted_power_0175,6,6,LAZIO,2,20,0.1,5
0.3333333333333333,19870614,1987,greenacre_weighted_power_0175,6,6,PUGLIA,2,20,0.1,6
0.2857142857142857,19870614,1987,greenacre_weighted_power_0175,6,6,VENETO,2,20,0.1,7
0.25,19870614,1987,greenacre_weighted_power_0175,6,6,FRIULI-VENEZIA GIULIA,1,20,0.05,4
0.3333333333333333,19870614,1987,greenacre_weighted_power_0175,7,1,EMILIA-ROMAGNA,3,12,0.25,9
0.3,19870614,1987,greenacre_weighted_power_0175,7,1,TOSCANA,3,12,0.25,10
0.4,19870614,1987,greenacre_weighted_power_0175,7,1,MARCHE,2,12,0.16666666666666666,5
1,19870614,1987,greenacre_weighted_power_0175,7,1,UMBRIA,2,12,0.16666666666666666,2
0.25,19870614,1987,greenacre_weighted_power_0175,7,1,LIGURIA,1,12,0.08333333333333333,4
0.08333333333333333,19870614,1987,greenacre_weighted_power_0175,7,1,LOMBARDIA,1,12,0.08333333333333333,12
1,19870614,1987,greenacre_weighted_power_0175,7,2,SARDEGNA,5,5,1,5
0.6666666666666666,19870614,1987,greenacre_weighted_power_0175,7,3,PUGLIA,4,20,0.2,6
0.25,19870614,1987,greenacre_weighted_power_0175,7,3,LOMBARDIA,3,20,0.15,12
0.6,19870614,1987,greenacre_weighted_power_0175,7,3,MARCHE,3,20,0.15,5
0.5,19870614,1987,greenacre_weighted_power_0175,7,3,ABRUZZO,2,20,0.1,4
0.4,19870614,1987,greenacre_weighted_power_0175,7,3,LAZIO,2,20,0.1,5
0.2857142857142857,19870614,1987,greenacre_weighted_power_0175,7,3,VENETO,2,20,0.1,7
0.5,19870614,1987,greenacre_weighted_power_0175,7,3,BASILICATA,1,20,0.05,2
0.1111111111111111,19870614,1987,greenacre_weighted_power_0175,7,3,EMILIA-ROMAGNA,1,20,0.05,9
0.25,19870614,1987,greenacre_weighted_power_0175,7,3,FRIULI-VENEZIA GIULIA,1,20,0.05,4
0.1111111111111111,19870614,1987,greenacre_weighted_power_0175,7,3,SICILIA,1,20,0.05,9
0.6,19870614,1987,greenacre_weighted_power_0175,7,4,TOSCANA,6,11,0.5454545454545454,10
0.5555555555555556,19870614,1987,greenacre_weighted_power_0175,7,4,EMILIA-ROMAGNA,5,11,0.45454545454545453,9
1,19870614,1987,greenacre_weighted_power_0175,7,5,PIEMONTE,8,17,0.47058823529411764,8
0.75,19870614,1987,greenacre_weighted_power_0175,7,5,LIGURIA,3,17,0.17647058823529413,4
1,19870614,1987,greenacre_weighted_power_0175,7,5,TRENTINO-ALTO ADIGE/SÜDTIROL,2,17,0.11764705882352941,2
0.25,19870614,1987,greenacre_weighted_power_0175,7,5,FRIULI-VENEZIA GIULIA,1,17,0.058823529411764705,4
0.2,19870614,1987,greenacre_weighted_power_0175,7,5,LAZIO,1,17,0.058823529411764705,5
0.08333333333333333,19870614,1987,greenacre_weighted_power_0175,7,5,LOMBARDIA,1,17,0.058823529411764705,12
0.1,19870614,1987,greenacre_weighted_power_0175,7,5,TOSCANA,1,17,0.058823529411764705,10
0.5833333333333334,19870614,1987,greenacre_weighted_power_0175,7,6,LOMBARDIA,7,14,0.5,12
0.7142857142857143,19870614,1987,greenacre_weighted_power_0175,7,6,VENETO,5,14,0.35714285714285715,7
0.5,19870614,1987,greenacre_weighted_power_0175,7,6,FRIULI-VENEZIA GIULIA,2,14,0.14285714285714285,4
0.8888888888888888,19870614,1987,greenacre_weighted_power_0175,7,7,SICILIA,8,27,0.2962962962962963,9
1,19870614,1987,greenacre_weighted_power_0175,7,7,CALABRIA,5,27,0.18518518518518517,5
1,19870614,1987,greenacre_weighted_power_0175,7,7,CAMPANIA,5,27,0.18518518518518517,5
0.5,19870614,1987,greenacre_weighted_power_0175,7,7,ABRUZZO,2,27,0.07407407407407407,4
0.4,19870614,1987,greenacre_weighted_power_0175,7,7,LAZIO,2,27,0.07407407407407407,5
1,19870614,1987,greenacre_weighted_power_0175,7,7,MOLISE,2,27,0.07407407407407407,2
0.3333333333333333,19870614,1987,greenacre_weighted_power_0175,7,7,PUGLIA,2,27,0.07407407407407407,6
0.5,19870614,1987,greenacre_weighted_power_0175,7,7,BASILICATA,1,27,0.037037037037037035,2
0.6,19870614,1987,greenacre_weighted_power_0175,8,1,TOSCANA,6,11,0.5454545454545454,10
0.5555555555555556,19870614,1987,greenacre_weighted_power_0175,8,1,EMILIA-ROMAGNA,5,11,0.45454545454545453,9
1,19870614,1987,greenacre_weighted_power_0175,8,2,PUGLIA,6,18,0.3333333333333333,6
0.75,19870614,1987,greenacre_weighted_power_0175,8,2,ABRUZZO,3,18,0.16666666666666666,4
0.6,19870614,1987,greenacre_weighted_power_0175,8,2,LAZIO,3,18,0.16666666666666666,5
0.6,19870614,1987,greenacre_weighted_power_0175,8,2,MARCHE,3,18,0.16666666666666666,5
0.5,19870614,1987,greenacre_weighted_power_0175,8,2,BASILICATA,1,18,0.05555555555555555,2
0.1111111111111111,19870614,1987,greenacre_weighted_power_0175,8,2,EMILIA-ROMAGNA,1,18,0.05555555555555555,9
0.1111111111111111,19870614,1987,greenacre_weighted_power_0175,8,2,SICILIA,1,18,0.05555555555555555,9
0.75,19870614,1987,greenacre_weighted_power_0175,8,3,LOMBARDIA,9,15,0.6,12
0.75,19870614,1987,greenacre_weighted_power_0175,8,3,FRIULI-VENEZIA GIULIA,3,15,0.2,4
0.42857142857142855,19870614,1987,greenacre_weighted_power_0175,8,3,VENETO,3,15,0.2,7
0.75,19870614,1987,greenacre_weighted_power_0175,8,4,PIEMONTE,6,15,0.4,8
0.75,19870614,1987,greenacre_weighted_power_0175,8,4,LIGURIA,3,15,0.2,4
0.16666666666666666,19870614,1987,greenacre_weighted_power_0175,8,4,LOMBARDIA,2,15,0.13333333333333333,12
0.25,19870614,1987,greenacre_weighted_power_0175,8,4,FRIULI-VENEZIA GIULIA,1,15,0.06666666666666667,4
0.2,19870614,1987,greenacre_weighted_power_0175,8,4,LAZIO,1,15,0.06666666666666667,5
0.1,19870614,1987,greenacre_weighted_power_0175,8,4,TOSCANA,1,15,0.06666666666666667,10
0.14285714285714285,19870614,1987,greenacre_weighted_power_0175,8,4,VENETO,1,15,0.06666666666666667,7
1,19870614,1987,greenacre_weighted_power_0175,8,5,SARDEGNA,5,5,1,5
0.8888888888888888,19870614,1987,greenacre_weighted_power_0175,8,6,SICILIA,8,23,0.34782608695652173,9
1,19870614,1987,greenacre_weighted_power_0175,8,6,CALABRIA,5,23,0.21739130434782608,5
1,19870614,1987,greenacre_weighted_power_0175,8,6,CAMPANIA,5,23,0.21739130434782608,5
1,19870614,1987,greenacre_weighted_power_0175,8,6,MOLISE,2,23,0.08695652173913043,2
0.25,19870614,1987,greenacre_weighted_power_0175,8,6,ABRUZZO,1,23,0.043478260869565216,4
0.5,19870614,1987,greenacre_weighted_power_0175,8,6,BASILICATA,1,23,0.043478260869565216,2
0.2,19870614,1987,greenacre_weighted_power_0175,8,6,LAZIO,1,23,0.043478260869565216,5
0.3333333333333333,19870614,1987,greenacre_weighted_power_0175,8,7,EMILIA-ROMAGNA,3,12,0.25,9
0.3,19870614,1987,greenacre_weighted_power_0175,8,7,TOSCANA,3,12,0.25,10
0.4,19870614,1987,greenacre_weighted_power_0175,8,7,MARCHE,2,12,0.16666666666666666,5
1,19870614,1987,greenacre_weighted_power_0175,8,7,UMBRIA,2,12,0.16666666666666666,2
0.25,19870614,1987,greenacre_weighted_power_0175,8,7,LIGURIA,1,12,0.08333333333333333,4
0.08333333333333333,19870614,1987,greenacre_weighted_power_0175,8,7,LOMBARDIA,1,12,0.08333333333333333,12
0.42857142857142855,19870614,1987,greenacre_weighted_power_0175,8,8,VENETO,3,7,0.42857142857142855,7
0.25,19870614,1987,greenacre_weighted_power_0175,8,8,PIEMONTE,2,7,0.2857142857142857,8
1,19870614,1987,greenacre_weighted_power_0175,8,8,TRENTINO-ALTO ADIGE/SÜDTIROL,2,7,0.2857142857142857,2
1,19920405,1992,greenacre_weighted_power_0175,2,1,SICILIA,9,50,0.18,9
1,19920405,1992,greenacre_weighted_power_0175,2,1,CALABRIA,5,50,0.1,5
1,19920405,1992,greenacre_weighted_power_0175,2,1,CAMPANIA,5,50,0.1,5
1,19920405,1992,greenacre_weighted_power_0175,2,1,LAZIO,5,50,0.1,5
1,19920405,1992,greenacre_weighted_power_0175,2,1,MARCHE,5,50,0.1,5
0.8333333333333334,19920405,1992,greenacre_weighted_power_0175,2,1,PUGLIA,5,50,0.1,6
1,19920405,1992,greenacre_weighted_power_0175,2,1,SARDEGNA,5,50,0.1,5
1,19920405,1992,greenacre_weighted_power_0175,2,1,ABRUZZO,4,50,0.08,4
1,19920405,1992,greenacre_weighted_power_0175,2,1,BASILICATA,2,50,0.04,2
1,19920405,1992,greenacre_weighted_power_0175,2,1,MOLISE,2,50,0.04,2
1,19920405,1992,greenacre_weighted_power_0175,2,1,UMBRIA,2,50,0.04,2
0.25,19920405,1992,greenacre_weighted_power_0175,2,1,FRIULI-VENEZIA GIULIA,1,50,0.02,4
1,19920405,1992,greenacre_weighted_power_0175,2,2,LOMBARDIA,12,56,0.21428571428571427,12
1,19920405,1992,greenacre_weighted_power_0175,2,2,TOSCANA,10,56,0.17857142857142858,10
1,19920405,1992,greenacre_weighted_power_0175,2,2,EMILIA-ROMAGNA,9,56,0.16071428571428573,9
1,19920405,1992,greenacre_weighted_power_0175,2,2,PIEMONTE,8,56,0.14285714285714285,8
1,19920405,1992,greenacre_weighted_power_0175,2,2,VENETO,7,56,0.125,7
1,19920405,1992,greenacre_weighted_power_0175,2,2,LIGURIA,4,56,0.07142857142857142,4
0.75,19920405,1992,greenacre_weighted_power_0175,2,2,FRIULI-VENEZIA GIULIA,3,56,0.05357142857142857,4
1,19920405,1992,greenacre_weighted_power_0175,2,2,TRENTINO-ALTO ADIGE/SÜDTIROL,2,56,0.03571428571428571,2
0.16666666666666666,19920405,1992,greenacre_weighted_power_0175,2,2,PUGLIA,1,56,0.017857142857142856,6
1,19920405,1992,greenacre_weighted_power_0175,3,1,LOMBARDIA,12,56,0.21428571428571427,12
1,19920405,1992,greenacre_weighted_power_0175,3,1,TOSCANA,10,56,0.17857142857142858,10
1,19920405,1992,greenacre_weighted_power_0175,3,1,EMILIA-ROMAGNA,9,56,0.16071428571428573,9
1,19920405,1992,greenacre_weighted_power_0175,3,1,PIEMONTE,8,56,0.14285714285714285,8
1,19920405,1992,greenacre_weighted_power_0175,3,1,VENETO,7,56,0.125,7
1,19920405,1992,greenacre_weighted_power_0175,3,1,LIGURIA,4,56,0.07142857142857142,4
0.75,19920405,1992,greenacre_weighted_power_0175,3,1,FRIULI-VENEZIA GIULIA,3,56,0.05357142857142857,4
1,19920405,1992,greenacre_weighted_power_0175,3,1,TRENTINO-ALTO ADIGE/SÜDTIROL,2,56,0.03571428571428571,2
0.16666666666666666,19920405,1992,greenacre_weighted_power_0175,3,1,PUGLIA,1,56,0.017857142857142856,6
1,19920405,1992,greenacre_weighted_power_0175,3,2,SICILIA,9,22,0.4090909090909091,9
0.8333333333333334,19920405,1992,greenacre_weighted_power_0175,3,2,PUGLIA,5,22,0.22727272727272727,6
0.8,19920405,1992,greenacre_weighted_power_0175,3,2,LAZIO,4,22,0.18181818181818182,5
0.4,19920405,1992,greenacre_weighted_power_0175,3,2,CAMPANIA,2,22,0.09090909090909091,5
1,19920405,1992,greenacre_weighted_power_0175,3,2,MOLISE,2,22,0.09090909090909091,2
1,19920405,1992,greenacre_weighted_power_0175,3,3,CALABRIA,5,28,0.17857142857142858,5
1,19920405,1992,greenacre_weighted_power_0175,3,3,MARCHE,5,28,0.17857142857142858,5
1,19920405,1992,greenacre_weighted_power_0175,3,3,SARDEGNA,5,28,0.17857142857142858,5
1,19920405,1992,greenacre_weighted_power_0175,3,3,ABRUZZO,4,28,0.14285714285714285,4
0.6,19920405,1992,greenacre_weighted_power_0175,3,3,CAMPANIA,3,28,0.10714285714285714,5
1,19920405,1992,greenacre_weighted_power_0175,3,3,BASILICATA,2,28,0.07142857142857142,2
1,19920405,1992,greenacre_weighted_power_0175,3,3,UMBRIA,2,28,0.07142857142857142,2
0.25,19920405,1992,greenacre_weighted_power_0175,3,3,FRIULI-VENEZIA GIULIA,1,28,0.03571428571428571,4
0.2,19920405,1992,greenacre_weighted_power_0175,3,3,LAZIO,1,28,0.03571428571428571,5
1,19920405,1992,greenacre_weighted_power_0175,4,1,LOMBARDIA,12,38,0.3157894736842105,12
1,19920405,1992,greenacre_weighted_power_0175,4,1,PIEMONTE,8,38,0.21052631578947367,8
1,19920405,1992,greenacre_weighted_power_0175,4,1,VENETO,7,38,0.18421052631578946,7
0.75,19920405,1992,greenacre_weighted_power_0175,4,1,FRIULI-VENEZIA GIULIA,3,38,0.07894736842105263,4
0.75,19920405,1992,greenacre_weighted_power_0175,4,1,LIGURIA,3,38,0.07894736842105263,4
0.2222222222222222,19920405,1992,greenacre_weighted_power_0175,4,1,EMILIA-ROMAGNA,2,38,0.05263157894736842,9
1,19920405,1992,greenacre_weighted_power_0175,4,1,TRENTINO-ALTO ADIGE/SÜDTIROL,2,38,0.05263157894736842,2
0.16666666666666666,19920405,1992,greenacre_weighted_power_0175,4,1,PUGLIA,1,38,0.02631578947368421,6
1,19920405,1992,greenacre_weighted_power_0175,4,2,CALABRIA,5,28,0.17857142857142858,5
1,19920405,1992,greenacre_weighted_power_0175,4,2,MARCHE,5,28,0.17857142857142858,5
1,19920405,1992,greenacre_weighted_power_0175,4,2,SARDEGNA,5,28,0.17857142857142858,5
1,19920405,1992,greenacre_weighted_power_0175,4,2,ABRUZZO,4,28,0.14285714285714285,4
0.6,19920405,1992,greenacre_weighted_power_0175,4,2,CAMPANIA,3,28,0.10714285714285714,5
1,19920405,1992,greenacre_weighted_power_0175,4,2,BASILICATA,2,28,0.07142857142857142,2
1,19920405,1992,greenacre_weighted_power_0175,4,2,UMBRIA,2,28,0.07142857142857142,2
0.25,19920405,1992,greenacre_weighted_power_0175,4,2,FRIULI-VENEZIA GIULIA,1,28,0.03571428571428571,4
0.2,19920405,1992,greenacre_weighted_power_0175,4,2,LAZIO,1,28,0.03571428571428571,5
1,19920405,1992,greenacre_weighted_power_0175,4,3,TOSCANA,10,18,0.5555555555555556,10
0.7777777777777778,19920405,1992,greenacre_weighted_power_0175,4,3,EMILIA-ROMAGNA,7,18,0.3888888888888889,9
0.25,19920405,1992,greenacre_weighted_power_0175,4,3,LIGURIA,1,18,0.05555555555555555,4
1,19920405,1992,greenacre_weighted_power_0175,4,4,SICILIA,9,22,0.4090909090909091,9
0.8333333333333334,19920405,1992,greenacre_weighted_power_0175,4,4,PUGLIA,5,22,0.22727272727272727,6
0.8,19920405,1992,greenacre_weighted_power_0175,4,4,LAZIO,4,22,0.18181818181818182,5
0.4,19920405,1992,greenacre_weighted_power_0175,4,4,CAMPANIA,2,22,0.09090909090909091,5
1,19920405,1992,greenacre_weighted_power_0175,4,4,MOLISE,2,22,0.09090909090909091,2
1,19920405,1992,greenacre_weighted_power_0175,5,1,CALABRIA,5,28,0.17857142857142858,5
1,19920405,1992,greenacre_weighted_power_0175,5,1,MARCHE,5,28,0.17857142857142858,5
1,19920405,1992,greenacre_weighted_power_0175,5,1,SARDEGNA,5,28,0.17857142857142858,5
1,19920405,1992,greenacre_weighted_power_0175,5,1,ABRUZZO,4,28,0.14285714285714285,4
0.6,19920405,1992,greenacre_weighted_power_0175,5,1,CAMPANIA,3,28,0.10714285714285714,5
1,19920405,1992,greenacre_weighted_power_0175,5,1,BASILICATA,2,28,0.07142857142857142,2
1,19920405,1992,greenacre_weighted_power_0175,5,1,UMBRIA,2,28,0.07142857142857142,2
0.25,19920405,1992,greenacre_weighted_power_0175,5,1,FRIULI-VENEZIA GIULIA,1,28,0.03571428571428571,4
0.2,19920405,1992,greenacre_weighted_power_0175,5,1,LAZIO,1,28,0.03571428571428571,5
1,19920405,1992,greenacre_weighted_power_0175,5,2,TOSCANA,10,18,0.5555555555555556,10
0.7777777777777778,19920405,1992,greenacre_weighted_power_0175,5,2,EMILIA-ROMAGNA,7,18,0.3888888888888889,9
0.25,19920405,1992,greenacre_weighted_power_0175,5,2,LIGURIA,1,18,0.05555555555555555,4
0.5833333333333334,19920405,1992,greenacre_weighted_power_0175,5,3,LOMBARDIA,7,14,0.5,12
0.7142857142857143,19920405,1992,greenacre_weighted_power_0175,5,3,VENETO,5,14,0.35714285714285715,7
0.125,19920405,1992,greenacre_weighted_power_0175,5,3,PIEMONTE,1,14,0.07142857142857142,8
0.5,19920405,1992,greenacre_weighted_power_0175,5,3,TRENTINO-ALTO ADIGE/SÜDTIROL,1,14,0.07142857142857142,2
0.875,19920405,1992,greenacre_weighted_power_0175,5,4,PIEMONTE,7,24,0.2916666666666667,8
0.4166666666666667,19920405,1992,greenacre_weighted_power_0175,5,4,LOMBARDIA,5,24,0.20833333333333334,12
0.75,19920405,1992,greenacre_weighted_power_0175,5,4,FRIULI-VENEZIA GIULIA,3,24,0.125,4
0.75,19920405,1992,greenacre_weighted_power_0175,5,4,LIGURIA,3,24,0.125,4
0.2222222222222222,19920405,1992,greenacre_weighted_power_0175,5,4,EMILIA-ROMAGNA,2,24,0.08333333333333333,9
0.2857142857142857,19920405,1992,greenacre_weighted_power_0175,5,4,VENETO,2,24,0.08333333333333333,7
0.16666666666666666,19920405,1992,greenacre_weighted_power_0175,5,4,PUGLIA,1,24,0.041666666666666664,6
0.5,19920405,1992,greenacre_weighted_power_0175,5,4,TRENTINO-ALTO ADIGE/SÜDTIROL,1,24,0.041666666666666664,2
1,19920405,1992,greenacre_weighted_power_0175,5,5,SICILIA,9,22,0.4090909090909091,9
0.8333333333333334,19920405,1992,greenacre_weighted_power_0175,5,5,PUGLIA,5,22,0.22727272727272727,6
0.8,19920405,1992,greenacre_weighted_power_0175,5,5,LAZIO,4,22,0.18181818181818182,5
0.4,19920405,1992,greenacre_weighted_power_0175,5,5,CAMPANIA,2,22,0.09090909090909091,5
1,19920405,1992,greenacre_weighted_power_0175,5,5,MOLISE,2,22,0.09090909090909091,2
1,19920405,1992,greenacre_weighted_power_0175,6,1,TOSCANA,10,18,0.5555555555555556,10
0.7777777777777778,19920405,1992,greenacre_weighted_power_0175,6,1,EMILIA-ROMAGNA,7,18,0.3888888888888889,9
0.25,19920405,1992,greenacre_weighted_power_0175,6,1,LIGURIA,1,18,0.05555555555555555,4
1,19920405,1992,greenacre_weighted_power_0175,6,2,CALABRIA,5,19,0.2631578947368421,5
1,19920405,1992,greenacre_weighted_power_0175,6,2,SARDEGNA,5,19,0.2631578947368421,5
1,19920405,1992,greenacre_weighted_power_0175,6,2,ABRUZZO,4,19,0.21052631578947367,4
0.6,19920405,1992,greenacre_weighted_power_0175,6,2,CAMPANIA,3,19,0.15789473684210525,5
1,19920405,1992,greenacre_weighted_power_0175,6,2,BASILICATA,2,19,0.10526315789473684,2
0.5833333333333334,19920405,1992,greenacre_weighted_power_0175,6,3,LOMBARDIA,7,14,0.5,12
0.7142857142857143,19920405,1992,greenacre_weighted_power_0175,6,3,VENETO,5,14,0.35714285714285715,7
0.125,19920405,1992,greenacre_weighted_power_0175,6,3,PIEMONTE,1,14,0.07142857142857142,8
0.5,19920405,1992,greenacre_weighted_power_0175,6,3,TRENTINO-ALTO ADIGE/SÜDTIROL,1,14,0.07142857142857142,2
0.875,19920405,1992,greenacre_weighted_power_0175,6,4,PIEMONTE,7,22,0.3181818181818182,8
0.75,19920405,1992,greenacre_weighted_power_0175,6,4,FRIULI-VENEZIA GIULIA,3,22,0.13636363636363635,4
0.75,19920405,1992,greenacre_weighted_power_0175,6,4,LIGURIA,3,22,0.13636363636363635,4
0.25,19920405,1992,greenacre_weighted_power_0175,6,4,LOMBARDIA,3,22,0.13636363636363635,12
0.2222222222222222,19920405,1992,greenacre_weighted_power_0175,6,4,EMILIA-ROMAGNA,2,22,0.09090909090909091,9
0.2857142857142857,19920405,1992,greenacre_weighted_power_0175,6,4,VENETO,2,22,0.09090909090909091,7
0.16666666666666666,19920405,1992,greenacre_weighted_power_0175,6,4,PUGLIA,1,22,0.045454545454545456,6
0.5,19920405,1992,greenacre_weighted_power_0175,6,4,TRENTINO-ALTO ADIGE/SÜDTIROL,1,22,0.045454545454545456,2
1,19920405,1992,greenacre_weighted_power_0175,6,5,SICILIA,9,22,0.4090909090909091,9
0.8333333333333334,19920405,1992,greenacre_weighted_power_0175,6,5,PUGLIA,5,22,0.22727272727272727,6
0.8,19920405,1992,greenacre_weighted_power_0175,6,5,LAZIO,4,22,0.18181818181818182,5
0.4,19920405,1992,greenacre_weighted_power_0175,6,5,CAMPANIA,2,22,0.09090909090909091,5
1,19920405,1992,greenacre_weighted_power_0175,6,5,MOLISE,2,22,0.09090909090909091,2
1,19920405,1992,greenacre_weighted_power_0175,6,6,MARCHE,5,11,0.45454545454545453,5
0.16666666666666666,19920405,1992,greenacre_weighted_power_0175,6,6,LOMBARDIA,2,11,0.18181818181818182,12
1,19920405,1992,greenacre_weighted_power_0175,6,6,UMBRIA,2,11,0.18181818181818182,2
0.25,19920405,1992,greenacre_weighted_power_0175,6,6,FRIULI-VENEZIA GIULIA,1,11,0.09090909090909091,4
0.2,19920405,1992,greenacre_weighted_power_0175,6,6,LAZIO,1,11,0.09090909090909091,5
0.8333333333333334,19920405,1992,greenacre_weighted_power_0175,7,1,PUGLIA,5,12,0.4166666666666667,6
0.8,19920405,1992,greenacre_weighted_power_0175,7,1,LAZIO,4,12,0.3333333333333333,5
0.4,19920405,1992,greenacre_weighted_power_0175,7,1,CAMPANIA,2,12,0.16666666666666666,5
0.1,19920405,1992,greenacre_weighted_power_0175,7,1,TOSCANA,1,12,0.08333333333333333,10
0.5833333333333334,19920405,1992,greenacre_weighted_power_0175,7,2,LOMBARDIA,7,14,0.5,12
0.7142857142857143,19920405,1992,greenacre_weighted_power_0175,7,2,VENETO,5,14,0.35714285714285715,7
0.125,19920405,1992,greenacre_weighted_power_0175,7,2,PIEMONTE,1,14,0.07142857142857142,8
0.5,19920405,1992,greenacre_weighted_power_0175,7,2,TRENTINO-ALTO ADIGE/SÜDTIROL,1,14,0.07142857142857142,2
0.9,19920405,1992,greenacre_weighted_power_0175,7,3,TOSCANA,9,17,0.5294117647058824,10
0.7777777777777778,19920405,1992,greenacre_weighted_power_0175,7,3,EMILIA-ROMAGNA,7,17,0.4117647058823529,9
0.25,19920405,1992,greenacre_weighted_power_0175,7,3,LIGURIA,1,17,0.058823529411764705,4
1,19920405,1992,greenacre_weighted_power_0175,7,4,SICILIA,9,11,0.8181818181818182,9
1,19920405,1992,greenacre_weighted_power_0175,7,4,MOLISE,2,11,0.18181818181818182,2
0.875,19920405,1992,greenacre_weighted_power_0175,7,5,PIEMONTE,7,22,0.3181818181818182,8
0.75,19920405,1992,greenacre_weighted_power_0175,7,5,FRIULI-VENEZIA GIULIA,3,22,0.13636363636363635,4
0.75,19920405,1992,greenacre_weighted_power_0175,7,5,LIGURIA,3,22,0.13636363636363635,4
0.25,19920405,1992,greenacre_weighted_power_0175,7,5,LOMBARDIA,3,22,0.13636363636363635,12
0.2222222222222222,19920405,1992,greenacre_weighted_power_0175,7,5,EMILIA-ROMAGNA,2,22,0.09090909090909091,9
0.2857142857142857,19920405,1992,greenacre_weighted_power_0175,7,5,VENETO,2,22,0.09090909090909091,7
0.16666666666666666,19920405,1992,greenacre_weighted_power_0175,7,5,PUGLIA,1,22,0.045454545454545456,6
0.5,19920405,1992,greenacre_weighted_power_0175,7,5,TRENTINO-ALTO ADIGE/SÜDTIROL,1,22,0.045454545454545456,2
1,19920405,1992,greenacre_weighted_power_0175,7,6,MARCHE,5,11,0.45454545454545453,5
0.16666666666666666,19920405,1992,greenacre_weighted_power_0175,7,6,LOMBARDIA,2,11,0.18181818181818182,12
1,19920405,1992,greenacre_weighted_power_0175,7,6,UMBRIA,2,11,0.18181818181818182,2
0.25,19920405,1992,greenacre_weighted_power_0175,7,6,FRIULI-VENEZIA GIULIA,1,11,0.09090909090909091,4
0.2,19920405,1992,greenacre_weighted_power_0175,7,6,LAZIO,1,11,0.09090909090909091,5
1,19920405,1992,greenacre_weighted_power_0175,7,7,CALABRIA,5,19,0.2631578947368421,5
1,19920405,1992,greenacre_weighted_power_0175,7,7,SARDEGNA,5,19,0.2631578947368421,5
1,19920405,1992,greenacre_weighted_power_0175,7,7,ABRUZZO,4,19,0.21052631578947367,4
0.6,19920405,1992,greenacre_weighted_power_0175,7,7,CAMPANIA,3,19,0.15789473684210525,5
1,19920405,1992,greenacre_weighted_power_0175,7,7,BASILICATA,2,19,0.10526315789473684,2
1,19920405,1992,greenacre_weighted_power_0175,8,1,MARCHE,5,9,0.5555555555555556,5
1,19920405,1992,greenacre_weighted_power_0175,8,1,UMBRIA,2,9,0.2222222222222222,2
0.25,19920405,1992,greenacre_weighted_power_0175,8,1,FRIULI-VENEZIA GIULIA,1,9,0.1111111111111111,4
0.2,19920405,1992,greenacre_weighted_power_0175,8,1,LAZIO,1,9,0.1111111111111111,5
0.8333333333333334,19920405,1992,greenacre_weighted_power_0175,8,2,PUGLIA,5,12,0.4166666666666667,6
0.8,19920405,1992,greenacre_weighted_power_0175,8,2,LAZIO,4,12,0.3333333333333333,5
0.4,19920405,1992,greenacre_weighted_power_0175,8,2,CAMPANIA,2,12,0.16666666666666666,5
0.1,19920405,1992,greenacre_weighted_power_0175,8,2,TOSCANA,1,12,0.08333333333333333,10
0.7777777777777778,19920405,1992,greenacre_weighted_power_0175,8,3,EMILIA-ROMAGNA,7,10,0.7,9
0.16666666666666666,19920405,1992,greenacre_weighted_power_0175,8,3,LOMBARDIA,2,10,0.2,12
0.25,19920405,1992,greenacre_weighted_power_0175,8,3,LIGURIA,1,10,0.1,4
0.9,19920405,1992,greenacre_weighted_power_0175,8,4,TOSCANA,9,9,1,10
1,19920405,1992,greenacre_weighted_power_0175,8,5,CALABRIA,5,19,0.2631578947368421,5
1,19920405,1992,greenacre_weighted_power_0175,8,5,SARDEGNA,5,19,0.2631578947368421,5
1,19920405,1992,greenacre_weighted_power_0175,8,5,ABRUZZO,4,19,0.21052631578947367,4
0.6,19920405,1992,greenacre_weighted_power_0175,8,5,CAMPANIA,3,19,0.15789473684210525,5
1,19920405,1992,greenacre_weighted_power_0175,8,5,BASILICATA,2,19,0.10526315789473684,2
1,19920405,1992,greenacre_weighted_power_0175,8,6,SICILIA,9,11,0.8181818181818182,9
1,19920405,1992,greenacre_weighted_power_0175,8,6,MOLISE,2,11,0.18181818181818182,2
0.875,19920405,1992,greenacre_weighted_power_0175,8,7,PIEMONTE,7,22,0.3181818181818182,8
0.75,19920405,1992,greenacre_weighted_power_0175,8,7,FRIULI-VENEZIA GIULIA,3,22,0.13636363636363635,4
0.75,19920405,1992,greenacre_weighted_power_0175,8,7,LIGURIA,3,22,0.13636363636363635,4
0.25,19920405,1992,greenacre_weighted_power_0175,8,7,LOMBARDIA,3,22,0.13636363636363635,12
0.2222222222222222,19920405,1992,greenacre_weighted_power_0175,8,7,EMILIA-ROMAGNA,2,22,0.09090909090909091,9
0.2857142857142857,19920405,1992,greenacre_weighted_power_0175,8,7,VENETO,2,22,0.09090909090909091,7
0.16666666666666666,19920405,1992,greenacre_weighted_power_0175,8,7,PUGLIA,1,22,0.045454545454545456,6
0.5,19920405,1992,greenacre_weighted_power_0175,8,7,TRENTINO-ALTO ADIGE/SÜDTIROL,1,22,0.045454545454545456,2
0.5833333333333334,19920405,1992,greenacre_weighted_power_0175,8,8,LOMBARDIA,7,14,0.5,12
0.7142857142857143,19920405,1992,greenacre_weighted_power_0175,8,8,VENETO,5,14,0.35714285714285715,7
0.125,19920405,1992,greenacre_weighted_power_0175,8,8,PIEMONTE,1,14,0.07142857142857142,8
0.5,19920405,1992,greenacre_weighted_power_0175,8,8,TRENTINO-ALTO ADIGE/SÜDTIROL,1,14,0.07142857142857142,2
1,19940327,1994,greenacre_weighted_power_0175,2,1,TOSCANA,10,31,0.3225806451612903,10
1,19940327,1994,greenacre_weighted_power_0175,2,1,EMILIA-ROMAGNA,9,31,0.2903225806451613,9
0.6666666666666666,19940327,1994,greenacre_weighted_power_0175,2,1,LOMBARDIA,8,31,0.25806451612903225,12
1,19940327,1994,greenacre_weighted_power_0175,2,1,LIGURIA,4,31,0.12903225806451613,4
1,19940327,1994,greenacre_weighted_power_0175,2,2,SICILIA,9,75,0.12,9
1,19940327,1994,greenacre_weighted_power_0175,2,2,PIEMONTE,8,75,0.10666666666666667,8
1,19940327,1994,greenacre_weighted_power_0175,2,2,VENETO,7,75,0.09333333333333334,7
1,19940327,1994,greenacre_weighted_power_0175,2,2,PUGLIA,6,75,0.08,6
1,19940327,1994,greenacre_weighted_power_0175,2,2,CALABRIA,5,75,0.06666666666666667,5
1,19940327,1994,greenacre_weighted_power_0175,2,2,CAMPANIA,5,75,0.06666666666666667,5
1,19940327,1994,greenacre_weighted_power_0175,2,2,LAZIO,5,75,0.06666666666666667,5
1,19940327,1994,greenacre_weighted_power_0175,2,2,MARCHE,5,75,0.06666666666666667,5
1,19940327,1994,greenacre_weighted_power_0175,2,2,SARDEGNA,5,75,0.06666666666666667,5
1,19940327,1994,greenacre_weighted_power_0175,2,2,ABRUZZO,4,75,0.05333333333333334,4
1,19940327,1994,greenacre_weighted_power_0175,2,2,FRIULI-VENEZIA GIULIA,4,75,0.05333333333333334,4
0.3333333333333333,19940327,1994,greenacre_weighted_power_0175,2,2,LOMBARDIA,4,75,0.05333333333333334,12
1,19940327,1994,greenacre_weighted_power_0175,2,2,BASILICATA,2,75,0.02666666666666667,2
1,19940327,1994,greenacre_weighted_power_0175,2,2,MOLISE,2,75,0.02666666666666667,2
1,19940327,1994,greenacre_weighted_power_0175,2,2,TRENTINO-ALTO ADIGE/SÜDTIROL,2,75,0.02666666666666667,2
1,19940327,1994,greenacre_weighted_power_0175,2,2,UMBRIA,2,75,0.02666666666666667,2
1,19940327,1994,greenacre_weighted_power_0175,3,1,PUGLIA,6,6,1,6
1,19940327,1994,greenacre_weighted_power_0175,3,2,SICILIA,9,69,0.13043478260869565,9
1,19940327,1994,greenacre_weighted_power_0175,3,2,PIEMONTE,8,69,0.11594202898550725,8
1,19940327,1994,greenacre_weighted_power_0175,3,2,VENETO,7,69,0.10144927536231885,7
1,19940327,1994,greenacre_weighted_power_0175,3,2,CALABRIA,5,69,0.07246376811594203,5
1,19940327,1994,greenacre_weighted_power_0175,3,2,CAMPANIA,5,69,0.07246376811594203,5
1,19940327,1994,greenacre_weighted_power_0175,3,2,LAZIO,5,69,0.07246376811594203,5
1,19940327,1994,greenacre_weighted_power_0175,3,2,MARCHE,5,69,0.07246376811594203,5
1,19940327,1994,greenacre_weighted_power_0175,3,2,SARDEGNA,5,69,0.07246376811594203,5
1,19940327,1994,greenacre_weighted_power_0175,3,2,ABRUZZO,4,69,0.057971014492753624,4
1,19940327,1994,greenacre_weighted_power_0175,3,2,FRIULI-VENEZIA GIULIA,4,69,0.057971014492753624,4
0.3333333333333333,19940327,1994,greenacre_weighted_power_0175,3,2,LOMBARDIA,4,69,0.057971014492753624,12
1,19940327,1994,greenacre_weighted_power_0175,3,2,BASILICATA,2,69,0.028985507246376812,2
1,19940327,1994,greenacre_weighted_power_0175,3,2,MOLISE,2,69,0.028985507246376812,2
1,19940327,1994,greenacre_weighted_power_0175,3,2,TRENTINO-ALTO ADIGE/SÜDTIROL,2,69,0.028985507246376812,2
1,19940327,1994,greenacre_weighted_power_0175,3,2,UMBRIA,2,69,0.028985507246376812,2
1,19940327,1994,greenacre_weighted_power_0175,3,3,TOSCANA,10,31,0.3225806451612903,10
1,19940327,1994,greenacre_weighted_power_0175,3,3,EMILIA-ROMAGNA,9,31,0.2903225806451613,9
0.6666666666666666,19940327,1994,greenacre_weighted_power_0175,3,3,LOMBARDIA,8,31,0.25806451612903225,12
1,19940327,1994,greenacre_weighted_power_0175,3,3,LIGURIA,4,31,0.12903225806451613,4
1,19940327,1994,greenacre_weighted_power_0175,4,1,PUGLIA,6,6,1,6
1,19940327,1994,greenacre_weighted_power_0175,4,2,TOSCANA,10,25,0.4,10
1,19940327,1994,greenacre_weighted_power_0175,4,2,EMILIA-ROMAGNA,9,25,0.36,9
1,19940327,1994,greenacre_weighted_power_0175,4,2,LIGURIA,4,25,0.16,4
0.16666666666666666,19940327,1994,greenacre_weighted_power_0175,4,2,LOMBARDIA,2,25,0.08,12
0.8333333333333334,19940327,1994,greenacre_weighted_power_0175,4,3,LOMBARDIA,10,34,0.29411764705882354,12
1,19940327,1994,greenacre_weighted_power_0175,4,3,PIEMONTE,8,34,0.23529411764705882,8
1,19940327,1994,greenacre_weighted_power_0175,4,3,VENETO,7,34,0.20588235294117646,7
1,19940327,1994,greenacre_weighted_power_0175,4,3,FRIULI-VENEZIA GIULIA,4,34,0.11764705882352941,4
1,19940327,1994,greenacre_weighted_power_0175,4,3,BASILICATA,2,34,0.058823529411764705,2
1,19940327,1994,greenacre_weighted_power_0175,4,3,TRENTINO-ALTO ADIGE/SÜDTIROL,2,34,0.058823529411764705,2
0.2,19940327,1994,greenacre_weighted_power_0175,4,3,MARCHE,1,34,0.029411764705882353,5
1,19940327,1994,greenacre_weighted_power_0175,4,4,SICILIA,9,41,0.21951219512195122,9
1,19940327,1994,greenacre_weighted_power_0175,4,4,CALABRIA,5,41,0.12195121951219512,5
1,19940327,1994,greenacre_weighted_power_0175,4,4,CAMPANIA,5,41,0.12195121951219512,5
1,19940327,1994,greenacre_weighted_power_0175,4,4,LAZIO,5,41,0.12195121951219512,5
1,19940327,1994,greenacre_weighted_power_0175,4,4,SARDEGNA,5,41,0.12195121951219512,5
1,19940327,1994,greenacre_weighted_power_0175,4,4,ABRUZZO,4,41,0.0975609756097561,4
0.8,19940327,1994,greenacre_weighted_power_0175,4,4,MARCHE,4,41,0.0975609756097561,5
1,19940327,1994,greenacre_weighted_power_0175,4,4,MOLISE,2,41,0.04878048780487805,2
1,19940327,1994,greenacre_weighted_power_0175,4,4,UMBRIA,2,41,0.04878048780487805,2
1,19940327,1994,greenacre_weighted_power_0175,5,1,SICILIA,9,21,0.42857142857142855,9
1,19940327,1994,greenacre_weighted_power_0175,5,1,ABRUZZO,4,21,0.19047619047619047,4
0.8,19940327,1994,greenacre_weighted_power_0175,5,1,LAZIO,4,21,0.19047619047619047,5
0.8,19940327,1994,greenacre_weighted_power_0175,5,1,MARCHE,4,21,0.19047619047619047,5
0.8333333333333334,19940327,1994,greenacre_weighted_power_0175,5,2,LOMBARDIA,10,34,0.29411764705882354,12
1,19940327,1994,greenacre_weighted_power_0175,5,2,PIEMONTE,8,34,0.23529411764705882,8
1,19940327,1994,greenacre_weighted_power_0175,5,2,VENETO,7,34,0.20588235294117646,7
1,19940327,1994,greenacre_weighted_power_0175,5,2,FRIULI-VENEZIA GIULIA,4,34,0.11764705882352941,4
1,19940327,1994,greenacre_weighted_power_0175,5,2,BASILICATA,2,34,0.058823529411764705,2
1,19940327,1994,greenacre_weighted_power_0175,5,2,TRENTINO-ALTO ADIGE/SÜDTIROL,2,34,0.058823529411764705,2
0.2,19940327,1994,greenacre_weighted_power_0175,5,2,MARCHE,1,34,0.029411764705882353,5
1,19940327,1994,greenacre_weighted_power_0175,5,3,PUGLIA,6,6,1,6
1,19940327,1994,greenacre_weighted_power_0175,5,4,CALABRIA,5,20,0.25,5
1,19940327,1994,greenacre_weighted_power_0175,5,4,CAMPANIA,5,20,0.25,5
1,19940327,1994,greenacre_weighted_power_0175,5,4,SARDEGNA,5,20,0.25,5
1,19940327,1994,greenacre_weighted_power_0175,5,4,MOLISE,2,20,0.1,2
1,19940327,1994,greenacre_weighted_power_0175,5,4,UMBRIA,2,20,0.1,2
0.2,19940327,1994,greenacre_weighted_power_0175,5,4,LAZIO,1,20,0.05,5
1,19940327,1994,greenacre_weighted_power_0175,5,5,TOSCANA,10,25,0.4,10
1,19940327,1994,greenacre_weighted_power_0175,5,5,EMILIA-ROMAGNA,9,25,0.36,9
1,19940327,1994,greenacre_weighted_power_0175,5,5,LIGURIA,4,25,0.16,4
0.16666666666666666,19940327,1994,greenacre_weighted_power_0175,5,5,LOMBARDIA,2,25,0.08,12
0.5,19940327,1994,greenacre_weighted_power_0175,6,1,LOMBARDIA,6,6,1,12
1,19940327,1994,greenacre_weighted_power_0175,6,2,CALABRIA,5,20,0.25,5
1,19940327,1994,greenacre_weighted_power_0175,6,2,CAMPANIA,5,20,0.25,5
1,19940327,1994,greenacre_weighted_power_0175,6,2,SARDEGNA,5,20,0.25,5
1,19940327,1994,greenacre_weighted_power_0175,6,2,MOLISE,2,20,0.1,2
1,19940327,1994,greenacre_weighted_power_0175,6,2,UMBRIA,2,20,0.1,2
0.2,19940327,1994,greenacre_weighted_power_0175,6,2,LAZIO,1,20,0.05,5
1,19940327,1994,greenacre_weighted_power_0175,6,3,TOSCANA,10,25,0.4,10
1,19940327,1994,greenacre_weighted_power_0175,6,3,EMILIA-ROMAGNA,9,25,0.36,9
1,19940327,1994,greenacre_weighted_power_0175,6,3,LIGURIA,4,25,0.16,4
0.16666666666666666,19940327,1994,greenacre_weighted_power_0175,6,3,LOMBARDIA,2,25,0.08,12
1,19940327,1994,greenacre_weighted_power_0175,6,4,PUGLIA,6,6,1,6
1,19940327,1994,greenacre_weighted_power_0175,6,5,PIEMONTE,8,28,0.2857142857142857,8
1,19940327,1994,greenacre_weighted_power_0175,6,5,VENETO,7,28,0.25,7
1,19940327,1994,greenacre_weighted_power_0175,6,5,FRIULI-VENEZIA GIULIA,4,28,0.14285714285714285,4
0.3333333333333333,19940327,1994,greenacre_weighted_power_0175,6,5,LOMBARDIA,4,28,0.14285714285714285,12
1,19940327,1994,greenacre_weighted_power_0175,6,5,BASILICATA,2,28,0.07142857142857142,2
1,19940327,1994,greenacre_weighted_power_0175,6,5,TRENTINO-ALTO ADIGE/SÜDTIROL,2,28,0.07142857142857142,2
0.2,19940327,1994,greenacre_weighted_power_0175,6,5,MARCHE,1,28,0.03571428571428571,5
1,19940327,1994,greenacre_weighted_power_0175,6,6,SICILIA,9,21,0.42857142857142855,9
1,19940327,1994,greenacre_weighted_power_0175,6,6,ABRUZZO,4,21,0.19047619047619047,4
0.8,19940327,1994,greenacre_weighted_power_0175,6,6,LAZIO,4,21,0.19047619047619047,5
0.8,19940327,1994,greenacre_weighted_power_0175,6,6,MARCHE,4,21,0.19047619047619047,5
1,19940327,1994,greenacre_weighted_power_0175,7,1,SICILIA,9,9,1,9
0.5,19940327,1994,greenacre_weighted_power_0175,7,2,LOMBARDIA,6,6,1,12
1,19940327,1994,greenacre_weighted_power_0175,7,3,PUGLIA,6,6,1,6
1,19940327,1994,greenacre_weighted_power_0175,7,4,PIEMONTE,8,27,0.2962962962962963,8
1,19940327,1994,greenacre_weighted_power_0175,7,4,VENETO,7,27,0.25925925925925924,7
1,19940327,1994,greenacre_weighted_power_0175,7,4,FRIULI-VENEZIA GIULIA,4,27,0.14814814814814814,4
0.3333333333333333,19940327,1994,greenacre_weighted_power_0175,7,4,LOMBARDIA,4,27,0.14814814814814814,12
1,19940327,1994,greenacre_weighted_power_0175,7,4,BASILICATA,2,27,0.07407407407407407,2
1,19940327,1994,greenacre_weighted_power_0175,7,4,TRENTINO-ALTO ADIGE/SÜDTIROL,2,27,0.07407407407407407,2
1,19940327,1994,greenacre_weighted_power_0175,7,5,CALABRIA,5,9,0.5555555555555556,5
1,19940327,1994,greenacre_weighted_power_0175,7,5,MOLISE,2,9,0.2222222222222222,2
1,19940327,1994,greenacre_weighted_power_0175,7,5,UMBRIA,2,9,0.2222222222222222,2
1,19940327,1994,greenacre_weighted_power_0175,7,6,CAMPANIA,5,24,0.20833333333333334,5
1,19940327,1994,greenacre_weighted_power_0175,7,6,LAZIO,5,24,0.20833333333333334,5
1,19940327,1994,greenacre_weighted_power_0175,7,6,MARCHE,5,24,0.20833333333333334,5
1,19940327,1994,greenacre_weighted_power_0175,7,6,SARDEGNA,5,24,0.20833333333333334,5
1,19940327,1994,greenacre_weighted_power_0175,7,6,ABRUZZO,4,24,0.16666666666666666,4
1,19940327,1994,greenacre_weighted_power_0175,7,7,TOSCANA,10,25,0.4,10
1,19940327,1994,greenacre_weighted_power_0175,7,7,EMILIA-ROMAGNA,9,25,0.36,9
1,19940327,1994,greenacre_weighted_power_0175,7,7,LIGURIA,4,25,0.16,4
0.16666666666666666,19940327,1994,greenacre_weighted_power_0175,7,7,LOMBARDIA,2,25,0.08,12
1,19940327,1994,greenacre_weighted_power_0175,8,1,MARCHE,5,19,0.2631578947368421,5
1,19940327,1994,greenacre_weighted_power_0175,8,1,ABRUZZO,4,19,0.21052631578947367,4
0.8,19940327,1994,greenacre_weighted_power_0175,8,1,LAZIO,4,19,0.21052631578947367,5
0.5714285714285714,19940327,1994,greenacre_weighted_power_0175,8,1,VENETO,4,19,0.21052631578947367,7
1,19940327,1994,greenacre_weighted_power_0175,8,1,BASILICATA,2,19,0.10526315789473684,2
1,19940327,1994,greenacre_weighted_power_0175,8,2,TOSCANA,10,25,0.4,10
1,19940327,1994,greenacre_weighted_power_0175,8,2,EMILIA-ROMAGNA,9,25,0.36,9
1,19940327,1994,greenacre_weighted_power_0175,8,2,LIGURIA,4,25,0.16,4
0.16666666666666666,19940327,1994,greenacre_weighted_power_0175,8,2,LOMBARDIA,2,25,0.08,12
0.5,19940327,1994,greenacre_weighted_power_0175,8,3,LOMBARDIA,6,6,1,12
1,19940327,1994,greenacre_weighted_power_0175,8,4,CALABRIA,5,9,0.5555555555555556,5
1,19940327,1994,greenacre_weighted_power_0175,8,4,MOLISE,2,9,0.2222222222222222,2
1,19940327,1994,greenacre_weighted_power_0175,8,4,UMBRIA,2,9,0.2222222222222222,2
1,19940327,1994,greenacre_weighted_power_0175,8,5,CAMPANIA,5,11,0.45454545454545453,5
1,19940327,1994,greenacre_weighted_power_0175,8,5,SARDEGNA,5,11,0.45454545454545453,5
0.2,19940327,1994,greenacre_weighted_power_0175,8,5,LAZIO,1,11,0.09090909090909091,5
1,19940327,1994,greenacre_weighted_power_0175,8,6,PIEMONTE,8,21,0.38095238095238093,8
1,19940327,1994,greenacre_weighted_power_0175,8,6,FRIULI-VENEZIA GIULIA,4,21,0.19047619047619047,4
0.3333333333333333,19940327,1994,greenacre_weighted_power_0175,8,6,LOMBARDIA,4,21,0.19047619047619047,12
0.42857142857142855,19940327,1994,greenacre_weighted_power_0175,8,6,VENETO,3,21,0.14285714285714285,7
1,19940327,1994,greenacre_weighted_power_0175,8,6,TRENTINO-ALTO ADIGE/SÜDTIROL,2,21,0.09523809523809523,2
1,19940327,1994,greenacre_weighted_power_0175,8,7,PUGLIA,6,6,1,6
1,19940327,1994,greenacre_weighted_power_0175,8,8,SICILIA,9,9,1,9
1,19960421,1996,greenacre_weighted_power_0175,2,1,LOMBARDIA,12,89,0.1348314606741573,12
1,19960421,1996,greenacre_weighted_power_0175,2,1,TOSCANA,10,89,0.11235955056179775,10
1,19960421,1996,greenacre_weighted_power_0175,2,1,EMILIA-ROMAGNA,9,89,0.10112359550561797,9
1,19960421,1996,greenacre_weighted_power_0175,2,1,SICILIA,9,89,0.10112359550561797,9
1,19960421,1996,greenacre_weighted_power_0175,2,1,PIEMONTE,8,89,0.0898876404494382,8
1,19960421,1996,greenacre_weighted_power_0175,2,1,VENETO,7,89,0.07865168539325842,7
1,19960421,1996,greenacre_weighted_power_0175,2,1,PUGLIA,6,89,0.06741573033707865,6
1,19960421,1996,greenacre_weighted_power_0175,2,1,MARCHE,5,89,0.056179775280898875,5
1,19960421,1996,greenacre_weighted_power_0175,2,1,SARDEGNA,5,89,0.056179775280898875,5
0.8,19960421,1996,greenacre_weighted_power_0175,2,1,CAMPANIA,4,89,0.0449438202247191,5
1,19960421,1996,greenacre_weighted_power_0175,2,1,FRIULI-VENEZIA GIULIA,4,89,0.0449438202247191,4
1,19960421,1996,greenacre_weighted_power_0175,2,1,LIGURIA,4,89,0.0449438202247191,4
1,19960421,1996,greenacre_weighted_power_0175,2,1,MOLISE,2,89,0.02247191011235955,2
1,19960421,1996,greenacre_weighted_power_0175,2,1,TRENTINO-ALTO ADIGE/SÜDTIROL,2,89,0.02247191011235955,2
1,19960421,1996,greenacre_weighted_power_0175,2,1,UMBRIA,2,89,0.02247191011235955,2
1,19960421,1996,greenacre_weighted_power_0175,2,2,CALABRIA,5,17,0.29411764705882354,5
1,19960421,1996,greenacre_weighted_power_0175,2,2,LAZIO,5,17,0.29411764705882354,5
1,19960421,1996,greenacre_weighted_power_0175,2,2,ABRUZZO,4,17,0.23529411764705882,4
1,19960421,1996,greenacre_weighted_power_0175,2,2,BASILICATA,2,17,0.11764705882352941,2
0.2,19960421,1996,greenacre_weighted_power_0175,2,2,CAMPANIA,1,17,0.058823529411764705,5
0.9166666666666666,19960421,1996,greenacre_weighted_power_0175,3,1,LOMBARDIA,11,32,0.34375,12
0.875,19960421,1996,greenacre_weighted_power_0175,3,1,PIEMONTE,7,32,0.21875,8
0.8571428571428571,19960421,1996,greenacre_weighted_power_0175,3,1,VENETO,6,32,0.1875,7
1,19960421,1996,greenacre_weighted_power_0175,3,1,FRIULI-VENEZIA GIULIA,4,32,0.125,4
1,19960421,1996,greenacre_weighted_power_0175,3,1,TRENTINO-ALTO ADIGE/SÜDTIROL,2,32,0.0625,2
1,19960421,1996,greenacre_weighted_power_0175,3,1,UMBRIA,2,32,0.0625,2
1,19960421,1996,greenacre_weighted_power_0175,3,2,TOSCANA,10,57,0.17543859649122806,10
1,19960421,1996,greenacre_weighted_power_0175,3,2,EMILIA-ROMAGNA,9,57,0.15789473684210525,9
1,19960421,1996,greenacre_weighted_power_0175,3,2,SICILIA,9,57,0.15789473684210525,9
1,19960421,1996,greenacre_weighted_power_0175,3,2,PUGLIA,6,57,0.10526315789473684,6
1,19960421,1996,greenacre_weighted_power_0175,3,2,MARCHE,5,57,0.08771929824561403,5
1,19960421,1996,greenacre_weighted_power_0175,3,2,SARDEGNA,5,57,0.08771929824561403,5
0.8,19960421,1996,greenacre_weighted_power_0175,3,2,CAMPANIA,4,57,0.07017543859649122,5
1,19960421,1996,greenacre_weighted_power_0175,3,2,LIGURIA,4,57,0.07017543859649122,4
1,19960421,1996,greenacre_weighted_power_0175,3,2,MOLISE,2,57,0.03508771929824561,2
0.08333333333333333,19960421,1996,greenacre_weighted_power_0175,3,2,LOMBARDIA,1,57,0.017543859649122806,12
0.125,19960421,1996,greenacre_weighted_power_0175,3,2,PIEMONTE,1,57,0.017543859649122806,8
0.14285714285714285,19960421,1996,greenacre_weighted_power_0175,3,2,VENETO,1,57,0.017543859649122806,7
1,19960421,1996,greenacre_weighted_power_0175,3,3,CALABRIA,5,17,0.29411764705882354,5
1,19960421,1996,greenacre_weighted_power_0175,3,3,LAZIO,5,17,0.29411764705882354,5
1,19960421,1996,greenacre_weighted_power_0175,3,3,ABRUZZO,4,17,0.23529411764705882,4
1,19960421,1996,greenacre_weighted_power_0175,3,3,BASILICATA,2,17,0.11764705882352941,2
0.2,19960421,1996,greenacre_weighted_power_0175,3,3,CAMPANIA,1,17,0.058823529411764705,5
1,19960421,1996,greenacre_weighted_power_0175,4,1,TOSCANA,10,45,0.2222222222222222,10
1,19960421,1996,greenacre_weighted_power_0175,4,1,EMILIA-ROMAGNA,9,45,0.2,9
0.6666666666666666,19960421,1996,greenacre_weighted_power_0175,4,1,LOMBARDIA,8,45,0.17777777777777778,12
1,19960421,1996,greenacre_weighted_power_0175,4,1,SARDEGNA,5,45,0.1111111111111111,5
1,19960421,1996,greenacre_weighted_power_0175,4,1,LIGURIA,4,45,0.08888888888888889,4
0.5714285714285714,19960421,1996,greenacre_weighted_power_0175,4,1,VENETO,4,45,0.08888888888888889,7
0.6,19960421,1996,greenacre_weighted_power_0175,4,1,MARCHE,3,45,0.06666666666666667,5
0.125,19960421,1996,greenacre_weighted_power_0175,4,1,PIEMONTE,1,45,0.022222222222222223,8
0.16666666666666666,19960421,1996,greenacre_weighted_power_0175,4,1,PUGLIA,1,45,0.022222222222222223,6
0.875,19960421,1996,greenacre_weighted_power_0175,4,2,PIEMONTE,7,22,0.3181818181818182,8
1,19960421,1996,greenacre_weighted_power_0175,4,2,FRIULI-VENEZIA GIULIA,4,22,0.18181818181818182,4
0.3333333333333333,19960421,1996,greenacre_weighted_power_0175,4,2,LOMBARDIA,4,22,0.18181818181818182,12
0.42857142857142855,19960421,1996,greenacre_weighted_power_0175,4,2,VENETO,3,22,0.13636363636363635,7
1,19960421,1996,greenacre_weighted_power_0175,4,2,TRENTINO-ALTO ADIGE/SÜDTIROL,2,22,0.09090909090909091,2
1,19960421,1996,greenacre_weighted_power_0175,4,2,UMBRIA,2,22,0.09090909090909091,2
1,19960421,1996,greenacre_weighted_power_0175,4,3,CALABRIA,5,17,0.29411764705882354,5
1,19960421,1996,greenacre_weighted_power_0175,4,3,LAZIO,5,17,0.29411764705882354,5
1,19960421,1996,greenacre_weighted_power_0175,4,3,ABRUZZO,4,17,0.23529411764705882,4
1,19960421,1996,greenacre_weighted_power_0175,4,3,BASILICATA,2,17,0.11764705882352941,2
0.2,19960421,1996,greenacre_weighted_power_0175,4,3,CAMPANIA,1,17,0.058823529411764705,5
1,19960421,1996,greenacre_weighted_power_0175,4,4,SICILIA,9,22,0.4090909090909091,9
0.8333333333333334,19960421,1996,greenacre_weighted_power_0175,4,4,PUGLIA,5,22,0.22727272727272727,6
0.8,19960421,1996,greenacre_weighted_power_0175,4,4,CAMPANIA,4,22,0.18181818181818182,5
0.4,19960421,1996,greenacre_weighted_power_0175,4,4,MARCHE,2,22,0.09090909090909091,5
1,19960421,1996,greenacre_weighted_power_0175,4,4,MOLISE,2,22,0.09090909090909091,2
0.3333333333333333,19960421,1996,greenacre_weighted_power_0175,5,1,LOMBARDIA,4,11,0.36363636363636365,12
0.42857142857142855,19960421,1996,greenacre_weighted_power_0175,5,1,VENETO,3,11,0.2727272727272727,7
1,19960421,1996,greenacre_weighted_power_0175,5,1,TRENTINO-ALTO ADIGE/SÜDTIROL,2,11,0.18181818181818182,2
1,19960421,1996,greenacre_weighted_power_0175,5,1,UMBRIA,2,11,0.18181818181818182,2
1,19960421,1996,greenacre_weighted_power_0175,5,2,TOSCANA,10,45,0.2222222222222222,10
1,19960421,1996,greenacre_weighted_power_0175,5,2,EMILIA-ROMAGNA,9,45,0.2,9
0.6666666666666666,19960421,1996,greenacre_weighted_power_0175,5,2,LOMBARDIA,8,45,0.17777777777777778,12
1,19960421,1996,greenacre_weighted_power_0175,5,2,SARDEGNA,5,45,0.1111111111111111,5
1,19960421,1996,greenacre_weighted_power_0175,5,2,LIGURIA,4,45,0.08888888888888889,4
0.5714285714285714,19960421,1996,greenacre_weighted_power_0175,5,2,VENETO,4,45,0.08888888888888889,7
0.6,19960421,1996,greenacre_weighted_power_0175,5,2,MARCHE,3,45,0.06666666666666667,5
0.125,19960421,1996,greenacre_weighted_power_0175,5,2,PIEMONTE,1,45,0.022222222222222223,8
0.16666666666666666,19960421,1996,greenacre_weighted_power_0175,5,2,PUGLIA,1,45,0.022222222222222223,6
0.875,19960421,1996,greenacre_weighted_power_0175,5,3,PIEMONTE,7,11,0.6363636363636364,8
1,19960421,1996,greenacre_weighted_power_0175,5,3,FRIULI-VENEZIA GIULIA,4,11,0.36363636363636365,4
1,19960421,1996,greenacre_weighted_power_0175,5,4,SICILIA,9,22,0.4090909090909091,9
0.8333333333333334,19960421,1996,greenacre_weighted_power_0175,5,4,PUGLIA,5,22,0.22727272727272727,6
0.8,19960421,1996,greenacre_weighted_power_0175,5,4,CAMPANIA,4,22,0.18181818181818182,5
0.4,19960421,1996,greenacre_weighted_power_0175,5,4,MARCHE,2,22,0.09090909090909091,5
1,19960421,1996,greenacre_weighted_power_0175,5,4,MOLISE,2,22,0.09090909090909091,2
1,19960421,1996,greenacre_weighted_power_0175,5,5,CALABRIA,5,17,0.29411764705882354,5
1,19960421,1996,greenacre_weighted_power_0175,5,5,LAZIO,5,17,0.29411764705882354,5
1,19960421,1996,greenacre_weighted_power_0175,5,5,ABRUZZO,4,17,0.23529411764705882,4
1,19960421,1996,greenacre_weighted_power_0175,5,5,BASILICATA,2,17,0.11764705882352941,2
0.2,19960421,1996,greenacre_weighted_power_0175,5,5,CAMPANIA,1,17,0.058823529411764705,5
0.6666666666666666,19960421,1996,greenacre_weighted_power_0175,6,1,LOMBARDIA,8,19,0.42105263157894735,12
0.5714285714285714,19960421,1996,greenacre_weighted_power_0175,6,1,VENETO,4,19,0.21052631578947367,7
0.2222222222222222,19960421,1996,greenacre_weighted_power_0175,6,1,EMILIA-ROMAGNA,2,19,0.10526315789473684,9
0.5,19960421,1996,greenacre_weighted_power_0175,6,1,LIGURIA,2,19,0.10526315789473684,4
0.125,19960421,1996,greenacre_weighted_power_0175,6,1,PIEMONTE,1,19,0.05263157894736842,8
0.16666666666666666,19960421,1996,greenacre_weighted_power_0175,6,1,PUGLIA,1,19,0.05263157894736842,6
0.2,19960421,1996,greenacre_weighted_power_0175,6,1,SARDEGNA,1,19,0.05263157894736842,5
1,19960421,1996,greenacre_weighted_power_0175,6,2,TOSCANA,10,28,0.35714285714285715,10
0.7777777777777778,19960421,1996,greenacre_weighted_power_0175,6,2,EMILIA-ROMAGNA,7,28,0.25,9
1,19960421,1996,greenacre_weighted_power_0175,6,2,MARCHE,5,28,0.17857142857142858,5
0.8,19960421,1996,greenacre_weighted_power_0175,6,2,SARDEGNA,4,28,0.14285714285714285,5
0.5,19960421,1996,greenacre_weighted_power_0175,6,2,LIGURIA,2,28,0.07142857142857142,4
1,19960421,1996,greenacre_weighted_power_0175,6,3,SICILIA,9,20,0.45,9
0.8333333333333334,19960421,1996,greenacre_weighted_power_0175,6,3,PUGLIA,5,20,0.25,6
0.8,19960421,1996,greenacre_weighted_power_0175,6,3,CAMPANIA,4,20,0.2,5
1,19960421,1996,greenacre_weighted_power_0175,6,3,MOLISE,2,20,0.1,2
0.3333333333333333,19960421,1996,greenacre_weighted_power_0175,6,4,LOMBARDIA,4,11,0.36363636363636365,12
0.42857142857142855,19960421,1996,greenacre_weighted_power_0175,6,4,VENETO,3,11,0.2727272727272727,7
1,19960421,1996,greenacre_weighted_power_0175,6,4,TRENTINO-ALTO ADIGE/SÜDTIROL,2,11,0.18181818181818182,2
1,19960421,1996,greenacre_weighted_power_0175,6,4,UMBRIA,2,11,0.18181818181818182,2
0.875,19960421,1996,greenacre_weighted_power_0175,6,5,PIEMONTE,7,11,0.6363636363636364,8
1,19960421,1996,greenacre_weighted_power_0175,6,5,FRIULI-VENEZIA GIULIA,4,11,0.36363636363636365,4
1,19960421,1996,greenacre_weighted_power_0175,6,6,CALABRIA,5,17,0.29411764705882354,5
1,19960421,1996,greenacre_weighted_power_0175,6,6,LAZIO,5,17,0.29411764705882354,5
1,19960421,1996,greenacre_weighted_power_0175,6,6,ABRUZZO,4,17,0.23529411764705882,4
1,19960421,1996,greenacre_weighted_power_0175,6,6,BASILICATA,2,17,0.11764705882352941,2
0.2,19960421,1996,greenacre_weighted_power_0175,6,6,CAMPANIA,1,17,0.058823529411764705,5
1,19960421,1996,greenacre_weighted_power_0175,7,1,SICILIA,9,20,0.45,9
0.8333333333333334,19960421,1996,greenacre_weighted_power_0175,7,1,PUGLIA,5,20,0.25,6
0.8,19960421,1996,greenacre_weighted_power_0175,7,1,CAMPANIA,4,20,0.2,5
1,19960421,1996,greenacre_weighted_power_0175,7,1,MOLISE,2,20,0.1,2
0.875,19960421,1996,greenacre_weighted_power_0175,7,2,PIEMONTE,7,11,0.6363636363636364,8
1,19960421,1996,greenacre_weighted_power_0175,7,2,FRIULI-VENEZIA GIULIA,4,11,0.36363636363636365,4
1,19960421,1996,greenacre_weighted_power_0175,7,3,CALABRIA,5,13,0.38461538461538464,5
1,19960421,1996,greenacre_weighted_power_0175,7,3,ABRUZZO,4,13,0.3076923076923077,4
1,19960421,1996,greenacre_weighted_power_0175,7,3,BASILICATA,2,13,0.15384615384615385,2
0.2,19960421,1996,greenacre_weighted_power_0175,7,3,CAMPANIA,1,13,0.07692307692307693,5
0.2,19960421,1996,greenacre_weighted_power_0175,7,3,LAZIO,1,13,0.07692307692307693,5
0.8,19960421,1996,greenacre_weighted_power_0175,7,4,LAZIO,4,4,1,5
0.3333333333333333,19960421,1996,greenacre_weighted_power_0175,7,5,LOMBARDIA,4,11,0.36363636363636365,12
0.42857142857142855,19960421,1996,greenacre_weighted_power_0175,7,5,VENETO,3,11,0.2727272727272727,7
1,19960421,1996,greenacre_weighted_power_0175,7,5,TRENTINO-ALTO ADIGE/SÜDTIROL,2,11,0.18181818181818182,2
1,19960421,1996,greenacre_weighted_power_0175,7,5,UMBRIA,2,11,0.18181818181818182,2
1,19960421,1996,greenacre_weighted_power_0175,7,6,TOSCANA,10,28,0.35714285714285715,10
0.7777777777777778,19960421,1996,greenacre_weighted_power_0175,7,6,EMILIA-ROMAGNA,7,28,0.25,9
1,19960421,1996,greenacre_weighted_power_0175,7,6,MARCHE,5,28,0.17857142857142858,5
0.8,19960421,1996,greenacre_weighted_power_0175,7,6,SARDEGNA,4,28,0.14285714285714285,5
0.5,19960421,1996,greenacre_weighted_power_0175,7,6,LIGURIA,2,28,0.07142857142857142,4
0.6666666666666666,19960421,1996,greenacre_weighted_power_0175,7,7,LOMBARDIA,8,19,0.42105263157894735,12
0.5714285714285714,19960421,1996,greenacre_weighted_power_0175,7,7,VENETO,4,19,0.21052631578947367,7
0.2222222222222222,19960421,1996,greenacre_weighted_power_0175,7,7,EMILIA-ROMAGNA,2,19,0.10526315789473684,9
0.5,19960421,1996,greenacre_weighted_power_0175,7,7,LIGURIA,2,19,0.10526315789473684,4
0.125,19960421,1996,greenacre_weighted_power_0175,7,7,PIEMONTE,1,19,0.05263157894736842,8
0.16666666666666666,19960421,1996,greenacre_weighted_power_0175,7,7,PUGLIA,1,19,0.05263157894736842,6
0.2,19960421,1996,greenacre_weighted_power_0175,7,7,SARDEGNA,1,19,0.05263157894736842,5
0.9,19960421,1996,greenacre_weighted_power_0175,8,1,TOSCANA,9,14,0.6428571428571429,10
1,19960421,1996,greenacre_weighted_power_0175,8,1,MARCHE,5,14,0.35714285714285715,5
0.5833333333333334,19960421,1996,greenacre_weighted_power_0175,8,2,LOMBARDIA,7,10,0.7,12
0.42857142857142855,19960421,1996,greenacre_weighted_power_0175,8,2,VENETO,3,10,0.3,7
0.8,19960421,1996,greenacre_weighted_power_0175,8,3,LAZIO,4,4,1,5
1,19960421,1996,greenacre_weighted_power_0175,8,4,CALABRIA,5,13,0.38461538461538464,5
1,19960421,1996,greenacre_weighted_power_0175,8,4,ABRUZZO,4,13,0.3076923076923077,4
1,19960421,1996,greenacre_weighted_power_0175,8,4,BASILICATA,2,13,0.15384615384615385,2
0.2,19960421,1996,greenacre_weighted_power_0175,8,4,CAMPANIA,1,13,0.07692307692307693,5
0.2,19960421,1996,greenacre_weighted_power_0175,8,4,LAZIO,1,13,0.07692307692307693,5
0.3333333333333333,19960421,1996,greenacre_weighted_power_0175,8,5,LOMBARDIA,4,11,0.36363636363636365,12
0.42857142857142855,19960421,1996,greenacre_weighted_power_0175,8,5,VENETO,3,11,0.2727272727272727,7
1,19960421,1996,greenacre_weighted_power_0175,8,5,TRENTINO-ALTO ADIGE/SÜDTIROL,2,11,0.18181818181818182,2
1,19960421,1996,greenacre_weighted_power_0175,8,5,UMBRIA,2,11,0.18181818181818182,2
1,19960421,1996,greenacre_weighted_power_0175,8,6,EMILIA-ROMAGNA,9,23,0.391304347826087,9
1,19960421,1996,greenacre_weighted_power_0175,8,6,SARDEGNA,5,23,0.21739130434782608,5
1,19960421,1996,greenacre_weighted_power_0175,8,6,LIGURIA,4,23,0.17391304347826086,4
0.08333333333333333,19960421,1996,greenacre_weighted_power_0175,8,6,LOMBARDIA,1,23,0.043478260869565216,12
0.125,19960421,1996,greenacre_weighted_power_0175,8,6,PIEMONTE,1,23,0.043478260869565216,8
0.16666666666666666,19960421,1996,greenacre_weighted_power_0175,8,6,PUGLIA,1,23,0.043478260869565216,6
0.1,19960421,1996,greenacre_weighted_power_0175,8,6,TOSCANA,1,23,0.043478260869565216,10
0.14285714285714285,19960421,1996,greenacre_weighted_power_0175,8,6,VENETO,1,23,0.043478260869565216,7
1,19960421,1996,greenacre_weighted_power_0175,8,7,SICILIA,9,20,0.45,9
0.8333333333333334,19960421,1996,greenacre_weighted_power_0175,8,7,PUGLIA,5,20,0.25,6
0.8,19960421,1996,greenacre_weighted_power_0175,8,7,CAMPANIA,4,20,0.2,5
1,19960421,1996,greenacre_weighted_power_0175,8,7,MOLISE,2,20,0.1,2
0.875,19960421,1996,greenacre_weighted_power_0175,8,8,PIEMONTE,7,11,0.6363636363636364,8
1,19960421,1996,greenacre_weighted_power_0175,8,8,FRIULI-VENEZIA GIULIA,4,11,0.36363636363636365,4
1,20010513,2001,greenacre_weighted_power_0175,2,1,CALABRIA,5,33,0.15151515151515152,5
1,20010513,2001,greenacre_weighted_power_0175,2,1,CAMPANIA,5,33,0.15151515151515152,5
1,20010513,2001,greenacre_weighted_power_0175,2,1,MARCHE,5,33,0.15151515151515152,5
1,20010513,2001,greenacre_weighted_power_0175,2,1,ABRUZZO,4,33,0.12121212121212122,4
0.8,20010513,2001,greenacre_weighted_power_0175,2,1,LAZIO,4,33,0.12121212121212122,5
0.4444444444444444,20010513,2001,greenacre_weighted_power_0175,2,1,SICILIA,4,33,0.12121212121212122,9
1,20010513,2001,greenacre_weighted_power_0175,2,1,BASILICATA,2,33,0.06060606060606061,2
1,20010513,2001,greenacre_weighted_power_0175,2,1,MOLISE,2,33,0.06060606060606061,2
1,20010513,2001,greenacre_weighted_power_0175,2,1,UMBRIA,2,33,0.06060606060606061,2
1,20010513,2001,greenacre_weighted_power_0175,2,2,LOMBARDIA,12,73,0.1643835616438356,12
1,20010513,2001,greenacre_weighted_power_0175,2,2,TOSCANA,10,73,0.136986301369863,10
1,20010513,2001,greenacre_weighted_power_0175,2,2,EMILIA-ROMAGNA,9,73,0.1232876712328767,9
1,20010513,2001,greenacre_weighted_power_0175,2,2,PIEMONTE,8,73,0.1095890410958904,8
1,20010513,2001,greenacre_weighted_power_0175,2,2,VENETO,7,73,0.0958904109589041,7
1,20010513,2001,greenacre_weighted_power_0175,2,2,PUGLIA,6,73,0.0821917808219178,6
1,20010513,2001,greenacre_weighted_power_0175,2,2,SARDEGNA,5,73,0.0684931506849315,5
0.5555555555555556,20010513,2001,greenacre_weighted_power_0175,2,2,SICILIA,5,73,0.0684931506849315,9
1,20010513,2001,greenacre_weighted_power_0175,2,2,FRIULI-VENEZIA GIULIA,4,73,0.0547945205479452,4
1,20010513,2001,greenacre_weighted_power_0175,2,2,LIGURIA,4,73,0.0547945205479452,4
1,20010513,2001,greenacre_weighted_power_0175,2,2,TRENTINO-ALTO ADIGE/SÜDTIROL,2,73,0.0273972602739726,2
0.2,20010513,2001,greenacre_weighted_power_0175,2,2,LAZIO,1,73,0.0136986301369863,5
1,20010513,2001,greenacre_weighted_power_0175,3,1,CALABRIA,5,33,0.15151515151515152,5
1,20010513,2001,greenacre_weighted_power_0175,3,1,CAMPANIA,5,33,0.15151515151515152,5
1,20010513,2001,greenacre_weighted_power_0175,3,1,MARCHE,5,33,0.15151515151515152,5
1,20010513,2001,greenacre_weighted_power_0175,3,1,ABRUZZO,4,33,0.12121212121212122,4
0.8,20010513,2001,greenacre_weighted_power_0175,3,1,LAZIO,4,33,0.12121212121212122,5
0.4444444444444444,20010513,2001,greenacre_weighted_power_0175,3,1,SICILIA,4,33,0.12121212121212122,9
1,20010513,2001,greenacre_weighted_power_0175,3,1,BASILICATA,2,33,0.06060606060606061,2
1,20010513,2001,greenacre_weighted_power_0175,3,1,MOLISE,2,33,0.06060606060606061,2
1,20010513,2001,greenacre_weighted_power_0175,3,1,UMBRIA,2,33,0.06060606060606061,2
1,20010513,2001,greenacre_weighted_power_0175,3,2,TOSCANA,10,30,0.3333333333333333,10
0.7777777777777778,20010513,2001,greenacre_weighted_power_0175,3,2,EMILIA-ROMAGNA,7,30,0.23333333333333334,9
0.8333333333333334,20010513,2001,greenacre_weighted_power_0175,3,2,PUGLIA,5,30,0.16666666666666666,6
0.5555555555555556,20010513,2001,greenacre_weighted_power_0175,3,2,SICILIA,5,30,0.16666666666666666,9
0.5,20010513,2001,greenacre_weighted_power_0175,3,2,LIGURIA,2,30,0.06666666666666667,4
0.2,20010513,2001,greenacre_weighted_power_0175,3,2,LAZIO,1,30,0.03333333333333333,5
1,20010513,2001,greenacre_weighted_power_0175,3,3,LOMBARDIA,12,43,0.27906976744186046,12
1,20010513,2001,greenacre_weighted_power_0175,3,3,PIEMONTE,8,43,0.18604651162790697,8
1,20010513,2001,greenacre_weighted_power_0175,3,3,VENETO,7,43,0.16279069767441862,7
1,20010513,2001,greenacre_weighted_power_0175,3,3,SARDEGNA,5,43,0.11627906976744186,5
1,20010513,2001,greenacre_weighted_power_0175,3,3,FRIULI-VENEZIA GIULIA,4,43,0.09302325581395349,4
0.2222222222222222,20010513,2001,greenacre_weighted_power_0175,3,3,EMILIA-ROMAGNA,2,43,0.046511627906976744,9
0.5,20010513,2001,greenacre_weighted_power_0175,3,3,LIGURIA,2,43,0.046511627906976744,4
1,20010513,2001,greenacre_weighted_power_0175,3,3,TRENTINO-ALTO ADIGE/SÜDTIROL,2,43,0.046511627906976744,2
0.16666666666666666,20010513,2001,greenacre_weighted_power_0175,3,3,PUGLIA,1,43,0.023255813953488372,6
0.8333333333333334,20010513,2001,greenacre_weighted_power_0175,4,1,PUGLIA,5,14,0.35714285714285715,6
0.5555555555555556,20010513,2001,greenacre_weighted_power_0175,4,1,SICILIA,5,14,0.35714285714285715,9
0.4,20010513,2001,greenacre_weighted_power_0175,4,1,SARDEGNA,2,14,0.14285714285714285,5
0.2,20010513,2001,greenacre_weighted_power_0175,4,1,LAZIO,1,14,0.07142857142857142,5
0.1,20010513,2001,greenacre_weighted_power_0175,4,1,TOSCANA,1,14,0.07142857142857142,10
0.9,20010513,2001,greenacre_weighted_power_0175,4,2,TOSCANA,9,18,0.5,10
0.7777777777777778,20010513,2001,greenacre_weighted_power_0175,4,2,EMILIA-ROMAGNA,7,18,0.3888888888888889,9
0.5,20010513,2001,greenacre_weighted_power_0175,4,2,LIGURIA,2,18,0.1111111111111111,4
1,20010513,2001,greenacre_weighted_power_0175,4,3,CALABRIA,5,33,0.15151515151515152,5
1,20010513,2001,greenacre_weighted_power_0175,4,3,CAMPANIA,5,33,0.15151515151515152,5
1,20010513,2001,greenacre_weighted_power_0175,4,3,MARCHE,5,33,0.15151515151515152,5
1,20010513,2001,greenacre_weighted_power_0175,4,3,ABRUZZO,4,33,0.12121212121212122,4
0.8,20010513,2001,greenacre_weighted_power_0175,4,3,LAZIO,4,33,0.12121212121212122,5
0.4444444444444444,20010513,2001,greenacre_weighted_power_0175,4,3,SICILIA,4,33,0.12121212121212122,9
1,20010513,2001,greenacre_weighted_power_0175,4,3,BASILICATA,2,33,0.06060606060606061,2
1,20010513,2001,greenacre_weighted_power_0175,4,3,MOLISE,2,33,0.06060606060606061,2
1,20010513,2001,greenacre_weighted_power_0175,4,3,UMBRIA,2,33,0.06060606060606061,2
1,20010513,2001,greenacre_weighted_power_0175,4,4,LOMBARDIA,12,41,0.2926829268292683,12
1,20010513,2001,greenacre_weighted_power_0175,4,4,PIEMONTE,8,41,0.1951219512195122,8
1,20010513,2001,greenacre_weighted_power_0175,4,4,VENETO,7,41,0.17073170731707318,7
1,20010513,2001,greenacre_weighted_power_0175,4,4,FRIULI-VENEZIA GIULIA,4,41,0.0975609756097561,4
0.6,20010513,2001,greenacre_weighted_power_0175,4,4,SARDEGNA,3,41,0.07317073170731707,5
0.2222222222222222,20010513,2001,greenacre_weighted_power_0175,4,4,EMILIA-ROMAGNA,2,41,0.04878048780487805,9
0.5,20010513,2001,greenacre_weighted_power_0175,4,4,LIGURIA,2,41,0.04878048780487805,4
1,20010513,2001,greenacre_weighted_power_0175,4,4,TRENTINO-ALTO ADIGE/SÜDTIROL,2,41,0.04878048780487805,2
0.16666666666666666,20010513,2001,greenacre_weighted_power_0175,4,4,PUGLIA,1,41,0.024390243902439025,6
1,20010513,2001,greenacre_weighted_power_0175,5,1,MARCHE,5,12,0.4166666666666667,5
0.6,20010513,2001,greenacre_weighted_power_0175,5,1,LAZIO,3,12,0.25,5
0.5,20010513,2001,greenacre_weighted_power_0175,5,1,ABRUZZO,2,12,0.16666666666666666,4
1,20010513,2001,greenacre_weighted_power_0175,5,1,UMBRIA,2,12,0.16666666666666666,2
0.8333333333333334,20010513,2001,greenacre_weighted_power_0175,5,2,PUGLIA,5,14,0.35714285714285715,6
0.5555555555555556,20010513,2001,greenacre_weighted_power_0175,5,2,SICILIA,5,14,0.35714285714285715,9
0.4,20010513,2001,greenacre_weighted_power_0175,5,2,SARDEGNA,2,14,0.14285714285714285,5
0.2,20010513,2001,greenacre_weighted_power_0175,5,2,LAZIO,1,14,0.07142857142857142,5
0.1,20010513,2001,greenacre_weighted_power_0175,5,2,TOSCANA,1,14,0.07142857142857142,10
1,20010513,2001,greenacre_weighted_power_0175,5,3,LOMBARDIA,12,41,0.2926829268292683,12
1,20010513,2001,greenacre_weighted_power_0175,5,3,PIEMONTE,8,41,0.1951219512195122,8
1,20010513,2001,greenacre_weighted_power_0175,5,3,VENETO,7,41,0.17073170731707318,7
1,20010513,2001,greenacre_weighted_power_0175,5,3,FRIULI-VENEZIA GIULIA,4,41,0.0975609756097561,4
0.6,20010513,2001,greenacre_weighted_power_0175,5,3,SARDEGNA,3,41,0.07317073170731707,5
0.2222222222222222,20010513,2001,greenacre_weighted_power_0175,5,3,EMILIA-ROMAGNA,2,41,0.04878048780487805,9
0.5,20010513,2001,greenacre_weighted_power_0175,5,3,LIGURIA,2,41,0.04878048780487805,4
1,20010513,2001,greenacre_weighted_power_0175,5,3,TRENTINO-ALTO ADIGE/SÜDTIROL,2,41,0.04878048780487805,2
0.16666666666666666,20010513,2001,greenacre_weighted_power_0175,5,3,PUGLIA,1,41,0.024390243902439025,6
1,20010513,2001,greenacre_weighted_power_0175,5,4,CALABRIA,5,21,0.23809523809523808,5
1,20010513,2001,greenacre_weighted_power_0175,5,4,CAMPANIA,5,21,0.23809523809523808,5
0.4444444444444444,20010513,2001,greenacre_weighted_power_0175,5,4,SICILIA,4,21,0.19047619047619047,9
0.5,20010513,2001,greenacre_weighted_power_0175,5,4,ABRUZZO,2,21,0.09523809523809523,4
1,20010513,2001,greenacre_weighted_power_0175,5,4,BASILICATA,2,21,0.09523809523809523,2
1,20010513,2001,greenacre_weighted_power_0175,5,4,MOLISE,2,21,0.09523809523809523,2
0.2,20010513,2001,greenacre_weighted_power_0175,5,4,LAZIO,1,21,0.047619047619047616,5
0.9,20010513,2001,greenacre_weighted_power_0175,5,5,TOSCANA,9,18,0.5,10
0.7777777777777778,20010513,2001,greenacre_weighted_power_0175,5,5,EMILIA-ROMAGNA,7,18,0.3888888888888889,9
0.5,20010513,2001,greenacre_weighted_power_0175,5,5,LIGURIA,2,18,0.1111111111111111,4
0.5833333333333334,20010513,2001,greenacre_weighted_power_0175,6,1,LOMBARDIA,7,15,0.4666666666666667,12
0.7142857142857143,20010513,2001,greenacre_weighted_power_0175,6,1,VENETO,5,15,0.3333333333333333,7
0.25,20010513,2001,greenacre_weighted_power_0175,6,1,FRIULI-VENEZIA GIULIA,1,15,0.06666666666666667,4
0.125,20010513,2001,greenacre_weighted_power_0175,6,1,PIEMONTE,1,15,0.06666666666666667,8
0.5,20010513,2001,greenacre_weighted_power_0175,6,1,TRENTINO-ALTO ADIGE/SÜDTIROL,1,15,0.06666666666666667,2
0.875,20010513,2001,greenacre_weighted_power_0175,6,2,PIEMONTE,7,29,0.2413793103448276,8
0.4166666666666667,20010513,2001,greenacre_weighted_power_0175,6,2,LOMBARDIA,5,29,0.1724137931034483,12
1,20010513,2001,greenacre_weighted_power_0175,6,2,SARDEGNA,5,29,0.1724137931034483,5
0.75,20010513,2001,greenacre_weighted_power_0175,6,2,FRIULI-VENEZIA GIULIA,3,29,0.10344827586206896,4
0.75,20010513,2001,greenacre_weighted_power_0175,6,2,LIGURIA,3,29,0.10344827586206896,4
0.2222222222222222,20010513,2001,greenacre_weighted_power_0175,6,2,EMILIA-ROMAGNA,2,29,0.06896551724137931,9
0.2857142857142857,20010513,2001,greenacre_weighted_power_0175,6,2,VENETO,2,29,0.06896551724137931,7
0.16666666666666666,20010513,2001,greenacre_weighted_power_0175,6,2,PUGLIA,1,29,0.034482758620689655,6
0.5,20010513,2001,greenacre_weighted_power_0175,6,2,TRENTINO-ALTO ADIGE/SÜDTIROL,1,29,0.034482758620689655,2
0.9,20010513,2001,greenacre_weighted_power_0175,6,3,TOSCANA,9,17,0.5294117647058824,10
0.7777777777777778,20010513,2001,greenacre_weighted_power_0175,6,3,EMILIA-ROMAGNA,7,17,0.4117647058823529,9
0.25,20010513,2001,greenacre_weighted_power_0175,6,3,LIGURIA,1,17,0.058823529411764705,4
1,20010513,2001,greenacre_weighted_power_0175,6,4,MARCHE,5,12,0.4166666666666667,5
0.6,20010513,2001,greenacre_weighted_power_0175,6,4,LAZIO,3,12,0.25,5
0.5,20010513,2001,greenacre_weighted_power_0175,6,4,ABRUZZO,2,12,0.16666666666666666,4
1,20010513,2001,greenacre_weighted_power_0175,6,4,UMBRIA,2,12,0.16666666666666666,2
1,20010513,2001,greenacre_weighted_power_0175,6,5,CALABRIA,5,21,0.23809523809523808,5
1,20010513,2001,greenacre_weighted_power_0175,6,5,CAMPANIA,5,21,0.23809523809523808,5
0.4444444444444444,20010513,2001,greenacre_weighted_power_0175,6,5,SICILIA,4,21,0.19047619047619047,9
0.5,20010513,2001,greenacre_weighted_power_0175,6,5,ABRUZZO,2,21,0.09523809523809523,4
1,20010513,2001,greenacre_weighted_power_0175,6,5,BASILICATA,2,21,0.09523809523809523,2
1,20010513,2001,greenacre_weighted_power_0175,6,5,MOLISE,2,21,0.09523809523809523,2
0.2,20010513,2001,greenacre_weighted_power_0175,6,5,LAZIO,1,21,0.047619047619047616,5
0.8333333333333334,20010513,2001,greenacre_weighted_power_0175,6,6,PUGLIA,5,12,0.4166666666666667,6
0.5555555555555556,20010513,2001,greenacre_weighted_power_0175,6,6,SICILIA,5,12,0.4166666666666667,9
0.2,20010513,2001,greenacre_weighted_power_0175,6,6,LAZIO,1,12,0.08333333333333333,5
0.1,20010513,2001,greenacre_weighted_power_0175,6,6,TOSCANA,1,12,0.08333333333333333,10
0.875,20010513,2001,greenacre_weighted_power_0175,7,1,PIEMONTE,7,29,0.2413793103448276,8
0.4166666666666667,20010513,2001,greenacre_weighted_power_0175,7,1,LOMBARDIA,5,29,0.1724137931034483,12
1,20010513,2001,greenacre_weighted_power_0175,7,1,SARDEGNA,5,29,0.1724137931034483,5
0.75,20010513,2001,greenacre_weighted_power_0175,7,1,FRIULI-VENEZIA GIULIA,3,29,0.10344827586206896,4
0.75,20010513,2001,greenacre_weighted_power_0175,7,1,LIGURIA,3,29,0.10344827586206896,4
0.2222222222222222,20010513,2001,greenacre_weighted_power_0175,7,1,EMILIA-ROMAGNA,2,29,0.06896551724137931,9
0.2857142857142857,20010513,2001,greenacre_weighted_power_0175,7,1,VENETO,2,29,0.06896551724137931,7
0.16666666666666666,20010513,2001,greenacre_weighted_power_0175,7,1,PUGLIA,1,29,0.034482758620689655,6
0.5,20010513,2001,greenacre_weighted_power_0175,7,1,TRENTINO-ALTO ADIGE/SÜDTIROL,1,29,0.034482758620689655,2
0.8333333333333334,20010513,2001,greenacre_weighted_power_0175,7,2,PUGLIA,5,12,0.4166666666666667,6
0.5555555555555556,20010513,2001,greenacre_weighted_power_0175,7,2,SICILIA,5,12,0.4166666666666667,9
0.2,20010513,2001,greenacre_weighted_power_0175,7,2,LAZIO,1,12,0.08333333333333333,5
0.1,20010513,2001,greenacre_weighted_power_0175,7,2,TOSCANA,1,12,0.08333333333333333,10
1,20010513,2001,greenacre_weighted_power_0175,7,3,BASILICATA,2,2,1,2
1,20010513,2001,greenacre_weighted_power_0175,7,4,MARCHE,5,12,0.4166666666666667,5
0.6,20010513,2001,greenacre_weighted_power_0175,7,4,LAZIO,3,12,0.25,5
0.5,20010513,2001,greenacre_weighted_power_0175,7,4,ABRUZZO,2,12,0.16666666666666666,4
1,20010513,2001,greenacre_weighted_power_0175,7,4,UMBRIA,2,12,0.16666666666666666,2
0.5833333333333334,20010513,2001,greenacre_weighted_power_0175,7,5,LOMBARDIA,7,15,0.4666666666666667,12
0.7142857142857143,20010513,2001,greenacre_weighted_power_0175,7,5,VENETO,5,15,0.3333333333333333,7
0.25,20010513,2001,greenacre_weighted_power_0175,7,5,FRIULI-VENEZIA GIULIA,1,15,0.06666666666666667,4
0.125,20010513,2001,greenacre_weighted_power_0175,7,5,PIEMONTE,1,15,0.06666666666666667,8
0.5,20010513,2001,greenacre_weighted_power_0175,7,5,TRENTINO-ALTO ADIGE/SÜDTIROL,1,15,0.06666666666666667,2
0.9,20010513,2001,greenacre_weighted_power_0175,7,6,TOSCANA,9,17,0.5294117647058824,10
0.7777777777777778,20010513,2001,greenacre_weighted_power_0175,7,6,EMILIA-ROMAGNA,7,17,0.4117647058823529,9
0.25,20010513,2001,greenacre_weighted_power_0175,7,6,LIGURIA,1,17,0.058823529411764705,4
1,20010513,2001,greenacre_weighted_power_0175,7,7,CALABRIA,5,19,0.2631578947368421,5
1,20010513,2001,greenacre_weighted_power_0175,7,7,CAMPANIA,5,19,0.2631578947368421,5
0.4444444444444444,20010513,2001,greenacre_weighted_power_0175,7,7,SICILIA,4,19,0.21052631578947367,9
0.5,20010513,2001,greenacre_weighted_power_0175,7,7,ABRUZZO,2,19,0.10526315789473684,4
1,20010513,2001,greenacre_weighted_power_0175,7,7,MOLISE,2,19,0.10526315789473684,2
0.2,20010513,2001,greenacre_weighted_power_0175,7,7,LAZIO,1,19,0.05263157894736842,5
0.8333333333333334,20010513,2001,greenacre_weighted_power_0175,8,1,PUGLIA,5,12,0.4166666666666667,6
0.5555555555555556,20010513,2001,greenacre_weighted_power_0175,8,1,SICILIA,5,12,0.4166666666666667,9
0.2,20010513,2001,greenacre_weighted_power_0175,8,1,LAZIO,1,12,0.08333333333333333,5
0.1,20010513,2001,greenacre_weighted_power_0175,8,1,TOSCANA,1,12,0.08333333333333333,10
0.9,20010513,2001,greenacre_weighted_power_0175,8,2,TOSCANA,9,9,1,10
1,20010513,2001,greenacre_weighted_power_0175,8,3,CALABRIA,5,19,0.2631578947368421,5
1,20010513,2001,greenacre_weighted_power_0175,8,3,CAMPANIA,5,19,0.2631578947368421,5
0.4444444444444444,20010513,2001,greenacre_weighted_power_0175,8,3,SICILIA,4,19,0.21052631578947367,9
0.5,20010513,2001,greenacre_weighted_power_0175,8,3,ABRUZZO,2,19,0.10526315789473684,4
1,20010513,2001,greenacre_weighted_power_0175,8,3,MOLISE,2,19,0.10526315789473684,2
0.2,20010513,2001,greenacre_weighted_power_0175,8,3,LAZIO,1,19,0.05263157894736842,5
1,20010513,2001,greenacre_weighted_power_0175,8,4,MARCHE,5,12,0.4166666666666667,5
0.6,20010513,2001,greenacre_weighted_power_0175,8,4,LAZIO,3,12,0.25,5
0.5,20010513,2001,greenacre_weighted_power_0175,8,4,ABRUZZO,2,12,0.16666666666666666,4
1,20010513,2001,greenacre_weighted_power_0175,8,4,UMBRIA,2,12,0.16666666666666666,2
0.875,20010513,2001,greenacre_weighted_power_0175,8,5,PIEMONTE,7,29,0.2413793103448276,8
0.4166666666666667,20010513,2001,greenacre_weighted_power_0175,8,5,LOMBARDIA,5,29,0.1724137931034483,12
1,20010513,2001,greenacre_weighted_power_0175,8,5,SARDEGNA,5,29,0.1724137931034483,5
1,20010513,2001,greenacre_weighted_power_0175,8,5,FRIULI-VENEZIA GIULIA,4,29,0.13793103448275862,4
0.2222222222222222,20010513,2001,greenacre_weighted_power_0175,8,5,EMILIA-ROMAGNA,2,29,0.06896551724137931,9
0.5,20010513,2001,greenacre_weighted_power_0175,8,5,LIGURIA,2,29,0.06896551724137931,4
0.2857142857142857,20010513,2001,greenacre_weighted_power_0175,8,5,VENETO,2,29,0.06896551724137931,7
0.16666666666666666,20010513,2001,greenacre_weighted_power_0175,8,5,PUGLIA,1,29,0.034482758620689655,6
0.5,20010513,2001,greenacre_weighted_power_0175,8,5,TRENTINO-ALTO ADIGE/SÜDTIROL,1,29,0.034482758620689655,2
0.7777777777777778,20010513,2001,greenacre_weighted_power_0175,8,6,EMILIA-ROMAGNA,7,9,0.7777777777777778,9
0.5,20010513,2001,greenacre_weighted_power_0175,8,6,LIGURIA,2,9,0.2222222222222222,4
0.5833333333333334,20010513,2001,greenacre_weighted_power_0175,8,7,LOMBARDIA,7,14,0.5,12
0.7142857142857143,20010513,2001,greenacre_weighted_power_0175,8,7,VENETO,5,14,0.35714285714285715,7
0.125,20010513,2001,greenacre_weighted_power_0175,8,7,PIEMONTE,1,14,0.07142857142857142,8
0.5,20010513,2001,greenacre_weighted_power_0175,8,7,TRENTINO-ALTO ADIGE/SÜDTIROL,1,14,0.07142857142857142,2
1,20010513,2001,greenacre_weighted_power_0175,8,8,BASILICATA,2,2,1,2
1,20060409,2006,greenacre_weighted_power_0175,2,1,LOMBARDIA,12,37,0.32432432432432434,12
1,20060409,2006,greenacre_weighted_power_0175,2,1,PIEMONTE,8,37,0.21621621621621623,8
1,20060409,2006,greenacre_weighted_power_0175,2,1,VENETO,7,37,0.1891891891891892,7
0.75,20060409,2006,greenacre_weighted_power_0175,2,1,FRIULI-VENEZIA GIULIA,3,37,0.08108108108108109,4
0.2222222222222222,20060409,2006,greenacre_weighted_power_0175,2,1,EMILIA-ROMAGNA,2,37,0.05405405405405406,9
0.5,20060409,2006,greenacre_weighted_power_0175,2,1,LIGURIA,2,37,0.05405405405405406,4
1,20060409,2006,greenacre_weighted_power_0175,2,1,TRENTINO-ALTO ADIGE/SÜDTIROL,2,37,0.05405405405405406,2
0.1111111111111111,20060409,2006,greenacre_weighted_power_0175,2,1,SICILIA,1,37,0.02702702702702703,9
1,20060409,2006,greenacre_weighted_power_0175,2,2,TOSCANA,10,69,0.14492753623188406,10
0.8888888888888888,20060409,2006,greenacre_weighted_power_0175,2,2,SICILIA,8,69,0.11594202898550725,9
0.7777777777777778,20060409,2006,greenacre_weighted_power_0175,2,2,EMILIA-ROMAGNA,7,69,0.10144927536231885,9
1,20060409,2006,greenacre_weighted_power_0175,2,2,PUGLIA,6,69,0.08695652173913043,6
1,20060409,2006,greenacre_weighted_power_0175,2,2,CALABRIA,5,69,0.07246376811594203,5
1,20060409,2006,greenacre_weighted_power_0175,2,2,CAMPANIA,5,69,0.07246376811594203,5
1,20060409,2006,greenacre_weighted_power_0175,2,2,LAZIO,5,69,0.07246376811594203,5
1,20060409,2006,greenacre_weighted_power_0175,2,2,MARCHE,5,69,0.07246376811594203,5
1,20060409,2006,greenacre_weighted_power_0175,2,2,SARDEGNA,5,69,0.07246376811594203,5
1,20060409,2006,greenacre_weighted_power_0175,2,2,ABRUZZO,4,69,0.057971014492753624,4
1,20060409,2006,greenacre_weighted_power_0175,2,2,BASILICATA,2,69,0.028985507246376812,2
0.5,20060409,2006,greenacre_weighted_power_0175,2,2,LIGURIA,2,69,0.028985507246376812,4
1,20060409,2006,greenacre_weighted_power_0175,2,2,MOLISE,2,69,0.028985507246376812,2
1,20060409,2006,greenacre_weighted_power_0175,2,2,UMBRIA,2,69,0.028985507246376812,2
0.25,20060409,2006,greenacre_weighted_power_0175,2,2,FRIULI-VENEZIA GIULIA,1,69,0.014492753623188406,4
1,20060409,2006,greenacre_weighted_power_0175,3,1,LOMBARDIA,12,35,0.34285714285714286,12
0.875,20060409,2006,greenacre_weighted_power_0175,3,1,PIEMONTE,7,35,0.2,8
1,20060409,2006,greenacre_weighted_power_0175,3,1,VENETO,7,35,0.2,7
0.2222222222222222,20060409,2006,greenacre_weighted_power_0175,3,1,EMILIA-ROMAGNA,2,35,0.05714285714285714,9
0.5,20060409,2006,greenacre_weighted_power_0175,3,1,FRIULI-VENEZIA GIULIA,2,35,0.05714285714285714,4
0.5,20060409,2006,greenacre_weighted_power_0175,3,1,LIGURIA,2,35,0.05714285714285714,4
1,20060409,2006,greenacre_weighted_power_0175,3,1,TRENTINO-ALTO ADIGE/SÜDTIROL,2,35,0.05714285714285714,2
0.1111111111111111,20060409,2006,greenacre_weighted_power_0175,3,1,SICILIA,1,35,0.02857142857142857,9
0.8888888888888888,20060409,2006,greenacre_weighted_power_0175,3,2,SICILIA,8,44,0.18181818181818182,9
1,20060409,2006,greenacre_weighted_power_0175,3,2,PUGLIA,6,44,0.13636363636363635,6
1,20060409,2006,greenacre_weighted_power_0175,3,2,CALABRIA,5,44,0.11363636363636363,5
1,20060409,2006,greenacre_weighted_power_0175,3,2,CAMPANIA,5,44,0.11363636363636363,5
1,20060409,2006,greenacre_weighted_power_0175,3,2,LAZIO,5,44,0.11363636363636363,5
1,20060409,2006,greenacre_weighted_power_0175,3,2,SARDEGNA,5,44,0.11363636363636363,5
1,20060409,2006,greenacre_weighted_power_0175,3,2,ABRUZZO,4,44,0.09090909090909091,4
1,20060409,2006,greenacre_weighted_power_0175,3,2,BASILICATA,2,44,0.045454545454545456,2
1,20060409,2006,greenacre_weighted_power_0175,3,2,MOLISE,2,44,0.045454545454545456,2
0.25,20060409,2006,greenacre_weighted_power_0175,3,2,FRIULI-VENEZIA GIULIA,1,44,0.022727272727272728,4
0.1,20060409,2006,greenacre_weighted_power_0175,3,2,TOSCANA,1,44,0.022727272727272728,10
0.9,20060409,2006,greenacre_weighted_power_0175,3,3,TOSCANA,9,27,0.3333333333333333,10
0.7777777777777778,20060409,2006,greenacre_weighted_power_0175,3,3,EMILIA-ROMAGNA,7,27,0.25925925925925924,9
1,20060409,2006,greenacre_weighted_power_0175,3,3,MARCHE,5,27,0.18518518518518517,5
0.5,20060409,2006,greenacre_weighted_power_0175,3,3,LIGURIA,2,27,0.07407407407407407,4
1,20060409,2006,greenacre_weighted_power_0175,3,3,UMBRIA,2,27,0.07407407407407407,2
0.25,20060409,2006,greenacre_weighted_power_0175,3,3,FRIULI-VENEZIA GIULIA,1,27,0.037037037037037035,4
0.125,20060409,2006,greenacre_weighted_power_0175,3,3,PIEMONTE,1,27,0.037037037037037035,8
0.9,20060409,2006,greenacre_weighted_power_0175,4,1,TOSCANA,9,24,0.375,10
0.7777777777777778,20060409,2006,greenacre_weighted_power_0175,4,1,EMILIA-ROMAGNA,7,24,0.2916666666666667,9
1,20060409,2006,greenacre_weighted_power_0175,4,1,MARCHE,5,24,0.20833333333333334,5
1,20060409,2006,greenacre_weighted_power_0175,4,1,UMBRIA,2,24,0.08333333333333333,2
0.25,20060409,2006,greenacre_weighted_power_0175,4,1,LIGURIA,1,24,0.041666666666666664,4
0.6666666666666666,20060409,2006,greenacre_weighted_power_0175,4,2,LOMBARDIA,8,17,0.47058823529411764,12
0.7142857142857143,20060409,2006,greenacre_weighted_power_0175,4,2,VENETO,5,17,0.29411764705882354,7
1,20060409,2006,greenacre_weighted_power_0175,4,2,TRENTINO-ALTO ADIGE/SÜDTIROL,2,17,0.11764705882352941,2
0.25,20060409,2006,greenacre_weighted_power_0175,4,2,FRIULI-VENEZIA GIULIA,1,17,0.058823529411764705,4
0.125,20060409,2006,greenacre_weighted_power_0175,4,2,PIEMONTE,1,17,0.058823529411764705,8
0.875,20060409,2006,greenacre_weighted_power_0175,4,3,PIEMONTE,7,22,0.3181818181818182,8
0.3333333333333333,20060409,2006,greenacre_weighted_power_0175,4,3,LOMBARDIA,4,22,0.18181818181818182,12
0.75,20060409,2006,greenacre_weighted_power_0175,4,3,FRIULI-VENEZIA GIULIA,3,22,0.13636363636363635,4
0.75,20060409,2006,greenacre_weighted_power_0175,4,3,LIGURIA,3,22,0.13636363636363635,4
0.2222222222222222,20060409,2006,greenacre_weighted_power_0175,4,3,EMILIA-ROMAGNA,2,22,0.09090909090909091,9
0.2857142857142857,20060409,2006,greenacre_weighted_power_0175,4,3,VENETO,2,22,0.09090909090909091,7
0.1111111111111111,20060409,2006,greenacre_weighted_power_0175,4,3,SICILIA,1,22,0.045454545454545456,9
0.8888888888888888,20060409,2006,greenacre_weighted_power_0175,4,4,SICILIA,8,43,0.18604651162790697,9
1,20060409,2006,greenacre_weighted_power_0175,4,4,PUGLIA,6,43,0.13953488372093023,6
1,20060409,2006,greenacre_weighted_power_0175,4,4,CALABRIA,5,43,0.11627906976744186,5
1,20060409,2006,greenacre_weighted_power_0175,4,4,CAMPANIA,5,43,0.11627906976744186,5
1,20060409,2006,greenacre_weighted_power_0175,4,4,LAZIO,5,43,0.11627906976744186,5
1,20060409,2006,greenacre_weighted_power_0175,4,4,SARDEGNA,5,43,0.11627906976744186,5
1,20060409,2006,greenacre_weighted_power_0175,4,4,ABRUZZO,4,43,0.09302325581395349,4
1,20060409,2006,greenacre_weighted_power_0175,4,4,BASILICATA,2,43,0.046511627906976744,2
1,20060409,2006,greenacre_weighted_power_0175,4,4,MOLISE,2,43,0.046511627906976744,2
0.1,20060409,2006,greenacre_weighted_power_0175,4,4,TOSCANA,1,43,0.023255813953488372,10
0.9,20060409,2006,greenacre_weighted_power_0175,5,1,TOSCANA,9,21,0.42857142857142855,10
0.7777777777777778,20060409,2006,greenacre_weighted_power_0175,5,1,EMILIA-ROMAGNA,7,21,0.3333333333333333,9
0.5,20060409,2006,greenacre_weighted_power_0175,5,1,LIGURIA,2,21,0.09523809523809523,4
0.4,20060409,2006,greenacre_weighted_power_0175,5,1,MARCHE,2,21,0.09523809523809523,5
0.5,20060409,2006,greenacre_weighted_power_0175,5,1,UMBRIA,1,21,0.047619047619047616,2
1,20060409,2006,greenacre_weighted_power_0175,5,2,SICILIA,9,22,0.4090909090909091,9
1,20060409,2006,greenacre_weighted_power_0175,5,2,CALABRIA,5,22,0.22727272727272727,5
1,20060409,2006,greenacre_weighted_power_0175,5,2,SARDEGNA,5,22,0.22727272727272727,5
0.5,20060409,2006,greenacre_weighted_power_0175,5,2,BASILICATA,1,22,0.045454545454545456,2
0.25,20060409,2006,greenacre_weighted_power_0175,5,2,FRIULI-VENEZIA GIULIA,1,22,0.045454545454545456,4
0.16666666666666666,20060409,2006,greenacre_weighted_power_0175,5,2,PUGLIA,1,22,0.045454545454545456,6
1,20060409,2006,greenacre_weighted_power_0175,5,3,CAMPANIA,5,27,0.18518518518518517,5
1,20060409,2006,greenacre_weighted_power_0175,5,3,LAZIO,5,27,0.18518518518518517,5
0.8333333333333334,20060409,2006,greenacre_weighted_power_0175,5,3,PUGLIA,5,27,0.18518518518518517,6
1,20060409,2006,greenacre_weighted_power_0175,5,3,ABRUZZO,4,27,0.14814814814814814,4
0.6,20060409,2006,greenacre_weighted_power_0175,5,3,MARCHE,3,27,0.1111111111111111,5
1,20060409,2006,greenacre_weighted_power_0175,5,3,MOLISE,2,27,0.07407407407407407,2
0.5,20060409,2006,greenacre_weighted_power_0175,5,3,BASILICATA,1,27,0.037037037037037035,2
0.1,20060409,2006,greenacre_weighted_power_0175,5,3,TOSCANA,1,27,0.037037037037037035,10
0.5,20060409,2006,greenacre_weighted_power_0175,5,3,UMBRIA,1,27,0.037037037037037035,2
0.6666666666666666,20060409,2006,greenacre_weighted_power_0175,5,4,LOMBARDIA,8,17,0.47058823529411764,12
0.7142857142857143,20060409,2006,greenacre_weighted_power_0175,5,4,VENETO,5,17,0.29411764705882354,7
1,20060409,2006,greenacre_weighted_power_0175,5,4,TRENTINO-ALTO ADIGE/SÜDTIROL,2,17,0.11764705882352941,2
0.25,20060409,2006,greenacre_weighted_power_0175,5,4,FRIULI-VENEZIA GIULIA,1,17,0.058823529411764705,4
0.125,20060409,2006,greenacre_weighted_power_0175,5,4,PIEMONTE,1,17,0.058823529411764705,8
0.875,20060409,2006,greenacre_weighted_power_0175,5,5,PIEMONTE,7,19,0.3684210526315789,8
0.3333333333333333,20060409,2006,greenacre_weighted_power_0175,5,5,LOMBARDIA,4,19,0.21052631578947367,12
0.2222222222222222,20060409,2006,greenacre_weighted_power_0175,5,5,EMILIA-ROMAGNA,2,19,0.10526315789473684,9
0.5,20060409,2006,greenacre_weighted_power_0175,5,5,FRIULI-VENEZIA GIULIA,2,19,0.10526315789473684,4
0.5,20060409,2006,greenacre_weighted_power_0175,5,5,LIGURIA,2,19,0.10526315789473684,4
0.2857142857142857,20060409,2006,greenacre_weighted_power_0175,5,5,VENETO,2,19,0.10526315789473684,7
0.9,20060409,2006,greenacre_weighted_power_0175,6,1,TOSCANA,9,16,0.5625,10
1,20060409,2006,greenacre_weighted_power_0175,6,1,MARCHE,5,16,0.3125,5
1,20060409,2006,greenacre_weighted_power_0175,6,1,UMBRIA,2,16,0.125,2
0.8888888888888888,20060409,2006,greenacre_weighted_power_0175,6,2,EMILIA-ROMAGNA,8,12,0.6666666666666666,9
0.5,20060409,2006,greenacre_weighted_power_0175,6,2,LIGURIA,2,12,0.16666666666666666,4
0.25,20060409,2006,greenacre_weighted_power_0175,6,2,FRIULI-VENEZIA GIULIA,1,12,0.08333333333333333,4
0.125,20060409,2006,greenacre_weighted_power_0175,6,2,PIEMONTE,1,12,0.08333333333333333,8
0.6666666666666666,20060409,2006,greenacre_weighted_power_0175,6,3,LOMBARDIA,8,17,0.47058823529411764,12
0.7142857142857143,20060409,2006,greenacre_weighted_power_0175,6,3,VENETO,5,17,0.29411764705882354,7
1,20060409,2006,greenacre_weighted_power_0175,6,3,TRENTINO-ALTO ADIGE/SÜDTIROL,2,17,0.11764705882352941,2
0.25,20060409,2006,greenacre_weighted_power_0175,6,3,FRIULI-VENEZIA GIULIA,1,17,0.058823529411764705,4
0.125,20060409,2006,greenacre_weighted_power_0175,6,3,PIEMONTE,1,17,0.058823529411764705,8
1,20060409,2006,greenacre_weighted_power_0175,6,4,CAMPANIA,5,21,0.23809523809523808,5
1,20060409,2006,greenacre_weighted_power_0175,6,4,LAZIO,5,21,0.23809523809523808,5
1,20060409,2006,greenacre_weighted_power_0175,6,4,ABRUZZO,4,21,0.19047619047619047,4
0.6666666666666666,20060409,2006,greenacre_weighted_power_0175,6,4,PUGLIA,4,21,0.19047619047619047,6
1,20060409,2006,greenacre_weighted_power_0175,6,4,MOLISE,2,21,0.09523809523809523,2
0.5,20060409,2006,greenacre_weighted_power_0175,6,4,BASILICATA,1,21,0.047619047619047616,2
1,20060409,2006,greenacre_weighted_power_0175,6,5,SICILIA,9,24,0.375,9
1,20060409,2006,greenacre_weighted_power_0175,6,5,CALABRIA,5,24,0.20833333333333334,5
1,20060409,2006,greenacre_weighted_power_0175,6,5,SARDEGNA,5,24,0.20833333333333334,5
0.3333333333333333,20060409,2006,greenacre_weighted_power_0175,6,5,PUGLIA,2,24,0.08333333333333333,6
0.5,20060409,2006,greenacre_weighted_power_0175,6,5,BASILICATA,1,24,0.041666666666666664,2
0.25,20060409,2006,greenacre_weighted_power_0175,6,5,FRIULI-VENEZIA GIULIA,1,24,0.041666666666666664,4
0.1,20060409,2006,greenacre_weighted_power_0175,6,5,TOSCANA,1,24,0.041666666666666664,10
0.75,20060409,2006,greenacre_weighted_power_0175,6,6,PIEMONTE,6,16,0.375,8
0.3333333333333333,20060409,2006,greenacre_weighted_power_0175,6,6,LOMBARDIA,4,16,0.25,12
0.5,20060409,2006,greenacre_weighted_power_0175,6,6,LIGURIA,2,16,0.125,4
0.2857142857142857,20060409,2006,greenacre_weighted_power_0175,6,6,VENETO,2,16,0.125,7
0.1111111111111111,20060409,2006,greenacre_weighted_power_0175,6,6,EMILIA-ROMAGNA,1,16,0.0625,9
0.25,20060409,2006,greenacre_weighted_power_0175,6,6,FRIULI-VENEZIA GIULIA,1,16,0.0625,4
1,20060409,2006,greenacre_weighted_power_0175,7,1,CAMPANIA,5,17,0.29411764705882354,5
0.6666666666666666,20060409,2006,greenacre_weighted_power_0175,7,1,PUGLIA,4,17,0.23529411764705882,6
0.75,20060409,2006,greenacre_weighted_power_0175,7,1,ABRUZZO,3,17,0.17647058823529413,4
0.4,20060409,2006,greenacre_weighted_power_0175,7,1,LAZIO,2,17,0.11764705882352941,5
1,20060409,2006,greenacre_weighted_power_0175,7,1,MOLISE,2,17,0.11764705882352941,2
0.5,20060409,2006,greenacre_weighted_power_0175,7,1,BASILICATA,1,17,0.058823529411764705,2
1,20060409,2006,greenacre_weighted_power_0175,7,2,SICILIA,9,20,0.45,9
1,20060409,2006,greenacre_weighted_power_0175,7,2,CALABRIA,5,20,0.25,5
0.8,20060409,2006,greenacre_weighted_power_0175,7,2,SARDEGNA,4,20,0.2,5
0.5,20060409,2006,greenacre_weighted_power_0175,7,2,BASILICATA,1,20,0.05,2
0.16666666666666666,20060409,2006,greenacre_weighted_power_0175,7,2,PUGLIA,1,20,0.05,6
0.7,20060409,2006,greenacre_weighted_power_0175,7,3,TOSCANA,7,10,0.7,10
0.4,20060409,2006,greenacre_weighted_power_0175,7,3,MARCHE,2,10,0.2,5
0.5,20060409,2006,greenacre_weighted_power_0175,7,3,UMBRIA,1,10,0.1,2
0.6666666666666666,20060409,2006,greenacre_weighted_power_0175,7,4,LOMBARDIA,8,17,0.47058823529411764,12
0.7142857142857143,20060409,2006,greenacre_weighted_power_0175,7,4,VENETO,5,17,0.29411764705882354,7
1,20060409,2006,greenacre_weighted_power_0175,7,4,TRENTINO-ALTO ADIGE/SÜDTIROL,2,17,0.11764705882352941,2
0.25,20060409,2006,greenacre_weighted_power_0175,7,4,FRIULI-VENEZIA GIULIA,1,17,0.058823529411764705,4
0.125,20060409,2006,greenacre_weighted_power_0175,7,4,PIEMONTE,1,17,0.058823529411764705,8
0.6,20060409,2006,greenacre_weighted_power_0175,7,5,LAZIO,3,14,0.21428571428571427,5
0.6,20060409,2006,greenacre_weighted_power_0175,7,5,MARCHE,3,14,0.21428571428571427,5
0.3,20060409,2006,greenacre_weighted_power_0175,7,5,TOSCANA,3,14,0.21428571428571427,10
0.25,20060409,2006,greenacre_weighted_power_0175,7,5,ABRUZZO,1,14,0.07142857142857142,4
0.25,20060409,2006,greenacre_weighted_power_0175,7,5,FRIULI-VENEZIA GIULIA,1,14,0.07142857142857142,4
0.16666666666666666,20060409,2006,greenacre_weighted_power_0175,7,5,PUGLIA,1,14,0.07142857142857142,6
0.2,20060409,2006,greenacre_weighted_power_0175,7,5,SARDEGNA,1,14,0.07142857142857142,5
0.5,20060409,2006,greenacre_weighted_power_0175,7,5,UMBRIA,1,14,0.07142857142857142,2
0.75,20060409,2006,greenacre_weighted_power_0175,7,6,PIEMONTE,6,16,0.375,8
0.3333333333333333,20060409,2006,greenacre_weighted_power_0175,7,6,LOMBARDIA,4,16,0.25,12
0.5,20060409,2006,greenacre_weighted_power_0175,7,6,LIGURIA,2,16,0.125,4
0.2857142857142857,20060409,2006,greenacre_weighted_power_0175,7,6,VENETO,2,16,0.125,7
0.1111111111111111,20060409,2006,greenacre_weighted_power_0175,7,6,EMILIA-ROMAGNA,1,16,0.0625,9
0.25,20060409,2006,greenacre_weighted_power_0175,7,6,FRIULI-VENEZIA GIULIA,1,16,0.0625,4
0.8888888888888888,20060409,2006,greenacre_weighted_power_0175,7,7,EMILIA-ROMAGNA,8,12,0.6666666666666666,9
0.5,20060409,2006,greenacre_weighted_power_0175,7,7,LIGURIA,2,12,0.16666666666666666,4
0.25,20060409,2006,greenacre_weighted_power_0175,7,7,FRIULI-VENEZIA GIULIA,1,12,0.08333333333333333,4
0.125,20060409,2006,greenacre_weighted_power_0175,7,7,PIEMONTE,1,12,0.08333333333333333,8
0.6666666666666666,20060409,2006,greenacre_weighted_power_0175,8,1,LOMBARDIA,8,17,0.47058823529411764,12
0.7142857142857143,20060409,2006,greenacre_weighted_power_0175,8,1,VENETO,5,17,0.29411764705882354,7
1,20060409,2006,greenacre_weighted_power_0175,8,1,TRENTINO-ALTO ADIGE/SÜDTIROL,2,17,0.11764705882352941,2
0.25,20060409,2006,greenacre_weighted_power_0175,8,1,FRIULI-VENEZIA GIULIA,1,17,0.058823529411764705,4
0.125,20060409,2006,greenacre_weighted_power_0175,8,1,PIEMONTE,1,17,0.058823529411764705,8
0.75,20060409,2006,greenacre_weighted_power_0175,8,2,PIEMONTE,6,13,0.46153846153846156,8
0.25,20060409,2006,greenacre_weighted_power_0175,8,2,LOMBARDIA,3,13,0.23076923076923078,12
0.1111111111111111,20060409,2006,greenacre_weighted_power_0175,8,2,EMILIA-ROMAGNA,1,13,0.07692307692307693,9
0.25,20060409,2006,greenacre_weighted_power_0175,8,2,FRIULI-VENEZIA GIULIA,1,13,0.07692307692307693,4
0.25,20060409,2006,greenacre_weighted_power_0175,8,2,LIGURIA,1,13,0.07692307692307693,4
0.14285714285714285,20060409,2006,greenacre_weighted_power_0175,8,2,VENETO,1,13,0.07692307692307693,7
0.7,20060409,2006,greenacre_weighted_power_0175,8,3,TOSCANA,7,10,0.7,10
0.4,20060409,2006,greenacre_weighted_power_0175,8,3,MARCHE,2,10,0.2,5
0.5,20060409,2006,greenacre_weighted_power_0175,8,3,UMBRIA,1,10,0.1,2
0.8,20060409,2006,greenacre_weighted_power_0175,8,4,LAZIO,4,17,0.23529411764705882,5
0.75,20060409,2006,greenacre_weighted_power_0175,8,4,ABRUZZO,3,17,0.17647058823529413,4
0.6,20060409,2006,greenacre_weighted_power_0175,8,4,MARCHE,3,17,0.17647058823529413,5
0.3,20060409,2006,greenacre_weighted_power_0175,8,4,TOSCANA,3,17,0.17647058823529413,10
0.3333333333333333,20060409,2006,greenacre_weighted_power_0175,8,4,PUGLIA,2,17,0.11764705882352941,6
0.2,20060409,2006,greenacre_weighted_power_0175,8,4,SARDEGNA,1,17,0.058823529411764705,5
0.5,20060409,2006,greenacre_weighted_power_0175,8,4,UMBRIA,1,17,0.058823529411764705,2
0.75,20060409,2006,greenacre_weighted_power_0175,8,5,LIGURIA,3,10,0.3,4
0.2222222222222222,20060409,2006,greenacre_weighted_power_0175,8,5,EMILIA-ROMAGNA,2,10,0.2,9
0.5,20060409,2006,greenacre_weighted_power_0175,8,5,FRIULI-VENEZIA GIULIA,2,10,0.2,4
0.08333333333333333,20060409,2006,greenacre_weighted_power_0175,8,5,LOMBARDIA,1,10,0.1,12
0.125,20060409,2006,greenacre_weighted_power_0175,8,5,PIEMONTE,1,10,0.1,8
0.14285714285714285,20060409,2006,greenacre_weighted_power_0175,8,5,VENETO,1,10,0.1,7
0.6666666666666666,20060409,2006,greenacre_weighted_power_0175,8,6,EMILIA-ROMAGNA,6,6,1,9
1,20060409,2006,greenacre_weighted_power_0175,8,7,CAMPANIA,5,13,0.38461538461538464,5
0.5,20060409,2006,greenacre_weighted_power_0175,8,7,PUGLIA,3,13,0.23076923076923078,6
1,20060409,2006,greenacre_weighted_power_0175,8,7,MOLISE,2,13,0.15384615384615385,2
0.25,20060409,2006,greenacre_weighted_power_0175,8,7,ABRUZZO,1,13,0.07692307692307693,4
0.5,20060409,2006,greenacre_weighted_power_0175,8,7,BASILICATA,1,13,0.07692307692307693,2
0.2,20060409,2006,greenacre_weighted_power_0175,8,7,LAZIO,1,13,0.07692307692307693,5
1,20060409,2006,greenacre_weighted_power_0175,8,8,SICILIA,9,20,0.45,9
1,20060409,2006,greenacre_weighted_power_0175,8,8,CALABRIA,5,20,0.25,5
0.8,20060409,2006,greenacre_weighted_power_0175,8,8,SARDEGNA,4,20,0.2,5
0.5,20060409,2006,greenacre_weighted_power_0175,8,8,BASILICATA,1,20,0.05,2
0.16666666666666666,20060409,2006,greenacre_weighted_power_0175,8,8,PUGLIA,1,20,0.05,6
1,20080413,2008,greenacre_weighted_power_0175,2,1,TOSCANA,10,71,0.14084507042253522,10
0.8888888888888888,20080413,2008,greenacre_weighted_power_0175,2,1,SICILIA,8,71,0.11267605633802817,9
0.7777777777777778,20080413,2008,greenacre_weighted_power_0175,2,1,EMILIA-ROMAGNA,7,71,0.09859154929577464,9
1,20080413,2008,greenacre_weighted_power_0175,2,1,PUGLIA,6,71,0.08450704225352113,6
1,20080413,2008,greenacre_weighted_power_0175,2,1,CALABRIA,5,71,0.07042253521126761,5
1,20080413,2008,greenacre_weighted_power_0175,2,1,CAMPANIA,5,71,0.07042253521126761,5
1,20080413,2008,greenacre_weighted_power_0175,2,1,LAZIO,5,71,0.07042253521126761,5
1,20080413,2008,greenacre_weighted_power_0175,2,1,MARCHE,5,71,0.07042253521126761,5
1,20080413,2008,greenacre_weighted_power_0175,2,1,SARDEGNA,5,71,0.07042253521126761,5
1,20080413,2008,greenacre_weighted_power_0175,2,1,ABRUZZO,4,71,0.056338028169014086,4
0.75,20080413,2008,greenacre_weighted_power_0175,2,1,LIGURIA,3,71,0.04225352112676056,4
1,20080413,2008,greenacre_weighted_power_0175,2,1,BASILICATA,2,71,0.028169014084507043,2
0.5,20080413,2008,greenacre_weighted_power_0175,2,1,FRIULI-VENEZIA GIULIA,2,71,0.028169014084507043,4
1,20080413,2008,greenacre_weighted_power_0175,2,1,MOLISE,2,71,0.028169014084507043,2
1,20080413,2008,greenacre_weighted_power_0175,2,1,UMBRIA,2,71,0.028169014084507043,2
1,20080413,2008,greenacre_weighted_power_0175,2,2,LOMBARDIA,12,35,0.34285714285714286,12
1,20080413,2008,greenacre_weighted_power_0175,2,2,PIEMONTE,8,35,0.22857142857142856,8
1,20080413,2008,greenacre_weighted_power_0175,2,2,VENETO,7,35,0.2,7
0.2222222222222222,20080413,2008,greenacre_weighted_power_0175,2,2,EMILIA-ROMAGNA,2,35,0.05714285714285714,9
0.5,20080413,2008,greenacre_weighted_power_0175,2,2,FRIULI-VENEZIA GIULIA,2,35,0.05714285714285714,4
1,20080413,2008,greenacre_weighted_power_0175,2,2,TRENTINO-ALTO ADIGE/SÜDTIROL,2,35,0.05714285714285714,2
0.25,20080413,2008,greenacre_weighted_power_0175,2,2,LIGURIA,1,35,0.02857142857142857,4
0.1111111111111111,20080413,2008,greenacre_weighted_power_0175,2,2,SICILIA,1,35,0.02857142857142857,9
1,20080413,2008,greenacre_weighted_power_0175,3,1,LOMBARDIA,12,31,0.3870967741935484,12
0.875,20080413,2008,greenacre_weighted_power_0175,3,1,PIEMONTE,7,31,0.22580645161290322,8
1,20080413,2008,greenacre_weighted_power_0175,3,1,VENETO,7,31,0.22580645161290322,7
0.5,20080413,2008,greenacre_weighted_power_0175,3,1,FRIULI-VENEZIA GIULIA,2,31,0.06451612903225806,4
1,20080413,2008,greenacre_weighted_power_0175,3,1,TRENTINO-ALTO ADIGE/SÜDTIROL,2,31,0.06451612903225806,2
0.1111111111111111,20080413,2008,greenacre_weighted_power_0175,3,1,EMILIA-ROMAGNA,1,31,0.03225806451612903,9
1,20080413,2008,greenacre_weighted_power_0175,3,2,SICILIA,9,46,0.1956521739130435,9
1,20080413,2008,greenacre_weighted_power_0175,3,2,PUGLIA,6,46,0.13043478260869565,6
1,20080413,2008,greenacre_weighted_power_0175,3,2,CALABRIA,5,46,0.10869565217391304,5
1,20080413,2008,greenacre_weighted_power_0175,3,2,CAMPANIA,5,46,0.10869565217391304,5
1,20080413,2008,greenacre_weighted_power_0175,3,2,LAZIO,5,46,0.10869565217391304,5
1,20080413,2008,greenacre_weighted_power_0175,3,2,SARDEGNA,5,46,0.10869565217391304,5
1,20080413,2008,greenacre_weighted_power_0175,3,2,ABRUZZO,4,46,0.08695652173913043,4
1,20080413,2008,greenacre_weighted_power_0175,3,2,BASILICATA,2,46,0.043478260869565216,2
1,20080413,2008,greenacre_weighted_power_0175,3,2,MOLISE,2,46,0.043478260869565216,2
0.25,20080413,2008,greenacre_weighted_power_0175,3,2,FRIULI-VENEZIA GIULIA,1,46,0.021739130434782608,4
0.25,20080413,2008,greenacre_weighted_power_0175,3,2,LIGURIA,1,46,0.021739130434782608,4
0.2,20080413,2008,greenacre_weighted_power_0175,3,2,MARCHE,1,46,0.021739130434782608,5
1,20080413,2008,greenacre_weighted_power_0175,3,3,TOSCANA,10,29,0.3448275862068966,10
0.8888888888888888,20080413,2008,greenacre_weighted_power_0175,3,3,EMILIA-ROMAGNA,8,29,0.27586206896551724,9
0.8,20080413,2008,greenacre_weighted_power_0175,3,3,MARCHE,4,29,0.13793103448275862,5
0.75,20080413,2008,greenacre_weighted_power_0175,3,3,LIGURIA,3,29,0.10344827586206896,4
1,20080413,2008,greenacre_weighted_power_0175,3,3,UMBRIA,2,29,0.06896551724137931,2
0.25,20080413,2008,greenacre_weighted_power_0175,3,3,FRIULI-VENEZIA GIULIA,1,29,0.034482758620689655,4
0.125,20080413,2008,greenacre_weighted_power_0175,3,3,PIEMONTE,1,29,0.034482758620689655,8
1,20080413,2008,greenacre_weighted_power_0175,4,1,LOMBARDIA,12,31,0.3870967741935484,12
0.875,20080413,2008,greenacre_weighted_power_0175,4,1,PIEMONTE,7,31,0.22580645161290322,8
1,20080413,2008,greenacre_weighted_power_0175,4,1,VENETO,7,31,0.22580645161290322,7
0.5,20080413,2008,greenacre_weighted_power_0175,4,1,FRIULI-VENEZIA GIULIA,2,31,0.06451612903225806,4
1,20080413,2008,greenacre_weighted_power_0175,4,1,TRENTINO-ALTO ADIGE/SÜDTIROL,2,31,0.06451612903225806,2
0.1111111111111111,20080413,2008,greenacre_weighted_power_0175,4,1,EMILIA-ROMAGNA,1,31,0.03225806451612903,9
1,20080413,2008,greenacre_weighted_power_0175,4,2,SICILIA,9,27,0.3333333333333333,9
1,20080413,2008,greenacre_weighted_power_0175,4,2,SARDEGNA,5,27,0.18518518518518517,5
0.6,20080413,2008,greenacre_weighted_power_0175,4,2,CALABRIA,3,27,0.1111111111111111,5
0.6,20080413,2008,greenacre_weighted_power_0175,4,2,CAMPANIA,3,27,0.1111111111111111,5
1,20080413,2008,greenacre_weighted_power_0175,4,2,MOLISE,2,27,0.07407407407407407,2
0.3333333333333333,20080413,2008,greenacre_weighted_power_0175,4,2,PUGLIA,2,27,0.07407407407407407,6
0.25,20080413,2008,greenacre_weighted_power_0175,4,2,ABRUZZO,1,27,0.037037037037037035,4
0.25,20080413,2008,greenacre_weighted_power_0175,4,2,FRIULI-VENEZIA GIULIA,1,27,0.037037037037037035,4
0.25,20080413,2008,greenacre_weighted_power_0175,4,2,LIGURIA,1,27,0.037037037037037035,4
1,20080413,2008,greenacre_weighted_power_0175,4,3,LAZIO,5,21,0.23809523809523808,5
0.6666666666666666,20080413,2008,greenacre_weighted_power_0175,4,3,PUGLIA,4,21,0.19047619047619047,6
0.75,20080413,2008,greenacre_weighted_power_0175,4,3,ABRUZZO,3,21,0.14285714285714285,4
0.6,20080413,2008,greenacre_weighted_power_0175,4,3,MARCHE,3,21,0.14285714285714285,5
1,20080413,2008,greenacre_weighted_power_0175,4,3,BASILICATA,2,21,0.09523809523809523,2
0.4,20080413,2008,greenacre_weighted_power_0175,4,3,CALABRIA,2,21,0.09523809523809523,5
0.4,20080413,2008,greenacre_weighted_power_0175,4,3,CAMPANIA,2,21,0.09523809523809523,5
1,20080413,2008,greenacre_weighted_power_0175,4,4,TOSCANA,10,27,0.37037037037037035,10
0.8888888888888888,20080413,2008,greenacre_weighted_power_0175,4,4,EMILIA-ROMAGNA,8,27,0.2962962962962963,9
0.75,20080413,2008,greenacre_weighted_power_0175,4,4,LIGURIA,3,27,0.1111111111111111,4
0.4,20080413,2008,greenacre_weighted_power_0175,4,4,MARCHE,2,27,0.07407407407407407,5
1,20080413,2008,greenacre_weighted_power_0175,4,4,UMBRIA,2,27,0.07407407407407407,2
0.25,20080413,2008,greenacre_weighted_power_0175,4,4,FRIULI-VENEZIA GIULIA,1,27,0.037037037037037035,4
0.125,20080413,2008,greenacre_weighted_power_0175,4,4,PIEMONTE,1,27,0.037037037037037035,8
1,20080413,2008,greenacre_weighted_power_0175,5,1,SICILIA,9,28,0.32142857142857145,9
1,20080413,2008,greenacre_weighted_power_0175,5,1,SARDEGNA,5,28,0.17857142857142858,5
0.8,20080413,2008,greenacre_weighted_power_0175,5,1,CALABRIA,4,28,0.14285714285714285,5
0.6,20080413,2008,greenacre_weighted_power_0175,5,1,CAMPANIA,3,28,0.10714285714285714,5
1,20080413,2008,greenacre_weighted_power_0175,5,1,MOLISE,2,28,0.07142857142857142,2
0.3333333333333333,20080413,2008,greenacre_weighted_power_0175,5,1,PUGLIA,2,28,0.07142857142857142,6
0.25,20080413,2008,greenacre_weighted_power_0175,5,1,ABRUZZO,1,28,0.03571428571428571,4
0.25,20080413,2008,greenacre_weighted_power_0175,5,1,FRIULI-VENEZIA GIULIA,1,28,0.03571428571428571,4
0.25,20080413,2008,greenacre_weighted_power_0175,5,1,LIGURIA,1,28,0.03571428571428571,4
1,20080413,2008,greenacre_weighted_power_0175,5,2,LAZIO,5,18,0.2777777777777778,5
0.6666666666666666,20080413,2008,greenacre_weighted_power_0175,5,2,PUGLIA,4,18,0.2222222222222222,6
0.75,20080413,2008,greenacre_weighted_power_0175,5,2,ABRUZZO,3,18,0.16666666666666666,4
1,20080413,2008,greenacre_weighted_power_0175,5,2,BASILICATA,2,18,0.1111111111111111,2
0.4,20080413,2008,greenacre_weighted_power_0175,5,2,CAMPANIA,2,18,0.1111111111111111,5
0.2,20080413,2008,greenacre_weighted_power_0175,5,2,CALABRIA,1,18,0.05555555555555555,5
0.2,20080413,2008,greenacre_weighted_power_0175,5,2,MARCHE,1,18,0.05555555555555555,5
1,20080413,2008,greenacre_weighted_power_0175,5,3,LOMBARDIA,12,30,0.4,12
1,20080413,2008,greenacre_weighted_power_0175,5,3,VENETO,7,30,0.23333333333333334,7
0.75,20080413,2008,greenacre_weighted_power_0175,5,3,PIEMONTE,6,30,0.2,8
0.5,20080413,2008,greenacre_weighted_power_0175,5,3,FRIULI-VENEZIA GIULIA,2,30,0.06666666666666667,4
1,20080413,2008,greenacre_weighted_power_0175,5,3,TRENTINO-ALTO ADIGE/SÜDTIROL,2,30,0.06666666666666667,2
0.1111111111111111,20080413,2008,greenacre_weighted_power_0175,5,3,EMILIA-ROMAGNA,1,30,0.03333333333333333,9
1,20080413,2008,greenacre_weighted_power_0175,5,4,TOSCANA,10,16,0.625,10
0.8,20080413,2008,greenacre_weighted_power_0175,5,4,MARCHE,4,16,0.25,5
1,20080413,2008,greenacre_weighted_power_0175,5,4,UMBRIA,2,16,0.125,2
0.8888888888888888,20080413,2008,greenacre_weighted_power_0175,5,5,EMILIA-ROMAGNA,8,14,0.5714285714285714,9
0.75,20080413,2008,greenacre_weighted_power_0175,5,5,LIGURIA,3,14,0.21428571428571427,4
0.25,20080413,2008,greenacre_weighted_power_0175,5,5,PIEMONTE,2,14,0.14285714285714285,8
0.25,20080413,2008,greenacre_weighted_power_0175,5,5,FRIULI-VENEZIA GIULIA,1,14,0.07142857142857142,4
0.5,20080413,2008,greenacre_weighted_power_0175,6,1,LOMBARDIA,6,13,0.46153846153846156,12
0.7142857142857143,20080413,2008,greenacre_weighted_power_0175,6,1,VENETO,5,13,0.38461538461538464,7
1,20080413,2008,greenacre_weighted_power_0175,6,1,TRENTINO-ALTO ADIGE/SÜDTIROL,2,13,0.15384615384615385,2
1,20080413,2008,greenacre_weighted_power_0175,6,2,LAZIO,5,18,0.2777777777777778,5
0.6666666666666666,20080413,2008,greenacre_weighted_power_0175,6,2,PUGLIA,4,18,0.2222222222222222,6
0.75,20080413,2008,greenacre_weighted_power_0175,6,2,ABRUZZO,3,18,0.16666666666666666,4
1,20080413,2008,greenacre_weighted_power_0175,6,2,BASILICATA,2,18,0.1111111111111111,2
0.4,20080413,2008,greenacre_weighted_power_0175,6,2,CAMPANIA,2,18,0.1111111111111111,5
0.2,20080413,2008,greenacre_weighted_power_0175,6,2,CALABRIA,1,18,0.05555555555555555,5
0.2,20080413,2008,greenacre_weighted_power_0175,6,2,MARCHE,1,18,0.05555555555555555,5
1,20080413,2008,greenacre_weighted_power_0175,6,3,SICILIA,9,28,0.32142857142857145,9
1,20080413,2008,greenacre_weighted_power_0175,6,3,SARDEGNA,5,28,0.17857142857142858,5
0.8,20080413,2008,greenacre_weighted_power_0175,6,3,CALABRIA,4,28,0.14285714285714285,5
0.6,20080413,2008,greenacre_weighted_power_0175,6,3,CAMPANIA,3,28,0.10714285714285714,5
1,20080413,2008,greenacre_weighted_power_0175,6,3,MOLISE,2,28,0.07142857142857142,2
0.3333333333333333,20080413,2008,greenacre_weighted_power_0175,6,3,PUGLIA,2,28,0.07142857142857142,6
0.25,20080413,2008,greenacre_weighted_power_0175,6,3,ABRUZZO,1,28,0.03571428571428571,4
0.25,20080413,2008,greenacre_weighted_power_0175,6,3,FRIULI-VENEZIA GIULIA,1,28,0.03571428571428571,4
0.25,20080413,2008,greenacre_weighted_power_0175,6,3,LIGURIA,1,28,0.03571428571428571,4
0.8888888888888888,20080413,2008,greenacre_weighted_power_0175,6,4,EMILIA-ROMAGNA,8,13,0.6153846153846154,9
0.75,20080413,2008,greenacre_weighted_power_0175,6,4,LIGURIA,3,13,0.23076923076923078,4
0.25,20080413,2008,greenacre_weighted_power_0175,6,4,FRIULI-VENEZIA GIULIA,1,13,0.07692307692307693,4
0.125,20080413,2008,greenacre_weighted_power_0175,6,4,PIEMONTE,1,13,0.07692307692307693,8
0.875,20080413,2008,greenacre_weighted_power_0175,6,5,PIEMONTE,7,18,0.3888888888888889,8
0.5,20080413,2008,greenacre_weighted_power_0175,6,5,LOMBARDIA,6,18,0.3333333333333333,12
0.5,20080413,2008,greenacre_weighted_power_0175,6,5,FRIULI-VENEZIA GIULIA,2,18,0.1111111111111111,4
0.2857142857142857,20080413,2008,greenacre_weighted_power_0175,6,5,VENETO,2,18,0.1111111111111111,7
0.1111111111111111,20080413,2008,greenacre_weighted_power_0175,6,5,EMILIA-ROMAGNA,1,18,0.05555555555555555,9
1,20080413,2008,greenacre_weighted_power_0175,6,6,TOSCANA,10,16,0.625,10
0.8,20080413,2008,greenacre_weighted_power_0175,6,6,MARCHE,4,16,0.25,5
1,20080413,2008,greenacre_weighted_power_0175,6,6,UMBRIA,2,16,0.125,2
0.9,20080413,2008,greenacre_weighted_power_0175,7,1,TOSCANA,9,15,0.6,10
0.8,20080413,2008,greenacre_weighted_power_0175,7,1,MARCHE,4,15,0.26666666666666666,5
1,20080413,2008,greenacre_weighted_power_0175,7,1,UMBRIA,2,15,0.13333333333333333,2
0.8888888888888888,20080413,2008,greenacre_weighted_power_0175,7,2,EMILIA-ROMAGNA,8,13,0.6153846153846154,9
0.75,20080413,2008,greenacre_weighted_power_0175,7,2,LIGURIA,3,13,0.23076923076923078,4
0.25,20080413,2008,greenacre_weighted_power_0175,7,2,FRIULI-VENEZIA GIULIA,1,13,0.07692307692307693,4
0.125,20080413,2008,greenacre_weighted_power_0175,7,2,PIEMONTE,1,13,0.07692307692307693,8
0.5,20080413,2008,greenacre_weighted_power_0175,7,3,LOMBARDIA,6,13,0.46153846153846156,12
0.7142857142857143,20080413,2008,greenacre_weighted_power_0175,7,3,VENETO,5,13,0.38461538461538464,7
1,20080413,2008,greenacre_weighted_power_0175,7,3,TRENTINO-ALTO ADIGE/SÜDTIROL,2,13,0.15384615384615385,2
1,20080413,2008,greenacre_weighted_power_0175,7,4,LAZIO,5,14,0.35714285714285715,5
0.75,20080413,2008,greenacre_weighted_power_0175,7,4,ABRUZZO,3,14,0.21428571428571427,4
0.5,20080413,2008,greenacre_weighted_power_0175,7,4,PUGLIA,3,14,0.21428571428571427,6
1,20080413,2008,greenacre_weighted_power_0175,7,4,BASILICATA,2,14,0.14285714285714285,2
0.2,20080413,2008,greenacre_weighted_power_0175,7,4,MARCHE,1,14,0.07142857142857142,5
0.875,20080413,2008,greenacre_weighted_power_0175,7,5,PIEMONTE,7,18,0.3888888888888889,8
0.5,20080413,2008,greenacre_weighted_power_0175,7,5,LOMBARDIA,6,18,0.3333333333333333,12
0.5,20080413,2008,greenacre_weighted_power_0175,7,5,FRIULI-VENEZIA GIULIA,2,18,0.1111111111111111,4
0.2857142857142857,20080413,2008,greenacre_weighted_power_0175,7,5,VENETO,2,18,0.1111111111111111,7
0.1111111111111111,20080413,2008,greenacre_weighted_power_0175,7,5,EMILIA-ROMAGNA,1,18,0.05555555555555555,9
1,20080413,2008,greenacre_weighted_power_0175,7,6,SICILIA,9,13,0.6923076923076923,9
0.2,20080413,2008,greenacre_weighted_power_0175,7,6,CALABRIA,1,13,0.07692307692307693,5
0.25,20080413,2008,greenacre_weighted_power_0175,7,6,LIGURIA,1,13,0.07692307692307693,4
0.5,20080413,2008,greenacre_weighted_power_0175,7,6,MOLISE,1,13,0.07692307692307693,2
0.16666666666666666,20080413,2008,greenacre_weighted_power_0175,7,6,PUGLIA,1,13,0.07692307692307693,6
1,20080413,2008,greenacre_weighted_power_0175,7,7,CAMPANIA,5,20,0.25,5
1,20080413,2008,greenacre_weighted_power_0175,7,7,SARDEGNA,5,20,0.25,5
0.8,20080413,2008,greenacre_weighted_power_0175,7,7,CALABRIA,4,20,0.2,5
0.3333333333333333,20080413,2008,greenacre_weighted_power_0175,7,7,PUGLIA,2,20,0.1,6
0.25,20080413,2008,greenacre_weighted_power_0175,7,7,ABRUZZO,1,20,0.05,4
0.25,20080413,2008,greenacre_weighted_power_0175,7,7,FRIULI-VENEZIA GIULIA,1,20,0.05,4
0.5,20080413,2008,greenacre_weighted_power_0175,7,7,MOLISE,1,20,0.05,2
0.1,20080413,2008,greenacre_weighted_power_0175,7,7,TOSCANA,1,20,0.05,10
1,20080413,2008,greenacre_weighted_power_0175,8,1,CAMPANIA,5,18,0.2777777777777778,5
1,20080413,2008,greenacre_weighted_power_0175,8,1,SARDEGNA,5,18,0.2777777777777778,5
0.8,20080413,2008,greenacre_weighted_power_0175,8,1,CALABRIA,4,18,0.2222222222222222,5
0.5,20080413,2008,greenacre_weighted_power_0175,8,1,PUGLIA,3,18,0.16666666666666666,6
0.5,20080413,2008,greenacre_weighted_power_0175,8,1,MOLISE,1,18,0.05555555555555555,2
0.75,20080413,2008,greenacre_weighted_power_0175,8,2,LIGURIA,3,11,0.2727272727272727,4
0.5,20080413,2008,greenacre_weighted_power_0175,8,2,FRIULI-VENEZIA GIULIA,2,11,0.18181818181818182,4
0.25,20080413,2008,greenacre_weighted_power_0175,8,2,PIEMONTE,2,11,0.18181818181818182,8
0.2,20080413,2008,greenacre_weighted_power_0175,8,2,TOSCANA,2,11,0.18181818181818182,10
0.25,20080413,2008,greenacre_weighted_power_0175,8,2,ABRUZZO,1,11,0.09090909090909091,4
0.2,20080413,2008,greenacre_weighted_power_0175,8,2,MARCHE,1,11,0.09090909090909091,5
0.8,20080413,2008,greenacre_weighted_power_0175,8,3,TOSCANA,8,13,0.6153846153846154,10
0.6,20080413,2008,greenacre_weighted_power_0175,8,3,MARCHE,3,13,0.23076923076923078,5
1,20080413,2008,greenacre_weighted_power_0175,8,3,UMBRIA,2,13,0.15384615384615385,2
0.5,20080413,2008,greenacre_weighted_power_0175,8,4,LOMBARDIA,6,13,0.46153846153846156,12
0.7142857142857143,20080413,2008,greenacre_weighted_power_0175,8,4,VENETO,5,13,0.38461538461538464,7
1,20080413,2008,greenacre_weighted_power_0175,8,4,TRENTINO-ALTO ADIGE/SÜDTIROL,2,13,0.15384615384615385,2
1,20080413,2008,greenacre_weighted_power_0175,8,5,SICILIA,9,13,0.6923076923076923,9
0.2,20080413,2008,greenacre_weighted_power_0175,8,5,CALABRIA,1,13,0.07692307692307693,5
0.25,20080413,2008,greenacre_weighted_power_0175,8,5,LIGURIA,1,13,0.07692307692307693,4
0.5,20080413,2008,greenacre_weighted_power_0175,8,5,MOLISE,1,13,0.07692307692307693,2
0.16666666666666666,20080413,2008,greenacre_weighted_power_0175,8,5,PUGLIA,1,13,0.07692307692307693,6
0.8888888888888888,20080413,2008,greenacre_weighted_power_0175,8,6,EMILIA-ROMAGNA,8,8,1,9
0.5,20080413,2008,greenacre_weighted_power_0175,8,7,LOMBARDIA,6,17,0.35294117647058826,12
0.75,20080413,2008,greenacre_weighted_power_0175,8,7,PIEMONTE,6,17,0.35294117647058826,8
0.5,20080413,2008,greenacre_weighted_power_0175,8,7,FRIULI-VENEZIA GIULIA,2,17,0.11764705882352941,4
0.2857142857142857,20080413,2008,greenacre_weighted_power_0175,8,7,VENETO,2,17,0.11764705882352941,7
0.1111111111111111,20080413,2008,greenacre_weighted_power_0175,8,7,EMILIA-ROMAGNA,1,17,0.058823529411764705,9
1,20080413,2008,greenacre_weighted_power_0175,8,8,LAZIO,5,13,0.38461538461538464,5
0.75,20080413,2008,greenacre_weighted_power_0175,8,8,ABRUZZO,3,13,0.23076923076923078,4
1,20080413,2008,greenacre_weighted_power_0175,8,8,BASILICATA,2,13,0.15384615384615385,2
0.3333333333333333,20080413,2008,greenacre_weighted_power_0175,8,8,PUGLIA,2,13,0.15384615384615385,6
0.2,20080413,2008,greenacre_weighted_power_0175,8,8,MARCHE,1,13,0.07692307692307693,5
1,20130224,2013,greenacre_weighted_power_0175,2,1,LOMBARDIA,12,35,0.34285714285714286,12
1,20130224,2013,greenacre_weighted_power_0175,2,1,PIEMONTE,8,35,0.22857142857142856,8
1,20130224,2013,greenacre_weighted_power_0175,2,1,VENETO,7,35,0.2,7
0.75,20130224,2013,greenacre_weighted_power_0175,2,1,FRIULI-VENEZIA GIULIA,3,35,0.08571428571428572,4
0.2222222222222222,20130224,2013,greenacre_weighted_power_0175,2,1,EMILIA-ROMAGNA,2,35,0.05714285714285714,9
1,20130224,2013,greenacre_weighted_power_0175,2,1,TRENTINO-ALTO ADIGE/SÜDTIROL,2,35,0.05714285714285714,2
0.25,20130224,2013,greenacre_weighted_power_0175,2,1,LIGURIA,1,35,0.02857142857142857,4
1,20130224,2013,greenacre_weighted_power_0175,2,2,TOSCANA,10,71,0.14084507042253522,10
1,20130224,2013,greenacre_weighted_power_0175,2,2,SICILIA,9,71,0.1267605633802817,9
0.7777777777777778,20130224,2013,greenacre_weighted_power_0175,2,2,EMILIA-ROMAGNA,7,71,0.09859154929577464,9
1,20130224,2013,greenacre_weighted_power_0175,2,2,PUGLIA,6,71,0.08450704225352113,6
1,20130224,2013,greenacre_weighted_power_0175,2,2,CALABRIA,5,71,0.07042253521126761,5
1,20130224,2013,greenacre_weighted_power_0175,2,2,CAMPANIA,5,71,0.07042253521126761,5
1,20130224,2013,greenacre_weighted_power_0175,2,2,LAZIO,5,71,0.07042253521126761,5
1,20130224,2013,greenacre_weighted_power_0175,2,2,MARCHE,5,71,0.07042253521126761,5
1,20130224,2013,greenacre_weighted_power_0175,2,2,SARDEGNA,5,71,0.07042253521126761,5
1,20130224,2013,greenacre_weighted_power_0175,2,2,ABRUZZO,4,71,0.056338028169014086,4
0.75,20130224,2013,greenacre_weighted_power_0175,2,2,LIGURIA,3,71,0.04225352112676056,4
1,20130224,2013,greenacre_weighted_power_0175,2,2,BASILICATA,2,71,0.028169014084507043,2
1,20130224,2013,greenacre_weighted_power_0175,2,2,MOLISE,2,71,0.028169014084507043,2
1,20130224,2013,greenacre_weighted_power_0175,2,2,UMBRIA,2,71,0.028169014084507043,2
0.25,20130224,2013,greenacre_weighted_power_0175,2,2,FRIULI-VENEZIA GIULIA,1,71,0.014084507042253521,4
1,20130224,2013,greenacre_weighted_power_0175,3,1,SICILIA,9,36,0.25,9
1,20130224,2013,greenacre_weighted_power_0175,3,1,PUGLIA,6,36,0.16666666666666666,6
1,20130224,2013,greenacre_weighted_power_0175,3,1,CALABRIA,5,36,0.1388888888888889,5
1,20130224,2013,greenacre_weighted_power_0175,3,1,CAMPANIA,5,36,0.1388888888888889,5
1,20130224,2013,greenacre_weighted_power_0175,3,1,SARDEGNA,5,36,0.1388888888888889,5
1,20130224,2013,greenacre_weighted_power_0175,3,1,BASILICATA,2,36,0.05555555555555555,2
0.4,20130224,2013,greenacre_weighted_power_0175,3,1,LAZIO,2,36,0.05555555555555555,5
0.25,20130224,2013,greenacre_weighted_power_0175,3,1,ABRUZZO,1,36,0.027777777777777776,4
0.25,20130224,2013,greenacre_weighted_power_0175,3,1,LIGURIA,1,36,0.027777777777777776,4
1,20130224,2013,greenacre_weighted_power_0175,3,2,TOSCANA,10,38,0.2631578947368421,10
0.8888888888888888,20130224,2013,greenacre_weighted_power_0175,3,2,EMILIA-ROMAGNA,8,38,0.21052631578947367,9
1,20130224,2013,greenacre_weighted_power_0175,3,2,MARCHE,5,38,0.13157894736842105,5
0.75,20130224,2013,greenacre_weighted_power_0175,3,2,ABRUZZO,3,38,0.07894736842105263,4
0.6,20130224,2013,greenacre_weighted_power_0175,3,2,LAZIO,3,38,0.07894736842105263,5
0.75,20130224,2013,greenacre_weighted_power_0175,3,2,LIGURIA,3,38,0.07894736842105263,4
1,20130224,2013,greenacre_weighted_power_0175,3,2,MOLISE,2,38,0.05263157894736842,2
1,20130224,2013,greenacre_weighted_power_0175,3,2,UMBRIA,2,38,0.05263157894736842,2
0.25,20130224,2013,greenacre_weighted_power_0175,3,2,FRIULI-VENEZIA GIULIA,1,38,0.02631578947368421,4
0.125,20130224,2013,greenacre_weighted_power_0175,3,2,PIEMONTE,1,38,0.02631578947368421,8
1,20130224,2013,greenacre_weighted_power_0175,3,3,LOMBARDIA,12,32,0.375,12
0.875,20130224,2013,greenacre_weighted_power_0175,3,3,PIEMONTE,7,32,0.21875,8
1,20130224,2013,greenacre_weighted_power_0175,3,3,VENETO,7,32,0.21875,7
0.75,20130224,2013,greenacre_weighted_power_0175,3,3,FRIULI-VENEZIA GIULIA,3,32,0.09375,4
1,20130224,2013,greenacre_weighted_power_0175,3,3,TRENTINO-ALTO ADIGE/SÜDTIROL,2,32,0.0625,2
0.1111111111111111,20130224,2013,greenacre_weighted_power_0175,3,3,EMILIA-ROMAGNA,1,32,0.03125,9
1,20130224,2013,greenacre_weighted_power_0175,4,1,SICILIA,9,27,0.3333333333333333,9
1,20130224,2013,greenacre_weighted_power_0175,4,1,CALABRIA,5,27,0.18518518518518517,5
1,20130224,2013,greenacre_weighted_power_0175,4,1,SARDEGNA,5,27,0.18518518518518517,5
0.8,20130224,2013,greenacre_weighted_power_0175,4,1,CAMPANIA,4,27,0.14814814814814814,5
0.3333333333333333,20130224,2013,greenacre_weighted_power_0175,4,1,PUGLIA,2,27,0.07407407407407407,6
0.5,20130224,2013,greenacre_weighted_power_0175,4,1,BASILICATA,1,27,0.037037037037037035,2
0.25,20130224,2013,greenacre_weighted_power_0175,4,1,LIGURIA,1,27,0.037037037037037035,4
1,20130224,2013,greenacre_weighted_power_0175,4,2,LOMBARDIA,12,31,0.3870967741935484,12
0.875,20130224,2013,greenacre_weighted_power_0175,4,2,PIEMONTE,7,31,0.22580645161290322,8
1,20130224,2013,greenacre_weighted_power_0175,4,2,VENETO,7,31,0.22580645161290322,7
0.5,20130224,2013,greenacre_weighted_power_0175,4,2,FRIULI-VENEZIA GIULIA,2,31,0.06451612903225806,4
1,20130224,2013,greenacre_weighted_power_0175,4,2,TRENTINO-ALTO ADIGE/SÜDTIROL,2,31,0.06451612903225806,2
0.1111111111111111,20130224,2013,greenacre_weighted_power_0175,4,2,EMILIA-ROMAGNA,1,31,0.03225806451612903,9
1,20130224,2013,greenacre_weighted_power_0175,4,3,LAZIO,5,24,0.20833333333333334,5
1,20130224,2013,greenacre_weighted_power_0175,4,3,ABRUZZO,4,24,0.16666666666666666,4
0.6666666666666666,20130224,2013,greenacre_weighted_power_0175,4,3,PUGLIA,4,24,0.16666666666666666,6
0.6,20130224,2013,greenacre_weighted_power_0175,4,3,MARCHE,3,24,0.125,5
0.3,20130224,2013,greenacre_weighted_power_0175,4,3,TOSCANA,3,24,0.125,10
1,20130224,2013,greenacre_weighted_power_0175,4,3,MOLISE,2,24,0.08333333333333333,2
0.5,20130224,2013,greenacre_weighted_power_0175,4,3,BASILICATA,1,24,0.041666666666666664,2
0.2,20130224,2013,greenacre_weighted_power_0175,4,3,CAMPANIA,1,24,0.041666666666666664,5
0.5,20130224,2013,greenacre_weighted_power_0175,4,3,UMBRIA,1,24,0.041666666666666664,2
0.8888888888888888,20130224,2013,greenacre_weighted_power_0175,4,4,EMILIA-ROMAGNA,8,24,0.3333333333333333,9
0.7,20130224,2013,greenacre_weighted_power_0175,4,4,TOSCANA,7,24,0.2916666666666667,10
0.75,20130224,2013,greenacre_weighted_power_0175,4,4,LIGURIA,3,24,0.125,4
0.5,20130224,2013,greenacre_weighted_power_0175,4,4,FRIULI-VENEZIA GIULIA,2,24,0.08333333333333333,4
0.4,20130224,2013,greenacre_weighted_power_0175,4,4,MARCHE,2,24,0.08333333333333333,5
0.125,20130224,2013,greenacre_weighted_power_0175,4,4,PIEMONTE,1,24,0.041666666666666664,8
0.5,20130224,2013,greenacre_weighted_power_0175,4,4,UMBRIA,1,24,0.041666666666666664,2
1,20130224,2013,greenacre_weighted_power_0175,5,1,LAZIO,5,24,0.20833333333333334,5
1,20130224,2013,greenacre_weighted_power_0175,5,1,ABRUZZO,4,24,0.16666666666666666,4
0.6666666666666666,20130224,2013,greenacre_weighted_power_0175,5,1,PUGLIA,4,24,0.16666666666666666,6
0.6,20130224,2013,greenacre_weighted_power_0175,5,1,MARCHE,3,24,0.125,5
0.3,20130224,2013,greenacre_weighted_power_0175,5,1,TOSCANA,3,24,0.125,10
1,20130224,2013,greenacre_weighted_power_0175,5,1,MOLISE,2,24,0.08333333333333333,2
0.5,20130224,2013,greenacre_weighted_power_0175,5,1,BASILICATA,1,24,0.041666666666666664,2
0.2,20130224,2013,greenacre_weighted_power_0175,5,1,CAMPANIA,1,24,0.041666666666666664,5
0.5,20130224,2013,greenacre_weighted_power_0175,5,1,UMBRIA,1,24,0.041666666666666664,2
1,20130224,2013,greenacre_weighted_power_0175,5,2,TRENTINO-ALTO ADIGE/SÜDTIROL,2,2,1,2
0.8888888888888888,20130224,2013,greenacre_weighted_power_0175,5,3,EMILIA-ROMAGNA,8,24,0.3333333333333333,9
0.7,20130224,2013,greenacre_weighted_power_0175,5,3,TOSCANA,7,24,0.2916666666666667,10
0.75,20130224,2013,greenacre_weighted_power_0175,5,3,LIGURIA,3,24,0.125,4
0.5,20130224,2013,greenacre_weighted_power_0175,5,3,FRIULI-VENEZIA GIULIA,2,24,0.08333333333333333,4
0.4,20130224,2013,greenacre_weighted_power_0175,5,3,MARCHE,2,24,0.08333333333333333,5
0.125,20130224,2013,greenacre_weighted_power_0175,5,3,PIEMONTE,1,24,0.041666666666666664,8
0.5,20130224,2013,greenacre_weighted_power_0175,5,3,UMBRIA,1,24,0.041666666666666664,2
1,20130224,2013,greenacre_weighted_power_0175,5,4,LOMBARDIA,12,29,0.41379310344827586,12
0.875,20130224,2013,greenacre_weighted_power_0175,5,4,PIEMONTE,7,29,0.2413793103448276,8
1,20130224,2013,greenacre_weighted_power_0175,5,4,VENETO,7,29,0.2413793103448276,7
0.5,20130224,2013,greenacre_weighted_power_0175,5,4,FRIULI-VENEZIA GIULIA,2,29,0.06896551724137931,4
0.1111111111111111,20130224,2013,greenacre_weighted_power_0175,5,4,EMILIA-ROMAGNA,1,29,0.034482758620689655,9
1,20130224,2013,greenacre_weighted_power_0175,5,5,SICILIA,9,27,0.3333333333333333,9
1,20130224,2013,greenacre_weighted_power_0175,5,5,CALABRIA,5,27,0.18518518518518517,5
1,20130224,2013,greenacre_weighted_power_0175,5,5,SARDEGNA,5,27,0.18518518518518517,5
0.8,20130224,2013,greenacre_weighted_power_0175,5,5,CAMPANIA,4,27,0.14814814814814814,5
0.3333333333333333,20130224,2013,greenacre_weighted_power_0175,5,5,PUGLIA,2,27,0.07407407407407407,6
0.5,20130224,2013,greenacre_weighted_power_0175,5,5,BASILICATA,1,27,0.037037037037037035,2
0.25,20130224,2013,greenacre_weighted_power_0175,5,5,LIGURIA,1,27,0.037037037037037035,4
1,20130224,2013,greenacre_weighted_power_0175,6,1,TRENTINO-ALTO ADIGE/SÜDTIROL,2,2,1,2
1,20130224,2013,greenacre_weighted_power_0175,6,2,PIEMONTE,8,18,0.4444444444444444,8
0.75,20130224,2013,greenacre_weighted_power_0175,6,2,FRIULI-VENEZIA GIULIA,3,18,0.16666666666666666,4
0.75,20130224,2013,greenacre_weighted_power_0175,6,2,LIGURIA,3,18,0.16666666666666666,4
0.2222222222222222,20130224,2013,greenacre_weighted_power_0175,6,2,EMILIA-ROMAGNA,2,18,0.1111111111111111,9
0.2857142857142857,20130224,2013,greenacre_weighted_power_0175,6,2,VENETO,2,18,0.1111111111111111,7
0.7777777777777778,20130224,2013,greenacre_weighted_power_0175,6,3,EMILIA-ROMAGNA,7,18,0.3888888888888889,9
0.7,20130224,2013,greenacre_weighted_power_0175,6,3,TOSCANA,7,18,0.3888888888888889,10
0.4,20130224,2013,greenacre_weighted_power_0175,6,3,MARCHE,2,18,0.1111111111111111,5
0.25,20130224,2013,greenacre_weighted_power_0175,6,3,LIGURIA,1,18,0.05555555555555555,4
0.5,20130224,2013,greenacre_weighted_power_0175,6,3,UMBRIA,1,18,0.05555555555555555,2
1,20130224,2013,greenacre_weighted_power_0175,6,4,LOMBARDIA,12,18,0.6666666666666666,12
0.7142857142857143,20130224,2013,greenacre_weighted_power_0175,6,4,VENETO,5,18,0.2777777777777778,7
0.25,20130224,2013,greenacre_weighted_power_0175,6,4,FRIULI-VENEZIA GIULIA,1,18,0.05555555555555555,4
1,20130224,2013,greenacre_weighted_power_0175,6,5,SICILIA,9,26,0.34615384615384615,9
1,20130224,2013,greenacre_weighted_power_0175,6,5,CALABRIA,5,26,0.19230769230769232,5
1,20130224,2013,greenacre_weighted_power_0175,6,5,SARDEGNA,5,26,0.19230769230769232,5
0.8,20130224,2013,greenacre_weighted_power_0175,6,5,CAMPANIA,4,26,0.15384615384615385,5
0.3333333333333333,20130224,2013,greenacre_weighted_power_0175,6,5,PUGLIA,2,26,0.07692307692307693,6
0.5,20130224,2013,greenacre_weighted_power_0175,6,5,BASILICATA,1,26,0.038461538461538464,2
1,20130224,2013,greenacre_weighted_power_0175,6,6,LAZIO,5,24,0.20833333333333334,5
1,20130224,2013,greenacre_weighted_power_0175,6,6,ABRUZZO,4,24,0.16666666666666666,4
0.6666666666666666,20130224,2013,greenacre_weighted_power_0175,6,6,PUGLIA,4,24,0.16666666666666666,6
0.6,20130224,2013,greenacre_weighted_power_0175,6,6,MARCHE,3,24,0.125,5
0.3,20130224,2013,greenacre_weighted_power_0175,6,6,TOSCANA,3,24,0.125,10
1,20130224,2013,greenacre_weighted_power_0175,6,6,MOLISE,2,24,0.08333333333333333,2
0.5,20130224,2013,greenacre_weighted_power_0175,6,6,BASILICATA,1,24,0.041666666666666664,2
0.2,20130224,2013,greenacre_weighted_power_0175,6,6,CAMPANIA,1,24,0.041666666666666664,5
0.5,20130224,2013,greenacre_weighted_power_0175,6,6,UMBRIA,1,24,0.041666666666666664,2
1,20130224,2013,greenacre_weighted_power_0175,7,1,LAZIO,5,14,0.35714285714285715,5
1,20130224,2013,greenacre_weighted_power_0175,7,1,ABRUZZO,4,14,0.2857142857142857,4
0.6,20130224,2013,greenacre_weighted_power_0175,7,1,MARCHE,3,14,0.21428571428571427,5
1,20130224,2013,greenacre_weighted_power_0175,7,1,MOLISE,2,14,0.14285714285714285,2
1,20130224,2013,greenacre_weighted_power_0175,7,2,LOMBARDIA,12,17,0.7058823529411765,12
0.7142857142857143,20130224,2013,greenacre_weighted_power_0175,7,2,VENETO,5,17,0.29411764705882354,7
1,20130224,2013,greenacre_weighted_power_0175,7,3,TOSCANA,10,15,0.6666666666666666,10
0.4,20130224,2013,greenacre_weighted_power_0175,7,3,MARCHE,2,15,0.13333333333333333,5
1,20130224,2013,greenacre_weighted_power_0175,7,3,UMBRIA,2,15,0.13333333333333333,2
0.25,20130224,2013,greenacre_weighted_power_0175,7,3,LIGURIA,1,15,0.06666666666666667,4
1,20130224,2013,greenacre_weighted_power_0175,7,4,SICILIA,9,21,0.42857142857142855,9
1,20130224,2013,greenacre_weighted_power_0175,7,4,CALABRIA,5,21,0.23809523809523808,5
1,20130224,2013,greenacre_weighted_power_0175,7,4,SARDEGNA,5,21,0.23809523809523808,5
0.4,20130224,2013,greenacre_weighted_power_0175,7,4,CAMPANIA,2,21,0.09523809523809523,5
1,20130224,2013,greenacre_weighted_power_0175,7,5,PIEMONTE,8,18,0.4444444444444444,8
1,20130224,2013,greenacre_weighted_power_0175,7,5,FRIULI-VENEZIA GIULIA,4,18,0.2222222222222222,4
0.75,20130224,2013,greenacre_weighted_power_0175,7,5,LIGURIA,3,18,0.16666666666666666,4
0.2857142857142857,20130224,2013,greenacre_weighted_power_0175,7,5,VENETO,2,18,0.1111111111111111,7
0.1111111111111111,20130224,2013,greenacre_weighted_power_0175,7,5,EMILIA-ROMAGNA,1,18,0.05555555555555555,9
0.8888888888888888,20130224,2013,greenacre_weighted_power_0175,7,6,EMILIA-ROMAGNA,8,10,0.8,9
1,20130224,2013,greenacre_weighted_power_0175,7,6,TRENTINO-ALTO ADIGE/SÜDTIROL,2,10,0.2,2
1,20130224,2013,greenacre_weighted_power_0175,7,7,PUGLIA,6,11,0.5454545454545454,6
0.6,20130224,2013,greenacre_weighted_power_0175,7,7,CAMPANIA,3,11,0.2727272727272727,5
1,20130224,2013,greenacre_weighted_power_0175,7,7,BASILICATA,2,11,0.18181818181818182,2
1,20130224,2013,greenacre_weighted_power_0175,8,1,PIEMONTE,8,18,0.4444444444444444,8
1,20130224,2013,greenacre_weighted_power_0175,8,1,FRIULI-VENEZIA GIULIA,4,18,0.2222222222222222,4
0.75,20130224,2013,greenacre_weighted_power_0175,8,1,LIGURIA,3,18,0.16666666666666666,4
0.2857142857142857,20130224,2013,greenacre_weighted_power_0175,8,1,VENETO,2,18,0.1111111111111111,7
0.1111111111111111,20130224,2013,greenacre_weighted_power_0175,8,1,EMILIA-ROMAGNA,1,18,0.05555555555555555,9
1,20130224,2013,greenacre_weighted_power_0175,8,2,PUGLIA,6,10,0.6,6
1,20130224,2013,greenacre_weighted_power_0175,8,2,BASILICATA,2,10,0.2,2
0.4,20130224,2013,greenacre_weighted_power_0175,8,2,CAMPANIA,2,10,0.2,5
1,20130224,2013,greenacre_weighted_power_0175,8,3,TOSCANA,10,15,0.6666666666666666,10
0.4,20130224,2013,greenacre_weighted_power_0175,8,3,MARCHE,2,15,0.13333333333333333,5
1,20130224,2013,greenacre_weighted_power_0175,8,3,UMBRIA,2,15,0.13333333333333333,2
0.25,20130224,2013,greenacre_weighted_power_0175,8,3,LIGURIA,1,15,0.06666666666666667,4
1,20130224,2013,greenacre_weighted_power_0175,8,4,LAZIO,5,14,0.35714285714285715,5
1,20130224,2013,greenacre_weighted_power_0175,8,4,ABRUZZO,4,14,0.2857142857142857,4
0.6,20130224,2013,greenacre_weighted_power_0175,8,4,MARCHE,3,14,0.21428571428571427,5
1,20130224,2013,greenacre_weighted_power_0175,8,4,MOLISE,2,14,0.14285714285714285,2
1,20130224,2013,greenacre_weighted_power_0175,8,5,LOMBARDIA,12,17,0.7058823529411765,12
0.7142857142857143,20130224,2013,greenacre_weighted_power_0175,8,5,VENETO,5,17,0.29411764705882354,7
0.8888888888888888,20130224,2013,greenacre_weighted_power_0175,8,6,SICILIA,8,12,0.6666666666666666,9
0.8,20130224,2013,greenacre_weighted_power_0175,8,6,SARDEGNA,4,12,0.3333333333333333,5
0.8888888888888888,20130224,2013,greenacre_weighted_power_0175,8,7,EMILIA-ROMAGNA,8,10,0.8,9
1,20130224,2013,greenacre_weighted_power_0175,8,7,TRENTINO-ALTO ADIGE/SÜDTIROL,2,10,0.2,2
1,20130224,2013,greenacre_weighted_power_0175,8,8,CALABRIA,5,10,0.5,5
0.6,20130224,2013,greenacre_weighted_power_0175,8,8,CAMPANIA,3,10,0.3,5
0.2,20130224,2013,greenacre_weighted_power_0175,8,8,SARDEGNA,1,10,0.1,5
0.1111111111111111,20130224,2013,greenacre_weighted_power_0175,8,8,SICILIA,1,10,0.1,9
1,20180304,2018,greenacre_weighted_power_0175,2,1,SICILIA,9,30,0.3,9
1,20180304,2018,greenacre_weighted_power_0175,2,1,PUGLIA,6,30,0.2,6
1,20180304,2018,greenacre_weighted_power_0175,2,1,CALABRIA,5,30,0.16666666666666666,5
1,20180304,2018,greenacre_weighted_power_0175,2,1,CAMPANIA,5,30,0.16666666666666666,5
1,20180304,2018,greenacre_weighted_power_0175,2,1,BASILICATA,2,30,0.06666666666666667,2
1,20180304,2018,greenacre_weighted_power_0175,2,1,MOLISE,2,30,0.06666666666666667,2
0.25,20180304,2018,greenacre_weighted_power_0175,2,1,ABRUZZO,1,30,0.03333333333333333,4
1,20180304,2018,greenacre_weighted_power_0175,2,2,LOMBARDIA,12,76,0.15789473684210525,12
1,20180304,2018,greenacre_weighted_power_0175,2,2,TOSCANA,10,76,0.13157894736842105,10
1,20180304,2018,greenacre_weighted_power_0175,2,2,EMILIA-ROMAGNA,9,76,0.11842105263157894,9
1,20180304,2018,greenacre_weighted_power_0175,2,2,PIEMONTE,8,76,0.10526315789473684,8
1,20180304,2018,greenacre_weighted_power_0175,2,2,VENETO,7,76,0.09210526315789473,7
1,20180304,2018,greenacre_weighted_power_0175,2,2,LAZIO,5,76,0.06578947368421052,5
1,20180304,2018,greenacre_weighted_power_0175,2,2,MARCHE,5,76,0.06578947368421052,5
1,20180304,2018,greenacre_weighted_power_0175,2,2,SARDEGNA,5,76,0.06578947368421052,5
1,20180304,2018,greenacre_weighted_power_0175,2,2,FRIULI-VENEZIA GIULIA,4,76,0.05263157894736842,4
1,20180304,2018,greenacre_weighted_power_0175,2,2,LIGURIA,4,76,0.05263157894736842,4
0.75,20180304,2018,greenacre_weighted_power_0175,2,2,ABRUZZO,3,76,0.039473684210526314,4
1,20180304,2018,greenacre_weighted_power_0175,2,2,TRENTINO-ALTO ADIGE/SÜDTIROL,2,76,0.02631578947368421,2
1,20180304,2018,greenacre_weighted_power_0175,2,2,UMBRIA,2,76,0.02631578947368421,2
1,20180304,2018,greenacre_weighted_power_0175,3,1,SICILIA,9,30,0.3,9
1,20180304,2018,greenacre_weighted_power_0175,3,1,PUGLIA,6,30,0.2,6
1,20180304,2018,greenacre_weighted_power_0175,3,1,CALABRIA,5,30,0.16666666666666666,5
1,20180304,2018,greenacre_weighted_power_0175,3,1,CAMPANIA,5,30,0.16666666666666666,5
1,20180304,2018,greenacre_weighted_power_0175,3,1,BASILICATA,2,30,0.06666666666666667,2
1,20180304,2018,greenacre_weighted_power_0175,3,1,MOLISE,2,30,0.06666666666666667,2
0.25,20180304,2018,greenacre_weighted_power_0175,3,1,ABRUZZO,1,30,0.03333333333333333,4
1,20180304,2018,greenacre_weighted_power_0175,3,2,VENETO,7,24,0.2916666666666667,7
0.5,20180304,2018,greenacre_weighted_power_0175,3,2,LOMBARDIA,6,24,0.25,12
1,20180304,2018,greenacre_weighted_power_0175,3,2,SARDEGNA,5,24,0.20833333333333334,5
1,20180304,2018,greenacre_weighted_power_0175,3,2,FRIULI-VENEZIA GIULIA,4,24,0.16666666666666666,4
1,20180304,2018,greenacre_weighted_power_0175,3,2,TRENTINO-ALTO ADIGE/SÜDTIROL,2,24,0.08333333333333333,2
1,20180304,2018,greenacre_weighted_power_0175,3,3,TOSCANA,10,52,0.19230769230769232,10
1,20180304,2018,greenacre_weighted_power_0175,3,3,EMILIA-ROMAGNA,9,52,0.17307692307692307,9
1,20180304,2018,greenacre_weighted_power_0175,3,3,PIEMONTE,8,52,0.15384615384615385,8
0.5,20180304,2018,greenacre_weighted_power_0175,3,3,LOMBARDIA,6,52,0.11538461538461539,12
1,20180304,2018,greenacre_weighted_power_0175,3,3,LAZIO,5,52,0.09615384615384616,5
1,20180304,2018,greenacre_weighted_power_0175,3,3,MARCHE,5,52,0.09615384615384616,5
1,20180304,2018,greenacre_weighted_power_0175,3,3,LIGURIA,4,52,0.07692307692307693,4
0.75,20180304,2018,greenacre_weighted_power_0175,3,3,ABRUZZO,3,52,0.057692307692307696,4
1,20180304,2018,greenacre_weighted_power_0175,3,3,UMBRIA,2,52,0.038461538461538464,2
1,20180304,2018,greenacre_weighted_power_0175,4,1,TOSCANA,10,52,0.19230769230769232,10
1,20180304,2018,greenacre_weighted_power_0175,4,1,EMILIA-ROMAGNA,9,52,0.17307692307692307,9
1,20180304,2018,greenacre_weighted_power_0175,4,1,PIEMONTE,8,52,0.15384615384615385,8
0.5,20180304,2018,greenacre_weighted_power_0175,4,1,LOMBARDIA,6,52,0.11538461538461539,12
1,20180304,2018,greenacre_weighted_power_0175,4,1,LAZIO,5,52,0.09615384615384616,5
1,20180304,2018,greenacre_weighted_power_0175,4,1,MARCHE,5,52,0.09615384615384616,5
1,20180304,2018,greenacre_weighted_power_0175,4,1,LIGURIA,4,52,0.07692307692307693,4
0.75,20180304,2018,greenacre_weighted_power_0175,4,1,ABRUZZO,3,52,0.057692307692307696,4
1,20180304,2018,greenacre_weighted_power_0175,4,1,UMBRIA,2,52,0.038461538461538464,2
1,20180304,2018,greenacre_weighted_power_0175,4,2,VENETO,7,18,0.3888888888888889,7
0.5,20180304,2018,greenacre_weighted_power_0175,4,2,LOMBARDIA,6,18,0.3333333333333333,12
1,20180304,2018,greenacre_weighted_power_0175,4,2,FRIULI-VENEZIA GIULIA,4,18,0.2222222222222222,4
0.5,20180304,2018,greenacre_weighted_power_0175,4,2,TRENTINO-ALTO ADIGE/SÜDTIROL,1,18,0.05555555555555555,2
1,20180304,2018,greenacre_weighted_power_0175,4,3,SARDEGNA,5,6,0.8333333333333334,5
0.5,20180304,2018,greenacre_weighted_power_0175,4,3,TRENTINO-ALTO ADIGE/SÜDTIROL,1,6,0.16666666666666666,2
1,20180304,2018,greenacre_weighted_power_0175,4,4,SICILIA,9,30,0.3,9
1,20180304,2018,greenacre_weighted_power_0175,4,4,PUGLIA,6,30,0.2,6
1,20180304,2018,greenacre_weighted_power_0175,4,4,CALABRIA,5,30,0.16666666666666666,5
1,20180304,2018,greenacre_weighted_power_0175,4,4,CAMPANIA,5,30,0.16666666666666666,5
1,20180304,2018,greenacre_weighted_power_0175,4,4,BASILICATA,2,30,0.06666666666666667,2
1,20180304,2018,greenacre_weighted_power_0175,4,4,MOLISE,2,30,0.06666666666666667,2
0.25,20180304,2018,greenacre_weighted_power_0175,4,4,ABRUZZO,1,30,0.03333333333333333,4
0.9,20180304,2018,greenacre_weighted_power_0175,5,1,TOSCANA,9,34,0.2647058823529412,10
0.6666666666666666,20180304,2018,greenacre_weighted_power_0175,5,1,EMILIA-ROMAGNA,6,34,0.17647058823529413,9
1,20180304,2018,greenacre_weighted_power_0175,5,1,LAZIO,5,34,0.14705882352941177,5
1,20180304,2018,greenacre_weighted_power_0175,5,1,MARCHE,5,34,0.14705882352941177,5
1,20180304,2018,greenacre_weighted_power_0175,5,1,ABRUZZO,4,34,0.11764705882352941,4
0.5,20180304,2018,greenacre_weighted_power_0175,5,1,LIGURIA,2,34,0.058823529411764705,4
1,20180304,2018,greenacre_weighted_power_0175,5,1,UMBRIA,2,34,0.058823529411764705,2
0.125,20180304,2018,greenacre_weighted_power_0175,5,1,PIEMONTE,1,34,0.029411764705882353,8
1,20180304,2018,greenacre_weighted_power_0175,5,2,VENETO,7,18,0.3888888888888889,7
0.5,20180304,2018,greenacre_weighted_power_0175,5,2,LOMBARDIA,6,18,0.3333333333333333,12
1,20180304,2018,greenacre_weighted_power_0175,5,2,FRIULI-VENEZIA GIULIA,4,18,0.2222222222222222,4
0.5,20180304,2018,greenacre_weighted_power_0175,5,2,TRENTINO-ALTO ADIGE/SÜDTIROL,1,18,0.05555555555555555,2
0.875,20180304,2018,greenacre_weighted_power_0175,5,3,PIEMONTE,7,19,0.3684210526315789,8
0.5,20180304,2018,greenacre_weighted_power_0175,5,3,LOMBARDIA,6,19,0.3157894736842105,12
0.3333333333333333,20180304,2018,greenacre_weighted_power_0175,5,3,EMILIA-ROMAGNA,3,19,0.15789473684210525,9
0.5,20180304,2018,greenacre_weighted_power_0175,5,3,LIGURIA,2,19,0.10526315789473684,4
0.1,20180304,2018,greenacre_weighted_power_0175,5,3,TOSCANA,1,19,0.05263157894736842,10
1,20180304,2018,greenacre_weighted_power_0175,5,4,SICILIA,9,29,0.3103448275862069,9
1,20180304,2018,greenacre_weighted_power_0175,5,4,PUGLIA,6,29,0.20689655172413793,6
1,20180304,2018,greenacre_weighted_power_0175,5,4,CALABRIA,5,29,0.1724137931034483,5
1,20180304,2018,greenacre_weighted_power_0175,5,4,CAMPANIA,5,29,0.1724137931034483,5
1,20180304,2018,greenacre_weighted_power_0175,5,4,BASILICATA,2,29,0.06896551724137931,2
1,20180304,2018,greenacre_weighted_power_0175,5,4,MOLISE,2,29,0.06896551724137931,2
1,20180304,2018,greenacre_weighted_power_0175,5,5,SARDEGNA,5,6,0.8333333333333334,5
0.5,20180304,2018,greenacre_weighted_power_0175,5,5,TRENTINO-ALTO ADIGE/SÜDTIROL,1,6,0.16666666666666666,2
1,20180304,2018,greenacre_weighted_power_0175,6,1,SICILIA,9,29,0.3103448275862069,9
1,20180304,2018,greenacre_weighted_power_0175,6,1,PUGLIA,6,29,0.20689655172413793,6
1,20180304,2018,greenacre_weighted_power_0175,6,1,CALABRIA,5,29,0.1724137931034483,5
1,20180304,2018,greenacre_weighted_power_0175,6,1,CAMPANIA,5,29,0.1724137931034483,5
1,20180304,2018,greenacre_weighted_power_0175,6,1,BASILICATA,2,29,0.06896551724137931,2
1,20180304,2018,greenacre_weighted_power_0175,6,1,MOLISE,2,29,0.06896551724137931,2
1,20180304,2018,greenacre_weighted_power_0175,6,2,SARDEGNA,5,6,0.8333333333333334,5
0.5,20180304,2018,greenacre_weighted_power_0175,6,2,TRENTINO-ALTO ADIGE/SÜDTIROL,1,6,0.16666666666666666,2
1,20180304,2018,greenacre_weighted_power_0175,6,3,LAZIO,5,17,0.29411764705882354,5
1,20180304,2018,greenacre_weighted_power_0175,6,3,ABRUZZO,4,17,0.23529411764705882,4
0.8,20180304,2018,greenacre_weighted_power_0175,6,3,MARCHE,4,17,0.23529411764705882,5
0.75,20180304,2018,greenacre_weighted_power_0175,6,3,LIGURIA,3,17,0.17647058823529413,4
0.1,20180304,2018,greenacre_weighted_power_0175,6,3,TOSCANA,1,17,0.058823529411764705,10
1,20180304,2018,greenacre_weighted_power_0175,6,4,VENETO,7,18,0.3888888888888889,7
0.5,20180304,2018,greenacre_weighted_power_0175,6,4,LOMBARDIA,6,18,0.3333333333333333,12
1,20180304,2018,greenacre_weighted_power_0175,6,4,FRIULI-VENEZIA GIULIA,4,18,0.2222222222222222,4
0.5,20180304,2018,greenacre_weighted_power_0175,6,4,TRENTINO-ALTO ADIGE/SÜDTIROL,1,18,0.05555555555555555,2
0.875,20180304,2018,greenacre_weighted_power_0175,6,5,PIEMONTE,7,18,0.3888888888888889,8
0.5,20180304,2018,greenacre_weighted_power_0175,6,5,LOMBARDIA,6,18,0.3333333333333333,12
0.3333333333333333,20180304,2018,greenacre_weighted_power_0175,6,5,EMILIA-ROMAGNA,3,18,0.16666666666666666,9
0.25,20180304,2018,greenacre_weighted_power_0175,6,5,LIGURIA,1,18,0.05555555555555555,4
0.1,20180304,2018,greenacre_weighted_power_0175,6,5,TOSCANA,1,18,0.05555555555555555,10
0.8,20180304,2018,greenacre_weighted_power_0175,6,6,TOSCANA,8,18,0.4444444444444444,10
0.6666666666666666,20180304,2018,greenacre_weighted_power_0175,6,6,EMILIA-ROMAGNA,6,18,0.3333333333333333,9
1,20180304,2018,greenacre_weighted_power_0175,6,6,UMBRIA,2,18,0.1111111111111111,2
0.2,20180304,2018,greenacre_weighted_power_0175,6,6,MARCHE,1,18,0.05555555555555555,5
0.125,20180304,2018,greenacre_weighted_power_0175,6,6,PIEMONTE,1,18,0.05555555555555555,8
1,20180304,2018,greenacre_weighted_power_0175,7,1,VENETO,7,18,0.3888888888888889,7
0.5,20180304,2018,greenacre_weighted_power_0175,7,1,LOMBARDIA,6,18,0.3333333333333333,12
1,20180304,2018,greenacre_weighted_power_0175,7,1,FRIULI-VENEZIA GIULIA,4,18,0.2222222222222222,4
0.5,20180304,2018,greenacre_weighted_power_0175,7,1,TRENTINO-ALTO ADIGE/SÜDTIROL,1,18,0.05555555555555555,2
1,20180304,2018,greenacre_weighted_power_0175,7,2,LAZIO,5,18,0.2777777777777778,5
1,20180304,2018,greenacre_weighted_power_0175,7,2,MARCHE,5,18,0.2777777777777778,5
1,20180304,2018,greenacre_weighted_power_0175,7,2,ABRUZZO,4,18,0.2222222222222222,4
0.75,20180304,2018,greenacre_weighted_power_0175,7,2,LIGURIA,3,18,0.16666666666666666,4
0.1,20180304,2018,greenacre_weighted_power_0175,7,2,TOSCANA,1,18,0.05555555555555555,10
0.875,20180304,2018,greenacre_weighted_power_0175,7,3,PIEMONTE,7,18,0.3888888888888889,8
0.5,20180304,2018,greenacre_weighted_power_0175,7,3,LOMBARDIA,6,18,0.3333333333333333,12
0.3333333333333333,20180304,2018,greenacre_weighted_power_0175,7,3,EMILIA-ROMAGNA,3,18,0.16666666666666666,9
0.25,20180304,2018,greenacre_weighted_power_0175,7,3,LIGURIA,1,18,0.05555555555555555,4
0.1,20180304,2018,greenacre_weighted_power_0175,7,3,TOSCANA,1,18,0.05555555555555555,10
0.8888888888888888,20180304,2018,greenacre_weighted_power_0175,7,4,SICILIA,8,11,0.7272727272727273,9
0.4,20180304,2018,greenacre_weighted_power_0175,7,4,CALABRIA,2,11,0.18181818181818182,5
0.2,20180304,2018,greenacre_weighted_power_0175,7,4,CAMPANIA,1,11,0.09090909090909091,5
1,20180304,2018,greenacre_weighted_power_0175,7,5,SARDEGNA,5,6,0.8333333333333334,5
0.5,20180304,2018,greenacre_weighted_power_0175,7,5,TRENTINO-ALTO ADIGE/SÜDTIROL,1,6,0.16666666666666666,2
1,20180304,2018,greenacre_weighted_power_0175,7,6,PUGLIA,6,18,0.3333333333333333,6
0.8,20180304,2018,greenacre_weighted_power_0175,7,6,CAMPANIA,4,18,0.2222222222222222,5
0.6,20180304,2018,greenacre_weighted_power_0175,7,6,CALABRIA,3,18,0.16666666666666666,5
1,20180304,2018,greenacre_weighted_power_0175,7,6,BASILICATA,2,18,0.1111111111111111,2
1,20180304,2018,greenacre_weighted_power_0175,7,6,MOLISE,2,18,0.1111111111111111,2
0.1111111111111111,20180304,2018,greenacre_weighted_power_0175,7,6,SICILIA,1,18,0.05555555555555555,9
0.8,20180304,2018,greenacre_weighted_power_0175,7,7,TOSCANA,8,17,0.47058823529411764,10
0.6666666666666666,20180304,2018,greenacre_weighted_power_0175,7,7,EMILIA-ROMAGNA,6,17,0.35294117647058826,9
1,20180304,2018,greenacre_weighted_power_0175,7,7,UMBRIA,2,17,0.11764705882352941,2
0.125,20180304,2018,greenacre_weighted_power_0175,7,7,PIEMONTE,1,17,0.058823529411764705,8
0.875,20180304,2018,greenacre_weighted_power_0175,8,1,PIEMONTE,7,12,0.5833333333333334,8
0.3333333333333333,20180304,2018,greenacre_weighted_power_0175,8,1,LOMBARDIA,4,12,0.3333333333333333,12
0.1111111111111111,20180304,2018,greenacre_weighted_power_0175,8,1,EMILIA-ROMAGNA,1,12,0.08333333333333333,9
1,20180304,2018,greenacre_weighted_power_0175,8,2,VENETO,7,17,0.4117647058823529,7
0.5,20180304,2018,greenacre_weighted_power_0175,8,2,LOMBARDIA,6,17,0.35294117647058826,12
0.75,20180304,2018,greenacre_weighted_power_0175,8,2,FRIULI-VENEZIA GIULIA,3,17,0.17647058823529413,4
0.5,20180304,2018,greenacre_weighted_power_0175,8,2,TRENTINO-ALTO ADIGE/SÜDTIROL,1,17,0.058823529411764705,2
0.7,20180304,2018,greenacre_weighted_power_0175,8,3,TOSCANA,7,12,0.5833333333333334,10
0.5555555555555556,20180304,2018,greenacre_weighted_power_0175,8,3,EMILIA-ROMAGNA,5,12,0.4166666666666667,9
1,20180304,2018,greenacre_weighted_power_0175,8,4,PUGLIA,6,19,0.3157894736842105,6
0.8,20180304,2018,greenacre_weighted_power_0175,8,4,CALABRIA,4,19,0.21052631578947367,5
0.8,20180304,2018,greenacre_weighted_power_0175,8,4,CAMPANIA,4,19,0.21052631578947367,5
1,20180304,2018,greenacre_weighted_power_0175,8,4,BASILICATA,2,19,0.10526315789473684,2
1,20180304,2018,greenacre_weighted_power_0175,8,4,MOLISE,2,19,0.10526315789473684,2
0.1111111111111111,20180304,2018,greenacre_weighted_power_0175,8,4,SICILIA,1,19,0.05263157894736842,9
0.3333333333333333,20180304,2018,greenacre_weighted_power_0175,8,5,EMILIA-ROMAGNA,3,18,0.16666666666666666,9
0.75,20180304,2018,greenacre_weighted_power_0175,8,5,LIGURIA,3,18,0.16666666666666666,4
0.6,20180304,2018,greenacre_weighted_power_0175,8,5,MARCHE,3,18,0.16666666666666666,5
0.3,20180304,2018,greenacre_weighted_power_0175,8,5,TOSCANA,3,18,0.16666666666666666,10
0.16666666666666666,20180304,2018,greenacre_weighted_power_0175,8,5,LOMBARDIA,2,18,0.1111111111111111,12
1,20180304,2018,greenacre_weighted_power_0175,8,5,UMBRIA,2,18,0.1111111111111111,2
0.25,20180304,2018,greenacre_weighted_power_0175,8,5,FRIULI-VENEZIA GIULIA,1,18,0.05555555555555555,4
0.125,20180304,2018,greenacre_weighted_power_0175,8,5,PIEMONTE,1,18,0.05555555555555555,8
0.8888888888888888,20180304,2018,greenacre_weighted_power_0175,8,6,SICILIA,8,10,0.8,9
0.2,20180304,2018,greenacre_weighted_power_0175,8,6,CALABRIA,1,10,0.1,5
0.2,20180304,2018,greenacre_weighted_power_0175,8,6,CAMPANIA,1,10,0.1,5
1,20180304,2018,greenacre_weighted_power_0175,8,7,SARDEGNA,5,6,0.8333333333333334,5
0.5,20180304,2018,greenacre_weighted_power_0175,8,7,TRENTINO-ALTO ADIGE/SÜDTIROL,1,6,0.16666666666666666,2
1,20180304,2018,greenacre_weighted_power_0175,8,8,LAZIO,5,12,0.4166666666666667,5
1,20180304,2018,greenacre_weighted_power_0175,8,8,ABRUZZO,4,12,0.3333333333333333,4
0.4,20180304,2018,greenacre_weighted_power_0175,8,8,MARCHE,2,12,0.16666666666666666,5
0.25,20180304,2018,greenacre_weighted_power_0175,8,8,LIGURIA,1,12,0.08333333333333333,4
1,20220925,2022,greenacre_weighted_power_0175,2,1,SICILIA,9,49,0.1836734693877551,9
0.7777777777777778,20220925,2022,greenacre_weighted_power_0175,2,1,EMILIA-ROMAGNA,7,49,0.14285714285714285,9
1,20220925,2022,greenacre_weighted_power_0175,2,1,PUGLIA,6,49,0.12244897959183673,6
1,20220925,2022,greenacre_weighted_power_0175,2,1,CALABRIA,5,49,0.10204081632653061,5
1,20220925,2022,greenacre_weighted_power_0175,2,1,CAMPANIA,5,49,0.10204081632653061,5
1,20220925,2022,greenacre_weighted_power_0175,2,1,SARDEGNA,5,49,0.10204081632653061,5
1,20220925,2022,greenacre_weighted_power_0175,2,1,ABRUZZO,4,49,0.08163265306122448,4
1,20220925,2022,greenacre_weighted_power_0175,2,1,BASILICATA,2,49,0.04081632653061224,2
0.4,20220925,2022,greenacre_weighted_power_0175,2,1,LAZIO,2,49,0.04081632653061224,5
1,20220925,2022,greenacre_weighted_power_0175,2,1,MOLISE,2,49,0.04081632653061224,2
1,20220925,2022,greenacre_weighted_power_0175,2,1,TRENTINO-ALTO ADIGE/SÜDTIROL,2,49,0.04081632653061224,2
1,20220925,2022,greenacre_weighted_power_0175,2,2,LOMBARDIA,12,57,0.21052631578947367,12
1,20220925,2022,greenacre_weighted_power_0175,2,2,TOSCANA,10,57,0.17543859649122806,10
1,20220925,2022,greenacre_weighted_power_0175,2,2,PIEMONTE,8,57,0.14035087719298245,8
1,20220925,2022,greenacre_weighted_power_0175,2,2,VENETO,7,57,0.12280701754385964,7
1,20220925,2022,greenacre_weighted_power_0175,2,2,MARCHE,5,57,0.08771929824561403,5
1,20220925,2022,greenacre_weighted_power_0175,2,2,FRIULI-VENEZIA GIULIA,4,57,0.07017543859649122,4
1,20220925,2022,greenacre_weighted_power_0175,2,2,LIGURIA,4,57,0.07017543859649122,4
0.6,20220925,2022,greenacre_weighted_power_0175,2,2,LAZIO,3,57,0.05263157894736842,5
0.2222222222222222,20220925,2022,greenacre_weighted_power_0175,2,2,EMILIA-ROMAGNA,2,57,0.03508771929824561,9
1,20220925,2022,greenacre_weighted_power_0175,2,2,UMBRIA,2,57,0.03508771929824561,2
1,20220925,2022,greenacre_weighted_power_0175,3,1,LOMBARDIA,12,57,0.21052631578947367,12
1,20220925,2022,greenacre_weighted_power_0175,3,1,TOSCANA,10,57,0.17543859649122806,10
1,20220925,2022,greenacre_weighted_power_0175,3,1,PIEMONTE,8,57,0.14035087719298245,8
1,20220925,2022,greenacre_weighted_power_0175,3,1,VENETO,7,57,0.12280701754385964,7
1,20220925,2022,greenacre_weighted_power_0175,3,1,MARCHE,5,57,0.08771929824561403,5
1,20220925,2022,greenacre_weighted_power_0175,3,1,FRIULI-VENEZIA GIULIA,4,57,0.07017543859649122,4
1,20220925,2022,greenacre_weighted_power_0175,3,1,LIGURIA,4,57,0.07017543859649122,4
0.6,20220925,2022,greenacre_weighted_power_0175,3,1,LAZIO,3,57,0.05263157894736842,5
0.2222222222222222,20220925,2022,greenacre_weighted_power_0175,3,1,EMILIA-ROMAGNA,2,57,0.03508771929824561,9
1,20220925,2022,greenacre_weighted_power_0175,3,1,UMBRIA,2,57,0.03508771929824561,2
0.7777777777777778,20220925,2022,greenacre_weighted_power_0175,3,2,EMILIA-ROMAGNA,7,25,0.28,9
0.7777777777777778,20220925,2022,greenacre_weighted_power_0175,3,2,SICILIA,7,25,0.28,9
1,20220925,2022,greenacre_weighted_power_0175,3,2,CALABRIA,5,25,0.2,5
1,20220925,2022,greenacre_weighted_power_0175,3,2,ABRUZZO,4,25,0.16,4
1,20220925,2022,greenacre_weighted_power_0175,3,2,TRENTINO-ALTO ADIGE/SÜDTIROL,2,25,0.08,2
1,20220925,2022,greenacre_weighted_power_0175,3,3,PUGLIA,6,24,0.25,6
1,20220925,2022,greenacre_weighted_power_0175,3,3,CAMPANIA,5,24,0.20833333333333334,5
1,20220925,2022,greenacre_weighted_power_0175,3,3,SARDEGNA,5,24,0.20833333333333334,5
1,20220925,2022,greenacre_weighted_power_0175,3,3,BASILICATA,2,24,0.08333333333333333,2
0.4,20220925,2022,greenacre_weighted_power_0175,3,3,LAZIO,2,24,0.08333333333333333,5
1,20220925,2022,greenacre_weighted_power_0175,3,3,MOLISE,2,24,0.08333333333333333,2
0.2222222222222222,20220925,2022,greenacre_weighted_power_0175,3,3,SICILIA,2,24,0.08333333333333333,9
0.9166666666666666,20220925,2022,greenacre_weighted_power_0175,4,1,LOMBARDIA,11,28,0.39285714285714285,12
0.875,20220925,2022,greenacre_weighted_power_0175,4,1,PIEMONTE,7,28,0.25,8
1,20220925,2022,greenacre_weighted_power_0175,4,1,VENETO,7,28,0.25,7
0.5,20220925,2022,greenacre_weighted_power_0175,4,1,FRIULI-VENEZIA GIULIA,2,28,0.07142857142857142,4
0.25,20220925,2022,greenacre_weighted_power_0175,4,1,LIGURIA,1,28,0.03571428571428571,4
1,20220925,2022,greenacre_weighted_power_0175,4,2,TOSCANA,10,37,0.2702702702702703,10
1,20220925,2022,greenacre_weighted_power_0175,4,2,EMILIA-ROMAGNA,9,37,0.24324324324324326,9
1,20220925,2022,greenacre_weighted_power_0175,4,2,MARCHE,5,37,0.13513513513513514,5
0.6,20220925,2022,greenacre_weighted_power_0175,4,2,LAZIO,3,37,0.08108108108108109,5
0.75,20220925,2022,greenacre_weighted_power_0175,4,2,LIGURIA,3,37,0.08108108108108109,4
0.5,20220925,2022,greenacre_weighted_power_0175,4,2,FRIULI-VENEZIA GIULIA,2,37,0.05405405405405406,4
1,20220925,2022,greenacre_weighted_power_0175,4,2,UMBRIA,2,37,0.05405405405405406,2
0.08333333333333333,20220925,2022,greenacre_weighted_power_0175,4,2,LOMBARDIA,1,37,0.02702702702702703,12
0.125,20220925,2022,greenacre_weighted_power_0175,4,2,PIEMONTE,1,37,0.02702702702702703,8
0.5,20220925,2022,greenacre_weighted_power_0175,4,2,TRENTINO-ALTO ADIGE/SÜDTIROL,1,37,0.02702702702702703,2
1,20220925,2022,greenacre_weighted_power_0175,4,3,PUGLIA,6,24,0.25,6
1,20220925,2022,greenacre_weighted_power_0175,4,3,CAMPANIA,5,24,0.20833333333333334,5
1,20220925,2022,greenacre_weighted_power_0175,4,3,SARDEGNA,5,24,0.20833333333333334,5
1,20220925,2022,greenacre_weighted_power_0175,4,3,BASILICATA,2,24,0.08333333333333333,2
0.4,20220925,2022,greenacre_weighted_power_0175,4,3,LAZIO,2,24,0.08333333333333333,5
1,20220925,2022,greenacre_weighted_power_0175,4,3,MOLISE,2,24,0.08333333333333333,2
0.2222222222222222,20220925,2022,greenacre_weighted_power_0175,4,3,SICILIA,2,24,0.08333333333333333,9
0.7777777777777778,20220925,2022,greenacre_weighted_power_0175,4,4,SICILIA,7,17,0.4117647058823529,9
1,20220925,2022,greenacre_weighted_power_0175,4,4,CALABRIA,5,17,0.29411764705882354,5
1,20220925,2022,greenacre_weighted_power_0175,4,4,ABRUZZO,4,17,0.23529411764705882,4
0.5,20220925,2022,greenacre_weighted_power_0175,4,4,TRENTINO-ALTO ADIGE/SÜDTIROL,1,17,0.058823529411764705,2
0.7777777777777778,20220925,2022,greenacre_weighted_power_0175,5,1,EMILIA-ROMAGNA,7,12,0.5833333333333334,9
1,20220925,2022,greenacre_weighted_power_0175,5,1,ABRUZZO,4,12,0.3333333333333333,4
0.5,20220925,2022,greenacre_weighted_power_0175,5,1,TRENTINO-ALTO ADIGE/SÜDTIROL,1,12,0.08333333333333333,2
1,20220925,2022,greenacre_weighted_power_0175,5,2,PUGLIA,6,24,0.25,6
1,20220925,2022,greenacre_weighted_power_0175,5,2,CAMPANIA,5,24,0.20833333333333334,5
1,20220925,2022,greenacre_weighted_power_0175,5,2,SARDEGNA,5,24,0.20833333333333334,5
1,20220925,2022,greenacre_weighted_power_0175,5,2,BASILICATA,2,24,0.08333333333333333,2
0.4,20220925,2022,greenacre_weighted_power_0175,5,2,LAZIO,2,24,0.08333333333333333,5
1,20220925,2022,greenacre_weighted_power_0175,5,2,MOLISE,2,24,0.08333333333333333,2
0.2222222222222222,20220925,2022,greenacre_weighted_power_0175,5,2,SICILIA,2,24,0.08333333333333333,9
0.7777777777777778,20220925,2022,greenacre_weighted_power_0175,5,3,SICILIA,7,13,0.5384615384615384,9
1,20220925,2022,greenacre_weighted_power_0175,5,3,CALABRIA,5,13,0.38461538461538464,5
0.5,20220925,2022,greenacre_weighted_power_0175,5,3,TRENTINO-ALTO ADIGE/SÜDTIROL,1,13,0.07692307692307693,2
1,20220925,2022,greenacre_weighted_power_0175,5,4,TOSCANA,10,29,0.3448275862068966,10
1,20220925,2022,greenacre_weighted_power_0175,5,4,MARCHE,5,29,0.1724137931034483,5
0.6,20220925,2022,greenacre_weighted_power_0175,5,4,LAZIO,3,29,0.10344827586206896,5
0.75,20220925,2022,greenacre_weighted_power_0175,5,4,LIGURIA,3,29,0.10344827586206896,4
0.2222222222222222,20220925,2022,greenacre_weighted_power_0175,5,4,EMILIA-ROMAGNA,2,29,0.06896551724137931,9
0.5,20220925,2022,greenacre_weighted_power_0175,5,4,FRIULI-VENEZIA GIULIA,2,29,0.06896551724137931,4
1,20220925,2022,greenacre_weighted_power_0175,5,4,UMBRIA,2,29,0.06896551724137931,2
0.08333333333333333,20220925,2022,greenacre_weighted_power_0175,5,4,LOMBARDIA,1,29,0.034482758620689655,12
0.125,20220925,2022,greenacre_weighted_power_0175,5,4,PIEMONTE,1,29,0.034482758620689655,8
0.9166666666666666,20220925,2022,greenacre_weighted_power_0175,5,5,LOMBARDIA,11,28,0.39285714285714285,12
0.875,20220925,2022,greenacre_weighted_power_0175,5,5,PIEMONTE,7,28,0.25,8
1,20220925,2022,greenacre_weighted_power_0175,5,5,VENETO,7,28,0.25,7
0.5,20220925,2022,greenacre_weighted_power_0175,5,5,FRIULI-VENEZIA GIULIA,2,28,0.07142857142857142,4
0.25,20220925,2022,greenacre_weighted_power_0175,5,5,LIGURIA,1,28,0.03571428571428571,4
0.875,20220925,2022,greenacre_weighted_power_0175,6,1,PIEMONTE,7,16,0.4375,8
0.8,20220925,2022,greenacre_weighted_power_0175,6,1,LAZIO,4,16,0.25,5
0.6,20220925,2022,greenacre_weighted_power_0175,6,1,MARCHE,3,16,0.1875,5
0.5,20220925,2022,greenacre_weighted_power_0175,6,1,LIGURIA,2,16,0.125,4
1,20220925,2022,greenacre_weighted_power_0175,6,2,PUGLIA,6,22,0.2727272727272727,6
1,20220925,2022,greenacre_weighted_power_0175,6,2,CAMPANIA,5,22,0.22727272727272727,5
1,20220925,2022,greenacre_weighted_power_0175,6,2,SARDEGNA,5,22,0.22727272727272727,5
1,20220925,2022,greenacre_weighted_power_0175,6,2,BASILICATA,2,22,0.09090909090909091,2
1,20220925,2022,greenacre_weighted_power_0175,6,2,MOLISE,2,22,0.09090909090909091,2
0.2222222222222222,20220925,2022,greenacre_weighted_power_0175,6,2,SICILIA,2,22,0.09090909090909091,9
1,20220925,2022,greenacre_weighted_power_0175,6,3,TOSCANA,10,23,0.43478260869565216,10
0.2222222222222222,20220925,2022,greenacre_weighted_power_0175,6,3,EMILIA-ROMAGNA,2,23,0.08695652173913043,9
0.5,20220925,2022,greenacre_weighted_power_0175,6,3,FRIULI-VENEZIA GIULIA,2,23,0.08695652173913043,4
0.5,20220925,2022,greenacre_weighted_power_0175,6,3,LIGURIA,2,23,0.08695652173913043,4
0.4,20220925,2022,greenacre_weighted_power_0175,6,3,MARCHE,2,23,0.08695652173913043,5
1,20220925,2022,greenacre_weighted_power_0175,6,3,UMBRIA,2,23,0.08695652173913043,2
0.2,20220925,2022,greenacre_weighted_power_0175,6,3,LAZIO,1,23,0.043478260869565216,5
0.08333333333333333,20220925,2022,greenacre_weighted_power_0175,6,3,LOMBARDIA,1,23,0.043478260869565216,12
0.125,20220925,2022,greenacre_weighted_power_0175,6,3,PIEMONTE,1,23,0.043478260869565216,8
0.7777777777777778,20220925,2022,greenacre_weighted_power_0175,6,4,SICILIA,7,13,0.5384615384615384,9
1,20220925,2022,greenacre_weighted_power_0175,6,4,CALABRIA,5,13,0.38461538461538464,5
0.5,20220925,2022,greenacre_weighted_power_0175,6,4,TRENTINO-ALTO ADIGE/SÜDTIROL,1,13,0.07692307692307693,2
0.7777777777777778,20220925,2022,greenacre_weighted_power_0175,6,5,EMILIA-ROMAGNA,7,12,0.5833333333333334,9
1,20220925,2022,greenacre_weighted_power_0175,6,5,ABRUZZO,4,12,0.3333333333333333,4
0.5,20220925,2022,greenacre_weighted_power_0175,6,5,TRENTINO-ALTO ADIGE/SÜDTIROL,1,12,0.08333333333333333,2
0.9166666666666666,20220925,2022,greenacre_weighted_power_0175,6,6,LOMBARDIA,11,20,0.55,12
1,20220925,2022,greenacre_weighted_power_0175,6,6,VENETO,7,20,0.35,7
0.5,20220925,2022,greenacre_weighted_power_0175,6,6,FRIULI-VENEZIA GIULIA,2,20,0.1,4
0.7777777777777778,20220925,2022,greenacre_weighted_power_0175,7,1,SICILIA,7,13,0.5384615384615384,9
1,20220925,2022,greenacre_weighted_power_0175,7,1,CALABRIA,5,13,0.38461538461538464,5
0.5,20220925,2022,greenacre_weighted_power_0175,7,1,TRENTINO-ALTO ADIGE/SÜDTIROL,1,13,0.07692307692307693,2
1,20220925,2022,greenacre_weighted_power_0175,7,2,LAZIO,5,21,0.23809523809523808,5
0.8,20220925,2022,greenacre_weighted_power_0175,7,2,MARCHE,4,21,0.19047619047619047,5
0.75,20220925,2022,greenacre_weighted_power_0175,7,2,LIGURIA,3,21,0.14285714285714285,4
0.3,20220925,2022,greenacre_weighted_power_0175,7,2,TOSCANA,3,21,0.14285714285714285,10
0.5,20220925,2022,greenacre_weighted_power_0175,7,2,FRIULI-VENEZIA GIULIA,2,21,0.09523809523809523,4
1,20220925,2022,greenacre_weighted_power_0175,7,2,MOLISE,2,21,0.09523809523809523,2
1,20220925,2022,greenacre_weighted_power_0175,7,2,UMBRIA,2,21,0.09523809523809523,2
0.7,20220925,2022,greenacre_weighted_power_0175,7,3,TOSCANA,7,13,0.5384615384615384,10
0.2222222222222222,20220925,2022,greenacre_weighted_power_0175,7,3,EMILIA-ROMAGNA,2,13,0.15384615384615385,9
0.25,20220925,2022,greenacre_weighted_power_0175,7,3,LIGURIA,1,13,0.07692307692307693,4
0.08333333333333333,20220925,2022,greenacre_weighted_power_0175,7,3,LOMBARDIA,1,13,0.07692307692307693,12
0.2,20220925,2022,greenacre_weighted_power_0175,7,3,MARCHE,1,13,0.07692307692307693,5
0.125,20220925,2022,greenacre_weighted_power_0175,7,3,PIEMONTE,1,13,0.07692307692307693,8
0.875,20220925,2022,greenacre_weighted_power_0175,7,4,PIEMONTE,7,8,0.875,8
0.08333333333333333,20220925,2022,greenacre_weighted_power_0175,7,4,LOMBARDIA,1,8,0.125,12
0.8333333333333334,20220925,2022,greenacre_weighted_power_0175,7,5,LOMBARDIA,10,19,0.5263157894736842,12
1,20220925,2022,greenacre_weighted_power_0175,7,5,VENETO,7,19,0.3684210526315789,7
0.5,20220925,2022,greenacre_weighted_power_0175,7,5,FRIULI-VENEZIA GIULIA,2,19,0.10526315789473684,4
1,20220925,2022,greenacre_weighted_power_0175,7,6,PUGLIA,6,20,0.3,6
1,20220925,2022,greenacre_weighted_power_0175,7,6,CAMPANIA,5,20,0.25,5
1,20220925,2022,greenacre_weighted_power_0175,7,6,SARDEGNA,5,20,0.25,5
1,20220925,2022,greenacre_weighted_power_0175,7,6,BASILICATA,2,20,0.1,2
0.2222222222222222,20220925,2022,greenacre_weighted_power_0175,7,6,SICILIA,2,20,0.1,9
0.7777777777777778,20220925,2022,greenacre_weighted_power_0175,7,7,EMILIA-ROMAGNA,7,12,0.5833333333333334,9
1,20220925,2022,greenacre_weighted_power_0175,7,7,ABRUZZO,4,12,0.3333333333333333,4
0.5,20220925,2022,greenacre_weighted_power_0175,7,7,TRENTINO-ALTO ADIGE/SÜDTIROL,1,12,0.08333333333333333,2
1,20220925,2022,greenacre_weighted_power_0175,8,1,CALABRIA,5,12,0.4166666666666667,5
1,20220925,2022,greenacre_weighted_power_0175,8,1,ABRUZZO,4,12,0.3333333333333333,4
1,20220925,2022,greenacre_weighted_power_0175,8,1,MOLISE,2,12,0.16666666666666666,2
0.2,20220925,2022,greenacre_weighted_power_0175,8,1,CAMPANIA,1,12,0.08333333333333333,5
0.7,20220925,2022,greenacre_weighted_power_0175,8,2,TOSCANA,7,10,0.7,10
0.2222222222222222,20220925,2022,greenacre_weighted_power_0175,8,2,EMILIA-ROMAGNA,2,10,0.2,9
0.08333333333333333,20220925,2022,greenacre_weighted_power_0175,8,2,LOMBARDIA,1,10,0.1,12
0.7777777777777778,20220925,2022,greenacre_weighted_power_0175,8,3,EMILIA-ROMAGNA,7,8,0.875,9
0.5,20220925,2022,greenacre_weighted_power_0175,8,3,TRENTINO-ALTO ADIGE/SÜDTIROL,1,8,0.125,2
0.875,20220925,2022,greenacre_weighted_power_0175,8,4,PIEMONTE,7,8,0.875,8
0.08333333333333333,20220925,2022,greenacre_weighted_power_0175,8,4,LOMBARDIA,1,8,0.125,12
0.8333333333333334,20220925,2022,greenacre_weighted_power_0175,8,5,LOMBARDIA,10,19,0.5263157894736842,12
1,20220925,2022,greenacre_weighted_power_0175,8,5,VENETO,7,19,0.3684210526315789,7
0.5,20220925,2022,greenacre_weighted_power_0175,8,5,FRIULI-VENEZIA GIULIA,2,19,0.10526315789473684,4
1,20220925,2022,greenacre_weighted_power_0175,8,6,LAZIO,5,22,0.22727272727272727,5
1,20220925,2022,greenacre_weighted_power_0175,8,6,MARCHE,5,22,0.22727272727272727,5
1,20220925,2022,greenacre_weighted_power_0175,8,6,LIGURIA,4,22,0.18181818181818182,4
0.3,20220925,2022,greenacre_weighted_power_0175,8,6,TOSCANA,3,22,0.13636363636363635,10
0.5,20220925,2022,greenacre_weighted_power_0175,8,6,FRIULI-VENEZIA GIULIA,2,22,0.09090909090909091,4
1,20220925,2022,greenacre_weighted_power_0175,8,6,UMBRIA,2,22,0.09090909090909091,2
0.125,20220925,2022,greenacre_weighted_power_0175,8,6,PIEMONTE,1,22,0.045454545454545456,8
1,20220925,2022,greenacre_weighted_power_0175,8,7,PUGLIA,6,19,0.3157894736842105,6
1,20220925,2022,greenacre_weighted_power_0175,8,7,SARDEGNA,5,19,0.2631578947368421,5
0.8,20220925,2022,greenacre_weighted_power_0175,8,7,CAMPANIA,4,19,0.21052631578947367,5
1,20220925,2022,greenacre_weighted_power_0175,8,7,BASILICATA,2,19,0.10526315789473684,2
0.2222222222222222,20220925,2022,greenacre_weighted_power_0175,8,7,SICILIA,2,19,0.10526315789473684,9
0.7777777777777778,20220925,2022,greenacre_weighted_power_0175,8,8,SICILIA,7,8,0.875,9
0.5,20220925,2022,greenacre_weighted_power_0175,8,8,TRENTINO-ALTO ADIGE/SÜDTIROL,1,8,0.125,2
