election_date,year,geometry,eigen_index,territory,spectral_coordinate,region,side,side_rank
19480418,1948,greenacre_weighted_power_0175,2,CAMPOBASSO,-0.15057882972520228,MOLISE,negative,1
19480418,1948,greenacre_weighted_power_0175,2,AVELLINO,-0.14912835906513003,CAMPANIA,negative,2
19480418,1948,greenacre_weighted_power_0175,2,CASERTA,-0.14590462066072787,CAMPANIA,negative,3
19480418,1948,greenacre_weighted_power_0175,2,SALERNO,-0.14301587440279956,CAMPANIA,negative,4
19480418,1948,greenacre_weighted_power_0175,2,LECCE,-0.14139848698388383,PUGLIA,negative,5
19480418,1948,greenacre_weighted_power_0175,2,PALERMO,-0.1397041723378838,SICILIA,negative,6
19480418,1948,greenacre_weighted_power_0175,2,BENEVENTO,-0.13517568111823733,CAMPANIA,negative,7
19480418,1948,greenacre_weighted_power_0175,2,MESSINA,-0.13366908059373184,SICILIA,negative,8
19480418,1948,greenacre_weighted_power_0175,2,NAPOLI,-0.13334941368419284,CAMPANIA,negative,9
19480418,1948,greenacre_weighted_power_0175,2,ISERNIA,-0.12869907001561745,MOLISE,negative,10
19480418,1948,greenacre_weighted_power_0175,2,BOLOGNA,0.15687152012581504,EMILIA-ROMAGNA,positive,1
19480418,1948,greenacre_weighted_power_0175,2,FERRARA,0.1507256239154955,EMILIA-ROMAGNA,positive,2
19480418,1948,greenacre_weighted_power_0175,2,MANTOVA,0.14439874819163656,LOMBARDIA,positive,3
19480418,1948,greenacre_weighted_power_0175,2,PESARO E URBINO,0.14162260682435332,MARCHE,positive,4
19480418,1948,greenacre_weighted_power_0175,2,PISTOIA,0.14049605297049633,TOSCANA,positive,5
19480418,1948,greenacre_weighted_power_0175,2,PISA,0.1401569865477767,TOSCANA,positive,6
19480418,1948,greenacre_weighted_power_0175,2,FIRENZE,0.14011552576907002,TOSCANA,positive,7
19480418,1948,greenacre_weighted_power_0175,2,PRATO,0.13885486386839707,TOSCANA,positive,8
19480418,1948,greenacre_weighted_power_0175,2,RAVENNA,0.13781964755701256,EMILIA-ROMAGNA,positive,9
19480418,1948,greenacre_weighted_power_0175,2,FORLÌ-CESENA,0.13372602077940984,EMILIA-ROMAGNA,positive,10
19480418,1948,greenacre_weighted_power_0175,3,UDINE,-0.138574341201089,FRIULI-VENEZIA GIULIA,negative,1
19480418,1948,greenacre_weighted_power_0175,3,VERONA,-0.13296032561574705,VENETO,negative,2
19480418,1948,greenacre_weighted_power_0175,3,COMO,-0.13018104457474186,LOMBARDIA,negative,3
19480418,1948,greenacre_weighted_power_0175,3,PADOVA,-0.1276711033206478,VENETO,negative,4
19480418,1948,greenacre_weighted_power_0175,3,LECCO,-0.12522118258380538,LOMBARDIA,negative,5
19480418,1948,greenacre_weighted_power_0175,3,PORDENONE,-0.12375262515555069,FRIULI-VENEZIA GIULIA,negative,6
19480418,1948,greenacre_weighted_power_0175,3,SONDRIO,-0.12178718105303667,LOMBARDIA,negative,7
19480418,1948,greenacre_weighted_power_0175,3,VICENZA,-0.12041997079412832,VENETO,negative,8
19480418,1948,greenacre_weighted_power_0175,3,TREVISO,-0.12001635145440241,VENETO,negative,9
19480418,1948,greenacre_weighted_power_0175,3,VARESE,-0.11549167973405891,LOMBARDIA,negative,10
19480418,1948,greenacre_weighted_power_0175,3,BOLOGNA,0.34003260107312394,EMILIA-ROMAGNA,positive,1
19480418,1948,greenacre_weighted_power_0175,3,FERRARA,0.3238862961366481,EMILIA-ROMAGNA,positive,2
19480418,1948,greenacre_weighted_power_0175,3,MANTOVA,0.3018273780665533,LOMBARDIA,positive,3
19480418,1948,greenacre_weighted_power_0175,3,RAVENNA,0.2909560377124286,EMILIA-ROMAGNA,positive,4
19480418,1948,greenacre_weighted_power_0175,3,FORLÌ-CESENA,0.281081182232524,EMILIA-ROMAGNA,positive,5
19480418,1948,greenacre_weighted_power_0175,3,CREMONA,0.27014255719746294,LOMBARDIA,positive,6
19480418,1948,greenacre_weighted_power_0175,3,MODENA,0.09189423468066363,EMILIA-ROMAGNA,positive,7
19480418,1948,greenacre_weighted_power_0175,3,REGGIO NELL'EMILIA,0.09089525037975599,EMILIA-ROMAGNA,positive,8
19480418,1948,greenacre_weighted_power_0175,3,PARMA,0.08004573639061262,EMILIA-ROMAGNA,positive,9
19480418,1948,greenacre_weighted_power_0175,3,CAMPOBASSO,0.07424180150371036,MOLISE,positive,10
19480418,1948,greenacre_weighted_power_0175,4,PISA,-0.15793707704745422,TOSCANA,negative,1
19480418,1948,greenacre_weighted_power_0175,4,LIVORNO,-0.1445185088866325,TOSCANA,negative,2
19480418,1948,greenacre_weighted_power_0175,4,PESARO E URBINO,-0.1442296077388517,MARCHE,negative,3
19480418,1948,greenacre_weighted_power_0175,4,PERUGIA,-0.1415578903145433,UMBRIA,negative,4
19480418,1948,greenacre_weighted_power_0175,4,PISTOIA,-0.13525837582758732,TOSCANA,negative,5
19480418,1948,greenacre_weighted_power_0175,4,PRATO,-0.12398568837742358,TOSCANA,negative,6
19480418,1948,greenacre_weighted_power_0175,4,SIENA,-0.12260082706068426,TOSCANA,negative,7
19480418,1948,greenacre_weighted_power_0175,4,LA SPEZIA,-0.12219566197084228,LIGURIA,negative,8
19480418,1948,greenacre_weighted_power_0175,4,FIRENZE,-0.12218573129001575,TOSCANA,negative,9
19480418,1948,greenacre_weighted_power_0175,4,TERNI,-0.11524129534863696,UMBRIA,negative,10
19480418,1948,greenacre_weighted_power_0175,4,UDINE,0.21936882856575307,FRIULI-VENEZIA GIULIA,positive,1
19480418,1948,greenacre_weighted_power_0175,4,SONDRIO,0.21488555815989574,LOMBARDIA,positive,2
19480418,1948,greenacre_weighted_power_0175,4,PORDENONE,0.20850578191417363,FRIULI-VENEZIA GIULIA,positive,3
19480418,1948,greenacre_weighted_power_0175,4,BELLUNO,0.20198188535238912,VENETO,positive,4
19480418,1948,greenacre_weighted_power_0175,4,VICENZA,0.20066709789597525,VENETO,positive,5
19480418,1948,greenacre_weighted_power_0175,4,TREVISO,0.1957397718481642,VENETO,positive,6
19480418,1948,greenacre_weighted_power_0175,4,BOLOGNA,0.18024628752767338,EMILIA-ROMAGNA,positive,7
19480418,1948,greenacre_weighted_power_0175,4,VERONA,0.1740201529917041,VENETO,positive,8
19480418,1948,greenacre_weighted_power_0175,4,BERGAMO,0.1717092218704302,LOMBARDIA,positive,9
19480418,1948,greenacre_weighted_power_0175,4,FERRARA,0.16815221587577336,EMILIA-ROMAGNA,positive,10
19530607,1953,greenacre_weighted_power_0175,2,NAPOLI,-0.14484743301873113,CAMPANIA,negative,1
19530607,1953,greenacre_weighted_power_0175,2,CATANIA,-0.14328174895735948,SICILIA,negative,2
19530607,1953,greenacre_weighted_power_0175,2,CASERTA,-0.14144889138362624,CAMPANIA,negative,3
19530607,1953,greenacre_weighted_power_0175,2,PALERMO,-0.14077828564553055,SICILIA,negative,4
19530607,1953,greenacre_weighted_power_0175,2,POTENZA,-0.1389491879043312,BASILICATA,negative,5
19530607,1953,greenacre_weighted_power_0175,2,SALERNO,-0.1381946482725269,CAMPANIA,negative,6
19530607,1953,greenacre_weighted_power_0175,2,LECCE,-0.13697160780189416,PUGLIA,negative,7
19530607,1953,greenacre_weighted_power_0175,2,CHIETI,-0.1353956922549054,ABRUZZO,negative,8
19530607,1953,greenacre_weighted_power_0175,2,BARI,-0.13137393818569448,PUGLIA,negative,9
19530607,1953,greenacre_weighted_power_0175,2,CATANZARO,-0.13020121863248377,CALABRIA,negative,10
19530607,1953,greenacre_weighted_power_0175,2,PISTOIA,0.15734847389278175,TOSCANA,positive,1
19530607,1953,greenacre_weighted_power_0175,2,FIRENZE,0.15513133394184508,TOSCANA,positive,2
19530607,1953,greenacre_weighted_power_0175,2,PISA,0.15473023668425392,TOSCANA,positive,3
19530607,1953,greenacre_weighted_power_0175,2,PRATO,0.14825216388799742,TOSCANA,positive,4
19530607,1953,greenacre_weighted_power_0175,2,AREZZO,0.1468697257805465,TOSCANA,positive,5
19530607,1953,greenacre_weighted_power_0175,2,MODENA,0.14531649841082162,EMILIA-ROMAGNA,positive,6
19530607,1953,greenacre_weighted_power_0175,2,PESARO E URBINO,0.14493641605970942,MARCHE,positive,7
19530607,1953,greenacre_weighted_power_0175,2,RIMINI,0.14469217547732907,EMILIA-ROMAGNA,positive,8
19530607,1953,greenacre_weighted_power_0175,2,REGGIO NELL'EMILIA,0.14370350083877068,EMILIA-ROMAGNA,positive,9
19530607,1953,greenacre_weighted_power_0175,2,PARMA,0.13777201427507274,EMILIA-ROMAGNA,positive,10
19530607,1953,greenacre_weighted_power_0175,3,PISTOIA,-0.12134011146941805,TOSCANA,negative,1
19530607,1953,greenacre_weighted_power_0175,3,PISA,-0.12088715532046278,TOSCANA,negative,2
19530607,1953,greenacre_weighted_power_0175,3,LIVORNO,-0.11831509108044502,TOSCANA,negative,3
19530607,1953,greenacre_weighted_power_0175,3,PRATO,-0.11274799694266985,TOSCANA,negative,4
19530607,1953,greenacre_weighted_power_0175,3,FIRENZE,-0.11265516470335624,TOSCANA,negative,5
19530607,1953,greenacre_weighted_power_0175,3,REGGIO NELL'EMILIA,-0.11137663925150507,EMILIA-ROMAGNA,negative,6
19530607,1953,greenacre_weighted_power_0175,3,SIENA,-0.10794919341430376,TOSCANA,negative,7
19530607,1953,greenacre_weighted_power_0175,3,MODENA,-0.10692434054759477,EMILIA-ROMAGNA,negative,8
19530607,1953,greenacre_weighted_power_0175,3,RIMINI,-0.10562306910562033,EMILIA-ROMAGNA,negative,9
19530607,1953,greenacre_weighted_power_0175,3,GROSSETO,-0.10193373358083388,TOSCANA,negative,10
19530607,1953,greenacre_weighted_power_0175,3,BERGAMO,0.2546450248566542,LOMBARDIA,positive,1
19530607,1953,greenacre_weighted_power_0175,3,LECCO,0.24374976621264022,LOMBARDIA,positive,2
19530607,1953,greenacre_weighted_power_0175,3,TREVISO,0.24210402918858823,VENETO,positive,3
19530607,1953,greenacre_weighted_power_0175,3,COMO,0.22484996653812772,LOMBARDIA,positive,4
19530607,1953,greenacre_weighted_power_0175,3,VERONA,0.2244813142477552,VENETO,positive,5
19530607,1953,greenacre_weighted_power_0175,3,PADOVA,0.2119484406987262,VENETO,positive,6
19530607,1953,greenacre_weighted_power_0175,3,VICENZA,0.20713687679445442,VENETO,positive,7
19530607,1953,greenacre_weighted_power_0175,3,PORDENONE,0.2069449627829571,FRIULI-VENEZIA GIULIA,positive,8
19530607,1953,greenacre_weighted_power_0175,3,BELLUNO,0.19956168942277644,VENETO,positive,9
19530607,1953,greenacre_weighted_power_0175,3,TRENTO,0.19783642872850538,TRENTINO-ALTO ADIGE/SÜDTIROL,positive,10
19530607,1953,greenacre_weighted_power_0175,4,PESCARA,-0.06547263808740686,ABRUZZO,negative,1
19530607,1953,greenacre_weighted_power_0175,4,TERAMO,-0.06219083671588348,ABRUZZO,negative,2
19530607,1953,greenacre_weighted_power_0175,4,MATERA,-0.056995338360630254,BASILICATA,negative,3
19530607,1953,greenacre_weighted_power_0175,4,COSENZA,-0.051858482835031555,CALABRIA,negative,4
19530607,1953,greenacre_weighted_power_0175,4,FOGGIA,-0.05170332790192682,PUGLIA,negative,5
19530607,1953,greenacre_weighted_power_0175,4,VITERBO,-0.048632844579370886,LAZIO,negative,6
19530607,1953,greenacre_weighted_power_0175,4,LATINA,-0.04753439828834676,LAZIO,negative,7
19530607,1953,greenacre_weighted_power_0175,4,TARANTO,-0.04682646434464025,PUGLIA,negative,8
19530607,1953,greenacre_weighted_power_0175,4,RAGUSA,-0.0454483709830348,SICILIA,negative,9
19530607,1953,greenacre_weighted_power_0175,4,ENNA,-0.04340983666803919,SICILIA,negative,10
19530607,1953,greenacre_weighted_power_0175,4,ISERNIA,0.6614189526955201,MOLISE,positive,1
19530607,1953,greenacre_weighted_power_0175,4,CAMPOBASSO,0.6605675455013231,MOLISE,positive,2
19530607,1953,greenacre_weighted_power_0175,4,NUORO,0.09880478144314889,SARDEGNA,positive,3
19530607,1953,greenacre_weighted_power_0175,4,ORISTANO,0.09587515611307108,SARDEGNA,positive,4
19530607,1953,greenacre_weighted_power_0175,4,BENEVENTO,0.09470250797697999,CAMPANIA,positive,5
19530607,1953,greenacre_weighted_power_0175,4,CAGLIARI,0.062080977238892304,SARDEGNA,positive,6
19530607,1953,greenacre_weighted_power_0175,4,SASSARI,0.05955748264776265,SARDEGNA,positive,7
19530607,1953,greenacre_weighted_power_0175,4,BOLZANO/BOZEN,0.05921742333339554,TRENTINO-ALTO ADIGE/SÜDTIROL,positive,8
19530607,1953,greenacre_weighted_power_0175,4,SUD SARDEGNA,0.04355212953998945,SARDEGNA,positive,9
19530607,1953,greenacre_weighted_power_0175,4,CUNEO,0.03991641507572205,PIEMONTE,positive,10
19580525,1958,greenacre_weighted_power_0175,2,FROSINONE,-0.08312197349234113,LAZIO,negative,1
19580525,1958,greenacre_weighted_power_0175,2,SASSARI,-0.08037034419069947,SARDEGNA,negative,2
19580525,1958,greenacre_weighted_power_0175,2,CAGLIARI,-0.07882998515005762,SARDEGNA,negative,3
19580525,1958,greenacre_weighted_power_0175,2,CASERTA,-0.07692570102942259,CAMPANIA,negative,4
19580525,1958,greenacre_weighted_power_0175,2,LATINA,-0.07602320892246082,LAZIO,negative,5
19580525,1958,greenacre_weighted_power_0175,2,ORISTANO,-0.07593939836545624,SARDEGNA,negative,6
19580525,1958,greenacre_weighted_power_0175,2,CHIETI,-0.07526516742521366,ABRUZZO,negative,7
19580525,1958,greenacre_weighted_power_0175,2,SALERNO,-0.07392657066963605,CAMPANIA,negative,8
19580525,1958,greenacre_weighted_power_0175,2,L'AQUILA,-0.07334660220203022,ABRUZZO,negative,9
19580525,1958,greenacre_weighted_power_0175,2,PALERMO,-0.0725995672000663,SICILIA,negative,10
19580525,1958,greenacre_weighted_power_0175,2,RIMINI,0.23592455059161746,EMILIA-ROMAGNA,positive,1
19580525,1958,greenacre_weighted_power_0175,2,PESARO E URBINO,0.22803881601030518,MARCHE,positive,2
19580525,1958,greenacre_weighted_power_0175,2,PERUGIA,0.2220549123726008,UMBRIA,positive,3
19580525,1958,greenacre_weighted_power_0175,2,GROSSETO,0.2184656361423264,TOSCANA,positive,4
19580525,1958,greenacre_weighted_power_0175,2,AREZZO,0.21650802186667262,TOSCANA,positive,5
19580525,1958,greenacre_weighted_power_0175,2,TERNI,0.20506062261453614,UMBRIA,positive,6
19580525,1958,greenacre_weighted_power_0175,2,FORLÌ-CESENA,0.20063730715883327,EMILIA-ROMAGNA,positive,7
19580525,1958,greenacre_weighted_power_0175,2,BOLOGNA,0.1983029608497712,EMILIA-ROMAGNA,positive,8
19580525,1958,greenacre_weighted_power_0175,2,SIENA,0.19810861027881504,TOSCANA,positive,9
19580525,1958,greenacre_weighted_power_0175,2,RAVENNA,0.19491360773844893,EMILIA-ROMAGNA,positive,10
19580525,1958,greenacre_weighted_power_0175,3,CATANZARO,-0.11592517077373285,CALABRIA,negative,1
19580525,1958,greenacre_weighted_power_0175,3,PESCARA,-0.11525338787381557,ABRUZZO,negative,2
19580525,1958,greenacre_weighted_power_0175,3,TERAMO,-0.11335058709677441,ABRUZZO,negative,3
19580525,1958,greenacre_weighted_power_0175,3,COSENZA,-0.11302102093702045,CALABRIA,negative,4
19580525,1958,greenacre_weighted_power_0175,3,CALTANISSETTA,-0.11206581794972868,SICILIA,negative,5
19580525,1958,greenacre_weighted_power_0175,3,POTENZA,-0.10782897308233619,BASILICATA,negative,6
19580525,1958,greenacre_weighted_power_0175,3,AVELLINO,-0.10780877052644193,CAMPANIA,negative,7
19580525,1958,greenacre_weighted_power_0175,3,CASERTA,-0.10647434545496051,CAMPANIA,negative,8
19580525,1958,greenacre_weighted_power_0175,3,LATINA,-0.10595732289579025,LAZIO,negative,9
19580525,1958,greenacre_weighted_power_0175,3,SASSARI,-0.10399311430553643,SARDEGNA,negative,10
19580525,1958,greenacre_weighted_power_0175,3,VERONA,0.24674380801988374,VENETO,positive,1
19580525,1958,greenacre_weighted_power_0175,3,LECCO,0.24461464744380323,LOMBARDIA,positive,2
19580525,1958,greenacre_weighted_power_0175,3,BERGAMO,0.24005472840107592,LOMBARDIA,positive,3
19580525,1958,greenacre_weighted_power_0175,3,COMO,0.2378437247548463,LOMBARDIA,positive,4
19580525,1958,greenacre_weighted_power_0175,3,PADOVA,0.23777595282568323,VENETO,positive,5
19580525,1958,greenacre_weighted_power_0175,3,VICENZA,0.22517082300016134,VENETO,positive,6
19580525,1958,greenacre_weighted_power_0175,3,BRESCIA,0.2246840410600275,LOMBARDIA,positive,7
19580525,1958,greenacre_weighted_power_0175,3,SONDRIO,0.22360099464929245,LOMBARDIA,positive,8
19580525,1958,greenacre_weighted_power_0175,3,TRENTO,0.19582787944220284,TRENTINO-ALTO ADIGE/SÜDTIROL,positive,9
19580525,1958,greenacre_weighted_power_0175,3,PORDENONE,0.19290568352236453,FRIULI-VENEZIA GIULIA,positive,10
19580525,1958,greenacre_weighted_power_0175,4,ASCOLI PICENO,-0.12140077763391724,MARCHE,negative,1
19580525,1958,greenacre_weighted_power_0175,4,CAMPOBASSO,-0.11005675420898393,MOLISE,negative,2
19580525,1958,greenacre_weighted_power_0175,4,RIETI,-0.1099179904424205,LAZIO,negative,3
19580525,1958,greenacre_weighted_power_0175,4,BARI,-0.10841094233472934,PUGLIA,negative,4
19580525,1958,greenacre_weighted_power_0175,4,MACERATA,-0.1037975219867864,MARCHE,negative,5
19580525,1958,greenacre_weighted_power_0175,4,FERMO,-0.10043832032018978,MARCHE,negative,6
19580525,1958,greenacre_weighted_power_0175,4,TREVISO,-0.09274945174823489,VENETO,negative,7
19580525,1958,greenacre_weighted_power_0175,4,VIBO VALENTIA,-0.08882427449583931,CALABRIA,negative,8
19580525,1958,greenacre_weighted_power_0175,4,SONDRIO,-0.08625916467415393,LOMBARDIA,negative,9
19580525,1958,greenacre_weighted_power_0175,4,VICENZA,-0.08551554819614504,VENETO,negative,10
19580525,1958,greenacre_weighted_power_0175,4,FIRENZE,0.23729693177237646,TOSCANA,positive,1
19580525,1958,greenacre_weighted_power_0175,4,PISTOIA,0.2307897017342477,TOSCANA,positive,2
19580525,1958,greenacre_weighted_power_0175,4,MODENA,0.21798345102066605,EMILIA-ROMAGNA,positive,3
19580525,1958,greenacre_weighted_power_0175,4,PISA,0.216969015159809,TOSCANA,positive,4
19580525,1958,greenacre_weighted_power_0175,4,PRATO,0.20881910660027975,TOSCANA,positive,5
19580525,1958,greenacre_weighted_power_0175,4,REGGIO NELL'EMILIA,0.20654368656911398,EMILIA-ROMAGNA,positive,6
19580525,1958,greenacre_weighted_power_0175,4,LIVORNO,0.19442401628263686,TOSCANA,positive,7
19580525,1958,greenacre_weighted_power_0175,4,ROVIGO,0.18935510325468585,VENETO,positive,8
19580525,1958,greenacre_weighted_power_0175,4,SAVONA,0.18232353863512016,LIGURIA,positive,9
19580525,1958,greenacre_weighted_power_0175,4,PAVIA,0.18035426015395123,LOMBARDIA,positive,10
19630428,1963,greenacre_weighted_power_0175,2,SIRACUSA,-0.06467416737318851,SICILIA,negative,1
19630428,1963,greenacre_weighted_power_0175,2,ALESSANDRIA,-0.06389867485707576,PIEMONTE,negative,2
19630428,1963,greenacre_weighted_power_0175,2,SAVONA,-0.0635014944390406,LIGURIA,negative,3
19630428,1963,greenacre_weighted_power_0175,2,MATERA,-0.06315337046427691,BASILICATA,negative,4
19630428,1963,greenacre_weighted_power_0175,2,PESCARA,-0.06290660019808925,ABRUZZO,negative,5
19630428,1963,greenacre_weighted_power_0175,2,GENOVA,-0.06204488380664754,LIGURIA,negative,6
19630428,1963,greenacre_weighted_power_0175,2,PAVIA,-0.06142767104982431,LOMBARDIA,negative,7
19630428,1963,greenacre_weighted_power_0175,2,BARI,-0.060708720211741424,PUGLIA,negative,8
19630428,1963,greenacre_weighted_power_0175,2,PARMA,-0.06039306776331239,EMILIA-ROMAGNA,negative,9
19630428,1963,greenacre_weighted_power_0175,2,POTENZA,-0.05965355378456545,BASILICATA,negative,10
19630428,1963,greenacre_weighted_power_0175,2,LUCCA,0.2653198012926655,TOSCANA,positive,1
19630428,1963,greenacre_weighted_power_0175,2,MACERATA,0.25132365540972557,MARCHE,positive,2
19630428,1963,greenacre_weighted_power_0175,2,PORDENONE,0.2401194047961022,FRIULI-VENEZIA GIULIA,positive,3
19630428,1963,greenacre_weighted_power_0175,2,UDINE,0.23661363807152316,FRIULI-VENEZIA GIULIA,positive,4
19630428,1963,greenacre_weighted_power_0175,2,GORIZIA,0.2354839760191197,FRIULI-VENEZIA GIULIA,positive,5
19630428,1963,greenacre_weighted_power_0175,2,VARESE,0.22780164418635554,LOMBARDIA,positive,6
19630428,1963,greenacre_weighted_power_0175,2,COMO,0.22506846447393541,LOMBARDIA,positive,7
19630428,1963,greenacre_weighted_power_0175,2,FERMO,0.22032944920505831,MARCHE,positive,8
19630428,1963,greenacre_weighted_power_0175,2,ANCONA,0.2171966796060247,MARCHE,positive,9
19630428,1963,greenacre_weighted_power_0175,2,SONDRIO,0.2095427024607823,LOMBARDIA,positive,10
19630428,1963,greenacre_weighted_power_0175,3,BERGAMO,-0.13554821707155626,LOMBARDIA,negative,1
19630428,1963,greenacre_weighted_power_0175,3,VICENZA,-0.1335131978801705,VENETO,negative,2
19630428,1963,greenacre_weighted_power_0175,3,TREVISO,-0.12606962184732026,VENETO,negative,3
19630428,1963,greenacre_weighted_power_0175,3,TRENTO,-0.1230544658188319,TRENTINO-ALTO ADIGE/SÜDTIROL,negative,4
19630428,1963,greenacre_weighted_power_0175,3,CHIETI,-0.11466275564147124,ABRUZZO,negative,5
19630428,1963,greenacre_weighted_power_0175,3,LECCE,-0.11349758534750595,PUGLIA,negative,6
19630428,1963,greenacre_weighted_power_0175,3,FROSINONE,-0.11109507675715197,LAZIO,negative,7
19630428,1963,greenacre_weighted_power_0175,3,VIBO VALENTIA,-0.11085633053420563,CALABRIA,negative,8
19630428,1963,greenacre_weighted_power_0175,3,SASSARI,-0.10992566542892508,SARDEGNA,negative,9
19630428,1963,greenacre_weighted_power_0175,3,PADOVA,-0.10836008226322218,VENETO,negative,10
19630428,1963,greenacre_weighted_power_0175,3,MODENA,0.2049386979677172,EMILIA-ROMAGNA,positive,1
19630428,1963,greenacre_weighted_power_0175,3,FIRENZE,0.19842436071626438,TOSCANA,positive,2
19630428,1963,greenacre_weighted_power_0175,3,PRATO,0.19508666346484888,TOSCANA,positive,3
19630428,1963,greenacre_weighted_power_0175,3,REGGIO NELL'EMILIA,0.19461531336648732,EMILIA-ROMAGNA,positive,4
19630428,1963,greenacre_weighted_power_0175,3,PISTOIA,0.19280287801246485,TOSCANA,positive,5
19630428,1963,greenacre_weighted_power_0175,3,SIENA,0.18625772331844606,TOSCANA,positive,6
19630428,1963,greenacre_weighted_power_0175,3,BOLOGNA,0.1809348635866613,EMILIA-ROMAGNA,positive,7
19630428,1963,greenacre_weighted_power_0175,3,RIMINI,0.1681488654043781,EMILIA-ROMAGNA,positive,8
19630428,1963,greenacre_weighted_power_0175,3,FERRARA,0.1656073896343215,EMILIA-ROMAGNA,positive,9
19630428,1963,greenacre_weighted_power_0175,3,AREZZO,0.1528853809713209,TOSCANA,positive,10
19630428,1963,greenacre_weighted_power_0175,4,FERMO,-0.11014389627736117,MARCHE,negative,1
19630428,1963,greenacre_weighted_power_0175,4,ANCONA,-0.10835703876145505,MARCHE,negative,2
19630428,1963,greenacre_weighted_power_0175,4,COSENZA,-0.10514102101000472,CALABRIA,negative,3
19630428,1963,greenacre_weighted_power_0175,4,CALTANISSETTA,-0.10326540754269167,SICILIA,negative,4
19630428,1963,greenacre_weighted_power_0175,4,CATANZARO,-0.10301626895202183,CALABRIA,negative,5
19630428,1963,greenacre_weighted_power_0175,4,AGRIGENTO,-0.1018912246722654,SICILIA,negative,6
19630428,1963,greenacre_weighted_power_0175,4,PESARO E URBINO,-0.1010229595414862,MARCHE,negative,7
19630428,1963,greenacre_weighted_power_0175,4,REGGIO CALABRIA,-0.09940019273602468,CALABRIA,negative,8
19630428,1963,greenacre_weighted_power_0175,4,ENNA,-0.0970081481546715,SICILIA,negative,9
19630428,1963,greenacre_weighted_power_0175,4,SUD SARDEGNA,-0.09456467190255181,SARDEGNA,negative,10
19630428,1963,greenacre_weighted_power_0175,4,VICENZA,0.2841791881879188,VENETO,positive,1
19630428,1963,greenacre_weighted_power_0175,4,BERGAMO,0.28233135653364666,LOMBARDIA,positive,2
19630428,1963,greenacre_weighted_power_0175,4,VERONA,0.26846517942841,VENETO,positive,3
19630428,1963,greenacre_weighted_power_0175,4,TRENTO,0.25948912248273887,TRENTINO-ALTO ADIGE/SÜDTIROL,positive,4
19630428,1963,greenacre_weighted_power_0175,4,PADOVA,0.24056198690124664,VENETO,positive,5
19630428,1963,greenacre_weighted_power_0175,4,TREVISO,0.23006411937335766,VENETO,positive,6
19630428,1963,greenacre_weighted_power_0175,4,BRESCIA,0.21950096622971535,LOMBARDIA,positive,7
19630428,1963,greenacre_weighted_power_0175,4,MONZA E DELLA BRIANZA,0.20683837628112742,LOMBARDIA,positive,8
19630428,1963,greenacre_weighted_power_0175,4,LECCO,0.18825713439426725,LOMBARDIA,positive,9
19630428,1963,greenacre_weighted_power_0175,4,CUNEO,0.15981674954387637,PIEMONTE,positive,10
19680519,1968,greenacre_weighted_power_0175,2,LATINA,-0.08121575147510196,LAZIO,negative,1
19680519,1968,greenacre_weighted_power_0175,2,CATANZARO,-0.08097200959881226,CALABRIA,negative,2
19680519,1968,greenacre_weighted_power_0175,2,SIRACUSA,-0.07880634261619128,SICILIA,negative,3
19680519,1968,greenacre_weighted_power_0175,2,REGGIO CALABRIA,-0.07749751434323326,CALABRIA,negative,4
19680519,1968,greenacre_weighted_power_0175,2,PESCARA,-0.07727208380215385,ABRUZZO,negative,5
19680519,1968,greenacre_weighted_power_0175,2,IMPERIA,-0.07624851087543404,LIGURIA,negative,6
19680519,1968,greenacre_weighted_power_0175,2,ASCOLI PICENO,-0.07559899225790596,MARCHE,negative,7
19680519,1968,greenacre_weighted_power_0175,2,CATANIA,-0.07531790875223421,SICILIA,negative,8
19680519,1968,greenacre_weighted_power_0175,2,SALERNO,-0.07518772109003123,CAMPANIA,negative,9
19680519,1968,greenacre_weighted_power_0175,2,CASERTA,-0.07404940023969137,CAMPANIA,negative,10
19680519,1968,greenacre_weighted_power_0175,2,PISTOIA,0.2060157174178852,TOSCANA,positive,1
19680519,1968,greenacre_weighted_power_0175,2,PARMA,0.204599467572048,EMILIA-ROMAGNA,positive,2
19680519,1968,greenacre_weighted_power_0175,2,FIRENZE,0.20333197324384297,TOSCANA,positive,3
19680519,1968,greenacre_weighted_power_0175,2,ALESSANDRIA,0.19727956020926712,PIEMONTE,positive,4
19680519,1968,greenacre_weighted_power_0175,2,PIACENZA,0.19654166044526594,EMILIA-ROMAGNA,positive,5
19680519,1968,greenacre_weighted_power_0175,2,PRATO,0.19494218547304995,TOSCANA,positive,6
19680519,1968,greenacre_weighted_power_0175,2,ROVIGO,0.19295258044847377,VENETO,positive,7
19680519,1968,greenacre_weighted_power_0175,2,MODENA,0.19259450837742814,EMILIA-ROMAGNA,positive,8
19680519,1968,greenacre_weighted_power_0175,2,MANTOVA,0.18742713086508234,LOMBARDIA,positive,9
19680519,1968,greenacre_weighted_power_0175,2,PERUGIA,0.18355675444115735,UMBRIA,positive,10
19680519,1968,greenacre_weighted_power_0175,3,VICENZA,-0.17336214631522592,VENETO,negative,1
19680519,1968,greenacre_weighted_power_0175,3,BELLUNO,-0.17299471405350522,VENETO,negative,2
19680519,1968,greenacre_weighted_power_0175,3,PORDENONE,-0.1687556603411029,FRIULI-VENEZIA GIULIA,negative,3
19680519,1968,greenacre_weighted_power_0175,3,UDINE,-0.16838285728917762,FRIULI-VENEZIA GIULIA,negative,4
19680519,1968,greenacre_weighted_power_0175,3,CUNEO,-0.16550455687031426,PIEMONTE,negative,5
19680519,1968,greenacre_weighted_power_0175,3,PADOVA,-0.16535266664837028,VENETO,negative,6
19680519,1968,greenacre_weighted_power_0175,3,VERONA,-0.16501020394870675,VENETO,negative,7
19680519,1968,greenacre_weighted_power_0175,3,SASSARI,-0.16483412033719022,SARDEGNA,negative,8
19680519,1968,greenacre_weighted_power_0175,3,ORISTANO,-0.16285341163368547,SARDEGNA,negative,9
19680519,1968,greenacre_weighted_power_0175,3,NUORO,-0.14752958623437007,SARDEGNA,negative,10
19680519,1968,greenacre_weighted_power_0175,3,MODENA,0.21878296296107527,EMILIA-ROMAGNA,positive,1
19680519,1968,greenacre_weighted_power_0175,3,PISTOIA,0.21220344315643433,TOSCANA,positive,2
19680519,1968,greenacre_weighted_power_0175,3,REGGIO NELL'EMILIA,0.20911080539432597,EMILIA-ROMAGNA,positive,3
19680519,1968,greenacre_weighted_power_0175,3,PRATO,0.20675823120679812,TOSCANA,positive,4
19680519,1968,greenacre_weighted_power_0175,3,FIRENZE,0.20357456034107108,TOSCANA,positive,5
19680519,1968,greenacre_weighted_power_0175,3,PERUGIA,0.15691143264673113,UMBRIA,positive,6
19680519,1968,greenacre_weighted_power_0175,3,LIVORNO,0.13777229297732824,TOSCANA,positive,7
19680519,1968,greenacre_weighted_power_0175,3,BOLOGNA,0.1346099050914043,EMILIA-ROMAGNA,positive,8
19680519,1968,greenacre_weighted_power_0175,3,PARMA,0.13455224135493843,EMILIA-ROMAGNA,positive,9
19680519,1968,greenacre_weighted_power_0175,3,FERRARA,0.13124596586884787,EMILIA-ROMAGNA,positive,10
19680519,1968,greenacre_weighted_power_0175,4,PALERMO,-0.15931777067376787,SICILIA,negative,1
19680519,1968,greenacre_weighted_power_0175,4,REGGIO CALABRIA,-0.15750962840078403,CALABRIA,negative,2
19680519,1968,greenacre_weighted_power_0175,4,CALTANISSETTA,-0.152321308944161,SICILIA,negative,3
19680519,1968,greenacre_weighted_power_0175,4,CATANZARO,-0.15091384159562438,CALABRIA,negative,4
19680519,1968,greenacre_weighted_power_0175,4,CATANIA,-0.1487584833265623,SICILIA,negative,5
19680519,1968,greenacre_weighted_power_0175,4,ENNA,-0.1457251597992911,SICILIA,negative,6
19680519,1968,greenacre_weighted_power_0175,4,AGRIGENTO,-0.14088730398074484,SICILIA,negative,7
19680519,1968,greenacre_weighted_power_0175,4,VIBO VALENTIA,-0.13942576270173615,CALABRIA,negative,8
19680519,1968,greenacre_weighted_power_0175,4,FROSINONE,-0.13891720812946018,LAZIO,negative,9
19680519,1968,greenacre_weighted_power_0175,4,SALERNO,-0.13671432913967507,CAMPANIA,negative,10
19680519,1968,greenacre_weighted_power_0175,4,SAVONA,0.16189127905682657,LIGURIA,positive,1
19680519,1968,greenacre_weighted_power_0175,4,PAVIA,0.15477074593028303,LOMBARDIA,positive,2
19680519,1968,greenacre_weighted_power_0175,4,TORINO,0.15059842650593405,PIEMONTE,positive,3
19680519,1968,greenacre_weighted_power_0175,4,GENOVA,0.15014816031373446,LIGURIA,positive,4
19680519,1968,greenacre_weighted_power_0175,4,BIELLA,0.14852840917063512,PIEMONTE,positive,5
19680519,1968,greenacre_weighted_power_0175,4,NOVARA,0.143767022463987,PIEMONTE,positive,6
19680519,1968,greenacre_weighted_power_0175,4,VERCELLI,0.1371653797243538,PIEMONTE,positive,7
19680519,1968,greenacre_weighted_power_0175,4,BOLOGNA,0.13185660063117954,EMILIA-ROMAGNA,positive,8
19680519,1968,greenacre_weighted_power_0175,4,LIVORNO,0.13086786650975837,TOSCANA,positive,9
19680519,1968,greenacre_weighted_power_0175,4,MILANO,0.1300079066992399,LOMBARDIA,positive,10
19720507,1972,greenacre_weighted_power_0175,2,VIBO VALENTIA,-0.11074647545505018,CALABRIA,negative,1
19720507,1972,greenacre_weighted_power_0175,2,L'AQUILA,-0.10949417592356815,ABRUZZO,negative,2
19720507,1972,greenacre_weighted_power_0175,2,PALERMO,-0.10935459266083324,SICILIA,negative,3
19720507,1972,greenacre_weighted_power_0175,2,AVELLINO,-0.10771663953925631,CAMPANIA,negative,4
19720507,1972,greenacre_weighted_power_0175,2,CATANZARO,-0.10664331839851235,CALABRIA,negative,5
19720507,1972,greenacre_weighted_power_0175,2,CALTANISSETTA,-0.10448826237320658,SICILIA,negative,6
19720507,1972,greenacre_weighted_power_0175,2,CASERTA,-0.10382760545715353,CAMPANIA,negative,7
19720507,1972,greenacre_weighted_power_0175,2,LECCE,-0.10366191251281003,PUGLIA,negative,8
19720507,1972,greenacre_weighted_power_0175,2,SALERNO,-0.1035801295267577,CAMPANIA,negative,9
19720507,1972,greenacre_weighted_power_0175,2,SASSARI,-0.1022600517738115,SARDEGNA,negative,10
19720507,1972,greenacre_weighted_power_0175,2,FIRENZE,0.19238378070948575,TOSCANA,positive,1
19720507,1972,greenacre_weighted_power_0175,2,MODENA,0.18595956723519347,EMILIA-ROMAGNA,positive,2
19720507,1972,greenacre_weighted_power_0175,2,LIVORNO,0.1852817622304737,TOSCANA,positive,3
19720507,1972,greenacre_weighted_power_0175,2,PISA,0.18159441956147304,TOSCANA,positive,4
19720507,1972,greenacre_weighted_power_0175,2,PISTOIA,0.17866722069787744,TOSCANA,positive,5
19720507,1972,greenacre_weighted_power_0175,2,REGGIO NELL'EMILIA,0.1781325801947085,EMILIA-ROMAGNA,positive,6
19720507,1972,greenacre_weighted_power_0175,2,SIENA,0.1772458884985883,TOSCANA,positive,7
19720507,1972,greenacre_weighted_power_0175,2,PRATO,0.17632245451997028,TOSCANA,positive,8
19720507,1972,greenacre_weighted_power_0175,2,BOLOGNA,0.17442103128599623,EMILIA-ROMAGNA,positive,9
19720507,1972,greenacre_weighted_power_0175,2,RIMINI,0.1647376993344822,EMILIA-ROMAGNA,positive,10
19720507,1972,greenacre_weighted_power_0175,3,CATANZARO,-0.1079516370734167,CALABRIA,negative,1
19720507,1972,greenacre_weighted_power_0175,3,CALTANISSETTA,-0.103890090315126,SICILIA,negative,2
19720507,1972,greenacre_weighted_power_0175,3,ENNA,-0.09888109331619577,SICILIA,negative,3
19720507,1972,greenacre_weighted_power_0175,3,RAGUSA,-0.09861562913533972,SICILIA,negative,4
19720507,1972,greenacre_weighted_power_0175,3,REGGIO CALABRIA,-0.09696463997990812,CALABRIA,negative,5
19720507,1972,greenacre_weighted_power_0175,3,SIRACUSA,-0.0943849762276562,SICILIA,negative,6
19720507,1972,greenacre_weighted_power_0175,3,AGRIGENTO,-0.09238365864694574,SICILIA,negative,7
19720507,1972,greenacre_weighted_power_0175,3,NUORO,-0.09020832985443922,SARDEGNA,negative,8
19720507,1972,greenacre_weighted_power_0175,3,TRAPANI,-0.08878048246582242,SICILIA,negative,9
19720507,1972,greenacre_weighted_power_0175,3,CATANIA,-0.08854745438359461,SICILIA,negative,10
19720507,1972,greenacre_weighted_power_0175,3,BERGAMO,0.26833042348845376,LOMBARDIA,positive,1
19720507,1972,greenacre_weighted_power_0175,3,TREVISO,0.2658439720174775,VENETO,positive,2
19720507,1972,greenacre_weighted_power_0175,3,LECCO,0.25480202140880515,LOMBARDIA,positive,3
19720507,1972,greenacre_weighted_power_0175,3,VICENZA,0.24529889774717228,VENETO,positive,4
19720507,1972,greenacre_weighted_power_0175,3,VERONA,0.2387281836937832,VENETO,positive,5
19720507,1972,greenacre_weighted_power_0175,3,TRENTO,0.21786301298151403,TRENTINO-ALTO ADIGE/SÜDTIROL,positive,6
19720507,1972,greenacre_weighted_power_0175,3,CUNEO,0.2117507122185661,PIEMONTE,positive,7
19720507,1972,greenacre_weighted_power_0175,3,PADOVA,0.20184442541000883,VENETO,positive,8
19720507,1972,greenacre_weighted_power_0175,3,SONDRIO,0.2007405277764475,LOMBARDIA,positive,9
19720507,1972,greenacre_weighted_power_0175,3,BRESCIA,0.1980744139321182,LOMBARDIA,positive,10
19720507,1972,greenacre_weighted_power_0175,4,MODENA,-0.17519773624765117,EMILIA-ROMAGNA,negative,1
19720507,1972,greenacre_weighted_power_0175,4,REGGIO NELL'EMILIA,-0.1689294245804974,EMILIA-ROMAGNA,negative,2
19720507,1972,greenacre_weighted_power_0175,4,SIENA,-0.1667225577966479,TOSCANA,negative,3
19720507,1972,greenacre_weighted_power_0175,4,BERGAMO,-0.16278875987157046,LOMBARDIA,negative,4
19720507,1972,greenacre_weighted_power_0175,4,VICENZA,-0.15574761895376119,VENETO,negative,5
19720507,1972,greenacre_weighted_power_0175,4,LIVORNO,-0.1546008372949034,TOSCANA,negative,6
19720507,1972,greenacre_weighted_power_0175,4,TREVISO,-0.1542349025555366,VENETO,negative,7
19720507,1972,greenacre_weighted_power_0175,4,PRATO,-0.15127015709677333,TOSCANA,negative,8
19720507,1972,greenacre_weighted_power_0175,4,TRENTO,-0.14678972787385908,TRENTINO-ALTO ADIGE/SÜDTIROL,negative,9
19720507,1972,greenacre_weighted_power_0175,4,CUNEO,-0.13889206513900568,PIEMONTE,negative,10
19720507,1972,greenacre_weighted_power_0175,4,VERCELLI,0.21769262510071946,PIEMONTE,positive,1
19720507,1972,greenacre_weighted_power_0175,4,SAVONA,0.20919491812995694,LIGURIA,positive,2
19720507,1972,greenacre_weighted_power_0175,4,ALESSANDRIA,0.20462550284524234,PIEMONTE,positive,3
19720507,1972,greenacre_weighted_power_0175,4,TORINO,0.20190055385228242,PIEMONTE,positive,4
19720507,1972,greenacre_weighted_power_0175,4,BIELLA,0.1901575417988375,PIEMONTE,positive,5
19720507,1972,greenacre_weighted_power_0175,4,NOVARA,0.18968725200315728,PIEMONTE,positive,6
19720507,1972,greenacre_weighted_power_0175,4,GENOVA,0.1806437126662238,LIGURIA,positive,7
19720507,1972,greenacre_weighted_power_0175,4,VERBANO-CUSIO-OSSOLA,0.16597588564825655,PIEMONTE,positive,8
19720507,1972,greenacre_weighted_power_0175,4,VENEZIA,0.16238269765684427,VENETO,positive,9
19720507,1972,greenacre_weighted_power_0175,4,PIACENZA,0.1623634780136129,EMILIA-ROMAGNA,positive,10
19760620,1976,greenacre_weighted_power_0175,2,CASERTA,-0.12979137808254107,CAMPANIA,negative,1
19760620,1976,greenacre_weighted_power_0175,2,FROSINONE,-0.11986401201117472,LAZIO,negative,2
19760620,1976,greenacre_weighted_power_0175,2,CATANIA,-0.11778692821724154,SICILIA,negative,3
19760620,1976,greenacre_weighted_power_0175,2,CALTANISSETTA,-0.11687817677772097,SICILIA,negative,4
19760620,1976,greenacre_weighted_power_0175,2,TRAPANI,-0.11646284586917352,SICILIA,negative,5
19760620,1976,greenacre_weighted_power_0175,2,PALERMO,-0.11608387290872671,SICILIA,negative,6
19760620,1976,greenacre_weighted_power_0175,2,LECCE,-0.11563255110238647,PUGLIA,negative,7
19760620,1976,greenacre_weighted_power_0175,2,ENNA,-0.11008704978520141,SICILIA,negative,8
19760620,1976,greenacre_weighted_power_0175,2,RAGUSA,-0.10895637164998535,SICILIA,negative,9
19760620,1976,greenacre_weighted_power_0175,2,SIRACUSA,-0.10511080347544337,SICILIA,negative,10
19760620,1976,greenacre_weighted_power_0175,2,PRATO,0.2553668055579799,TOSCANA,positive,1
19760620,1976,greenacre_weighted_power_0175,2,FIRENZE,0.2542320136968094,TOSCANA,positive,2
19760620,1976,greenacre_weighted_power_0175,2,MODENA,0.24956781511790818,EMILIA-ROMAGNA,positive,3
19760620,1976,greenacre_weighted_power_0175,2,PISTOIA,0.24345077845145088,TOSCANA,positive,4
19760620,1976,greenacre_weighted_power_0175,2,PISA,0.23708561288438967,TOSCANA,positive,5
19760620,1976,greenacre_weighted_power_0175,2,REGGIO NELL'EMILIA,0.23111147340472563,EMILIA-ROMAGNA,positive,6
19760620,1976,greenacre_weighted_power_0175,2,PESARO E URBINO,0.21770581629141725,MARCHE,positive,7
19760620,1976,greenacre_weighted_power_0175,2,SIENA,0.21668577002593092,TOSCANA,positive,8
19760620,1976,greenacre_weighted_power_0175,2,AREZZO,0.21561471859430742,TOSCANA,positive,9
19760620,1976,greenacre_weighted_power_0175,2,LIVORNO,0.20783115720522774,TOSCANA,positive,10
19760620,1976,greenacre_weighted_power_0175,3,ORISTANO,-0.16328948846656796,SARDEGNA,negative,1
19760620,1976,greenacre_weighted_power_0175,3,L'AQUILA,-0.16293680811366787,ABRUZZO,negative,2
19760620,1976,greenacre_weighted_power_0175,3,SASSARI,-0.1608766063796095,SARDEGNA,negative,3
19760620,1976,greenacre_weighted_power_0175,3,CHIETI,-0.15527977093438347,ABRUZZO,negative,4
19760620,1976,greenacre_weighted_power_0175,3,CATANZARO,-0.14971462542608138,CALABRIA,negative,5
19760620,1976,greenacre_weighted_power_0175,3,SALERNO,-0.14806975793600982,CAMPANIA,negative,6
19760620,1976,greenacre_weighted_power_0175,3,BARI,-0.14437241011255286,PUGLIA,negative,7
19760620,1976,greenacre_weighted_power_0175,3,NUORO,-0.13805624561295854,SARDEGNA,negative,8
19760620,1976,greenacre_weighted_power_0175,3,PESCARA,-0.13673779159794683,ABRUZZO,negative,9
19760620,1976,greenacre_weighted_power_0175,3,VIBO VALENTIA,-0.13494153053579866,CALABRIA,negative,10
19760620,1976,greenacre_weighted_power_0175,3,PAVIA,0.18032104134417568,LOMBARDIA,positive,1
19760620,1976,greenacre_weighted_power_0175,3,GENOVA,0.17607019737917892,LIGURIA,positive,2
19760620,1976,greenacre_weighted_power_0175,3,SAVONA,0.17265182865923348,LIGURIA,positive,3
19760620,1976,greenacre_weighted_power_0175,3,TORINO,0.17190948665920025,PIEMONTE,positive,4
19760620,1976,greenacre_weighted_power_0175,3,VERCELLI,0.16946392744574065,PIEMONTE,positive,5
19760620,1976,greenacre_weighted_power_0175,3,RIMINI,0.16230111590192137,EMILIA-ROMAGNA,positive,6
19760620,1976,greenacre_weighted_power_0175,3,BIELLA,0.15989053340706097,PIEMONTE,positive,7
19760620,1976,greenacre_weighted_power_0175,3,MILANO,0.15655606380881246,LOMBARDIA,positive,8
19760620,1976,greenacre_weighted_power_0175,3,NOVARA,0.1557715352127283,PIEMONTE,positive,9
19760620,1976,greenacre_weighted_power_0175,3,VERBANO-CUSIO-OSSOLA,0.153745319088909,PIEMONTE,positive,10
19760620,1976,greenacre_weighted_power_0175,4,SAVONA,-0.13992305089100054,LIGURIA,negative,1
19760620,1976,greenacre_weighted_power_0175,4,TORINO,-0.13788210548425509,PIEMONTE,negative,2
19760620,1976,greenacre_weighted_power_0175,4,GENOVA,-0.13483850944820377,LIGURIA,negative,3
19760620,1976,greenacre_weighted_power_0175,4,PAVIA,-0.13254352895483965,LOMBARDIA,negative,4
19760620,1976,greenacre_weighted_power_0175,4,VERCELLI,-0.1305961469702421,PIEMONTE,negative,5
19760620,1976,greenacre_weighted_power_0175,4,BIELLA,-0.12690723050558178,PIEMONTE,negative,6
19760620,1976,greenacre_weighted_power_0175,4,NOVARA,-0.12068849864232851,PIEMONTE,negative,7
19760620,1976,greenacre_weighted_power_0175,4,VENEZIA,-0.12038080065730523,VENETO,negative,8
19760620,1976,greenacre_weighted_power_0175,4,VERBANO-CUSIO-OSSOLA,-0.11989596699899574,PIEMONTE,negative,9
19760620,1976,greenacre_weighted_power_0175,4,MILANO,-0.11901628557452569,LOMBARDIA,negative,10
19760620,1976,greenacre_weighted_power_0175,4,CASERTA,0.19215428304554708,CAMPANIA,positive,1
19760620,1976,greenacre_weighted_power_0175,4,CATANIA,0.1778263477357069,SICILIA,positive,2
19760620,1976,greenacre_weighted_power_0175,4,CALTANISSETTA,0.1753625733450992,SICILIA,positive,3
19760620,1976,greenacre_weighted_power_0175,4,TRAPANI,0.17132165487181314,SICILIA,positive,4
19760620,1976,greenacre_weighted_power_0175,4,PALERMO,0.1695180584453519,SICILIA,positive,5
19760620,1976,greenacre_weighted_power_0175,4,ENNA,0.16083649406174896,SICILIA,positive,6
19760620,1976,greenacre_weighted_power_0175,4,PRATO,0.16034067323305348,TOSCANA,positive,7
19760620,1976,greenacre_weighted_power_0175,4,MODENA,0.15849303892335478,EMILIA-ROMAGNA,positive,8
19760620,1976,greenacre_weighted_power_0175,4,FROSINONE,0.15610857963946898,LAZIO,positive,9
19760620,1976,greenacre_weighted_power_0175,4,FIRENZE,0.14948506425118693,TOSCANA,positive,10
19790603,1979,greenacre_weighted_power_0175,2,REGGIO CALABRIA,-0.12550984023205553,CALABRIA,negative,1
19790603,1979,greenacre_weighted_power_0175,2,L'AQUILA,-0.1235717350269521,ABRUZZO,negative,2
19790603,1979,greenacre_weighted_power_0175,2,VIBO VALENTIA,-0.12241486429384552,CALABRIA,negative,3
19790603,1979,greenacre_weighted_power_0175,2,CALTANISSETTA,-0.12231829001358802,SICILIA,negative,4
19790603,1979,greenacre_weighted_power_0175,2,CATANZARO,-0.11451057627335526,CALABRIA,negative,5
19790603,1979,greenacre_weighted_power_0175,2,ENNA,-0.11210769344041308,SICILIA,negative,6
19790603,1979,greenacre_weighted_power_0175,2,AVELLINO,-0.11067459459330471,CAMPANIA,negative,7
19790603,1979,greenacre_weighted_power_0175,2,FROSINONE,-0.11049351260285596,LAZIO,negative,8
19790603,1979,greenacre_weighted_power_0175,2,AGRIGENTO,-0.10849405773705532,SICILIA,negative,9
19790603,1979,greenacre_weighted_power_0175,2,COSENZA,-0.10834969687430476,CALABRIA,negative,10
19790603,1979,greenacre_weighted_power_0175,2,FIRENZE,0.1976825398888816,TOSCANA,positive,1
19790603,1979,greenacre_weighted_power_0175,2,PISA,0.19574674751604462,TOSCANA,positive,2
19790603,1979,greenacre_weighted_power_0175,2,LIVORNO,0.18597987003316888,TOSCANA,positive,3
19790603,1979,greenacre_weighted_power_0175,2,MODENA,0.1857190936464725,EMILIA-ROMAGNA,positive,4
19790603,1979,greenacre_weighted_power_0175,2,PRATO,0.179574719762259,TOSCANA,positive,5
19790603,1979,greenacre_weighted_power_0175,2,PISTOIA,0.17871068164125933,TOSCANA,positive,6
19790603,1979,greenacre_weighted_power_0175,2,RIMINI,0.17807420157027856,EMILIA-ROMAGNA,positive,7
19790603,1979,greenacre_weighted_power_0175,2,REGGIO NELL'EMILIA,0.17258743609920177,EMILIA-ROMAGNA,positive,8
19790603,1979,greenacre_weighted_power_0175,2,SIENA,0.17109060141447904,TOSCANA,positive,9
19790603,1979,greenacre_weighted_power_0175,2,AREZZO,0.170189175430463,TOSCANA,positive,10
19790603,1979,greenacre_weighted_power_0175,3,REGGIO CALABRIA,-0.14647774666190677,CALABRIA,negative,1
19790603,1979,greenacre_weighted_power_0175,3,VIBO VALENTIA,-0.14226678208041427,CALABRIA,negative,2
19790603,1979,greenacre_weighted_power_0175,3,CALTANISSETTA,-0.14088213248974363,SICILIA,negative,3
19790603,1979,greenacre_weighted_power_0175,3,ENNA,-0.13702120721884942,SICILIA,negative,4
19790603,1979,greenacre_weighted_power_0175,3,MODENA,-0.13547032401518092,EMILIA-ROMAGNA,negative,5
19790603,1979,greenacre_weighted_power_0175,3,CATANZARO,-0.12994820319472672,CALABRIA,negative,6
19790603,1979,greenacre_weighted_power_0175,3,AGRIGENTO,-0.1287525123134466,SICILIA,negative,7
19790603,1979,greenacre_weighted_power_0175,3,L'AQUILA,-0.128674230676125,ABRUZZO,negative,8
19790603,1979,greenacre_weighted_power_0175,3,LIVORNO,-0.12721762964234978,TOSCANA,negative,9
19790603,1979,greenacre_weighted_power_0175,3,SIENA,-0.1265142946634192,TOSCANA,negative,10
19790603,1979,greenacre_weighted_power_0175,3,LECCO,0.18536485784912143,LOMBARDIA,positive,1
19790603,1979,greenacre_weighted_power_0175,3,VERONA,0.18117257532374495,VENETO,positive,2
19790603,1979,greenacre_weighted_power_0175,3,BRESCIA,0.17770993750932104,LOMBARDIA,positive,3
19790603,1979,greenacre_weighted_power_0175,3,PADOVA,0.17178891650755607,VENETO,positive,4
19790603,1979,greenacre_weighted_power_0175,3,VARESE,0.16744427002164702,LOMBARDIA,positive,5
19790603,1979,greenacre_weighted_power_0175,3,MONZA E DELLA BRIANZA,0.16423451611902898,LOMBARDIA,positive,6
19790603,1979,greenacre_weighted_power_0175,3,BERGAMO,0.16016329757624645,LOMBARDIA,positive,7
19790603,1979,greenacre_weighted_power_0175,3,COMO,0.15973409576135492,LOMBARDIA,positive,8
19790603,1979,greenacre_weighted_power_0175,3,TREVISO,0.1556936042534942,VENETO,positive,9
19790603,1979,greenacre_weighted_power_0175,3,VENEZIA,0.14127326308930968,VENETO,positive,10
19790603,1979,greenacre_weighted_power_0175,4,ALESSANDRIA,-0.1634203742040366,PIEMONTE,negative,1
19790603,1979,greenacre_weighted_power_0175,4,VERCELLI,-0.15394251631937603,PIEMONTE,negative,2
19790603,1979,greenacre_weighted_power_0175,4,SAVONA,-0.15287529248679754,LIGURIA,negative,3
19790603,1979,greenacre_weighted_power_0175,4,TORINO,-0.15192449254650098,PIEMONTE,negative,4
19790603,1979,greenacre_weighted_power_0175,4,VERBANO-CUSIO-OSSOLA,-0.15186856859286715,PIEMONTE,negative,5
19790603,1979,greenacre_weighted_power_0175,4,GENOVA,-0.15123899556102546,LIGURIA,negative,6
19790603,1979,greenacre_weighted_power_0175,4,BIELLA,-0.13771332374889883,PIEMONTE,negative,7
19790603,1979,greenacre_weighted_power_0175,4,PIACENZA,-0.13724896179931945,EMILIA-ROMAGNA,negative,8
19790603,1979,greenacre_weighted_power_0175,4,NOVARA,-0.13560235182387223,PIEMONTE,negative,9
19790603,1979,greenacre_weighted_power_0175,4,MILANO,-0.1264041705949772,LOMBARDIA,negative,10
19790603,1979,greenacre_weighted_power_0175,4,BERGAMO,0.2541475565737811,LOMBARDIA,positive,1
19790603,1979,greenacre_weighted_power_0175,4,VERONA,0.24682112772350137,VENETO,positive,2
19790603,1979,greenacre_weighted_power_0175,4,TREVISO,0.24402996727007392,VENETO,positive,3
19790603,1979,greenacre_weighted_power_0175,4,VICENZA,0.23614511135940267,VENETO,positive,4
19790603,1979,greenacre_weighted_power_0175,4,PADOVA,0.22085478338477646,VENETO,positive,5
19790603,1979,greenacre_weighted_power_0175,4,LECCO,0.21042375115111797,LOMBARDIA,positive,6
19790603,1979,greenacre_weighted_power_0175,4,CUNEO,0.18468486249634755,PIEMONTE,positive,7
19790603,1979,greenacre_weighted_power_0175,4,SONDRIO,0.16283322260399835,LOMBARDIA,positive,8
19790603,1979,greenacre_weighted_power_0175,4,TRENTO,0.15305044424150824,TRENTINO-ALTO ADIGE/SÜDTIROL,positive,9
19790603,1979,greenacre_weighted_power_0175,4,COMO,0.13593542647893853,LOMBARDIA,positive,10
19830626,1983,greenacre_weighted_power_0175,2,LA SPEZIA,-0.07677621788115745,LIGURIA,negative,1
19830626,1983,greenacre_weighted_power_0175,2,PISTOIA,-0.07660514435203164,TOSCANA,negative,2
19830626,1983,greenacre_weighted_power_0175,2,ANCONA,-0.07632557294826187,MARCHE,negative,3
19830626,1983,greenacre_weighted_power_0175,2,RIMINI,-0.07599063747289092,EMILIA-ROMAGNA,negative,4
19830626,1983,greenacre_weighted_power_0175,2,FIRENZE,-0.07580251650154769,TOSCANA,negative,5
19830626,1983,greenacre_weighted_power_0175,2,PESARO E URBINO,-0.07508118830427349,MARCHE,negative,6
19830626,1983,greenacre_weighted_power_0175,2,PAVIA,-0.07424893408934974,LOMBARDIA,negative,7
19830626,1983,greenacre_weighted_power_0175,2,PISA,-0.07390216773011757,TOSCANA,negative,8
19830626,1983,greenacre_weighted_power_0175,2,PRATO,-0.07351678214029744,TOSCANA,negative,9
19830626,1983,greenacre_weighted_power_0175,2,FERMO,-0.07252695482950333,MARCHE,negative,10
19830626,1983,greenacre_weighted_power_0175,2,SASSARI,0.2295892093493913,SARDEGNA,positive,1
19830626,1983,greenacre_weighted_power_0175,2,TREVISO,0.22136066637942278,VENETO,positive,2
19830626,1983,greenacre_weighted_power_0175,2,ORISTANO,0.21895755072456582,SARDEGNA,positive,3
19830626,1983,greenacre_weighted_power_0175,2,NUORO,0.21847452989291466,SARDEGNA,positive,4
19830626,1983,greenacre_weighted_power_0175,2,PADOVA,0.21690529925746582,VENETO,positive,5
19830626,1983,greenacre_weighted_power_0175,2,VERONA,0.2168784317851199,VENETO,positive,6
19830626,1983,greenacre_weighted_power_0175,2,CAGLIARI,0.2038810547712284,SARDEGNA,positive,7
19830626,1983,greenacre_weighted_power_0175,2,VICENZA,0.2014086279966522,VENETO,positive,8
19830626,1983,greenacre_weighted_power_0175,2,SUD SARDEGNA,0.19571451112755534,SARDEGNA,positive,9
19830626,1983,greenacre_weighted_power_0175,2,VENEZIA,0.18925310421742808,VENETO,positive,10
19830626,1983,greenacre_weighted_power_0175,3,SASSARI,-0.20926029483769187,SARDEGNA,negative,1
19830626,1983,greenacre_weighted_power_0175,3,VERONA,-0.19654476169442117,VENETO,negative,2
19830626,1983,greenacre_weighted_power_0175,3,PADOVA,-0.1952811112985685,VENETO,negative,3
19830626,1983,greenacre_weighted_power_0175,3,TREVISO,-0.19456691080055658,VENETO,negative,4
19830626,1983,greenacre_weighted_power_0175,3,ORISTANO,-0.19404528604089538,SARDEGNA,negative,5
19830626,1983,greenacre_weighted_power_0175,3,NUORO,-0.1924265335656113,SARDEGNA,negative,6
19830626,1983,greenacre_weighted_power_0175,3,CAGLIARI,-0.18725723715896658,SARDEGNA,negative,7
19830626,1983,greenacre_weighted_power_0175,3,VENEZIA,-0.17217553704966157,VENETO,negative,8
19830626,1983,greenacre_weighted_power_0175,3,SUD SARDEGNA,-0.17005972345485465,SARDEGNA,negative,9
19830626,1983,greenacre_weighted_power_0175,3,VICENZA,-0.16769909263994406,VENETO,negative,10
19830626,1983,greenacre_weighted_power_0175,3,PARMA,0.24432868172515632,EMILIA-ROMAGNA,positive,1
19830626,1983,greenacre_weighted_power_0175,3,PIACENZA,0.23948192785382094,EMILIA-ROMAGNA,positive,2
19830626,1983,greenacre_weighted_power_0175,3,ALESSANDRIA,0.23519672806701347,PIEMONTE,positive,3
19830626,1983,greenacre_weighted_power_0175,3,CREMONA,0.2331063435486274,LOMBARDIA,positive,4
19830626,1983,greenacre_weighted_power_0175,3,MANTOVA,0.23198731235374148,LOMBARDIA,positive,5
19830626,1983,greenacre_weighted_power_0175,3,BRESCIA,0.2206926067705284,LOMBARDIA,positive,6
19830626,1983,greenacre_weighted_power_0175,3,ASTI,0.20208274902363463,PIEMONTE,positive,7
19830626,1983,greenacre_weighted_power_0175,3,MODENA,0.192919356910173,EMILIA-ROMAGNA,positive,8
19830626,1983,greenacre_weighted_power_0175,3,REGGIO NELL'EMILIA,0.18785337127547982,EMILIA-ROMAGNA,positive,9
19830626,1983,greenacre_weighted_power_0175,3,BERGAMO,0.17827523965804887,LOMBARDIA,positive,10
19830626,1983,greenacre_weighted_power_0175,4,BARI,-0.1430995386713388,PUGLIA,negative,1
19830626,1983,greenacre_weighted_power_0175,4,SALERNO,-0.14175063991036138,CAMPANIA,negative,2
19830626,1983,greenacre_weighted_power_0175,4,LECCE,-0.13591710151720135,PUGLIA,negative,3
19830626,1983,greenacre_weighted_power_0175,4,BRINDISI,-0.1358706452577623,PUGLIA,negative,4
19830626,1983,greenacre_weighted_power_0175,4,FOGGIA,-0.1265943729467282,PUGLIA,negative,5
19830626,1983,greenacre_weighted_power_0175,4,L'AQUILA,-0.12579758631644622,ABRUZZO,negative,6
19830626,1983,greenacre_weighted_power_0175,4,REGGIO CALABRIA,-0.1245763379364043,CALABRIA,negative,7
19830626,1983,greenacre_weighted_power_0175,4,VIBO VALENTIA,-0.12336460314683453,CALABRIA,negative,8
19830626,1983,greenacre_weighted_power_0175,4,CATANZARO,-0.12058035705369,CALABRIA,negative,9
19830626,1983,greenacre_weighted_power_0175,4,RIETI,-0.11872162281745889,LAZIO,negative,10
19830626,1983,greenacre_weighted_power_0175,4,FIRENZE,0.22618852508433238,TOSCANA,positive,1
19830626,1983,greenacre_weighted_power_0175,4,PRATO,0.22050461403941204,TOSCANA,positive,2
19830626,1983,greenacre_weighted_power_0175,4,PISA,0.21868664165435703,TOSCANA,positive,3
19830626,1983,greenacre_weighted_power_0175,4,PISTOIA,0.21729795438389285,TOSCANA,positive,4
19830626,1983,greenacre_weighted_power_0175,4,RIMINI,0.20858639296512904,EMILIA-ROMAGNA,positive,5
19830626,1983,greenacre_weighted_power_0175,4,LIVORNO,0.20229843418716126,TOSCANA,positive,6
19830626,1983,greenacre_weighted_power_0175,4,SIENA,0.1929440106178224,TOSCANA,positive,7
19830626,1983,greenacre_weighted_power_0175,4,GROSSETO,0.1761272522123725,TOSCANA,positive,8
19830626,1983,greenacre_weighted_power_0175,4,BOLOGNA,0.17472063399997262,EMILIA-ROMAGNA,positive,9
19830626,1983,greenacre_weighted_power_0175,4,PESARO E URBINO,0.17441995231014737,MARCHE,positive,10
19870614,1987,greenacre_weighted_power_0175,2,FIRENZE,-0.044583782416389904,TOSCANA,negative,1
19870614,1987,greenacre_weighted_power_0175,2,PRATO,-0.04396859763823317,TOSCANA,negative,2
19870614,1987,greenacre_weighted_power_0175,2,LA SPEZIA,-0.04270389999254733,LIGURIA,negative,3
19870614,1987,greenacre_weighted_power_0175,2,TERNI,-0.04255290006770077,UMBRIA,negative,4
19870614,1987,greenacre_weighted_power_0175,2,MODENA,-0.041666873731588235,EMILIA-ROMAGNA,negative,5
19870614,1987,greenacre_weighted_power_0175,2,AREZZO,-0.04121902974458221,TOSCANA,negative,6
19870614,1987,greenacre_weighted_power_0175,2,PISTOIA,-0.0406782516171806,TOSCANA,negative,7
19870614,1987,greenacre_weighted_power_0175,2,LIVORNO,-0.0405232513697053,TOSCANA,negative,8
19870614,1987,greenacre_weighted_power_0175,2,PISA,-0.040290828639173826,TOSCANA,negative,9
19870614,1987,greenacre_weighted_power_0175,2,PESARO E URBINO,-0.040002829395881,MARCHE,negative,10
19870614,1987,greenacre_weighted_power_0175,2,SASSARI,0.44608069171600356,SARDEGNA,positive,1
19870614,1987,greenacre_weighted_power_0175,2,NUORO,0.44388842186637967,SARDEGNA,positive,2
19870614,1987,greenacre_weighted_power_0175,2,ORISTANO,0.44151323192735215,SARDEGNA,positive,3
19870614,1987,greenacre_weighted_power_0175,2,SUD SARDEGNA,0.4266260814364916,SARDEGNA,positive,4
19870614,1987,greenacre_weighted_power_0175,2,CAGLIARI,0.4163269045741911,SARDEGNA,positive,5
19870614,1987,greenacre_weighted_power_0175,2,BOLZANO/BOZEN,0.03374604014778144,TRENTINO-ALTO ADIGE/SÜDTIROL,positive,6
19870614,1987,greenacre_weighted_power_0175,2,VIBO VALENTIA,0.020989833647237343,CALABRIA,positive,7
19870614,1987,greenacre_weighted_power_0175,2,REGGIO CALABRIA,0.018259121796634935,CALABRIA,positive,8
19870614,1987,greenacre_weighted_power_0175,2,ENNA,0.011318484731297951,SICILIA,positive,9
19870614,1987,greenacre_weighted_power_0175,2,ISERNIA,0.008385300844054443,MOLISE,positive,10
19870614,1987,greenacre_weighted_power_0175,3,AVELLINO,-0.1245159185741091,CAMPANIA,negative,1
19870614,1987,greenacre_weighted_power_0175,3,L'AQUILA,-0.12235310793633623,ABRUZZO,negative,2
19870614,1987,greenacre_weighted_power_0175,3,BENEVENTO,-0.11723999667115798,CAMPANIA,negative,3
19870614,1987,greenacre_weighted_power_0175,3,CALTANISSETTA,-0.11575512848680856,SICILIA,negative,4
19870614,1987,greenacre_weighted_power_0175,3,FROSINONE,-0.11195627736884375,LAZIO,negative,5
19870614,1987,greenacre_weighted_power_0175,3,ISERNIA,-0.11177186237790208,MOLISE,negative,6
19870614,1987,greenacre_weighted_power_0175,3,ENNA,-0.11074803995528643,SICILIA,negative,7
19870614,1987,greenacre_weighted_power_0175,3,PALERMO,-0.11061355087271167,SICILIA,negative,8
19870614,1987,greenacre_weighted_power_0175,3,CATANZARO,-0.11057906939806039,CALABRIA,negative,9
19870614,1987,greenacre_weighted_power_0175,3,VIBO VALENTIA,-0.11041317764655185,CALABRIA,negative,10
19870614,1987,greenacre_weighted_power_0175,3,FIRENZE,0.2024469805815329,TOSCANA,positive,1
19870614,1987,greenacre_weighted_power_0175,3,PRATO,0.19866770583448057,TOSCANA,positive,2
19870614,1987,greenacre_weighted_power_0175,3,LIVORNO,0.18699774699105656,TOSCANA,positive,3
19870614,1987,greenacre_weighted_power_0175,3,MODENA,0.18562014809988941,EMILIA-ROMAGNA,positive,4
19870614,1987,greenacre_weighted_power_0175,3,PISA,0.18006799323235725,TOSCANA,positive,5
19870614,1987,greenacre_weighted_power_0175,3,PISTOIA,0.17954329428603158,TOSCANA,positive,6
19870614,1987,greenacre_weighted_power_0175,3,SIENA,0.17850629470937185,TOSCANA,positive,7
19870614,1987,greenacre_weighted_power_0175,3,BOLOGNA,0.1774373233416142,EMILIA-ROMAGNA,positive,8
19870614,1987,greenacre_weighted_power_0175,3,TERNI,0.1761537480950278,UMBRIA,positive,9
19870614,1987,greenacre_weighted_power_0175,3,AREZZO,0.17116753575852783,TOSCANA,positive,10
19870614,1987,greenacre_weighted_power_0175,4,CALTANISSETTA,-0.12676983214041104,SICILIA,negative,1
19870614,1987,greenacre_weighted_power_0175,4,AGRIGENTO,-0.1254752972530206,SICILIA,negative,2
19870614,1987,greenacre_weighted_power_0175,4,AVELLINO,-0.12492273640250465,CAMPANIA,negative,3
19870614,1987,greenacre_weighted_power_0175,4,ISERNIA,-0.12033810195234657,MOLISE,negative,4
19870614,1987,greenacre_weighted_power_0175,4,ENNA,-0.11909837496141541,SICILIA,negative,5
19870614,1987,greenacre_weighted_power_0175,4,POTENZA,-0.11793634584162607,BASILICATA,negative,6
19870614,1987,greenacre_weighted_power_0175,4,L'AQUILA,-0.1147981741023549,ABRUZZO,negative,7
19870614,1987,greenacre_weighted_power_0175,4,CATANZARO,-0.11322428048969323,CALABRIA,negative,8
19870614,1987,greenacre_weighted_power_0175,4,COSENZA,-0.11103388456921227,CALABRIA,negative,9
19870614,1987,greenacre_weighted_power_0175,4,CHIETI,-0.10656445826882815,ABRUZZO,negative,10
19870614,1987,greenacre_weighted_power_0175,4,TREVISO,0.23740753733133024,VENETO,positive,1
19870614,1987,greenacre_weighted_power_0175,4,COMO,0.23734741471661308,LOMBARDIA,positive,2
19870614,1987,greenacre_weighted_power_0175,4,LECCO,0.2368094349419436,LOMBARDIA,positive,3
19870614,1987,greenacre_weighted_power_0175,4,BERGAMO,0.23134037361611584,LOMBARDIA,positive,4
19870614,1987,greenacre_weighted_power_0175,4,VARESE,0.20765206592838945,LOMBARDIA,positive,5
19870614,1987,greenacre_weighted_power_0175,4,VERONA,0.20361501493188564,VENETO,positive,6
19870614,1987,greenacre_weighted_power_0175,4,MONZA E DELLA BRIANZA,0.19297022292160876,LOMBARDIA,positive,7
19870614,1987,greenacre_weighted_power_0175,4,PADOVA,0.1866941070427158,VENETO,positive,8
19870614,1987,greenacre_weighted_power_0175,4,VICENZA,0.17481817769415023,VENETO,positive,9
19870614,1987,greenacre_weighted_power_0175,4,BRESCIA,0.17345518211207853,LOMBARDIA,positive,10
19920405,1992,greenacre_weighted_power_0175,2,VARESE,-0.12316016087505449,LOMBARDIA,negative,1
19920405,1992,greenacre_weighted_power_0175,2,VERCELLI,-0.12139541444619546,PIEMONTE,negative,2
19920405,1992,greenacre_weighted_power_0175,2,COMO,-0.12085360316041587,LOMBARDIA,negative,3
19920405,1992,greenacre_weighted_power_0175,2,PAVIA,-0.11908914424189458,LOMBARDIA,negative,4
19920405,1992,greenacre_weighted_power_0175,2,PORDENONE,-0.11868822979633803,FRIULI-VENEZIA GIULIA,negative,5
19920405,1992,greenacre_weighted_power_0175,2,VENEZIA,-0.11863878035066418,VENETO,negative,6
19920405,1992,greenacre_weighted_power_0175,2,NOVARA,-0.11862917509406244,PIEMONTE,negative,7
19920405,1992,greenacre_weighted_power_0175,2,MONZA E DELLA BRIANZA,-0.1176591829079957,LOMBARDIA,negative,8
19920405,1992,greenacre_weighted_power_0175,2,LODI,-0.11375282805197613,LOMBARDIA,negative,9
19920405,1992,greenacre_weighted_power_0175,2,UDINE,-0.11356904308627742,FRIULI-VENEZIA GIULIA,negative,10
19920405,1992,greenacre_weighted_power_0175,2,L'AQUILA,0.1433890274712556,ABRUZZO,positive,1
19920405,1992,greenacre_weighted_power_0175,2,COSENZA,0.14318059824871474,CALABRIA,positive,2
19920405,1992,greenacre_weighted_power_0175,2,PESCARA,0.14076583551326063,ABRUZZO,positive,3
19920405,1992,greenacre_weighted_power_0175,2,CATANZARO,0.14061157218727052,CALABRIA,positive,4
19920405,1992,greenacre_weighted_power_0175,2,CHIETI,0.13712073150435294,ABRUZZO,positive,5
19920405,1992,greenacre_weighted_power_0175,2,MATERA,0.13608417094740263,BASILICATA,positive,6
19920405,1992,greenacre_weighted_power_0175,2,ASCOLI PICENO,0.13420741830227553,MARCHE,positive,7
19920405,1992,greenacre_weighted_power_0175,2,SASSARI,0.1327826561572632,SARDEGNA,positive,8
19920405,1992,greenacre_weighted_power_0175,2,TERAMO,0.13198732910913616,ABRUZZO,positive,9
19920405,1992,greenacre_weighted_power_0175,2,VIBO VALENTIA,0.13094270367443997,CALABRIA,positive,10
19920405,1992,greenacre_weighted_power_0175,3,ASCOLI PICENO,-0.1230737977148682,MARCHE,negative,1
19920405,1992,greenacre_weighted_power_0175,3,PESCARA,-0.11939676175718078,ABRUZZO,negative,2
19920405,1992,greenacre_weighted_power_0175,3,MATERA,-0.11699129806052734,BASILICATA,negative,3
19920405,1992,greenacre_weighted_power_0175,3,L'AQUILA,-0.11666242775347889,ABRUZZO,negative,4
19920405,1992,greenacre_weighted_power_0175,3,COSENZA,-0.11571783624291931,CALABRIA,negative,5
19920405,1992,greenacre_weighted_power_0175,3,CATANZARO,-0.11528459281657184,CALABRIA,negative,6
19920405,1992,greenacre_weighted_power_0175,3,MACERATA,-0.11434357455133644,MARCHE,negative,7
19920405,1992,greenacre_weighted_power_0175,3,FERMO,-0.11431143709515247,MARCHE,negative,8
19920405,1992,greenacre_weighted_power_0175,3,RIETI,-0.11264967090914965,LAZIO,negative,9
19920405,1992,greenacre_weighted_power_0175,3,TERAMO,-0.11251849749725171,ABRUZZO,negative,10
19920405,1992,greenacre_weighted_power_0175,3,SIRACUSA,0.2047144617903979,SICILIA,positive,1
19920405,1992,greenacre_weighted_power_0175,3,TRAPANI,0.19446711381501883,SICILIA,positive,2
19920405,1992,greenacre_weighted_power_0175,3,CAMPOBASSO,0.19319268060389883,MOLISE,positive,3
19920405,1992,greenacre_weighted_power_0175,3,CATANIA,0.19017406984778004,SICILIA,positive,4
19920405,1992,greenacre_weighted_power_0175,3,CALTANISSETTA,0.18513123296837625,SICILIA,positive,5
19920405,1992,greenacre_weighted_power_0175,3,ENNA,0.18501269625740374,SICILIA,positive,6
19920405,1992,greenacre_weighted_power_0175,3,RAGUSA,0.1838472025566617,SICILIA,positive,7
19920405,1992,greenacre_weighted_power_0175,3,PALERMO,0.18244200439685515,SICILIA,positive,8
19920405,1992,greenacre_weighted_power_0175,3,MESSINA,0.18134815349273817,SICILIA,positive,9
19920405,1992,greenacre_weighted_power_0175,3,NAPOLI,0.18070520336583623,CAMPANIA,positive,10
19920405,1992,greenacre_weighted_power_0175,4,TREVISO,-0.11665194430724489,VENETO,negative,1
19920405,1992,greenacre_weighted_power_0175,4,BERGAMO,-0.11551360849031046,LOMBARDIA,negative,2
19920405,1992,greenacre_weighted_power_0175,4,VERONA,-0.11311838751494686,VENETO,negative,3
19920405,1992,greenacre_weighted_power_0175,4,COMO,-0.11297248382754119,LOMBARDIA,negative,4
19920405,1992,greenacre_weighted_power_0175,4,BRESCIA,-0.11048598768026195,LOMBARDIA,negative,5
19920405,1992,greenacre_weighted_power_0175,4,LECCO,-0.1103765245536171,LOMBARDIA,negative,6
19920405,1992,greenacre_weighted_power_0175,4,VICENZA,-0.10811428427197746,VENETO,negative,7
19920405,1992,greenacre_weighted_power_0175,4,PADOVA,-0.10671796641681637,VENETO,negative,8
19920405,1992,greenacre_weighted_power_0175,4,VARESE,-0.10340080138966645,LOMBARDIA,negative,9
19920405,1992,greenacre_weighted_power_0175,4,MONZA E DELLA BRIANZA,-0.09469063837455971,LOMBARDIA,negative,10
19920405,1992,greenacre_weighted_power_0175,4,PRATO,0.2588484574102524,TOSCANA,positive,1
19920405,1992,greenacre_weighted_power_0175,4,FIRENZE,0.25836540066750235,TOSCANA,positive,2
19920405,1992,greenacre_weighted_power_0175,4,PISA,0.2564110133673571,TOSCANA,positive,3
19920405,1992,greenacre_weighted_power_0175,4,PISTOIA,0.2426350098253628,TOSCANA,positive,4
19920405,1992,greenacre_weighted_power_0175,4,LIVORNO,0.2341097729112601,TOSCANA,positive,5
19920405,1992,greenacre_weighted_power_0175,4,RIMINI,0.2249434215397732,EMILIA-ROMAGNA,positive,6
19920405,1992,greenacre_weighted_power_0175,4,SIENA,0.22262842290750692,TOSCANA,positive,7
19920405,1992,greenacre_weighted_power_0175,4,AREZZO,0.21494014994844396,TOSCANA,positive,8
19920405,1992,greenacre_weighted_power_0175,4,GROSSETO,0.20775490101065988,TOSCANA,positive,9
19920405,1992,greenacre_weighted_power_0175,4,RAVENNA,0.19214251558739992,EMILIA-ROMAGNA,positive,10
19940327,1994,greenacre_weighted_power_0175,2,BRINDISI,-0.15142935064985105,PUGLIA,negative,1
19940327,1994,greenacre_weighted_power_0175,2,LECCE,-0.15099292887318075,PUGLIA,negative,2
19940327,1994,greenacre_weighted_power_0175,2,BARLETTA-ANDRIA-TRANI,-0.15082732849721162,PUGLIA,negative,3
19940327,1994,greenacre_weighted_power_0175,2,FOGGIA,-0.15065209341314872,PUGLIA,negative,4
19940327,1994,greenacre_weighted_power_0175,2,BARI,-0.15064094542380194,PUGLIA,negative,5
19940327,1994,greenacre_weighted_power_0175,2,TARANTO,-0.13326230523779461,PUGLIA,negative,6
19940327,1994,greenacre_weighted_power_0175,2,CATANZARO,-0.0884144857325834,CALABRIA,negative,7
19940327,1994,greenacre_weighted_power_0175,2,COSENZA,-0.08839943465310694,CALABRIA,negative,8
19940327,1994,greenacre_weighted_power_0175,2,VIBO VALENTIA,-0.08817273861701008,CALABRIA,negative,9
19940327,1994,greenacre_weighted_power_0175,2,REGGIO CALABRIA,-0.08565070836898964,CALABRIA,negative,10
19940327,1994,greenacre_weighted_power_0175,2,PRATO,0.18812710446576747,TOSCANA,positive,1
19940327,1994,greenacre_weighted_power_0175,2,PISTOIA,0.1803421108140974,TOSCANA,positive,2
19940327,1994,greenacre_weighted_power_0175,2,PISA,0.18008313218934668,TOSCANA,positive,3
19940327,1994,greenacre_weighted_power_0175,2,FORLÌ-CESENA,0.1795883429065229,EMILIA-ROMAGNA,positive,4
19940327,1994,greenacre_weighted_power_0175,2,RIMINI,0.17825863628695338,EMILIA-ROMAGNA,positive,5
19940327,1994,greenacre_weighted_power_0175,2,FIRENZE,0.1777028486305049,TOSCANA,positive,6
19940327,1994,greenacre_weighted_power_0175,2,LA SPEZIA,0.17694170778973922,LIGURIA,positive,7
19940327,1994,greenacre_weighted_power_0175,2,RAVENNA,0.17063518854063253,EMILIA-ROMAGNA,positive,8
19940327,1994,greenacre_weighted_power_0175,2,AREZZO,0.1674955250273742,TOSCANA,positive,9
19940327,1994,greenacre_weighted_power_0175,2,FERRARA,0.16692400621915365,EMILIA-ROMAGNA,positive,10
19940327,1994,greenacre_weighted_power_0175,3,CATANZARO,-0.0830545719385944,CALABRIA,negative,1
19940327,1994,greenacre_weighted_power_0175,3,COSENZA,-0.08304437467886852,CALABRIA,negative,2
19940327,1994,greenacre_weighted_power_0175,3,VIBO VALENTIA,-0.08284906586713402,CALABRIA,negative,3
19940327,1994,greenacre_weighted_power_0175,3,REGGIO CALABRIA,-0.08039324024636613,CALABRIA,negative,4
19940327,1994,greenacre_weighted_power_0175,3,ISERNIA,-0.0792956765546516,MOLISE,negative,5
19940327,1994,greenacre_weighted_power_0175,3,CAMPOBASSO,-0.07732146474075868,MOLISE,negative,6
19940327,1994,greenacre_weighted_power_0175,3,CROTONE,-0.07618330484717534,CALABRIA,negative,7
19940327,1994,greenacre_weighted_power_0175,3,SUD SARDEGNA,-0.07291893280386334,SARDEGNA,negative,8
19940327,1994,greenacre_weighted_power_0175,3,ORISTANO,-0.07173850694295034,SARDEGNA,negative,9
19940327,1994,greenacre_weighted_power_0175,3,SASSARI,-0.07055556315964462,SARDEGNA,negative,10
19940327,1994,greenacre_weighted_power_0175,3,BRINDISI,0.37497744769844726,PUGLIA,positive,1
19940327,1994,greenacre_weighted_power_0175,3,LECCE,0.37360565533065143,PUGLIA,positive,2
19940327,1994,greenacre_weighted_power_0175,3,BARLETTA-ANDRIA-TRANI,0.37351346734363794,PUGLIA,positive,3
19940327,1994,greenacre_weighted_power_0175,3,BARI,0.3729631676713463,PUGLIA,positive,4
19940327,1994,greenacre_weighted_power_0175,3,FOGGIA,0.37270442954379934,PUGLIA,positive,5
19940327,1994,greenacre_weighted_power_0175,3,TARANTO,0.32857532611222084,PUGLIA,positive,6
19940327,1994,greenacre_weighted_power_0175,3,PRATO,0.042366672769947426,TOSCANA,positive,7
19940327,1994,greenacre_weighted_power_0175,3,PISA,0.04060201820863171,TOSCANA,positive,8
19940327,1994,greenacre_weighted_power_0175,3,PISTOIA,0.04049594176531676,TOSCANA,positive,9
19940327,1994,greenacre_weighted_power_0175,3,FORLÌ-CESENA,0.04027472016438352,EMILIA-ROMAGNA,positive,10
19940327,1994,greenacre_weighted_power_0175,4,CATANZARO,-0.14772095351534595,CALABRIA,negative,1
19940327,1994,greenacre_weighted_power_0175,4,COSENZA,-0.14768975984618007,CALABRIA,negative,2
19940327,1994,greenacre_weighted_power_0175,4,VIBO VALENTIA,-0.1476743202059544,CALABRIA,negative,3
19940327,1994,greenacre_weighted_power_0175,4,REGGIO CALABRIA,-0.14268999080316647,CALABRIA,negative,4
19940327,1994,greenacre_weighted_power_0175,4,ISERNIA,-0.14008790584875314,MOLISE,negative,5
19940327,1994,greenacre_weighted_power_0175,4,CAMPOBASSO,-0.13645828053557357,MOLISE,negative,6
19940327,1994,greenacre_weighted_power_0175,4,CROTONE,-0.13401675349818373,CALABRIA,negative,7
19940327,1994,greenacre_weighted_power_0175,4,SUD SARDEGNA,-0.11452489482455142,SARDEGNA,negative,8
19940327,1994,greenacre_weighted_power_0175,4,ORISTANO,-0.11294818525066343,SARDEGNA,negative,9
19940327,1994,greenacre_weighted_power_0175,4,SASSARI,-0.1108078138718565,SARDEGNA,negative,10
19940327,1994,greenacre_weighted_power_0175,4,VERCELLI,0.20569140105663772,PIEMONTE,positive,1
19940327,1994,greenacre_weighted_power_0175,4,NOVARA,0.20386365055340666,PIEMONTE,positive,2
19940327,1994,greenacre_weighted_power_0175,4,BIELLA,0.2035499630997006,PIEMONTE,positive,3
19940327,1994,greenacre_weighted_power_0175,4,ALESSANDRIA,0.20126357483667884,PIEMONTE,positive,4
19940327,1994,greenacre_weighted_power_0175,4,ASTI,0.20044112091189603,PIEMONTE,positive,5
19940327,1994,greenacre_weighted_power_0175,4,VERBANO-CUSIO-OSSOLA,0.19688656989745865,PIEMONTE,positive,6
19940327,1994,greenacre_weighted_power_0175,4,CUNEO,0.17998119882076435,PIEMONTE,positive,7
19940327,1994,greenacre_weighted_power_0175,4,LODI,0.16162024019678753,LOMBARDIA,positive,8
19940327,1994,greenacre_weighted_power_0175,4,PAVIA,0.16086456208133124,LOMBARDIA,positive,9
19940327,1994,greenacre_weighted_power_0175,4,CREMONA,0.1607686147554052,LOMBARDIA,positive,10
19960421,1996,greenacre_weighted_power_0175,2,LA SPEZIA,-0.046777339393930605,LIGURIA,negative,1
19960421,1996,greenacre_weighted_power_0175,2,SALERNO,-0.0450860226893056,CAMPANIA,negative,2
19960421,1996,greenacre_weighted_power_0175,2,PRATO,-0.04498083098127906,TOSCANA,negative,3
19960421,1996,greenacre_weighted_power_0175,2,PISTOIA,-0.04466035736750533,TOSCANA,negative,4
19960421,1996,greenacre_weighted_power_0175,2,SUD SARDEGNA,-0.044581311636385006,SARDEGNA,negative,5
19960421,1996,greenacre_weighted_power_0175,2,GENOVA,-0.04424421520504222,LIGURIA,negative,6
19960421,1996,greenacre_weighted_power_0175,2,ANCONA,-0.04408051396871591,MARCHE,negative,7
19960421,1996,greenacre_weighted_power_0175,2,CAGLIARI,-0.043716786631979164,SARDEGNA,negative,8
19960421,1996,greenacre_weighted_power_0175,2,RAGUSA,-0.043615001920242646,SICILIA,negative,9
19960421,1996,greenacre_weighted_power_0175,2,MASSA-CARRARA,-0.043320443385081106,TOSCANA,negative,10
19960421,1996,greenacre_weighted_power_0175,2,CHIETI,0.2596601316120165,ABRUZZO,positive,1
19960421,1996,greenacre_weighted_power_0175,2,COSENZA,0.25913725653938624,CALABRIA,positive,2
19960421,1996,greenacre_weighted_power_0175,2,L'AQUILA,0.25841051611012245,ABRUZZO,positive,3
19960421,1996,greenacre_weighted_power_0175,2,CATANZARO,0.256749020285233,CALABRIA,positive,4
19960421,1996,greenacre_weighted_power_0175,2,NAPOLI,0.244173268114995,CAMPANIA,positive,5
19960421,1996,greenacre_weighted_power_0175,2,REGGIO CALABRIA,0.24239381646274194,CALABRIA,positive,6
19960421,1996,greenacre_weighted_power_0175,2,TERAMO,0.24085392897543753,ABRUZZO,positive,7
19960421,1996,greenacre_weighted_power_0175,2,PESCARA,0.240212381998605,ABRUZZO,positive,8
19960421,1996,greenacre_weighted_power_0175,2,MATERA,0.2349931950932912,BASILICATA,positive,9
19960421,1996,greenacre_weighted_power_0175,2,POTENZA,0.23204915212258626,BASILICATA,positive,10
19960421,1996,greenacre_weighted_power_0175,3,BRINDISI,-0.09365849886779472,PUGLIA,negative,1
19960421,1996,greenacre_weighted_power_0175,3,BARI,-0.09354456441315583,PUGLIA,negative,2
19960421,1996,greenacre_weighted_power_0175,3,TRAPANI,-0.0925670987192562,SICILIA,negative,3
19960421,1996,greenacre_weighted_power_0175,3,SALERNO,-0.09228595926914727,CAMPANIA,negative,4
19960421,1996,greenacre_weighted_power_0175,3,RAGUSA,-0.09162281246394009,SICILIA,negative,5
19960421,1996,greenacre_weighted_power_0175,3,SIRACUSA,-0.09124695971017344,SICILIA,negative,6
19960421,1996,greenacre_weighted_power_0175,3,LECCE,-0.09007722773647041,PUGLIA,negative,7
19960421,1996,greenacre_weighted_power_0175,3,CASERTA,-0.08987908387163292,CAMPANIA,negative,8
19960421,1996,greenacre_weighted_power_0175,3,FOGGIA,-0.08925638595475814,PUGLIA,negative,9
19960421,1996,greenacre_weighted_power_0175,3,CALTANISSETTA,-0.08887151064133421,SICILIA,negative,10
19960421,1996,greenacre_weighted_power_0175,3,VERCELLI,0.2662639870841229,PIEMONTE,positive,1
19960421,1996,greenacre_weighted_power_0175,3,BIELLA,0.2639769348864649,PIEMONTE,positive,2
19960421,1996,greenacre_weighted_power_0175,3,NOVARA,0.2619102587648358,PIEMONTE,positive,3
19960421,1996,greenacre_weighted_power_0175,3,ALESSANDRIA,0.25976196327467466,PIEMONTE,positive,4
19960421,1996,greenacre_weighted_power_0175,3,ASTI,0.2575154333728278,PIEMONTE,positive,5
19960421,1996,greenacre_weighted_power_0175,3,VERBANO-CUSIO-OSSOLA,0.2502869969652719,PIEMONTE,positive,6
19960421,1996,greenacre_weighted_power_0175,3,GORIZIA,0.19307340001534942,FRIULI-VENEZIA GIULIA,positive,7
19960421,1996,greenacre_weighted_power_0175,3,PORDENONE,0.19262778074465334,FRIULI-VENEZIA GIULIA,positive,8
19960421,1996,greenacre_weighted_power_0175,3,TRIESTE,0.18611732534203929,FRIULI-VENEZIA GIULIA,positive,9
19960421,1996,greenacre_weighted_power_0175,3,UDINE,0.18375938300949204,FRIULI-VENEZIA GIULIA,positive,10
19960421,1996,greenacre_weighted_power_0175,4,VARESE,-0.16308846880984684,LOMBARDIA,negative,1
19960421,1996,greenacre_weighted_power_0175,4,LECCO,-0.16302890182182053,LOMBARDIA,negative,2
19960421,1996,greenacre_weighted_power_0175,4,BERGAMO,-0.16218981300952262,LOMBARDIA,negative,3
19960421,1996,greenacre_weighted_power_0175,4,BRESCIA,-0.1615702698881206,LOMBARDIA,negative,4
19960421,1996,greenacre_weighted_power_0175,4,COMO,-0.1584246395015991,LOMBARDIA,negative,5
19960421,1996,greenacre_weighted_power_0175,4,VERONA,-0.14569954459658807,VENETO,negative,6
19960421,1996,greenacre_weighted_power_0175,4,PADOVA,-0.14405229562778177,VENETO,negative,7
19960421,1996,greenacre_weighted_power_0175,4,VICENZA,-0.14183429024222816,VENETO,negative,8
19960421,1996,greenacre_weighted_power_0175,4,MONZA E DELLA BRIANZA,-0.13931542193168325,LOMBARDIA,negative,9
19960421,1996,greenacre_weighted_power_0175,4,VENEZIA,-0.1303996030423991,VENETO,negative,10
19960421,1996,greenacre_weighted_power_0175,4,VERCELLI,0.18747290253719043,PIEMONTE,positive,1
19960421,1996,greenacre_weighted_power_0175,4,BIELLA,0.18534113078721765,PIEMONTE,positive,2
19960421,1996,greenacre_weighted_power_0175,4,NOVARA,0.1836504564727218,PIEMONTE,positive,3
19960421,1996,greenacre_weighted_power_0175,4,ALESSANDRIA,0.18209694810503235,PIEMONTE,positive,4
19960421,1996,greenacre_weighted_power_0175,4,ASTI,0.17834729728400903,PIEMONTE,positive,5
19960421,1996,greenacre_weighted_power_0175,4,VERBANO-CUSIO-OSSOLA,0.17291844409603924,PIEMONTE,positive,6
19960421,1996,greenacre_weighted_power_0175,4,BARI,0.13960517245142287,PUGLIA,positive,7
19960421,1996,greenacre_weighted_power_0175,4,TRAPANI,0.13673132142270403,SICILIA,positive,8
19960421,1996,greenacre_weighted_power_0175,4,CASERTA,0.13587915625014121,CAMPANIA,positive,9
19960421,1996,greenacre_weighted_power_0175,4,FOGGIA,0.13534884723751045,PUGLIA,positive,10
20010513,2001,greenacre_weighted_power_0175,2,ASTI,-0.07730836746828025,PIEMONTE,negative,1
20010513,2001,greenacre_weighted_power_0175,2,PIACENZA,-0.07730812968942491,EMILIA-ROMAGNA,negative,2
20010513,2001,greenacre_weighted_power_0175,2,PADOVA,-0.0761218409827945,VENETO,negative,3
20010513,2001,greenacre_weighted_power_0175,2,TARANTO,-0.07576516831276024,PUGLIA,negative,4
20010513,2001,greenacre_weighted_power_0175,2,NOVARA,-0.0750907990085503,PIEMONTE,negative,5
20010513,2001,greenacre_weighted_power_0175,2,CUNEO,-0.0746930732626738,PIEMONTE,negative,6
20010513,2001,greenacre_weighted_power_0175,2,ROVIGO,-0.07437707144494395,VENETO,negative,7
20010513,2001,greenacre_weighted_power_0175,2,SAVONA,-0.07430934626353147,LIGURIA,negative,8
20010513,2001,greenacre_weighted_power_0175,2,BIELLA,-0.07376787627432699,PIEMONTE,negative,9
20010513,2001,greenacre_weighted_power_0175,2,PARMA,-0.07272788556318521,EMILIA-ROMAGNA,negative,10
20010513,2001,greenacre_weighted_power_0175,2,FROSINONE,0.17378696779028618,LAZIO,positive,1
20010513,2001,greenacre_weighted_power_0175,2,CHIETI,0.17182741416076694,ABRUZZO,positive,2
20010513,2001,greenacre_weighted_power_0175,2,COSENZA,0.16624937767318138,CALABRIA,positive,3
20010513,2001,greenacre_weighted_power_0175,2,TERAMO,0.1659669580870596,ABRUZZO,positive,4
20010513,2001,greenacre_weighted_power_0175,2,CASERTA,0.16477295547045087,CAMPANIA,positive,5
20010513,2001,greenacre_weighted_power_0175,2,PESCARA,0.16435572458349607,ABRUZZO,positive,6
20010513,2001,greenacre_weighted_power_0175,2,L'AQUILA,0.16415393506359785,ABRUZZO,positive,7
20010513,2001,greenacre_weighted_power_0175,2,NAPOLI,0.16049442788234172,CAMPANIA,positive,8
20010513,2001,greenacre_weighted_power_0175,2,SALERNO,0.1580689788261114,CAMPANIA,positive,9
20010513,2001,greenacre_weighted_power_0175,2,ASCOLI PICENO,0.15785524665456568,MARCHE,positive,10
20010513,2001,greenacre_weighted_power_0175,3,VARESE,-0.1467401017996714,LOMBARDIA,negative,1
20010513,2001,greenacre_weighted_power_0175,3,COMO,-0.14103430414152537,LOMBARDIA,negative,2
20010513,2001,greenacre_weighted_power_0175,3,TREVISO,-0.13759208354209057,VENETO,negative,3
20010513,2001,greenacre_weighted_power_0175,3,LECCO,-0.1369889925013407,LOMBARDIA,negative,4
20010513,2001,greenacre_weighted_power_0175,3,VICENZA,-0.13633926260428075,VENETO,negative,5
20010513,2001,greenacre_weighted_power_0175,3,BERGAMO,-0.1346337414945985,LOMBARDIA,negative,6
20010513,2001,greenacre_weighted_power_0175,3,BRESCIA,-0.13225619482585316,LOMBARDIA,negative,7
20010513,2001,greenacre_weighted_power_0175,3,VERONA,-0.12880268506013268,VENETO,negative,8
20010513,2001,greenacre_weighted_power_0175,3,CUNEO,-0.1202556155865438,PIEMONTE,negative,9
20010513,2001,greenacre_weighted_power_0175,3,PADOVA,-0.1195793891324751,VENETO,negative,10
20010513,2001,greenacre_weighted_power_0175,3,PISA,0.24031886825467857,TOSCANA,positive,1
20010513,2001,greenacre_weighted_power_0175,3,AREZZO,0.23820805825879737,TOSCANA,positive,2
20010513,2001,greenacre_weighted_power_0175,3,PRATO,0.22916998792542104,TOSCANA,positive,3
20010513,2001,greenacre_weighted_power_0175,3,FIRENZE,0.22871751695195783,TOSCANA,positive,4
20010513,2001,greenacre_weighted_power_0175,3,PISTOIA,0.2280449976217663,TOSCANA,positive,5
20010513,2001,greenacre_weighted_power_0175,3,LIVORNO,0.21828149564042565,TOSCANA,positive,6
20010513,2001,greenacre_weighted_power_0175,3,SIENA,0.2065156298761768,TOSCANA,positive,7
20010513,2001,greenacre_weighted_power_0175,3,BOLOGNA,0.19902598392185977,EMILIA-ROMAGNA,positive,8
20010513,2001,greenacre_weighted_power_0175,3,GROSSETO,0.19424804054898387,TOSCANA,positive,9
20010513,2001,greenacre_weighted_power_0175,3,RAVENNA,0.19194722092923056,EMILIA-ROMAGNA,positive,10
20010513,2001,greenacre_weighted_power_0175,4,RAVENNA,-0.10357526379260254,EMILIA-ROMAGNA,negative,1
20010513,2001,greenacre_weighted_power_0175,4,FORLÌ-CESENA,-0.1015145407558668,EMILIA-ROMAGNA,negative,2
20010513,2001,greenacre_weighted_power_0175,4,BOLOGNA,-0.10149021759231144,EMILIA-ROMAGNA,negative,3
20010513,2001,greenacre_weighted_power_0175,4,MODENA,-0.09533273108339009,EMILIA-ROMAGNA,negative,4
20010513,2001,greenacre_weighted_power_0175,4,FIRENZE,-0.09531542631101123,TOSCANA,negative,5
20010513,2001,greenacre_weighted_power_0175,4,PISA,-0.09317801723925531,TOSCANA,negative,6
20010513,2001,greenacre_weighted_power_0175,4,PRATO,-0.0915486497055494,TOSCANA,negative,7
20010513,2001,greenacre_weighted_power_0175,4,FERRARA,-0.0889730139829199,EMILIA-ROMAGNA,negative,8
20010513,2001,greenacre_weighted_power_0175,4,AREZZO,-0.0884704624413577,TOSCANA,negative,9
20010513,2001,greenacre_weighted_power_0175,4,LIVORNO,-0.08612603009276835,TOSCANA,negative,10
20010513,2001,greenacre_weighted_power_0175,4,BARI,0.30778549537906374,PUGLIA,positive,1
20010513,2001,greenacre_weighted_power_0175,4,BRINDISI,0.3015701859196133,PUGLIA,positive,2
20010513,2001,greenacre_weighted_power_0175,4,LECCE,0.2952751642813123,PUGLIA,positive,3
20010513,2001,greenacre_weighted_power_0175,4,RAGUSA,0.28175741537491544,SICILIA,positive,4
20010513,2001,greenacre_weighted_power_0175,4,FOGGIA,0.28137008372714417,PUGLIA,positive,5
20010513,2001,greenacre_weighted_power_0175,4,BARLETTA-ANDRIA-TRANI,0.2802817101528329,PUGLIA,positive,6
20010513,2001,greenacre_weighted_power_0175,4,SIRACUSA,0.267430127851193,SICILIA,positive,7
20010513,2001,greenacre_weighted_power_0175,4,MESSINA,0.2633915672113509,SICILIA,positive,8
20010513,2001,greenacre_weighted_power_0175,4,CATANIA,0.2529507730040177,SICILIA,positive,9
20010513,2001,greenacre_weighted_power_0175,4,ENNA,0.21640795400471521,SICILIA,positive,10
20060409,2006,greenacre_weighted_power_0175,2,LECCE,-0.10221718579972212,PUGLIA,negative,1
20060409,2006,greenacre_weighted_power_0175,2,TERAMO,-0.0991122811566214,ABRUZZO,negative,2
20060409,2006,greenacre_weighted_power_0175,2,CHIETI,-0.09851171943547767,ABRUZZO,negative,3
20060409,2006,greenacre_weighted_power_0175,2,BARI,-0.09672150467606623,PUGLIA,negative,4
20060409,2006,greenacre_weighted_power_0175,2,FOGGIA,-0.09566904901987915,PUGLIA,negative,5
20060409,2006,greenacre_weighted_power_0175,2,TARANTO,-0.09398718319414388,PUGLIA,negative,6
20060409,2006,greenacre_weighted_power_0175,2,SALERNO,-0.0935996763412516,CAMPANIA,negative,7
20060409,2006,greenacre_weighted_power_0175,2,CASERTA,-0.0930563866174106,CAMPANIA,negative,8
20060409,2006,greenacre_weighted_power_0175,2,POTENZA,-0.09238036753028933,BASILICATA,negative,9
20060409,2006,greenacre_weighted_power_0175,2,L'AQUILA,-0.091783594734194,ABRUZZO,negative,10
20060409,2006,greenacre_weighted_power_0175,2,VARESE,0.17791464881071292,LOMBARDIA,positive,1
20060409,2006,greenacre_weighted_power_0175,2,BRESCIA,0.17512090610598285,LOMBARDIA,positive,2
20060409,2006,greenacre_weighted_power_0175,2,LECCO,0.17257973354774592,LOMBARDIA,positive,3
20060409,2006,greenacre_weighted_power_0175,2,MONZA E DELLA BRIANZA,0.1720677302322326,LOMBARDIA,positive,4
20060409,2006,greenacre_weighted_power_0175,2,COMO,0.16721253302408404,LOMBARDIA,positive,5
20060409,2006,greenacre_weighted_power_0175,2,PORDENONE,0.16604789477460125,FRIULI-VENEZIA GIULIA,positive,6
20060409,2006,greenacre_weighted_power_0175,2,TREVISO,0.16550344329625194,VENETO,positive,7
20060409,2006,greenacre_weighted_power_0175,2,BERGAMO,0.16372608605903977,LOMBARDIA,positive,8
20060409,2006,greenacre_weighted_power_0175,2,CREMONA,0.16337002626984048,LOMBARDIA,positive,9
20060409,2006,greenacre_weighted_power_0175,2,TRENTO,0.16253335203698738,TRENTINO-ALTO ADIGE/SÜDTIROL,positive,10
20060409,2006,greenacre_weighted_power_0175,3,CATANZARO,-0.104154170982932,CALABRIA,negative,1
20060409,2006,greenacre_weighted_power_0175,3,CASERTA,-0.10160334424274196,CAMPANIA,negative,2
20060409,2006,greenacre_weighted_power_0175,3,REGGIO CALABRIA,-0.10128688830797716,CALABRIA,negative,3
20060409,2006,greenacre_weighted_power_0175,3,FOGGIA,-0.0993300377704362,PUGLIA,negative,4
20060409,2006,greenacre_weighted_power_0175,3,BARI,-0.09917975149448803,PUGLIA,negative,5
20060409,2006,greenacre_weighted_power_0175,3,SALERNO,-0.09895170673535551,CAMPANIA,negative,6
20060409,2006,greenacre_weighted_power_0175,3,BARLETTA-ANDRIA-TRANI,-0.09838055806532572,PUGLIA,negative,7
20060409,2006,greenacre_weighted_power_0175,3,TRAPANI,-0.09596229804721187,SICILIA,negative,8
20060409,2006,greenacre_weighted_power_0175,3,COSENZA,-0.09560729210181795,CALABRIA,negative,9
20060409,2006,greenacre_weighted_power_0175,3,NAPOLI,-0.09351118249216102,CAMPANIA,negative,10
20060409,2006,greenacre_weighted_power_0175,3,RAVENNA,0.22794528576814937,EMILIA-ROMAGNA,positive,1
20060409,2006,greenacre_weighted_power_0175,3,FORLÌ-CESENA,0.2212540320205196,EMILIA-ROMAGNA,positive,2
20060409,2006,greenacre_weighted_power_0175,3,BOLOGNA,0.2195713943415802,EMILIA-ROMAGNA,positive,3
20060409,2006,greenacre_weighted_power_0175,3,PRATO,0.21492849862379995,TOSCANA,positive,4
20060409,2006,greenacre_weighted_power_0175,3,AREZZO,0.20284128786606354,TOSCANA,positive,5
20060409,2006,greenacre_weighted_power_0175,3,PISA,0.20054039338731294,TOSCANA,positive,6
20060409,2006,greenacre_weighted_power_0175,3,PESARO E URBINO,0.19824318841034294,MARCHE,positive,7
20060409,2006,greenacre_weighted_power_0175,3,SIENA,0.19494673696133377,TOSCANA,positive,8
20060409,2006,greenacre_weighted_power_0175,3,FIRENZE,0.19181770538278292,TOSCANA,positive,9
20060409,2006,greenacre_weighted_power_0175,3,MODENA,0.19036843215869406,EMILIA-ROMAGNA,positive,10
20060409,2006,greenacre_weighted_power_0175,4,ALESSANDRIA,-0.19150110902864015,PIEMONTE,negative,1
20060409,2006,greenacre_weighted_power_0175,4,VERCELLI,-0.1863737297092111,PIEMONTE,negative,2
20060409,2006,greenacre_weighted_power_0175,4,BIELLA,-0.18234652835255244,PIEMONTE,negative,3
20060409,2006,greenacre_weighted_power_0175,4,NOVARA,-0.17667213397371123,PIEMONTE,negative,4
20060409,2006,greenacre_weighted_power_0175,4,SAVONA,-0.17130096077354912,LIGURIA,negative,5
20060409,2006,greenacre_weighted_power_0175,4,MILANO,-0.15873253162991902,LOMBARDIA,negative,6
20060409,2006,greenacre_weighted_power_0175,4,PAVIA,-0.14611434809992813,LOMBARDIA,negative,7
20060409,2006,greenacre_weighted_power_0175,4,ASTI,-0.14442731874950157,PIEMONTE,negative,8
20060409,2006,greenacre_weighted_power_0175,4,VERBANO-CUSIO-OSSOLA,-0.14180461133961336,PIEMONTE,negative,9
20060409,2006,greenacre_weighted_power_0175,4,PIACENZA,-0.13887134680312,EMILIA-ROMAGNA,negative,10
20060409,2006,greenacre_weighted_power_0175,4,BERGAMO,0.2366330586520586,LOMBARDIA,positive,1
20060409,2006,greenacre_weighted_power_0175,4,TREVISO,0.23347585426823722,VENETO,positive,2
20060409,2006,greenacre_weighted_power_0175,4,BRESCIA,0.21801623960571004,LOMBARDIA,positive,3
20060409,2006,greenacre_weighted_power_0175,4,COMO,0.20411729981195836,LOMBARDIA,positive,4
20060409,2006,greenacre_weighted_power_0175,4,VERONA,0.2021945369944562,VENETO,positive,5
20060409,2006,greenacre_weighted_power_0175,4,VICENZA,0.20173755195057774,VENETO,positive,6
20060409,2006,greenacre_weighted_power_0175,4,SONDRIO,0.18647614156936373,LOMBARDIA,positive,7
20060409,2006,greenacre_weighted_power_0175,4,VARESE,0.17861746693625524,LOMBARDIA,positive,8
20060409,2006,greenacre_weighted_power_0175,4,LECCO,0.17522633052784795,LOMBARDIA,positive,9
20060409,2006,greenacre_weighted_power_0175,4,PISA,0.09784780457040076,TOSCANA,positive,10
20080413,2008,greenacre_weighted_power_0175,2,TERAMO,-0.10138457978572915,ABRUZZO,negative,1
20080413,2008,greenacre_weighted_power_0175,2,BARI,-0.10102933978911924,PUGLIA,negative,2
20080413,2008,greenacre_weighted_power_0175,2,PESCARA,-0.09751347767454613,ABRUZZO,negative,3
20080413,2008,greenacre_weighted_power_0175,2,LECCE,-0.09687347230438166,PUGLIA,negative,4
20080413,2008,greenacre_weighted_power_0175,2,VIBO VALENTIA,-0.09367262324488874,CALABRIA,negative,5
20080413,2008,greenacre_weighted_power_0175,2,ASCOLI PICENO,-0.09344885361240327,MARCHE,negative,6
20080413,2008,greenacre_weighted_power_0175,2,FROSINONE,-0.09265350470048053,LAZIO,negative,7
20080413,2008,greenacre_weighted_power_0175,2,CATANZARO,-0.092578437974958655,CALABRIA,negative,8
20080413,2008,greenacre_weighted_power_0175,2,BENEVENTO,-0.09155689496821225,CAMPANIA,negative,9
20080413,2008,greenacre_weighted_power_0175,2,POTENZA,-0.09133447943486235,BASILICATA,negative,10
20080413,2008,greenacre_weighted_power_0175,2,LECCO,0.17554755261243832,LOMBARDIA,positive,1
20080413,2008,greenacre_weighted_power_0175,2,VARESE,0.17007748886412774,LOMBARDIA,positive,2
20080413,2008,greenacre_weighted_power_0175,2,PADOVA,0.16862385749401737,VENETO,positive,3
20080413,2008,greenacre_weighted_power_0175,2,BRESCIA,0.16404253238658992,LOMBARDIA,positive,4
20080413,2008,greenacre_weighted_power_0175,2,VICENZA,0.16398382426541233,VENETO,positive,5
20080413,2008,greenacre_weighted_power_0175,2,TREVISO,0.16365794422402558,VENETO,positive,6
20080413,2008,greenacre_weighted_power_0175,2,CREMONA,0.16306655199777895,LOMBARDIA,positive,7
20080413,2008,greenacre_weighted_power_0175,2,VERONA,0.1623785967971966,VENETO,positive,8
20080413,2008,greenacre_weighted_power_0175,2,PORDENONE,0.16105809397649637,FRIULI-VENEZIA GIULIA,positive,9
20080413,2008,greenacre_weighted_power_0175,2,COMO,0.16089082932638787,LOMBARDIA,positive,10
20080413,2008,greenacre_weighted_power_0175,3,TRAPANI,-0.11390128146222303,SICILIA,negative,1
20080413,2008,greenacre_weighted_power_0175,3,RAGUSA,-0.11206456988331605,SICILIA,negative,2
20080413,2008,greenacre_weighted_power_0175,3,SIRACUSA,-0.11120356585826498,SICILIA,negative,3
20080413,2008,greenacre_weighted_power_0175,3,PALERMO,-0.10691081237974803,SICILIA,negative,4
20080413,2008,greenacre_weighted_power_0175,3,MESSINA,-0.10062755803069229,SICILIA,negative,5
20080413,2008,greenacre_weighted_power_0175,3,AGRIGENTO,-0.09949617185614612,SICILIA,negative,6
20080413,2008,greenacre_weighted_power_0175,3,BRINDISI,-0.0994596705082677,PUGLIA,negative,7
20080413,2008,greenacre_weighted_power_0175,3,REGGIO CALABRIA,-0.0976088301663816,CALABRIA,negative,8
20080413,2008,greenacre_weighted_power_0175,3,NAPOLI,-0.09727259191270266,CAMPANIA,negative,9
20080413,2008,greenacre_weighted_power_0175,3,ORISTANO,-0.09695658613028951,SARDEGNA,negative,10
20080413,2008,greenacre_weighted_power_0175,3,RAVENNA,0.2273261037647092,EMILIA-ROMAGNA,positive,1
20080413,2008,greenacre_weighted_power_0175,3,FORLÌ-CESENA,0.2235788070295217,EMILIA-ROMAGNA,positive,2
20080413,2008,greenacre_weighted_power_0175,3,BOLOGNA,0.2118055411392121,EMILIA-ROMAGNA,positive,3
20080413,2008,greenacre_weighted_power_0175,3,MODENA,0.20991569244117672,EMILIA-ROMAGNA,positive,4
20080413,2008,greenacre_weighted_power_0175,3,REGGIO NELL'EMILIA,0.20004686132105567,EMILIA-ROMAGNA,positive,5
20080413,2008,greenacre_weighted_power_0175,3,FERRARA,0.19064522166063064,EMILIA-ROMAGNA,positive,6
20080413,2008,greenacre_weighted_power_0175,3,AREZZO,0.18589795043362595,TOSCANA,positive,7
20080413,2008,greenacre_weighted_power_0175,3,PESARO E URBINO,0.18341726028592525,MARCHE,positive,8
20080413,2008,greenacre_weighted_power_0175,3,PISA,0.1817911780525318,TOSCANA,positive,9
20080413,2008,greenacre_weighted_power_0175,3,PRATO,0.18051958854474118,TOSCANA,positive,10
20080413,2008,greenacre_weighted_power_0175,4,ROMA,-0.1867538267828137,LAZIO,negative,1
20080413,2008,greenacre_weighted_power_0175,4,VITERBO,-0.18239751640944815,LAZIO,negative,2
20080413,2008,greenacre_weighted_power_0175,4,RIETI,-0.18229327430291042,LAZIO,negative,3
20080413,2008,greenacre_weighted_power_0175,4,TERAMO,-0.1786777807779442,ABRUZZO,negative,4
20080413,2008,greenacre_weighted_power_0175,4,FROSINONE,-0.17618445883804895,LAZIO,negative,5
20080413,2008,greenacre_weighted_power_0175,4,PESCARA,-0.1733781314232308,ABRUZZO,negative,6
20080413,2008,greenacre_weighted_power_0175,4,LECCE,-0.15470623206461318,PUGLIA,negative,7
20080413,2008,greenacre_weighted_power_0175,4,FOGGIA,-0.14666728503186163,PUGLIA,negative,8
20080413,2008,greenacre_weighted_power_0175,4,MATERA,-0.138195531040898,BASILICATA,negative,9
20080413,2008,greenacre_weighted_power_0175,4,LATINA,-0.13406763459631424,LAZIO,negative,10
20080413,2008,greenacre_weighted_power_0175,4,SIRACUSA,0.19818780114085507,SICILIA,positive,1
20080413,2008,greenacre_weighted_power_0175,4,RAGUSA,0.1896765430161285,SICILIA,positive,2
20080413,2008,greenacre_weighted_power_0175,4,TRAPANI,0.18464269449998214,SICILIA,positive,3
20080413,2008,greenacre_weighted_power_0175,4,AGRIGENTO,0.1716974263922087,SICILIA,positive,4
20080413,2008,greenacre_weighted_power_0175,4,MESSINA,0.17112956488061043,SICILIA,positive,5
20080413,2008,greenacre_weighted_power_0175,4,TARANTO,0.16745473475091693,PUGLIA,positive,6
20080413,2008,greenacre_weighted_power_0175,4,PALERMO,0.1645621953689424,SICILIA,positive,7
20080413,2008,greenacre_weighted_power_0175,4,ENNA,0.16387586887881034,SICILIA,positive,8
20080413,2008,greenacre_weighted_power_0175,4,CALTANISSETTA,0.1580633469436258,SICILIA,positive,9
20080413,2008,greenacre_weighted_power_0175,4,REGGIO CALABRIA,0.15044789502191153,CALABRIA,positive,10
20130224,2013,greenacre_weighted_power_0175,2,NAPOLI,-0.0993890511991998,CAMPANIA,negative,1
20130224,2013,greenacre_weighted_power_0175,2,L'AQUILA,-0.09921650031186945,ABRUZZO,negative,2
20130224,2013,greenacre_weighted_power_0175,2,MESSINA,-0.09823945322760509,SICILIA,negative,3
20130224,2013,greenacre_weighted_power_0175,2,FOGGIA,-0.09618435368060445,PUGLIA,negative,4
20130224,2013,greenacre_weighted_power_0175,2,MATERA,-0.0958371106175865,BASILICATA,negative,5
20130224,2013,greenacre_weighted_power_0175,2,LECCE,-0.09488267640143935,PUGLIA,negative,6
20130224,2013,greenacre_weighted_power_0175,2,BENEVENTO,-0.09453585118121152,CAMPANIA,negative,7
20130224,2013,greenacre_weighted_power_0175,2,COSENZA,-0.09445465508537015,CALABRIA,negative,8
20130224,2013,greenacre_weighted_power_0175,2,TARANTO,-0.09302648214890272,PUGLIA,negative,9
20130224,2013,greenacre_weighted_power_0175,2,BARI,-0.09253492445036571,PUGLIA,negative,10
20130224,2013,greenacre_weighted_power_0175,2,MONZA E DELLA BRIANZA,0.18704175384334956,LOMBARDIA,positive,1
20130224,2013,greenacre_weighted_power_0175,2,VARESE,0.17870538275821696,LOMBARDIA,positive,2
20130224,2013,greenacre_weighted_power_0175,2,LECCO,0.17774370738028367,LOMBARDIA,positive,3
20130224,2013,greenacre_weighted_power_0175,2,CREMONA,0.17404030211478094,LOMBARDIA,positive,4
20130224,2013,greenacre_weighted_power_0175,2,LODI,0.17314280855166042,LOMBARDIA,positive,5
20130224,2013,greenacre_weighted_power_0175,2,BRESCIA,0.172165529407006,LOMBARDIA,positive,6
20130224,2013,greenacre_weighted_power_0175,2,PORDENONE,0.16863986484567953,FRIULI-VENEZIA GIULIA,positive,7
20130224,2013,greenacre_weighted_power_0175,2,COMO,0.16828869392587403,LOMBARDIA,positive,8
20130224,2013,greenacre_weighted_power_0175,2,BERGAMO,0.16649911142174617,LOMBARDIA,positive,9
20130224,2013,greenacre_weighted_power_0175,2,PAVIA,0.16600056967453183,LOMBARDIA,positive,10
20130224,2013,greenacre_weighted_power_0175,3,COSENZA,-0.1395277339994359,CALABRIA,negative,1
20130224,2013,greenacre_weighted_power_0175,3,MESSINA,-0.13761723322955033,SICILIA,negative,2
20130224,2013,greenacre_weighted_power_0175,3,PALERMO,-0.13612919702802576,SICILIA,negative,3
20130224,2013,greenacre_weighted_power_0175,3,CATANZARO,-0.13522409144207218,CALABRIA,negative,4
20130224,2013,greenacre_weighted_power_0175,3,CROTONE,-0.13436293384170717,CALABRIA,negative,5
20130224,2013,greenacre_weighted_power_0175,3,ENNA,-0.13133766650671042,SICILIA,negative,6
20130224,2013,greenacre_weighted_power_0175,3,AGRIGENTO,-0.13083920475014724,SICILIA,negative,7
20130224,2013,greenacre_weighted_power_0175,3,NAPOLI,-0.12965698698818173,CAMPANIA,negative,8
20130224,2013,greenacre_weighted_power_0175,3,REGGIO CALABRIA,-0.12565838578347815,CALABRIA,negative,9
20130224,2013,greenacre_weighted_power_0175,3,CASERTA,-0.12472235759820571,CAMPANIA,negative,10
20130224,2013,greenacre_weighted_power_0175,3,SIENA,0.18159641498263349,TOSCANA,positive,1
20130224,2013,greenacre_weighted_power_0175,3,PISA,0.18135178020372414,TOSCANA,positive,2
20130224,2013,greenacre_weighted_power_0175,3,PRATO,0.18074361294393265,TOSCANA,positive,3
20130224,2013,greenacre_weighted_power_0175,3,RAVENNA,0.17851888670926314,EMILIA-ROMAGNA,positive,4
20130224,2013,greenacre_weighted_power_0175,3,AREZZO,0.1784164593757021,TOSCANA,positive,5
20130224,2013,greenacre_weighted_power_0175,3,BOLOGNA,0.17726907959879987,EMILIA-ROMAGNA,positive,6
20130224,2013,greenacre_weighted_power_0175,3,REGGIO NELL'EMILIA,0.17231784116134782,EMILIA-ROMAGNA,positive,7
20130224,2013,greenacre_weighted_power_0175,3,FORLÌ-CESENA,0.17028332904918714,EMILIA-ROMAGNA,positive,8
20130224,2013,greenacre_weighted_power_0175,3,MODENA,0.16876950071481422,EMILIA-ROMAGNA,positive,9
20130224,2013,greenacre_weighted_power_0175,3,PISTOIA,0.163247600880528,TOSCANA,positive,10
20130224,2013,greenacre_weighted_power_0175,4,VITERBO,-0.1939303949974131,LAZIO,negative,1
20130224,2013,greenacre_weighted_power_0175,4,RIETI,-0.19142599642078656,LAZIO,negative,2
20130224,2013,greenacre_weighted_power_0175,4,TERAMO,-0.18577926611697462,ABRUZZO,negative,3
20130224,2013,greenacre_weighted_power_0175,4,ROMA,-0.1813346558752194,LAZIO,negative,4
20130224,2013,greenacre_weighted_power_0175,4,PESCARA,-0.17687772969547266,ABRUZZO,negative,5
20130224,2013,greenacre_weighted_power_0175,4,ASCOLI PICENO,-0.17236418473384443,MARCHE,negative,6
20130224,2013,greenacre_weighted_power_0175,4,ISERNIA,-0.16897266383579507,MOLISE,negative,7
20130224,2013,greenacre_weighted_power_0175,4,CAMPOBASSO,-0.16586709209408457,MOLISE,negative,8
20130224,2013,greenacre_weighted_power_0175,4,L'AQUILA,-0.16438675214974238,ABRUZZO,negative,9
20130224,2013,greenacre_weighted_power_0175,4,FROSINONE,-0.16213666780052546,LAZIO,negative,10
20130224,2013,greenacre_weighted_power_0175,4,RAVENNA,0.21668157773524743,EMILIA-ROMAGNA,positive,1
20130224,2013,greenacre_weighted_power_0175,4,MODENA,0.2156143292219579,EMILIA-ROMAGNA,positive,2
20130224,2013,greenacre_weighted_power_0175,4,REGGIO NELL'EMILIA,0.21244710230430588,EMILIA-ROMAGNA,positive,3
20130224,2013,greenacre_weighted_power_0175,4,BOLOGNA,0.19675618427981365,EMILIA-ROMAGNA,positive,4
20130224,2013,greenacre_weighted_power_0175,4,FORLÌ-CESENA,0.1947714848784378,EMILIA-ROMAGNA,positive,5
20130224,2013,greenacre_weighted_power_0175,4,FERRARA,0.16498619063005168,EMILIA-ROMAGNA,positive,6
20130224,2013,greenacre_weighted_power_0175,4,PARMA,0.1272918495509395,EMILIA-ROMAGNA,positive,7
20130224,2013,greenacre_weighted_power_0175,4,ENNA,0.10850202083945257,SICILIA,positive,8
20130224,2013,greenacre_weighted_power_0175,4,AGRIGENTO,0.10700413952178547,SICILIA,positive,9
20130224,2013,greenacre_weighted_power_0175,4,SASSARI,0.10247800065418898,SARDEGNA,positive,10
20180304,2018,greenacre_weighted_power_0175,2,VARESE,-0.15173994248815964,LOMBARDIA,negative,1
20180304,2018,greenacre_weighted_power_0175,2,COMO,-0.15069852199750128,LOMBARDIA,negative,2
20180304,2018,greenacre_weighted_power_0175,2,ROVIGO,-0.1488759805575426,VENETO,negative,3
20180304,2018,greenacre_weighted_power_0175,2,PADOVA,-0.1483814452292743,VENETO,negative,4
20180304,2018,greenacre_weighted_power_0175,2,TREVISO,-0.14802738754456415,VENETO,negative,5
20180304,2018,greenacre_weighted_power_0175,2,BRESCIA,-0.14634103627471287,LOMBARDIA,negative,6
20180304,2018,greenacre_weighted_power_0175,2,VICENZA,-0.14423997149051498,VENETO,negative,7
20180304,2018,greenacre_weighted_power_0175,2,LECCO,-0.14334188286815489,LOMBARDIA,negative,8
20180304,2018,greenacre_weighted_power_0175,2,BELLUNO,-0.13851735278529437,VENETO,negative,9
20180304,2018,greenacre_weighted_power_0175,2,PORDENONE,-0.13791799881383313,FRIULI-VENEZIA GIULIA,negative,10
20180304,2018,greenacre_weighted_power_0175,2,TARANTO,0.16752638563703526,PUGLIA,positive,1
20180304,2018,greenacre_weighted_power_0175,2,BARLETTA-ANDRIA-TRANI,0.1670872153296828,PUGLIA,positive,2
20180304,2018,greenacre_weighted_power_0175,2,COSENZA,0.16514927446385366,CALABRIA,positive,3
20180304,2018,greenacre_weighted_power_0175,2,MESSINA,0.1631434800817232,SICILIA,positive,4
20180304,2018,greenacre_weighted_power_0175,2,BRINDISI,0.1623304275815013,PUGLIA,positive,5
20180304,2018,greenacre_weighted_power_0175,2,CATANIA,0.15923587036797845,SICILIA,positive,6
20180304,2018,greenacre_weighted_power_0175,2,CATANZARO,0.15786902576065592,CALABRIA,positive,7
20180304,2018,greenacre_weighted_power_0175,2,ENNA,0.15568537029639784,SICILIA,positive,8
20180304,2018,greenacre_weighted_power_0175,2,FOGGIA,0.15566547013422283,PUGLIA,positive,9
20180304,2018,greenacre_weighted_power_0175,2,BARI,0.15557823924501518,PUGLIA,positive,10
20180304,2018,greenacre_weighted_power_0175,3,LUCCA,-0.10750332568094267,TOSCANA,negative,1
20180304,2018,greenacre_weighted_power_0175,3,TERNI,-0.10321334354758002,UMBRIA,negative,2
20180304,2018,greenacre_weighted_power_0175,3,GROSSETO,-0.10286654900990023,TOSCANA,negative,3
20180304,2018,greenacre_weighted_power_0175,3,SAVONA,-0.10236973937697763,LIGURIA,negative,4
20180304,2018,greenacre_weighted_power_0175,3,PARMA,-0.10229956954513249,EMILIA-ROMAGNA,negative,5
20180304,2018,greenacre_weighted_power_0175,3,PERUGIA,-0.10137384070654722,UMBRIA,negative,6
20180304,2018,greenacre_weighted_power_0175,3,MANTOVA,-0.10109619631112288,LOMBARDIA,negative,7
20180304,2018,greenacre_weighted_power_0175,3,RIMINI,-0.10069220273902091,EMILIA-ROMAGNA,negative,8
20180304,2018,greenacre_weighted_power_0175,3,AREZZO,-0.10043065460672708,TOSCANA,negative,9
20180304,2018,greenacre_weighted_power_0175,3,FERRARA,-0.10004763645907913,EMILIA-ROMAGNA,negative,10
20180304,2018,greenacre_weighted_power_0175,3,VARESE,0.18990322692504702,LOMBARDIA,positive,1
20180304,2018,greenacre_weighted_power_0175,3,COMO,0.18989409903737378,LOMBARDIA,positive,2
20180304,2018,greenacre_weighted_power_0175,3,TREVISO,0.1869206046451491,VENETO,positive,3
20180304,2018,greenacre_weighted_power_0175,3,PADOVA,0.18666365040523852,VENETO,positive,4
20180304,2018,greenacre_weighted_power_0175,3,ROVIGO,0.18547001139737038,VENETO,positive,5
20180304,2018,greenacre_weighted_power_0175,3,BRESCIA,0.18514544244627176,LOMBARDIA,positive,6
20180304,2018,greenacre_weighted_power_0175,3,VICENZA,0.18206045694479708,VENETO,positive,7
20180304,2018,greenacre_weighted_power_0175,3,LECCO,0.17957074740323714,LOMBARDIA,positive,8
20180304,2018,greenacre_weighted_power_0175,3,BERGAMO,0.17404081679913921,LOMBARDIA,positive,9
20180304,2018,greenacre_weighted_power_0175,3,PORDENONE,0.1730150304314571,FRIULI-VENEZIA GIULIA,positive,10
20180304,2018,greenacre_weighted_power_0175,4,BRESCIA,-0.061554329184701675,LOMBARDIA,negative,1
20180304,2018,greenacre_weighted_power_0175,4,COMO,-0.059667206561598324,LOMBARDIA,negative,2
20180304,2018,greenacre_weighted_power_0175,4,TREVISO,-0.05862018618354274,VENETO,negative,3
20180304,2018,greenacre_weighted_power_0175,4,BERGAMO,-0.058364220803600604,LOMBARDIA,negative,4
20180304,2018,greenacre_weighted_power_0175,4,LECCO,-0.05763804507163729,LOMBARDIA,negative,5
20180304,2018,greenacre_weighted_power_0175,4,PADOVA,-0.05679161089851835,VENETO,negative,6
20180304,2018,greenacre_weighted_power_0175,4,VICENZA,-0.05605390435420243,VENETO,negative,7
20180304,2018,greenacre_weighted_power_0175,4,VARESE,-0.05564877724062794,LOMBARDIA,negative,8
20180304,2018,greenacre_weighted_power_0175,4,ROVIGO,-0.050798823662128595,VENETO,negative,9
20180304,2018,greenacre_weighted_power_0175,4,VERONA,-0.04842839881099408,VENETO,negative,10
20180304,2018,greenacre_weighted_power_0175,4,ORISTANO,0.4293257289875107,SARDEGNA,positive,1
20180304,2018,greenacre_weighted_power_0175,4,SASSARI,0.4266547789752532,SARDEGNA,positive,2
20180304,2018,greenacre_weighted_power_0175,4,SUD SARDEGNA,0.4159505163887609,SARDEGNA,positive,3
20180304,2018,greenacre_weighted_power_0175,4,CAGLIARI,0.40922877068478725,SARDEGNA,positive,4
20180304,2018,greenacre_weighted_power_0175,4,NUORO,0.4083502267753949,SARDEGNA,positive,5
20180304,2018,greenacre_weighted_power_0175,4,BOLZANO/BOZEN,0.2178534912048556,TRENTINO-ALTO ADIGE/SÜDTIROL,positive,6
20180304,2018,greenacre_weighted_power_0175,4,TRIESTE,0.04981943017681874,FRIULI-VENEZIA GIULIA,positive,7
20180304,2018,greenacre_weighted_power_0175,4,GORIZIA,0.02114179019958371,FRIULI-VENEZIA GIULIA,positive,8
20180304,2018,greenacre_weighted_power_0175,4,GENOVA,0.01204084654632234,LIGURIA,positive,9
20180304,2018,greenacre_weighted_power_0175,4,ROMA,0.01190994398429378,LAZIO,positive,10
20220925,2022,greenacre_weighted_power_0175,2,VARESE,-0.11325323418488646,LOMBARDIA,negative,1
20220925,2022,greenacre_weighted_power_0175,2,COMO,-0.11246982969092069,LOMBARDIA,negative,2
20220925,2022,greenacre_weighted_power_0175,2,PAVIA,-0.10820703436369031,LOMBARDIA,negative,3
20220925,2022,greenacre_weighted_power_0175,2,PORDENONE,-0.10731714356075477,FRIULI-VENEZIA GIULIA,negative,4
20220925,2022,greenacre_weighted_power_0175,2,MANTOVA,-0.10540621034128046,LOMBARDIA,negative,5
20220925,2022,greenacre_weighted_power_0175,2,CREMONA,-0.10468674878806777,LOMBARDIA,negative,6
20220925,2022,greenacre_weighted_power_0175,2,LODI,-0.10419768610734652,LOMBARDIA,negative,7
20220925,2022,greenacre_weighted_power_0175,2,ROVIGO,-0.10337780588182768,VENETO,negative,8
20220925,2022,greenacre_weighted_power_0175,2,UDINE,-0.10239488305175,FRIULI-VENEZIA GIULIA,negative,9
20220925,2022,greenacre_weighted_power_0175,2,LECCO,-0.10239177290694523,LOMBARDIA,negative,10
20220925,2022,greenacre_weighted_power_0175,2,AGRIGENTO,0.18390564395517478,SICILIA,positive,1
20220925,2022,greenacre_weighted_power_0175,2,PALERMO,0.1820438522816877,SICILIA,positive,2
20220925,2022,greenacre_weighted_power_0175,2,TRAPANI,0.17894864415615647,SICILIA,positive,3
20220925,2022,greenacre_weighted_power_0175,2,CALTANISSETTA,0.1770188218137121,SICILIA,positive,4
20220925,2022,greenacre_weighted_power_0175,2,CATANIA,0.1756596821720011,SICILIA,positive,5
20220925,2022,greenacre_weighted_power_0175,2,ENNA,0.16538359456978552,SICILIA,positive,6
20220925,2022,greenacre_weighted_power_0175,2,MESSINA,0.15970139360791624,SICILIA,positive,7
20220925,2022,greenacre_weighted_power_0175,2,CATANZARO,0.15489828072316408,CALABRIA,positive,8
20220925,2022,greenacre_weighted_power_0175,2,COSENZA,0.15476595302055574,CALABRIA,positive,9
20220925,2022,greenacre_weighted_power_0175,2,VIBO VALENTIA,0.14980475125864193,CALABRIA,positive,10
20220925,2022,greenacre_weighted_power_0175,3,SALERNO,-0.1772410939546759,CAMPANIA,negative,1
20220925,2022,greenacre_weighted_power_0175,3,SASSARI,-0.17331279585760095,SARDEGNA,negative,2
20220925,2022,greenacre_weighted_power_0175,3,RAGUSA,-0.1718516184419288,SICILIA,negative,3
20220925,2022,greenacre_weighted_power_0175,3,TARANTO,-0.17149164346669044,PUGLIA,negative,4
20220925,2022,greenacre_weighted_power_0175,3,BARI,-0.16965327455221477,PUGLIA,negative,5
20220925,2022,greenacre_weighted_power_0175,3,NUORO,-0.16495861475657297,SARDEGNA,negative,6
20220925,2022,greenacre_weighted_power_0175,3,SUD SARDEGNA,-0.1631940244298946,SARDEGNA,negative,7
20220925,2022,greenacre_weighted_power_0175,3,BRINDISI,-0.16215518192609168,PUGLIA,negative,8
20220925,2022,greenacre_weighted_power_0175,3,SIRACUSA,-0.1610729323653106,SICILIA,negative,9
20220925,2022,greenacre_weighted_power_0175,3,MATERA,-0.1589630029073801,BASILICATA,negative,10
20220925,2022,greenacre_weighted_power_0175,3,PALERMO,0.24850802548972,SICILIA,positive,1
20220925,2022,greenacre_weighted_power_0175,3,AGRIGENTO,0.24744072039805137,SICILIA,positive,2
20220925,2022,greenacre_weighted_power_0175,3,TRAPANI,0.24243581423335386,SICILIA,positive,3
20220925,2022,greenacre_weighted_power_0175,3,CALTANISSETTA,0.24203120886550894,SICILIA,positive,4
20220925,2022,greenacre_weighted_power_0175,3,CATANIA,0.2386549854462235,SICILIA,positive,5
20220925,2022,greenacre_weighted_power_0175,3,ENNA,0.22789084162888396,SICILIA,positive,6
20220925,2022,greenacre_weighted_power_0175,3,MESSINA,0.22488483136198945,SICILIA,positive,7
20220925,2022,greenacre_weighted_power_0175,3,VIBO VALENTIA,0.1402848331835851,CALABRIA,positive,8
20220925,2022,greenacre_weighted_power_0175,3,REGGIO CALABRIA,0.11538563109394696,CALABRIA,positive,9
20220925,2022,greenacre_weighted_power_0175,3,CATANZARO,0.10958496480557882,CALABRIA,positive,10
20220925,2022,greenacre_weighted_power_0175,4,COMO,-0.14989257268191705,LOMBARDIA,negative,1
20220925,2022,greenacre_weighted_power_0175,4,VICENZA,-0.1492128608837898,VENETO,negative,2
20220925,2022,greenacre_weighted_power_0175,4,VERONA,-0.14692025730864533,VENETO,negative,3
20220925,2022,greenacre_weighted_power_0175,4,BERGAMO,-0.14590432411430002,LOMBARDIA,negative,4
20220925,2022,greenacre_weighted_power_0175,4,BRESCIA,-0.14408142697030898,LOMBARDIA,negative,5
20220925,2022,greenacre_weighted_power_0175,4,TREVISO,-0.1429975864255606,VENETO,negative,6
20220925,2022,greenacre_weighted_power_0175,4,PADOVA,-0.1395588034845157,VENETO,negative,7
20220925,2022,greenacre_weighted_power_0175,4,LECCO,-0.13824863331715392,LOMBARDIA,negative,8
20220925,2022,greenacre_weighted_power_0175,4,VARESE,-0.1370349810520332,LOMBARDIA,negative,9
20220925,2022,greenacre_weighted_power_0175,4,CREMONA,-0.13521064157012147,LOMBARDIA,negative,10
20220925,2022,greenacre_weighted_power_0175,4,FORLÌ-CESENA,0.21715396944739235,EMILIA-ROMAGNA,positive,1
20220925,2022,greenacre_weighted_power_0175,4,RAVENNA,0.21146994917902456,EMILIA-ROMAGNA,positive,2
20220925,2022,greenacre_weighted_power_0175,4,PARMA,0.20632835069071653,EMILIA-ROMAGNA,positive,3
20220925,2022,greenacre_weighted_power_0175,4,FERRARA,0.1980243968731238,EMILIA-ROMAGNA,positive,4
20220925,2022,greenacre_weighted_power_0175,4,REGGIO NELL'EMILIA,0.19594779832656348,EMILIA-ROMAGNA,positive,5
20220925,2022,greenacre_weighted_power_0175,4,RIMINI,0.1932879017311761,EMILIA-ROMAGNA,positive,6
20220925,2022,greenacre_weighted_power_0175,4,PIACENZA,0.14861124555643196,EMILIA-ROMAGNA,positive,7
20220925,2022,greenacre_weighted_power_0175,4,SIENA,0.1314402085919692,TOSCANA,positive,8
20220925,2022,greenacre_weighted_power_0175,4,PISA,0.12897645152030113,TOSCANA,positive,9
20220925,2022,greenacre_weighted_power_0175,4,BOLOGNA,0.12691705116081772,EMILIA-ROMAGNA,positive,10
