election_date,year,geometry,eigen_index,component,coordinate_pearson_cor,coordinate_spearman_cor,share_pearson_cor,share_spearman_cor,mean_component_share,abs_coordinate_pearson_cor,abs_coordinate_spearman_cor,abs_share_pearson_cor,abs_share_spearman_cor
19480418,1948,greenacre_weighted_power_0175,2,BLOCCO NAZIONALE,-0.856804075959436,-0.8622319428144671,-0.7550680246390417,-0.8682598954443614,0.0368523120209252,0.856804075959436,0.8622319428144671,0.7550680246390417,0.8682598954443614
19480418,1948,greenacre_weighted_power_0175,2,FR.DEMOCR.POPOLARE,0.81498449739873835,0.8006081297343434,0.8032619844459413,0.7796329883708525,0.2856543415663784,0.81498449739873835,0.8006081297343434,0.8032619844459413,0.7796329883708525
19480418,1948,greenacre_weighted_power_0175,2,P.NAZ.MON.ALL.D.LAV.,-0.7110749848624535,-0.8682172196735303,-0.6710965263571244,-0.8782426649103141,0.020184578691974504,0.7110749848624535,0.8682172196735303,0.6710965263571244,0.8782426649103141
19480418,1948,greenacre_weighted_power_0175,2,NON_VALID_OR_NON_VOTING,-0.6720729244733434,-0.6925850848180946,-0.6937755602269208,-0.7305345140296596,0.09755965189408676,0.6720729244733434,0.6925850848180946,0.6937755602269208,0.7305345140296596
19480418,1948,greenacre_weighted_power_0175,2,UNITA' SOCIALISTA,0.555471438235681,0.5488104128880829,0.47603170423792013,0.5226608343113198,0.060534823454970535,0.555471438235681,0.5488104128880829,0.47603170423792013,0.5226608343113198
19480418,1948,greenacre_weighted_power_0175,2,MSI,-0.5461532877668168,-0.7271524591912941,-0.6817056119851953,-0.7274264574507296,0.017533681553344484,0.5461532877668168,0.7271524591912941,0.6817056119851953,0.7274264574507296
19480418,1948,greenacre_weighted_power_0175,2,OTHER_LISTS,-0.4121634037362301,-0.4615597994238771,-0.061608713590026294,-0.47280099436488127,0.019677917585931504,0.4121634037362301,0.4615597994238771,0.061608713590026294,0.47280099436488127
19480418,1948,greenacre_weighted_power_0175,2,DC,-0.40052967127654354,-0.46171983356449375,-0.40396818267608137,-0.4400832177531207,0.4315043893986191,0.40052967127654354,0.46171983356449375,0.40396818267608137,0.4400832177531207
19480418,1948,greenacre_weighted_power_0175,2,TERRITORIAL_LISTS,-0.20181101673298046,0.08702656566734238,-0.18186682484467728,-0.200371882735143,0.004767132948687889,0.20181101673298046,0.08702656566734238,0.18186682484467728,0.200371882735143
19480418,1948,greenacre_weighted_power_0175,2,PRI,0.08428931210230393,0.06286141043422597,0.16949586114902218,0.0590367519386287,0.02573117088508156,0.08428931210230393,0.06286141043422597,0.16949586114902218,0.0590367519386287
19480418,1948,greenacre_weighted_power_0175,3,OTHER_LISTS,-0.5884608721813032,-0.15675877520537715,-0.04737699243342914,-0.1946890388201439,0.019677917585931504,0.5884608721813032,0.15675877520537715,0.04737699243342914,0.1946890388201439
19480418,1948,greenacre_weighted_power_0175,3,DC,-0.3448431179292807,-0.26997759522031367,-0.49711690537346265,-0.4158220420356343,0.4315043893986191,0.3448431179292807,0.26997759522031367,0.49711690537346265,0.4158220420356343
19480418,1948,greenacre_weighted_power_0175,3,UNITA' SOCIALISTA,-0.3000648362098093,-0.5112130587858743,-0.3959568980212757,-0.5828336711831857,0.060534823454970535,0.3000648362098093,0.5112130587858743,0.3959568980212757,0.5828336711831857
19480418,1948,greenacre_weighted_power_0175,3,FR.DEMOCR.POPOLARE,0.27855512301528634,0.08282300224047798,0.25097885278541193,0.047167395711085025,0.2856543415663784,0.27855512301528634,0.08282300224047798,0.25097885278541193,0.047167395711085025
19480418,1948,greenacre_weighted_power_0175,3,PRI,0.2508179957928198,0.18536221060492905,0.31227566771889986,0.15643378969913133,0.02573117088508156,0.2508179957928198,0.18536221060492905,0.31227566771889986,0.15643378969913133
19480418,1948,greenacre_weighted_power_0175,3,BLOCCO NAZIONALE,0.1905499326285575,0.33720260322202067,0.22690253026545387,0.2923290301931079,0.0368523120209252,0.1905499326285575,0.33720260322202067,0.22690253026545387,0.2923290301931079
19480418,1948,greenacre_weighted_power_0175,3,MSI,0.14784449160297286,0.3615064547103382,0.16994341414707068,0.30657822089680403,0.017533681553344484,0.14784449160297286,0.3615064547103382,0.16994341414707068,0.30657822089680403
19480418,1948,greenacre_weighted_power_0175,3,TERRITORIAL_LISTS,0.143420380470809,0.4895764429745012,0.1110783145315667,0.232894179128523,0.004767132948687889,0.143420380470809,0.4895764429745012,0.1110783145315667,0.232894179128523
19480418,1948,greenacre_weighted_power_0175,3,P.NAZ.MON.ALL.D.LAV.,0.07527806118070271,0.28906433372452794,0.21838821867459626,0.24931912561811267,0.020184578691974504,0.07527806118070271,0.28906433372452794,0.21838821867459626,0.24931912561811267
19480418,1948,greenacre_weighted_power_0175,3,NON_VALID_OR_NON_VOTING,0.0208828106611678,0.19258508481809453,-0.08584056298148328,0.08313240157900352,0.09755965189408676,0.0208828106611678,0.19258508481809453,0.08584056298148328,0.08313240157900352
19480418,1948,greenacre_weighted_power_0175,4,DC,0.5487556245256527,0.5902912621359223,0.4343986743546393,0.5246452576549664,0.4315043893986191,0.5487556245256527,0.5902912621359223,0.4343986743546393,0.5246452576549664
19480418,1948,greenacre_weighted_power_0175,4,UNITA' SOCIALISTA,0.5129711683615219,0.50259255307799,0.5234784912148832,0.4631921476581671,0.060534823454970535,0.5129711683615219,0.50259255307799,0.5234784912148832,0.4631921476581671
19480418,1948,greenacre_weighted_power_0175,4,PRI,-0.32980578058875387,-0.3902272484796757,-0.16365794104215642,-0.40483944532162924,0.02573117088508156,0.32980578058875387,0.3902272484796757,0.16365794104215642,0.40483944532162924
19480418,1948,greenacre_weighted_power_0175,4,FR.DEMOCR.POPOLARE,-0.2924754238016524,-0.37560012802731246,-0.33821895586693,-0.4158967246345887,0.2856543415663784,0.2924754238016524,0.37560012802731246,0.33821895586693,0.4158967246345887
19480418,1948,greenacre_weighted_power_0175,4,MSI,-0.2710716841312547,-0.1754187560012803,-0.27792733517471824,-0.19872559139511475,0.017533681553344484,0.2710716841312547,0.1754187560012803,0.27792733517471824,0.19872559139511475
19480418,1948,greenacre_weighted_power_0175,4,P.NAZ.MON.ALL.D.LAV.,-0.24937955195713846,-0.03163341512856076,-0.22887429279861438,-0.06671379252037102,0.020184578691974504,0.24937955195713846,0.03163341512856076,0.22887429279861438,0.06671379252037102
19480418,1948,greenacre_weighted_power_0175,4,OTHER_LISTS,-0.17344507788728158,0.03076923076923077,0.13006122035805676,0.0297211146046371,0.019677917585931504,0.17344507788728158,0.03076923076923077,0.13006122035805676,0.0297211146046371
19480418,1948,greenacre_weighted_power_0175,4,BLOCCO NAZIONALE,-0.1627325671981646,-0.05620399018457271,-0.20425346594375246,-0.09312920089619119,0.0368523120209252,0.1627325671981646,0.05620399018457271,0.20425346594375246,0.09312920089619119
19480418,1948,greenacre_weighted_power_0175,4,TERRITORIAL_LISTS,0.13670649828629272,0.23359650058679185,0.1105185731960407,0.1640505216303239,0.004767132948687889,0.13670649828629272,0.23359650058679185,0.1105185731960407,0.1640505216303239
19480418,1948,greenacre_weighted_power_0175,4,NON_VALID_OR_NON_VOTING,0.11757338892786887,0.13847220740424623,0.03671268114914756,0.05761229062199936,0.09755965189408676,0.11757338892786887,0.13847220740424623,0.03671268114914756,0.05761229062199936
19530607,1953,greenacre_weighted_power_0175,2,P.NAZ.MONARCHICO,-0.9120575598850388,-0.920765083972631,-0.8177609820278315,-0.9141198424217291,0.05362897689579723,0.9120575598850388,0.920765083972631,0.8177609820278315,0.9141198424217291
19530607,1953,greenacre_weighted_power_0175,2,PSI,0.8159506506467932,0.8216151772755546,0.7681204751307363,0.7893116317644618,0.11388966018619995,0.8159506506467932,0.8216151772755546,0.7681204751307363,0.7893116317644618
19530607,1953,greenacre_weighted_power_0175,2,NON_VALID_OR_NON_VOTING,-0.6452371642968967,-0.678032345013477,-0.6355955537142837,-0.6744453659547999,0.1111955848010139,0.6452371642968967,0.678032345013477,0.6355955537142837,0.6744453659547999
19530607,1953,greenacre_weighted_power_0175,2,MSI,-0.6320085527980653,-0.6420692515032136,-0.6414751908626624,-0.6499896330085009,0.050364816796589634,0.6320085527980653,0.6420692515032136,0.6414751908626624,0.6499896330085009
19530607,1953,greenacre_weighted_power_0175,2,PSDI,0.43486240444217883,0.5646278250051835,0.5317211864007418,0.5519452414108352,0.03782579289449335,0.43486240444217883,0.5646278250051835,0.5317211864007418,0.5519452414108352
19530607,1953,greenacre_weighted_power_0175,2,PCI,0.4341486221277116,0.47287995023844076,0.4819448476958173,0.47313912502591743,0.2053670738316493,0.4341486221277116,0.47287995023844076,0.4819448476958173,0.47313912502591743
19530607,1953,greenacre_weighted_power_0175,2,PLI,-0.30066843538356536,-0.2871863985071532,-0.28371668680829465,-0.3123574538668878,0.02587058370258374,0.30066843538356536,0.2871863985071532,0.28371668680829465,0.3123574538668878
19530607,1953,greenacre_weighted_power_0175,2,TERRITORIAL_LISTS,0.13625910295244395,0.3471490773377565,-0.11822981087872074,0.2413345079457702,0.0018894774403399514,0.13625910295244395,0.3471490773377565,0.11822981087872074,0.2413345079457702
19530607,1953,greenacre_weighted_power_0175,2,DC,-0.08226038752339418,-0.12685050798258343,-0.07734105835079164,-0.13139125025917478,0.3604843834443125,0.08226038752339418,0.12685050798258343,0.07734105835079164,0.13139125025917478
19530607,1953,greenacre_weighted_power_0175,2,PRI,0.06118386030931557,-0.026114451586149695,0.17280645136500658,-0.026176653535144097,0.01663322296863384,0.06118386030931557,0.026114451586149695,0.17280645136500658,0.026176653535144097
19530607,1953,greenacre_weighted_power_0175,2,OTHER_LISTS,0.037956829340896676,0.05013477088948787,-0.008676918813922515,0.03557951482479784,0.02285042703838662,0.037956829340896676,0.05013477088948787,0.008676918813922515,0.03557951482479784
19530607,1953,greenacre_weighted_power_0175,3,DC,0.7922577978183926,0.6799502384408044,0.8092964870458538,0.7527161517727554,0.3604843834443125,0.7922577978183926,0.6799502384408044,0.8092964870458538,0.7527161517727554
19530607,1953,greenacre_weighted_power_0175,3,PCI,-0.7852695009881009,-0.7589778146381919,-0.7176594752967765,-0.7409807173958116,0.2053670738316493,0.7852695009881009,0.7589778146381919,0.7176594752967765,0.7409807173958116
19530607,1953,greenacre_weighted_power_0175,3,PRI,-0.3404998443311075,-0.30801368442877874,-0.2709817443047958,-0.3113829566659755,0.01663322296863384,0.3404998443311075,0.30801368442877874,0.2709817443047958,0.3113829566659755
19530607,1953,greenacre_weighted_power_0175,3,MSI,-0.3002519625178378,-0.21272029856935515,-0.2865111892412481,-0.20570184532448682,0.050364816796589634,0.3002519625178378,0.21272029856935515,0.2865111892412481,0.20570184532448682
19530607,1953,greenacre_weighted_power_0175,3,PSDI,0.2501404766465993,0.3161828737300435,0.3821900104665424,0.32756149585818045,0.03782579289449335,0.2501404766465993,0.3161828737300435,0.3821900104665424,0.32756149585818045
19530607,1953,greenacre_weighted_power_0175,3,NON_VALID_OR_NON_VOTING,0.14704004651316752,0.2000829359319925,0.14210376660727364,0.203721749948165,0.1111955848010139,0.14704004651316752,0.2000829359319925,0.14210376660727364,0.203721749948165
19530607,1953,greenacre_weighted_power_0175,3,PSI,0.1304127879967373,0.048237611445158604,0.10363784217642748,0.04700393945676964,0.11388966018619995,0.1304127879967373,0.048237611445158604,0.10363784217642748,0.04700393945676964
19530607,1953,greenacre_weighted_power_0175,3,OTHER_LISTS,0.10365741917641727,0.12400995231183909,0.0606428477346747,0.15494505494505492,0.02285042703838662,0.10365741917641727,0.12400995231183909,0.0606428477346747,0.15494505494505492
19530607,1953,greenacre_weighted_power_0175,3,TERRITORIAL_LISTS,-0.029364687476477566,0.04295044578063445,-0.016546946038216725,0.12040940265555715,0.0018894774403399514,0.029364687476477566,0.04295044578063445,0.016546946038216725,0.12040940265555715
19530607,1953,greenacre_weighted_power_0175,3,PLI,0.014133735694444267,0.1587186398507153,-0.0016785615547217961,0.17182251710553595,0.02587058370258374,0.014133735694444267,0.1587186398507153,0.0016785615547217961,0.17182251710553595
19530607,1953,greenacre_weighted_power_0175,3,P.NAZ.MONARCHICO,-0.002091879728671468,0.10841799709724237,-0.18172382452305516,0.0969832054737715,0.05362897689579723,0.002091879728671468,0.10841799709724237,0.18172382452305516,0.0969832054737715
19530607,1953,greenacre_weighted_power_0175,4,PSDI,-0.7112142351307719,0.12056811113414886,-0.2192439938392106,0.05490891278505064,0.03782579289449335,0.7112142351307719,0.12056811113414886,0.2192439938392106,0.05490891278505064
19530607,1953,greenacre_weighted_power_0175,4,PLI,0.511367187709404,0.020692515032137673,0.6631550612899683,-0.04283640887414472,0.02587058370258374,0.511367187709404,0.020692515032137673,0.6631550612899683,0.04283640887414472
19530607,1953,greenacre_weighted_power_0175,4,DC,0.2824919305717153,0.20037321169396638,0.06949483849304806,0.007163591125855276,0.3604843834443125,0.2824919305717153,0.20037321169396638,0.06949483849304806,0.007163591125855276
19530607,1953,greenacre_weighted_power_0175,4,NON_VALID_OR_NON_VOTING,0.27178287277401053,0.013269749118805721,0.1309904634601641,-0.12734812357453865,0.1111955848010139,0.27178287277401053,0.013269749118805721,0.1309904634601641,0.12734812357453865
19530607,1953,greenacre_weighted_power_0175,4,PSI,-0.2133269923665753,0.03250051834957495,-0.22780600783118332,-0.06781049139539705,0.11388966018619995,0.2133269923665753,0.03250051834957495,0.22780600783118332,0.06781049139539705
19530607,1953,greenacre_weighted_power_0175,4,PCI,-0.11109637328236836,-0.1424631971801783,-0.16451281236329757,-0.19306448268712417,0.2053670738316493,0.11109637328236836,0.1424631971801783,0.16451281236329757,0.19306448268712417
19530607,1953,greenacre_weighted_power_0175,4,MSI,0.07940682668013353,-0.1452208169189301,-0.03220685389859183,-0.24459879742898608,0.050364816796589634,0.07940682668013353,0.1452208169189301,0.03220685389859183,0.24459879742898608
19530607,1953,greenacre_weighted_power_0175,4,TERRITORIAL_LISTS,0.06971007516848866,0.5790172092058884,0.14395515574161974,0.07449754309799833,0.0018894774403399514,0.06971007516848866,0.5790172092058884,0.14395515574161974,0.07449754309799833
19530607,1953,greenacre_weighted_power_0175,4,PRI,0.06853242801223046,7.464233879328218e-4,0.01152752371077393,-0.06956251295873937,0.01663322296863384,0.06853242801223046,7.464233879328218e-4,0.01152752371077393,0.06956251295873937
19530607,1953,greenacre_weighted_power_0175,4,P.NAZ.MONARCHICO,0.05742159095677514,-0.23260418826456558,0.028830213137624423,-0.2852788720713249,0.05362897689579723,0.05742159095677514,0.23260418826456558,0.028830213137624423,0.2852788720713249
19530607,1953,greenacre_weighted_power_0175,4,OTHER_LISTS,-0.032286637477962746,-0.08462575160688367,0.028906187140958082,-0.19244246319718014,0.02285042703838662,0.032286637477962746,0.08462575160688367,0.028906187140958082,0.19244246319718014
19580525,1958,greenacre_weighted_power_0175,2,OTHER_LISTS,-0.8109484380801018,-0.7196866261934151,-0.14672287842117143,-0.7234217150274979,0.014513879973810612,0.8109484380801018,0.7196866261934151,0.14672287842117143,0.7234217150274979
19580525,1958,greenacre_weighted_power_0175,2,PCI,0.6502307602758375,0.7097412902738242,0.6359486387157129,0.6675013225180744,0.21094379317618578,0.6502307602758375,0.7097412902738242,0.6359486387157129,0.6675013225180744
19580525,1958,greenacre_weighted_power_0175,2,P.NAZ.MONARCHICO,-0.5238572263400775,-0.5894702370456205,-0.4462820825602534,-0.5975277666537,0.018524904524037673,0.5238572263400775,0.5894702370456205,0.4462820825602534,0.5975277666537
19580525,1958,greenacre_weighted_power_0175,2,PRI-P.RAD.,0.47254315250174445,0.34760813159684606,0.4143527258765361,0.3135602186563216,0.013372353331771546,0.47254315250174445,0.34760813159684606,0.4143527258765361,0.3135602186563216
19580525,1958,greenacre_weighted_power_0175,2,PSI,0.45170821243586035,0.5056754918507695,0.4032420260551211,0.4360077587727032,0.12854397225728145,0.45170821243586035,0.5056754918507695,0.4032420260551211,0.4360077587727032
19580525,1958,greenacre_weighted_power_0175,2,NON_VALID_OR_NON_VOTING,-0.40341094341778716,-0.4705393354661561,-0.44037914031417685,-0.5291835655087286,0.09503874250692713,0.40341094341778716,0.4705393354661561,0.44037914031417685,0.5291835655087286
19580525,1958,greenacre_weighted_power_0175,2,P.MONARCHICO POP.,-0.39150023013589796,-0.4384663828500894,-0.30688564781147076,-0.4527243872332921,0.018237235775726057,0.39150023013589796,0.4384663828500894,0.30688564781147076,0.4527243872332921
19580525,1958,greenacre_weighted_power_0175,2,DC,-0.36733576012399694,-0.46950147366299716,-0.4601491600550446,-0.5657404841675693,0.39132118018336853,0.36733576012399694,0.46950147366299716,0.4601491600550446,0.5657404841675693
19580525,1958,greenacre_weighted_power_0175,2,PLI,-0.14202861476503179,-0.013396478323298988,-0.1708099639527246,-0.07139582336196688,0.02959364749074566,0.14202861476503179,0.013396478323298988,0.1708099639527246,0.07139582336196688
19580525,1958,greenacre_weighted_power_0175,2,PSDI,0.09203137461697224,0.10701564349950876,3.4788752596663283e-4,0.07422727158223542,0.0386187798889552,0.09203137461697224,0.10701564349950876,3.4788752596663283e-4,0.07422727158223542
19580525,1958,greenacre_weighted_power_0175,2,TERRITORIAL_LISTS,-0.08760125387899279,0.4401491296571529,-0.08127631706357084,0.04834476462732007,8.296064787862192e-5,0.08760125387899279,0.4401491296571529,0.08127631706357084,0.04834476462732007
19580525,1958,greenacre_weighted_power_0175,2,MSI,-0.00441426600755261,-0.003894500843892485,-0.10069571665475462,-0.07322971509182052,0.041208550243311756,0.00441426600755261,0.003894500843892485,0.10069571665475462,0.07322971509182052
19580525,1958,greenacre_weighted_power_0175,3,PSDI,0.6531839846684939,0.7636294934126004,0.6425519183290248,0.7473864523767538,0.0386187798889552,0.6531839846684939,0.7636294934126004,0.6425519183290248,0.7473864523767538
19580525,1958,greenacre_weighted_power_0175,3,P.MONARCHICO POP.,-0.6117184824795173,-0.704038088520543,-0.500308217498666,-0.7129757916215331,0.018237235775726057,0.6117184824795173,0.704038088520543,0.500308217498666,0.7129757916215331
19580525,1958,greenacre_weighted_power_0175,3,DC,0.5096266554728331,0.24122225860896288,0.4748259456289504,0.21728090283900545,0.39132118018336853,0.5096266554728331,0.24122225860896288,0.4748259456289504,0.21728090283900545
19580525,1958,greenacre_weighted_power_0175,3,MSI,-0.4679747346325718,-0.5726024636622414,-0.43745668441067115,-0.5946393934050431,0.041208550243311756,0.4679747346325718,0.5726024636622414,0.43745668441067115,0.5946393934050431
19580525,1958,greenacre_weighted_power_0175,3,PCI,-0.4634152808156853,-0.261455525606469,-0.38086584965206155,-0.26476056125147995,0.21094379317618578,0.4634152808156853,0.261455525606469,0.38086584965206155,0.26476056125147995
19580525,1958,greenacre_weighted_power_0175,3,PSI,0.41120169096789727,0.5818021512960676,0.3684040749503335,0.5194901377937879,0.12854397225728145,0.41120169096789727,0.5818021512960676,0.3684040749503335,0.5194901377937879
19580525,1958,greenacre_weighted_power_0175,3,P.NAZ.MONARCHICO,-0.21541557933190913,-0.39716351361563845,-0.3391123886135063,-0.40810239590626474,0.018524904524037673,0.21541557933190913,0.39716351361563845,0.3391123886135063,0.40810239590626474
19580525,1958,greenacre_weighted_power_0175,3,NON_VALID_OR_NON_VOTING,-0.20221210315734894,-0.35243469279794437,-0.21375025720018728,-0.379862458120261,0.09503874250692713,0.20221210315734894,0.35243469279794437,0.21375025720018728,0.379862458120261
19580525,1958,greenacre_weighted_power_0175,3,TERRITORIAL_LISTS,-0.19499206454702359,0.16246567750711638,-0.14346804288136245,-0.23267203741914472,8.296064787862192e-5,0.19499206454702359,0.16246567750711638,0.14346804288136245,0.23267203741914472
19580525,1958,greenacre_weighted_power_0175,3,PLI,0.13801574405554595,0.2663626974330554,0.009653997932980817,0.2228430359976824,0.02959364749074566,0.13801574405554595,0.2663626974330554,0.009653997932980817,0.2228430359976824
19580525,1958,greenacre_weighted_power_0175,3,OTHER_LISTS,-0.025469259202536773,-0.09198176184598332,0.002034209480080928,-0.10688604741975696,0.014513879973810612,0.025469259202536773,0.09198176184598332,0.002034209480080928,0.10688604741975696
19580525,1958,greenacre_weighted_power_0175,3,PRI-P.RAD.,0.015889876072681594,0.15472705746026147,-0.00637810665152098,0.12832707761291784,0.013372353331771546,0.015889876072681594,0.15472705746026147,0.00637810665152098,0.12832707761291784
19580525,1958,greenacre_weighted_power_0175,4,DC,-0.5024549538331704,-0.5739929969519106,-0.4127877224952126,-0.4954782477265284,0.39132118018336853,0.5024549538331704,0.5739929969519106,0.4127877224952126,0.4954782477265284
19580525,1958,greenacre_weighted_power_0175,4,NON_VALID_OR_NON_VOTING,-0.48877860790447913,-0.5541124014409149,-0.43288883666772315,-0.48835428369902006,0.09503874250692713,0.48877860790447913,0.5541124014409149,0.43288883666772315,0.48835428369902006
19580525,1958,greenacre_weighted_power_0175,4,P.MONARCHICO POP.,-0.4482723623095537,-0.39289115046477063,-0.2924232926510495,-0.3652417059223619,0.018237235775726057,0.4482723623095537,0.39289115046477063,0.2924232926510495,0.3652417059223619
19580525,1958,greenacre_weighted_power_0175,4,PCI,0.43037756577725594,0.4462352318815023,0.4788318062573456,0.4861475678262841,0.21094379317618578,0.43037756577725594,0.4462352318815023,0.4788318062573456,0.4861475678262841
19580525,1958,greenacre_weighted_power_0175,4,PSI,0.35086084080657837,0.36779101695342215,0.3789481874387658,0.40399526412575254,0.12854397225728145,0.35086084080657837,0.36779101695342215,0.3789481874387658,0.40399526412575254
19580525,1958,greenacre_weighted_power_0175,4,OTHER_LISTS,0.304182591082998,0.35788598634657526,0.058504127701121324,0.3389978258175916,0.014513879973810612,0.304182591082998,0.35788598634657526,0.058504127701121324,0.3389978258175916
19580525,1958,greenacre_weighted_power_0175,4,PSDI,0.2987157810892039,0.2619492656875834,0.29553462226148025,0.28163841096304504,0.0386187798889552,0.2987157810892039,0.2619492656875834,0.29553462226148025,0.28163841096304504
19580525,1958,greenacre_weighted_power_0175,4,MSI,-0.2801424531593819,-0.2736781116960979,-0.22681252401751495,-0.242471723304028,0.041208550243311756,0.2801424531593819,0.2736781116960979,0.22681252401751495,0.242471723304028
19580525,1958,greenacre_weighted_power_0175,4,P.NAZ.MONARCHICO,-0.1951005744373103,-0.2518527848452024,-0.29584410979250936,-0.23579674987290442,0.018524904524037673,0.1951005744373103,0.2518527848452024,0.29584410979250936,0.23579674987290442
19580525,1958,greenacre_weighted_power_0175,4,TERRITORIAL_LISTS,-0.1329875382237355,-0.36258155528125546,-0.10504177593833255,-0.09963821702623556,8.296064787862192e-5,0.1329875382237355,0.36258155528125546,0.10504177593833255,0.09963821702623556
19580525,1958,greenacre_weighted_power_0175,4,PRI-P.RAD.,-0.030341452275011137,-0.009355870720709373,-0.05183198274764652,0.002181525052270952,0.013372353331771546,0.030341452275011137,0.009355870720709373,0.05183198274764652,0.002181525052270952
19580525,1958,greenacre_weighted_power_0175,4,PLI,-0.022367920440348257,0.035554324004332824,-0.04732833205122979,0.045036148827367305,0.02959364749074566,0.022367920440348257,0.035554324004332824,0.04732833205122979,0.045036148827367305
19630428,1963,greenacre_weighted_power_0175,2,OTHER_LISTS,-0.8521632814687186,-0.6298964657278887,-0.07602994191876622,-0.6484750513337794,0.011418349928128459,0.8521632814687186,0.6298964657278887,0.07602994191876622,0.6484750513337794
19630428,1963,greenacre_weighted_power_0175,2,DC,0.4319190069505887,0.42568959871022993,0.33344941563744873,0.3283018867924528,0.3518848833943252,0.4319190069505887,0.42568959871022993,0.33344941563744873,0.3283018867924528
19630428,1963,greenacre_weighted_power_0175,2,PSDI,0.3478930445042667,0.2306622666700254,0.3101143425316008,0.1403380608106406,0.051153369153369536,0.3478930445042667,0.2306622666700254,0.3101143425316008,0.1403380608106406
19630428,1963,greenacre_weighted_power_0175,2,PSI,0.3116706584420031,0.2841071113686172,0.23047450419527385,0.14859057359498198,0.12098686677193492,0.3116706584420031,0.2841071113686172,0.23047450419527385,0.14859057359498198
19630428,1963,greenacre_weighted_power_0175,2,PCI,-0.29579188286869684,-0.3205834194019699,-0.2873755777464007,-0.3477391238632642,0.23177331707543486,0.29579188286869684,0.3205834194019699,0.2873755777464007,0.3477391238632642
19630428,1963,greenacre_weighted_power_0175,2,MSI,-0.21085891832960466,-0.20522961432853867,-0.2657965817219816,-0.28607199536488903,0.042586317001108445,0.21085891832960466,0.20522961432853867,0.2657965817219816,0.28607199536488903
19630428,1963,greenacre_weighted_power_0175,2,PDIUM,-0.1933554239298548,-0.25011965639720884,-0.20088693379621114,-0.3053379348565382,0.012992950544288888,0.1933554239298548,0.25011965639720884,0.20088693379621114,0.3053379348565382
19630428,1963,greenacre_weighted_power_0175,2,PRI,0.06453538719076153,0.057087437337834085,0.026866554883330736,0.004519233191425044,0.01447272673519209,0.06453538719076153,0.057087437337834085,0.026866554883330736,0.004519233191425044
19630428,1963,greenacre_weighted_power_0175,2,NON_VALID_OR_NON_VOTING,0.056801556174610114,-0.04874423759981862,0.011547034700975553,-0.1423432501196564,0.11066584732035131,0.056801556174610114,0.04874423759981862,0.011547034700975553,0.1423432501196564
19630428,1963,greenacre_weighted_power_0175,2,PLI,-0.04013393820251769,-0.08847519963725219,-0.10778263601612939,-0.17138322795173438,0.05206537207586626,0.04013393820251769,0.08847519963725219,0.10778263601612939,0.17138322795173438
19630428,1963,greenacre_weighted_power_0175,3,PCI,0.8057224849838552,0.8035720583419401,0.8223276760076169,0.7952187822757387,0.23177331707543486,0.8057224849838552,0.8035720583419401,0.8223276760076169,0.7952187822757387
19630428,1963,greenacre_weighted_power_0175,3,DC,-0.673295693650618,-0.6945361110411366,-0.6668363726013911,-0.6940121419754641,0.3518848833943252,0.673295693650618,0.6945361110411366,0.6668363726013911,0.6940121419754641
19630428,1963,greenacre_weighted_power_0175,3,NON_VALID_OR_NON_VOTING,-0.6462632359618274,-0.6423205783812378,-0.6024776797313793,-0.629019825175706,0.11066584732035131,0.6462632359618274,0.6423205783812378,0.6024776797313793,0.629019825175706
19630428,1963,greenacre_weighted_power_0175,3,PDIUM,-0.6339264482009442,-0.6152555608736175,-0.46692855584087056,-0.5964632088067108,0.012992950544288888,0.6339264482009442,0.6152555608736175,0.46692855584087056,0.5964632088067108
19630428,1963,greenacre_weighted_power_0175,3,PSI,0.4328630426878101,0.4562813310829533,0.42146628921835827,0.4708617779681084,0.12098686677193492,0.4328630426878101,0.4562813310829533,0.42146628921835827,0.4708617779681084
19630428,1963,greenacre_weighted_power_0175,3,MSI,-0.24015266881648584,-0.2526588911000831,-0.2772420216425182,-0.2575459102702975,0.042586317001108445,0.24015266881648584,0.2526588911000831,0.2772420216425182,0.2575459102702975
19630428,1963,greenacre_weighted_power_0175,3,PSDI,0.1980043337526072,0.1809154344156989,0.17046786238609254,0.17781192533440815,0.051153369153369536,0.1980043337526072,0.1809154344156989,0.17046786238609254,0.17781192533440815
19630428,1963,greenacre_weighted_power_0175,3,OTHER_LISTS,-0.1853352324083974,-0.27893795500919466,-0.07081588670961661,-0.2708082077019677,0.011418349928128459,0.1853352324083974,0.27893795500919466,0.07081588670961661,0.2708082077019677
19630428,1963,greenacre_weighted_power_0175,3,PLI,0.019170415372235124,0.04284958561100335,0.0037988544505781876,0.035352797440612635,0.05206537207586626,0.019170415372235124,0.04284958561100335,0.0037988544505781876,0.035352797440612635
19630428,1963,greenacre_weighted_power_0175,3,PRI,0.006635484623033354,-0.02733204020454946,0.09138118043157463,-0.018837695543743857,0.01447272673519209,0.006635484623033354,0.02733204020454946,0.09138118043157463,0.018837695543743857
19630428,1963,greenacre_weighted_power_0175,4,MSI,-0.5980105105260827,-0.6661813235257072,-0.5460846733152683,-0.6722069677809405,0.042586317001108445,0.5980105105260827,0.6661813235257072,0.5460846733152683,0.6722069677809405
19630428,1963,greenacre_weighted_power_0175,4,PSDI,0.47062058111983973,0.5600775877270322,0.42691019430573707,0.5431896616872811,0.051153369153369536,0.47062058111983973,0.5600775877270322,0.42691019430573707,0.5431896616872811
19630428,1963,greenacre_weighted_power_0175,4,PSI,0.4632497490818715,0.5164571630097992,0.4252466257656982,0.4666196438017986,0.12098686677193492,0.4632497490818715,0.5164571630097992,0.4252466257656982,0.4666196438017986
19630428,1963,greenacre_weighted_power_0175,4,PRI,-0.42620876506479993,-0.5056251102098395,-0.2597909878125406,-0.5178880016122125,0.01447272673519209,0.42620876506479993,0.5056251102098395,0.2597909878125406,0.5178880016122125
19630428,1963,greenacre_weighted_power_0175,4,DC,0.42509727322917357,0.0982290853213089,0.4445628305338715,0.11647731566617124,0.3518848833943252,0.42509727322917357,0.0982290853213089,0.4445628305338715,0.11647731566617124
19630428,1963,greenacre_weighted_power_0175,4,NON_VALID_OR_NON_VOTING,-0.41579676479751854,-0.4880620701816258,-0.43935298983057103,-0.49978083986195426,0.11066584732035131,0.41579676479751854,0.4880620701816258,0.43935298983057103,0.49978083986195426
19630428,1963,greenacre_weighted_power_0175,4,PLI,0.4124647261711867,0.5480666045293094,0.33147237091506543,0.5009194649469733,0.05206537207586626,0.4124647261711867,0.5480666045293094,0.33147237091506543,0.5009194649469733
19630428,1963,greenacre_weighted_power_0175,4,PCI,-0.3683275719036579,-0.18499634733103254,-0.29092125394717516,-0.16477315666171247,0.23177331707543486,0.3683275719036579,0.18499634733103254,0.29092125394717516,0.16477315666171247
19630428,1963,greenacre_weighted_power_0175,4,PDIUM,-0.2515239297076685,-0.24929339748595608,-0.25917853708682215,-0.262654608660604,0.012992950544288888,0.2515239297076685,0.24929339748595608,0.25917853708682215,0.262654608660604
19630428,1963,greenacre_weighted_power_0175,4,OTHER_LISTS,0.2275692978838697,0.22053555684308637,0.038535242968185036,0.18922736139443533,0.011418349928128459,0.2275692978838697,0.22053555684308637,0.038535242968185036,0.18922736139443533
19680519,1968,greenacre_weighted_power_0175,2,OTHER_LISTS,-0.9078458692423564,-0.7817467314910447,-0.1126506322544171,-0.7914908568908314,0.011403160878603274,0.9078458692423564,0.7817467314910447,0.1126506322544171,0.7914908568908314
19680519,1968,greenacre_weighted_power_0175,2,PSIUP,0.324051861400122,0.41430334786003975,0.23128250017363702,0.2884903141295312,0.040566592449631116,0.324051861400122,0.41430334786003975,0.23128250017363702,0.2884903141295312
19680519,1968,greenacre_weighted_power_0175,2,PRI,-0.2965869343186274,-0.4240270045595385,-0.22219256550375213,-0.46557170567045364,0.018968107647877118,0.2965869343186274,0.4240270045595385,0.22219256550375213,0.46557170567045364
19680519,1968,greenacre_weighted_power_0175,2,MSI,-0.2939780749759611,-0.3945738972718341,-0.3345480133110574,-0.46501750762022315,0.036909955477070475,0.2939780749759611,0.3945738972718341,0.3345480133110574,0.46501750762022315
19680519,1968,greenacre_weighted_power_0175,2,TERRITORIAL_LISTS,0.2742600585782538,0.7682142227372345,0.24747451085459612,0.2124838123038496,0.0015747722242274826,0.2742600585782538,0.7682142227372345,0.24747451085459612,0.2124838123038496
19680519,1968,greenacre_weighted_power_0175,2,PSU,0.2732907223409435,0.3538151497594276,0.1874500496777018,0.2207874650477366,0.12529949497492693,0.2732907223409435,0.3538151497594276,0.1874500496777018,0.2207874650477366
19680519,1968,greenacre_weighted_power_0175,2,NON_VALID_OR_NON_VOTING,-0.2628336856721693,-0.3694737637604857,-0.29992912929483795,-0.4310703579615588,0.11343563303512437,0.2628336856721693,0.3694737637604857,0.29992912929483795,0.4310703579615588
19680519,1968,greenacre_weighted_power_0175,2,PCI,0.18092137154038684,0.15011209915106935,0.16468240623540412,0.11057258734916996,0.24397518038208982,0.18092137154038684,0.15011209915106935,0.16468240623540412,0.11057258734916996
19680519,1968,greenacre_weighted_power_0175,2,DC,0.1777632026103961,0.1957679421618762,0.08238438512614146,0.07845932942035921,0.35566244958519444,0.1777632026103961,0.1957679421618762,0.08238438512614146,0.07845932942035921
19680519,1968,greenacre_weighted_power_0175,2,PLI,0.08082299846246825,0.11723304028012191,-0.021746743261912647,0.04556011789303977,0.04312988426233508,0.08082299846246825,0.11723304028012191,0.021746743261912647,0.04556011789303977
19680519,1968,greenacre_weighted_power_0175,2,PDIUM,0.006133424480713987,-0.27850467289719627,-0.07444768517138593,-0.32445900028586977,0.009074769082919924,0.006133424480713987,0.27850467289719627,0.07444768517138593,0.32445900028586977
19680519,1968,greenacre_weighted_power_0175,3,PCI,0.8526803341525473,0.878288031841197,0.8707861998782134,0.8899261908960373,0.24397518038208982,0.8526803341525473,0.878288031841197,0.8707861998782134,0.8899261908960373
19680519,1968,greenacre_weighted_power_0175,3,DC,-0.7496383603239813,-0.7894954278660855,-0.7110825155670006,-0.7657152933471042,0.35566244958519444,0.7496383603239813,0.7894954278660855,0.7110825155670006,0.7657152933471042
19680519,1968,greenacre_weighted_power_0175,3,NON_VALID_OR_NON_VOTING,-0.4791516485875043,-0.5182608257550948,-0.41729161251325875,-0.488293825729904,0.11343563303512437,0.4791516485875043,0.5182608257550948,0.41729161251325875,0.488293825729904
19680519,1968,greenacre_weighted_power_0175,3,TERRITORIAL_LISTS,-0.3249993142848813,-0.20584427034788522,-0.3030348280082023,-0.30601893138422487,0.0015747722242274826,0.3249993142848813,0.20584427034788522,0.3030348280082023,0.30601893138422487
19680519,1968,greenacre_weighted_power_0175,3,PDIUM,-0.31855702063559715,-0.49175000629770504,-0.33562334315734793,-0.46898098056755816,0.009074769082919924,0.31855702063559715,0.49175000629770504,0.33562334315734793,0.46898098056755816
19680519,1968,greenacre_weighted_power_0175,3,PSIUP,0.12492963754044233,0.14053958737436079,0.1252403601686655,0.1806736025392347,0.040566592449631116,0.12492963754044233,0.14053958737436079,0.1252403601686655,0.1806736025392347
19680519,1968,greenacre_weighted_power_0175,3,OTHER_LISTS,0.10217429949476849,0.11458296596720154,-0.023028681616786006,0.1072342451271449,0.011403160878603274,0.10217429949476849,0.11458296596720154,0.023028681616786006,0.1072342451271449
19680519,1968,greenacre_weighted_power_0175,3,PLI,-0.058159771834654095,-0.05585812529914099,-0.04049493510215217,-0.05070912159609038,0.04312988426233508,0.058159771834654095,0.05585812529914099,0.04049493510215217,0.05070912159609038
19680519,1968,greenacre_weighted_power_0175,3,PSU,-0.04104080302023907,-0.035856613849913094,-0.04591184640079374,-0.020540595007179384,0.12529949497492693,0.04104080302023907,0.035856613849913094,0.04591184640079374,0.020540595007179384
19680519,1968,greenacre_weighted_power_0175,3,MSI,-0.029151687810912087,-0.08431367609643045,-0.037037096112446904,-0.06316346323399753,0.036909955477070475,0.029151687810912087,0.08431367609643045,0.037037096112446904,0.06316346323399753
19680519,1968,greenacre_weighted_power_0175,3,PRI,-0.014770757345008871,-0.02792654356752399,0.06559728607407746,-3.778623069753382e-4,0.018968107647877118,0.014770757345008871,0.02792654356752399,0.06559728607407746,3.778623069753382e-4
19680519,1968,greenacre_weighted_power_0175,4,NON_VALID_OR_NON_VOTING,-0.555602209560464,-0.5392498173665515,-0.5720545971859108,-0.5225634178905206,0.11343563303512437,0.555602209560464,0.5392498173665515,0.5720545971859108,0.5225634178905206
19680519,1968,greenacre_weighted_power_0175,4,MSI,-0.47236606058950215,-0.50398266871552,-0.4498284365607808,-0.4980779403985187,0.036909955477070475,0.47236606058950215,0.50398266871552,0.4498284365607808,0.4980779403985187
19680519,1968,greenacre_weighted_power_0175,4,PLI,0.40861333250189985,0.41278182230395244,0.38623771880327484,0.41378945512255333,0.04312988426233508,0.40861333250189985,0.41278182230395244,0.38623771880327484,0.41378945512255333
19680519,1968,greenacre_weighted_power_0175,4,PSU,0.33007217017316126,0.3325540972869486,0.3400710909652314,0.34818248230344856,0.12529949497492693,0.33007217017316126,0.3325540972869486,0.3400710909652314,0.34818248230344856
19680519,1968,greenacre_weighted_power_0175,4,PSIUP,0.3139504391372163,0.30291961609189605,0.3051596240748333,0.3071415976018339,0.040566592449631116,0.3139504391372163,0.30291961609189605,0.3051596240748333,0.3071415976018339
19680519,1968,greenacre_weighted_power_0175,4,PDIUM,-0.17995658249116225,-0.2472982845051263,-0.1971158454747253,-0.24176848500267809,0.009074769082919924,0.17995658249116225,0.2472982845051263,0.1971158454747253,0.24176848500267809
19680519,1968,greenacre_weighted_power_0175,4,PCI,0.15359143243774742,0.23842103937325237,0.1591856083952292,0.2367987505353049,0.24397518038208982,0.15359143243774742,0.23842103937325237,0.1591856083952292,0.2367987505353049
19680519,1968,greenacre_weighted_power_0175,4,PRI,-0.14927365876904153,-0.19552611028541197,-0.06212551600589774,-0.1807542131647228,0.018968107647877118,0.14927365876904153,0.19552611028541197,0.06212551600589774,0.1807542131647228
19680519,1968,greenacre_weighted_power_0175,4,TERRITORIAL_LISTS,0.1460040921910522,0.011330831045167139,0.13699042403458453,0.10819626897728456,0.0015747722242274826,0.1460040921910522,0.011330831045167139,0.13699042403458453,0.10819626897728456
19680519,1968,greenacre_weighted_power_0175,4,OTHER_LISTS,-0.04528931507283132,-0.05016499987404589,-0.04367205502485579,-0.05590531646444157,0.011403160878603274,0.04528931507283132,0.05016499987404589,0.04367205502485579,0.05590531646444157
19680519,1968,greenacre_weighted_power_0175,4,DC,0.026726480470982302,-0.08238909741290272,0.05651544083671766,-0.04336347834848981,0.35566244958519444,0.026726480470982302,0.08238909741290272,0.05651544083671766,0.04336347834848981
19720507,1972,greenacre_weighted_power_0175,2,PCI,0.8309652419971533,0.7974658034612186,0.8631896247071313,0.8060709877320704,0.24948869080087982,0.8309652419971533,0.7974658034612186,0.8631896247071313,0.8060709877320704
19720507,1972,greenacre_weighted_power_0175,2,NON_VALID_OR_NON_VOTING,-0.7808035766874855,-0.8449152328891352,-0.7296508370280756,-0.8418016474796584,0.10574730523827508,0.7808035766874855,0.8449152328891352,0.7296508370280756,0.8418016474796584
19720507,1972,greenacre_weighted_power_0175,2,DC,-0.5669418679789469,-0.5429881351235609,-0.5299699429750974,-0.5081341159281557,0.3557995983141372,0.5669418679789469,0.5429881351235609,0.5299699429750974,0.5081341159281557
19720507,1972,greenacre_weighted_power_0175,2,MSI,-0.4951376645507278,-0.5517847696299468,-0.48396514204588126,-0.5362773005516789,0.06834147055441109,0.4951376645507278,0.5517847696299468,0.48396514204588126,0.5362773005516789
19720507,1972,greenacre_weighted_power_0175,2,PSIUP,0.3928570105017652,0.36874826813109296,0.3815547293437612,0.36744842179509785,0.01897141309955053,0.3928570105017652,0.36874826813109296,0.3815547293437612,0.36744842179509785
19720507,1972,greenacre_weighted_power_0175,2,PSDI,0.22991528568918718,0.3036753407058468,0.1903001784764177,0.30969090863289417,0.044851937898554774,0.22991528568918718,0.3036753407058468,0.1903001784764177,0.30969090863289417
19720507,1972,greenacre_weighted_power_0175,2,PSI,0.1895518205312949,0.2378769176512079,0.16281972998645264,0.22824394790538327,0.0850768947388061,0.1895518205312949,0.2378769176512079,0.16281972998645264,0.22824394790538327
19720507,1972,greenacre_weighted_power_0175,2,PRI,0.17257009079107746,0.11501624807919994,0.19650779769379603,0.11423029448069123,0.024057857407181218,0.17257009079107746,0.11501624807919994,0.19650779769379603,0.11423029448069123
19720507,1972,greenacre_weighted_power_0175,2,PLI,0.15290597199358022,0.27029246542559887,0.10208441242855017,0.2613547623246089,0.030048649721058,0.15290597199358022,0.27029246542559887,0.10208441242855017,0.2613547623246089
19720507,1972,greenacre_weighted_power_0175,2,OTHER_LISTS,-0.14422083842891528,-0.24308637932337454,-0.06263202201241357,-0.23314104340378364,0.017616182227146164,0.14422083842891528,0.24308637932337454,0.06263202201241357,0.23314104340378364
19720507,1972,greenacre_weighted_power_0175,3,DC,0.6616065062651126,0.38701665113232736,0.6560279168835406,0.4126508300375343,0.3557995983141372,0.6616065062651126,0.38701665113232736,0.6560279168835406,0.4126508300375343
19720507,1972,greenacre_weighted_power_0175,3,MSI,-0.608654631430196,-0.6990704587248405,-0.5555098608328842,-0.6926115323576089,0.06834147055441109,0.608654631430196,0.6990704587248405,0.5555098608328842,0.6926115323576089
19720507,1972,greenacre_weighted_power_0175,3,PSDI,0.6048036926180665,0.7131873945134392,0.5845638619446287,0.7026878605436179,0.044851937898554774,0.6048036926180665,0.7131873945134392,0.5845638619446287,0.7026878605436179
19720507,1972,greenacre_weighted_power_0175,3,PLI,0.560450617027729,0.6442854623775096,0.4881028382776332,0.6363352394387485,0.030048649721058,0.560450617027729,0.6442854623775096,0.4881028382776332,0.6363352394387485
19720507,1972,greenacre_weighted_power_0175,3,PSI,0.47588343811280776,0.5197218933420661,0.44797343245390575,0.4856235987606116,0.0850768947388061,0.47588343811280776,0.5197218933420661,0.44797343245390575,0.4856235987606116
19720507,1972,greenacre_weighted_power_0175,3,PCI,-0.43526970892184164,-0.17684459782855128,-0.38988680806688697,-0.1596846109277779,0.24948869080087982,0.43526970892184164,0.17684459782855128,0.38988680806688697,0.1596846109277779
19720507,1972,greenacre_weighted_power_0175,3,NON_VALID_OR_NON_VOTING,-0.38819941986812856,-0.4978663375066125,-0.4332652927188632,-0.5188956344308133,0.10574730523827508,0.38819941986812856,0.4978663375066125,0.4332652927188632,0.5188956344308133
19720507,1972,greenacre_weighted_power_0175,3,PRI,0.12203382810483601,0.20770839106229688,0.017316201143314208,0.18854321485250775,0.024057857407181218,0.12203382810483601,0.20770839106229688,0.017316201143314208,0.18854321485250775
19720507,1972,greenacre_weighted_power_0175,3,OTHER_LISTS,0.10005924333395494,-0.0010328236390659243,0.031731742332890424,-0.009053580875129101,0.017616182227146164,0.10005924333395494,0.0010328236390659243,0.031731742332890424,0.009053580875129101
19720507,1972,greenacre_weighted_power_0175,3,PSIUP,0.09185258667252841,0.07293750157442627,0.02826898992753335,0.06902788623825477,0.01897141309955053,0.09185258667252841,0.07293750157442627,0.02826898992753335,0.06902788623825477
19720507,1972,greenacre_weighted_power_0175,4,PLI,0.3104952690579342,0.24370103534272108,0.3821993038630059,0.29537244628057535,0.030048649721058,0.3104952690579342,0.24370103534272108,0.3821993038630059,0.29537244628057535
19720507,1972,greenacre_weighted_power_0175,4,DC,-0.1830196567684779,-0.06199460916442048,-0.11494019846075836,-0.0017482429402725643,0.3557995983141372,0.1830196567684779,0.06199460916442048,0.11494019846075836,0.0017482429402725643
19720507,1972,greenacre_weighted_power_0175,4,PSI,0.16702115066115567,0.14318966168728114,0.2658951667002313,0.24565584301080684,0.0850768947388061,0.16702115066115567,0.14318966168728114,0.2658951667002313,0.24565584301080684
19720507,1972,greenacre_weighted_power_0175,4,PRI,0.1476954945345823,0.216787162757891,0.0972623049748693,0.2736781116960979,0.024057857407181218,0.1476954945345823,0.216787162757891,0.0972623049748693,0.2736781116960979
19720507,1972,greenacre_weighted_power_0175,4,PSIUP,-0.11486805324410333,-0.12567700329999748,-0.07692953782974778,-0.04904652744539889,0.01897141309955053,0.11486805324410333,0.12567700329999748,0.07692953782974778,0.04904652744539889
19720507,1972,greenacre_weighted_power_0175,4,MSI,0.0990921399153304,0.1686021613723959,0.10471058773555617,0.2325465400408091,0.06834147055441109,0.0990921399153304,0.1686021613723959,0.10471058773555617,0.2325465400408091
19720507,1972,greenacre_weighted_power_0175,4,NON_VALID_OR_NON_VOTING,-0.06389464197909037,-0.00774365821094793,-0.07159729164243775,0.06274025745018515,0.10574730523827508,0.06389464197909037,0.00774365821094793,0.07159729164243775,0.06274025745018515
19720507,1972,greenacre_weighted_power_0175,4,PSDI,0.04603899797324529,-0.003934806156636521,0.11002022079269558,0.07948711489533214,0.044851937898554774,0.04603899797324529,0.003934806156636521,0.11002022079269558,0.07948711489533214
19720507,1972,greenacre_weighted_power_0175,4,OTHER_LISTS,0.035563281408839534,0.2204851752021563,-0.015620019424776367,0.2887926039751114,0.017616182227146164,0.035563281408839534,0.2204851752021563,0.015620019424776367,0.2887926039751114
19720507,1972,greenacre_weighted_power_0175,4,PCI,0.03321882944039563,0.11776708567398039,-0.05072905914540228,0.12422601204121217,0.24948869080087982,0.03321882944039563,0.11776708567398039,0.05072905914540228,0.12422601204121217
19760620,1976,greenacre_weighted_power_0175,2,PCI,0.7302630986549251,0.7259440259969268,0.7307197473022352,0.7119580824747462,0.315073462542038,0.7302630986549251,0.7259440259969268,0.7307197473022352,0.7119580824747462
19760620,1976,greenacre_weighted_power_0175,2,NON_VALID_OR_NON_VOTING,-0.5788452223270618,-0.6147718971206891,-0.5456034481209179,-0.6233166234224249,0.09822712312191814,0.5788452223270618,0.6147718971206891,0.5456034481209179,0.6233166234224249
19760620,1976,greenacre_weighted_power_0175,2,OTHER_LISTS,-0.544862107594621,-0.6100864045141949,-0.07950196232213454,-0.6314229971960004,0.006896171730581896,0.544862107594621,0.6100864045141949,0.07950196232213454,0.6314229971960004
19760620,1976,greenacre_weighted_power_0175,2,MSI-DN,-0.4782019199261305,-0.467012620601053,-0.48056123732220385,-0.4524724790286419,0.050381195257516026,0.4782019199261305,0.467012620601053,0.48056123732220385,0.4524724790286419
19760620,1976,greenacre_weighted_power_0175,2,DC,-0.3689759887561759,-0.3624001813739073,-0.37715470844442056,-0.3868655062095372,0.35460642143862914,0.3689759887561759,0.3624001813739073,0.37715470844442056,0.3868655062095372
19760620,1976,greenacre_weighted_power_0175,2,PLI,-0.31446845686181624,-0.28253520417159983,-0.24822095080894935,-0.289417336322644,0.01088032765335971,0.31446845686181624,0.28253520417159983,0.24822095080894935,0.289417336322644
19760620,1976,greenacre_weighted_power_0175,2,PSI,0.1891365617668738,0.20120915938232106,0.14884515267078122,0.18078444214928077,0.08724741238636254,0.1891365617668738,0.20120915938232106,0.14884515267078122,0.18078444214928077
19760620,1976,greenacre_weighted_power_0175,2,P.RAD,0.18759499903552518,0.23511600372824143,0.0541254619057667,0.2252569529130712,0.007723840440818349,0.18759499903552518,0.23511600372824143,0.0541254619057667,0.2252569529130712
19760620,1976,greenacre_weighted_power_0175,2,PSDI,-0.1207844069627844,-0.11965135904476408,-0.1460564746597755,-0.12842784089477793,0.030092917178024196,0.1207844069627844,0.11965135904476408,0.1460564746597755,0.12842784089477793
19760620,1976,greenacre_weighted_power_0175,2,DEM.PROL,-0.060611602704906106,0.047182406730987225,-0.09775195235030089,0.010444114164798348,0.012543579586469934,0.060611602704906106,0.047182406730987225,0.09775195235030089,0.010444114164798348
19760620,1976,greenacre_weighted_power_0175,2,PRI,0.0318739836980125,0.027634330050129732,0.028300263288895615,0.032299670000251905,0.02632754866428206,0.0318739836980125,0.027634330050129732,0.028300263288895615,0.032299670000251905
19760620,1976,greenacre_weighted_power_0175,3,OTHER_LISTS,0.6222544439303955,0.6942338211955562,0.03580991263141937,0.6504998041461191,0.006896171730581896,0.6222544439303955,0.6942338211955562,0.03580991263141937,0.6504998041461191
19760620,1976,greenacre_weighted_power_0175,3,NON_VALID_OR_NON_VOTING,-0.5183599191369039,-0.5370632541501876,-0.4859175072108514,-0.5203163967050406,0.09822712312191814,0.5183599191369039,0.5370632541501876,0.4859175072108514,0.5203163967050406
19760620,1976,greenacre_weighted_power_0175,3,DC,-0.46119166805620504,-0.5238128825855858,-0.39225266798732294,-0.46567246895231373,0.35460642143862914,0.46119166805620504,0.5238128825855858,0.39225266798732294,0.46567246895231373
19760620,1976,greenacre_weighted_power_0175,3,PCI,0.40376849169918905,0.44365569186588405,0.42417366388794,0.4623573569791168,0.315073462542038,0.40376849169918905,0.44365569186588405,0.42417366388794,0.4623573569791168
19760620,1976,greenacre_weighted_power_0175,3,PRI,0.363554774271524,0.33782401692823133,0.3291213147406638,0.345230118144948,0.02632754866428206,0.363554774271524,0.33782401692823133,0.3291213147406638,0.345230118144948
19760620,1976,greenacre_weighted_power_0175,3,MSI-DN,-0.2662089470234857,-0.2527798070383152,-0.2181721239216899,-0.23369524145401413,0.050381195257516026,0.2662089470234857,0.2527798070383152,0.2181721239216899,0.23369524145401413
19760620,1976,greenacre_weighted_power_0175,3,PSI,0.24947402676112995,0.2271657807894803,0.2710897493690066,0.240254931103106,0.08724741238636254,0.24947402676112995,0.2271657807894803,0.2710897493690066,0.240254931103106
19760620,1976,greenacre_weighted_power_0175,3,P.RAD,0.1688486104540902,0.4362193616646094,0.4385854598841099,0.45020153178331856,0.007723840440818349,0.1688486104540902,0.4362193616646094,0.4385854598841099,0.45020153178331856
19760620,1976,greenacre_weighted_power_0175,3,PLI,0.11997960255012316,0.12082021311434113,0.08406615882183432,0.11754540645388818,0.01088032765335971,0.11997960255012316,0.12082021311434113,0.08406615882183432,0.11754540645388818
19760620,1976,greenacre_weighted_power_0175,3,PSDI,0.10616715121052174,0.07529536236995239,0.13187846474419818,0.0959921404640149,0.030092917178024196,0.10616715121052174,0.07529536236995239,0.13187846474419818,0.0959921404640149
19760620,1976,greenacre_weighted_power_0175,3,DEM.PROL,-0.07308913116818108,-0.10766052850341334,-0.029533769798997737,-0.0935234400584427,0.012543579586469934,0.07308913116818108,0.10766052850341334,0.029533769798997737,0.0935234400584427
19760620,1976,greenacre_weighted_power_0175,4,MSI-DN,0.32517105041112326,0.3306496712597929,0.34576942889941126,0.28935687835352797,0.050381195257516026,0.32517105041112326,0.3306496712597929,0.34576942889941126,0.28935687835352797
19760620,1976,greenacre_weighted_power_0175,4,DEM.PROL,-0.3167874788268688,-0.34827316925712265,-0.3524640709549531,-0.37834093256417356,0.012543579586469934,0.3167874788268688,0.34827316925712265,0.3524640709549531,0.37834093256417356
19760620,1976,greenacre_weighted_power_0175,4,PLI,-0.2839864864287236,-0.33774340630274324,-0.24921175285298183,-0.3603244577675895,0.01088032765335971,0.2839864864287236,0.33774340630274324,0.24921175285298183,0.3603244577675895
19760620,1976,greenacre_weighted_power_0175,4,P.RAD,-0.26769101148596647,-0.41906945109202204,-0.3340371972280324,-0.44233172122056347,0.007723840440818349,0.26769101148596647,0.41906945109202204,0.3340371972280324,0.44233172122056347
19760620,1976,greenacre_weighted_power_0175,4,NON_VALID_OR_NON_VOTING,0.25462764958905554,0.24342897448169884,0.2805081641278015,0.232415547774391,0.09822712312191814,0.25462764958905554,0.24342897448169884,0.2805081641278015,0.232415547774391
19760620,1976,greenacre_weighted_power_0175,4,PRI,-0.2318450693974775,-0.27332544020958766,-0.21603507715893377,-0.3036753407058468,0.02632754866428206,0.2318450693974775,0.27332544020958766,0.21603507715893377,0.3036753407058468
19760620,1976,greenacre_weighted_power_0175,4,OTHER_LISTS,0.2111183306972444,0.28655565911781744,0.07236458535040803,0.18582183327846272,0.006896171730581896,0.2111183306972444,0.28655565911781744,0.07236458535040803,0.18582183327846272
19760620,1976,greenacre_weighted_power_0175,4,PSI,-0.18808749457441148,-0.21515479759175754,-0.23244332463480954,-0.26449857671864374,0.08724741238636254,0.18808749457441148,0.21515479759175754,0.23244332463480954,0.26449857671864374
19760620,1976,greenacre_weighted_power_0175,4,PSDI,-0.16790787372618468,-0.19976824445172178,-0.16830676196201957,-0.2350051641181953,0.030092917178024196,0.16790787372618468,0.19976824445172178,0.16830676196201957,0.2350051641181953
19760620,1976,greenacre_weighted_power_0175,4,DC,-0.13161397705206063,-0.08606695720079602,-0.17383029985828594,-0.14575912537471344,0.35460642143862914,0.13161397705206063,0.08606695720079602,0.17383029985828594,0.14575912537471344
19760620,1976,greenacre_weighted_power_0175,4,PCI,-3.293370522088876e-4,-0.09335214247928054,0.011597091176191216,-0.09318084490011838,0.315073462542038,3.293370522088876e-4,0.09335214247928054,0.011597091176191216,0.09318084490011838
19790603,1979,greenacre_weighted_power_0175,2,PCI,0.8941796052839136,0.8638788825352041,0.9049925579380435,0.8604428546237751,0.271066786150049,0.8941796052839136,0.8638788825352041,0.9049925579380435,0.8604428546237751
19790603,1979,greenacre_weighted_power_0175,2,NON_VALID_OR_NON_VOTING,-0.8138456121005612,-0.884877950474847,-0.7597190917610759,-0.8723026928987077,0.13936876988633534,0.8138456121005612,0.884877950474847,0.7597190917610759,0.8723026928987077
19790603,1979,greenacre_weighted_power_0175,2,DC,-0.5864653680414369,-0.5703151371640174,-0.5298531094853124,-0.5300199007481673,0.33375827919121737,0.5864653680414369,0.5703151371640174,0.5298531094853124,0.5300199007481673
19790603,1979,greenacre_weighted_power_0175,2,MSI-DN,-0.5066502530216315,-0.5288812756631484,-0.4779659309772256,-0.516215331133335,0.04144872792249941,0.5066502530216315,0.5288812756631484,0.4779659309772256,0.516215331133335
19790603,1979,greenacre_weighted_power_0175,2,PRI,0.30538123065847406,0.30770587198025035,0.27374917247037567,0.3087135047988513,0.024681713996183165,0.30538123065847406,0.30770587198025035,0.27374917247037567,0.3087135047988513
19790603,1979,greenacre_weighted_power_0175,2,PSI,0.27041644726556346,0.26545582789631456,0.24085000887055272,0.24634103332745547,0.0832776566036167,0.27041644726556346,0.26545582789631456,0.24085000887055272,0.24634103332745547
19790603,1979,greenacre_weighted_power_0175,2,P.RAD,0.23211320117068887,0.386663979645817,0.16789123873493594,0.36283346348590567,0.0248735560767351,0.23211320117068887,0.386663979645817,0.16789123873493594,0.36283346348590567
19790603,1979,greenacre_weighted_power_0175,2,OTHER_LISTS,-0.20426126105594164,-0.3767891780235282,-0.08600817528561977,-0.3901000075572461,0.020548247126597093,0.20426126105594164,0.3767891780235282,0.08600817528561977,0.3901000075572461
19790603,1979,greenacre_weighted_power_0175,2,PDUP,0.1881961362587979,0.2574149180038794,0.16165010968937538,0.23853187898329847,0.012081830182172971,0.1881961362587979,0.2574149180038794,0.16165010968937538,0.23853187898329847
19790603,1979,greenacre_weighted_power_0175,2,TERRITORIAL_LISTS,-0.17633405350945955,-0.09605259843313096,-0.14883306831892254,-0.1406669697116535,0.0019758399217265597,0.17633405350945955,0.09605259843313096,0.14883306831892254,0.1406669697116535
19790603,1979,greenacre_weighted_power_0175,2,PSDI,-0.09646197749965256,-0.04937904627553719,-0.10139043291298282,-0.04360531022495402,0.032265731576140586,0.09646197749965256,0.04937904627553719,0.10139043291298282,0.04360531022495402
19790603,1979,greenacre_weighted_power_0175,2,PLI,0.05268439771697073,0.17634078141925083,0.014864789889187097,0.15459606519384336,0.014652861366726702,0.05268439771697073,0.17634078141925083,0.014864789889187097,0.15459606519384336
19790603,1979,greenacre_weighted_power_0175,3,PLI,0.67783604985673,0.6742826913872585,0.5975059846956026,0.6986573292692142,0.014652861366726702,0.67783604985673,0.6742826913872585,0.5975059846956026,0.6986573292692142
19790603,1979,greenacre_weighted_power_0175,3,P.RAD,0.5946245309754998,0.6453938584779706,0.5997886878452676,0.6788472680555205,0.0248735560767351,0.5946245309754998,0.6453938584779706,0.5997886878452676,0.6788472680555205
19790603,1979,greenacre_weighted_power_0175,3,PDUP,0.43046100220257233,0.3737965085522835,0.481402341701915,0.4065042698440688,0.012081830182172971,0.43046100220257233,0.3737965085522835,0.481402341701915,0.4065042698440688
19790603,1979,greenacre_weighted_power_0175,3,PSDI,0.4135966651396818,0.4322492883593218,0.3986901806558872,0.45836713101745724,0.032265731576140586,0.4135966651396818,0.4322492883593218,0.3986901806558872,0.45836713101745724
19790603,1979,greenacre_weighted_power_0175,3,NON_VALID_OR_NON_VOTING,-0.3992511877485989,-0.3073431241655541,-0.45016043052238625,-0.2892359624152958,0.13936876988633534,0.3992511877485989,0.3073431241655541,0.45016043052238625,0.2892359624152958
19790603,1979,greenacre_weighted_power_0175,3,DC,0.3560428743025232,0.29968511474418724,0.41520285716826005,0.38011436632491113,0.33375827919121737,0.3560428743025232,0.29968511474418724,0.41520285716826005,0.38011436632491113
19790603,1979,greenacre_weighted_power_0175,3,MSI-DN,-0.29392042950602715,-0.26624178149482325,-0.24808749791062518,-0.22720608610222434,0.04144872792249941,0.29392042950602715,0.26624178149482325,0.24808749791062518,0.22720608610222434
19790603,1979,greenacre_weighted_power_0175,3,PSI,0.24122600378675244,0.23494470614907925,0.2935126476957517,0.29293397485956113,0.0832776566036167,0.24122600378675244,0.23494470614907925,0.2935126476957517,0.29293397485956113
19790603,1979,greenacre_weighted_power_0175,3,PRI,0.20264022733956602,0.29552359120336547,0.09067651601116389,0.32532936997758016,0.024681713996183165,0.20264022733956602,0.29552359120336547,0.09067651601116389,0.32532936997758016
19790603,1979,greenacre_weighted_power_0175,3,PCI,-0.1875555515651874,-0.1017860291709701,-0.21543601719252384,-0.09913595485804973,0.271066786150049,0.1875555515651874,0.1017860291709701,0.21543601719252384,0.09913595485804973
19790603,1979,greenacre_weighted_power_0175,3,OTHER_LISTS,0.0948230362320118,0.17379147038819054,0.03394382694700139,0.22913066478575206,0.020548247126597093,0.0948230362320118,0.17379147038819054,0.03394382694700139,0.22913066478575206
19790603,1979,greenacre_weighted_power_0175,3,TERRITORIAL_LISTS,0.0223837507564801,-0.4088722069677809,0.031442874104778175,0.07678614371787343,0.0019758399217265597,0.0223837507564801,0.4088722069677809,0.031442874104778175,0.07678614371787343
19790603,1979,greenacre_weighted_power_0175,4,DC,0.4212369965804636,0.23732271960097737,0.3506895820258216,0.1839484091996876,0.33375827919121737,0.4212369965804636,0.23732271960097737,0.3506895820258216,0.1839484091996876
19790603,1979,greenacre_weighted_power_0175,4,MSI-DN,-0.31535747652283835,-0.3246542559891175,-0.32272950766542435,-0.37754490263747886,0.04144872792249941,0.31535747652283835,0.3246542559891175,0.32272950766542435,0.37754490263747886
19790603,1979,greenacre_weighted_power_0175,4,TERRITORIAL_LISTS,0.2543386126092864,0.7600826258911252,0.22253968872828137,0.31762579904310145,0.0019758399217265597,0.2543386126092864,0.7600826258911252,0.22253968872828137,0.31762579904310145
19790603,1979,greenacre_weighted_power_0175,4,PCI,-0.19092350737751862,-0.21988059551099579,-0.14533180535488127,-0.22803234501347708,0.271066786150049,0.19092350737751862,0.21988059551099579,0.14533180535488127,0.22803234501347708
19790603,1979,greenacre_weighted_power_0175,4,OTHER_LISTS,0.18442884127921405,0.15831423029448066,0.12431161232907538,0.0929591656800262,0.020548247126597093,0.18442884127921405,0.15831423029448066,0.12431161232907538,0.0929591656800262
19790603,1979,greenacre_weighted_power_0175,4,NON_VALID_OR_NON_VOTING,-0.16234437163904952,-0.17760032244250193,-0.17322128063048137,-0.24070836587147643,0.13936876988633534,0.16234437163904952,0.17760032244250193,0.17322128063048137,0.24070836587147643
19790603,1979,greenacre_weighted_power_0175,4,P.RAD,0.10415701847078314,0.08831397838627604,0.010584492992219929,0.04098546489659168,0.0248735560767351,0.10415701847078314,0.08831397838627604,0.010584492992219929,0.04098546489659168
19790603,1979,greenacre_weighted_power_0175,4,PRI,0.10152624907778877,0.07503337783711615,0.04679560055462518,0.017799833740584928,0.024681713996183165,0.10152624907778877,0.07503337783711615,0.04679560055462518,0.017799833740584928
19790603,1979,greenacre_weighted_power_0175,4,PSDI,0.0869502678874587,0.05250270801319999,0.035057091619780524,-0.017215406705796407,0.032265731576140586,0.0869502678874587,0.05250270801319999,0.035057091619780524,0.017215406705796407
19790603,1979,greenacre_weighted_power_0175,4,PDUP,-0.05086298456322443,-0.05335919590901075,-0.15399579831146903,-0.13109806786407033,0.012081830182172971,0.05086298456322443,0.05335919590901075,0.15399579831146903,0.13109806786407033
19790603,1979,greenacre_weighted_power_0175,4,PLI,0.04450786975475749,0.037509131672418566,-0.025235365339110638,-0.009970526740055923,0.014652861366726702,0.04450786975475749,0.037509131672418566,0.025235365339110638,0.009970526740055923
19790603,1979,greenacre_weighted_power_0175,4,PSI,0.015568801919920779,0.005718316245560118,-0.08207210058416443,-0.09203214348691335,0.0832776566036167,0.015568801919920779,0.005718316245560118,0.08207210058416443,0.09203214348691335
19830626,1983,greenacre_weighted_power_0175,2,TERRITORIAL_LISTS,0.8084381501647989,0.7612615562888883,0.7159602152179474,0.6299913803558819,0.0072608553149926735,0.8084381501647989,0.7612615562888883,0.7159602152179474,0.6299913803558819
19830626,1983,greenacre_weighted_power_0175,2,PART.NAZ.PENS.,-0.5487936485313009,-0.5087890772602464,-0.4122465958994087,-0.5124637401361157,0.010375718239119045,0.5487936485313009,0.5087890772602464,0.4122465958994087,0.5124637401361157
19830626,1983,greenacre_weighted_power_0175,2,DC,0.3675456887846268,0.47352192860921477,0.32676761031291046,0.41856563468272157,0.2798978364553976,0.3675456887846268,0.47352192860921477,0.32676761031291046,0.41856563468272157
19830626,1983,greenacre_weighted_power_0175,2,DEM.PROL,0.3230150374635569,0.1473814142126609,0.26441565533374267,0.08377963070257197,0.011039711832980612,0.3230150374635569,0.1473814142126609,0.26441565533374267,0.08377963070257197
19830626,1983,greenacre_weighted_power_0175,2,PCI,-0.27233563035451913,-0.4455399652366677,-0.2834053802486398,-0.4758898657329269,0.2553844993370168,0.27233563035451913,0.4455399652366677,0.2834053802486398,0.4758898657329269
19830626,1983,greenacre_weighted_power_0175,2,MSI-DN,-0.26808268615737885,-0.06368743229967,-0.2867953095859807,-0.10502053051867898,0.05056712811155524,0.26808268615737885,0.06368743229967,0.2867953095859807,0.10502053051867898
19830626,1983,greenacre_weighted_power_0175,2,PSDI,0.223152934557936,0.33693730004786254,0.16893112917163455,0.27882711539914856,0.032957383619334174,0.223152934557936,0.33693730004786254,0.16893112917163455,0.27882711539914856
19830626,1983,greenacre_weighted_power_0175,2,P.RAD,0.18343682673614475,-0.024450210343350882,0.1378140525297144,-0.05492102677784215,0.015219499487077954,0.18343682673614475,0.024450210343350882,0.1378140525297144,0.05492102677784215
19830626,1983,greenacre_weighted_power_0175,2,PSI,-0.14416744365388162,0.009083809859687129,-0.18080559389886147,-0.053742096380079096,0.094138694111188,0.14416744365388162,0.009083809859687129,0.18080559389886147,0.053742096380079096
19830626,1983,greenacre_weighted_power_0175,2,OTHER_LISTS,0.11937170081542785,-0.02898455802705494,0.10923761621170389,-0.03903007500101337,0.009947912170740267,0.11937170081542785,0.02898455802705494,0.10923761621170389,0.03903007500101337
19830626,1983,greenacre_weighted_power_0175,2,PLI,0.08685237510357938,0.0687255963926745,0.04677458756001138,0.03559462931707686,0.02089003732729961,0.08685237510357938,0.0687255963926745,0.04677458756001138,0.03559462931707686
19830626,1983,greenacre_weighted_power_0175,2,PRI,-0.01919661939985926,-0.1321963876363453,-0.07577185674437242,-0.1735597148399123,0.038075083418825525,0.01919661939985926,0.1321963876363453,0.07577185674437242,0.1735597148399123
19830626,1983,greenacre_weighted_power_0175,2,NON_VALID_OR_NON_VOTING,-0.006331909654294769,0.2247273093684661,-0.06571523944632601,0.1761291785273446,0.1742456405744725,0.006331909654294769,0.2247273093684661,0.06571523944632601,0.1761291785273446
19830626,1983,greenacre_weighted_power_0175,3,PART.NAZ.PENS.,-0.7683766778988328,-0.6605688087261001,-0.6553371932904349,-0.6747996448686863,0.010375718239119045,0.7683766778988328,0.6605688087261001,0.6553371932904349,0.6747996448686863
19830626,1983,greenacre_weighted_power_0175,3,TERRITORIAL_LISTS,-0.49323360540835026,0.0935234400584427,-0.5330456289252147,-0.2856542416768323,0.0072608553149926735,0.49323360540835026,0.0935234400584427,0.5330456289252147,0.2856542416768323
19830626,1983,greenacre_weighted_power_0175,3,PSDI,0.24361600349188414,0.39853389424893565,0.19448821832298765,0.3286243292944051,0.032957383619334174,0.24361600349188414,0.39853389424893565,0.19448821832298765,0.3286243292944051
19830626,1983,greenacre_weighted_power_0175,3,DC,0.16823268814170161,0.39267954757286444,0.08149126939694945,0.31384235584552983,0.2798978364553976,0.16823268814170161,0.39267954757286444,0.08149126939694945,0.31384235584552983
19830626,1983,greenacre_weighted_power_0175,3,PLI,0.14685202827887692,0.049681336121117456,0.14570199440622866,0.006574804141370884,0.02089003732729961,0.14685202827887692,0.049681336121117456,0.14570199440622866,0.006574804141370884
19830626,1983,greenacre_weighted_power_0175,3,PSI,0.13981632388591198,0.19424641660578884,0.05543995009283212,0.10523213341058517,0.094138694111188,0.13981632388591198,0.19424641660578884,0.05543995009283212,0.10523213341058517
19830626,1983,greenacre_weighted_power_0175,3,NON_VALID_OR_NON_VOTING,0.0904314338507106,0.4169030405320301,0.049084499278079834,0.3560218656321636,0.1742456405744725,0.0904314338507106,0.4169030405320301,0.049084499278079834,0.3560218656321636
19830626,1983,greenacre_weighted_power_0175,3,OTHER_LISTS,0.08752529551644626,0.2017129757916215,0.05589452200963475,0.18737260611755552,0.009947912170740267,0.08752529551644626,0.2017129757916215,0.05589452200963475,0.18737260611755552
19830626,1983,greenacre_weighted_power_0175,3,PCI,0.04248611586287667,-0.3204020454946217,0.003480898242065541,-0.3634078141925082,0.2553844993370168,0.04248611586287667,0.3204020454946217,0.003480898242065541,0.3634078141925082
19830626,1983,greenacre_weighted_power_0175,3,DEM.PROL,-0.02358643174993067,-0.17989772526891198,-0.06625411653386329,-0.258100108320528,0.011039711832980612,0.02358643174993067,0.17989772526891198,0.06625411653386329,0.258100108320528
19830626,1983,greenacre_weighted_power_0175,3,P.RAD,0.012414949551494218,-0.1718870443610348,-0.02715717249285657,-0.21796609315565404,0.015219499487077954,0.012414949551494218,0.1718870443610348,0.02715717249285657,0.21796609315565404
19830626,1983,greenacre_weighted_power_0175,3,PRI,-0.011629504165111935,-0.16571025518301127,-0.04290375628400402,-0.22275234904400837,0.038075083418825525,0.011629504165111935,0.16571025518301127,0.04290375628400402,0.22275234904400837
19830626,1983,greenacre_weighted_power_0175,3,MSI-DN,-0.001322059531707845,0.2238002871753533,-0.03707308107877139,0.14386477567574377,0.05056712811155524,0.001322059531707845,0.2238002871753533,0.03707308107877139,0.14386477567574377
19830626,1983,greenacre_weighted_power_0175,4,PCI,0.7486752860801071,0.7010151900647403,0.7687610229865923,0.6954026752651333,0.2553844993370168,0.7486752860801071,0.7010151900647403,0.7687610229865923,0.6954026752651333
19830626,1983,greenacre_weighted_power_0175,4,NON_VALID_OR_NON_VOTING,-0.7013673592886431,-0.7204020454946217,-0.6963240304438052,-0.7410685946041261,0.1742456405744725,0.7013673592886431,0.7204020454946217,0.6963240304438052,0.7410685946041261
19830626,1983,greenacre_weighted_power_0175,4,MSI-DN,-0.5654951975115968,-0.5929062649570497,-0.5527154994021563,-0.5928458069879335,0.05056712811155524,0.5654951975115968,0.5929062649570497,0.5527154994021563,0.5928458069879335
19830626,1983,greenacre_weighted_power_0175,4,DC,-0.47459543527315406,-0.46835277224979216,-0.45506143540041033,-0.4691488021764868,0.2798978364553976,0.47459543527315406,0.46835277224979216,0.45506143540041033,0.4691488021764868
19830626,1983,greenacre_weighted_power_0175,4,P.RAD,0.42598536120609354,0.4864397813436783,0.3350149275592749,0.46444315691362065,0.015219499487077954,0.42598536120609354,0.4864397813436783,0.3350149275592749,0.46444315691362065
19830626,1983,greenacre_weighted_power_0175,4,PSDI,-0.38877021082266416,-0.32157089956419876,-0.33390744980218007,-0.32343502027861043,0.032957383619334174,0.38877021082266416,0.32157089956419876,0.33390744980218007,0.32343502027861043
19830626,1983,greenacre_weighted_power_0175,4,PRI,0.385242970864062,0.4143235005164118,0.35284914697245806,0.4003375569942313,0.038075083418825525,0.385242970864062,0.4143235005164118,0.35284914697245806,0.4003375569942313
19830626,1983,greenacre_weighted_power_0175,4,DEM.PROL,0.35065324479775256,0.41932135929667225,0.26741677764613453,0.4004584729324634,0.011039711832980612,0.35065324479775256,0.41932135929667225,0.26741677764613453,0.4004584729324634
19830626,1983,greenacre_weighted_power_0175,4,OTHER_LISTS,0.22742008135544492,0.1686021613723959,0.0013656341250670228,0.14777256491402024,0.009947912170740267,0.22742008135544492,0.1686021613723959,0.0013656341250670228,0.14777256491402024
19830626,1983,greenacre_weighted_power_0175,4,PSI,-0.15838684794988195,-0.1755649041489281,-0.18558396799949098,-0.20110839610046097,0.094138694111188,0.15838684794988195,0.1755649041489281,0.18558396799949098,0.20110839610046097
19830626,1983,greenacre_weighted_power_0175,4,PART.NAZ.PENS.,-0.10066391577784983,-0.008952817593269012,0.04846224140208929,-0.0018663368907751276,0.010375718239119045,0.10066391577784983,0.008952817593269012,0.04846224140208929,0.0018663368907751276
19830626,1983,greenacre_weighted_power_0175,4,PLI,0.06187124755713654,0.14075119026626695,0.016751424594106393,0.12623120135022797,0.02089003732729961,0.06187124755713654,0.14075119026626695,0.016751424594106393,0.12623120135022797
19830626,1983,greenacre_weighted_power_0175,4,TERRITORIAL_LISTS,-0.005057156996284482,0.11652769730710127,-0.015828563634458125,0.026758643936100387,0.0072608553149926735,0.005057156996284482,0.11652769730710127,0.015828563634458125,0.026758643936100387
19870614,1987,greenacre_weighted_power_0175,2,LISTA VERDE,-0.9249556321005902,-0.5398947023704561,-0.48201220287668906,-0.5419876565639905,0.019607877809199356,0.9249556321005902,0.5398947023704561,0.48201220287668906,0.5419876565639905
19870614,1987,greenacre_weighted_power_0175,2,TERRITORIAL_LISTS,0.5822361508284991,-0.0188880771846739,0.7924992575280455,-0.009093886187873138,0.01575822234601395,0.5822361508284991,0.0188880771846739,0.7924992575280455,0.009093886187873138
19870614,1987,greenacre_weighted_power_0175,2,NON_VALID_OR_NON_VOTING,0.27387653105177784,0.84385721842960415,0.17767019343554627,0.7850920724487995,0.15865017111454352,0.27387653105177784,0.84385721842960415,0.17767019343554627,0.7850920724487995
19870614,1987,greenacre_weighted_power_0175,2,OTHER_LISTS,0.24280039994988878,0.12316799758168122,0.059346286574775094,0.11664861324533339,0.012395966896378528,0.24280039994988878,0.12316799758168122,0.059346286574775094,0.11664861324533339
19870614,1987,greenacre_weighted_power_0175,2,PRI,-0.19605233046764797,-0.24128271657807893,-0.1859015593910514,-0.2937803864271859,0.029043016181059596,0.19605233046764797,0.24128271657807893,0.1859015593910514,0.2937803864271859
19870614,1987,greenacre_weighted_power_0175,2,PLI,-0.1947740412946468,0.05950575610247625,-0.14070507157525686,0.022938761115449527,0.01611550974122766,0.1947740412946468,0.05950575610247625,0.14070507157525686,0.022938761115449527
19870614,1987,greenacre_weighted_power_0175,2,PSI,-0.19110379928286095,-0.20263999798473437,-0.2717800544723759,-0.273778874977958,0.11648158179677696,0.19110379928286095,0.20263999798473437,0.2717800544723759,0.273778874977958
19870614,1987,greenacre_weighted_power_0175,2,DC,0.18738693514433608,0.5275612766707811,0.0617171413400337,0.45534423256165446,0.2921989520695865,0.18738693514433608,0.5275612766707811,0.0617171413400337,0.45534423256165446
19870614,1987,greenacre_weighted_power_0175,2,PSDI,0.18678292560463508,0.46399979847343625,0.08893637546240626,0.41950273320402043,0.024986881042712437,0.18678292560463508,0.46399979847343625,0.08893637546240626,0.41950273320402043
19870614,1987,greenacre_weighted_power_0175,2,PCI,-0.13170310919731984,-0.7660175831926845,-0.2124896125334423,-0.8057586215583041,0.2359920485503595,0.13170310919731984,0.7660175831926845,0.2124896125334423,0.8057586215583041
19870614,1987,greenacre_weighted_power_0175,2,DEM.PROL,-0.0997090693561902,-0.40141572411013426,-0.16253753100194476,-0.4565735446003476,0.012628229314585272,0.0997090693561902,0.40141572411013426,0.16253753100194476,0.4565735446003476
19870614,1987,greenacre_weighted_power_0175,2,MSI-DN,-0.029496278809127117,0.1425951583243066,-0.10010738831895795,0.0912965715293347,0.047382067721350236,0.029496278809127117,0.1425951583243066,0.10010738831895795,0.0912965715293347
19870614,1987,greenacre_weighted_power_0175,2,P.RAD,0.008205971673677509,-0.2674106355644003,-0.012700619275647225,-0.31674433836310045,0.01875947541620651,0.008205971673677509,0.2674106355644003,0.012700619275647225,0.31674433836310045
19870614,1987,greenacre_weighted_power_0175,3,PCI,0.8652945889846988,0.8227775398644733,0.8761507051581365,0.8085094591530846,0.2359920485503595,0.8652945889846988,0.8227775398644733,0.8761507051581365,0.8085094591530846
19870614,1987,greenacre_weighted_power_0175,3,NON_VALID_OR_NON_VOTING,-0.7426041008471939,-0.7830768068115979,-0.7263383928846302,-0.8048114467088192,0.15865017111454352,0.7426041008471939,0.7830768068115979,0.7263383928846302,0.8048114467088192
19870614,1987,greenacre_weighted_power_0175,3,DC,-0.5745797266602187,-0.5740534549210268,-0.5642840722538646,-0.5870216892964204,0.2921989520695865,0.5745797266602187,0.5740534549210268,0.5642840722538646,0.5870216892964204
19870614,1987,greenacre_weighted_power_0175,3,PSDI,-0.5403016162924483,-0.5070156434995088,-0.43796404104437453,-0.5053530493488173,0.024986881042712437,0.5403016162924483,0.5070156434995088,0.43796404104437453,0.5053530493488173
19870614,1987,greenacre_weighted_power_0175,3,DEM.PROL,0.391466178425559,0.46506788926115317,0.3269071014424395,0.4294379927954253,0.012628229314585272,0.391466178425559,0.46506788926115317,0.3269071014424395,0.4294379927954253
19870614,1987,greenacre_weighted_power_0175,3,MSI-DN,-0.2584991735903069,-0.2621709449076756,-0.2757410530511113,-0.2579288107413658,0.047382067721350236,0.2584991735903069,0.2621709449076756,0.2757410530511113,0.2579288107413658
19870614,1987,greenacre_weighted_power_0175,3,P.RAD,0.25481478009709974,0.3160087664055218,0.1564151025685404,0.30524724790286417,0.01875947541620651,0.25481478009709974,0.3160087664055218,0.1564151025685404,0.30524724790286417
19870614,1987,greenacre_weighted_power_0175,3,PLI,-0.23923265216854092,-0.20071541930120662,-0.22157192216845023,-0.20536060659495678,0.01611550974122766,0.23923265216854092,0.20071541930120662,0.22157192216845023,0.20536060659495678
19870614,1987,greenacre_weighted_power_0175,3,PRI,0.18297679903194294,0.16682872761165832,0.16434040749822013,0.16109529687381915,0.029043016181059596,0.18297679903194294,0.16682872761165832,0.16434040749822013,0.16109529687381915
19870614,1987,greenacre_weighted_power_0175,3,OTHER_LISTS,0.11353917686926646,0.22356853162707507,-0.0010640498726940883,0.2175428873718417,0.012395966896378528,0.11353917686926646,0.22356853162707507,0.0010640498726940883,0.2175428873718417
19870614,1987,greenacre_weighted_power_0175,3,LISTA VERDE,0.08282637414551532,0.4051238128825856,0.3342004217994859,0.39879581861929714,0.019607877809199356,0.08282637414551532,0.4051238128825856,0.3342004217994859,0.39879581861929714
19870614,1987,greenacre_weighted_power_0175,3,PSI,0.08181882097386872,0.09681839937526765,0.03159496357517442,0.07234299821145174,0.11648158179677696,0.08181882097386872,0.09681839937526765,0.03159496357517442,0.07234299821145174
19870614,1987,greenacre_weighted_power_0175,3,TERRITORIAL_LISTS,0.06508954548590812,0.2985968713000982,0.06487300900648797,0.2784744439126382,0.01575822234601395,0.06508954548590812,0.2985968713000982,0.06487300900648797,0.2784744439126382
19870614,1987,greenacre_weighted_power_0175,4,TERRITORIAL_LISTS,0.715917442979035,0.8158047207597551,0.4926795144173082,0.8234325011965639,0.01575822234601395,0.715917442979035,0.8158047207597551,0.4926795144173082,0.8234325011965639
19870614,1987,greenacre_weighted_power_0175,4,P.RAD,0.6498333234026804,0.7344383706577322,0.6074729949021717,0.7257727284177645,0.01875947541620651,0.6498333234026804,0.7344383706577322,0.6074729949021717,0.7257727284177645
19870614,1987,greenacre_weighted_power_0175,4,DEM.PROL,0.5478436574760421,0.5372244754011638,0.5464120544812897,0.5351487517948459,0.012628229314585272,0.5478436574760421,0.5372244754011638,0.5464120544812897,0.5351487517948459
19870614,1987,greenacre_weighted_power_0175,4,PSI,0.4691462422045435,0.4419830213870065,0.47506468478932196,0.46266972315288307,0.11648158179677696,0.4691462422045435,0.4419830213870065,0.47506468478932196,0.46266972315288307
19870614,1987,greenacre_weighted_power_0175,4,NON_VALID_OR_NON_VOTING,-0.4359682724569244,-0.4576819407008086,-0.47080440689548303,-0.4607552207975414,0.15865017111454352,0.4359682724569244,0.4576819407008086,0.47080440689548303,0.4607552207975414
19870614,1987,greenacre_weighted_power_0175,4,PLI,0.4327341863678564,0.4419830213870065,0.35486421193875334,0.440280121923571,0.01611550974122766,0.4327341863678564,0.4419830213870065,0.35486421193875334,0.440280121923571
19870614,1987,greenacre_weighted_power_0175,4,PCI,-0.31184690034406454,-0.15384034057989265,-0.2953718916919652,-0.14038844245157064,0.2359920485503595,0.31184690034406454,0.15384034057989265,0.2953718916919652,0.14038844245157064
19870614,1987,greenacre_weighted_power_0175,4,LISTA VERDE,0.28378626705405857,0.7034435851575686,0.653602106104458,0.712225722027583,0.019607877809199356,0.28378626705405857,0.7034435851575686,0.653602106104458,0.712225722027583
19870614,1987,greenacre_weighted_power_0175,4,PRI,0.2179275892326608,0.3473662997203819,0.10533781270612662,0.35592110235030355,0.029043016181059596,0.2179275892326608,0.3473662997203819,0.10533781270612662,0.35592110235030355
19870614,1987,greenacre_weighted_power_0175,4,MSI-DN,-0.20995902636157548,-0.1881603143814394,-0.18977103687157756,-0.14186966269491394,0.047382067721350236,0.20995902636157548,0.1881603143814394,0.18977103687157756,0.14186966269491394
19870614,1987,greenacre_weighted_power_0175,4,DC,0.2036141853174243,0.06988437413406555,0.23733518250663133,0.10998816031438143,0.2921989520695865,0.2036141853174243,0.06988437413406555,0.23733518250663133,0.10998816031438143
19870614,1987,greenacre_weighted_power_0175,4,OTHER_LISTS,0.12966400511487525,0.2683779630702572,0.07138127785025941,0.2814771897120689,0.012395966896378528,0.12966400511487525,0.2683779630702572,0.07138127785025941,0.2814771897120689
19870614,1987,greenacre_weighted_power_0175,4,PSDI,0.04525490634414954,0.013467012620601052,0.034021842133581205,0.03353905836713102,0.024986881042712437,0.04525490634414954,0.013467012620601052,0.034021842133581205,0.03353905836713102
19920405,1992,greenacre_weighted_power_0175,2,TERRITORIAL_LISTS,-0.8936347799786151,-0.8252865455827896,-0.8264259225970172,-0.8331460815678766,0.07654545329103397,0.8936347799786151,0.8252865455827896,0.8264259225970172,0.8331460815678766
19920405,1992,greenacre_weighted_power_0175,2,NON_VALID_OR_NON_VOTING,0.736754195304633,0.6985666423155402,0.6819040431708381,0.6494747713933042,0.1798371664606808,0.736754195304633,0.6985666423155402,0.6819040431708381,0.6494747713933042
19920405,1992,greenacre_weighted_power_0175,2,LA RETE-MOV.DEM.,-0.65194436957254,-0.5822555860644381,-0.14101538469371788,-0.6267918580305012,0.012154846963975254,0.65194436957254,0.5822555860644381,0.14101538469371788,0.6267918580305012
19920405,1992,greenacre_weighted_power_0175,2,DC,0.6366124403408406,0.5638562107967856,0.5330870343786508,0.46032193868554294,0.24806935047784268,0.6366124403408406,0.5638562107967856,0.5330870343786508,0.46032193868554294
19920405,1992,greenacre_weighted_power_0175,2,MSI-DN,0.5621782991237051,0.5903670302541753,0.4201905062340124,0.4471723304028012,0.042701485495026094,0.5621782991237051,0.5903670302541753,0.4201905062340124,0.4471723304028012
19920405,1992,greenacre_weighted_power_0175,2,PSDI,0.5477503650353567,0.4942086303750913,0.4690200335118314,0.43327707383429476,0.023067362658415278,0.5477503650353567,0.4942086303750913,0.4690200335118314,0.43327707383429476
19920405,1992,greenacre_weighted_power_0175,2,FEDERAZIONE DEI VERDI,-0.4626720313641463,-0.45704713202509,-0.5359618617336449,-0.5409426405018011,0.02125127530749654,0.4626720313641463,0.45704713202509,0.5359618617336449,0.5409426405018011
19920405,1992,greenacre_weighted_power_0175,2,PSI,0.4535476112273124,0.38825603949920645,0.22784675475480726,0.14639393405043202,0.11146176168881705,0.4535476112273124,0.38825603949920645,0.22784675475480726,0.14639393405043202
19920405,1992,greenacre_weighted_power_0175,2,OTHER_LISTS,-0.38317005409573396,-0.4569161397586719,-0.1373911319809007,-0.4823790210847167,0.03118580572441696,0.38317005409573396,0.4569161397586719,0.1373911319809007,0.4823790210847167
19920405,1992,greenacre_weighted_power_0175,2,LISTA PANNELLA,-0.33394135290645705,-0.4010126709826939,-0.3979307539833903,-0.46422147769352845,0.008781720528430745,0.33394135290645705,0.4010126709826939,0.3979307539833903,0.46422147769352845
19920405,1992,greenacre_weighted_power_0175,2,PRI,-0.06045563633917293,0.004216943345844774,-0.12693334026783393,-0.10744892561150717,0.033740350967169416,0.06045563633917293,0.004216943345844774,0.12693334026783393,0.10744892561150717
19920405,1992,greenacre_weighted_power_0175,2,PDS,0.05699508503546653,0.21128548756833007,-0.09568267225658408,0.07671612464417966,0.1398575429642104,0.05699508503546653,0.21128548756833007,0.09568267225658408,0.07671612464417966
19920405,1992,greenacre_weighted_power_0175,2,PLI,-0.007973434677623343,-0.0398871451243167,-0.0868837821807956,-0.1587676650628511,0.021742523987678616,0.007973434677623343,0.0398871451243167,0.0868837821807956,0.1587676650628511
19920405,1992,greenacre_weighted_power_0175,2,RIFONDAZIONE COMUNISTA,0.001599290618277178,0.07392498173665515,-0.11049579252504482,-0.036703025417537845,0.0496033534848062,0.001599290618277178,0.07392498173665515,0.11049579252504482,0.036703025417537845
19920405,1992,greenacre_weighted_power_0175,3,LA RETE-MOV.DEM.,0.6827975047921497,0.5832229135702949,0.5183991586583248,0.570631731554827,0.012154846963975254,0.6827975047921497,0.5832229135702949,0.5183991586583248,0.570631731554827
19920405,1992,greenacre_weighted_power_0175,3,FEDERAZIONE DEI VERDI,-0.371188527524917,-0.2194573897271834,-0.3115302007368415,-0.16050079351084462,0.02125127530749654,0.371188527524917,0.2194573897271834,0.3115302007368415,0.16050079351084462
19920405,1992,greenacre_weighted_power_0175,3,TERRITORIAL_LISTS,-0.3267546760427358,-0.2076277804368088,-0.2551392518469829,-0.19311786784895585,0.07654545329103397,0.3267546760427358,0.2076277804368088,0.2551392518469829,0.19311786784895585
19920405,1992,greenacre_weighted_power_0175,3,OTHER_LISTS,-0.294292310894767,-0.18914779454366826,-0.11403122200106684,-0.1706174270095977,0.03118580572441696,0.294292310894767,0.18914779454366826,0.11403122200106684,0.1706174270095977
19920405,1992,greenacre_weighted_power_0175,3,RIFONDAZIONE COMUNISTA,-0.2509968399609282,-0.09691916265712773,-0.22698337663936646,-0.07265536438521802,0.0496033534848062,0.2509968399609282,0.09691916265712773,0.22698337663936646,0.07265536438521802
19920405,1992,greenacre_weighted_power_0175,3,NON_VALID_OR_NON_VOTING,0.2388834130083857,-0.0028062573998035114,0.2645087411203515,0.029659672015517544,0.1798371664606808,0.2388834130083857,0.0028062573998035114,0.2645087411203515,0.029659672015517544
19920405,1992,greenacre_weighted_power_0175,3,LISTA PANNELLA,-0.1984996689803773,-0.14243393707333046,-0.27398295009961776,-0.11773685668942237,0.008781720528430745,0.1984996689803773,0.14243393707333046,0.27398295009961776,0.11773685668942237
19920405,1992,greenacre_weighted_power_0175,3,DC,0.1681983360003489,-0.07595032370204298,0.16193611574218417,-0.06701262060105297,0.24806935047784268,0.1681983360003489,0.07595032370204298,0.16193611574218417,0.06701262060105297
19920405,1992,greenacre_weighted_power_0175,3,PSDI,0.13945007096996406,0.0012343502027861047,0.11170532766501289,0.006332972264906668,0.023067362658415278,0.13945007096996406,0.0012343502027861047,0.11170532766501289,0.006332972264906668
19920405,1992,greenacre_weighted_power_0175,3,MSI-DN,0.13707355518198228,0.014666095674736125,0.1305682570165071,0.03209814343653172,0.042701485495026094,0.13707355518198228,0.014666095674736125,0.1305682570165071,0.03209814343653172
19920405,1992,greenacre_weighted_power_0175,3,PDS,-0.08609268160565423,6.196941834395546e-4,-0.06999217787844879,0.015804720759755145,0.1398575429642104,0.08609268160565423,6.196941834395546e-4,0.06999217787844879,0.015804720759755145
19920405,1992,greenacre_weighted_power_0175,3,PSI,0.06880240098999822,-0.05591858326825704,0.01640327873634938,-0.05211980754213164,0.11146176168881705,0.06880240098999822,0.05591858326825704,0.01640327873634938,0.05211980754213164
19920405,1992,greenacre_weighted_power_0175,3,PRI,-0.03427687320936147,0.04300073053379348,-0.012910540763618712,0.05298637176612842,0.033740350967169416,0.03427687320936147,0.04300073053379348,0.012910540763618712,0.05298637176612842
19920405,1992,greenacre_weighted_power_0175,3,PLI,0.03148377246123726,-0.031564098042673246,0.047319719352378053,-0.004730836083331234,0.021742523987678616,0.03148377246123726,0.031564098042673246,0.047319719352378053,0.004730836083331234
19920405,1992,greenacre_weighted_power_0175,4,PDS,0.8417312574219727,0.8451066831246693,0.8647867053048338,0.812459379802,0.1398575429642104,0.8417312574219727,0.8451066831246693,0.8647867053048338,0.812459379802
19920405,1992,greenacre_weighted_power_0175,4,RIFONDAZIONE COMUNISTA,0.6330563479302947,0.7508325566163689,0.6671504401373067,0.7090057183162455,0.0496033534848062,0.6330563479302947,0.7508325566163689,0.6671504401373067,0.7090057183162455
19920405,1992,greenacre_weighted_power_0175,4,DC,-0.4247052540101845,-0.3025870972617578,-0.4219500797957564,-0.33145577751467364,0.24806935047784268,0.4247052540101845,0.3025870972617578,0.4219500797957564,0.33145577751467364
19920405,1992,greenacre_weighted_power_0175,4,PRI,0.37479561822053414,0.339657908658085,0.40313017552382746,0.340826762727662,0.033740350967169416,0.37479561822053414,0.339657908658085,0.40313017552382746,0.340826762727662
19920405,1992,greenacre_weighted_power_0175,4,NON_VALID_OR_NON_VOTING,-0.29718822236511633,-0.1303020379373756,-0.2832108988830577,-0.14119454870645137,0.1798371664606808,0.29718822236511633,0.1303020379373756,0.2832108988830577,0.14119454870645137
19920405,1992,greenacre_weighted_power_0175,4,PLI,-0.24553939969400648,-0.26545582789631456,-0.2007211667339991,-0.26410559991938937,0.021742523987678616,0.24553939969400648,0.26545582789631456,0.2007211667339991,0.26410559991938937
19920405,1992,greenacre_weighted_power_0175,4,PSDI,-0.22193882097776485,-0.07728039902259616,-0.18473403514172745,-0.07808650527747688,0.023067362658415278,0.22193882097776485,0.07728039902259616,0.18473403514172745,0.07808650527747688
19920405,1992,greenacre_weighted_power_0175,4,TERRITORIAL_LISTS,-0.14081325067141195,-0.2787968864145905,-0.39240902437369296,-0.27587475124064786,0.07654545329103397,0.14081325067141195,0.2787968864145905,0.39240902437369296,0.27587475124064786
19920405,1992,greenacre_weighted_power_0175,4,LISTA PANNELLA,0.11978256387842487,0.09725168148726603,0.1471712090775702,0.09514572889639016,0.008781720528430745,0.11978256387842487,0.09725168148726603,0.1471712090775702,0.09514572889639016
19920405,1992,greenacre_weighted_power_0175,4,FEDERAZIONE DEI VERDI,0.11761181785072064,0.059374763836058136,0.09607301387760099,0.05070912159609038,0.02125127530749654,0.11761181785072064,0.059374763836058136,0.09607301387760099,0.05070912159609038
19920405,1992,greenacre_weighted_power_0175,4,PSI,-0.07096725340398267,-0.01010151900647404,-0.024683254918286227,0.0026248834924553492,0.11146176168881705,0.07096725340398267,0.01010151900647404,0.024683254918286227,0.0026248834924553492
19920405,1992,greenacre_weighted_power_0175,4,LA RETE-MOV.DEM.,-0.06526895950025663,-0.4853112325868453,-0.20786175383416067,-0.4755162505619065,0.012154846963975254,0.06526895950025663,0.4853112325868453,0.20786175383416067,0.4755162505619065
19920405,1992,greenacre_weighted_power_0175,4,MSI-DN,0.04231902530034378,0.30756480338564623,0.04672860325008922,0.3292692142983097,0.042701485495026094,0.04231902530034378,0.30756480338564623,0.04672860325008922,0.3292692142983097
19920405,1992,greenacre_weighted_power_0175,4,OTHER_LISTS,0.03977003936031509,-0.011794342141723554,-0.010194594460860453,-0.007290223442577524,0.03118580572441696,0.03977003936031509,0.011794342141723554,0.010194594460860453,0.007290223442577524
19940327,1994,greenacre_weighted_power_0175,2,NON_VALID_OR_NON_VOTING,-0.8411108205196807,-0.8951860342091341,-0.6593268872417704,-0.812388845504698,0.2083502984955939,0.8411108205196807,0.8951860342091341,0.6593268872417704,0.812388845504698
19940327,1994,greenacre_weighted_power_0175,2,ALLEANZA NAZIONALE,-0.6742653559055004,-0.7113131974708417,-0.47330015522582136,-0.5306043277829559,0.10295313617676712,0.6742653559055004,0.7113131974708417,0.47330015522582136,0.5306043277829559
19940327,1994,greenacre_weighted_power_0175,2,P.POPOLARE ITALIANO,-0.5872084585037168,-0.4151296067712925,-0.1832439403875968,-0.0057989268710481896,0.09451926049327813,0.5872084585037168,0.4151296067712925,0.1832439403875968,0.0057989268710481896
19940327,1994,greenacre_weighted_power_0175,2,PSI,-0.5774758061723897,-0.6509559916366476,-0.20012212597492912,-0.3182658639191878,0.01888588814963727,0.5774758061723897,0.6509559916366476,0.20012212597492912,0.3182658639191878
19940327,1994,greenacre_weighted_power_0175,2,TERRITORIAL_LISTS,0.4609732563414476,0.6318411970677884,0.21032034657784407,0.6394234295599905,0.07521209103347568,0.4609732563414476,0.6318411970677884,0.21032034657784407,0.6394234295599905
19940327,1994,greenacre_weighted_power_0175,2,OTHER_LISTS,-0.2485773932810082,-0.6505428621810212,-0.4931952632296938,-0.568332553485954,0.016316262672200803,0.2485773932810082,0.6505428621810212,0.4931952632296938,0.568332553485954
19940327,1994,greenacre_weighted_power_0175,2,FORZA ITALIA,0.23821445260179483,-0.07920497770612389,0.2623368251759005,0.3130688915895257,0.16333594442334065,0.23821445260179483,0.07920497770612389,0.2623368251759005,0.3130688915895257
19940327,1994,greenacre_weighted_power_0175,2,LISTA PANNELLA,0.20764606184889423,-0.06185354056981635,0.3036183358901922,0.3412731830758635,0.025993924225719316,0.20764606184889423,0.06185354056981635,0.3036183358901922,0.3412731830758635
19940327,1994,greenacre_weighted_power_0175,2,PATTO SEGNI,0.1795053793819836,-0.2773660478121772,0.15129630212717435,0.12258167897825772,0.03514936905576258,0.1795053793819836,0.2773660478121772,0.15129630212717435,0.12258167897825772
19940327,1994,greenacre_weighted_power_0175,2,RIFONDAZIONE COMUNISTA,0.15296746651057985,-0.14099302214273118,0.42228530115388613,0.3296207785820052,0.05059559893892378,0.15296746651057985,0.14099302214273118,0.42228530115388613,0.3296207785820052
19940327,1994,greenacre_weighted_power_0175,2,FEDERAZIONE DEI VERDI,0.10621818597844956,-0.1098571680479633,0.1947823144208295,0.305850267238562,0.019743878408350436,0.10621818597844956,0.1098571680479633,0.1947823144208295,0.305850267238562
19940327,1994,greenacre_weighted_power_0175,2,ALLEANZA DEMOCRATICA,0.026743944996956537,-0.2884600851449732,0.06507030964592596,0.022794978921620468,0.008813436265277601,0.026743944996956537,0.2884600851449732,0.06507030964592596,0.022794978921620468
19940327,1994,greenacre_weighted_power_0175,2,PDS,-0.005347442984020549,-0.0930800816182583,0.535680231491184,0.2568808726100209,0.16709651390278496,0.005347442984020549,0.0930800816182583,0.535680231491184,0.2568808726100209
19940327,1994,greenacre_weighted_power_0175,2,LA RETE-MOV.DEM.,0.002836831874578376,-0.28395596644582716,-0.15599323015686828,0.01314205991014315,0.013034397758887782,0.002836831874578376,0.28395596644582716,0.15599323015686828,0.01314205991014315
19940327,1994,greenacre_weighted_power_0175,3,FORZA ITALIA,-0.9294957881333292,-0.41485754591027024,-0.5721777082750771,-0.027329411722753848,0.16333594442334065,0.9294957881333292,0.41485754591027024,0.5721777082750771,0.027329411722753848
19940327,1994,greenacre_weighted_power_0175,3,TERRITORIAL_LISTS,0.29936471616293214,0.635781041388518,-0.009983250009101663,0.6009779461618802,0.07521209103347568,0.29936471616293214,0.635781041388518,0.009983250009101663,0.6009779461618802
19940327,1994,greenacre_weighted_power_0175,3,LISTA PANNELLA,0.28532300567083047,0.20676121621281204,0.23514786705633647,0.381074198457751,0.025993924225719316,0.28532300567083047,0.20676121621281204,0.23514786705633647,0.381074198457751
19940327,1994,greenacre_weighted_power_0175,3,ALLEANZA NAZIONALE,0.2577500439217599,-0.3800136030430511,0.3019712899395738,-0.21054991561075143,0.10295313617676712,0.2577500439217599,0.3800136030430511,0.3019712899395738,0.21054991561075143
19940327,1994,greenacre_weighted_power_0175,3,PATTO SEGNI,0.24589630921307015,0.005254805149003703,0.11972270018773104,0.2587253897510458,0.03514936905576258,0.24589630921307015,0.005254805149003703,0.11972270018773104,0.2587253897510458
19940327,1994,greenacre_weighted_power_0175,3,PDS,0.24060698813076634,0.12005441217220444,0.12935510506290346,0.2623422424868378,0.16709651390278496,0.24060698813076634,0.12005441217220444,0.12935510506290346,0.2623422424868378
19940327,1994,greenacre_weighted_power_0175,3,OTHER_LISTS,0.2210502666116373,-0.3114341134090737,0.43224303782776763,-0.22952222926871002,0.016316262672200803,0.2210502666116373,0.3114341134090737,0.43224303782776763,0.22952222926871002
19940327,1994,greenacre_weighted_power_0175,3,RIFONDAZIONE COMUNISTA,0.21212886568467187,0.10669320099755648,0.1680739563603204,0.3114073469820454,0.05059559893892378,0.21212886568467187,0.10669320099755648,0.1680739563603204,0.3114073469820454
19940327,1994,greenacre_weighted_power_0175,3,FEDERAZIONE DEI VERDI,0.191975255795353,0.1409023351890571,0.11578353620307996,0.29542177714525203,0.019743878408350436,0.191975255795353,0.1409023351890571,0.11578353620307996,0.29542177714525203
19940327,1994,greenacre_weighted_power_0175,3,ALLEANZA DEMOCRATICA,0.15668643795994436,-0.11753533012570219,0.058380020973095643,0.007918095550596289,0.008813436265277601,0.15668643795994436,0.11753533012570219,0.058380020973095643,0.007918095550596289
19940327,1994,greenacre_weighted_power_0175,3,P.POPOLARE ITALIANO,0.1341004451992491,-0.16294934126004482,-0.003428417938756504,0.052643776607804116,0.09451926049327813,0.1341004451992491,0.16294934126004482,0.003428417938756504,0.052643776607804116
19940327,1994,greenacre_weighted_power_0175,3,LA RETE-MOV.DEM.,0.11721759732546677,-0.10261228808222282,-0.12474173441786371,0.004835429194158782,0.013034397758887782,0.11721759732546677,0.10261228808222282,0.12474173441786371,0.004835429194158782
19940327,1994,greenacre_weighted_power_0175,3,PSI,0.03533567449510971,-0.4204398317253193,-0.09410445136629833,-0.28063077814444415,0.01888588814963727,0.03533567449510971,0.4204398317253193,0.09410445136629833,0.28063077814444415
19940327,1994,greenacre_weighted_power_0175,3,NON_VALID_OR_NON_VOTING,0.029374570688864902,-0.6017835100889236,-0.08692414399676492,-0.6218757084918255,0.2083502984955939,0.029374570688864902,0.6017835100889236,0.08692414399676492,0.6218757084918255
19940327,1994,greenacre_weighted_power_0175,4,TERRITORIAL_LISTS,0.7149635323983158,0.7569287351689044,0.7100938960812964,0.6911038220156057,0.07521209103347568,0.7149635323983158,0.7569287351689044,0.7100938960812964,0.6911038220156057
19940327,1994,greenacre_weighted_power_0175,4,OTHER_LISTS,-0.7005769100982322,-0.5578809481824822,-0.44509726903658825,-0.5649271190147764,0.016316262672200803,0.7005769100982322,0.5578809481824822,0.44509726903658825,0.5649271190147764
19940327,1994,greenacre_weighted_power_0175,4,PATTO SEGNI,-0.6977171171138998,-0.6332619593420157,-0.5441210874107905,-0.5437794912454648,0.03514936905576258,0.6977171171138998,0.6332619593420157,0.5441210874107905,0.5437794912454648
19940327,1994,greenacre_weighted_power_0175,4,PDS,-0.4603574559689546,-0.40434793561226284,-0.38180470409412487,-0.35890369549336215,0.16709651390278496,0.4603574559689546,0.40434793561226284,0.38180470409412487,0.35890369549336215
19940327,1994,greenacre_weighted_power_0175,4,ALLEANZA NAZIONALE,-0.3388520982777888,-0.2940625236163942,-0.35606658638660793,-0.3487467566818651,0.10295313617676712,0.3388520982777888,0.2940625236163942,0.35606658638660793,0.3487467566818651
19940327,1994,greenacre_weighted_power_0175,4,P.POPOLARE ITALIANO,0.33266646647371684,0.4062523616394186,0.5043274225391269,0.5624354485225583,0.09451926049327813,0.33266646647371684,0.4062523616394186,0.5043274225391269,0.5624354485225583
19940327,1994,greenacre_weighted_power_0175,4,ALLEANZA DEMOCRATICA,-0.3177096627069682,-0.16004735874247422,-0.18726937982845046,-0.16096574627952567,0.008813436265277601,0.3177096627069682,0.16004735874247422,0.18726937982845046,0.16096574627952567
19940327,1994,greenacre_weighted_power_0175,4,NON_VALID_OR_NON_VOTING,-0.3167460870476575,-0.21350227976925207,-0.4455300821251847,-0.3335214247928055,0.2083502984955939,0.3167460870476575,0.21350227976925207,0.4455300821251847,0.3335214247928055
19940327,1994,greenacre_weighted_power_0175,4,PSI,-0.3160805162616224,-0.29538252260876136,-0.2723362406855243,-0.38969695442980573,0.01888588814963727,0.3160805162616224,0.29538252260876136,0.2723362406855243,0.38969695442980573
19940327,1994,greenacre_weighted_power_0175,4,LA RETE-MOV.DEM.,-0.20130545157579535,-0.04150943396226415,-0.13886584067043375,-0.04301359323915749,0.013034397758887782,0.20130545157579535,0.04150943396226415,0.13886584067043375,0.04301359323915749
19940327,1994,greenacre_weighted_power_0175,4,FORZA ITALIA,0.186305741515583,0.48138146459430176,0.4862525638205165,0.5577638677886072,0.16333594442334065,0.186305741515583,0.48138146459430176,0.4862525638205165,0.5577638677886072
19940327,1994,greenacre_weighted_power_0175,4,RIFONDAZIONE COMUNISTA,0.09977261168177375,-0.10307579917877925,-0.08567143491461011,-0.13079501668891952,0.05059559893892378,0.09977261168177375,0.10307579917877925,0.08567143491461011,0.13079501668891952
19940327,1994,greenacre_weighted_power_0175,4,LISTA PANNELLA,0.08390371491743169,0.35757362017280897,0.2252350115909632,0.33550624196247053,0.025993924225719316,0.08390371491743169,0.35757362017280897,0.2252350115909632,0.33550624196247053
19940327,1994,greenacre_weighted_power_0175,4,FEDERAZIONE DEI VERDI,-0.032459890470476156,0.28397611910219916,0.2597765654829353,0.33187106457003196,0.019743878408350436,0.032459890470476156,0.28397611910219916,0.2597765654829353,0.33187106457003196
19960421,1996,greenacre_weighted_power_0175,2,TERRITORIAL_LISTS,-0.8065651855745506,-0.14753255913545105,-0.333892704360398,-0.15856998354788018,0.08236257834058275,0.8065651855745506,0.14753255913545105,0.333892704360398,0.15856998354788018
19960421,1996,greenacre_weighted_power_0175,2,ALLEANZA NAZIONALE,0.6144865415472724,0.25530896541300346,0.3928650903244632,-0.009406252361639418,0.11564756290176599,0.6144865415472724,0.25530896541300346,0.3928650903244632,0.009406252361639418
19960421,1996,greenacre_weighted_power_0175,2,NON_VALID_OR_NON_VOTING,0.5461411014279518,0.3464896591681991,0.3341644165322307,0.12293624203340302,0.23844925685440116,0.5461411014279518,0.3464896591681991,0.3341644165322307,0.12293624203340302
19960421,1996,greenacre_weighted_power_0175,2,CCD-CDU,0.47824096561852364,0.34503866790941373,0.15704657113788809,0.03114089225886087,0.04775579849524831,0.47824096561852364,0.34503866790941373,0.15704657113788809,0.03114089225886087
19960421,1996,greenacre_weighted_power_0175,2,RIFONDAZIONE COMUNISTA,0.42394082002406575,0.18108673199486106,0.08051577972397639,-0.13444340882182532,0.0657815898734245,0.42394082002406575,0.18108673199486106,0.08051577972397639,0.13444340882182532
19960421,1996,greenacre_weighted_power_0175,2,OTHER_LISTS,0.27730200886386064,0.10377106582361387,0.28231208768069055,-0.010447272746739497,0.012773323523896941,0.27730200886386064,0.10377106582361387,0.28231208768069055,0.010447272746739497
19960421,1996,greenacre_weighted_power_0175,2,POP-SVP-PRI-UD-PRODI,0.26938210835251536,0.5799581832380281,-0.052703011586989444,0.26411567624757537,0.05526094053817877,0.26938210835251536,0.5799581832380281,0.052703011586989444,0.26411567624757537
19960421,1996,greenacre_weighted_power_0175,2,PDS,0.20665346614187768,-0.00302793661989571,-0.101772251944918,-0.2773962767967353,0.16518423711723598,0.20665346614187768,0.00302793661989571,0.101772251944918,0.2773962767967353
19960421,1996,greenacre_weighted_power_0175,2,FORZA ITALIA,0.20263530497526575,0.2926518376703529,-0.24418306701057393,-0.1500717938383253,0.1537398789002857,0.20263530497526575,0.2926518376703529,0.24418306701057393,0.1500717938383253
19960421,1996,greenacre_weighted_power_0175,2,FEDERAZIONE DEI VERDI,0.1879445779222562,0.33254402095876257,-0.09800049592697793,0.014948232863944377,0.01852368522833084,0.1879445779222562,0.33254402095876257,0.09800049592697793,0.014948232863944377
19960421,1996,greenacre_weighted_power_0175,2,RINNOVAMENTO IT-DINI,0.16310799011979038,0.1988009169458649,-0.03604454971716471,-0.1763235560010491,0.031339396269322174,0.16310799011979038,0.1988009169458649,0.03604454971716471,0.1763235560010491
19960421,1996,greenacre_weighted_power_0175,2,PANNELLA-SGARBI,-0.040013086935701755,-0.25003904577172076,-0.14166542270423105,-0.39733888860966826,0.013181751957326878,0.040013086935701755,0.25003904577172076,0.14166542270423105,0.39733888860966826
19960421,1996,greenacre_weighted_power_0175,3,RINNOVAMENTO IT-DINI,-0.7057748724559755,0.21509433962264152,-0.39966585575244784,0.07529797496817887,0.031339396269322174,0.7057748724559755,0.21509433962264152,0.39966585575244784,0.07529797496817887
19960421,1996,greenacre_weighted_power_0175,3,OTHER_LISTS,-0.47676974747933415,-0.4831952036677834,-0.47917867714321166,-0.5601663352980423,0.012773323523896941,0.47676974747933415,0.4831952036677834,0.47917867714321166,0.5601663352980423
19960421,1996,greenacre_weighted_power_0175,3,PANNELLA-SGARBI,-0.47368715000851314,-0.14355240950197748,-0.29674986222497585,-0.18316524944352144,0.013181751957326878,0.47368715000851314,0.14355240950197748,0.29674986222497585,0.18316524944352144
19960421,1996,greenacre_weighted_power_0175,3,FEDERAZIONE DEI VERDI,0.4583686181909949,0.4931808449001183,0.38540913975575497,0.360918961130564,0.01852368522833084,0.4583686181909949,0.4931808449001183,0.38540913975575497,0.360918961130564
19960421,1996,greenacre_weighted_power_0175,3,TERRITORIAL_LISTS,0.4401628774567581,0.5439957679421618,0.6222648379287639,0.5326374279426918,0.08236257834058275,0.4401628774567581,0.5439957679421618,0.6222648379287639,0.5326374279426918
19960421,1996,greenacre_weighted_power_0175,3,POP-SVP-PRI-UD-PRODI,0.42265410219976773,0.5649343779126886,0.3170655751548607,0.4848779504748469,0.05526094053817877,0.42265410219976773,0.5649343779126886,0.3170655751548607,0.4848779504748469
19960421,1996,greenacre_weighted_power_0175,3,FORZA ITALIA,0.38384529871169365,0.33855958888581,0.2700029225663013,0.15918079451847747,0.1537398789002857,0.38384529871169365,0.33855958888581,0.2700029225663013,0.15918079451847747
19960421,1996,greenacre_weighted_power_0175,3,PDS,-0.2502295312244027,-0.16283850164999875,-0.3097662638554537,-0.26411567624757537,0.16518423711723598,0.2502295312244027,0.16283850164999875,0.3097662638554537,0.26411567624757537
19960421,1996,greenacre_weighted_power_0175,3,CCD-CDU,-0.2296936495737004,-0.1506461445449278,-0.3237920816661422,-0.3333400508854573,0.04775579849524831,0.2296936495737004,0.1506461445449278,0.3237920816661422,0.3333400508854573
19960421,1996,greenacre_weighted_power_0175,3,NON_VALID_OR_NON_VOTING,-0.1742603047702379,-0.20058442703478851,-0.3133873847235565,-0.34633851424540896,0.23844925685440116,0.1742603047702379,0.20058442703478851,0.3133873847235565,0.34633851424540896
19960421,1996,greenacre_weighted_power_0175,3,ALLEANZA NAZIONALE,-0.09853006136524341,-0.12964707660528502,-0.1919950639235557,-0.2541199586870544,0.11564756290176599,0.09853006136524341,0.12964707660528502,0.1919950639235557,0.2541199586870544
19960421,1996,greenacre_weighted_power_0175,3,RIFONDAZIONE COMUNISTA,0.0067168564773387954,0.08768924603874348,-0.09728907571589372,-0.0358666901780991,0.0657815898734245,0.0067168564773387954,0.08768924603874348,0.09728907571589372,0.0358666901780991
19960421,1996,greenacre_weighted_power_0175,4,RINNOVAMENTO IT-DINI,-0.5492532459158241,-0.5859939038214473,-0.6343300625076312,-0.6728739125812465,0.031339396269322174,0.5492532459158241,0.5859939038214473,0.6343300625076312,0.6728739125812465
19960421,1996,greenacre_weighted_power_0175,4,NON_VALID_OR_NON_VOTING,0.5468797539249141,0.6537773635287301,0.5638594992306138,0.6744338363100486,0.23844925685440116,0.5468797539249141,0.6537773635287301,0.5638594992306138,0.6744338363100486
19960421,1996,greenacre_weighted_power_0175,4,OTHER_LISTS,0.4424424638757849,0.5159130412877547,0.46309453105534165,0.4994078595456587,0.012773323523896941,0.4424424638757849,0.5159130412877547,0.46309453105534165,0.4994078595456587
19960421,1996,greenacre_weighted_power_0175,4,TERRITORIAL_LISTS,-0.31564825677561587,-0.5358440184396805,-0.48033871152219676,-0.540624237900753,0.08236257834058275,0.31564825677561587,0.5358440184396805,0.48033871152219676,0.540624237900753
19960421,1996,greenacre_weighted_power_0175,4,ALLEANZA NAZIONALE,0.26359285098084057,0.40765297125727384,0.21817490479509843,0.31606922437463786,0.11564756290176599,0.26359285098084057,0.40765297125727384,0.21817490479509843,0.31606922437463786
19960421,1996,greenacre_weighted_power_0175,4,CCD-CDU,0.18976821590098328,0.25742499433206534,0.19500582252901613,0.21838929893946643,0.04775579849524831,0.18976821590098328,0.25742499433206534,0.19500582252901613,0.21838929893946643
19960421,1996,greenacre_weighted_power_0175,4,FORZA ITALIA,0.18208969139380993,0.1945386301231831,0.13597547424928172,0.08983550394236339,0.1537398789002857,0.18208969139380993,0.1945386301231831,0.13597547424928172,0.08983550394236339
19960421,1996,greenacre_weighted_power_0175,4,PANNELLA-SGARBI,0.17354434808347718,0.040229740282641,0.05948125669154608,-0.01993288210131285,0.013181751957326878,0.17354434808347718,0.040229740282641,0.05948125669154608,0.01993288210131285
19960421,1996,greenacre_weighted_power_0175,4,FEDERAZIONE DEI VERDI,-0.12763956343716792,-0.15204675416278307,-0.1113926903833374,-0.23260699800992515,0.01852368522833084,0.12763956343716792,0.15204675416278307,0.1113926903833374,0.23260699800992515
19960421,1996,greenacre_weighted_power_0175,4,POP-SVP-PRI-UD-PRODI,-0.11924740712613241,-0.1428369902007708,-0.1423369011664154,-0.24755019270977655,0.05526094053817877,0.11924740712613241,0.1428369902007708,0.1423369011664154,0.24755019270977655
19960421,1996,greenacre_weighted_power_0175,4,PDS,-0.07538388215544893,-0.0468196589162909,-0.16607917938349587,-0.11939945084011386,0.16518423711723598,0.07538388215544893,0.0468196589162909,0.16607917938349587,0.11939945084011386
19960421,1996,greenacre_weighted_power_0175,4,RIFONDAZIONE COMUNISTA,-0.015790894961311697,0.03186638788825352,-0.08899012182456842,-0.07337078368642466,0.0657815898734245,0.015790894961311697,0.03186638788825352,0.08899012182456842,0.07337078368642466
20010513,2001,greenacre_weighted_power_0175,2,TERRITORIAL_LISTS,-0.9144806928871091,-0.8232511272892158,-0.38382752311653817,-0.8174805145532625,0.03584889662657943,0.9144806928871091,0.8232511272892158,0.38382752311653817,0.8174805145532625
20010513,2001,greenacre_weighted_power_0175,2,NON_VALID_OR_NON_VOTING,0.6303203098199109,0.6249489885885583,0.5158204310129002,0.48300375343224927,0.25243485541178995,0.6303203098199109,0.6249489885885583,0.5158204310129002,0.48300375343224927
20010513,2001,greenacre_weighted_power_0175,2,DEMOCRAZIA EUROPEA,0.5185977892806006,0.5267954757286445,0.40370864529962724,0.4381338640199511,0.017679363128022402,0.5185977892806006,0.5267954757286445,0.40370864529962724,0.4381338640199511
20010513,2001,greenacre_weighted_power_0175,2,OTHER_LISTS,0.46402190689038714,0.5085673980401542,0.414835156851841,0.41231831120739604,0.014542234091283556,0.46402190689038714,0.5085673980401542,0.414835156851841,0.41231831120739604
20010513,2001,greenacre_weighted_power_0175,2,ALLEANZA NAZIONALE,0.4445346587196715,0.5154898355039423,0.27210521333770105,0.3205834194019699,0.08827339233649088,0.4445346587196715,0.5154898355039423,0.27210521333770105,0.3205834194019699
20010513,2001,greenacre_weighted_power_0175,2,PANNELLA-BONINO,-0.3724534744994612,-0.5972693150615914,-0.5344553102247088,-0.7071516739300199,0.01656927733434337,0.3724534744994612,0.5972693150615914,0.5344553102247088,0.7071516739300199
20010513,2001,greenacre_weighted_power_0175,2,LA MARGHERITA,-0.264363883087457,-0.14074111393808095,-0.4370940080996876,-0.3865027583948409,0.10615241108084235,0.264363883087457,0.14074111393808095,0.4370940080996876,0.3865027583948409
20010513,2001,greenacre_weighted_power_0175,2,LISTA DI PIETRO,0.25408588264625026,0.1443786684132302,0.0741321821917143,-0.13440310350908127,0.02965964749905881,0.25408588264625026,0.1443786684132302,0.0741321821917143,0.13440310350908127
20010513,2001,greenacre_weighted_power_0175,2,CCD-CDU,0.2467744207970045,0.5078519787389475,0.45086177693922946,0.40634911038522353,0.02537071884958722,0.2467744207970045,0.5078519787389475,0.45086177693922946,0.40634911038522353
20010513,2001,greenacre_weighted_power_0175,2,IL GIRASOLE,0.24071780869903253,0.2521853036753407,0.07836018385420085,0.022646547598055268,0.01579414730732293,0.24071780869903253,0.2521853036753407,0.07836018385420085,0.022646547598055268
20010513,2001,greenacre_weighted_power_0175,2,COMUNISTI ITALIANI,0.16171602940741817,0.03631004861828349,-0.028509463888766705,-0.14252462402700453,0.01358921123658299,0.16171602940741817,0.03631004861828349,0.028509463888766705,0.14252462402700453
20010513,2001,greenacre_weighted_power_0175,2,DEMOCRATICI SINISTRA,0.08269246703615717,0.09114542660654457,-0.11885263023007019,-0.07921505403430988,0.13027143514305053,0.08269246703615717,0.09114542660654457,0.11885263023007019,0.07921505403430988
20010513,2001,greenacre_weighted_power_0175,2,RIFONDAZIONE COMUNISTA,0.035966727878632844,-0.010857243620424718,-0.17407569757254063,-0.2075370934831347,0.037715338748696176,0.035966727878632844,0.010857243620424718,0.17407569757254063,0.2075370934831347
20010513,2001,greenacre_weighted_power_0175,2,FORZA ITALIA,0.01780548228511147,-0.1663954454996599,-0.31263302685980277,-0.49071214449454614,0.21609907120634939,0.01780548228511147,0.1663954454996599,0.31263302685980277,0.49071214449454614
20010513,2001,greenacre_weighted_power_0175,3,DEMOCRATICI SINISTRA,0.7287754879208277,0.5479658412474494,0.7676090458128236,0.47597047635841494,0.13027143514305053,0.7287754879208277,0.5479658412474494,0.7676090458128236,0.47597047635841494
20010513,2001,greenacre_weighted_power_0175,3,FORZA ITALIA,-0.4611943023773677,-0.5247298284505126,-0.4555956290493359,-0.5679270473839333,0.21609907120634939,0.4611943023773677,0.5247298284505126,0.4555956290493359,0.5679270473839333
20010513,2001,greenacre_weighted_power_0175,3,RIFONDAZIONE COMUNISTA,0.44715225742405645,0.3076957956520644,0.4405789395818122,0.22879814595561376,0.037715338748696176,0.44715225742405645,0.3076957956520644,0.4405789395818122,0.22879814595561376
20010513,2001,greenacre_weighted_power_0175,3,ALLEANZA NAZIONALE,0.3911460088659433,0.4437262261631861,0.37427685379898307,0.39453359195909005,0.08827339233649088,0.3911460088659433,0.4437262261631861,0.37427685379898307,0.39453359195909005
20010513,2001,greenacre_weighted_power_0175,3,LISTA DI PIETRO,-0.33069668549586473,-0.34042370960022167,-0.2768416270465215,-0.40414640904854265,0.02965964749905881,0.33069668549586473,0.34042370960022167,0.2768416270465215,0.40414640904854265
20010513,2001,greenacre_weighted_power_0175,3,TERRITORIAL_LISTS,-0.276003128840573,-0.5772577272841776,-0.4786077476926058,-0.6141553027454557,0.03584889662657943,0.276003128840573,0.5772577272841776,0.4786077476926058,0.6141553027454557
20010513,2001,greenacre_weighted_power_0175,3,PANNELLA-BONINO,-0.2681532577084,-0.5306446330956999,-0.30331533334177063,-0.5022596165957125,0.01656927733434337,0.2681532577084,0.5306446330956999,0.30331533334177063,0.5022596165957125
20010513,2001,greenacre_weighted_power_0175,3,COMUNISTI ITALIANI,0.2666964825139382,0.22969493916416855,0.23234800351287085,0.1681789555885835,0.01358921123658299,0.2666964825139382,0.22969493916416855,0.23234800351287085,0.1681789555885835
20010513,2001,greenacre_weighted_power_0175,3,NON_VALID_OR_NON_VOTING,-0.17478296966530749,0.06479582840013098,-0.16558096993783208,0.04083431997380154,0.25243485541178995,0.17478296966530749,0.06479582840013098,0.16558096993783208,0.04083431997380154
20010513,2001,greenacre_weighted_power_0175,3,IL GIRASOLE,0.16624174816080362,0.30701060533541574,0.13371366829629597,0.2267123460211099,0.01579414730732293,0.16624174816080362,0.30701060533541574,0.13371366829629597,0.2267123460211099
20010513,2001,greenacre_weighted_power_0175,3,DEMOCRAZIA EUROPEA,-0.08253789446568964,0.11702143738821572,-0.053435218231289404,0.0866010025946545,0.017679363128022402,0.08253789446568964,0.11702143738821572,0.053435218231289404,0.0866010025946545
20010513,2001,greenacre_weighted_power_0175,3,OTHER_LISTS,0.040555822431413736,0.0859258886061919,-0.07584093424351254,0.04641660578885054,0.014542234091283556,0.040555822431413736,0.0859258886061919,0.07584093424351254,0.04641660578885054
20010513,2001,greenacre_weighted_power_0175,3,CCD-CDU,-0.019319662132864273,0.096102980074061,-0.050053988440051336,0.07412165685505256,0.02537071884958722,0.019319662132864273,0.096102980074061,0.050053988440051336,0.07412165685505256
20010513,2001,greenacre_weighted_power_0175,3,LA MARGHERITA,0.014681169081538447,-0.00929541275159332,-0.024715679530075696,-0.10380129480817189,0.10615241108084235,0.014681169081538447,0.00929541275159332,0.024715679530075696,0.10380129480817189
20010513,2001,greenacre_weighted_power_0175,4,PANNELLA-BONINO,-0.5990962590706065,-0.6590170541854548,-0.5017907089409487,-0.6687810161976975,0.01656927733434337,0.5990962590706065,0.6590170541854548,0.5017907089409487,0.6687810161976975
20010513,2001,greenacre_weighted_power_0175,4,NON_VALID_OR_NON_VOTING,0.4679063977078748,0.8437866841323021,0.5090653830369075,0.858215986094667,0.25243485541178995,0.4679063977078748,0.8437866841323021,0.5090653830369075,0.858215986094667
20010513,2001,greenacre_weighted_power_0175,4,RIFONDAZIONE COMUNISTA,-0.4272659917395563,-0.46264957049651106,-0.3850904842131929,-0.50958510718694106,0.037715338748696176,0.4272659917395563,0.46264957049651106,0.3850904842131929,0.50958510718694106
20010513,2001,greenacre_weighted_power_0175,4,DEMOCRAZIA EUROPEA,0.4077794165510561,0.5271380708869687,0.42104886326124774,0.5278534901881754,0.017679363128022402,0.4077794165510561,0.5271380708869687,0.42104886326124774,0.5278534901881754
20010513,2001,greenacre_weighted_power_0175,4,DEMOCRATICI SINISTRA,-0.3950948946224447,-0.40234274630324707,-0.418426884484369,-0.45526362193616643,0.13027143514305053,0.3950948946224447,0.40234274630324707,0.418426884484369,0.45526362193616643
20010513,2001,greenacre_weighted_power_0175,4,COMUNISTI ITALIANI,-0.3018231011685945,-0.12004433584401843,-0.2589754748725224,-0.17897070307579915,0.01358921123658299,0.3018231011685945,0.12004433584401843,0.2589754748725224,0.17897070307579915
20010513,2001,greenacre_weighted_power_0175,4,TERRITORIAL_LISTS,-0.1734242072180147,-0.4207824268836436,-0.22319731265343487,-0.4587248834332379,0.03584889662657943,0.1734242072180147,0.4207824268836436,0.22319731265343487,0.4587248834332379
20010513,2001,greenacre_weighted_power_0175,4,ALLEANZA NAZIONALE,0.1266888549423514,0.20856487895810766,0.1272388970039406,0.1356424918759604,0.08827339233649088,0.1266888549423514,0.20856487895810766,0.1272388970039406,0.1356424918759604
20010513,2001,greenacre_weighted_power_0175,4,OTHER_LISTS,0.1221786879012089,0.2785651308663123,0.13250232560600886,0.2574451469884374,0.014542234091283556,0.1221786879012089,0.2785651308663123,0.13250232560600886,0.2574451469884374
20010513,2001,greenacre_weighted_power_0175,4,CCD-CDU,0.1172581784789286,0.42835982567952235,0.30111637605976266,0.4326786222615493,0.02537071884958722,0.1172581784789286,0.42835982567952235,0.30111637605976266,0.4326786222615493
20010513,2001,greenacre_weighted_power_0175,4,IL GIRASOLE,-0.08700259863396731,-0.109514572889639,-0.059072637332366854,-0.17800337556994228,0.01579414730732293,0.08700259863396731,0.109514572889639,0.059072637332366854,0.17800337556994228
20010513,2001,greenacre_weighted_power_0175,4,LISTA DI PIETRO,0.08037614525447159,0.049389122603723204,0.06870907937787245,-0.04768622314028767,0.02965964749905881,0.08037614525447159,0.049389122603723204,0.06870907937787245,0.04768622314028767
20010513,2001,greenacre_weighted_power_0175,4,LA MARGHERITA,-0.0491165746131273,-0.25985338942489355,-0.05053860355775567,-0.33119379298183743,0.10615241108084235,0.0491165746131273,0.25985338942489355,0.05053860355775567,0.33119379298183743
20010513,2001,greenacre_weighted_power_0175,4,FORZA ITALIA,-0.03949575937244192,-0.0801017709146787,-0.04763267534687291,-0.1780134518981283,0.21609907120634939,0.03949575937244192,0.0801017709146787,0.04763267534687291,0.1780134518981283
20060409,2006,greenacre_weighted_power_0175,2,TERRITORIAL_LISTS,0.8886428450845112,0.943119127389979,0.6726122733277999,0.9407511902662669,0.04452948614397206,0.8886428450845112,0.943119127389979,0.6726122733277999,0.9407511902662669
20060409,2006,greenacre_weighted_power_0175,2,U.D.EUR POPOLARI,-0.5886558715347789,-0.6859107741139128,-0.44039508662225385,-0.6795223820439832,0.012253486489311027,0.5886558715347789,0.6859107741139128,0.44039508662225385,0.6795223820439832
20060409,2006,greenacre_weighted_power_0175,2,NON_VALID_OR_NON_VOTING,-0.48794595638108823,-0.5512608005642743,-0.4531417331345041,-0.51961105373202,0.18957325219729584,0.48794595638108823,0.5512608005642743,0.4531417331345041,0.51961105373202
20060409,2006,greenacre_weighted_power_0175,2,FORZA ITALIA,0.4428208433864168,0.28967932085548026,0.48823918183017606,0.35838980275587573,0.18835898973007484,0.4428208433864168,0.28967932085548026,0.48823918183017606,0.35838980275587573
20060409,2006,greenacre_weighted_power_0175,2,COMUNISTI ITALIANI,-0.41442734840378903,-0.2981535128599138,-0.35536353015886063,-0.24651233090661762,0.019894818721936346,0.41442734840378903,0.2981535128599138,0.35536353015886063,0.24651233090661762
20060409,2006,greenacre_weighted_power_0175,2,RIFONDAZIONE COMUNISTA,-0.3237756759184152,-0.282646043781646,-0.28690306324402015,-0.22044486988941228,0.04676130615675695,0.3237756759184152,0.282646043781646,0.28690306324402015,0.22044486988941228
20060409,2006,greenacre_weighted_power_0175,2,LA ROSA NEL PUGNO,-0.30500293982725957,-0.3482026349598206,-0.2588609999514452,-0.2847519963725218,0.020735645361272245,0.30500293982725957,0.3482026349598206,0.2588609999514452,0.2847519963725218
20060409,2006,greenacre_weighted_power_0175,2,ALLEANZA NAZIONALE,-0.2839706515819096,-0.3467617200292213,-0.2501694508610866,-0.2865758117741895,0.09862645044446687,0.2839706515819096,0.3467617200292213,0.2501694508610866,0.2865758117741895
20060409,2006,greenacre_weighted_power_0175,2,L'ULIVO,-0.24166205563577756,-0.12238204398317253,-0.19554068943719352,-0.054719500214121974,0.2593631313302772,0.24166205563577756,0.12238204398317253,0.19554068943719352,0.054719500214121974
20060409,2006,greenacre_weighted_power_0175,2,FEDERAZIONE DEI VERDI,0.17407751586695716,0.2267425750056679,0.1555718373782885,0.2611431594327027,0.01516137716757623,0.17407751586695716,0.2267425750056679,0.1555718373782885,0.2611431594327027
20060409,2006,greenacre_weighted_power_0175,2,UNIONE DI CENTRO,-0.1312494941720775,-0.15055545759125374,-0.08066983080059702,-0.07517444643172028,0.056002238661385075,0.1312494941720775,0.15055545759125374,0.08066983080059702,0.07517444643172028
20060409,2006,greenacre_weighted_power_0175,2,OTHER_LISTS,-0.11404923809912665,-0.23474317958535906,-0.13181503725122012,-0.19973801546716374,0.030515759553542996,0.11404923809912665,0.23474317958535906,0.13181503725122012,0.19973801546716374
20060409,2006,greenacre_weighted_power_0175,2,DI PIETRO ITALIA DEI VALORI,-0.1137088478703715,-0.12397410383656195,-0.13340915837165654,-0.08394085195354811,0.018224058042132292,0.1137088478703715,0.12397410383656195,0.13340915837165654,0.08394085195354811
20060409,2006,greenacre_weighted_power_0175,3,L'ULIVO,0.856040686242765,0.7170365518804946,0.8792073419571468,0.7679220092198402,0.2593631313302772,0.856040686242765,0.7170365518804946,0.8792073419571468,0.7679220092198402
20060409,2006,greenacre_weighted_power_0175,3,NON_VALID_OR_NON_VOTING,-0.6830851040937039,-0.7526664483462226,-0.6519350712756364,-0.739738519283573,0.18957325219729584,0.6830851040937039,0.7526664483462226,0.6519350712756364,0.739738519283573
20060409,2006,greenacre_weighted_power_0175,3,U.D.EUR POPOLARI,-0.6271553793371784,-0.7359195909010756,-0.47286683754678777,-0.7335415774491775,0.012253486489311027,0.6271553793371784,0.7359195909010756,0.47286683754678777,0.7335415774491775
20060409,2006,greenacre_weighted_power_0175,3,OTHER_LISTS,-0.5509311770978463,-0.6158299115802202,-0.45868152404996604,-0.5892888631382723,0.030515759553542996,0.5509311770978463,0.6158299115802202,0.45868152404996604,0.5892888631382723
20060409,2006,greenacre_weighted_power_0175,3,RIFONDAZIONE COMUNISTA,0.5306650096167878,0.5354812706249842,0.5418460815496807,0.5880998564123233,0.04676130615675695,0.5306650096167878,0.5354812706249842,0.5418460815496807,0.5880998564123233
20060409,2006,greenacre_weighted_power_0175,3,FORZA ITALIA,-0.4814345027122329,-0.3873088646497216,-0.4256835788026827,-0.3051666372773761,0.18835898973007484,0.4814345027122329,0.3873088646497216,0.4256835788026827,0.3051666372773761
20060409,2006,greenacre_weighted_power_0175,3,DI PIETRO ITALIA DEI VALORI,-0.4359281050985306,-0.46880620701816256,-0.3474834587495501,-0.4098798397863818,0.018224058042132292,0.4359281050985306,0.46880620701816256,0.3474834587495501,0.4098798397863818
20060409,2006,greenacre_weighted_power_0175,3,COMUNISTI ITALIANI,0.4074753773616819,0.4068367886742071,0.3724165722449979,0.43676348338665383,0.019894818721936346,0.4074753773616819,0.4068367886742071,0.3724165722449979,0.43676348338665383
20060409,2006,greenacre_weighted_power_0175,3,UNIONE DI CENTRO,-0.23187242409053466,-0.3149003703050608,-0.22331913286314548,-0.251439655389576,0.056002238661385075,0.23187242409053466,0.3149003703050608,0.22331913286314548,0.251439655389576
20060409,2006,greenacre_weighted_power_0175,3,FEDERAZIONE DEI VERDI,0.1833278886272032,0.24118195329621883,0.1406909136968575,0.27461521021739677,0.01516137716757623,0.1833278886272032,0.24118195329621883,0.1406909136968575,0.27461521021739677
20060409,2006,greenacre_weighted_power_0175,3,ALLEANZA NAZIONALE,0.1819640894099939,0.24769126130438066,0.1844639845608549,0.292722371967655,0.09862645044446687,0.1819640894099939,0.24769126130438066,0.1844639845608549,0.292722371967655
20060409,2006,greenacre_weighted_power_0175,3,LA ROSA NEL PUGNO,-0.08980522177537886,-0.05546514849988664,-0.09912414594616324,-0.008549764465828651,0.020735645361272245,0.08980522177537886,0.05546514849988664,0.09912414594616324,0.008549764465828651
20060409,2006,greenacre_weighted_power_0175,3,TERRITORIAL_LISTS,0.0483076353037184,0.2716023880897801,-0.08796566485772608,0.2719248305917324,0.04452948614397206,0.0483076353037184,0.2716023880897801,0.08796566485772608,0.2719248305917324
20060409,2006,greenacre_weighted_power_0175,4,UNIONE DI CENTRO,0.2745312658925528,0.2944555004156485,0.17493027470200487,0.194417714184951,0.056002238661385075,0.2745312658925528,0.2944555004156485,0.17493027470200487,0.194417714184951
20060409,2006,greenacre_weighted_power_0175,4,COMUNISTI ITALIANI,-0.2700722212922553,-0.13912890142831952,-0.24962516165938353,-0.181046426682117,0.019894818721936346,0.2700722212922553,0.13912890142831952,0.24962516165938353,0.181046426682117
20060409,2006,greenacre_weighted_power_0175,4,NON_VALID_OR_NON_VOTING,-0.2238601736633037,-0.2390155427362269,-0.2931356185991903,-0.3395067637352948,0.18957325219729584,0.2238601736633037,0.2390155427362269,0.2931356185991903,0.3395067637352948
20060409,2006,greenacre_weighted_power_0175,4,ALLEANZA NAZIONALE,0.22295029953170967,0.3114542660654457,0.1433613965709964,0.1862659646824697,0.09862645044446687,0.22295029953170967,0.3114542660654457,0.1433613965709964,0.1862659646824697
20060409,2006,greenacre_weighted_power_0175,4,LA ROSA NEL PUGNO,-0.13995027186290815,-0.1636043025921354,-0.1754680035803087,-0.2352369196664735,0.020735645361272245,0.13995027186290815,0.1636043025921354,0.1754680035803087,0.2352369196664735
20060409,2006,greenacre_weighted_power_0175,4,L'ULIVO,0.05773176485886918,0.10645136912109227,-0.0036122901472766533,0.04176134216691437,0.2593631313302772,0.05773176485886918,0.10645136912109227,0.0036122901472766533,0.04176134216691437
20060409,2006,greenacre_weighted_power_0175,4,FORZA ITALIA,0.05573954130850332,-0.023412348540191953,-0.03474667445451181,-0.10002267173841851,0.18835898973007484,0.05573954130850332,0.023412348540191953,0.03474667445451181,0.10002267173841851
20060409,2006,greenacre_weighted_power_0175,4,RIFONDAZIONE COMUNISTA,0.048820101037399366,0.13094692294128019,0.02475912295449096,0.07054941179434213,0.04676130615675695,0.048820101037399366,0.13094692294128019,0.02475912295449096,0.07054941179434213
20060409,2006,greenacre_weighted_power_0175,4,DI PIETRO ITALIA DEI VALORI,-0.03613291256697508,-0.10560495755346751,-0.039408285797964356,-0.17836612338463861,0.018224058042132292,0.03613291256697508,0.10560495755346751,0.039408285797964356,0.17836612338463861
20060409,2006,greenacre_weighted_power_0175,4,U.D.EUR POPOLARI,-0.03306051230252245,-0.04831095548782024,-0.028150762708325186,-0.09070206816636017,0.012253486489311027,0.03306051230252245,0.04831095548782024,0.028150762708325186,0.09070206816636017
20060409,2006,greenacre_weighted_power_0175,4,FEDERAZIONE DEI VERDI,0.02797615808404741,-3.1740433785928403e-4,-0.03239069718724713,-0.06831246693704814,0.01516137716757623,0.02797615808404741,3.1740433785928403e-4,0.03239069718724713,0.06831246693704814
20060409,2006,greenacre_weighted_power_0175,4,OTHER_LISTS,0.02210491080354912,0.061500869083306035,-0.04723827741827555,-0.003189157870871854,0.030515759553542996,0.02210491080354912,0.061500869083306035,0.04723827741827555,0.003189157870871854
20060409,2006,greenacre_weighted_power_0175,4,TERRITORIAL_LISTS,-0.0016978008833983343,-0.1833539058367131,0.24080218832242054,-0.18333375318034106,0.04452948614397206,0.0016978008833983343,0.1833539058367131,0.24080218832242054,0.18333375318034106
20080413,2008,greenacre_weighted_power_0175,2,TERRITORIAL_LISTS,0.91115821149504,0.9571252235685315,0.8545183670673185,0.9548580497266795,0.07543389195029918,0.91115821149504,0.9571252235685315,0.8545183670673185,0.9548580497266795
20080413,2008,greenacre_weighted_power_0175,2,NON_VALID_OR_NON_VOTING,-0.5421563926179708,-0.5563594226263949,-0.4958033452472034,-0.49552862936745845,0.22728464519136368,0.5421563926179708,0.5563594226263949,0.4958033452472034,0.49552862936745845
20080413,2008,greenacre_weighted_power_0175,2,IL POPOLO DELLA LIBERTA',-0.4775508702788635,-0.5952842784089477,-0.4299544267369984,-0.5276116583117112,0.2844396203858906,0.4775508702788635,0.5952842784089477,0.4299544267369984,0.5276116583117112
20080413,2008,greenacre_weighted_power_0175,2,PARTITO DEMOCRATICO,-0.2856591025546536,-0.2997455727133032,-0.25049609696929365,-0.22725646774315436,0.26072718512008397,0.2856591025546536,0.2997455727133032,0.25049609696929365,0.22725646774315436
20080413,2008,greenacre_weighted_power_0175,2,LA SINISTRA L'ARCOBALENO,-0.2854568467511736,-0.2744640652946066,-0.25845480219790856,-0.20297251681487266,0.02394203413950657,0.2854568467511736,0.2744640652946066,0.25845480219790856,0.20297251681487266
20080413,2008,greenacre_weighted_power_0175,2,UNIONE DI CENTRO,-0.26866664710576144,-0.34309393656951404,-0.2459112718318183,-0.2917248154772401,0.04417695339061005,0.26866664710576144,0.34309393656951404,0.2459112718318183,0.2917248154772401
20080413,2008,greenacre_weighted_power_0175,2,OTHER_LISTS,-0.19658823486869773,-0.268166360178351,-0.16727744012336102,-0.1968058039650351,0.030604707154395682,0.19658823486869773,0.268166360178351,0.16727744012336102,0.1968058039650351
20080413,2008,greenacre_weighted_power_0175,2,LA DESTRA - FIAMMA TRICOLORE,-0.08688183453295087,-0.11282968486283597,-0.11421277897443362,-0.07229261657052169,0.01928078828441914,0.08688183453295087,0.11282968486283597,0.11421277897443362,0.07229261657052169
20080413,2008,greenacre_weighted_power_0175,2,DI PIETRO ITALIA DEI VALORI,-0.0315281145191159,-0.025961659571252235,-0.039074024866219914,0.016248079199939543,0.03411017438343114,0.0315281145191159,0.025961659571252235,0.039074024866219914,0.016248079199939543
20080413,2008,greenacre_weighted_power_0175,3,PARTITO DEMOCRATICO,0.8023848684583895,0.661405143965539,0.8586906063873823,0.7214600599541526,0.26072718512008397,0.8023848684583895,0.661405143965539,0.8586906063873823,0.7214600599541526
20080413,2008,greenacre_weighted_power_0175,3,NON_VALID_OR_NON_VOTING,-0.6506673041121471,-0.727495780537572,-0.6056932980688368,-0.6757739879587877,0.22728464519136368,0.6506673041121471,0.727495780537572,0.6056932980688368,0.6757739879587877
20080413,2008,greenacre_weighted_power_0175,3,UNIONE DI CENTRO,-0.5105798027419733,-0.6289392145502178,-0.46983510747293133,-0.5960400030228984,0.04417695339061005,0.5105798027419733,0.6289392145502178,0.46983510747293133,0.5960400030228984
20080413,2008,greenacre_weighted_power_0175,3,LA DESTRA - FIAMMA TRICOLORE,0.5076722462293309,0.6240622717081895,0.5151721404734263,0.6415447011109151,0.01928078828441914,0.5076722462293309,0.6240622717081895,0.5151721404734263,0.6415447011109151
20080413,2008,greenacre_weighted_power_0175,3,LA SINISTRA L'ARCOBALENO,0.5062184387730994,0.4566440788976497,0.5521799425539101,0.5193389928709978,0.02394203413950657,0.5062184387730994,0.4566440788976497,0.5521799425539101,0.5193389928709978
20080413,2008,greenacre_weighted_power_0175,3,IL POPOLO DELLA LIBERTA',-0.46140442641948054,-0.5342821875708491,-0.419786884313459,-0.4969796206262438,0.2844396203858906,0.46140442641948054,0.5342821875708491,0.419786884313459,0.4969796206262438
20080413,2008,greenacre_weighted_power_0175,3,OTHER_LISTS,0.3795772482234371,0.3842960425221049,0.4043639654963817,0.4577726276544827,0.030604707154395682,0.3795772482234371,0.3842960425221049,0.4043639654963817,0.4577726276544827
20080413,2008,greenacre_weighted_power_0175,3,TERRITORIAL_LISTS,0.028172799036568254,0.2152051792326876,-0.0974331235012895,0.21522533188905962,0.07543389195029918,0.028172799036568254,0.2152051792326876,0.0974331235012895,0.21522533188905962
20080413,2008,greenacre_weighted_power_0175,3,DI PIETRO ITALIA DEI VALORI,0.011568815357184932,0.18444214928080205,-0.02462919261431846,0.21814746706300223,0.03411017438343114,0.011568815357184932,0.18444214928080205,0.02462919261431846,0.21814746706300223
20080413,2008,greenacre_weighted_power_0175,4,LA DESTRA - FIAMMA TRICOLORE,-0.4944520478346079,-0.4184346424163035,-0.4065911784929938,-0.3446456911101594,0.01928078828441914,0.4944520478346079,0.4184346424163035,0.4065911784929938,0.3446456911101594
20080413,2008,greenacre_weighted_power_0175,4,OTHER_LISTS,-0.4497058671586848,-0.4300526488147719,-0.32993283979174387,-0.3126735017759528,0.030604707154395682,0.4497058671586848,0.4300526488147719,0.32993283979174387,0.3126735017759528
20080413,2008,greenacre_weighted_power_0175,4,PARTITO DEMOCRATICO,-0.2932817820762086,-0.30756480338564623,-0.1642130988679006,-0.19109252588356804,0.26072718512008397,0.2932817820762086,0.30756480338564623,0.1642130988679006,0.19109252588356804
20080413,2008,greenacre_weighted_power_0175,4,NON_VALID_OR_NON_VOTING,0.29077340278277886,0.23105524346927975,0.4286396973877286,0.34795072675517036,0.22728464519136368,0.29077340278277886,0.23105524346927975,0.4286396973877286,0.34795072675517036
20080413,2008,greenacre_weighted_power_0175,4,LA SINISTRA L'ARCOBALENO,-0.2583746304720362,-0.2217044109126634,-0.16283989186476294,-0.13897775650552938,0.02394203413950657,0.2583746304720362,0.2217044109126634,0.16283989186476294,0.13897775650552938
20080413,2008,greenacre_weighted_power_0175,4,TERRITORIAL_LISTS,0.2583291631746362,0.3330579136962491,-0.06070255517289928,0.332987379398947,0.07543389195029918,0.2583291631746362,0.3330579136962491,0.06070255517289928,0.332987379398947
20080413,2008,greenacre_weighted_power_0175,4,IL POPOLO DELLA LIBERTA',-0.19222326623031943,-0.13199486107262512,-0.063155750680867,-0.00968838955084767,0.2844396203858906,0.19222326623031943,0.13199486107262512,0.063155750680867,0.00968838955084767
20080413,2008,greenacre_weighted_power_0175,4,DI PIETRO ITALIA DEI VALORI,-0.15633935635928942,-0.23539814091744965,-0.013441958341894168,-0.14063027432803488,0.03411017438343114,0.15633935635928942,0.23539814091744965,0.013441958341894168,0.14063027432803488
20080413,2008,greenacre_weighted_power_0175,4,UNIONE DI CENTRO,0.03460986156549762,-0.07819734488752297,0.15515453188936654,0.008590069778572688,0.04417695339061005,0.03460986156549762,0.07819734488752297,0.15515453188936654,0.008590069778572688
20130224,2013,greenacre_weighted_power_0175,2,TERRITORIAL_LISTS,0.8280821798487926,0.7862710028465626,0.6019373201018299,0.7906441292792905,0.03702079150605389,0.8280821798487926,0.7862710028465626,0.6019373201018299,0.7906441292792905
20130224,2013,greenacre_weighted_power_0175,2,FARE PER FERMARE IL DECLINO,0.8262043341598834,0.8824697080383906,0.8629416538206861,0.881582991158022,0.0076404947121782585,0.8262043341598834,0.8824697080383906,0.8629416538206861,0.881582991158022
20130224,2013,greenacre_weighted_power_0175,2,OTHER_LISTS,-0.7595706439282736,-0.8102828929138222,-0.6966147493204189,-0.8027861047434314,0.02434587139202699,0.7595706439282736,0.8102828929138222,0.6966147493204189,0.8027861047434314
20130224,2013,greenacre_weighted_power_0175,2,SCELTA CIVICA CON MONTI PER L'ITALIA,0.7443530580000556,0.7968713000982441,0.7513563172621,0.8075925132881577,0.05874274825137915,0.7443530580000556,0.7968713000982441,0.7513563172621,0.8075925132881577
20130224,2013,greenacre_weighted_power_0175,2,RIVOLUZIONE CIVILE,-0.7257296576556679,-0.6355593621684258,-0.6551117488640951,-0.6065496133209058,0.01637080787936463,0.7257296576556679,0.6355593621684258,0.6551117488640951,0.6065496133209058
20130224,2013,greenacre_weighted_power_0175,2,NON_VALID_OR_NON_VOTING,-0.5447841843869491,-0.6561453006524421,-0.5310670126095915,-0.6461193541073632,0.27771179511629784,0.5447841843869491,0.6561453006524421,0.5310670126095915,0.6461193541073632
20130224,2013,greenacre_weighted_power_0175,2,SINISTRA ECOLOGIA LIBERTA',-0.48222335804080296,-0.4711842204700607,-0.4687278810226603,-0.4602917097009849,0.022238172310977,0.48222335804080296,0.4711842204700607,0.4687278810226603,0.4602917097009849
20130224,2013,greenacre_weighted_power_0175,2,UNIONE DI CENTRO,-0.43922971400754557,-0.5466962238960122,-0.370121983065758,-0.5219286092148021,0.01315094216390829,0.43922971400754557,0.5466962238960122,0.370121983065758,0.5219286092148021
20130224,2013,greenacre_weighted_power_0175,2,MOVIMENTO 5 STELLE BEPPEGRILLO.IT,-0.22337076227083305,-0.0857042093860997,-0.18446642258823448,-0.04951003854195531,0.18858749742081576,0.22337076227083305,0.0857042093860997,0.18446642258823448,0.04951003854195531
20130224,2013,greenacre_weighted_power_0175,2,PARTITO DEMOCRATICO,0.18685004315227197,0.45797415421820287,0.14781736710785676,0.4660553694233821,0.18688276306107304,0.18685004315227197,0.45797415421820287,0.14781736710785676,0.4660553694233821
20130224,2013,greenacre_weighted_power_0175,2,IL POPOLO DELLA LIBERTA',-0.14132124589675965,-0.27547169811320754,-0.12115503955819205,-0.23431997380154668,0.15261346358736097,0.14132124589675965,0.27547169811320754,0.12115503955819205,0.23431997380154668
20130224,2013,greenacre_weighted_power_0175,2,FRATELLI D'ITALIA,-0.07053383542302001,-0.04254729576542308,-0.09225686828485567,-0.027070123863662136,0.014694652598564173,0.07053383542302001,0.04254729576542308,0.09225686828485567,0.027070123863662136
20130224,2013,greenacre_weighted_power_0175,3,PARTITO DEMOCRATICO,0.8695695194210125,0.827997077864826,0.8544081433781796,0.8173665516285865,0.18688276306107304,0.8695695194210125,0.827997077864826,0.8544081433781796,0.8173665516285865
20130224,2013,greenacre_weighted_power_0175,3,NON_VALID_OR_NON_VOTING,-0.7427547859649035,-0.7341763861248961,-0.7451458442769265,-0.7381363831019976,0.27771179511629784,0.7427547859649035,0.7341763861248961,0.7451458442769265,0.7381363831019976
20130224,2013,greenacre_weighted_power_0175,3,UNIONE DI CENTRO,-0.5126003316641782,-0.5337985238179207,-0.4639970704275827,-0.5253243318134871,0.01315094216390829,0.5126003316641782,0.5337985238179207,0.4639970704275827,0.5253243318134871
20130224,2013,greenacre_weighted_power_0175,3,FARE PER FERMARE IL DECLINO,0.44404958239246706,0.4507998085497644,0.25935869075081053,0.4463359951633625,0.0076404947121782585,0.44404958239246706,0.4507998085497644,0.25935869075081053,0.4463359951633625
20130224,2013,greenacre_weighted_power_0175,3,MOVIMENTO 5 STELLE BEPPEGRILLO.IT,0.4088662295767381,0.4225155553316371,0.3858038514991444,0.42193112829684865,0.18858749742081576,0.4088662295767381,0.4225155553316371,0.3858038514991444,0.42193112829684865
20130224,2013,greenacre_weighted_power_0175,3,IL POPOLO DELLA LIBERTA',-0.3132872773573686,-0.2833614630828526,-0.28906311478742913,-0.25071415976018335,0.15261346358736097,0.3132872773573686,0.2833614630828526,0.28906311478742913,0.25071415976018335
20130224,2013,greenacre_weighted_power_0175,3,SCELTA CIVICA CON MONTI PER L'ITALIA,0.2925772869367327,0.3467617200292213,0.21159786276474962,0.3492808020757236,0.05874274825137915,0.2925772869367327,0.3467617200292213,0.21159786276474962,0.3492808020757236
20130224,2013,greenacre_weighted_power_0175,3,TERRITORIAL_LISTS,-0.2860162777324783,-0.2676121621281205,-0.17427933391774028,-0.26087109857168045,0.03702079150605389,0.2860162777324783,0.2676121621281205,0.17427933391774028,0.26087109857168045
20130224,2013,greenacre_weighted_power_0175,3,SINISTRA ECOLOGIA LIBERTA',0.22895160645929838,0.27506864498576716,0.17126564953595366,0.2869184069325138,0.022238172310977,0.22895160645929838,0.27506864498576716,0.17126564953595366,0.2869184069325138
20130224,2013,greenacre_weighted_power_0175,3,RIVOLUZIONE CIVILE,0.1609303677346648,0.10097992291608936,0.1630626201751235,0.11463334760813158,0.01637080787936463,0.1609303677346648,0.10097992291608936,0.1630626201751235,0.11463334760813158
20130224,2013,greenacre_weighted_power_0175,3,FRATELLI D'ITALIA,0.13838109126437956,0.2904048164848729,0.13934143737118812,0.30209915635825596,0.014694652598564173,0.13838109126437956,0.2904048164848729,0.13934143737118812,0.30209915635825596
20130224,2013,greenacre_weighted_power_0175,3,OTHER_LISTS,-0.13651757766921901,-0.1623447615688843,-0.20809094832970923,-0.168743229967,0.02434587139202699,0.13651757766921901,0.1623447615688843,0.20809094832970923,0.168743229967
20130224,2013,greenacre_weighted_power_0175,4,IL POPOLO DELLA LIBERTA',-0.49306866709484176,-0.5041136609819381,-0.434695773327977,-0.4663274302844043,0.15261346358736097,0.49306866709484176,0.5041136609819381,0.434695773327977,0.4663274302844043
20130224,2013,greenacre_weighted_power_0175,4,FRATELLI D'ITALIA,-0.2936828131959531,-0.5014736629972038,-0.49489865195638355,-0.48824467401891575,0.014694652598564173,0.2936828131959531,0.5014736629972038,0.49489865195638355,0.48824467401891575
20130224,2013,greenacre_weighted_power_0175,4,TERRITORIAL_LISTS,0.21773736481433253,0.2732448295840995,-0.06959566079389344,0.2703025417537849,0.03702079150605389,0.21773736481433253,0.2732448295840995,0.06959566079389344,0.2703025417537849
20130224,2013,greenacre_weighted_power_0175,4,PARTITO DEMOCRATICO,0.202103089705992,0.033045318286016576,0.28664666964989954,0.08327581429327154,0.18688276306107304,0.202103089705992,0.033045318286016576,0.28664666964989954,0.08327581429327154
20130224,2013,greenacre_weighted_power_0175,4,SCELTA CIVICA CON MONTI PER L'ITALIA,-0.1626777767640336,-0.21450991258785299,-0.11554330450115653,-0.1967957276368491,0.05874274825137915,0.1626777767640336,0.21450991258785299,0.11554330450115653,0.1967957276368491
20130224,2013,greenacre_weighted_power_0175,4,SINISTRA ECOLOGIA LIBERTA',-0.14593288889149103,-0.14367332544020958,-0.1398820505173062,-0.13107791520769832,0.022238172310977,0.14593288889149103,0.14367332544020958,0.1398820505173062,0.13107791520769832
20130224,2013,greenacre_weighted_power_0175,4,FARE PER FERMARE IL DECLINO,-0.09424089495947048,-0.1658110184648714,-0.07027631934370314,-0.16208277703604806,0.0076404947121782585,0.09424089495947048,0.1658110184648714,0.07027631934370314,0.16208277703604806
20130224,2013,greenacre_weighted_power_0175,4,OTHER_LISTS,-0.07815415182883266,-0.0421341663097967,-0.09545093162638962,-0.03147341108899916,0.02434587139202699,0.07815415182883266,0.0421341663097967,0.09545093162638962,0.03147341108899916
20130224,2013,greenacre_weighted_power_0175,4,MOVIMENTO 5 STELLE BEPPEGRILLO.IT,-0.06965808477659804,-0.015996170995289313,-0.03534820040775279,0.020087160238808976,0.18858749742081576,0.06965808477659804,0.015996170995289313,0.03534820040775279,0.020087160238808976
20130224,2013,greenacre_weighted_power_0175,4,UNIONE DI CENTRO,0.06554952764047171,0.04777691009396176,0.1140204116663084,0.07167796055117515,0.01315094216390829,0.06554952764047171,0.04777691009396176,0.1140204116663084,0.07167796055117515
20130224,2013,greenacre_weighted_power_0175,4,NON_VALID_OR_NON_VOTING,0.06291496311929562,0.08596619391893592,0.1460022780510221,0.12872005441217219,0.27771179511629784,0.06291496311929562,0.08596619391893592,0.1460022780510221,0.12872005441217219
20130224,2013,greenacre_weighted_power_0175,4,RIVOLUZIONE CIVILE,-0.00942331786288529,0.07276620399526412,-0.02003374985841797,0.09740282641005617,0.01637080787936463,0.00942331786288529,0.07276620399526412,0.02003374985841797,0.09740282641005617
20180304,2018,greenacre_weighted_power_0175,2,LEGA,-0.9474316959929922,-0.9225835705468926,-0.9158860027753835,-0.9226541048441947,0.1246609582028879,0.9474316959929922,0.9225835705468926,0.9158860027753835,0.9226541048441947
20180304,2018,greenacre_weighted_power_0175,2,MOVIMENTO 5 STELLE,0.8522491984467866,0.8544776683376577,0.8159914264180195,0.8303247096757941,0.21768852253571416,0.8522491984467866,0.8544776683376577,0.8159914264180195,0.8303247096757941
20180304,2018,greenacre_weighted_power_0175,2,+EUROPA,-0.8048740416269101,-0.7861903922210746,-0.7474290007855512,-0.788941229815855,0.015258015695240134,0.8048740416269101,0.7861903922210746,0.7474290007855512,0.788941229815855
20180304,2018,greenacre_weighted_power_0175,2,NON_VALID_OR_NON_VOTING,0.7787469547309733,0.6999672519333954,0.764662597201995,0.6807617704108622,0.3227152670977122,0.7787469547309733,0.6999672519333954,0.764662597201995,0.6807617704108622
20180304,2018,greenacre_weighted_power_0175,2,FORZA ITALIA,0.6660985152544558,0.5639972793913897,0.6148640370238195,0.528578985817568,0.09539843588163709,0.6660985152544558,0.5639972793913897,0.6148640370238195,0.528578985817568
20180304,2018,greenacre_weighted_power_0175,2,PARTITO DEMOCRATICO,-0.6212758459731588,-0.6609617855253545,-0.5791095184916855,-0.6638738443711111,0.126124044050816,0.6212758459731588,0.6609617855253545,0.5791095184916855,0.6638738443711111
20180304,2018,greenacre_weighted_power_0175,2,NOI CON L'ITALIA - UDC,0.5375227020785778,0.4888077184673904,0.5371939987250249,0.468191550998816,0.008836794362779654,0.5375227020785778,0.4888077184673904,0.5371939987250249,0.468191550998816
20180304,2018,greenacre_weighted_power_0175,2,TERRITORIAL_LISTS,-0.46460165195771685,-0.0337506612590372,-0.04206848909420016,-0.48972523386033673,0.004289646164123168,0.46460165195771685,0.0337506612590372,0.04206848909420016,0.48972523386033673
20180304,2018,greenacre_weighted_power_0175,2,FRATELLI D'ITALIA CON GIORGIA MELONI,-0.38190592887343505,-0.3341864624530821,-0.40470798492371696,-0.416782124593798,0.02916795492790453,0.38190592887343505,0.3341864624530821,0.40470798492371696,0.416782124593798
20180304,2018,greenacre_weighted_power_0175,2,OTHER_LISTS,-0.2106732038195361,-0.20756732246769274,-0.2581238288963689,-0.2929138222031891,0.027439201505109916,0.2106732038195361,0.20756732246769274,0.2581238288963689,0.2929138222031891
20180304,2018,greenacre_weighted_power_0175,2,LIBERI E UGUALI,-0.1051691501010616,-0.17235055545759126,-0.14792875211044829,-0.2526185857873391,0.021338975123294655,0.1051691501010616,0.17235055545759126,0.14792875211044829,0.2526185857873391
20180304,2018,greenacre_weighted_power_0175,2,POTERE AL POPOLO!,-0.07272424394090599,0.005557094994583973,-0.11384662296764575,-0.056422399677557494,0.00708218445278054,0.07272424394090599,0.005557094994583973,0.11384662296764575,0.056422399677557494
20180304,2018,greenacre_weighted_power_0175,3,TERRITORIAL_LISTS,0.6613861844631825,0.808952817593269,0.09739488576540228,0.6371712556850373,0.004289646164123168,0.6613861844631825,0.808952817593269,0.09739488576540228,0.6371712556850373
20180304,2018,greenacre_weighted_power_0175,3,POTERE AL POPOLO!,-0.4898711770958791,-0.5005365644759049,-0.4603493149222054,-0.527430284404363,0.00708218445278054,0.4898711770958791,0.5005365644759049,0.4603493149222054,0.527430284404363
20180304,2018,greenacre_weighted_power_0175,3,PARTITO DEMOCRATICO,-0.44903959237949853,-0.538695619316321,-0.46746648036460886,-0.5511096556414842,0.126124044050816,0.44903959237949853,0.538695619316321,0.46746648036460886,0.5511096556414842
20180304,2018,greenacre_weighted_power_0175,3,NOI CON L'ITALIA - UDC,0.3303908566412777,0.46097690001763353,0.2697387040509737,0.44968133612111744,0.008836794362779654,0.3303908566412777,0.46097690001763353,0.2697387040509737,0.44968133612111744
20180304,2018,greenacre_weighted_power_0175,3,LIBERI E UGUALI,-0.3239101085984288,-0.4381640930045091,-0.3379108676072228,-0.47466055369423377,0.021338975123294655,0.3239101085984288,0.4381640930045091,0.3379108676072228,0.47466055369423377
20180304,2018,greenacre_weighted_power_0175,3,NON_VALID_OR_NON_VOTING,0.2618603378479544,0.2943345844774164,0.25153888321297146,0.2847217673879638,0.3227152670977122,0.2618603378479544,0.2943345844774164,0.25153888321297146,0.2847217673879638
20180304,2018,greenacre_weighted_power_0175,3,+EUROPA,-0.24939541402727658,-0.25581278182230394,-0.24401523427305993,-0.2578784291004358,0.015258015695240134,0.24939541402727658,0.25581278182230394,0.24401523427305993,0.2578784291004358
20180304,2018,greenacre_weighted_power_0175,3,FORZA ITALIA,0.19241642125176336,0.25115751820036775,0.15902081937639062,0.21933647378895127,0.09539843588163709,0.19241642125176336,0.25115751820036775,0.15902081937639062,0.21933647378895127
20180304,2018,greenacre_weighted_power_0175,3,FRATELLI D'ITALIA CON GIORGIA MELONI,-0.1470405802916888,-0.11787792528402649,-0.1738266877804346,-0.16140766304758544,0.02916795492790453,0.1470405802916888,0.11787792528402649,0.1738266877804346,0.16140766304758544
20180304,2018,greenacre_weighted_power_0175,3,LEGA,-0.11015606741588475,-0.11742449051565608,0.04302860285366773,-0.10880922991661837,0.1246609582028879,0.11015606741588475,0.11742449051565608,0.04302860285366773,0.10880922991661837
20180304,2018,greenacre_weighted_power_0175,3,MOVIMENTO 5 STELLE,0.06680414996820766,0.13566264453233243,0.07036482170569586,0.13189409779076502,0.21768852253571416,0.06680414996820766,0.13566264453233243,0.07036482170569586,0.13189409779076502
20180304,2018,greenacre_weighted_power_0175,3,OTHER_LISTS,-0.05360301855853328,-0.1464846210041061,-0.08092697325681639,-0.17916215331133334,0.027439201505109916,0.05360301855853328,0.1464846210041061,0.08092697325681639,0.17916215331133334
20180304,2018,greenacre_weighted_power_0175,4,TERRITORIAL_LISTS,0.4850113576551732,-0.39660931556540796,0.31302508155335773,-0.06375449083785925,0.004289646164123168,0.4850113576551732,0.39660931556540796,0.31302508155335773,0.06375449083785925
20180304,2018,greenacre_weighted_power_0175,4,NON_VALID_OR_NON_VOTING,0.24196778769660812,-0.043806836788674204,0.28416017938521526,-0.003108547245383782,0.3227152670977122,0.24196778769660812,0.043806836788674204,0.28416017938521526,0.003108547245383782
20180304,2018,greenacre_weighted_power_0175,4,FORZA ITALIA,-0.178533908103006,-0.4219210519686626,-0.17320438126827173,-0.37405849308511974,0.09539843588163709,0.178533908103006,0.4219210519686626,0.17320438126827173,0.37405849308511974
20180304,2018,greenacre_weighted_power_0175,4,PARTITO DEMOCRATICO,-0.1738958304001793,0.18519787389475273,-0.1575405555994042,0.21237373101241905,0.126124044050816,0.1738958304001793,0.18519787389475273,0.1575405555994042,0.21237373101241905
20180304,2018,greenacre_weighted_power_0175,4,OTHER_LISTS,-0.17092455431690545,0.21430838602413277,-0.154837836476376,0.2518830138297604,0.027439201505109916,0.17092455431690545,0.21430838602413277,0.154837836476376,0.2518830138297604
20180304,2018,greenacre_weighted_power_0175,4,LEGA,-0.14661996044920894,-0.10344862332166158,-0.22008146534232426,-0.10069778572688111,0.1246609582028879,0.14661996044920894,0.10344862332166158,0.22008146534232426,0.10069778572688111
20180304,2018,greenacre_weighted_power_0175,4,FRATELLI D'ITALIA CON GIORGIA MELONI,-0.12744277128074194,0.14763332241731114,-0.0980723403097754,0.2149835000125954,0.02916795492790453,0.12744277128074194,0.14763332241731114,0.0980723403097754,0.2149835000125954
20180304,2018,greenacre_weighted_power_0175,4,MOVIMENTO 5 STELLE,0.0913462618821276,0.04406882132151044,0.09652042163673177,0.07136559437740886,0.21768852253571416,0.0913462618821276,0.04406882132151044,0.09652042163673177,0.07136559437740886
20180304,2018,greenacre_weighted_power_0175,4,NOI CON L'ITALIA - UDC,-0.08908707810785134,-0.3228304405874499,-0.08131122969024973,-0.3001083205279996,0.008836794362779654,0.08908707810785134,0.3228304405874499,0.08131122969024973,0.3001083205279996
20180304,2018,greenacre_weighted_power_0175,4,+EUROPA,-0.06896668883874849,0.15391087487719474,-0.0948393864807867,0.16388643978134368,0.015258015695240134,0.06896668883874849,0.15391087487719474,0.0948393864807867,0.16388643978134368
20180304,2018,greenacre_weighted_power_0175,4,POTERE AL POPOLO!,-0.02012062503699152,0.4819961206136483,-0.03690258277634848,0.4974935133637302,0.00708218445278054,0.02012062503699152,0.4819961206136483,0.03690258277634848,0.4974935133637302
20180304,2018,greenacre_weighted_power_0175,4,LIBERI E UGUALI,-0.0014066656299444628,0.3090762526135476,-0.011232137089498245,0.3708642970501549,0.021338975123294655,0.0014066656299444628,0.3090762526135476,0.011232137089498245,0.3708642970501549
20220925,2022,greenacre_weighted_power_0175,2,FRATELLI D'ITALIA CON GIORGIA MELONI,-0.8656456956305604,-0.8403506562208731,-0.8501018217933357,-0.8169735748293322,0.1574430153110458,0.8656456956305604,0.8403506562208731,0.8501018217933357,0.8169735748293322
20220925,2022,greenacre_weighted_power_0175,2,MOVIMENTO 5 STELLE,0.831172105440807,0.8580849938282489,0.8352312716580826,0.8571378189787641,0.08542670519573181,0.831172105440807,0.8580849938282489,0.8352312716580826,0.8571378189787641
20220925,2022,greenacre_weighted_power_0175,2,LEGA PER SALVINI PREMIER,-0.816726220282667,-0.8774617729299442,-0.7830545354922769,-0.8767262009723656,0.05368956531774723,0.816726220282667,0.8774617729299442,0.7830545354922769,0.8767262009723656
20220925,2022,greenacre_weighted_power_0175,2,AZIONE - ITALIA VIVA - CALENDA,-0.8118471321529711,-0.7583394211149457,-0.790292594214844,-0.7429226389903519,0.04217550441556332,0.8118471321529711,0.7583394211149457,0.790292594214844,0.7429226389903519
20220925,2022,greenacre_weighted_power_0175,2,+EUROPA,-0.8073466571798328,-0.7489382069173993,-0.7939211876086569,-0.745270423457692,0.015115287443288711,0.8073466571798328,0.7489382069173993,0.7939211876086569,0.745270423457692
20220925,2022,greenacre_weighted_power_0175,2,NON_VALID_OR_NON_VOTING,0.8038447621835296,0.6696576567498803,0.8218734517844872,0.71007380910396245,0.4155633853404591,0.8038447621835296,0.6696576567498803,0.8218734517844872,0.71007380910396245
20220925,2022,greenacre_weighted_power_0175,2,ITALIA SOVRANA E POPOLARE,-0.6271860021835506,-0.5074791545960652,-0.5991933654718659,-0.5083759478046199,0.007718053552448917,0.6271860021835506,0.5074791545960652,0.5991933654718659,0.5083759478046199
20220925,2022,greenacre_weighted_power_0175,2,PARTITO DEMOCRATICO - ITALIA DEMOCRATICA E PROGRESSISTA,-0.6160263288687431,-0.5629493412600447,-0.5457871026831421,-0.5562586593445348,0.11024682493664968,0.6160263288687431,0.5629493412600447,0.5457871026831421,0.5562586593445348
20220925,2022,greenacre_weighted_power_0175,2,ALLEANZA VERDI E SINISTRA,-0.6019630484272587,-0.5265939491649243,-0.5433344322167311,-0.5246794468095826,0.01988230985075149,0.6019630484272587,0.5265939491649243,0.5433344322167311,0.5246794468095826
20220925,2022,greenacre_weighted_power_0175,2,TERRITORIAL_LISTS,0.5747863110606961,0.5506360682167418,0.30656782754357426,0.5485383006241196,0.006911480873756456,0.5747863110606961,0.5506360682167418,0.30656782754357426,0.5485383006241196
20220925,2022,greenacre_weighted_power_0175,2,FORZA ITALIA,0.38783506158110026,0.2861626823185631,0.38888902864138897,0.27108849535229357,0.0500681362000606,0.38783506158110026,0.2861626823185631,0.38888902864138897,0.27108849535229357
20220925,2022,greenacre_weighted_power_0175,2,ITALEXIT PER L'ITALIA,-0.3747503050345415,-0.6712396402750836,-0.6785859513729993,-0.6662888034099368,0.01182544659298037,0.3747503050345415,0.6712396402750836,0.6785859513729993,0.6662888034099368
20220925,2022,greenacre_weighted_power_0175,2,UNIONE POPOLARE CON DE MAGISTRIS,-0.22422462348206704,-0.04139859435221804,-0.19282678802126482,-0.047162254074615204,0.007937588967206576,0.22422462348206704,0.04139859435221804,0.19282678802126482,0.047162254074615204
20220925,2022,greenacre_weighted_power_0175,2,OTHER_LISTS,-0.0824074312915175,-0.14511424037080886,-0.02842383733368863,-0.1632415547774391,0.015996696002309952,0.0824074312915175,0.14511424037080886,0.02842383733368863,0.1632415547774391
20220925,2022,greenacre_weighted_power_0175,3,TERRITORIAL_LISTS,0.7335284623157325,0.5515630904098546,0.4294954576957412,0.740277908773164,0.006911480873756456,0.7335284623157325,0.5515630904098546,0.4294954576957412,0.740277908773164
20220925,2022,greenacre_weighted_power_0175,3,MOVIMENTO 5 STELLE,-0.20633917450128678,-0.34510920220671587,-0.2047568921709435,-0.34197546414086705,0.08542670519573181,0.20633917450128678,0.34510920220671587,0.2047568921709435,0.34197546414086705
20220925,2022,greenacre_weighted_power_0175,3,UNIONE POPOLARE CON DE MAGISTRIS,-0.18363945224409026,-0.2530317152429654,-0.1347352606637031,-0.23763508577474368,0.007937588967206576,0.18363945224409026,0.2530317152429654,0.1347352606637031,0.23763508577474368
20220925,2022,greenacre_weighted_power_0175,3,AZIONE - ITALIA VIVA - CALENDA,0.15209850052629395,0.21843968058039648,0.13717328008020668,0.21180945663400255,0.04217550441556332,0.15209850052629395,0.21843968058039648,0.13717328008020668,0.21180945663400255
20220925,2022,greenacre_weighted_power_0175,3,NON_VALID_OR_NON_VOTING,-0.14268895027075387,-0.2430259213542585,-0.18617597699338997,-0.26532483562989645,0.4155633853404591,0.14268895027075387,0.2430259213542585,0.18617597699338997,0.26532483562989645
20220925,2022,greenacre_weighted_power_0175,3,ALLEANZA VERDI E SINISTRA,-0.13972089909623814,-1.763357432551578e-4,-0.07989248056853743,-6.096178552535455e-4,0.01988230985075149,0.13972089909623814,1.763357432551578e-4,0.07989248056853743,6.096178552535455e-4
20220925,2022,greenacre_weighted_power_0175,3,LEGA PER SALVINI PREMIER,0.12405587361585205,0.23726226163186132,0.1307752359332796,0.23812882585585812,0.05368956531774723,0.12405587361585205,0.23726226163186132,0.1307752359332796,0.23812882585585812
20220925,2022,greenacre_weighted_power_0175,3,FORZA ITALIA,0.12054086685902043,0.16469254603622438,0.1491437430363554,0.16854170340327984,0.0500681362000606,0.12054086685902043,0.16469254603622438,0.1491437430363554,0.16854170340327984
20220925,2022,greenacre_weighted_power_0175,3,ITALEXIT PER L'ITALIA,0.08789982203185864,0.12711791823059676,0.08635588528815989,0.11741974814191508,0.01182544659298037,0.08789982203185864,0.12711791823059676,0.08635588528815989,0.11741974814191508
20220925,2022,greenacre_weighted_power_0175,3,ITALIA SOVRANA E POPOLARE,0.05488115213003635,-0.03661233846386377,0.029387831172332887,-0.03870821472655364,0.007718053552448917,0.05488115213003635,0.03661233846386377,0.029387831172332887,0.03870821472655364
20220925,2022,greenacre_weighted_power_0175,3,+EUROPA,0.02817213857162456,0.20155175454064536,0.06778892734083648,0.18441192029624404,0.015115287443288711,0.02817213857162456,0.20155175454064536,0.06778892734083648,0.18441192029624404
20220925,2022,greenacre_weighted_power_0175,3,PARTITO DEMOCRATICO - ITALIA DEMOCRATICA E PROGRESSISTA,-0.024450639247590923,0.039715847545154545,0.01157203269949363,0.03477844673401013,0.11024682493664968,0.024450639247590923,0.039715847545154545,0.01157203269949363,0.03477844673401013
20220925,2022,greenacre_weighted_power_0175,3,OTHER_LISTS,-0.018779169810811878,0.08659092626646848,-0.05817257708613553,0.09171977731314708,0.015996696002309952,0.018779169810811878,0.08659092626646848,0.05817257708613553,0.09171977731314708
20220925,2022,greenacre_weighted_power_0175,3,FRATELLI D'ITALIA CON GIORGIA MELONI,0.004982251563792309,0.12201929616847619,0.03011491653895079,0.11626571277426505,0.1574430153110458,0.004982251563792309,0.12201929616847619,0.03011491653895079,0.11626571277426505
20220925,2022,greenacre_weighted_power_0175,4,PARTITO DEMOCRATICO - ITALIA DEMOCRATICA E PROGRESSISTA,0.5907506068802288,0.4924553492707257,0.6438056419115159,0.5110058694611683,0.11024682493664968,0.5907506068802288,0.4924553492707257,0.6438056419115159,0.5110058694611683
20220925,2022,greenacre_weighted_power_0175,4,UNIONE POPOLARE CON DE MAGISTRIS,0.48214541306202546,0.5771771166586895,0.49085235230843366,0.6133410585182759,0.007937588967206576,0.48214541306202546,0.5771771166586895,0.49085235230843366,0.6133410585182759
20220925,2022,greenacre_weighted_power_0175,4,FORZA ITALIA,-0.4304358024073349,-0.4944706149079275,-0.3617974745910487,-0.4524926316850139,0.0500681362000606,0.4304358024073349,0.4944706149079275,0.3617974745910487,0.4524926316850139
20220925,2022,greenacre_weighted_power_0175,4,ITALIA SOVRANA E POPOLARE,0.41121733944117767,0.39478550016374025,0.4401789321427549,0.4208428848527596,0.007718053552448917,0.41121733944117767,0.39478550016374025,0.4401789321427549,0.4208428848527596
20220925,2022,greenacre_weighted_power_0175,4,ALLEANZA VERDI E SINISTRA,0.38618474221233723,0.37350429503488924,0.4433721747178756,0.40479129405244724,0.01988230985075149,0.38618474221233723,0.37350429503488924,0.4433721747178756,0.40479129405244724
20220925,2022,greenacre_weighted_power_0175,4,NON_VALID_OR_NON_VOTING,-0.34267706301276263,-0.2563266745597904,-0.29568274431531594,-0.19805526866010023,0.4155633853404591,0.34267706301276263,0.2563266745597904,0.29568274431531594,0.19805526866010023
20220925,2022,greenacre_weighted_power_0175,4,LEGA PER SALVINI PREMIER,-0.2707484803239444,-0.29871778723833037,-0.36683230821960655,-0.2922185555583545,0.05368956531774723,0.2707484803239444,0.29871778723833037,0.36683230821960655,0.2922185555583545
20220925,2022,greenacre_weighted_power_0175,4,AZIONE - ITALIA VIVA - CALENDA,0.15425548388763918,0.031050205305186786,0.16385794823461752,0.0638083482379021,0.04217550441556332,0.15425548388763918,0.031050205305186786,0.16385794823461752,0.0638083482379021
20220925,2022,greenacre_weighted_power_0175,4,+EUROPA,0.14561722661889764,0.012610524724790287,0.15317177582257172,0.04604378164596821,0.015115287443288711,0.14561722661889764,0.012610524724790287,0.15317177582257172,0.04604378164596821
20220925,2022,greenacre_weighted_power_0175,4,TERRITORIAL_LISTS,0.09130372096769675,-0.12789379550091945,-0.07932986656909606,0.15275124562767062,0.006911480873756456,0.09130372096769675,0.12789379550091945,0.07932986656909606,0.15275124562767062
20220925,2022,greenacre_weighted_power_0175,4,MOVIMENTO 5 STELLE,0.08244877693680486,0.20017129757916213,-0.003212428566888785,0.21004609920145098,0.08542670519573181,0.08244877693680486,0.20017129757916213,0.003212428566888785,0.21004609920145098
20220925,2022,greenacre_weighted_power_0175,4,FRATELLI D'ITALIA CON GIORGIA MELONI,0.06089100880231316,-0.14118447237826537,0.05763107750061009,-0.10130236541804166,0.1574430153110458,0.06089100880231316,0.14118447237826537,0.05763107750061009,0.10130236541804166
20220925,2022,greenacre_weighted_power_0175,4,ITALEXIT PER L'ITALIA,0.041970511910755536,-0.0716175025820591,0.06734304706149907,-0.043822061672461055,0.01182544659298037,0.041970511910755536,0.0716175025820591,0.06734304706149907,0.043822061672461055
20220925,2022,greenacre_weighted_power_0175,4,OTHER_LISTS,0.036950890434842384,0.06695216263193692,6.100641409371515e-4,0.09445046225155553,0.015996696002309952,0.036950890434842384,0.06695216263193692,6.100641409371515e-4,0.09445046225155553
