election_date_previous,year_previous,election_date_current,year_current,geometry,n_clusters,n_common_territories,label_matching_rule,cluster_previous,cluster_current_matched,n_territories,origin_cluster_size,share_of_origin_cluster
19480418,1948,19530607,1953,greenacre_weighted_power_0175,2,104,exact_maximum_overlap,1,1,46,55,0.8363636363636363
19480418,1948,19530607,1953,greenacre_weighted_power_0175,2,104,exact_maximum_overlap,1,2,9,55,0.16363636363636364
19480418,1948,19530607,1953,greenacre_weighted_power_0175,2,104,exact_maximum_overlap,2,1,1,49,0.02040816326530612
19480418,1948,19530607,1953,greenacre_weighted_power_0175,2,104,exact_maximum_overlap,2,2,48,49,0.9795918367346939
19530607,1953,19580525,1958,greenacre_weighted_power_0175,2,105,exact_maximum_overlap,1,1,28,58,0.4827586206896552
19530607,1953,19580525,1958,greenacre_weighted_power_0175,2,105,exact_maximum_overlap,1,2,30,58,0.5172413793103449
19530607,1953,19580525,1958,greenacre_weighted_power_0175,2,105,exact_maximum_overlap,2,1,6,47,0.1276595744680851
19530607,1953,19580525,1958,greenacre_weighted_power_0175,2,105,exact_maximum_overlap,2,2,41,47,0.8723404255319149
19580525,1958,19630428,1963,greenacre_weighted_power_0175,2,106,exact_maximum_overlap,1,1,56,72,0.7777777777777778
19580525,1958,19630428,1963,greenacre_weighted_power_0175,2,106,exact_maximum_overlap,1,2,16,72,0.2222222222222222
19580525,1958,19630428,1963,greenacre_weighted_power_0175,2,106,exact_maximum_overlap,2,1,24,34,0.7058823529411765
19580525,1958,19630428,1963,greenacre_weighted_power_0175,2,106,exact_maximum_overlap,2,2,10,34,0.29411764705882354
19630428,1963,19680519,1968,greenacre_weighted_power_0175,2,106,exact_maximum_overlap,1,1,58,80,0.725
19630428,1963,19680519,1968,greenacre_weighted_power_0175,2,106,exact_maximum_overlap,1,2,22,80,0.275
19630428,1963,19680519,1968,greenacre_weighted_power_0175,2,106,exact_maximum_overlap,2,1,18,26,0.6923076923076923
19630428,1963,19680519,1968,greenacre_weighted_power_0175,2,106,exact_maximum_overlap,2,2,8,26,0.3076923076923077
19680519,1968,19720507,1972,greenacre_weighted_power_0175,2,106,exact_maximum_overlap,1,1,48,76,0.631578947368421
19680519,1968,19720507,1972,greenacre_weighted_power_0175,2,106,exact_maximum_overlap,1,2,28,76,0.3684210526315789
19680519,1968,19720507,1972,greenacre_weighted_power_0175,2,106,exact_maximum_overlap,2,1,16,30,0.5333333333333333
19680519,1968,19720507,1972,greenacre_weighted_power_0175,2,106,exact_maximum_overlap,2,2,14,30,0.4666666666666667
19720507,1972,19760620,1976,greenacre_weighted_power_0175,2,106,exact_maximum_overlap,1,1,27,42,0.6428571428571429
19720507,1972,19760620,1976,greenacre_weighted_power_0175,2,106,exact_maximum_overlap,1,2,15,42,0.35714285714285715
19720507,1972,19760620,1976,greenacre_weighted_power_0175,2,106,exact_maximum_overlap,2,1,12,64,0.1875
19720507,1972,19760620,1976,greenacre_weighted_power_0175,2,106,exact_maximum_overlap,2,2,52,64,0.8125
19760620,1976,19790603,1979,greenacre_weighted_power_0175,2,106,exact_maximum_overlap,1,1,52,67,0.7761194029850746
19760620,1976,19790603,1979,greenacre_weighted_power_0175,2,106,exact_maximum_overlap,1,2,15,67,0.22388059701492538
19760620,1976,19790603,1979,greenacre_weighted_power_0175,2,106,exact_maximum_overlap,2,1,11,39,0.28205128205128205
19760620,1976,19790603,1979,greenacre_weighted_power_0175,2,106,exact_maximum_overlap,2,2,28,39,0.717948717948718
19790603,1979,19830626,1983,greenacre_weighted_power_0175,2,106,exact_maximum_overlap,1,1,23,63,0.36507936507936506
19790603,1979,19830626,1983,greenacre_weighted_power_0175,2,106,exact_maximum_overlap,1,2,40,63,0.6349206349206349
19790603,1979,19830626,1983,greenacre_weighted_power_0175,2,106,exact_maximum_overlap,2,1,9,43,0.20930232558139536
19790603,1979,19830626,1983,greenacre_weighted_power_0175,2,106,exact_maximum_overlap,2,2,34,43,0.7906976744186046
19830626,1983,19870614,1987,greenacre_weighted_power_0175,2,106,exact_maximum_overlap,1,1,74,74,1
19830626,1983,19870614,1987,greenacre_weighted_power_0175,2,106,exact_maximum_overlap,1,2,0,74,0
19830626,1983,19870614,1987,greenacre_weighted_power_0175,2,106,exact_maximum_overlap,2,1,26,32,0.8125
19830626,1983,19870614,1987,greenacre_weighted_power_0175,2,106,exact_maximum_overlap,2,2,6,32,0.1875
19870614,1987,19920405,1992,greenacre_weighted_power_0175,2,106,exact_maximum_overlap,1,1,5,6,0.8333333333333334
19870614,1987,19920405,1992,greenacre_weighted_power_0175,2,106,exact_maximum_overlap,1,2,1,6,0.16666666666666666
19870614,1987,19920405,1992,greenacre_weighted_power_0175,2,106,exact_maximum_overlap,2,1,45,100,0.45
19870614,1987,19920405,1992,greenacre_weighted_power_0175,2,106,exact_maximum_overlap,2,2,55,100,0.55
19920405,1992,19940327,1994,greenacre_weighted_power_0175,2,106,exact_maximum_overlap,1,1,50,50,1
19920405,1992,19940327,1994,greenacre_weighted_power_0175,2,106,exact_maximum_overlap,1,2,0,50,0
19920405,1992,19940327,1994,greenacre_weighted_power_0175,2,106,exact_maximum_overlap,2,1,25,56,0.44642857142857145
19920405,1992,19940327,1994,greenacre_weighted_power_0175,2,106,exact_maximum_overlap,2,2,31,56,0.5535714285714286
19940327,1994,19960421,1996,greenacre_weighted_power_0175,2,106,exact_maximum_overlap,1,1,0,31,0
19940327,1994,19960421,1996,greenacre_weighted_power_0175,2,106,exact_maximum_overlap,1,2,31,31,1
19940327,1994,19960421,1996,greenacre_weighted_power_0175,2,106,exact_maximum_overlap,2,1,17,75,0.22666666666666666
19940327,1994,19960421,1996,greenacre_weighted_power_0175,2,106,exact_maximum_overlap,2,2,58,75,0.7733333333333333
19960421,1996,20010513,2001,greenacre_weighted_power_0175,2,106,exact_maximum_overlap,1,1,72,89,0.8089887640449438
19960421,1996,20010513,2001,greenacre_weighted_power_0175,2,106,exact_maximum_overlap,1,2,17,89,0.19101123595505617
19960421,1996,20010513,2001,greenacre_weighted_power_0175,2,106,exact_maximum_overlap,2,1,1,17,0.058823529411764705
19960421,1996,20010513,2001,greenacre_weighted_power_0175,2,106,exact_maximum_overlap,2,2,16,17,0.9411764705882353
20010513,2001,20060409,2006,greenacre_weighted_power_0175,2,106,exact_maximum_overlap,1,1,33,33,1
20010513,2001,20060409,2006,greenacre_weighted_power_0175,2,106,exact_maximum_overlap,1,2,0,33,0
20010513,2001,20060409,2006,greenacre_weighted_power_0175,2,106,exact_maximum_overlap,2,1,36,73,0.4931506849315068
20010513,2001,20060409,2006,greenacre_weighted_power_0175,2,106,exact_maximum_overlap,2,2,37,73,0.5068493150684932
20060409,2006,20080413,2008,greenacre_weighted_power_0175,2,106,exact_maximum_overlap,1,1,35,37,0.9459459459459459
20060409,2006,20080413,2008,greenacre_weighted_power_0175,2,106,exact_maximum_overlap,1,2,2,37,0.05405405405405406
20060409,2006,20080413,2008,greenacre_weighted_power_0175,2,106,exact_maximum_overlap,2,1,0,69,0
20060409,2006,20080413,2008,greenacre_weighted_power_0175,2,106,exact_maximum_overlap,2,2,69,69,1
20080413,2008,20130224,2013,greenacre_weighted_power_0175,2,106,exact_maximum_overlap,1,1,70,71,0.9859154929577465
20080413,2008,20130224,2013,greenacre_weighted_power_0175,2,106,exact_maximum_overlap,1,2,1,71,0.014084507042253521
20080413,2008,20130224,2013,greenacre_weighted_power_0175,2,106,exact_maximum_overlap,2,1,1,35,0.02857142857142857
20080413,2008,20130224,2013,greenacre_weighted_power_0175,2,106,exact_maximum_overlap,2,2,34,35,0.9714285714285714
20130224,2013,20180304,2018,greenacre_weighted_power_0175,2,106,exact_maximum_overlap,1,1,35,35,1
20130224,2013,20180304,2018,greenacre_weighted_power_0175,2,106,exact_maximum_overlap,1,2,0,35,0
20130224,2013,20180304,2018,greenacre_weighted_power_0175,2,106,exact_maximum_overlap,2,1,41,71,0.5774647887323944
20130224,2013,20180304,2018,greenacre_weighted_power_0175,2,106,exact_maximum_overlap,2,2,30,71,0.4225352112676056
20180304,2018,20220925,2022,greenacre_weighted_power_0175,2,106,exact_maximum_overlap,1,1,30,30,1
20180304,2018,20220925,2022,greenacre_weighted_power_0175,2,106,exact_maximum_overlap,1,2,0,30,0
20180304,2018,20220925,2022,greenacre_weighted_power_0175,2,106,exact_maximum_overlap,2,1,19,76,0.25
20180304,2018,20220925,2022,greenacre_weighted_power_0175,2,106,exact_maximum_overlap,2,2,57,76,0.75
19480418,1948,19530607,1953,greenacre_weighted_power_0175,3,104,exact_maximum_overlap,1,1,41,42,0.9761904761904762
19480418,1948,19530607,1953,greenacre_weighted_power_0175,3,104,exact_maximum_overlap,1,2,0,42,0
19480418,1948,19530607,1953,greenacre_weighted_power_0175,3,104,exact_maximum_overlap,1,3,1,42,0.023809523809523808
19480418,1948,19530607,1953,greenacre_weighted_power_0175,3,104,exact_maximum_overlap,2,1,0,26,0
19480418,1948,19530607,1953,greenacre_weighted_power_0175,3,104,exact_maximum_overlap,2,2,23,26,0.8846153846153846
19480418,1948,19530607,1953,greenacre_weighted_power_0175,3,104,exact_maximum_overlap,2,3,3,26,0.11538461538461539
19480418,1948,19530607,1953,greenacre_weighted_power_0175,3,104,exact_maximum_overlap,3,1,3,36,0.08333333333333333
19480418,1948,19530607,1953,greenacre_weighted_power_0175,3,104,exact_maximum_overlap,3,2,9,36,0.25
19480418,1948,19530607,1953,greenacre_weighted_power_0175,3,104,exact_maximum_overlap,3,3,24,36,0.6666666666666666
19530607,1953,19580525,1958,greenacre_weighted_power_0175,3,105,exact_maximum_overlap,1,1,23,32,0.71875
19530607,1953,19580525,1958,greenacre_weighted_power_0175,3,105,exact_maximum_overlap,1,2,5,32,0.15625
19530607,1953,19580525,1958,greenacre_weighted_power_0175,3,105,exact_maximum_overlap,1,3,4,32,0.125
19530607,1953,19580525,1958,greenacre_weighted_power_0175,3,105,exact_maximum_overlap,2,1,4,29,0.13793103448275862
19530607,1953,19580525,1958,greenacre_weighted_power_0175,3,105,exact_maximum_overlap,2,2,24,29,0.8275862068965517
19530607,1953,19580525,1958,greenacre_weighted_power_0175,3,105,exact_maximum_overlap,2,3,1,29,0.034482758620689655
19530607,1953,19580525,1958,greenacre_weighted_power_0175,3,105,exact_maximum_overlap,3,1,6,44,0.13636363636363635
19530607,1953,19580525,1958,greenacre_weighted_power_0175,3,105,exact_maximum_overlap,3,2,1,44,0.022727272727272728
19530607,1953,19580525,1958,greenacre_weighted_power_0175,3,105,exact_maximum_overlap,3,3,37,44,0.8409090909090909
19580525,1958,19630428,1963,greenacre_weighted_power_0175,3,106,exact_maximum_overlap,1,1,21,33,0.6363636363636364
19580525,1958,19630428,1963,greenacre_weighted_power_0175,3,106,exact_maximum_overlap,1,2,9,33,0.2727272727272727
19580525,1958,19630428,1963,greenacre_weighted_power_0175,3,106,exact_maximum_overlap,1,3,3,33,0.09090909090909091
19580525,1958,19630428,1963,greenacre_weighted_power_0175,3,106,exact_maximum_overlap,2,1,8,30,0.26666666666666666
19580525,1958,19630428,1963,greenacre_weighted_power_0175,3,106,exact_maximum_overlap,2,2,9,30,0.3
19580525,1958,19630428,1963,greenacre_weighted_power_0175,3,106,exact_maximum_overlap,2,3,13,30,0.43333333333333335
19580525,1958,19630428,1963,greenacre_weighted_power_0175,3,106,exact_maximum_overlap,3,1,5,43,0.11627906976744186
19580525,1958,19630428,1963,greenacre_weighted_power_0175,3,106,exact_maximum_overlap,3,2,1,43,0.023255813953488372
19580525,1958,19630428,1963,greenacre_weighted_power_0175,3,106,exact_maximum_overlap,3,3,37,43,0.8604651162790697
19630428,1963,19680519,1968,greenacre_weighted_power_0175,3,106,exact_maximum_overlap,1,1,7,19,0.3684210526315789
19630428,1963,19680519,1968,greenacre_weighted_power_0175,3,106,exact_maximum_overlap,1,2,9,19,0.47368421052631576
19630428,1963,19680519,1968,greenacre_weighted_power_0175,3,106,exact_maximum_overlap,1,3,3,19,0.15789473684210525
19630428,1963,19680519,1968,greenacre_weighted_power_0175,3,106,exact_maximum_overlap,2,1,16,53,0.3018867924528302
19630428,1963,19680519,1968,greenacre_weighted_power_0175,3,106,exact_maximum_overlap,2,2,37,53,0.6981132075471698
19630428,1963,19680519,1968,greenacre_weighted_power_0175,3,106,exact_maximum_overlap,2,3,0,53,0
19630428,1963,19680519,1968,greenacre_weighted_power_0175,3,106,exact_maximum_overlap,3,1,1,34,0.029411764705882353
19630428,1963,19680519,1968,greenacre_weighted_power_0175,3,106,exact_maximum_overlap,3,2,13,34,0.38235294117647056
19630428,1963,19680519,1968,greenacre_weighted_power_0175,3,106,exact_maximum_overlap,3,3,20,34,0.5882352941176471
19680519,1968,19720507,1972,greenacre_weighted_power_0175,3,106,exact_maximum_overlap,1,1,16,24,0.6666666666666666
19680519,1968,19720507,1972,greenacre_weighted_power_0175,3,106,exact_maximum_overlap,1,2,8,24,0.3333333333333333
19680519,1968,19720507,1972,greenacre_weighted_power_0175,3,106,exact_maximum_overlap,1,3,0,24,0
19680519,1968,19720507,1972,greenacre_weighted_power_0175,3,106,exact_maximum_overlap,2,1,10,59,0.1694915254237288
19680519,1968,19720507,1972,greenacre_weighted_power_0175,3,106,exact_maximum_overlap,2,2,38,59,0.6440677966101694
19680519,1968,19720507,1972,greenacre_weighted_power_0175,3,106,exact_maximum_overlap,2,3,11,59,0.1864406779661017
19680519,1968,19720507,1972,greenacre_weighted_power_0175,3,106,exact_maximum_overlap,3,1,0,23,0
19680519,1968,19720507,1972,greenacre_weighted_power_0175,3,106,exact_maximum_overlap,3,2,0,23,0
19680519,1968,19720507,1972,greenacre_weighted_power_0175,3,106,exact_maximum_overlap,3,3,23,23,1
19720507,1972,19760620,1976,greenacre_weighted_power_0175,3,106,exact_maximum_overlap,1,1,15,26,0.5769230769230769
19720507,1972,19760620,1976,greenacre_weighted_power_0175,3,106,exact_maximum_overlap,1,2,1,26,0.038461538461538464
19720507,1972,19760620,1976,greenacre_weighted_power_0175,3,106,exact_maximum_overlap,1,3,10,26,0.38461538461538464
19720507,1972,19760620,1976,greenacre_weighted_power_0175,3,106,exact_maximum_overlap,2,1,16,34,0.47058823529411764
19720507,1972,19760620,1976,greenacre_weighted_power_0175,3,106,exact_maximum_overlap,2,2,18,34,0.5294117647058824
19720507,1972,19760620,1976,greenacre_weighted_power_0175,3,106,exact_maximum_overlap,2,3,0,34,0
19720507,1972,19760620,1976,greenacre_weighted_power_0175,3,106,exact_maximum_overlap,3,1,23,46,0.5
19720507,1972,19760620,1976,greenacre_weighted_power_0175,3,106,exact_maximum_overlap,3,2,0,46,0
19720507,1972,19760620,1976,greenacre_weighted_power_0175,3,106,exact_maximum_overlap,3,3,23,46,0.5
19760620,1976,19790603,1979,greenacre_weighted_power_0175,3,106,exact_maximum_overlap,1,1,23,54,0.42592592592592593
19760620,1976,19790603,1979,greenacre_weighted_power_0175,3,106,exact_maximum_overlap,1,2,8,54,0.14814814814814814
19760620,1976,19790603,1979,greenacre_weighted_power_0175,3,106,exact_maximum_overlap,1,3,23,54,0.42592592592592593
19760620,1976,19790603,1979,greenacre_weighted_power_0175,3,106,exact_maximum_overlap,2,1,5,19,0.2631578947368421
19760620,1976,19790603,1979,greenacre_weighted_power_0175,3,106,exact_maximum_overlap,2,2,14,19,0.7368421052631579
19760620,1976,19790603,1979,greenacre_weighted_power_0175,3,106,exact_maximum_overlap,2,3,0,19,0
19760620,1976,19790603,1979,greenacre_weighted_power_0175,3,106,exact_maximum_overlap,3,1,10,33,0.30303030303030304
19760620,1976,19790603,1979,greenacre_weighted_power_0175,3,106,exact_maximum_overlap,3,2,0,33,0
19760620,1976,19790603,1979,greenacre_weighted_power_0175,3,106,exact_maximum_overlap,3,3,23,33,0.696969696969697
19790603,1979,19830626,1983,greenacre_weighted_power_0175,3,106,exact_maximum_overlap,1,1,33,46,0.717391304347826
19790603,1979,19830626,1983,greenacre_weighted_power_0175,3,106,exact_maximum_overlap,1,2,8,46,0.17391304347826086
19790603,1979,19830626,1983,greenacre_weighted_power_0175,3,106,exact_maximum_overlap,1,3,5,46,0.10869565217391304
19790603,1979,19830626,1983,greenacre_weighted_power_0175,3,106,exact_maximum_overlap,2,1,22,38,0.5789473684210527
19790603,1979,19830626,1983,greenacre_weighted_power_0175,3,106,exact_maximum_overlap,2,2,10,38,0.2631578947368421
19790603,1979,19830626,1983,greenacre_weighted_power_0175,3,106,exact_maximum_overlap,2,3,6,38,0.15789473684210525
19790603,1979,19830626,1983,greenacre_weighted_power_0175,3,106,exact_maximum_overlap,3,1,19,22,0.8636363636363636
19790603,1979,19830626,1983,greenacre_weighted_power_0175,3,106,exact_maximum_overlap,3,2,3,22,0.13636363636363635
19790603,1979,19830626,1983,greenacre_weighted_power_0175,3,106,exact_maximum_overlap,3,3,0,22,0
19830626,1983,19870614,1987,greenacre_weighted_power_0175,3,106,exact_maximum_overlap,1,1,45,74,0.6081081081081081
19830626,1983,19870614,1987,greenacre_weighted_power_0175,3,106,exact_maximum_overlap,1,2,0,74,0
19830626,1983,19870614,1987,greenacre_weighted_power_0175,3,106,exact_maximum_overlap,1,3,29,74,0.3918918918918919
19830626,1983,19870614,1987,greenacre_weighted_power_0175,3,106,exact_maximum_overlap,2,1,4,11,0.36363636363636365
19830626,1983,19870614,1987,greenacre_weighted_power_0175,3,106,exact_maximum_overlap,2,2,5,11,0.45454545454545453
19830626,1983,19870614,1987,greenacre_weighted_power_0175,3,106,exact_maximum_overlap,2,3,2,11,0.18181818181818182
19830626,1983,19870614,1987,greenacre_weighted_power_0175,3,106,exact_maximum_overlap,3,1,13,21,0.6190476190476191
19830626,1983,19870614,1987,greenacre_weighted_power_0175,3,106,exact_maximum_overlap,3,2,0,21,0
19830626,1983,19870614,1987,greenacre_weighted_power_0175,3,106,exact_maximum_overlap,3,3,8,21,0.38095238095238093
19870614,1987,19920405,1992,greenacre_weighted_power_0175,3,106,exact_maximum_overlap,1,1,33,39,0.8461538461538461
19870614,1987,19920405,1992,greenacre_weighted_power_0175,3,106,exact_maximum_overlap,1,2,5,39,0.1282051282051282
19870614,1987,19920405,1992,greenacre_weighted_power_0175,3,106,exact_maximum_overlap,1,3,1,39,0.02564102564102564
19870614,1987,19920405,1992,greenacre_weighted_power_0175,3,106,exact_maximum_overlap,2,1,0,5,0
19870614,1987,19920405,1992,greenacre_weighted_power_0175,3,106,exact_maximum_overlap,2,2,5,5,1
19870614,1987,19920405,1992,greenacre_weighted_power_0175,3,106,exact_maximum_overlap,2,3,0,5,0
19870614,1987,19920405,1992,greenacre_weighted_power_0175,3,106,exact_maximum_overlap,3,1,23,62,0.3709677419354839
19870614,1987,19920405,1992,greenacre_weighted_power_0175,3,106,exact_maximum_overlap,3,2,18,62,0.2903225806451613
19870614,1987,19920405,1992,greenacre_weighted_power_0175,3,106,exact_maximum_overlap,3,3,21,62,0.3387096774193548
19920405,1992,19940327,1994,greenacre_weighted_power_0175,3,106,exact_maximum_overlap,1,1,31,56,0.5535714285714286
19920405,1992,19940327,1994,greenacre_weighted_power_0175,3,106,exact_maximum_overlap,1,2,1,56,0.017857142857142856
19920405,1992,19940327,1994,greenacre_weighted_power_0175,3,106,exact_maximum_overlap,1,3,24,56,0.42857142857142855
19920405,1992,19940327,1994,greenacre_weighted_power_0175,3,106,exact_maximum_overlap,2,1,0,22,0
19920405,1992,19940327,1994,greenacre_weighted_power_0175,3,106,exact_maximum_overlap,2,2,5,22,0.22727272727272727
19920405,1992,19940327,1994,greenacre_weighted_power_0175,3,106,exact_maximum_overlap,2,3,17,22,0.7727272727272727
19920405,1992,19940327,1994,greenacre_weighted_power_0175,3,106,exact_maximum_overlap,3,1,0,28,0
19920405,1992,19940327,1994,greenacre_weighted_power_0175,3,106,exact_maximum_overlap,3,2,0,28,0
19920405,1992,19940327,1994,greenacre_weighted_power_0175,3,106,exact_maximum_overlap,3,3,28,28,1
19940327,1994,19960421,1996,greenacre_weighted_power_0175,3,106,exact_maximum_overlap,1,1,0,6,0
19940327,1994,19960421,1996,greenacre_weighted_power_0175,3,106,exact_maximum_overlap,1,2,0,6,0
19940327,1994,19960421,1996,greenacre_weighted_power_0175,3,106,exact_maximum_overlap,1,3,6,6,1
19940327,1994,19960421,1996,greenacre_weighted_power_0175,3,106,exact_maximum_overlap,2,1,17,69,0.2463768115942029
19940327,1994,19960421,1996,greenacre_weighted_power_0175,3,106,exact_maximum_overlap,2,2,25,69,0.36231884057971014
19940327,1994,19960421,1996,greenacre_weighted_power_0175,3,106,exact_maximum_overlap,2,3,27,69,0.391304347826087
19940327,1994,19960421,1996,greenacre_weighted_power_0175,3,106,exact_maximum_overlap,3,1,0,31,0
19940327,1994,19960421,1996,greenacre_weighted_power_0175,3,106,exact_maximum_overlap,3,2,7,31,0.22580645161290322
19940327,1994,19960421,1996,greenacre_weighted_power_0175,3,106,exact_maximum_overlap,3,3,24,31,0.7741935483870968
19960421,1996,20010513,2001,greenacre_weighted_power_0175,3,106,exact_maximum_overlap,1,1,30,32,0.9375
19960421,1996,20010513,2001,greenacre_weighted_power_0175,3,106,exact_maximum_overlap,1,2,0,32,0
19960421,1996,20010513,2001,greenacre_weighted_power_0175,3,106,exact_maximum_overlap,1,3,2,32,0.0625
19960421,1996,20010513,2001,greenacre_weighted_power_0175,3,106,exact_maximum_overlap,2,1,13,57,0.22807017543859648
19960421,1996,20010513,2001,greenacre_weighted_power_0175,3,106,exact_maximum_overlap,2,2,29,57,0.5087719298245614
19960421,1996,20010513,2001,greenacre_weighted_power_0175,3,106,exact_maximum_overlap,2,3,15,57,0.2631578947368421
19960421,1996,20010513,2001,greenacre_weighted_power_0175,3,106,exact_maximum_overlap,3,1,0,17,0
19960421,1996,20010513,2001,greenacre_weighted_power_0175,3,106,exact_maximum_overlap,3,2,1,17,0.058823529411764705
19960421,1996,20010513,2001,greenacre_weighted_power_0175,3,106,exact_maximum_overlap,3,3,16,17,0.9411764705882353
20010513,2001,20060409,2006,greenacre_weighted_power_0175,3,106,exact_maximum_overlap,1,1,26,33,0.7878787878787878
20010513,2001,20060409,2006,greenacre_weighted_power_0175,3,106,exact_maximum_overlap,1,2,7,33,0.21212121212121213
20010513,2001,20060409,2006,greenacre_weighted_power_0175,3,106,exact_maximum_overlap,1,3,0,33,0
20010513,2001,20060409,2006,greenacre_weighted_power_0175,3,106,exact_maximum_overlap,2,1,11,30,0.36666666666666664
20010513,2001,20060409,2006,greenacre_weighted_power_0175,3,106,exact_maximum_overlap,2,2,18,30,0.6
20010513,2001,20060409,2006,greenacre_weighted_power_0175,3,106,exact_maximum_overlap,2,3,1,30,0.03333333333333333
20010513,2001,20060409,2006,greenacre_weighted_power_0175,3,106,exact_maximum_overlap,3,1,7,43,0.16279069767441862
20010513,2001,20060409,2006,greenacre_weighted_power_0175,3,106,exact_maximum_overlap,3,2,2,43,0.046511627906976744
20010513,2001,20060409,2006,greenacre_weighted_power_0175,3,106,exact_maximum_overlap,3,3,34,43,0.7906976744186046
20060409,2006,20080413,2008,greenacre_weighted_power_0175,3,106,exact_maximum_overlap,1,1,31,35,0.8857142857142857
20060409,2006,20080413,2008,greenacre_weighted_power_0175,3,106,exact_maximum_overlap,1,2,2,35,0.05714285714285714
20060409,2006,20080413,2008,greenacre_weighted_power_0175,3,106,exact_maximum_overlap,1,3,2,35,0.05714285714285714
20060409,2006,20080413,2008,greenacre_weighted_power_0175,3,106,exact_maximum_overlap,2,1,0,44,0
20060409,2006,20080413,2008,greenacre_weighted_power_0175,3,106,exact_maximum_overlap,2,2,43,44,0.9772727272727273
20060409,2006,20080413,2008,greenacre_weighted_power_0175,3,106,exact_maximum_overlap,2,3,1,44,0.022727272727272728
20060409,2006,20080413,2008,greenacre_weighted_power_0175,3,106,exact_maximum_overlap,3,1,0,27,0
20060409,2006,20080413,2008,greenacre_weighted_power_0175,3,106,exact_maximum_overlap,3,2,1,27,0.037037037037037035
20060409,2006,20080413,2008,greenacre_weighted_power_0175,3,106,exact_maximum_overlap,3,3,26,27,0.9629629629629629
20080413,2008,20130224,2013,greenacre_weighted_power_0175,3,106,exact_maximum_overlap,1,1,31,31,1
20080413,2008,20130224,2013,greenacre_weighted_power_0175,3,106,exact_maximum_overlap,1,2,0,31,0
20080413,2008,20130224,2013,greenacre_weighted_power_0175,3,106,exact_maximum_overlap,1,3,0,31,0
20080413,2008,20130224,2013,greenacre_weighted_power_0175,3,106,exact_maximum_overlap,2,1,0,46,0
20080413,2008,20130224,2013,greenacre_weighted_power_0175,3,106,exact_maximum_overlap,2,2,36,46,0.782608695652174
20080413,2008,20130224,2013,greenacre_weighted_power_0175,3,106,exact_maximum_overlap,2,3,10,46,0.21739130434782608
20080413,2008,20130224,2013,greenacre_weighted_power_0175,3,106,exact_maximum_overlap,3,1,1,29,0.034482758620689655
20080413,2008,20130224,2013,greenacre_weighted_power_0175,3,106,exact_maximum_overlap,3,2,0,29,0
20080413,2008,20130224,2013,greenacre_weighted_power_0175,3,106,exact_maximum_overlap,3,3,28,29,0.9655172413793104
20130224,2013,20180304,2018,greenacre_weighted_power_0175,3,106,exact_maximum_overlap,1,1,27,36,0.75
20130224,2013,20180304,2018,greenacre_weighted_power_0175,3,106,exact_maximum_overlap,1,2,4,36,0.1111111111111111
20130224,2013,20180304,2018,greenacre_weighted_power_0175,3,106,exact_maximum_overlap,1,3,5,36,0.1388888888888889
20130224,2013,20180304,2018,greenacre_weighted_power_0175,3,106,exact_maximum_overlap,2,1,3,38,0.07894736842105263
20130224,2013,20180304,2018,greenacre_weighted_power_0175,3,106,exact_maximum_overlap,2,2,34,38,0.8947368421052632
20130224,2013,20180304,2018,greenacre_weighted_power_0175,3,106,exact_maximum_overlap,2,3,1,38,0.02631578947368421
20130224,2013,20180304,2018,greenacre_weighted_power_0175,3,106,exact_maximum_overlap,3,1,0,32,0
20130224,2013,20180304,2018,greenacre_weighted_power_0175,3,106,exact_maximum_overlap,3,2,14,32,0.4375
20130224,2013,20180304,2018,greenacre_weighted_power_0175,3,106,exact_maximum_overlap,3,3,18,32,0.5625
20180304,2018,20220925,2022,greenacre_weighted_power_0175,3,106,exact_maximum_overlap,1,1,17,30,0.5666666666666667
20180304,2018,20220925,2022,greenacre_weighted_power_0175,3,106,exact_maximum_overlap,1,2,13,30,0.43333333333333335
20180304,2018,20220925,2022,greenacre_weighted_power_0175,3,106,exact_maximum_overlap,1,3,0,30,0
20180304,2018,20220925,2022,greenacre_weighted_power_0175,3,106,exact_maximum_overlap,2,1,5,24,0.20833333333333334
20180304,2018,20220925,2022,greenacre_weighted_power_0175,3,106,exact_maximum_overlap,2,2,2,24,0.08333333333333333
20180304,2018,20220925,2022,greenacre_weighted_power_0175,3,106,exact_maximum_overlap,2,3,17,24,0.7083333333333334
20180304,2018,20220925,2022,greenacre_weighted_power_0175,3,106,exact_maximum_overlap,3,1,2,52,0.038461538461538464
20180304,2018,20220925,2022,greenacre_weighted_power_0175,3,106,exact_maximum_overlap,3,2,10,52,0.19230769230769232
20180304,2018,20220925,2022,greenacre_weighted_power_0175,3,106,exact_maximum_overlap,3,3,40,52,0.7692307692307693
19480418,1948,19530607,1953,greenacre_weighted_power_0175,4,104,exact_maximum_overlap,1,1,8,10,0.8
19480418,1948,19530607,1953,greenacre_weighted_power_0175,4,104,exact_maximum_overlap,1,2,2,10,0.2
19480418,1948,19530607,1953,greenacre_weighted_power_0175,4,104,exact_maximum_overlap,1,3,0,10,0
19480418,1948,19530607,1953,greenacre_weighted_power_0175,4,104,exact_maximum_overlap,1,4,0,10,0
19480418,1948,19530607,1953,greenacre_weighted_power_0175,4,104,exact_maximum_overlap,2,1,15,29,0.5172413793103449
19480418,1948,19530607,1953,greenacre_weighted_power_0175,4,104,exact_maximum_overlap,2,2,14,29,0.4827586206896552
19480418,1948,19530607,1953,greenacre_weighted_power_0175,4,104,exact_maximum_overlap,2,3,0,29,0
19480418,1948,19530607,1953,greenacre_weighted_power_0175,4,104,exact_maximum_overlap,2,4,0,29,0
19480418,1948,19530607,1953,greenacre_weighted_power_0175,4,104,exact_maximum_overlap,3,1,0,21,0
19480418,1948,19530607,1953,greenacre_weighted_power_0175,4,104,exact_maximum_overlap,3,2,3,21,0.14285714285714285
19480418,1948,19530607,1953,greenacre_weighted_power_0175,4,104,exact_maximum_overlap,3,3,17,21,0.8095238095238095
19480418,1948,19530607,1953,greenacre_weighted_power_0175,4,104,exact_maximum_overlap,3,4,1,21,0.047619047619047616
19480418,1948,19530607,1953,greenacre_weighted_power_0175,4,104,exact_maximum_overlap,4,1,0,44,0
19480418,1948,19530607,1953,greenacre_weighted_power_0175,4,104,exact_maximum_overlap,4,2,1,44,0.022727272727272728
19480418,1948,19530607,1953,greenacre_weighted_power_0175,4,104,exact_maximum_overlap,4,3,2,44,0.045454545454545456
19480418,1948,19530607,1953,greenacre_weighted_power_0175,4,104,exact_maximum_overlap,4,4,41,44,0.9318181818181818
19530607,1953,19580525,1958,greenacre_weighted_power_0175,4,105,exact_maximum_overlap,1,1,17,19,0.8947368421052632
19530607,1953,19580525,1958,greenacre_weighted_power_0175,4,105,exact_maximum_overlap,1,2,0,19,0
19530607,1953,19580525,1958,greenacre_weighted_power_0175,4,105,exact_maximum_overlap,1,3,0,19,0
19530607,1953,19580525,1958,greenacre_weighted_power_0175,4,105,exact_maximum_overlap,1,4,2,19,0.10526315789473684
19530607,1953,19580525,1958,greenacre_weighted_power_0175,4,105,exact_maximum_overlap,2,1,1,42,0.023809523809523808
19530607,1953,19580525,1958,greenacre_weighted_power_0175,4,105,exact_maximum_overlap,2,2,37,42,0.8809523809523809
19530607,1953,19580525,1958,greenacre_weighted_power_0175,4,105,exact_maximum_overlap,2,3,0,42,0
19530607,1953,19580525,1958,greenacre_weighted_power_0175,4,105,exact_maximum_overlap,2,4,4,42,0.09523809523809523
19530607,1953,19580525,1958,greenacre_weighted_power_0175,4,105,exact_maximum_overlap,3,1,3,21,0.14285714285714285
19530607,1953,19580525,1958,greenacre_weighted_power_0175,4,105,exact_maximum_overlap,3,2,0,21,0
19530607,1953,19580525,1958,greenacre_weighted_power_0175,4,105,exact_maximum_overlap,3,3,13,21,0.6190476190476191
19530607,1953,19580525,1958,greenacre_weighted_power_0175,4,105,exact_maximum_overlap,3,4,5,21,0.23809523809523808
19530607,1953,19580525,1958,greenacre_weighted_power_0175,4,105,exact_maximum_overlap,4,1,0,23,0
19530607,1953,19580525,1958,greenacre_weighted_power_0175,4,105,exact_maximum_overlap,4,2,0,23,0
19530607,1953,19580525,1958,greenacre_weighted_power_0175,4,105,exact_maximum_overlap,4,3,10,23,0.43478260869565216
19530607,1953,19580525,1958,greenacre_weighted_power_0175,4,105,exact_maximum_overlap,4,4,13,23,0.5652173913043478
19580525,1958,19630428,1963,greenacre_weighted_power_0175,4,106,exact_maximum_overlap,1,1,38,38,1
19580525,1958,19630428,1963,greenacre_weighted_power_0175,4,106,exact_maximum_overlap,1,2,0,38,0
19580525,1958,19630428,1963,greenacre_weighted_power_0175,4,106,exact_maximum_overlap,1,3,0,38,0
19580525,1958,19630428,1963,greenacre_weighted_power_0175,4,106,exact_maximum_overlap,1,4,0,38,0
19580525,1958,19630428,1963,greenacre_weighted_power_0175,4,106,exact_maximum_overlap,2,1,4,24,0.16666666666666666
19580525,1958,19630428,1963,greenacre_weighted_power_0175,4,106,exact_maximum_overlap,2,2,7,24,0.2916666666666667
19580525,1958,19630428,1963,greenacre_weighted_power_0175,4,106,exact_maximum_overlap,2,3,1,24,0.041666666666666664
19580525,1958,19630428,1963,greenacre_weighted_power_0175,4,106,exact_maximum_overlap,2,4,12,24,0.5
19580525,1958,19630428,1963,greenacre_weighted_power_0175,4,106,exact_maximum_overlap,3,1,0,21,0
19580525,1958,19630428,1963,greenacre_weighted_power_0175,4,106,exact_maximum_overlap,3,2,8,21,0.38095238095238093
19580525,1958,19630428,1963,greenacre_weighted_power_0175,4,106,exact_maximum_overlap,3,3,12,21,0.5714285714285714
19580525,1958,19630428,1963,greenacre_weighted_power_0175,4,106,exact_maximum_overlap,3,4,1,21,0.047619047619047616
19580525,1958,19630428,1963,greenacre_weighted_power_0175,4,106,exact_maximum_overlap,4,1,0,23,0
19580525,1958,19630428,1963,greenacre_weighted_power_0175,4,106,exact_maximum_overlap,4,2,3,23,0.13043478260869565
19580525,1958,19630428,1963,greenacre_weighted_power_0175,4,106,exact_maximum_overlap,4,3,1,23,0.043478260869565216
19580525,1958,19630428,1963,greenacre_weighted_power_0175,4,106,exact_maximum_overlap,4,4,19,23,0.8260869565217391
19630428,1963,19680519,1968,greenacre_weighted_power_0175,4,106,exact_maximum_overlap,1,1,31,42,0.7380952380952381
19630428,1963,19680519,1968,greenacre_weighted_power_0175,4,106,exact_maximum_overlap,1,2,8,42,0.19047619047619047
19630428,1963,19680519,1968,greenacre_weighted_power_0175,4,106,exact_maximum_overlap,1,3,3,42,0.07142857142857142
19630428,1963,19680519,1968,greenacre_weighted_power_0175,4,106,exact_maximum_overlap,1,4,0,42,0
19630428,1963,19680519,1968,greenacre_weighted_power_0175,4,106,exact_maximum_overlap,2,1,2,14,0.14285714285714285
19630428,1963,19680519,1968,greenacre_weighted_power_0175,4,106,exact_maximum_overlap,2,2,10,14,0.7142857142857143
19630428,1963,19680519,1968,greenacre_weighted_power_0175,4,106,exact_maximum_overlap,2,3,2,14,0.14285714285714285
19630428,1963,19680519,1968,greenacre_weighted_power_0175,4,106,exact_maximum_overlap,2,4,0,14,0
19630428,1963,19680519,1968,greenacre_weighted_power_0175,4,106,exact_maximum_overlap,3,1,0,32,0
19630428,1963,19680519,1968,greenacre_weighted_power_0175,4,106,exact_maximum_overlap,3,2,0,32,0
19630428,1963,19680519,1968,greenacre_weighted_power_0175,4,106,exact_maximum_overlap,3,3,20,32,0.625
19630428,1963,19680519,1968,greenacre_weighted_power_0175,4,106,exact_maximum_overlap,3,4,12,32,0.375
19630428,1963,19680519,1968,greenacre_weighted_power_0175,4,106,exact_maximum_overlap,4,1,5,18,0.2777777777777778
19630428,1963,19680519,1968,greenacre_weighted_power_0175,4,106,exact_maximum_overlap,4,2,6,18,0.3333333333333333
19630428,1963,19680519,1968,greenacre_weighted_power_0175,4,106,exact_maximum_overlap,4,3,7,18,0.3888888888888889
19630428,1963,19680519,1968,greenacre_weighted_power_0175,4,106,exact_maximum_overlap,4,4,0,18,0
19680519,1968,19720507,1972,greenacre_weighted_power_0175,4,106,exact_maximum_overlap,1,1,19,32,0.59375
19680519,1968,19720507,1972,greenacre_weighted_power_0175,4,106,exact_maximum_overlap,1,2,2,32,0.0625
19680519,1968,19720507,1972,greenacre_weighted_power_0175,4,106,exact_maximum_overlap,1,3,0,32,0
19680519,1968,19720507,1972,greenacre_weighted_power_0175,4,106,exact_maximum_overlap,1,4,11,32,0.34375
19680519,1968,19720507,1972,greenacre_weighted_power_0175,4,106,exact_maximum_overlap,2,1,3,38,0.07894736842105263
19680519,1968,19720507,1972,greenacre_weighted_power_0175,4,106,exact_maximum_overlap,2,2,33,38,0.868421052631579
19680519,1968,19720507,1972,greenacre_weighted_power_0175,4,106,exact_maximum_overlap,2,3,2,38,0.05263157894736842
19680519,1968,19720507,1972,greenacre_weighted_power_0175,4,106,exact_maximum_overlap,2,4,0,38,0
19680519,1968,19720507,1972,greenacre_weighted_power_0175,4,106,exact_maximum_overlap,3,1,2,24,0.08333333333333333
19680519,1968,19720507,1972,greenacre_weighted_power_0175,4,106,exact_maximum_overlap,3,2,8,24,0.3333333333333333
19680519,1968,19720507,1972,greenacre_weighted_power_0175,4,106,exact_maximum_overlap,3,3,14,24,0.5833333333333334
19680519,1968,19720507,1972,greenacre_weighted_power_0175,4,106,exact_maximum_overlap,3,4,0,24,0
19680519,1968,19720507,1972,greenacre_weighted_power_0175,4,106,exact_maximum_overlap,4,1,5,12,0.4166666666666667
19680519,1968,19720507,1972,greenacre_weighted_power_0175,4,106,exact_maximum_overlap,4,2,0,12,0
19680519,1968,19720507,1972,greenacre_weighted_power_0175,4,106,exact_maximum_overlap,4,3,0,12,0
19680519,1968,19720507,1972,greenacre_weighted_power_0175,4,106,exact_maximum_overlap,4,4,7,12,0.5833333333333334
19720507,1972,19760620,1976,greenacre_weighted_power_0175,4,106,exact_maximum_overlap,1,1,9,16,0.5625
19720507,1972,19760620,1976,greenacre_weighted_power_0175,4,106,exact_maximum_overlap,1,2,0,16,0
19720507,1972,19760620,1976,greenacre_weighted_power_0175,4,106,exact_maximum_overlap,1,3,2,16,0.125
19720507,1972,19760620,1976,greenacre_weighted_power_0175,4,106,exact_maximum_overlap,1,4,5,16,0.3125
19720507,1972,19760620,1976,greenacre_weighted_power_0175,4,106,exact_maximum_overlap,2,1,0,18,0
19720507,1972,19760620,1976,greenacre_weighted_power_0175,4,106,exact_maximum_overlap,2,2,11,18,0.6111111111111112
19720507,1972,19760620,1976,greenacre_weighted_power_0175,4,106,exact_maximum_overlap,2,3,7,18,0.3888888888888889
19720507,1972,19760620,1976,greenacre_weighted_power_0175,4,106,exact_maximum_overlap,2,4,0,18,0
19720507,1972,19760620,1976,greenacre_weighted_power_0175,4,106,exact_maximum_overlap,3,1,5,29,0.1724137931034483
19720507,1972,19760620,1976,greenacre_weighted_power_0175,4,106,exact_maximum_overlap,3,2,6,29,0.20689655172413793
19720507,1972,19760620,1976,greenacre_weighted_power_0175,4,106,exact_maximum_overlap,3,3,16,29,0.5517241379310345
19720507,1972,19760620,1976,greenacre_weighted_power_0175,4,106,exact_maximum_overlap,3,4,2,29,0.06896551724137931
19720507,1972,19760620,1976,greenacre_weighted_power_0175,4,106,exact_maximum_overlap,4,1,23,43,0.5348837209302325
19720507,1972,19760620,1976,greenacre_weighted_power_0175,4,106,exact_maximum_overlap,4,2,0,43,0
19720507,1972,19760620,1976,greenacre_weighted_power_0175,4,106,exact_maximum_overlap,4,3,1,43,0.023255813953488372
19720507,1972,19760620,1976,greenacre_weighted_power_0175,4,106,exact_maximum_overlap,4,4,19,43,0.4418604651162791
19760620,1976,19790603,1979,greenacre_weighted_power_0175,4,106,exact_maximum_overlap,1,1,16,26,0.6153846153846154
19760620,1976,19790603,1979,greenacre_weighted_power_0175,4,106,exact_maximum_overlap,1,2,2,26,0.07692307692307693
19760620,1976,19790603,1979,greenacre_weighted_power_0175,4,106,exact_maximum_overlap,1,3,8,26,0.3076923076923077
19760620,1976,19790603,1979,greenacre_weighted_power_0175,4,106,exact_maximum_overlap,1,4,0,26,0
19760620,1976,19790603,1979,greenacre_weighted_power_0175,4,106,exact_maximum_overlap,2,1,6,37,0.16216216216216217
19760620,1976,19790603,1979,greenacre_weighted_power_0175,4,106,exact_maximum_overlap,2,2,14,37,0.3783783783783784
19760620,1976,19790603,1979,greenacre_weighted_power_0175,4,106,exact_maximum_overlap,2,3,0,37,0
19760620,1976,19790603,1979,greenacre_weighted_power_0175,4,106,exact_maximum_overlap,2,4,17,37,0.4594594594594595
19760620,1976,19790603,1979,greenacre_weighted_power_0175,4,106,exact_maximum_overlap,3,1,6,17,0.35294117647058826
19760620,1976,19790603,1979,greenacre_weighted_power_0175,4,106,exact_maximum_overlap,3,2,0,17,0
19760620,1976,19790603,1979,greenacre_weighted_power_0175,4,106,exact_maximum_overlap,3,3,11,17,0.6470588235294118
19760620,1976,19790603,1979,greenacre_weighted_power_0175,4,106,exact_maximum_overlap,3,4,0,17,0
19760620,1976,19790603,1979,greenacre_weighted_power_0175,4,106,exact_maximum_overlap,4,1,2,26,0.07692307692307693
19760620,1976,19790603,1979,greenacre_weighted_power_0175,4,106,exact_maximum_overlap,4,2,7,26,0.2692307692307692
19760620,1976,19790603,1979,greenacre_weighted_power_0175,4,106,exact_maximum_overlap,4,3,0,26,0
19760620,1976,19790603,1979,greenacre_weighted_power_0175,4,106,exact_maximum_overlap,4,4,17,26,0.6538461538461539
19790603,1979,19830626,1983,greenacre_weighted_power_0175,4,106,exact_maximum_overlap,1,1,5,30,0.16666666666666666
19790603,1979,19830626,1983,greenacre_weighted_power_0175,4,106,exact_maximum_overlap,1,2,10,30,0.3333333333333333
19790603,1979,19830626,1983,greenacre_weighted_power_0175,4,106,exact_maximum_overlap,1,3,13,30,0.43333333333333335
19790603,1979,19830626,1983,greenacre_weighted_power_0175,4,106,exact_maximum_overlap,1,4,2,30,0.06666666666666667
19790603,1979,19830626,1983,greenacre_weighted_power_0175,4,106,exact_maximum_overlap,2,1,4,34,0.11764705882352941
19790603,1979,19830626,1983,greenacre_weighted_power_0175,4,106,exact_maximum_overlap,2,2,30,34,0.8823529411764706
19790603,1979,19830626,1983,greenacre_weighted_power_0175,4,106,exact_maximum_overlap,2,3,0,34,0
19790603,1979,19830626,1983,greenacre_weighted_power_0175,4,106,exact_maximum_overlap,2,4,0,34,0
19790603,1979,19830626,1983,greenacre_weighted_power_0175,4,106,exact_maximum_overlap,3,1,2,19,0.10526315789473684
19790603,1979,19830626,1983,greenacre_weighted_power_0175,4,106,exact_maximum_overlap,3,2,0,19,0
19790603,1979,19830626,1983,greenacre_weighted_power_0175,4,106,exact_maximum_overlap,3,3,17,19,0.8947368421052632
19790603,1979,19830626,1983,greenacre_weighted_power_0175,4,106,exact_maximum_overlap,3,4,0,19,0
19790603,1979,19830626,1983,greenacre_weighted_power_0175,4,106,exact_maximum_overlap,4,1,10,23,0.43478260869565216
19790603,1979,19830626,1983,greenacre_weighted_power_0175,4,106,exact_maximum_overlap,4,2,4,23,0.17391304347826086
19790603,1979,19830626,1983,greenacre_weighted_power_0175,4,106,exact_maximum_overlap,4,3,0,23,0
19790603,1979,19830626,1983,greenacre_weighted_power_0175,4,106,exact_maximum_overlap,4,4,9,23,0.391304347826087
19830626,1983,19870614,1987,greenacre_weighted_power_0175,4,106,exact_maximum_overlap,1,1,5,11,0.45454545454545453
19830626,1983,19870614,1987,greenacre_weighted_power_0175,4,106,exact_maximum_overlap,1,2,0,11,0
19830626,1983,19870614,1987,greenacre_weighted_power_0175,4,106,exact_maximum_overlap,1,3,0,11,0
19830626,1983,19870614,1987,greenacre_weighted_power_0175,4,106,exact_maximum_overlap,1,4,6,11,0.5454545454545454
19830626,1983,19870614,1987,greenacre_weighted_power_0175,4,106,exact_maximum_overlap,2,1,0,30,0
19830626,1983,19870614,1987,greenacre_weighted_power_0175,4,106,exact_maximum_overlap,2,2,21,30,0.7
19830626,1983,19870614,1987,greenacre_weighted_power_0175,4,106,exact_maximum_overlap,2,3,0,30,0
19830626,1983,19870614,1987,greenacre_weighted_power_0175,4,106,exact_maximum_overlap,2,4,9,30,0.3
19830626,1983,19870614,1987,greenacre_weighted_power_0175,4,106,exact_maximum_overlap,3,1,0,44,0
19830626,1983,19870614,1987,greenacre_weighted_power_0175,4,106,exact_maximum_overlap,3,2,0,44,0
19830626,1983,19870614,1987,greenacre_weighted_power_0175,4,106,exact_maximum_overlap,3,3,35,44,0.7954545454545454
19830626,1983,19870614,1987,greenacre_weighted_power_0175,4,106,exact_maximum_overlap,3,4,9,44,0.20454545454545456
19830626,1983,19870614,1987,greenacre_weighted_power_0175,4,106,exact_maximum_overlap,4,1,0,21,0
19830626,1983,19870614,1987,greenacre_weighted_power_0175,4,106,exact_maximum_overlap,4,2,4,21,0.19047619047619047
19830626,1983,19870614,1987,greenacre_weighted_power_0175,4,106,exact_maximum_overlap,4,3,4,21,0.19047619047619047
19830626,1983,19870614,1987,greenacre_weighted_power_0175,4,106,exact_maximum_overlap,4,4,13,21,0.6190476190476191
19870614,1987,19920405,1992,greenacre_weighted_power_0175,4,106,exact_maximum_overlap,1,1,35,37,0.9459459459459459
19870614,1987,19920405,1992,greenacre_weighted_power_0175,4,106,exact_maximum_overlap,1,2,1,37,0.02702702702702703
19870614,1987,19920405,1992,greenacre_weighted_power_0175,4,106,exact_maximum_overlap,1,3,0,37,0
19870614,1987,19920405,1992,greenacre_weighted_power_0175,4,106,exact_maximum_overlap,1,4,1,37,0.02702702702702703
19870614,1987,19920405,1992,greenacre_weighted_power_0175,4,106,exact_maximum_overlap,2,1,1,39,0.02564102564102564
19870614,1987,19920405,1992,greenacre_weighted_power_0175,4,106,exact_maximum_overlap,2,2,20,39,0.5128205128205128
19870614,1987,19920405,1992,greenacre_weighted_power_0175,4,106,exact_maximum_overlap,2,3,1,39,0.02564102564102564
19870614,1987,19920405,1992,greenacre_weighted_power_0175,4,106,exact_maximum_overlap,2,4,17,39,0.4358974358974359
19870614,1987,19920405,1992,greenacre_weighted_power_0175,4,106,exact_maximum_overlap,3,1,2,25,0.08
19870614,1987,19920405,1992,greenacre_weighted_power_0175,4,106,exact_maximum_overlap,3,2,1,25,0.04
19870614,1987,19920405,1992,greenacre_weighted_power_0175,4,106,exact_maximum_overlap,3,3,17,25,0.68
19870614,1987,19920405,1992,greenacre_weighted_power_0175,4,106,exact_maximum_overlap,3,4,5,25,0.2
19870614,1987,19920405,1992,greenacre_weighted_power_0175,4,106,exact_maximum_overlap,4,1,0,5,0
19870614,1987,19920405,1992,greenacre_weighted_power_0175,4,106,exact_maximum_overlap,4,2,0,5,0
19870614,1987,19920405,1992,greenacre_weighted_power_0175,4,106,exact_maximum_overlap,4,3,0,5,0
19870614,1987,19920405,1992,greenacre_weighted_power_0175,4,106,exact_maximum_overlap,4,4,5,5,1
19920405,1992,19940327,1994,greenacre_weighted_power_0175,4,106,exact_maximum_overlap,1,1,30,38,0.7894736842105263
19920405,1992,19940327,1994,greenacre_weighted_power_0175,4,106,exact_maximum_overlap,1,2,0,38,0
19920405,1992,19940327,1994,greenacre_weighted_power_0175,4,106,exact_maximum_overlap,1,3,7,38,0.18421052631578946
19920405,1992,19940327,1994,greenacre_weighted_power_0175,4,106,exact_maximum_overlap,1,4,1,38,0.02631578947368421
19920405,1992,19940327,1994,greenacre_weighted_power_0175,4,106,exact_maximum_overlap,2,1,4,28,0.14285714285714285
19920405,1992,19940327,1994,greenacre_weighted_power_0175,4,106,exact_maximum_overlap,2,2,24,28,0.8571428571428571
19920405,1992,19940327,1994,greenacre_weighted_power_0175,4,106,exact_maximum_overlap,2,3,0,28,0
19920405,1992,19940327,1994,greenacre_weighted_power_0175,4,106,exact_maximum_overlap,2,4,0,28,0
19920405,1992,19940327,1994,greenacre_weighted_power_0175,4,106,exact_maximum_overlap,3,1,0,18,0
19920405,1992,19940327,1994,greenacre_weighted_power_0175,4,106,exact_maximum_overlap,3,2,0,18,0
19920405,1992,19940327,1994,greenacre_weighted_power_0175,4,106,exact_maximum_overlap,3,3,18,18,1
19920405,1992,19940327,1994,greenacre_weighted_power_0175,4,106,exact_maximum_overlap,3,4,0,18,0
19920405,1992,19940327,1994,greenacre_weighted_power_0175,4,106,exact_maximum_overlap,4,1,0,22,0
19920405,1992,19940327,1994,greenacre_weighted_power_0175,4,106,exact_maximum_overlap,4,2,17,22,0.7727272727272727
19920405,1992,19940327,1994,greenacre_weighted_power_0175,4,106,exact_maximum_overlap,4,3,0,22,0
19920405,1992,19940327,1994,greenacre_weighted_power_0175,4,106,exact_maximum_overlap,4,4,5,22,0.22727272727272727
19940327,1994,19960421,1996,greenacre_weighted_power_0175,4,106,exact_maximum_overlap,1,1,5,6,0.8333333333333334
19940327,1994,19960421,1996,greenacre_weighted_power_0175,4,106,exact_maximum_overlap,1,2,1,6,0.16666666666666666
19940327,1994,19960421,1996,greenacre_weighted_power_0175,4,106,exact_maximum_overlap,1,3,0,6,0
19940327,1994,19960421,1996,greenacre_weighted_power_0175,4,106,exact_maximum_overlap,1,4,0,6,0
19940327,1994,19960421,1996,greenacre_weighted_power_0175,4,106,exact_maximum_overlap,2,1,0,25,0
19940327,1994,19960421,1996,greenacre_weighted_power_0175,4,106,exact_maximum_overlap,2,2,25,25,1
19940327,1994,19960421,1996,greenacre_weighted_power_0175,4,106,exact_maximum_overlap,2,3,0,25,0
19940327,1994,19960421,1996,greenacre_weighted_power_0175,4,106,exact_maximum_overlap,2,4,0,25,0
19940327,1994,19960421,1996,greenacre_weighted_power_0175,4,106,exact_maximum_overlap,3,1,0,34,0
19940327,1994,19960421,1996,greenacre_weighted_power_0175,4,106,exact_maximum_overlap,3,2,12,34,0.35294117647058826
19940327,1994,19960421,1996,greenacre_weighted_power_0175,4,106,exact_maximum_overlap,3,3,20,34,0.5882352941176471
19940327,1994,19960421,1996,greenacre_weighted_power_0175,4,106,exact_maximum_overlap,3,4,2,34,0.058823529411764705
19940327,1994,19960421,1996,greenacre_weighted_power_0175,4,106,exact_maximum_overlap,4,1,17,41,0.4146341463414634
19940327,1994,19960421,1996,greenacre_weighted_power_0175,4,106,exact_maximum_overlap,4,2,7,41,0.17073170731707318
19940327,1994,19960421,1996,greenacre_weighted_power_0175,4,106,exact_maximum_overlap,4,3,2,41,0.04878048780487805
19940327,1994,19960421,1996,greenacre_weighted_power_0175,4,106,exact_maximum_overlap,4,4,15,41,0.36585365853658536
19960421,1996,20010513,2001,greenacre_weighted_power_0175,4,106,exact_maximum_overlap,1,1,18,45,0.4
19960421,1996,20010513,2001,greenacre_weighted_power_0175,4,106,exact_maximum_overlap,1,2,21,45,0.4666666666666667
19960421,1996,20010513,2001,greenacre_weighted_power_0175,4,106,exact_maximum_overlap,1,3,3,45,0.06666666666666667
19960421,1996,20010513,2001,greenacre_weighted_power_0175,4,106,exact_maximum_overlap,1,4,3,45,0.06666666666666667
19960421,1996,20010513,2001,greenacre_weighted_power_0175,4,106,exact_maximum_overlap,2,1,0,22,0
19960421,1996,20010513,2001,greenacre_weighted_power_0175,4,106,exact_maximum_overlap,2,2,20,22,0.9090909090909091
19960421,1996,20010513,2001,greenacre_weighted_power_0175,4,106,exact_maximum_overlap,2,3,2,22,0.09090909090909091
19960421,1996,20010513,2001,greenacre_weighted_power_0175,4,106,exact_maximum_overlap,2,4,0,22,0
19960421,1996,20010513,2001,greenacre_weighted_power_0175,4,106,exact_maximum_overlap,3,1,0,17,0
19960421,1996,20010513,2001,greenacre_weighted_power_0175,4,106,exact_maximum_overlap,3,2,0,17,0
19960421,1996,20010513,2001,greenacre_weighted_power_0175,4,106,exact_maximum_overlap,3,3,16,17,0.9411764705882353
19960421,1996,20010513,2001,greenacre_weighted_power_0175,4,106,exact_maximum_overlap,3,4,1,17,0.058823529411764705
19960421,1996,20010513,2001,greenacre_weighted_power_0175,4,106,exact_maximum_overlap,4,1,0,22,0
19960421,1996,20010513,2001,greenacre_weighted_power_0175,4,106,exact_maximum_overlap,4,2,0,22,0
19960421,1996,20010513,2001,greenacre_weighted_power_0175,4,106,exact_maximum_overlap,4,3,12,22,0.5454545454545454
19960421,1996,20010513,2001,greenacre_weighted_power_0175,4,106,exact_maximum_overlap,4,4,10,22,0.45454545454545453
20010513,2001,20060409,2006,greenacre_weighted_power_0175,4,106,exact_maximum_overlap,1,1,0,14,0
20010513,2001,20060409,2006,greenacre_weighted_power_0175,4,106,exact_maximum_overlap,1,2,1,14,0.07142857142857142
20010513,2001,20060409,2006,greenacre_weighted_power_0175,4,106,exact_maximum_overlap,1,3,12,14,0.8571428571428571
20010513,2001,20060409,2006,greenacre_weighted_power_0175,4,106,exact_maximum_overlap,1,4,1,14,0.07142857142857142
20010513,2001,20060409,2006,greenacre_weighted_power_0175,4,106,exact_maximum_overlap,2,1,0,18,0
20010513,2001,20060409,2006,greenacre_weighted_power_0175,4,106,exact_maximum_overlap,2,2,16,18,0.8888888888888888
20010513,2001,20060409,2006,greenacre_weighted_power_0175,4,106,exact_maximum_overlap,2,3,1,18,0.05555555555555555
20010513,2001,20060409,2006,greenacre_weighted_power_0175,4,106,exact_maximum_overlap,2,4,1,18,0.05555555555555555
20010513,2001,20060409,2006,greenacre_weighted_power_0175,4,106,exact_maximum_overlap,3,1,0,33,0
20010513,2001,20060409,2006,greenacre_weighted_power_0175,4,106,exact_maximum_overlap,3,2,7,33,0.21212121212121213
20010513,2001,20060409,2006,greenacre_weighted_power_0175,4,106,exact_maximum_overlap,3,3,26,33,0.7878787878787878
20010513,2001,20060409,2006,greenacre_weighted_power_0175,4,106,exact_maximum_overlap,3,4,0,33,0
20010513,2001,20060409,2006,greenacre_weighted_power_0175,4,106,exact_maximum_overlap,4,1,17,41,0.4146341463414634
20010513,2001,20060409,2006,greenacre_weighted_power_0175,4,106,exact_maximum_overlap,4,2,0,41,0
20010513,2001,20060409,2006,greenacre_weighted_power_0175,4,106,exact_maximum_overlap,4,3,4,41,0.0975609756097561
20010513,2001,20060409,2006,greenacre_weighted_power_0175,4,106,exact_maximum_overlap,4,4,20,41,0.4878048780487805
20060409,2006,20080413,2008,greenacre_weighted_power_0175,4,106,exact_maximum_overlap,1,1,21,24,0.875
20060409,2006,20080413,2008,greenacre_weighted_power_0175,4,106,exact_maximum_overlap,1,2,0,24,0
20060409,2006,20080413,2008,greenacre_weighted_power_0175,4,106,exact_maximum_overlap,1,3,3,24,0.125
20060409,2006,20080413,2008,greenacre_weighted_power_0175,4,106,exact_maximum_overlap,1,4,0,24,0
20060409,2006,20080413,2008,greenacre_weighted_power_0175,4,106,exact_maximum_overlap,2,1,0,17,0
20060409,2006,20080413,2008,greenacre_weighted_power_0175,4,106,exact_maximum_overlap,2,2,17,17,1
20060409,2006,20080413,2008,greenacre_weighted_power_0175,4,106,exact_maximum_overlap,2,3,0,17,0
20060409,2006,20080413,2008,greenacre_weighted_power_0175,4,106,exact_maximum_overlap,2,4,0,17,0
20060409,2006,20080413,2008,greenacre_weighted_power_0175,4,106,exact_maximum_overlap,3,1,5,22,0.22727272727272727
20060409,2006,20080413,2008,greenacre_weighted_power_0175,4,106,exact_maximum_overlap,3,2,14,22,0.6363636363636364
20060409,2006,20080413,2008,greenacre_weighted_power_0175,4,106,exact_maximum_overlap,3,3,0,22,0
20060409,2006,20080413,2008,greenacre_weighted_power_0175,4,106,exact_maximum_overlap,3,4,3,22,0.13636363636363635
20060409,2006,20080413,2008,greenacre_weighted_power_0175,4,106,exact_maximum_overlap,4,1,1,43,0.023255813953488372
20060409,2006,20080413,2008,greenacre_weighted_power_0175,4,106,exact_maximum_overlap,4,2,0,43,0
20060409,2006,20080413,2008,greenacre_weighted_power_0175,4,106,exact_maximum_overlap,4,3,18,43,0.4186046511627907
20060409,2006,20080413,2008,greenacre_weighted_power_0175,4,106,exact_maximum_overlap,4,4,24,43,0.5581395348837209
20080413,2008,20130224,2013,greenacre_weighted_power_0175,4,106,exact_maximum_overlap,1,1,31,31,1
20080413,2008,20130224,2013,greenacre_weighted_power_0175,4,106,exact_maximum_overlap,1,2,0,31,0
20080413,2008,20130224,2013,greenacre_weighted_power_0175,4,106,exact_maximum_overlap,1,3,0,31,0
20080413,2008,20130224,2013,greenacre_weighted_power_0175,4,106,exact_maximum_overlap,1,4,0,31,0
20080413,2008,20130224,2013,greenacre_weighted_power_0175,4,106,exact_maximum_overlap,2,1,0,27,0
20080413,2008,20130224,2013,greenacre_weighted_power_0175,4,106,exact_maximum_overlap,2,2,20,27,0.7407407407407407
20080413,2008,20130224,2013,greenacre_weighted_power_0175,4,106,exact_maximum_overlap,2,3,6,27,0.2222222222222222
20080413,2008,20130224,2013,greenacre_weighted_power_0175,4,106,exact_maximum_overlap,2,4,1,27,0.037037037037037035
20080413,2008,20130224,2013,greenacre_weighted_power_0175,4,106,exact_maximum_overlap,3,1,0,21,0
20080413,2008,20130224,2013,greenacre_weighted_power_0175,4,106,exact_maximum_overlap,3,2,7,21,0.3333333333333333
20080413,2008,20130224,2013,greenacre_weighted_power_0175,4,106,exact_maximum_overlap,3,3,14,21,0.6666666666666666
20080413,2008,20130224,2013,greenacre_weighted_power_0175,4,106,exact_maximum_overlap,3,4,0,21,0
20080413,2008,20130224,2013,greenacre_weighted_power_0175,4,106,exact_maximum_overlap,4,1,0,27,0
20080413,2008,20130224,2013,greenacre_weighted_power_0175,4,106,exact_maximum_overlap,4,2,0,27,0
20080413,2008,20130224,2013,greenacre_weighted_power_0175,4,106,exact_maximum_overlap,4,3,4,27,0.14814814814814814
20080413,2008,20130224,2013,greenacre_weighted_power_0175,4,106,exact_maximum_overlap,4,4,23,27,0.8518518518518519
20130224,2013,20180304,2018,greenacre_weighted_power_0175,4,106,exact_maximum_overlap,1,1,21,27,0.7777777777777778
20130224,2013,20180304,2018,greenacre_weighted_power_0175,4,106,exact_maximum_overlap,1,2,0,27,0
20130224,2013,20180304,2018,greenacre_weighted_power_0175,4,106,exact_maximum_overlap,1,3,5,27,0.18518518518518517
20130224,2013,20180304,2018,greenacre_weighted_power_0175,4,106,exact_maximum_overlap,1,4,1,27,0.037037037037037035
20130224,2013,20180304,2018,greenacre_weighted_power_0175,4,106,exact_maximum_overlap,2,1,0,31,0
20130224,2013,20180304,2018,greenacre_weighted_power_0175,4,106,exact_maximum_overlap,2,2,16,31,0.5161290322580645
20130224,2013,20180304,2018,greenacre_weighted_power_0175,4,106,exact_maximum_overlap,2,3,1,31,0.03225806451612903
20130224,2013,20180304,2018,greenacre_weighted_power_0175,4,106,exact_maximum_overlap,2,4,14,31,0.45161290322580644
20130224,2013,20180304,2018,greenacre_weighted_power_0175,4,106,exact_maximum_overlap,3,1,9,24,0.375
20130224,2013,20180304,2018,greenacre_weighted_power_0175,4,106,exact_maximum_overlap,3,2,0,24,0
20130224,2013,20180304,2018,greenacre_weighted_power_0175,4,106,exact_maximum_overlap,3,3,0,24,0
20130224,2013,20180304,2018,greenacre_weighted_power_0175,4,106,exact_maximum_overlap,3,4,15,24,0.625
20130224,2013,20180304,2018,greenacre_weighted_power_0175,4,106,exact_maximum_overlap,4,1,0,24,0
20130224,2013,20180304,2018,greenacre_weighted_power_0175,4,106,exact_maximum_overlap,4,2,2,24,0.08333333333333333
20130224,2013,20180304,2018,greenacre_weighted_power_0175,4,106,exact_maximum_overlap,4,3,0,24,0
20130224,2013,20180304,2018,greenacre_weighted_power_0175,4,106,exact_maximum_overlap,4,4,22,24,0.9166666666666666
20180304,2018,20220925,2022,greenacre_weighted_power_0175,4,106,exact_maximum_overlap,1,1,34,52,0.6538461538461539
20180304,2018,20220925,2022,greenacre_weighted_power_0175,4,106,exact_maximum_overlap,1,2,13,52,0.25
20180304,2018,20220925,2022,greenacre_weighted_power_0175,4,106,exact_maximum_overlap,1,3,2,52,0.038461538461538464
20180304,2018,20220925,2022,greenacre_weighted_power_0175,4,106,exact_maximum_overlap,1,4,3,52,0.057692307692307696
20180304,2018,20220925,2022,greenacre_weighted_power_0175,4,106,exact_maximum_overlap,2,1,3,18,0.16666666666666666
20180304,2018,20220925,2022,greenacre_weighted_power_0175,4,106,exact_maximum_overlap,2,2,15,18,0.8333333333333334
20180304,2018,20220925,2022,greenacre_weighted_power_0175,4,106,exact_maximum_overlap,2,3,0,18,0
20180304,2018,20220925,2022,greenacre_weighted_power_0175,4,106,exact_maximum_overlap,2,4,0,18,0
20180304,2018,20220925,2022,greenacre_weighted_power_0175,4,106,exact_maximum_overlap,3,1,0,6,0
20180304,2018,20220925,2022,greenacre_weighted_power_0175,4,106,exact_maximum_overlap,3,2,0,6,0
20180304,2018,20220925,2022,greenacre_weighted_power_0175,4,106,exact_maximum_overlap,3,3,5,6,0.8333333333333334
20180304,2018,20220925,2022,greenacre_weighted_power_0175,4,106,exact_maximum_overlap,3,4,1,6,0.16666666666666666
20180304,2018,20220925,2022,greenacre_weighted_power_0175,4,106,exact_maximum_overlap,4,1,0,30,0
20180304,2018,20220925,2022,greenacre_weighted_power_0175,4,106,exact_maximum_overlap,4,2,0,30,0
20180304,2018,20220925,2022,greenacre_weighted_power_0175,4,106,exact_maximum_overlap,4,3,17,30,0.5666666666666667
20180304,2018,20220925,2022,greenacre_weighted_power_0175,4,106,exact_maximum_overlap,4,4,13,30,0.43333333333333335
19480418,1948,19530607,1953,greenacre_weighted_power_0175,5,104,exact_maximum_overlap,1,1,5,6,0.8333333333333334
19480418,1948,19530607,1953,greenacre_weighted_power_0175,5,104,exact_maximum_overlap,1,2,1,6,0.16666666666666666
19480418,1948,19530607,1953,greenacre_weighted_power_0175,5,104,exact_maximum_overlap,1,3,0,6,0
19480418,1948,19530607,1953,greenacre_weighted_power_0175,5,104,exact_maximum_overlap,1,4,0,6,0
19480418,1948,19530607,1953,greenacre_weighted_power_0175,5,104,exact_maximum_overlap,1,5,0,6,0
19480418,1948,19530607,1953,greenacre_weighted_power_0175,5,104,exact_maximum_overlap,2,1,15,28,0.5357142857142857
19480418,1948,19530607,1953,greenacre_weighted_power_0175,5,104,exact_maximum_overlap,2,2,13,28,0.4642857142857143
19480418,1948,19530607,1953,greenacre_weighted_power_0175,5,104,exact_maximum_overlap,2,3,0,28,0
19480418,1948,19530607,1953,greenacre_weighted_power_0175,5,104,exact_maximum_overlap,2,4,0,28,0
19480418,1948,19530607,1953,greenacre_weighted_power_0175,5,104,exact_maximum_overlap,2,5,0,28,0
19480418,1948,19530607,1953,greenacre_weighted_power_0175,5,104,exact_maximum_overlap,3,1,0,19,0
19480418,1948,19530607,1953,greenacre_weighted_power_0175,5,104,exact_maximum_overlap,3,2,2,19,0.10526315789473684
19480418,1948,19530607,1953,greenacre_weighted_power_0175,5,104,exact_maximum_overlap,3,3,16,19,0.8421052631578947
19480418,1948,19530607,1953,greenacre_weighted_power_0175,5,104,exact_maximum_overlap,3,4,1,19,0.05263157894736842
19480418,1948,19530607,1953,greenacre_weighted_power_0175,5,104,exact_maximum_overlap,3,5,0,19,0
19480418,1948,19530607,1953,greenacre_weighted_power_0175,5,104,exact_maximum_overlap,4,1,0,40,0
19480418,1948,19530607,1953,greenacre_weighted_power_0175,5,104,exact_maximum_overlap,4,2,1,40,0.025
19480418,1948,19530607,1953,greenacre_weighted_power_0175,5,104,exact_maximum_overlap,4,3,1,40,0.025
19480418,1948,19530607,1953,greenacre_weighted_power_0175,5,104,exact_maximum_overlap,4,4,35,40,0.875
19480418,1948,19530607,1953,greenacre_weighted_power_0175,5,104,exact_maximum_overlap,4,5,3,40,0.075
19480418,1948,19530607,1953,greenacre_weighted_power_0175,5,104,exact_maximum_overlap,5,1,3,11,0.2727272727272727
19480418,1948,19530607,1953,greenacre_weighted_power_0175,5,104,exact_maximum_overlap,5,2,1,11,0.09090909090909091
19480418,1948,19530607,1953,greenacre_weighted_power_0175,5,104,exact_maximum_overlap,5,3,2,11,0.18181818181818182
19480418,1948,19530607,1953,greenacre_weighted_power_0175,5,104,exact_maximum_overlap,5,4,0,11,0
19480418,1948,19530607,1953,greenacre_weighted_power_0175,5,104,exact_maximum_overlap,5,5,5,11,0.45454545454545453
19530607,1953,19580525,1958,greenacre_weighted_power_0175,5,105,exact_maximum_overlap,1,1,0,8,0
19530607,1953,19580525,1958,greenacre_weighted_power_0175,5,105,exact_maximum_overlap,1,2,5,8,0.625
19530607,1953,19580525,1958,greenacre_weighted_power_0175,5,105,exact_maximum_overlap,1,3,1,8,0.125
19530607,1953,19580525,1958,greenacre_weighted_power_0175,5,105,exact_maximum_overlap,1,4,2,8,0.25
19530607,1953,19580525,1958,greenacre_weighted_power_0175,5,105,exact_maximum_overlap,1,5,0,8,0
19530607,1953,19580525,1958,greenacre_weighted_power_0175,5,105,exact_maximum_overlap,2,1,0,36,0
19530607,1953,19580525,1958,greenacre_weighted_power_0175,5,105,exact_maximum_overlap,2,2,31,36,0.8611111111111112
19530607,1953,19580525,1958,greenacre_weighted_power_0175,5,105,exact_maximum_overlap,2,3,1,36,0.027777777777777776
19530607,1953,19580525,1958,greenacre_weighted_power_0175,5,105,exact_maximum_overlap,2,4,4,36,0.1111111111111111
19530607,1953,19580525,1958,greenacre_weighted_power_0175,5,105,exact_maximum_overlap,2,5,0,36,0
19530607,1953,19580525,1958,greenacre_weighted_power_0175,5,105,exact_maximum_overlap,3,1,3,19,0.15789473684210525
19530607,1953,19580525,1958,greenacre_weighted_power_0175,5,105,exact_maximum_overlap,3,2,0,19,0
19530607,1953,19580525,1958,greenacre_weighted_power_0175,5,105,exact_maximum_overlap,3,3,12,19,0.631578947368421
19530607,1953,19580525,1958,greenacre_weighted_power_0175,5,105,exact_maximum_overlap,3,4,3,19,0.15789473684210525
19530607,1953,19580525,1958,greenacre_weighted_power_0175,5,105,exact_maximum_overlap,3,5,1,19,0.05263157894736842
19530607,1953,19580525,1958,greenacre_weighted_power_0175,5,105,exact_maximum_overlap,4,1,8,23,0.34782608695652173
19530607,1953,19580525,1958,greenacre_weighted_power_0175,5,105,exact_maximum_overlap,4,2,0,23,0
19530607,1953,19580525,1958,greenacre_weighted_power_0175,5,105,exact_maximum_overlap,4,3,1,23,0.043478260869565216
19530607,1953,19580525,1958,greenacre_weighted_power_0175,5,105,exact_maximum_overlap,4,4,14,23,0.6086956521739131
19530607,1953,19580525,1958,greenacre_weighted_power_0175,5,105,exact_maximum_overlap,4,5,0,23,0
19530607,1953,19580525,1958,greenacre_weighted_power_0175,5,105,exact_maximum_overlap,5,1,0,19,0
19530607,1953,19580525,1958,greenacre_weighted_power_0175,5,105,exact_maximum_overlap,5,2,0,19,0
19530607,1953,19580525,1958,greenacre_weighted_power_0175,5,105,exact_maximum_overlap,5,3,1,19,0.05263157894736842
19530607,1953,19580525,1958,greenacre_weighted_power_0175,5,105,exact_maximum_overlap,5,4,1,19,0.05263157894736842
19530607,1953,19580525,1958,greenacre_weighted_power_0175,5,105,exact_maximum_overlap,5,5,17,19,0.8947368421052632
19580525,1958,19630428,1963,greenacre_weighted_power_0175,5,106,exact_maximum_overlap,1,1,10,24,0.4166666666666667
19580525,1958,19630428,1963,greenacre_weighted_power_0175,5,106,exact_maximum_overlap,1,2,7,24,0.2916666666666667
19580525,1958,19630428,1963,greenacre_weighted_power_0175,5,106,exact_maximum_overlap,1,3,4,24,0.16666666666666666
19580525,1958,19630428,1963,greenacre_weighted_power_0175,5,106,exact_maximum_overlap,1,4,0,24,0
19580525,1958,19630428,1963,greenacre_weighted_power_0175,5,106,exact_maximum_overlap,1,5,3,24,0.125
19580525,1958,19630428,1963,greenacre_weighted_power_0175,5,106,exact_maximum_overlap,2,1,5,11,0.45454545454545453
19580525,1958,19630428,1963,greenacre_weighted_power_0175,5,106,exact_maximum_overlap,2,2,2,11,0.18181818181818182
19580525,1958,19630428,1963,greenacre_weighted_power_0175,5,106,exact_maximum_overlap,2,3,0,11,0
19580525,1958,19630428,1963,greenacre_weighted_power_0175,5,106,exact_maximum_overlap,2,4,0,11,0
19580525,1958,19630428,1963,greenacre_weighted_power_0175,5,106,exact_maximum_overlap,2,5,4,11,0.36363636363636365
19580525,1958,19630428,1963,greenacre_weighted_power_0175,5,106,exact_maximum_overlap,3,1,0,36,0
19580525,1958,19630428,1963,greenacre_weighted_power_0175,5,106,exact_maximum_overlap,3,2,0,36,0
19580525,1958,19630428,1963,greenacre_weighted_power_0175,5,106,exact_maximum_overlap,3,3,34,36,0.9444444444444444
19580525,1958,19630428,1963,greenacre_weighted_power_0175,5,106,exact_maximum_overlap,3,4,0,36,0
19580525,1958,19630428,1963,greenacre_weighted_power_0175,5,106,exact_maximum_overlap,3,5,2,36,0.05555555555555555
19580525,1958,19630428,1963,greenacre_weighted_power_0175,5,106,exact_maximum_overlap,4,1,0,18,0
19580525,1958,19630428,1963,greenacre_weighted_power_0175,5,106,exact_maximum_overlap,4,2,7,18,0.3888888888888889
19580525,1958,19630428,1963,greenacre_weighted_power_0175,5,106,exact_maximum_overlap,4,3,0,18,0
19580525,1958,19630428,1963,greenacre_weighted_power_0175,5,106,exact_maximum_overlap,4,4,10,18,0.5555555555555556
19580525,1958,19630428,1963,greenacre_weighted_power_0175,5,106,exact_maximum_overlap,4,5,1,18,0.05555555555555555
19580525,1958,19630428,1963,greenacre_weighted_power_0175,5,106,exact_maximum_overlap,5,1,0,17,0
19580525,1958,19630428,1963,greenacre_weighted_power_0175,5,106,exact_maximum_overlap,5,2,2,17,0.11764705882352941
19580525,1958,19630428,1963,greenacre_weighted_power_0175,5,106,exact_maximum_overlap,5,3,2,17,0.11764705882352941
19580525,1958,19630428,1963,greenacre_weighted_power_0175,5,106,exact_maximum_overlap,5,4,2,17,0.11764705882352941
19580525,1958,19630428,1963,greenacre_weighted_power_0175,5,106,exact_maximum_overlap,5,5,11,17,0.6470588235294118
19630428,1963,19680519,1968,greenacre_weighted_power_0175,5,106,exact_maximum_overlap,1,1,13,21,0.6190476190476191
19630428,1963,19680519,1968,greenacre_weighted_power_0175,5,106,exact_maximum_overlap,1,2,5,21,0.23809523809523808
19630428,1963,19680519,1968,greenacre_weighted_power_0175,5,106,exact_maximum_overlap,1,3,1,21,0.047619047619047616
19630428,1963,19680519,1968,greenacre_weighted_power_0175,5,106,exact_maximum_overlap,1,4,1,21,0.047619047619047616
19630428,1963,19680519,1968,greenacre_weighted_power_0175,5,106,exact_maximum_overlap,1,5,1,21,0.047619047619047616
19630428,1963,19680519,1968,greenacre_weighted_power_0175,5,106,exact_maximum_overlap,2,1,0,15,0
19630428,1963,19680519,1968,greenacre_weighted_power_0175,5,106,exact_maximum_overlap,2,2,7,15,0.4666666666666667
19630428,1963,19680519,1968,greenacre_weighted_power_0175,5,106,exact_maximum_overlap,2,3,8,15,0.5333333333333333
19630428,1963,19680519,1968,greenacre_weighted_power_0175,5,106,exact_maximum_overlap,2,4,0,15,0
19630428,1963,19680519,1968,greenacre_weighted_power_0175,5,106,exact_maximum_overlap,2,5,0,15,0
19630428,1963,19680519,1968,greenacre_weighted_power_0175,5,106,exact_maximum_overlap,3,1,5,18,0.2777777777777778
19630428,1963,19680519,1968,greenacre_weighted_power_0175,5,106,exact_maximum_overlap,3,2,0,18,0
19630428,1963,19680519,1968,greenacre_weighted_power_0175,5,106,exact_maximum_overlap,3,3,5,18,0.2777777777777778
19630428,1963,19680519,1968,greenacre_weighted_power_0175,5,106,exact_maximum_overlap,3,4,4,18,0.2222222222222222
19630428,1963,19680519,1968,greenacre_weighted_power_0175,5,106,exact_maximum_overlap,3,5,4,18,0.2222222222222222
19630428,1963,19680519,1968,greenacre_weighted_power_0175,5,106,exact_maximum_overlap,4,1,1,40,0.025
19630428,1963,19680519,1968,greenacre_weighted_power_0175,5,106,exact_maximum_overlap,4,2,0,40,0
19630428,1963,19680519,1968,greenacre_weighted_power_0175,5,106,exact_maximum_overlap,4,3,4,40,0.1
19630428,1963,19680519,1968,greenacre_weighted_power_0175,5,106,exact_maximum_overlap,4,4,27,40,0.675
19630428,1963,19680519,1968,greenacre_weighted_power_0175,5,106,exact_maximum_overlap,4,5,8,40,0.2
19630428,1963,19680519,1968,greenacre_weighted_power_0175,5,106,exact_maximum_overlap,5,1,6,12,0.5
19630428,1963,19680519,1968,greenacre_weighted_power_0175,5,106,exact_maximum_overlap,5,2,0,12,0
19630428,1963,19680519,1968,greenacre_weighted_power_0175,5,106,exact_maximum_overlap,5,3,0,12,0
19630428,1963,19680519,1968,greenacre_weighted_power_0175,5,106,exact_maximum_overlap,5,4,1,12,0.08333333333333333
19630428,1963,19680519,1968,greenacre_weighted_power_0175,5,106,exact_maximum_overlap,5,5,5,12,0.4166666666666667
19680519,1968,19720507,1972,greenacre_weighted_power_0175,5,106,exact_maximum_overlap,1,1,5,18,0.2777777777777778
19680519,1968,19720507,1972,greenacre_weighted_power_0175,5,106,exact_maximum_overlap,1,2,0,18,0
19680519,1968,19720507,1972,greenacre_weighted_power_0175,5,106,exact_maximum_overlap,1,3,11,18,0.6111111111111112
19680519,1968,19720507,1972,greenacre_weighted_power_0175,5,106,exact_maximum_overlap,1,4,2,18,0.1111111111111111
19680519,1968,19720507,1972,greenacre_weighted_power_0175,5,106,exact_maximum_overlap,1,5,0,18,0
19680519,1968,19720507,1972,greenacre_weighted_power_0175,5,106,exact_maximum_overlap,2,1,10,33,0.30303030303030304
19680519,1968,19720507,1972,greenacre_weighted_power_0175,5,106,exact_maximum_overlap,2,2,22,33,0.6666666666666666
19680519,1968,19720507,1972,greenacre_weighted_power_0175,5,106,exact_maximum_overlap,2,3,0,33,0
19680519,1968,19720507,1972,greenacre_weighted_power_0175,5,106,exact_maximum_overlap,2,4,1,33,0.030303030303030304
19680519,1968,19720507,1972,greenacre_weighted_power_0175,5,106,exact_maximum_overlap,2,5,0,33,0
19680519,1968,19720507,1972,greenacre_weighted_power_0175,5,106,exact_maximum_overlap,3,1,0,12,0
19680519,1968,19720507,1972,greenacre_weighted_power_0175,5,106,exact_maximum_overlap,3,2,0,12,0
19680519,1968,19720507,1972,greenacre_weighted_power_0175,5,106,exact_maximum_overlap,3,3,7,12,0.5833333333333334
19680519,1968,19720507,1972,greenacre_weighted_power_0175,5,106,exact_maximum_overlap,3,4,5,12,0.4166666666666667
19680519,1968,19720507,1972,greenacre_weighted_power_0175,5,106,exact_maximum_overlap,3,5,0,12,0
19680519,1968,19720507,1972,greenacre_weighted_power_0175,5,106,exact_maximum_overlap,4,1,4,25,0.16
19680519,1968,19720507,1972,greenacre_weighted_power_0175,5,106,exact_maximum_overlap,4,2,0,25,0
19680519,1968,19720507,1972,greenacre_weighted_power_0175,5,106,exact_maximum_overlap,4,3,0,25,0
19680519,1968,19720507,1972,greenacre_weighted_power_0175,5,106,exact_maximum_overlap,4,4,14,25,0.56
19680519,1968,19720507,1972,greenacre_weighted_power_0175,5,106,exact_maximum_overlap,4,5,7,25,0.28
19680519,1968,19720507,1972,greenacre_weighted_power_0175,5,106,exact_maximum_overlap,5,1,5,18,0.2777777777777778
19680519,1968,19720507,1972,greenacre_weighted_power_0175,5,106,exact_maximum_overlap,5,2,3,18,0.16666666666666666
19680519,1968,19720507,1972,greenacre_weighted_power_0175,5,106,exact_maximum_overlap,5,3,0,18,0
19680519,1968,19720507,1972,greenacre_weighted_power_0175,5,106,exact_maximum_overlap,5,4,2,18,0.1111111111111111
19680519,1968,19720507,1972,greenacre_weighted_power_0175,5,106,exact_maximum_overlap,5,5,8,18,0.4444444444444444
19720507,1972,19760620,1976,greenacre_weighted_power_0175,5,106,exact_maximum_overlap,1,1,11,18,0.6111111111111112
19720507,1972,19760620,1976,greenacre_weighted_power_0175,5,106,exact_maximum_overlap,1,2,0,18,0
19720507,1972,19760620,1976,greenacre_weighted_power_0175,5,106,exact_maximum_overlap,1,3,7,18,0.3888888888888889
19720507,1972,19760620,1976,greenacre_weighted_power_0175,5,106,exact_maximum_overlap,1,4,0,18,0
19720507,1972,19760620,1976,greenacre_weighted_power_0175,5,106,exact_maximum_overlap,1,5,0,18,0
19720507,1972,19760620,1976,greenacre_weighted_power_0175,5,106,exact_maximum_overlap,2,1,1,24,0.041666666666666664
19720507,1972,19760620,1976,greenacre_weighted_power_0175,5,106,exact_maximum_overlap,2,2,10,24,0.4166666666666667
19720507,1972,19760620,1976,greenacre_weighted_power_0175,5,106,exact_maximum_overlap,2,3,1,24,0.041666666666666664
19720507,1972,19760620,1976,greenacre_weighted_power_0175,5,106,exact_maximum_overlap,2,4,10,24,0.4166666666666667
19720507,1972,19760620,1976,greenacre_weighted_power_0175,5,106,exact_maximum_overlap,2,5,2,24,0.08333333333333333
19720507,1972,19760620,1976,greenacre_weighted_power_0175,5,106,exact_maximum_overlap,3,1,5,24,0.20833333333333334
19720507,1972,19760620,1976,greenacre_weighted_power_0175,5,106,exact_maximum_overlap,3,2,0,24,0
19720507,1972,19760620,1976,greenacre_weighted_power_0175,5,106,exact_maximum_overlap,3,3,15,24,0.625
19720507,1972,19760620,1976,greenacre_weighted_power_0175,5,106,exact_maximum_overlap,3,4,1,24,0.041666666666666664
19720507,1972,19760620,1976,greenacre_weighted_power_0175,5,106,exact_maximum_overlap,3,5,3,24,0.125
19720507,1972,19760620,1976,greenacre_weighted_power_0175,5,106,exact_maximum_overlap,4,1,0,25,0
19720507,1972,19760620,1976,greenacre_weighted_power_0175,5,106,exact_maximum_overlap,4,2,11,25,0.44
19720507,1972,19760620,1976,greenacre_weighted_power_0175,5,106,exact_maximum_overlap,4,3,0,25,0
19720507,1972,19760620,1976,greenacre_weighted_power_0175,5,106,exact_maximum_overlap,4,4,13,25,0.52
19720507,1972,19760620,1976,greenacre_weighted_power_0175,5,106,exact_maximum_overlap,4,5,1,25,0.04
19720507,1972,19760620,1976,greenacre_weighted_power_0175,5,106,exact_maximum_overlap,5,1,0,15,0
19720507,1972,19760620,1976,greenacre_weighted_power_0175,5,106,exact_maximum_overlap,5,2,0,15,0
19720507,1972,19760620,1976,greenacre_weighted_power_0175,5,106,exact_maximum_overlap,5,3,0,15,0
19720507,1972,19760620,1976,greenacre_weighted_power_0175,5,106,exact_maximum_overlap,5,4,0,15,0
19720507,1972,19760620,1976,greenacre_weighted_power_0175,5,106,exact_maximum_overlap,5,5,15,15,1
19760620,1976,19790603,1979,greenacre_weighted_power_0175,5,106,exact_maximum_overlap,1,1,17,21,0.8095238095238095
19760620,1976,19790603,1979,greenacre_weighted_power_0175,5,106,exact_maximum_overlap,1,2,3,21,0.14285714285714285
19760620,1976,19790603,1979,greenacre_weighted_power_0175,5,106,exact_maximum_overlap,1,3,0,21,0
19760620,1976,19790603,1979,greenacre_weighted_power_0175,5,106,exact_maximum_overlap,1,4,0,21,0
19760620,1976,19790603,1979,greenacre_weighted_power_0175,5,106,exact_maximum_overlap,1,5,1,21,0.047619047619047616
19760620,1976,19790603,1979,greenacre_weighted_power_0175,5,106,exact_maximum_overlap,2,1,0,23,0
19760620,1976,19790603,1979,greenacre_weighted_power_0175,5,106,exact_maximum_overlap,2,2,14,23,0.6086956521739131
19760620,1976,19790603,1979,greenacre_weighted_power_0175,5,106,exact_maximum_overlap,2,3,8,23,0.34782608695652173
19760620,1976,19790603,1979,greenacre_weighted_power_0175,5,106,exact_maximum_overlap,2,4,1,23,0.043478260869565216
19760620,1976,19790603,1979,greenacre_weighted_power_0175,5,106,exact_maximum_overlap,2,5,0,23,0
19760620,1976,19790603,1979,greenacre_weighted_power_0175,5,106,exact_maximum_overlap,3,1,0,17,0
19760620,1976,19790603,1979,greenacre_weighted_power_0175,5,106,exact_maximum_overlap,3,2,6,17,0.35294117647058826
19760620,1976,19790603,1979,greenacre_weighted_power_0175,5,106,exact_maximum_overlap,3,3,11,17,0.6470588235294118
19760620,1976,19790603,1979,greenacre_weighted_power_0175,5,106,exact_maximum_overlap,3,4,0,17,0
19760620,1976,19790603,1979,greenacre_weighted_power_0175,5,106,exact_maximum_overlap,3,5,0,17,0
19760620,1976,19790603,1979,greenacre_weighted_power_0175,5,106,exact_maximum_overlap,4,1,0,21,0
19760620,1976,19790603,1979,greenacre_weighted_power_0175,5,106,exact_maximum_overlap,4,2,4,21,0.19047619047619047
19760620,1976,19790603,1979,greenacre_weighted_power_0175,5,106,exact_maximum_overlap,4,3,0,21,0
19760620,1976,19790603,1979,greenacre_weighted_power_0175,5,106,exact_maximum_overlap,4,4,12,21,0.5714285714285714
19760620,1976,19790603,1979,greenacre_weighted_power_0175,5,106,exact_maximum_overlap,4,5,5,21,0.23809523809523808
19760620,1976,19790603,1979,greenacre_weighted_power_0175,5,106,exact_maximum_overlap,5,1,17,24,0.7083333333333334
19760620,1976,19790603,1979,greenacre_weighted_power_0175,5,106,exact_maximum_overlap,5,2,2,24,0.08333333333333333
19760620,1976,19790603,1979,greenacre_weighted_power_0175,5,106,exact_maximum_overlap,5,3,0,24,0
19760620,1976,19790603,1979,greenacre_weighted_power_0175,5,106,exact_maximum_overlap,5,4,0,24,0
19760620,1976,19790603,1979,greenacre_weighted_power_0175,5,106,exact_maximum_overlap,5,5,5,24,0.20833333333333334
19790603,1979,19830626,1983,greenacre_weighted_power_0175,5,106,exact_maximum_overlap,1,1,15,19,0.7894736842105263
19790603,1979,19830626,1983,greenacre_weighted_power_0175,5,106,exact_maximum_overlap,1,2,0,19,0
19790603,1979,19830626,1983,greenacre_weighted_power_0175,5,106,exact_maximum_overlap,1,3,0,19,0
19790603,1979,19830626,1983,greenacre_weighted_power_0175,5,106,exact_maximum_overlap,1,4,2,19,0.10526315789473684
19790603,1979,19830626,1983,greenacre_weighted_power_0175,5,106,exact_maximum_overlap,1,5,2,19,0.10526315789473684
19790603,1979,19830626,1983,greenacre_weighted_power_0175,5,106,exact_maximum_overlap,2,1,3,29,0.10344827586206896
19790603,1979,19830626,1983,greenacre_weighted_power_0175,5,106,exact_maximum_overlap,2,2,17,29,0.5862068965517241
19790603,1979,19830626,1983,greenacre_weighted_power_0175,5,106,exact_maximum_overlap,2,3,2,29,0.06896551724137931
19790603,1979,19830626,1983,greenacre_weighted_power_0175,5,106,exact_maximum_overlap,2,4,5,29,0.1724137931034483
19790603,1979,19830626,1983,greenacre_weighted_power_0175,5,106,exact_maximum_overlap,2,5,2,29,0.06896551724137931
19790603,1979,19830626,1983,greenacre_weighted_power_0175,5,106,exact_maximum_overlap,3,1,0,11,0
19790603,1979,19830626,1983,greenacre_weighted_power_0175,5,106,exact_maximum_overlap,3,2,1,11,0.09090909090909091
19790603,1979,19830626,1983,greenacre_weighted_power_0175,5,106,exact_maximum_overlap,3,3,5,11,0.45454545454545453
19790603,1979,19830626,1983,greenacre_weighted_power_0175,5,106,exact_maximum_overlap,3,4,5,11,0.45454545454545453
19790603,1979,19830626,1983,greenacre_weighted_power_0175,5,106,exact_maximum_overlap,3,5,0,11,0
19790603,1979,19830626,1983,greenacre_weighted_power_0175,5,106,exact_maximum_overlap,4,1,0,13,0
19790603,1979,19830626,1983,greenacre_weighted_power_0175,5,106,exact_maximum_overlap,4,2,4,13,0.3076923076923077
19790603,1979,19830626,1983,greenacre_weighted_power_0175,5,106,exact_maximum_overlap,4,3,4,13,0.3076923076923077
19790603,1979,19830626,1983,greenacre_weighted_power_0175,5,106,exact_maximum_overlap,4,4,5,13,0.38461538461538464
19790603,1979,19830626,1983,greenacre_weighted_power_0175,5,106,exact_maximum_overlap,4,5,0,13,0
19790603,1979,19830626,1983,greenacre_weighted_power_0175,5,106,exact_maximum_overlap,5,1,0,34,0
19790603,1979,19830626,1983,greenacre_weighted_power_0175,5,106,exact_maximum_overlap,5,2,22,34,0.6470588235294118
19790603,1979,19830626,1983,greenacre_weighted_power_0175,5,106,exact_maximum_overlap,5,3,0,34,0
19790603,1979,19830626,1983,greenacre_weighted_power_0175,5,106,exact_maximum_overlap,5,4,4,34,0.11764705882352941
19790603,1979,19830626,1983,greenacre_weighted_power_0175,5,106,exact_maximum_overlap,5,5,8,34,0.23529411764705882
19830626,1983,19870614,1987,greenacre_weighted_power_0175,5,106,exact_maximum_overlap,1,1,14,44,0.3181818181818182
19830626,1983,19870614,1987,greenacre_weighted_power_0175,5,106,exact_maximum_overlap,1,2,0,44,0
19830626,1983,19870614,1987,greenacre_weighted_power_0175,5,106,exact_maximum_overlap,1,3,0,44,0
19830626,1983,19870614,1987,greenacre_weighted_power_0175,5,106,exact_maximum_overlap,1,4,24,44,0.5454545454545454
19830626,1983,19870614,1987,greenacre_weighted_power_0175,5,106,exact_maximum_overlap,1,5,6,44,0.13636363636363635
19830626,1983,19870614,1987,greenacre_weighted_power_0175,5,106,exact_maximum_overlap,2,1,1,11,0.09090909090909091
19830626,1983,19870614,1987,greenacre_weighted_power_0175,5,106,exact_maximum_overlap,2,2,5,11,0.45454545454545453
19830626,1983,19870614,1987,greenacre_weighted_power_0175,5,106,exact_maximum_overlap,2,3,0,11,0
19830626,1983,19870614,1987,greenacre_weighted_power_0175,5,106,exact_maximum_overlap,2,4,0,11,0
19830626,1983,19870614,1987,greenacre_weighted_power_0175,5,106,exact_maximum_overlap,2,5,5,11,0.45454545454545453
19830626,1983,19870614,1987,greenacre_weighted_power_0175,5,106,exact_maximum_overlap,3,1,1,18,0.05555555555555555
19830626,1983,19870614,1987,greenacre_weighted_power_0175,5,106,exact_maximum_overlap,3,2,0,18,0
19830626,1983,19870614,1987,greenacre_weighted_power_0175,5,106,exact_maximum_overlap,3,3,17,18,0.9444444444444444
19830626,1983,19870614,1987,greenacre_weighted_power_0175,5,106,exact_maximum_overlap,3,4,0,18,0
19830626,1983,19870614,1987,greenacre_weighted_power_0175,5,106,exact_maximum_overlap,3,5,0,18,0
19830626,1983,19870614,1987,greenacre_weighted_power_0175,5,106,exact_maximum_overlap,4,1,0,12,0
19830626,1983,19870614,1987,greenacre_weighted_power_0175,5,106,exact_maximum_overlap,4,2,0,12,0
19830626,1983,19870614,1987,greenacre_weighted_power_0175,5,106,exact_maximum_overlap,4,3,2,12,0.16666666666666666
19830626,1983,19870614,1987,greenacre_weighted_power_0175,5,106,exact_maximum_overlap,4,4,10,12,0.8333333333333334
19830626,1983,19870614,1987,greenacre_weighted_power_0175,5,106,exact_maximum_overlap,4,5,0,12,0
19830626,1983,19870614,1987,greenacre_weighted_power_0175,5,106,exact_maximum_overlap,5,1,5,21,0.23809523809523808
19830626,1983,19870614,1987,greenacre_weighted_power_0175,5,106,exact_maximum_overlap,5,2,0,21,0
19830626,1983,19870614,1987,greenacre_weighted_power_0175,5,106,exact_maximum_overlap,5,3,5,21,0.23809523809523808
19830626,1983,19870614,1987,greenacre_weighted_power_0175,5,106,exact_maximum_overlap,5,4,4,21,0.19047619047619047
19830626,1983,19870614,1987,greenacre_weighted_power_0175,5,106,exact_maximum_overlap,5,5,7,21,0.3333333333333333
19870614,1987,19920405,1992,greenacre_weighted_power_0175,5,106,exact_maximum_overlap,1,1,5,5,1
19870614,1987,19920405,1992,greenacre_weighted_power_0175,5,106,exact_maximum_overlap,1,2,0,5,0
19870614,1987,19920405,1992,greenacre_weighted_power_0175,5,106,exact_maximum_overlap,1,3,0,5,0
19870614,1987,19920405,1992,greenacre_weighted_power_0175,5,106,exact_maximum_overlap,1,4,0,5,0
19870614,1987,19920405,1992,greenacre_weighted_power_0175,5,106,exact_maximum_overlap,1,5,0,5,0
19870614,1987,19920405,1992,greenacre_weighted_power_0175,5,106,exact_maximum_overlap,2,1,0,18,0
19870614,1987,19920405,1992,greenacre_weighted_power_0175,5,106,exact_maximum_overlap,2,2,12,18,0.6666666666666666
19870614,1987,19920405,1992,greenacre_weighted_power_0175,5,106,exact_maximum_overlap,2,3,0,18,0
19870614,1987,19920405,1992,greenacre_weighted_power_0175,5,106,exact_maximum_overlap,2,4,6,18,0.3333333333333333
19870614,1987,19920405,1992,greenacre_weighted_power_0175,5,106,exact_maximum_overlap,2,5,0,18,0
19870614,1987,19920405,1992,greenacre_weighted_power_0175,5,106,exact_maximum_overlap,3,1,5,24,0.20833333333333334
19870614,1987,19920405,1992,greenacre_weighted_power_0175,5,106,exact_maximum_overlap,3,2,0,24,0
19870614,1987,19920405,1992,greenacre_weighted_power_0175,5,106,exact_maximum_overlap,3,3,16,24,0.6666666666666666
19870614,1987,19920405,1992,greenacre_weighted_power_0175,5,106,exact_maximum_overlap,3,4,3,24,0.125
19870614,1987,19920405,1992,greenacre_weighted_power_0175,5,106,exact_maximum_overlap,3,5,0,24,0
19870614,1987,19920405,1992,greenacre_weighted_power_0175,5,106,exact_maximum_overlap,4,1,1,21,0.047619047619047616
19870614,1987,19920405,1992,greenacre_weighted_power_0175,5,106,exact_maximum_overlap,4,2,2,21,0.09523809523809523
19870614,1987,19920405,1992,greenacre_weighted_power_0175,5,106,exact_maximum_overlap,4,3,2,21,0.09523809523809523
19870614,1987,19920405,1992,greenacre_weighted_power_0175,5,106,exact_maximum_overlap,4,4,14,21,0.6666666666666666
19870614,1987,19920405,1992,greenacre_weighted_power_0175,5,106,exact_maximum_overlap,4,5,2,21,0.09523809523809523
19870614,1987,19920405,1992,greenacre_weighted_power_0175,5,106,exact_maximum_overlap,5,1,17,38,0.4473684210526316
19870614,1987,19920405,1992,greenacre_weighted_power_0175,5,106,exact_maximum_overlap,5,2,0,38,0
19870614,1987,19920405,1992,greenacre_weighted_power_0175,5,106,exact_maximum_overlap,5,3,0,38,0
19870614,1987,19920405,1992,greenacre_weighted_power_0175,5,106,exact_maximum_overlap,5,4,1,38,0.02631578947368421
19870614,1987,19920405,1992,greenacre_weighted_power_0175,5,106,exact_maximum_overlap,5,5,20,38,0.5263157894736842
19920405,1992,19940327,1994,greenacre_weighted_power_0175,5,106,exact_maximum_overlap,1,1,15,28,0.5357142857142857
19920405,1992,19940327,1994,greenacre_weighted_power_0175,5,106,exact_maximum_overlap,1,2,0,28,0
19920405,1992,19940327,1994,greenacre_weighted_power_0175,5,106,exact_maximum_overlap,1,3,0,28,0
19920405,1992,19940327,1994,greenacre_weighted_power_0175,5,106,exact_maximum_overlap,1,4,4,28,0.14285714285714285
19920405,1992,19940327,1994,greenacre_weighted_power_0175,5,106,exact_maximum_overlap,1,5,9,28,0.32142857142857145
19920405,1992,19940327,1994,greenacre_weighted_power_0175,5,106,exact_maximum_overlap,2,1,0,18,0
19920405,1992,19940327,1994,greenacre_weighted_power_0175,5,106,exact_maximum_overlap,2,2,18,18,1
19920405,1992,19940327,1994,greenacre_weighted_power_0175,5,106,exact_maximum_overlap,2,3,0,18,0
19920405,1992,19940327,1994,greenacre_weighted_power_0175,5,106,exact_maximum_overlap,2,4,0,18,0
19920405,1992,19940327,1994,greenacre_weighted_power_0175,5,106,exact_maximum_overlap,2,5,0,18,0
19920405,1992,19940327,1994,greenacre_weighted_power_0175,5,106,exact_maximum_overlap,3,1,0,14,0
19920405,1992,19940327,1994,greenacre_weighted_power_0175,5,106,exact_maximum_overlap,3,2,1,14,0.07142857142857142
19920405,1992,19940327,1994,greenacre_weighted_power_0175,5,106,exact_maximum_overlap,3,3,0,14,0
19920405,1992,19940327,1994,greenacre_weighted_power_0175,5,106,exact_maximum_overlap,3,4,13,14,0.9285714285714286
19920405,1992,19940327,1994,greenacre_weighted_power_0175,5,106,exact_maximum_overlap,3,5,0,14,0
19920405,1992,19940327,1994,greenacre_weighted_power_0175,5,106,exact_maximum_overlap,4,1,0,24,0
19920405,1992,19940327,1994,greenacre_weighted_power_0175,5,106,exact_maximum_overlap,4,2,6,24,0.25
19920405,1992,19940327,1994,greenacre_weighted_power_0175,5,106,exact_maximum_overlap,4,3,1,24,0.041666666666666664
19920405,1992,19940327,1994,greenacre_weighted_power_0175,5,106,exact_maximum_overlap,4,4,17,24,0.7083333333333334
19920405,1992,19940327,1994,greenacre_weighted_power_0175,5,106,exact_maximum_overlap,4,5,0,24,0
19920405,1992,19940327,1994,greenacre_weighted_power_0175,5,106,exact_maximum_overlap,5,1,5,22,0.22727272727272727
19920405,1992,19940327,1994,greenacre_weighted_power_0175,5,106,exact_maximum_overlap,5,2,0,22,0
19920405,1992,19940327,1994,greenacre_weighted_power_0175,5,106,exact_maximum_overlap,5,3,5,22,0.22727272727272727
19920405,1992,19940327,1994,greenacre_weighted_power_0175,5,106,exact_maximum_overlap,5,4,0,22,0
19920405,1992,19940327,1994,greenacre_weighted_power_0175,5,106,exact_maximum_overlap,5,5,12,22,0.5454545454545454
19940327,1994,19960421,1996,greenacre_weighted_power_0175,5,106,exact_maximum_overlap,1,1,11,21,0.5238095238095238
19940327,1994,19960421,1996,greenacre_weighted_power_0175,5,106,exact_maximum_overlap,1,2,0,21,0
19940327,1994,19960421,1996,greenacre_weighted_power_0175,5,106,exact_maximum_overlap,1,3,0,21,0
19940327,1994,19960421,1996,greenacre_weighted_power_0175,5,106,exact_maximum_overlap,1,4,8,21,0.38095238095238093
19940327,1994,19960421,1996,greenacre_weighted_power_0175,5,106,exact_maximum_overlap,1,5,2,21,0.09523809523809523
19940327,1994,19960421,1996,greenacre_weighted_power_0175,5,106,exact_maximum_overlap,2,1,0,34,0
19940327,1994,19960421,1996,greenacre_weighted_power_0175,5,106,exact_maximum_overlap,2,2,11,34,0.3235294117647059
19940327,1994,19960421,1996,greenacre_weighted_power_0175,5,106,exact_maximum_overlap,2,3,9,34,0.2647058823529412
19940327,1994,19960421,1996,greenacre_weighted_power_0175,5,106,exact_maximum_overlap,2,4,2,34,0.058823529411764705
19940327,1994,19960421,1996,greenacre_weighted_power_0175,5,106,exact_maximum_overlap,2,5,12,34,0.35294117647058826
19940327,1994,19960421,1996,greenacre_weighted_power_0175,5,106,exact_maximum_overlap,3,1,5,6,0.8333333333333334
19940327,1994,19960421,1996,greenacre_weighted_power_0175,5,106,exact_maximum_overlap,3,2,0,6,0
19940327,1994,19960421,1996,greenacre_weighted_power_0175,5,106,exact_maximum_overlap,3,3,0,6,0
19940327,1994,19960421,1996,greenacre_weighted_power_0175,5,106,exact_maximum_overlap,3,4,0,6,0
19940327,1994,19960421,1996,greenacre_weighted_power_0175,5,106,exact_maximum_overlap,3,5,1,6,0.16666666666666666
19940327,1994,19960421,1996,greenacre_weighted_power_0175,5,106,exact_maximum_overlap,4,1,6,20,0.3
19940327,1994,19960421,1996,greenacre_weighted_power_0175,5,106,exact_maximum_overlap,4,2,0,20,0
19940327,1994,19960421,1996,greenacre_weighted_power_0175,5,106,exact_maximum_overlap,4,3,2,20,0.1
19940327,1994,19960421,1996,greenacre_weighted_power_0175,5,106,exact_maximum_overlap,4,4,7,20,0.35
19940327,1994,19960421,1996,greenacre_weighted_power_0175,5,106,exact_maximum_overlap,4,5,5,20,0.25
19940327,1994,19960421,1996,greenacre_weighted_power_0175,5,106,exact_maximum_overlap,5,1,0,25,0
19940327,1994,19960421,1996,greenacre_weighted_power_0175,5,106,exact_maximum_overlap,5,2,0,25,0
19940327,1994,19960421,1996,greenacre_weighted_power_0175,5,106,exact_maximum_overlap,5,3,0,25,0
19940327,1994,19960421,1996,greenacre_weighted_power_0175,5,106,exact_maximum_overlap,5,4,0,25,0
19940327,1994,19960421,1996,greenacre_weighted_power_0175,5,106,exact_maximum_overlap,5,5,25,25,1
19960421,1996,20010513,2001,greenacre_weighted_power_0175,5,106,exact_maximum_overlap,1,1,2,11,0.18181818181818182
19960421,1996,20010513,2001,greenacre_weighted_power_0175,5,106,exact_maximum_overlap,1,2,0,11,0
19960421,1996,20010513,2001,greenacre_weighted_power_0175,5,106,exact_maximum_overlap,1,3,9,11,0.8181818181818182
19960421,1996,20010513,2001,greenacre_weighted_power_0175,5,106,exact_maximum_overlap,1,4,0,11,0
19960421,1996,20010513,2001,greenacre_weighted_power_0175,5,106,exact_maximum_overlap,1,5,0,11,0
19960421,1996,20010513,2001,greenacre_weighted_power_0175,5,106,exact_maximum_overlap,2,1,3,45,0.06666666666666667
19960421,1996,20010513,2001,greenacre_weighted_power_0175,5,106,exact_maximum_overlap,2,2,18,45,0.4
19960421,1996,20010513,2001,greenacre_weighted_power_0175,5,106,exact_maximum_overlap,2,3,21,45,0.4666666666666667
19960421,1996,20010513,2001,greenacre_weighted_power_0175,5,106,exact_maximum_overlap,2,4,3,45,0.06666666666666667
19960421,1996,20010513,2001,greenacre_weighted_power_0175,5,106,exact_maximum_overlap,2,5,0,45,0
19960421,1996,20010513,2001,greenacre_weighted_power_0175,5,106,exact_maximum_overlap,3,1,0,11,0
19960421,1996,20010513,2001,greenacre_weighted_power_0175,5,106,exact_maximum_overlap,3,2,0,11,0
19960421,1996,20010513,2001,greenacre_weighted_power_0175,5,106,exact_maximum_overlap,3,3,11,11,1
19960421,1996,20010513,2001,greenacre_weighted_power_0175,5,106,exact_maximum_overlap,3,4,0,11,0
19960421,1996,20010513,2001,greenacre_weighted_power_0175,5,106,exact_maximum_overlap,3,5,0,11,0
19960421,1996,20010513,2001,greenacre_weighted_power_0175,5,106,exact_maximum_overlap,4,1,2,22,0.09090909090909091
19960421,1996,20010513,2001,greenacre_weighted_power_0175,5,106,exact_maximum_overlap,4,2,0,22,0
19960421,1996,20010513,2001,greenacre_weighted_power_0175,5,106,exact_maximum_overlap,4,3,0,22,0
19960421,1996,20010513,2001,greenacre_weighted_power_0175,5,106,exact_maximum_overlap,4,4,10,22,0.45454545454545453
19960421,1996,20010513,2001,greenacre_weighted_power_0175,5,106,exact_maximum_overlap,4,5,10,22,0.45454545454545453
19960421,1996,20010513,2001,greenacre_weighted_power_0175,5,106,exact_maximum_overlap,5,1,5,17,0.29411764705882354
19960421,1996,20010513,2001,greenacre_weighted_power_0175,5,106,exact_maximum_overlap,5,2,0,17,0
19960421,1996,20010513,2001,greenacre_weighted_power_0175,5,106,exact_maximum_overlap,5,3,0,17,0
19960421,1996,20010513,2001,greenacre_weighted_power_0175,5,106,exact_maximum_overlap,5,4,1,17,0.058823529411764705
19960421,1996,20010513,2001,greenacre_weighted_power_0175,5,106,exact_maximum_overlap,5,5,11,17,0.6470588235294118
20010513,2001,20060409,2006,greenacre_weighted_power_0175,5,106,exact_maximum_overlap,1,1,9,12,0.75
20010513,2001,20060409,2006,greenacre_weighted_power_0175,5,106,exact_maximum_overlap,1,2,0,12,0
20010513,2001,20060409,2006,greenacre_weighted_power_0175,5,106,exact_maximum_overlap,1,3,0,12,0
20010513,2001,20060409,2006,greenacre_weighted_power_0175,5,106,exact_maximum_overlap,1,4,0,12,0
20010513,2001,20060409,2006,greenacre_weighted_power_0175,5,106,exact_maximum_overlap,1,5,3,12,0.25
20010513,2001,20060409,2006,greenacre_weighted_power_0175,5,106,exact_maximum_overlap,2,1,5,14,0.35714285714285715
20010513,2001,20060409,2006,greenacre_weighted_power_0175,5,106,exact_maximum_overlap,2,2,0,14,0
20010513,2001,20060409,2006,greenacre_weighted_power_0175,5,106,exact_maximum_overlap,2,3,0,14,0
20010513,2001,20060409,2006,greenacre_weighted_power_0175,5,106,exact_maximum_overlap,2,4,8,14,0.5714285714285714
20010513,2001,20060409,2006,greenacre_weighted_power_0175,5,106,exact_maximum_overlap,2,5,1,14,0.07142857142857142
20010513,2001,20060409,2006,greenacre_weighted_power_0175,5,106,exact_maximum_overlap,3,1,1,41,0.024390243902439025
20010513,2001,20060409,2006,greenacre_weighted_power_0175,5,106,exact_maximum_overlap,3,2,17,41,0.4146341463414634
20010513,2001,20060409,2006,greenacre_weighted_power_0175,5,106,exact_maximum_overlap,3,3,19,41,0.4634146341463415
20010513,2001,20060409,2006,greenacre_weighted_power_0175,5,106,exact_maximum_overlap,3,4,4,41,0.0975609756097561
20010513,2001,20060409,2006,greenacre_weighted_power_0175,5,106,exact_maximum_overlap,3,5,0,41,0
20010513,2001,20060409,2006,greenacre_weighted_power_0175,5,106,exact_maximum_overlap,4,1,11,21,0.5238095238095238
20010513,2001,20060409,2006,greenacre_weighted_power_0175,5,106,exact_maximum_overlap,4,2,0,21,0
20010513,2001,20060409,2006,greenacre_weighted_power_0175,5,106,exact_maximum_overlap,4,3,0,21,0
20010513,2001,20060409,2006,greenacre_weighted_power_0175,5,106,exact_maximum_overlap,4,4,10,21,0.47619047619047616
20010513,2001,20060409,2006,greenacre_weighted_power_0175,5,106,exact_maximum_overlap,4,5,0,21,0
20010513,2001,20060409,2006,greenacre_weighted_power_0175,5,106,exact_maximum_overlap,5,1,1,18,0.05555555555555555
20010513,2001,20060409,2006,greenacre_weighted_power_0175,5,106,exact_maximum_overlap,5,2,0,18,0
20010513,2001,20060409,2006,greenacre_weighted_power_0175,5,106,exact_maximum_overlap,5,3,0,18,0
20010513,2001,20060409,2006,greenacre_weighted_power_0175,5,106,exact_maximum_overlap,5,4,0,18,0
20010513,2001,20060409,2006,greenacre_weighted_power_0175,5,106,exact_maximum_overlap,5,5,17,18,0.9444444444444444
20060409,2006,20080413,2008,greenacre_weighted_power_0175,5,106,exact_maximum_overlap,1,1,12,21,0.5714285714285714
20060409,2006,20080413,2008,greenacre_weighted_power_0175,5,106,exact_maximum_overlap,1,2,0,21,0
20060409,2006,20080413,2008,greenacre_weighted_power_0175,5,106,exact_maximum_overlap,1,3,0,21,0
20060409,2006,20080413,2008,greenacre_weighted_power_0175,5,106,exact_maximum_overlap,1,4,0,21,0
20060409,2006,20080413,2008,greenacre_weighted_power_0175,5,106,exact_maximum_overlap,1,5,9,21,0.42857142857142855
20060409,2006,20080413,2008,greenacre_weighted_power_0175,5,106,exact_maximum_overlap,2,1,0,22,0
20060409,2006,20080413,2008,greenacre_weighted_power_0175,5,106,exact_maximum_overlap,2,2,19,22,0.8636363636363636
20060409,2006,20080413,2008,greenacre_weighted_power_0175,5,106,exact_maximum_overlap,2,3,3,22,0.13636363636363635
20060409,2006,20080413,2008,greenacre_weighted_power_0175,5,106,exact_maximum_overlap,2,4,0,22,0
20060409,2006,20080413,2008,greenacre_weighted_power_0175,5,106,exact_maximum_overlap,2,5,0,22,0
20060409,2006,20080413,2008,greenacre_weighted_power_0175,5,106,exact_maximum_overlap,3,1,4,27,0.14814814814814814
20060409,2006,20080413,2008,greenacre_weighted_power_0175,5,106,exact_maximum_overlap,3,2,8,27,0.2962962962962963
20060409,2006,20080413,2008,greenacre_weighted_power_0175,5,106,exact_maximum_overlap,3,3,15,27,0.5555555555555556
20060409,2006,20080413,2008,greenacre_weighted_power_0175,5,106,exact_maximum_overlap,3,4,0,27,0
20060409,2006,20080413,2008,greenacre_weighted_power_0175,5,106,exact_maximum_overlap,3,5,0,27,0
20060409,2006,20080413,2008,greenacre_weighted_power_0175,5,106,exact_maximum_overlap,4,1,0,17,0
20060409,2006,20080413,2008,greenacre_weighted_power_0175,5,106,exact_maximum_overlap,4,2,0,17,0
20060409,2006,20080413,2008,greenacre_weighted_power_0175,5,106,exact_maximum_overlap,4,3,0,17,0
20060409,2006,20080413,2008,greenacre_weighted_power_0175,5,106,exact_maximum_overlap,4,4,17,17,1
20060409,2006,20080413,2008,greenacre_weighted_power_0175,5,106,exact_maximum_overlap,4,5,0,17,0
20060409,2006,20080413,2008,greenacre_weighted_power_0175,5,106,exact_maximum_overlap,5,1,0,19,0
20060409,2006,20080413,2008,greenacre_weighted_power_0175,5,106,exact_maximum_overlap,5,2,1,19,0.05263157894736842
20060409,2006,20080413,2008,greenacre_weighted_power_0175,5,106,exact_maximum_overlap,5,3,0,19,0
20060409,2006,20080413,2008,greenacre_weighted_power_0175,5,106,exact_maximum_overlap,5,4,13,19,0.6842105263157895
20060409,2006,20080413,2008,greenacre_weighted_power_0175,5,106,exact_maximum_overlap,5,5,5,19,0.2631578947368421
20080413,2008,20130224,2013,greenacre_weighted_power_0175,5,106,exact_maximum_overlap,1,1,21,28,0.75
20080413,2008,20130224,2013,greenacre_weighted_power_0175,5,106,exact_maximum_overlap,1,2,6,28,0.21428571428571427
20080413,2008,20130224,2013,greenacre_weighted_power_0175,5,106,exact_maximum_overlap,1,3,0,28,0
20080413,2008,20130224,2013,greenacre_weighted_power_0175,5,106,exact_maximum_overlap,1,4,0,28,0
20080413,2008,20130224,2013,greenacre_weighted_power_0175,5,106,exact_maximum_overlap,1,5,1,28,0.03571428571428571
20080413,2008,20130224,2013,greenacre_weighted_power_0175,5,106,exact_maximum_overlap,2,1,6,18,0.3333333333333333
20080413,2008,20130224,2013,greenacre_weighted_power_0175,5,106,exact_maximum_overlap,2,2,12,18,0.6666666666666666
20080413,2008,20130224,2013,greenacre_weighted_power_0175,5,106,exact_maximum_overlap,2,3,0,18,0
20080413,2008,20130224,2013,greenacre_weighted_power_0175,5,106,exact_maximum_overlap,2,4,0,18,0
20080413,2008,20130224,2013,greenacre_weighted_power_0175,5,106,exact_maximum_overlap,2,5,0,18,0
20080413,2008,20130224,2013,greenacre_weighted_power_0175,5,106,exact_maximum_overlap,3,1,0,30,0
20080413,2008,20130224,2013,greenacre_weighted_power_0175,5,106,exact_maximum_overlap,3,2,0,30,0
20080413,2008,20130224,2013,greenacre_weighted_power_0175,5,106,exact_maximum_overlap,3,3,28,30,0.9333333333333333
20080413,2008,20130224,2013,greenacre_weighted_power_0175,5,106,exact_maximum_overlap,3,4,2,30,0.06666666666666667
20080413,2008,20130224,2013,greenacre_weighted_power_0175,5,106,exact_maximum_overlap,3,5,0,30,0
20080413,2008,20130224,2013,greenacre_weighted_power_0175,5,106,exact_maximum_overlap,4,1,0,16,0
20080413,2008,20130224,2013,greenacre_weighted_power_0175,5,106,exact_maximum_overlap,4,2,6,16,0.375
20080413,2008,20130224,2013,greenacre_weighted_power_0175,5,106,exact_maximum_overlap,4,3,0,16,0
20080413,2008,20130224,2013,greenacre_weighted_power_0175,5,106,exact_maximum_overlap,4,4,0,16,0
20080413,2008,20130224,2013,greenacre_weighted_power_0175,5,106,exact_maximum_overlap,4,5,10,16,0.625
20080413,2008,20130224,2013,greenacre_weighted_power_0175,5,106,exact_maximum_overlap,5,1,0,14,0
20080413,2008,20130224,2013,greenacre_weighted_power_0175,5,106,exact_maximum_overlap,5,2,0,14,0
20080413,2008,20130224,2013,greenacre_weighted_power_0175,5,106,exact_maximum_overlap,5,3,1,14,0.07142857142857142
20080413,2008,20130224,2013,greenacre_weighted_power_0175,5,106,exact_maximum_overlap,5,4,0,14,0
20080413,2008,20130224,2013,greenacre_weighted_power_0175,5,106,exact_maximum_overlap,5,5,13,14,0.9285714285714286
20130224,2013,20180304,2018,greenacre_weighted_power_0175,5,106,exact_maximum_overlap,1,1,1,24,0.041666666666666664
20130224,2013,20180304,2018,greenacre_weighted_power_0175,5,106,exact_maximum_overlap,1,2,0,24,0
20130224,2013,20180304,2018,greenacre_weighted_power_0175,5,106,exact_maximum_overlap,1,3,15,24,0.625
20130224,2013,20180304,2018,greenacre_weighted_power_0175,5,106,exact_maximum_overlap,1,4,0,24,0
20130224,2013,20180304,2018,greenacre_weighted_power_0175,5,106,exact_maximum_overlap,1,5,8,24,0.3333333333333333
20130224,2013,20180304,2018,greenacre_weighted_power_0175,5,106,exact_maximum_overlap,2,1,0,2,0
20130224,2013,20180304,2018,greenacre_weighted_power_0175,5,106,exact_maximum_overlap,2,2,1,2,0.5
20130224,2013,20180304,2018,greenacre_weighted_power_0175,5,106,exact_maximum_overlap,2,3,0,2,0
20130224,2013,20180304,2018,greenacre_weighted_power_0175,5,106,exact_maximum_overlap,2,4,1,2,0.5
20130224,2013,20180304,2018,greenacre_weighted_power_0175,5,106,exact_maximum_overlap,2,5,0,2,0
20130224,2013,20180304,2018,greenacre_weighted_power_0175,5,106,exact_maximum_overlap,3,1,3,24,0.125
20130224,2013,20180304,2018,greenacre_weighted_power_0175,5,106,exact_maximum_overlap,3,2,0,24,0
20130224,2013,20180304,2018,greenacre_weighted_power_0175,5,106,exact_maximum_overlap,3,3,19,24,0.7916666666666666
20130224,2013,20180304,2018,greenacre_weighted_power_0175,5,106,exact_maximum_overlap,3,4,2,24,0.08333333333333333
20130224,2013,20180304,2018,greenacre_weighted_power_0175,5,106,exact_maximum_overlap,3,5,0,24,0
20130224,2013,20180304,2018,greenacre_weighted_power_0175,5,106,exact_maximum_overlap,4,1,14,29,0.4827586206896552
20130224,2013,20180304,2018,greenacre_weighted_power_0175,5,106,exact_maximum_overlap,4,2,0,29,0
20130224,2013,20180304,2018,greenacre_weighted_power_0175,5,106,exact_maximum_overlap,4,3,0,29,0
20130224,2013,20180304,2018,greenacre_weighted_power_0175,5,106,exact_maximum_overlap,4,4,15,29,0.5172413793103449
20130224,2013,20180304,2018,greenacre_weighted_power_0175,5,106,exact_maximum_overlap,4,5,0,29,0
20130224,2013,20180304,2018,greenacre_weighted_power_0175,5,106,exact_maximum_overlap,5,1,1,27,0.037037037037037035
20130224,2013,20180304,2018,greenacre_weighted_power_0175,5,106,exact_maximum_overlap,5,2,5,27,0.18518518518518517
20130224,2013,20180304,2018,greenacre_weighted_power_0175,5,106,exact_maximum_overlap,5,3,0,27,0
20130224,2013,20180304,2018,greenacre_weighted_power_0175,5,106,exact_maximum_overlap,5,4,0,27,0
20130224,2013,20180304,2018,greenacre_weighted_power_0175,5,106,exact_maximum_overlap,5,5,21,27,0.7777777777777778
20180304,2018,20220925,2022,greenacre_weighted_power_0175,5,106,exact_maximum_overlap,1,1,24,34,0.7058823529411765
20180304,2018,20220925,2022,greenacre_weighted_power_0175,5,106,exact_maximum_overlap,1,2,0,34,0
20180304,2018,20220925,2022,greenacre_weighted_power_0175,5,106,exact_maximum_overlap,1,3,8,34,0.23529411764705882
20180304,2018,20220925,2022,greenacre_weighted_power_0175,5,106,exact_maximum_overlap,1,4,2,34,0.058823529411764705
20180304,2018,20220925,2022,greenacre_weighted_power_0175,5,106,exact_maximum_overlap,1,5,0,34,0
20180304,2018,20220925,2022,greenacre_weighted_power_0175,5,106,exact_maximum_overlap,2,1,2,18,0.1111111111111111
20180304,2018,20220925,2022,greenacre_weighted_power_0175,5,106,exact_maximum_overlap,2,2,15,18,0.8333333333333334
20180304,2018,20220925,2022,greenacre_weighted_power_0175,5,106,exact_maximum_overlap,2,3,1,18,0.05555555555555555
20180304,2018,20220925,2022,greenacre_weighted_power_0175,5,106,exact_maximum_overlap,2,4,0,18,0
20180304,2018,20220925,2022,greenacre_weighted_power_0175,5,106,exact_maximum_overlap,2,5,0,18,0
20180304,2018,20220925,2022,greenacre_weighted_power_0175,5,106,exact_maximum_overlap,3,1,3,19,0.15789473684210525
20180304,2018,20220925,2022,greenacre_weighted_power_0175,5,106,exact_maximum_overlap,3,2,13,19,0.6842105263157895
20180304,2018,20220925,2022,greenacre_weighted_power_0175,5,106,exact_maximum_overlap,3,3,3,19,0.15789473684210525
20180304,2018,20220925,2022,greenacre_weighted_power_0175,5,106,exact_maximum_overlap,3,4,0,19,0
20180304,2018,20220925,2022,greenacre_weighted_power_0175,5,106,exact_maximum_overlap,3,5,0,19,0
20180304,2018,20220925,2022,greenacre_weighted_power_0175,5,106,exact_maximum_overlap,4,1,0,29,0
20180304,2018,20220925,2022,greenacre_weighted_power_0175,5,106,exact_maximum_overlap,4,2,0,29,0
20180304,2018,20220925,2022,greenacre_weighted_power_0175,5,106,exact_maximum_overlap,4,3,0,29,0
20180304,2018,20220925,2022,greenacre_weighted_power_0175,5,106,exact_maximum_overlap,4,4,17,29,0.5862068965517241
20180304,2018,20220925,2022,greenacre_weighted_power_0175,5,106,exact_maximum_overlap,4,5,12,29,0.41379310344827586
20180304,2018,20220925,2022,greenacre_weighted_power_0175,5,106,exact_maximum_overlap,5,1,0,6,0
20180304,2018,20220925,2022,greenacre_weighted_power_0175,5,106,exact_maximum_overlap,5,2,0,6,0
20180304,2018,20220925,2022,greenacre_weighted_power_0175,5,106,exact_maximum_overlap,5,3,0,6,0
20180304,2018,20220925,2022,greenacre_weighted_power_0175,5,106,exact_maximum_overlap,5,4,5,6,0.8333333333333334
20180304,2018,20220925,2022,greenacre_weighted_power_0175,5,106,exact_maximum_overlap,5,5,1,6,0.16666666666666666
19480418,1948,19530607,1953,greenacre_weighted_power_0175,6,104,exact_maximum_overlap,1,1,13,28,0.4642857142857143
19480418,1948,19530607,1953,greenacre_weighted_power_0175,6,104,exact_maximum_overlap,1,2,0,28,0
19480418,1948,19530607,1953,greenacre_weighted_power_0175,6,104,exact_maximum_overlap,1,3,0,28,0
19480418,1948,19530607,1953,greenacre_weighted_power_0175,6,104,exact_maximum_overlap,1,4,14,28,0.5
19480418,1948,19530607,1953,greenacre_weighted_power_0175,6,104,exact_maximum_overlap,1,5,1,28,0.03571428571428571
19480418,1948,19530607,1953,greenacre_weighted_power_0175,6,104,exact_maximum_overlap,1,6,0,28,0
19480418,1948,19530607,1953,greenacre_weighted_power_0175,6,104,exact_maximum_overlap,2,1,2,6,0.3333333333333333
19480418,1948,19530607,1953,greenacre_weighted_power_0175,6,104,exact_maximum_overlap,2,2,0,6,0
19480418,1948,19530607,1953,greenacre_weighted_power_0175,6,104,exact_maximum_overlap,2,3,1,6,0.16666666666666666
19480418,1948,19530607,1953,greenacre_weighted_power_0175,6,104,exact_maximum_overlap,2,4,2,6,0.3333333333333333
19480418,1948,19530607,1953,greenacre_weighted_power_0175,6,104,exact_maximum_overlap,2,5,0,6,0
19480418,1948,19530607,1953,greenacre_weighted_power_0175,6,104,exact_maximum_overlap,2,6,1,6,0.16666666666666666
19480418,1948,19530607,1953,greenacre_weighted_power_0175,6,104,exact_maximum_overlap,3,1,2,19,0.10526315789473684
19480418,1948,19530607,1953,greenacre_weighted_power_0175,6,104,exact_maximum_overlap,3,2,1,19,0.05263157894736842
19480418,1948,19530607,1953,greenacre_weighted_power_0175,6,104,exact_maximum_overlap,3,3,15,19,0.7894736842105263
19480418,1948,19530607,1953,greenacre_weighted_power_0175,6,104,exact_maximum_overlap,3,4,0,19,0
19480418,1948,19530607,1953,greenacre_weighted_power_0175,6,104,exact_maximum_overlap,3,5,1,19,0.05263157894736842
19480418,1948,19530607,1953,greenacre_weighted_power_0175,6,104,exact_maximum_overlap,3,6,0,19,0
19480418,1948,19530607,1953,greenacre_weighted_power_0175,6,104,exact_maximum_overlap,4,1,2,6,0.3333333333333333
19480418,1948,19530607,1953,greenacre_weighted_power_0175,6,104,exact_maximum_overlap,4,2,0,6,0
19480418,1948,19530607,1953,greenacre_weighted_power_0175,6,104,exact_maximum_overlap,4,3,0,6,0
19480418,1948,19530607,1953,greenacre_weighted_power_0175,6,104,exact_maximum_overlap,4,4,4,6,0.6666666666666666
19480418,1948,19530607,1953,greenacre_weighted_power_0175,6,104,exact_maximum_overlap,4,5,0,6,0
19480418,1948,19530607,1953,greenacre_weighted_power_0175,6,104,exact_maximum_overlap,4,6,0,6,0
19480418,1948,19530607,1953,greenacre_weighted_power_0175,6,104,exact_maximum_overlap,5,1,0,40,0
19480418,1948,19530607,1953,greenacre_weighted_power_0175,6,104,exact_maximum_overlap,5,2,18,40,0.45
19480418,1948,19530607,1953,greenacre_weighted_power_0175,6,104,exact_maximum_overlap,5,3,0,40,0
19480418,1948,19530607,1953,greenacre_weighted_power_0175,6,104,exact_maximum_overlap,5,4,0,40,0
19480418,1948,19530607,1953,greenacre_weighted_power_0175,6,104,exact_maximum_overlap,5,5,20,40,0.5
19480418,1948,19530607,1953,greenacre_weighted_power_0175,6,104,exact_maximum_overlap,5,6,2,40,0.05
19480418,1948,19530607,1953,greenacre_weighted_power_0175,6,104,exact_maximum_overlap,6,1,0,5,0
19480418,1948,19530607,1953,greenacre_weighted_power_0175,6,104,exact_maximum_overlap,6,2,1,5,0.2
19480418,1948,19530607,1953,greenacre_weighted_power_0175,6,104,exact_maximum_overlap,6,3,0,5,0
19480418,1948,19530607,1953,greenacre_weighted_power_0175,6,104,exact_maximum_overlap,6,4,0,5,0
19480418,1948,19530607,1953,greenacre_weighted_power_0175,6,104,exact_maximum_overlap,6,5,0,5,0
19480418,1948,19530607,1953,greenacre_weighted_power_0175,6,104,exact_maximum_overlap,6,6,4,5,0.8
19530607,1953,19580525,1958,greenacre_weighted_power_0175,6,105,exact_maximum_overlap,1,1,15,16,0.9375
19530607,1953,19580525,1958,greenacre_weighted_power_0175,6,105,exact_maximum_overlap,1,2,0,16,0
19530607,1953,19580525,1958,greenacre_weighted_power_0175,6,105,exact_maximum_overlap,1,3,0,16,0
19530607,1953,19580525,1958,greenacre_weighted_power_0175,6,105,exact_maximum_overlap,1,4,1,16,0.0625
19530607,1953,19580525,1958,greenacre_weighted_power_0175,6,105,exact_maximum_overlap,1,5,0,16,0
19530607,1953,19580525,1958,greenacre_weighted_power_0175,6,105,exact_maximum_overlap,1,6,0,16,0
19530607,1953,19580525,1958,greenacre_weighted_power_0175,6,105,exact_maximum_overlap,2,1,0,7,0
19530607,1953,19580525,1958,greenacre_weighted_power_0175,6,105,exact_maximum_overlap,2,2,0,7,0
19530607,1953,19580525,1958,greenacre_weighted_power_0175,6,105,exact_maximum_overlap,2,3,0,7,0
19530607,1953,19580525,1958,greenacre_weighted_power_0175,6,105,exact_maximum_overlap,2,4,2,7,0.2857142857142857
19530607,1953,19580525,1958,greenacre_weighted_power_0175,6,105,exact_maximum_overlap,2,5,3,7,0.42857142857142855
19530607,1953,19580525,1958,greenacre_weighted_power_0175,6,105,exact_maximum_overlap,2,6,2,7,0.2857142857142857
19530607,1953,19580525,1958,greenacre_weighted_power_0175,6,105,exact_maximum_overlap,3,1,0,20,0
19530607,1953,19580525,1958,greenacre_weighted_power_0175,6,105,exact_maximum_overlap,3,2,7,20,0.35
19530607,1953,19580525,1958,greenacre_weighted_power_0175,6,105,exact_maximum_overlap,3,3,12,20,0.6
19530607,1953,19580525,1958,greenacre_weighted_power_0175,6,105,exact_maximum_overlap,3,4,1,20,0.05
19530607,1953,19580525,1958,greenacre_weighted_power_0175,6,105,exact_maximum_overlap,3,5,0,20,0
19530607,1953,19580525,1958,greenacre_weighted_power_0175,6,105,exact_maximum_overlap,3,6,0,20,0
19530607,1953,19580525,1958,greenacre_weighted_power_0175,6,105,exact_maximum_overlap,4,1,1,23,0.043478260869565216
19530607,1953,19580525,1958,greenacre_weighted_power_0175,6,105,exact_maximum_overlap,4,2,1,23,0.043478260869565216
19530607,1953,19580525,1958,greenacre_weighted_power_0175,6,105,exact_maximum_overlap,4,3,0,23,0
19530607,1953,19580525,1958,greenacre_weighted_power_0175,6,105,exact_maximum_overlap,4,4,5,23,0.21739130434782608
19530607,1953,19580525,1958,greenacre_weighted_power_0175,6,105,exact_maximum_overlap,4,5,14,23,0.6086956521739131
19530607,1953,19580525,1958,greenacre_weighted_power_0175,6,105,exact_maximum_overlap,4,6,2,23,0.08695652173913043
19530607,1953,19580525,1958,greenacre_weighted_power_0175,6,105,exact_maximum_overlap,5,1,0,20,0
19530607,1953,19580525,1958,greenacre_weighted_power_0175,6,105,exact_maximum_overlap,5,2,0,20,0
19530607,1953,19580525,1958,greenacre_weighted_power_0175,6,105,exact_maximum_overlap,5,3,0,20,0
19530607,1953,19580525,1958,greenacre_weighted_power_0175,6,105,exact_maximum_overlap,5,4,1,20,0.05
19530607,1953,19580525,1958,greenacre_weighted_power_0175,6,105,exact_maximum_overlap,5,5,18,20,0.9
19530607,1953,19580525,1958,greenacre_weighted_power_0175,6,105,exact_maximum_overlap,5,6,1,20,0.05
19530607,1953,19580525,1958,greenacre_weighted_power_0175,6,105,exact_maximum_overlap,6,1,1,19,0.05263157894736842
19530607,1953,19580525,1958,greenacre_weighted_power_0175,6,105,exact_maximum_overlap,6,2,4,19,0.21052631578947367
19530607,1953,19580525,1958,greenacre_weighted_power_0175,6,105,exact_maximum_overlap,6,3,2,19,0.10526315789473684
19530607,1953,19580525,1958,greenacre_weighted_power_0175,6,105,exact_maximum_overlap,6,4,1,19,0.05263157894736842
19530607,1953,19580525,1958,greenacre_weighted_power_0175,6,105,exact_maximum_overlap,6,5,0,19,0
19530607,1953,19580525,1958,greenacre_weighted_power_0175,6,105,exact_maximum_overlap,6,6,11,19,0.5789473684210527
19580525,1958,19630428,1963,greenacre_weighted_power_0175,6,106,exact_maximum_overlap,1,1,9,17,0.5294117647058824
19580525,1958,19630428,1963,greenacre_weighted_power_0175,6,106,exact_maximum_overlap,1,2,7,17,0.4117647058823529
19580525,1958,19630428,1963,greenacre_weighted_power_0175,6,106,exact_maximum_overlap,1,3,0,17,0
19580525,1958,19630428,1963,greenacre_weighted_power_0175,6,106,exact_maximum_overlap,1,4,1,17,0.058823529411764705
19580525,1958,19630428,1963,greenacre_weighted_power_0175,6,106,exact_maximum_overlap,1,5,0,17,0
19580525,1958,19630428,1963,greenacre_weighted_power_0175,6,106,exact_maximum_overlap,1,6,0,17,0
19580525,1958,19630428,1963,greenacre_weighted_power_0175,6,106,exact_maximum_overlap,2,1,1,11,0.09090909090909091
19580525,1958,19630428,1963,greenacre_weighted_power_0175,6,106,exact_maximum_overlap,2,2,2,11,0.18181818181818182
19580525,1958,19630428,1963,greenacre_weighted_power_0175,6,106,exact_maximum_overlap,2,3,3,11,0.2727272727272727
19580525,1958,19630428,1963,greenacre_weighted_power_0175,6,106,exact_maximum_overlap,2,4,1,11,0.09090909090909091
19580525,1958,19630428,1963,greenacre_weighted_power_0175,6,106,exact_maximum_overlap,2,5,4,11,0.36363636363636365
19580525,1958,19630428,1963,greenacre_weighted_power_0175,6,106,exact_maximum_overlap,2,6,0,11,0
19580525,1958,19630428,1963,greenacre_weighted_power_0175,6,106,exact_maximum_overlap,3,1,0,12,0
19580525,1958,19630428,1963,greenacre_weighted_power_0175,6,106,exact_maximum_overlap,3,2,0,12,0
19580525,1958,19630428,1963,greenacre_weighted_power_0175,6,106,exact_maximum_overlap,3,3,2,12,0.16666666666666666
19580525,1958,19630428,1963,greenacre_weighted_power_0175,6,106,exact_maximum_overlap,3,4,4,12,0.3333333333333333
19580525,1958,19630428,1963,greenacre_weighted_power_0175,6,106,exact_maximum_overlap,3,5,1,12,0.08333333333333333
19580525,1958,19630428,1963,greenacre_weighted_power_0175,6,106,exact_maximum_overlap,3,6,5,12,0.4166666666666667
19580525,1958,19630428,1963,greenacre_weighted_power_0175,6,106,exact_maximum_overlap,4,1,2,17,0.11764705882352941
19580525,1958,19630428,1963,greenacre_weighted_power_0175,6,106,exact_maximum_overlap,4,2,0,17,0
19580525,1958,19630428,1963,greenacre_weighted_power_0175,6,106,exact_maximum_overlap,4,3,2,17,0.11764705882352941
19580525,1958,19630428,1963,greenacre_weighted_power_0175,6,106,exact_maximum_overlap,4,4,11,17,0.6470588235294118
19580525,1958,19630428,1963,greenacre_weighted_power_0175,6,106,exact_maximum_overlap,4,5,2,17,0.11764705882352941
19580525,1958,19630428,1963,greenacre_weighted_power_0175,6,106,exact_maximum_overlap,4,6,0,17,0
19580525,1958,19630428,1963,greenacre_weighted_power_0175,6,106,exact_maximum_overlap,5,1,0,35,0
19580525,1958,19630428,1963,greenacre_weighted_power_0175,6,106,exact_maximum_overlap,5,2,0,35,0
19580525,1958,19630428,1963,greenacre_weighted_power_0175,6,106,exact_maximum_overlap,5,3,0,35,0
19580525,1958,19630428,1963,greenacre_weighted_power_0175,6,106,exact_maximum_overlap,5,4,2,35,0.05714285714285714
19580525,1958,19630428,1963,greenacre_weighted_power_0175,6,106,exact_maximum_overlap,5,5,33,35,0.9428571428571428
19580525,1958,19630428,1963,greenacre_weighted_power_0175,6,106,exact_maximum_overlap,5,6,0,35,0
19580525,1958,19630428,1963,greenacre_weighted_power_0175,6,106,exact_maximum_overlap,6,1,0,14,0
19580525,1958,19630428,1963,greenacre_weighted_power_0175,6,106,exact_maximum_overlap,6,2,0,14,0
19580525,1958,19630428,1963,greenacre_weighted_power_0175,6,106,exact_maximum_overlap,6,3,2,14,0.14285714285714285
19580525,1958,19630428,1963,greenacre_weighted_power_0175,6,106,exact_maximum_overlap,6,4,2,14,0.14285714285714285
19580525,1958,19630428,1963,greenacre_weighted_power_0175,6,106,exact_maximum_overlap,6,5,0,14,0
19580525,1958,19630428,1963,greenacre_weighted_power_0175,6,106,exact_maximum_overlap,6,6,10,14,0.7142857142857143
19630428,1963,19680519,1968,greenacre_weighted_power_0175,6,106,exact_maximum_overlap,1,1,14,21,0.6666666666666666
19630428,1963,19680519,1968,greenacre_weighted_power_0175,6,106,exact_maximum_overlap,1,2,5,21,0.23809523809523808
19630428,1963,19680519,1968,greenacre_weighted_power_0175,6,106,exact_maximum_overlap,1,3,1,21,0.047619047619047616
19630428,1963,19680519,1968,greenacre_weighted_power_0175,6,106,exact_maximum_overlap,1,4,0,21,0
19630428,1963,19680519,1968,greenacre_weighted_power_0175,6,106,exact_maximum_overlap,1,5,0,21,0
19630428,1963,19680519,1968,greenacre_weighted_power_0175,6,106,exact_maximum_overlap,1,6,1,21,0.047619047619047616
19630428,1963,19680519,1968,greenacre_weighted_power_0175,6,106,exact_maximum_overlap,2,1,0,15,0
19630428,1963,19680519,1968,greenacre_weighted_power_0175,6,106,exact_maximum_overlap,2,2,7,15,0.4666666666666667
19630428,1963,19680519,1968,greenacre_weighted_power_0175,6,106,exact_maximum_overlap,2,3,0,15,0
19630428,1963,19680519,1968,greenacre_weighted_power_0175,6,106,exact_maximum_overlap,2,4,0,15,0
19630428,1963,19680519,1968,greenacre_weighted_power_0175,6,106,exact_maximum_overlap,2,5,8,15,0.5333333333333333
19630428,1963,19680519,1968,greenacre_weighted_power_0175,6,106,exact_maximum_overlap,2,6,0,15,0
19630428,1963,19680519,1968,greenacre_weighted_power_0175,6,106,exact_maximum_overlap,3,1,1,40,0.025
19630428,1963,19680519,1968,greenacre_weighted_power_0175,6,106,exact_maximum_overlap,3,2,0,40,0
19630428,1963,19680519,1968,greenacre_weighted_power_0175,6,106,exact_maximum_overlap,3,3,27,40,0.675
19630428,1963,19680519,1968,greenacre_weighted_power_0175,6,106,exact_maximum_overlap,3,4,0,40,0
19630428,1963,19680519,1968,greenacre_weighted_power_0175,6,106,exact_maximum_overlap,3,5,4,40,0.1
19630428,1963,19680519,1968,greenacre_weighted_power_0175,6,106,exact_maximum_overlap,3,6,8,40,0.2
19630428,1963,19680519,1968,greenacre_weighted_power_0175,6,106,exact_maximum_overlap,4,1,0,9,0
19630428,1963,19680519,1968,greenacre_weighted_power_0175,6,106,exact_maximum_overlap,4,2,0,9,0
19630428,1963,19680519,1968,greenacre_weighted_power_0175,6,106,exact_maximum_overlap,4,3,0,9,0
19630428,1963,19680519,1968,greenacre_weighted_power_0175,6,106,exact_maximum_overlap,4,4,6,9,0.6666666666666666
19630428,1963,19680519,1968,greenacre_weighted_power_0175,6,106,exact_maximum_overlap,4,5,0,9,0
19630428,1963,19680519,1968,greenacre_weighted_power_0175,6,106,exact_maximum_overlap,4,6,3,9,0.3333333333333333
19630428,1963,19680519,1968,greenacre_weighted_power_0175,6,106,exact_maximum_overlap,5,1,0,9,0
19630428,1963,19680519,1968,greenacre_weighted_power_0175,6,106,exact_maximum_overlap,5,2,0,9,0
19630428,1963,19680519,1968,greenacre_weighted_power_0175,6,106,exact_maximum_overlap,5,3,2,9,0.2222222222222222
19630428,1963,19680519,1968,greenacre_weighted_power_0175,6,106,exact_maximum_overlap,5,4,1,9,0.1111111111111111
19630428,1963,19680519,1968,greenacre_weighted_power_0175,6,106,exact_maximum_overlap,5,5,5,9,0.5555555555555556
19630428,1963,19680519,1968,greenacre_weighted_power_0175,6,106,exact_maximum_overlap,5,6,1,9,0.1111111111111111
19630428,1963,19680519,1968,greenacre_weighted_power_0175,6,106,exact_maximum_overlap,6,1,0,12,0
19630428,1963,19680519,1968,greenacre_weighted_power_0175,6,106,exact_maximum_overlap,6,2,0,12,0
19630428,1963,19680519,1968,greenacre_weighted_power_0175,6,106,exact_maximum_overlap,6,3,0,12,0
19630428,1963,19680519,1968,greenacre_weighted_power_0175,6,106,exact_maximum_overlap,6,4,7,12,0.5833333333333334
19630428,1963,19680519,1968,greenacre_weighted_power_0175,6,106,exact_maximum_overlap,6,5,0,12,0
19630428,1963,19680519,1968,greenacre_weighted_power_0175,6,106,exact_maximum_overlap,6,6,5,12,0.4166666666666667
19680519,1968,19720507,1972,greenacre_weighted_power_0175,6,106,exact_maximum_overlap,1,1,5,18,0.2777777777777778
19680519,1968,19720507,1972,greenacre_weighted_power_0175,6,106,exact_maximum_overlap,1,2,0,18,0
19680519,1968,19720507,1972,greenacre_weighted_power_0175,6,106,exact_maximum_overlap,1,3,8,18,0.4444444444444444
19680519,1968,19720507,1972,greenacre_weighted_power_0175,6,106,exact_maximum_overlap,1,4,0,18,0
19680519,1968,19720507,1972,greenacre_weighted_power_0175,6,106,exact_maximum_overlap,1,5,3,18,0.16666666666666666
19680519,1968,19720507,1972,greenacre_weighted_power_0175,6,106,exact_maximum_overlap,1,6,2,18,0.1111111111111111
19680519,1968,19720507,1972,greenacre_weighted_power_0175,6,106,exact_maximum_overlap,2,1,1,15,0.06666666666666667
19680519,1968,19720507,1972,greenacre_weighted_power_0175,6,106,exact_maximum_overlap,2,2,12,15,0.8
19680519,1968,19720507,1972,greenacre_weighted_power_0175,6,106,exact_maximum_overlap,2,3,0,15,0
19680519,1968,19720507,1972,greenacre_weighted_power_0175,6,106,exact_maximum_overlap,2,4,0,15,0
19680519,1968,19720507,1972,greenacre_weighted_power_0175,6,106,exact_maximum_overlap,2,5,2,15,0.13333333333333333
19680519,1968,19720507,1972,greenacre_weighted_power_0175,6,106,exact_maximum_overlap,2,6,0,15,0
19680519,1968,19720507,1972,greenacre_weighted_power_0175,6,106,exact_maximum_overlap,3,1,4,14,0.2857142857142857
19680519,1968,19720507,1972,greenacre_weighted_power_0175,6,106,exact_maximum_overlap,3,2,0,14,0
19680519,1968,19720507,1972,greenacre_weighted_power_0175,6,106,exact_maximum_overlap,3,3,8,14,0.5714285714285714
19680519,1968,19720507,1972,greenacre_weighted_power_0175,6,106,exact_maximum_overlap,3,4,0,14,0
19680519,1968,19720507,1972,greenacre_weighted_power_0175,6,106,exact_maximum_overlap,3,5,0,14,0
19680519,1968,19720507,1972,greenacre_weighted_power_0175,6,106,exact_maximum_overlap,3,6,2,14,0.14285714285714285
19680519,1968,19720507,1972,greenacre_weighted_power_0175,6,106,exact_maximum_overlap,4,1,4,17,0.23529411764705882
19680519,1968,19720507,1972,greenacre_weighted_power_0175,6,106,exact_maximum_overlap,4,2,1,17,0.058823529411764705
19680519,1968,19720507,1972,greenacre_weighted_power_0175,6,106,exact_maximum_overlap,4,3,0,17,0
19680519,1968,19720507,1972,greenacre_weighted_power_0175,6,106,exact_maximum_overlap,4,4,11,17,0.6470588235294118
19680519,1968,19720507,1972,greenacre_weighted_power_0175,6,106,exact_maximum_overlap,4,5,1,17,0.058823529411764705
19680519,1968,19720507,1972,greenacre_weighted_power_0175,6,106,exact_maximum_overlap,4,6,0,17,0
19680519,1968,19720507,1972,greenacre_weighted_power_0175,6,106,exact_maximum_overlap,5,1,1,12,0.08333333333333333
19680519,1968,19720507,1972,greenacre_weighted_power_0175,6,106,exact_maximum_overlap,5,2,4,12,0.3333333333333333
19680519,1968,19720507,1972,greenacre_weighted_power_0175,6,106,exact_maximum_overlap,5,3,0,12,0
19680519,1968,19720507,1972,greenacre_weighted_power_0175,6,106,exact_maximum_overlap,5,4,7,12,0.5833333333333334
19680519,1968,19720507,1972,greenacre_weighted_power_0175,6,106,exact_maximum_overlap,5,5,0,12,0
19680519,1968,19720507,1972,greenacre_weighted_power_0175,6,106,exact_maximum_overlap,5,6,0,12,0
19680519,1968,19720507,1972,greenacre_weighted_power_0175,6,106,exact_maximum_overlap,6,1,5,30,0.16666666666666666
19680519,1968,19720507,1972,greenacre_weighted_power_0175,6,106,exact_maximum_overlap,6,2,1,30,0.03333333333333333
19680519,1968,19720507,1972,greenacre_weighted_power_0175,6,106,exact_maximum_overlap,6,3,0,30,0
19680519,1968,19720507,1972,greenacre_weighted_power_0175,6,106,exact_maximum_overlap,6,4,0,30,0
19680519,1968,19720507,1972,greenacre_weighted_power_0175,6,106,exact_maximum_overlap,6,5,12,30,0.4
19680519,1968,19720507,1972,greenacre_weighted_power_0175,6,106,exact_maximum_overlap,6,6,12,30,0.4
19720507,1972,19760620,1976,greenacre_weighted_power_0175,6,106,exact_maximum_overlap,1,1,12,18,0.6666666666666666
19720507,1972,19760620,1976,greenacre_weighted_power_0175,6,106,exact_maximum_overlap,1,2,0,18,0
19720507,1972,19760620,1976,greenacre_weighted_power_0175,6,106,exact_maximum_overlap,1,3,0,18,0
19720507,1972,19760620,1976,greenacre_weighted_power_0175,6,106,exact_maximum_overlap,1,4,6,18,0.3333333333333333
19720507,1972,19760620,1976,greenacre_weighted_power_0175,6,106,exact_maximum_overlap,1,5,0,18,0
19720507,1972,19760620,1976,greenacre_weighted_power_0175,6,106,exact_maximum_overlap,1,6,0,18,0
19720507,1972,19760620,1976,greenacre_weighted_power_0175,6,106,exact_maximum_overlap,2,1,0,16,0
19720507,1972,19760620,1976,greenacre_weighted_power_0175,6,106,exact_maximum_overlap,2,2,11,16,0.6875
19720507,1972,19760620,1976,greenacre_weighted_power_0175,6,106,exact_maximum_overlap,2,3,5,16,0.3125
19720507,1972,19760620,1976,greenacre_weighted_power_0175,6,106,exact_maximum_overlap,2,4,0,16,0
19720507,1972,19760620,1976,greenacre_weighted_power_0175,6,106,exact_maximum_overlap,2,5,0,16,0
19720507,1972,19760620,1976,greenacre_weighted_power_0175,6,106,exact_maximum_overlap,2,6,0,16,0
19720507,1972,19760620,1976,greenacre_weighted_power_0175,6,106,exact_maximum_overlap,3,1,4,20,0.2
19720507,1972,19760620,1976,greenacre_weighted_power_0175,6,106,exact_maximum_overlap,3,2,4,20,0.2
19720507,1972,19760620,1976,greenacre_weighted_power_0175,6,106,exact_maximum_overlap,3,3,1,20,0.05
19720507,1972,19760620,1976,greenacre_weighted_power_0175,6,106,exact_maximum_overlap,3,4,7,20,0.35
19720507,1972,19760620,1976,greenacre_weighted_power_0175,6,106,exact_maximum_overlap,3,5,1,20,0.05
19720507,1972,19760620,1976,greenacre_weighted_power_0175,6,106,exact_maximum_overlap,3,6,3,20,0.15
19720507,1972,19760620,1976,greenacre_weighted_power_0175,6,106,exact_maximum_overlap,4,1,6,16,0.375
19720507,1972,19760620,1976,greenacre_weighted_power_0175,6,106,exact_maximum_overlap,4,2,0,16,0
19720507,1972,19760620,1976,greenacre_weighted_power_0175,6,106,exact_maximum_overlap,4,3,0,16,0
19720507,1972,19760620,1976,greenacre_weighted_power_0175,6,106,exact_maximum_overlap,4,4,10,16,0.625
19720507,1972,19760620,1976,greenacre_weighted_power_0175,6,106,exact_maximum_overlap,4,5,0,16,0
19720507,1972,19760620,1976,greenacre_weighted_power_0175,6,106,exact_maximum_overlap,4,6,0,16,0
19720507,1972,19760620,1976,greenacre_weighted_power_0175,6,106,exact_maximum_overlap,5,1,0,18,0
19720507,1972,19760620,1976,greenacre_weighted_power_0175,6,106,exact_maximum_overlap,5,2,0,18,0
19720507,1972,19760620,1976,greenacre_weighted_power_0175,6,106,exact_maximum_overlap,5,3,0,18,0
19720507,1972,19760620,1976,greenacre_weighted_power_0175,6,106,exact_maximum_overlap,5,4,0,18,0
19720507,1972,19760620,1976,greenacre_weighted_power_0175,6,106,exact_maximum_overlap,5,5,11,18,0.6111111111111112
19720507,1972,19760620,1976,greenacre_weighted_power_0175,6,106,exact_maximum_overlap,5,6,7,18,0.3888888888888889
19720507,1972,19760620,1976,greenacre_weighted_power_0175,6,106,exact_maximum_overlap,6,1,0,18,0
19720507,1972,19760620,1976,greenacre_weighted_power_0175,6,106,exact_maximum_overlap,6,2,0,18,0
19720507,1972,19760620,1976,greenacre_weighted_power_0175,6,106,exact_maximum_overlap,6,3,0,18,0
19720507,1972,19760620,1976,greenacre_weighted_power_0175,6,106,exact_maximum_overlap,6,4,0,18,0
19720507,1972,19760620,1976,greenacre_weighted_power_0175,6,106,exact_maximum_overlap,6,5,6,18,0.3333333333333333
19720507,1972,19760620,1976,greenacre_weighted_power_0175,6,106,exact_maximum_overlap,6,6,12,18,0.6666666666666666
19760620,1976,19790603,1979,greenacre_weighted_power_0175,6,106,exact_maximum_overlap,1,1,11,23,0.4782608695652174
19760620,1976,19790603,1979,greenacre_weighted_power_0175,6,106,exact_maximum_overlap,1,2,7,23,0.30434782608695654
19760620,1976,19790603,1979,greenacre_weighted_power_0175,6,106,exact_maximum_overlap,1,3,0,23,0
19760620,1976,19790603,1979,greenacre_weighted_power_0175,6,106,exact_maximum_overlap,1,4,0,23,0
19760620,1976,19790603,1979,greenacre_weighted_power_0175,6,106,exact_maximum_overlap,1,5,0,23,0
19760620,1976,19790603,1979,greenacre_weighted_power_0175,6,106,exact_maximum_overlap,1,6,5,23,0.21739130434782608
19760620,1976,19790603,1979,greenacre_weighted_power_0175,6,106,exact_maximum_overlap,2,1,12,22,0.5454545454545454
19760620,1976,19790603,1979,greenacre_weighted_power_0175,6,106,exact_maximum_overlap,2,2,8,22,0.36363636363636365
19760620,1976,19790603,1979,greenacre_weighted_power_0175,6,106,exact_maximum_overlap,2,3,0,22,0
19760620,1976,19790603,1979,greenacre_weighted_power_0175,6,106,exact_maximum_overlap,2,4,1,22,0.045454545454545456
19760620,1976,19790603,1979,greenacre_weighted_power_0175,6,106,exact_maximum_overlap,2,5,0,22,0
19760620,1976,19790603,1979,greenacre_weighted_power_0175,6,106,exact_maximum_overlap,2,6,1,22,0.045454545454545456
19760620,1976,19790603,1979,greenacre_weighted_power_0175,6,106,exact_maximum_overlap,3,1,0,15,0
19760620,1976,19790603,1979,greenacre_weighted_power_0175,6,106,exact_maximum_overlap,3,2,2,15,0.13333333333333333
19760620,1976,19790603,1979,greenacre_weighted_power_0175,6,106,exact_maximum_overlap,3,3,11,15,0.7333333333333333
19760620,1976,19790603,1979,greenacre_weighted_power_0175,6,106,exact_maximum_overlap,3,4,2,15,0.13333333333333333
19760620,1976,19790603,1979,greenacre_weighted_power_0175,6,106,exact_maximum_overlap,3,5,0,15,0
19760620,1976,19790603,1979,greenacre_weighted_power_0175,6,106,exact_maximum_overlap,3,6,0,15,0
19760620,1976,19790603,1979,greenacre_weighted_power_0175,6,106,exact_maximum_overlap,4,1,0,22,0
19760620,1976,19790603,1979,greenacre_weighted_power_0175,6,106,exact_maximum_overlap,4,2,0,22,0
19760620,1976,19790603,1979,greenacre_weighted_power_0175,6,106,exact_maximum_overlap,4,3,1,22,0.045454545454545456
19760620,1976,19790603,1979,greenacre_weighted_power_0175,6,106,exact_maximum_overlap,4,4,13,22,0.5909090909090909
19760620,1976,19790603,1979,greenacre_weighted_power_0175,6,106,exact_maximum_overlap,4,5,8,22,0.36363636363636365
19760620,1976,19790603,1979,greenacre_weighted_power_0175,6,106,exact_maximum_overlap,4,6,0,22,0
19760620,1976,19790603,1979,greenacre_weighted_power_0175,6,106,exact_maximum_overlap,5,1,0,18,0
19760620,1976,19790603,1979,greenacre_weighted_power_0175,6,106,exact_maximum_overlap,5,2,1,18,0.05555555555555555
19760620,1976,19790603,1979,greenacre_weighted_power_0175,6,106,exact_maximum_overlap,5,3,0,18,0
19760620,1976,19790603,1979,greenacre_weighted_power_0175,6,106,exact_maximum_overlap,5,4,6,18,0.3333333333333333
19760620,1976,19790603,1979,greenacre_weighted_power_0175,6,106,exact_maximum_overlap,5,5,11,18,0.6111111111111112
19760620,1976,19790603,1979,greenacre_weighted_power_0175,6,106,exact_maximum_overlap,5,6,0,18,0
19760620,1976,19790603,1979,greenacre_weighted_power_0175,6,106,exact_maximum_overlap,6,1,0,6,0
19760620,1976,19790603,1979,greenacre_weighted_power_0175,6,106,exact_maximum_overlap,6,2,0,6,0
19760620,1976,19790603,1979,greenacre_weighted_power_0175,6,106,exact_maximum_overlap,6,3,1,6,0.16666666666666666
19760620,1976,19790603,1979,greenacre_weighted_power_0175,6,106,exact_maximum_overlap,6,4,0,6,0
19760620,1976,19790603,1979,greenacre_weighted_power_0175,6,106,exact_maximum_overlap,6,5,0,6,0
19760620,1976,19790603,1979,greenacre_weighted_power_0175,6,106,exact_maximum_overlap,6,6,5,6,0.8333333333333334
19790603,1979,19830626,1983,greenacre_weighted_power_0175,6,106,exact_maximum_overlap,1,1,14,22,0.6363636363636364
19790603,1979,19830626,1983,greenacre_weighted_power_0175,6,106,exact_maximum_overlap,1,2,2,22,0.09090909090909091
19790603,1979,19830626,1983,greenacre_weighted_power_0175,6,106,exact_maximum_overlap,1,3,0,22,0
19790603,1979,19830626,1983,greenacre_weighted_power_0175,6,106,exact_maximum_overlap,1,4,1,22,0.045454545454545456
19790603,1979,19830626,1983,greenacre_weighted_power_0175,6,106,exact_maximum_overlap,1,5,5,22,0.22727272727272727
19790603,1979,19830626,1983,greenacre_weighted_power_0175,6,106,exact_maximum_overlap,1,6,0,22,0
19790603,1979,19830626,1983,greenacre_weighted_power_0175,6,106,exact_maximum_overlap,2,1,1,11,0.09090909090909091
19790603,1979,19830626,1983,greenacre_weighted_power_0175,6,106,exact_maximum_overlap,2,2,5,11,0.45454545454545453
19790603,1979,19830626,1983,greenacre_weighted_power_0175,6,106,exact_maximum_overlap,2,3,0,11,0
19790603,1979,19830626,1983,greenacre_weighted_power_0175,6,106,exact_maximum_overlap,2,4,0,11,0
19790603,1979,19830626,1983,greenacre_weighted_power_0175,6,106,exact_maximum_overlap,2,5,5,11,0.45454545454545453
19790603,1979,19830626,1983,greenacre_weighted_power_0175,6,106,exact_maximum_overlap,2,6,0,11,0
19790603,1979,19830626,1983,greenacre_weighted_power_0175,6,106,exact_maximum_overlap,3,1,0,23,0
19790603,1979,19830626,1983,greenacre_weighted_power_0175,6,106,exact_maximum_overlap,3,2,0,23,0
19790603,1979,19830626,1983,greenacre_weighted_power_0175,6,106,exact_maximum_overlap,3,3,16,23,0.6956521739130435
19790603,1979,19830626,1983,greenacre_weighted_power_0175,6,106,exact_maximum_overlap,3,4,0,23,0
19790603,1979,19830626,1983,greenacre_weighted_power_0175,6,106,exact_maximum_overlap,3,5,3,23,0.13043478260869565
19790603,1979,19830626,1983,greenacre_weighted_power_0175,6,106,exact_maximum_overlap,3,6,4,23,0.17391304347826086
19790603,1979,19830626,1983,greenacre_weighted_power_0175,6,106,exact_maximum_overlap,4,1,0,19,0
19790603,1979,19830626,1983,greenacre_weighted_power_0175,6,106,exact_maximum_overlap,4,2,0,19,0
19790603,1979,19830626,1983,greenacre_weighted_power_0175,6,106,exact_maximum_overlap,4,3,0,19,0
19790603,1979,19830626,1983,greenacre_weighted_power_0175,6,106,exact_maximum_overlap,4,4,15,19,0.7894736842105263
19790603,1979,19830626,1983,greenacre_weighted_power_0175,6,106,exact_maximum_overlap,4,5,2,19,0.10526315789473684
19790603,1979,19830626,1983,greenacre_weighted_power_0175,6,106,exact_maximum_overlap,4,6,2,19,0.10526315789473684
19790603,1979,19830626,1983,greenacre_weighted_power_0175,6,106,exact_maximum_overlap,5,1,3,13,0.23076923076923078
19790603,1979,19830626,1983,greenacre_weighted_power_0175,6,106,exact_maximum_overlap,5,2,4,13,0.3076923076923077
19790603,1979,19830626,1983,greenacre_weighted_power_0175,6,106,exact_maximum_overlap,5,3,1,13,0.07692307692307693
19790603,1979,19830626,1983,greenacre_weighted_power_0175,6,106,exact_maximum_overlap,5,4,0,13,0
19790603,1979,19830626,1983,greenacre_weighted_power_0175,6,106,exact_maximum_overlap,5,5,5,13,0.38461538461538464
19790603,1979,19830626,1983,greenacre_weighted_power_0175,6,106,exact_maximum_overlap,5,6,0,13,0
19790603,1979,19830626,1983,greenacre_weighted_power_0175,6,106,exact_maximum_overlap,6,1,5,18,0.2777777777777778
19790603,1979,19830626,1983,greenacre_weighted_power_0175,6,106,exact_maximum_overlap,6,2,0,18,0
19790603,1979,19830626,1983,greenacre_weighted_power_0175,6,106,exact_maximum_overlap,6,3,5,18,0.2777777777777778
19790603,1979,19830626,1983,greenacre_weighted_power_0175,6,106,exact_maximum_overlap,6,4,1,18,0.05555555555555555
19790603,1979,19830626,1983,greenacre_weighted_power_0175,6,106,exact_maximum_overlap,6,5,1,18,0.05555555555555555
19790603,1979,19830626,1983,greenacre_weighted_power_0175,6,106,exact_maximum_overlap,6,6,6,18,0.3333333333333333
19830626,1983,19870614,1987,greenacre_weighted_power_0175,6,106,exact_maximum_overlap,1,1,14,17,0.8235294117647058
19830626,1983,19870614,1987,greenacre_weighted_power_0175,6,106,exact_maximum_overlap,1,2,0,17,0
19830626,1983,19870614,1987,greenacre_weighted_power_0175,6,106,exact_maximum_overlap,1,3,0,17,0
19830626,1983,19870614,1987,greenacre_weighted_power_0175,6,106,exact_maximum_overlap,1,4,0,17,0
19830626,1983,19870614,1987,greenacre_weighted_power_0175,6,106,exact_maximum_overlap,1,5,0,17,0
19830626,1983,19870614,1987,greenacre_weighted_power_0175,6,106,exact_maximum_overlap,1,6,3,17,0.17647058823529413
19830626,1983,19870614,1987,greenacre_weighted_power_0175,6,106,exact_maximum_overlap,2,1,0,11,0
19830626,1983,19870614,1987,greenacre_weighted_power_0175,6,106,exact_maximum_overlap,2,2,5,11,0.45454545454545453
19830626,1983,19870614,1987,greenacre_weighted_power_0175,6,106,exact_maximum_overlap,2,3,0,11,0
19830626,1983,19870614,1987,greenacre_weighted_power_0175,6,106,exact_maximum_overlap,2,4,4,11,0.36363636363636365
19830626,1983,19870614,1987,greenacre_weighted_power_0175,6,106,exact_maximum_overlap,2,5,0,11,0
19830626,1983,19870614,1987,greenacre_weighted_power_0175,6,106,exact_maximum_overlap,2,6,2,11,0.18181818181818182
19830626,1983,19870614,1987,greenacre_weighted_power_0175,6,106,exact_maximum_overlap,3,1,0,23,0
19830626,1983,19870614,1987,greenacre_weighted_power_0175,6,106,exact_maximum_overlap,3,2,0,23,0
19830626,1983,19870614,1987,greenacre_weighted_power_0175,6,106,exact_maximum_overlap,3,3,13,23,0.5652173913043478
19830626,1983,19870614,1987,greenacre_weighted_power_0175,6,106,exact_maximum_overlap,3,4,4,23,0.17391304347826086
19830626,1983,19870614,1987,greenacre_weighted_power_0175,6,106,exact_maximum_overlap,3,5,0,23,0
19830626,1983,19870614,1987,greenacre_weighted_power_0175,6,106,exact_maximum_overlap,3,6,6,23,0.2608695652173913
19830626,1983,19870614,1987,greenacre_weighted_power_0175,6,106,exact_maximum_overlap,4,1,2,21,0.09523809523809523
19830626,1983,19870614,1987,greenacre_weighted_power_0175,6,106,exact_maximum_overlap,4,2,0,21,0
19830626,1983,19870614,1987,greenacre_weighted_power_0175,6,106,exact_maximum_overlap,4,3,4,21,0.19047619047619047
19830626,1983,19870614,1987,greenacre_weighted_power_0175,6,106,exact_maximum_overlap,4,4,6,21,0.2857142857142857
19830626,1983,19870614,1987,greenacre_weighted_power_0175,6,106,exact_maximum_overlap,4,5,4,21,0.19047619047619047
19830626,1983,19870614,1987,greenacre_weighted_power_0175,6,106,exact_maximum_overlap,4,6,5,21,0.23809523809523808
19830626,1983,19870614,1987,greenacre_weighted_power_0175,6,106,exact_maximum_overlap,5,1,0,22,0
19830626,1983,19870614,1987,greenacre_weighted_power_0175,6,106,exact_maximum_overlap,5,2,0,22,0
19830626,1983,19870614,1987,greenacre_weighted_power_0175,6,106,exact_maximum_overlap,5,3,0,22,0
19830626,1983,19870614,1987,greenacre_weighted_power_0175,6,106,exact_maximum_overlap,5,4,1,22,0.045454545454545456
19830626,1983,19870614,1987,greenacre_weighted_power_0175,6,106,exact_maximum_overlap,5,5,20,22,0.9090909090909091
19830626,1983,19870614,1987,greenacre_weighted_power_0175,6,106,exact_maximum_overlap,5,6,1,22,0.045454545454545456
19830626,1983,19870614,1987,greenacre_weighted_power_0175,6,106,exact_maximum_overlap,6,1,2,12,0.16666666666666666
19830626,1983,19870614,1987,greenacre_weighted_power_0175,6,106,exact_maximum_overlap,6,2,0,12,0
19830626,1983,19870614,1987,greenacre_weighted_power_0175,6,106,exact_maximum_overlap,6,3,0,12,0
19830626,1983,19870614,1987,greenacre_weighted_power_0175,6,106,exact_maximum_overlap,6,4,0,12,0
19830626,1983,19870614,1987,greenacre_weighted_power_0175,6,106,exact_maximum_overlap,6,5,7,12,0.5833333333333334
19830626,1983,19870614,1987,greenacre_weighted_power_0175,6,106,exact_maximum_overlap,6,6,3,12,0.25
19870614,1987,19920405,1992,greenacre_weighted_power_0175,6,106,exact_maximum_overlap,1,1,5,5,1
19870614,1987,19920405,1992,greenacre_weighted_power_0175,6,106,exact_maximum_overlap,1,2,0,5,0
19870614,1987,19920405,1992,greenacre_weighted_power_0175,6,106,exact_maximum_overlap,1,3,0,5,0
19870614,1987,19920405,1992,greenacre_weighted_power_0175,6,106,exact_maximum_overlap,1,4,0,5,0
19870614,1987,19920405,1992,greenacre_weighted_power_0175,6,106,exact_maximum_overlap,1,5,0,5,0
19870614,1987,19920405,1992,greenacre_weighted_power_0175,6,106,exact_maximum_overlap,1,6,0,5,0
19870614,1987,19920405,1992,greenacre_weighted_power_0175,6,106,exact_maximum_overlap,2,1,0,18,0
19870614,1987,19920405,1992,greenacre_weighted_power_0175,6,106,exact_maximum_overlap,2,2,16,18,0.8888888888888888
19870614,1987,19920405,1992,greenacre_weighted_power_0175,6,106,exact_maximum_overlap,2,3,0,18,0
19870614,1987,19920405,1992,greenacre_weighted_power_0175,6,106,exact_maximum_overlap,2,4,0,18,0
19870614,1987,19920405,1992,greenacre_weighted_power_0175,6,106,exact_maximum_overlap,2,5,0,18,0
19870614,1987,19920405,1992,greenacre_weighted_power_0175,6,106,exact_maximum_overlap,2,6,2,18,0.1111111111111111
19870614,1987,19920405,1992,greenacre_weighted_power_0175,6,106,exact_maximum_overlap,3,1,0,15,0
19870614,1987,19920405,1992,greenacre_weighted_power_0175,6,106,exact_maximum_overlap,3,2,0,15,0
19870614,1987,19920405,1992,greenacre_weighted_power_0175,6,106,exact_maximum_overlap,3,3,13,15,0.8666666666666667
19870614,1987,19920405,1992,greenacre_weighted_power_0175,6,106,exact_maximum_overlap,3,4,2,15,0.13333333333333333
19870614,1987,19920405,1992,greenacre_weighted_power_0175,6,106,exact_maximum_overlap,3,5,0,15,0
19870614,1987,19920405,1992,greenacre_weighted_power_0175,6,106,exact_maximum_overlap,3,6,0,15,0
19870614,1987,19920405,1992,greenacre_weighted_power_0175,6,106,exact_maximum_overlap,4,1,0,17,0
19870614,1987,19920405,1992,greenacre_weighted_power_0175,6,106,exact_maximum_overlap,4,2,2,17,0.11764705882352941
19870614,1987,19920405,1992,greenacre_weighted_power_0175,6,106,exact_maximum_overlap,4,3,1,17,0.058823529411764705
19870614,1987,19920405,1992,greenacre_weighted_power_0175,6,106,exact_maximum_overlap,4,4,12,17,0.7058823529411765
19870614,1987,19920405,1992,greenacre_weighted_power_0175,6,106,exact_maximum_overlap,4,5,1,17,0.058823529411764705
19870614,1987,19920405,1992,greenacre_weighted_power_0175,6,106,exact_maximum_overlap,4,6,1,17,0.058823529411764705
19870614,1987,19920405,1992,greenacre_weighted_power_0175,6,106,exact_maximum_overlap,5,1,12,31,0.3870967741935484
19870614,1987,19920405,1992,greenacre_weighted_power_0175,6,106,exact_maximum_overlap,5,2,0,31,0
19870614,1987,19920405,1992,greenacre_weighted_power_0175,6,106,exact_maximum_overlap,5,3,0,31,0
19870614,1987,19920405,1992,greenacre_weighted_power_0175,6,106,exact_maximum_overlap,5,4,0,31,0
19870614,1987,19920405,1992,greenacre_weighted_power_0175,6,106,exact_maximum_overlap,5,5,19,31,0.6129032258064516
19870614,1987,19920405,1992,greenacre_weighted_power_0175,6,106,exact_maximum_overlap,5,6,0,31,0
19870614,1987,19920405,1992,greenacre_weighted_power_0175,6,106,exact_maximum_overlap,6,1,2,20,0.1
19870614,1987,19920405,1992,greenacre_weighted_power_0175,6,106,exact_maximum_overlap,6,2,0,20,0
19870614,1987,19920405,1992,greenacre_weighted_power_0175,6,106,exact_maximum_overlap,6,3,0,20,0
19870614,1987,19920405,1992,greenacre_weighted_power_0175,6,106,exact_maximum_overlap,6,4,8,20,0.4
19870614,1987,19920405,1992,greenacre_weighted_power_0175,6,106,exact_maximum_overlap,6,5,2,20,0.1
19870614,1987,19920405,1992,greenacre_weighted_power_0175,6,106,exact_maximum_overlap,6,6,8,20,0.4
19920405,1992,19940327,1994,greenacre_weighted_power_0175,6,106,exact_maximum_overlap,1,1,18,18,1
19920405,1992,19940327,1994,greenacre_weighted_power_0175,6,106,exact_maximum_overlap,1,2,0,18,0
19920405,1992,19940327,1994,greenacre_weighted_power_0175,6,106,exact_maximum_overlap,1,3,0,18,0
19920405,1992,19940327,1994,greenacre_weighted_power_0175,6,106,exact_maximum_overlap,1,4,0,18,0
19920405,1992,19940327,1994,greenacre_weighted_power_0175,6,106,exact_maximum_overlap,1,5,0,18,0
19920405,1992,19940327,1994,greenacre_weighted_power_0175,6,106,exact_maximum_overlap,1,6,0,18,0
19920405,1992,19940327,1994,greenacre_weighted_power_0175,6,106,exact_maximum_overlap,2,1,0,19,0
19920405,1992,19940327,1994,greenacre_weighted_power_0175,6,106,exact_maximum_overlap,2,2,13,19,0.6842105263157895
19920405,1992,19940327,1994,greenacre_weighted_power_0175,6,106,exact_maximum_overlap,2,3,0,19,0
19920405,1992,19940327,1994,greenacre_weighted_power_0175,6,106,exact_maximum_overlap,2,4,2,19,0.10526315789473684
19920405,1992,19940327,1994,greenacre_weighted_power_0175,6,106,exact_maximum_overlap,2,5,4,19,0.21052631578947367
19920405,1992,19940327,1994,greenacre_weighted_power_0175,6,106,exact_maximum_overlap,2,6,0,19,0
19920405,1992,19940327,1994,greenacre_weighted_power_0175,6,106,exact_maximum_overlap,3,1,1,14,0.07142857142857142
19920405,1992,19940327,1994,greenacre_weighted_power_0175,6,106,exact_maximum_overlap,3,2,0,14,0
19920405,1992,19940327,1994,greenacre_weighted_power_0175,6,106,exact_maximum_overlap,3,3,6,14,0.42857142857142855
19920405,1992,19940327,1994,greenacre_weighted_power_0175,6,106,exact_maximum_overlap,3,4,7,14,0.5
19920405,1992,19940327,1994,greenacre_weighted_power_0175,6,106,exact_maximum_overlap,3,5,0,14,0
19920405,1992,19940327,1994,greenacre_weighted_power_0175,6,106,exact_maximum_overlap,3,6,0,14,0
19920405,1992,19940327,1994,greenacre_weighted_power_0175,6,106,exact_maximum_overlap,4,1,6,22,0.2727272727272727
19920405,1992,19940327,1994,greenacre_weighted_power_0175,6,106,exact_maximum_overlap,4,2,0,22,0
19920405,1992,19940327,1994,greenacre_weighted_power_0175,6,106,exact_maximum_overlap,4,3,0,22,0
19920405,1992,19940327,1994,greenacre_weighted_power_0175,6,106,exact_maximum_overlap,4,4,15,22,0.6818181818181818
19920405,1992,19940327,1994,greenacre_weighted_power_0175,6,106,exact_maximum_overlap,4,5,0,22,0
19920405,1992,19940327,1994,greenacre_weighted_power_0175,6,106,exact_maximum_overlap,4,6,1,22,0.045454545454545456
19920405,1992,19940327,1994,greenacre_weighted_power_0175,6,106,exact_maximum_overlap,5,1,0,22,0
19920405,1992,19940327,1994,greenacre_weighted_power_0175,6,106,exact_maximum_overlap,5,2,5,22,0.22727272727272727
19920405,1992,19940327,1994,greenacre_weighted_power_0175,6,106,exact_maximum_overlap,5,3,0,22,0
19920405,1992,19940327,1994,greenacre_weighted_power_0175,6,106,exact_maximum_overlap,5,4,0,22,0
19920405,1992,19940327,1994,greenacre_weighted_power_0175,6,106,exact_maximum_overlap,5,5,12,22,0.5454545454545454
19920405,1992,19940327,1994,greenacre_weighted_power_0175,6,106,exact_maximum_overlap,5,6,5,22,0.22727272727272727
19920405,1992,19940327,1994,greenacre_weighted_power_0175,6,106,exact_maximum_overlap,6,1,0,11,0
19920405,1992,19940327,1994,greenacre_weighted_power_0175,6,106,exact_maximum_overlap,6,2,2,11,0.18181818181818182
19920405,1992,19940327,1994,greenacre_weighted_power_0175,6,106,exact_maximum_overlap,6,3,0,11,0
19920405,1992,19940327,1994,greenacre_weighted_power_0175,6,106,exact_maximum_overlap,6,4,4,11,0.36363636363636365
19920405,1992,19940327,1994,greenacre_weighted_power_0175,6,106,exact_maximum_overlap,6,5,5,11,0.45454545454545453
19920405,1992,19940327,1994,greenacre_weighted_power_0175,6,106,exact_maximum_overlap,6,6,0,11,0
19940327,1994,19960421,1996,greenacre_weighted_power_0175,6,106,exact_maximum_overlap,1,1,6,6,1
19940327,1994,19960421,1996,greenacre_weighted_power_0175,6,106,exact_maximum_overlap,1,2,0,6,0
19940327,1994,19960421,1996,greenacre_weighted_power_0175,6,106,exact_maximum_overlap,1,3,0,6,0
19940327,1994,19960421,1996,greenacre_weighted_power_0175,6,106,exact_maximum_overlap,1,4,0,6,0
19940327,1994,19960421,1996,greenacre_weighted_power_0175,6,106,exact_maximum_overlap,1,5,0,6,0
19940327,1994,19960421,1996,greenacre_weighted_power_0175,6,106,exact_maximum_overlap,1,6,0,6,0
19940327,1994,19960421,1996,greenacre_weighted_power_0175,6,106,exact_maximum_overlap,2,1,1,20,0.05
19940327,1994,19960421,1996,greenacre_weighted_power_0175,6,106,exact_maximum_overlap,2,2,7,20,0.35
19940327,1994,19960421,1996,greenacre_weighted_power_0175,6,106,exact_maximum_overlap,2,3,4,20,0.2
19940327,1994,19960421,1996,greenacre_weighted_power_0175,6,106,exact_maximum_overlap,2,4,2,20,0.1
19940327,1994,19960421,1996,greenacre_weighted_power_0175,6,106,exact_maximum_overlap,2,5,0,20,0
19940327,1994,19960421,1996,greenacre_weighted_power_0175,6,106,exact_maximum_overlap,2,6,6,20,0.3
19940327,1994,19960421,1996,greenacre_weighted_power_0175,6,106,exact_maximum_overlap,3,1,6,25,0.24
19940327,1994,19960421,1996,greenacre_weighted_power_0175,6,106,exact_maximum_overlap,3,2,0,25,0
19940327,1994,19960421,1996,greenacre_weighted_power_0175,6,106,exact_maximum_overlap,3,3,19,25,0.76
19940327,1994,19960421,1996,greenacre_weighted_power_0175,6,106,exact_maximum_overlap,3,4,0,25,0
19940327,1994,19960421,1996,greenacre_weighted_power_0175,6,106,exact_maximum_overlap,3,5,0,25,0
19940327,1994,19960421,1996,greenacre_weighted_power_0175,6,106,exact_maximum_overlap,3,6,0,25,0
19940327,1994,19960421,1996,greenacre_weighted_power_0175,6,106,exact_maximum_overlap,4,1,1,6,0.16666666666666666
19940327,1994,19960421,1996,greenacre_weighted_power_0175,6,106,exact_maximum_overlap,4,2,0,6,0
19940327,1994,19960421,1996,greenacre_weighted_power_0175,6,106,exact_maximum_overlap,4,3,0,6,0
19940327,1994,19960421,1996,greenacre_weighted_power_0175,6,106,exact_maximum_overlap,4,4,0,6,0
19940327,1994,19960421,1996,greenacre_weighted_power_0175,6,106,exact_maximum_overlap,4,5,0,6,0
19940327,1994,19960421,1996,greenacre_weighted_power_0175,6,106,exact_maximum_overlap,4,6,5,6,0.8333333333333334
19940327,1994,19960421,1996,greenacre_weighted_power_0175,6,106,exact_maximum_overlap,5,1,5,28,0.17857142857142858
19940327,1994,19960421,1996,greenacre_weighted_power_0175,6,106,exact_maximum_overlap,5,2,2,28,0.07142857142857142
19940327,1994,19960421,1996,greenacre_weighted_power_0175,6,106,exact_maximum_overlap,5,3,1,28,0.03571428571428571
19940327,1994,19960421,1996,greenacre_weighted_power_0175,6,106,exact_maximum_overlap,5,4,9,28,0.32142857142857145
19940327,1994,19960421,1996,greenacre_weighted_power_0175,6,106,exact_maximum_overlap,5,5,11,28,0.39285714285714285
19940327,1994,19960421,1996,greenacre_weighted_power_0175,6,106,exact_maximum_overlap,5,6,0,28,0
19940327,1994,19960421,1996,greenacre_weighted_power_0175,6,106,exact_maximum_overlap,6,1,0,21,0
19940327,1994,19960421,1996,greenacre_weighted_power_0175,6,106,exact_maximum_overlap,6,2,8,21,0.38095238095238093
19940327,1994,19960421,1996,greenacre_weighted_power_0175,6,106,exact_maximum_overlap,6,3,4,21,0.19047619047619047
19940327,1994,19960421,1996,greenacre_weighted_power_0175,6,106,exact_maximum_overlap,6,4,0,21,0
19940327,1994,19960421,1996,greenacre_weighted_power_0175,6,106,exact_maximum_overlap,6,5,0,21,0
19940327,1994,19960421,1996,greenacre_weighted_power_0175,6,106,exact_maximum_overlap,6,6,9,21,0.42857142857142855
19960421,1996,20010513,2001,greenacre_weighted_power_0175,6,106,exact_maximum_overlap,1,1,10,19,0.5263157894736842
19960421,1996,20010513,2001,greenacre_weighted_power_0175,6,106,exact_maximum_overlap,1,2,0,19,0
19960421,1996,20010513,2001,greenacre_weighted_power_0175,6,106,exact_maximum_overlap,1,3,0,19,0
19960421,1996,20010513,2001,greenacre_weighted_power_0175,6,106,exact_maximum_overlap,1,4,0,19,0
19960421,1996,20010513,2001,greenacre_weighted_power_0175,6,106,exact_maximum_overlap,1,5,9,19,0.47368421052631576
19960421,1996,20010513,2001,greenacre_weighted_power_0175,6,106,exact_maximum_overlap,1,6,0,19,0
19960421,1996,20010513,2001,greenacre_weighted_power_0175,6,106,exact_maximum_overlap,2,1,0,28,0
19960421,1996,20010513,2001,greenacre_weighted_power_0175,6,106,exact_maximum_overlap,2,2,17,28,0.6071428571428571
19960421,1996,20010513,2001,greenacre_weighted_power_0175,6,106,exact_maximum_overlap,2,3,1,28,0.03571428571428571
19960421,1996,20010513,2001,greenacre_weighted_power_0175,6,106,exact_maximum_overlap,2,4,5,28,0.17857142857142858
19960421,1996,20010513,2001,greenacre_weighted_power_0175,6,106,exact_maximum_overlap,2,5,5,28,0.17857142857142858
19960421,1996,20010513,2001,greenacre_weighted_power_0175,6,106,exact_maximum_overlap,2,6,0,28,0
19960421,1996,20010513,2001,greenacre_weighted_power_0175,6,106,exact_maximum_overlap,3,1,0,20,0
19960421,1996,20010513,2001,greenacre_weighted_power_0175,6,106,exact_maximum_overlap,3,2,0,20,0
19960421,1996,20010513,2001,greenacre_weighted_power_0175,6,106,exact_maximum_overlap,3,3,10,20,0.5
19960421,1996,20010513,2001,greenacre_weighted_power_0175,6,106,exact_maximum_overlap,3,4,0,20,0
19960421,1996,20010513,2001,greenacre_weighted_power_0175,6,106,exact_maximum_overlap,3,5,0,20,0
19960421,1996,20010513,2001,greenacre_weighted_power_0175,6,106,exact_maximum_overlap,3,6,10,20,0.5
19960421,1996,20010513,2001,greenacre_weighted_power_0175,6,106,exact_maximum_overlap,4,1,3,11,0.2727272727272727
19960421,1996,20010513,2001,greenacre_weighted_power_0175,6,106,exact_maximum_overlap,4,2,0,11,0
19960421,1996,20010513,2001,greenacre_weighted_power_0175,6,106,exact_maximum_overlap,4,3,0,11,0
19960421,1996,20010513,2001,greenacre_weighted_power_0175,6,106,exact_maximum_overlap,4,4,2,11,0.18181818181818182
19960421,1996,20010513,2001,greenacre_weighted_power_0175,6,106,exact_maximum_overlap,4,5,6,11,0.5454545454545454
19960421,1996,20010513,2001,greenacre_weighted_power_0175,6,106,exact_maximum_overlap,4,6,0,11,0
19960421,1996,20010513,2001,greenacre_weighted_power_0175,6,106,exact_maximum_overlap,5,1,2,11,0.18181818181818182
19960421,1996,20010513,2001,greenacre_weighted_power_0175,6,106,exact_maximum_overlap,5,2,0,11,0
19960421,1996,20010513,2001,greenacre_weighted_power_0175,6,106,exact_maximum_overlap,5,3,0,11,0
19960421,1996,20010513,2001,greenacre_weighted_power_0175,6,106,exact_maximum_overlap,5,4,0,11,0
19960421,1996,20010513,2001,greenacre_weighted_power_0175,6,106,exact_maximum_overlap,5,5,9,11,0.8181818181818182
19960421,1996,20010513,2001,greenacre_weighted_power_0175,6,106,exact_maximum_overlap,5,6,0,11,0
19960421,1996,20010513,2001,greenacre_weighted_power_0175,6,106,exact_maximum_overlap,6,1,0,17,0
19960421,1996,20010513,2001,greenacre_weighted_power_0175,6,106,exact_maximum_overlap,6,2,0,17,0
19960421,1996,20010513,2001,greenacre_weighted_power_0175,6,106,exact_maximum_overlap,6,3,1,17,0.058823529411764705
19960421,1996,20010513,2001,greenacre_weighted_power_0175,6,106,exact_maximum_overlap,6,4,5,17,0.29411764705882354
19960421,1996,20010513,2001,greenacre_weighted_power_0175,6,106,exact_maximum_overlap,6,5,0,17,0
19960421,1996,20010513,2001,greenacre_weighted_power_0175,6,106,exact_maximum_overlap,6,6,11,17,0.6470588235294118
20010513,2001,20060409,2006,greenacre_weighted_power_0175,6,106,exact_maximum_overlap,1,1,15,15,1
20010513,2001,20060409,2006,greenacre_weighted_power_0175,6,106,exact_maximum_overlap,1,2,0,15,0
20010513,2001,20060409,2006,greenacre_weighted_power_0175,6,106,exact_maximum_overlap,1,3,0,15,0
20010513,2001,20060409,2006,greenacre_weighted_power_0175,6,106,exact_maximum_overlap,1,4,0,15,0
20010513,2001,20060409,2006,greenacre_weighted_power_0175,6,106,exact_maximum_overlap,1,5,0,15,0
20010513,2001,20060409,2006,greenacre_weighted_power_0175,6,106,exact_maximum_overlap,1,6,0,15,0
20010513,2001,20060409,2006,greenacre_weighted_power_0175,6,106,exact_maximum_overlap,2,1,2,29,0.06896551724137931
20010513,2001,20060409,2006,greenacre_weighted_power_0175,6,106,exact_maximum_overlap,2,2,16,29,0.5517241379310345
20010513,2001,20060409,2006,greenacre_weighted_power_0175,6,106,exact_maximum_overlap,2,3,4,29,0.13793103448275862
20010513,2001,20060409,2006,greenacre_weighted_power_0175,6,106,exact_maximum_overlap,2,4,0,29,0
20010513,2001,20060409,2006,greenacre_weighted_power_0175,6,106,exact_maximum_overlap,2,5,1,29,0.034482758620689655
20010513,2001,20060409,2006,greenacre_weighted_power_0175,6,106,exact_maximum_overlap,2,6,6,29,0.20689655172413793
20010513,2001,20060409,2006,greenacre_weighted_power_0175,6,106,exact_maximum_overlap,3,1,0,17,0
20010513,2001,20060409,2006,greenacre_weighted_power_0175,6,106,exact_maximum_overlap,3,2,0,17,0
20010513,2001,20060409,2006,greenacre_weighted_power_0175,6,106,exact_maximum_overlap,3,3,8,17,0.47058823529411764
20010513,2001,20060409,2006,greenacre_weighted_power_0175,6,106,exact_maximum_overlap,3,4,8,17,0.47058823529411764
20010513,2001,20060409,2006,greenacre_weighted_power_0175,6,106,exact_maximum_overlap,3,5,0,17,0
20010513,2001,20060409,2006,greenacre_weighted_power_0175,6,106,exact_maximum_overlap,3,6,1,17,0.058823529411764705
20010513,2001,20060409,2006,greenacre_weighted_power_0175,6,106,exact_maximum_overlap,4,1,0,12,0
20010513,2001,20060409,2006,greenacre_weighted_power_0175,6,106,exact_maximum_overlap,4,2,0,12,0
20010513,2001,20060409,2006,greenacre_weighted_power_0175,6,106,exact_maximum_overlap,4,3,0,12,0
20010513,2001,20060409,2006,greenacre_weighted_power_0175,6,106,exact_maximum_overlap,4,4,7,12,0.5833333333333334
20010513,2001,20060409,2006,greenacre_weighted_power_0175,6,106,exact_maximum_overlap,4,5,5,12,0.4166666666666667
20010513,2001,20060409,2006,greenacre_weighted_power_0175,6,106,exact_maximum_overlap,4,6,0,12,0
20010513,2001,20060409,2006,greenacre_weighted_power_0175,6,106,exact_maximum_overlap,5,1,0,21,0
20010513,2001,20060409,2006,greenacre_weighted_power_0175,6,106,exact_maximum_overlap,5,2,0,21,0
20010513,2001,20060409,2006,greenacre_weighted_power_0175,6,106,exact_maximum_overlap,5,3,0,21,0
20010513,2001,20060409,2006,greenacre_weighted_power_0175,6,106,exact_maximum_overlap,5,4,0,21,0
20010513,2001,20060409,2006,greenacre_weighted_power_0175,6,106,exact_maximum_overlap,5,5,11,21,0.5238095238095238
20010513,2001,20060409,2006,greenacre_weighted_power_0175,6,106,exact_maximum_overlap,5,6,10,21,0.47619047619047616
20010513,2001,20060409,2006,greenacre_weighted_power_0175,6,106,exact_maximum_overlap,6,1,0,12,0
20010513,2001,20060409,2006,greenacre_weighted_power_0175,6,106,exact_maximum_overlap,6,2,0,12,0
20010513,2001,20060409,2006,greenacre_weighted_power_0175,6,106,exact_maximum_overlap,6,3,0,12,0
20010513,2001,20060409,2006,greenacre_weighted_power_0175,6,106,exact_maximum_overlap,6,4,1,12,0.08333333333333333
20010513,2001,20060409,2006,greenacre_weighted_power_0175,6,106,exact_maximum_overlap,6,5,4,12,0.3333333333333333
20010513,2001,20060409,2006,greenacre_weighted_power_0175,6,106,exact_maximum_overlap,6,6,7,12,0.5833333333333334
20060409,2006,20080413,2008,greenacre_weighted_power_0175,6,106,exact_maximum_overlap,1,1,15,16,0.9375
20060409,2006,20080413,2008,greenacre_weighted_power_0175,6,106,exact_maximum_overlap,1,2,0,16,0
20060409,2006,20080413,2008,greenacre_weighted_power_0175,6,106,exact_maximum_overlap,1,3,0,16,0
20060409,2006,20080413,2008,greenacre_weighted_power_0175,6,106,exact_maximum_overlap,1,4,1,16,0.0625
20060409,2006,20080413,2008,greenacre_weighted_power_0175,6,106,exact_maximum_overlap,1,5,0,16,0
20060409,2006,20080413,2008,greenacre_weighted_power_0175,6,106,exact_maximum_overlap,1,6,0,16,0
20060409,2006,20080413,2008,greenacre_weighted_power_0175,6,106,exact_maximum_overlap,2,1,0,12,0
20060409,2006,20080413,2008,greenacre_weighted_power_0175,6,106,exact_maximum_overlap,2,2,12,12,1
20060409,2006,20080413,2008,greenacre_weighted_power_0175,6,106,exact_maximum_overlap,2,3,0,12,0
20060409,2006,20080413,2008,greenacre_weighted_power_0175,6,106,exact_maximum_overlap,2,4,0,12,0
20060409,2006,20080413,2008,greenacre_weighted_power_0175,6,106,exact_maximum_overlap,2,5,0,12,0
20060409,2006,20080413,2008,greenacre_weighted_power_0175,6,106,exact_maximum_overlap,2,6,0,12,0
20060409,2006,20080413,2008,greenacre_weighted_power_0175,6,106,exact_maximum_overlap,3,1,0,17,0
20060409,2006,20080413,2008,greenacre_weighted_power_0175,6,106,exact_maximum_overlap,3,2,0,17,0
20060409,2006,20080413,2008,greenacre_weighted_power_0175,6,106,exact_maximum_overlap,3,3,13,17,0.7647058823529411
20060409,2006,20080413,2008,greenacre_weighted_power_0175,6,106,exact_maximum_overlap,3,4,0,17,0
20060409,2006,20080413,2008,greenacre_weighted_power_0175,6,106,exact_maximum_overlap,3,5,0,17,0
20060409,2006,20080413,2008,greenacre_weighted_power_0175,6,106,exact_maximum_overlap,3,6,4,17,0.23529411764705882
20060409,2006,20080413,2008,greenacre_weighted_power_0175,6,106,exact_maximum_overlap,4,1,0,21,0
20060409,2006,20080413,2008,greenacre_weighted_power_0175,6,106,exact_maximum_overlap,4,2,0,21,0
20060409,2006,20080413,2008,greenacre_weighted_power_0175,6,106,exact_maximum_overlap,4,3,0,21,0
20060409,2006,20080413,2008,greenacre_weighted_power_0175,6,106,exact_maximum_overlap,4,4,14,21,0.6666666666666666
20060409,2006,20080413,2008,greenacre_weighted_power_0175,6,106,exact_maximum_overlap,4,5,7,21,0.3333333333333333
20060409,2006,20080413,2008,greenacre_weighted_power_0175,6,106,exact_maximum_overlap,4,6,0,21,0
20060409,2006,20080413,2008,greenacre_weighted_power_0175,6,106,exact_maximum_overlap,5,1,1,24,0.041666666666666664
20060409,2006,20080413,2008,greenacre_weighted_power_0175,6,106,exact_maximum_overlap,5,2,0,24,0
20060409,2006,20080413,2008,greenacre_weighted_power_0175,6,106,exact_maximum_overlap,5,3,0,24,0
20060409,2006,20080413,2008,greenacre_weighted_power_0175,6,106,exact_maximum_overlap,5,4,3,24,0.125
20060409,2006,20080413,2008,greenacre_weighted_power_0175,6,106,exact_maximum_overlap,5,5,20,24,0.8333333333333334
20060409,2006,20080413,2008,greenacre_weighted_power_0175,6,106,exact_maximum_overlap,5,6,0,24,0
20060409,2006,20080413,2008,greenacre_weighted_power_0175,6,106,exact_maximum_overlap,6,1,0,16,0
20060409,2006,20080413,2008,greenacre_weighted_power_0175,6,106,exact_maximum_overlap,6,2,1,16,0.0625
20060409,2006,20080413,2008,greenacre_weighted_power_0175,6,106,exact_maximum_overlap,6,3,0,16,0
20060409,2006,20080413,2008,greenacre_weighted_power_0175,6,106,exact_maximum_overlap,6,4,0,16,0
20060409,2006,20080413,2008,greenacre_weighted_power_0175,6,106,exact_maximum_overlap,6,5,1,16,0.0625
20060409,2006,20080413,2008,greenacre_weighted_power_0175,6,106,exact_maximum_overlap,6,6,14,16,0.875
20080413,2008,20130224,2013,greenacre_weighted_power_0175,6,106,exact_maximum_overlap,1,1,11,13,0.8461538461538461
20080413,2008,20130224,2013,greenacre_weighted_power_0175,6,106,exact_maximum_overlap,1,2,0,13,0
20080413,2008,20130224,2013,greenacre_weighted_power_0175,6,106,exact_maximum_overlap,1,3,0,13,0
20080413,2008,20130224,2013,greenacre_weighted_power_0175,6,106,exact_maximum_overlap,1,4,2,13,0.15384615384615385
20080413,2008,20130224,2013,greenacre_weighted_power_0175,6,106,exact_maximum_overlap,1,5,0,13,0
20080413,2008,20130224,2013,greenacre_weighted_power_0175,6,106,exact_maximum_overlap,1,6,0,13,0
20080413,2008,20130224,2013,greenacre_weighted_power_0175,6,106,exact_maximum_overlap,2,1,0,18,0
20080413,2008,20130224,2013,greenacre_weighted_power_0175,6,106,exact_maximum_overlap,2,2,12,18,0.6666666666666666
20080413,2008,20130224,2013,greenacre_weighted_power_0175,6,106,exact_maximum_overlap,2,3,6,18,0.3333333333333333
20080413,2008,20130224,2013,greenacre_weighted_power_0175,6,106,exact_maximum_overlap,2,4,0,18,0
20080413,2008,20130224,2013,greenacre_weighted_power_0175,6,106,exact_maximum_overlap,2,5,0,18,0
20080413,2008,20130224,2013,greenacre_weighted_power_0175,6,106,exact_maximum_overlap,2,6,0,18,0
20080413,2008,20130224,2013,greenacre_weighted_power_0175,6,106,exact_maximum_overlap,3,1,0,28,0
20080413,2008,20130224,2013,greenacre_weighted_power_0175,6,106,exact_maximum_overlap,3,2,6,28,0.21428571428571427
20080413,2008,20130224,2013,greenacre_weighted_power_0175,6,106,exact_maximum_overlap,3,3,20,28,0.7142857142857143
20080413,2008,20130224,2013,greenacre_weighted_power_0175,6,106,exact_maximum_overlap,3,4,0,28,0
20080413,2008,20130224,2013,greenacre_weighted_power_0175,6,106,exact_maximum_overlap,3,5,2,28,0.07142857142857142
20080413,2008,20130224,2013,greenacre_weighted_power_0175,6,106,exact_maximum_overlap,3,6,0,28,0
20080413,2008,20130224,2013,greenacre_weighted_power_0175,6,106,exact_maximum_overlap,4,1,0,13,0
20080413,2008,20130224,2013,greenacre_weighted_power_0175,6,106,exact_maximum_overlap,4,2,0,13,0
20080413,2008,20130224,2013,greenacre_weighted_power_0175,6,106,exact_maximum_overlap,4,3,0,13,0
20080413,2008,20130224,2013,greenacre_weighted_power_0175,6,106,exact_maximum_overlap,4,4,0,13,0
20080413,2008,20130224,2013,greenacre_weighted_power_0175,6,106,exact_maximum_overlap,4,5,5,13,0.38461538461538464
20080413,2008,20130224,2013,greenacre_weighted_power_0175,6,106,exact_maximum_overlap,4,6,8,13,0.6153846153846154
20080413,2008,20130224,2013,greenacre_weighted_power_0175,6,106,exact_maximum_overlap,5,1,7,18,0.3888888888888889
20080413,2008,20130224,2013,greenacre_weighted_power_0175,6,106,exact_maximum_overlap,5,2,0,18,0
20080413,2008,20130224,2013,greenacre_weighted_power_0175,6,106,exact_maximum_overlap,5,3,0,18,0
20080413,2008,20130224,2013,greenacre_weighted_power_0175,6,106,exact_maximum_overlap,5,4,0,18,0
20080413,2008,20130224,2013,greenacre_weighted_power_0175,6,106,exact_maximum_overlap,5,5,11,18,0.6111111111111112
20080413,2008,20130224,2013,greenacre_weighted_power_0175,6,106,exact_maximum_overlap,5,6,0,18,0
20080413,2008,20130224,2013,greenacre_weighted_power_0175,6,106,exact_maximum_overlap,6,1,0,16,0
20080413,2008,20130224,2013,greenacre_weighted_power_0175,6,106,exact_maximum_overlap,6,2,6,16,0.375
20080413,2008,20130224,2013,greenacre_weighted_power_0175,6,106,exact_maximum_overlap,6,3,0,16,0
20080413,2008,20130224,2013,greenacre_weighted_power_0175,6,106,exact_maximum_overlap,6,4,0,16,0
20080413,2008,20130224,2013,greenacre_weighted_power_0175,6,106,exact_maximum_overlap,6,5,0,16,0
20080413,2008,20130224,2013,greenacre_weighted_power_0175,6,106,exact_maximum_overlap,6,6,10,16,0.625
20130224,2013,20180304,2018,greenacre_weighted_power_0175,6,106,exact_maximum_overlap,1,1,1,2,0.5
20130224,2013,20180304,2018,greenacre_weighted_power_0175,6,106,exact_maximum_overlap,1,2,0,2,0
20130224,2013,20180304,2018,greenacre_weighted_power_0175,6,106,exact_maximum_overlap,1,3,0,2,0
20130224,2013,20180304,2018,greenacre_weighted_power_0175,6,106,exact_maximum_overlap,1,4,1,2,0.5
20130224,2013,20180304,2018,greenacre_weighted_power_0175,6,106,exact_maximum_overlap,1,5,0,2,0
20130224,2013,20180304,2018,greenacre_weighted_power_0175,6,106,exact_maximum_overlap,1,6,0,2,0
20130224,2013,20180304,2018,greenacre_weighted_power_0175,6,106,exact_maximum_overlap,2,1,0,18,0
20130224,2013,20180304,2018,greenacre_weighted_power_0175,6,106,exact_maximum_overlap,2,2,10,18,0.5555555555555556
20130224,2013,20180304,2018,greenacre_weighted_power_0175,6,106,exact_maximum_overlap,2,3,1,18,0.05555555555555555
20130224,2013,20180304,2018,greenacre_weighted_power_0175,6,106,exact_maximum_overlap,2,4,5,18,0.2777777777777778
20130224,2013,20180304,2018,greenacre_weighted_power_0175,6,106,exact_maximum_overlap,2,5,0,18,0
20130224,2013,20180304,2018,greenacre_weighted_power_0175,6,106,exact_maximum_overlap,2,6,2,18,0.1111111111111111
20130224,2013,20180304,2018,greenacre_weighted_power_0175,6,106,exact_maximum_overlap,3,1,0,18,0
20130224,2013,20180304,2018,greenacre_weighted_power_0175,6,106,exact_maximum_overlap,3,2,1,18,0.05555555555555555
20130224,2013,20180304,2018,greenacre_weighted_power_0175,6,106,exact_maximum_overlap,3,3,15,18,0.8333333333333334
20130224,2013,20180304,2018,greenacre_weighted_power_0175,6,106,exact_maximum_overlap,3,4,0,18,0
20130224,2013,20180304,2018,greenacre_weighted_power_0175,6,106,exact_maximum_overlap,3,5,0,18,0
20130224,2013,20180304,2018,greenacre_weighted_power_0175,6,106,exact_maximum_overlap,3,6,2,18,0.1111111111111111
20130224,2013,20180304,2018,greenacre_weighted_power_0175,6,106,exact_maximum_overlap,4,1,0,18,0
20130224,2013,20180304,2018,greenacre_weighted_power_0175,6,106,exact_maximum_overlap,4,2,6,18,0.3333333333333333
20130224,2013,20180304,2018,greenacre_weighted_power_0175,6,106,exact_maximum_overlap,4,3,0,18,0
20130224,2013,20180304,2018,greenacre_weighted_power_0175,6,106,exact_maximum_overlap,4,4,12,18,0.6666666666666666
20130224,2013,20180304,2018,greenacre_weighted_power_0175,6,106,exact_maximum_overlap,4,5,0,18,0
20130224,2013,20180304,2018,greenacre_weighted_power_0175,6,106,exact_maximum_overlap,4,6,0,18,0
20130224,2013,20180304,2018,greenacre_weighted_power_0175,6,106,exact_maximum_overlap,5,1,5,26,0.19230769230769232
20130224,2013,20180304,2018,greenacre_weighted_power_0175,6,106,exact_maximum_overlap,5,2,0,26,0
20130224,2013,20180304,2018,greenacre_weighted_power_0175,6,106,exact_maximum_overlap,5,3,0,26,0
20130224,2013,20180304,2018,greenacre_weighted_power_0175,6,106,exact_maximum_overlap,5,4,0,26,0
20130224,2013,20180304,2018,greenacre_weighted_power_0175,6,106,exact_maximum_overlap,5,5,21,26,0.8076923076923077
20130224,2013,20180304,2018,greenacre_weighted_power_0175,6,106,exact_maximum_overlap,5,6,0,26,0
20130224,2013,20180304,2018,greenacre_weighted_power_0175,6,106,exact_maximum_overlap,6,1,0,24,0
20130224,2013,20180304,2018,greenacre_weighted_power_0175,6,106,exact_maximum_overlap,6,2,1,24,0.041666666666666664
20130224,2013,20180304,2018,greenacre_weighted_power_0175,6,106,exact_maximum_overlap,6,3,2,24,0.08333333333333333
20130224,2013,20180304,2018,greenacre_weighted_power_0175,6,106,exact_maximum_overlap,6,4,0,24,0
20130224,2013,20180304,2018,greenacre_weighted_power_0175,6,106,exact_maximum_overlap,6,5,8,24,0.3333333333333333
20130224,2013,20180304,2018,greenacre_weighted_power_0175,6,106,exact_maximum_overlap,6,6,13,24,0.5416666666666666
20180304,2018,20220925,2022,greenacre_weighted_power_0175,6,106,exact_maximum_overlap,1,1,17,29,0.5862068965517241
20180304,2018,20220925,2022,greenacre_weighted_power_0175,6,106,exact_maximum_overlap,1,2,12,29,0.41379310344827586
20180304,2018,20220925,2022,greenacre_weighted_power_0175,6,106,exact_maximum_overlap,1,3,0,29,0
20180304,2018,20220925,2022,greenacre_weighted_power_0175,6,106,exact_maximum_overlap,1,4,0,29,0
20180304,2018,20220925,2022,greenacre_weighted_power_0175,6,106,exact_maximum_overlap,1,5,0,29,0
20180304,2018,20220925,2022,greenacre_weighted_power_0175,6,106,exact_maximum_overlap,1,6,0,29,0
20180304,2018,20220925,2022,greenacre_weighted_power_0175,6,106,exact_maximum_overlap,2,1,5,6,0.8333333333333334
20180304,2018,20220925,2022,greenacre_weighted_power_0175,6,106,exact_maximum_overlap,2,2,1,6,0.16666666666666666
20180304,2018,20220925,2022,greenacre_weighted_power_0175,6,106,exact_maximum_overlap,2,3,0,6,0
20180304,2018,20220925,2022,greenacre_weighted_power_0175,6,106,exact_maximum_overlap,2,4,0,6,0
20180304,2018,20220925,2022,greenacre_weighted_power_0175,6,106,exact_maximum_overlap,2,5,0,6,0
20180304,2018,20220925,2022,greenacre_weighted_power_0175,6,106,exact_maximum_overlap,2,6,0,6,0
20180304,2018,20220925,2022,greenacre_weighted_power_0175,6,106,exact_maximum_overlap,3,1,0,17,0
20180304,2018,20220925,2022,greenacre_weighted_power_0175,6,106,exact_maximum_overlap,3,2,0,17,0
20180304,2018,20220925,2022,greenacre_weighted_power_0175,6,106,exact_maximum_overlap,3,3,4,17,0.23529411764705882
20180304,2018,20220925,2022,greenacre_weighted_power_0175,6,106,exact_maximum_overlap,3,4,0,17,0
20180304,2018,20220925,2022,greenacre_weighted_power_0175,6,106,exact_maximum_overlap,3,5,8,17,0.47058823529411764
20180304,2018,20220925,2022,greenacre_weighted_power_0175,6,106,exact_maximum_overlap,3,6,5,17,0.29411764705882354
20180304,2018,20220925,2022,greenacre_weighted_power_0175,6,106,exact_maximum_overlap,4,1,0,18,0
20180304,2018,20220925,2022,greenacre_weighted_power_0175,6,106,exact_maximum_overlap,4,2,0,18,0
20180304,2018,20220925,2022,greenacre_weighted_power_0175,6,106,exact_maximum_overlap,4,3,1,18,0.05555555555555555
20180304,2018,20220925,2022,greenacre_weighted_power_0175,6,106,exact_maximum_overlap,4,4,15,18,0.8333333333333334
20180304,2018,20220925,2022,greenacre_weighted_power_0175,6,106,exact_maximum_overlap,4,5,0,18,0
20180304,2018,20220925,2022,greenacre_weighted_power_0175,6,106,exact_maximum_overlap,4,6,2,18,0.1111111111111111
20180304,2018,20220925,2022,greenacre_weighted_power_0175,6,106,exact_maximum_overlap,5,1,0,18,0
20180304,2018,20220925,2022,greenacre_weighted_power_0175,6,106,exact_maximum_overlap,5,2,0,18,0
20180304,2018,20220925,2022,greenacre_weighted_power_0175,6,106,exact_maximum_overlap,5,3,3,18,0.16666666666666666
20180304,2018,20220925,2022,greenacre_weighted_power_0175,6,106,exact_maximum_overlap,5,4,5,18,0.2777777777777778
20180304,2018,20220925,2022,greenacre_weighted_power_0175,6,106,exact_maximum_overlap,5,5,8,18,0.4444444444444444
20180304,2018,20220925,2022,greenacre_weighted_power_0175,6,106,exact_maximum_overlap,5,6,2,18,0.1111111111111111
20180304,2018,20220925,2022,greenacre_weighted_power_0175,6,106,exact_maximum_overlap,6,1,0,18,0
20180304,2018,20220925,2022,greenacre_weighted_power_0175,6,106,exact_maximum_overlap,6,2,0,18,0
20180304,2018,20220925,2022,greenacre_weighted_power_0175,6,106,exact_maximum_overlap,6,3,4,18,0.2222222222222222
20180304,2018,20220925,2022,greenacre_weighted_power_0175,6,106,exact_maximum_overlap,6,4,0,18,0
20180304,2018,20220925,2022,greenacre_weighted_power_0175,6,106,exact_maximum_overlap,6,5,0,18,0
20180304,2018,20220925,2022,greenacre_weighted_power_0175,6,106,exact_maximum_overlap,6,6,14,18,0.7777777777777778
19480418,1948,19530607,1953,greenacre_weighted_power_0175,7,104,exact_maximum_overlap,1,1,14,28,0.5
19480418,1948,19530607,1953,greenacre_weighted_power_0175,7,104,exact_maximum_overlap,1,2,0,28,0
19480418,1948,19530607,1953,greenacre_weighted_power_0175,7,104,exact_maximum_overlap,1,3,3,28,0.10714285714285714
19480418,1948,19530607,1953,greenacre_weighted_power_0175,7,104,exact_maximum_overlap,1,4,7,28,0.25
19480418,1948,19530607,1953,greenacre_weighted_power_0175,7,104,exact_maximum_overlap,1,5,0,28,0
19480418,1948,19530607,1953,greenacre_weighted_power_0175,7,104,exact_maximum_overlap,1,6,0,28,0
19480418,1948,19530607,1953,greenacre_weighted_power_0175,7,104,exact_maximum_overlap,1,7,4,28,0.14285714285714285
19480418,1948,19530607,1953,greenacre_weighted_power_0175,7,104,exact_maximum_overlap,2,1,0,6,0
19480418,1948,19530607,1953,greenacre_weighted_power_0175,7,104,exact_maximum_overlap,2,2,3,6,0.5
19480418,1948,19530607,1953,greenacre_weighted_power_0175,7,104,exact_maximum_overlap,2,3,0,6,0
19480418,1948,19530607,1953,greenacre_weighted_power_0175,7,104,exact_maximum_overlap,2,4,0,6,0
19480418,1948,19530607,1953,greenacre_weighted_power_0175,7,104,exact_maximum_overlap,2,5,1,6,0.16666666666666666
19480418,1948,19530607,1953,greenacre_weighted_power_0175,7,104,exact_maximum_overlap,2,6,2,6,0.3333333333333333
19480418,1948,19530607,1953,greenacre_weighted_power_0175,7,104,exact_maximum_overlap,2,7,0,6,0
19480418,1948,19530607,1953,greenacre_weighted_power_0175,7,104,exact_maximum_overlap,3,1,0,6,0
19480418,1948,19530607,1953,greenacre_weighted_power_0175,7,104,exact_maximum_overlap,3,2,3,6,0.5
19480418,1948,19530607,1953,greenacre_weighted_power_0175,7,104,exact_maximum_overlap,3,3,2,6,0.3333333333333333
19480418,1948,19530607,1953,greenacre_weighted_power_0175,7,104,exact_maximum_overlap,3,4,0,6,0
19480418,1948,19530607,1953,greenacre_weighted_power_0175,7,104,exact_maximum_overlap,3,5,1,6,0.16666666666666666
19480418,1948,19530607,1953,greenacre_weighted_power_0175,7,104,exact_maximum_overlap,3,6,0,6,0
19480418,1948,19530607,1953,greenacre_weighted_power_0175,7,104,exact_maximum_overlap,3,7,0,6,0
19480418,1948,19530607,1953,greenacre_weighted_power_0175,7,104,exact_maximum_overlap,4,1,0,5,0
19480418,1948,19530607,1953,greenacre_weighted_power_0175,7,104,exact_maximum_overlap,4,2,0,5,0
19480418,1948,19530607,1953,greenacre_weighted_power_0175,7,104,exact_maximum_overlap,4,3,0,5,0
19480418,1948,19530607,1953,greenacre_weighted_power_0175,7,104,exact_maximum_overlap,4,4,4,5,0.8
19480418,1948,19530607,1953,greenacre_weighted_power_0175,7,104,exact_maximum_overlap,4,5,0,5,0
19480418,1948,19530607,1953,greenacre_weighted_power_0175,7,104,exact_maximum_overlap,4,6,0,5,0
19480418,1948,19530607,1953,greenacre_weighted_power_0175,7,104,exact_maximum_overlap,4,7,1,5,0.2
19480418,1948,19530607,1953,greenacre_weighted_power_0175,7,104,exact_maximum_overlap,5,1,0,26,0
19480418,1948,19530607,1953,greenacre_weighted_power_0175,7,104,exact_maximum_overlap,5,2,8,26,0.3076923076923077
19480418,1948,19530607,1953,greenacre_weighted_power_0175,7,104,exact_maximum_overlap,5,3,7,26,0.2692307692307692
19480418,1948,19530607,1953,greenacre_weighted_power_0175,7,104,exact_maximum_overlap,5,4,0,26,0
19480418,1948,19530607,1953,greenacre_weighted_power_0175,7,104,exact_maximum_overlap,5,5,11,26,0.4230769230769231
19480418,1948,19530607,1953,greenacre_weighted_power_0175,7,104,exact_maximum_overlap,5,6,0,26,0
19480418,1948,19530607,1953,greenacre_weighted_power_0175,7,104,exact_maximum_overlap,5,7,0,26,0
19480418,1948,19530607,1953,greenacre_weighted_power_0175,7,104,exact_maximum_overlap,6,1,0,18,0
19480418,1948,19530607,1953,greenacre_weighted_power_0175,7,104,exact_maximum_overlap,6,2,0,18,0
19480418,1948,19530607,1953,greenacre_weighted_power_0175,7,104,exact_maximum_overlap,6,3,0,18,0
19480418,1948,19530607,1953,greenacre_weighted_power_0175,7,104,exact_maximum_overlap,6,4,0,18,0
19480418,1948,19530607,1953,greenacre_weighted_power_0175,7,104,exact_maximum_overlap,6,5,2,18,0.1111111111111111
19480418,1948,19530607,1953,greenacre_weighted_power_0175,7,104,exact_maximum_overlap,6,6,15,18,0.8333333333333334
19480418,1948,19530607,1953,greenacre_weighted_power_0175,7,104,exact_maximum_overlap,6,7,1,18,0.05555555555555555
19480418,1948,19530607,1953,greenacre_weighted_power_0175,7,104,exact_maximum_overlap,7,1,0,15,0
19480418,1948,19530607,1953,greenacre_weighted_power_0175,7,104,exact_maximum_overlap,7,2,0,15,0
19480418,1948,19530607,1953,greenacre_weighted_power_0175,7,104,exact_maximum_overlap,7,3,0,15,0
19480418,1948,19530607,1953,greenacre_weighted_power_0175,7,104,exact_maximum_overlap,7,4,4,15,0.26666666666666666
19480418,1948,19530607,1953,greenacre_weighted_power_0175,7,104,exact_maximum_overlap,7,5,0,15,0
19480418,1948,19530607,1953,greenacre_weighted_power_0175,7,104,exact_maximum_overlap,7,6,0,15,0
19480418,1948,19530607,1953,greenacre_weighted_power_0175,7,104,exact_maximum_overlap,7,7,11,15,0.7333333333333333
19530607,1953,19580525,1958,greenacre_weighted_power_0175,7,105,exact_maximum_overlap,1,1,8,14,0.5714285714285714
19530607,1953,19580525,1958,greenacre_weighted_power_0175,7,105,exact_maximum_overlap,1,2,0,14,0
19530607,1953,19580525,1958,greenacre_weighted_power_0175,7,105,exact_maximum_overlap,1,3,0,14,0
19530607,1953,19580525,1958,greenacre_weighted_power_0175,7,105,exact_maximum_overlap,1,4,0,14,0
19530607,1953,19580525,1958,greenacre_weighted_power_0175,7,105,exact_maximum_overlap,1,5,0,14,0
19530607,1953,19580525,1958,greenacre_weighted_power_0175,7,105,exact_maximum_overlap,1,6,0,14,0
19530607,1953,19580525,1958,greenacre_weighted_power_0175,7,105,exact_maximum_overlap,1,7,6,14,0.42857142857142855
19530607,1953,19580525,1958,greenacre_weighted_power_0175,7,105,exact_maximum_overlap,2,1,0,17,0
19530607,1953,19580525,1958,greenacre_weighted_power_0175,7,105,exact_maximum_overlap,2,2,16,17,0.9411764705882353
19530607,1953,19580525,1958,greenacre_weighted_power_0175,7,105,exact_maximum_overlap,2,3,0,17,0
19530607,1953,19580525,1958,greenacre_weighted_power_0175,7,105,exact_maximum_overlap,2,4,0,17,0
19530607,1953,19580525,1958,greenacre_weighted_power_0175,7,105,exact_maximum_overlap,2,5,0,17,0
19530607,1953,19580525,1958,greenacre_weighted_power_0175,7,105,exact_maximum_overlap,2,6,1,17,0.058823529411764705
19530607,1953,19580525,1958,greenacre_weighted_power_0175,7,105,exact_maximum_overlap,2,7,0,17,0
19530607,1953,19580525,1958,greenacre_weighted_power_0175,7,105,exact_maximum_overlap,3,1,1,15,0.06666666666666667
19530607,1953,19580525,1958,greenacre_weighted_power_0175,7,105,exact_maximum_overlap,3,2,0,15,0
19530607,1953,19580525,1958,greenacre_weighted_power_0175,7,105,exact_maximum_overlap,3,3,11,15,0.7333333333333333
19530607,1953,19580525,1958,greenacre_weighted_power_0175,7,105,exact_maximum_overlap,3,4,1,15,0.06666666666666667
19530607,1953,19580525,1958,greenacre_weighted_power_0175,7,105,exact_maximum_overlap,3,5,1,15,0.06666666666666667
19530607,1953,19580525,1958,greenacre_weighted_power_0175,7,105,exact_maximum_overlap,3,6,0,15,0
19530607,1953,19580525,1958,greenacre_weighted_power_0175,7,105,exact_maximum_overlap,3,7,1,15,0.06666666666666667
19530607,1953,19580525,1958,greenacre_weighted_power_0175,7,105,exact_maximum_overlap,4,1,0,15,0
19530607,1953,19580525,1958,greenacre_weighted_power_0175,7,105,exact_maximum_overlap,4,2,7,15,0.4666666666666667
19530607,1953,19580525,1958,greenacre_weighted_power_0175,7,105,exact_maximum_overlap,4,3,1,15,0.06666666666666667
19530607,1953,19580525,1958,greenacre_weighted_power_0175,7,105,exact_maximum_overlap,4,4,5,15,0.3333333333333333
19530607,1953,19580525,1958,greenacre_weighted_power_0175,7,105,exact_maximum_overlap,4,5,0,15,0
19530607,1953,19580525,1958,greenacre_weighted_power_0175,7,105,exact_maximum_overlap,4,6,2,15,0.13333333333333333
19530607,1953,19580525,1958,greenacre_weighted_power_0175,7,105,exact_maximum_overlap,4,7,0,15,0
19530607,1953,19580525,1958,greenacre_weighted_power_0175,7,105,exact_maximum_overlap,5,1,0,15,0
19530607,1953,19580525,1958,greenacre_weighted_power_0175,7,105,exact_maximum_overlap,5,2,11,15,0.7333333333333333
19530607,1953,19580525,1958,greenacre_weighted_power_0175,7,105,exact_maximum_overlap,5,3,0,15,0
19530607,1953,19580525,1958,greenacre_weighted_power_0175,7,105,exact_maximum_overlap,5,4,2,15,0.13333333333333333
19530607,1953,19580525,1958,greenacre_weighted_power_0175,7,105,exact_maximum_overlap,5,5,2,15,0.13333333333333333
19530607,1953,19580525,1958,greenacre_weighted_power_0175,7,105,exact_maximum_overlap,5,6,0,15,0
19530607,1953,19580525,1958,greenacre_weighted_power_0175,7,105,exact_maximum_overlap,5,7,0,15,0
19530607,1953,19580525,1958,greenacre_weighted_power_0175,7,105,exact_maximum_overlap,6,1,0,17,0
19530607,1953,19580525,1958,greenacre_weighted_power_0175,7,105,exact_maximum_overlap,6,2,0,17,0
19530607,1953,19580525,1958,greenacre_weighted_power_0175,7,105,exact_maximum_overlap,6,3,0,17,0
19530607,1953,19580525,1958,greenacre_weighted_power_0175,7,105,exact_maximum_overlap,6,4,1,17,0.058823529411764705
19530607,1953,19580525,1958,greenacre_weighted_power_0175,7,105,exact_maximum_overlap,6,5,8,17,0.47058823529411764
19530607,1953,19580525,1958,greenacre_weighted_power_0175,7,105,exact_maximum_overlap,6,6,8,17,0.47058823529411764
19530607,1953,19580525,1958,greenacre_weighted_power_0175,7,105,exact_maximum_overlap,6,7,0,17,0
19530607,1953,19580525,1958,greenacre_weighted_power_0175,7,105,exact_maximum_overlap,7,1,2,12,0.16666666666666666
19530607,1953,19580525,1958,greenacre_weighted_power_0175,7,105,exact_maximum_overlap,7,2,0,12,0
19530607,1953,19580525,1958,greenacre_weighted_power_0175,7,105,exact_maximum_overlap,7,3,1,12,0.08333333333333333
19530607,1953,19580525,1958,greenacre_weighted_power_0175,7,105,exact_maximum_overlap,7,4,2,12,0.16666666666666666
19530607,1953,19580525,1958,greenacre_weighted_power_0175,7,105,exact_maximum_overlap,7,5,0,12,0
19530607,1953,19580525,1958,greenacre_weighted_power_0175,7,105,exact_maximum_overlap,7,6,0,12,0
19530607,1953,19580525,1958,greenacre_weighted_power_0175,7,105,exact_maximum_overlap,7,7,7,12,0.5833333333333334
19580525,1958,19630428,1963,greenacre_weighted_power_0175,7,106,exact_maximum_overlap,1,1,2,11,0.18181818181818182
19580525,1958,19630428,1963,greenacre_weighted_power_0175,7,106,exact_maximum_overlap,1,2,4,11,0.36363636363636365
19580525,1958,19630428,1963,greenacre_weighted_power_0175,7,106,exact_maximum_overlap,1,3,0,11,0
19580525,1958,19630428,1963,greenacre_weighted_power_0175,7,106,exact_maximum_overlap,1,4,0,11,0
19580525,1958,19630428,1963,greenacre_weighted_power_0175,7,106,exact_maximum_overlap,1,5,5,11,0.45454545454545453
19580525,1958,19630428,1963,greenacre_weighted_power_0175,7,106,exact_maximum_overlap,1,6,0,11,0
19580525,1958,19630428,1963,greenacre_weighted_power_0175,7,106,exact_maximum_overlap,1,7,0,11,0
19580525,1958,19630428,1963,greenacre_weighted_power_0175,7,106,exact_maximum_overlap,2,1,1,14,0.07142857142857142
19580525,1958,19630428,1963,greenacre_weighted_power_0175,7,106,exact_maximum_overlap,2,2,11,14,0.7857142857142857
19580525,1958,19630428,1963,greenacre_weighted_power_0175,7,106,exact_maximum_overlap,2,3,0,14,0
19580525,1958,19630428,1963,greenacre_weighted_power_0175,7,106,exact_maximum_overlap,2,4,0,14,0
19580525,1958,19630428,1963,greenacre_weighted_power_0175,7,106,exact_maximum_overlap,2,5,0,14,0
19580525,1958,19630428,1963,greenacre_weighted_power_0175,7,106,exact_maximum_overlap,2,6,1,14,0.07142857142857142
19580525,1958,19630428,1963,greenacre_weighted_power_0175,7,106,exact_maximum_overlap,2,7,1,14,0.07142857142857142
19580525,1958,19630428,1963,greenacre_weighted_power_0175,7,106,exact_maximum_overlap,3,1,0,11,0
19580525,1958,19630428,1963,greenacre_weighted_power_0175,7,106,exact_maximum_overlap,3,2,0,11,0
19580525,1958,19630428,1963,greenacre_weighted_power_0175,7,106,exact_maximum_overlap,3,3,4,11,0.36363636363636365
19580525,1958,19630428,1963,greenacre_weighted_power_0175,7,106,exact_maximum_overlap,3,4,3,11,0.2727272727272727
19580525,1958,19630428,1963,greenacre_weighted_power_0175,7,106,exact_maximum_overlap,3,5,0,11,0
19580525,1958,19630428,1963,greenacre_weighted_power_0175,7,106,exact_maximum_overlap,3,6,4,11,0.36363636363636365
19580525,1958,19630428,1963,greenacre_weighted_power_0175,7,106,exact_maximum_overlap,3,7,0,11,0
19580525,1958,19630428,1963,greenacre_weighted_power_0175,7,106,exact_maximum_overlap,4,1,1,11,0.09090909090909091
19580525,1958,19630428,1963,greenacre_weighted_power_0175,7,106,exact_maximum_overlap,4,2,1,11,0.09090909090909091
19580525,1958,19630428,1963,greenacre_weighted_power_0175,7,106,exact_maximum_overlap,4,3,3,11,0.2727272727272727
19580525,1958,19630428,1963,greenacre_weighted_power_0175,7,106,exact_maximum_overlap,4,4,6,11,0.5454545454545454
19580525,1958,19630428,1963,greenacre_weighted_power_0175,7,106,exact_maximum_overlap,4,5,0,11,0
19580525,1958,19630428,1963,greenacre_weighted_power_0175,7,106,exact_maximum_overlap,4,6,0,11,0
19580525,1958,19630428,1963,greenacre_weighted_power_0175,7,106,exact_maximum_overlap,4,7,0,11,0
19580525,1958,19630428,1963,greenacre_weighted_power_0175,7,106,exact_maximum_overlap,5,1,2,14,0.14285714285714285
19580525,1958,19630428,1963,greenacre_weighted_power_0175,7,106,exact_maximum_overlap,5,2,2,14,0.14285714285714285
19580525,1958,19630428,1963,greenacre_weighted_power_0175,7,106,exact_maximum_overlap,5,3,0,14,0
19580525,1958,19630428,1963,greenacre_weighted_power_0175,7,106,exact_maximum_overlap,5,4,0,14,0
19580525,1958,19630428,1963,greenacre_weighted_power_0175,7,106,exact_maximum_overlap,5,5,10,14,0.7142857142857143
19580525,1958,19630428,1963,greenacre_weighted_power_0175,7,106,exact_maximum_overlap,5,6,0,14,0
19580525,1958,19630428,1963,greenacre_weighted_power_0175,7,106,exact_maximum_overlap,5,7,0,14,0
19580525,1958,19630428,1963,greenacre_weighted_power_0175,7,106,exact_maximum_overlap,6,1,0,34,0
19580525,1958,19630428,1963,greenacre_weighted_power_0175,7,106,exact_maximum_overlap,6,2,0,34,0
19580525,1958,19630428,1963,greenacre_weighted_power_0175,7,106,exact_maximum_overlap,6,3,0,34,0
19580525,1958,19630428,1963,greenacre_weighted_power_0175,7,106,exact_maximum_overlap,6,4,0,34,0
19580525,1958,19630428,1963,greenacre_weighted_power_0175,7,106,exact_maximum_overlap,6,5,0,34,0
19580525,1958,19630428,1963,greenacre_weighted_power_0175,7,106,exact_maximum_overlap,6,6,18,34,0.5294117647058824
19580525,1958,19630428,1963,greenacre_weighted_power_0175,7,106,exact_maximum_overlap,6,7,16,34,0.47058823529411764
19580525,1958,19630428,1963,greenacre_weighted_power_0175,7,106,exact_maximum_overlap,7,1,3,11,0.2727272727272727
19580525,1958,19630428,1963,greenacre_weighted_power_0175,7,106,exact_maximum_overlap,7,2,1,11,0.09090909090909091
19580525,1958,19630428,1963,greenacre_weighted_power_0175,7,106,exact_maximum_overlap,7,3,2,11,0.18181818181818182
19580525,1958,19630428,1963,greenacre_weighted_power_0175,7,106,exact_maximum_overlap,7,4,1,11,0.09090909090909091
19580525,1958,19630428,1963,greenacre_weighted_power_0175,7,106,exact_maximum_overlap,7,5,0,11,0
19580525,1958,19630428,1963,greenacre_weighted_power_0175,7,106,exact_maximum_overlap,7,6,1,11,0.09090909090909091
19580525,1958,19630428,1963,greenacre_weighted_power_0175,7,106,exact_maximum_overlap,7,7,3,11,0.2727272727272727
19630428,1963,19680519,1968,greenacre_weighted_power_0175,7,106,exact_maximum_overlap,1,1,4,10,0.4
19630428,1963,19680519,1968,greenacre_weighted_power_0175,7,106,exact_maximum_overlap,1,2,6,10,0.6
19630428,1963,19680519,1968,greenacre_weighted_power_0175,7,106,exact_maximum_overlap,1,3,0,10,0
19630428,1963,19680519,1968,greenacre_weighted_power_0175,7,106,exact_maximum_overlap,1,4,0,10,0
19630428,1963,19680519,1968,greenacre_weighted_power_0175,7,106,exact_maximum_overlap,1,5,0,10,0
19630428,1963,19680519,1968,greenacre_weighted_power_0175,7,106,exact_maximum_overlap,1,6,0,10,0
19630428,1963,19680519,1968,greenacre_weighted_power_0175,7,106,exact_maximum_overlap,1,7,0,10,0
19630428,1963,19680519,1968,greenacre_weighted_power_0175,7,106,exact_maximum_overlap,2,1,3,9,0.3333333333333333
19630428,1963,19680519,1968,greenacre_weighted_power_0175,7,106,exact_maximum_overlap,2,2,6,9,0.6666666666666666
19630428,1963,19680519,1968,greenacre_weighted_power_0175,7,106,exact_maximum_overlap,2,3,0,9,0
19630428,1963,19680519,1968,greenacre_weighted_power_0175,7,106,exact_maximum_overlap,2,4,0,9,0
19630428,1963,19680519,1968,greenacre_weighted_power_0175,7,106,exact_maximum_overlap,2,5,0,9,0
19630428,1963,19680519,1968,greenacre_weighted_power_0175,7,106,exact_maximum_overlap,2,6,0,9,0
19630428,1963,19680519,1968,greenacre_weighted_power_0175,7,106,exact_maximum_overlap,2,7,0,9,0
19630428,1963,19680519,1968,greenacre_weighted_power_0175,7,106,exact_maximum_overlap,3,1,0,15,0
19630428,1963,19680519,1968,greenacre_weighted_power_0175,7,106,exact_maximum_overlap,3,2,0,15,0
19630428,1963,19680519,1968,greenacre_weighted_power_0175,7,106,exact_maximum_overlap,3,3,7,15,0.4666666666666667
19630428,1963,19680519,1968,greenacre_weighted_power_0175,7,106,exact_maximum_overlap,3,4,8,15,0.5333333333333333
19630428,1963,19680519,1968,greenacre_weighted_power_0175,7,106,exact_maximum_overlap,3,5,0,15,0
19630428,1963,19680519,1968,greenacre_weighted_power_0175,7,106,exact_maximum_overlap,3,6,0,15,0
19630428,1963,19680519,1968,greenacre_weighted_power_0175,7,106,exact_maximum_overlap,3,7,0,15,0
19630428,1963,19680519,1968,greenacre_weighted_power_0175,7,106,exact_maximum_overlap,4,1,1,9,0.1111111111111111
19630428,1963,19680519,1968,greenacre_weighted_power_0175,7,106,exact_maximum_overlap,4,2,1,9,0.1111111111111111
19630428,1963,19680519,1968,greenacre_weighted_power_0175,7,106,exact_maximum_overlap,4,3,0,9,0
19630428,1963,19680519,1968,greenacre_weighted_power_0175,7,106,exact_maximum_overlap,4,4,5,9,0.5555555555555556
19630428,1963,19680519,1968,greenacre_weighted_power_0175,7,106,exact_maximum_overlap,4,5,0,9,0
19630428,1963,19680519,1968,greenacre_weighted_power_0175,7,106,exact_maximum_overlap,4,6,2,9,0.2222222222222222
19630428,1963,19680519,1968,greenacre_weighted_power_0175,7,106,exact_maximum_overlap,4,7,0,9,0
19630428,1963,19680519,1968,greenacre_weighted_power_0175,7,106,exact_maximum_overlap,5,1,1,19,0.05263157894736842
19630428,1963,19680519,1968,greenacre_weighted_power_0175,7,106,exact_maximum_overlap,5,2,0,19,0
19630428,1963,19680519,1968,greenacre_weighted_power_0175,7,106,exact_maximum_overlap,5,3,5,19,0.2631578947368421
19630428,1963,19680519,1968,greenacre_weighted_power_0175,7,106,exact_maximum_overlap,5,4,0,19,0
19630428,1963,19680519,1968,greenacre_weighted_power_0175,7,106,exact_maximum_overlap,5,5,13,19,0.6842105263157895
19630428,1963,19680519,1968,greenacre_weighted_power_0175,7,106,exact_maximum_overlap,5,6,0,19,0
19630428,1963,19680519,1968,greenacre_weighted_power_0175,7,106,exact_maximum_overlap,5,7,0,19,0
19630428,1963,19680519,1968,greenacre_weighted_power_0175,7,106,exact_maximum_overlap,6,1,2,20,0.1
19630428,1963,19680519,1968,greenacre_weighted_power_0175,7,106,exact_maximum_overlap,6,2,0,20,0
19630428,1963,19680519,1968,greenacre_weighted_power_0175,7,106,exact_maximum_overlap,6,3,0,20,0
19630428,1963,19680519,1968,greenacre_weighted_power_0175,7,106,exact_maximum_overlap,6,4,4,20,0.2
19630428,1963,19680519,1968,greenacre_weighted_power_0175,7,106,exact_maximum_overlap,6,5,0,20,0
19630428,1963,19680519,1968,greenacre_weighted_power_0175,7,106,exact_maximum_overlap,6,6,13,20,0.65
19630428,1963,19680519,1968,greenacre_weighted_power_0175,7,106,exact_maximum_overlap,6,7,1,20,0.05
19630428,1963,19680519,1968,greenacre_weighted_power_0175,7,106,exact_maximum_overlap,7,1,2,24,0.08333333333333333
19630428,1963,19680519,1968,greenacre_weighted_power_0175,7,106,exact_maximum_overlap,7,2,1,24,0.041666666666666664
19630428,1963,19680519,1968,greenacre_weighted_power_0175,7,106,exact_maximum_overlap,7,3,0,24,0
19630428,1963,19680519,1968,greenacre_weighted_power_0175,7,106,exact_maximum_overlap,7,4,0,24,0
19630428,1963,19680519,1968,greenacre_weighted_power_0175,7,106,exact_maximum_overlap,7,5,2,24,0.08333333333333333
19630428,1963,19680519,1968,greenacre_weighted_power_0175,7,106,exact_maximum_overlap,7,6,15,24,0.625
19630428,1963,19680519,1968,greenacre_weighted_power_0175,7,106,exact_maximum_overlap,7,7,4,24,0.16666666666666666
19680519,1968,19720507,1972,greenacre_weighted_power_0175,7,106,exact_maximum_overlap,1,1,6,14,0.42857142857142855
19680519,1968,19720507,1972,greenacre_weighted_power_0175,7,106,exact_maximum_overlap,1,2,5,14,0.35714285714285715
19680519,1968,19720507,1972,greenacre_weighted_power_0175,7,106,exact_maximum_overlap,1,3,0,14,0
19680519,1968,19720507,1972,greenacre_weighted_power_0175,7,106,exact_maximum_overlap,1,4,0,14,0
19680519,1968,19720507,1972,greenacre_weighted_power_0175,7,106,exact_maximum_overlap,1,5,0,14,0
19680519,1968,19720507,1972,greenacre_weighted_power_0175,7,106,exact_maximum_overlap,1,6,0,14,0
19680519,1968,19720507,1972,greenacre_weighted_power_0175,7,106,exact_maximum_overlap,1,7,3,14,0.21428571428571427
19680519,1968,19720507,1972,greenacre_weighted_power_0175,7,106,exact_maximum_overlap,2,1,5,13,0.38461538461538464
19680519,1968,19720507,1972,greenacre_weighted_power_0175,7,106,exact_maximum_overlap,2,2,5,13,0.38461538461538464
19680519,1968,19720507,1972,greenacre_weighted_power_0175,7,106,exact_maximum_overlap,2,3,0,13,0
19680519,1968,19720507,1972,greenacre_weighted_power_0175,7,106,exact_maximum_overlap,2,4,0,13,0
19680519,1968,19720507,1972,greenacre_weighted_power_0175,7,106,exact_maximum_overlap,2,5,2,13,0.15384615384615385
19680519,1968,19720507,1972,greenacre_weighted_power_0175,7,106,exact_maximum_overlap,2,6,1,13,0.07692307692307693
19680519,1968,19720507,1972,greenacre_weighted_power_0175,7,106,exact_maximum_overlap,2,7,0,13,0
19680519,1968,19720507,1972,greenacre_weighted_power_0175,7,106,exact_maximum_overlap,3,1,2,15,0.13333333333333333
19680519,1968,19720507,1972,greenacre_weighted_power_0175,7,106,exact_maximum_overlap,3,2,0,15,0
19680519,1968,19720507,1972,greenacre_weighted_power_0175,7,106,exact_maximum_overlap,3,3,11,15,0.7333333333333333
19680519,1968,19720507,1972,greenacre_weighted_power_0175,7,106,exact_maximum_overlap,3,4,0,15,0
19680519,1968,19720507,1972,greenacre_weighted_power_0175,7,106,exact_maximum_overlap,3,5,0,15,0
19680519,1968,19720507,1972,greenacre_weighted_power_0175,7,106,exact_maximum_overlap,3,6,2,15,0.13333333333333333
19680519,1968,19720507,1972,greenacre_weighted_power_0175,7,106,exact_maximum_overlap,3,7,0,15,0
19680519,1968,19720507,1972,greenacre_weighted_power_0175,7,106,exact_maximum_overlap,4,1,0,17,0
19680519,1968,19720507,1972,greenacre_weighted_power_0175,7,106,exact_maximum_overlap,4,2,0,17,0
19680519,1968,19720507,1972,greenacre_weighted_power_0175,7,106,exact_maximum_overlap,4,3,1,17,0.058823529411764705
19680519,1968,19720507,1972,greenacre_weighted_power_0175,7,106,exact_maximum_overlap,4,4,11,17,0.6470588235294118
19680519,1968,19720507,1972,greenacre_weighted_power_0175,7,106,exact_maximum_overlap,4,5,1,17,0.058823529411764705
19680519,1968,19720507,1972,greenacre_weighted_power_0175,7,106,exact_maximum_overlap,4,6,4,17,0.23529411764705882
19680519,1968,19720507,1972,greenacre_weighted_power_0175,7,106,exact_maximum_overlap,4,7,0,17,0
19680519,1968,19720507,1972,greenacre_weighted_power_0175,7,106,exact_maximum_overlap,5,1,0,5,0
19680519,1968,19720507,1972,greenacre_weighted_power_0175,7,106,exact_maximum_overlap,5,2,0,5,0
19680519,1968,19720507,1972,greenacre_weighted_power_0175,7,106,exact_maximum_overlap,5,3,0,5,0
19680519,1968,19720507,1972,greenacre_weighted_power_0175,7,106,exact_maximum_overlap,5,4,0,5,0
19680519,1968,19720507,1972,greenacre_weighted_power_0175,7,106,exact_maximum_overlap,5,5,2,5,0.4
19680519,1968,19720507,1972,greenacre_weighted_power_0175,7,106,exact_maximum_overlap,5,6,1,5,0.2
19680519,1968,19720507,1972,greenacre_weighted_power_0175,7,106,exact_maximum_overlap,5,7,2,5,0.4
19680519,1968,19720507,1972,greenacre_weighted_power_0175,7,106,exact_maximum_overlap,6,1,1,12,0.08333333333333333
19680519,1968,19720507,1972,greenacre_weighted_power_0175,7,106,exact_maximum_overlap,6,2,0,12,0
19680519,1968,19720507,1972,greenacre_weighted_power_0175,7,106,exact_maximum_overlap,6,3,4,12,0.3333333333333333
19680519,1968,19720507,1972,greenacre_weighted_power_0175,7,106,exact_maximum_overlap,6,4,7,12,0.5833333333333334
19680519,1968,19720507,1972,greenacre_weighted_power_0175,7,106,exact_maximum_overlap,6,5,0,12,0
19680519,1968,19720507,1972,greenacre_weighted_power_0175,7,106,exact_maximum_overlap,6,6,0,12,0
19680519,1968,19720507,1972,greenacre_weighted_power_0175,7,106,exact_maximum_overlap,6,7,0,12,0
19680519,1968,19720507,1972,greenacre_weighted_power_0175,7,106,exact_maximum_overlap,7,1,0,30,0
19680519,1968,19720507,1972,greenacre_weighted_power_0175,7,106,exact_maximum_overlap,7,2,0,30,0
19680519,1968,19720507,1972,greenacre_weighted_power_0175,7,106,exact_maximum_overlap,7,3,1,30,0.03333333333333333
19680519,1968,19720507,1972,greenacre_weighted_power_0175,7,106,exact_maximum_overlap,7,4,0,30,0
19680519,1968,19720507,1972,greenacre_weighted_power_0175,7,106,exact_maximum_overlap,7,5,9,30,0.3
19680519,1968,19720507,1972,greenacre_weighted_power_0175,7,106,exact_maximum_overlap,7,6,7,30,0.23333333333333334
19680519,1968,19720507,1972,greenacre_weighted_power_0175,7,106,exact_maximum_overlap,7,7,13,30,0.43333333333333335
19720507,1972,19760620,1976,greenacre_weighted_power_0175,7,106,exact_maximum_overlap,1,1,9,14,0.6428571428571429
19720507,1972,19760620,1976,greenacre_weighted_power_0175,7,106,exact_maximum_overlap,1,2,0,14,0
19720507,1972,19760620,1976,greenacre_weighted_power_0175,7,106,exact_maximum_overlap,1,3,0,14,0
19720507,1972,19760620,1976,greenacre_weighted_power_0175,7,106,exact_maximum_overlap,1,4,0,14,0
19720507,1972,19760620,1976,greenacre_weighted_power_0175,7,106,exact_maximum_overlap,1,5,0,14,0
19720507,1972,19760620,1976,greenacre_weighted_power_0175,7,106,exact_maximum_overlap,1,6,5,14,0.35714285714285715
19720507,1972,19760620,1976,greenacre_weighted_power_0175,7,106,exact_maximum_overlap,1,7,0,14,0
19720507,1972,19760620,1976,greenacre_weighted_power_0175,7,106,exact_maximum_overlap,2,1,0,18,0
19720507,1972,19760620,1976,greenacre_weighted_power_0175,7,106,exact_maximum_overlap,2,2,11,18,0.6111111111111112
19720507,1972,19760620,1976,greenacre_weighted_power_0175,7,106,exact_maximum_overlap,2,3,0,18,0
19720507,1972,19760620,1976,greenacre_weighted_power_0175,7,106,exact_maximum_overlap,2,4,7,18,0.3888888888888889
19720507,1972,19760620,1976,greenacre_weighted_power_0175,7,106,exact_maximum_overlap,2,5,0,18,0
19720507,1972,19760620,1976,greenacre_weighted_power_0175,7,106,exact_maximum_overlap,2,6,0,18,0
19720507,1972,19760620,1976,greenacre_weighted_power_0175,7,106,exact_maximum_overlap,2,7,0,18,0
19720507,1972,19760620,1976,greenacre_weighted_power_0175,7,106,exact_maximum_overlap,3,1,0,14,0
19720507,1972,19760620,1976,greenacre_weighted_power_0175,7,106,exact_maximum_overlap,3,2,0,14,0
19720507,1972,19760620,1976,greenacre_weighted_power_0175,7,106,exact_maximum_overlap,3,3,5,14,0.35714285714285715
19720507,1972,19760620,1976,greenacre_weighted_power_0175,7,106,exact_maximum_overlap,3,4,4,14,0.2857142857142857
19720507,1972,19760620,1976,greenacre_weighted_power_0175,7,106,exact_maximum_overlap,3,5,2,14,0.14285714285714285
19720507,1972,19760620,1976,greenacre_weighted_power_0175,7,106,exact_maximum_overlap,3,6,0,14,0
19720507,1972,19760620,1976,greenacre_weighted_power_0175,7,106,exact_maximum_overlap,3,7,3,14,0.21428571428571427
19720507,1972,19760620,1976,greenacre_weighted_power_0175,7,106,exact_maximum_overlap,4,1,0,17,0
19720507,1972,19760620,1976,greenacre_weighted_power_0175,7,106,exact_maximum_overlap,4,2,0,17,0
19720507,1972,19760620,1976,greenacre_weighted_power_0175,7,106,exact_maximum_overlap,4,3,6,17,0.35294117647058826
19720507,1972,19760620,1976,greenacre_weighted_power_0175,7,106,exact_maximum_overlap,4,4,11,17,0.6470588235294118
19720507,1972,19760620,1976,greenacre_weighted_power_0175,7,106,exact_maximum_overlap,4,5,0,17,0
19720507,1972,19760620,1976,greenacre_weighted_power_0175,7,106,exact_maximum_overlap,4,6,0,17,0
19720507,1972,19760620,1976,greenacre_weighted_power_0175,7,106,exact_maximum_overlap,4,7,0,17,0
19720507,1972,19760620,1976,greenacre_weighted_power_0175,7,106,exact_maximum_overlap,5,1,0,10,0
19720507,1972,19760620,1976,greenacre_weighted_power_0175,7,106,exact_maximum_overlap,5,2,0,10,0
19720507,1972,19760620,1976,greenacre_weighted_power_0175,7,106,exact_maximum_overlap,5,3,0,10,0
19720507,1972,19760620,1976,greenacre_weighted_power_0175,7,106,exact_maximum_overlap,5,4,0,10,0
19720507,1972,19760620,1976,greenacre_weighted_power_0175,7,106,exact_maximum_overlap,5,5,8,10,0.8
19720507,1972,19760620,1976,greenacre_weighted_power_0175,7,106,exact_maximum_overlap,5,6,0,10,0
19720507,1972,19760620,1976,greenacre_weighted_power_0175,7,106,exact_maximum_overlap,5,7,2,10,0.2
19720507,1972,19760620,1976,greenacre_weighted_power_0175,7,106,exact_maximum_overlap,6,1,2,15,0.13333333333333333
19720507,1972,19760620,1976,greenacre_weighted_power_0175,7,106,exact_maximum_overlap,6,2,0,15,0
19720507,1972,19760620,1976,greenacre_weighted_power_0175,7,106,exact_maximum_overlap,6,3,3,15,0.2
19720507,1972,19760620,1976,greenacre_weighted_power_0175,7,106,exact_maximum_overlap,6,4,0,15,0
19720507,1972,19760620,1976,greenacre_weighted_power_0175,7,106,exact_maximum_overlap,6,5,0,15,0
19720507,1972,19760620,1976,greenacre_weighted_power_0175,7,106,exact_maximum_overlap,6,6,10,15,0.6666666666666666
19720507,1972,19760620,1976,greenacre_weighted_power_0175,7,106,exact_maximum_overlap,6,7,0,15,0
19720507,1972,19760620,1976,greenacre_weighted_power_0175,7,106,exact_maximum_overlap,7,1,10,18,0.5555555555555556
19720507,1972,19760620,1976,greenacre_weighted_power_0175,7,106,exact_maximum_overlap,7,2,0,18,0
19720507,1972,19760620,1976,greenacre_weighted_power_0175,7,106,exact_maximum_overlap,7,3,0,18,0
19720507,1972,19760620,1976,greenacre_weighted_power_0175,7,106,exact_maximum_overlap,7,4,0,18,0
19720507,1972,19760620,1976,greenacre_weighted_power_0175,7,106,exact_maximum_overlap,7,5,0,18,0
19720507,1972,19760620,1976,greenacre_weighted_power_0175,7,106,exact_maximum_overlap,7,6,7,18,0.3888888888888889
19720507,1972,19760620,1976,greenacre_weighted_power_0175,7,106,exact_maximum_overlap,7,7,1,18,0.05555555555555555
19760620,1976,19790603,1979,greenacre_weighted_power_0175,7,106,exact_maximum_overlap,1,1,11,22,0.5
19760620,1976,19790603,1979,greenacre_weighted_power_0175,7,106,exact_maximum_overlap,1,2,8,22,0.36363636363636365
19760620,1976,19790603,1979,greenacre_weighted_power_0175,7,106,exact_maximum_overlap,1,3,0,22,0
19760620,1976,19790603,1979,greenacre_weighted_power_0175,7,106,exact_maximum_overlap,1,4,0,22,0
19760620,1976,19790603,1979,greenacre_weighted_power_0175,7,106,exact_maximum_overlap,1,5,1,22,0.045454545454545456
19760620,1976,19790603,1979,greenacre_weighted_power_0175,7,106,exact_maximum_overlap,1,6,1,22,0.045454545454545456
19760620,1976,19790603,1979,greenacre_weighted_power_0175,7,106,exact_maximum_overlap,1,7,1,22,0.045454545454545456
19760620,1976,19790603,1979,greenacre_weighted_power_0175,7,106,exact_maximum_overlap,2,1,8,21,0.38095238095238093
19760620,1976,19790603,1979,greenacre_weighted_power_0175,7,106,exact_maximum_overlap,2,2,9,21,0.42857142857142855
19760620,1976,19790603,1979,greenacre_weighted_power_0175,7,106,exact_maximum_overlap,2,3,0,21,0
19760620,1976,19790603,1979,greenacre_weighted_power_0175,7,106,exact_maximum_overlap,2,4,0,21,0
19760620,1976,19790603,1979,greenacre_weighted_power_0175,7,106,exact_maximum_overlap,2,5,0,21,0
19760620,1976,19790603,1979,greenacre_weighted_power_0175,7,106,exact_maximum_overlap,2,6,0,21,0
19760620,1976,19790603,1979,greenacre_weighted_power_0175,7,106,exact_maximum_overlap,2,7,4,21,0.19047619047619047
19760620,1976,19790603,1979,greenacre_weighted_power_0175,7,106,exact_maximum_overlap,3,1,0,10,0
19760620,1976,19790603,1979,greenacre_weighted_power_0175,7,106,exact_maximum_overlap,3,2,0,10,0
19760620,1976,19790603,1979,greenacre_weighted_power_0175,7,106,exact_maximum_overlap,3,3,9,10,0.9
19760620,1976,19790603,1979,greenacre_weighted_power_0175,7,106,exact_maximum_overlap,3,4,0,10,0
19760620,1976,19790603,1979,greenacre_weighted_power_0175,7,106,exact_maximum_overlap,3,5,0,10,0
19760620,1976,19790603,1979,greenacre_weighted_power_0175,7,106,exact_maximum_overlap,3,6,1,10,0.1
19760620,1976,19790603,1979,greenacre_weighted_power_0175,7,106,exact_maximum_overlap,3,7,0,10,0
19760620,1976,19790603,1979,greenacre_weighted_power_0175,7,106,exact_maximum_overlap,4,1,0,11,0
19760620,1976,19790603,1979,greenacre_weighted_power_0175,7,106,exact_maximum_overlap,4,2,0,11,0
19760620,1976,19790603,1979,greenacre_weighted_power_0175,7,106,exact_maximum_overlap,4,3,0,11,0
19760620,1976,19790603,1979,greenacre_weighted_power_0175,7,106,exact_maximum_overlap,4,4,11,11,1
19760620,1976,19790603,1979,greenacre_weighted_power_0175,7,106,exact_maximum_overlap,4,5,0,11,0
19760620,1976,19790603,1979,greenacre_weighted_power_0175,7,106,exact_maximum_overlap,4,6,0,11,0
19760620,1976,19790603,1979,greenacre_weighted_power_0175,7,106,exact_maximum_overlap,4,7,0,11,0
19760620,1976,19790603,1979,greenacre_weighted_power_0175,7,106,exact_maximum_overlap,5,1,0,22,0
19760620,1976,19790603,1979,greenacre_weighted_power_0175,7,106,exact_maximum_overlap,5,2,0,22,0
19760620,1976,19790603,1979,greenacre_weighted_power_0175,7,106,exact_maximum_overlap,5,3,0,22,0
19760620,1976,19790603,1979,greenacre_weighted_power_0175,7,106,exact_maximum_overlap,5,4,8,22,0.36363636363636365
19760620,1976,19790603,1979,greenacre_weighted_power_0175,7,106,exact_maximum_overlap,5,5,10,22,0.45454545454545453
19760620,1976,19790603,1979,greenacre_weighted_power_0175,7,106,exact_maximum_overlap,5,6,4,22,0.18181818181818182
19760620,1976,19790603,1979,greenacre_weighted_power_0175,7,106,exact_maximum_overlap,5,7,0,22,0
19760620,1976,19790603,1979,greenacre_weighted_power_0175,7,106,exact_maximum_overlap,6,1,1,14,0.07142857142857142
19760620,1976,19790603,1979,greenacre_weighted_power_0175,7,106,exact_maximum_overlap,6,2,0,14,0
19760620,1976,19790603,1979,greenacre_weighted_power_0175,7,106,exact_maximum_overlap,6,3,1,14,0.07142857142857142
19760620,1976,19790603,1979,greenacre_weighted_power_0175,7,106,exact_maximum_overlap,6,4,0,14,0
19760620,1976,19790603,1979,greenacre_weighted_power_0175,7,106,exact_maximum_overlap,6,5,4,14,0.2857142857142857
19760620,1976,19790603,1979,greenacre_weighted_power_0175,7,106,exact_maximum_overlap,6,6,7,14,0.5
19760620,1976,19790603,1979,greenacre_weighted_power_0175,7,106,exact_maximum_overlap,6,7,1,14,0.07142857142857142
19760620,1976,19790603,1979,greenacre_weighted_power_0175,7,106,exact_maximum_overlap,7,1,0,6,0
19760620,1976,19790603,1979,greenacre_weighted_power_0175,7,106,exact_maximum_overlap,7,2,0,6,0
19760620,1976,19790603,1979,greenacre_weighted_power_0175,7,106,exact_maximum_overlap,7,3,1,6,0.16666666666666666
19760620,1976,19790603,1979,greenacre_weighted_power_0175,7,106,exact_maximum_overlap,7,4,0,6,0
19760620,1976,19790603,1979,greenacre_weighted_power_0175,7,106,exact_maximum_overlap,7,5,0,6,0
19760620,1976,19790603,1979,greenacre_weighted_power_0175,7,106,exact_maximum_overlap,7,6,0,6,0
19760620,1976,19790603,1979,greenacre_weighted_power_0175,7,106,exact_maximum_overlap,7,7,5,6,0.8333333333333334
19790603,1979,19830626,1983,greenacre_weighted_power_0175,7,106,exact_maximum_overlap,1,1,3,13,0.23076923076923078
19790603,1979,19830626,1983,greenacre_weighted_power_0175,7,106,exact_maximum_overlap,1,2,2,13,0.15384615384615385
19790603,1979,19830626,1983,greenacre_weighted_power_0175,7,106,exact_maximum_overlap,1,3,2,13,0.15384615384615385
19790603,1979,19830626,1983,greenacre_weighted_power_0175,7,106,exact_maximum_overlap,1,4,0,13,0
19790603,1979,19830626,1983,greenacre_weighted_power_0175,7,106,exact_maximum_overlap,1,5,6,13,0.46153846153846156
19790603,1979,19830626,1983,greenacre_weighted_power_0175,7,106,exact_maximum_overlap,1,6,0,13,0
19790603,1979,19830626,1983,greenacre_weighted_power_0175,7,106,exact_maximum_overlap,1,7,0,13,0
19790603,1979,19830626,1983,greenacre_weighted_power_0175,7,106,exact_maximum_overlap,2,1,2,11,0.18181818181818182
19790603,1979,19830626,1983,greenacre_weighted_power_0175,7,106,exact_maximum_overlap,2,2,4,11,0.36363636363636365
19790603,1979,19830626,1983,greenacre_weighted_power_0175,7,106,exact_maximum_overlap,2,3,0,11,0
19790603,1979,19830626,1983,greenacre_weighted_power_0175,7,106,exact_maximum_overlap,2,4,1,11,0.09090909090909091
19790603,1979,19830626,1983,greenacre_weighted_power_0175,7,106,exact_maximum_overlap,2,5,2,11,0.18181818181818182
19790603,1979,19830626,1983,greenacre_weighted_power_0175,7,106,exact_maximum_overlap,2,6,0,11,0
19790603,1979,19830626,1983,greenacre_weighted_power_0175,7,106,exact_maximum_overlap,2,7,2,11,0.18181818181818182
19790603,1979,19830626,1983,greenacre_weighted_power_0175,7,106,exact_maximum_overlap,3,1,2,19,0.10526315789473684
19790603,1979,19830626,1983,greenacre_weighted_power_0175,7,106,exact_maximum_overlap,3,2,0,19,0
19790603,1979,19830626,1983,greenacre_weighted_power_0175,7,106,exact_maximum_overlap,3,3,15,19,0.7894736842105263
19790603,1979,19830626,1983,greenacre_weighted_power_0175,7,106,exact_maximum_overlap,3,4,0,19,0
19790603,1979,19830626,1983,greenacre_weighted_power_0175,7,106,exact_maximum_overlap,3,5,0,19,0
19790603,1979,19830626,1983,greenacre_weighted_power_0175,7,106,exact_maximum_overlap,3,6,2,19,0.10526315789473684
19790603,1979,19830626,1983,greenacre_weighted_power_0175,7,106,exact_maximum_overlap,3,7,0,19,0
19790603,1979,19830626,1983,greenacre_weighted_power_0175,7,106,exact_maximum_overlap,4,1,1,17,0.058823529411764705
19790603,1979,19830626,1983,greenacre_weighted_power_0175,7,106,exact_maximum_overlap,4,2,0,17,0
19790603,1979,19830626,1983,greenacre_weighted_power_0175,7,106,exact_maximum_overlap,4,3,0,17,0
19790603,1979,19830626,1983,greenacre_weighted_power_0175,7,106,exact_maximum_overlap,4,4,12,17,0.7058823529411765
19790603,1979,19830626,1983,greenacre_weighted_power_0175,7,106,exact_maximum_overlap,4,5,0,17,0
19790603,1979,19830626,1983,greenacre_weighted_power_0175,7,106,exact_maximum_overlap,4,6,2,17,0.11764705882352941
19790603,1979,19830626,1983,greenacre_weighted_power_0175,7,106,exact_maximum_overlap,4,7,2,17,0.11764705882352941
19790603,1979,19830626,1983,greenacre_weighted_power_0175,7,106,exact_maximum_overlap,5,1,3,15,0.2
19790603,1979,19830626,1983,greenacre_weighted_power_0175,7,106,exact_maximum_overlap,5,2,0,15,0
19790603,1979,19830626,1983,greenacre_weighted_power_0175,7,106,exact_maximum_overlap,5,3,0,15,0
19790603,1979,19830626,1983,greenacre_weighted_power_0175,7,106,exact_maximum_overlap,5,4,0,15,0
19790603,1979,19830626,1983,greenacre_weighted_power_0175,7,106,exact_maximum_overlap,5,5,12,15,0.8
19790603,1979,19830626,1983,greenacre_weighted_power_0175,7,106,exact_maximum_overlap,5,6,0,15,0
19790603,1979,19830626,1983,greenacre_weighted_power_0175,7,106,exact_maximum_overlap,5,7,0,15,0
19790603,1979,19830626,1983,greenacre_weighted_power_0175,7,106,exact_maximum_overlap,6,1,1,20,0.05
19790603,1979,19830626,1983,greenacre_weighted_power_0175,7,106,exact_maximum_overlap,6,2,0,20,0
19790603,1979,19830626,1983,greenacre_weighted_power_0175,7,106,exact_maximum_overlap,6,3,0,20,0
19790603,1979,19830626,1983,greenacre_weighted_power_0175,7,106,exact_maximum_overlap,6,4,9,20,0.45
19790603,1979,19830626,1983,greenacre_weighted_power_0175,7,106,exact_maximum_overlap,6,5,2,20,0.1
19790603,1979,19830626,1983,greenacre_weighted_power_0175,7,106,exact_maximum_overlap,6,6,8,20,0.4
19790603,1979,19830626,1983,greenacre_weighted_power_0175,7,106,exact_maximum_overlap,6,7,0,20,0
19790603,1979,19830626,1983,greenacre_weighted_power_0175,7,106,exact_maximum_overlap,7,1,0,11,0
19790603,1979,19830626,1983,greenacre_weighted_power_0175,7,106,exact_maximum_overlap,7,2,5,11,0.45454545454545453
19790603,1979,19830626,1983,greenacre_weighted_power_0175,7,106,exact_maximum_overlap,7,3,0,11,0
19790603,1979,19830626,1983,greenacre_weighted_power_0175,7,106,exact_maximum_overlap,7,4,0,11,0
19790603,1979,19830626,1983,greenacre_weighted_power_0175,7,106,exact_maximum_overlap,7,5,1,11,0.09090909090909091
19790603,1979,19830626,1983,greenacre_weighted_power_0175,7,106,exact_maximum_overlap,7,6,0,11,0
19790603,1979,19830626,1983,greenacre_weighted_power_0175,7,106,exact_maximum_overlap,7,7,5,11,0.45454545454545453
19830626,1983,19870614,1987,greenacre_weighted_power_0175,7,106,exact_maximum_overlap,1,1,10,17,0.5882352941176471
19830626,1983,19870614,1987,greenacre_weighted_power_0175,7,106,exact_maximum_overlap,1,2,0,17,0
19830626,1983,19870614,1987,greenacre_weighted_power_0175,7,106,exact_maximum_overlap,1,3,0,17,0
19830626,1983,19870614,1987,greenacre_weighted_power_0175,7,106,exact_maximum_overlap,1,4,0,17,0
19830626,1983,19870614,1987,greenacre_weighted_power_0175,7,106,exact_maximum_overlap,1,5,6,17,0.35294117647058826
19830626,1983,19870614,1987,greenacre_weighted_power_0175,7,106,exact_maximum_overlap,1,6,0,17,0
19830626,1983,19870614,1987,greenacre_weighted_power_0175,7,106,exact_maximum_overlap,1,7,1,17,0.058823529411764705
19830626,1983,19870614,1987,greenacre_weighted_power_0175,7,106,exact_maximum_overlap,2,1,0,9,0
19830626,1983,19870614,1987,greenacre_weighted_power_0175,7,106,exact_maximum_overlap,2,2,3,9,0.3333333333333333
19830626,1983,19870614,1987,greenacre_weighted_power_0175,7,106,exact_maximum_overlap,2,3,3,9,0.3333333333333333
19830626,1983,19870614,1987,greenacre_weighted_power_0175,7,106,exact_maximum_overlap,2,4,2,9,0.2222222222222222
19830626,1983,19870614,1987,greenacre_weighted_power_0175,7,106,exact_maximum_overlap,2,5,0,9,0
19830626,1983,19870614,1987,greenacre_weighted_power_0175,7,106,exact_maximum_overlap,2,6,0,9,0
19830626,1983,19870614,1987,greenacre_weighted_power_0175,7,106,exact_maximum_overlap,2,7,1,9,0.1111111111111111
19830626,1983,19870614,1987,greenacre_weighted_power_0175,7,106,exact_maximum_overlap,3,1,1,23,0.043478260869565216
19830626,1983,19870614,1987,greenacre_weighted_power_0175,7,106,exact_maximum_overlap,3,2,4,23,0.17391304347826086
19830626,1983,19870614,1987,greenacre_weighted_power_0175,7,106,exact_maximum_overlap,3,3,12,23,0.5217391304347826
19830626,1983,19870614,1987,greenacre_weighted_power_0175,7,106,exact_maximum_overlap,3,4,0,23,0
19830626,1983,19870614,1987,greenacre_weighted_power_0175,7,106,exact_maximum_overlap,3,5,0,23,0
19830626,1983,19870614,1987,greenacre_weighted_power_0175,7,106,exact_maximum_overlap,3,6,0,23,0
19830626,1983,19870614,1987,greenacre_weighted_power_0175,7,106,exact_maximum_overlap,3,7,6,23,0.2608695652173913
19830626,1983,19870614,1987,greenacre_weighted_power_0175,7,106,exact_maximum_overlap,4,1,0,22,0
19830626,1983,19870614,1987,greenacre_weighted_power_0175,7,106,exact_maximum_overlap,4,2,1,22,0.045454545454545456
19830626,1983,19870614,1987,greenacre_weighted_power_0175,7,106,exact_maximum_overlap,4,3,0,22,0
19830626,1983,19870614,1987,greenacre_weighted_power_0175,7,106,exact_maximum_overlap,4,4,19,22,0.8636363636363636
19830626,1983,19870614,1987,greenacre_weighted_power_0175,7,106,exact_maximum_overlap,4,5,0,22,0
19830626,1983,19870614,1987,greenacre_weighted_power_0175,7,106,exact_maximum_overlap,4,6,0,22,0
19830626,1983,19870614,1987,greenacre_weighted_power_0175,7,106,exact_maximum_overlap,4,7,2,22,0.09090909090909091
19830626,1983,19870614,1987,greenacre_weighted_power_0175,7,106,exact_maximum_overlap,5,1,0,12,0
19830626,1983,19870614,1987,greenacre_weighted_power_0175,7,106,exact_maximum_overlap,5,2,2,12,0.16666666666666666
19830626,1983,19870614,1987,greenacre_weighted_power_0175,7,106,exact_maximum_overlap,5,3,2,12,0.16666666666666666
19830626,1983,19870614,1987,greenacre_weighted_power_0175,7,106,exact_maximum_overlap,5,4,1,12,0.08333333333333333
19830626,1983,19870614,1987,greenacre_weighted_power_0175,7,106,exact_maximum_overlap,5,5,4,12,0.3333333333333333
19830626,1983,19870614,1987,greenacre_weighted_power_0175,7,106,exact_maximum_overlap,5,6,0,12,0
19830626,1983,19870614,1987,greenacre_weighted_power_0175,7,106,exact_maximum_overlap,5,7,3,12,0.25
19830626,1983,19870614,1987,greenacre_weighted_power_0175,7,106,exact_maximum_overlap,6,1,0,11,0
19830626,1983,19870614,1987,greenacre_weighted_power_0175,7,106,exact_maximum_overlap,6,2,4,11,0.36363636363636365
19830626,1983,19870614,1987,greenacre_weighted_power_0175,7,106,exact_maximum_overlap,6,3,0,11,0
19830626,1983,19870614,1987,greenacre_weighted_power_0175,7,106,exact_maximum_overlap,6,4,0,11,0
19830626,1983,19870614,1987,greenacre_weighted_power_0175,7,106,exact_maximum_overlap,6,5,0,11,0
19830626,1983,19870614,1987,greenacre_weighted_power_0175,7,106,exact_maximum_overlap,6,6,5,11,0.45454545454545453
19830626,1983,19870614,1987,greenacre_weighted_power_0175,7,106,exact_maximum_overlap,6,7,2,11,0.18181818181818182
19830626,1983,19870614,1987,greenacre_weighted_power_0175,7,106,exact_maximum_overlap,7,1,0,12,0
19830626,1983,19870614,1987,greenacre_weighted_power_0175,7,106,exact_maximum_overlap,7,2,0,12,0
19830626,1983,19870614,1987,greenacre_weighted_power_0175,7,106,exact_maximum_overlap,7,3,0,12,0
19830626,1983,19870614,1987,greenacre_weighted_power_0175,7,106,exact_maximum_overlap,7,4,5,12,0.4166666666666667
19830626,1983,19870614,1987,greenacre_weighted_power_0175,7,106,exact_maximum_overlap,7,5,2,12,0.16666666666666666
19830626,1983,19870614,1987,greenacre_weighted_power_0175,7,106,exact_maximum_overlap,7,6,0,12,0
19830626,1983,19870614,1987,greenacre_weighted_power_0175,7,106,exact_maximum_overlap,7,7,5,12,0.4166666666666667
19870614,1987,19920405,1992,greenacre_weighted_power_0175,7,106,exact_maximum_overlap,1,1,5,12,0.4166666666666667
19870614,1987,19920405,1992,greenacre_weighted_power_0175,7,106,exact_maximum_overlap,1,2,0,12,0
19870614,1987,19920405,1992,greenacre_weighted_power_0175,7,106,exact_maximum_overlap,1,3,0,12,0
19870614,1987,19920405,1992,greenacre_weighted_power_0175,7,106,exact_maximum_overlap,1,4,6,12,0.5
19870614,1987,19920405,1992,greenacre_weighted_power_0175,7,106,exact_maximum_overlap,1,5,1,12,0.08333333333333333
19870614,1987,19920405,1992,greenacre_weighted_power_0175,7,106,exact_maximum_overlap,1,6,0,12,0
19870614,1987,19920405,1992,greenacre_weighted_power_0175,7,106,exact_maximum_overlap,1,7,0,12,0
19870614,1987,19920405,1992,greenacre_weighted_power_0175,7,106,exact_maximum_overlap,2,1,0,5,0
19870614,1987,19920405,1992,greenacre_weighted_power_0175,7,106,exact_maximum_overlap,2,2,5,5,1
19870614,1987,19920405,1992,greenacre_weighted_power_0175,7,106,exact_maximum_overlap,2,3,0,5,0
19870614,1987,19920405,1992,greenacre_weighted_power_0175,7,106,exact_maximum_overlap,2,4,0,5,0
19870614,1987,19920405,1992,greenacre_weighted_power_0175,7,106,exact_maximum_overlap,2,5,0,5,0
19870614,1987,19920405,1992,greenacre_weighted_power_0175,7,106,exact_maximum_overlap,2,6,0,5,0
19870614,1987,19920405,1992,greenacre_weighted_power_0175,7,106,exact_maximum_overlap,2,7,0,5,0
19870614,1987,19920405,1992,greenacre_weighted_power_0175,7,106,exact_maximum_overlap,3,1,5,20,0.25
19870614,1987,19920405,1992,greenacre_weighted_power_0175,7,106,exact_maximum_overlap,3,2,3,20,0.15
19870614,1987,19920405,1992,greenacre_weighted_power_0175,7,106,exact_maximum_overlap,3,3,4,20,0.2
19870614,1987,19920405,1992,greenacre_weighted_power_0175,7,106,exact_maximum_overlap,3,4,0,20,0
19870614,1987,19920405,1992,greenacre_weighted_power_0175,7,106,exact_maximum_overlap,3,5,7,20,0.35
19870614,1987,19920405,1992,greenacre_weighted_power_0175,7,106,exact_maximum_overlap,3,6,0,20,0
19870614,1987,19920405,1992,greenacre_weighted_power_0175,7,106,exact_maximum_overlap,3,7,1,20,0.05
19870614,1987,19920405,1992,greenacre_weighted_power_0175,7,106,exact_maximum_overlap,4,1,0,11,0
19870614,1987,19920405,1992,greenacre_weighted_power_0175,7,106,exact_maximum_overlap,4,2,0,11,0
19870614,1987,19920405,1992,greenacre_weighted_power_0175,7,106,exact_maximum_overlap,4,3,0,11,0
19870614,1987,19920405,1992,greenacre_weighted_power_0175,7,106,exact_maximum_overlap,4,4,11,11,1
19870614,1987,19920405,1992,greenacre_weighted_power_0175,7,106,exact_maximum_overlap,4,5,0,11,0
19870614,1987,19920405,1992,greenacre_weighted_power_0175,7,106,exact_maximum_overlap,4,6,0,11,0
19870614,1987,19920405,1992,greenacre_weighted_power_0175,7,106,exact_maximum_overlap,4,7,0,11,0
19870614,1987,19920405,1992,greenacre_weighted_power_0175,7,106,exact_maximum_overlap,5,1,1,17,0.058823529411764705
19870614,1987,19920405,1992,greenacre_weighted_power_0175,7,106,exact_maximum_overlap,5,2,0,17,0
19870614,1987,19920405,1992,greenacre_weighted_power_0175,7,106,exact_maximum_overlap,5,3,2,17,0.11764705882352941
19870614,1987,19920405,1992,greenacre_weighted_power_0175,7,106,exact_maximum_overlap,5,4,0,17,0
19870614,1987,19920405,1992,greenacre_weighted_power_0175,7,106,exact_maximum_overlap,5,5,12,17,0.7058823529411765
19870614,1987,19920405,1992,greenacre_weighted_power_0175,7,106,exact_maximum_overlap,5,6,2,17,0.11764705882352941
19870614,1987,19920405,1992,greenacre_weighted_power_0175,7,106,exact_maximum_overlap,5,7,0,17,0
19870614,1987,19920405,1992,greenacre_weighted_power_0175,7,106,exact_maximum_overlap,6,1,0,14,0
19870614,1987,19920405,1992,greenacre_weighted_power_0175,7,106,exact_maximum_overlap,6,2,0,14,0
19870614,1987,19920405,1992,greenacre_weighted_power_0175,7,106,exact_maximum_overlap,6,3,0,14,0
19870614,1987,19920405,1992,greenacre_weighted_power_0175,7,106,exact_maximum_overlap,6,4,0,14,0
19870614,1987,19920405,1992,greenacre_weighted_power_0175,7,106,exact_maximum_overlap,6,5,2,14,0.14285714285714285
19870614,1987,19920405,1992,greenacre_weighted_power_0175,7,106,exact_maximum_overlap,6,6,12,14,0.8571428571428571
19870614,1987,19920405,1992,greenacre_weighted_power_0175,7,106,exact_maximum_overlap,6,7,0,14,0
19870614,1987,19920405,1992,greenacre_weighted_power_0175,7,106,exact_maximum_overlap,7,1,0,27,0
19870614,1987,19920405,1992,greenacre_weighted_power_0175,7,106,exact_maximum_overlap,7,2,11,27,0.4074074074074074
19870614,1987,19920405,1992,greenacre_weighted_power_0175,7,106,exact_maximum_overlap,7,3,6,27,0.2222222222222222
19870614,1987,19920405,1992,greenacre_weighted_power_0175,7,106,exact_maximum_overlap,7,4,0,27,0
19870614,1987,19920405,1992,greenacre_weighted_power_0175,7,106,exact_maximum_overlap,7,5,0,27,0
19870614,1987,19920405,1992,greenacre_weighted_power_0175,7,106,exact_maximum_overlap,7,6,0,27,0
19870614,1987,19920405,1992,greenacre_weighted_power_0175,7,106,exact_maximum_overlap,7,7,10,27,0.37037037037037035
19920405,1992,19940327,1994,greenacre_weighted_power_0175,7,106,exact_maximum_overlap,1,1,5,12,0.4166666666666667
19920405,1992,19940327,1994,greenacre_weighted_power_0175,7,106,exact_maximum_overlap,1,2,0,12,0
19920405,1992,19940327,1994,greenacre_weighted_power_0175,7,106,exact_maximum_overlap,1,3,1,12,0.08333333333333333
19920405,1992,19940327,1994,greenacre_weighted_power_0175,7,106,exact_maximum_overlap,1,4,0,12,0
19920405,1992,19940327,1994,greenacre_weighted_power_0175,7,106,exact_maximum_overlap,1,5,0,12,0
19920405,1992,19940327,1994,greenacre_weighted_power_0175,7,106,exact_maximum_overlap,1,6,0,12,0
19920405,1992,19940327,1994,greenacre_weighted_power_0175,7,106,exact_maximum_overlap,1,7,6,12,0.5
19920405,1992,19940327,1994,greenacre_weighted_power_0175,7,106,exact_maximum_overlap,2,1,0,14,0
19920405,1992,19940327,1994,greenacre_weighted_power_0175,7,106,exact_maximum_overlap,2,2,6,14,0.42857142857142855
19920405,1992,19940327,1994,greenacre_weighted_power_0175,7,106,exact_maximum_overlap,2,3,1,14,0.07142857142857142
19920405,1992,19940327,1994,greenacre_weighted_power_0175,7,106,exact_maximum_overlap,2,4,0,14,0
19920405,1992,19940327,1994,greenacre_weighted_power_0175,7,106,exact_maximum_overlap,2,5,7,14,0.5
19920405,1992,19940327,1994,greenacre_weighted_power_0175,7,106,exact_maximum_overlap,2,6,0,14,0
19920405,1992,19940327,1994,greenacre_weighted_power_0175,7,106,exact_maximum_overlap,2,7,0,14,0
19920405,1992,19940327,1994,greenacre_weighted_power_0175,7,106,exact_maximum_overlap,3,1,0,17,0
19920405,1992,19940327,1994,greenacre_weighted_power_0175,7,106,exact_maximum_overlap,3,2,0,17,0
19920405,1992,19940327,1994,greenacre_weighted_power_0175,7,106,exact_maximum_overlap,3,3,17,17,1
19920405,1992,19940327,1994,greenacre_weighted_power_0175,7,106,exact_maximum_overlap,3,4,0,17,0
19920405,1992,19940327,1994,greenacre_weighted_power_0175,7,106,exact_maximum_overlap,3,5,0,17,0
19920405,1992,19940327,1994,greenacre_weighted_power_0175,7,106,exact_maximum_overlap,3,6,0,17,0
19920405,1992,19940327,1994,greenacre_weighted_power_0175,7,106,exact_maximum_overlap,3,7,0,17,0
19920405,1992,19940327,1994,greenacre_weighted_power_0175,7,106,exact_maximum_overlap,4,1,0,11,0
19920405,1992,19940327,1994,greenacre_weighted_power_0175,7,106,exact_maximum_overlap,4,2,0,11,0
19920405,1992,19940327,1994,greenacre_weighted_power_0175,7,106,exact_maximum_overlap,4,3,0,11,0
19920405,1992,19940327,1994,greenacre_weighted_power_0175,7,106,exact_maximum_overlap,4,4,9,11,0.8181818181818182
19920405,1992,19940327,1994,greenacre_weighted_power_0175,7,106,exact_maximum_overlap,4,5,0,11,0
19920405,1992,19940327,1994,greenacre_weighted_power_0175,7,106,exact_maximum_overlap,4,6,2,11,0.18181818181818182
19920405,1992,19940327,1994,greenacre_weighted_power_0175,7,106,exact_maximum_overlap,4,7,0,11,0
19920405,1992,19940327,1994,greenacre_weighted_power_0175,7,106,exact_maximum_overlap,5,1,1,22,0.045454545454545456
19920405,1992,19940327,1994,greenacre_weighted_power_0175,7,106,exact_maximum_overlap,5,2,0,22,0
19920405,1992,19940327,1994,greenacre_weighted_power_0175,7,106,exact_maximum_overlap,5,3,6,22,0.2727272727272727
19920405,1992,19940327,1994,greenacre_weighted_power_0175,7,106,exact_maximum_overlap,5,4,0,22,0
19920405,1992,19940327,1994,greenacre_weighted_power_0175,7,106,exact_maximum_overlap,5,5,15,22,0.6818181818181818
19920405,1992,19940327,1994,greenacre_weighted_power_0175,7,106,exact_maximum_overlap,5,6,0,22,0
19920405,1992,19940327,1994,greenacre_weighted_power_0175,7,106,exact_maximum_overlap,5,7,0,22,0
19920405,1992,19940327,1994,greenacre_weighted_power_0175,7,106,exact_maximum_overlap,6,1,0,11,0
19920405,1992,19940327,1994,greenacre_weighted_power_0175,7,106,exact_maximum_overlap,6,2,0,11,0
19920405,1992,19940327,1994,greenacre_weighted_power_0175,7,106,exact_maximum_overlap,6,3,0,11,0
19920405,1992,19940327,1994,greenacre_weighted_power_0175,7,106,exact_maximum_overlap,6,4,0,11,0
19920405,1992,19940327,1994,greenacre_weighted_power_0175,7,106,exact_maximum_overlap,6,5,3,11,0.2727272727272727
19920405,1992,19940327,1994,greenacre_weighted_power_0175,7,106,exact_maximum_overlap,6,6,2,11,0.18181818181818182
19920405,1992,19940327,1994,greenacre_weighted_power_0175,7,106,exact_maximum_overlap,6,7,6,11,0.5454545454545454
19920405,1992,19940327,1994,greenacre_weighted_power_0175,7,106,exact_maximum_overlap,7,1,0,19,0
19920405,1992,19940327,1994,greenacre_weighted_power_0175,7,106,exact_maximum_overlap,7,2,0,19,0
19920405,1992,19940327,1994,greenacre_weighted_power_0175,7,106,exact_maximum_overlap,7,3,0,19,0
19920405,1992,19940327,1994,greenacre_weighted_power_0175,7,106,exact_maximum_overlap,7,4,0,19,0
19920405,1992,19940327,1994,greenacre_weighted_power_0175,7,106,exact_maximum_overlap,7,5,2,19,0.10526315789473684
19920405,1992,19940327,1994,greenacre_weighted_power_0175,7,106,exact_maximum_overlap,7,6,5,19,0.2631578947368421
19920405,1992,19940327,1994,greenacre_weighted_power_0175,7,106,exact_maximum_overlap,7,7,12,19,0.631578947368421
19940327,1994,19960421,1996,greenacre_weighted_power_0175,7,106,exact_maximum_overlap,1,1,9,9,1
19940327,1994,19960421,1996,greenacre_weighted_power_0175,7,106,exact_maximum_overlap,1,2,0,9,0
19940327,1994,19960421,1996,greenacre_weighted_power_0175,7,106,exact_maximum_overlap,1,3,0,9,0
19940327,1994,19960421,1996,greenacre_weighted_power_0175,7,106,exact_maximum_overlap,1,4,0,9,0
19940327,1994,19960421,1996,greenacre_weighted_power_0175,7,106,exact_maximum_overlap,1,5,0,9,0
19940327,1994,19960421,1996,greenacre_weighted_power_0175,7,106,exact_maximum_overlap,1,6,0,9,0
19940327,1994,19960421,1996,greenacre_weighted_power_0175,7,106,exact_maximum_overlap,1,7,0,9,0
19940327,1994,19960421,1996,greenacre_weighted_power_0175,7,106,exact_maximum_overlap,2,1,0,6,0
19940327,1994,19960421,1996,greenacre_weighted_power_0175,7,106,exact_maximum_overlap,2,2,6,6,1
19940327,1994,19960421,1996,greenacre_weighted_power_0175,7,106,exact_maximum_overlap,2,3,0,6,0
19940327,1994,19960421,1996,greenacre_weighted_power_0175,7,106,exact_maximum_overlap,2,4,0,6,0
19940327,1994,19960421,1996,greenacre_weighted_power_0175,7,106,exact_maximum_overlap,2,5,0,6,0
19940327,1994,19960421,1996,greenacre_weighted_power_0175,7,106,exact_maximum_overlap,2,6,0,6,0
19940327,1994,19960421,1996,greenacre_weighted_power_0175,7,106,exact_maximum_overlap,2,7,0,6,0
19940327,1994,19960421,1996,greenacre_weighted_power_0175,7,106,exact_maximum_overlap,3,1,5,6,0.8333333333333334
19940327,1994,19960421,1996,greenacre_weighted_power_0175,7,106,exact_maximum_overlap,3,2,1,6,0.16666666666666666
19940327,1994,19960421,1996,greenacre_weighted_power_0175,7,106,exact_maximum_overlap,3,3,0,6,0
19940327,1994,19960421,1996,greenacre_weighted_power_0175,7,106,exact_maximum_overlap,3,4,0,6,0
19940327,1994,19960421,1996,greenacre_weighted_power_0175,7,106,exact_maximum_overlap,3,5,0,6,0
19940327,1994,19960421,1996,greenacre_weighted_power_0175,7,106,exact_maximum_overlap,3,6,0,6,0
19940327,1994,19960421,1996,greenacre_weighted_power_0175,7,106,exact_maximum_overlap,3,7,0,6,0
19940327,1994,19960421,1996,greenacre_weighted_power_0175,7,106,exact_maximum_overlap,4,1,0,27,0
19940327,1994,19960421,1996,greenacre_weighted_power_0175,7,106,exact_maximum_overlap,4,2,5,27,0.18518518518518517
19940327,1994,19960421,1996,greenacre_weighted_power_0175,7,106,exact_maximum_overlap,4,3,9,27,0.3333333333333333
19940327,1994,19960421,1996,greenacre_weighted_power_0175,7,106,exact_maximum_overlap,4,4,11,27,0.4074074074074074
19940327,1994,19960421,1996,greenacre_weighted_power_0175,7,106,exact_maximum_overlap,4,5,2,27,0.07407407407407407
19940327,1994,19960421,1996,greenacre_weighted_power_0175,7,106,exact_maximum_overlap,4,6,0,27,0
19940327,1994,19960421,1996,greenacre_weighted_power_0175,7,106,exact_maximum_overlap,4,7,0,27,0
19940327,1994,19960421,1996,greenacre_weighted_power_0175,7,106,exact_maximum_overlap,5,1,2,9,0.2222222222222222
19940327,1994,19960421,1996,greenacre_weighted_power_0175,7,106,exact_maximum_overlap,5,2,0,9,0
19940327,1994,19960421,1996,greenacre_weighted_power_0175,7,106,exact_maximum_overlap,5,3,2,9,0.2222222222222222
19940327,1994,19960421,1996,greenacre_weighted_power_0175,7,106,exact_maximum_overlap,5,4,0,9,0
19940327,1994,19960421,1996,greenacre_weighted_power_0175,7,106,exact_maximum_overlap,5,5,5,9,0.5555555555555556
19940327,1994,19960421,1996,greenacre_weighted_power_0175,7,106,exact_maximum_overlap,5,6,0,9,0
19940327,1994,19960421,1996,greenacre_weighted_power_0175,7,106,exact_maximum_overlap,5,7,0,9,0
19940327,1994,19960421,1996,greenacre_weighted_power_0175,7,106,exact_maximum_overlap,6,1,4,24,0.16666666666666666
19940327,1994,19960421,1996,greenacre_weighted_power_0175,7,106,exact_maximum_overlap,6,2,1,24,0.041666666666666664
19940327,1994,19960421,1996,greenacre_weighted_power_0175,7,106,exact_maximum_overlap,6,3,0,24,0
19940327,1994,19960421,1996,greenacre_weighted_power_0175,7,106,exact_maximum_overlap,6,4,0,24,0
19940327,1994,19960421,1996,greenacre_weighted_power_0175,7,106,exact_maximum_overlap,6,5,6,24,0.25
19940327,1994,19960421,1996,greenacre_weighted_power_0175,7,106,exact_maximum_overlap,6,6,4,24,0.16666666666666666
19940327,1994,19960421,1996,greenacre_weighted_power_0175,7,106,exact_maximum_overlap,6,7,9,24,0.375
19940327,1994,19960421,1996,greenacre_weighted_power_0175,7,106,exact_maximum_overlap,7,1,0,25,0
19940327,1994,19960421,1996,greenacre_weighted_power_0175,7,106,exact_maximum_overlap,7,2,6,25,0.24
19940327,1994,19960421,1996,greenacre_weighted_power_0175,7,106,exact_maximum_overlap,7,3,0,25,0
19940327,1994,19960421,1996,greenacre_weighted_power_0175,7,106,exact_maximum_overlap,7,4,0,25,0
19940327,1994,19960421,1996,greenacre_weighted_power_0175,7,106,exact_maximum_overlap,7,5,0,25,0
19940327,1994,19960421,1996,greenacre_weighted_power_0175,7,106,exact_maximum_overlap,7,6,0,25,0
19940327,1994,19960421,1996,greenacre_weighted_power_0175,7,106,exact_maximum_overlap,7,7,19,25,0.76
19960421,1996,20010513,2001,greenacre_weighted_power_0175,7,106,exact_maximum_overlap,1,1,10,20,0.5
19960421,1996,20010513,2001,greenacre_weighted_power_0175,7,106,exact_maximum_overlap,1,2,0,20,0
19960421,1996,20010513,2001,greenacre_weighted_power_0175,7,106,exact_maximum_overlap,1,3,10,20,0.5
19960421,1996,20010513,2001,greenacre_weighted_power_0175,7,106,exact_maximum_overlap,1,4,0,20,0
19960421,1996,20010513,2001,greenacre_weighted_power_0175,7,106,exact_maximum_overlap,1,5,0,20,0
19960421,1996,20010513,2001,greenacre_weighted_power_0175,7,106,exact_maximum_overlap,1,6,0,20,0
19960421,1996,20010513,2001,greenacre_weighted_power_0175,7,106,exact_maximum_overlap,1,7,0,20,0
19960421,1996,20010513,2001,greenacre_weighted_power_0175,7,106,exact_maximum_overlap,2,1,0,11,0
19960421,1996,20010513,2001,greenacre_weighted_power_0175,7,106,exact_maximum_overlap,2,2,9,11,0.8181818181818182
19960421,1996,20010513,2001,greenacre_weighted_power_0175,7,106,exact_maximum_overlap,2,3,0,11,0
19960421,1996,20010513,2001,greenacre_weighted_power_0175,7,106,exact_maximum_overlap,2,4,0,11,0
19960421,1996,20010513,2001,greenacre_weighted_power_0175,7,106,exact_maximum_overlap,2,5,0,11,0
19960421,1996,20010513,2001,greenacre_weighted_power_0175,7,106,exact_maximum_overlap,2,6,0,11,0
19960421,1996,20010513,2001,greenacre_weighted_power_0175,7,106,exact_maximum_overlap,2,7,2,11,0.18181818181818182
19960421,1996,20010513,2001,greenacre_weighted_power_0175,7,106,exact_maximum_overlap,3,1,1,13,0.07692307692307693
19960421,1996,20010513,2001,greenacre_weighted_power_0175,7,106,exact_maximum_overlap,3,2,0,13,0
19960421,1996,20010513,2001,greenacre_weighted_power_0175,7,106,exact_maximum_overlap,3,3,8,13,0.6153846153846154
19960421,1996,20010513,2001,greenacre_weighted_power_0175,7,106,exact_maximum_overlap,3,4,2,13,0.15384615384615385
19960421,1996,20010513,2001,greenacre_weighted_power_0175,7,106,exact_maximum_overlap,3,5,2,13,0.15384615384615385
19960421,1996,20010513,2001,greenacre_weighted_power_0175,7,106,exact_maximum_overlap,3,6,0,13,0
19960421,1996,20010513,2001,greenacre_weighted_power_0175,7,106,exact_maximum_overlap,3,7,0,13,0
19960421,1996,20010513,2001,greenacre_weighted_power_0175,7,106,exact_maximum_overlap,4,1,0,4,0
19960421,1996,20010513,2001,greenacre_weighted_power_0175,7,106,exact_maximum_overlap,4,2,0,4,0
19960421,1996,20010513,2001,greenacre_weighted_power_0175,7,106,exact_maximum_overlap,4,3,1,4,0.25
19960421,1996,20010513,2001,greenacre_weighted_power_0175,7,106,exact_maximum_overlap,4,4,3,4,0.75
19960421,1996,20010513,2001,greenacre_weighted_power_0175,7,106,exact_maximum_overlap,4,5,0,4,0
19960421,1996,20010513,2001,greenacre_weighted_power_0175,7,106,exact_maximum_overlap,4,6,0,4,0
19960421,1996,20010513,2001,greenacre_weighted_power_0175,7,106,exact_maximum_overlap,4,7,0,4,0
19960421,1996,20010513,2001,greenacre_weighted_power_0175,7,106,exact_maximum_overlap,5,1,0,11,0
19960421,1996,20010513,2001,greenacre_weighted_power_0175,7,106,exact_maximum_overlap,5,2,6,11,0.5454545454545454
19960421,1996,20010513,2001,greenacre_weighted_power_0175,7,106,exact_maximum_overlap,5,3,0,11,0
19960421,1996,20010513,2001,greenacre_weighted_power_0175,7,106,exact_maximum_overlap,5,4,2,11,0.18181818181818182
19960421,1996,20010513,2001,greenacre_weighted_power_0175,7,106,exact_maximum_overlap,5,5,0,11,0
19960421,1996,20010513,2001,greenacre_weighted_power_0175,7,106,exact_maximum_overlap,5,6,0,11,0
19960421,1996,20010513,2001,greenacre_weighted_power_0175,7,106,exact_maximum_overlap,5,7,3,11,0.2727272727272727
19960421,1996,20010513,2001,greenacre_weighted_power_0175,7,106,exact_maximum_overlap,6,1,1,28,0.03571428571428571
19960421,1996,20010513,2001,greenacre_weighted_power_0175,7,106,exact_maximum_overlap,6,2,5,28,0.17857142857142858
19960421,1996,20010513,2001,greenacre_weighted_power_0175,7,106,exact_maximum_overlap,6,3,0,28,0
19960421,1996,20010513,2001,greenacre_weighted_power_0175,7,106,exact_maximum_overlap,6,4,5,28,0.17857142857142858
19960421,1996,20010513,2001,greenacre_weighted_power_0175,7,106,exact_maximum_overlap,6,5,0,28,0
19960421,1996,20010513,2001,greenacre_weighted_power_0175,7,106,exact_maximum_overlap,6,6,17,28,0.6071428571428571
19960421,1996,20010513,2001,greenacre_weighted_power_0175,7,106,exact_maximum_overlap,6,7,0,28,0
19960421,1996,20010513,2001,greenacre_weighted_power_0175,7,106,exact_maximum_overlap,7,1,0,19,0
19960421,1996,20010513,2001,greenacre_weighted_power_0175,7,106,exact_maximum_overlap,7,2,9,19,0.47368421052631576
19960421,1996,20010513,2001,greenacre_weighted_power_0175,7,106,exact_maximum_overlap,7,3,0,19,0
19960421,1996,20010513,2001,greenacre_weighted_power_0175,7,106,exact_maximum_overlap,7,4,0,19,0
19960421,1996,20010513,2001,greenacre_weighted_power_0175,7,106,exact_maximum_overlap,7,5,0,19,0
19960421,1996,20010513,2001,greenacre_weighted_power_0175,7,106,exact_maximum_overlap,7,6,0,19,0
19960421,1996,20010513,2001,greenacre_weighted_power_0175,7,106,exact_maximum_overlap,7,7,10,19,0.5263157894736842
20010513,2001,20060409,2006,greenacre_weighted_power_0175,7,106,exact_maximum_overlap,1,1,16,29,0.5517241379310345
20010513,2001,20060409,2006,greenacre_weighted_power_0175,7,106,exact_maximum_overlap,1,2,4,29,0.13793103448275862
20010513,2001,20060409,2006,greenacre_weighted_power_0175,7,106,exact_maximum_overlap,1,3,0,29,0
20010513,2001,20060409,2006,greenacre_weighted_power_0175,7,106,exact_maximum_overlap,1,4,2,29,0.06896551724137931
20010513,2001,20060409,2006,greenacre_weighted_power_0175,7,106,exact_maximum_overlap,1,5,2,29,0.06896551724137931
20010513,2001,20060409,2006,greenacre_weighted_power_0175,7,106,exact_maximum_overlap,1,6,4,29,0.13793103448275862
20010513,2001,20060409,2006,greenacre_weighted_power_0175,7,106,exact_maximum_overlap,1,7,1,29,0.034482758620689655
20010513,2001,20060409,2006,greenacre_weighted_power_0175,7,106,exact_maximum_overlap,2,1,0,12,0
20010513,2001,20060409,2006,greenacre_weighted_power_0175,7,106,exact_maximum_overlap,2,2,6,12,0.5
20010513,2001,20060409,2006,greenacre_weighted_power_0175,7,106,exact_maximum_overlap,2,3,0,12,0
20010513,2001,20060409,2006,greenacre_weighted_power_0175,7,106,exact_maximum_overlap,2,4,3,12,0.25
20010513,2001,20060409,2006,greenacre_weighted_power_0175,7,106,exact_maximum_overlap,2,5,0,12,0
20010513,2001,20060409,2006,greenacre_weighted_power_0175,7,106,exact_maximum_overlap,2,6,0,12,0
20010513,2001,20060409,2006,greenacre_weighted_power_0175,7,106,exact_maximum_overlap,2,7,3,12,0.25
20010513,2001,20060409,2006,greenacre_weighted_power_0175,7,106,exact_maximum_overlap,3,1,0,2,0
20010513,2001,20060409,2006,greenacre_weighted_power_0175,7,106,exact_maximum_overlap,3,2,1,2,0.5
20010513,2001,20060409,2006,greenacre_weighted_power_0175,7,106,exact_maximum_overlap,3,3,0,2,0
20010513,2001,20060409,2006,greenacre_weighted_power_0175,7,106,exact_maximum_overlap,3,4,0,2,0
20010513,2001,20060409,2006,greenacre_weighted_power_0175,7,106,exact_maximum_overlap,3,5,0,2,0
20010513,2001,20060409,2006,greenacre_weighted_power_0175,7,106,exact_maximum_overlap,3,6,0,2,0
20010513,2001,20060409,2006,greenacre_weighted_power_0175,7,106,exact_maximum_overlap,3,7,1,2,0.5
20010513,2001,20060409,2006,greenacre_weighted_power_0175,7,106,exact_maximum_overlap,4,1,0,12,0
20010513,2001,20060409,2006,greenacre_weighted_power_0175,7,106,exact_maximum_overlap,4,2,0,12,0
20010513,2001,20060409,2006,greenacre_weighted_power_0175,7,106,exact_maximum_overlap,4,3,3,12,0.25
20010513,2001,20060409,2006,greenacre_weighted_power_0175,7,106,exact_maximum_overlap,4,4,6,12,0.5
20010513,2001,20060409,2006,greenacre_weighted_power_0175,7,106,exact_maximum_overlap,4,5,0,12,0
20010513,2001,20060409,2006,greenacre_weighted_power_0175,7,106,exact_maximum_overlap,4,6,0,12,0
20010513,2001,20060409,2006,greenacre_weighted_power_0175,7,106,exact_maximum_overlap,4,7,3,12,0.25
20010513,2001,20060409,2006,greenacre_weighted_power_0175,7,106,exact_maximum_overlap,5,1,0,15,0
20010513,2001,20060409,2006,greenacre_weighted_power_0175,7,106,exact_maximum_overlap,5,2,0,15,0
20010513,2001,20060409,2006,greenacre_weighted_power_0175,7,106,exact_maximum_overlap,5,3,0,15,0
20010513,2001,20060409,2006,greenacre_weighted_power_0175,7,106,exact_maximum_overlap,5,4,0,15,0
20010513,2001,20060409,2006,greenacre_weighted_power_0175,7,106,exact_maximum_overlap,5,5,15,15,1
20010513,2001,20060409,2006,greenacre_weighted_power_0175,7,106,exact_maximum_overlap,5,6,0,15,0
20010513,2001,20060409,2006,greenacre_weighted_power_0175,7,106,exact_maximum_overlap,5,7,0,15,0
20010513,2001,20060409,2006,greenacre_weighted_power_0175,7,106,exact_maximum_overlap,6,1,0,17,0
20010513,2001,20060409,2006,greenacre_weighted_power_0175,7,106,exact_maximum_overlap,6,2,0,17,0
20010513,2001,20060409,2006,greenacre_weighted_power_0175,7,106,exact_maximum_overlap,6,3,7,17,0.4117647058823529
20010513,2001,20060409,2006,greenacre_weighted_power_0175,7,106,exact_maximum_overlap,6,4,2,17,0.11764705882352941
20010513,2001,20060409,2006,greenacre_weighted_power_0175,7,106,exact_maximum_overlap,6,5,0,17,0
20010513,2001,20060409,2006,greenacre_weighted_power_0175,7,106,exact_maximum_overlap,6,6,8,17,0.47058823529411764
20010513,2001,20060409,2006,greenacre_weighted_power_0175,7,106,exact_maximum_overlap,6,7,0,17,0
20010513,2001,20060409,2006,greenacre_weighted_power_0175,7,106,exact_maximum_overlap,7,1,0,19,0
20010513,2001,20060409,2006,greenacre_weighted_power_0175,7,106,exact_maximum_overlap,7,2,9,19,0.47368421052631576
20010513,2001,20060409,2006,greenacre_weighted_power_0175,7,106,exact_maximum_overlap,7,3,0,19,0
20010513,2001,20060409,2006,greenacre_weighted_power_0175,7,106,exact_maximum_overlap,7,4,1,19,0.05263157894736842
20010513,2001,20060409,2006,greenacre_weighted_power_0175,7,106,exact_maximum_overlap,7,5,0,19,0
20010513,2001,20060409,2006,greenacre_weighted_power_0175,7,106,exact_maximum_overlap,7,6,0,19,0
20010513,2001,20060409,2006,greenacre_weighted_power_0175,7,106,exact_maximum_overlap,7,7,9,19,0.47368421052631576
20060409,2006,20080413,2008,greenacre_weighted_power_0175,7,106,exact_maximum_overlap,1,1,8,17,0.47058823529411764
20060409,2006,20080413,2008,greenacre_weighted_power_0175,7,106,exact_maximum_overlap,1,2,2,17,0.11764705882352941
20060409,2006,20080413,2008,greenacre_weighted_power_0175,7,106,exact_maximum_overlap,1,3,0,17,0
20060409,2006,20080413,2008,greenacre_weighted_power_0175,7,106,exact_maximum_overlap,1,4,0,17,0
20060409,2006,20080413,2008,greenacre_weighted_power_0175,7,106,exact_maximum_overlap,1,5,7,17,0.4117647058823529
20060409,2006,20080413,2008,greenacre_weighted_power_0175,7,106,exact_maximum_overlap,1,6,0,17,0
20060409,2006,20080413,2008,greenacre_weighted_power_0175,7,106,exact_maximum_overlap,1,7,0,17,0
20060409,2006,20080413,2008,greenacre_weighted_power_0175,7,106,exact_maximum_overlap,2,1,2,20,0.1
20060409,2006,20080413,2008,greenacre_weighted_power_0175,7,106,exact_maximum_overlap,2,2,10,20,0.5
20060409,2006,20080413,2008,greenacre_weighted_power_0175,7,106,exact_maximum_overlap,2,3,0,20,0
20060409,2006,20080413,2008,greenacre_weighted_power_0175,7,106,exact_maximum_overlap,2,4,0,20,0
20060409,2006,20080413,2008,greenacre_weighted_power_0175,7,106,exact_maximum_overlap,2,5,8,20,0.4
20060409,2006,20080413,2008,greenacre_weighted_power_0175,7,106,exact_maximum_overlap,2,6,0,20,0
20060409,2006,20080413,2008,greenacre_weighted_power_0175,7,106,exact_maximum_overlap,2,7,0,20,0
20060409,2006,20080413,2008,greenacre_weighted_power_0175,7,106,exact_maximum_overlap,3,1,0,10,0
20060409,2006,20080413,2008,greenacre_weighted_power_0175,7,106,exact_maximum_overlap,3,2,0,10,0
20060409,2006,20080413,2008,greenacre_weighted_power_0175,7,106,exact_maximum_overlap,3,3,10,10,1
20060409,2006,20080413,2008,greenacre_weighted_power_0175,7,106,exact_maximum_overlap,3,4,0,10,0
20060409,2006,20080413,2008,greenacre_weighted_power_0175,7,106,exact_maximum_overlap,3,5,0,10,0
20060409,2006,20080413,2008,greenacre_weighted_power_0175,7,106,exact_maximum_overlap,3,6,0,10,0
20060409,2006,20080413,2008,greenacre_weighted_power_0175,7,106,exact_maximum_overlap,3,7,0,10,0
20060409,2006,20080413,2008,greenacre_weighted_power_0175,7,106,exact_maximum_overlap,4,1,0,17,0
20060409,2006,20080413,2008,greenacre_weighted_power_0175,7,106,exact_maximum_overlap,4,2,0,17,0
20060409,2006,20080413,2008,greenacre_weighted_power_0175,7,106,exact_maximum_overlap,4,3,0,17,0
20060409,2006,20080413,2008,greenacre_weighted_power_0175,7,106,exact_maximum_overlap,4,4,13,17,0.7647058823529411
20060409,2006,20080413,2008,greenacre_weighted_power_0175,7,106,exact_maximum_overlap,4,5,0,17,0
20060409,2006,20080413,2008,greenacre_weighted_power_0175,7,106,exact_maximum_overlap,4,6,4,17,0.23529411764705882
20060409,2006,20080413,2008,greenacre_weighted_power_0175,7,106,exact_maximum_overlap,4,7,0,17,0
20060409,2006,20080413,2008,greenacre_weighted_power_0175,7,106,exact_maximum_overlap,5,1,4,14,0.2857142857142857
20060409,2006,20080413,2008,greenacre_weighted_power_0175,7,106,exact_maximum_overlap,5,2,0,14,0
20060409,2006,20080413,2008,greenacre_weighted_power_0175,7,106,exact_maximum_overlap,5,3,5,14,0.35714285714285715
20060409,2006,20080413,2008,greenacre_weighted_power_0175,7,106,exact_maximum_overlap,5,4,0,14,0
20060409,2006,20080413,2008,greenacre_weighted_power_0175,7,106,exact_maximum_overlap,5,5,5,14,0.35714285714285715
20060409,2006,20080413,2008,greenacre_weighted_power_0175,7,106,exact_maximum_overlap,5,6,0,14,0
20060409,2006,20080413,2008,greenacre_weighted_power_0175,7,106,exact_maximum_overlap,5,7,0,14,0
20060409,2006,20080413,2008,greenacre_weighted_power_0175,7,106,exact_maximum_overlap,6,1,0,16,0
20060409,2006,20080413,2008,greenacre_weighted_power_0175,7,106,exact_maximum_overlap,6,2,1,16,0.0625
20060409,2006,20080413,2008,greenacre_weighted_power_0175,7,106,exact_maximum_overlap,6,3,0,16,0
20060409,2006,20080413,2008,greenacre_weighted_power_0175,7,106,exact_maximum_overlap,6,4,0,16,0
20060409,2006,20080413,2008,greenacre_weighted_power_0175,7,106,exact_maximum_overlap,6,5,0,16,0
20060409,2006,20080413,2008,greenacre_weighted_power_0175,7,106,exact_maximum_overlap,6,6,14,16,0.875
20060409,2006,20080413,2008,greenacre_weighted_power_0175,7,106,exact_maximum_overlap,6,7,1,16,0.0625
20060409,2006,20080413,2008,greenacre_weighted_power_0175,7,106,exact_maximum_overlap,7,1,0,12,0
20060409,2006,20080413,2008,greenacre_weighted_power_0175,7,106,exact_maximum_overlap,7,2,0,12,0
20060409,2006,20080413,2008,greenacre_weighted_power_0175,7,106,exact_maximum_overlap,7,3,0,12,0
20060409,2006,20080413,2008,greenacre_weighted_power_0175,7,106,exact_maximum_overlap,7,4,0,12,0
20060409,2006,20080413,2008,greenacre_weighted_power_0175,7,106,exact_maximum_overlap,7,5,0,12,0
20060409,2006,20080413,2008,greenacre_weighted_power_0175,7,106,exact_maximum_overlap,7,6,0,12,0
20060409,2006,20080413,2008,greenacre_weighted_power_0175,7,106,exact_maximum_overlap,7,7,12,12,1
20080413,2008,20130224,2013,greenacre_weighted_power_0175,7,106,exact_maximum_overlap,1,1,13,15,0.8666666666666667
20080413,2008,20130224,2013,greenacre_weighted_power_0175,7,106,exact_maximum_overlap,1,2,0,15,0
20080413,2008,20130224,2013,greenacre_weighted_power_0175,7,106,exact_maximum_overlap,1,3,0,15,0
20080413,2008,20130224,2013,greenacre_weighted_power_0175,7,106,exact_maximum_overlap,1,4,2,15,0.13333333333333333
20080413,2008,20130224,2013,greenacre_weighted_power_0175,7,106,exact_maximum_overlap,1,5,0,15,0
20080413,2008,20130224,2013,greenacre_weighted_power_0175,7,106,exact_maximum_overlap,1,6,0,15,0
20080413,2008,20130224,2013,greenacre_weighted_power_0175,7,106,exact_maximum_overlap,1,7,0,15,0
20080413,2008,20130224,2013,greenacre_weighted_power_0175,7,106,exact_maximum_overlap,2,1,1,13,0.07692307692307693
20080413,2008,20130224,2013,greenacre_weighted_power_0175,7,106,exact_maximum_overlap,2,2,8,13,0.6153846153846154
20080413,2008,20130224,2013,greenacre_weighted_power_0175,7,106,exact_maximum_overlap,2,3,0,13,0
20080413,2008,20130224,2013,greenacre_weighted_power_0175,7,106,exact_maximum_overlap,2,4,0,13,0
20080413,2008,20130224,2013,greenacre_weighted_power_0175,7,106,exact_maximum_overlap,2,5,4,13,0.3076923076923077
20080413,2008,20130224,2013,greenacre_weighted_power_0175,7,106,exact_maximum_overlap,2,6,0,13,0
20080413,2008,20130224,2013,greenacre_weighted_power_0175,7,106,exact_maximum_overlap,2,7,0,13,0
20080413,2008,20130224,2013,greenacre_weighted_power_0175,7,106,exact_maximum_overlap,3,1,0,13,0
20080413,2008,20130224,2013,greenacre_weighted_power_0175,7,106,exact_maximum_overlap,3,2,2,13,0.15384615384615385
20080413,2008,20130224,2013,greenacre_weighted_power_0175,7,106,exact_maximum_overlap,3,3,11,13,0.8461538461538461
20080413,2008,20130224,2013,greenacre_weighted_power_0175,7,106,exact_maximum_overlap,3,4,0,13,0
20080413,2008,20130224,2013,greenacre_weighted_power_0175,7,106,exact_maximum_overlap,3,5,0,13,0
20080413,2008,20130224,2013,greenacre_weighted_power_0175,7,106,exact_maximum_overlap,3,6,0,13,0
20080413,2008,20130224,2013,greenacre_weighted_power_0175,7,106,exact_maximum_overlap,3,7,0,13,0
20080413,2008,20130224,2013,greenacre_weighted_power_0175,7,106,exact_maximum_overlap,4,1,0,14,0
20080413,2008,20130224,2013,greenacre_weighted_power_0175,7,106,exact_maximum_overlap,4,2,0,14,0
20080413,2008,20130224,2013,greenacre_weighted_power_0175,7,106,exact_maximum_overlap,4,3,0,14,0
20080413,2008,20130224,2013,greenacre_weighted_power_0175,7,106,exact_maximum_overlap,4,4,9,14,0.6428571428571429
20080413,2008,20130224,2013,greenacre_weighted_power_0175,7,106,exact_maximum_overlap,4,5,0,14,0
20080413,2008,20130224,2013,greenacre_weighted_power_0175,7,106,exact_maximum_overlap,4,6,0,14,0
20080413,2008,20130224,2013,greenacre_weighted_power_0175,7,106,exact_maximum_overlap,4,7,5,14,0.35714285714285715
20080413,2008,20130224,2013,greenacre_weighted_power_0175,7,106,exact_maximum_overlap,5,1,0,18,0
20080413,2008,20130224,2013,greenacre_weighted_power_0175,7,106,exact_maximum_overlap,5,2,0,18,0
20080413,2008,20130224,2013,greenacre_weighted_power_0175,7,106,exact_maximum_overlap,5,3,6,18,0.3333333333333333
20080413,2008,20130224,2013,greenacre_weighted_power_0175,7,106,exact_maximum_overlap,5,4,0,18,0
20080413,2008,20130224,2013,greenacre_weighted_power_0175,7,106,exact_maximum_overlap,5,5,12,18,0.6666666666666666
20080413,2008,20130224,2013,greenacre_weighted_power_0175,7,106,exact_maximum_overlap,5,6,0,18,0
20080413,2008,20130224,2013,greenacre_weighted_power_0175,7,106,exact_maximum_overlap,5,7,0,18,0
20080413,2008,20130224,2013,greenacre_weighted_power_0175,7,106,exact_maximum_overlap,6,1,0,13,0
20080413,2008,20130224,2013,greenacre_weighted_power_0175,7,106,exact_maximum_overlap,6,2,0,13,0
20080413,2008,20130224,2013,greenacre_weighted_power_0175,7,106,exact_maximum_overlap,6,3,0,13,0
20080413,2008,20130224,2013,greenacre_weighted_power_0175,7,106,exact_maximum_overlap,6,4,1,13,0.07692307692307693
20080413,2008,20130224,2013,greenacre_weighted_power_0175,7,106,exact_maximum_overlap,6,5,1,13,0.07692307692307693
20080413,2008,20130224,2013,greenacre_weighted_power_0175,7,106,exact_maximum_overlap,6,6,10,13,0.7692307692307693
20080413,2008,20130224,2013,greenacre_weighted_power_0175,7,106,exact_maximum_overlap,6,7,1,13,0.07692307692307693
20080413,2008,20130224,2013,greenacre_weighted_power_0175,7,106,exact_maximum_overlap,7,1,1,20,0.05
20080413,2008,20130224,2013,greenacre_weighted_power_0175,7,106,exact_maximum_overlap,7,2,0,20,0
20080413,2008,20130224,2013,greenacre_weighted_power_0175,7,106,exact_maximum_overlap,7,3,0,20,0
20080413,2008,20130224,2013,greenacre_weighted_power_0175,7,106,exact_maximum_overlap,7,4,2,20,0.1
20080413,2008,20130224,2013,greenacre_weighted_power_0175,7,106,exact_maximum_overlap,7,5,1,20,0.05
20080413,2008,20130224,2013,greenacre_weighted_power_0175,7,106,exact_maximum_overlap,7,6,11,20,0.55
20080413,2008,20130224,2013,greenacre_weighted_power_0175,7,106,exact_maximum_overlap,7,7,5,20,0.25
20130224,2013,20180304,2018,greenacre_weighted_power_0175,7,106,exact_maximum_overlap,1,1,12,14,0.8571428571428571
20130224,2013,20180304,2018,greenacre_weighted_power_0175,7,106,exact_maximum_overlap,1,2,0,14,0
20130224,2013,20180304,2018,greenacre_weighted_power_0175,7,106,exact_maximum_overlap,1,3,0,14,0
20130224,2013,20180304,2018,greenacre_weighted_power_0175,7,106,exact_maximum_overlap,1,4,0,14,0
20130224,2013,20180304,2018,greenacre_weighted_power_0175,7,106,exact_maximum_overlap,1,5,0,14,0
20130224,2013,20180304,2018,greenacre_weighted_power_0175,7,106,exact_maximum_overlap,1,6,0,14,0
20130224,2013,20180304,2018,greenacre_weighted_power_0175,7,106,exact_maximum_overlap,1,7,2,14,0.14285714285714285
20130224,2013,20180304,2018,greenacre_weighted_power_0175,7,106,exact_maximum_overlap,2,1,0,17,0
20130224,2013,20180304,2018,greenacre_weighted_power_0175,7,106,exact_maximum_overlap,2,2,11,17,0.6470588235294118
20130224,2013,20180304,2018,greenacre_weighted_power_0175,7,106,exact_maximum_overlap,2,3,0,17,0
20130224,2013,20180304,2018,greenacre_weighted_power_0175,7,106,exact_maximum_overlap,2,4,0,17,0
20130224,2013,20180304,2018,greenacre_weighted_power_0175,7,106,exact_maximum_overlap,2,5,6,17,0.35294117647058826
20130224,2013,20180304,2018,greenacre_weighted_power_0175,7,106,exact_maximum_overlap,2,6,0,17,0
20130224,2013,20180304,2018,greenacre_weighted_power_0175,7,106,exact_maximum_overlap,2,7,0,17,0
20130224,2013,20180304,2018,greenacre_weighted_power_0175,7,106,exact_maximum_overlap,3,1,4,15,0.26666666666666666
20130224,2013,20180304,2018,greenacre_weighted_power_0175,7,106,exact_maximum_overlap,3,2,0,15,0
20130224,2013,20180304,2018,greenacre_weighted_power_0175,7,106,exact_maximum_overlap,3,3,10,15,0.6666666666666666
20130224,2013,20180304,2018,greenacre_weighted_power_0175,7,106,exact_maximum_overlap,3,4,0,15,0
20130224,2013,20180304,2018,greenacre_weighted_power_0175,7,106,exact_maximum_overlap,3,5,1,15,0.06666666666666667
20130224,2013,20180304,2018,greenacre_weighted_power_0175,7,106,exact_maximum_overlap,3,6,0,15,0
20130224,2013,20180304,2018,greenacre_weighted_power_0175,7,106,exact_maximum_overlap,3,7,0,15,0
20130224,2013,20180304,2018,greenacre_weighted_power_0175,7,106,exact_maximum_overlap,4,1,0,21,0
20130224,2013,20180304,2018,greenacre_weighted_power_0175,7,106,exact_maximum_overlap,4,2,0,21,0
20130224,2013,20180304,2018,greenacre_weighted_power_0175,7,106,exact_maximum_overlap,4,3,0,21,0
20130224,2013,20180304,2018,greenacre_weighted_power_0175,7,106,exact_maximum_overlap,4,4,10,21,0.47619047619047616
20130224,2013,20180304,2018,greenacre_weighted_power_0175,7,106,exact_maximum_overlap,4,5,0,21,0
20130224,2013,20180304,2018,greenacre_weighted_power_0175,7,106,exact_maximum_overlap,4,6,5,21,0.23809523809523808
20130224,2013,20180304,2018,greenacre_weighted_power_0175,7,106,exact_maximum_overlap,4,7,6,21,0.2857142857142857
20130224,2013,20180304,2018,greenacre_weighted_power_0175,7,106,exact_maximum_overlap,5,1,2,18,0.1111111111111111
20130224,2013,20180304,2018,greenacre_weighted_power_0175,7,106,exact_maximum_overlap,5,2,6,18,0.3333333333333333
20130224,2013,20180304,2018,greenacre_weighted_power_0175,7,106,exact_maximum_overlap,5,3,1,18,0.05555555555555555
20130224,2013,20180304,2018,greenacre_weighted_power_0175,7,106,exact_maximum_overlap,5,4,0,18,0
20130224,2013,20180304,2018,greenacre_weighted_power_0175,7,106,exact_maximum_overlap,5,5,9,18,0.5
20130224,2013,20180304,2018,greenacre_weighted_power_0175,7,106,exact_maximum_overlap,5,6,0,18,0
20130224,2013,20180304,2018,greenacre_weighted_power_0175,7,106,exact_maximum_overlap,5,7,0,18,0
20130224,2013,20180304,2018,greenacre_weighted_power_0175,7,106,exact_maximum_overlap,6,1,0,10,0
20130224,2013,20180304,2018,greenacre_weighted_power_0175,7,106,exact_maximum_overlap,6,2,1,10,0.1
20130224,2013,20180304,2018,greenacre_weighted_power_0175,7,106,exact_maximum_overlap,6,3,6,10,0.6
20130224,2013,20180304,2018,greenacre_weighted_power_0175,7,106,exact_maximum_overlap,6,4,0,10,0
20130224,2013,20180304,2018,greenacre_weighted_power_0175,7,106,exact_maximum_overlap,6,5,2,10,0.2
20130224,2013,20180304,2018,greenacre_weighted_power_0175,7,106,exact_maximum_overlap,6,6,1,10,0.1
20130224,2013,20180304,2018,greenacre_weighted_power_0175,7,106,exact_maximum_overlap,6,7,0,10,0
20130224,2013,20180304,2018,greenacre_weighted_power_0175,7,106,exact_maximum_overlap,7,1,0,11,0
20130224,2013,20180304,2018,greenacre_weighted_power_0175,7,106,exact_maximum_overlap,7,2,0,11,0
20130224,2013,20180304,2018,greenacre_weighted_power_0175,7,106,exact_maximum_overlap,7,3,0,11,0
20130224,2013,20180304,2018,greenacre_weighted_power_0175,7,106,exact_maximum_overlap,7,4,1,11,0.09090909090909091
20130224,2013,20180304,2018,greenacre_weighted_power_0175,7,106,exact_maximum_overlap,7,5,0,11,0
20130224,2013,20180304,2018,greenacre_weighted_power_0175,7,106,exact_maximum_overlap,7,6,0,11,0
20130224,2013,20180304,2018,greenacre_weighted_power_0175,7,106,exact_maximum_overlap,7,7,10,11,0.9090909090909091
20180304,2018,20220925,2022,greenacre_weighted_power_0175,7,106,exact_maximum_overlap,1,1,15,18,0.8333333333333334
20180304,2018,20220925,2022,greenacre_weighted_power_0175,7,106,exact_maximum_overlap,1,2,2,18,0.1111111111111111
20180304,2018,20220925,2022,greenacre_weighted_power_0175,7,106,exact_maximum_overlap,1,3,0,18,0
20180304,2018,20220925,2022,greenacre_weighted_power_0175,7,106,exact_maximum_overlap,1,4,0,18,0
20180304,2018,20220925,2022,greenacre_weighted_power_0175,7,106,exact_maximum_overlap,1,5,1,18,0.05555555555555555
20180304,2018,20220925,2022,greenacre_weighted_power_0175,7,106,exact_maximum_overlap,1,6,0,18,0
20180304,2018,20220925,2022,greenacre_weighted_power_0175,7,106,exact_maximum_overlap,1,7,0,18,0
20180304,2018,20220925,2022,greenacre_weighted_power_0175,7,106,exact_maximum_overlap,2,1,0,18,0
20180304,2018,20220925,2022,greenacre_weighted_power_0175,7,106,exact_maximum_overlap,2,2,12,18,0.6666666666666666
20180304,2018,20220925,2022,greenacre_weighted_power_0175,7,106,exact_maximum_overlap,2,3,0,18,0
20180304,2018,20220925,2022,greenacre_weighted_power_0175,7,106,exact_maximum_overlap,2,4,0,18,0
20180304,2018,20220925,2022,greenacre_weighted_power_0175,7,106,exact_maximum_overlap,2,5,4,18,0.2222222222222222
20180304,2018,20220925,2022,greenacre_weighted_power_0175,7,106,exact_maximum_overlap,2,6,0,18,0
20180304,2018,20220925,2022,greenacre_weighted_power_0175,7,106,exact_maximum_overlap,2,7,2,18,0.1111111111111111
20180304,2018,20220925,2022,greenacre_weighted_power_0175,7,106,exact_maximum_overlap,3,1,4,18,0.2222222222222222
20180304,2018,20220925,2022,greenacre_weighted_power_0175,7,106,exact_maximum_overlap,3,2,2,18,0.1111111111111111
20180304,2018,20220925,2022,greenacre_weighted_power_0175,7,106,exact_maximum_overlap,3,3,8,18,0.4444444444444444
20180304,2018,20220925,2022,greenacre_weighted_power_0175,7,106,exact_maximum_overlap,3,4,0,18,0
20180304,2018,20220925,2022,greenacre_weighted_power_0175,7,106,exact_maximum_overlap,3,5,3,18,0.16666666666666666
20180304,2018,20220925,2022,greenacre_weighted_power_0175,7,106,exact_maximum_overlap,3,6,0,18,0
20180304,2018,20220925,2022,greenacre_weighted_power_0175,7,106,exact_maximum_overlap,3,7,1,18,0.05555555555555555
20180304,2018,20220925,2022,greenacre_weighted_power_0175,7,106,exact_maximum_overlap,4,1,0,11,0
20180304,2018,20220925,2022,greenacre_weighted_power_0175,7,106,exact_maximum_overlap,4,2,0,11,0
20180304,2018,20220925,2022,greenacre_weighted_power_0175,7,106,exact_maximum_overlap,4,3,0,11,0
20180304,2018,20220925,2022,greenacre_weighted_power_0175,7,106,exact_maximum_overlap,4,4,8,11,0.7272727272727273
20180304,2018,20220925,2022,greenacre_weighted_power_0175,7,106,exact_maximum_overlap,4,5,0,11,0
20180304,2018,20220925,2022,greenacre_weighted_power_0175,7,106,exact_maximum_overlap,4,6,3,11,0.2727272727272727
20180304,2018,20220925,2022,greenacre_weighted_power_0175,7,106,exact_maximum_overlap,4,7,0,11,0
20180304,2018,20220925,2022,greenacre_weighted_power_0175,7,106,exact_maximum_overlap,5,1,0,6,0
20180304,2018,20220925,2022,greenacre_weighted_power_0175,7,106,exact_maximum_overlap,5,2,0,6,0
20180304,2018,20220925,2022,greenacre_weighted_power_0175,7,106,exact_maximum_overlap,5,3,0,6,0
20180304,2018,20220925,2022,greenacre_weighted_power_0175,7,106,exact_maximum_overlap,5,4,1,6,0.16666666666666666
20180304,2018,20220925,2022,greenacre_weighted_power_0175,7,106,exact_maximum_overlap,5,5,0,6,0
20180304,2018,20220925,2022,greenacre_weighted_power_0175,7,106,exact_maximum_overlap,5,6,5,6,0.8333333333333334
20180304,2018,20220925,2022,greenacre_weighted_power_0175,7,106,exact_maximum_overlap,5,7,0,6,0
20180304,2018,20220925,2022,greenacre_weighted_power_0175,7,106,exact_maximum_overlap,6,1,0,18,0
20180304,2018,20220925,2022,greenacre_weighted_power_0175,7,106,exact_maximum_overlap,6,2,2,18,0.1111111111111111
20180304,2018,20220925,2022,greenacre_weighted_power_0175,7,106,exact_maximum_overlap,6,3,0,18,0
20180304,2018,20220925,2022,greenacre_weighted_power_0175,7,106,exact_maximum_overlap,6,4,4,18,0.2222222222222222
20180304,2018,20220925,2022,greenacre_weighted_power_0175,7,106,exact_maximum_overlap,6,5,0,18,0
20180304,2018,20220925,2022,greenacre_weighted_power_0175,7,106,exact_maximum_overlap,6,6,12,18,0.6666666666666666
20180304,2018,20220925,2022,greenacre_weighted_power_0175,7,106,exact_maximum_overlap,6,7,0,18,0
20180304,2018,20220925,2022,greenacre_weighted_power_0175,7,106,exact_maximum_overlap,7,1,0,17,0
20180304,2018,20220925,2022,greenacre_weighted_power_0175,7,106,exact_maximum_overlap,7,2,3,17,0.17647058823529413
20180304,2018,20220925,2022,greenacre_weighted_power_0175,7,106,exact_maximum_overlap,7,3,0,17,0
20180304,2018,20220925,2022,greenacre_weighted_power_0175,7,106,exact_maximum_overlap,7,4,0,17,0
20180304,2018,20220925,2022,greenacre_weighted_power_0175,7,106,exact_maximum_overlap,7,5,4,17,0.23529411764705882
20180304,2018,20220925,2022,greenacre_weighted_power_0175,7,106,exact_maximum_overlap,7,6,0,17,0
20180304,2018,20220925,2022,greenacre_weighted_power_0175,7,106,exact_maximum_overlap,7,7,10,17,0.5882352941176471
19480418,1948,19530607,1953,greenacre_weighted_power_0175,8,104,exact_maximum_overlap,1,1,5,5,1
19480418,1948,19530607,1953,greenacre_weighted_power_0175,8,104,exact_maximum_overlap,1,2,0,5,0
19480418,1948,19530607,1953,greenacre_weighted_power_0175,8,104,exact_maximum_overlap,1,3,0,5,0
19480418,1948,19530607,1953,greenacre_weighted_power_0175,8,104,exact_maximum_overlap,1,4,0,5,0
19480418,1948,19530607,1953,greenacre_weighted_power_0175,8,104,exact_maximum_overlap,1,5,0,5,0
19480418,1948,19530607,1953,greenacre_weighted_power_0175,8,104,exact_maximum_overlap,1,6,0,5,0
19480418,1948,19530607,1953,greenacre_weighted_power_0175,8,104,exact_maximum_overlap,1,7,0,5,0
19480418,1948,19530607,1953,greenacre_weighted_power_0175,8,104,exact_maximum_overlap,1,8,0,5,0
19480418,1948,19530607,1953,greenacre_weighted_power_0175,8,104,exact_maximum_overlap,2,1,0,15,0
19480418,1948,19530607,1953,greenacre_weighted_power_0175,8,104,exact_maximum_overlap,2,2,13,15,0.8666666666666667
19480418,1948,19530607,1953,greenacre_weighted_power_0175,8,104,exact_maximum_overlap,2,3,1,15,0.06666666666666667
19480418,1948,19530607,1953,greenacre_weighted_power_0175,8,104,exact_maximum_overlap,2,4,0,15,0
19480418,1948,19530607,1953,greenacre_weighted_power_0175,8,104,exact_maximum_overlap,2,5,0,15,0
19480418,1948,19530607,1953,greenacre_weighted_power_0175,8,104,exact_maximum_overlap,2,6,1,15,0.06666666666666667
19480418,1948,19530607,1953,greenacre_weighted_power_0175,8,104,exact_maximum_overlap,2,7,0,15,0
19480418,1948,19530607,1953,greenacre_weighted_power_0175,8,104,exact_maximum_overlap,2,8,0,15,0
19480418,1948,19530607,1953,greenacre_weighted_power_0175,8,104,exact_maximum_overlap,3,1,0,17,0
19480418,1948,19530607,1953,greenacre_weighted_power_0175,8,104,exact_maximum_overlap,3,2,2,17,0.11764705882352941
19480418,1948,19530607,1953,greenacre_weighted_power_0175,8,104,exact_maximum_overlap,3,3,12,17,0.7058823529411765
19480418,1948,19530607,1953,greenacre_weighted_power_0175,8,104,exact_maximum_overlap,3,4,0,17,0
19480418,1948,19530607,1953,greenacre_weighted_power_0175,8,104,exact_maximum_overlap,3,5,3,17,0.17647058823529413
19480418,1948,19530607,1953,greenacre_weighted_power_0175,8,104,exact_maximum_overlap,3,6,0,17,0
19480418,1948,19530607,1953,greenacre_weighted_power_0175,8,104,exact_maximum_overlap,3,7,0,17,0
19480418,1948,19530607,1953,greenacre_weighted_power_0175,8,104,exact_maximum_overlap,3,8,0,17,0
19480418,1948,19530607,1953,greenacre_weighted_power_0175,8,104,exact_maximum_overlap,4,1,0,6,0
19480418,1948,19530607,1953,greenacre_weighted_power_0175,8,104,exact_maximum_overlap,4,2,0,6,0
19480418,1948,19530607,1953,greenacre_weighted_power_0175,8,104,exact_maximum_overlap,4,3,1,6,0.16666666666666666
19480418,1948,19530607,1953,greenacre_weighted_power_0175,8,104,exact_maximum_overlap,4,4,0,6,0
19480418,1948,19530607,1953,greenacre_weighted_power_0175,8,104,exact_maximum_overlap,4,5,3,6,0.5
19480418,1948,19530607,1953,greenacre_weighted_power_0175,8,104,exact_maximum_overlap,4,6,0,6,0
19480418,1948,19530607,1953,greenacre_weighted_power_0175,8,104,exact_maximum_overlap,4,7,0,6,0
19480418,1948,19530607,1953,greenacre_weighted_power_0175,8,104,exact_maximum_overlap,4,8,2,6,0.3333333333333333
19480418,1948,19530607,1953,greenacre_weighted_power_0175,8,104,exact_maximum_overlap,5,1,0,6,0
19480418,1948,19530607,1953,greenacre_weighted_power_0175,8,104,exact_maximum_overlap,5,2,2,6,0.3333333333333333
19480418,1948,19530607,1953,greenacre_weighted_power_0175,8,104,exact_maximum_overlap,5,3,1,6,0.16666666666666666
19480418,1948,19530607,1953,greenacre_weighted_power_0175,8,104,exact_maximum_overlap,5,4,0,6,0
19480418,1948,19530607,1953,greenacre_weighted_power_0175,8,104,exact_maximum_overlap,5,5,3,6,0.5
19480418,1948,19530607,1953,greenacre_weighted_power_0175,8,104,exact_maximum_overlap,5,6,0,6,0
19480418,1948,19530607,1953,greenacre_weighted_power_0175,8,104,exact_maximum_overlap,5,7,0,6,0
19480418,1948,19530607,1953,greenacre_weighted_power_0175,8,104,exact_maximum_overlap,5,8,0,6,0
19480418,1948,19530607,1953,greenacre_weighted_power_0175,8,104,exact_maximum_overlap,6,1,2,15,0.13333333333333333
19480418,1948,19530607,1953,greenacre_weighted_power_0175,8,104,exact_maximum_overlap,6,2,0,15,0
19480418,1948,19530607,1953,greenacre_weighted_power_0175,8,104,exact_maximum_overlap,6,3,0,15,0
19480418,1948,19530607,1953,greenacre_weighted_power_0175,8,104,exact_maximum_overlap,6,4,2,15,0.13333333333333333
19480418,1948,19530607,1953,greenacre_weighted_power_0175,8,104,exact_maximum_overlap,6,5,0,15,0
19480418,1948,19530607,1953,greenacre_weighted_power_0175,8,104,exact_maximum_overlap,6,6,11,15,0.7333333333333333
19480418,1948,19530607,1953,greenacre_weighted_power_0175,8,104,exact_maximum_overlap,6,7,0,15,0
19480418,1948,19530607,1953,greenacre_weighted_power_0175,8,104,exact_maximum_overlap,6,8,0,15,0
19480418,1948,19530607,1953,greenacre_weighted_power_0175,8,104,exact_maximum_overlap,7,1,0,26,0
19480418,1948,19530607,1953,greenacre_weighted_power_0175,8,104,exact_maximum_overlap,7,2,0,26,0
19480418,1948,19530607,1953,greenacre_weighted_power_0175,8,104,exact_maximum_overlap,7,3,0,26,0
19480418,1948,19530607,1953,greenacre_weighted_power_0175,8,104,exact_maximum_overlap,7,4,7,26,0.2692307692307692
19480418,1948,19530607,1953,greenacre_weighted_power_0175,8,104,exact_maximum_overlap,7,5,0,26,0
19480418,1948,19530607,1953,greenacre_weighted_power_0175,8,104,exact_maximum_overlap,7,6,4,26,0.15384615384615385
19480418,1948,19530607,1953,greenacre_weighted_power_0175,8,104,exact_maximum_overlap,7,7,14,26,0.5384615384615384
19480418,1948,19530607,1953,greenacre_weighted_power_0175,8,104,exact_maximum_overlap,7,8,1,26,0.038461538461538464
19480418,1948,19530607,1953,greenacre_weighted_power_0175,8,104,exact_maximum_overlap,8,1,0,14,0
19480418,1948,19530607,1953,greenacre_weighted_power_0175,8,104,exact_maximum_overlap,8,2,0,14,0
19480418,1948,19530607,1953,greenacre_weighted_power_0175,8,104,exact_maximum_overlap,8,3,0,14,0
19480418,1948,19530607,1953,greenacre_weighted_power_0175,8,104,exact_maximum_overlap,8,4,0,14,0
19480418,1948,19530607,1953,greenacre_weighted_power_0175,8,104,exact_maximum_overlap,8,5,5,14,0.35714285714285715
19480418,1948,19530607,1953,greenacre_weighted_power_0175,8,104,exact_maximum_overlap,8,6,0,14,0
19480418,1948,19530607,1953,greenacre_weighted_power_0175,8,104,exact_maximum_overlap,8,7,0,14,0
19480418,1948,19530607,1953,greenacre_weighted_power_0175,8,104,exact_maximum_overlap,8,8,9,14,0.6428571428571429
19530607,1953,19580525,1958,greenacre_weighted_power_0175,8,105,exact_maximum_overlap,1,1,9,17,0.5294117647058824
19530607,1953,19580525,1958,greenacre_weighted_power_0175,8,105,exact_maximum_overlap,1,2,0,17,0
19530607,1953,19580525,1958,greenacre_weighted_power_0175,8,105,exact_maximum_overlap,1,3,0,17,0
19530607,1953,19580525,1958,greenacre_weighted_power_0175,8,105,exact_maximum_overlap,1,4,1,17,0.058823529411764705
19530607,1953,19580525,1958,greenacre_weighted_power_0175,8,105,exact_maximum_overlap,1,5,0,17,0
19530607,1953,19580525,1958,greenacre_weighted_power_0175,8,105,exact_maximum_overlap,1,6,0,17,0
19530607,1953,19580525,1958,greenacre_weighted_power_0175,8,105,exact_maximum_overlap,1,7,7,17,0.4117647058823529
19530607,1953,19580525,1958,greenacre_weighted_power_0175,8,105,exact_maximum_overlap,1,8,0,17,0
19530607,1953,19580525,1958,greenacre_weighted_power_0175,8,105,exact_maximum_overlap,2,1,0,12,0
19530607,1953,19580525,1958,greenacre_weighted_power_0175,8,105,exact_maximum_overlap,2,2,7,12,0.5833333333333334
19530607,1953,19580525,1958,greenacre_weighted_power_0175,8,105,exact_maximum_overlap,2,3,1,12,0.08333333333333333
19530607,1953,19580525,1958,greenacre_weighted_power_0175,8,105,exact_maximum_overlap,2,4,2,12,0.16666666666666666
19530607,1953,19580525,1958,greenacre_weighted_power_0175,8,105,exact_maximum_overlap,2,5,0,12,0
19530607,1953,19580525,1958,greenacre_weighted_power_0175,8,105,exact_maximum_overlap,2,6,2,12,0.16666666666666666
19530607,1953,19580525,1958,greenacre_weighted_power_0175,8,105,exact_maximum_overlap,2,7,0,12,0
19530607,1953,19580525,1958,greenacre_weighted_power_0175,8,105,exact_maximum_overlap,2,8,0,12,0
19530607,1953,19580525,1958,greenacre_weighted_power_0175,8,105,exact_maximum_overlap,3,1,0,15,0
19530607,1953,19580525,1958,greenacre_weighted_power_0175,8,105,exact_maximum_overlap,3,2,0,15,0
19530607,1953,19580525,1958,greenacre_weighted_power_0175,8,105,exact_maximum_overlap,3,3,11,15,0.7333333333333333
19530607,1953,19580525,1958,greenacre_weighted_power_0175,8,105,exact_maximum_overlap,3,4,1,15,0.06666666666666667
19530607,1953,19580525,1958,greenacre_weighted_power_0175,8,105,exact_maximum_overlap,3,5,0,15,0
19530607,1953,19580525,1958,greenacre_weighted_power_0175,8,105,exact_maximum_overlap,3,6,1,15,0.06666666666666667
19530607,1953,19580525,1958,greenacre_weighted_power_0175,8,105,exact_maximum_overlap,3,7,1,15,0.06666666666666667
19530607,1953,19580525,1958,greenacre_weighted_power_0175,8,105,exact_maximum_overlap,3,8,1,15,0.06666666666666667
19530607,1953,19580525,1958,greenacre_weighted_power_0175,8,105,exact_maximum_overlap,4,1,0,9,0
19530607,1953,19580525,1958,greenacre_weighted_power_0175,8,105,exact_maximum_overlap,4,2,0,9,0
19530607,1953,19580525,1958,greenacre_weighted_power_0175,8,105,exact_maximum_overlap,4,3,0,9,0
19530607,1953,19580525,1958,greenacre_weighted_power_0175,8,105,exact_maximum_overlap,4,4,3,9,0.3333333333333333
19530607,1953,19580525,1958,greenacre_weighted_power_0175,8,105,exact_maximum_overlap,4,5,5,9,0.5555555555555556
19530607,1953,19580525,1958,greenacre_weighted_power_0175,8,105,exact_maximum_overlap,4,6,0,9,0
19530607,1953,19580525,1958,greenacre_weighted_power_0175,8,105,exact_maximum_overlap,4,7,0,9,0
19530607,1953,19580525,1958,greenacre_weighted_power_0175,8,105,exact_maximum_overlap,4,8,1,9,0.1111111111111111
19530607,1953,19580525,1958,greenacre_weighted_power_0175,8,105,exact_maximum_overlap,5,1,1,16,0.0625
19530607,1953,19580525,1958,greenacre_weighted_power_0175,8,105,exact_maximum_overlap,5,2,0,16,0
19530607,1953,19580525,1958,greenacre_weighted_power_0175,8,105,exact_maximum_overlap,5,3,0,16,0
19530607,1953,19580525,1958,greenacre_weighted_power_0175,8,105,exact_maximum_overlap,5,4,0,16,0
19530607,1953,19580525,1958,greenacre_weighted_power_0175,8,105,exact_maximum_overlap,5,5,11,16,0.6875
19530607,1953,19580525,1958,greenacre_weighted_power_0175,8,105,exact_maximum_overlap,5,6,0,16,0
19530607,1953,19580525,1958,greenacre_weighted_power_0175,8,105,exact_maximum_overlap,5,7,0,16,0
19530607,1953,19580525,1958,greenacre_weighted_power_0175,8,105,exact_maximum_overlap,5,8,4,16,0.25
19530607,1953,19580525,1958,greenacre_weighted_power_0175,8,105,exact_maximum_overlap,6,1,0,14,0
19530607,1953,19580525,1958,greenacre_weighted_power_0175,8,105,exact_maximum_overlap,6,2,5,14,0.35714285714285715
19530607,1953,19580525,1958,greenacre_weighted_power_0175,8,105,exact_maximum_overlap,6,3,0,14,0
19530607,1953,19580525,1958,greenacre_weighted_power_0175,8,105,exact_maximum_overlap,6,4,0,14,0
19530607,1953,19580525,1958,greenacre_weighted_power_0175,8,105,exact_maximum_overlap,6,5,0,14,0
19530607,1953,19580525,1958,greenacre_weighted_power_0175,8,105,exact_maximum_overlap,6,6,8,14,0.5714285714285714
19530607,1953,19580525,1958,greenacre_weighted_power_0175,8,105,exact_maximum_overlap,6,7,0,14,0
19530607,1953,19580525,1958,greenacre_weighted_power_0175,8,105,exact_maximum_overlap,6,8,1,14,0.07142857142857142
19530607,1953,19580525,1958,greenacre_weighted_power_0175,8,105,exact_maximum_overlap,7,1,0,15,0
19530607,1953,19580525,1958,greenacre_weighted_power_0175,8,105,exact_maximum_overlap,7,2,0,15,0
19530607,1953,19580525,1958,greenacre_weighted_power_0175,8,105,exact_maximum_overlap,7,3,0,15,0
19530607,1953,19580525,1958,greenacre_weighted_power_0175,8,105,exact_maximum_overlap,7,4,2,15,0.13333333333333333
19530607,1953,19580525,1958,greenacre_weighted_power_0175,8,105,exact_maximum_overlap,7,5,11,15,0.7333333333333333
19530607,1953,19580525,1958,greenacre_weighted_power_0175,8,105,exact_maximum_overlap,7,6,0,15,0
19530607,1953,19580525,1958,greenacre_weighted_power_0175,8,105,exact_maximum_overlap,7,7,2,15,0.13333333333333333
19530607,1953,19580525,1958,greenacre_weighted_power_0175,8,105,exact_maximum_overlap,7,8,0,15,0
19530607,1953,19580525,1958,greenacre_weighted_power_0175,8,105,exact_maximum_overlap,8,1,0,7,0
19530607,1953,19580525,1958,greenacre_weighted_power_0175,8,105,exact_maximum_overlap,8,2,0,7,0
19530607,1953,19580525,1958,greenacre_weighted_power_0175,8,105,exact_maximum_overlap,8,3,1,7,0.14285714285714285
19530607,1953,19580525,1958,greenacre_weighted_power_0175,8,105,exact_maximum_overlap,8,4,2,7,0.2857142857142857
19530607,1953,19580525,1958,greenacre_weighted_power_0175,8,105,exact_maximum_overlap,8,5,0,7,0
19530607,1953,19580525,1958,greenacre_weighted_power_0175,8,105,exact_maximum_overlap,8,6,0,7,0
19530607,1953,19580525,1958,greenacre_weighted_power_0175,8,105,exact_maximum_overlap,8,7,0,7,0
19530607,1953,19580525,1958,greenacre_weighted_power_0175,8,105,exact_maximum_overlap,8,8,4,7,0.5714285714285714
19580525,1958,19630428,1963,greenacre_weighted_power_0175,8,106,exact_maximum_overlap,1,1,5,10,0.5
19580525,1958,19630428,1963,greenacre_weighted_power_0175,8,106,exact_maximum_overlap,1,2,3,10,0.3
19580525,1958,19630428,1963,greenacre_weighted_power_0175,8,106,exact_maximum_overlap,1,3,1,10,0.1
19580525,1958,19630428,1963,greenacre_weighted_power_0175,8,106,exact_maximum_overlap,1,4,0,10,0
19580525,1958,19630428,1963,greenacre_weighted_power_0175,8,106,exact_maximum_overlap,1,5,1,10,0.1
19580525,1958,19630428,1963,greenacre_weighted_power_0175,8,106,exact_maximum_overlap,1,6,0,10,0
19580525,1958,19630428,1963,greenacre_weighted_power_0175,8,106,exact_maximum_overlap,1,7,0,10,0
19580525,1958,19630428,1963,greenacre_weighted_power_0175,8,106,exact_maximum_overlap,1,8,0,10,0
19580525,1958,19630428,1963,greenacre_weighted_power_0175,8,106,exact_maximum_overlap,2,1,4,10,0.4
19580525,1958,19630428,1963,greenacre_weighted_power_0175,8,106,exact_maximum_overlap,2,2,4,10,0.4
19580525,1958,19630428,1963,greenacre_weighted_power_0175,8,106,exact_maximum_overlap,2,3,0,10,0
19580525,1958,19630428,1963,greenacre_weighted_power_0175,8,106,exact_maximum_overlap,2,4,2,10,0.2
19580525,1958,19630428,1963,greenacre_weighted_power_0175,8,106,exact_maximum_overlap,2,5,0,10,0
19580525,1958,19630428,1963,greenacre_weighted_power_0175,8,106,exact_maximum_overlap,2,6,0,10,0
19580525,1958,19630428,1963,greenacre_weighted_power_0175,8,106,exact_maximum_overlap,2,7,0,10,0
19580525,1958,19630428,1963,greenacre_weighted_power_0175,8,106,exact_maximum_overlap,2,8,0,10,0
19580525,1958,19630428,1963,greenacre_weighted_power_0175,8,106,exact_maximum_overlap,3,1,0,13,0
19580525,1958,19630428,1963,greenacre_weighted_power_0175,8,106,exact_maximum_overlap,3,2,0,13,0
19580525,1958,19630428,1963,greenacre_weighted_power_0175,8,106,exact_maximum_overlap,3,3,11,13,0.8461538461538461
19580525,1958,19630428,1963,greenacre_weighted_power_0175,8,106,exact_maximum_overlap,3,4,0,13,0
19580525,1958,19630428,1963,greenacre_weighted_power_0175,8,106,exact_maximum_overlap,3,5,1,13,0.07692307692307693
19580525,1958,19630428,1963,greenacre_weighted_power_0175,8,106,exact_maximum_overlap,3,6,0,13,0
19580525,1958,19630428,1963,greenacre_weighted_power_0175,8,106,exact_maximum_overlap,3,7,0,13,0
19580525,1958,19630428,1963,greenacre_weighted_power_0175,8,106,exact_maximum_overlap,3,8,1,13,0.07692307692307693
19580525,1958,19630428,1963,greenacre_weighted_power_0175,8,106,exact_maximum_overlap,4,1,0,12,0
19580525,1958,19630428,1963,greenacre_weighted_power_0175,8,106,exact_maximum_overlap,4,2,0,12,0
19580525,1958,19630428,1963,greenacre_weighted_power_0175,8,106,exact_maximum_overlap,4,3,2,12,0.16666666666666666
19580525,1958,19630428,1963,greenacre_weighted_power_0175,8,106,exact_maximum_overlap,4,4,7,12,0.5833333333333334
19580525,1958,19630428,1963,greenacre_weighted_power_0175,8,106,exact_maximum_overlap,4,5,0,12,0
19580525,1958,19630428,1963,greenacre_weighted_power_0175,8,106,exact_maximum_overlap,4,6,1,12,0.08333333333333333
19580525,1958,19630428,1963,greenacre_weighted_power_0175,8,106,exact_maximum_overlap,4,7,0,12,0
19580525,1958,19630428,1963,greenacre_weighted_power_0175,8,106,exact_maximum_overlap,4,8,2,12,0.16666666666666666
19580525,1958,19630428,1963,greenacre_weighted_power_0175,8,106,exact_maximum_overlap,5,1,1,11,0.09090909090909091
19580525,1958,19630428,1963,greenacre_weighted_power_0175,8,106,exact_maximum_overlap,5,2,2,11,0.18181818181818182
19580525,1958,19630428,1963,greenacre_weighted_power_0175,8,106,exact_maximum_overlap,5,3,1,11,0.09090909090909091
19580525,1958,19630428,1963,greenacre_weighted_power_0175,8,106,exact_maximum_overlap,5,4,1,11,0.09090909090909091
19580525,1958,19630428,1963,greenacre_weighted_power_0175,8,106,exact_maximum_overlap,5,5,3,11,0.2727272727272727
19580525,1958,19630428,1963,greenacre_weighted_power_0175,8,106,exact_maximum_overlap,5,6,0,11,0
19580525,1958,19630428,1963,greenacre_weighted_power_0175,8,106,exact_maximum_overlap,5,7,0,11,0
19580525,1958,19630428,1963,greenacre_weighted_power_0175,8,106,exact_maximum_overlap,5,8,3,11,0.2727272727272727
19580525,1958,19630428,1963,greenacre_weighted_power_0175,8,106,exact_maximum_overlap,6,1,0,12,0
19580525,1958,19630428,1963,greenacre_weighted_power_0175,8,106,exact_maximum_overlap,6,2,0,12,0
19580525,1958,19630428,1963,greenacre_weighted_power_0175,8,106,exact_maximum_overlap,6,3,0,12,0
19580525,1958,19630428,1963,greenacre_weighted_power_0175,8,106,exact_maximum_overlap,6,4,0,12,0
19580525,1958,19630428,1963,greenacre_weighted_power_0175,8,106,exact_maximum_overlap,6,5,2,12,0.16666666666666666
19580525,1958,19630428,1963,greenacre_weighted_power_0175,8,106,exact_maximum_overlap,6,6,6,12,0.5
19580525,1958,19630428,1963,greenacre_weighted_power_0175,8,106,exact_maximum_overlap,6,7,4,12,0.3333333333333333
19580525,1958,19630428,1963,greenacre_weighted_power_0175,8,106,exact_maximum_overlap,6,8,0,12,0
19580525,1958,19630428,1963,greenacre_weighted_power_0175,8,106,exact_maximum_overlap,7,1,0,11,0
19580525,1958,19630428,1963,greenacre_weighted_power_0175,8,106,exact_maximum_overlap,7,2,0,11,0
19580525,1958,19630428,1963,greenacre_weighted_power_0175,8,106,exact_maximum_overlap,7,3,3,11,0.2727272727272727
19580525,1958,19630428,1963,greenacre_weighted_power_0175,8,106,exact_maximum_overlap,7,4,0,11,0
19580525,1958,19630428,1963,greenacre_weighted_power_0175,8,106,exact_maximum_overlap,7,5,2,11,0.18181818181818182
19580525,1958,19630428,1963,greenacre_weighted_power_0175,8,106,exact_maximum_overlap,7,6,1,11,0.09090909090909091
19580525,1958,19630428,1963,greenacre_weighted_power_0175,8,106,exact_maximum_overlap,7,7,5,11,0.45454545454545453
19580525,1958,19630428,1963,greenacre_weighted_power_0175,8,106,exact_maximum_overlap,7,8,0,11,0
19580525,1958,19630428,1963,greenacre_weighted_power_0175,8,106,exact_maximum_overlap,8,1,0,27,0
19580525,1958,19630428,1963,greenacre_weighted_power_0175,8,106,exact_maximum_overlap,8,2,0,27,0
19580525,1958,19630428,1963,greenacre_weighted_power_0175,8,106,exact_maximum_overlap,8,3,0,27,0
19580525,1958,19630428,1963,greenacre_weighted_power_0175,8,106,exact_maximum_overlap,8,4,11,27,0.4074074074074074
19580525,1958,19630428,1963,greenacre_weighted_power_0175,8,106,exact_maximum_overlap,8,5,0,27,0
19580525,1958,19630428,1963,greenacre_weighted_power_0175,8,106,exact_maximum_overlap,8,6,2,27,0.07407407407407407
19580525,1958,19630428,1963,greenacre_weighted_power_0175,8,106,exact_maximum_overlap,8,7,0,27,0
19580525,1958,19630428,1963,greenacre_weighted_power_0175,8,106,exact_maximum_overlap,8,8,14,27,0.5185185185185185
19630428,1963,19680519,1968,greenacre_weighted_power_0175,8,106,exact_maximum_overlap,1,1,3,9,0.3333333333333333
19630428,1963,19680519,1968,greenacre_weighted_power_0175,8,106,exact_maximum_overlap,1,2,0,9,0
19630428,1963,19680519,1968,greenacre_weighted_power_0175,8,106,exact_maximum_overlap,1,3,4,9,0.4444444444444444
19630428,1963,19680519,1968,greenacre_weighted_power_0175,8,106,exact_maximum_overlap,1,4,0,9,0
19630428,1963,19680519,1968,greenacre_weighted_power_0175,8,106,exact_maximum_overlap,1,5,0,9,0
19630428,1963,19680519,1968,greenacre_weighted_power_0175,8,106,exact_maximum_overlap,1,6,0,9,0
19630428,1963,19680519,1968,greenacre_weighted_power_0175,8,106,exact_maximum_overlap,1,7,0,9,0
19630428,1963,19680519,1968,greenacre_weighted_power_0175,8,106,exact_maximum_overlap,1,8,2,9,0.2222222222222222
19630428,1963,19680519,1968,greenacre_weighted_power_0175,8,106,exact_maximum_overlap,2,1,2,20,0.1
19630428,1963,19680519,1968,greenacre_weighted_power_0175,8,106,exact_maximum_overlap,2,2,11,20,0.55
19630428,1963,19680519,1968,greenacre_weighted_power_0175,8,106,exact_maximum_overlap,2,3,0,20,0
19630428,1963,19680519,1968,greenacre_weighted_power_0175,8,106,exact_maximum_overlap,2,4,0,20,0
19630428,1963,19680519,1968,greenacre_weighted_power_0175,8,106,exact_maximum_overlap,2,5,1,20,0.05
19630428,1963,19680519,1968,greenacre_weighted_power_0175,8,106,exact_maximum_overlap,2,6,0,20,0
19630428,1963,19680519,1968,greenacre_weighted_power_0175,8,106,exact_maximum_overlap,2,7,0,20,0
19630428,1963,19680519,1968,greenacre_weighted_power_0175,8,106,exact_maximum_overlap,2,8,6,20,0.3
19630428,1963,19680519,1968,greenacre_weighted_power_0175,8,106,exact_maximum_overlap,3,1,4,10,0.4
19630428,1963,19680519,1968,greenacre_weighted_power_0175,8,106,exact_maximum_overlap,3,2,0,10,0
19630428,1963,19680519,1968,greenacre_weighted_power_0175,8,106,exact_maximum_overlap,3,3,6,10,0.6
19630428,1963,19680519,1968,greenacre_weighted_power_0175,8,106,exact_maximum_overlap,3,4,0,10,0
19630428,1963,19680519,1968,greenacre_weighted_power_0175,8,106,exact_maximum_overlap,3,5,0,10,0
19630428,1963,19680519,1968,greenacre_weighted_power_0175,8,106,exact_maximum_overlap,3,6,0,10,0
19630428,1963,19680519,1968,greenacre_weighted_power_0175,8,106,exact_maximum_overlap,3,7,0,10,0
19630428,1963,19680519,1968,greenacre_weighted_power_0175,8,106,exact_maximum_overlap,3,8,0,10,0
19630428,1963,19680519,1968,greenacre_weighted_power_0175,8,106,exact_maximum_overlap,4,1,1,18,0.05555555555555555
19630428,1963,19680519,1968,greenacre_weighted_power_0175,8,106,exact_maximum_overlap,4,2,0,18,0
19630428,1963,19680519,1968,greenacre_weighted_power_0175,8,106,exact_maximum_overlap,4,3,1,18,0.05555555555555555
19630428,1963,19680519,1968,greenacre_weighted_power_0175,8,106,exact_maximum_overlap,4,4,11,18,0.6111111111111112
19630428,1963,19680519,1968,greenacre_weighted_power_0175,8,106,exact_maximum_overlap,4,5,0,18,0
19630428,1963,19680519,1968,greenacre_weighted_power_0175,8,106,exact_maximum_overlap,4,6,0,18,0
19630428,1963,19680519,1968,greenacre_weighted_power_0175,8,106,exact_maximum_overlap,4,7,5,18,0.2777777777777778
19630428,1963,19680519,1968,greenacre_weighted_power_0175,8,106,exact_maximum_overlap,4,8,0,18,0
19630428,1963,19680519,1968,greenacre_weighted_power_0175,8,106,exact_maximum_overlap,5,1,0,10,0
19630428,1963,19680519,1968,greenacre_weighted_power_0175,8,106,exact_maximum_overlap,5,2,0,10,0
19630428,1963,19680519,1968,greenacre_weighted_power_0175,8,106,exact_maximum_overlap,5,3,0,10,0
19630428,1963,19680519,1968,greenacre_weighted_power_0175,8,106,exact_maximum_overlap,5,4,3,10,0.3
19630428,1963,19680519,1968,greenacre_weighted_power_0175,8,106,exact_maximum_overlap,5,5,0,10,0
19630428,1963,19680519,1968,greenacre_weighted_power_0175,8,106,exact_maximum_overlap,5,6,4,10,0.4
19630428,1963,19680519,1968,greenacre_weighted_power_0175,8,106,exact_maximum_overlap,5,7,2,10,0.2
19630428,1963,19680519,1968,greenacre_weighted_power_0175,8,106,exact_maximum_overlap,5,8,1,10,0.1
19630428,1963,19680519,1968,greenacre_weighted_power_0175,8,106,exact_maximum_overlap,6,1,1,9,0.1111111111111111
19630428,1963,19680519,1968,greenacre_weighted_power_0175,8,106,exact_maximum_overlap,6,2,3,9,0.3333333333333333
19630428,1963,19680519,1968,greenacre_weighted_power_0175,8,106,exact_maximum_overlap,6,3,0,9,0
19630428,1963,19680519,1968,greenacre_weighted_power_0175,8,106,exact_maximum_overlap,6,4,0,9,0
19630428,1963,19680519,1968,greenacre_weighted_power_0175,8,106,exact_maximum_overlap,6,5,0,9,0
19630428,1963,19680519,1968,greenacre_weighted_power_0175,8,106,exact_maximum_overlap,6,6,4,9,0.4444444444444444
19630428,1963,19680519,1968,greenacre_weighted_power_0175,8,106,exact_maximum_overlap,6,7,0,9,0
19630428,1963,19680519,1968,greenacre_weighted_power_0175,8,106,exact_maximum_overlap,6,8,1,9,0.1111111111111111
19630428,1963,19680519,1968,greenacre_weighted_power_0175,8,106,exact_maximum_overlap,7,1,0,9,0
19630428,1963,19680519,1968,greenacre_weighted_power_0175,8,106,exact_maximum_overlap,7,2,0,9,0
19630428,1963,19680519,1968,greenacre_weighted_power_0175,8,106,exact_maximum_overlap,7,3,0,9,0
19630428,1963,19680519,1968,greenacre_weighted_power_0175,8,106,exact_maximum_overlap,7,4,0,9,0
19630428,1963,19680519,1968,greenacre_weighted_power_0175,8,106,exact_maximum_overlap,7,5,0,9,0
19630428,1963,19680519,1968,greenacre_weighted_power_0175,8,106,exact_maximum_overlap,7,6,4,9,0.4444444444444444
19630428,1963,19680519,1968,greenacre_weighted_power_0175,8,106,exact_maximum_overlap,7,7,5,9,0.5555555555555556
19630428,1963,19680519,1968,greenacre_weighted_power_0175,8,106,exact_maximum_overlap,7,8,0,9,0
19630428,1963,19680519,1968,greenacre_weighted_power_0175,8,106,exact_maximum_overlap,8,1,2,21,0.09523809523809523
19630428,1963,19680519,1968,greenacre_weighted_power_0175,8,106,exact_maximum_overlap,8,2,0,21,0
19630428,1963,19680519,1968,greenacre_weighted_power_0175,8,106,exact_maximum_overlap,8,3,0,21,0
19630428,1963,19680519,1968,greenacre_weighted_power_0175,8,106,exact_maximum_overlap,8,4,0,21,0
19630428,1963,19680519,1968,greenacre_weighted_power_0175,8,106,exact_maximum_overlap,8,5,4,21,0.19047619047619047
19630428,1963,19680519,1968,greenacre_weighted_power_0175,8,106,exact_maximum_overlap,8,6,0,21,0
19630428,1963,19680519,1968,greenacre_weighted_power_0175,8,106,exact_maximum_overlap,8,7,0,21,0
19630428,1963,19680519,1968,greenacre_weighted_power_0175,8,106,exact_maximum_overlap,8,8,15,21,0.7142857142857143
19680519,1968,19720507,1972,greenacre_weighted_power_0175,8,106,exact_maximum_overlap,1,1,7,14,0.5
19680519,1968,19720507,1972,greenacre_weighted_power_0175,8,106,exact_maximum_overlap,1,2,5,14,0.35714285714285715
19680519,1968,19720507,1972,greenacre_weighted_power_0175,8,106,exact_maximum_overlap,1,3,1,14,0.07142857142857142
19680519,1968,19720507,1972,greenacre_weighted_power_0175,8,106,exact_maximum_overlap,1,4,0,14,0
19680519,1968,19720507,1972,greenacre_weighted_power_0175,8,106,exact_maximum_overlap,1,5,0,14,0
19680519,1968,19720507,1972,greenacre_weighted_power_0175,8,106,exact_maximum_overlap,1,6,0,14,0
19680519,1968,19720507,1972,greenacre_weighted_power_0175,8,106,exact_maximum_overlap,1,7,1,14,0.07142857142857142
19680519,1968,19720507,1972,greenacre_weighted_power_0175,8,106,exact_maximum_overlap,1,8,0,14,0
19680519,1968,19720507,1972,greenacre_weighted_power_0175,8,106,exact_maximum_overlap,2,1,3,5,0.6
19680519,1968,19720507,1972,greenacre_weighted_power_0175,8,106,exact_maximum_overlap,2,2,2,5,0.4
19680519,1968,19720507,1972,greenacre_weighted_power_0175,8,106,exact_maximum_overlap,2,3,0,5,0
19680519,1968,19720507,1972,greenacre_weighted_power_0175,8,106,exact_maximum_overlap,2,4,0,5,0
19680519,1968,19720507,1972,greenacre_weighted_power_0175,8,106,exact_maximum_overlap,2,5,0,5,0
19680519,1968,19720507,1972,greenacre_weighted_power_0175,8,106,exact_maximum_overlap,2,6,0,5,0
19680519,1968,19720507,1972,greenacre_weighted_power_0175,8,106,exact_maximum_overlap,2,7,0,5,0
19680519,1968,19720507,1972,greenacre_weighted_power_0175,8,106,exact_maximum_overlap,2,8,0,5,0
19680519,1968,19720507,1972,greenacre_weighted_power_0175,8,106,exact_maximum_overlap,3,1,0,12,0
19680519,1968,19720507,1972,greenacre_weighted_power_0175,8,106,exact_maximum_overlap,3,2,0,12,0
19680519,1968,19720507,1972,greenacre_weighted_power_0175,8,106,exact_maximum_overlap,3,3,5,12,0.4166666666666667
19680519,1968,19720507,1972,greenacre_weighted_power_0175,8,106,exact_maximum_overlap,3,4,0,12,0
19680519,1968,19720507,1972,greenacre_weighted_power_0175,8,106,exact_maximum_overlap,3,5,7,12,0.5833333333333334
19680519,1968,19720507,1972,greenacre_weighted_power_0175,8,106,exact_maximum_overlap,3,6,0,12,0
19680519,1968,19720507,1972,greenacre_weighted_power_0175,8,106,exact_maximum_overlap,3,7,0,12,0
19680519,1968,19720507,1972,greenacre_weighted_power_0175,8,106,exact_maximum_overlap,3,8,0,12,0
19680519,1968,19720507,1972,greenacre_weighted_power_0175,8,106,exact_maximum_overlap,4,1,5,25,0.2
19680519,1968,19720507,1972,greenacre_weighted_power_0175,8,106,exact_maximum_overlap,4,2,6,25,0.24
19680519,1968,19720507,1972,greenacre_weighted_power_0175,8,106,exact_maximum_overlap,4,3,1,25,0.04
19680519,1968,19720507,1972,greenacre_weighted_power_0175,8,106,exact_maximum_overlap,4,4,13,25,0.52
19680519,1968,19720507,1972,greenacre_weighted_power_0175,8,106,exact_maximum_overlap,4,5,0,25,0
19680519,1968,19720507,1972,greenacre_weighted_power_0175,8,106,exact_maximum_overlap,4,6,0,25,0
19680519,1968,19720507,1972,greenacre_weighted_power_0175,8,106,exact_maximum_overlap,4,7,0,25,0
19680519,1968,19720507,1972,greenacre_weighted_power_0175,8,106,exact_maximum_overlap,4,8,0,25,0
19680519,1968,19720507,1972,greenacre_weighted_power_0175,8,106,exact_maximum_overlap,5,1,0,12,0
19680519,1968,19720507,1972,greenacre_weighted_power_0175,8,106,exact_maximum_overlap,5,2,0,12,0
19680519,1968,19720507,1972,greenacre_weighted_power_0175,8,106,exact_maximum_overlap,5,3,1,12,0.08333333333333333
19680519,1968,19720507,1972,greenacre_weighted_power_0175,8,106,exact_maximum_overlap,5,4,0,12,0
19680519,1968,19720507,1972,greenacre_weighted_power_0175,8,106,exact_maximum_overlap,5,5,6,12,0.5
19680519,1968,19720507,1972,greenacre_weighted_power_0175,8,106,exact_maximum_overlap,5,6,4,12,0.3333333333333333
19680519,1968,19720507,1972,greenacre_weighted_power_0175,8,106,exact_maximum_overlap,5,7,1,12,0.08333333333333333
19680519,1968,19720507,1972,greenacre_weighted_power_0175,8,106,exact_maximum_overlap,5,8,0,12,0
19680519,1968,19720507,1972,greenacre_weighted_power_0175,8,106,exact_maximum_overlap,6,1,2,14,0.14285714285714285
19680519,1968,19720507,1972,greenacre_weighted_power_0175,8,106,exact_maximum_overlap,6,2,0,14,0
19680519,1968,19720507,1972,greenacre_weighted_power_0175,8,106,exact_maximum_overlap,6,3,1,14,0.07142857142857142
19680519,1968,19720507,1972,greenacre_weighted_power_0175,8,106,exact_maximum_overlap,6,4,0,14,0
19680519,1968,19720507,1972,greenacre_weighted_power_0175,8,106,exact_maximum_overlap,6,5,0,14,0
19680519,1968,19720507,1972,greenacre_weighted_power_0175,8,106,exact_maximum_overlap,6,6,10,14,0.7142857142857143
19680519,1968,19720507,1972,greenacre_weighted_power_0175,8,106,exact_maximum_overlap,6,7,1,14,0.07142857142857142
19680519,1968,19720507,1972,greenacre_weighted_power_0175,8,106,exact_maximum_overlap,6,8,0,14,0
19680519,1968,19720507,1972,greenacre_weighted_power_0175,8,106,exact_maximum_overlap,7,1,0,11,0
19680519,1968,19720507,1972,greenacre_weighted_power_0175,8,106,exact_maximum_overlap,7,2,0,11,0
19680519,1968,19720507,1972,greenacre_weighted_power_0175,8,106,exact_maximum_overlap,7,3,0,11,0
19680519,1968,19720507,1972,greenacre_weighted_power_0175,8,106,exact_maximum_overlap,7,4,0,11,0
19680519,1968,19720507,1972,greenacre_weighted_power_0175,8,106,exact_maximum_overlap,7,5,0,11,0
19680519,1968,19720507,1972,greenacre_weighted_power_0175,8,106,exact_maximum_overlap,7,6,0,11,0
19680519,1968,19720507,1972,greenacre_weighted_power_0175,8,106,exact_maximum_overlap,7,7,6,11,0.5454545454545454
19680519,1968,19720507,1972,greenacre_weighted_power_0175,8,106,exact_maximum_overlap,7,8,5,11,0.45454545454545453
19680519,1968,19720507,1972,greenacre_weighted_power_0175,8,106,exact_maximum_overlap,8,1,1,13,0.07692307692307693
19680519,1968,19720507,1972,greenacre_weighted_power_0175,8,106,exact_maximum_overlap,8,2,2,13,0.15384615384615385
19680519,1968,19720507,1972,greenacre_weighted_power_0175,8,106,exact_maximum_overlap,8,3,0,13,0
19680519,1968,19720507,1972,greenacre_weighted_power_0175,8,106,exact_maximum_overlap,8,4,2,13,0.15384615384615385
19680519,1968,19720507,1972,greenacre_weighted_power_0175,8,106,exact_maximum_overlap,8,5,0,13,0
19680519,1968,19720507,1972,greenacre_weighted_power_0175,8,106,exact_maximum_overlap,8,6,0,13,0
19680519,1968,19720507,1972,greenacre_weighted_power_0175,8,106,exact_maximum_overlap,8,7,4,13,0.3076923076923077
19680519,1968,19720507,1972,greenacre_weighted_power_0175,8,106,exact_maximum_overlap,8,8,4,13,0.3076923076923077
19720507,1972,19760620,1976,greenacre_weighted_power_0175,8,106,exact_maximum_overlap,1,1,5,9,0.5555555555555556
19720507,1972,19760620,1976,greenacre_weighted_power_0175,8,106,exact_maximum_overlap,1,2,0,9,0
19720507,1972,19760620,1976,greenacre_weighted_power_0175,8,106,exact_maximum_overlap,1,3,3,9,0.3333333333333333
19720507,1972,19760620,1976,greenacre_weighted_power_0175,8,106,exact_maximum_overlap,1,4,0,9,0
19720507,1972,19760620,1976,greenacre_weighted_power_0175,8,106,exact_maximum_overlap,1,5,0,9,0
19720507,1972,19760620,1976,greenacre_weighted_power_0175,8,106,exact_maximum_overlap,1,6,0,9,0
19720507,1972,19760620,1976,greenacre_weighted_power_0175,8,106,exact_maximum_overlap,1,7,1,9,0.1111111111111111
19720507,1972,19760620,1976,greenacre_weighted_power_0175,8,106,exact_maximum_overlap,1,8,0,9,0
19720507,1972,19760620,1976,greenacre_weighted_power_0175,8,106,exact_maximum_overlap,2,1,0,9,0
19720507,1972,19760620,1976,greenacre_weighted_power_0175,8,106,exact_maximum_overlap,2,2,8,9,0.8888888888888888
19720507,1972,19760620,1976,greenacre_weighted_power_0175,8,106,exact_maximum_overlap,2,3,0,9,0
19720507,1972,19760620,1976,greenacre_weighted_power_0175,8,106,exact_maximum_overlap,2,4,0,9,0
19720507,1972,19760620,1976,greenacre_weighted_power_0175,8,106,exact_maximum_overlap,2,5,0,9,0
19720507,1972,19760620,1976,greenacre_weighted_power_0175,8,106,exact_maximum_overlap,2,6,0,9,0
19720507,1972,19760620,1976,greenacre_weighted_power_0175,8,106,exact_maximum_overlap,2,7,0,9,0
19720507,1972,19760620,1976,greenacre_weighted_power_0175,8,106,exact_maximum_overlap,2,8,1,9,0.1111111111111111
19720507,1972,19760620,1976,greenacre_weighted_power_0175,8,106,exact_maximum_overlap,3,1,0,13,0
19720507,1972,19760620,1976,greenacre_weighted_power_0175,8,106,exact_maximum_overlap,3,2,2,13,0.15384615384615385
19720507,1972,19760620,1976,greenacre_weighted_power_0175,8,106,exact_maximum_overlap,3,3,5,13,0.38461538461538464
19720507,1972,19760620,1976,greenacre_weighted_power_0175,8,106,exact_maximum_overlap,3,4,0,13,0
19720507,1972,19760620,1976,greenacre_weighted_power_0175,8,106,exact_maximum_overlap,3,5,0,13,0
19720507,1972,19760620,1976,greenacre_weighted_power_0175,8,106,exact_maximum_overlap,3,6,4,13,0.3076923076923077
19720507,1972,19760620,1976,greenacre_weighted_power_0175,8,106,exact_maximum_overlap,3,7,0,13,0
19720507,1972,19760620,1976,greenacre_weighted_power_0175,8,106,exact_maximum_overlap,3,8,2,13,0.15384615384615385
19720507,1972,19760620,1976,greenacre_weighted_power_0175,8,106,exact_maximum_overlap,4,1,0,15,0
19720507,1972,19760620,1976,greenacre_weighted_power_0175,8,106,exact_maximum_overlap,4,2,0,15,0
19720507,1972,19760620,1976,greenacre_weighted_power_0175,8,106,exact_maximum_overlap,4,3,2,15,0.13333333333333333
19720507,1972,19760620,1976,greenacre_weighted_power_0175,8,106,exact_maximum_overlap,4,4,7,15,0.4666666666666667
19720507,1972,19760620,1976,greenacre_weighted_power_0175,8,106,exact_maximum_overlap,4,5,6,15,0.4
19720507,1972,19760620,1976,greenacre_weighted_power_0175,8,106,exact_maximum_overlap,4,6,0,15,0
19720507,1972,19760620,1976,greenacre_weighted_power_0175,8,106,exact_maximum_overlap,4,7,0,15,0
19720507,1972,19760620,1976,greenacre_weighted_power_0175,8,106,exact_maximum_overlap,4,8,0,15,0
19720507,1972,19760620,1976,greenacre_weighted_power_0175,8,106,exact_maximum_overlap,5,1,0,18,0
19720507,1972,19760620,1976,greenacre_weighted_power_0175,8,106,exact_maximum_overlap,5,2,0,18,0
19720507,1972,19760620,1976,greenacre_weighted_power_0175,8,106,exact_maximum_overlap,5,3,3,18,0.16666666666666666
19720507,1972,19760620,1976,greenacre_weighted_power_0175,8,106,exact_maximum_overlap,5,4,4,18,0.2222222222222222
19720507,1972,19760620,1976,greenacre_weighted_power_0175,8,106,exact_maximum_overlap,5,5,11,18,0.6111111111111112
19720507,1972,19760620,1976,greenacre_weighted_power_0175,8,106,exact_maximum_overlap,5,6,0,18,0
19720507,1972,19760620,1976,greenacre_weighted_power_0175,8,106,exact_maximum_overlap,5,7,0,18,0
19720507,1972,19760620,1976,greenacre_weighted_power_0175,8,106,exact_maximum_overlap,5,8,0,18,0
19720507,1972,19760620,1976,greenacre_weighted_power_0175,8,106,exact_maximum_overlap,6,1,0,14,0
19720507,1972,19760620,1976,greenacre_weighted_power_0175,8,106,exact_maximum_overlap,6,2,0,14,0
19720507,1972,19760620,1976,greenacre_weighted_power_0175,8,106,exact_maximum_overlap,6,3,4,14,0.2857142857142857
19720507,1972,19760620,1976,greenacre_weighted_power_0175,8,106,exact_maximum_overlap,6,4,0,14,0
19720507,1972,19760620,1976,greenacre_weighted_power_0175,8,106,exact_maximum_overlap,6,5,0,14,0
19720507,1972,19760620,1976,greenacre_weighted_power_0175,8,106,exact_maximum_overlap,6,6,10,14,0.7142857142857143
19720507,1972,19760620,1976,greenacre_weighted_power_0175,8,106,exact_maximum_overlap,6,7,0,14,0
19720507,1972,19760620,1976,greenacre_weighted_power_0175,8,106,exact_maximum_overlap,6,8,0,14,0
19720507,1972,19760620,1976,greenacre_weighted_power_0175,8,106,exact_maximum_overlap,7,1,3,13,0.23076923076923078
19720507,1972,19760620,1976,greenacre_weighted_power_0175,8,106,exact_maximum_overlap,7,2,0,13,0
19720507,1972,19760620,1976,greenacre_weighted_power_0175,8,106,exact_maximum_overlap,7,3,0,13,0
19720507,1972,19760620,1976,greenacre_weighted_power_0175,8,106,exact_maximum_overlap,7,4,0,13,0
19720507,1972,19760620,1976,greenacre_weighted_power_0175,8,106,exact_maximum_overlap,7,5,0,13,0
19720507,1972,19760620,1976,greenacre_weighted_power_0175,8,106,exact_maximum_overlap,7,6,0,13,0
19720507,1972,19760620,1976,greenacre_weighted_power_0175,8,106,exact_maximum_overlap,7,7,10,13,0.7692307692307693
19720507,1972,19760620,1976,greenacre_weighted_power_0175,8,106,exact_maximum_overlap,7,8,0,13,0
19720507,1972,19760620,1976,greenacre_weighted_power_0175,8,106,exact_maximum_overlap,8,1,0,15,0
19720507,1972,19760620,1976,greenacre_weighted_power_0175,8,106,exact_maximum_overlap,8,2,0,15,0
19720507,1972,19760620,1976,greenacre_weighted_power_0175,8,106,exact_maximum_overlap,8,3,0,15,0
19720507,1972,19760620,1976,greenacre_weighted_power_0175,8,106,exact_maximum_overlap,8,4,7,15,0.4666666666666667
19720507,1972,19760620,1976,greenacre_weighted_power_0175,8,106,exact_maximum_overlap,8,5,5,15,0.3333333333333333
19720507,1972,19760620,1976,greenacre_weighted_power_0175,8,106,exact_maximum_overlap,8,6,0,15,0
19720507,1972,19760620,1976,greenacre_weighted_power_0175,8,106,exact_maximum_overlap,8,7,0,15,0
19720507,1972,19760620,1976,greenacre_weighted_power_0175,8,106,exact_maximum_overlap,8,8,3,15,0.2
19760620,1976,19790603,1979,greenacre_weighted_power_0175,8,106,exact_maximum_overlap,1,1,0,8,0
19760620,1976,19790603,1979,greenacre_weighted_power_0175,8,106,exact_maximum_overlap,1,2,0,8,0
19760620,1976,19790603,1979,greenacre_weighted_power_0175,8,106,exact_maximum_overlap,1,3,0,8,0
19760620,1976,19790603,1979,greenacre_weighted_power_0175,8,106,exact_maximum_overlap,1,4,0,8,0
19760620,1976,19790603,1979,greenacre_weighted_power_0175,8,106,exact_maximum_overlap,1,5,0,8,0
19760620,1976,19790603,1979,greenacre_weighted_power_0175,8,106,exact_maximum_overlap,1,6,8,8,1
19760620,1976,19790603,1979,greenacre_weighted_power_0175,8,106,exact_maximum_overlap,1,7,0,8,0
19760620,1976,19790603,1979,greenacre_weighted_power_0175,8,106,exact_maximum_overlap,1,8,0,8,0
19760620,1976,19790603,1979,greenacre_weighted_power_0175,8,106,exact_maximum_overlap,2,1,0,6,0
19760620,1976,19790603,1979,greenacre_weighted_power_0175,8,106,exact_maximum_overlap,2,2,4,6,0.6666666666666666
19760620,1976,19790603,1979,greenacre_weighted_power_0175,8,106,exact_maximum_overlap,2,3,0,6,0
19760620,1976,19790603,1979,greenacre_weighted_power_0175,8,106,exact_maximum_overlap,2,4,0,6,0
19760620,1976,19790603,1979,greenacre_weighted_power_0175,8,106,exact_maximum_overlap,2,5,0,6,0
19760620,1976,19790603,1979,greenacre_weighted_power_0175,8,106,exact_maximum_overlap,2,6,0,6,0
19760620,1976,19790603,1979,greenacre_weighted_power_0175,8,106,exact_maximum_overlap,2,7,2,6,0.3333333333333333
19760620,1976,19790603,1979,greenacre_weighted_power_0175,8,106,exact_maximum_overlap,2,8,0,6,0
19760620,1976,19790603,1979,greenacre_weighted_power_0175,8,106,exact_maximum_overlap,3,1,4,17,0.23529411764705882
19760620,1976,19790603,1979,greenacre_weighted_power_0175,8,106,exact_maximum_overlap,3,2,2,17,0.11764705882352941
19760620,1976,19790603,1979,greenacre_weighted_power_0175,8,106,exact_maximum_overlap,3,3,6,17,0.35294117647058826
19760620,1976,19790603,1979,greenacre_weighted_power_0175,8,106,exact_maximum_overlap,3,4,0,17,0
19760620,1976,19790603,1979,greenacre_weighted_power_0175,8,106,exact_maximum_overlap,3,5,1,17,0.058823529411764705
19760620,1976,19790603,1979,greenacre_weighted_power_0175,8,106,exact_maximum_overlap,3,6,0,17,0
19760620,1976,19790603,1979,greenacre_weighted_power_0175,8,106,exact_maximum_overlap,3,7,0,17,0
19760620,1976,19790603,1979,greenacre_weighted_power_0175,8,106,exact_maximum_overlap,3,8,4,17,0.23529411764705882
19760620,1976,19790603,1979,greenacre_weighted_power_0175,8,106,exact_maximum_overlap,4,1,4,18,0.2222222222222222
19760620,1976,19790603,1979,greenacre_weighted_power_0175,8,106,exact_maximum_overlap,4,2,3,18,0.16666666666666666
19760620,1976,19790603,1979,greenacre_weighted_power_0175,8,106,exact_maximum_overlap,4,3,0,18,0
19760620,1976,19790603,1979,greenacre_weighted_power_0175,8,106,exact_maximum_overlap,4,4,8,18,0.4444444444444444
19760620,1976,19790603,1979,greenacre_weighted_power_0175,8,106,exact_maximum_overlap,4,5,0,18,0
19760620,1976,19790603,1979,greenacre_weighted_power_0175,8,106,exact_maximum_overlap,4,6,0,18,0
19760620,1976,19790603,1979,greenacre_weighted_power_0175,8,106,exact_maximum_overlap,4,7,3,18,0.16666666666666666
19760620,1976,19790603,1979,greenacre_weighted_power_0175,8,106,exact_maximum_overlap,4,8,0,18,0
19760620,1976,19790603,1979,greenacre_weighted_power_0175,8,106,exact_maximum_overlap,5,1,0,10,0
19760620,1976,19790603,1979,greenacre_weighted_power_0175,8,106,exact_maximum_overlap,5,2,0,10,0
19760620,1976,19790603,1979,greenacre_weighted_power_0175,8,106,exact_maximum_overlap,5,3,1,10,0.1
19760620,1976,19790603,1979,greenacre_weighted_power_0175,8,106,exact_maximum_overlap,5,4,0,10,0
19760620,1976,19790603,1979,greenacre_weighted_power_0175,8,106,exact_maximum_overlap,5,5,9,10,0.9
19760620,1976,19790603,1979,greenacre_weighted_power_0175,8,106,exact_maximum_overlap,5,6,0,10,0
19760620,1976,19790603,1979,greenacre_weighted_power_0175,8,106,exact_maximum_overlap,5,7,0,10,0
19760620,1976,19790603,1979,greenacre_weighted_power_0175,8,106,exact_maximum_overlap,5,8,0,10,0
19760620,1976,19790603,1979,greenacre_weighted_power_0175,8,106,exact_maximum_overlap,6,1,0,11,0
19760620,1976,19790603,1979,greenacre_weighted_power_0175,8,106,exact_maximum_overlap,6,2,0,11,0
19760620,1976,19790603,1979,greenacre_weighted_power_0175,8,106,exact_maximum_overlap,6,3,0,11,0
19760620,1976,19790603,1979,greenacre_weighted_power_0175,8,106,exact_maximum_overlap,6,4,0,11,0
19760620,1976,19790603,1979,greenacre_weighted_power_0175,8,106,exact_maximum_overlap,6,5,0,11,0
19760620,1976,19790603,1979,greenacre_weighted_power_0175,8,106,exact_maximum_overlap,6,6,11,11,1
19760620,1976,19790603,1979,greenacre_weighted_power_0175,8,106,exact_maximum_overlap,6,7,0,11,0
19760620,1976,19790603,1979,greenacre_weighted_power_0175,8,106,exact_maximum_overlap,6,8,0,11,0
19760620,1976,19790603,1979,greenacre_weighted_power_0175,8,106,exact_maximum_overlap,7,1,7,22,0.3181818181818182
19760620,1976,19790603,1979,greenacre_weighted_power_0175,8,106,exact_maximum_overlap,7,2,0,22,0
19760620,1976,19790603,1979,greenacre_weighted_power_0175,8,106,exact_maximum_overlap,7,3,1,22,0.045454545454545456
19760620,1976,19790603,1979,greenacre_weighted_power_0175,8,106,exact_maximum_overlap,7,4,4,22,0.18181818181818182
19760620,1976,19790603,1979,greenacre_weighted_power_0175,8,106,exact_maximum_overlap,7,5,0,22,0
19760620,1976,19790603,1979,greenacre_weighted_power_0175,8,106,exact_maximum_overlap,7,6,0,22,0
19760620,1976,19790603,1979,greenacre_weighted_power_0175,8,106,exact_maximum_overlap,7,7,9,22,0.4090909090909091
19760620,1976,19790603,1979,greenacre_weighted_power_0175,8,106,exact_maximum_overlap,7,8,1,22,0.045454545454545456
19760620,1976,19790603,1979,greenacre_weighted_power_0175,8,106,exact_maximum_overlap,8,1,0,14,0
19760620,1976,19790603,1979,greenacre_weighted_power_0175,8,106,exact_maximum_overlap,8,2,0,14,0
19760620,1976,19790603,1979,greenacre_weighted_power_0175,8,106,exact_maximum_overlap,8,3,4,14,0.2857142857142857
19760620,1976,19790603,1979,greenacre_weighted_power_0175,8,106,exact_maximum_overlap,8,4,0,14,0
19760620,1976,19790603,1979,greenacre_weighted_power_0175,8,106,exact_maximum_overlap,8,5,0,14,0
19760620,1976,19790603,1979,greenacre_weighted_power_0175,8,106,exact_maximum_overlap,8,6,0,14,0
19760620,1976,19790603,1979,greenacre_weighted_power_0175,8,106,exact_maximum_overlap,8,7,0,14,0
19760620,1976,19790603,1979,greenacre_weighted_power_0175,8,106,exact_maximum_overlap,8,8,10,14,0.7142857142857143
19790603,1979,19830626,1983,greenacre_weighted_power_0175,8,106,exact_maximum_overlap,1,1,3,12,0.25
19790603,1979,19830626,1983,greenacre_weighted_power_0175,8,106,exact_maximum_overlap,1,2,0,12,0
19790603,1979,19830626,1983,greenacre_weighted_power_0175,8,106,exact_maximum_overlap,1,3,0,12,0
19790603,1979,19830626,1983,greenacre_weighted_power_0175,8,106,exact_maximum_overlap,1,4,1,12,0.08333333333333333
19790603,1979,19830626,1983,greenacre_weighted_power_0175,8,106,exact_maximum_overlap,1,5,6,12,0.5
19790603,1979,19830626,1983,greenacre_weighted_power_0175,8,106,exact_maximum_overlap,1,6,2,12,0.16666666666666666
19790603,1979,19830626,1983,greenacre_weighted_power_0175,8,106,exact_maximum_overlap,1,7,0,12,0
19790603,1979,19830626,1983,greenacre_weighted_power_0175,8,106,exact_maximum_overlap,1,8,0,12,0
19790603,1979,19830626,1983,greenacre_weighted_power_0175,8,106,exact_maximum_overlap,2,1,0,14,0
19790603,1979,19830626,1983,greenacre_weighted_power_0175,8,106,exact_maximum_overlap,2,2,4,14,0.2857142857142857
19790603,1979,19830626,1983,greenacre_weighted_power_0175,8,106,exact_maximum_overlap,2,3,7,14,0.5
19790603,1979,19830626,1983,greenacre_weighted_power_0175,8,106,exact_maximum_overlap,2,4,1,14,0.07142857142857142
19790603,1979,19830626,1983,greenacre_weighted_power_0175,8,106,exact_maximum_overlap,2,5,0,14,0
19790603,1979,19830626,1983,greenacre_weighted_power_0175,8,106,exact_maximum_overlap,2,6,0,14,0
19790603,1979,19830626,1983,greenacre_weighted_power_0175,8,106,exact_maximum_overlap,2,7,2,14,0.14285714285714285
19790603,1979,19830626,1983,greenacre_weighted_power_0175,8,106,exact_maximum_overlap,2,8,0,14,0
19790603,1979,19830626,1983,greenacre_weighted_power_0175,8,106,exact_maximum_overlap,3,1,1,12,0.08333333333333333
19790603,1979,19830626,1983,greenacre_weighted_power_0175,8,106,exact_maximum_overlap,3,2,1,12,0.08333333333333333
19790603,1979,19830626,1983,greenacre_weighted_power_0175,8,106,exact_maximum_overlap,3,3,8,12,0.6666666666666666
19790603,1979,19830626,1983,greenacre_weighted_power_0175,8,106,exact_maximum_overlap,3,4,0,12,0
19790603,1979,19830626,1983,greenacre_weighted_power_0175,8,106,exact_maximum_overlap,3,5,0,12,0
19790603,1979,19830626,1983,greenacre_weighted_power_0175,8,106,exact_maximum_overlap,3,6,0,12,0
19790603,1979,19830626,1983,greenacre_weighted_power_0175,8,106,exact_maximum_overlap,3,7,2,12,0.16666666666666666
19790603,1979,19830626,1983,greenacre_weighted_power_0175,8,106,exact_maximum_overlap,3,8,0,12,0
19790603,1979,19830626,1983,greenacre_weighted_power_0175,8,106,exact_maximum_overlap,4,1,3,15,0.2
19790603,1979,19830626,1983,greenacre_weighted_power_0175,8,106,exact_maximum_overlap,4,2,0,15,0
19790603,1979,19830626,1983,greenacre_weighted_power_0175,8,106,exact_maximum_overlap,4,3,0,15,0
19790603,1979,19830626,1983,greenacre_weighted_power_0175,8,106,exact_maximum_overlap,4,4,10,15,0.6666666666666666
19790603,1979,19830626,1983,greenacre_weighted_power_0175,8,106,exact_maximum_overlap,4,5,2,15,0.13333333333333333
19790603,1979,19830626,1983,greenacre_weighted_power_0175,8,106,exact_maximum_overlap,4,6,0,15,0
19790603,1979,19830626,1983,greenacre_weighted_power_0175,8,106,exact_maximum_overlap,4,7,0,15,0
19790603,1979,19830626,1983,greenacre_weighted_power_0175,8,106,exact_maximum_overlap,4,8,0,15,0
19790603,1979,19830626,1983,greenacre_weighted_power_0175,8,106,exact_maximum_overlap,5,1,1,15,0.06666666666666667
19790603,1979,19830626,1983,greenacre_weighted_power_0175,8,106,exact_maximum_overlap,5,2,5,15,0.3333333333333333
19790603,1979,19830626,1983,greenacre_weighted_power_0175,8,106,exact_maximum_overlap,5,3,0,15,0
19790603,1979,19830626,1983,greenacre_weighted_power_0175,8,106,exact_maximum_overlap,5,4,0,15,0
19790603,1979,19830626,1983,greenacre_weighted_power_0175,8,106,exact_maximum_overlap,5,5,9,15,0.6
19790603,1979,19830626,1983,greenacre_weighted_power_0175,8,106,exact_maximum_overlap,5,6,0,15,0
19790603,1979,19830626,1983,greenacre_weighted_power_0175,8,106,exact_maximum_overlap,5,7,0,15,0
19790603,1979,19830626,1983,greenacre_weighted_power_0175,8,106,exact_maximum_overlap,5,8,0,15,0
19790603,1979,19830626,1983,greenacre_weighted_power_0175,8,106,exact_maximum_overlap,6,1,2,10,0.2
19790603,1979,19830626,1983,greenacre_weighted_power_0175,8,106,exact_maximum_overlap,6,2,0,10,0
19790603,1979,19830626,1983,greenacre_weighted_power_0175,8,106,exact_maximum_overlap,6,3,1,10,0.1
19790603,1979,19830626,1983,greenacre_weighted_power_0175,8,106,exact_maximum_overlap,6,4,0,10,0
19790603,1979,19830626,1983,greenacre_weighted_power_0175,8,106,exact_maximum_overlap,6,5,2,10,0.2
19790603,1979,19830626,1983,greenacre_weighted_power_0175,8,106,exact_maximum_overlap,6,6,4,10,0.4
19790603,1979,19830626,1983,greenacre_weighted_power_0175,8,106,exact_maximum_overlap,6,7,1,10,0.1
19790603,1979,19830626,1983,greenacre_weighted_power_0175,8,106,exact_maximum_overlap,6,8,0,10,0
19790603,1979,19830626,1983,greenacre_weighted_power_0175,8,106,exact_maximum_overlap,7,1,0,9,0
19790603,1979,19830626,1983,greenacre_weighted_power_0175,8,106,exact_maximum_overlap,7,2,0,9,0
19790603,1979,19830626,1983,greenacre_weighted_power_0175,8,106,exact_maximum_overlap,7,3,0,9,0
19790603,1979,19830626,1983,greenacre_weighted_power_0175,8,106,exact_maximum_overlap,7,4,0,9,0
19790603,1979,19830626,1983,greenacre_weighted_power_0175,8,106,exact_maximum_overlap,7,5,0,9,0
19790603,1979,19830626,1983,greenacre_weighted_power_0175,8,106,exact_maximum_overlap,7,6,5,9,0.5555555555555556
19790603,1979,19830626,1983,greenacre_weighted_power_0175,8,106,exact_maximum_overlap,7,7,4,9,0.4444444444444444
19790603,1979,19830626,1983,greenacre_weighted_power_0175,8,106,exact_maximum_overlap,7,8,0,9,0
19790603,1979,19830626,1983,greenacre_weighted_power_0175,8,106,exact_maximum_overlap,8,1,2,19,0.10526315789473684
19790603,1979,19830626,1983,greenacre_weighted_power_0175,8,106,exact_maximum_overlap,8,2,2,19,0.10526315789473684
19790603,1979,19830626,1983,greenacre_weighted_power_0175,8,106,exact_maximum_overlap,8,3,0,19,0
19790603,1979,19830626,1983,greenacre_weighted_power_0175,8,106,exact_maximum_overlap,8,4,0,19,0
19790603,1979,19830626,1983,greenacre_weighted_power_0175,8,106,exact_maximum_overlap,8,5,0,19,0
19790603,1979,19830626,1983,greenacre_weighted_power_0175,8,106,exact_maximum_overlap,8,6,0,19,0
19790603,1979,19830626,1983,greenacre_weighted_power_0175,8,106,exact_maximum_overlap,8,7,0,19,0
19790603,1979,19830626,1983,greenacre_weighted_power_0175,8,106,exact_maximum_overlap,8,8,15,19,0.7894736842105263
19830626,1983,19870614,1987,greenacre_weighted_power_0175,8,106,exact_maximum_overlap,1,1,11,12,0.9166666666666666
19830626,1983,19870614,1987,greenacre_weighted_power_0175,8,106,exact_maximum_overlap,1,2,0,12,0
19830626,1983,19870614,1987,greenacre_weighted_power_0175,8,106,exact_maximum_overlap,1,3,0,12,0
19830626,1983,19870614,1987,greenacre_weighted_power_0175,8,106,exact_maximum_overlap,1,4,0,12,0
19830626,1983,19870614,1987,greenacre_weighted_power_0175,8,106,exact_maximum_overlap,1,5,0,12,0
19830626,1983,19870614,1987,greenacre_weighted_power_0175,8,106,exact_maximum_overlap,1,6,1,12,0.08333333333333333
19830626,1983,19870614,1987,greenacre_weighted_power_0175,8,106,exact_maximum_overlap,1,7,0,12,0
19830626,1983,19870614,1987,greenacre_weighted_power_0175,8,106,exact_maximum_overlap,1,8,0,12,0
19830626,1983,19870614,1987,greenacre_weighted_power_0175,8,106,exact_maximum_overlap,2,1,1,11,0.09090909090909091
19830626,1983,19870614,1987,greenacre_weighted_power_0175,8,106,exact_maximum_overlap,2,2,5,11,0.45454545454545453
19830626,1983,19870614,1987,greenacre_weighted_power_0175,8,106,exact_maximum_overlap,2,3,0,11,0
19830626,1983,19870614,1987,greenacre_weighted_power_0175,8,106,exact_maximum_overlap,2,4,0,11,0
19830626,1983,19870614,1987,greenacre_weighted_power_0175,8,106,exact_maximum_overlap,2,5,0,11,0
19830626,1983,19870614,1987,greenacre_weighted_power_0175,8,106,exact_maximum_overlap,2,6,2,11,0.18181818181818182
19830626,1983,19870614,1987,greenacre_weighted_power_0175,8,106,exact_maximum_overlap,2,7,0,11,0
19830626,1983,19870614,1987,greenacre_weighted_power_0175,8,106,exact_maximum_overlap,2,8,3,11,0.2727272727272727
19830626,1983,19870614,1987,greenacre_weighted_power_0175,8,106,exact_maximum_overlap,3,1,0,16,0
19830626,1983,19870614,1987,greenacre_weighted_power_0175,8,106,exact_maximum_overlap,3,2,0,16,0
19830626,1983,19870614,1987,greenacre_weighted_power_0175,8,106,exact_maximum_overlap,3,3,15,16,0.9375
19830626,1983,19870614,1987,greenacre_weighted_power_0175,8,106,exact_maximum_overlap,3,4,0,16,0
19830626,1983,19870614,1987,greenacre_weighted_power_0175,8,106,exact_maximum_overlap,3,5,0,16,0
19830626,1983,19870614,1987,greenacre_weighted_power_0175,8,106,exact_maximum_overlap,3,6,1,16,0.0625
19830626,1983,19870614,1987,greenacre_weighted_power_0175,8,106,exact_maximum_overlap,3,7,0,16,0
19830626,1983,19870614,1987,greenacre_weighted_power_0175,8,106,exact_maximum_overlap,3,8,0,16,0
19830626,1983,19870614,1987,greenacre_weighted_power_0175,8,106,exact_maximum_overlap,4,1,0,15,0
19830626,1983,19870614,1987,greenacre_weighted_power_0175,8,106,exact_maximum_overlap,4,2,0,15,0
19830626,1983,19870614,1987,greenacre_weighted_power_0175,8,106,exact_maximum_overlap,4,3,0,15,0
19830626,1983,19870614,1987,greenacre_weighted_power_0175,8,106,exact_maximum_overlap,4,4,10,15,0.6666666666666666
19830626,1983,19870614,1987,greenacre_weighted_power_0175,8,106,exact_maximum_overlap,4,5,0,15,0
19830626,1983,19870614,1987,greenacre_weighted_power_0175,8,106,exact_maximum_overlap,4,6,0,15,0
19830626,1983,19870614,1987,greenacre_weighted_power_0175,8,106,exact_maximum_overlap,4,7,5,15,0.3333333333333333
19830626,1983,19870614,1987,greenacre_weighted_power_0175,8,106,exact_maximum_overlap,4,8,0,15,0
19830626,1983,19870614,1987,greenacre_weighted_power_0175,8,106,exact_maximum_overlap,5,1,0,12,0
19830626,1983,19870614,1987,greenacre_weighted_power_0175,8,106,exact_maximum_overlap,5,2,0,12,0
19830626,1983,19870614,1987,greenacre_weighted_power_0175,8,106,exact_maximum_overlap,5,3,3,12,0.25
19830626,1983,19870614,1987,greenacre_weighted_power_0175,8,106,exact_maximum_overlap,5,4,0,12,0
19830626,1983,19870614,1987,greenacre_weighted_power_0175,8,106,exact_maximum_overlap,5,5,7,12,0.5833333333333334
19830626,1983,19870614,1987,greenacre_weighted_power_0175,8,106,exact_maximum_overlap,5,6,0,12,0
19830626,1983,19870614,1987,greenacre_weighted_power_0175,8,106,exact_maximum_overlap,5,7,2,12,0.16666666666666666
19830626,1983,19870614,1987,greenacre_weighted_power_0175,8,106,exact_maximum_overlap,5,8,0,12,0
19830626,1983,19870614,1987,greenacre_weighted_power_0175,8,106,exact_maximum_overlap,6,1,2,19,0.10526315789473684
19830626,1983,19870614,1987,greenacre_weighted_power_0175,8,106,exact_maximum_overlap,6,2,0,19,0
19830626,1983,19870614,1987,greenacre_weighted_power_0175,8,106,exact_maximum_overlap,6,3,2,19,0.10526315789473684
19830626,1983,19870614,1987,greenacre_weighted_power_0175,8,106,exact_maximum_overlap,6,4,1,19,0.05263157894736842
19830626,1983,19870614,1987,greenacre_weighted_power_0175,8,106,exact_maximum_overlap,6,5,9,19,0.47368421052631576
19830626,1983,19870614,1987,greenacre_weighted_power_0175,8,106,exact_maximum_overlap,6,6,4,19,0.21052631578947367
19830626,1983,19870614,1987,greenacre_weighted_power_0175,8,106,exact_maximum_overlap,6,7,1,19,0.05263157894736842
19830626,1983,19870614,1987,greenacre_weighted_power_0175,8,106,exact_maximum_overlap,6,8,0,19,0
19830626,1983,19870614,1987,greenacre_weighted_power_0175,8,106,exact_maximum_overlap,7,1,1,12,0.08333333333333333
19830626,1983,19870614,1987,greenacre_weighted_power_0175,8,106,exact_maximum_overlap,7,2,0,12,0
19830626,1983,19870614,1987,greenacre_weighted_power_0175,8,106,exact_maximum_overlap,7,3,1,12,0.08333333333333333
19830626,1983,19870614,1987,greenacre_weighted_power_0175,8,106,exact_maximum_overlap,7,4,0,12,0
19830626,1983,19870614,1987,greenacre_weighted_power_0175,8,106,exact_maximum_overlap,7,5,2,12,0.16666666666666666
19830626,1983,19870614,1987,greenacre_weighted_power_0175,8,106,exact_maximum_overlap,7,6,3,12,0.25
19830626,1983,19870614,1987,greenacre_weighted_power_0175,8,106,exact_maximum_overlap,7,7,4,12,0.3333333333333333
19830626,1983,19870614,1987,greenacre_weighted_power_0175,8,106,exact_maximum_overlap,7,8,1,12,0.08333333333333333
19830626,1983,19870614,1987,greenacre_weighted_power_0175,8,106,exact_maximum_overlap,8,1,0,9,0
19830626,1983,19870614,1987,greenacre_weighted_power_0175,8,106,exact_maximum_overlap,8,2,0,9,0
19830626,1983,19870614,1987,greenacre_weighted_power_0175,8,106,exact_maximum_overlap,8,3,2,9,0.2222222222222222
19830626,1983,19870614,1987,greenacre_weighted_power_0175,8,106,exact_maximum_overlap,8,4,0,9,0
19830626,1983,19870614,1987,greenacre_weighted_power_0175,8,106,exact_maximum_overlap,8,5,0,9,0
19830626,1983,19870614,1987,greenacre_weighted_power_0175,8,106,exact_maximum_overlap,8,6,4,9,0.4444444444444444
19830626,1983,19870614,1987,greenacre_weighted_power_0175,8,106,exact_maximum_overlap,8,7,0,9,0
19830626,1983,19870614,1987,greenacre_weighted_power_0175,8,106,exact_maximum_overlap,8,8,3,9,0.3333333333333333
19870614,1987,19920405,1992,greenacre_weighted_power_0175,8,106,exact_maximum_overlap,1,1,6,11,0.5454545454545454
19870614,1987,19920405,1992,greenacre_weighted_power_0175,8,106,exact_maximum_overlap,1,2,0,11,0
19870614,1987,19920405,1992,greenacre_weighted_power_0175,8,106,exact_maximum_overlap,1,3,0,11,0
19870614,1987,19920405,1992,greenacre_weighted_power_0175,8,106,exact_maximum_overlap,1,4,0,11,0
19870614,1987,19920405,1992,greenacre_weighted_power_0175,8,106,exact_maximum_overlap,1,5,0,11,0
19870614,1987,19920405,1992,greenacre_weighted_power_0175,8,106,exact_maximum_overlap,1,6,0,11,0
19870614,1987,19920405,1992,greenacre_weighted_power_0175,8,106,exact_maximum_overlap,1,7,0,11,0
19870614,1987,19920405,1992,greenacre_weighted_power_0175,8,106,exact_maximum_overlap,1,8,5,11,0.45454545454545453
19870614,1987,19920405,1992,greenacre_weighted_power_0175,8,106,exact_maximum_overlap,2,1,0,18,0
19870614,1987,19920405,1992,greenacre_weighted_power_0175,8,106,exact_maximum_overlap,2,2,7,18,0.3888888888888889
19870614,1987,19920405,1992,greenacre_weighted_power_0175,8,106,exact_maximum_overlap,2,3,0,18,0
19870614,1987,19920405,1992,greenacre_weighted_power_0175,8,106,exact_maximum_overlap,2,4,2,18,0.1111111111111111
19870614,1987,19920405,1992,greenacre_weighted_power_0175,8,106,exact_maximum_overlap,2,5,4,18,0.2222222222222222
19870614,1987,19920405,1992,greenacre_weighted_power_0175,8,106,exact_maximum_overlap,2,6,1,18,0.05555555555555555
19870614,1987,19920405,1992,greenacre_weighted_power_0175,8,106,exact_maximum_overlap,2,7,4,18,0.2222222222222222
19870614,1987,19920405,1992,greenacre_weighted_power_0175,8,106,exact_maximum_overlap,2,8,0,18,0
19870614,1987,19920405,1992,greenacre_weighted_power_0175,8,106,exact_maximum_overlap,3,1,0,15,0
19870614,1987,19920405,1992,greenacre_weighted_power_0175,8,106,exact_maximum_overlap,3,2,0,15,0
19870614,1987,19920405,1992,greenacre_weighted_power_0175,8,106,exact_maximum_overlap,3,3,9,15,0.6
19870614,1987,19920405,1992,greenacre_weighted_power_0175,8,106,exact_maximum_overlap,3,4,5,15,0.3333333333333333
19870614,1987,19920405,1992,greenacre_weighted_power_0175,8,106,exact_maximum_overlap,3,5,0,15,0
19870614,1987,19920405,1992,greenacre_weighted_power_0175,8,106,exact_maximum_overlap,3,6,0,15,0
19870614,1987,19920405,1992,greenacre_weighted_power_0175,8,106,exact_maximum_overlap,3,7,0,15,0
19870614,1987,19920405,1992,greenacre_weighted_power_0175,8,106,exact_maximum_overlap,3,8,1,15,0.06666666666666667
19870614,1987,19920405,1992,greenacre_weighted_power_0175,8,106,exact_maximum_overlap,4,1,0,15,0
19870614,1987,19920405,1992,greenacre_weighted_power_0175,8,106,exact_maximum_overlap,4,2,2,15,0.13333333333333333
19870614,1987,19920405,1992,greenacre_weighted_power_0175,8,106,exact_maximum_overlap,4,3,0,15,0
19870614,1987,19920405,1992,greenacre_weighted_power_0175,8,106,exact_maximum_overlap,4,4,12,15,0.8
19870614,1987,19920405,1992,greenacre_weighted_power_0175,8,106,exact_maximum_overlap,4,5,0,15,0
19870614,1987,19920405,1992,greenacre_weighted_power_0175,8,106,exact_maximum_overlap,4,6,0,15,0
19870614,1987,19920405,1992,greenacre_weighted_power_0175,8,106,exact_maximum_overlap,4,7,1,15,0.06666666666666667
19870614,1987,19920405,1992,greenacre_weighted_power_0175,8,106,exact_maximum_overlap,4,8,0,15,0
19870614,1987,19920405,1992,greenacre_weighted_power_0175,8,106,exact_maximum_overlap,5,1,0,5,0
19870614,1987,19920405,1992,greenacre_weighted_power_0175,8,106,exact_maximum_overlap,5,2,0,5,0
19870614,1987,19920405,1992,greenacre_weighted_power_0175,8,106,exact_maximum_overlap,5,3,0,5,0
19870614,1987,19920405,1992,greenacre_weighted_power_0175,8,106,exact_maximum_overlap,5,4,0,5,0
19870614,1987,19920405,1992,greenacre_weighted_power_0175,8,106,exact_maximum_overlap,5,5,5,5,1
19870614,1987,19920405,1992,greenacre_weighted_power_0175,8,106,exact_maximum_overlap,5,6,0,5,0
19870614,1987,19920405,1992,greenacre_weighted_power_0175,8,106,exact_maximum_overlap,5,7,0,5,0
19870614,1987,19920405,1992,greenacre_weighted_power_0175,8,106,exact_maximum_overlap,5,8,0,5,0
19870614,1987,19920405,1992,greenacre_weighted_power_0175,8,106,exact_maximum_overlap,6,1,0,23,0
19870614,1987,19920405,1992,greenacre_weighted_power_0175,8,106,exact_maximum_overlap,6,2,3,23,0.13043478260869565
19870614,1987,19920405,1992,greenacre_weighted_power_0175,8,106,exact_maximum_overlap,6,3,0,23,0
19870614,1987,19920405,1992,greenacre_weighted_power_0175,8,106,exact_maximum_overlap,6,4,0,23,0
19870614,1987,19920405,1992,greenacre_weighted_power_0175,8,106,exact_maximum_overlap,6,5,10,23,0.43478260869565216
19870614,1987,19920405,1992,greenacre_weighted_power_0175,8,106,exact_maximum_overlap,6,6,10,23,0.43478260869565216
19870614,1987,19920405,1992,greenacre_weighted_power_0175,8,106,exact_maximum_overlap,6,7,0,23,0
19870614,1987,19920405,1992,greenacre_weighted_power_0175,8,106,exact_maximum_overlap,6,8,0,23,0
19870614,1987,19920405,1992,greenacre_weighted_power_0175,8,106,exact_maximum_overlap,7,1,3,12,0.25
19870614,1987,19920405,1992,greenacre_weighted_power_0175,8,106,exact_maximum_overlap,7,2,0,12,0
19870614,1987,19920405,1992,greenacre_weighted_power_0175,8,106,exact_maximum_overlap,7,3,0,12,0
19870614,1987,19920405,1992,greenacre_weighted_power_0175,8,106,exact_maximum_overlap,7,4,1,12,0.08333333333333333
19870614,1987,19920405,1992,greenacre_weighted_power_0175,8,106,exact_maximum_overlap,7,5,0,12,0
19870614,1987,19920405,1992,greenacre_weighted_power_0175,8,106,exact_maximum_overlap,7,6,0,12,0
19870614,1987,19920405,1992,greenacre_weighted_power_0175,8,106,exact_maximum_overlap,7,7,4,12,0.3333333333333333
19870614,1987,19920405,1992,greenacre_weighted_power_0175,8,106,exact_maximum_overlap,7,8,4,12,0.3333333333333333
19870614,1987,19920405,1992,greenacre_weighted_power_0175,8,106,exact_maximum_overlap,8,1,0,7,0
19870614,1987,19920405,1992,greenacre_weighted_power_0175,8,106,exact_maximum_overlap,8,2,0,7,0
19870614,1987,19920405,1992,greenacre_weighted_power_0175,8,106,exact_maximum_overlap,8,3,5,7,0.7142857142857143
19870614,1987,19920405,1992,greenacre_weighted_power_0175,8,106,exact_maximum_overlap,8,4,2,7,0.2857142857142857
19870614,1987,19920405,1992,greenacre_weighted_power_0175,8,106,exact_maximum_overlap,8,5,0,7,0
19870614,1987,19920405,1992,greenacre_weighted_power_0175,8,106,exact_maximum_overlap,8,6,0,7,0
19870614,1987,19920405,1992,greenacre_weighted_power_0175,8,106,exact_maximum_overlap,8,7,0,7,0
19870614,1987,19920405,1992,greenacre_weighted_power_0175,8,106,exact_maximum_overlap,8,8,0,7,0
19920405,1992,19940327,1994,greenacre_weighted_power_0175,8,106,exact_maximum_overlap,1,1,6,9,0.6666666666666666
19920405,1992,19940327,1994,greenacre_weighted_power_0175,8,106,exact_maximum_overlap,1,2,0,9,0
19920405,1992,19940327,1994,greenacre_weighted_power_0175,8,106,exact_maximum_overlap,1,3,2,9,0.2222222222222222
19920405,1992,19940327,1994,greenacre_weighted_power_0175,8,106,exact_maximum_overlap,1,4,0,9,0
19920405,1992,19940327,1994,greenacre_weighted_power_0175,8,106,exact_maximum_overlap,1,5,0,9,0
19920405,1992,19940327,1994,greenacre_weighted_power_0175,8,106,exact_maximum_overlap,1,6,0,9,0
19920405,1992,19940327,1994,greenacre_weighted_power_0175,8,106,exact_maximum_overlap,1,7,1,9,0.1111111111111111
19920405,1992,19940327,1994,greenacre_weighted_power_0175,8,106,exact_maximum_overlap,1,8,0,9,0
19920405,1992,19940327,1994,greenacre_weighted_power_0175,8,106,exact_maximum_overlap,2,1,3,12,0.25
19920405,1992,19940327,1994,greenacre_weighted_power_0175,8,106,exact_maximum_overlap,2,2,5,12,0.4166666666666667
19920405,1992,19940327,1994,greenacre_weighted_power_0175,8,106,exact_maximum_overlap,2,3,0,12,0
19920405,1992,19940327,1994,greenacre_weighted_power_0175,8,106,exact_maximum_overlap,2,4,1,12,0.08333333333333333
19920405,1992,19940327,1994,greenacre_weighted_power_0175,8,106,exact_maximum_overlap,2,5,3,12,0.25
19920405,1992,19940327,1994,greenacre_weighted_power_0175,8,106,exact_maximum_overlap,2,6,0,12,0
19920405,1992,19940327,1994,greenacre_weighted_power_0175,8,106,exact_maximum_overlap,2,7,0,12,0
19920405,1992,19940327,1994,greenacre_weighted_power_0175,8,106,exact_maximum_overlap,2,8,0,12,0
19920405,1992,19940327,1994,greenacre_weighted_power_0175,8,106,exact_maximum_overlap,3,1,0,10,0
19920405,1992,19940327,1994,greenacre_weighted_power_0175,8,106,exact_maximum_overlap,3,2,0,10,0
19920405,1992,19940327,1994,greenacre_weighted_power_0175,8,106,exact_maximum_overlap,3,3,0,10,0
19920405,1992,19940327,1994,greenacre_weighted_power_0175,8,106,exact_maximum_overlap,3,4,8,10,0.8
19920405,1992,19940327,1994,greenacre_weighted_power_0175,8,106,exact_maximum_overlap,3,5,0,10,0
19920405,1992,19940327,1994,greenacre_weighted_power_0175,8,106,exact_maximum_overlap,3,6,0,10,0
19920405,1992,19940327,1994,greenacre_weighted_power_0175,8,106,exact_maximum_overlap,3,7,2,10,0.2
19920405,1992,19940327,1994,greenacre_weighted_power_0175,8,106,exact_maximum_overlap,3,8,0,10,0
19920405,1992,19940327,1994,greenacre_weighted_power_0175,8,106,exact_maximum_overlap,4,1,0,9,0
19920405,1992,19940327,1994,greenacre_weighted_power_0175,8,106,exact_maximum_overlap,4,2,0,9,0
19920405,1992,19940327,1994,greenacre_weighted_power_0175,8,106,exact_maximum_overlap,4,3,0,9,0
19920405,1992,19940327,1994,greenacre_weighted_power_0175,8,106,exact_maximum_overlap,4,4,9,9,1
19920405,1992,19940327,1994,greenacre_weighted_power_0175,8,106,exact_maximum_overlap,4,5,0,9,0
19920405,1992,19940327,1994,greenacre_weighted_power_0175,8,106,exact_maximum_overlap,4,6,0,9,0
19920405,1992,19940327,1994,greenacre_weighted_power_0175,8,106,exact_maximum_overlap,4,7,0,9,0
19920405,1992,19940327,1994,greenacre_weighted_power_0175,8,106,exact_maximum_overlap,4,8,0,9,0
19920405,1992,19940327,1994,greenacre_weighted_power_0175,8,106,exact_maximum_overlap,5,1,6,19,0.3157894736842105
19920405,1992,19940327,1994,greenacre_weighted_power_0175,8,106,exact_maximum_overlap,5,2,0,19,0
19920405,1992,19940327,1994,greenacre_weighted_power_0175,8,106,exact_maximum_overlap,5,3,5,19,0.2631578947368421
19920405,1992,19940327,1994,greenacre_weighted_power_0175,8,106,exact_maximum_overlap,5,4,0,19,0
19920405,1992,19940327,1994,greenacre_weighted_power_0175,8,106,exact_maximum_overlap,5,5,8,19,0.42105263157894735
19920405,1992,19940327,1994,greenacre_weighted_power_0175,8,106,exact_maximum_overlap,5,6,0,19,0
19920405,1992,19940327,1994,greenacre_weighted_power_0175,8,106,exact_maximum_overlap,5,7,0,19,0
19920405,1992,19940327,1994,greenacre_weighted_power_0175,8,106,exact_maximum_overlap,5,8,0,19,0
19920405,1992,19940327,1994,greenacre_weighted_power_0175,8,106,exact_maximum_overlap,6,1,0,11,0
19920405,1992,19940327,1994,greenacre_weighted_power_0175,8,106,exact_maximum_overlap,6,2,0,11,0
19920405,1992,19940327,1994,greenacre_weighted_power_0175,8,106,exact_maximum_overlap,6,3,2,11,0.18181818181818182
19920405,1992,19940327,1994,greenacre_weighted_power_0175,8,106,exact_maximum_overlap,6,4,0,11,0
19920405,1992,19940327,1994,greenacre_weighted_power_0175,8,106,exact_maximum_overlap,6,5,0,11,0
19920405,1992,19940327,1994,greenacre_weighted_power_0175,8,106,exact_maximum_overlap,6,6,9,11,0.8181818181818182
19920405,1992,19940327,1994,greenacre_weighted_power_0175,8,106,exact_maximum_overlap,6,7,0,11,0
19920405,1992,19940327,1994,greenacre_weighted_power_0175,8,106,exact_maximum_overlap,6,8,0,11,0
19920405,1992,19940327,1994,greenacre_weighted_power_0175,8,106,exact_maximum_overlap,7,1,1,22,0.045454545454545456
19920405,1992,19940327,1994,greenacre_weighted_power_0175,8,106,exact_maximum_overlap,7,2,1,22,0.045454545454545456
19920405,1992,19940327,1994,greenacre_weighted_power_0175,8,106,exact_maximum_overlap,7,3,0,22,0
19920405,1992,19940327,1994,greenacre_weighted_power_0175,8,106,exact_maximum_overlap,7,4,6,22,0.2727272727272727
19920405,1992,19940327,1994,greenacre_weighted_power_0175,8,106,exact_maximum_overlap,7,5,0,22,0
19920405,1992,19940327,1994,greenacre_weighted_power_0175,8,106,exact_maximum_overlap,7,6,0,22,0
19920405,1992,19940327,1994,greenacre_weighted_power_0175,8,106,exact_maximum_overlap,7,7,14,22,0.6363636363636364
19920405,1992,19940327,1994,greenacre_weighted_power_0175,8,106,exact_maximum_overlap,7,8,0,22,0
19920405,1992,19940327,1994,greenacre_weighted_power_0175,8,106,exact_maximum_overlap,8,1,3,14,0.21428571428571427
19920405,1992,19940327,1994,greenacre_weighted_power_0175,8,106,exact_maximum_overlap,8,2,0,14,0
19920405,1992,19940327,1994,greenacre_weighted_power_0175,8,106,exact_maximum_overlap,8,3,0,14,0
19920405,1992,19940327,1994,greenacre_weighted_power_0175,8,106,exact_maximum_overlap,8,4,1,14,0.07142857142857142
19920405,1992,19940327,1994,greenacre_weighted_power_0175,8,106,exact_maximum_overlap,8,5,0,14,0
19920405,1992,19940327,1994,greenacre_weighted_power_0175,8,106,exact_maximum_overlap,8,6,0,14,0
19920405,1992,19940327,1994,greenacre_weighted_power_0175,8,106,exact_maximum_overlap,8,7,4,14,0.2857142857142857
19920405,1992,19940327,1994,greenacre_weighted_power_0175,8,106,exact_maximum_overlap,8,8,6,14,0.42857142857142855
19940327,1994,19960421,1996,greenacre_weighted_power_0175,8,106,exact_maximum_overlap,1,1,5,19,0.2631578947368421
19940327,1994,19960421,1996,greenacre_weighted_power_0175,8,106,exact_maximum_overlap,1,2,1,19,0.05263157894736842
19940327,1994,19960421,1996,greenacre_weighted_power_0175,8,106,exact_maximum_overlap,1,3,3,19,0.15789473684210525
19940327,1994,19960421,1996,greenacre_weighted_power_0175,8,106,exact_maximum_overlap,1,4,6,19,0.3157894736842105
19940327,1994,19960421,1996,greenacre_weighted_power_0175,8,106,exact_maximum_overlap,1,5,4,19,0.21052631578947367
19940327,1994,19960421,1996,greenacre_weighted_power_0175,8,106,exact_maximum_overlap,1,6,0,19,0
19940327,1994,19960421,1996,greenacre_weighted_power_0175,8,106,exact_maximum_overlap,1,7,0,19,0
19940327,1994,19960421,1996,greenacre_weighted_power_0175,8,106,exact_maximum_overlap,1,8,0,19,0
19940327,1994,19960421,1996,greenacre_weighted_power_0175,8,106,exact_maximum_overlap,2,1,9,25,0.36
19940327,1994,19960421,1996,greenacre_weighted_power_0175,8,106,exact_maximum_overlap,2,2,15,25,0.6
19940327,1994,19960421,1996,greenacre_weighted_power_0175,8,106,exact_maximum_overlap,2,3,1,25,0.04
19940327,1994,19960421,1996,greenacre_weighted_power_0175,8,106,exact_maximum_overlap,2,4,0,25,0
19940327,1994,19960421,1996,greenacre_weighted_power_0175,8,106,exact_maximum_overlap,2,5,0,25,0
19940327,1994,19960421,1996,greenacre_weighted_power_0175,8,106,exact_maximum_overlap,2,6,0,25,0
19940327,1994,19960421,1996,greenacre_weighted_power_0175,8,106,exact_maximum_overlap,2,7,0,25,0
19940327,1994,19960421,1996,greenacre_weighted_power_0175,8,106,exact_maximum_overlap,2,8,0,25,0
19940327,1994,19960421,1996,greenacre_weighted_power_0175,8,106,exact_maximum_overlap,3,1,0,6,0
19940327,1994,19960421,1996,greenacre_weighted_power_0175,8,106,exact_maximum_overlap,3,2,0,6,0
19940327,1994,19960421,1996,greenacre_weighted_power_0175,8,106,exact_maximum_overlap,3,3,6,6,1
19940327,1994,19960421,1996,greenacre_weighted_power_0175,8,106,exact_maximum_overlap,3,4,0,6,0
19940327,1994,19960421,1996,greenacre_weighted_power_0175,8,106,exact_maximum_overlap,3,5,0,6,0
19940327,1994,19960421,1996,greenacre_weighted_power_0175,8,106,exact_maximum_overlap,3,6,0,6,0
19940327,1994,19960421,1996,greenacre_weighted_power_0175,8,106,exact_maximum_overlap,3,7,0,6,0
19940327,1994,19960421,1996,greenacre_weighted_power_0175,8,106,exact_maximum_overlap,3,8,0,6,0
19940327,1994,19960421,1996,greenacre_weighted_power_0175,8,106,exact_maximum_overlap,4,1,0,9,0
19940327,1994,19960421,1996,greenacre_weighted_power_0175,8,106,exact_maximum_overlap,4,2,0,9,0
19940327,1994,19960421,1996,greenacre_weighted_power_0175,8,106,exact_maximum_overlap,4,3,0,9,0
19940327,1994,19960421,1996,greenacre_weighted_power_0175,8,106,exact_maximum_overlap,4,4,5,9,0.5555555555555556
19940327,1994,19960421,1996,greenacre_weighted_power_0175,8,106,exact_maximum_overlap,4,5,0,9,0
19940327,1994,19960421,1996,greenacre_weighted_power_0175,8,106,exact_maximum_overlap,4,6,0,9,0
19940327,1994,19960421,1996,greenacre_weighted_power_0175,8,106,exact_maximum_overlap,4,7,2,9,0.2222222222222222
19940327,1994,19960421,1996,greenacre_weighted_power_0175,8,106,exact_maximum_overlap,4,8,2,9,0.2222222222222222
19940327,1994,19960421,1996,greenacre_weighted_power_0175,8,106,exact_maximum_overlap,5,1,0,11,0
19940327,1994,19960421,1996,greenacre_weighted_power_0175,8,106,exact_maximum_overlap,5,2,5,11,0.45454545454545453
19940327,1994,19960421,1996,greenacre_weighted_power_0175,8,106,exact_maximum_overlap,5,3,0,11,0
19940327,1994,19960421,1996,greenacre_weighted_power_0175,8,106,exact_maximum_overlap,5,4,2,11,0.18181818181818182
19940327,1994,19960421,1996,greenacre_weighted_power_0175,8,106,exact_maximum_overlap,5,5,0,11,0
19940327,1994,19960421,1996,greenacre_weighted_power_0175,8,106,exact_maximum_overlap,5,6,0,11,0
19940327,1994,19960421,1996,greenacre_weighted_power_0175,8,106,exact_maximum_overlap,5,7,0,11,0
19940327,1994,19960421,1996,greenacre_weighted_power_0175,8,106,exact_maximum_overlap,5,8,4,11,0.36363636363636365
19940327,1994,19960421,1996,greenacre_weighted_power_0175,8,106,exact_maximum_overlap,6,1,0,21,0
19940327,1994,19960421,1996,greenacre_weighted_power_0175,8,106,exact_maximum_overlap,6,2,1,21,0.047619047619047616
19940327,1994,19960421,1996,greenacre_weighted_power_0175,8,106,exact_maximum_overlap,6,3,0,21,0
19940327,1994,19960421,1996,greenacre_weighted_power_0175,8,106,exact_maximum_overlap,6,4,0,21,0
19940327,1994,19960421,1996,greenacre_weighted_power_0175,8,106,exact_maximum_overlap,6,5,0,21,0
19940327,1994,19960421,1996,greenacre_weighted_power_0175,8,106,exact_maximum_overlap,6,6,11,21,0.5238095238095238
19940327,1994,19960421,1996,greenacre_weighted_power_0175,8,106,exact_maximum_overlap,6,7,9,21,0.42857142857142855
19940327,1994,19960421,1996,greenacre_weighted_power_0175,8,106,exact_maximum_overlap,6,8,0,21,0
19940327,1994,19960421,1996,greenacre_weighted_power_0175,8,106,exact_maximum_overlap,7,1,0,6,0
19940327,1994,19960421,1996,greenacre_weighted_power_0175,8,106,exact_maximum_overlap,7,2,1,6,0.16666666666666666
19940327,1994,19960421,1996,greenacre_weighted_power_0175,8,106,exact_maximum_overlap,7,3,0,6,0
19940327,1994,19960421,1996,greenacre_weighted_power_0175,8,106,exact_maximum_overlap,7,4,0,6,0
19940327,1994,19960421,1996,greenacre_weighted_power_0175,8,106,exact_maximum_overlap,7,5,0,6,0
19940327,1994,19960421,1996,greenacre_weighted_power_0175,8,106,exact_maximum_overlap,7,6,0,6,0
19940327,1994,19960421,1996,greenacre_weighted_power_0175,8,106,exact_maximum_overlap,7,7,0,6,0
19940327,1994,19960421,1996,greenacre_weighted_power_0175,8,106,exact_maximum_overlap,7,8,5,6,0.8333333333333334
19940327,1994,19960421,1996,greenacre_weighted_power_0175,8,106,exact_maximum_overlap,8,1,0,9,0
19940327,1994,19960421,1996,greenacre_weighted_power_0175,8,106,exact_maximum_overlap,8,2,0,9,0
19940327,1994,19960421,1996,greenacre_weighted_power_0175,8,106,exact_maximum_overlap,8,3,0,9,0
19940327,1994,19960421,1996,greenacre_weighted_power_0175,8,106,exact_maximum_overlap,8,4,0,9,0
19940327,1994,19960421,1996,greenacre_weighted_power_0175,8,106,exact_maximum_overlap,8,5,0,9,0
19940327,1994,19960421,1996,greenacre_weighted_power_0175,8,106,exact_maximum_overlap,8,6,0,9,0
19940327,1994,19960421,1996,greenacre_weighted_power_0175,8,106,exact_maximum_overlap,8,7,0,9,0
19940327,1994,19960421,1996,greenacre_weighted_power_0175,8,106,exact_maximum_overlap,8,8,9,9,1
19960421,1996,20010513,2001,greenacre_weighted_power_0175,8,106,exact_maximum_overlap,1,1,9,14,0.6428571428571429
19960421,1996,20010513,2001,greenacre_weighted_power_0175,8,106,exact_maximum_overlap,1,2,0,14,0
19960421,1996,20010513,2001,greenacre_weighted_power_0175,8,106,exact_maximum_overlap,1,3,5,14,0.35714285714285715
19960421,1996,20010513,2001,greenacre_weighted_power_0175,8,106,exact_maximum_overlap,1,4,0,14,0
19960421,1996,20010513,2001,greenacre_weighted_power_0175,8,106,exact_maximum_overlap,1,5,0,14,0
19960421,1996,20010513,2001,greenacre_weighted_power_0175,8,106,exact_maximum_overlap,1,6,0,14,0
19960421,1996,20010513,2001,greenacre_weighted_power_0175,8,106,exact_maximum_overlap,1,7,0,14,0
19960421,1996,20010513,2001,greenacre_weighted_power_0175,8,106,exact_maximum_overlap,1,8,0,14,0
19960421,1996,20010513,2001,greenacre_weighted_power_0175,8,106,exact_maximum_overlap,2,1,0,10,0
19960421,1996,20010513,2001,greenacre_weighted_power_0175,8,106,exact_maximum_overlap,2,2,10,10,1
19960421,1996,20010513,2001,greenacre_weighted_power_0175,8,106,exact_maximum_overlap,2,3,0,10,0
19960421,1996,20010513,2001,greenacre_weighted_power_0175,8,106,exact_maximum_overlap,2,4,0,10,0
19960421,1996,20010513,2001,greenacre_weighted_power_0175,8,106,exact_maximum_overlap,2,5,0,10,0
19960421,1996,20010513,2001,greenacre_weighted_power_0175,8,106,exact_maximum_overlap,2,6,0,10,0
19960421,1996,20010513,2001,greenacre_weighted_power_0175,8,106,exact_maximum_overlap,2,7,0,10,0
19960421,1996,20010513,2001,greenacre_weighted_power_0175,8,106,exact_maximum_overlap,2,8,0,10,0
19960421,1996,20010513,2001,greenacre_weighted_power_0175,8,106,exact_maximum_overlap,3,1,0,4,0
19960421,1996,20010513,2001,greenacre_weighted_power_0175,8,106,exact_maximum_overlap,3,2,0,4,0
19960421,1996,20010513,2001,greenacre_weighted_power_0175,8,106,exact_maximum_overlap,3,3,3,4,0.75
19960421,1996,20010513,2001,greenacre_weighted_power_0175,8,106,exact_maximum_overlap,3,4,1,4,0.25
19960421,1996,20010513,2001,greenacre_weighted_power_0175,8,106,exact_maximum_overlap,3,5,0,4,0
19960421,1996,20010513,2001,greenacre_weighted_power_0175,8,106,exact_maximum_overlap,3,6,0,4,0
19960421,1996,20010513,2001,greenacre_weighted_power_0175,8,106,exact_maximum_overlap,3,7,0,4,0
19960421,1996,20010513,2001,greenacre_weighted_power_0175,8,106,exact_maximum_overlap,3,8,0,4,0
19960421,1996,20010513,2001,greenacre_weighted_power_0175,8,106,exact_maximum_overlap,4,1,0,13,0
19960421,1996,20010513,2001,greenacre_weighted_power_0175,8,106,exact_maximum_overlap,4,2,0,13,0
19960421,1996,20010513,2001,greenacre_weighted_power_0175,8,106,exact_maximum_overlap,4,3,2,13,0.15384615384615385
19960421,1996,20010513,2001,greenacre_weighted_power_0175,8,106,exact_maximum_overlap,4,4,8,13,0.6153846153846154
19960421,1996,20010513,2001,greenacre_weighted_power_0175,8,106,exact_maximum_overlap,4,5,2,13,0.15384615384615385
19960421,1996,20010513,2001,greenacre_weighted_power_0175,8,106,exact_maximum_overlap,4,6,0,13,0
19960421,1996,20010513,2001,greenacre_weighted_power_0175,8,106,exact_maximum_overlap,4,7,1,13,0.07692307692307693
19960421,1996,20010513,2001,greenacre_weighted_power_0175,8,106,exact_maximum_overlap,4,8,0,13,0
19960421,1996,20010513,2001,greenacre_weighted_power_0175,8,106,exact_maximum_overlap,5,1,0,11,0
19960421,1996,20010513,2001,greenacre_weighted_power_0175,8,106,exact_maximum_overlap,5,2,3,11,0.2727272727272727
19960421,1996,20010513,2001,greenacre_weighted_power_0175,8,106,exact_maximum_overlap,5,3,2,11,0.18181818181818182
19960421,1996,20010513,2001,greenacre_weighted_power_0175,8,106,exact_maximum_overlap,5,4,0,11,0
19960421,1996,20010513,2001,greenacre_weighted_power_0175,8,106,exact_maximum_overlap,5,5,0,11,0
19960421,1996,20010513,2001,greenacre_weighted_power_0175,8,106,exact_maximum_overlap,5,6,0,11,0
19960421,1996,20010513,2001,greenacre_weighted_power_0175,8,106,exact_maximum_overlap,5,7,0,11,0
19960421,1996,20010513,2001,greenacre_weighted_power_0175,8,106,exact_maximum_overlap,5,8,6,11,0.5454545454545454
19960421,1996,20010513,2001,greenacre_weighted_power_0175,8,106,exact_maximum_overlap,6,1,0,23,0
19960421,1996,20010513,2001,greenacre_weighted_power_0175,8,106,exact_maximum_overlap,6,2,0,23,0
19960421,1996,20010513,2001,greenacre_weighted_power_0175,8,106,exact_maximum_overlap,6,3,0,23,0
19960421,1996,20010513,2001,greenacre_weighted_power_0175,8,106,exact_maximum_overlap,6,4,0,23,0
19960421,1996,20010513,2001,greenacre_weighted_power_0175,8,106,exact_maximum_overlap,6,5,0,23,0
19960421,1996,20010513,2001,greenacre_weighted_power_0175,8,106,exact_maximum_overlap,6,6,9,23,0.391304347826087
19960421,1996,20010513,2001,greenacre_weighted_power_0175,8,106,exact_maximum_overlap,6,7,1,23,0.043478260869565216
19960421,1996,20010513,2001,greenacre_weighted_power_0175,8,106,exact_maximum_overlap,6,8,13,23,0.5652173913043478
19960421,1996,20010513,2001,greenacre_weighted_power_0175,8,106,exact_maximum_overlap,7,1,0,20,0
19960421,1996,20010513,2001,greenacre_weighted_power_0175,8,106,exact_maximum_overlap,7,2,0,20,0
19960421,1996,20010513,2001,greenacre_weighted_power_0175,8,106,exact_maximum_overlap,7,3,0,20,0
19960421,1996,20010513,2001,greenacre_weighted_power_0175,8,106,exact_maximum_overlap,7,4,10,20,0.5
19960421,1996,20010513,2001,greenacre_weighted_power_0175,8,106,exact_maximum_overlap,7,5,0,20,0
19960421,1996,20010513,2001,greenacre_weighted_power_0175,8,106,exact_maximum_overlap,7,6,0,20,0
19960421,1996,20010513,2001,greenacre_weighted_power_0175,8,106,exact_maximum_overlap,7,7,10,20,0.5
19960421,1996,20010513,2001,greenacre_weighted_power_0175,8,106,exact_maximum_overlap,7,8,0,20,0
19960421,1996,20010513,2001,greenacre_weighted_power_0175,8,106,exact_maximum_overlap,8,1,0,11,0
19960421,1996,20010513,2001,greenacre_weighted_power_0175,8,106,exact_maximum_overlap,8,2,1,11,0.09090909090909091
19960421,1996,20010513,2001,greenacre_weighted_power_0175,8,106,exact_maximum_overlap,8,3,0,11,0
19960421,1996,20010513,2001,greenacre_weighted_power_0175,8,106,exact_maximum_overlap,8,4,0,11,0
19960421,1996,20010513,2001,greenacre_weighted_power_0175,8,106,exact_maximum_overlap,8,5,0,11,0
19960421,1996,20010513,2001,greenacre_weighted_power_0175,8,106,exact_maximum_overlap,8,6,0,11,0
19960421,1996,20010513,2001,greenacre_weighted_power_0175,8,106,exact_maximum_overlap,8,7,0,11,0
19960421,1996,20010513,2001,greenacre_weighted_power_0175,8,106,exact_maximum_overlap,8,8,10,11,0.9090909090909091
20010513,2001,20060409,2006,greenacre_weighted_power_0175,8,106,exact_maximum_overlap,1,1,6,12,0.5
20010513,2001,20060409,2006,greenacre_weighted_power_0175,8,106,exact_maximum_overlap,1,2,0,12,0
20010513,2001,20060409,2006,greenacre_weighted_power_0175,8,106,exact_maximum_overlap,1,3,3,12,0.25
20010513,2001,20060409,2006,greenacre_weighted_power_0175,8,106,exact_maximum_overlap,1,4,3,12,0.25
20010513,2001,20060409,2006,greenacre_weighted_power_0175,8,106,exact_maximum_overlap,1,5,0,12,0
20010513,2001,20060409,2006,greenacre_weighted_power_0175,8,106,exact_maximum_overlap,1,6,0,12,0
20010513,2001,20060409,2006,greenacre_weighted_power_0175,8,106,exact_maximum_overlap,1,7,0,12,0
20010513,2001,20060409,2006,greenacre_weighted_power_0175,8,106,exact_maximum_overlap,1,8,0,12,0
20010513,2001,20060409,2006,greenacre_weighted_power_0175,8,106,exact_maximum_overlap,2,1,0,9,0
20010513,2001,20060409,2006,greenacre_weighted_power_0175,8,106,exact_maximum_overlap,2,2,7,9,0.7777777777777778
20010513,2001,20060409,2006,greenacre_weighted_power_0175,8,106,exact_maximum_overlap,2,3,0,9,0
20010513,2001,20060409,2006,greenacre_weighted_power_0175,8,106,exact_maximum_overlap,2,4,2,9,0.2222222222222222
20010513,2001,20060409,2006,greenacre_weighted_power_0175,8,106,exact_maximum_overlap,2,5,0,9,0
20010513,2001,20060409,2006,greenacre_weighted_power_0175,8,106,exact_maximum_overlap,2,6,0,9,0
20010513,2001,20060409,2006,greenacre_weighted_power_0175,8,106,exact_maximum_overlap,2,7,0,9,0
20010513,2001,20060409,2006,greenacre_weighted_power_0175,8,106,exact_maximum_overlap,2,8,0,9,0
20010513,2001,20060409,2006,greenacre_weighted_power_0175,8,106,exact_maximum_overlap,3,1,9,19,0.47368421052631576
20010513,2001,20060409,2006,greenacre_weighted_power_0175,8,106,exact_maximum_overlap,3,2,0,19,0
20010513,2001,20060409,2006,greenacre_weighted_power_0175,8,106,exact_maximum_overlap,3,3,8,19,0.42105263157894735
20010513,2001,20060409,2006,greenacre_weighted_power_0175,8,106,exact_maximum_overlap,3,4,2,19,0.10526315789473684
20010513,2001,20060409,2006,greenacre_weighted_power_0175,8,106,exact_maximum_overlap,3,5,0,19,0
20010513,2001,20060409,2006,greenacre_weighted_power_0175,8,106,exact_maximum_overlap,3,6,0,19,0
20010513,2001,20060409,2006,greenacre_weighted_power_0175,8,106,exact_maximum_overlap,3,7,0,19,0
20010513,2001,20060409,2006,greenacre_weighted_power_0175,8,106,exact_maximum_overlap,3,8,0,19,0
20010513,2001,20060409,2006,greenacre_weighted_power_0175,8,106,exact_maximum_overlap,4,1,0,12,0
20010513,2001,20060409,2006,greenacre_weighted_power_0175,8,106,exact_maximum_overlap,4,2,3,12,0.25
20010513,2001,20060409,2006,greenacre_weighted_power_0175,8,106,exact_maximum_overlap,4,3,1,12,0.08333333333333333
20010513,2001,20060409,2006,greenacre_weighted_power_0175,8,106,exact_maximum_overlap,4,4,8,12,0.6666666666666666
20010513,2001,20060409,2006,greenacre_weighted_power_0175,8,106,exact_maximum_overlap,4,5,0,12,0
20010513,2001,20060409,2006,greenacre_weighted_power_0175,8,106,exact_maximum_overlap,4,6,0,12,0
20010513,2001,20060409,2006,greenacre_weighted_power_0175,8,106,exact_maximum_overlap,4,7,0,12,0
20010513,2001,20060409,2006,greenacre_weighted_power_0175,8,106,exact_maximum_overlap,4,8,0,12,0
20010513,2001,20060409,2006,greenacre_weighted_power_0175,8,106,exact_maximum_overlap,5,1,4,29,0.13793103448275862
20010513,2001,20060409,2006,greenacre_weighted_power_0175,8,106,exact_maximum_overlap,5,2,0,29,0
20010513,2001,20060409,2006,greenacre_weighted_power_0175,8,106,exact_maximum_overlap,5,3,0,29,0
20010513,2001,20060409,2006,greenacre_weighted_power_0175,8,106,exact_maximum_overlap,5,4,2,29,0.06896551724137931
20010513,2001,20060409,2006,greenacre_weighted_power_0175,8,106,exact_maximum_overlap,5,5,13,29,0.4482758620689655
20010513,2001,20060409,2006,greenacre_weighted_power_0175,8,106,exact_maximum_overlap,5,6,0,29,0
20010513,2001,20060409,2006,greenacre_weighted_power_0175,8,106,exact_maximum_overlap,5,7,3,29,0.10344827586206896
20010513,2001,20060409,2006,greenacre_weighted_power_0175,8,106,exact_maximum_overlap,5,8,7,29,0.2413793103448276
20010513,2001,20060409,2006,greenacre_weighted_power_0175,8,106,exact_maximum_overlap,6,1,0,9,0
20010513,2001,20060409,2006,greenacre_weighted_power_0175,8,106,exact_maximum_overlap,6,2,0,9,0
20010513,2001,20060409,2006,greenacre_weighted_power_0175,8,106,exact_maximum_overlap,6,3,0,9,0
20010513,2001,20060409,2006,greenacre_weighted_power_0175,8,106,exact_maximum_overlap,6,4,0,9,0
20010513,2001,20060409,2006,greenacre_weighted_power_0175,8,106,exact_maximum_overlap,6,5,0,9,0
20010513,2001,20060409,2006,greenacre_weighted_power_0175,8,106,exact_maximum_overlap,6,6,6,9,0.6666666666666666
20010513,2001,20060409,2006,greenacre_weighted_power_0175,8,106,exact_maximum_overlap,6,7,0,9,0
20010513,2001,20060409,2006,greenacre_weighted_power_0175,8,106,exact_maximum_overlap,6,8,3,9,0.3333333333333333
20010513,2001,20060409,2006,greenacre_weighted_power_0175,8,106,exact_maximum_overlap,7,1,0,14,0
20010513,2001,20060409,2006,greenacre_weighted_power_0175,8,106,exact_maximum_overlap,7,2,0,14,0
20010513,2001,20060409,2006,greenacre_weighted_power_0175,8,106,exact_maximum_overlap,7,3,0,14,0
20010513,2001,20060409,2006,greenacre_weighted_power_0175,8,106,exact_maximum_overlap,7,4,0,14,0
20010513,2001,20060409,2006,greenacre_weighted_power_0175,8,106,exact_maximum_overlap,7,5,0,14,0
20010513,2001,20060409,2006,greenacre_weighted_power_0175,8,106,exact_maximum_overlap,7,6,0,14,0
20010513,2001,20060409,2006,greenacre_weighted_power_0175,8,106,exact_maximum_overlap,7,7,14,14,1
20010513,2001,20060409,2006,greenacre_weighted_power_0175,8,106,exact_maximum_overlap,7,8,0,14,0
20010513,2001,20060409,2006,greenacre_weighted_power_0175,8,106,exact_maximum_overlap,8,1,1,2,0.5
20010513,2001,20060409,2006,greenacre_weighted_power_0175,8,106,exact_maximum_overlap,8,2,0,2,0
20010513,2001,20060409,2006,greenacre_weighted_power_0175,8,106,exact_maximum_overlap,8,3,1,2,0.5
20010513,2001,20060409,2006,greenacre_weighted_power_0175,8,106,exact_maximum_overlap,8,4,0,2,0
20010513,2001,20060409,2006,greenacre_weighted_power_0175,8,106,exact_maximum_overlap,8,5,0,2,0
20010513,2001,20060409,2006,greenacre_weighted_power_0175,8,106,exact_maximum_overlap,8,6,0,2,0
20010513,2001,20060409,2006,greenacre_weighted_power_0175,8,106,exact_maximum_overlap,8,7,0,2,0
20010513,2001,20060409,2006,greenacre_weighted_power_0175,8,106,exact_maximum_overlap,8,8,0,2,0
20060409,2006,20080413,2008,greenacre_weighted_power_0175,8,106,exact_maximum_overlap,1,1,13,17,0.7647058823529411
20060409,2006,20080413,2008,greenacre_weighted_power_0175,8,106,exact_maximum_overlap,1,2,4,17,0.23529411764705882
20060409,2006,20080413,2008,greenacre_weighted_power_0175,8,106,exact_maximum_overlap,1,3,0,17,0
20060409,2006,20080413,2008,greenacre_weighted_power_0175,8,106,exact_maximum_overlap,1,4,0,17,0
20060409,2006,20080413,2008,greenacre_weighted_power_0175,8,106,exact_maximum_overlap,1,5,0,17,0
20060409,2006,20080413,2008,greenacre_weighted_power_0175,8,106,exact_maximum_overlap,1,6,0,17,0
20060409,2006,20080413,2008,greenacre_weighted_power_0175,8,106,exact_maximum_overlap,1,7,0,17,0
20060409,2006,20080413,2008,greenacre_weighted_power_0175,8,106,exact_maximum_overlap,1,8,0,17,0
20060409,2006,20080413,2008,greenacre_weighted_power_0175,8,106,exact_maximum_overlap,2,1,0,13,0
20060409,2006,20080413,2008,greenacre_weighted_power_0175,8,106,exact_maximum_overlap,2,2,11,13,0.8461538461538461
20060409,2006,20080413,2008,greenacre_weighted_power_0175,8,106,exact_maximum_overlap,2,3,0,13,0
20060409,2006,20080413,2008,greenacre_weighted_power_0175,8,106,exact_maximum_overlap,2,4,0,13,0
20060409,2006,20080413,2008,greenacre_weighted_power_0175,8,106,exact_maximum_overlap,2,5,1,13,0.07692307692307693
20060409,2006,20080413,2008,greenacre_weighted_power_0175,8,106,exact_maximum_overlap,2,6,0,13,0
20060409,2006,20080413,2008,greenacre_weighted_power_0175,8,106,exact_maximum_overlap,2,7,0,13,0
20060409,2006,20080413,2008,greenacre_weighted_power_0175,8,106,exact_maximum_overlap,2,8,1,13,0.07692307692307693
20060409,2006,20080413,2008,greenacre_weighted_power_0175,8,106,exact_maximum_overlap,3,1,0,10,0
20060409,2006,20080413,2008,greenacre_weighted_power_0175,8,106,exact_maximum_overlap,3,2,0,10,0
20060409,2006,20080413,2008,greenacre_weighted_power_0175,8,106,exact_maximum_overlap,3,3,9,10,0.9
20060409,2006,20080413,2008,greenacre_weighted_power_0175,8,106,exact_maximum_overlap,3,4,0,10,0
20060409,2006,20080413,2008,greenacre_weighted_power_0175,8,106,exact_maximum_overlap,3,5,1,10,0.1
20060409,2006,20080413,2008,greenacre_weighted_power_0175,8,106,exact_maximum_overlap,3,6,0,10,0
20060409,2006,20080413,2008,greenacre_weighted_power_0175,8,106,exact_maximum_overlap,3,7,0,10,0
20060409,2006,20080413,2008,greenacre_weighted_power_0175,8,106,exact_maximum_overlap,3,8,0,10,0
20060409,2006,20080413,2008,greenacre_weighted_power_0175,8,106,exact_maximum_overlap,4,1,0,17,0
20060409,2006,20080413,2008,greenacre_weighted_power_0175,8,106,exact_maximum_overlap,4,2,0,17,0
20060409,2006,20080413,2008,greenacre_weighted_power_0175,8,106,exact_maximum_overlap,4,3,4,17,0.23529411764705882
20060409,2006,20080413,2008,greenacre_weighted_power_0175,8,106,exact_maximum_overlap,4,4,7,17,0.4117647058823529
20060409,2006,20080413,2008,greenacre_weighted_power_0175,8,106,exact_maximum_overlap,4,5,3,17,0.17647058823529413
20060409,2006,20080413,2008,greenacre_weighted_power_0175,8,106,exact_maximum_overlap,4,6,0,17,0
20060409,2006,20080413,2008,greenacre_weighted_power_0175,8,106,exact_maximum_overlap,4,7,2,17,0.11764705882352941
20060409,2006,20080413,2008,greenacre_weighted_power_0175,8,106,exact_maximum_overlap,4,8,1,17,0.058823529411764705
20060409,2006,20080413,2008,greenacre_weighted_power_0175,8,106,exact_maximum_overlap,5,1,0,10,0
20060409,2006,20080413,2008,greenacre_weighted_power_0175,8,106,exact_maximum_overlap,5,2,2,10,0.2
20060409,2006,20080413,2008,greenacre_weighted_power_0175,8,106,exact_maximum_overlap,5,3,0,10,0
20060409,2006,20080413,2008,greenacre_weighted_power_0175,8,106,exact_maximum_overlap,5,4,0,10,0
20060409,2006,20080413,2008,greenacre_weighted_power_0175,8,106,exact_maximum_overlap,5,5,6,10,0.6
20060409,2006,20080413,2008,greenacre_weighted_power_0175,8,106,exact_maximum_overlap,5,6,2,10,0.2
20060409,2006,20080413,2008,greenacre_weighted_power_0175,8,106,exact_maximum_overlap,5,7,0,10,0
20060409,2006,20080413,2008,greenacre_weighted_power_0175,8,106,exact_maximum_overlap,5,8,0,10,0
20060409,2006,20080413,2008,greenacre_weighted_power_0175,8,106,exact_maximum_overlap,6,1,0,6,0
20060409,2006,20080413,2008,greenacre_weighted_power_0175,8,106,exact_maximum_overlap,6,2,0,6,0
20060409,2006,20080413,2008,greenacre_weighted_power_0175,8,106,exact_maximum_overlap,6,3,0,6,0
20060409,2006,20080413,2008,greenacre_weighted_power_0175,8,106,exact_maximum_overlap,6,4,0,6,0
20060409,2006,20080413,2008,greenacre_weighted_power_0175,8,106,exact_maximum_overlap,6,5,0,6,0
20060409,2006,20080413,2008,greenacre_weighted_power_0175,8,106,exact_maximum_overlap,6,6,6,6,1
20060409,2006,20080413,2008,greenacre_weighted_power_0175,8,106,exact_maximum_overlap,6,7,0,6,0
20060409,2006,20080413,2008,greenacre_weighted_power_0175,8,106,exact_maximum_overlap,6,8,0,6,0
20060409,2006,20080413,2008,greenacre_weighted_power_0175,8,106,exact_maximum_overlap,7,1,0,13,0
20060409,2006,20080413,2008,greenacre_weighted_power_0175,8,106,exact_maximum_overlap,7,2,0,13,0
20060409,2006,20080413,2008,greenacre_weighted_power_0175,8,106,exact_maximum_overlap,7,3,0,13,0
20060409,2006,20080413,2008,greenacre_weighted_power_0175,8,106,exact_maximum_overlap,7,4,4,13,0.3076923076923077
20060409,2006,20080413,2008,greenacre_weighted_power_0175,8,106,exact_maximum_overlap,7,5,0,13,0
20060409,2006,20080413,2008,greenacre_weighted_power_0175,8,106,exact_maximum_overlap,7,6,0,13,0
20060409,2006,20080413,2008,greenacre_weighted_power_0175,8,106,exact_maximum_overlap,7,7,8,13,0.6153846153846154
20060409,2006,20080413,2008,greenacre_weighted_power_0175,8,106,exact_maximum_overlap,7,8,1,13,0.07692307692307693
20060409,2006,20080413,2008,greenacre_weighted_power_0175,8,106,exact_maximum_overlap,8,1,0,20,0
20060409,2006,20080413,2008,greenacre_weighted_power_0175,8,106,exact_maximum_overlap,8,2,0,20,0
20060409,2006,20080413,2008,greenacre_weighted_power_0175,8,106,exact_maximum_overlap,8,3,0,20,0
20060409,2006,20080413,2008,greenacre_weighted_power_0175,8,106,exact_maximum_overlap,8,4,2,20,0.1
20060409,2006,20080413,2008,greenacre_weighted_power_0175,8,106,exact_maximum_overlap,8,5,0,20,0
20060409,2006,20080413,2008,greenacre_weighted_power_0175,8,106,exact_maximum_overlap,8,6,0,20,0
20060409,2006,20080413,2008,greenacre_weighted_power_0175,8,106,exact_maximum_overlap,8,7,8,20,0.4
20060409,2006,20080413,2008,greenacre_weighted_power_0175,8,106,exact_maximum_overlap,8,8,10,20,0.5
20080413,2008,20130224,2013,greenacre_weighted_power_0175,8,106,exact_maximum_overlap,1,1,8,18,0.4444444444444444
20080413,2008,20130224,2013,greenacre_weighted_power_0175,8,106,exact_maximum_overlap,1,2,5,18,0.2777777777777778
20080413,2008,20130224,2013,greenacre_weighted_power_0175,8,106,exact_maximum_overlap,1,3,0,18,0
20080413,2008,20130224,2013,greenacre_weighted_power_0175,8,106,exact_maximum_overlap,1,4,0,18,0
20080413,2008,20130224,2013,greenacre_weighted_power_0175,8,106,exact_maximum_overlap,1,5,4,18,0.2222222222222222
20080413,2008,20130224,2013,greenacre_weighted_power_0175,8,106,exact_maximum_overlap,1,6,0,18,0
20080413,2008,20130224,2013,greenacre_weighted_power_0175,8,106,exact_maximum_overlap,1,7,0,18,0
20080413,2008,20130224,2013,greenacre_weighted_power_0175,8,106,exact_maximum_overlap,1,8,1,18,0.05555555555555555
20080413,2008,20130224,2013,greenacre_weighted_power_0175,8,106,exact_maximum_overlap,2,1,0,11,0
20080413,2008,20130224,2013,greenacre_weighted_power_0175,8,106,exact_maximum_overlap,2,2,0,11,0
20080413,2008,20130224,2013,greenacre_weighted_power_0175,8,106,exact_maximum_overlap,2,3,4,11,0.36363636363636365
20080413,2008,20130224,2013,greenacre_weighted_power_0175,8,106,exact_maximum_overlap,2,4,0,11,0
20080413,2008,20130224,2013,greenacre_weighted_power_0175,8,106,exact_maximum_overlap,2,5,0,11,0
20080413,2008,20130224,2013,greenacre_weighted_power_0175,8,106,exact_maximum_overlap,2,6,0,11,0
20080413,2008,20130224,2013,greenacre_weighted_power_0175,8,106,exact_maximum_overlap,2,7,6,11,0.5454545454545454
20080413,2008,20130224,2013,greenacre_weighted_power_0175,8,106,exact_maximum_overlap,2,8,1,11,0.09090909090909091
20080413,2008,20130224,2013,greenacre_weighted_power_0175,8,106,exact_maximum_overlap,3,1,0,13,0
20080413,2008,20130224,2013,greenacre_weighted_power_0175,8,106,exact_maximum_overlap,3,2,0,13,0
20080413,2008,20130224,2013,greenacre_weighted_power_0175,8,106,exact_maximum_overlap,3,3,11,13,0.8461538461538461
20080413,2008,20130224,2013,greenacre_weighted_power_0175,8,106,exact_maximum_overlap,3,4,0,13,0
20080413,2008,20130224,2013,greenacre_weighted_power_0175,8,106,exact_maximum_overlap,3,5,0,13,0
20080413,2008,20130224,2013,greenacre_weighted_power_0175,8,106,exact_maximum_overlap,3,6,0,13,0
20080413,2008,20130224,2013,greenacre_weighted_power_0175,8,106,exact_maximum_overlap,3,7,0,13,0
20080413,2008,20130224,2013,greenacre_weighted_power_0175,8,106,exact_maximum_overlap,3,8,2,13,0.15384615384615385
20080413,2008,20130224,2013,greenacre_weighted_power_0175,8,106,exact_maximum_overlap,4,1,0,13,0
20080413,2008,20130224,2013,greenacre_weighted_power_0175,8,106,exact_maximum_overlap,4,2,0,13,0
20080413,2008,20130224,2013,greenacre_weighted_power_0175,8,106,exact_maximum_overlap,4,3,0,13,0
20080413,2008,20130224,2013,greenacre_weighted_power_0175,8,106,exact_maximum_overlap,4,4,11,13,0.8461538461538461
20080413,2008,20130224,2013,greenacre_weighted_power_0175,8,106,exact_maximum_overlap,4,5,0,13,0
20080413,2008,20130224,2013,greenacre_weighted_power_0175,8,106,exact_maximum_overlap,4,6,2,13,0.15384615384615385
20080413,2008,20130224,2013,greenacre_weighted_power_0175,8,106,exact_maximum_overlap,4,7,0,13,0
20080413,2008,20130224,2013,greenacre_weighted_power_0175,8,106,exact_maximum_overlap,4,8,0,13,0
20080413,2008,20130224,2013,greenacre_weighted_power_0175,8,106,exact_maximum_overlap,5,1,2,13,0.15384615384615385
20080413,2008,20130224,2013,greenacre_weighted_power_0175,8,106,exact_maximum_overlap,5,2,1,13,0.07692307692307693
20080413,2008,20130224,2013,greenacre_weighted_power_0175,8,106,exact_maximum_overlap,5,3,0,13,0
20080413,2008,20130224,2013,greenacre_weighted_power_0175,8,106,exact_maximum_overlap,5,4,0,13,0
20080413,2008,20130224,2013,greenacre_weighted_power_0175,8,106,exact_maximum_overlap,5,5,8,13,0.6153846153846154
20080413,2008,20130224,2013,greenacre_weighted_power_0175,8,106,exact_maximum_overlap,5,6,0,13,0
20080413,2008,20130224,2013,greenacre_weighted_power_0175,8,106,exact_maximum_overlap,5,7,1,13,0.07692307692307693
20080413,2008,20130224,2013,greenacre_weighted_power_0175,8,106,exact_maximum_overlap,5,8,1,13,0.07692307692307693
20080413,2008,20130224,2013,greenacre_weighted_power_0175,8,106,exact_maximum_overlap,6,1,0,8,0
20080413,2008,20130224,2013,greenacre_weighted_power_0175,8,106,exact_maximum_overlap,6,2,0,8,0
20080413,2008,20130224,2013,greenacre_weighted_power_0175,8,106,exact_maximum_overlap,6,3,0,8,0
20080413,2008,20130224,2013,greenacre_weighted_power_0175,8,106,exact_maximum_overlap,6,4,0,8,0
20080413,2008,20130224,2013,greenacre_weighted_power_0175,8,106,exact_maximum_overlap,6,5,0,8,0
20080413,2008,20130224,2013,greenacre_weighted_power_0175,8,106,exact_maximum_overlap,6,6,8,8,1
20080413,2008,20130224,2013,greenacre_weighted_power_0175,8,106,exact_maximum_overlap,6,7,0,8,0
20080413,2008,20130224,2013,greenacre_weighted_power_0175,8,106,exact_maximum_overlap,6,8,0,8,0
20080413,2008,20130224,2013,greenacre_weighted_power_0175,8,106,exact_maximum_overlap,7,1,0,17,0
20080413,2008,20130224,2013,greenacre_weighted_power_0175,8,106,exact_maximum_overlap,7,2,0,17,0
20080413,2008,20130224,2013,greenacre_weighted_power_0175,8,106,exact_maximum_overlap,7,3,0,17,0
20080413,2008,20130224,2013,greenacre_weighted_power_0175,8,106,exact_maximum_overlap,7,4,6,17,0.35294117647058826
20080413,2008,20130224,2013,greenacre_weighted_power_0175,8,106,exact_maximum_overlap,7,5,0,17,0
20080413,2008,20130224,2013,greenacre_weighted_power_0175,8,106,exact_maximum_overlap,7,6,0,17,0
20080413,2008,20130224,2013,greenacre_weighted_power_0175,8,106,exact_maximum_overlap,7,7,11,17,0.6470588235294118
20080413,2008,20130224,2013,greenacre_weighted_power_0175,8,106,exact_maximum_overlap,7,8,0,17,0
20080413,2008,20130224,2013,greenacre_weighted_power_0175,8,106,exact_maximum_overlap,8,1,0,13,0
20080413,2008,20130224,2013,greenacre_weighted_power_0175,8,106,exact_maximum_overlap,8,2,4,13,0.3076923076923077
20080413,2008,20130224,2013,greenacre_weighted_power_0175,8,106,exact_maximum_overlap,8,3,0,13,0
20080413,2008,20130224,2013,greenacre_weighted_power_0175,8,106,exact_maximum_overlap,8,4,0,13,0
20080413,2008,20130224,2013,greenacre_weighted_power_0175,8,106,exact_maximum_overlap,8,5,0,13,0
20080413,2008,20130224,2013,greenacre_weighted_power_0175,8,106,exact_maximum_overlap,8,6,0,13,0
20080413,2008,20130224,2013,greenacre_weighted_power_0175,8,106,exact_maximum_overlap,8,7,0,13,0
20080413,2008,20130224,2013,greenacre_weighted_power_0175,8,106,exact_maximum_overlap,8,8,9,13,0.6923076923076923
20130224,2013,20180304,2018,greenacre_weighted_power_0175,8,106,exact_maximum_overlap,1,1,8,18,0.4444444444444444
20130224,2013,20180304,2018,greenacre_weighted_power_0175,8,106,exact_maximum_overlap,1,2,0,18,0
20130224,2013,20180304,2018,greenacre_weighted_power_0175,8,106,exact_maximum_overlap,1,3,4,18,0.2222222222222222
20130224,2013,20180304,2018,greenacre_weighted_power_0175,8,106,exact_maximum_overlap,1,4,1,18,0.05555555555555555
20130224,2013,20180304,2018,greenacre_weighted_power_0175,8,106,exact_maximum_overlap,1,5,5,18,0.2777777777777778
20130224,2013,20180304,2018,greenacre_weighted_power_0175,8,106,exact_maximum_overlap,1,6,0,18,0
20130224,2013,20180304,2018,greenacre_weighted_power_0175,8,106,exact_maximum_overlap,1,7,0,18,0
20130224,2013,20180304,2018,greenacre_weighted_power_0175,8,106,exact_maximum_overlap,1,8,0,18,0
20130224,2013,20180304,2018,greenacre_weighted_power_0175,8,106,exact_maximum_overlap,2,1,0,10,0
20130224,2013,20180304,2018,greenacre_weighted_power_0175,8,106,exact_maximum_overlap,2,2,10,10,1
20130224,2013,20180304,2018,greenacre_weighted_power_0175,8,106,exact_maximum_overlap,2,3,0,10,0
20130224,2013,20180304,2018,greenacre_weighted_power_0175,8,106,exact_maximum_overlap,2,4,0,10,0
20130224,2013,20180304,2018,greenacre_weighted_power_0175,8,106,exact_maximum_overlap,2,5,0,10,0
20130224,2013,20180304,2018,greenacre_weighted_power_0175,8,106,exact_maximum_overlap,2,6,0,10,0
20130224,2013,20180304,2018,greenacre_weighted_power_0175,8,106,exact_maximum_overlap,2,7,0,10,0
20130224,2013,20180304,2018,greenacre_weighted_power_0175,8,106,exact_maximum_overlap,2,8,0,10,0
20130224,2013,20180304,2018,greenacre_weighted_power_0175,8,106,exact_maximum_overlap,3,1,0,15,0
20130224,2013,20180304,2018,greenacre_weighted_power_0175,8,106,exact_maximum_overlap,3,2,0,15,0
20130224,2013,20180304,2018,greenacre_weighted_power_0175,8,106,exact_maximum_overlap,3,3,8,15,0.5333333333333333
20130224,2013,20180304,2018,greenacre_weighted_power_0175,8,106,exact_maximum_overlap,3,4,0,15,0
20130224,2013,20180304,2018,greenacre_weighted_power_0175,8,106,exact_maximum_overlap,3,5,0,15,0
20130224,2013,20180304,2018,greenacre_weighted_power_0175,8,106,exact_maximum_overlap,3,6,0,15,0
20130224,2013,20180304,2018,greenacre_weighted_power_0175,8,106,exact_maximum_overlap,3,7,7,15,0.4666666666666667
20130224,2013,20180304,2018,greenacre_weighted_power_0175,8,106,exact_maximum_overlap,3,8,0,15,0
20130224,2013,20180304,2018,greenacre_weighted_power_0175,8,106,exact_maximum_overlap,4,1,0,14,0
20130224,2013,20180304,2018,greenacre_weighted_power_0175,8,106,exact_maximum_overlap,4,2,2,14,0.14285714285714285
20130224,2013,20180304,2018,greenacre_weighted_power_0175,8,106,exact_maximum_overlap,4,3,1,14,0.07142857142857142
20130224,2013,20180304,2018,greenacre_weighted_power_0175,8,106,exact_maximum_overlap,4,4,11,14,0.7857142857142857
20130224,2013,20180304,2018,greenacre_weighted_power_0175,8,106,exact_maximum_overlap,4,5,0,14,0
20130224,2013,20180304,2018,greenacre_weighted_power_0175,8,106,exact_maximum_overlap,4,6,0,14,0
20130224,2013,20180304,2018,greenacre_weighted_power_0175,8,106,exact_maximum_overlap,4,7,0,14,0
20130224,2013,20180304,2018,greenacre_weighted_power_0175,8,106,exact_maximum_overlap,4,8,0,14,0
20130224,2013,20180304,2018,greenacre_weighted_power_0175,8,106,exact_maximum_overlap,5,1,4,17,0.23529411764705882
20130224,2013,20180304,2018,greenacre_weighted_power_0175,8,106,exact_maximum_overlap,5,2,0,17,0
20130224,2013,20180304,2018,greenacre_weighted_power_0175,8,106,exact_maximum_overlap,5,3,2,17,0.11764705882352941
20130224,2013,20180304,2018,greenacre_weighted_power_0175,8,106,exact_maximum_overlap,5,4,0,17,0
20130224,2013,20180304,2018,greenacre_weighted_power_0175,8,106,exact_maximum_overlap,5,5,11,17,0.6470588235294118
20130224,2013,20180304,2018,greenacre_weighted_power_0175,8,106,exact_maximum_overlap,5,6,0,17,0
20130224,2013,20180304,2018,greenacre_weighted_power_0175,8,106,exact_maximum_overlap,5,7,0,17,0
20130224,2013,20180304,2018,greenacre_weighted_power_0175,8,106,exact_maximum_overlap,5,8,0,17,0
20130224,2013,20180304,2018,greenacre_weighted_power_0175,8,106,exact_maximum_overlap,6,1,0,12,0
20130224,2013,20180304,2018,greenacre_weighted_power_0175,8,106,exact_maximum_overlap,6,2,0,12,0
20130224,2013,20180304,2018,greenacre_weighted_power_0175,8,106,exact_maximum_overlap,6,3,0,12,0
20130224,2013,20180304,2018,greenacre_weighted_power_0175,8,106,exact_maximum_overlap,6,4,0,12,0
20130224,2013,20180304,2018,greenacre_weighted_power_0175,8,106,exact_maximum_overlap,6,5,0,12,0
20130224,2013,20180304,2018,greenacre_weighted_power_0175,8,106,exact_maximum_overlap,6,6,8,12,0.6666666666666666
20130224,2013,20180304,2018,greenacre_weighted_power_0175,8,106,exact_maximum_overlap,6,7,0,12,0
20130224,2013,20180304,2018,greenacre_weighted_power_0175,8,106,exact_maximum_overlap,6,8,4,12,0.3333333333333333
20130224,2013,20180304,2018,greenacre_weighted_power_0175,8,106,exact_maximum_overlap,7,1,0,10,0
20130224,2013,20180304,2018,greenacre_weighted_power_0175,8,106,exact_maximum_overlap,7,2,0,10,0
20130224,2013,20180304,2018,greenacre_weighted_power_0175,8,106,exact_maximum_overlap,7,3,3,10,0.3
20130224,2013,20180304,2018,greenacre_weighted_power_0175,8,106,exact_maximum_overlap,7,4,0,10,0
20130224,2013,20180304,2018,greenacre_weighted_power_0175,8,106,exact_maximum_overlap,7,5,1,10,0.1
20130224,2013,20180304,2018,greenacre_weighted_power_0175,8,106,exact_maximum_overlap,7,6,0,10,0
20130224,2013,20180304,2018,greenacre_weighted_power_0175,8,106,exact_maximum_overlap,7,7,5,10,0.5
20130224,2013,20180304,2018,greenacre_weighted_power_0175,8,106,exact_maximum_overlap,7,8,1,10,0.1
20130224,2013,20180304,2018,greenacre_weighted_power_0175,8,106,exact_maximum_overlap,8,1,0,10,0
20130224,2013,20180304,2018,greenacre_weighted_power_0175,8,106,exact_maximum_overlap,8,2,7,10,0.7
20130224,2013,20180304,2018,greenacre_weighted_power_0175,8,106,exact_maximum_overlap,8,3,0,10,0
20130224,2013,20180304,2018,greenacre_weighted_power_0175,8,106,exact_maximum_overlap,8,4,0,10,0
20130224,2013,20180304,2018,greenacre_weighted_power_0175,8,106,exact_maximum_overlap,8,5,0,10,0
20130224,2013,20180304,2018,greenacre_weighted_power_0175,8,106,exact_maximum_overlap,8,6,2,10,0.2
20130224,2013,20180304,2018,greenacre_weighted_power_0175,8,106,exact_maximum_overlap,8,7,0,10,0
20130224,2013,20180304,2018,greenacre_weighted_power_0175,8,106,exact_maximum_overlap,8,8,1,10,0.1
20180304,2018,20220925,2022,greenacre_weighted_power_0175,8,106,exact_maximum_overlap,1,1,8,12,0.6666666666666666
20180304,2018,20220925,2022,greenacre_weighted_power_0175,8,106,exact_maximum_overlap,1,2,3,12,0.25
20180304,2018,20220925,2022,greenacre_weighted_power_0175,8,106,exact_maximum_overlap,1,3,0,12,0
20180304,2018,20220925,2022,greenacre_weighted_power_0175,8,106,exact_maximum_overlap,1,4,0,12,0
20180304,2018,20220925,2022,greenacre_weighted_power_0175,8,106,exact_maximum_overlap,1,5,0,12,0
20180304,2018,20220925,2022,greenacre_weighted_power_0175,8,106,exact_maximum_overlap,1,6,0,12,0
20180304,2018,20220925,2022,greenacre_weighted_power_0175,8,106,exact_maximum_overlap,1,7,1,12,0.08333333333333333
20180304,2018,20220925,2022,greenacre_weighted_power_0175,8,106,exact_maximum_overlap,1,8,0,12,0
20180304,2018,20220925,2022,greenacre_weighted_power_0175,8,106,exact_maximum_overlap,2,1,0,17,0
20180304,2018,20220925,2022,greenacre_weighted_power_0175,8,106,exact_maximum_overlap,2,2,15,17,0.8823529411764706
20180304,2018,20220925,2022,greenacre_weighted_power_0175,8,106,exact_maximum_overlap,2,3,0,17,0
20180304,2018,20220925,2022,greenacre_weighted_power_0175,8,106,exact_maximum_overlap,2,4,0,17,0
20180304,2018,20220925,2022,greenacre_weighted_power_0175,8,106,exact_maximum_overlap,2,5,1,17,0.058823529411764705
20180304,2018,20220925,2022,greenacre_weighted_power_0175,8,106,exact_maximum_overlap,2,6,0,17,0
20180304,2018,20220925,2022,greenacre_weighted_power_0175,8,106,exact_maximum_overlap,2,7,1,17,0.058823529411764705
20180304,2018,20220925,2022,greenacre_weighted_power_0175,8,106,exact_maximum_overlap,2,8,0,17,0
20180304,2018,20220925,2022,greenacre_weighted_power_0175,8,106,exact_maximum_overlap,3,1,0,12,0
20180304,2018,20220925,2022,greenacre_weighted_power_0175,8,106,exact_maximum_overlap,3,2,0,12,0
20180304,2018,20220925,2022,greenacre_weighted_power_0175,8,106,exact_maximum_overlap,3,3,9,12,0.75
20180304,2018,20220925,2022,greenacre_weighted_power_0175,8,106,exact_maximum_overlap,3,4,0,12,0
20180304,2018,20220925,2022,greenacre_weighted_power_0175,8,106,exact_maximum_overlap,3,5,0,12,0
20180304,2018,20220925,2022,greenacre_weighted_power_0175,8,106,exact_maximum_overlap,3,6,0,12,0
20180304,2018,20220925,2022,greenacre_weighted_power_0175,8,106,exact_maximum_overlap,3,7,3,12,0.25
20180304,2018,20220925,2022,greenacre_weighted_power_0175,8,106,exact_maximum_overlap,3,8,0,12,0
20180304,2018,20220925,2022,greenacre_weighted_power_0175,8,106,exact_maximum_overlap,4,1,0,19,0
20180304,2018,20220925,2022,greenacre_weighted_power_0175,8,106,exact_maximum_overlap,4,2,0,19,0
20180304,2018,20220925,2022,greenacre_weighted_power_0175,8,106,exact_maximum_overlap,4,3,0,19,0
20180304,2018,20220925,2022,greenacre_weighted_power_0175,8,106,exact_maximum_overlap,4,4,11,19,0.5789473684210527
20180304,2018,20220925,2022,greenacre_weighted_power_0175,8,106,exact_maximum_overlap,4,5,0,19,0
20180304,2018,20220925,2022,greenacre_weighted_power_0175,8,106,exact_maximum_overlap,4,6,1,19,0.05263157894736842
20180304,2018,20220925,2022,greenacre_weighted_power_0175,8,106,exact_maximum_overlap,4,7,0,19,0
20180304,2018,20220925,2022,greenacre_weighted_power_0175,8,106,exact_maximum_overlap,4,8,7,19,0.3684210526315789
20180304,2018,20220925,2022,greenacre_weighted_power_0175,8,106,exact_maximum_overlap,5,1,0,18,0
20180304,2018,20220925,2022,greenacre_weighted_power_0175,8,106,exact_maximum_overlap,5,2,1,18,0.05555555555555555
20180304,2018,20220925,2022,greenacre_weighted_power_0175,8,106,exact_maximum_overlap,5,3,1,18,0.05555555555555555
20180304,2018,20220925,2022,greenacre_weighted_power_0175,8,106,exact_maximum_overlap,5,4,0,18,0
20180304,2018,20220925,2022,greenacre_weighted_power_0175,8,106,exact_maximum_overlap,5,5,13,18,0.7222222222222222
20180304,2018,20220925,2022,greenacre_weighted_power_0175,8,106,exact_maximum_overlap,5,6,0,18,0
20180304,2018,20220925,2022,greenacre_weighted_power_0175,8,106,exact_maximum_overlap,5,7,3,18,0.16666666666666666
20180304,2018,20220925,2022,greenacre_weighted_power_0175,8,106,exact_maximum_overlap,5,8,0,18,0
20180304,2018,20220925,2022,greenacre_weighted_power_0175,8,106,exact_maximum_overlap,6,1,0,10,0
20180304,2018,20220925,2022,greenacre_weighted_power_0175,8,106,exact_maximum_overlap,6,2,0,10,0
20180304,2018,20220925,2022,greenacre_weighted_power_0175,8,106,exact_maximum_overlap,6,3,0,10,0
20180304,2018,20220925,2022,greenacre_weighted_power_0175,8,106,exact_maximum_overlap,6,4,3,10,0.3
20180304,2018,20220925,2022,greenacre_weighted_power_0175,8,106,exact_maximum_overlap,6,5,0,10,0
20180304,2018,20220925,2022,greenacre_weighted_power_0175,8,106,exact_maximum_overlap,6,6,6,10,0.6
20180304,2018,20220925,2022,greenacre_weighted_power_0175,8,106,exact_maximum_overlap,6,7,0,10,0
20180304,2018,20220925,2022,greenacre_weighted_power_0175,8,106,exact_maximum_overlap,6,8,1,10,0.1
20180304,2018,20220925,2022,greenacre_weighted_power_0175,8,106,exact_maximum_overlap,7,1,0,6,0
20180304,2018,20220925,2022,greenacre_weighted_power_0175,8,106,exact_maximum_overlap,7,2,0,6,0
20180304,2018,20220925,2022,greenacre_weighted_power_0175,8,106,exact_maximum_overlap,7,3,0,6,0
20180304,2018,20220925,2022,greenacre_weighted_power_0175,8,106,exact_maximum_overlap,7,4,5,6,0.8333333333333334
20180304,2018,20220925,2022,greenacre_weighted_power_0175,8,106,exact_maximum_overlap,7,5,0,6,0
20180304,2018,20220925,2022,greenacre_weighted_power_0175,8,106,exact_maximum_overlap,7,6,1,6,0.16666666666666666
20180304,2018,20220925,2022,greenacre_weighted_power_0175,8,106,exact_maximum_overlap,7,7,0,6,0
20180304,2018,20220925,2022,greenacre_weighted_power_0175,8,106,exact_maximum_overlap,7,8,0,6,0
20180304,2018,20220925,2022,greenacre_weighted_power_0175,8,106,exact_maximum_overlap,8,1,0,12,0
20180304,2018,20220925,2022,greenacre_weighted_power_0175,8,106,exact_maximum_overlap,8,2,0,12,0
20180304,2018,20220925,2022,greenacre_weighted_power_0175,8,106,exact_maximum_overlap,8,3,0,12,0
20180304,2018,20220925,2022,greenacre_weighted_power_0175,8,106,exact_maximum_overlap,8,4,0,12,0
20180304,2018,20220925,2022,greenacre_weighted_power_0175,8,106,exact_maximum_overlap,8,5,8,12,0.6666666666666666
20180304,2018,20220925,2022,greenacre_weighted_power_0175,8,106,exact_maximum_overlap,8,6,0,12,0
20180304,2018,20220925,2022,greenacre_weighted_power_0175,8,106,exact_maximum_overlap,8,7,0,12,0
20180304,2018,20220925,2022,greenacre_weighted_power_0175,8,106,exact_maximum_overlap,8,8,4,12,0.3333333333333333
