election_date,year,n_clusters,reference_geometry,comparison_geometry,comparison_type,n_common_territories,adjusted_rand,normalized_mutual_information,variation_of_information,coassignment_pearson
19480418,1948,2,greenacre_weighted_power_0175,aitchison,geometry_vs_preferred,104,0.030388343156424993,0.03868123626355854,1.0928729631670273,0.034082146349628056
19480418,1948,2,greenacre_weighted_power_0175,alpha_0150,geometry_vs_preferred,104,0.030388343156424993,0.03868123626355854,1.0928729631670273,0.034082146349628056
19480418,1948,2,greenacre_weighted_power_0175,euclidean,geometry_vs_preferred,104,0.44811202842512277,0.43264379961900334,0.7508733594058546,0.45124006755357593
19480418,1948,2,greenacre_weighted_power_0175,greenacre_unweighted_power_0150,geometry_vs_preferred,104,1.8819917556246062e-4,0.0025421733540420054,1.0264434366509887,2.4032851990263962e-4
19480418,1948,2,greenacre_weighted_power_0175,greenacre_weighted_lra,geometry_vs_preferred,104,1,1,0,1
19480418,1948,3,greenacre_weighted_power_0175,aitchison,geometry_vs_preferred,104,0.11599221226407505,0.24393750203365464,1.2523150578480142,0.15010925471312087
19480418,1948,3,greenacre_weighted_power_0175,alpha_0150,geometry_vs_preferred,104,0.11089173707199677,0.2763302860900135,1.1755034458698315,0.14713074215410984
19480418,1948,3,greenacre_weighted_power_0175,euclidean,geometry_vs_preferred,104,0.18794758983910848,0.22648186348737895,1.658950493049436,0.1879979912437182
19480418,1948,3,greenacre_weighted_power_0175,greenacre_unweighted_power_0150,geometry_vs_preferred,104,0.11089173707199677,0.2763302860900135,1.1755034458698315,0.14713074215410984
19480418,1948,3,greenacre_weighted_power_0175,greenacre_weighted_lra,geometry_vs_preferred,104,0.6821902849536359,0.6969753238034855,0.6287399700584984,0.685817634236459
19480418,1948,4,greenacre_weighted_power_0175,aitchison,geometry_vs_preferred,104,0.5516868205695669,0.6319183616361032,0.8561114863244432,0.5640047985030591
19480418,1948,4,greenacre_weighted_power_0175,alpha_0150,geometry_vs_preferred,104,0.13821781571333017,0.36600988418975444,1.1999131777699066,0.19275119291365417
19480418,1948,4,greenacre_weighted_power_0175,euclidean,geometry_vs_preferred,104,0.4026244066318337,0.41475705162365384,1.5385529082188327,0.40501674417623723
19480418,1948,4,greenacre_weighted_power_0175,greenacre_unweighted_power_0150,geometry_vs_preferred,104,0.13821781571333017,0.36600988418975444,1.1999131777699066,0.19275119291365417
19480418,1948,4,greenacre_weighted_power_0175,greenacre_weighted_lra,geometry_vs_preferred,104,1,1,0,0.9999999999999999
19480418,1948,5,greenacre_weighted_power_0175,aitchison,geometry_vs_preferred,104,0.583826473813605,0.7402524975982083,0.6809742787355422,0.6014999605481881
19480418,1948,5,greenacre_weighted_power_0175,alpha_0150,geometry_vs_preferred,104,0.683870288342558,0.7968542514907193,0.5344860068683737,0.7017960804668264
19480418,1948,5,greenacre_weighted_power_0175,euclidean,geometry_vs_preferred,104,0.2758124440726633,0.3869068966409208,1.8274017888772893,0.27791993277299104
19480418,1948,5,greenacre_weighted_power_0175,greenacre_unweighted_power_0150,geometry_vs_preferred,104,0.683870288342558,0.7968542514907193,0.5344860068683737,0.7017960804668264
19480418,1948,5,greenacre_weighted_power_0175,greenacre_weighted_lra,geometry_vs_preferred,104,0.8140184173831702,0.8402435120261817,0.4474805557327439,0.8155398639409325
19480418,1948,6,greenacre_weighted_power_0175,aitchison,geometry_vs_preferred,104,0.54528575780254,0.7162075046982225,0.8651378139184858,0.5460790080279607
19480418,1948,6,greenacre_weighted_power_0175,alpha_0150,geometry_vs_preferred,104,0.5051391428984875,0.7126395667585067,0.8763007471387816,0.5059170216390045
19480418,1948,6,greenacre_weighted_power_0175,euclidean,geometry_vs_preferred,104,0.2894878237438259,0.41438098648240984,1.8866778829617783,0.296239924138418
19480418,1948,6,greenacre_weighted_power_0175,greenacre_unweighted_power_0150,geometry_vs_preferred,104,0.46137738251655136,0.6981179048870724,0.9193589591102231,0.46193771869591593
19480418,1948,6,greenacre_weighted_power_0175,greenacre_weighted_lra,geometry_vs_preferred,104,0.6879210173646053,0.8093530898785462,0.6024177538415123,0.6968696751960114
19480418,1948,7,greenacre_weighted_power_0175,aitchison,geometry_vs_preferred,104,0.5308152409377558,0.7347843981938386,0.9354514202715185,0.5308691834651097
19480418,1948,7,greenacre_weighted_power_0175,alpha_0150,geometry_vs_preferred,104,0.5268211166880293,0.7587158994757948,0.8496061260445891,0.5268332476022457
19480418,1948,7,greenacre_weighted_power_0175,euclidean,geometry_vs_preferred,104,0.5242030139305393,0.5941774461648724,1.4635188350287835,0.5262520005927309
19480418,1948,7,greenacre_weighted_power_0175,greenacre_unweighted_power_0150,geometry_vs_preferred,104,0.5183801273353512,0.7558637477549766,0.8585535359360956,0.5183801273353511
19480418,1948,7,greenacre_weighted_power_0175,greenacre_weighted_lra,geometry_vs_preferred,104,0.6503040534180122,0.7802104603652102,0.7909297635439736,0.6525766612897564
19480418,1948,8,greenacre_weighted_power_0175,aitchison,geometry_vs_preferred,104,0.6044568385542849,0.7747861455713537,0.8450661225584803,0.6083811165377233
19480418,1948,8,greenacre_weighted_power_0175,alpha_0150,geometry_vs_preferred,104,0.6071567918747335,0.7845727131146024,0.808344151310703,0.6110985985991769
19480418,1948,8,greenacre_weighted_power_0175,euclidean,geometry_vs_preferred,104,0.41608092656244106,0.566752218125202,1.7129194813868738,0.41694560358245575
19480418,1948,8,greenacre_weighted_power_0175,greenacre_unweighted_power_0150,geometry_vs_preferred,104,0.6071567918747335,0.7845727131146024,0.808344151310703,0.6110985985991769
19480418,1948,8,greenacre_weighted_power_0175,greenacre_weighted_lra,geometry_vs_preferred,104,0.8252057521012167,0.8891797416258966,0.43100927727753024,0.8252112695090478
19530607,1953,2,greenacre_weighted_power_0175,aitchison,geometry_vs_preferred,105,0.04657311674683975,0.12126660001144121,0.8194888400561366,0.0701808232256923
19530607,1953,2,greenacre_weighted_power_0175,alpha_0150,geometry_vs_preferred,105,0.010540807707982346,0.052543146030243564,1.1495962901007952,0.011078784512719956
19530607,1953,2,greenacre_weighted_power_0175,euclidean,geometry_vs_preferred,105,0.21017841260605638,0.2229087199771959,1.0429775913491106,0.210636852839788
19530607,1953,2,greenacre_weighted_power_0175,greenacre_unweighted_power_0150,geometry_vs_preferred,105,0.010540807707982346,0.052543146030243564,1.1495962901007952,0.011078784512719956
19530607,1953,2,greenacre_weighted_power_0175,greenacre_weighted_lra,geometry_vs_preferred,105,0.9245426915172986,0.8821716712683907,0.16243493843173473,0.9245627881976107
19530607,1953,3,greenacre_weighted_power_0175,aitchison,geometry_vs_preferred,105,0.5273840037662814,0.6338697356438244,0.7155134418702882,0.5427301760100842
19530607,1953,3,greenacre_weighted_power_0175,alpha_0150,geometry_vs_preferred,105,0.05166882304059236,0.17797969220257243,1.4566357073152,0.05998578714092947
19530607,1953,3,greenacre_weighted_power_0175,euclidean,geometry_vs_preferred,105,0.7752699709479259,0.728799754286023,0.5849265969252622,0.7752984093028448
19530607,1953,3,greenacre_weighted_power_0175,greenacre_unweighted_power_0150,geometry_vs_preferred,105,0.059725585149313934,0.16636930599373423,1.4358085275107721,0.07152340982192718
19530607,1953,3,greenacre_weighted_power_0175,greenacre_weighted_lra,geometry_vs_preferred,105,0.8856338523796956,0.8762969068548199,0.2672976490521439,0.8856412400680894
19530607,1953,4,greenacre_weighted_power_0175,aitchison,geometry_vs_preferred,105,0.5370988200432757,0.5587974860013833,1.1393240652400098,0.5381267493509856
19530607,1953,4,greenacre_weighted_power_0175,alpha_0150,geometry_vs_preferred,105,0.4509096903138071,0.4874981487988944,1.2873201482564045,0.4549948763308661
19530607,1953,4,greenacre_weighted_power_0175,euclidean,geometry_vs_preferred,105,0.6540096437946904,0.6400435373974449,0.9580257008765218,0.6540140977312625
19530607,1953,4,greenacre_weighted_power_0175,greenacre_unweighted_power_0150,geometry_vs_preferred,105,0.4509096903138071,0.4874981487988944,1.2873201482564045,0.4549948763308661
19530607,1953,4,greenacre_weighted_power_0175,greenacre_weighted_lra,geometry_vs_preferred,105,0.9002646972321166,0.8764372246201042,0.3273582004917537,0.9003611900154125
19530607,1953,5,greenacre_weighted_power_0175,aitchison,geometry_vs_preferred,105,0.6667810192047536,0.6638055781922163,1.0048248722609243,0.667501469315992
19530607,1953,5,greenacre_weighted_power_0175,alpha_0150,geometry_vs_preferred,105,0.5631917994570385,0.6068867144777963,1.100270213956735,0.5748527157347596
19530607,1953,5,greenacre_weighted_power_0175,euclidean,geometry_vs_preferred,105,0.5064854623624572,0.6519184158118572,1.0846813000188211,0.509151480783405
19530607,1953,5,greenacre_weighted_power_0175,greenacre_unweighted_power_0150,geometry_vs_preferred,105,0.5631917994570385,0.6068867144777963,1.100270213956735,0.5748527157347596
19530607,1953,5,greenacre_weighted_power_0175,greenacre_weighted_lra,geometry_vs_preferred,105,0.8689393424392572,0.8696351891436449,0.3866481599235212,0.8706705095940899
19530607,1953,6,greenacre_weighted_power_0175,aitchison,geometry_vs_preferred,105,0.459188462687204,0.6112285027038034,1.27412495096821,0.46900903546750017
19530607,1953,6,greenacre_weighted_power_0175,alpha_0150,geometry_vs_preferred,105,0.4838653750297987,0.6318843843697648,1.2130681308487334,0.4921361284411894
19530607,1953,6,greenacre_weighted_power_0175,euclidean,geometry_vs_preferred,105,0.48462730590411435,0.6072822316381224,1.3774319903661327,0.4847674794820306
19530607,1953,6,greenacre_weighted_power_0175,greenacre_unweighted_power_0150,geometry_vs_preferred,105,0.47967125198927424,0.6354727672829042,1.203174637870335,0.4871521512751005
19530607,1953,6,greenacre_weighted_power_0175,greenacre_weighted_lra,geometry_vs_preferred,105,0.7201206011212136,0.7722698648758933,0.7731446364037176,0.7216717508235992
19530607,1953,7,greenacre_weighted_power_0175,aitchison,geometry_vs_preferred,105,0.557955645719028,0.6904517485970599,1.1869215382886389,0.5586811861904403
19530607,1953,7,greenacre_weighted_power_0175,alpha_0150,geometry_vs_preferred,105,0.5742792955916307,0.7197787035870584,1.0728268474875757,0.5752279915972879
19530607,1953,7,greenacre_weighted_power_0175,euclidean,geometry_vs_preferred,105,0.3301488819167812,0.5163370420258533,1.8669534588818661,0.3302538052539489
19530607,1953,7,greenacre_weighted_power_0175,greenacre_unweighted_power_0150,geometry_vs_preferred,105,0.3943155692587784,0.5967673499229283,1.4552492495001568,0.40983583936963697
19530607,1953,7,greenacre_weighted_power_0175,greenacre_weighted_lra,geometry_vs_preferred,105,0.9378251794358489,0.9466165752100257,0.20706620961756217,0.9378263123624617
19530607,1953,8,greenacre_weighted_power_0175,aitchison,geometry_vs_preferred,105,0.6146955469785126,0.7534995714330279,0.985181936961296,0.6169242408571373
19530607,1953,8,greenacre_weighted_power_0175,alpha_0150,geometry_vs_preferred,105,0.5683507454967268,0.7213176116896873,1.1266791206233107,0.56913393082211
19530607,1953,8,greenacre_weighted_power_0175,euclidean,geometry_vs_preferred,105,0.3393010146561443,0.5433696938365855,1.8588285165474434,0.3394575724282126
19530607,1953,8,greenacre_weighted_power_0175,greenacre_unweighted_power_0150,geometry_vs_preferred,105,0.5496384072492813,0.709508839626249,1.1673743326264323,0.5511714095196723
19530607,1953,8,greenacre_weighted_power_0175,greenacre_weighted_lra,geometry_vs_preferred,105,0.8891995490417136,0.9174018927087376,0.3338517236795999,0.8896098369403903
19580525,1958,2,greenacre_weighted_power_0175,aitchison,geometry_vs_preferred,106,0.5567371576129333,0.41895139397414316,0.7157184480532394,0.5573041320963846
19580525,1958,2,greenacre_weighted_power_0175,alpha_0150,geometry_vs_preferred,106,0.6756379172037099,0.6149464457960058,0.451931516816076,0.6841401807481376
19580525,1958,2,greenacre_weighted_power_0175,euclidean,geometry_vs_preferred,106,0.1630645184764733,0.11821638403288215,1.1543857879386281,0.16400450818329887
19580525,1958,2,greenacre_weighted_power_0175,greenacre_unweighted_power_0150,geometry_vs_preferred,106,-0.0415716248840966,0.04596932848069539,0.7799516450246577,-0.06571846139317153
19580525,1958,2,greenacre_weighted_power_0175,greenacre_weighted_lra,geometry_vs_preferred,106,0.8871273886441522,0.7994301321544223,0.2502290386513467,0.8872174236721363
19580525,1958,3,greenacre_weighted_power_0175,aitchison,geometry_vs_preferred,106,0.4036636035544233,0.4020909149675099,1.295699870793233,0.4036823775715252
19580525,1958,3,greenacre_weighted_power_0175,alpha_0150,geometry_vs_preferred,106,0.6140391629638858,0.6149733959009615,0.8323980533927673,0.6141032212578449
19580525,1958,3,greenacre_weighted_power_0175,euclidean,geometry_vs_preferred,106,0.3094541842465667,0.3452782344527535,1.366748198308525,0.3121963352403091
19580525,1958,3,greenacre_weighted_power_0175,greenacre_unweighted_power_0150,geometry_vs_preferred,106,0.2555492295338258,0.39087171922881364,1.102418710822672,0.2853855335844616
19580525,1958,3,greenacre_weighted_power_0175,greenacre_weighted_lra,geometry_vs_preferred,106,0.9164385822279955,0.8930462800669714,0.23170804210155116,0.9164885788351614
19580525,1958,4,greenacre_weighted_power_0175,aitchison,geometry_vs_preferred,106,0.5707230593896416,0.6321239121781846,1.0054635678241748,0.570986810687216
19580525,1958,4,greenacre_weighted_power_0175,alpha_0150,geometry_vs_preferred,106,0.6179242694433096,0.6821518285367211,0.8188915298619375,0.622512525487336
19580525,1958,4,greenacre_weighted_power_0175,euclidean,geometry_vs_preferred,106,0.29056602064227977,0.4110130871363413,1.557509739268982,0.29148224555063174
19580525,1958,4,greenacre_weighted_power_0175,greenacre_unweighted_power_0150,geometry_vs_preferred,106,0.5611084975510053,0.6361519131829582,0.9352294384575282,0.5659933113924737
19580525,1958,4,greenacre_weighted_power_0175,greenacre_weighted_lra,geometry_vs_preferred,106,0.7492275309720504,0.750452365712454,0.6750434323658276,0.7492539032006891
19580525,1958,5,greenacre_weighted_power_0175,aitchison,geometry_vs_preferred,106,0.5158345327028077,0.6262163276900555,1.1591916186201783,0.5164481897764723
19580525,1958,5,greenacre_weighted_power_0175,alpha_0150,geometry_vs_preferred,106,0.5277207519706505,0.6407588699501687,1.012545627630892,0.5379386427187018
19580525,1958,5,greenacre_weighted_power_0175,euclidean,geometry_vs_preferred,106,0.29987428626812657,0.4387593570944339,1.7386553732184773,0.30018485411108065
19580525,1958,5,greenacre_weighted_power_0175,greenacre_unweighted_power_0150,geometry_vs_preferred,106,0.584464278306598,0.6828889074270927,0.9559645897839744,0.5847263215227086
19580525,1958,5,greenacre_weighted_power_0175,greenacre_weighted_lra,geometry_vs_preferred,106,0.952827539182303,0.9401573524704689,0.18399867890340005,0.952864539182319
19580525,1958,6,greenacre_weighted_power_0175,aitchison,geometry_vs_preferred,106,0.49990465357174074,0.6301201166466641,1.2449191003019195,0.4999476542522482
19580525,1958,6,greenacre_weighted_power_0175,alpha_0150,geometry_vs_preferred,106,0.6007989452993235,0.7066412203550325,0.9942697977003019,0.6008089425636957
19580525,1958,6,greenacre_weighted_power_0175,euclidean,geometry_vs_preferred,106,0.3507867610060541,0.4879250376672922,1.7624277580545247,0.3513358175605065
19580525,1958,6,greenacre_weighted_power_0175,greenacre_unweighted_power_0150,geometry_vs_preferred,106,0.4806268648723534,0.6447721371011015,1.1543447981720938,0.4830160591683395
19580525,1958,6,greenacre_weighted_power_0175,greenacre_weighted_lra,geometry_vs_preferred,106,0.8854142962915162,0.9222564123615506,0.2671681818477283,0.8863077212495767
19580525,1958,7,greenacre_weighted_power_0175,aitchison,geometry_vs_preferred,106,0.532144461733576,0.680049643648648,1.1434139083057233,0.5329534390713608
19580525,1958,7,greenacre_weighted_power_0175,alpha_0150,geometry_vs_preferred,106,0.6450129376772441,0.7491593016445625,0.9181883473761285,0.6450175371962612
19580525,1958,7,greenacre_weighted_power_0175,euclidean,geometry_vs_preferred,106,0.3237552885019317,0.4660838210664411,1.9891826995987814,0.3247767187320391
19580525,1958,7,greenacre_weighted_power_0175,greenacre_unweighted_power_0150,geometry_vs_preferred,106,0.5068920053492066,0.6784939701204723,1.1319493122513822,0.5099629878965608
19580525,1958,7,greenacre_weighted_power_0175,greenacre_weighted_lra,geometry_vs_preferred,106,0.8108203598051732,0.8894279960903747,0.409131701459994,0.8112543584177909
19580525,1958,8,greenacre_weighted_power_0175,aitchison,geometry_vs_preferred,106,0.5637875944862228,0.7198181723347976,1.1213766773124516,0.5639117869150414
19580525,1958,8,greenacre_weighted_power_0175,alpha_0150,geometry_vs_preferred,106,0.5493267290171835,0.7236602384879577,1.0781733958202344,0.5518199951789626
19580525,1958,8,greenacre_weighted_power_0175,euclidean,geometry_vs_preferred,106,0.3100696586467516,0.4903165755433831,2.0393278239833883,0.31009513568520813
19580525,1958,8,greenacre_weighted_power_0175,greenacre_unweighted_power_0150,geometry_vs_preferred,106,0.5259109427726194,0.7130557284211042,1.1152021063359383,0.5292335826983388
19580525,1958,8,greenacre_weighted_power_0175,greenacre_weighted_lra,geometry_vs_preferred,106,0.7270143648197708,0.8618685769741343,0.5623534041533103,0.7284556452736782
19630428,1963,2,greenacre_weighted_power_0175,aitchison,geometry_vs_preferred,106,0.7225041041066971,0.6373187158309193,0.37259719666660407,0.7333026477168896
19630428,1963,2,greenacre_weighted_power_0175,alpha_0150,geometry_vs_preferred,106,0.6838599725231727,0.600758157714064,0.4043043639596402,0.69796267325378
19630428,1963,2,greenacre_weighted_power_0175,euclidean,geometry_vs_preferred,106,-0.05944432181878363,0.029834017540275985,1.080946182965179,-0.05944432181878379
19630428,1963,2,greenacre_weighted_power_0175,greenacre_unweighted_power_0150,geometry_vs_preferred,106,0.6838599725231727,0.600758157714064,0.4043043639596402,0.69796267325378
19630428,1963,2,greenacre_weighted_power_0175,greenacre_weighted_lra,geometry_vs_preferred,106,0.8106482861777443,0.736829572080418,0.3056531743851627,0.8140905947167938
19630428,1963,3,greenacre_weighted_power_0175,aitchison,geometry_vs_preferred,106,0.4856959598328206,0.5751646789670262,0.8717589077695809,0.485824796667824
19630428,1963,3,greenacre_weighted_power_0175,alpha_0150,geometry_vs_preferred,106,0.5218780648875118,0.5723652034869401,0.8753744789383431,0.521970192671711
19630428,1963,3,greenacre_weighted_power_0175,euclidean,geometry_vs_preferred,106,0.1908876671879722,0.2590168065148986,1.4402791910285533,0.19314858401325974
19630428,1963,3,greenacre_weighted_power_0175,greenacre_unweighted_power_0150,geometry_vs_preferred,106,0.48276945431696344,0.5472300746489364,0.9268264432991142,0.48285467820947336
19630428,1963,3,greenacre_weighted_power_0175,greenacre_weighted_lra,geometry_vs_preferred,106,0.6601372361313945,0.6394502557703675,0.7548942714759905,0.6621427428473369
19630428,1963,4,greenacre_weighted_power_0175,aitchison,geometry_vs_preferred,106,0.6969475494411006,0.71985987080684255,0.7339083065024465,0.6971621694069364
19630428,1963,4,greenacre_weighted_power_0175,alpha_0150,geometry_vs_preferred,106,0.7305581254370724,0.7640630441065775,0.6162019989125138,0.7306263996664161
19630428,1963,4,greenacre_weighted_power_0175,euclidean,geometry_vs_preferred,106,0.3067964078630691,0.3762805902009414,1.6253970206469668,0.3068467545160606
19630428,1963,4,greenacre_weighted_power_0175,greenacre_unweighted_power_0150,geometry_vs_preferred,106,0.6965615764621207,0.7196170898574223,0.7344050603221264,0.6967684039696046
19630428,1963,4,greenacre_weighted_power_0175,greenacre_weighted_lra,geometry_vs_preferred,106,0.8013171324582002,0.8304984019146258,0.44487550247766494,0.8017392846362978
19630428,1963,5,greenacre_weighted_power_0175,aitchison,geometry_vs_preferred,106,0.6551660393056602,0.6802655670451342,0.9444367625320949,0.6568003740568013
19630428,1963,5,greenacre_weighted_power_0175,alpha_0150,geometry_vs_preferred,106,0.6833090256446329,0.714685276091764,0.8403918050904138,0.6856944237621307
19630428,1963,5,greenacre_weighted_power_0175,euclidean,geometry_vs_preferred,106,0.4691725468215119,0.5855196386483323,1.2795634720280398,0.47102684851694276
19630428,1963,5,greenacre_weighted_power_0175,greenacre_unweighted_power_0150,geometry_vs_preferred,106,0.6497654134289673,0.6770643494308289,0.9536485523656875,0.6514725675811726
19630428,1963,5,greenacre_weighted_power_0175,greenacre_weighted_lra,geometry_vs_preferred,106,0.95570075557856,0.9385896423381697,0.1856773234553799,0.9557018210646733
19630428,1963,6,greenacre_weighted_power_0175,aitchison,geometry_vs_preferred,106,0.6086038159345892,0.6362405414684236,1.191725454887084,0.6088341337711193
19630428,1963,6,greenacre_weighted_power_0175,alpha_0150,geometry_vs_preferred,106,0.6318228334893625,0.7101172550054613,0.9527137325170698,0.6322869319539998
19630428,1963,6,greenacre_weighted_power_0175,euclidean,geometry_vs_preferred,106,0.3966734361366146,0.5482076738468833,1.5360885754968938,0.40321035793385746
19630428,1963,6,greenacre_weighted_power_0175,greenacre_unweighted_power_0150,geometry_vs_preferred,106,0.6201790292885785,0.6816493090604827,1.044699325041592,0.6205147319685076
19630428,1963,6,greenacre_weighted_power_0175,greenacre_weighted_lra,geometry_vs_preferred,106,0.989575248999814,0.9806497943527936,0.0631402031187589,0.9895757867128477
19630428,1963,7,greenacre_weighted_power_0175,aitchison,geometry_vs_preferred,106,0.39948690973856393,0.612929523967908,1.4504436432448093,0.3994982421459367
19630428,1963,7,greenacre_weighted_power_0175,alpha_0150,geometry_vs_preferred,106,0.5068353408761589,0.7098646344206381,1.0762929550696283,0.5082216586317846
19630428,1963,7,greenacre_weighted_power_0175,euclidean,geometry_vs_preferred,106,0.4169807493003262,0.5606796622711987,1.668822700860436,0.41753088393816307
19630428,1963,7,greenacre_weighted_power_0175,greenacre_unweighted_power_0150,geometry_vs_preferred,106,0.4102900014342599,0.6347078805226543,1.3697044642381413,0.4102961749248991
19630428,1963,7,greenacre_weighted_power_0175,greenacre_weighted_lra,geometry_vs_preferred,106,0.9363718455296617,0.9447302437664503,0.20789286785491923,0.936394240832036
19630428,1963,8,greenacre_weighted_power_0175,aitchison,geometry_vs_preferred,106,0.462910567759276,0.6733364267635158,1.3170357098107357,0.4629666726955677
19630428,1963,8,greenacre_weighted_power_0175,alpha_0150,geometry_vs_preferred,106,0.6743180899942685,0.8282424713613071,0.6859487544678742,0.6748673361042388
19630428,1963,8,greenacre_weighted_power_0175,euclidean,geometry_vs_preferred,106,0.39733887542782953,0.5752883792249631,1.7260960180432563,0.3978929014853272
19630428,1963,8,greenacre_weighted_power_0175,greenacre_unweighted_power_0150,geometry_vs_preferred,106,0.42964074609043196,0.6598861071044203,1.3790631902938473,0.4300209728074293
19630428,1963,8,greenacre_weighted_power_0175,greenacre_weighted_lra,geometry_vs_preferred,106,0.8301299815692924,0.8780881322505195,0.4932759168003473,0.8305009186744188
19680519,1968,2,greenacre_weighted_power_0175,aitchison,geometry_vs_preferred,106,1,1,0,0.9999999999999999
19680519,1968,2,greenacre_weighted_power_0175,alpha_0150,geometry_vs_preferred,106,1,1,0,0.9999999999999999
19680519,1968,2,greenacre_weighted_power_0175,euclidean,geometry_vs_preferred,106,0.05324389520047069,0.013691343041860295,1.103523952583581,0.05378387682841975
19680519,1968,2,greenacre_weighted_power_0175,greenacre_unweighted_power_0150,geometry_vs_preferred,106,0.809124297670533,0.7333092156227693,0.30456881481627374,0.8129089234013096
19680519,1968,2,greenacre_weighted_power_0175,greenacre_weighted_lra,geometry_vs_preferred,106,0.9611093640025757,0.9234208225001379,0.0919038418463467,0.9612428912298451
19680519,1968,3,greenacre_weighted_power_0175,aitchison,geometry_vs_preferred,106,0.46430458909539324,0.4023282075433751,1.0263597840034584,0.4904454822632211
19680519,1968,3,greenacre_weighted_power_0175,alpha_0150,geometry_vs_preferred,106,0.46430458909539324,0.4023282075433751,1.0263597840034584,0.4904454822632211
19680519,1968,3,greenacre_weighted_power_0175,euclidean,geometry_vs_preferred,106,0.47133379630973565,0.4742115936847682,0.9496451790550422,0.4873911223240182
19680519,1968,3,greenacre_weighted_power_0175,greenacre_unweighted_power_0150,geometry_vs_preferred,106,0.46430458909539324,0.4023282075433751,1.0263597840034584,0.4904454822632211
19680519,1968,3,greenacre_weighted_power_0175,greenacre_weighted_lra,geometry_vs_preferred,106,0.3340531296647875,0.4243164597898651,1.197706585314406,0.3375533399006722
19680519,1968,4,greenacre_weighted_power_0175,aitchison,geometry_vs_preferred,106,0.30198155481941874,0.4483651570546576,1.2321273403416808,0.3351707456836125
19680519,1968,4,greenacre_weighted_power_0175,alpha_0150,geometry_vs_preferred,106,0.30198155481941874,0.4483651570546576,1.2321273403416808,0.3351707456836125
19680519,1968,4,greenacre_weighted_power_0175,euclidean,geometry_vs_preferred,106,0.2261538805574331,0.3489545068350771,1.683945315505159,0.22646718468167498
19680519,1968,4,greenacre_weighted_power_0175,greenacre_unweighted_power_0150,geometry_vs_preferred,106,0.30198155481941874,0.4483651570546576,1.2321273403416808,0.3351707456836125
19680519,1968,4,greenacre_weighted_power_0175,greenacre_weighted_lra,geometry_vs_preferred,106,0.9322581304850829,0.9101697140122212,0.23690728602997035,0.932355496189756
19680519,1968,5,greenacre_weighted_power_0175,aitchison,geometry_vs_preferred,106,0.30965593075959347,0.5245400701210006,1.3784775323444483,0.31540116492522924
19680519,1968,5,greenacre_weighted_power_0175,alpha_0150,geometry_vs_preferred,106,0.5432507272211801,0.6410757594609965,1.0488121979318505,0.5511385784545713
19680519,1968,5,greenacre_weighted_power_0175,euclidean,geometry_vs_preferred,106,0.2654849556496029,0.4159236814664103,1.8213551746279926,0.2655463856630461
19680519,1968,5,greenacre_weighted_power_0175,greenacre_unweighted_power_0150,geometry_vs_preferred,106,0.41419444834617675,0.59187080715959,1.1633960308340594,0.4303391665533375
19680519,1968,5,greenacre_weighted_power_0175,greenacre_weighted_lra,geometry_vs_preferred,106,0.896694760532329,0.9109294772350885,0.27691357969030506,0.896702897109714
19680519,1968,6,greenacre_weighted_power_0175,aitchison,geometry_vs_preferred,106,0.3833563249458876,0.5915609993691853,1.3720646277584487,0.38580924589215737
19680519,1968,6,greenacre_weighted_power_0175,alpha_0150,geometry_vs_preferred,106,0.5616618211170717,0.694046046329411,1.0020465661654012,0.5753437197170561
19680519,1968,6,greenacre_weighted_power_0175,euclidean,geometry_vs_preferred,106,0.2924329237611388,0.4664876351518436,1.8681918053383078,0.2925443703724671
19680519,1968,6,greenacre_weighted_power_0175,greenacre_unweighted_power_0150,geometry_vs_preferred,106,0.5021455674644139,0.6554292607907881,1.163178242504392,0.5041408672880986
19680519,1968,6,greenacre_weighted_power_0175,greenacre_weighted_lra,geometry_vs_preferred,106,0.9827575026773342,0.9801152045034697,0.06927478780110352,0.9827582480288337
19680519,1968,7,greenacre_weighted_power_0175,aitchison,geometry_vs_preferred,106,0.3869264637041408,0.6202524997713128,1.3876469103303424,0.3869619255089819
19680519,1968,7,greenacre_weighted_power_0175,alpha_0150,geometry_vs_preferred,106,0.5971189314967638,0.7528249376112535,0.8995571612760003,0.5975799904823675
19680519,1968,7,greenacre_weighted_power_0175,euclidean,geometry_vs_preferred,106,0.24441402445544058,0.46126411776148485,2.010561417489033,0.24478887121124168
19680519,1968,7,greenacre_weighted_power_0175,greenacre_unweighted_power_0150,geometry_vs_preferred,106,0.5971189314967638,0.7528249376112535,0.8995571612760003,0.5975799904823675
19680519,1968,7,greenacre_weighted_power_0175,greenacre_weighted_lra,geometry_vs_preferred,106,0.6564747784269408,0.8020285905434286,0.7429314660741282,0.6583013300204674
19680519,1968,8,greenacre_weighted_power_0175,aitchison,geometry_vs_preferred,106,0.349926460787482,0.6062255139754464,1.5665275901973752,0.35002146432448467
19680519,1968,8,greenacre_weighted_power_0175,alpha_0150,geometry_vs_preferred,106,0.62513051385973,0.7778800406100733,0.8767748035067311,0.6265932953618435
19680519,1968,8,greenacre_weighted_power_0175,euclidean,geometry_vs_preferred,106,0.39258571182498864,0.5897771475375077,1.6615698575929736,0.3930284926571891
19680519,1968,8,greenacre_weighted_power_0175,greenacre_unweighted_power_0150,geometry_vs_preferred,106,0.6247114618211481,0.7604138133628254,0.954943199175021,0.624831409861388
19680519,1968,8,greenacre_weighted_power_0175,greenacre_weighted_lra,geometry_vs_preferred,106,0.9356516273181651,0.9527618751354161,0.19045013067540495,0.935827421919427
19720507,1972,2,greenacre_weighted_power_0175,aitchison,geometry_vs_preferred,106,0.3581968047216852,0.38743912300016364,0.8288950081173302,0.3582720545597943
19720507,1972,2,greenacre_weighted_power_0175,alpha_0150,geometry_vs_preferred,106,0.3581968047216852,0.38743912300016364,0.8288950081173302,0.3582720545597943
19720507,1972,2,greenacre_weighted_power_0175,euclidean,geometry_vs_preferred,106,0.3515773110660575,0.33532010647277205,0.7939683424636779,0.36656028542464014
19720507,1972,2,greenacre_weighted_power_0175,greenacre_unweighted_power_0150,geometry_vs_preferred,106,0.3581968047216852,0.38743912300016364,0.8288950081173302,0.3582720545597943
19720507,1972,2,greenacre_weighted_power_0175,greenacre_weighted_lra,geometry_vs_preferred,106,0.9622302670961489,0.93064409534615,0.09340104320069953,0.962257721715284
19720507,1972,3,greenacre_weighted_power_0175,aitchison,geometry_vs_preferred,106,0.7410221857459792,0.7008746076140167,0.6447591440854843,0.7411367851648158
19720507,1972,3,greenacre_weighted_power_0175,alpha_0150,geometry_vs_preferred,106,0.7905687347803245,0.7796749439755124,0.47389777505173813,0.7906216418435968
19720507,1972,3,greenacre_weighted_power_0175,euclidean,geometry_vs_preferred,106,0.3930694091851589,0.4851639533433414,1.014609223740097,0.40675179975579134
19720507,1972,3,greenacre_weighted_power_0175,greenacre_unweighted_power_0150,geometry_vs_preferred,106,0.7905687347803245,0.7796749439755124,0.47389777505173813,0.7906216418435968
19720507,1972,3,greenacre_weighted_power_0175,greenacre_weighted_lra,geometry_vs_preferred,106,0.8520810077114741,0.8130664755015546,0.39930623421137335,0.8521051960923973
19720507,1972,4,greenacre_weighted_power_0175,aitchison,geometry_vs_preferred,106,0.47078973059071366,0.6356657842656613,0.968343954232733,0.4717705490524215
19720507,1972,4,greenacre_weighted_power_0175,alpha_0150,geometry_vs_preferred,106,0.45681955396605206,0.6172237743724821,1.0251191210532027,0.45852238792902533
19720507,1972,4,greenacre_weighted_power_0175,euclidean,geometry_vs_preferred,106,0.6541641346927884,0.7417404501321602,0.6784150351081184,0.6543138633440424
19720507,1972,4,greenacre_weighted_power_0175,greenacre_unweighted_power_0150,geometry_vs_preferred,106,0.4133613243487513,0.5704642701782306,1.1445361876094382,0.4143524043353875
19720507,1972,4,greenacre_weighted_power_0175,greenacre_weighted_lra,geometry_vs_preferred,106,0.9685693237267778,0.9670819564991622,0.08616814516206261,0.9685853631578812
19720507,1972,5,greenacre_weighted_power_0175,aitchison,geometry_vs_preferred,106,0.33072892022333683,0.5058574706885323,1.5559232521058242,0.3310167398817142
19720507,1972,5,greenacre_weighted_power_0175,alpha_0150,geometry_vs_preferred,106,0.5410633578366429,0.6569872482930882,1.0908950708694962,0.5410654919724885
19720507,1972,5,greenacre_weighted_power_0175,euclidean,geometry_vs_preferred,106,0.4754953322334149,0.6263120868358164,1.1740933847615251,0.4759752521579378
19720507,1972,5,greenacre_weighted_power_0175,greenacre_unweighted_power_0150,geometry_vs_preferred,106,0.5246125604333023,0.6486993213073831,1.1176031765091219,0.5246138856441939
19720507,1972,5,greenacre_weighted_power_0175,greenacre_weighted_lra,geometry_vs_preferred,106,0.8558997720723949,0.899472153302449,0.3190138759171357,0.8559643936241962
19720507,1972,6,greenacre_weighted_power_0175,aitchison,geometry_vs_preferred,106,0.4299595260728531,0.5710205537428222,1.520603420151451,0.4303791625163632
19720507,1972,6,greenacre_weighted_power_0175,alpha_0150,geometry_vs_preferred,106,0.5065565342732959,0.6218709869376193,1.341004796658917,0.5069315652009705
19720507,1972,6,greenacre_weighted_power_0175,euclidean,geometry_vs_preferred,106,0.5135065392539557,0.6634168470262375,1.1929589369726474,0.5139122372855235
19720507,1972,6,greenacre_weighted_power_0175,greenacre_unweighted_power_0150,geometry_vs_preferred,106,0.4630586906800838,0.5892198353136834,1.4579242799633634,0.46337921460944875
19720507,1972,6,greenacre_weighted_power_0175,greenacre_weighted_lra,geometry_vs_preferred,106,0.6379071364853542,0.7629324623759647,0.8405103858235035,0.6383486885090424
19720507,1972,7,greenacre_weighted_power_0175,aitchison,geometry_vs_preferred,106,0.35349222014846376,0.5555202261172085,1.719357485375368,0.3535067392283268
19720507,1972,7,greenacre_weighted_power_0175,alpha_0150,geometry_vs_preferred,106,0.43857092327458064,0.6006995664211823,1.5423125931537873,0.4385720380890673
19720507,1972,7,greenacre_weighted_power_0175,euclidean,geometry_vs_preferred,106,0.6156912299746423,0.7151886145914521,1.098686284982386,0.6156927848765156
19720507,1972,7,greenacre_weighted_power_0175,greenacre_unweighted_power_0150,geometry_vs_preferred,106,0.38328381677258366,0.5717584983710018,1.6561367558425157,0.38329703048625957
19720507,1972,7,greenacre_weighted_power_0175,greenacre_weighted_lra,geometry_vs_preferred,106,0.8773206665226406,0.9147296634182123,0.3280439647577067,0.8773907560571449
19720507,1972,8,greenacre_weighted_power_0175,aitchison,geometry_vs_preferred,106,0.4366780352668491,0.6202471795899609,1.5678581895224877,0.43676858060763907
19720507,1972,8,greenacre_weighted_power_0175,alpha_0150,geometry_vs_preferred,106,0.5029579937649408,0.6719610870465967,1.3535895385938783,0.5030375278516019
19720507,1972,8,greenacre_weighted_power_0175,euclidean,geometry_vs_preferred,106,0.4739334493834377,0.6472995484591606,1.4484039120469987,0.4739393601691065
19720507,1972,8,greenacre_weighted_power_0175,greenacre_unweighted_power_0150,geometry_vs_preferred,106,0.4699353697357094,0.6478216532777186,1.4519962905087773,0.4699782291150498
19720507,1972,8,greenacre_weighted_power_0175,greenacre_weighted_lra,geometry_vs_preferred,106,0.6752143905788036,0.8081543218104748,0.789214619218261,0.675226042314964
19760620,1976,2,greenacre_weighted_power_0175,aitchison,geometry_vs_preferred,106,0.19793204230717912,0.1676565630578663,1.1243386733265945,0.1984193483105243
19760620,1976,2,greenacre_weighted_power_0175,alpha_0150,geometry_vs_preferred,106,0.19793204230717912,0.1676565630578663,1.1243386733265945,0.1984193483105243
19760620,1976,2,greenacre_weighted_power_0175,euclidean,geometry_vs_preferred,106,0.3547826086956522,0.2530550828922086,0.9700026080334307,0.35498324161297773
19760620,1976,2,greenacre_weighted_power_0175,greenacre_unweighted_power_0150,geometry_vs_preferred,106,0.19793204230717912,0.1676565630578663,1.1243386733265945,0.1984193483105243
19760620,1976,2,greenacre_weighted_power_0175,greenacre_weighted_lra,geometry_vs_preferred,106,0.25126600160831103,0.18040395133532142,1.092588689611607,0.2514161649141423
19760620,1976,3,greenacre_weighted_power_0175,aitchison,geometry_vs_preferred,106,0.6458431938777751,0.7277361558538528,0.5185133341923478,0.6498150822021291
19760620,1976,3,greenacre_weighted_power_0175,alpha_0150,geometry_vs_preferred,106,0.6622349713889991,0.7349810310548772,0.4997407208415259,0.6674819149686037
19760620,1976,3,greenacre_weighted_power_0175,euclidean,geometry_vs_preferred,106,0.1182405528097547,0.21188160696005065,1.6125161053266646,0.11830332785904221
19760620,1976,3,greenacre_weighted_power_0175,greenacre_unweighted_power_0150,geometry_vs_preferred,106,0.6458431938777751,0.7277361558538528,0.5185133341923478,0.6498150822021291
19760620,1976,3,greenacre_weighted_power_0175,greenacre_weighted_lra,geometry_vs_preferred,106,0.20556911796781935,0.3203672391124528,1.4255693217972096,0.20656423541189178
19760620,1976,4,greenacre_weighted_power_0175,aitchison,geometry_vs_preferred,106,0.6037264193542028,0.716401908660266,0.7216446470361371,0.6140769776235891
19760620,1976,4,greenacre_weighted_power_0175,alpha_0150,geometry_vs_preferred,106,0.445898886117217,0.6171410198224857,0.9792641553869528,0.4510902051273985
19760620,1976,4,greenacre_weighted_power_0175,euclidean,geometry_vs_preferred,106,0.13998140191809344,0.2850113461667193,1.8882831377525535,0.1404049195481074
19760620,1976,4,greenacre_weighted_power_0175,greenacre_unweighted_power_0150,geometry_vs_preferred,106,0.4367544599824107,0.6134839401362921,0.9948861925215418,0.4409455301427072
19760620,1976,4,greenacre_weighted_power_0175,greenacre_weighted_lra,geometry_vs_preferred,106,0.40096948235121216,0.5168315692100374,1.3029595235794906,0.40099034327064437
19760620,1976,5,greenacre_weighted_power_0175,aitchison,geometry_vs_preferred,106,0.6847850361966542,0.7576460970404187,0.7588858678947483,0.6867110378137028
19760620,1976,5,greenacre_weighted_power_0175,alpha_0150,geometry_vs_preferred,106,0.7108792230602335,0.7750784144635292,0.7048746730786668,0.7126872198874294
19760620,1976,5,greenacre_weighted_power_0175,euclidean,geometry_vs_preferred,106,0.2538862819227181,0.4375020794061268,1.783102485215019,0.25418335788408525
19760620,1976,5,greenacre_weighted_power_0175,greenacre_unweighted_power_0150,geometry_vs_preferred,106,0.6847850361966542,0.7576460970404187,0.7588858678947483,0.6867110378137028
19760620,1976,5,greenacre_weighted_power_0175,greenacre_weighted_lra,geometry_vs_preferred,106,0.721943818183761,0.7818759534190614,0.6962523105624352,0.7220550936234976
19760620,1976,6,greenacre_weighted_power_0175,aitchison,geometry_vs_preferred,106,0.6603354505669123,0.7402079156887688,0.8724738308214754,0.6627291607607294
19760620,1976,6,greenacre_weighted_power_0175,alpha_0150,geometry_vs_preferred,106,0.7977487328803105,0.8288813928579314,0.5901184068599759,0.7977637160254019
19760620,1976,6,greenacre_weighted_power_0175,euclidean,geometry_vs_preferred,106,0.2779968233077821,0.4872210249610394,1.7943635428155429,0.27832055768571773
19760620,1976,6,greenacre_weighted_power_0175,greenacre_unweighted_power_0150,geometry_vs_preferred,106,0.720644737122888,0.7895326903010221,0.6941519645552576,0.7263915614490448
19760620,1976,6,greenacre_weighted_power_0175,greenacre_weighted_lra,geometry_vs_preferred,106,0.8398980519689399,0.8687241992062326,0.4584520103980414,0.8404993517749401
19760620,1976,7,greenacre_weighted_power_0175,aitchison,geometry_vs_preferred,106,0.6121386413592848,0.6984655606453467,1.1140149953286627,0.612217495269722
19760620,1976,7,greenacre_weighted_power_0175,alpha_0150,geometry_vs_preferred,106,0.7139345744742309,0.7703488947862582,0.8416851753905927,0.7146048993994774
19760620,1976,7,greenacre_weighted_power_0175,euclidean,geometry_vs_preferred,106,0.29888866342869963,0.5273419071031011,1.7840058964931536,0.299349110056138
19760620,1976,7,greenacre_weighted_power_0175,greenacre_unweighted_power_0150,geometry_vs_preferred,106,0.7133082154473263,0.7704020092198556,0.8335180127787405,0.7150091064049025
19760620,1976,7,greenacre_weighted_power_0175,greenacre_weighted_lra,geometry_vs_preferred,106,0.7544309243960442,0.8273078805609253,0.644109650803232,0.754460425251589
19760620,1976,8,greenacre_weighted_power_0175,aitchison,geometry_vs_preferred,106,0.6124151137664076,0.7268803305967823,1.0705502804733307,0.6137705630790983
19760620,1976,8,greenacre_weighted_power_0175,alpha_0150,geometry_vs_preferred,106,0.7012700771618813,0.8054768341037413,0.7649728395094715,0.7023691029578174
19760620,1976,8,greenacre_weighted_power_0175,euclidean,geometry_vs_preferred,106,0.31779320891864077,0.5587323264041826,1.783146379131947,0.3179926167180248
19760620,1976,8,greenacre_weighted_power_0175,greenacre_unweighted_power_0150,geometry_vs_preferred,106,0.6422145019440518,0.751893464516001,0.9715279486009152,0.6438516037364259
19760620,1976,8,greenacre_weighted_power_0175,greenacre_weighted_lra,geometry_vs_preferred,106,0.9167854154194125,0.9384123784453778,0.24719477120508326,0.9168028327437094
19790603,1979,2,greenacre_weighted_power_0175,aitchison,geometry_vs_preferred,106,-0.027297631123163822,0.10611796361539039,0.8828916547385877,-0.03551252467388341
19790603,1979,2,greenacre_weighted_power_0175,alpha_0150,geometry_vs_preferred,106,-0.026089354660783156,0.11511966591667173,0.8924338939306059,-0.032862414140606915
19790603,1979,2,greenacre_weighted_power_0175,euclidean,geometry_vs_preferred,106,0.3294997124784359,0.36948009732960513,0.7396097629610916,0.3497394294578114
19790603,1979,2,greenacre_weighted_power_0175,greenacre_unweighted_power_0150,geometry_vs_preferred,106,-0.027297631123163822,0.10611796361539039,0.8828916547385877,-0.03551252467388341
19790603,1979,2,greenacre_weighted_power_0175,greenacre_weighted_lra,geometry_vs_preferred,106,1,1,0,0.9999999999999999
19790603,1979,3,greenacre_weighted_power_0175,aitchison,geometry_vs_preferred,106,0.31000735779213,0.31099958632109115,1.373486623275244,0.31272295514697973
19790603,1979,3,greenacre_weighted_power_0175,alpha_0150,geometry_vs_preferred,106,0.4852863402930325,0.5720303987863484,0.8544248715150593,0.49000110141826564
19790603,1979,3,greenacre_weighted_power_0175,euclidean,geometry_vs_preferred,106,0.3534078324069215,0.45246258850175014,1.147349594705962,0.35347800713667643
19790603,1979,3,greenacre_weighted_power_0175,greenacre_unweighted_power_0150,geometry_vs_preferred,106,0.4963236237735844,0.5758366218258523,0.8415227431721901,0.5019148848289327
19790603,1979,3,greenacre_weighted_power_0175,greenacre_weighted_lra,geometry_vs_preferred,106,0.9043411508658739,0.9027129137278624,0.2058717565749102,0.904356917316277
19790603,1979,4,greenacre_weighted_power_0175,aitchison,geometry_vs_preferred,106,0.43440113553128706,0.5355494788933192,1.239506483753762,0.4350011892315217
19790603,1979,4,greenacre_weighted_power_0175,alpha_0150,geometry_vs_preferred,106,0.6041966273867392,0.6797959652863553,0.8522721055048725,0.6054076217828468
19790603,1979,4,greenacre_weighted_power_0175,euclidean,geometry_vs_preferred,106,0.5316989979045208,0.6173174296259101,1.030149693073031,0.5322899251218413
19790603,1979,4,greenacre_weighted_power_0175,greenacre_unweighted_power_0150,geometry_vs_preferred,106,0.5882589894937604,0.6671459296906216,0.8853945820928628,0.589539677191286
19790603,1979,4,greenacre_weighted_power_0175,greenacre_weighted_lra,geometry_vs_preferred,106,0.7490722968650032,0.7918715740632875,0.5520946386012175,0.7520613309857718
19790603,1979,5,greenacre_weighted_power_0175,aitchison,geometry_vs_preferred,106,0.4969158547094545,0.6100699063568022,1.1944975678610357,0.49719904894853645
19790603,1979,5,greenacre_weighted_power_0175,alpha_0150,geometry_vs_preferred,106,0.43494317885620554,0.6151370879256763,1.1833703296753644,0.4354146130163004
19790603,1979,5,greenacre_weighted_power_0175,euclidean,geometry_vs_preferred,106,0.4613753140346669,0.5730373001182792,1.3267818124863464,0.4628925782929546
19790603,1979,5,greenacre_weighted_power_0175,greenacre_unweighted_power_0150,geometry_vs_preferred,106,0.4891852488294367,0.6073044682494968,1.202398596287134,0.48943020226359285
19790603,1979,5,greenacre_weighted_power_0175,greenacre_weighted_lra,geometry_vs_preferred,106,0.6308389865090526,0.7465165308961681,0.7878180338859075,0.63300043407551565
19790603,1979,6,greenacre_weighted_power_0175,aitchison,geometry_vs_preferred,106,0.44038260922960004,0.5784995719925288,1.467044988488885,0.44089688391037357
19790603,1979,6,greenacre_weighted_power_0175,alpha_0150,geometry_vs_preferred,106,0.4756027704004583,0.6331229978651536,1.2829120501345854,0.47580088184138075
19790603,1979,6,greenacre_weighted_power_0175,euclidean,geometry_vs_preferred,106,0.5532492759888438,0.6678164825698972,1.1216726439440934,0.557543158888759
19790603,1979,6,greenacre_weighted_power_0175,greenacre_unweighted_power_0150,geometry_vs_preferred,106,0.4527909157894822,0.6102064647085965,1.3740230781761693,0.4528067364514772
19790603,1979,6,greenacre_weighted_power_0175,greenacre_weighted_lra,geometry_vs_preferred,106,0.9529966799432412,0.9579251101845511,0.14771589242629268,0.9530458984724529
19790603,1979,7,greenacre_weighted_power_0175,aitchison,geometry_vs_preferred,106,0.3790194104307818,0.5541345186218538,1.6844268677104544,0.3799003711422255
19790603,1979,7,greenacre_weighted_power_0175,alpha_0150,geometry_vs_preferred,106,0.6101080975962379,0.7117848357524026,1.1030548423224582,0.6101938220757908
19790603,1979,7,greenacre_weighted_power_0175,euclidean,geometry_vs_preferred,106,0.6316300226308769,0.706792124879524,1.09692352132343,0.6336929744129112
19790603,1979,7,greenacre_weighted_power_0175,greenacre_unweighted_power_0150,geometry_vs_preferred,106,0.5528260044667769,0.6688629667937935,1.2681521652096497,0.5528738245207301
19790603,1979,7,greenacre_weighted_power_0175,greenacre_weighted_lra,geometry_vs_preferred,106,0.7989755624076622,0.8937965661226599,0.4054464521950618,0.7992773662981243
19790603,1979,8,greenacre_weighted_power_0175,aitchison,geometry_vs_preferred,106,0.41101626670961505,0.6075798256100348,1.5951574386991076,0.41155639304665853
19790603,1979,8,greenacre_weighted_power_0175,alpha_0150,geometry_vs_preferred,106,0.5427331526827067,0.707411319372963,1.2023593772431558,0.5427333409397889
19790603,1979,8,greenacre_weighted_power_0175,euclidean,geometry_vs_preferred,106,0.5688258417364553,0.6616923714251939,1.3628900045610957,0.569972803522324
19790603,1979,8,greenacre_weighted_power_0175,greenacre_unweighted_power_0150,geometry_vs_preferred,106,0.48652471066382524,0.6662187534290773,1.3661445347081544,0.48659713583418424
19790603,1979,8,greenacre_weighted_power_0175,greenacre_weighted_lra,geometry_vs_preferred,106,0.9069629962097793,0.9330446264320899,0.2756745854783089,0.9070015474279914
19830626,1983,2,greenacre_weighted_power_0175,aitchison,geometry_vs_preferred,106,1,1.0000000000000002,-2.220446049250313e-16,1
19830626,1983,2,greenacre_weighted_power_0175,alpha_0150,geometry_vs_preferred,106,0.5934228668515785,0.5719541380778226,0.5526558531340858,0.598482674732392
19830626,1983,2,greenacre_weighted_power_0175,euclidean,geometry_vs_preferred,106,-0.05173995809309894,0.02576430629438646,1.0684995154085573,-0.0533933771371761
19830626,1983,2,greenacre_weighted_power_0175,greenacre_unweighted_power_0150,geometry_vs_preferred,106,0.5934228668515785,0.5719541380778226,0.5526558531340858,0.598482674732392
19830626,1983,2,greenacre_weighted_power_0175,greenacre_weighted_lra,geometry_vs_preferred,106,1,1.0000000000000002,-2.220446049250313e-16,1
19830626,1983,3,greenacre_weighted_power_0175,aitchison,geometry_vs_preferred,106,1,1.0000000000000002,-2.220446049250313e-16,1
19830626,1983,3,greenacre_weighted_power_0175,alpha_0150,geometry_vs_preferred,106,0.652310951899835,0.7086129885930923,0.5036918389006995,0.663508004412687
19830626,1983,3,greenacre_weighted_power_0175,euclidean,geometry_vs_preferred,106,-0.02665812255125902,0.048533113545126336,1.7467169865166705,-0.028159837749223413
19830626,1983,3,greenacre_weighted_power_0175,greenacre_unweighted_power_0150,geometry_vs_preferred,106,0.6155456153700899,0.5987811040054182,0.7070608602649082,0.6294897781775924
19830626,1983,3,greenacre_weighted_power_0175,greenacre_weighted_lra,geometry_vs_preferred,106,1,1.0000000000000002,-2.220446049250313e-16,1
19830626,1983,4,greenacre_weighted_power_0175,aitchison,geometry_vs_preferred,106,0.46427862701888084,0.6886280193675525,0.7454831904404602,0.4765607009482679
19830626,1983,4,greenacre_weighted_power_0175,alpha_0150,geometry_vs_preferred,106,0.46427862701888084,0.6886280193675525,0.7454831904404602,0.4765607009482679
19830626,1983,4,greenacre_weighted_power_0175,euclidean,geometry_vs_preferred,106,0.120428982242512,0.2512409330472544,1.9483504312641484,0.12059771377138269
19830626,1983,4,greenacre_weighted_power_0175,greenacre_unweighted_power_0150,geometry_vs_preferred,106,0.4008877056330144,0.5980496806855387,0.968133033771551,0.4106735158884429
19830626,1983,4,greenacre_weighted_power_0175,greenacre_weighted_lra,geometry_vs_preferred,106,0.9685944269554587,0.9660677861281439,0.0866019861086591,0.9686145955565847
19830626,1983,5,greenacre_weighted_power_0175,aitchison,geometry_vs_preferred,106,0.6423805884294438,0.8257998572649431,0.4708958273448265,0.6700987459774707
19830626,1983,5,greenacre_weighted_power_0175,alpha_0150,geometry_vs_preferred,106,0.6423805884294438,0.8257998572649431,0.4708958273448265,0.6700987459774707
19830626,1983,5,greenacre_weighted_power_0175,euclidean,geometry_vs_preferred,106,0.1262691589023915,0.260232793514313,2.265058339178658,0.12799301481674508
19830626,1983,5,greenacre_weighted_power_0175,greenacre_unweighted_power_0150,geometry_vs_preferred,106,0.6423805884294438,0.8257998572649431,0.4708958273448265,0.6700987459774707
19830626,1983,5,greenacre_weighted_power_0175,greenacre_weighted_lra,geometry_vs_preferred,106,0.9863753040831031,0.976324012489649,0.06943095055382376,0.9863806382848619
19830626,1983,6,greenacre_weighted_power_0175,aitchison,geometry_vs_preferred,106,0.49125531370797676,0.7118480766210687,0.9748004642088346,0.49662572498093305
19830626,1983,6,greenacre_weighted_power_0175,alpha_0150,geometry_vs_preferred,106,0.6559503982035406,0.8280007028226389,0.5829196474477891,0.6621236212518055
19830626,1983,6,greenacre_weighted_power_0175,euclidean,geometry_vs_preferred,106,0.19179805658009258,0.34505791010334214,2.2897522971219635,0.19183418488511145
19830626,1983,6,greenacre_weighted_power_0175,greenacre_unweighted_power_0150,geometry_vs_preferred,106,0.4065582739461441,0.7333164118651898,0.8118130420027385,0.46765204825156104
19830626,1983,6,greenacre_weighted_power_0175,greenacre_weighted_lra,geometry_vs_preferred,106,0.9296997991422833,0.9367068576875606,0.22185447470327047,0.9297014772645535
19830626,1983,7,greenacre_weighted_power_0175,aitchison,geometry_vs_preferred,106,0.5583902800902178,0.7345562572671857,0.9986541134398124,0.5584290637978854
19830626,1983,7,greenacre_weighted_power_0175,alpha_0150,geometry_vs_preferred,106,0.7623291674159324,0.842847724919491,0.5915940178620831,0.7623556766542102
19830626,1983,7,greenacre_weighted_power_0175,euclidean,geometry_vs_preferred,106,0.19809216719853134,0.3545845308381378,2.4480771706698947,0.19813405569202516
19830626,1983,7,greenacre_weighted_power_0175,greenacre_unweighted_power_0150,geometry_vs_preferred,106,0.6441997851772288,0.7911825646067981,0.7882188429837016,0.6442022935100387
19830626,1983,7,greenacre_weighted_power_0175,greenacre_weighted_lra,geometry_vs_preferred,106,0.8753030157934366,0.9020151266950371,0.36961214476017856,0.8753134230939035
19830626,1983,8,greenacre_weighted_power_0175,aitchison,geometry_vs_preferred,106,0.4865219105071036,0.7143492551784023,1.1423644909282529,0.4895268185626974
19830626,1983,8,greenacre_weighted_power_0175,alpha_0150,geometry_vs_preferred,106,0.6350909779304441,0.8005856361531372,0.7947636755237908,0.6389635773311101
19830626,1983,8,greenacre_weighted_power_0175,euclidean,geometry_vs_preferred,106,0.24075928579716663,0.41247283481566605,2.406143303637525,0.24078869582259474
19830626,1983,8,greenacre_weighted_power_0175,greenacre_unweighted_power_0150,geometry_vs_preferred,106,0.5460537661192971,0.7442966706060834,1.0186525236805655,0.549556509834777
19830626,1983,8,greenacre_weighted_power_0175,greenacre_weighted_lra,geometry_vs_preferred,106,0.7895383939268692,0.8817040999592444,0.4858451465985829,0.7895386671064296
19870614,1987,2,greenacre_weighted_power_0175,aitchison,geometry_vs_preferred,106,1,1.0000000000000004,-1.6653345369377348e-16,1
19870614,1987,2,greenacre_weighted_power_0175,alpha_0150,geometry_vs_preferred,106,1,1.0000000000000004,-1.6653345369377348e-16,1
19870614,1987,2,greenacre_weighted_power_0175,euclidean,geometry_vs_preferred,106,-0.06644969576906766,0.0360993811564312,0.6894725160673246,-0.08248564770004695
19870614,1987,2,greenacre_weighted_power_0175,greenacre_unweighted_power_0150,geometry_vs_preferred,106,1,1.0000000000000004,-1.6653345369377348e-16,1
19870614,1987,2,greenacre_weighted_power_0175,greenacre_weighted_lra,geometry_vs_preferred,106,0.8945894386491862,0.8075892368197232,0.07842944203165925,0.8986858703928828
19870614,1987,3,greenacre_weighted_power_0175,aitchison,geometry_vs_preferred,106,0.0835382247908239,0.2315152346103201,1.2863521270389005,0.0836167619741671
19870614,1987,3,greenacre_weighted_power_0175,alpha_0150,geometry_vs_preferred,106,0.1353468708544371,0.2647906200082536,1.2323025807735866,0.1355009496013419
19870614,1987,3,greenacre_weighted_power_0175,euclidean,geometry_vs_preferred,106,0.34773922743503227,0.41934372464088426,1.0820056551778854,0.35684516129391786
19870614,1987,3,greenacre_weighted_power_0175,greenacre_unweighted_power_0150,geometry_vs_preferred,106,0.08632703787205567,0.23306352179863501,1.2846211536827112,0.08641654827120432
19870614,1987,3,greenacre_weighted_power_0175,greenacre_weighted_lra,geometry_vs_preferred,106,0.8939537752510456,0.8705197240974063,0.2152751765961778,0.8941632038201058
19870614,1987,4,greenacre_weighted_power_0175,aitchison,geometry_vs_preferred,106,0.16779255586018044,0.37150902506453404,1.472396723810116,0.16921288569186518
19870614,1987,4,greenacre_weighted_power_0175,alpha_0150,geometry_vs_preferred,106,0.49573480362354344,0.5671960999089342,1.0603188248965114,0.4957831991650423
19870614,1987,4,greenacre_weighted_power_0175,euclidean,geometry_vs_preferred,106,0.2303969022265247,0.37958964647771887,1.5818195711374081,0.23132079392704735
19870614,1987,4,greenacre_weighted_power_0175,greenacre_unweighted_power_0150,geometry_vs_preferred,106,0.20389359462533466,0.37492866710737077,1.4911750033239428,0.20442526781240358
19870614,1987,4,greenacre_weighted_power_0175,greenacre_weighted_lra,geometry_vs_preferred,106,0.9742646102816773,0.9658850810859817,0.08335750330443314,0.9742751018676947
19870614,1987,5,greenacre_weighted_power_0175,aitchison,geometry_vs_preferred,106,0.4539195990420265,0.6486683015837784,1.062728369748066,0.45509853625506463
19870614,1987,5,greenacre_weighted_power_0175,alpha_0150,geometry_vs_preferred,106,0.6940270961712248,0.7654563307347682,0.6836564284151838,0.6942709441354399
19870614,1987,5,greenacre_weighted_power_0175,euclidean,geometry_vs_preferred,106,0.2893046332705191,0.4268558916519203,1.7366517595005628,0.29042662987068185
19870614,1987,5,greenacre_weighted_power_0175,greenacre_unweighted_power_0150,geometry_vs_preferred,106,0.6424023385212037,0.7231400974008406,0.8046622539587642,0.6428290639757549
19870614,1987,5,greenacre_weighted_power_0175,greenacre_weighted_lra,geometry_vs_preferred,106,0.7064935754486567,0.7747631075031212,0.6642412451438822,0.706581316287122
19870614,1987,6,greenacre_weighted_power_0175,aitchison,geometry_vs_preferred,106,0.379555807620855,0.6011423321222014,1.331557523856472,0.38020577876207745
19870614,1987,6,greenacre_weighted_power_0175,alpha_0150,geometry_vs_preferred,106,0.5940681089883768,0.6572923428688573,1.1480924389358225,0.5945007795907563
19870614,1987,6,greenacre_weighted_power_0175,euclidean,geometry_vs_preferred,106,0.514639140687501,0.6220134259574644,1.3027113587593222,0.5158130612749403
19870614,1987,6,greenacre_weighted_power_0175,greenacre_unweighted_power_0150,geometry_vs_preferred,106,0.3977261616849205,0.6109497165982005,1.3052800644253857,0.39797505040426007
19870614,1987,6,greenacre_weighted_power_0175,greenacre_weighted_lra,geometry_vs_preferred,106,0.6938087383811831,0.7473953464712386,0.845654968086341,0.6943288982125564
19870614,1987,7,greenacre_weighted_power_0175,aitchison,geometry_vs_preferred,106,0.44016153749940945,0.6424650838887068,1.3336223091765773,0.44050535543804487
19870614,1987,7,greenacre_weighted_power_0175,alpha_0150,geometry_vs_preferred,106,0.5453087573831779,0.7061002847681948,1.0942724535674082,0.5455855323945493
19870614,1987,7,greenacre_weighted_power_0175,euclidean,geometry_vs_preferred,106,0.3730247864491008,0.5357780316778707,1.7359634917533078,0.3733059309920807
19870614,1987,7,greenacre_weighted_power_0175,greenacre_unweighted_power_0150,geometry_vs_preferred,106,0.5069044399009374,0.6855904166633122,1.1736829278961856,0.5073893560781635
19870614,1987,7,greenacre_weighted_power_0175,greenacre_weighted_lra,geometry_vs_preferred,106,0.6598727736319863,0.7805933133403378,0.8142970618997407,0.6599655994403938
19870614,1987,8,greenacre_weighted_power_0175,aitchison,geometry_vs_preferred,106,0.5247045746282755,0.7109244633586617,1.1626111798931902,0.5252617255567849
19870614,1987,8,greenacre_weighted_power_0175,alpha_0150,geometry_vs_preferred,106,0.5716355251200723,0.7423948909831926,1.0324951585674755,0.571855524868764
19870614,1987,8,greenacre_weighted_power_0175,euclidean,geometry_vs_preferred,106,0.3257819147608294,0.5528819206762736,1.8045791350828089,0.32626072811300116
19870614,1987,8,greenacre_weighted_power_0175,greenacre_unweighted_power_0150,geometry_vs_preferred,106,0.5247045746282755,0.7109244633586617,1.1626111798931902,0.5252617255567849
19870614,1987,8,greenacre_weighted_power_0175,greenacre_weighted_lra,geometry_vs_preferred,106,0.8444136634875964,0.9029115726252162,0.38665330939848985,0.8444136634875964
19920405,1992,2,greenacre_weighted_power_0175,aitchison,geometry_vs_preferred,106,0.29352479002980225,0.296477248755086,0.905663339579649,0.298776497664544
19920405,1992,2,greenacre_weighted_power_0175,alpha_0150,geometry_vs_preferred,106,0.29352479002980225,0.296477248755086,0.905663339579649,0.298776497664544
19920405,1992,2,greenacre_weighted_power_0175,euclidean,geometry_vs_preferred,106,0.38212807490013917,0.3986202339054628,0.8083079907105171,0.38328363619270567
19920405,1992,2,greenacre_weighted_power_0175,greenacre_unweighted_power_0150,geometry_vs_preferred,106,0.29352479002980225,0.296477248755086,0.905663339579649,0.298776497664544
19920405,1992,2,greenacre_weighted_power_0175,greenacre_weighted_lra,geometry_vs_preferred,106,1,1.0000000000000002,-2.220446049250313e-16,1
19920405,1992,3,greenacre_weighted_power_0175,aitchison,geometry_vs_preferred,106,0.9375578301274131,0.9262005355405483,0.1507185151831767,0.9377416408049428
19920405,1992,3,greenacre_weighted_power_0175,alpha_0150,geometry_vs_preferred,106,0.9375578301274131,0.9262005355405483,0.1507185151831767,0.9377416408049428
19920405,1992,3,greenacre_weighted_power_0175,euclidean,geometry_vs_preferred,106,0.382168835476431,0.4639782742107273,1.1022030929754538,0.3826295581141707
19920405,1992,3,greenacre_weighted_power_0175,greenacre_unweighted_power_0150,geometry_vs_preferred,106,0.9375578301274131,0.9262005355405483,0.1507185151831767,0.9377416408049428
19920405,1992,3,greenacre_weighted_power_0175,greenacre_weighted_lra,geometry_vs_preferred,106,1,1,0,1
19920405,1992,4,greenacre_weighted_power_0175,aitchison,geometry_vs_preferred,106,0.9050809762296932,0.9008207198630982,0.2678004937491898,0.9051201677247492
19920405,1992,4,greenacre_weighted_power_0175,alpha_0150,geometry_vs_preferred,106,0.9223137967396797,0.9190376032554659,0.2185736836945691,0.9223498244124054
19920405,1992,4,greenacre_weighted_power_0175,euclidean,geometry_vs_preferred,106,0.45869106482196315,0.5994544477596434,1.0535072822187403,0.4604563186076358
19920405,1992,4,greenacre_weighted_power_0175,greenacre_unweighted_power_0150,geometry_vs_preferred,106,0.8790904953746715,0.8710566034626135,0.34883658198883616,0.8792078629142579
19920405,1992,4,greenacre_weighted_power_0175,greenacre_weighted_lra,geometry_vs_preferred,106,0.9819214258612697,0.9720470191979947,0.07533595984643782,0.9819223753482532
19920405,1992,5,greenacre_weighted_power_0175,aitchison,geometry_vs_preferred,106,0.7266394824233854,0.8368486805552903,0.5016271766412013,0.7307329549611905
19920405,1992,5,greenacre_weighted_power_0175,alpha_0150,geometry_vs_preferred,106,0.7266394824233854,0.8368486805552903,0.5016271766412013,0.7307329549611905
19920405,1992,5,greenacre_weighted_power_0175,euclidean,geometry_vs_preferred,106,0.5007799947804973,0.6225336032823092,1.192768688277728,0.5007972146697574
19920405,1992,5,greenacre_weighted_power_0175,greenacre_unweighted_power_0150,geometry_vs_preferred,106,0.7266394824233854,0.8368486805552903,0.5016271766412013,0.7307329549611905
19920405,1992,5,greenacre_weighted_power_0175,greenacre_weighted_lra,geometry_vs_preferred,106,0.9379408870409914,0.9379056359790329,0.19715092374691778,0.9379938112774701
19920405,1992,6,greenacre_weighted_power_0175,aitchison,geometry_vs_preferred,106,0.6968016928084927,0.8510424473816933,0.5141671533672563,0.7007091863722227
19920405,1992,6,greenacre_weighted_power_0175,alpha_0150,geometry_vs_preferred,106,0.728824921948254,0.8732717448752586,0.4367943121272235,0.7332668648451535
19920405,1992,6,greenacre_weighted_power_0175,euclidean,geometry_vs_preferred,106,0.4772921965331364,0.6276746890047292,1.2944458299589838,0.47831427820427574
19920405,1992,6,greenacre_weighted_power_0175,greenacre_unweighted_power_0150,geometry_vs_preferred,106,0.728824921948254,0.8732717448752586,0.4367943121272235,0.7332668648451535
19920405,1992,6,greenacre_weighted_power_0175,greenacre_weighted_lra,geometry_vs_preferred,106,0.7965774391298914,0.8697349921375422,0.46004303100845334,0.7965815917149605
19920405,1992,7,greenacre_weighted_power_0175,aitchison,geometry_vs_preferred,106,0.8202833026452518,0.8672135030517313,0.50747344102890235,0.8202867487628327
19920405,1992,7,greenacre_weighted_power_0175,alpha_0150,geometry_vs_preferred,106,0.8803688115312883,0.8992749220071872,0.3849184582631904,0.8803708941014872
19920405,1992,7,greenacre_weighted_power_0175,euclidean,geometry_vs_preferred,106,0.4944664800300307,0.632132118250235,1.4019983609677338,0.49451263985329735
19920405,1992,7,greenacre_weighted_power_0175,greenacre_unweighted_power_0150,geometry_vs_preferred,106,0.8585486301494217,0.8873095541866779,0.4301005997888696,0.858580827786341
19920405,1992,7,greenacre_weighted_power_0175,greenacre_weighted_lra,geometry_vs_preferred,106,0.9130032966881388,0.933475030188566,0.2549115891758924,0.9130445320817405
19920405,1992,8,greenacre_weighted_power_0175,aitchison,geometry_vs_preferred,106,0.7259986985283607,0.8316119812743896,0.6797552354643219,0.7260484749927874
19920405,1992,8,greenacre_weighted_power_0175,alpha_0150,geometry_vs_preferred,106,0.7488975491284032,0.8429919256548167,0.6345730939386423,0.7489058496251049
19920405,1992,8,greenacre_weighted_power_0175,euclidean,geometry_vs_preferred,106,0.4625874365907965,0.6205411464735547,1.543443162718003,0.4627122629153551
19920405,1992,8,greenacre_weighted_power_0175,greenacre_unweighted_power_0150,geometry_vs_preferred,106,0.7259986985283607,0.8316119812743896,0.6797552354643219,0.7260484749927874
19920405,1992,8,greenacre_weighted_power_0175,greenacre_weighted_lra,geometry_vs_preferred,106,0.8604856923786769,0.9032263263329651,0.3916295182846876,0.8605026086222572
19940327,1994,2,greenacre_weighted_power_0175,aitchison,geometry_vs_preferred,106,0.7742622452083967,0.69974674474661,0.345465727357001,0.779241684106277
19940327,1994,2,greenacre_weighted_power_0175,alpha_0150,geometry_vs_preferred,106,0.7742622452083967,0.69974674474661,0.345465727357001,0.779241684106277
19940327,1994,2,greenacre_weighted_power_0175,euclidean,geometry_vs_preferred,106,0.014859845971227241,0.005233291220149455,1.2503004859561717,0.014926199372650618
19940327,1994,2,greenacre_weighted_power_0175,greenacre_unweighted_power_0150,geometry_vs_preferred,106,0.7742622452083967,0.69974674474661,0.345465727357001,0.779241684106277
19940327,1994,2,greenacre_weighted_power_0175,greenacre_weighted_lra,geometry_vs_preferred,106,-0.05336892151138532,0.04934244595326721,0.7812997106151204,-0.07597569442263104
19940327,1994,3,greenacre_weighted_power_0175,aitchison,geometry_vs_preferred,106,0.7969537827357732,0.7799866075019809,0.34093258287368156,0.8005778573586407
19940327,1994,3,greenacre_weighted_power_0175,alpha_0150,geometry_vs_preferred,106,0.48000353600619733,0.5166859183690199,0.7802545093860221,0.4801387899813995
19940327,1994,3,greenacre_weighted_power_0175,euclidean,geometry_vs_preferred,106,0.18062905591462394,0.23538043408534903,1.4150612074459736,0.18920739706242595
19940327,1994,3,greenacre_weighted_power_0175,greenacre_unweighted_power_0150,geometry_vs_preferred,106,0.48000353600619733,0.5166859183690199,0.7802545093860221,0.4801387899813995
19940327,1994,3,greenacre_weighted_power_0175,greenacre_weighted_lra,geometry_vs_preferred,106,1,0.9999999999999999,2.220446049250313e-16,1
19940327,1994,4,greenacre_weighted_power_0175,aitchison,geometry_vs_preferred,106,0.6825764967449894,0.8033352812573169,0.4829090799236391,0.6827931998755332
19940327,1994,4,greenacre_weighted_power_0175,alpha_0150,geometry_vs_preferred,106,0.484765491270113,0.7169603505903045,0.63486123487229,0.5080978261066358
19940327,1994,4,greenacre_weighted_power_0175,euclidean,geometry_vs_preferred,106,0.35773703596407724,0.42717139771974977,1.4598959586357747,0.3584591902822257
19940327,1994,4,greenacre_weighted_power_0175,greenacre_unweighted_power_0150,geometry_vs_preferred,106,0.49689603190618065,0.6595068398520065,0.8369994114781856,0.4975674023941149
19940327,1994,4,greenacre_weighted_power_0175,greenacre_weighted_lra,geometry_vs_preferred,106,1,1,0,1
19940327,1994,5,greenacre_weighted_power_0175,aitchison,geometry_vs_preferred,106,0.6222801476229294,0.7631931683227006,0.6847314096234252,0.6263969580969748
19940327,1994,5,greenacre_weighted_power_0175,alpha_0150,geometry_vs_preferred,106,0.6646749530863431,0.777372456956557,0.6440470693523239,0.6713719915664763
19940327,1994,5,greenacre_weighted_power_0175,euclidean,geometry_vs_preferred,106,0.3763247577681256,0.5062819419014261,1.5255226436864724,0.37762375112182234
19940327,1994,5,greenacre_weighted_power_0175,greenacre_unweighted_power_0150,geometry_vs_preferred,106,0.5417045587121595,0.70240530380301,0.9067045838076733,0.5419150519916772
19940327,1994,5,greenacre_weighted_power_0175,greenacre_weighted_lra,geometry_vs_preferred,106,0.8292710621406011,0.8861398694627652,0.33501031905439005,0.8310154328860826
19940327,1994,6,greenacre_weighted_power_0175,aitchison,geometry_vs_preferred,106,0.7486824992877065,0.8404848745777362,0.5170267902679462,0.7505868359192632
19940327,1994,6,greenacre_weighted_power_0175,alpha_0150,geometry_vs_preferred,106,0.664226067650074,0.8051723359085046,0.6254829700891436,0.6689996196813972
19940327,1994,6,greenacre_weighted_power_0175,euclidean,geometry_vs_preferred,106,0.32914924025678344,0.5174475834207278,1.6300798573571664,0.3298729946352384
19940327,1994,6,greenacre_weighted_power_0175,greenacre_unweighted_power_0150,geometry_vs_preferred,106,0.526202135179901,0.7249809553834505,0.9052212391241072,0.5264911994958756
19940327,1994,6,greenacre_weighted_power_0175,greenacre_weighted_lra,geometry_vs_preferred,106,0.81232083637794394,0.8966413074378234,0.3350103190543896,0.8143870424489594
19940327,1994,7,greenacre_weighted_power_0175,aitchison,geometry_vs_preferred,106,0.6984753091102177,0.8788698200828607,0.42012096058773674,0.7020302308930522
19940327,1994,7,greenacre_weighted_power_0175,alpha_0150,geometry_vs_preferred,106,0.5575940749477482,0.7820534198264509,0.7636133615300857,0.5585167004302796
19940327,1994,7,greenacre_weighted_power_0175,euclidean,geometry_vs_preferred,106,0.43587284844416746,0.6070744275653278,1.4307717415434693,0.43825790613825205
19940327,1994,7,greenacre_weighted_power_0175,greenacre_unweighted_power_0150,geometry_vs_preferred,106,0.5705988807038093,0.7753995316171611,0.7908124428175172,0.5709258453431356
19940327,1994,7,greenacre_weighted_power_0175,greenacre_weighted_lra,geometry_vs_preferred,106,0.8054583398742301,0.8856943340187243,0.4088151034202423,0.806156196228927
19940327,1994,8,greenacre_weighted_power_0175,aitchison,geometry_vs_preferred,106,0.7972325984396565,0.9187814008782729,0.3133364131790026,0.7984005971937572
19940327,1994,8,greenacre_weighted_power_0175,alpha_0150,geometry_vs_preferred,106,0.8098998721634232,0.9221093480698078,0.3011644781455405,0.8106470767594827
19940327,1994,8,greenacre_weighted_power_0175,euclidean,geometry_vs_preferred,106,0.3521602797225566,0.586355297231754,1.6252865320075283,0.352361542672213
19940327,1994,8,greenacre_weighted_power_0175,greenacre_unweighted_power_0150,geometry_vs_preferred,106,0.7972325984396565,0.9187814008782729,0.3133364131790026,0.7984005971937572
19940327,1994,8,greenacre_weighted_power_0175,greenacre_weighted_lra,geometry_vs_preferred,106,0.9000272961310853,0.9495719824696068,0.195944878567766,0.9001522577091847
19960421,1996,2,greenacre_weighted_power_0175,aitchison,geometry_vs_preferred,106,0.31686277073082075,0.3429468329023301,0.7215343472575506,0.34683134303431984
19960421,1996,2,greenacre_weighted_power_0175,alpha_0150,geometry_vs_preferred,106,0.8023829765900958,0.7007300607660615,0.24314194594423533,0.8112251760890153
19960421,1996,2,greenacre_weighted_power_0175,euclidean,geometry_vs_preferred,106,-0.04200119607858719,0.145587287425104,0.9337362773744919,-0.045780449674159944
19960421,1996,2,greenacre_weighted_power_0175,greenacre_unweighted_power_0150,geometry_vs_preferred,106,0.8023829765900958,0.7007300607660615,0.24314194594423533,0.8112251760890153
19960421,1996,2,greenacre_weighted_power_0175,greenacre_weighted_lra,geometry_vs_preferred,106,1,0.9999999999999997,3.3306690738754696e-16,1
19960421,1996,3,greenacre_weighted_power_0175,aitchison,geometry_vs_preferred,106,0.711862544994954,0.7609411879014042,0.453862229136347,0.7177346727754141
19960421,1996,3,greenacre_weighted_power_0175,alpha_0150,geometry_vs_preferred,106,0.6616854535302129,0.6561613053615288,0.6466688926049522,0.6683068988988395
19960421,1996,3,greenacre_weighted_power_0175,euclidean,geometry_vs_preferred,106,0.29927414774991185,0.38702049391319066,1.2676305266688805,0.30184200511030834
19960421,1996,3,greenacre_weighted_power_0175,greenacre_unweighted_power_0150,geometry_vs_preferred,106,0.6616854535302129,0.6561613053615288,0.6466688926049522,0.6683068988988395
19960421,1996,3,greenacre_weighted_power_0175,greenacre_weighted_lra,geometry_vs_preferred,106,0.711862544994954,0.7609411879014042,0.453862229136347,0.7177346727754141
19960421,1996,4,greenacre_weighted_power_0175,aitchison,geometry_vs_preferred,106,0.5426872671422106,0.6988133162869912,0.7135352149689984,0.5740934871500403
19960421,1996,4,greenacre_weighted_power_0175,alpha_0150,geometry_vs_preferred,106,0.610086422427792,0.7886643458331383,0.4876110117275805,0.651539613123275
19960421,1996,4,greenacre_weighted_power_0175,euclidean,geometry_vs_preferred,106,0.20690873713555277,0.3456048573761551,1.7333202984944087,0.20714410669370983
19960421,1996,4,greenacre_weighted_power_0175,greenacre_unweighted_power_0150,geometry_vs_preferred,106,0.5426872671422106,0.6988133162869912,0.7135352149689984,0.5740934871500403
19960421,1996,4,greenacre_weighted_power_0175,greenacre_weighted_lra,geometry_vs_preferred,106,0.40366728110924516,0.6354539671511044,0.9312560077860357,0.40468600803348975
19960421,1996,5,greenacre_weighted_power_0175,aitchison,geometry_vs_preferred,106,0.599850532142835,0.8120962214551851,0.4876110117275805,0.6430157063088161
19960421,1996,5,greenacre_weighted_power_0175,alpha_0150,geometry_vs_preferred,106,0.599850532142835,0.8120962214551851,0.4876110117275805,0.6430157063088161
19960421,1996,5,greenacre_weighted_power_0175,euclidean,geometry_vs_preferred,106,0.1751800981128198,0.358579014136935,1.9467347215269872,0.17761949078053965
19960421,1996,5,greenacre_weighted_power_0175,greenacre_unweighted_power_0150,geometry_vs_preferred,106,0.599850532142835,0.8120962214551851,0.4876110117275805,0.6430157063088161
19960421,1996,5,greenacre_weighted_power_0175,greenacre_weighted_lra,geometry_vs_preferred,106,0.9696119925776119,0.9710995404264132,0.08382693377853823,0.9696711960006479
19960421,1996,6,greenacre_weighted_power_0175,aitchison,geometry_vs_preferred,106,0.5625615032026214,0.7891600712061233,0.6993244309603219,0.5704063897409093
19960421,1996,6,greenacre_weighted_power_0175,alpha_0150,geometry_vs_preferred,106,0.5674066912957911,0.7914104643801004,0.691271532880803,0.5758062439714278
19960421,1996,6,greenacre_weighted_power_0175,euclidean,geometry_vs_preferred,106,0.2976884351009156,0.4874506054383042,1.8011735126422448,0.298000056923124
19960421,1996,6,greenacre_weighted_power_0175,greenacre_unweighted_power_0150,geometry_vs_preferred,106,0.5625615032026214,0.7891600712061233,0.6993244309603219,0.5704063897409093
19960421,1996,6,greenacre_weighted_power_0175,greenacre_weighted_lra,geometry_vs_preferred,106,0.9179963138640908,0.9504505265244667,0.17261085189540193,0.918053714350261
19960421,1996,7,greenacre_weighted_power_0175,aitchison,geometry_vs_preferred,106,1,1,0,1
19960421,1996,7,greenacre_weighted_power_0175,alpha_0150,geometry_vs_preferred,106,1,1,0,1
19960421,1996,7,greenacre_weighted_power_0175,euclidean,geometry_vs_preferred,106,0.2632441831701709,0.4901332338725199,1.9013454095054907,0.26407583750061553
19960421,1996,7,greenacre_weighted_power_0175,greenacre_unweighted_power_0150,geometry_vs_preferred,106,0.9705090905823323,0.9786153423179079,0.07799529949748552,0.9705290360244291
19960421,1996,7,greenacre_weighted_power_0175,greenacre_weighted_lra,geometry_vs_preferred,106,0.9036379195000712,0.9374434741941425,0.22947381385044885,0.9037674265491368
19960421,1996,8,greenacre_weighted_power_0175,aitchison,geometry_vs_preferred,106,0.6716834942237696,0.8445003196294806,0.6055759401502425,0.6741785633989755
19960421,1996,8,greenacre_weighted_power_0175,alpha_0150,geometry_vs_preferred,106,0.6716834942237696,0.8445003196294806,0.6055759401502425,0.6741785633989755
19960421,1996,8,greenacre_weighted_power_0175,euclidean,geometry_vs_preferred,106,0.24213326284871595,0.4939840240055283,2.0324844605625163,0.24232141902539814
19960421,1996,8,greenacre_weighted_power_0175,greenacre_unweighted_power_0150,geometry_vs_preferred,106,0.6747475103729214,0.8458813798462893,0.5995691547163382,0.6776546382705776
19960421,1996,8,greenacre_weighted_power_0175,greenacre_weighted_lra,geometry_vs_preferred,106,0.9605970919896821,0.9673267246714125,0.13032884303435832,0.9606676991882527
20010513,2001,2,greenacre_weighted_power_0175,aitchison,geometry_vs_preferred,106,1,0.9999999999999998,2.220446049250313e-16,1
20010513,2001,2,greenacre_weighted_power_0175,alpha_0150,geometry_vs_preferred,106,1,0.9999999999999998,2.220446049250313e-16,1
20010513,2001,2,greenacre_weighted_power_0175,euclidean,geometry_vs_preferred,106,-0.023998502343688045,0.0037220327184292207,1.1831912133647355,-0.024125321462921966
20010513,2001,2,greenacre_weighted_power_0175,greenacre_unweighted_power_0150,geometry_vs_preferred,106,1,0.9999999999999998,2.220446049250313e-16,1
20010513,2001,2,greenacre_weighted_power_0175,greenacre_weighted_lra,geometry_vs_preferred,106,1,0.9999999999999998,2.220446049250313e-16,1
20010513,2001,3,greenacre_weighted_power_0175,aitchison,geometry_vs_preferred,106,0.7737485849757778,0.811830709446517,0.39890543638709275,0.7760993736629435
20010513,2001,3,greenacre_weighted_power_0175,alpha_0150,geometry_vs_preferred,106,0.5313857003840157,0.6976394581484664,0.5375553264847088,0.587234656786064
20010513,2001,3,greenacre_weighted_power_0175,euclidean,geometry_vs_preferred,106,0.3642072111207645,0.39323856067085644,1.3178021023673656,0.36420768411578797
20010513,2001,3,greenacre_weighted_power_0175,greenacre_unweighted_power_0150,geometry_vs_preferred,106,0.5313857003840157,0.6976394581484664,0.5375553264847088,0.587234656786064
20010513,2001,3,greenacre_weighted_power_0175,greenacre_weighted_lra,geometry_vs_preferred,106,0.9710288908507606,0.9601790092779503,0.0863875594135588,0.9710442984089144
20010513,2001,4,greenacre_weighted_power_0175,aitchison,geometry_vs_preferred,106,0.9006155295771705,0.8640149312206261,0.3532272136177319,0.9006158779063497
20010513,2001,4,greenacre_weighted_power_0175,alpha_0150,geometry_vs_preferred,106,0.8482222468717602,0.8562857136840949,0.35353546915004497,0.8512880158435702
20010513,2001,4,greenacre_weighted_power_0175,euclidean,geometry_vs_preferred,106,0.41647022947071627,0.5078554764922,1.30795146404267,0.4176000058654435
20010513,2001,4,greenacre_weighted_power_0175,greenacre_unweighted_power_0150,geometry_vs_preferred,106,0.8419263866473955,0.7875887984592788,0.5507558167023654,0.8419345030609099
20010513,2001,4,greenacre_weighted_power_0175,greenacre_weighted_lra,geometry_vs_preferred,106,0.928109929030549,0.9174561274818416,0.21193667967566032,0.9287246541411026
20010513,2001,5,greenacre_weighted_power_0175,aitchison,geometry_vs_preferred,106,0.7889751706400238,0.8103662880270691,0.5383406018849053,0.7955656365627771
20010513,2001,5,greenacre_weighted_power_0175,alpha_0150,geometry_vs_preferred,106,0.814941110860024,0.8393330448502687,0.4574045684707593,0.8206433768544547
20010513,2001,5,greenacre_weighted_power_0175,euclidean,geometry_vs_preferred,106,0.3436566080097336,0.5234787917220839,1.4509114414112034,0.34421985717709214
20010513,2001,5,greenacre_weighted_power_0175,greenacre_unweighted_power_0150,geometry_vs_preferred,106,0.8245902377521613,0.842322166313624,0.4500538501688327,0.8294108648241239
20010513,2001,5,greenacre_weighted_power_0175,greenacre_weighted_lra,geometry_vs_preferred,106,0.9045360267399972,0.9050037261626039,0.2831233548705283,0.9051438947673054
20010513,2001,6,greenacre_weighted_power_0175,aitchison,geometry_vs_preferred,106,0.5555244618746104,0.7353718534981895,0.8739412229755645,0.5621396513786496
20010513,2001,6,greenacre_weighted_power_0175,alpha_0150,geometry_vs_preferred,106,0.7868542867460709,0.8641380254265787,0.45193077991419983,0.7934388744803194
20010513,2001,6,greenacre_weighted_power_0175,euclidean,geometry_vs_preferred,106,0.3880388434321796,0.5530239491067132,1.5553677307341276,0.388047795966818
20010513,2001,6,greenacre_weighted_power_0175,greenacre_unweighted_power_0150,geometry_vs_preferred,106,0.7868542867460709,0.8641380254265787,0.45193077991419983,0.7934388744803194
20010513,2001,6,greenacre_weighted_power_0175,greenacre_weighted_lra,geometry_vs_preferred,106,0.954015545968093,0.9576452775626992,0.1472083052154014,0.9540243326939803
20010513,2001,7,greenacre_weighted_power_0175,aitchison,geometry_vs_preferred,106,0.5824739608526007,0.7748709748897119,0.7942793407476425,0.5846469260467557
20010513,2001,7,greenacre_weighted_power_0175,alpha_0150,geometry_vs_preferred,106,0.9300865438133523,0.9457479925140971,0.19443342930730534,0.9303483195424173
20010513,2001,7,greenacre_weighted_power_0175,euclidean,geometry_vs_preferred,106,0.36587720792866474,0.5547802590285041,1.640764827510532,0.3667323201425104
20010513,2001,7,greenacre_weighted_power_0175,greenacre_unweighted_power_0150,geometry_vs_preferred,106,0.9300865438133523,0.9457479925140971,0.19443342930730534,0.9303483195424173
20010513,2001,7,greenacre_weighted_power_0175,greenacre_weighted_lra,geometry_vs_preferred,106,0.9538818873637087,0.9593693739806864,0.14623965654482873,0.953897306409095
20010513,2001,8,greenacre_weighted_power_0175,aitchison,geometry_vs_preferred,106,0.6670655100209393,0.8399391658300901,0.6156895997407057,0.6671162298834583
20010513,2001,8,greenacre_weighted_power_0175,alpha_0150,geometry_vs_preferred,106,0.7925763458840255,0.8805279376255674,0.4721797029792585,0.797876562221005
20010513,2001,8,greenacre_weighted_power_0175,euclidean,geometry_vs_preferred,106,0.3745864766385022,0.5857545705881028,1.6367594014636513,0.3771970693108897
20010513,2001,8,greenacre_weighted_power_0175,greenacre_unweighted_power_0150,geometry_vs_preferred,106,0.804938310648677,0.8957799026086571,0.41199908918584605,0.8103962311833611
20010513,2001,8,greenacre_weighted_power_0175,greenacre_weighted_lra,geometry_vs_preferred,106,0.9377364162794499,0.9455395073240787,0.20870543103806005,0.9377501609040106
20060409,2006,2,greenacre_weighted_power_0175,aitchison,geometry_vs_preferred,106,0.6548893390107603,0.6259206020936007,0.49886709697574516,0.6569471277370733
20060409,2006,2,greenacre_weighted_power_0175,alpha_0150,geometry_vs_preferred,106,0.7838957480469069,0.7305432673838086,0.356248958781081,0.785136061406463
20060409,2006,2,greenacre_weighted_power_0175,euclidean,geometry_vs_preferred,106,-0.021903101144445405,0.060805224949468474,1.1497760799053216,-0.02210549308405184
20060409,2006,2,greenacre_weighted_power_0175,greenacre_unweighted_power_0150,geometry_vs_preferred,106,0.7505403924824172,0.7015862356404955,0.3955533583227173,0.7520340433780377
20060409,2006,2,greenacre_weighted_power_0175,greenacre_weighted_lra,geometry_vs_preferred,106,1,0.9999999999999998,2.220446049250313e-16,1
20060409,2006,3,greenacre_weighted_power_0175,aitchison,geometry_vs_preferred,106,0.8695542405203164,0.8321924000853085,0.3609378328151023,0.8696124335137879
20060409,2006,3,greenacre_weighted_power_0175,alpha_0150,geometry_vs_preferred,106,0.8695542405203164,0.8321924000853085,0.3609378328151023,0.8696124335137879
20060409,2006,3,greenacre_weighted_power_0175,euclidean,geometry_vs_preferred,106,0.8644202509325273,0.8256230096062079,0.37508770232533206,0.8644906358736787
20060409,2006,3,greenacre_weighted_power_0175,greenacre_unweighted_power_0150,geometry_vs_preferred,106,0.8695542405203164,0.8321924000853085,0.3609378328151023,0.8696124335137879
20060409,2006,3,greenacre_weighted_power_0175,greenacre_weighted_lra,geometry_vs_preferred,106,0.8932130247717543,0.8705282032701601,0.2781119961921448,0.8933154327779331
20060409,2006,4,greenacre_weighted_power_0175,aitchison,geometry_vs_preferred,106,0.7592831316983405,0.7656228651108252,0.6243754937474915,0.7595736052500329
20060409,2006,4,greenacre_weighted_power_0175,alpha_0150,geometry_vs_preferred,106,0.9127749148278685,0.8904857172348679,0.2902544032970482,0.9128118210316528
20060409,2006,4,greenacre_weighted_power_0175,euclidean,geometry_vs_preferred,106,0.5435186741806824,0.607867974182961,1.0401785818384772,0.5436361759042825
20060409,2006,4,greenacre_weighted_power_0175,greenacre_unweighted_power_0150,geometry_vs_preferred,106,0.9127749148278685,0.890485717234868,0.29025440329704777,0.9128118210316528
20060409,2006,4,greenacre_weighted_power_0175,greenacre_weighted_lra,geometry_vs_preferred,106,0.5071656527405056,0.6423736828499739,0.963545287002495,0.5084368302755274
20060409,2006,5,greenacre_weighted_power_0175,aitchison,geometry_vs_preferred,106,0.6024126212659824,0.6909370802208877,0.9859703351133855,0.6024173421114071
20060409,2006,5,greenacre_weighted_power_0175,alpha_0150,geometry_vs_preferred,106,0.5443138954272827,0.6912293987261992,0.9572499615519887,0.5490465576739949
20060409,2006,5,greenacre_weighted_power_0175,euclidean,geometry_vs_preferred,106,0.4419320294430268,0.6261677305871597,1.1602325803134974,0.4448830655234589
20060409,2006,5,greenacre_weighted_power_0175,greenacre_unweighted_power_0150,geometry_vs_preferred,106,0.5338477727113293,0.6707971342077879,1.0234589030041517,0.5376621859128402
20060409,2006,5,greenacre_weighted_power_0175,greenacre_weighted_lra,geometry_vs_preferred,106,0.6427351859358771,0.7454857634343308,0.8114286009769129,0.6427524872619745
20060409,2006,6,greenacre_weighted_power_0175,aitchison,geometry_vs_preferred,106,0.8174339000309732,0.8421970236396823,0.5589092789309889,0.8174547762715194
20060409,2006,6,greenacre_weighted_power_0175,alpha_0150,geometry_vs_preferred,106,0.8681106110544041,0.8776333340623742,0.4334003489783731,0.8681327815148369
20060409,2006,6,greenacre_weighted_power_0175,euclidean,geometry_vs_preferred,106,0.39671036741799015,0.584189407916056,1.4466737789123436,0.39750447657135096
20060409,2006,6,greenacre_weighted_power_0175,greenacre_unweighted_power_0150,geometry_vs_preferred,106,0.841985708201221,0.8562461835757583,0.5092759932425874,0.8420157942320845
20060409,2006,6,greenacre_weighted_power_0175,greenacre_weighted_lra,geometry_vs_preferred,106,0.9446291848010069,0.9635250148549576,0.12882320684903403,0.9446487646707658
20060409,2006,7,greenacre_weighted_power_0175,aitchison,geometry_vs_preferred,106,0.6470036102435744,0.7279811933152815,1.0476351898674618,0.6470100693071088
20060409,2006,7,greenacre_weighted_power_0175,alpha_0150,geometry_vs_preferred,106,0.6256070421097867,0.7433538561928272,0.9883663030646219,0.6256113745794021
20060409,2006,7,greenacre_weighted_power_0175,euclidean,geometry_vs_preferred,106,0.42264660614446536,0.6188899341833268,1.4468133675244905,0.4234187112172462
20060409,2006,7,greenacre_weighted_power_0175,greenacre_unweighted_power_0150,geometry_vs_preferred,106,0.6051882147075796,0.7253466937758349,1.0574169031036735,0.6051897202596151
20060409,2006,7,greenacre_weighted_power_0175,greenacre_weighted_lra,geometry_vs_preferred,106,0.9377765022902869,0.9525282736631118,0.18254033324410823,0.9377806189262251
20060409,2006,8,greenacre_weighted_power_0175,aitchison,geometry_vs_preferred,106,0.5300500405918462,0.6930037430102182,1.2527320819868466,0.5303458211322795
20060409,2006,8,greenacre_weighted_power_0175,alpha_0150,geometry_vs_preferred,106,0.574863288953321,0.7140549092387907,1.1707113892374341,0.5755669957955472
20060409,2006,8,greenacre_weighted_power_0175,euclidean,geometry_vs_preferred,106,0.45092398517780036,0.6514889236565818,1.4121455862974903,0.45092455626302186
20060409,2006,8,greenacre_weighted_power_0175,greenacre_unweighted_power_0150,geometry_vs_preferred,106,0.5946376447832398,0.7376133686347397,1.0704298235152439,0.5949530842253353
20060409,2006,8,greenacre_weighted_power_0175,greenacre_weighted_lra,geometry_vs_preferred,106,0.8874661017204385,0.9148399273738018,0.34523174077083274,0.8874799519357889
20080413,2008,2,greenacre_weighted_power_0175,aitchison,geometry_vs_preferred,106,0.6855949498404271,0.645876965347214,0.4649533843901864,0.6882355591190465
20080413,2008,2,greenacre_weighted_power_0175,alpha_0150,geometry_vs_preferred,106,0.7833885836247219,0.7272359520131112,0.35503073281818354,0.7850479052549633
20080413,2008,2,greenacre_weighted_power_0175,euclidean,geometry_vs_preferred,106,0.8507454445057979,0.7863265380902862,0.2646656714096295,0.8522064845188003
20080413,2008,2,greenacre_weighted_power_0175,greenacre_unweighted_power_0150,geometry_vs_preferred,106,0.7833885836247219,0.7272359520131112,0.35503073281818354,0.7850479052549633
20080413,2008,2,greenacre_weighted_power_0175,greenacre_weighted_lra,geometry_vs_preferred,106,0.7500357295983993,0.6981167991804491,0.39418824211237724,0.7520544867281707
20080413,2008,3,greenacre_weighted_power_0175,aitchison,geometry_vs_preferred,106,0.412855727579918,0.496466192297041,1.0907013718789944,0.4129457834440981
20080413,2008,3,greenacre_weighted_power_0175,alpha_0150,geometry_vs_preferred,106,0.4621101836258919,0.5212952580089704,1.0378864592714154,0.4622446711560686
20080413,2008,3,greenacre_weighted_power_0175,euclidean,geometry_vs_preferred,106,0.8140130476067171,0.8357647455788672,0.3463572659312688,0.8157724989982157
20080413,2008,3,greenacre_weighted_power_0175,greenacre_unweighted_power_0150,geometry_vs_preferred,106,0.4110093613477333,0.49611652480508805,1.0932390768808256,0.4111543299478574
20080413,2008,3,greenacre_weighted_power_0175,greenacre_weighted_lra,geometry_vs_preferred,106,0.4721136830562391,0.6114633411443712,0.8107044153990468,0.4742679700625495
20080413,2008,4,greenacre_weighted_power_0175,aitchison,geometry_vs_preferred,106,0.8791583322886974,0.8764942659494072,0.33976997632630246,0.8791665853336876
20080413,2008,4,greenacre_weighted_power_0175,alpha_0150,geometry_vs_preferred,106,0.901666488234383,0.8926404576057516,0.29554645994032747,0.90166816425706
20080413,2008,4,greenacre_weighted_power_0175,euclidean,geometry_vs_preferred,106,0.4509996730449552,0.6053575816641167,1.0518700057567973,0.45361581941372175
20080413,2008,4,greenacre_weighted_power_0175,greenacre_unweighted_power_0150,geometry_vs_preferred,106,0.831126072417718,0.8279857685456785,0.47376517662585726,0.831126072417718
20080413,2008,4,greenacre_weighted_power_0175,greenacre_weighted_lra,geometry_vs_preferred,106,0.9139059323685848,0.9051082761452351,0.25993522899753163,0.9140414433628185
20080413,2008,5,greenacre_weighted_power_0175,aitchison,geometry_vs_preferred,106,0.847104297257606,0.8583351514292857,0.4434424481585326,0.847114311481499
20080413,2008,5,greenacre_weighted_power_0175,alpha_0150,geometry_vs_preferred,106,0.907092936352928,0.9216335731124397,0.24596478064210636,0.9071905531752227
20080413,2008,5,greenacre_weighted_power_0175,euclidean,geometry_vs_preferred,106,0.5045790332290135,0.6204261055112958,1.179286074016293,0.5047362443737671
20080413,2008,5,greenacre_weighted_power_0175,greenacre_unweighted_power_0150,geometry_vs_preferred,106,0.907092936352928,0.9216335731124397,0.24596478064210636,0.9071905531752227
20080413,2008,5,greenacre_weighted_power_0175,greenacre_weighted_lra,geometry_vs_preferred,106,0.9214136106894127,0.9057574156640491,0.2935760544717487,0.921495915047563
20080413,2008,6,greenacre_weighted_power_0175,aitchison,geometry_vs_preferred,106,0.8089716392395938,0.8531600765009112,0.517123983966731,0.8091002496454262
20080413,2008,6,greenacre_weighted_power_0175,alpha_0150,geometry_vs_preferred,106,0.87722981148075,0.9086735197741622,0.32197127536947345,0.8774888869702029
20080413,2008,6,greenacre_weighted_power_0175,euclidean,geometry_vs_preferred,106,0.6313019372470562,0.7151929700815381,0.9850986525975163,0.6322867022163945
20080413,2008,6,greenacre_weighted_power_0175,greenacre_unweighted_power_0150,geometry_vs_preferred,106,0.87722981148075,0.9086735197741622,0.32197127536947345,0.8774888869702029
20080413,2008,6,greenacre_weighted_power_0175,greenacre_weighted_lra,geometry_vs_preferred,106,0.8580161743526734,0.8897867393475527,0.38539731390846255,0.8581286622056093
20080413,2008,7,greenacre_weighted_power_0175,aitchison,geometry_vs_preferred,106,0.8225688433745075,0.8674379064677644,0.5109286713127257,0.8226136497349406
20080413,2008,7,greenacre_weighted_power_0175,alpha_0150,geometry_vs_preferred,106,0.8631383680382423,0.8968621597995187,0.39858533193324774,0.8631393442225168
20080413,2008,7,greenacre_weighted_power_0175,euclidean,geometry_vs_preferred,106,0.4663546034477518,0.6334552129483624,1.402860805222693,0.4667437283240923
20080413,2008,7,greenacre_weighted_power_0175,greenacre_unweighted_power_0150,geometry_vs_preferred,106,0.8427493197681296,0.8791529225052329,0.46705581329214274,0.8427514666348177
20080413,2008,7,greenacre_weighted_power_0175,greenacre_weighted_lra,geometry_vs_preferred,106,0.8909207635989583,0.916091248732787,0.3236898498641989,0.8909456295877297
20080413,2008,8,greenacre_weighted_power_0175,aitchison,geometry_vs_preferred,106,0.658582313207717,0.7881812253797778,0.8685684768364963,0.6586203475859157
20080413,2008,8,greenacre_weighted_power_0175,alpha_0150,geometry_vs_preferred,106,0.7289271774974698,0.8348233570178379,0.6800685588075792,0.728958239838839
20080413,2008,8,greenacre_weighted_power_0175,euclidean,geometry_vs_preferred,106,0.5113464772030151,0.6590674917832121,1.3984210486620645,0.5113640162366622
20080413,2008,8,greenacre_weighted_power_0175,greenacre_unweighted_power_0150,geometry_vs_preferred,106,0.705892421198663,0.8177612010686246,0.749499509361403,0.7058963635856194
20080413,2008,8,greenacre_weighted_power_0175,greenacre_weighted_lra,geometry_vs_preferred,106,0.89018885745048,0.923221884025288,0.31466226835541455,0.8902571344107589
20130224,2013,2,greenacre_weighted_power_0175,aitchison,geometry_vs_preferred,106,0.03918214177312988,0.05846283650320775,0.6853563299527479,0.09360262596437639
20130224,2013,2,greenacre_weighted_power_0175,alpha_0150,geometry_vs_preferred,106,0.03918214177312988,0.05846283650320775,0.6853563299527479,0.09360262596437639
20130224,2013,2,greenacre_weighted_power_0175,euclidean,geometry_vs_preferred,106,0.10005398104513674,0.22695007626032718,0.9948046656619832,0.10011834961222321
20130224,2013,2,greenacre_weighted_power_0175,greenacre_unweighted_power_0150,geometry_vs_preferred,106,0.03918214177312988,0.05846283650320775,0.6853563299527479,0.09360262596437639
20130224,2013,2,greenacre_weighted_power_0175,greenacre_weighted_lra,geometry_vs_preferred,106,0.7833885836247219,0.7272359520131112,0.35503073281818354,0.7850479052549633
20130224,2013,3,greenacre_weighted_power_0175,aitchison,geometry_vs_preferred,106,0.3784980148612378,0.4545976023486154,1.0117182480742624,0.4005462399917412
20130224,2013,3,greenacre_weighted_power_0175,alpha_0150,geometry_vs_preferred,106,0.47085894431684444,0.5816605735687346,0.8593097484539425,0.48055816171677346
20130224,2013,3,greenacre_weighted_power_0175,euclidean,geometry_vs_preferred,106,0.5783033568174742,0.6566639117396346,0.7276602451627279,0.5811659050606071
20130224,2013,3,greenacre_weighted_power_0175,greenacre_unweighted_power_0150,geometry_vs_preferred,106,0.4746821719530095,0.5835631128832938,0.8605067328548133,0.4829516577089491
20130224,2013,3,greenacre_weighted_power_0175,greenacre_weighted_lra,geometry_vs_preferred,106,0.8105168190418324,0.801807538396304,0.43474299710780206,0.8105185013626706
20130224,2013,4,greenacre_weighted_power_0175,aitchison,geometry_vs_preferred,106,0.7298079420334979,0.7682190821621933,0.6339777096186876,0.7302027702047384
20130224,2013,4,greenacre_weighted_power_0175,alpha_0150,geometry_vs_preferred,106,0.6288298950277212,0.6970137921508257,0.770789492605408,0.6395187121024817
20130224,2013,4,greenacre_weighted_power_0175,euclidean,geometry_vs_preferred,106,0.5057599865719965,0.5991384891260924,1.0851050231605999,0.5067915930219684
20130224,2013,4,greenacre_weighted_power_0175,greenacre_unweighted_power_0150,geometry_vs_preferred,106,0.7107327855733081,0.750270170771197,0.6838652545648181,0.7110442427290016
20130224,2013,4,greenacre_weighted_power_0175,greenacre_weighted_lra,geometry_vs_preferred,106,1,1,0,1
20130224,2013,5,greenacre_weighted_power_0175,aitchison,geometry_vs_preferred,106,0.7608190765572362,0.8122411717426562,0.5397268961538995,0.7612672483508188
20130224,2013,5,greenacre_weighted_power_0175,alpha_0150,geometry_vs_preferred,106,0.755085446071464,0.7883491288196671,0.6430322420039056,0.7588785396276317
20130224,2013,5,greenacre_weighted_power_0175,euclidean,geometry_vs_preferred,106,0.42257649004665443,0.55307783880546,1.3520058898497058,0.4241724614967286
20130224,2013,5,greenacre_weighted_power_0175,greenacre_unweighted_power_0150,geometry_vs_preferred,106,0.6872984203942085,0.7330287781981262,0.8131351596625711,0.6914845479343417
20130224,2013,5,greenacre_weighted_power_0175,greenacre_weighted_lra,geometry_vs_preferred,106,0.8360422293150013,0.8617660180814087,0.4178084164296161,0.8387764335155782
20130224,2013,6,greenacre_weighted_power_0175,aitchison,geometry_vs_preferred,106,0.6833655071106939,0.7583944376127779,0.8299994764644292,0.686173722052433
20130224,2013,6,greenacre_weighted_power_0175,alpha_0150,geometry_vs_preferred,106,0.6605494566716955,0.7487250146942954,0.862131772191479,0.6629235812116671
20130224,2013,6,greenacre_weighted_power_0175,euclidean,geometry_vs_preferred,106,0.4499383777000511,0.5920425274014777,1.388765716655056,0.45074439644490405
20130224,2013,6,greenacre_weighted_power_0175,greenacre_unweighted_power_0150,geometry_vs_preferred,106,0.6354092149837699,0.7272386321483331,0.9370305479712684,0.63802035884905
20130224,2013,6,greenacre_weighted_power_0175,greenacre_weighted_lra,geometry_vs_preferred,106,0.6585135367320389,0.75918111439737,0.7920619201518533,0.6589508287723218
20130224,2013,7,greenacre_weighted_power_0175,aitchison,geometry_vs_preferred,106,0.6197098549274638,0.7441608951239186,0.9594449546348414,0.6209722553782232
20130224,2013,7,greenacre_weighted_power_0175,alpha_0150,geometry_vs_preferred,106,0.6517412935323383,0.7667022897494408,0.87361810001535245,0.6533923327474304
20130224,2013,7,greenacre_weighted_power_0175,euclidean,geometry_vs_preferred,106,0.4946484784889822,0.6218728027480739,1.4494879692743239,0.4946490122386956
20130224,2013,7,greenacre_weighted_power_0175,greenacre_unweighted_power_0150,geometry_vs_preferred,106,0.6430278884462152,0.7629628821303774,0.8879099141803772,0.6445964997720146
20130224,2013,7,greenacre_weighted_power_0175,greenacre_weighted_lra,geometry_vs_preferred,106,0.7870904645476773,0.8570317030654272,0.5320006380737623,0.7905752982738863
20130224,2013,8,greenacre_weighted_power_0175,aitchison,geometry_vs_preferred,106,0.5555633624258051,0.7145915017544182,1.1563454063222771,0.5559002697414641
20130224,2013,8,greenacre_weighted_power_0175,alpha_0150,geometry_vs_preferred,106,0.6327291254097888,0.7806433034303741,0.8871172494633162,0.6333481255264762
20130224,2013,8,greenacre_weighted_power_0175,euclidean,geometry_vs_preferred,106,0.4598020639381517,0.625587680023856,1.5277799808268382,0.45993990180554595
20130224,2013,8,greenacre_weighted_power_0175,greenacre_unweighted_power_0150,geometry_vs_preferred,106,0.6226282373731189,0.7771765651678436,0.9014090636283414,0.6231951766330138
20130224,2013,8,greenacre_weighted_power_0175,greenacre_weighted_lra,geometry_vs_preferred,106,0.8888784578795844,0.9231812347648228,0.31520026761512865,0.8888833480373997
20180304,2018,2,greenacre_weighted_power_0175,aitchison,geometry_vs_preferred,106,-0.06549007093939484,0.15523170211953413,0.9551712455353409,-0.06595389582489435
20180304,2018,2,greenacre_weighted_power_0175,alpha_0150,geometry_vs_preferred,106,-0.06549007093939484,0.15523170211953413,0.9551712455353409,-0.06595389582489435
20180304,2018,2,greenacre_weighted_power_0175,euclidean,geometry_vs_preferred,106,0.6517658101607415,0.609564412585456,0.49137807304555614,0.6573952528090043
20180304,2018,2,greenacre_weighted_power_0175,greenacre_unweighted_power_0150,geometry_vs_preferred,106,-0.05436238885956716,0.16738835612687888,0.9598974778720181,-0.05451721508717329
20180304,2018,2,greenacre_weighted_power_0175,greenacre_weighted_lra,geometry_vs_preferred,106,0.7806291390728477,0.716113630255893,0.35104446813325163,0.7836519396433613
20180304,2018,3,greenacre_weighted_power_0175,aitchison,geometry_vs_preferred,106,0.908037443937324,0.8862978660778565,0.2377288492434828,0.9080675919962341
20180304,2018,3,greenacre_weighted_power_0175,alpha_0150,geometry_vs_preferred,106,0.9377926970973838,0.9281460500839346,0.15055246992748783,0.9379061246077702
20180304,2018,3,greenacre_weighted_power_0175,euclidean,geometry_vs_preferred,106,0.5298368600977973,0.5735986551093164,0.9112760389985624,0.5315183774930764
20180304,2018,3,greenacre_weighted_power_0175,greenacre_unweighted_power_0150,geometry_vs_preferred,106,0.3975542809743205,0.5523107109148325,0.7871451412588661,0.4432020228159182
20180304,2018,3,greenacre_weighted_power_0175,greenacre_weighted_lra,geometry_vs_preferred,106,0.8632933012922869,0.8226279920930101,0.36357650787964046,0.8640188830348369
20180304,2018,4,greenacre_weighted_power_0175,aitchison,geometry_vs_preferred,106,0.8879639992288129,0.8563208295040884,0.33940487643334194,0.8880826642393953
20180304,2018,4,greenacre_weighted_power_0175,alpha_0150,geometry_vs_preferred,106,0.9184748185815885,0.8934258221261502,0.25222849711734696,0.9187389683855578
20180304,2018,4,greenacre_weighted_power_0175,euclidean,geometry_vs_preferred,106,0.4158872325309138,0.5718365775967793,1.0714267494056218,0.4232538038481774
20180304,2018,4,greenacre_weighted_power_0175,greenacre_unweighted_power_0150,geometry_vs_preferred,106,0.8592686565574378,0.8251862041093898,0.4184158296657714,0.8605070857417138
20180304,2018,4,greenacre_weighted_power_0175,greenacre_weighted_lra,geometry_vs_preferred,106,0.9405229933663406,0.9261894448722284,0.17157426718555513,0.9407770694062054
20180304,2018,5,greenacre_weighted_power_0175,aitchison,geometry_vs_preferred,106,0.5700584637739492,0.6867786401535854,0.9106230271336146,0.5727486226505083
20180304,2018,5,greenacre_weighted_power_0175,alpha_0150,geometry_vs_preferred,106,0.7960075878579179,0.8187561510621452,0.5419016419353797,0.7960079858324031
20180304,2018,5,greenacre_weighted_power_0175,euclidean,geometry_vs_preferred,106,0.6310284186987636,0.7357987984347344,0.8044232575973154,0.6318632852828383
20180304,2018,5,greenacre_weighted_power_0175,greenacre_unweighted_power_0150,geometry_vs_preferred,106,0.6208766259954247,0.7260126736769301,0.7641682397249512,0.6337180796708481
20180304,2018,5,greenacre_weighted_power_0175,greenacre_weighted_lra,geometry_vs_preferred,106,0.9820006695168751,0.9752141766169706,0.07389027981219565,0.9820011604810527
20180304,2018,6,greenacre_weighted_power_0175,aitchison,geometry_vs_preferred,106,0.6429040223631368,0.6919773251591296,1.0427139846833509,0.6438262937055091
20180304,2018,6,greenacre_weighted_power_0175,alpha_0150,geometry_vs_preferred,106,0.874198634695667,0.8729229089243008,0.43721221930729426,0.8742216599171893
20180304,2018,6,greenacre_weighted_power_0175,euclidean,geometry_vs_preferred,106,0.4332728694849951,0.6066237616394459,1.3671646597337568,0.43375474887751375
20180304,2018,6,greenacre_weighted_power_0175,greenacre_unweighted_power_0150,geometry_vs_preferred,106,0.6582602869591332,0.7072624247054246,0.9734705771765104,0.6610870515453845
20180304,2018,6,greenacre_weighted_power_0175,greenacre_weighted_lra,geometry_vs_preferred,106,0.959740241931069,0.9576406026432076,0.14508652600457816,0.9597445736410772
20180304,2018,7,greenacre_weighted_power_0175,aitchison,geometry_vs_preferred,106,0.4518393322658562,0.6233833741345651,1.4203438602832539,0.4520543981933824
20180304,2018,7,greenacre_weighted_power_0175,alpha_0150,geometry_vs_preferred,106,0.6510795690465263,0.7490066811980339,0.9560887621483625,0.6511478172256676
20180304,2018,7,greenacre_weighted_power_0175,euclidean,geometry_vs_preferred,106,0.5868635019107602,0.7231833309322273,1.055353116104547,0.5869189633045285
20180304,2018,7,greenacre_weighted_power_0175,greenacre_unweighted_power_0150,geometry_vs_preferred,106,0.6276603018354117,0.7417560745273584,0.9593916435792083,0.6293570524356263
20180304,2018,7,greenacre_weighted_power_0175,greenacre_weighted_lra,geometry_vs_preferred,106,0.9094072604167455,0.931195657183012,0.26043693621159303,0.9094260019971292
20180304,2018,8,greenacre_weighted_power_0175,aitchison,geometry_vs_preferred,106,0.4780281912375743,0.6561392495897513,1.4014374506142975,0.4781521086856621
20180304,2018,8,greenacre_weighted_power_0175,alpha_0150,geometry_vs_preferred,106,0.5673821570278218,0.7258002083189009,1.1036970129727366,0.5675836990284747
20180304,2018,8,greenacre_weighted_power_0175,euclidean,geometry_vs_preferred,106,0.6146137919842688,0.7701340661458822,0.942087988424861,0.6152739808153209
20180304,2018,8,greenacre_weighted_power_0175,greenacre_unweighted_power_0150,geometry_vs_preferred,106,0.5073215922684459,0.7077172175944771,1.174745222948514,0.5075123403107895
20180304,2018,8,greenacre_weighted_power_0175,greenacre_weighted_lra,geometry_vs_preferred,106,0.9728480099877306,0.98203604944922,0.07283826655802406,0.9728492508435385
20220925,2022,2,greenacre_weighted_power_0175,aitchison,geometry_vs_preferred,106,0.33643355392595237,0.3966622750864284,0.7588508429798421,0.3462987131368915
20220925,2022,2,greenacre_weighted_power_0175,alpha_0150,geometry_vs_preferred,106,0.29344821980165825,0.365416721704211,0.7846903244425705,0.30528223022294537
20220925,2022,2,greenacre_weighted_power_0175,euclidean,geometry_vs_preferred,106,0.5656532791052364,0.5609714022106846,0.5843827755272317,0.5683936744595851
20220925,2022,2,greenacre_weighted_power_0175,greenacre_unweighted_power_0150,geometry_vs_preferred,106,0.29344821980165825,0.365416721704211,0.7846903244425705,0.30528223022294537
20220925,2022,2,greenacre_weighted_power_0175,greenacre_weighted_lra,geometry_vs_preferred,106,0.7509753111028846,0.7077222817876998,0.3980087134074952,0.7515104377945773
20220925,2022,3,greenacre_weighted_power_0175,aitchison,geometry_vs_preferred,106,0.48987024132687806,0.5867546278592488,0.7191322669132771,0.5295975820824919
20220925,2022,3,greenacre_weighted_power_0175,alpha_0150,geometry_vs_preferred,106,0.4793863322480629,0.6368030130128454,0.6230986698941405,0.5276254149924263
20220925,2022,3,greenacre_weighted_power_0175,euclidean,geometry_vs_preferred,106,0.4292123435591546,0.42495646825421746,1.1639783408436628,0.42927758988972575
20220925,2022,3,greenacre_weighted_power_0175,greenacre_unweighted_power_0150,geometry_vs_preferred,106,0.48167810953217305,0.6385229298950037,0.61847756795651,0.5306508520081592
20220925,2022,3,greenacre_weighted_power_0175,greenacre_weighted_lra,geometry_vs_preferred,106,0.7634813880938138,0.7352807828262481,0.5136379746094779,0.768187614042975
20220925,2022,4,greenacre_weighted_power_0175,aitchison,geometry_vs_preferred,106,0.3502892368883189,0.4707239657673117,1.3499923537085785,0.35643544238886976
20220925,2022,4,greenacre_weighted_power_0175,alpha_0150,geometry_vs_preferred,106,0.5090801919892216,0.6733231958581208,0.8226451156604722,0.5236032665309355
20220925,2022,4,greenacre_weighted_power_0175,euclidean,geometry_vs_preferred,106,0.43523692561991145,0.5656063919378733,1.1652745949808532,0.4352969821690761
20220925,2022,4,greenacre_weighted_power_0175,greenacre_unweighted_power_0150,geometry_vs_preferred,106,0.17190241765630213,0.38201629605933807,1.3411990373450973,0.21023432414920665
20220925,2022,4,greenacre_weighted_power_0175,greenacre_weighted_lra,geometry_vs_preferred,106,0.882886590610636,0.8745989694632816,0.33390413238802363,0.8836805043351402
20220925,2022,5,greenacre_weighted_power_0175,aitchison,geometry_vs_preferred,106,0.534970911945092,0.6777453978520029,0.985316640734279,0.5355362116940311
20220925,2022,5,greenacre_weighted_power_0175,alpha_0150,geometry_vs_preferred,106,0.8828508045718327,0.8649454872080401,0.4189151272749396,0.8828828491227999
20220925,2022,5,greenacre_weighted_power_0175,euclidean,geometry_vs_preferred,106,0.5116617472665344,0.6637644915645958,1.0172037983437394,0.5132843086483575
20220925,2022,5,greenacre_weighted_power_0175,greenacre_unweighted_power_0150,geometry_vs_preferred,106,0.8766099445266569,0.8600324066170353,0.433760299278922,0.8766277985667861
20220925,2022,5,greenacre_weighted_power_0175,greenacre_weighted_lra,geometry_vs_preferred,106,1,1,0,1
20220925,2022,6,greenacre_weighted_power_0175,aitchison,geometry_vs_preferred,106,0.40091459483620673,0.5902286700047834,1.3843503894743734,0.40673467564653737
20220925,2022,6,greenacre_weighted_power_0175,alpha_0150,geometry_vs_preferred,106,0.6741147448734468,0.7638809233576542,0.7953006208247162,0.6802799394013881
20220925,2022,6,greenacre_weighted_power_0175,euclidean,geometry_vs_preferred,106,0.4423319625270095,0.6011023719944324,1.365108181213416,0.44563001971491173
20220925,2022,6,greenacre_weighted_power_0175,greenacre_unweighted_power_0150,geometry_vs_preferred,106,0.6687874169144624,0.7596551310645714,0.8085825518968695,0.6751016943452137
20220925,2022,6,greenacre_weighted_power_0175,greenacre_weighted_lra,geometry_vs_preferred,106,0.8905460629787344,0.9369897833528181,0.22234762109673456,0.8905645218366736
20220925,2022,7,greenacre_weighted_power_0175,aitchison,geometry_vs_preferred,106,0.5338217065462973,0.6994965049904104,1.1229304826911726,0.5354121541435419
20220925,2022,7,greenacre_weighted_power_0175,alpha_0150,geometry_vs_preferred,106,0.6309664335918134,0.7768534449252293,0.8044388610759223,0.641536264338814
20220925,2022,7,greenacre_weighted_power_0175,euclidean,geometry_vs_preferred,106,0.43641945583336245,0.6385623546582339,1.3680211575434051,0.4365043834501752
20220925,2022,7,greenacre_weighted_power_0175,greenacre_unweighted_power_0150,geometry_vs_preferred,106,0.6329978107185776,0.7761548257363209,0.8063031415525117,0.643667173276563
20220925,2022,7,greenacre_weighted_power_0175,greenacre_weighted_lra,geometry_vs_preferred,106,0.8315466561054687,0.885398105419208,0.43351710405346067,0.8316972701964845
20220925,2022,8,greenacre_weighted_power_0175,aitchison,geometry_vs_preferred,106,0.5895845639313939,0.7436949664271714,1.03028411359527,0.5897987946821358
20220925,2022,8,greenacre_weighted_power_0175,alpha_0150,geometry_vs_preferred,106,0.7032430227955684,0.8146831810839437,0.7180990290288469,0.7073249765620053
20220925,2022,8,greenacre_weighted_power_0175,euclidean,geometry_vs_preferred,106,0.46503839519704276,0.6571622855083273,1.381052042155492,0.4654654797863898
20220925,2022,8,greenacre_weighted_power_0175,greenacre_unweighted_power_0150,geometry_vs_preferred,106,0.6765644949314096,0.7856660630295494,0.8297713925684906,0.6806350506082237
20220925,2022,8,greenacre_weighted_power_0175,greenacre_weighted_lra,geometry_vs_preferred,106,0.8707103628357428,0.9218257329081616,0.31392748694034056,0.8710085805899875
