Anno evento;Sigla Provincia/Uts;Codice Provincia/Uts;Codice Comune;Comune;Comune (dizione straniera);Tipo variazione;Data evento;Nuovo codice Comune;Comune associato;Codice Provincia/Uts associato;Sigla provincia/uts associata
2026;SS;090;090001;Aggius;;AP;01/01/2026;113001;Aggius;113;OT
2026;SS;090;090002;Alà dei Sardi;;AP;01/01/2026;113003;Alà dei Sardi;113;OT
2026;SS;090;090003;Alghero;;RN;01/01/2026;112001;Alghero;312;SS
2026;SS;090;090004;Anela;;RN;01/01/2026;112002;Anela;312;SS
2026;SS;090;090005;Ardara;;RN;01/01/2026;112003;Ardara;312;SS
2026;SS;090;090006;Arzachena;;AP;01/01/2026;113004;Arzachena;113;OT
2026;SS;090;090007;Banari;;RN;01/01/2026;112004;Banari;312;SS
2026;SS;090;090008;Benetutti;;RN;01/01/2026;112005;Benetutti;312;SS
2026;SS;090;090009;Berchidda;;AP;01/01/2026;113006;Berchidda;113;OT
2026;SS;090;090010;Bessude;;RN;01/01/2026;112006;Bessude;312;SS
2026;SS;090;090011;Bonnanaro;;RN;01/01/2026;112007;Bonnanaro;312;SS
2026;SS;090;090012;Bono;;RN;01/01/2026;112008;Bono;312;SS
2026;SS;090;090013;Bonorva;;RN;01/01/2026;112009;Bonorva;312;SS
2026;SS;090;090014;Bortigiadas;;AP;01/01/2026;113007;Bortigiadas;113;OT
2026;SS;090;090015;Borutta;;RN;01/01/2026;112010;Borutta;312;SS
2026;SS;090;090016;Bottidda;;RN;01/01/2026;112011;Bottidda;312;SS
2026;SS;090;090017;Buddusò;;AP;01/01/2026;113008;Buddusò;113;OT
2026;SS;090;090018;Bultei;;RN;01/01/2026;112012;Bultei;312;SS
2026;SS;090;090019;Bulzi;;RN;01/01/2026;112013;Bulzi;312;SS
2026;SS;090;090020;Burgos;;RN;01/01/2026;112014;Burgos;312;SS
2026;SS;090;090021;Calangianus;;AP;01/01/2026;113010;Calangianus;113;OT
2026;SS;090;090022;Cargeghe;;RN;01/01/2026;112015;Cargeghe;312;SS
2026;SS;090;090023;Castelsardo;;RN;01/01/2026;112016;Castelsardo;312;SS
2026;SS;090;090024;Cheremule;;RN;01/01/2026;112017;Cheremule;312;SS
2026;SS;090;090025;Chiaramonti;;RN;01/01/2026;112018;Chiaramonti;312;SS
2026;SS;090;090026;Codrongianos;;RN;01/01/2026;112019;Codrongianos;312;SS
2026;SS;090;090027;Cossoine;;RN;01/01/2026;112020;Cossoine;312;SS
2026;SS;090;090028;Esporlatu;;RN;01/01/2026;112022;Esporlatu;312;SS
2026;SS;090;090029;Florinas;;RN;01/01/2026;112023;Florinas;312;SS
2026;SS;090;090030;Giave;;RN;01/01/2026;112024;Giave;312;SS
2026;SS;090;090031;Illorai;;RN;01/01/2026;112025;Illorai;312;SS
2026;SS;090;090032;Ittireddu;;RN;01/01/2026;112026;Ittireddu;312;SS
2026;SS;090;090033;Ittiri;;RN;01/01/2026;112027;Ittiri;312;SS
2026;SS;090;090034;Laerru;;RN;01/01/2026;112028;Laerru;312;SS
2026;SS;090;090035;La Maddalena;;AP;01/01/2026;113012;La Maddalena;113;OT
2026;SS;090;090036;Luogosanto;;AP;01/01/2026;113014;Luogosanto;113;OT
2026;SS;090;090037;Luras;;AP;01/01/2026;113015;Luras;113;OT
2026;SS;090;090038;Mara;;RN;01/01/2026;112029;Mara;312;SS
2026;SS;090;090039;Martis;;RN;01/01/2026;112030;Martis;312;SS
2026;SS;090;090040;Monteleone Rocca Doria;;RN;01/01/2026;112031;Monteleone Rocca Doria;312;SS
2026;SS;090;090041;Monti;;AP;01/01/2026;113016;Monti;113;OT
2026;SS;090;090042;Mores;;RN;01/01/2026;112032;Mores;312;SS
2026;SS;090;090043;Muros;;RN;01/01/2026;112033;Muros;312;SS
2026;SS;090;090044;Nughedu San Nicolò;;RN;01/01/2026;112034;Nughedu San Nicolò;312;SS
2026;SS;090;090045;Nule;;RN;01/01/2026;112035;Nule;312;SS
2026;SS;090;090046;Nulvi;;RN;01/01/2026;112036;Nulvi;312;SS
2026;SS;090;090047;Olbia;;AP;01/01/2026;113017;Olbia;113;OT
2026;SS;090;090048;Olmedo;;RN;01/01/2026;112037;Olmedo;312;SS
2026;SS;090;090049;Oschiri;;AP;01/01/2026;113018;Oschiri;113;OT
2026;SS;090;090050;Osilo;;RN;01/01/2026;112038;Osilo;312;SS
2026;SS;090;090051;Ossi;;RN;01/01/2026;112039;Ossi;312;SS
2026;SS;090;090052;Ozieri;;RN;01/01/2026;112040;Ozieri;312;SS
2026;SS;090;090053;Padria;;RN;01/01/2026;112041;Padria;312;SS
2026;SS;090;090054;Palau;;AP;01/01/2026;113020;Palau;113;OT
2026;SS;090;090055;Pattada;;RN;01/01/2026;112042;Pattada;312;SS
2026;SS;090;090056;Perfugas;;RN;01/01/2026;112043;Perfugas;312;SS
2026;SS;090;090057;Ploaghe;;RN;01/01/2026;112044;Ploaghe;312;SS
2026;SS;090;090058;Porto Torres;;RN;01/01/2026;112045;Porto Torres;312;SS
2026;SS;090;090059;Pozzomaggiore;;RN;01/01/2026;112046;Pozzomaggiore;312;SS
2026;SS;090;090060;Putifigari;;RN;01/01/2026;112047;Putifigari;312;SS
2026;SS;090;090061;Romana;;RN;01/01/2026;112048;Romana;312;SS
2026;SS;090;090062;Aglientu;;AP;01/01/2026;113002;Aglientu;113;OT
2026;SS;090;090063;Santa Teresa Gallura;;AP;01/01/2026;113022;Santa Teresa Gallura;113;OT
2026;SS;090;090064;Sassari;;RN;01/01/2026;112050;Sassari;312;SS
2026;SS;090;090065;Sedini;;RN;01/01/2026;112051;Sedini;312;SS
2026;SS;090;090066;Semestene;;RN;01/01/2026;112052;Semestene;312;SS
2026;SS;090;090067;Sennori;;RN;01/01/2026;112053;Sennori;312;SS
2026;SS;090;090068;Siligo;;RN;01/01/2026;112054;Siligo;312;SS
2026;SS;090;090069;Sorso;;RN;01/01/2026;112055;Sorso;312;SS
2026;SS;090;090070;Tempio Pausania;;AP;01/01/2026;113025;Tempio Pausania;113;OT
2026;SS;090;090071;Thiesi;;RN;01/01/2026;112058;Thiesi;312;SS
2026;SS;090;090072;Tissi;;RN;01/01/2026;112059;Tissi;312;SS
2026;SS;090;090073;Torralba;;RN;01/01/2026;112060;Torralba;312;SS
2026;SS;090;090074;Trinità d'Agultu e Vignola;;AP;01/01/2026;113026;Trinità d'Agultu e Vignola;113;OT
2026;SS;090;090075;Tula;;RN;01/01/2026;112061;Tula;312;SS
2026;SS;090;090076;Uri;;RN;01/01/2026;112062;Uri;312;SS
2026;SS;090;090077;Usini;;RN;01/01/2026;112063;Usini;312;SS
2026;SS;090;090078;Villanova Monteleone;;RN;01/01/2026;112066;Villanova Monteleone;312;SS
2026;SS;090;090079;Valledoria;;RN;01/01/2026;112064;Valledoria;312;SS
2026;SS;090;090080;Telti;;AP;01/01/2026;113024;Telti;113;OT
2026;SS;090;090081;Badesi;;AP;01/01/2026;113005;Badesi;113;OT
2026;SS;090;090082;Viddalba;;RN;01/01/2026;112065;Viddalba;312;SS
2026;SS;090;090083;Golfo Aranci;;AP;01/01/2026;113011;Golfo Aranci;113;OT
2026;SS;090;090084;Loiri Porto San Paolo;;AP;01/01/2026;113013;Loiri Porto San Paolo;113;OT
2026;SS;090;090085;Sant'Antonio di Gallura;;AP;01/01/2026;113023;Sant'Antonio di Gallura;113;OT
2026;SS;090;090086;Tergu;;RN;01/01/2026;112057;Tergu;312;SS
2026;SS;090;090087;Santa Maria Coghinas;;RN;01/01/2026;112049;Santa Maria Coghinas;312;SS
2026;SS;090;090088;Erula;;RN;01/01/2026;112021;Erula;312;SS
2026;SS;090;090089;Stintino;;RN;01/01/2026;112056;Stintino;312;SS
2026;SS;090;090090;Padru;;AP;01/01/2026;113019;Padru;113;OT
2026;SS;090;090091;Budoni;;AP;01/01/2026;113009;Budoni;113;OT
2026;SS;090;090092;San Teodoro;;AP;01/01/2026;113021;San Teodoro;113;OT
2026;NU;091;091001;Aritzo;;RN;01/01/2026;114001;Aritzo;114;NU
2026;NU;091;091002;Arzana;;AP;01/01/2026;116001;Arzana;116;OG
2026;NU;091;091003;Atzara;;RN;01/01/2026;114002;Atzara;114;NU
2026;NU;091;091004;Austis;;RN;01/01/2026;114003;Austis;114;NU
2026;NU;091;091005;Bari Sardo;;AP;01/01/2026;116002;Bari Sardo;116;OG
2026;NU;091;091006;Baunei;;AP;01/01/2026;116003;Baunei;116;OG
2026;NU;091;091007;Belvì;;RN;01/01/2026;114004;Belvì;114;NU
2026;NU;091;091008;Birori;;RN;01/01/2026;114005;Birori;114;NU
2026;NU;091;091009;Bitti;;RN;01/01/2026;114006;Bitti;114;NU
2026;NU;091;091010;Bolotana;;RN;01/01/2026;114007;Bolotana;114;NU
2026;NU;091;091011;Borore;;RN;01/01/2026;114008;Borore;114;NU
2026;NU;091;091012;Bortigali;;RN;01/01/2026;114009;Bortigali;114;NU
2026;NU;091;091016;Desulo;;RN;01/01/2026;114010;Desulo;114;NU
2026;NU;091;091017;Dorgali;;RN;01/01/2026;114011;Dorgali;114;NU
2026;NU;091;091018;Dualchi;;RN;01/01/2026;114012;Dualchi;114;NU
2026;NU;091;091019;Elini;;AP;01/01/2026;116005;Elini;116;OG
2026;NU;091;091024;Fonni;;RN;01/01/2026;114013;Fonni;114;NU
2026;NU;091;091025;Gadoni;;RN;01/01/2026;114014;Gadoni;114;NU
2026;NU;091;091026;Gairo;;AP;01/01/2026;116006;Gairo;116;OG
2026;NU;091;091027;Galtellì;;RN;01/01/2026;114015;Galtellì;114;NU
2026;NU;091;091028;Gavoi;;RN;01/01/2026;114016;Gavoi;114;NU
2026;NU;091;091031;Girasole;;AP;01/01/2026;116007;Girasole;116;OG
2026;NU;091;091032;Ilbono;;AP;01/01/2026;116008;Ilbono;116;OG
2026;NU;091;091033;Irgoli;;RN;01/01/2026;114017;Irgoli;114;NU
2026;NU;091;091035;Jerzu;;AP;01/01/2026;116009;Jerzu;116;OG
2026;NU;091;091037;Lanusei;;AP;01/01/2026;116010;Lanusei;116;OG
2026;NU;091;091038;Lei;;RN;01/01/2026;114018;Lei;114;NU
2026;NU;091;091039;Loceri;;AP;01/01/2026;116011;Loceri;116;OG
2026;NU;091;091040;Loculi;;RN;01/01/2026;114019;Loculi;114;NU
2026;NU;091;091041;Lodè;;RN;01/01/2026;114020;Lodè;114;NU
2026;NU;091;091042;Lotzorai;;AP;01/01/2026;116012;Lotzorai;116;OG
2026;NU;091;091043;Lula;;RN;01/01/2026;114022;Lula;114;NU
2026;NU;091;091044;Macomer;;RN;01/01/2026;114023;Macomer;114;NU
2026;NU;091;091046;Mamoiada;;RN;01/01/2026;114024;Mamoiada;114;NU
2026;NU;091;091047;Meana Sardo;;RN;01/01/2026;114025;Meana Sardo;114;NU
2026;NU;091;091050;Noragugume;;RN;01/01/2026;114026;Noragugume;114;NU
2026;NU;091;091051;Nuoro;;RN;01/01/2026;114027;Nuoro;114;NU
2026;NU;091;091055;Oliena;;RN;01/01/2026;114028;Oliena;114;NU
2026;NU;091;091056;Ollolai;;RN;01/01/2026;114029;Ollolai;114;NU
2026;NU;091;091057;Olzai;;RN;01/01/2026;114030;Olzai;114;NU
2026;NU;091;091058;Onanì;;RN;01/01/2026;114031;Onanì;114;NU
2026;NU;091;091059;Onifai;;RN;01/01/2026;114032;Onifai;114;NU
2026;NU;091;091060;Oniferi;;RN;01/01/2026;114033;Oniferi;114;NU
2026;NU;091;091061;Orani;;RN;01/01/2026;114034;Orani;114;NU
2026;NU;091;091062;Orgosolo;;RN;01/01/2026;114035;Orgosolo;114;NU
2026;NU;091;091063;Orosei;;RN;01/01/2026;114036;Orosei;114;NU
2026;NU;091;091064;Orotelli;;RN;01/01/2026;114037;Orotelli;114;NU
2026;NU;091;091066;Ortueri;;RN;01/01/2026;114038;Ortueri;114;NU
2026;NU;091;091067;Orune;;RN;01/01/2026;114039;Orune;114;NU
2026;NU;091;091068;Osidda;;RN;01/01/2026;114040;Osidda;114;NU
2026;NU;091;091069;Osini;;AP;01/01/2026;116013;Osini;116;OG
2026;NU;091;091070;Ottana;;RN;01/01/2026;114041;Ottana;114;NU
2026;NU;091;091071;Ovodda;;RN;01/01/2026;114042;Ovodda;114;NU
2026;NU;091;091072;Perdasdefogu;;AP;01/01/2026;116014;Perdasdefogu;116;OG
2026;NU;091;091073;Posada;;RN;01/01/2026;114043;Posada;114;NU
2026;NU;091;091077;Sarule;;RN;01/01/2026;114044;Sarule;114;NU
2026;NU;091;091083;Silanus;;RN;01/01/2026;114046;Silanus;114;NU
2026;NU;091;091084;Sindia;;RN;01/01/2026;114047;Sindia;114;NU
2026;NU;091;091085;Siniscola;;RN;01/01/2026;114048;Siniscola;114;NU
2026;NU;091;091086;Sorgono;;RN;01/01/2026;114049;Sorgono;114;NU
2026;NU;091;091088;Talana;;AP;01/01/2026;116015;Talana;116;OG
2026;NU;091;091089;Tertenia;;AP;01/01/2026;116016;Tertenia;116;OG
2026;NU;091;091090;Teti;;RN;01/01/2026;114050;Teti;114;NU
2026;NU;091;091091;Tiana;;RN;01/01/2026;114051;Tiana;114;NU
2026;NU;091;091093;Tonara;;RN;01/01/2026;114052;Tonara;114;NU
2026;NU;091;091094;Torpè;;RN;01/01/2026;114053;Torpè;114;NU
2026;NU;091;091095;Tortolì;;AP;01/01/2026;116017;Tortolì;116;OG
2026;NU;091;091097;Triei;;AP;01/01/2026;116018;Triei;116;OG
2026;NU;091;091098;Ulassai;;AP;01/01/2026;116019;Ulassai;116;OG
2026;NU;091;091099;Urzulei;;AP;01/01/2026;116020;Urzulei;116;OG
2026;NU;091;091100;Ussassai;;AP;01/01/2026;116021;Ussassai;116;OG
2026;NU;091;091101;Villagrande Strisaili;;AP;01/01/2026;116022;Villagrande Strisaili;116;OG
2026;NU;091;091103;Cardedu;;AP;01/01/2026;116004;Cardedu;116;OG
2026;NU;091;091104;Lodine;;RN;01/01/2026;114021;Lodine;114;NU
2026;CA;292;092003;Assemini;;RN;01/01/2026;118002;Assemini;318;CA
2026;CA;292;092009;Cagliari;;RN;01/01/2026;118006;Cagliari;318;CA
2026;CA;292;092011;Capoterra;;RN;01/01/2026;118007;Capoterra;318;CA
2026;CA;292;092015;Decimomannu;;RN;01/01/2026;118009;Decimomannu;318;CA
2026;CA;292;092037;Maracalagonis;;RN;01/01/2026;118026;Maracalagonis;318;CA
2026;CA;292;092050;Pula;;RN;01/01/2026;118037;Pula;318;CA
2026;CA;292;092051;Quartu Sant'Elena;;RN;01/01/2026;118038;Quartu Sant'Elena;318;CA
2026;CA;292;092066;Sarroch;;RN;01/01/2026;118047;Sarroch;318;CA
2026;CA;292;092068;Selargius;;RN;01/01/2026;118048;Selargius;318;CA
2026;CA;292;092074;Sestu;;RN;01/01/2026;118053;Sestu;318;CA
2026;CA;292;092075;Settimo San Pietro;;RN;01/01/2026;118054;Settimo San Pietro;318;CA
2026;CA;292;092080;Sinnai;;RN;01/01/2026;118058;Sinnai;318;CA
2026;CA;292;092090;Uta;;RN;01/01/2026;118064;Uta;318;CA
2026;CA;292;092099;Villa San Pietro;;RN;01/01/2026;118066;Villa San Pietro;318;CA
2026;CA;292;092105;Quartucciu;;RN;01/01/2026;118039;Quartucciu;318;CA
2026;CA;292;092108;Elmas;;RN;01/01/2026;118014;Elmas;318;CA
2026;CA;292;092109;Monserrato;;RN;01/01/2026;118028;Monserrato;318;CA
2026;OR;095;095001;Abbasanta;;RN;01/01/2026;115001;Abbasanta;115;OR
2026;OR;095;095002;Aidomaggiore;;RN;01/01/2026;115002;Aidomaggiore;115;OR
2026;OR;095;095003;Albagiara;;RN;01/01/2026;115003;Albagiara;115;OR
2026;OR;095;095004;Ales;;RN;01/01/2026;115004;Ales;115;OR
2026;OR;095;095005;Allai;;RN;01/01/2026;115005;Allai;115;OR
2026;OR;095;095006;Arborea;;RN;01/01/2026;115006;Arborea;115;OR
2026;OR;095;095007;Ardauli;;RN;01/01/2026;115007;Ardauli;115;OR
2026;OR;095;095008;Assolo;;RN;01/01/2026;115008;Assolo;115;OR
2026;OR;095;095009;Asuni;;RN;01/01/2026;115009;Asuni;115;OR
2026;OR;095;095010;Baradili;;RN;01/01/2026;115010;Baradili;115;OR
2026;OR;095;095011;Baratili San Pietro;;RN;01/01/2026;115011;Baratili San Pietro;115;OR
2026;OR;095;095012;Baressa;;RN;01/01/2026;115012;Baressa;115;OR
2026;OR;095;095013;Bauladu;;RN;01/01/2026;115013;Bauladu;115;OR
2026;OR;095;095014;Bidonì;;RN;01/01/2026;115014;Bidonì;115;OR
2026;OR;095;095015;Bonarcado;;RN;01/01/2026;115015;Bonarcado;115;OR
2026;OR;095;095016;Boroneddu;;RN;01/01/2026;115016;Boroneddu;115;OR
2026;OR;095;095017;Busachi;;RN;01/01/2026;115018;Busachi;115;OR
2026;OR;095;095018;Cabras;;RN;01/01/2026;115019;Cabras;115;OR
2026;OR;095;095019;Cuglieri;;RN;01/01/2026;115020;Cuglieri;115;OR
2026;OR;095;095020;Fordongianus;;RN;01/01/2026;115023;Fordongianus;115;OR
2026;OR;095;095021;Ghilarza;;RN;01/01/2026;115024;Ghilarza;115;OR
2026;OR;095;095022;Gonnoscodina;;RN;01/01/2026;115025;Gonnoscodina;115;OR
2026;OR;095;095023;Gonnosnò;;RN;01/01/2026;115026;Gonnosnò;115;OR
2026;OR;095;095024;Gonnostramatza;;RN;01/01/2026;115027;Gonnostramatza;115;OR
2026;OR;095;095025;Marrubiu;;RN;01/01/2026;115030;Marrubiu;115;OR
2026;OR;095;095026;Masullas;;RN;01/01/2026;115031;Masullas;115;OR
2026;OR;095;095027;Milis;;RN;01/01/2026;115032;Milis;115;OR
2026;OR;095;095028;Mogorella;;RN;01/01/2026;115034;Mogorella;115;OR
2026;OR;095;095029;Mogoro;;RN;01/01/2026;115035;Mogoro;115;OR
2026;OR;095;095030;Morgongiori;;RN;01/01/2026;115037;Morgongiori;115;OR
2026;OR;095;095031;Narbolia;;RN;01/01/2026;115038;Narbolia;115;OR
2026;OR;095;095032;Neoneli;;RN;01/01/2026;115039;Neoneli;115;OR
2026;OR;095;095033;Norbello;;RN;01/01/2026;115040;Norbello;115;OR
2026;OR;095;095034;Nughedu Santa Vittoria;;RN;01/01/2026;115041;Nughedu Santa Vittoria;115;OR
2026;OR;095;095035;Nurachi;;RN;01/01/2026;115042;Nurachi;115;OR
2026;OR;095;095036;Nureci;;RN;01/01/2026;115043;Nureci;115;OR
2026;OR;095;095037;Ollastra;;RN;01/01/2026;115044;Ollastra;115;OR
2026;OR;095;095038;Oristano;;RN;01/01/2026;115045;Oristano;115;OR
2026;OR;095;095039;Palmas Arborea;;RN;01/01/2026;115046;Palmas Arborea;115;OR
2026;OR;095;095040;Pau;;RN;01/01/2026;115047;Pau;115;OR
2026;OR;095;095041;Paulilatino;;RN;01/01/2026;115048;Paulilatino;115;OR
2026;OR;095;095042;Pompu;;RN;01/01/2026;115049;Pompu;115;OR
2026;OR;095;095043;Riola Sardo;;RN;01/01/2026;115050;Riola Sardo;115;OR
2026;OR;095;095044;Ruinas;;RN;01/01/2026;115051;Ruinas;115;OR
2026;OR;095;095045;Samugheo;;RN;01/01/2026;115053;Samugheo;115;OR
2026;OR;095;095046;San Nicolò d'Arcidano;;RN;01/01/2026;115054;San Nicolò d'Arcidano;115;OR
2026;OR;095;095047;Santa Giusta;;RN;01/01/2026;115056;Santa Giusta;115;OR
2026;OR;095;095048;Villa Sant'Antonio;;RN;01/01/2026;115082;Villa Sant'Antonio;115;OR
2026;OR;095;095049;Santu Lussurgiu;;RN;01/01/2026;115057;Santu Lussurgiu;115;OR
2026;OR;095;095050;San Vero Milis;;RN;01/01/2026;115055;San Vero Milis;115;OR
2026;OR;095;095051;Scano di Montiferro;;RN;01/01/2026;115058;Scano di Montiferro;115;OR
2026;OR;095;095052;Sedilo;;RN;01/01/2026;115059;Sedilo;115;OR
2026;OR;095;095053;Seneghe;;RN;01/01/2026;115060;Seneghe;115;OR
2026;OR;095;095054;Senis;;RN;01/01/2026;115061;Senis;115;OR
2026;OR;095;095055;Sennariolo;;RN;01/01/2026;115062;Sennariolo;115;OR
2026;OR;095;095056;Siamaggiore;;RN;01/01/2026;115063;Siamaggiore;115;OR
2026;OR;095;095057;Siamanna;;RN;01/01/2026;115064;Siamanna;115;OR
2026;OR;095;095058;Simala;;RN;01/01/2026;115066;Simala;115;OR
2026;OR;095;095059;Simaxis;;RN;01/01/2026;115067;Simaxis;115;OR
2026;OR;095;095060;Sini;;RN;01/01/2026;115068;Sini;115;OR
2026;OR;095;095061;Siris;;RN;01/01/2026;115069;Siris;115;OR
2026;OR;095;095062;Solarussa;;RN;01/01/2026;115071;Solarussa;115;OR
2026;OR;095;095063;Sorradile;;RN;01/01/2026;115072;Sorradile;115;OR
2026;OR;095;095064;Tadasuni;;RN;01/01/2026;115074;Tadasuni;115;OR
2026;OR;095;095065;Terralba;;RN;01/01/2026;115075;Terralba;115;OR
2026;OR;095;095066;Tramatza;;RN;01/01/2026;115077;Tramatza;115;OR
2026;OR;095;095067;Tresnuraghes;;RN;01/01/2026;115078;Tresnuraghes;115;OR
2026;OR;095;095068;Ulà Tirso;;RN;01/01/2026;115079;Ulà Tirso;115;OR
2026;OR;095;095069;Uras;;RN;01/01/2026;115080;Uras;115;OR
2026;OR;095;095070;Usellus;;RN;01/01/2026;115081;Usellus;115;OR
2026;OR;095;095071;Villanova Truschedu;;RN;01/01/2026;115084;Villanova Truschedu;115;OR
2026;OR;095;095072;Villaurbana;;RN;01/01/2026;115085;Villaurbana;115;OR
2026;OR;095;095073;Villa Verde;;RN;01/01/2026;115083;Villa Verde;115;OR
2026;OR;095;095074;Zeddiani;;RN;01/01/2026;115086;Zeddiani;115;OR
2026;OR;095;095075;Zerfaliu;;RN;01/01/2026;115087;Zerfaliu;115;OR
2026;OR;095;095076;Siapiccia;;RN;01/01/2026;115065;Siapiccia;115;OR
2026;OR;095;095077;Curcuris;;RN;01/01/2026;115021;Curcuris;115;OR
2026;OR;095;095078;Soddì;;RN;01/01/2026;115070;Soddì;115;OR
2026;OR;095;095079;Bosa;;RN;01/01/2026;115017;Bosa;115;OR
2026;OR;095;095080;Flussio;;RN;01/01/2026;115022;Flussio;115;OR
2026;OR;095;095082;Laconi;;RN;01/01/2026;115028;Laconi;115;OR
2026;OR;095;095083;Magomadas;;RN;01/01/2026;115029;Magomadas;115;OR
2026;OR;095;095084;Modolo;;RN;01/01/2026;115033;Modolo;115;OR
2026;OR;095;095085;Montresta;;RN;01/01/2026;115036;Montresta;115;OR
2026;OR;095;095086;Sagama;;RN;01/01/2026;115052;Sagama;115;OR
2026;OR;095;095087;Suni;;RN;01/01/2026;115073;Suni;115;OR
2026;OR;095;095088;Tinnura;;RN;01/01/2026;115076;Tinnura;115;OR
2026;SU;111;111001;Arbus;;AP;01/01/2026;117001;Arbus;117;VS
2026;SU;111;111002;Armungia;;AP;01/01/2026;118001;Armungia;318;CA
2026;SU;111;111003;Ballao;;AP;01/01/2026;118003;Ballao;318;CA
2026;SU;111;111004;Barrali;;AP;01/01/2026;118004;Barrali;318;CA
2026;SU;111;111005;Barumini;;AP;01/01/2026;117002;Barumini;117;VS
2026;SU;111;111006;Buggerru;;AP;01/01/2026;119001;Buggerru;119;CI
2026;SU;111;111007;Burcei;;AP;01/01/2026;118005;Burcei;318;CA
2026;SU;111;111008;Calasetta;;AP;01/01/2026;119002;Calasetta;119;CI
2026;SU;111;111009;Carbonia;;AP;01/01/2026;119003;Carbonia;119;CI
2026;SU;111;111010;Carloforte;;AP;01/01/2026;119004;Carloforte;119;CI
2026;SU;111;111011;Castiadas;;AP;01/01/2026;118008;Castiadas;318;CA
2026;SU;111;111012;Collinas;;AP;01/01/2026;117003;Collinas;117;VS
2026;SU;111;111013;Decimoputzu;;AP;01/01/2026;118010;Decimoputzu;318;CA
2026;SU;111;111014;Dolianova;;AP;01/01/2026;118011;Dolianova;318;CA
2026;SU;111;111015;Domus de Maria;;AP;01/01/2026;118012;Domus de Maria;318;CA
2026;SU;111;111016;Domusnovas;;AP;01/01/2026;119005;Domusnovas;119;CI
2026;SU;111;111017;Donori;;AP;01/01/2026;118013;Donori;318;CA
2026;SU;111;111018;Escalaplano;;AP;01/01/2026;118015;Escalaplano;318;CA
2026;SU;111;111019;Escolca;;AP;01/01/2026;118016;Escolca;318;CA
2026;SU;111;111020;Esterzili;;AP;01/01/2026;118017;Esterzili;318;CA
2026;SU;111;111021;Fluminimaggiore;;AP;01/01/2026;119006;Fluminimaggiore;119;CI
2026;SU;111;111022;Furtei;;AP;01/01/2026;117004;Furtei;117;VS
2026;SU;111;111023;Genoni;;AP;01/01/2026;118018;Genoni;318;CA
2026;SU;111;111024;Genuri;;AP;01/01/2026;117005;Genuri;117;VS
2026;SU;111;111025;Gergei;;AP;01/01/2026;118019;Gergei;318;CA
2026;SU;111;111026;Gesico;;AP;01/01/2026;118020;Gesico;318;CA
2026;SU;111;111027;Gesturi;;AP;01/01/2026;117006;Gesturi;117;VS
2026;SU;111;111028;Giba;;AP;01/01/2026;119007;Giba;119;CI
2026;SU;111;111029;Goni;;AP;01/01/2026;118021;Goni;318;CA
2026;SU;111;111030;Gonnesa;;AP;01/01/2026;119008;Gonnesa;119;CI
2026;SU;111;111031;Gonnosfanadiga;;AP;01/01/2026;117007;Gonnosfanadiga;117;VS
2026;SU;111;111032;Guamaggiore;;AP;01/01/2026;118022;Guamaggiore;318;CA
2026;SU;111;111033;Guasila;;AP;01/01/2026;118023;Guasila;318;CA
2026;SU;111;111034;Guspini;;AP;01/01/2026;117008;Guspini;117;VS
2026;SU;111;111035;Iglesias;;AP;01/01/2026;119009;Iglesias;119;CI
2026;SU;111;111036;Isili;;AP;01/01/2026;118024;Isili;318;CA
2026;SU;111;111037;Las Plassas;;AP;01/01/2026;117009;Las Plassas;117;VS
2026;SU;111;111038;Lunamatrona;;AP;01/01/2026;117010;Lunamatrona;117;VS
2026;SU;111;111039;Mandas;;AP;01/01/2026;118025;Mandas;318;CA
2026;SU;111;111040;Masainas;;AP;01/01/2026;119010;Masainas;119;CI
2026;SU;111;111041;Monastir;;AP;01/01/2026;118027;Monastir;318;CA
2026;SU;111;111042;Muravera;;AP;01/01/2026;118029;Muravera;318;CA
2026;SU;111;111043;Musei;;AP;01/01/2026;119011;Musei;119;CI
2026;SU;111;111044;Narcao;;AP;01/01/2026;119012;Narcao;119;CI
2026;SU;111;111045;Nuragus;;AP;01/01/2026;118030;Nuragus;318;CA
2026;SU;111;111046;Nurallao;;AP;01/01/2026;118031;Nurallao;318;CA
2026;SU;111;111047;Nuraminis;;AP;01/01/2026;118032;Nuraminis;318;CA
2026;SU;111;111048;Nurri;;AP;01/01/2026;118033;Nurri;318;CA
2026;SU;111;111049;Nuxis;;AP;01/01/2026;119013;Nuxis;119;CI
2026;SU;111;111050;Orroli;;AP;01/01/2026;118034;Orroli;318;CA
2026;SU;111;111051;Ortacesus;;AP;01/01/2026;118035;Ortacesus;318;CA
2026;SU;111;111052;Pabillonis;;AP;01/01/2026;117011;Pabillonis;117;VS
2026;SU;111;111053;Pauli Arbarei;;AP;01/01/2026;117012;Pauli Arbarei;117;VS
2026;SU;111;111054;Perdaxius;;AP;01/01/2026;119014;Perdaxius;119;CI
2026;SU;111;111055;Pimentel;;AP;01/01/2026;118036;Pimentel;318;CA
2026;SU;111;111056;Piscinas;;AP;01/01/2026;119015;Piscinas;119;CI
2026;SU;111;111057;Portoscuso;;AP;01/01/2026;119016;Portoscuso;119;CI
2026;SU;111;111058;Sadali;;AP;01/01/2026;118040;Sadali;318;CA
2026;SU;111;111059;Samassi;;AP;01/01/2026;117013;Samassi;117;VS
2026;SU;111;111060;Samatzai;;AP;01/01/2026;118041;Samatzai;318;CA
2026;SU;111;111061;San Basilio;;AP;01/01/2026;118042;San Basilio;318;CA
2026;SU;111;111062;San Gavino Monreale;;AP;01/01/2026;117014;San Gavino Monreale;117;VS
2026;SU;111;111063;San Giovanni Suergiu;;AP;01/01/2026;119017;San Giovanni Suergiu;119;CI
2026;SU;111;111064;San Nicolò Gerrei;;AP;01/01/2026;118043;San Nicolò Gerrei;318;CA
2026;SU;111;111065;San Sperate;;AP;01/01/2026;118044;San Sperate;318;CA
2026;SU;111;111066;San Vito;;AP;01/01/2026;118045;San Vito;318;CA
2026;SU;111;111067;Sanluri;;AP;01/01/2026;117015;Sanluri;117;VS
2026;SU;111;111068;Santadi;;AP;01/01/2026;119018;Santadi;119;CI
2026;SU;111;111069;Sant'Andrea Frius;;AP;01/01/2026;118046;Sant'Andrea Frius;318;CA
2026;SU;111;111070;Sant'Anna Arresi;;AP;01/01/2026;119019;Sant'Anna Arresi;119;CI
2026;SU;111;111071;Sant'Antioco;;AP;01/01/2026;119020;Sant'Antioco;119;CI
2026;SU;111;111072;Sardara;;AP;01/01/2026;117016;Sardara;117;VS
2026;SU;111;111073;Segariu;;AP;01/01/2026;117017;Segariu;117;VS
2026;SU;111;111074;Selegas;;AP;01/01/2026;118049;Selegas;318;CA
2026;SU;111;111075;Senorbì;;AP;01/01/2026;118050;Senorbì;318;CA
2026;SU;111;111076;Serdiana;;AP;01/01/2026;118051;Serdiana;318;CA
2026;SU;111;111077;Serramanna;;AP;01/01/2026;117018;Serramanna;117;VS
2026;SU;111;111078;Serrenti;;AP;01/01/2026;117019;Serrenti;117;VS
2026;SU;111;111079;Serri;;AP;01/01/2026;118052;Serri;318;CA
2026;SU;111;111080;Setzu;;AP;01/01/2026;117020;Setzu;117;VS
2026;SU;111;111081;Seui;;AP;01/01/2026;116023;Seui;116;OG
2026;SU;111;111082;Seulo;;AP;01/01/2026;114045;Seulo;114;NU
2026;SU;111;111083;Siddi;;AP;01/01/2026;117021;Siddi;117;VS
2026;SU;111;111084;Siliqua;;AP;01/01/2026;118056;Siliqua;318;CA
2026;SU;111;111085;Silius;;AP;01/01/2026;118057;Silius;318;CA
2026;SU;111;111086;Siurgus Donigala;;AP;01/01/2026;118059;Siurgus Donigala;318;CA
2026;SU;111;111087;Soleminis;;AP;01/01/2026;118060;Soleminis;318;CA
2026;SU;111;111088;Suelli;;AP;01/01/2026;118061;Suelli;318;CA
2026;SU;111;111089;Teulada;;AP;01/01/2026;119024;Teulada;119;CI
2026;SU;111;111090;Tratalias;;AP;01/01/2026;119021;Tratalias;119;CI
2026;SU;111;111091;Tuili;;AP;01/01/2026;117022;Tuili;117;VS
2026;SU;111;111092;Turri;;AP;01/01/2026;117023;Turri;117;VS
2026;SU;111;111093;Ussana;;AP;01/01/2026;118063;Ussana;318;CA
2026;SU;111;111094;Ussaramanna;;AP;01/01/2026;117024;Ussaramanna;117;VS
2026;SU;111;111095;Vallermosa;;AP;01/01/2026;118065;Vallermosa;318;CA
2026;SU;111;111096;Villacidro;;AP;01/01/2026;117025;Villacidro;117;VS
2026;SU;111;111097;Villamar;;AP;01/01/2026;117026;Villamar;117;VS
2026;SU;111;111098;Villamassargia;;AP;01/01/2026;119022;Villamassargia;119;CI
2026;SU;111;111099;Villanova Tulo;;AP;01/01/2026;118067;Villanova Tulo;318;CA
2026;SU;111;111100;Villanovaforru;;AP;01/01/2026;117027;Villanovaforru;117;VS
2026;SU;111;111101;Villanovafranca;;AP;01/01/2026;117028;Villanovafranca;117;VS
2026;SU;111;111102;Villaperuccio;;AP;01/01/2026;119023;Villaperuccio;119;CI
2026;SU;111;111103;Villaputzu;;AP;01/01/2026;118068;Villaputzu;318;CA
2026;SU;111;111104;Villasalto;;AP;01/01/2026;118069;Villasalto;318;CA
2026;SU;111;111105;Villasimius;;AP;01/01/2026;118070;Villasimius;318;CA
2026;SU;111;111106;Villasor;;AP;01/01/2026;118071;Villasor;318;CA
2026;SU;111;111107;Villaspeciosa;;AP;01/01/2026;118072;Villaspeciosa;318;CA
2021;PU;041;041033;Montecopiolo;;AP;17/06/2021;099030;Montecopiolo;099;RN
2021;PU;041;041060;Sassofeltrio;;AP;17/06/2021;099031;Sassofeltrio;099;RN
2018;LC;097;097080;Torre de' Busi;;AP;27/01/2018;016215;Torre de' Busi;016;BG
2017;BL;025;025052;Sappada;;AP;16/12/2017;030189;Sappada;030;UD
2016;CA;092;092002;Armungia;;AP;28/04/2016;111002;Armungia;111;SU
2016;CA;092;092004;Ballao;;AP;28/04/2016;111003;Ballao;111;SU
2016;CA;092;092005;Barrali;;AP;28/04/2016;111004;Barrali;111;SU
2016;CA;092;092008;Burcei;;AP;28/04/2016;111007;Burcei;111;SU
2016;CA;092;092016;Decimoputzu;;AP;28/04/2016;111013;Decimoputzu;111;SU
2016;CA;092;092017;Dolianova;;AP;28/04/2016;111014;Dolianova;111;SU
2016;CA;092;092018;Domus de Maria;;AP;28/04/2016;111015;Domus de Maria;111;SU
2016;CA;092;092020;Donori;;AP;28/04/2016;111017;Donori;111;SU
2016;CA;092;092024;Gesico;;AP;28/04/2016;111026;Gesico;111;SU
2016;CA;092;092027;Goni;;AP;28/04/2016;111029;Goni;111;SU
2016;CA;092;092030;Guamaggiore;;AP;28/04/2016;111032;Guamaggiore;111;SU
2016;CA;092;092031;Guasila;;AP;28/04/2016;111033;Guasila;111;SU
2016;CA;092;092036;Mandas;;AP;28/04/2016;111039;Mandas;111;SU
2016;CA;092;092038;Monastir;;AP;28/04/2016;111041;Monastir;111;SU
2016;CA;092;092039;Muravera;;AP;28/04/2016;111042;Muravera;111;SU
2016;CA;092;092042;Nuraminis;;AP;28/04/2016;111047;Nuraminis;111;SU
2016;CA;092;092044;Ortacesus;;AP;28/04/2016;111051;Ortacesus;111;SU
2016;CA;092;092048;Pimentel;;AP;28/04/2016;111055;Pimentel;111;SU
2016;CA;092;092053;Samatzai;;AP;28/04/2016;111060;Samatzai;111;SU
2016;CA;092;092054;San Basilio;;AP;28/04/2016;111061;San Basilio;111;SU
2016;CA;092;092058;San Nicolò Gerrei;;AP;28/04/2016;111064;San Nicolò Gerrei;111;SU
2016;CA;092;092059;San Sperate;;AP;28/04/2016;111065;San Sperate;111;SU
2016;CA;092;092061;Sant'Andrea Frius;;AP;28/04/2016;111069;Sant'Andrea Frius;111;SU
2016;CA;092;092064;San Vito;;AP;28/04/2016;111066;San Vito;111;SU
2016;CA;092;092069;Selegas;;AP;28/04/2016;111074;Selegas;111;SU
2016;CA;092;092070;Senorbì;;AP;28/04/2016;111075;Senorbì;111;SU
2016;CA;092;092071;Serdiana;;AP;28/04/2016;111076;Serdiana;111;SU
2016;CA;092;092078;Siliqua;;AP;28/04/2016;111084;Siliqua;111;SU
2016;CA;092;092079;Silius;;AP;28/04/2016;111085;Silius;111;SU
2016;CA;092;092081;Siurgus Donigala;;AP;28/04/2016;111086;Siurgus Donigala;111;SU
2016;CA;092;092082;Soleminis;;AP;28/04/2016;111087;Soleminis;111;SU
2016;CA;092;092083;Suelli;;AP;28/04/2016;111088;Suelli;111;SU
2016;CA;092;092084;Teulada;;AP;28/04/2016;111089;Teulada;111;SU
2016;CA;092;092088;Ussana;;AP;28/04/2016;111093;Ussana;111;SU
2016;CA;092;092091;Vallermosa;;AP;28/04/2016;111095;Vallermosa;111;SU
2016;CA;092;092097;Villaputzu;;AP;28/04/2016;111103;Villaputzu;111;SU
2016;CA;092;092098;Villasalto;;AP;28/04/2016;111104;Villasalto;111;SU
2016;CA;092;092100;Villasimius;;AP;28/04/2016;111105;Villasimius;111;SU
2016;CA;092;092101;Villasor;;AP;28/04/2016;111106;Villasor;111;SU
2016;CA;092;092102;Villaspeciosa;;AP;28/04/2016;111107;Villaspeciosa;111;SU
2016;CA;092;092106;Castiadas;;AP;28/04/2016;111011;Castiadas;111;SU
2016;CA;092;092110;Escalaplano;;AP;28/04/2016;111018;Escalaplano;111;SU
2016;CA;092;092111;Escolca;;AP;28/04/2016;111019;Escolca;111;SU
2016;CA;092;092112;Esterzili;;AP;28/04/2016;111020;Esterzili;111;SU
2016;CA;092;092113;Gergei;;AP;28/04/2016;111025;Gergei;111;SU
2016;CA;092;092114;Isili;;AP;28/04/2016;111036;Isili;111;SU
2016;CA;092;092115;Nuragus;;AP;28/04/2016;111045;Nuragus;111;SU
2016;CA;092;092116;Nurallao;;AP;28/04/2016;111046;Nurallao;111;SU
2016;CA;092;092117;Nurri;;AP;28/04/2016;111048;Nurri;111;SU
2016;CA;092;092118;Orroli;;AP;28/04/2016;111050;Orroli;111;SU
2016;CA;092;092119;Sadali;;AP;28/04/2016;111058;Sadali;111;SU
2016;CA;092;092120;Serri;;AP;28/04/2016;111079;Serri;111;SU
2016;CA;092;092121;Seulo;;AP;28/04/2016;111082;Seulo;111;SU
2016;CA;092;092122;Villanova Tulo;;AP;28/04/2016;111099;Villanova Tulo;111;SU
2016;OR;095;095081;Genoni;;AP;28/04/2016;111023;Genoni;111;SU
2016;OT;104;104001;Aggius;;AP;28/04/2016;090001;Aggius;090;SS
2016;OT;104;104002;Aglientu;;AP;28/04/2016;090062;Aglientu;090;SS
2016;OT;104;104003;Alà dei Sardi;;AP;28/04/2016;090002;Alà dei Sardi;090;SS
2016;OT;104;104004;Arzachena;;AP;28/04/2016;090006;Arzachena;090;SS
2016;OT;104;104005;Badesi;;AP;28/04/2016;090081;Badesi;090;SS
2016;OT;104;104006;Berchidda;;AP;28/04/2016;090009;Berchidda;090;SS
2016;OT;104;104007;Bortigiadas;;AP;28/04/2016;090014;Bortigiadas;090;SS
2016;OT;104;104008;Buddusò;;AP;28/04/2016;090017;Buddusò;090;SS
2016;OT;104;104009;Budoni;;AP;28/04/2016;090091;Budoni;090;SS
2016;OT;104;104010;Calangianus;;AP;28/04/2016;090021;Calangianus;090;SS
2016;OT;104;104011;Golfo Aranci;;AP;28/04/2016;090083;Golfo Aranci;090;SS
2016;OT;104;104012;La Maddalena;;AP;28/04/2016;090035;La Maddalena;090;SS
2016;OT;104;104013;Loiri Porto San Paolo;;AP;28/04/2016;090084;Loiri Porto San Paolo;090;SS
2016;OT;104;104014;Luogosanto;;AP;28/04/2016;090036;Luogosanto;090;SS
2016;OT;104;104015;Luras;;AP;28/04/2016;090037;Luras;090;SS
2016;OT;104;104016;Monti;;AP;28/04/2016;090041;Monti;090;SS
2016;OT;104;104017;Olbia;;AP;28/04/2016;090047;Olbia;090;SS
2016;OT;104;104018;Oschiri;;AP;28/04/2016;090049;Oschiri;090;SS
2016;OT;104;104019;Padru;;AP;28/04/2016;090090;Padru;090;SS
2016;OT;104;104020;Palau;;AP;28/04/2016;090054;Palau;090;SS
2016;OT;104;104021;Sant'Antonio di Gallura;;AP;28/04/2016;090085;Sant'Antonio di Gallura;090;SS
2016;OT;104;104022;Santa Teresa Gallura;;AP;28/04/2016;090063;Santa Teresa Gallura;090;SS
2016;OT;104;104023;San Teodoro;;AP;28/04/2016;090092;San Teodoro;090;SS
2016;OT;104;104024;Telti;;AP;28/04/2016;090080;Telti;090;SS
2016;OT;104;104025;Tempio Pausania;;AP;28/04/2016;090070;Tempio Pausania;090;SS
2016;OT;104;104026;Trinità d'Agultu e Vignola;;AP;28/04/2016;090074;Trinità d'Agultu e Vignola;090;SS
2016;OG;105;105001;Arzana;;AP;28/04/2016;091002;Arzana;091;NU
2016;OG;105;105002;Bari Sardo;;AP;28/04/2016;091005;Bari Sardo;091;NU
2016;OG;105;105003;Baunei;;AP;28/04/2016;091006;Baunei;091;NU
2016;OG;105;105004;Cardedu;;AP;28/04/2016;091103;Cardedu;091;NU
2016;OG;105;105005;Elini;;AP;28/04/2016;091019;Elini;091;NU
2016;OG;105;105006;Gairo;;AP;28/04/2016;091026;Gairo;091;NU
2016;OG;105;105007;Girasole;;AP;28/04/2016;091031;Girasole;091;NU
2016;OG;105;105008;Ilbono;;AP;28/04/2016;091032;Ilbono;091;NU
2016;OG;105;105009;Jerzu;;AP;28/04/2016;091035;Jerzu;091;NU
2016;OG;105;105010;Lanusei;;AP;28/04/2016;091037;Lanusei;091;NU
2016;OG;105;105011;Loceri;;AP;28/04/2016;091039;Loceri;091;NU
2016;OG;105;105012;Lotzorai;;AP;28/04/2016;091042;Lotzorai;091;NU
2016;OG;105;105013;Osini;;AP;28/04/2016;091069;Osini;091;NU
2016;OG;105;105014;Perdasdefogu;;AP;28/04/2016;091072;Perdasdefogu;091;NU
2016;OG;105;105015;Seui;;AP;28/04/2016;111081;Seui;111;SU
2016;OG;105;105016;Talana;;AP;28/04/2016;091088;Talana;091;NU
2016;OG;105;105017;Tertenia;;AP;28/04/2016;091089;Tertenia;091;NU
2016;OG;105;105018;Tortolì;;AP;28/04/2016;091095;Tortolì;091;NU
2016;OG;105;105019;Triei;;AP;28/04/2016;091097;Triei;091;NU
2016;OG;105;105020;Ulassai;;AP;28/04/2016;091098;Ulassai;091;NU
2016;OG;105;105021;Urzulei;;AP;28/04/2016;091099;Urzulei;091;NU
2016;OG;105;105022;Ussassai;;AP;28/04/2016;091100;Ussassai;091;NU
2016;OG;105;105023;Villagrande Strisaili;;AP;28/04/2016;091101;Villagrande Strisaili;091;NU
2016;VS;106;106001;Arbus;;AP;28/04/2016;111001;Arbus;111;SU
2016;VS;106;106002;Barumini;;AP;28/04/2016;111005;Barumini;111;SU
2016;VS;106;106003;Collinas;;AP;28/04/2016;111012;Collinas;111;SU
2016;VS;106;106004;Furtei;;AP;28/04/2016;111022;Furtei;111;SU
2016;VS;106;106005;Genuri;;AP;28/04/2016;111024;Genuri;111;SU
2016;VS;106;106006;Gesturi;;AP;28/04/2016;111027;Gesturi;111;SU
2016;VS;106;106007;Gonnosfanadiga;;AP;28/04/2016;111031;Gonnosfanadiga;111;SU
2016;VS;106;106008;Guspini;;AP;28/04/2016;111034;Guspini;111;SU
2016;VS;106;106009;Las Plassas;;AP;28/04/2016;111037;Las Plassas;111;SU
2016;VS;106;106010;Lunamatrona;;AP;28/04/2016;111038;Lunamatrona;111;SU
2016;VS;106;106011;Pabillonis;;AP;28/04/2016;111052;Pabillonis;111;SU
2016;VS;106;106012;Pauli Arbarei;;AP;28/04/2016;111053;Pauli Arbarei;111;SU
2016;VS;106;106013;Samassi;;AP;28/04/2016;111059;Samassi;111;SU
2016;VS;106;106014;San Gavino Monreale;;AP;28/04/2016;111062;San Gavino Monreale;111;SU
2016;VS;106;106015;Sanluri;;AP;28/04/2016;111067;Sanluri;111;SU
2016;VS;106;106016;Sardara;;AP;28/04/2016;111072;Sardara;111;SU
2016;VS;106;106017;Segariu;;AP;28/04/2016;111073;Segariu;111;SU
2016;VS;106;106018;Serramanna;;AP;28/04/2016;111077;Serramanna;111;SU
2016;VS;106;106019;Serrenti;;AP;28/04/2016;111078;Serrenti;111;SU
2016;VS;106;106020;Setzu;;AP;28/04/2016;111080;Setzu;111;SU
2016;VS;106;106021;Siddi;;AP;28/04/2016;111083;Siddi;111;SU
2016;VS;106;106022;Tuili;;AP;28/04/2016;111091;Tuili;111;SU
2016;VS;106;106023;Turri;;AP;28/04/2016;111092;Turri;111;SU
2016;VS;106;106024;Ussaramanna;;AP;28/04/2016;111094;Ussaramanna;111;SU
2016;VS;106;106025;Villacidro;;AP;28/04/2016;111096;Villacidro;111;SU
2016;VS;106;106026;Villamar;;AP;28/04/2016;111097;Villamar;111;SU
2016;VS;106;106027;Villanovaforru;;AP;28/04/2016;111100;Villanovaforru;111;SU
2016;VS;106;106028;Villanovafranca;;AP;28/04/2016;111101;Villanovafranca;111;SU
2016;CI;107;107001;Buggerru;;AP;28/04/2016;111006;Buggerru;111;SU
2016;CI;107;107002;Calasetta;;AP;28/04/2016;111008;Calasetta;111;SU
2016;CI;107;107003;Carbonia;;AP;28/04/2016;111009;Carbonia;111;SU
2016;CI;107;107004;Carloforte;;AP;28/04/2016;111010;Carloforte;111;SU
2016;CI;107;107005;Domusnovas;;AP;28/04/2016;111016;Domusnovas;111;SU
2016;CI;107;107006;Fluminimaggiore;;AP;28/04/2016;111021;Fluminimaggiore;111;SU
2016;CI;107;107007;Giba;;AP;28/04/2016;111028;Giba;111;SU
2016;CI;107;107008;Gonnesa;;AP;28/04/2016;111030;Gonnesa;111;SU
2016;CI;107;107009;Iglesias;;AP;28/04/2016;111035;Iglesias;111;SU
2016;CI;107;107010;Masainas;;AP;28/04/2016;111040;Masainas;111;SU
2016;CI;107;107011;Musei;;AP;28/04/2016;111043;Musei;111;SU
2016;CI;107;107012;Narcao;;AP;28/04/2016;111044;Narcao;111;SU
2016;CI;107;107013;Nuxis;;AP;28/04/2016;111049;Nuxis;111;SU
2016;CI;107;107014;Perdaxius;;AP;28/04/2016;111054;Perdaxius;111;SU
2016;CI;107;107015;Piscinas;;AP;28/04/2016;111056;Piscinas;111;SU
2016;CI;107;107016;Portoscuso;;AP;28/04/2016;111057;Portoscuso;111;SU
2016;CI;107;107017;San Giovanni Suergiu;;AP;28/04/2016;111063;San Giovanni Suergiu;111;SU
2016;CI;107;107018;Santadi;;AP;28/04/2016;111068;Santadi;111;SU
2016;CI;107;107019;Sant'Anna Arresi;;AP;28/04/2016;111070;Sant'Anna Arresi;111;SU
2016;CI;107;107020;Sant'Antioco;;AP;28/04/2016;111071;Sant'Antioco;111;SU
2016;CI;107;107021;Tratalias;;AP;28/04/2016;111090;Tratalias;111;SU
2016;CI;107;107022;Villamassargia;;AP;28/04/2016;111098;Villamassargia;111;SU
2016;CI;107;107023;Villaperuccio;;AP;28/04/2016;111102;Villaperuccio;111;SU
2009;MI;015;015039;Busnago;;AP;18/12/2009;108051;Busnago;108;MB
2009;MI;015;015047;Caponago;;AP;18/12/2009;108052;Caponago;108;MB
2009;MI;015;015088;Cornate d'Adda;;AP;18/12/2009;108053;Cornate d'Adda;108;MB
2009;MI;015;015119;Lentate sul Seveso;;AP;18/12/2009;108054;Lentate sul Seveso;108;MB
2009;MI;015;015186;Roncello;;AP;18/12/2009;108055;Roncello;108;MB
2009;PU;041;041011;Casteldelci;;AP;15/08/2009;099021;Casteldelci;099;RN
2009;PU;041;041024;Maiolo;;AP;15/08/2009;099022;Maiolo;099;RN
2009;PU;041;041039;Novafeltria;;AP;15/08/2009;099023;Novafeltria;099;RN
2009;PU;041;041042;Pennabilli;;AP;15/08/2009;099024;Pennabilli;099;RN
2009;PU;041;041053;San Leo;;AP;15/08/2009;099025;San Leo;099;RN
2009;PU;041;041055;Sant'Agata Feltria;;AP;15/08/2009;099026;Sant'Agata Feltria;099;RN
2009;PU;041;041063;Talamello;;AP;15/08/2009;099027;Talamello;099;RN
2009;FG;071;071030;Margherita di Savoia;;AP;27/07/2009;110005;Margherita di Savoia;110;BT
2009;FG;071;071045;San Ferdinando di Puglia;;AP;27/07/2009;110007;San Ferdinando di Puglia;110;BT
2009;FG;071;071057;Trinitapoli;;AP;27/07/2009;110010;Trinitapoli;110;BT
2009;BA;072;072005;Andria;;AP;27/07/2009;110001;Andria;110;BT
2009;BA;072;072007;Barletta;;AP;27/07/2009;110002;Barletta;110;BT
2009;BA;072;072009;Bisceglie;;AP;27/07/2009;110003;Bisceglie;110;BT
2009;BA;072;072013;Canosa di Puglia;;AP;27/07/2009;110004;Canosa di Puglia;110;BT
2009;BA;072;072026;Minervino Murge;;AP;27/07/2009;110006;Minervino Murge;110;BT
2009;BA;072;072042;Spinazzola;;AP;27/07/2009;110008;Spinazzola;110;BT
2009;BA;072;072045;Trani;;AP;27/07/2009;110009;Trani;110;BT
2009;AP;044;044003;Altidona;;AP;12/07/2009;109001;Altidona;109;FM
2009;AP;044;044004;Amandola;;AP;12/07/2009;109002;Amandola;109;FM
2009;AP;044;044008;Belmonte Piceno;;AP;12/07/2009;109003;Belmonte Piceno;109;FM
2009;AP;044;044009;Campofilone;;AP;12/07/2009;109004;Campofilone;109;FM
2009;AP;044;044018;Falerone;;AP;12/07/2009;109005;Falerone;109;FM
2009;AP;044;044019;Fermo;;AP;12/07/2009;109006;Fermo;109;FM
2009;AP;044;044022;Francavilla d'Ete;;AP;12/07/2009;109007;Francavilla d'Ete;109;FM
2009;AP;044;044024;Grottazzolina;;AP;12/07/2009;109008;Grottazzolina;109;FM
2009;AP;044;044025;Lapedona;;AP;12/07/2009;109009;Lapedona;109;FM
2009;AP;044;044026;Magliano di Tenna;;AP;12/07/2009;109010;Magliano di Tenna;109;FM
2009;AP;044;044028;Massa Fermana;;AP;12/07/2009;109011;Massa Fermana;109;FM
2009;AP;044;044030;Monsampietro Morico;;AP;12/07/2009;109012;Monsampietro Morico;109;FM
2009;AP;044;044033;Montappone;;AP;12/07/2009;109013;Montappone;109;FM
2009;AP;044;044035;Montefalcone Appennino;;AP;12/07/2009;109014;Montefalcone Appennino;109;FM
2009;AP;044;044037;Montefortino;;AP;12/07/2009;109015;Montefortino;109;FM
2009;AP;044;044039;Monte Giberto;;AP;12/07/2009;109016;Monte Giberto;109;FM
2009;AP;044;044040;Montegiorgio;;AP;12/07/2009;109017;Montegiorgio;109;FM
2009;AP;044;044041;Montegranaro;;AP;12/07/2009;109018;Montegranaro;109;FM
2009;AP;044;044042;Monteleone di Fermo;;AP;12/07/2009;109019;Monteleone di Fermo;109;FM
2009;AP;044;044043;Montelparo;;AP;12/07/2009;109020;Montelparo;109;FM
2009;AP;044;044046;Monte Rinaldo;;AP;12/07/2009;109021;Monte Rinaldo;109;FM
2009;AP;044;044047;Monterubbiano;;AP;12/07/2009;109022;Monterubbiano;109;FM
2009;AP;044;044048;Monte San Pietrangeli;;AP;12/07/2009;109023;Monte San Pietrangeli;109;FM
2009;AP;044;044049;Monte Urano;;AP;12/07/2009;109024;Monte Urano;109;FM
2009;AP;044;044050;Monte Vidon Combatte;;AP;12/07/2009;109025;Monte Vidon Combatte;109;FM
2009;AP;044;044051;Monte Vidon Corrado;;AP;12/07/2009;109026;Monte Vidon Corrado;109;FM
2009;AP;044;044052;Montottone;;AP;12/07/2009;109027;Montottone;109;FM
2009;AP;044;044053;Moresco;;AP;12/07/2009;109028;Moresco;109;FM
2009;AP;044;044055;Ortezzano;;AP;12/07/2009;109029;Ortezzano;109;FM
2009;AP;044;044057;Pedaso;;AP;12/07/2009;109030;Pedaso;109;FM
2009;AP;044;044058;Petritoli;;AP;12/07/2009;109031;Petritoli;109;FM
2009;AP;044;044059;Ponzano di Fermo;;AP;12/07/2009;109032;Ponzano di Fermo;109;FM
2009;AP;044;044060;Porto San Giorgio;;AP;12/07/2009;109033;Porto San Giorgio;109;FM
2009;AP;044;044061;Porto Sant'Elpidio;;AP;12/07/2009;109034;Porto Sant'Elpidio;109;FM
2009;AP;044;044062;Rapagnano;;AP;12/07/2009;109035;Rapagnano;109;FM
2009;AP;044;044067;Santa Vittoria in Matenano;;AP;12/07/2009;109036;Santa Vittoria in Matenano;109;FM
2009;AP;044;044068;Sant'Elpidio a Mare;;AP;12/07/2009;109037;Sant'Elpidio a Mare;109;FM
2009;AP;044;044069;Servigliano;;AP;12/07/2009;109038;Servigliano;109;FM
2009;AP;044;044070;Smerillo;;AP;12/07/2009;109039;Smerillo;109;FM
2009;AP;044;044072;Torre San Patrizio;;AP;12/07/2009;109040;Torre San Patrizio;109;FM
2009;MI;015;015003;Agrate Brianza;;AP;30/06/2009;108001;Agrate Brianza;108;MB
2009;MI;015;015004;Aicurzio;;AP;30/06/2009;108002;Aicurzio;108;MB
2009;MI;015;015006;Albiate;;AP;30/06/2009;108003;Albiate;108;MB
2009;MI;015;015008;Arcore;;AP;30/06/2009;108004;Arcore;108;MB
2009;MI;015;015013;Barlassina;;AP;30/06/2009;108005;Barlassina;108;MB
2009;MI;015;015017;Bellusco;;AP;30/06/2009;108006;Bellusco;108;MB
2009;MI;015;015018;Bernareggio;;AP;30/06/2009;108007;Bernareggio;108;MB
2009;MI;015;015021;Besana in Brianza;;AP;30/06/2009;108008;Besana in Brianza;108;MB
2009;MI;015;015023;Biassono;;AP;30/06/2009;108009;Biassono;108;MB
2009;MI;015;015030;Bovisio-Masciago;;AP;30/06/2009;108010;Bovisio-Masciago;108;MB
2009;MI;015;015033;Briosco;;AP;30/06/2009;108011;Briosco;108;MB
2009;MI;015;015034;Brugherio;;AP;30/06/2009;108012;Brugherio;108;MB
2009;MI;015;015037;Burago di Molgora;;AP;30/06/2009;108013;Burago di Molgora;108;MB
2009;MI;015;015045;Camparada;;AP;30/06/2009;108014;Camparada;108;MB
2009;MI;015;015048;Carate Brianza;;AP;30/06/2009;108015;Carate Brianza;108;MB
2009;MI;015;015049;Carnate;;AP;30/06/2009;108016;Carnate;108;MB
2009;MI;015;015068;Cavenago di Brianza;;AP;30/06/2009;108017;Cavenago di Brianza;108;MB
2009;MI;015;015069;Ceriano Laghetto;;AP;30/06/2009;108018;Ceriano Laghetto;108;MB
2009;MI;015;015075;Cesano Maderno;;AP;30/06/2009;108019;Cesano Maderno;108;MB
2009;MI;015;015080;Cogliate;;AP;30/06/2009;108020;Cogliate;108;MB
2009;MI;015;015084;Concorezzo;;AP;30/06/2009;108021;Concorezzo;108;MB
2009;MI;015;015092;Correzzana;;AP;30/06/2009;108022;Correzzana;108;MB
2009;MI;015;015100;Desio;;AP;30/06/2009;108023;Desio;108;MB
2009;MI;015;015107;Giussano;;AP;30/06/2009;108024;Giussano;108;MB
2009;MI;015;015117;Lazzate;;AP;30/06/2009;108025;Lazzate;108;MB
2009;MI;015;015120;Lesmo;;AP;30/06/2009;108026;Lesmo;108;MB
2009;MI;015;015121;Limbiate;;AP;30/06/2009;108027;Limbiate;108;MB
2009;MI;015;015123;Lissone;;AP;30/06/2009;108028;Lissone;108;MB
2009;MI;015;015129;Macherio;;AP;30/06/2009;108029;Macherio;108;MB
2009;MI;015;015138;Meda;;AP;30/06/2009;108030;Meda;108;MB
2009;MI;015;015145;Mezzago;;AP;30/06/2009;108031;Mezzago;108;MB
2009;MI;015;015147;Misinto;;AP;30/06/2009;108032;Misinto;108;MB
2009;MI;015;015149;Monza;;AP;30/06/2009;108033;Monza;108;MB
2009;MI;015;015152;Muggiò;;AP;30/06/2009;108034;Muggiò;108;MB
2009;MI;015;015156;Nova Milanese;;AP;30/06/2009;108035;Nova Milanese;108;MB
2009;MI;015;015161;Ornago;;AP;30/06/2009;108036;Ornago;108;MB
2009;MI;015;015180;Renate;;AP;30/06/2009;108037;Renate;108;MB
2009;MI;015;015187;Ronco Briantino;;AP;30/06/2009;108038;Ronco Briantino;108;MB
2009;MI;015;015208;Seregno;;AP;30/06/2009;108039;Seregno;108;MB
2009;MI;015;015212;Seveso;;AP;30/06/2009;108040;Seveso;108;MB
2009;MI;015;015216;Sovico;;AP;30/06/2009;108041;Sovico;108;MB
2009;MI;015;015217;Sulbiate;;AP;30/06/2009;108042;Sulbiate;108;MB
2009;MI;015;015223;Triuggio;;AP;30/06/2009;108043;Triuggio;108;MB
2009;MI;015;015227;Usmate Velate;;AP;30/06/2009;108044;Usmate Velate;108;MB
2009;MI;015;015231;Varedo;;AP;30/06/2009;108045;Varedo;108;MB
2009;MI;015;015232;Vedano al Lambro;;AP;30/06/2009;108046;Vedano al Lambro;108;MB
2009;MI;015;015233;Veduggio con Colzano;;AP;30/06/2009;108047;Veduggio con Colzano;108;MB
2009;MI;015;015234;Verano Brianza;;AP;30/06/2009;108048;Verano Brianza;108;MB
2009;MI;015;015239;Villasanta;;AP;30/06/2009;108049;Villasanta;108;MB
2009;MI;015;015241;Vimercate;;AP;30/06/2009;108050;Vimercate;108;MB
2006;SS;090;090001;Aggius;;AP;01/01/2006;104001;Aggius;104;OT
2006;SS;090;090002;Alà dei Sardi;;AP;01/01/2006;104003;Alà dei Sardi;104;OT
2006;SS;090;090006;Arzachena;;AP;01/01/2006;104004;Arzachena;104;OT
2006;SS;090;090009;Berchidda;;AP;01/01/2006;104006;Berchidda;104;OT
2006;SS;090;090014;Bortigiadas;;AP;01/01/2006;104007;Bortigiadas;104;OT
2006;SS;090;090017;Buddusò;;AP;01/01/2006;104008;Buddusò;104;OT
2006;SS;090;090021;Calangianus;;AP;01/01/2006;104010;Calangianus;104;OT
2006;SS;090;090035;La Maddalena;;AP;01/01/2006;104012;La Maddalena;104;OT
2006;SS;090;090036;Luogosanto;;AP;01/01/2006;104014;Luogosanto;104;OT
2006;SS;090;090037;Luras;;AP;01/01/2006;104015;Luras;104;OT
2006;SS;090;090041;Monti;;AP;01/01/2006;104016;Monti;104;OT
2006;SS;090;090047;Olbia;;AP;01/01/2006;104017;Olbia;104;OT
2006;SS;090;090049;Oschiri;;AP;01/01/2006;104018;Oschiri;104;OT
2006;SS;090;090054;Palau;;AP;01/01/2006;104020;Palau;104;OT
2006;SS;090;090062;Aglientu;;AP;01/01/2006;104002;Aglientu;104;OT
2006;SS;090;090063;Santa Teresa Gallura;;AP;01/01/2006;104022;Santa Teresa Gallura;104;OT
2006;SS;090;090070;Tempio Pausania;;AP;01/01/2006;104025;Tempio Pausania;104;OT
2006;SS;090;090074;Trinità d'Agultu e Vignola;;AP;01/01/2006;104026;Trinità d'Agultu e Vignola;104;OT
2006;SS;090;090080;Telti;;AP;01/01/2006;104024;Telti;104;OT
2006;SS;090;090081;Badesi;;AP;01/01/2006;104005;Badesi;104;OT
2006;SS;090;090083;Golfo Aranci;;AP;01/01/2006;104011;Golfo Aranci;104;OT
2006;SS;090;090084;Loiri Porto San Paolo;;AP;01/01/2006;104013;Loiri Porto San Paolo;104;OT
2006;SS;090;090085;Sant'Antonio di Gallura;;AP;01/01/2006;104021;Sant'Antonio di Gallura;104;OT
2006;SS;090;090090;Padru;;AP;01/01/2006;104019;Padru;104;OT
2006;NU;091;091002;Arzana;;AP;01/01/2006;105001;Arzana;105;OG
2006;NU;091;091005;Bari Sardo;;AP;01/01/2006;105002;Bari Sardo;105;OG
2006;NU;091;091006;Baunei;;AP;01/01/2006;105003;Baunei;105;OG
2006;NU;091;091013;Bosa;;AP;01/01/2006;095079;Bosa;095;OR
2006;NU;091;091014;Budoni;;AP;01/01/2006;104009;Budoni;104;OT
2006;NU;091;091019;Elini;;AP;01/01/2006;105005;Elini;105;OG
2006;NU;091;091020;Escalaplano;;AP;01/01/2006;092110;Escalaplano;092;CA
2006;NU;091;091021;Escolca;;AP;01/01/2006;092111;Escolca;092;CA
2006;NU;091;091022;Esterzili;;AP;01/01/2006;092112;Esterzili;092;CA
2006;NU;091;091023;Flussio;;AP;01/01/2006;095080;Flussio;095;OR
2006;NU;091;091026;Gairo;;AP;01/01/2006;105006;Gairo;105;OG
2006;NU;091;091029;Genoni;;AP;01/01/2006;095081;Genoni;095;OR
2006;NU;091;091030;Gergei;;AP;01/01/2006;092113;Gergei;092;CA
2006;NU;091;091031;Girasole;;AP;01/01/2006;105007;Girasole;105;OG
2006;NU;091;091032;Ilbono;;AP;01/01/2006;105008;Ilbono;105;OG
2006;NU;091;091034;Isili;;AP;01/01/2006;092114;Isili;092;CA
2006;NU;091;091035;Jerzu;;AP;01/01/2006;105009;Jerzu;105;OG
2006;NU;091;091036;Laconi;;AP;01/01/2006;095082;Laconi;095;OR
2006;NU;091;091037;Lanusei;;AP;01/01/2006;105010;Lanusei;105;OG
2006;NU;091;091039;Loceri;;AP;01/01/2006;105011;Loceri;105;OG
2006;NU;091;091042;Lotzorai;;AP;01/01/2006;105012;Lotzorai;105;OG
2006;NU;091;091045;Magomadas;;AP;01/01/2006;095083;Magomadas;095;OR
2006;NU;091;091048;Modolo;;AP;01/01/2006;095084;Modolo;095;OR
2006;NU;091;091049;Montresta;;AP;01/01/2006;095085;Montresta;095;OR
2006;NU;091;091052;Nuragus;;AP;01/01/2006;092115;Nuragus;092;CA
2006;NU;091;091053;Nurallao;;AP;01/01/2006;092116;Nurallao;092;CA
2006;NU;091;091054;Nurri;;AP;01/01/2006;092117;Nurri;092;CA
2006;NU;091;091065;Orroli;;AP;01/01/2006;092118;Orroli;092;CA
2006;NU;091;091069;Osini;;AP;01/01/2006;105013;Osini;105;OG
2006;NU;091;091072;Perdasdefogu;;AP;01/01/2006;105014;Perdasdefogu;105;OG
2006;NU;091;091074;Sadali;;AP;01/01/2006;092119;Sadali;092;CA
2006;NU;091;091075;Sagama;;AP;01/01/2006;095086;Sagama;095;OR
2006;NU;091;091076;San Teodoro;;AP;01/01/2006;104023;San Teodoro;104;OT
2006;NU;091;091080;Serri;;AP;01/01/2006;092120;Serri;092;CA
2006;NU;091;091081;Seui;;AP;01/01/2006;105015;Seui;105;OG
2006;NU;091;091082;Seulo;;AP;01/01/2006;092121;Seulo;092;CA
2006;NU;091;091087;Suni;;AP;01/01/2006;095087;Suni;095;OR
2006;NU;091;091088;Talana;;AP;01/01/2006;105016;Talana;105;OG
2006;NU;091;091089;Tertenia;;AP;01/01/2006;105017;Tertenia;105;OG
2006;NU;091;091092;Tinnura;;AP;01/01/2006;095088;Tinnura;095;OR
2006;NU;091;091095;Tortolì;;AP;01/01/2006;105018;Tortolì;105;OG
2006;NU;091;091097;Triei;;AP;01/01/2006;105019;Triei;105;OG
2006;NU;091;091098;Ulassai;;AP;01/01/2006;105020;Ulassai;105;OG
2006;NU;091;091099;Urzulei;;AP;01/01/2006;105021;Urzulei;105;OG
2006;NU;091;091100;Ussassai;;AP;01/01/2006;105022;Ussassai;105;OG
2006;NU;091;091101;Villagrande Strisaili;;AP;01/01/2006;105023;Villagrande Strisaili;105;OG
2006;NU;091;091102;Villanova Tulo;;AP;01/01/2006;092122;Villanova Tulo;092;CA
2006;NU;091;091103;Cardedu;;AP;01/01/2006;105004;Cardedu;105;OG
2006;CA;092;092001;Arbus;;AP;01/01/2006;106001;Arbus;106;VS
2006;CA;092;092006;Barumini;;AP;01/01/2006;106002;Barumini;106;VS
2006;CA;092;092007;Buggerru;;AP;01/01/2006;107001;Buggerru;107;CI
2006;CA;092;092010;Calasetta;;AP;01/01/2006;107002;Calasetta;107;CI
2006;CA;092;092012;Carbonia;;AP;01/01/2006;107003;Carbonia;107;CI
2006;CA;092;092013;Carloforte;;AP;01/01/2006;107004;Carloforte;107;CI
2006;CA;092;092014;Collinas;;AP;01/01/2006;106003;Collinas;106;VS
2006;CA;092;092019;Domusnovas;;AP;01/01/2006;107005;Domusnovas;107;CI
2006;CA;092;092021;Fluminimaggiore;;AP;01/01/2006;107006;Fluminimaggiore;107;CI
2006;CA;092;092022;Furtei;;AP;01/01/2006;106004;Furtei;106;VS
2006;CA;092;092023;Genuri;;AP;01/01/2006;106005;Genuri;106;VS
2006;CA;092;092025;Gesturi;;AP;01/01/2006;106006;Gesturi;106;VS
2006;CA;092;092026;Giba;;AP;01/01/2006;107007;Giba;107;CI
2006;CA;092;092028;Gonnesa;;AP;01/01/2006;107008;Gonnesa;107;CI
2006;CA;092;092029;Gonnosfanadiga;;AP;01/01/2006;106007;Gonnosfanadiga;106;VS
2006;CA;092;092032;Guspini;;AP;01/01/2006;106008;Guspini;106;VS
2006;CA;092;092033;Iglesias;;AP;01/01/2006;107009;Iglesias;107;CI
2006;CA;092;092034;Las Plassas;;AP;01/01/2006;106009;Las Plassas;106;VS
2006;CA;092;092035;Lunamatrona;;AP;01/01/2006;106010;Lunamatrona;106;VS
2006;CA;092;092040;Musei;;AP;01/01/2006;107011;Musei;107;CI
2006;CA;092;092041;Narcao;;AP;01/01/2006;107012;Narcao;107;CI
2006;CA;092;092043;Nuxis;;AP;01/01/2006;107013;Nuxis;107;CI
2006;CA;092;092045;Pabillonis;;AP;01/01/2006;106011;Pabillonis;106;VS
2006;CA;092;092046;Pauli Arbarei;;AP;01/01/2006;106012;Pauli Arbarei;106;VS
2006;CA;092;092047;Perdaxius;;AP;01/01/2006;107014;Perdaxius;107;CI
2006;CA;092;092049;Portoscuso;;AP;01/01/2006;107016;Portoscuso;107;CI
2006;CA;092;092052;Samassi;;AP;01/01/2006;106013;Samassi;106;VS
2006;CA;092;092055;San Gavino Monreale;;AP;01/01/2006;106014;San Gavino Monreale;106;VS
2006;CA;092;092056;San Giovanni Suergiu;;AP;01/01/2006;107017;San Giovanni Suergiu;107;CI
2006;CA;092;092057;Sanluri;;AP;01/01/2006;106015;Sanluri;106;VS
2006;CA;092;092060;Santadi;;AP;01/01/2006;107018;Santadi;107;CI
2006;CA;092;092062;Sant'Anna Arresi;;AP;01/01/2006;107019;Sant'Anna Arresi;107;CI
2006;CA;092;092063;Sant'Antioco;;AP;01/01/2006;107020;Sant'Antioco;107;CI
2006;CA;092;092065;Sardara;;AP;01/01/2006;106016;Sardara;106;VS
2006;CA;092;092067;Segariu;;AP;01/01/2006;106017;Segariu;106;VS
2006;CA;092;092072;Serramanna;;AP;01/01/2006;106018;Serramanna;106;VS
2006;CA;092;092073;Serrenti;;AP;01/01/2006;106019;Serrenti;106;VS
2006;CA;092;092076;Setzu;;AP;01/01/2006;106020;Setzu;106;VS
2006;CA;092;092077;Siddi;;AP;01/01/2006;106021;Siddi;106;VS
2006;CA;092;092085;Tratalias;;AP;01/01/2006;107021;Tratalias;107;CI
2006;CA;092;092086;Tuili;;AP;01/01/2006;106022;Tuili;106;VS
2006;CA;092;092087;Turri;;AP;01/01/2006;106023;Turri;106;VS
2006;CA;092;092089;Ussaramanna;;AP;01/01/2006;106024;Ussaramanna;106;VS
2006;CA;092;092092;Villacidro;;AP;01/01/2006;106025;Villacidro;106;VS
2006;CA;092;092093;Villamar;;AP;01/01/2006;106026;Villamar;106;VS
2006;CA;092;092094;Villamassargia;;AP;01/01/2006;107022;Villamassargia;107;CI
2006;CA;092;092095;Villanovaforru;;AP;01/01/2006;106027;Villanovaforru;106;VS
2006;CA;092;092096;Villanovafranca;;AP;01/01/2006;106028;Villanovafranca;106;VS
2006;CA;092;092103;Masainas;;AP;01/01/2006;107010;Masainas;107;CI
2006;CA;092;092104;Villaperuccio;;AP;01/01/2006;107023;Villaperuccio;107;CI
2006;CA;092;092107;Piscinas;;AP;01/01/2006;107015;Piscinas;107;CI
1995;VC;002;002001;Ailoche;;AP;01/01/1995;096001;Ailoche;096;BI
1995;VC;002;002005;Andorno Micca;;AP;01/01/1995;096002;Andorno Micca;096;BI
1995;VC;002;002010;Benna;;AP;01/01/1995;096003;Benna;096;BI
1995;VC;002;002012;Biella;;AP;01/01/1995;096004;Biella;096;BI
1995;VC;002;002013;Bioglio;;AP;01/01/1995;096005;Bioglio;096;BI
1995;VC;002;002018;Borriana;;AP;01/01/1995;096006;Borriana;096;BI
1995;VC;002;002020;Brusnengo;;AP;01/01/1995;096007;Brusnengo;096;BI
1995;VC;002;002022;Callabiana;;AP;01/01/1995;096008;Callabiana;096;BI
1995;VC;002;002023;Camandona;;AP;01/01/1995;096009;Camandona;096;BI
1995;VC;002;002024;Camburzano;;AP;01/01/1995;096010;Camburzano;096;BI
1995;VC;002;002026;Campiglia Cervo;;AP;01/01/1995;096011;Campiglia Cervo;096;BI
1995;VC;002;002027;Candelo;;AP;01/01/1995;096012;Candelo;096;BI
1995;VC;002;002028;Caprile;;AP;01/01/1995;096013;Caprile;096;BI
1995;VC;002;002034;Casapinta;;AP;01/01/1995;096014;Casapinta;096;BI
1995;VC;002;002036;Castelletto Cervo;;AP;01/01/1995;096015;Castelletto Cervo;096;BI
1995;VC;002;002037;Cavaglià;;AP;01/01/1995;096016;Cavaglià;096;BI
1995;VC;002;002039;Cerreto Castello;;AP;01/01/1995;096017;Cerreto Castello;096;BI
1995;VC;002;002040;Cerrione;;AP;01/01/1995;096018;Cerrione;096;BI
1995;VC;002;002044;Coggiola;;AP;01/01/1995;096019;Coggiola;096;BI
1995;VC;002;002046;Cossato;;AP;01/01/1995;096020;Cossato;096;BI
1995;VC;002;002050;Crevacuore;;AP;01/01/1995;096021;Crevacuore;096;BI
1995;VC;002;002051;Crosa;;AP;01/01/1995;096022;Crosa;096;BI
1995;VC;002;002053;Curino;;AP;01/01/1995;096023;Curino;096;BI
1995;VC;002;002055;Donato;;AP;01/01/1995;096024;Donato;096;BI
1995;VC;002;002056;Dorzano;;AP;01/01/1995;096025;Dorzano;096;BI
1995;VC;002;002060;Gaglianico;;AP;01/01/1995;096026;Gaglianico;096;BI
1995;VC;002;002063;Gifflenga;;AP;01/01/1995;096027;Gifflenga;096;BI
1995;VC;002;002064;Graglia;;AP;01/01/1995;096028;Graglia;096;BI
1995;VC;002;002069;Lessona;;AP;01/01/1995;096029;Lessona;096;BI
1995;VC;002;002073;Magnano;;AP;01/01/1995;096030;Magnano;096;BI
1995;VC;002;002074;Massazza;;AP;01/01/1995;096031;Massazza;096;BI
1995;VC;002;002075;Masserano;;AP;01/01/1995;096032;Masserano;096;BI
1995;VC;002;002076;Mezzana Mortigliengo;;AP;01/01/1995;096033;Mezzana Mortigliengo;096;BI
1995;VC;002;002077;Miagliano;;AP;01/01/1995;096034;Miagliano;096;BI
1995;VC;002;002080;Mongrando;;AP;01/01/1995;096035;Mongrando;096;BI
1995;VC;002;002081;Mosso Santa Maria;;AP;01/01/1995;096036;Mosso Santa Maria;096;BI
1995;VC;002;002083;Mottalciata;;AP;01/01/1995;096037;Mottalciata;096;BI
1995;VC;002;002084;Muzzano;;AP;01/01/1995;096038;Muzzano;096;BI
1995;VC;002;002085;Netro;;AP;01/01/1995;096039;Netro;096;BI
1995;VC;002;002086;Occhieppo Inferiore;;AP;01/01/1995;096040;Occhieppo Inferiore;096;BI
1995;VC;002;002087;Occhieppo Superiore;;AP;01/01/1995;096041;Occhieppo Superiore;096;BI
1995;VC;002;002092;Pettinengo;;AP;01/01/1995;096042;Pettinengo;096;BI
1995;VC;002;002094;Piatto;;AP;01/01/1995;096043;Piatto;096;BI
1995;VC;002;002095;Piedicavallo;;AP;01/01/1995;096044;Piedicavallo;096;BI
1995;VC;002;002098;Pistolesa;;AP;01/01/1995;096045;Pistolesa;096;BI
1995;VC;002;002099;Pollone;;AP;01/01/1995;096046;Pollone;096;BI
1995;VC;002;002100;Ponderano;;AP;01/01/1995;096047;Ponderano;096;BI
1995;VC;002;002101;Portula;;AP;01/01/1995;096048;Portula;096;BI
1995;VC;002;002103;Pralungo;;AP;01/01/1995;096049;Pralungo;096;BI
1995;VC;002;002105;Pray;;AP;01/01/1995;096050;Pray;096;BI
1995;VC;002;002106;Quaregna;;AP;01/01/1995;096051;Quaregna;096;BI
1995;VC;002;002109;Quittengo;;AP;01/01/1995;096052;Quittengo;096;BI
1995;VC;002;002117;Ronco Biellese;;AP;01/01/1995;096053;Ronco Biellese;096;BI
1995;VC;002;002119;Roppolo;;AP;01/01/1995;096054;Roppolo;096;BI
1995;VC;002;002120;Rosazza;;AP;01/01/1995;096055;Rosazza;096;BI
1995;VC;002;002124;Sagliano Micca;;AP;01/01/1995;096056;Sagliano Micca;096;BI
1995;VC;002;002125;Sala Biellese;;AP;01/01/1995;096057;Sala Biellese;096;BI
1995;VC;002;002129;Salussola;;AP;01/01/1995;096058;Salussola;096;BI
1995;VC;002;002130;Sandigliano;;AP;01/01/1995;096059;Sandigliano;096;BI
1995;VC;002;002132;San Paolo Cervo;;AP;01/01/1995;096060;San Paolo Cervo;096;BI
1995;VC;002;002136;Selve Marcone;;AP;01/01/1995;096061;Selve Marcone;096;BI
1995;VC;002;002138;Soprana;;AP;01/01/1995;096062;Soprana;096;BI
1995;VC;002;002139;Sordevolo;;AP;01/01/1995;096063;Sordevolo;096;BI
1995;VC;002;002140;Sostegno;;AP;01/01/1995;096064;Sostegno;096;BI
1995;VC;002;002141;Strona;;AP;01/01/1995;096065;Strona;096;BI
1995;VC;002;002143;Tavigliano;;AP;01/01/1995;096066;Tavigliano;096;BI
1995;VC;002;002144;Ternengo;;AP;01/01/1995;096067;Ternengo;096;BI
1995;VC;002;002145;Tollegno;;AP;01/01/1995;096068;Tollegno;096;BI
1995;VC;002;002146;Torrazzo;;AP;01/01/1995;096069;Torrazzo;096;BI
1995;VC;002;002149;Trivero;;AP;01/01/1995;096070;Trivero;096;BI
1995;VC;002;002151;Valdengo;;AP;01/01/1995;096071;Valdengo;096;BI
1995;VC;002;002153;Vallanzengo;;AP;01/01/1995;096072;Vallanzengo;096;BI
1995;VC;002;002154;Valle Mosso;;AP;01/01/1995;096073;Valle Mosso;096;BI
1995;VC;002;002155;Valle San Nicolao;;AP;01/01/1995;096074;Valle San Nicolao;096;BI
1995;VC;002;002157;Veglio;;AP;01/01/1995;096075;Veglio;096;BI
1995;VC;002;002159;Verrone;;AP;01/01/1995;096076;Verrone;096;BI
1995;VC;002;002160;Vigliano Biellese;;AP;01/01/1995;096077;Vigliano Biellese;096;BI
1995;VC;002;002161;Villa del Bosco;;AP;01/01/1995;096078;Villa del Bosco;096;BI
1995;VC;002;002162;Villanova Biellese;;AP;01/01/1995;096079;Villanova Biellese;096;BI
1995;VC;002;002165;Viverone;;AP;01/01/1995;096080;Viverone;096;BI
1995;VC;002;002167;Zimone;;AP;01/01/1995;096081;Zimone;096;BI
1995;VC;002;002168;Zubiena;;AP;01/01/1995;096082;Zubiena;096;BI
1995;VC;002;002169;Zumaglia;;AP;01/01/1995;096083;Zumaglia;096;BI
1995;NO;003;003003;Antrona Schieranco;;AP;01/01/1995;103001;Antrona Schieranco;103;VB
1995;NO;003;003004;Anzola d'Ossola;;AP;01/01/1995;103002;Anzola d'Ossola;103;VB
1995;NO;003;003005;Arizzano;;AP;01/01/1995;103003;Arizzano;103;VB
1995;NO;003;003007;Arola;;AP;01/01/1995;103004;Arola;103;VB
1995;NO;003;003009;Aurano;;AP;01/01/1995;103005;Aurano;103;VB
1995;NO;003;003010;Baceno;;AP;01/01/1995;103006;Baceno;103;VB
1995;NO;003;003011;Bannio Anzino;;AP;01/01/1995;103007;Bannio Anzino;103;VB
1995;NO;003;003013;Baveno;;AP;01/01/1995;103008;Baveno;103;VB
1995;NO;003;003014;Bee;;AP;01/01/1995;103009;Bee;103;VB
1995;NO;003;003015;Belgirate;;AP;01/01/1995;103010;Belgirate;103;VB
1995;NO;003;003017;Beura-Cardezza;;AP;01/01/1995;103011;Beura-Cardezza;103;VB
1995;NO;003;003020;Bognanco;;AP;01/01/1995;103012;Bognanco;103;VB
1995;NO;003;003028;Brovello-Carpugnino;;AP;01/01/1995;103013;Brovello-Carpugnino;103;VB
1995;NO;003;003029;Calasca-Castiglione;;AP;01/01/1995;103014;Calasca-Castiglione;103;VB
1995;NO;003;003031;Cambiasca;;AP;01/01/1995;103015;Cambiasca;103;VB
1995;NO;003;003033;Cannero Riviera;;AP;01/01/1995;103016;Cannero Riviera;103;VB
1995;NO;003;003034;Cannobio;;AP;01/01/1995;103017;Cannobio;103;VB
1995;NO;003;003035;Caprezzo;;AP;01/01/1995;103018;Caprezzo;103;VB
1995;NO;003;003038;Casale Corte Cerro;;AP;01/01/1995;103019;Casale Corte Cerro;103;VB
1995;NO;003;003046;Cavaglio-Spoccia;;AP;01/01/1995;103020;Cavaglio-Spoccia;103;VB
1995;NO;003;003048;Ceppo Morelli;;AP;01/01/1995;103021;Ceppo Morelli;103;VB
1995;NO;003;003050;Cesara;;AP;01/01/1995;103022;Cesara;103;VB
1995;NO;003;003053;Cossogno;;AP;01/01/1995;103023;Cossogno;103;VB
1995;NO;003;003054;Craveggia;;AP;01/01/1995;103024;Craveggia;103;VB
1995;NO;003;003056;Crevoladossola;;AP;01/01/1995;103025;Crevoladossola;103;VB
1995;NO;003;003057;Crodo;;AP;01/01/1995;103026;Crodo;103;VB
1995;NO;003;003059;Cursolo-Orasso;;AP;01/01/1995;103027;Cursolo-Orasso;103;VB
1995;NO;003;003061;Domodossola;;AP;01/01/1995;103028;Domodossola;103;VB
1995;NO;003;003063;Druogno;;AP;01/01/1995;103029;Druogno;103;VB
1995;NO;003;003064;Falmenta;;AP;01/01/1995;103030;Falmenta;103;VB
1995;NO;003;003067;Formazza;;AP;01/01/1995;103031;Formazza;103;VB
1995;NO;003;003072;Germagno;;AP;01/01/1995;103032;Germagno;103;VB
1995;NO;003;003074;Ghiffa;;AP;01/01/1995;103033;Ghiffa;103;VB
1995;NO;003;003075;Gignese;;AP;01/01/1995;103034;Gignese;103;VB
1995;NO;003;003078;Gravellona Toce;;AP;01/01/1995;103035;Gravellona Toce;103;VB
1995;NO;003;003080;Gurro;;AP;01/01/1995;103036;Gurro;103;VB
1995;NO;003;003081;Intragna;;AP;01/01/1995;103037;Intragna;103;VB
1995;NO;003;003085;Loreglia;;AP;01/01/1995;103038;Loreglia;103;VB
1995;NO;003;003086;Macugnaga;;AP;01/01/1995;103039;Macugnaga;103;VB
1995;NO;003;003087;Madonna del Sasso;;AP;01/01/1995;103040;Madonna del Sasso;103;VB
1995;NO;003;003089;Malesco;;AP;01/01/1995;103041;Malesco;103;VB
1995;NO;003;003092;Masera;;AP;01/01/1995;103042;Masera;103;VB
1995;NO;003;003094;Massiola;;AP;01/01/1995;103043;Massiola;103;VB
1995;NO;003;003096;Mergozzo;;AP;01/01/1995;103044;Mergozzo;103;VB
1995;NO;003;003099;Miazzina;;AP;01/01/1995;103045;Miazzina;103;VB
1995;NO;003;003101;Montecrestese;;AP;01/01/1995;103046;Montecrestese;103;VB
1995;NO;003;003102;Montescheno;;AP;01/01/1995;103047;Montescheno;103;VB
1995;NO;003;003105;Nonio;;AP;01/01/1995;103048;Nonio;103;VB
1995;NO;003;003107;Oggebbio;;AP;01/01/1995;103049;Oggebbio;103;VB
1995;NO;003;003110;Omegna;;AP;01/01/1995;103050;Omegna;103;VB
1995;NO;003;003111;Ornavasso;;AP;01/01/1995;103051;Ornavasso;103;VB
1995;NO;003;003113;Pallanzeno;;AP;01/01/1995;103052;Pallanzeno;103;VB
1995;NO;003;003117;Piedimulera;;AP;01/01/1995;103053;Piedimulera;103;VB
1995;NO;003;003118;Pieve Vergonte;;AP;01/01/1995;103054;Pieve Vergonte;103;VB
1995;NO;003;003123;Premeno;;AP;01/01/1995;103055;Premeno;103;VB
1995;NO;003;003124;Premia;;AP;01/01/1995;103056;Premia;103;VB
1995;NO;003;003125;Premosello-Chiovenda;;AP;01/01/1995;103057;Premosello-Chiovenda;103;VB
1995;NO;003;003126;Quarna Sopra;;AP;01/01/1995;103058;Quarna Sopra;103;VB
1995;NO;003;003127;Quarna Sotto;;AP;01/01/1995;103059;Quarna Sotto;103;VB
1995;NO;003;003128;Re;;AP;01/01/1995;103060;Re;103;VB
1995;NO;003;003132;San Bernardino Verbano;;AP;01/01/1995;103061;San Bernardino Verbano;103;VB
1995;NO;003;003136;Santa Maria Maggiore;;AP;01/01/1995;103062;Santa Maria Maggiore;103;VB
1995;NO;003;003137;Seppiana;;AP;01/01/1995;103063;Seppiana;103;VB
1995;NO;003;003142;Stresa;;AP;01/01/1995;103064;Stresa;103;VB
1995;NO;003;003145;Toceno;;AP;01/01/1995;103065;Toceno;103;VB
1995;NO;003;003147;Trarego Viggiona;;AP;01/01/1995;103066;Trarego Viggiona;103;VB
1995;NO;003;003148;Trasquera;;AP;01/01/1995;103067;Trasquera;103;VB
1995;NO;003;003150;Trontano;;AP;01/01/1995;103068;Trontano;103;VB
1995;NO;003;003151;Valstrona;;AP;01/01/1995;103069;Valstrona;103;VB
1995;NO;003;003152;Vanzone con San Carlo;;AP;01/01/1995;103070;Vanzone con San Carlo;103;VB
1995;NO;003;003155;Varzo;;AP;01/01/1995;103071;Varzo;103;VB
1995;NO;003;003156;Verbania;;AP;01/01/1995;103072;Verbania;103;VB
1995;NO;003;003160;Viganella;;AP;01/01/1995;103073;Viganella;103;VB
1995;NO;003;003161;Vignone;;AP;01/01/1995;103074;Vignone;103;VB
1995;NO;003;003162;Villadossola;;AP;01/01/1995;103075;Villadossola;103;VB
1995;NO;003;003163;Villette;;AP;01/01/1995;103076;Villette;103;VB
1995;NO;003;003165;Vogogna;;AP;01/01/1995;103077;Vogogna;103;VB
1995;CO;013;013001;Abbadia Lariana;;AP;01/01/1995;097001;Abbadia Lariana;097;LC
1995;CO;013;013002;Airuno;;AP;01/01/1995;097002;Airuno;097;LC
1995;CO;013;013008;Annone di Brianza;;AP;01/01/1995;097003;Annone di Brianza;097;LC
1995;CO;013;013014;Ballabio;;AP;01/01/1995;097004;Ballabio;097;LC
1995;CO;013;013016;Barzago;;AP;01/01/1995;097005;Barzago;097;LC
1995;CO;013;013017;Barzanò;;AP;01/01/1995;097006;Barzanò;097;LC
1995;CO;013;013018;Barzio;;AP;01/01/1995;097007;Barzio;097;LC
1995;CO;013;013020;Bellano;;AP;01/01/1995;097008;Bellano;097;LC
1995;CO;013;013027;Bosisio Parini;;AP;01/01/1995;097009;Bosisio Parini;097;LC
1995;CO;013;013031;Brivio;;AP;01/01/1995;097010;Brivio;097;LC
1995;CO;013;013033;Bulciago;;AP;01/01/1995;097011;Bulciago;097;LC
1995;CO;013;013039;Calco;;AP;01/01/1995;097012;Calco;097;LC
1995;CO;013;013049;Casargo;;AP;01/01/1995;097015;Casargo;097;LC
1995;CO;013;013051;Casatenovo;;AP;01/01/1995;097016;Casatenovo;097;LC
1995;CO;013;013054;Cassago Brianza;;AP;01/01/1995;097017;Cassago Brianza;097;LC
1995;CO;013;013056;Cassina Valsassina;;AP;01/01/1995;097018;Cassina Valsassina;097;LC
1995;CO;013;013057;Castello di Brianza;;AP;01/01/1995;097019;Castello di Brianza;097;LC
1995;CO;013;013066;Cernusco Lombardone;;AP;01/01/1995;097020;Cernusco Lombardone;097;LC
1995;CO;013;013067;Cesana Brianza;;AP;01/01/1995;097021;Cesana Brianza;097;LC
1995;CO;013;013069;Civate;;AP;01/01/1995;097022;Civate;097;LC
1995;CO;013;013072;Colico;;AP;01/01/1995;097023;Colico;097;LC
1995;CO;013;013073;Colle Brianza;;AP;01/01/1995;097024;Colle Brianza;097;LC
1995;CO;013;013078;Cortenova;;AP;01/01/1995;097025;Cortenova;097;LC
1995;CO;013;013079;Costa Masnaga;;AP;01/01/1995;097026;Costa Masnaga;097;LC
1995;CO;013;013080;Crandola Valsassina;;AP;01/01/1995;097027;Crandola Valsassina;097;LC
1995;CO;013;013081;Cremella;;AP;01/01/1995;097028;Cremella;097;LC
1995;CO;013;013082;Cremeno;;AP;01/01/1995;097029;Cremeno;097;LC
1995;CO;013;013086;Dervio;;AP;01/01/1995;097030;Dervio;097;LC
1995;CO;013;013088;Dolzago;;AP;01/01/1995;097031;Dolzago;097;LC
1995;CO;013;013091;Dorio;;AP;01/01/1995;097032;Dorio;097;LC
1995;CO;013;013094;Ello;;AP;01/01/1995;097033;Ello;097;LC
1995;CO;013;013096;Esino Lario;;AP;01/01/1995;097035;Esino Lario;097;LC
1995;CO;013;013103;Galbiate;;AP;01/01/1995;097036;Galbiate;097;LC
1995;CO;013;013104;Garbagnate Monastero;;AP;01/01/1995;097037;Garbagnate Monastero;097;LC
1995;CO;013;013105;Garlate;;AP;01/01/1995;097038;Garlate;097;LC
1995;CO;013;013115;Imbersago;;AP;01/01/1995;097039;Imbersago;097;LC
1995;CO;013;013116;Introbio;;AP;01/01/1995;097040;Introbio;097;LC
1995;CO;013;013117;Introzzo;;AP;01/01/1995;097041;Introzzo;097;LC
1995;CO;013;013124;Lecco;;AP;01/01/1995;097042;Lecco;097;LC
1995;CO;013;013127;Lierna;;AP;01/01/1995;097043;Lierna;097;LC
1995;CO;013;013132;Lomagna;;AP;01/01/1995;097044;Lomagna;097;LC
1995;CO;013;013140;Malgrate;;AP;01/01/1995;097045;Malgrate;097;LC
1995;CO;013;013141;Mandello del Lario;;AP;01/01/1995;097046;Mandello del Lario;097;LC
1995;CO;013;013142;Margno;;AP;01/01/1995;097047;Margno;097;LC
1995;CO;013;013146;Merate;;AP;01/01/1995;097048;Merate;097;LC
1995;CO;013;013149;Missaglia;;AP;01/01/1995;097049;Missaglia;097;LC
1995;CO;013;013150;Moggio;;AP;01/01/1995;097050;Moggio;097;LC
1995;CO;013;013151;Molteno;;AP;01/01/1995;097051;Molteno;097;LC
1995;CO;013;013156;Monticello Brianza;;AP;01/01/1995;097054;Monticello Brianza;097;LC
1995;CO;013;013158;Morterone;;AP;01/01/1995;097055;Morterone;097;LC
1995;CO;013;013162;Nibionno;;AP;01/01/1995;097056;Nibionno;097;LC
1995;CO;013;013164;Oggiono;;AP;01/01/1995;097057;Oggiono;097;LC
1995;CO;013;013166;Olgiate Molgora;;AP;01/01/1995;097058;Olgiate Molgora;097;LC
1995;CO;013;013167;Olginate;;AP;01/01/1995;097059;Olginate;097;LC
1995;CO;013;013168;Oliveto Lario;;AP;01/01/1995;097060;Oliveto Lario;097;LC
1995;CO;013;013171;Osnago;;AP;01/01/1995;097061;Osnago;097;LC
1995;CO;013;013173;Paderno d'Adda;;AP;01/01/1995;097062;Paderno d'Adda;097;LC
1995;CO;013;013174;Pagnona;;AP;01/01/1995;097063;Pagnona;097;LC
1995;CO;013;013176;Parlasco;;AP;01/01/1995;097064;Parlasco;097;LC
1995;CO;013;013177;Pasturo;;AP;01/01/1995;097065;Pasturo;097;LC
1995;CO;013;013180;Perego;;AP;01/01/1995;097066;Perego;097;LC
1995;CO;013;013181;Perledo;;AP;01/01/1995;097067;Perledo;097;LC
1995;CO;013;013182;Pescate;;AP;01/01/1995;097068;Pescate;097;LC
1995;CO;013;013190;Premana;;AP;01/01/1995;097069;Premana;097;LC
1995;CO;013;013191;Primaluna;;AP;01/01/1995;097070;Primaluna;097;LC
1995;CO;013;013196;Robbiate;;AP;01/01/1995;097071;Robbiate;097;LC
1995;CO;013;013198;Rogeno;;AP;01/01/1995;097072;Rogeno;097;LC
1995;CO;013;013200;Rovagnate;;AP;01/01/1995;097073;Rovagnate;097;LC
1995;CO;013;013209;Santa Maria Hoè;;AP;01/01/1995;097074;Santa Maria Hoè;097;LC
1995;CO;013;013213;Sirone;;AP;01/01/1995;097075;Sirone;097;LC
1995;CO;013;013214;Sirtori;;AP;01/01/1995;097076;Sirtori;097;LC
1995;CO;013;013219;Sueglio;;AP;01/01/1995;097077;Sueglio;097;LC
1995;CO;013;013220;Suello;;AP;01/01/1995;097078;Suello;097;LC
1995;CO;013;013221;Taceno;;AP;01/01/1995;097079;Taceno;097;LC
1995;CO;013;013224;Tremenico;;AP;01/01/1995;097081;Tremenico;097;LC
1995;CO;013;013230;Valgreghentino;;AP;01/01/1995;097082;Valgreghentino;097;LC
1995;CO;013;013231;Valmadrera;;AP;01/01/1995;097083;Valmadrera;097;LC
1995;CO;013;013235;Varenna;;AP;01/01/1995;097084;Varenna;097;LC
1995;CO;013;013237;Vendrogno;;AP;01/01/1995;097085;Vendrogno;097;LC
1995;CO;013;013240;Verderio Inferiore;;AP;01/01/1995;097087;Verderio Inferiore;097;LC
1995;CO;013;013241;Verderio Superiore;;AP;01/01/1995;097088;Verderio Superiore;097;LC
1995;CO;013;013243;Vestreno;;AP;01/01/1995;097089;Vestreno;097;LC
1995;CO;013;013244;Viganò;;AP;01/01/1995;097090;Viganò;097;LC
1995;CO;013;013247;Montevecchia;;AP;01/01/1995;097053;Montevecchia;097;LC
1995;MI;015;015001;Abbadia Cerreto;;AP;01/01/1995;098001;Abbadia Cerreto;098;LO
1995;MI;015;015020;Bertonico;;AP;01/01/1995;098002;Bertonico;098;LO
1995;MI;015;015025;Boffalora d'Adda;;AP;01/01/1995;098003;Boffalora d'Adda;098;LO
1995;MI;015;015028;Borghetto Lodigiano;;AP;01/01/1995;098004;Borghetto Lodigiano;098;LO
1995;MI;015;015029;Borgo San Giovanni;;AP;01/01/1995;098005;Borgo San Giovanni;098;LO
1995;MI;015;015031;Brembio;;AP;01/01/1995;098006;Brembio;098;LO
1995;MI;015;015043;Camairago;;AP;01/01/1995;098007;Camairago;098;LO
1995;MI;015;015052;Casaletto Lodigiano;;AP;01/01/1995;098008;Casaletto Lodigiano;098;LO
1995;MI;015;015053;Casalmaiocco;;AP;01/01/1995;098009;Casalmaiocco;098;LO
1995;MI;015;015054;Casalpusterlengo;;AP;01/01/1995;098010;Casalpusterlengo;098;LO
1995;MI;015;015056;Caselle Landi;;AP;01/01/1995;098011;Caselle Landi;098;LO
1995;MI;015;015057;Caselle Lurani;;AP;01/01/1995;098012;Caselle Lurani;098;LO
1995;MI;015;015063;Castelnuovo Bocca d'Adda;;AP;01/01/1995;098013;Castelnuovo Bocca d'Adda;098;LO
1995;MI;015;015064;Castiglione d'Adda;;AP;01/01/1995;098014;Castiglione d'Adda;098;LO
1995;MI;015;015065;Castiraga Vidardo;;AP;01/01/1995;098015;Castiraga Vidardo;098;LO
1995;MI;015;015066;Cavacurta;;AP;01/01/1995;098016;Cavacurta;098;LO
1995;MI;015;015067;Cavenago d'Adda;;AP;01/01/1995;098017;Cavenago d'Adda;098;LO
1995;MI;015;015073;Cervignano d'Adda;;AP;01/01/1995;098018;Cervignano d'Adda;098;LO
1995;MI;015;015079;Codogno;;AP;01/01/1995;098019;Codogno;098;LO
1995;MI;015;015083;Comazzo;;AP;01/01/1995;098020;Comazzo;098;LO
1995;MI;015;015089;Cornegliano Laudense;;AP;01/01/1995;098021;Cornegliano Laudense;098;LO
1995;MI;015;015090;Corno Giovine;;AP;01/01/1995;098022;Corno Giovine;098;LO
1995;MI;015;015091;Cornovecchio;;AP;01/01/1995;098023;Cornovecchio;098;LO
1995;MI;015;015094;Corte Palasio;;AP;01/01/1995;098024;Corte Palasio;098;LO
1995;MI;015;015095;Crespiatica;;AP;01/01/1995;098025;Crespiatica;098;LO
1995;MI;015;015102;Fombio;;AP;01/01/1995;098026;Fombio;098;LO
1995;MI;015;015104;Galgagnano;;AP;01/01/1995;098027;Galgagnano;098;LO
1995;MI;015;015109;Graffignana;;AP;01/01/1995;098028;Graffignana;098;LO
1995;MI;015;015111;Guardamiglio;;AP;01/01/1995;098029;Guardamiglio;098;LO
1995;MI;015;015124;Livraga;;AP;01/01/1995;098030;Livraga;098;LO
1995;MI;015;015126;Lodi;;AP;01/01/1995;098031;Lodi;098;LO
1995;MI;015;015127;Lodi Vecchio;;AP;01/01/1995;098032;Lodi Vecchio;098;LO
1995;MI;015;015128;Maccastorna;;AP;01/01/1995;098033;Maccastorna;098;LO
1995;MI;015;015132;Mairago;;AP;01/01/1995;098034;Mairago;098;LO
1995;MI;015;015133;Maleo;;AP;01/01/1995;098035;Maleo;098;LO
1995;MI;015;015135;Marudo;;AP;01/01/1995;098036;Marudo;098;LO
1995;MI;015;015137;Massalengo;;AP;01/01/1995;098037;Massalengo;098;LO
1995;MI;015;015141;Meleti;;AP;01/01/1995;098038;Meleti;098;LO
1995;MI;015;015143;Merlino;;AP;01/01/1995;098039;Merlino;098;LO
1995;MI;015;015148;Montanaso Lombardo;;AP;01/01/1995;098040;Montanaso Lombardo;098;LO
1995;MI;015;015153;Mulazzano;;AP;01/01/1995;098041;Mulazzano;098;LO
1995;MI;015;015160;Orio Litta;;AP;01/01/1995;098042;Orio Litta;098;LO
1995;MI;015;015162;Ospedaletto Lodigiano;;AP;01/01/1995;098043;Ospedaletto Lodigiano;098;LO
1995;MI;015;015163;Ossago Lodigiano;;AP;01/01/1995;098044;Ossago Lodigiano;098;LO
1995;MI;015;015174;Pieve Fissiraga;;AP;01/01/1995;098045;Pieve Fissiraga;098;LO
1995;MI;015;015190;Salerano sul Lambro;;AP;01/01/1995;098046;Salerano sul Lambro;098;LO
1995;MI;015;015193;San Fiorano;;AP;01/01/1995;098047;San Fiorano;098;LO
1995;MI;015;015196;San Martino in Strada;;AP;01/01/1995;098048;San Martino in Strada;098;LO
1995;MI;015;015197;San Rocco al Porto;;AP;01/01/1995;098049;San Rocco al Porto;098;LO
1995;MI;015;015198;Sant'Angelo Lodigiano;;AP;01/01/1995;098050;Sant'Angelo Lodigiano;098;LO
1995;MI;015;015199;Santo Stefano Lodigiano;;AP;01/01/1995;098051;Santo Stefano Lodigiano;098;LO
1995;MI;015;015203;Secugnago;;AP;01/01/1995;098052;Secugnago;098;LO
1995;MI;015;015207;Senna Lodigiana;;AP;01/01/1995;098053;Senna Lodigiana;098;LO
1995;MI;015;015214;Somaglia;;AP;01/01/1995;098054;Somaglia;098;LO
1995;MI;015;015215;Sordio;;AP;01/01/1995;098055;Sordio;098;LO
1995;MI;015;015218;Terranova dei Passerini;;AP;01/01/1995;098057;Terranova dei Passerini;098;LO
1995;MI;015;015225;Turano Lodigiano;;AP;01/01/1995;098058;Turano Lodigiano;098;LO
1995;MI;015;015228;Valera Fratta;;AP;01/01/1995;098059;Valera Fratta;098;LO
1995;MI;015;015238;Villanova del Sillaro;;AP;01/01/1995;098060;Villanova del Sillaro;098;LO
1995;MI;015;015240;Tavazzano con Villavesco;;AP;01/01/1995;098056;Tavazzano con Villavesco;098;LO
1995;MI;015;015245;Zelo Buon Persico;;AP;01/01/1995;098061;Zelo Buon Persico;098;LO
1995;BG;016;016045;Calolziocorte;;AP;01/01/1995;097013;Calolziocorte;097;LC
1995;BG;016;016054;Carenno;;AP;01/01/1995;097014;Carenno;097;LC
1995;BG;016;016095;Erve;;AP;01/01/1995;097034;Erve;097;LC
1995;BG;016;016138;Monte Marenzo;;AP;01/01/1995;097052;Monte Marenzo;097;LC
1995;BG;016;016215;Torre de' Busi;;AP;01/01/1995;097080;Torre de' Busi;097;LC
1995;BG;016;016231;Vercurago;;AP;01/01/1995;097086;Vercurago;097;LC
1995;FC;040;040002;Bellaria-Igea Marina;;AP;01/01/1995;099001;Bellaria-Igea Marina;099;RN
1995;FC;040;040006;Cattolica;;AP;01/01/1995;099002;Cattolica;099;RN
1995;FC;040;040010;Coriano;;AP;01/01/1995;099003;Coriano;099;RN
1995;FC;040;040017;Gemmano;;AP;01/01/1995;099004;Gemmano;099;RN
1995;FC;040;040021;Misano Adriatico;;AP;01/01/1995;099005;Misano Adriatico;099;RN
1995;FC;040;040023;Mondaino;;AP;01/01/1995;099006;Mondaino;099;RN
1995;FC;040;040024;Monte Colombo;;AP;01/01/1995;099007;Monte Colombo;099;RN
1995;FC;040;040025;Montefiore Conca;;AP;01/01/1995;099008;Montefiore Conca;099;RN
1995;FC;040;040026;Montegridolfo;;AP;01/01/1995;099009;Montegridolfo;099;RN
1995;FC;040;040027;Montescudo;;AP;01/01/1995;099010;Montescudo;099;RN
1995;FC;040;040029;Morciano di Romagna;;AP;01/01/1995;099011;Morciano di Romagna;099;RN
1995;FC;040;040030;Poggio Berni;;AP;01/01/1995;099012;Poggio Berni;099;RN
1995;FC;040;040034;Riccione;;AP;01/01/1995;099013;Riccione;099;RN
1995;FC;040;040035;Rimini;;AP;01/01/1995;099014;Rimini;099;RN
1995;FC;040;040038;Saludecio;;AP;01/01/1995;099015;Saludecio;099;RN
1995;FC;040;040039;San Clemente;;AP;01/01/1995;099016;San Clemente;099;RN
1995;FC;040;040040;San Giovanni in Marignano;;AP;01/01/1995;099017;San Giovanni in Marignano;099;RN
1995;FC;040;040042;Santarcangelo di Romagna;;AP;01/01/1995;099018;Santarcangelo di Romagna;099;RN
1995;FC;040;040048;Torriana;;AP;01/01/1995;099019;Torriana;099;RN
1995;FC;040;040051;Verucchio;;AP;01/01/1995;099020;Verucchio;099;RN
1995;FI;048;048007;Cantagallo;;AP;01/01/1995;100001;Cantagallo;100;PO
1995;FI;048;048009;Carmignano;;AP;01/01/1995;100002;Carmignano;100;PO
1995;FI;048;048029;Montemurlo;;AP;01/01/1995;100003;Montemurlo;100;PO
1995;FI;048;048034;Prato;;AP;01/01/1995;100005;Prato;100;PO
1995;FI;048;048047;Vaiano;;AP;01/01/1995;100006;Vaiano;100;PO
1995;FI;048;048048;Vernio;;AP;01/01/1995;100007;Vernio;100;PO
1995;FI;048;048051;Poggio a Caiano;;AP;01/01/1995;100004;Poggio a Caiano;100;PO
1995;CZ;079;079001;Acquaro;;AP;01/01/1995;102001;Acquaro;102;VV
1995;CZ;079;079006;Arena;;AP;01/01/1995;102002;Arena;102;VV
1995;CZ;079;079010;Belvedere di Spinello;;AP;01/01/1995;101001;Belvedere di Spinello;101;KR
1995;CZ;079;079013;Briatico;;AP;01/01/1995;102003;Briatico;102;VV
1995;CZ;079;079014;Brognaturo;;AP;01/01/1995;102004;Brognaturo;102;VV
1995;CZ;079;079015;Caccuri;;AP;01/01/1995;101002;Caccuri;101;KR
1995;CZ;079;079016;Capistrano;;AP;01/01/1995;102005;Capistrano;102;VV
1995;CZ;079;079019;Carfizzi;;AP;01/01/1995;101003;Carfizzi;101;KR
1995;CZ;079;079021;Casabona;;AP;01/01/1995;101004;Casabona;101;KR
1995;CZ;079;079022;Castelsilano;;AP;01/01/1995;101005;Castelsilano;101;KR
1995;CZ;079;079026;Cerenzia;;AP;01/01/1995;101006;Cerenzia;101;KR
1995;CZ;079;079028;Cessaniti;;AP;01/01/1995;102006;Cessaniti;102;VV
1995;CZ;079;079031;Cirò;;AP;01/01/1995;101007;Cirò;101;KR
1995;CZ;079;079032;Cirò Marina;;AP;01/01/1995;101008;Cirò Marina;101;KR
1995;CZ;079;079035;Cotronei;;AP;01/01/1995;101009;Cotronei;101;KR
1995;CZ;079;079037;Crotone;;AP;01/01/1995;101010;Crotone;101;KR
1995;CZ;079;079038;Crucoli;;AP;01/01/1995;101011;Crucoli;101;KR
1995;CZ;079;079040;Cutro;;AP;01/01/1995;101012;Cutro;101;KR
1995;CZ;079;079041;Dasà;;AP;01/01/1995;102007;Dasà;102;VV
1995;CZ;079;079044;Dinami;;AP;01/01/1995;102008;Dinami;102;VV
1995;CZ;079;079045;Drapia;;AP;01/01/1995;102009;Drapia;102;VV
1995;CZ;079;079046;Fabrizia;;AP;01/01/1995;102010;Fabrizia;102;VV
1995;CZ;079;079049;Filadelfia;;AP;01/01/1995;102011;Filadelfia;102;VV
1995;CZ;079;079050;Filandari;;AP;01/01/1995;102012;Filandari;102;VV
1995;CZ;079;079051;Filogaso;;AP;01/01/1995;102013;Filogaso;102;VV
1995;CZ;079;079053;Francavilla Angitola;;AP;01/01/1995;102014;Francavilla Angitola;102;VV
1995;CZ;079;079054;Francica;;AP;01/01/1995;102015;Francica;102;VV
1995;CZ;079;079057;Gerocarne;;AP;01/01/1995;102016;Gerocarne;102;VV
1995;CZ;079;079062;Jonadi;;AP;01/01/1995;102017;Jonadi;102;VV
1995;CZ;079;079064;Isola di Capo Rizzuto;;AP;01/01/1995;101013;Isola di Capo Rizzuto;101;KR
1995;CZ;079;079066;Joppolo;;AP;01/01/1995;102018;Joppolo;102;VV
1995;CZ;079;079067;Limbadi;;AP;01/01/1995;102019;Limbadi;102;VV
1995;CZ;079;079070;Maierato;;AP;01/01/1995;102020;Maierato;102;VV
1995;CZ;079;079075;Melissa;;AP;01/01/1995;101014;Melissa;101;KR
1995;CZ;079;079076;Mesoraca;;AP;01/01/1995;101015;Mesoraca;101;KR
1995;CZ;079;079078;Mileto;;AP;01/01/1995;102021;Mileto;102;VV
1995;CZ;079;079079;Mongiana;;AP;01/01/1995;102022;Mongiana;102;VV
1995;CZ;079;079082;Monterosso Calabro;;AP;01/01/1995;102023;Monterosso Calabro;102;VV
1995;CZ;079;079084;Nardodipace;;AP;01/01/1995;102024;Nardodipace;102;VV
1995;CZ;079;079086;Nicotera;;AP;01/01/1995;102025;Nicotera;102;VV
1995;CZ;079;079090;Pallagorio;;AP;01/01/1995;101016;Pallagorio;101;KR
1995;CZ;079;079091;Parghelia;;AP;01/01/1995;102026;Parghelia;102;VV
1995;CZ;079;079093;Petilia Policastro;;AP;01/01/1995;101017;Petilia Policastro;101;KR
1995;CZ;079;079097;Pizzo;;AP;01/01/1995;102027;Pizzo;102;VV
1995;CZ;079;079098;Pizzoni;;AP;01/01/1995;102028;Pizzoni;102;VV
1995;CZ;079;079100;Polia;;AP;01/01/1995;102029;Polia;102;VV
1995;CZ;079;079101;Ricadi;;AP;01/01/1995;102030;Ricadi;102;VV
1995;CZ;079;079102;Roccabernarda;;AP;01/01/1995;101018;Roccabernarda;101;KR
1995;CZ;079;079103;Rocca di Neto;;AP;01/01/1995;101019;Rocca di Neto;101;KR
1995;CZ;079;079104;Rombiolo;;AP;01/01/1995;102031;Rombiolo;102;VV
1995;CZ;079;079106;San Calogero;;AP;01/01/1995;102032;San Calogero;102;VV
1995;CZ;079;079107;San Costantino Calabro;;AP;01/01/1995;102033;San Costantino Calabro;102;VV
1995;CZ;079;079109;San Gregorio d'Ippona;;AP;01/01/1995;102034;San Gregorio d'Ippona;102;VV
1995;CZ;079;079111;San Mauro Marchesato;;AP;01/01/1995;101020;San Mauro Marchesato;101;KR
1995;CZ;079;079112;San Nicola da Crissa;;AP;01/01/1995;102035;San Nicola da Crissa;102;VV
1995;CZ;079;079113;San Nicola dell'Alto;;AP;01/01/1995;101021;San Nicola dell'Alto;101;KR
1995;CZ;079;079119;Santa Severina;;AP;01/01/1995;101022;Santa Severina;101;KR
1995;CZ;079;079121;Sant'Onofrio;;AP;01/01/1995;102036;Sant'Onofrio;102;VV
1995;CZ;079;079124;Savelli;;AP;01/01/1995;101023;Savelli;101;KR
1995;CZ;079;079125;Scandale;;AP;01/01/1995;101024;Scandale;101;KR
1995;CZ;079;079128;Serra San Bruno;;AP;01/01/1995;102037;Serra San Bruno;102;VV
1995;CZ;079;079132;Simbario;;AP;01/01/1995;102038;Simbario;102;VV
1995;CZ;079;079135;Sorianello;;AP;01/01/1995;102039;Sorianello;102;VV
1995;CZ;079;079136;Soriano Calabro;;AP;01/01/1995;102040;Soriano Calabro;102;VV
1995;CZ;079;079140;Spadola;;AP;01/01/1995;102041;Spadola;102;VV
1995;CZ;079;079141;Spilinga;;AP;01/01/1995;102042;Spilinga;102;VV
1995;CZ;079;079144;Stefanaconi;;AP;01/01/1995;102043;Stefanaconi;102;VV
1995;CZ;079;079145;Strongoli;;AP;01/01/1995;101025;Strongoli;101;KR
1995;CZ;079;079149;Tropea;;AP;01/01/1995;102044;Tropea;102;VV
1995;CZ;079;079150;Umbriatico;;AP;01/01/1995;101026;Umbriatico;101;KR
1995;CZ;079;079152;Vallelonga;;AP;01/01/1995;102045;Vallelonga;102;VV
1995;CZ;079;079153;Vazzano;;AP;01/01/1995;102046;Vazzano;102;VV
1995;CZ;079;079154;Verzino;;AP;01/01/1995;101027;Verzino;101;KR
1995;CZ;079;079155;Vibo Valentia;;AP;01/01/1995;102047;Vibo Valentia;102;VV
1995;CZ;079;079156;Zaccanopoli;;AP;01/01/1995;102048;Zaccanopoli;102;VV
1995;CZ;079;079158;Zambrone;;AP;01/01/1995;102049;Zambrone;102;VV
1995;CZ;079;079159;Zungri;;AP;01/01/1995;102050;Zungri;102;VV
1978;AV;064;064094;Sant'Arcangelo Trimonte;;AP;02/08/1978;062078;Sant'Arcangelo Trimonte;062;BN
1974;NU;091;091015;Cuglieri;;AP;20/08/1974;095019;Cuglieri;095;OR
1974;NU;091;091078;Scano di Montiferro;;AP;20/08/1974;095051;Scano di Montiferro;095;OR
1974;NU;091;091079;Sennariolo;;AP;20/08/1974;095055;Sennariolo;095;OR
1974;NU;091;091096;Tresnuraghes;;AP;20/08/1974;095067;Tresnuraghes;095;OR
1974;CA;092;092001;Abbasanta;;AP;20/08/1974;095001;Abbasanta;095;OR
1974;CA;092;092002;Aidomaggiore;;AP;20/08/1974;095002;Aidomaggiore;095;OR
1974;CA;092;092003;Ales;;AP;20/08/1974;095004;Ales;095;OR
1974;CA;092;092004;Allai;;AP;20/08/1974;095005;Allai;095;OR
1974;CA;092;092005;Arborea;;AP;20/08/1974;095006;Arborea;095;OR
1974;CA;092;092006;Arbus;;RN;20/08/1974;092001;Arbus;092;CA
1974;CA;092;092007;Ardauli;;AP;20/08/1974;095007;Ardauli;095;OR
1974;CA;092;092008;Armungia;;RN;20/08/1974;092002;Armungia;092;CA
1974;CA;092;092009;Assemini;;RN;20/08/1974;092003;Assemini;092;CA
1974;CA;092;092010;Assolo;;AP;20/08/1974;095008;Assolo;095;OR
1974;CA;092;092011;Asuni;;AP;20/08/1974;095009;Asuni;095;OR
1974;CA;092;092012;Ballao;;RN;20/08/1974;092004;Ballao;092;CA
1974;CA;092;092013;Baradili;;AP;20/08/1974;095010;Baradili;095;OR
1974;CA;092;092014;Baratili San Pietro;;AP;20/08/1974;095011;Baratili San Pietro;095;OR
1974;CA;092;092015;Baressa;;AP;20/08/1974;095012;Baressa;095;OR
1974;CA;092;092016;Barrali;;RN;20/08/1974;092005;Barrali;092;CA
1974;CA;092;092017;Barumini;;RN;20/08/1974;092006;Barumini;092;CA
1974;CA;092;092018;Bauladu;;AP;20/08/1974;095013;Bauladu;095;OR
1974;CA;092;092019;Bidonì;;AP;20/08/1974;095014;Bidonì;095;OR
1974;CA;092;092020;Bonarcado;;AP;20/08/1974;095015;Bonarcado;095;OR
1974;CA;092;092021;Boroneddu;;AP;20/08/1974;095016;Boroneddu;095;OR
1974;CA;092;092022;Buggerru;;RN;20/08/1974;092007;Buggerru;092;CA
1974;CA;092;092023;Burcei;;RN;20/08/1974;092008;Burcei;092;CA
1974;CA;092;092024;Busachi;;AP;20/08/1974;095017;Busachi;095;OR
1974;CA;092;092025;Cabras;;AP;20/08/1974;095018;Cabras;095;OR
1974;CA;092;092026;Cagliari;;RN;20/08/1974;092009;Cagliari;092;CA
1974;CA;092;092027;Calasetta;;RN;20/08/1974;092010;Calasetta;092;CA
1974;CA;092;092028;Capoterra;;RN;20/08/1974;092011;Capoterra;092;CA
1974;CA;092;092029;Carbonia;;RN;20/08/1974;092012;Carbonia;092;CA
1974;CA;092;092030;Carloforte;;RN;20/08/1974;092013;Carloforte;092;CA
1974;CA;092;092031;Collinas;;RN;20/08/1974;092014;Collinas;092;CA
1974;CA;092;092032;Decimomannu;;RN;20/08/1974;092015;Decimomannu;092;CA
1974;CA;092;092033;Decimoputzu;;RN;20/08/1974;092016;Decimoputzu;092;CA
1974;CA;092;092034;Dolianova;;RN;20/08/1974;092017;Dolianova;092;CA
1974;CA;092;092035;Domus de Maria;;RN;20/08/1974;092018;Domus de Maria;092;CA
1974;CA;092;092036;Domusnovas;;RN;20/08/1974;092019;Domusnovas;092;CA
1974;CA;092;092037;Donori;;RN;20/08/1974;092020;Donori;092;CA
1974;CA;092;092038;Gonnosnò;;AP;20/08/1974;095023;Gonnosnò;095;OR
1974;CA;092;092039;Fluminimaggiore;;RN;20/08/1974;092021;Fluminimaggiore;092;CA
1974;CA;092;092040;Fordongianus;;AP;20/08/1974;095020;Fordongianus;095;OR
1974;CA;092;092041;Furtei;;RN;20/08/1974;092022;Furtei;092;CA
1974;CA;092;092042;Genuri;;RN;20/08/1974;092023;Genuri;092;CA
1974;CA;092;092043;Gesico;;RN;20/08/1974;092024;Gesico;092;CA
1974;CA;092;092044;Gesturi;;RN;20/08/1974;092025;Gesturi;092;CA
1974;CA;092;092045;Ghilarza;;AP;20/08/1974;095021;Ghilarza;095;OR
1974;CA;092;092046;Giba;;RN;20/08/1974;092026;Giba;092;CA
1974;CA;092;092047;Goni;;RN;20/08/1974;092027;Goni;092;CA
1974;CA;092;092048;Gonnesa;;RN;20/08/1974;092028;Gonnesa;092;CA
1974;CA;092;092049;Gonnoscodina;;AP;20/08/1974;095022;Gonnoscodina;095;OR
1974;CA;092;092050;Gonnosfanadiga;;RN;20/08/1974;092029;Gonnosfanadiga;092;CA
1974;CA;092;092051;Gonnostramatza;;AP;20/08/1974;095024;Gonnostramatza;095;OR
1974;CA;092;092052;Guamaggiore;;RN;20/08/1974;092030;Guamaggiore;092;CA
1974;CA;092;092053;Guasila;;RN;20/08/1974;092031;Guasila;092;CA
1974;CA;092;092054;Guspini;;RN;20/08/1974;092032;Guspini;092;CA
1974;CA;092;092055;Iglesias;;RN;20/08/1974;092033;Iglesias;092;CA
1974;CA;092;092056;Las Plassas;;RN;20/08/1974;092034;Las Plassas;092;CA
1974;CA;092;092057;Lunamatrona;;RN;20/08/1974;092035;Lunamatrona;092;CA
1974;CA;092;092058;Mandas;;RN;20/08/1974;092036;Mandas;092;CA
1974;CA;092;092059;Maracalagonis;;RN;20/08/1974;092037;Maracalagonis;092;CA
1974;CA;092;092060;Marrubiu;;AP;20/08/1974;095025;Marrubiu;095;OR
1974;CA;092;092061;Masullas;;AP;20/08/1974;095026;Masullas;095;OR
1974;CA;092;092062;Milis;;AP;20/08/1974;095027;Milis;095;OR
1974;CA;092;092063;Mogorella;;AP;20/08/1974;095028;Mogorella;095;OR
1974;CA;092;092064;Mogoro;;AP;20/08/1974;095029;Mogoro;095;OR
1974;CA;092;092065;Monastir;;RN;20/08/1974;092038;Monastir;092;CA
1974;CA;092;092066;Morgongiori;;AP;20/08/1974;095030;Morgongiori;095;OR
1974;CA;092;092067;Muravera;;RN;20/08/1974;092039;Muravera;092;CA
1974;CA;092;092068;Musei;;RN;20/08/1974;092040;Musei;092;CA
1974;CA;092;092069;Narbolia;;AP;20/08/1974;095031;Narbolia;095;OR
1974;CA;092;092070;Narcao;;RN;20/08/1974;092041;Narcao;092;CA
1974;CA;092;092071;Neoneli;;AP;20/08/1974;095032;Neoneli;095;OR
1974;CA;092;092072;Norbello;;AP;20/08/1974;095033;Norbello;095;OR
1974;CA;092;092073;Nughedu Santa Vittoria;;AP;20/08/1974;095034;Nughedu Santa Vittoria;095;OR
1974;CA;092;092074;Nurachi;;AP;20/08/1974;095035;Nurachi;095;OR
1974;CA;092;092075;Nuraminis;;RN;20/08/1974;092042;Nuraminis;092;CA
1974;CA;092;092076;Nureci;;AP;20/08/1974;095036;Nureci;095;OR
1974;CA;092;092077;Nuxis;;RN;20/08/1974;092043;Nuxis;092;CA
1974;CA;092;092078;Albagiara;;AP;20/08/1974;095003;Albagiara;095;OR
1974;CA;092;092079;Ollastra Simaxis;;AP;20/08/1974;095037;Ollastra Simaxis;095;OR
1974;CA;092;092080;Oristano;;AP;20/08/1974;095038;Oristano;095;OR
1974;CA;092;092081;Ortacesus;;RN;20/08/1974;092044;Ortacesus;092;CA
1974;CA;092;092082;Pabillonis;;RN;20/08/1974;092045;Pabillonis;092;CA
1974;CA;092;092083;Palmas Arborea;;AP;20/08/1974;095039;Palmas Arborea;095;OR
1974;CA;092;092084;Pau;;AP;20/08/1974;095040;Pau;095;OR
1974;CA;092;092085;Pauli Arbarei;;RN;20/08/1974;092046;Pauli Arbarei;092;CA
1974;CA;092;092086;Paulilatino;;AP;20/08/1974;095041;Paulilatino;095;OR
1974;CA;092;092087;Perdaxius;;RN;20/08/1974;092047;Perdaxius;092;CA
1974;CA;092;092088;Pimentel;;RN;20/08/1974;092048;Pimentel;092;CA
1974;CA;092;092089;Portoscuso;;RN;20/08/1974;092049;Portoscuso;092;CA
1974;CA;092;092090;Pula;;RN;20/08/1974;092050;Pula;092;CA
1974;CA;092;092091;Quartu Sant'Elena;;RN;20/08/1974;092051;Quartu Sant'Elena;092;CA
1974;CA;092;092092;Riola Sardo;;AP;20/08/1974;095043;Riola Sardo;095;OR
1974;CA;092;092093;Ruinas;;AP;20/08/1974;095044;Ruinas;095;OR
1974;CA;092;092094;Samassi;;RN;20/08/1974;092052;Samassi;092;CA
1974;CA;092;092095;Samatzai;;RN;20/08/1974;092053;Samatzai;092;CA
1974;CA;092;092096;Samugheo;;AP;20/08/1974;095045;Samugheo;095;OR
1974;CA;092;092097;San Basilio;;RN;20/08/1974;092054;San Basilio;092;CA
1974;CA;092;092098;San Gavino Monreale;;RN;20/08/1974;092055;San Gavino Monreale;092;CA
1974;CA;092;092099;San Giovanni Suergiu;;RN;20/08/1974;092056;San Giovanni Suergiu;092;CA
1974;CA;092;092100;Sanluri;;RN;20/08/1974;092057;Sanluri;092;CA
1974;CA;092;092101;San Nicolò d'Arcidano;;AP;20/08/1974;095046;San Nicolò d'Arcidano;095;OR
1974;CA;092;092102;San Nicolò Gerrei;;RN;20/08/1974;092058;San Nicolò Gerrei;092;CA
1974;CA;092;092104;Santadi;;RN;20/08/1974;092060;Santadi;092;CA
1974;CA;092;092105;Santa Giusta;;AP;20/08/1974;095047;Santa Giusta;095;OR
1974;CA;092;092106;Sant'Andrea Frius;;RN;20/08/1974;092061;Sant'Andrea Frius;092;CA
1974;CA;092;092107;Sant'Antioco;;RN;20/08/1974;092063;Sant'Antioco;092;CA
1974;CA;092;092108;Sant'Antonio Ruinas;;AP;20/08/1974;095048;Sant'Antonio Ruinas;095;OR
1974;CA;092;092109;Santu Lussurgiu;;AP;20/08/1974;095049;Santu Lussurgiu;095;OR
1974;CA;092;092110;San Vero Milis;;AP;20/08/1974;095050;San Vero Milis;095;OR
1974;CA;092;092111;San Vito;;RN;20/08/1974;092064;San Vito;092;CA
1974;CA;092;092112;Sardara;;RN;20/08/1974;092065;Sardara;092;CA
1974;CA;092;092113;Sarroch;;RN;20/08/1974;092066;Sarroch;092;CA
1974;CA;092;092114;Sedilo;;AP;20/08/1974;095052;Sedilo;095;OR
1974;CA;092;092115;Segariu;;RN;20/08/1974;092067;Segariu;092;CA
1974;CA;092;092116;Selargius;;RN;20/08/1974;092068;Selargius;092;CA
1974;CA;092;092117;Selegas;;RN;20/08/1974;092069;Selegas;092;CA
1974;CA;092;092118;Seneghe;;AP;20/08/1974;095053;Seneghe;095;OR
1974;CA;092;092119;Senis;;AP;20/08/1974;095054;Senis;095;OR
1974;CA;092;092120;Senorbì;;RN;20/08/1974;092070;Senorbì;092;CA
1974;CA;092;092121;Serdiana;;RN;20/08/1974;092071;Serdiana;092;CA
1974;CA;092;092122;Serramanna;;RN;20/08/1974;092072;Serramanna;092;CA
1974;CA;092;092123;Serrenti;;RN;20/08/1974;092073;Serrenti;092;CA
1974;CA;092;092124;Sestu;;RN;20/08/1974;092074;Sestu;092;CA
1974;CA;092;092125;Settimo San Pietro;;RN;20/08/1974;092075;Settimo San Pietro;092;CA
1974;CA;092;092126;Setzu;;RN;20/08/1974;092076;Setzu;092;CA
1974;CA;092;092127;Siamaggiore;;AP;20/08/1974;095056;Siamaggiore;095;OR
1974;CA;092;092128;Siamanna-Siapiccia;;AP;20/08/1974;095057;Siamanna-Siapiccia;095;OR
1974;CA;092;092129;Siddi;;RN;20/08/1974;092077;Siddi;092;CA
1974;CA;092;092130;Siliqua;;RN;20/08/1974;092078;Siliqua;092;CA
1974;CA;092;092131;Silius;;RN;20/08/1974;092079;Silius;092;CA
1974;CA;092;092132;Simala;;AP;20/08/1974;095058;Simala;095;OR
1974;CA;092;092133;Simaxis;;AP;20/08/1974;095059;Simaxis;095;OR
1974;CA;092;092134;Sini;;AP;20/08/1974;095060;Sini;095;OR
1974;CA;092;092135;Sinnai;;RN;20/08/1974;092080;Sinnai;092;CA
1974;CA;092;092136;Siurgus Donigala;;RN;20/08/1974;092081;Siurgus Donigala;092;CA
1974;CA;092;092137;Solarussa;;AP;20/08/1974;095062;Solarussa;095;OR
1974;CA;092;092138;Soleminis;;RN;20/08/1974;092082;Soleminis;092;CA
1974;CA;092;092139;Sorradile;;AP;20/08/1974;095063;Sorradile;095;OR
1974;CA;092;092140;Suelli;;RN;20/08/1974;092083;Suelli;092;CA
1974;CA;092;092141;Tadasuni;;AP;20/08/1974;095064;Tadasuni;095;OR
1974;CA;092;092142;Terralba;;AP;20/08/1974;095065;Terralba;095;OR
1974;CA;092;092143;Teulada;;RN;20/08/1974;092084;Teulada;092;CA
1974;CA;092;092144;Tramatza;;AP;20/08/1974;095066;Tramatza;095;OR
1974;CA;092;092145;Tratalias;;RN;20/08/1974;092085;Tratalias;092;CA
1974;CA;092;092146;Tuili;;RN;20/08/1974;092086;Tuili;092;CA
1974;CA;092;092147;Turri;;RN;20/08/1974;092087;Turri;092;CA
1974;CA;092;092148;Ulà Tirso;;AP;20/08/1974;095068;Ulà Tirso;095;OR
1974;CA;092;092149;Uras;;AP;20/08/1974;095069;Uras;095;OR
1974;CA;092;092150;Usellus;;AP;20/08/1974;095070;Usellus;095;OR
1974;CA;092;092151;Ussana;;RN;20/08/1974;092088;Ussana;092;CA
1974;CA;092;092152;Ussaramanna;;RN;20/08/1974;092089;Ussaramanna;092;CA
1974;CA;092;092153;Uta;;RN;20/08/1974;092090;Uta;092;CA
1974;CA;092;092154;Vallermosa;;RN;20/08/1974;092091;Vallermosa;092;CA
1974;CA;092;092155;Villacidro;;RN;20/08/1974;092092;Villacidro;092;CA
1974;CA;092;092156;Villamar;;RN;20/08/1974;092093;Villamar;092;CA
1974;CA;092;092157;Villamassargia;;RN;20/08/1974;092094;Villamassargia;092;CA
1974;CA;092;092158;Villanovaforru;;RN;20/08/1974;092095;Villanovaforru;092;CA
1974;CA;092;092159;Villanovafranca;;RN;20/08/1974;092096;Villanovafranca;092;CA
1974;CA;092;092160;Villanova Truschedu;;AP;20/08/1974;095071;Villanova Truschedu;095;OR
1974;CA;092;092161;Villaputzu;;RN;20/08/1974;092097;Villaputzu;092;CA
1974;CA;092;092162;Villasalto;;RN;20/08/1974;092098;Villasalto;092;CA
1974;CA;092;092163;Villa San Pietro;;RN;20/08/1974;092099;Villa San Pietro;092;CA
1974;CA;092;092164;Villasimius;;RN;20/08/1974;092100;Villasimius;092;CA
1974;CA;092;092165;Villasor;;RN;20/08/1974;092101;Villasor;092;CA
1974;CA;092;092166;Villaspeciosa;;RN;20/08/1974;092102;Villaspeciosa;092;CA
1974;CA;092;092167;Villaurbana;;AP;20/08/1974;095072;Villaurbana;095;OR
1974;CA;092;092168;Villa Verde;;AP;20/08/1974;095073;Villa Verde;095;OR
1974;CA;092;092169;Zeddiani;;AP;20/08/1974;095074;Zeddiani;095;OR
1974;CA;092;092170;Zerfaliu;;AP;20/08/1974;095075;Zerfaliu;095;OR
1974;CA;092;092171;Siris;;AP;20/08/1974;095061;Siris;095;OR
1974;CA;092;092172;Sant'Anna Arresi;;RN;20/08/1974;092062;Sant'Anna Arresi;092;CA
1974;CA;092;092173;Pompu;;AP;20/08/1974;095042;Pompu;095;OR
1974;CA;092;092886;San Sperate;;RN;20/08/1974;092059;San Sperate;092;CA
1970;CB;070;070002;Acquaviva d'Isernia;;AP;03/03/1970;094001;Acquaviva d'Isernia;094;IS
1970;CB;070;070003;Agnone;;AP;03/03/1970;094002;Agnone;094;IS
1970;CB;070;070004;Bagnoli del Trigno;;AP;03/03/1970;094003;Bagnoli del Trigno;094;IS
1970;CB;070;070005;Baranello;;RN;03/03/1970;070002;Baranello;070;CB
1970;CB;070;070006;Belmonte del Sannio;;AP;03/03/1970;094004;Belmonte del Sannio;094;IS
1970;CB;070;070007;Bojano;;RN;03/03/1970;070003;Bojano;070;CB
1970;CB;070;070008;Bonefro;;RN;03/03/1970;070004;Bonefro;070;CB
1970;CB;070;070009;Busso;;RN;03/03/1970;070005;Busso;070;CB
1970;CB;070;070010;Campobasso;;RN;03/03/1970;070006;Campobasso;070;CB
1970;CB;070;070011;Campochiaro;;RN;03/03/1970;070007;Campochiaro;070;CB
1970;CB;070;070012;Campodipietra;;RN;03/03/1970;070008;Campodipietra;070;CB
1970;CB;070;070013;Campolieto;;RN;03/03/1970;070009;Campolieto;070;CB
1970;CB;070;070014;Campomarino;;RN;03/03/1970;070010;Campomarino;070;CB
1970;CB;070;070015;Cantalupo nel Sannio;;AP;03/03/1970;094005;Cantalupo nel Sannio;094;IS
1970;CB;070;070016;Capracotta;;AP;03/03/1970;094006;Capracotta;094;IS
1970;CB;070;070017;Carovilli;;AP;03/03/1970;094007;Carovilli;094;IS
1970;CB;070;070018;Carpinone;;AP;03/03/1970;094008;Carpinone;094;IS
1970;CB;070;070019;Casacalenda;;RN;03/03/1970;070011;Casacalenda;070;CB
1970;CB;070;070020;Casalciprano;;RN;03/03/1970;070012;Casalciprano;070;CB
1970;CB;070;070021;Castelbottaccio;;RN;03/03/1970;070013;Castelbottaccio;070;CB
1970;CB;070;070022;Castel del Giudice;;AP;03/03/1970;094009;Castel del Giudice;094;IS
1970;CB;070;070023;Castellino del Biferno;;RN;03/03/1970;070014;Castellino del Biferno;070;CB
1970;CB;070;070024;Castelmauro;;RN;03/03/1970;070015;Castelmauro;070;CB
1970;CB;070;070025;Castelpetroso;;AP;03/03/1970;094010;Castelpetroso;094;IS
1970;CB;070;070026;Castelpizzuto;;AP;03/03/1970;094011;Castelpizzuto;094;IS
1970;CB;070;070027;Castel San Vincenzo;;AP;03/03/1970;094012;Castel San Vincenzo;094;IS
1970;CB;070;070028;Castelverrino;;AP;03/03/1970;094013;Castelverrino;094;IS
1970;CB;070;070029;Castropignano;;RN;03/03/1970;070016;Castropignano;070;CB
1970;CB;070;070030;Cercemaggiore;;RN;03/03/1970;070017;Cercemaggiore;070;CB
1970;CB;070;070031;Cercepiccola;;RN;03/03/1970;070018;Cercepiccola;070;CB
1970;CB;070;070032;Cerro al Volturno;;AP;03/03/1970;094014;Cerro al Volturno;094;IS
1970;CB;070;070033;Chiauci;;AP;03/03/1970;094015;Chiauci;094;IS
1970;CB;070;070034;Civitacampomarano;;RN;03/03/1970;070019;Civitacampomarano;070;CB
1970;CB;070;070035;Civitanova del Sannio;;AP;03/03/1970;094016;Civitanova del Sannio;094;IS
1970;CB;070;070036;Colle d'Anchise;;RN;03/03/1970;070020;Colle d'Anchise;070;CB
1970;CB;070;070037;Colletorto;;RN;03/03/1970;070021;Colletorto;070;CB
1970;CB;070;070038;Colli a Volturno;;AP;03/03/1970;094017;Colli a Volturno;094;IS
1970;CB;070;070039;Conca Casale;;AP;03/03/1970;094018;Conca Casale;094;IS
1970;CB;070;070040;Duronia;;RN;03/03/1970;070022;Duronia;070;CB
1970;CB;070;070041;Ferrazzano;;RN;03/03/1970;070023;Ferrazzano;070;CB
1970;CB;070;070042;Filignano;;AP;03/03/1970;094019;Filignano;094;IS
1970;CB;070;070043;Forlì del Sannio;;AP;03/03/1970;094020;Forlì del Sannio;094;IS
1970;CB;070;070044;Fornelli;;AP;03/03/1970;094021;Fornelli;094;IS
1970;CB;070;070045;Fossalto;;RN;03/03/1970;070024;Fossalto;070;CB
1970;CB;070;070046;Frosolone;;AP;03/03/1970;094022;Frosolone;094;IS
1970;CB;070;070047;Gambatesa;;RN;03/03/1970;070025;Gambatesa;070;CB
1970;CB;070;070048;Gildone;;RN;03/03/1970;070026;Gildone;070;CB
1970;CB;070;070049;Guardialfiera;;RN;03/03/1970;070027;Guardialfiera;070;CB
1970;CB;070;070050;Guardiaregia;;RN;03/03/1970;070028;Guardiaregia;070;CB
1970;CB;070;070051;Guglionesi;;RN;03/03/1970;070029;Guglionesi;070;CB
1970;CB;070;070052;Isernia;;AP;03/03/1970;094023;Isernia;094;IS
1970;CB;070;070053;Jelsi;;RN;03/03/1970;070030;Jelsi;070;CB
1970;CB;070;070054;Larino;;RN;03/03/1970;070031;Larino;070;CB
1970;CB;070;070055;Limosano;;RN;03/03/1970;070032;Limosano;070;CB
1970;CB;070;070056;Longano;;AP;03/03/1970;094024;Longano;094;IS
1970;CB;070;070057;Lucito;;RN;03/03/1970;070033;Lucito;070;CB
1970;CB;070;070058;Lupara;;RN;03/03/1970;070034;Lupara;070;CB
1970;CB;070;070059;Macchia d'Isernia;;AP;03/03/1970;094025;Macchia d'Isernia;094;IS
1970;CB;070;070060;Macchiagodena;;AP;03/03/1970;094026;Macchiagodena;094;IS
1970;CB;070;070061;Macchia Valfortore;;RN;03/03/1970;070035;Macchia Valfortore;070;CB
1970;CB;070;070062;Mafalda;;RN;03/03/1970;070036;Mafalda;070;CB
1970;CB;070;070063;Matrice;;RN;03/03/1970;070037;Matrice;070;CB
1970;CB;070;070064;Mirabello Sannitico;;RN;03/03/1970;070038;Mirabello Sannitico;070;CB
1970;CB;070;070065;Miranda;;AP;03/03/1970;094027;Miranda;094;IS
1970;CB;070;070066;Molise;;RN;03/03/1970;070039;Molise;070;CB
1970;CB;070;070067;Monacilioni;;RN;03/03/1970;070040;Monacilioni;070;CB
1970;CB;070;070068;Montagano;;RN;03/03/1970;070041;Montagano;070;CB
1970;CB;070;070069;Montaquila;;AP;03/03/1970;094028;Montaquila;094;IS
1970;CB;070;070070;Montecilfone;;RN;03/03/1970;070042;Montecilfone;070;CB
1970;CB;070;070071;Montefalcone nel Sannio;;RN;03/03/1970;070043;Montefalcone nel Sannio;070;CB
1970;CB;070;070072;Montelongo;;RN;03/03/1970;070044;Montelongo;070;CB
1970;CB;070;070073;Montemitro;;RN;03/03/1970;070045;Montemitro;070;CB
1970;CB;070;070074;Montenero di Bisaccia;;RN;03/03/1970;070046;Montenero di Bisaccia;070;CB
1970;CB;070;070075;Montenero Val Cocchiara;;AP;03/03/1970;094029;Montenero Val Cocchiara;094;IS
1970;CB;070;070076;Monteroduni;;AP;03/03/1970;094030;Monteroduni;094;IS
1970;CB;070;070077;Montorio nei Frentani;;RN;03/03/1970;070047;Montorio nei Frentani;070;CB
1970;CB;070;070078;Morrone del Sannio;;RN;03/03/1970;070048;Morrone del Sannio;070;CB
1970;CB;070;070079;Oratino;;RN;03/03/1970;070049;Oratino;070;CB
1970;CB;070;070080;Palata;;RN;03/03/1970;070050;Palata;070;CB
1970;CB;070;070081;Pesche;;AP;03/03/1970;094031;Pesche;094;IS
1970;CB;070;070082;Pescolanciano;;AP;03/03/1970;094032;Pescolanciano;094;IS
1970;CB;070;070083;Pescopennataro;;AP;03/03/1970;094033;Pescopennataro;094;IS
1970;CB;070;070084;Petacciato;;RN;03/03/1970;070051;Petacciato;070;CB
1970;CB;070;070085;Petrella Tifernina;;RN;03/03/1970;070052;Petrella Tifernina;070;CB
1970;CB;070;070086;Pettoranello del Molise;;AP;03/03/1970;094034;Pettoranello del Molise;094;IS
1970;CB;070;070087;Pietrabbondante;;AP;03/03/1970;094035;Pietrabbondante;094;IS
1970;CB;070;070088;Pietracatella;;RN;03/03/1970;070053;Pietracatella;070;CB
1970;CB;070;070089;Pietracupa;;RN;03/03/1970;070054;Pietracupa;070;CB
1970;CB;070;070090;Pizzone;;AP;03/03/1970;094036;Pizzone;094;IS
1970;CB;070;070091;Poggio Sannita;;AP;03/03/1970;094037;Poggio Sannita;094;IS
1970;CB;070;070092;Portocannone;;RN;03/03/1970;070055;Portocannone;070;CB
1970;CB;070;070093;Pozzilli;;AP;03/03/1970;094038;Pozzilli;094;IS
1970;CB;070;070094;Provvidenti;;RN;03/03/1970;070056;Provvidenti;070;CB
1970;CB;070;070095;Riccia;;RN;03/03/1970;070057;Riccia;070;CB
1970;CB;070;070096;Rionero Sannitico;;AP;03/03/1970;094039;Rionero Sannitico;094;IS
1970;CB;070;070097;Ripabottoni;;RN;03/03/1970;070058;Ripabottoni;070;CB
1970;CB;070;070098;Ripalimosano;;RN;03/03/1970;070059;Ripalimosano;070;CB
1970;CB;070;070099;Roccamandolfi;;AP;03/03/1970;094040;Roccamandolfi;094;IS
1970;CB;070;070100;Roccasicura;;AP;03/03/1970;094041;Roccasicura;094;IS
1970;CB;070;070101;Roccavivara;;RN;03/03/1970;070060;Roccavivara;070;CB
1970;CB;070;070102;Rocchetta a Volturno;;AP;03/03/1970;094042;Rocchetta a Volturno;094;IS
1970;CB;070;070103;Rotello;;RN;03/03/1970;070061;Rotello;070;CB
1970;CB;070;070104;Salcito;;RN;03/03/1970;070062;Salcito;070;CB
1970;CB;070;070105;San Biase;;RN;03/03/1970;070063;San Biase;070;CB
1970;CB;070;070106;San Felice del Molise;;RN;03/03/1970;070064;San Felice del Molise;070;CB
1970;CB;070;070107;San Giacomo degli Schiavoni;;RN;03/03/1970;070065;San Giacomo degli Schiavoni;070;CB
1970;CB;070;070108;San Giovanni in Galdo;;RN;03/03/1970;070066;San Giovanni in Galdo;070;CB
1970;CB;070;070109;San Giuliano del Sannio;;RN;03/03/1970;070067;San Giuliano del Sannio;070;CB
1970;CB;070;070110;San Giuliano di Puglia;;RN;03/03/1970;070068;San Giuliano di Puglia;070;CB
1970;CB;070;070111;San Martino in Pensilis;;RN;03/03/1970;070069;San Martino in Pensilis;070;CB
1970;CB;070;070112;San Massimo;;RN;03/03/1970;070070;San Massimo;070;CB
1970;CB;070;070113;San Pietro Avellana;;AP;03/03/1970;094043;San Pietro Avellana;094;IS
1970;CB;070;070114;San Polomatese;;RN;03/03/1970;070071;San Polomatese;070;CB
1970;CB;070;070115;Santa Croce di Magliano;;RN;03/03/1970;070072;Santa Croce di Magliano;070;CB
1970;CB;070;070116;Sant'Agapito;;AP;03/03/1970;094044;Sant'Agapito;094;IS
1970;CB;070;070117;Santa Maria del Molise;;AP;03/03/1970;094045;Santa Maria del Molise;094;IS
1970;CB;070;070118;Sant'Angelo del Pesco;;AP;03/03/1970;094046;Sant'Angelo del Pesco;094;IS
1970;CB;070;070119;Sant'Angelo Limosano;;RN;03/03/1970;070073;Sant'Angelo Limosano;070;CB
1970;CB;070;070120;Sant'Elena Sannita;;AP;03/03/1970;094047;Sant'Elena Sannita;094;IS
1970;CB;070;070121;Sant'Elia a Pianisi;;RN;03/03/1970;070074;Sant'Elia a Pianisi;070;CB
1970;CB;070;070122;Scapoli;;AP;03/03/1970;094048;Scapoli;094;IS
1970;CB;070;070123;Sepino;;RN;03/03/1970;070075;Sepino;070;CB
1970;CB;070;070124;Sessano del Molise;;AP;03/03/1970;094049;Sessano del Molise;094;IS
1970;CB;070;070125;Sesto Campano;;AP;03/03/1970;094050;Sesto Campano;094;IS
1970;CB;070;070126;Spinete;;RN;03/03/1970;070076;Spinete;070;CB
1970;CB;070;070127;Tavenna;;RN;03/03/1970;070077;Tavenna;070;CB
1970;CB;070;070128;Termoli;;RN;03/03/1970;070078;Termoli;070;CB
1970;CB;070;070129;Torella del Sannio;;RN;03/03/1970;070079;Torella del Sannio;070;CB
1970;CB;070;070130;Toro;;RN;03/03/1970;070080;Toro;070;CB
1970;CB;070;070131;Trivento;;RN;03/03/1970;070081;Trivento;070;CB
1970;CB;070;070132;Tufara;;RN;03/03/1970;070082;Tufara;070;CB
1970;CB;070;070133;Ururi;;RN;03/03/1970;070083;Ururi;070;CB
1970;CB;070;070134;Vastogirardi;;AP;03/03/1970;094051;Vastogirardi;094;IS
1970;CB;070;070135;Venafro;;AP;03/03/1970;094052;Venafro;094;IS
1970;CB;070;070136;Vinchiaturo;;RN;03/03/1970;070084;Vinchiaturo;070;CB
1969;PN;093;093023;Forgaria nel Friuli;;AP;23/04/1969;030137;Forgaria nel Friuli;030;UD
1968;UD;030;030004;Andreis;;AP;06/04/1968;093001;Andreis;093;PN
1968;UD;030;030005;Aquileia;;RN;06/04/1968;030004;Aquileia;030;UD
1968;UD;030;030006;Arba;;AP;06/04/1968;093002;Arba;093;PN
1968;UD;030;030007;Arta Terme;;RN;06/04/1968;030005;Arta Terme;030;UD
1968;UD;030;030008;Artegna;;RN;06/04/1968;030006;Artegna;030;UD
1968;UD;030;030009;Arzene;;AP;06/04/1968;093003;Arzene;093;PN
1968;UD;030;030010;Attimis;;RN;06/04/1968;030007;Attimis;030;UD
1968;UD;030;030011;Aviano;;AP;06/04/1968;093004;Aviano;093;PN
1968;UD;030;030012;Azzano Decimo;;AP;06/04/1968;093005;Azzano Decimo;093;PN
1968;UD;030;030013;Bagnaria Arsa;;RN;06/04/1968;030008;Bagnaria Arsa;030;UD
1968;UD;030;030014;Barcis;;AP;06/04/1968;093006;Barcis;093;PN
1968;UD;030;030015;Basiliano;;RN;06/04/1968;030009;Basiliano;030;UD
1968;UD;030;030016;Bertiolo;;RN;06/04/1968;030010;Bertiolo;030;UD
1968;UD;030;030017;Bicinicco;;RN;06/04/1968;030011;Bicinicco;030;UD
1968;UD;030;030018;Bordano;;RN;06/04/1968;030012;Bordano;030;UD
1968;UD;030;030019;Brugnera;;AP;06/04/1968;093007;Brugnera;093;PN
1968;UD;030;030020;Budoia;;AP;06/04/1968;093008;Budoia;093;PN
1968;UD;030;030021;Buja;;RN;06/04/1968;030013;Buja;030;UD
1968;UD;030;030022;Buttrio;;RN;06/04/1968;030014;Buttrio;030;UD
1968;UD;030;030023;Camino al Tagliamento;;RN;06/04/1968;030015;Camino al Tagliamento;030;UD
1968;UD;030;030024;Campoformido;;RN;06/04/1968;030016;Campoformido;030;UD
1968;UD;030;030025;Campolongo al Torre;;RN;06/04/1968;030017;Campolongo al Torre;030;UD
1968;UD;030;030026;Caneva;;AP;06/04/1968;093009;Caneva;093;PN
1968;UD;030;030027;Carlino;;RN;06/04/1968;030018;Carlino;030;UD
1968;UD;030;030028;Casarsa della Delizia;;AP;06/04/1968;093010;Casarsa della Delizia;093;PN
1968;UD;030;030029;Cassacco;;RN;06/04/1968;030019;Cassacco;030;UD
1968;UD;030;030030;Castelnovo del Friuli;;AP;06/04/1968;093011;Castelnovo del Friuli;093;PN
1968;UD;030;030031;Castions di Strada;;RN;06/04/1968;030020;Castions di Strada;030;UD
1968;UD;030;030032;Cavasso Nuovo;;AP;06/04/1968;093012;Cavasso Nuovo;093;PN
1968;UD;030;030033;Cavazzo Carnico;;RN;06/04/1968;030021;Cavazzo Carnico;030;UD
1968;UD;030;030034;Cercivento;;RN;06/04/1968;030022;Cercivento;030;UD
1968;UD;030;030035;Cervignano del Friuli;;RN;06/04/1968;030023;Cervignano del Friuli;030;UD
1968;UD;030;030036;Chions;;AP;06/04/1968;093013;Chions;093;PN
1968;UD;030;030037;Chiopris-Viscone;;RN;06/04/1968;030024;Chiopris-Viscone;030;UD
1968;UD;030;030038;Chiusaforte;;RN;06/04/1968;030025;Chiusaforte;030;UD
1968;UD;030;030039;Cimolais;;AP;06/04/1968;093014;Cimolais;093;PN
1968;UD;030;030040;Cividale del Friuli;;RN;06/04/1968;030026;Cividale del Friuli;030;UD
1968;UD;030;030041;Claut;;AP;06/04/1968;093015;Claut;093;PN
1968;UD;030;030042;Clauzetto;;AP;06/04/1968;093016;Clauzetto;093;PN
1968;UD;030;030043;Codroipo;;RN;06/04/1968;030027;Codroipo;030;UD
1968;UD;030;030044;Colloredo di Monte Albano;;RN;06/04/1968;030028;Colloredo di Monte Albano;030;UD
1968;UD;030;030045;Comeglians;;RN;06/04/1968;030029;Comeglians;030;UD
1968;UD;030;030046;Cordenons;;AP;06/04/1968;093017;Cordenons;093;PN
1968;UD;030;030047;Cordovado;;AP;06/04/1968;093018;Cordovado;093;PN
1968;UD;030;030048;Corno di Rosazzo;;RN;06/04/1968;030030;Corno di Rosazzo;030;UD
1968;UD;030;030049;Coseano;;RN;06/04/1968;030031;Coseano;030;UD
1968;UD;030;030050;Dignano;;RN;06/04/1968;030032;Dignano;030;UD
1968;UD;030;030051;Dogna;;RN;06/04/1968;030033;Dogna;030;UD
1968;UD;030;030052;Drenchia;;RN;06/04/1968;030034;Drenchia;030;UD
1968;UD;030;030053;Enemonzo;;RN;06/04/1968;030035;Enemonzo;030;UD
1968;UD;030;030054;Erto e Casso;;AP;06/04/1968;093019;Erto e Casso;093;PN
1968;UD;030;030055;Faedis;;RN;06/04/1968;030036;Faedis;030;UD
1968;UD;030;030056;Fagagna;;RN;06/04/1968;030037;Fagagna;030;UD
1968;UD;030;030057;Fanna;;AP;06/04/1968;093020;Fanna;093;PN
1968;UD;030;030058;Fiume Veneto;;AP;06/04/1968;093021;Fiume Veneto;093;PN
1968;UD;030;030059;Fiumicello;;RN;06/04/1968;030038;Fiumicello;030;UD
1968;UD;030;030060;Flaibano;;RN;06/04/1968;030039;Flaibano;030;UD
1968;UD;030;030061;Fontanafredda;;AP;06/04/1968;093022;Fontanafredda;093;PN
1968;UD;030;030062;Forgaria nel Friuli;;AP;06/04/1968;093023;Forgaria nel Friuli;093;PN
1968;UD;030;030063;Forni Avoltri;;RN;06/04/1968;030040;Forni Avoltri;030;UD
1968;UD;030;030064;Forni di Sopra;;RN;06/04/1968;030041;Forni di Sopra;030;UD
1968;UD;030;030065;Forni di Sotto;;RN;06/04/1968;030042;Forni di Sotto;030;UD
1968;UD;030;030066;Frisanco;;AP;06/04/1968;093024;Frisanco;093;PN
1968;UD;030;030067;Gemona del Friuli;;RN;06/04/1968;030043;Gemona del Friuli;030;UD
1968;UD;030;030068;Gonars;;RN;06/04/1968;030044;Gonars;030;UD
1968;UD;030;030069;Grimacco;;RN;06/04/1968;030045;Grimacco;030;UD
1968;UD;030;030070;Latisana;;RN;06/04/1968;030046;Latisana;030;UD
1968;UD;030;030071;Lauco;;RN;06/04/1968;030047;Lauco;030;UD
1968;UD;030;030072;Lestizza;;RN;06/04/1968;030048;Lestizza;030;UD
1968;UD;030;030073;Lignano Sabbiadoro;;RN;06/04/1968;030049;Lignano Sabbiadoro;030;UD
1968;UD;030;030074;Ligosullo;;RN;06/04/1968;030050;Ligosullo;030;UD
1968;UD;030;030075;Lusevera;;RN;06/04/1968;030051;Lusevera;030;UD
1968;UD;030;030076;Magnano in Riviera;;RN;06/04/1968;030052;Magnano in Riviera;030;UD
1968;UD;030;030077;Majano;;RN;06/04/1968;030053;Majano;030;UD
1968;UD;030;030078;Malborghetto Valbruna;;RN;06/04/1968;030054;Malborghetto Valbruna;030;UD
1968;UD;030;030079;Maniago;;AP;06/04/1968;093025;Maniago;093;PN
1968;UD;030;030080;Manzano;;RN;06/04/1968;030055;Manzano;030;UD
1968;UD;030;030081;Marano Lagunare;;RN;06/04/1968;030056;Marano Lagunare;030;UD
1968;UD;030;030082;Martignacco;;RN;06/04/1968;030057;Martignacco;030;UD
1968;UD;030;030083;Meduno;;AP;06/04/1968;093026;Meduno;093;PN
1968;UD;030;030084;Mereto di Tomba;;RN;06/04/1968;030058;Mereto di Tomba;030;UD
1968;UD;030;030085;Moggio Udinese;;RN;06/04/1968;030059;Moggio Udinese;030;UD
1968;UD;030;030086;Moimacco;;RN;06/04/1968;030060;Moimacco;030;UD
1968;UD;030;030087;Montenars;;RN;06/04/1968;030061;Montenars;030;UD
1968;UD;030;030088;Montereale Valcellina;;AP;06/04/1968;093027;Montereale Valcellina;093;PN
1968;UD;030;030089;Morsano al Tagliamento;;AP;06/04/1968;093028;Morsano al Tagliamento;093;PN
1968;UD;030;030090;Mortegliano;;RN;06/04/1968;030062;Mortegliano;030;UD
1968;UD;030;030091;Moruzzo;;RN;06/04/1968;030063;Moruzzo;030;UD
1968;UD;030;030092;Muzzana del Turgnano;;RN;06/04/1968;030064;Muzzana del Turgnano;030;UD
1968;UD;030;030093;Nimis;;RN;06/04/1968;030065;Nimis;030;UD
1968;UD;030;030094;Osoppo;;RN;06/04/1968;030066;Osoppo;030;UD
1968;UD;030;030095;Ovaro;;RN;06/04/1968;030067;Ovaro;030;UD
1968;UD;030;030096;Pagnacco;;RN;06/04/1968;030068;Pagnacco;030;UD
1968;UD;030;030097;Palazzolo dello Stella;;RN;06/04/1968;030069;Palazzolo dello Stella;030;UD
1968;UD;030;030098;Palmanova;;RN;06/04/1968;030070;Palmanova;030;UD
1968;UD;030;030099;Paluzza;;RN;06/04/1968;030071;Paluzza;030;UD
1968;UD;030;030100;Pasian di Prato;;RN;06/04/1968;030072;Pasian di Prato;030;UD
1968;UD;030;030101;Pasiano di Pordenone;;AP;06/04/1968;093029;Pasiano di Pordenone;093;PN
1968;UD;030;030102;Paularo;;RN;06/04/1968;030073;Paularo;030;UD
1968;UD;030;030103;Pavia di Udine;;RN;06/04/1968;030074;Pavia di Udine;030;UD
1968;UD;030;030104;Pinzano al Tagliamento;;AP;06/04/1968;093030;Pinzano al Tagliamento;093;PN
1968;UD;030;030105;Pocenia;;RN;06/04/1968;030075;Pocenia;030;UD
1968;UD;030;030106;Polcenigo;;AP;06/04/1968;093031;Polcenigo;093;PN
1968;UD;030;030107;Pontebba;;RN;06/04/1968;030076;Pontebba;030;UD
1968;UD;030;030108;Porcia;;AP;06/04/1968;093032;Porcia;093;PN
1968;UD;030;030109;Pordenone;;AP;06/04/1968;093033;Pordenone;093;PN
1968;UD;030;030110;Porpetto;;RN;06/04/1968;030077;Porpetto;030;UD
1968;UD;030;030111;Povoletto;;RN;06/04/1968;030078;Povoletto;030;UD
1968;UD;030;030112;Pozzuolo del Friuli;;RN;06/04/1968;030079;Pozzuolo del Friuli;030;UD
1968;UD;030;030113;Pradamano;;RN;06/04/1968;030080;Pradamano;030;UD
1968;UD;030;030114;Prata di Pordenone;;AP;06/04/1968;093034;Prata di Pordenone;093;PN
1968;UD;030;030115;Prato Carnico;;RN;06/04/1968;030081;Prato Carnico;030;UD
1968;UD;030;030116;Pravisdomini;;AP;06/04/1968;093035;Pravisdomini;093;PN
1968;UD;030;030117;Precenicco;;RN;06/04/1968;030082;Precenicco;030;UD
1968;UD;030;030118;Premariacco;;RN;06/04/1968;030083;Premariacco;030;UD
1968;UD;030;030119;Preone;;RN;06/04/1968;030084;Preone;030;UD
1968;UD;030;030120;Prepotto;;RN;06/04/1968;030085;Prepotto;030;UD
1968;UD;030;030121;Pulfero;;RN;06/04/1968;030086;Pulfero;030;UD
1968;UD;030;030122;Ragogna;;RN;06/04/1968;030087;Ragogna;030;UD
1968;UD;030;030123;Ravascletto;;RN;06/04/1968;030088;Ravascletto;030;UD
1968;UD;030;030124;Raveo;;RN;06/04/1968;030089;Raveo;030;UD
1968;UD;030;030125;Reana del Rojale;;RN;06/04/1968;030090;Reana del Rojale;030;UD
1968;UD;030;030126;Remanzacco;;RN;06/04/1968;030091;Remanzacco;030;UD
1968;UD;030;030127;Resia;;RN;06/04/1968;030092;Resia;030;UD
1968;UD;030;030128;Resiutta;;RN;06/04/1968;030093;Resiutta;030;UD
1968;UD;030;030129;Rigolato;;RN;06/04/1968;030094;Rigolato;030;UD
1968;UD;030;030130;Rive d'Arcano;;RN;06/04/1968;030095;Rive d'Arcano;030;UD
1968;UD;030;030131;Rivignano;;RN;06/04/1968;030096;Rivignano;030;UD
1968;UD;030;030132;Ronchis;;RN;06/04/1968;030097;Ronchis;030;UD
1968;UD;030;030133;Roveredo in Piano;;AP;06/04/1968;093036;Roveredo in Piano;093;PN
1968;UD;030;030134;Ruda;;RN;06/04/1968;030098;Ruda;030;UD
1968;UD;030;030135;Sacile;;AP;06/04/1968;093037;Sacile;093;PN
1968;UD;030;030136;San Daniele del Friuli;;RN;06/04/1968;030099;San Daniele del Friuli;030;UD
1968;UD;030;030137;San Giorgio della Richinvelda;;AP;06/04/1968;093038;San Giorgio della Richinvelda;093;PN
1968;UD;030;030138;San Giorgio di Nogaro;;RN;06/04/1968;030100;San Giorgio di Nogaro;030;UD
1968;UD;030;030139;San Giovanni al Natisone;;RN;06/04/1968;030101;San Giovanni al Natisone;030;UD
1968;UD;030;030140;San Leonardo;;RN;06/04/1968;030102;San Leonardo;030;UD
1968;UD;030;030141;San Martino al Tagliamento;;AP;06/04/1968;093039;San Martino al Tagliamento;093;PN
1968;UD;030;030142;San Pietro al Natisone;;RN;06/04/1968;030103;San Pietro al Natisone;030;UD
1968;UD;030;030143;San Quirino;;AP;06/04/1968;093040;San Quirino;093;PN
1968;UD;030;030144;Santa Maria la Longa;;RN;06/04/1968;030104;Santa Maria la Longa;030;UD
1968;UD;030;030145;San Vito al Tagliamento;;AP;06/04/1968;093041;San Vito al Tagliamento;093;PN
1968;UD;030;030146;San Vito al Torre;;RN;06/04/1968;030105;San Vito al Torre;030;UD
1968;UD;030;030147;San Vito di Fagagna;;RN;06/04/1968;030106;San Vito di Fagagna;030;UD
1968;UD;030;030148;Sauris;;RN;06/04/1968;030107;Sauris;030;UD
1968;UD;030;030149;Savogna;;RN;06/04/1968;030108;Savogna;030;UD
1968;UD;030;030150;Sedegliano;;RN;06/04/1968;030109;Sedegliano;030;UD
1968;UD;030;030151;Sequals;;AP;06/04/1968;093042;Sequals;093;PN
1968;UD;030;030152;Sesto al Reghena;;AP;06/04/1968;093043;Sesto al Reghena;093;PN
1968;UD;030;030153;Socchieve;;RN;06/04/1968;030110;Socchieve;030;UD
1968;UD;030;030154;Spilimbergo;;AP;06/04/1968;093044;Spilimbergo;093;PN
1968;UD;030;030155;Stregna;;RN;06/04/1968;030111;Stregna;030;UD
1968;UD;030;030156;Sutrio;;RN;06/04/1968;030112;Sutrio;030;UD
1968;UD;030;030157;Taipana;;RN;06/04/1968;030113;Taipana;030;UD
1968;UD;030;030158;Talmassons;;RN;06/04/1968;030114;Talmassons;030;UD
1968;UD;030;030159;Tapogliano;;RN;06/04/1968;030115;Tapogliano;030;UD
1968;UD;030;030160;Tarcento;;RN;06/04/1968;030116;Tarcento;030;UD
1968;UD;030;030161;Tarvisio;;RN;06/04/1968;030117;Tarvisio;030;UD
1968;UD;030;030162;Tavagnacco;;RN;06/04/1968;030118;Tavagnacco;030;UD
1968;UD;030;030163;Teor;;RN;06/04/1968;030119;Teor;030;UD
1968;UD;030;030164;Terzo d'Aquileia;;RN;06/04/1968;030120;Terzo d'Aquileia;030;UD
1968;UD;030;030165;Tolmezzo;;RN;06/04/1968;030121;Tolmezzo;030;UD
1968;UD;030;030166;Torreano;;RN;06/04/1968;030122;Torreano;030;UD
1968;UD;030;030167;Torviscosa;;RN;06/04/1968;030123;Torviscosa;030;UD
1968;UD;030;030168;Tramonti di Sopra;;AP;06/04/1968;093045;Tramonti di Sopra;093;PN
1968;UD;030;030169;Tramonti di Sotto;;AP;06/04/1968;093046;Tramonti di Sotto;093;PN
1968;UD;030;030170;Trasaghis;;RN;06/04/1968;030124;Trasaghis;030;UD
1968;UD;030;030171;Travesio;;AP;06/04/1968;093047;Travesio;093;PN
1968;UD;030;030172;Treppo Carnico;;RN;06/04/1968;030125;Treppo Carnico;030;UD
1968;UD;030;030173;Treppo Grande;;RN;06/04/1968;030126;Treppo Grande;030;UD
1968;UD;030;030174;Tricesimo;;RN;06/04/1968;030127;Tricesimo;030;UD
1968;UD;030;030175;Trivignano Udinese;;RN;06/04/1968;030128;Trivignano Udinese;030;UD
1968;UD;030;030176;Udine;;RN;06/04/1968;030129;Udine;030;UD
1968;UD;030;030177;Valvasone;;AP;06/04/1968;093048;Valvasone;093;PN
1968;UD;030;030178;Varmo;;RN;06/04/1968;030130;Varmo;030;UD
1968;UD;030;030179;Venzone;;RN;06/04/1968;030131;Venzone;030;UD
1968;UD;030;030180;Verzegnis;;RN;06/04/1968;030132;Verzegnis;030;UD
1968;UD;030;030181;Villa Santina;;RN;06/04/1968;030133;Villa Santina;030;UD
1968;UD;030;030182;Villa Vicentina;;RN;06/04/1968;030134;Villa Vicentina;030;UD
1968;UD;030;030183;Visco;;RN;06/04/1968;030135;Visco;030;UD
1968;UD;030;030184;Vito d'Asio;;AP;06/04/1968;093049;Vito d'Asio;093;PN
1968;UD;030;030185;Vivaro;;AP;06/04/1968;093050;Vivaro;093;PN
1968;UD;030;030186;Zoppola;;AP;06/04/1968;093051;Zoppola;093;PN
1968;UD;030;030187;Zuglio;;RN;06/04/1968;030136;Zuglio;030;UD
1954;TP;081;081802;Camporeale;;AP;23/07/1954;082019;Camporeale;082;PA
1948;TN;022;022424;Magrè all'Adige/Margreid;Margreid;AP;14/03/1948;021045;Magrè all'Adige/Margreid;021;BZ
1948;TN;022;022439;Montagna/Montan;Montan;AP;14/03/1948;021053;Montagna/Montan;021;BZ
1948;TN;022;022457;Ora/Auer;Auer;AP;14/03/1948;021060;Ora/Auer;021;BZ
1948;TN;022;022486;Salorno/Salurn;Salurn;AP;14/03/1948;021076;Salorno/Salurn;021;BZ
1948;TN;022;022488;San Felice/St. Felix;St. Felix;AP;14/03/1948;021078;San Felice/St. Felix;021;BZ
1948;TN;022;022637;Senale/Unsere Liebe Frau im Walde;Unsere Liebe Frau im Walde;AP;14/03/1948;021090;Senale/Unsere Liebe Frau im Walde;021;BZ
1948;TN;022;022655;Termeno/Tramin;Tramin;AP;14/03/1948;021098;Termeno/Tramin;021;BZ
1948;TN;022;022662;Trodena/Truden;Truden;AP;14/03/1948;021102;Trodena/Truden;021;BZ
1948;TN;022;022945;Valdagno di Trento/Aldein;Aldein;CDAP;14/03/1948;021001;Valdagno/Aldein;021;BZ
1948;TN;022;022948;Anterivo/Altrei;Altrei;AP;14/03/1948;021003;Anterivo/Altrei;021;BZ
1948;TN;022;022958;Bronzolo/Branzoll;Branzoll;AP;14/03/1948;021012;Bronzolo/Branzoll;021;BZ
1948;TN;022;022981;Cortaccia/Kurtatsch;Kurtatsch;AP;14/03/1948;021024;Cortaccia/Kurtatsch;021;BZ
1948;TN;022;022990;Egna/Neumarkt;Neumarkt;AP;14/03/1948;021029;Egna/Neumarkt;021;BZ
1948;TS;032;032818;Doberdò del Lago;;AP;07/01/1948;031003;Doberdò del Lago;031;GO
1948;TS;032;032819;Fogliano Redipuglia;;AP;07/01/1948;031006;Fogliano Redipuglia;031;GO
1948;TS;032;032820;Grado;;AP;07/01/1948;031009;Grado;031;GO
1948;TS;032;032821;Monfalcone;;AP;07/01/1948;031012;Monfalcone;031;GO
1948;TS;032;032822;Ronchi dei Legionari;;AP;07/01/1948;031016;Ronchi dei Legionari;031;GO
1948;TS;032;032823;San Canzian d'Isonzo;;AP;07/01/1948;031018;San Canzian d'Isonzo;031;GO
1948;TS;032;032824;San Pier d'Isonzo;;AP;07/01/1948;031021;San Pier d'Isonzo;031;GO
1948;TS;032;032825;Staranzano;;AP;07/01/1948;031023;Staranzano;031;GO
1948;TS;032;032826;Turriaco;;AP;07/01/1948;031024;Turriaco;031;GO
1945;AO;007;007805;Agliè;;AP;05/10/1945;001001;Agliè;001;TO
1945;AO;007;007806;Albiano d'Ivrea;;AP;05/10/1945;001004;Albiano d'Ivrea;001;TO
1945;AO;007;007807;Alice Superiore;;AP;05/10/1945;001005;Alice Superiore;001;TO
1945;AO;007;007808;Alpette;;AP;05/10/1945;001007;Alpette;001;TO
1945;AO;007;007809;Andrate;;AP;05/10/1945;001010;Andrate;001;TO
1945;AO;007;007810;Azeglio;;AP;05/10/1945;001014;Azeglio;001;TO
1945;AO;007;007812;Bairo Torre;;AP;05/10/1945;001804;Bairo Torre;001;TO
1945;AO;007;007814;Banchette;;AP;05/10/1945;001020;Banchette;001;TO
1945;AO;007;007815;Barone Canavese;;AP;05/10/1945;001023;Barone Canavese;001;TO
1945;AO;007;007816;Bollengo;;AP;05/10/1945;001027;Bollengo;001;TO
1945;AO;007;007818;Borgofranco d'Ivrea;;AP;05/10/1945;001030;Borgofranco d'Ivrea;001;TO
1945;AO;007;007819;Borgomasino;;AP;05/10/1945;001031;Borgomasino;001;TO
1945;AO;007;007822;Caluso;;AP;05/10/1945;001047;Caluso;001;TO
1945;AO;007;007823;Candia Canavese;;AP;05/10/1945;001050;Candia Canavese;001;TO
1945;AO;007;007825;Masino;;AP;05/10/1945;001056;Masino;001;TO
1945;AO;007;007826;Carema;;AP;05/10/1945;001057;Carema;001;TO
1945;AO;007;007827;Cascinette d'Ivrea;;AP;05/10/1945;001061;Cascinette d'Ivrea;001;TO
1945;AO;007;007828;Castellamonte;;AP;05/10/1945;001066;Castellamonte;001;TO
1945;AO;007;007829;Castelnuovo Nigra;;AP;05/10/1945;001067;Castelnuovo Nigra;001;TO
1945;AO;007;007830;Ceresole Reale;;AP;05/10/1945;001073;Ceresole Reale;001;TO
1945;AO;007;007831;Chiaverano;;AP;05/10/1945;001077;Chiaverano;001;TO
1945;AO;007;007838;Cuceglio;;AP;05/10/1945;001096;Cuceglio;001;TO
1945;AO;007;007839;Cuorgnè;;AP;05/10/1945;001098;Cuorgnè;001;TO
1945;AO;007;007840;Fiorano Canavese;;AP;05/10/1945;001105;Fiorano Canavese;001;TO
1945;AO;007;007841;Frassinetto;;AP;05/10/1945;001108;Frassinetto;001;TO
1945;AO;007;007842;Ingria;;AP;05/10/1945;001121;Ingria;001;TO
1945;AO;007;007843;Issiglio;;AP;05/10/1945;001124;Issiglio;001;TO
1945;AO;007;007844;Ivrea;;AP;05/10/1945;001125;Ivrea;001;TO
1945;AO;007;007845;Lessolo;;AP;05/10/1945;001132;Lessolo;001;TO
1945;AO;007;007846;Locana;;AP;05/10/1945;001134;Locana;001;TO
1945;AO;007;007848;Lugnacco;;AP;05/10/1945;001138;Lugnacco;001;TO
1945;AO;007;007849;Lusigliè;;AP;05/10/1945;001141;Lusigliè;001;TO
1945;AO;007;007851;Mazzè;;AP;05/10/1945;001148;Mazzè;001;TO
1945;AO;007;007854;Montalenghe;;AP;05/10/1945;001159;Montalenghe;001;TO
1945;AO;007;007855;Montalto Dora;;AP;05/10/1945;001160;Montalto Dora;001;TO
1945;AO;007;007856;Noasca;;AP;05/10/1945;001165;Noasca;001;TO
1945;AO;007;007858;Orio Canavese;;AP;05/10/1945;001172;Orio Canavese;001;TO
1945;AO;007;007861;Palazzo Piverone;;AP;05/10/1945;001846;Palazzo Piverone;001;TO
1945;AO;007;007863;Pavone Canavese;;AP;05/10/1945;001181;Pavone Canavese;001;TO
1945;AO;007;007865;Pedanea;;AP;05/10/1945;001847;Pedanea;001;TO
1945;AO;007;007869;Pont Canavese;;AP;05/10/1945;001199;Pont Canavese;001;TO
1945;AO;007;007871;Pratiglione;;AP;05/10/1945;001207;Pratiglione;001;TO
1945;AO;007;007874;Quincinetto;;AP;05/10/1945;001210;Quincinetto;001;TO
1945;AO;007;007875;Ribordone;;AP;05/10/1945;001212;Ribordone;001;TO
1945;AO;007;007877;Ronco Canavese;;AP;05/10/1945;001224;Ronco Canavese;001;TO
1945;AO;007;007878;Rueglio;;AP;05/10/1945;001230;Rueglio;001;TO
1945;AO;007;007879;Salassa;;AP;05/10/1945;001231;Salassa;001;TO
1945;AO;007;007880;Salerano Canavese;;AP;05/10/1945;001233;Salerano Canavese;001;TO
1945;AO;007;007881;Samone;;AP;05/10/1945;001235;Samone;001;TO
1945;AO;007;007883;San Giorgio Canavese;;AP;05/10/1945;001244;San Giorgio Canavese;001;TO
1945;AO;007;007884;San Giusto Canavese;;AP;05/10/1945;001246;San Giusto Canavese;001;TO
1945;AO;007;007885;San Martino Canavese;;AP;05/10/1945;001247;San Martino Canavese;001;TO
1945;AO;007;007889;Settimo Tavagnasco;;AP;05/10/1945;001266;Settimo Tavagnasco;001;TO
1945;AO;007;007890;Sparone;;AP;05/10/1945;001267;Sparone;001;TO
1945;AO;007;007893;Strambino Romano;;AP;05/10/1945;001865;Strambino Romano;001;TO
1945;AO;007;007897;Traversella;;AP;05/10/1945;001278;Traversella;001;TO
1945;AO;007;007898;Valperga;;AP;05/10/1945;001287;Valperga;001;TO
1945;AO;007;007899;Valprato Soana;;AP;05/10/1945;001288;Valprato Soana;001;TO
1945;AO;007;007900;Vestignè;;AP;05/10/1945;001295;Vestignè;001;TO
1945;AO;007;007902;Vico Canavese;;AP;05/10/1945;001297;Vico Canavese;001;TO
1945;AO;007;007903;Vidracco;;AP;05/10/1945;001298;Vidracco;001;TO
1945;AO;007;007905;Vische;;AP;05/10/1945;001311;Vische;001;TO
1945;AO;007;007906;Vistrorio;;AP;05/10/1945;001312;Vistrorio;001;TO
1945;BN;062;062809;Ailano;;AP;01/09/1945;061001;Ailano;061;CE
1945;BN;062;062810;Alife;;AP;01/09/1945;061002;Alife;061;CE
1945;BN;062;062811;Alvignano;;AP;01/09/1945;061003;Alvignano;061;CE
1945;BN;062;062812;Caiazzo;;AP;01/09/1945;061009;Caiazzo;061;CE
1945;BN;062;062813;Castel Campagnano;;AP;01/09/1945;061023;Castel Campagnano;061;CE
1945;BN;062;062814;Castello d'Alife;;AP;01/09/1945;061025;Castello d'Alife;061;CE
1945;BN;062;062816;Dragoni;;AP;01/09/1945;061033;Dragoni;061;CE
1945;BN;062;062817;Gioia Sannitica;;AP;01/09/1945;061041;Gioia Sannitica;061;CE
1945;BN;062;062818;Piana di Caiazzo;;AP;01/09/1945;061056;Piana di Caiazzo;061;CE
1945;BN;062;062819;Piedimonte d'Alife;;AP;01/09/1945;061057;Piedimonte d'Alife;061;CE
1945;BN;062;062820;Raviscanina;;AP;01/09/1945;061066;Raviscanina;061;CE
1945;BN;062;062821;Ruviano;;AP;01/09/1945;061073;Ruviano;061;CE
1945;BN;062;062822;San Gregorio;;AP;01/09/1945;061076;San Gregorio;061;CE
1945;BN;062;062823;San Potito Sannitico;;AP;01/09/1945;061080;San Potito Sannitico;061;CE
1945;BN;062;062824;Sant'Angelo d'Alife;;AP;01/09/1945;061086;Sant'Angelo d'Alife;061;CE
1945;BN;062;062825;Valle Agricola;;AP;01/09/1945;061096;Valle Agricola;061;CE
1945;NA;063;063814;Albanova;;AP;01/09/1945;061801;Albanova;061;CE
1945;NA;063;063816;Arienzo San Felice;;AP;01/09/1945;061802;Arienzo San Felice;061;CE
1945;NA;063;063817;Atella di Napoli;;AP;01/09/1945;061803;Atella di Napoli;061;CE
1945;NA;063;063818;Aversa;;AP;01/09/1945;061005;Aversa;061;CE
1945;NA;063;063819;Baia e Latina;;AP;01/09/1945;061006;Baia e Latina;061;CE
1945;NA;063;063821;Caianello;;AP;01/09/1945;061008;Caianello;061;CE
1945;NA;063;063822;Calvi Risorta;;AP;01/09/1945;061010;Calvi Risorta;061;CE
1945;NA;063;063823;Camigliano;;AP;01/09/1945;061011;Camigliano;061;CE
1945;NA;063;063824;Cancello ed Arnone;;AP;01/09/1945;061012;Cancello ed Arnone;061;CE
1945;NA;063;063826;Capua;;AP;01/09/1945;061015;Capua;061;CE
1945;NA;063;063828;Carinola;;AP;01/09/1945;061017;Carinola;061;CE
1945;NA;063;063831;Casalba;;AP;01/09/1945;061804;Casalba;061;CE
1945;NA;063;063834;Caserta;;AP;01/09/1945;061022;Caserta;061;CE
1945;NA;063;063835;Castel di Sasso;;AP;01/09/1945;061024;Castel di Sasso;061;CE
1945;NA;063;063836;Castel Morrone;;AP;01/09/1945;061026;Castel Morrone;061;CE
1945;NA;063;063837;Castel Volturno;;AP;01/09/1945;061027;Castel Volturno;061;CE
1945;NA;063;063838;Cervino;;AP;01/09/1945;061028;Cervino;061;CE
1945;NA;063;063839;Cesa;;AP;01/09/1945;061029;Cesa;061;CE
1945;NA;063;063840;Conca della Campania;;AP;01/09/1945;061031;Conca della Campania;061;CE
1945;NA;063;063842;Fertilia;;AP;01/09/1945;061805;Fertilia;061;CE
1945;NA;063;063843;Formicola;;AP;01/09/1945;061035;Formicola;061;CE
1945;NA;063;063844;Francolise;;AP;01/09/1945;061036;Francolise;061;CE
1945;NA;063;063846;Frignano;;AP;01/09/1945;061806;Frignano;061;CE
1945;NA;063;063847;Galluccio;;AP;01/09/1945;061039;Galluccio;061;CE
1945;NA;063;063849;Grazzanise;;AP;01/09/1945;061042;Grazzanise;061;CE
1945;NA;063;063851;Liberi;;AP;01/09/1945;061045;Liberi;061;CE
1945;NA;063;063853;Maddaloni;;AP;01/09/1945;061048;Maddaloni;061;CE
1945;NA;063;063854;Marcianise;;AP;01/09/1945;061049;Marcianise;061;CE
1945;NA;063;063855;Marzano Appio;;AP;01/09/1945;061050;Marzano Appio;061;CE
1945;NA;063;063856;Mignano;;AP;01/09/1945;061051;Mignano;061;CE
1945;NA;063;063857;Mondragone;;AP;01/09/1945;061052;Mondragone;061;CE
1945;NA;063;063859;Parete;;AP;01/09/1945;061054;Parete;061;CE
1945;NA;063;063861;Pietramelara;;AP;01/09/1945;061058;Pietramelara;061;CE
1945;NA;063;063862;Pietravairano;;AP;01/09/1945;061059;Pietravairano;061;CE
1945;NA;063;063863;Pignataro Maggiore;;AP;01/09/1945;061060;Pignataro Maggiore;061;CE
1945;NA;063;063864;Pontelatone;;AP;01/09/1945;061061;Pontelatone;061;CE
1945;NA;063;063867;Presenzano;;AP;01/09/1945;061065;Presenzano;061;CE
1945;NA;063;063868;Recale;;AP;01/09/1945;061067;Recale;061;CE
1945;NA;063;063869;Riardo;;AP;01/09/1945;061068;Riardo;061;CE
1945;NA;063;063870;Rocca d'Evandro;;AP;01/09/1945;061069;Rocca d'Evandro;061;CE
1945;NA;063;063871;Roccamonfina;;AP;01/09/1945;061070;Roccamonfina;061;CE
1945;NA;063;063872;Roccaromana;;AP;01/09/1945;061071;Roccaromana;061;CE
1945;NA;063;063873;Rocchetta e Croce;;AP;01/09/1945;061072;Rocchetta e Croce;061;CE
1945;NA;063;063879;San Pietro Infine;;AP;01/09/1945;061079;San Pietro Infine;061;CE
1945;NA;063;063882;Santa Maria a Vico;;AP;01/09/1945;061082;Santa Maria a Vico;061;CE
1945;NA;063;063883;Santa Maria Capua Vetere;;AP;01/09/1945;061083;Santa Maria Capua Vetere;061;CE
1945;NA;063;063884;Santa Maria la Fossa;;AP;01/09/1945;061084;Santa Maria la Fossa;061;CE
1945;NA;063;063886;Sessa Aurunca;;AP;01/09/1945;061088;Sessa Aurunca;061;CE
1945;NA;063;063887;Sparanise;;AP;01/09/1945;061089;Sparanise;061;CE
1945;NA;063;063889;Teano;;AP;01/09/1945;061091;Teano;061;CE
1945;NA;063;063891;Tora e Piccilli;;AP;01/09/1945;061093;Tora e Piccilli;061;CE
1945;NA;063;063892;Trentola;;AP;01/09/1945;061094;Trentola;061;CE
1945;NA;063;063893;Vairano Patenora;;AP;01/09/1945;061095;Vairano Patenora;061;CE
1945;NA;063;063894;Valle di Maddaloni;;AP;01/09/1945;061097;Valle di Maddaloni;061;CE
1945;NA;063;063897;Villa Literno;;AP;01/09/1945;061099;Villa Literno;061;CE
1945;NA;063;063898;Villa Volturno;;AP;01/09/1945;061809;Villa Volturno;061;CE
1945;CB;070;070801;Capriati a Volturno;;AP;01/09/1945;061014;Capriati a Volturno;061;CE
1945;CB;070;070802;Ciorlano;;AP;01/09/1945;061030;Ciorlano;061;CE
1945;CB;070;070803;Fontegreca;;AP;01/09/1945;061034;Fontegreca;061;CE
1945;CB;070;070804;Gallo;;AP;01/09/1945;061038;Gallo;061;CE
1945;CB;070;070805;Letino;;AP;01/09/1945;061044;Letino;061;CE
1945;CB;070;070806;Prata Sannita;;AP;01/09/1945;061063;Prata Sannita;061;CE
1945;CB;070;070807;Pratella;;AP;01/09/1945;061064;Pratella;061;CE
1944;MT;077;077801;Banzi;;AP;30/04/1944;076009;Banzi;076;PZ
1944;MT;077;077802;Genzano di Lucania;;AP;30/04/1944;076036;Genzano di Lucania;076;PZ
1944;MT;077;077803;Palazzo San Gervasio;;AP;30/04/1944;076057;Palazzo San Gervasio;076;PZ
1941;VT;056;056807;Sant'Oreste;;AP;18/02/1941;058099;Sant'Oreste;058;RM
1939;PG;054;054859;Monterchi;;AP;18/02/1939;051024;Monterchi;051;AR
1939;AV;064;064813;Rocchetta Sant'Antonio;;AP;18/02/1939;071042;Rocchetta Sant'Antonio;071;FG
1937;NA;063;063865;Ponza;;AP;20/05/1937;059018;Ponza;059;LT
1937;NA;063;063895;Ventotene;;AP;20/05/1937;059033;Ventotene;059;LT
1936;MI;015;015992;Cantonale;;AP;04/06/1936;018816;Cantonale;018;PV
1935;LT;059;059018;Ponza;;AP;31/07/1935;063865;Ponza;063;NA
1935;LT;059;059033;Ventotene;;AP;31/07/1935;063895;Ventotene;063;NA
1935;AL;006;006827;Agliano;;AP;15/04/1935;005001;Agliano;005;AT
1935;AL;006;006828;Albugnano;;AP;15/04/1935;005002;Albugnano;005;AT
1935;AL;006;006829;Antignano;;AP;15/04/1935;005003;Antignano;005;AT
1935;AL;006;006830;Aramengo;;AP;15/04/1935;005004;Aramengo;005;AT
1935;AL;006;006831;Asti;;AP;15/04/1935;005005;Asti;005;AT
1935;AL;006;006833;Baldichieri d'Asti;;AP;15/04/1935;005007;Baldichieri d'Asti;005;AT
1935;AL;006;006834;Belveglio;;AP;15/04/1935;005008;Belveglio;005;AT
1935;AL;006;006835;Berzano di San Pietro;;AP;15/04/1935;005009;Berzano di San Pietro;005;AT
1935;AL;006;006836;Bruno;;AP;15/04/1935;005010;Bruno;005;AT
1935;AL;006;006837;Bubbio;;AP;15/04/1935;005011;Bubbio;005;AT
1935;AL;006;006838;Buttigliera d'Asti;;AP;15/04/1935;005012;Buttigliera d'Asti;005;AT
1935;AL;006;006839;Calamandrana;;AP;15/04/1935;005013;Calamandrana;005;AT
1935;AL;006;006840;Calliano;;AP;15/04/1935;005014;Calliano;005;AT
1935;AL;006;006841;Calosso;;AP;15/04/1935;005015;Calosso;005;AT
1935;AL;006;006842;Camerano Casasco;;AP;15/04/1935;005016;Camerano Casasco;005;AT
1935;AL;006;006843;Canelli;;AP;15/04/1935;005017;Canelli;005;AT
1935;AL;006;006846;Casorzo;;AP;15/04/1935;005020;Casorzo;005;AT
1935;AL;006;006847;Cassinasco;;AP;15/04/1935;005021;Cassinasco;005;AT
1935;AL;006;006848;Castagnole delle Lanze;;AP;15/04/1935;005022;Castagnole delle Lanze;005;AT
1935;AL;006;006849;Castagnole Monferrato;;AP;15/04/1935;005023;Castagnole Monferrato;005;AT
1935;AL;006;006850;Castel Boglione;;AP;15/04/1935;005024;Castel Boglione;005;AT
1935;AL;006;006851;Castel Rocchero;;AP;15/04/1935;005032;Castel Rocchero;005;AT
1935;AL;006;006852;Castell'Alfero;;AP;15/04/1935;005025;Castell'Alfero;005;AT
1935;AL;006;006854;Castelletto Molina;;AP;15/04/1935;005027;Castelletto Molina;005;AT
1935;AL;006;006855;Castello di Annone;;AP;15/04/1935;005028;Castello di Annone;005;AT
1935;AL;006;006856;Castelnuovo Belbo;;AP;15/04/1935;005029;Castelnuovo Belbo;005;AT
1935;AL;006;006857;Castelnuovo Calcea;;AP;15/04/1935;005030;Castelnuovo Calcea;005;AT
1935;AL;006;006858;Castelnuovo Don Bosco;;AP;15/04/1935;005031;Castelnuovo Don Bosco;005;AT
1935;AL;006;006859;Cellarengo;;AP;15/04/1935;005033;Cellarengo;005;AT
1935;AL;006;006860;Celle Enomondo;;AP;15/04/1935;005034;Celle Enomondo;005;AT
1935;AL;006;006862;Cerro Tanaro;;AP;15/04/1935;005036;Cerro Tanaro;005;AT
1935;AL;006;006863;Cessole;;AP;15/04/1935;005037;Cessole;005;AT
1935;AL;006;006864;Chiusano d'Asti;;AP;15/04/1935;005038;Chiusano d'Asti;005;AT
1935;AL;006;006865;Cinaglio;;AP;15/04/1935;005039;Cinaglio;005;AT
1935;AL;006;006866;Cisterna d'Asti;;AP;15/04/1935;005040;Cisterna d'Asti;005;AT
1935;AL;006;006868;Cocconato;;AP;15/04/1935;005042;Cocconato;005;AT
1935;AL;006;006872;Cortanze;;AP;15/04/1935;005046;Cortanze;005;AT
1935;AL;006;006873;Cortazzone;;AP;15/04/1935;005047;Cortazzone;005;AT
1935;AL;006;006874;Cortiglione;;AP;15/04/1935;005048;Cortiglione;005;AT
1935;AL;006;006875;Cossombrato;;AP;15/04/1935;005049;Cossombrato;005;AT
1935;AL;006;006876;Costigliole d'Asti;;AP;15/04/1935;005050;Costigliole d'Asti;005;AT
1935;AL;006;006877;Cunico;;AP;15/04/1935;005051;Cunico;005;AT
1935;AL;006;006878;Dusino San Michele;;AP;15/04/1935;005052;Dusino San Michele;005;AT
1935;AL;006;006879;Ferrere;;AP;15/04/1935;005053;Ferrere;005;AT
1935;AL;006;006880;Fontanile;;AP;15/04/1935;005054;Fontanile;005;AT
1935;AL;006;006881;Frinco;;AP;15/04/1935;005055;Frinco;005;AT
1935;AL;006;006882;Grana;;AP;15/04/1935;005056;Grana;005;AT
1935;AL;006;006883;Grazzano Monferrato;;AP;15/04/1935;005057;Grazzano Monferrato;005;AT
1935;AL;006;006884;Incisa Scapaccino;;AP;15/04/1935;005058;Incisa Scapaccino;005;AT
1935;AL;006;006885;Isola d'Asti;;AP;15/04/1935;005059;Isola d'Asti;005;AT
1935;AL;006;006886;Loazzolo;;AP;15/04/1935;005060;Loazzolo;005;AT
1935;AL;006;006887;Maranzana;;AP;15/04/1935;005061;Maranzana;005;AT
1935;AL;006;006890;Mombaldone;;AP;15/04/1935;005064;Mombaldone;005;AT
1935;AL;006;006891;Mombaruzzo;;AP;15/04/1935;005065;Mombaruzzo;005;AT
1935;AL;006;006892;Mombercelli;;AP;15/04/1935;005066;Mombercelli;005;AT
1935;AL;006;006893;Monale;;AP;15/04/1935;005067;Monale;005;AT
1935;AL;006;006894;Monastero Bormida;;AP;15/04/1935;005068;Monastero Bormida;005;AT
1935;AL;006;006895;Moncalvo;;AP;15/04/1935;005069;Moncalvo;005;AT
1935;AL;006;006896;Moncucco Torinese;;AP;15/04/1935;005070;Moncucco Torinese;005;AT
1935;AL;006;006897;Mongardino;;AP;15/04/1935;005071;Mongardino;005;AT
1935;AL;006;006898;Montabone;;AP;15/04/1935;005072;Montabone;005;AT
1935;AL;006;006899;Montafia;;AP;15/04/1935;005073;Montafia;005;AT
1935;AL;006;006900;Montaldo Scarampi;;AP;15/04/1935;005074;Montaldo Scarampi;005;AT
1935;AL;006;006901;Montechiaro d'Asti;;AP;15/04/1935;005075;Montechiaro d'Asti;005;AT
1935;AL;006;006902;Montegrosso d'Asti;;AP;15/04/1935;005076;Montegrosso d'Asti;005;AT
1935;AL;006;006903;Montemagno;;AP;15/04/1935;005077;Montemagno;005;AT
1935;AL;006;006904;Montiglio;;AP;15/04/1935;005078;Montiglio;005;AT
1935;AL;006;006906;Nizza Monferrato;;AP;15/04/1935;005080;Nizza Monferrato;005;AT
1935;AL;006;006907;Olmo Gentile;;AP;15/04/1935;005081;Olmo Gentile;005;AT
1935;AL;006;006908;Passerano Marmorito;;AP;15/04/1935;005082;Passerano Marmorito;005;AT
1935;AL;006;006909;Penango;;AP;15/04/1935;005083;Penango;005;AT
1935;AL;006;006910;Piea;;AP;15/04/1935;005084;Piea;005;AT
1935;AL;006;006912;Piovà;;AP;15/04/1935;005086;Piovà;005;AT
1935;AL;006;006913;Portacomaro;;AP;15/04/1935;005087;Portacomaro;005;AT
1935;AL;006;006914;Quaranti;;AP;15/04/1935;005088;Quaranti;005;AT
1935;AL;006;006915;Refrancore;;AP;15/04/1935;005089;Refrancore;005;AT
1935;AL;006;006916;Revigliasco d'Asti;;AP;15/04/1935;005090;Revigliasco d'Asti;005;AT
1935;AL;006;006918;Robella;;AP;15/04/1935;005092;Robella;005;AT
1935;AL;006;006919;Rocca d'Arazzo;;AP;15/04/1935;005093;Rocca d'Arazzo;005;AT
1935;AL;006;006920;Roccaverano;;AP;15/04/1935;005094;Roccaverano;005;AT
1935;AL;006;006921;Rocchetta Palafea;;AP;15/04/1935;005095;Rocchetta Palafea;005;AT
1935;AL;006;006922;Rocchetta Tanaro;;AP;15/04/1935;005096;Rocchetta Tanaro;005;AT
1935;AL;006;006923;San Damiano d'Asti;;AP;15/04/1935;005097;San Damiano d'Asti;005;AT
1935;AL;006;006924;San Giorgio Scarampi;;AP;15/04/1935;005098;San Giorgio Scarampi;005;AT
1935;AL;006;006925;San Martino Alfieri;;AP;15/04/1935;005099;San Martino Alfieri;005;AT
1935;AL;006;006926;San Marzano Moasca;;AP;15/04/1935;005812;San Marzano Moasca;005;AT
1935;AL;006;006928;San Paolo Solbrito;;AP;15/04/1935;005101;San Paolo Solbrito;005;AT
1935;AL;006;006929;Scandeluzza;;AP;15/04/1935;005102;Scandeluzza;005;AT
1935;AL;006;006930;Scurzolengo;;AP;15/04/1935;005103;Scurzolengo;005;AT
1935;AL;006;006931;Serole;;AP;15/04/1935;005104;Serole;005;AT
1935;AL;006;006932;Sessame;;AP;15/04/1935;005105;Sessame;005;AT
1935;AL;006;006933;Settime;;AP;15/04/1935;005106;Settime;005;AT
1935;AL;006;006934;Soglio;;AP;15/04/1935;005107;Soglio;005;AT
1935;AL;006;006935;Tigliole;;AP;15/04/1935;005108;Tigliole;005;AT
1935;AL;006;006936;Tonco;;AP;15/04/1935;005109;Tonco;005;AT
1935;AL;006;006938;Vaglio Serra;;AP;15/04/1935;005111;Vaglio Serra;005;AT
1935;AL;006;006939;Valfenera;;AP;15/04/1935;005112;Valfenera;005;AT
1935;AL;006;006940;Vesime;;AP;15/04/1935;005113;Vesime;005;AT
1935;AL;006;006941;Viale;;AP;15/04/1935;005114;Viale;005;AT
1935;AL;006;006942;Viarigi;;AP;15/04/1935;005115;Viarigi;005;AT
1935;AL;006;006943;Vigliano d'Asti;;AP;15/04/1935;005116;Vigliano d'Asti;005;AT
1935;AL;006;006944;Villa Corsione;;AP;15/04/1935;005820;Villa Corsione;005;AT
1935;AL;006;006946;Villafranca d'Asti;;AP;15/04/1935;005117;Villafranca d'Asti;005;AT
1935;AL;006;006947;Villanuova d'Asti;;AP;15/04/1935;005118;Villanuova d'Asti;005;AT
1935;AL;006;006948;Vinchio;;AP;15/04/1935;005120;Vinchio;005;AT
1934;RM;058;058816;Bassiano;;AP;26/10/1934;059002;Bassiano;059;LT
1934;RM;058;058823;Campodimele;;AP;26/10/1934;059003;Campodimele;059;LT
1934;RM;058;058836;Castelforte;;AP;26/10/1934;059004;Castelforte;059;LT
1934;RM;058;058844;Cisterna di Roma;;AP;26/10/1934;059005;Cisterna di Roma;059;LT
1934;RM;058;058855;Cori;;AP;26/10/1934;059006;Cori;059;LT
1934;RM;058;058865;Fondi;;AP;26/10/1934;059007;Fondi;059;LT
1934;RM;058;058867;Formia;;AP;26/10/1934;059008;Formia;059;LT
1934;RM;058;058871;Gaeta;;AP;26/10/1934;059009;Gaeta;059;LT
1934;RM;058;058881;Itri;;AP;26/10/1934;059010;Itri;059;LT
1934;RM;058;058884;Littoria;;AP;26/10/1934;059011;Littoria;059;LT
1934;RM;058;058885;Lenola;;AP;26/10/1934;059012;Lenola;059;LT
1934;RM;058;058892;Minturno;;AP;26/10/1934;059014;Minturno;059;LT
1934;RM;058;058897;Monte San Biagio;;AP;26/10/1934;059015;Monte San Biagio;059;LT
1934;RM;058;058910;Norma;;AP;26/10/1934;059016;Norma;059;LT
1934;RM;058;058929;Priverno;;AP;26/10/1934;059019;Priverno;059;LT
1934;RM;058;058931;Prossedi;;AP;26/10/1934;059020;Prossedi;059;LT
1934;RM;058;058935;Rocca Massima;;AP;26/10/1934;059022;Rocca Massima;059;LT
1934;RM;058;058937;Roccagorga;;AP;26/10/1934;059021;Roccagorga;059;LT
1934;RM;058;058942;Sabaudia;;AP;26/10/1934;059024;Sabaudia;059;LT
1934;RM;058;058944;San Felice Circeo;;AP;26/10/1934;059025;San Felice Circeo;059;LT
1934;RM;058;058951;Sermoneta;;AP;26/10/1934;059027;Sermoneta;059;LT
1934;RM;058;058953;Sezze;;AP;26/10/1934;059028;Sezze;059;LT
1934;RM;058;058955;Sonnino;;AP;26/10/1934;059029;Sonnino;059;LT
1934;RM;058;058957;Sperlonga;;AP;26/10/1934;059030;Sperlonga;059;LT
1934;RM;058;058958;Spigno Saturnia;;AP;26/10/1934;059031;Spigno Saturnia;059;LT
1934;RM;058;058965;Terracina;;AP;26/10/1934;059032;Terracina;059;LT
1934;NA;063;063865;Ponza;;AP;26/10/1934;059018;Ponza;059;LT
1934;NA;063;063895;Ventotene;;AP;26/10/1934;059033;Ventotene;059;LT
1934;TN;022;022674;Valvestino;;AP;04/05/1934;017194;Valvestino;017;BS
1933;SV;009;009833;Cogoleto;;AP;20/05/1933;010017;Cogoleto;010;GE
1933;SV;009;009834;Tiglieto;;AP;20/05/1933;010061;Tiglieto;010;GE
1929;TN;022;022461;Pedemonte;;AP;26/07/1929;024076;Pedemonte;024;VI
1929;TN;022;022965;Casotto;;AP;26/07/1929;024801;Casotto;024;VI
1929;VC;002;002830;Campello Monti;;AP;10/02/1929;003827;Campello Monti;003;NO
1929;BO;037;037803;Castelfranco dell'Emilia;;AP;10/02/1929;036006;Castelfranco dell'Emilia;036;MO
1929;FE;038;038801;Pieve di Cento;;AP;10/02/1929;037048;Pieve di Cento;037;BO
1929;PG;054;054903;Visso;;AP;10/02/1929;043057;Visso;043;MC
1929;AV;064;064810;Anzano degli Irpini;;AP;10/02/1929;071003;Anzano degli Irpini;071;FG
1929;AV;064;064811;Monteleone di Puglia;;AP;10/02/1929;071032;Monteleone di Puglia;071;FG
1928;RM;058;058099;Sant'Oreste;;AP;30/12/1928;056807;Sant'Oreste;056;VT
1928;RM;058;058894;Montalto di Castro;;AP;30/12/1928;056035;Montalto di Castro;056;VT
1928;RM;058;058904;Monterosi;;AP;30/12/1928;056038;Monterosi;056;VT
1928;RM;058;058908;Nepi;;AP;30/12/1928;056039;Nepi;056;VT
1928;RM;058;058912;Oriolo Romano;;AP;30/12/1928;056041;Oriolo Romano;056;VT
1928;RM;058;058964;Tarquinia;;AP;30/12/1928;056050;Tarquinia;056;VT
1928;PL;702;702808;Castelnuovo d'Istria;;AP;08/11/1928;701703;Castelnuovo d'Istria;701;FU
1928;PL;702;702813;Matteria;;AP;08/11/1928;701709;Matteria;701;FU
1928;LU;046;046801;Buggiano;;AP;12/01/1928;047003;Buggiano;047;PT
1928;LU;046;046802;Massa e Cozzile;;AP;12/01/1928;047008;Massa e Cozzile;047;PT
1928;LU;046;046803;Monsummano;;AP;12/01/1928;047009;Monsummano;047;PT
1928;LU;046;046804;Montecatini di Val di Nievole;;AP;12/01/1928;047801;Montecatini di Val di Nievole;047;PT
1928;LU;046;046805;Bagni di Montecatini;;AP;12/01/1928;047011;Bagni di Montecatini;047;PT
1928;LU;046;046806;Pescia;;AP;12/01/1928;047012;Pescia;047;PT
1928;LU;046;046807;Pieve a Nievole;;AP;12/01/1928;047013;Pieve a Nievole;047;PT
1928;LU;046;046808;Ponte Buggianese;;AP;12/01/1928;047016;Ponte Buggianese;047;PT
1928;LU;046;046809;Uzzano;;AP;12/01/1928;047021;Uzzano;047;PT
1928;LU;046;046810;Vellano;;AP;12/01/1928;047806;Vellano;047;PT
1927;AV;064;064809;Accadia;;AP;06/08/1927;071001;Accadia;071;FG
1927;AV;064;064812;Orsara di Puglia;;AP;06/08/1927;071035;Orsara di Puglia;071;FG
1927;MI;015;015416;Sacconago;;AP;14/04/1927;012884;Sacconago;012;VA
1927;MI;015;015990;Busto Arsizio;;AP;14/04/1927;012026;Busto Arsizio;012;VA
1927;MI;015;015998;Castellanza;;AP;14/04/1927;012042;Castellanza;012;VA
1927;AR;051;051024;Monterchi;;AP;14/04/1927;054859;Monterchi;054;PG
1927;AR;051;051804;Monte Santa Maria Tiberina;;AP;14/04/1927;054032;Monte Santa Maria Tiberina;054;PG
1927;RM;058;058806;Amaseno;;AP;14/04/1927;060005;Amaseno;060;FR
1927;RM;058;058839;Castro dei Volsci;;AP;14/04/1927;060023;Castro dei Volsci;060;FR
1927;RM;058;058896;Monte Romano;;AP;14/04/1927;056037;Monte Romano;056;VT
1927;RM;058;058978;Vallecorsa;;AP;14/04/1927;060082;Vallecorsa;060;FR
1927;BR;074;074801;Guagnano;;AP;14/04/1927;075034;Guagnano;075;LE
1927;BR;074;074802;Salice Salentino;;AP;14/04/1927;075065;Salice Salentino;075;LE
1927;BR;074;074803;Veglie;;AP;14/04/1927;075092;Veglie;075;LE
1927;PC;033;033808;Romagnese;;AP;27/01/1927;018128;Romagnese;018;PV
1927;PC;033;033809;Ruino;;AP;27/01/1927;018132;Ruino;018;PV
1927;PC;033;033810;Zavattarello;;AP;27/01/1927;018184;Zavattarello;018;PV
1927;TO;001;001001;Agliè;;AP;12/01/1927;007805;Agliè;007;AO
1927;TO;001;001004;Albiano d'Ivrea;;AP;12/01/1927;007806;Albiano d'Ivrea;007;AO
1927;TO;001;001005;Alice Superiore;;AP;12/01/1927;007807;Alice Superiore;007;AO
1927;TO;001;001007;Alpette;;AP;12/01/1927;007808;Alpette;007;AO
1927;TO;001;001010;Andrate;;AP;12/01/1927;007809;Andrate;007;AO
1927;TO;001;001014;Azeglio;;AP;12/01/1927;007810;Azeglio;007;AO
1927;TO;001;001015;Bairo;;AP;12/01/1927;007811;Bairo;007;AO
1927;TO;001;001017;Baldissero Canavese;;AP;12/01/1927;007813;Baldissero Canavese;007;AO
1927;TO;001;001020;Banchette;;AP;12/01/1927;007814;Banchette;007;AO
1927;TO;001;001023;Barone Canavese;;AP;12/01/1927;007815;Barone Canavese;007;AO
1927;TO;001;001027;Bollengo;;AP;12/01/1927;007816;Bollengo;007;AO
1927;TO;001;001029;Borgiallo;;AP;12/01/1927;007817;Borgiallo;007;AO
1927;TO;001;001030;Borgofranco d'Ivrea;;AP;12/01/1927;007818;Borgofranco d'Ivrea;007;AO
1927;TO;001;001031;Borgomasino;;AP;12/01/1927;007819;Borgomasino;007;AO
1927;TO;001;001036;Brosso;;AP;12/01/1927;007820;Brosso;007;AO
1927;TO;001;001042;Burolo;;AP;12/01/1927;007821;Burolo;007;AO
1927;TO;001;001047;Caluso;;AP;12/01/1927;007822;Caluso;007;AO
1927;TO;001;001050;Candia Canavese;;AP;12/01/1927;007823;Candia Canavese;007;AO
1927;TO;001;001052;Canischio;;AP;12/01/1927;007824;Canischio;007;AO
1927;TO;001;001056;Masino;;AP;12/01/1927;007825;Masino;007;AO
1927;TO;001;001057;Carema;;AP;12/01/1927;007826;Carema;007;AO
1927;TO;001;001061;Cascinette d'Ivrea;;AP;12/01/1927;007827;Cascinette d'Ivrea;007;AO
1927;TO;001;001066;Castellamonte;;AP;12/01/1927;007828;Castellamonte;007;AO
1927;TO;001;001073;Ceresole Reale;;AP;12/01/1927;007830;Ceresole Reale;007;AO
1927;TO;001;001077;Chiaverano;;AP;12/01/1927;007831;Chiaverano;007;AO
1927;TO;001;001079;Chiesanuova;;AP;12/01/1927;007832;Chiesanuova;007;AO
1927;TO;001;001083;Ciconio;;AP;12/01/1927;007833;Ciconio;007;AO
1927;TO;001;001084;Cintano;;AP;12/01/1927;007834;Cintano;007;AO
1927;TO;001;001091;Colleretto Castelnuovo;;AP;12/01/1927;007835;Colleretto Castelnuovo;007;AO
1927;TO;001;001092;Colleretto Parella;;AP;12/01/1927;007836;Colleretto Parella;007;AO
1927;TO;001;001095;Cossano Canavese;;AP;12/01/1927;007837;Cossano Canavese;007;AO
1927;TO;001;001096;Cuceglio;;AP;12/01/1927;007838;Cuceglio;007;AO
1927;TO;001;001098;Cuorgnè;;AP;12/01/1927;007839;Cuorgnè;007;AO
1927;TO;001;001105;Fiorano Canavese;;AP;12/01/1927;007840;Fiorano Canavese;007;AO
1927;TO;001;001108;Frassinetto;;AP;12/01/1927;007841;Frassinetto;007;AO
1927;TO;001;001121;Ingria;;AP;12/01/1927;007842;Ingria;007;AO
1927;TO;001;001124;Issiglio;;AP;12/01/1927;007843;Issiglio;007;AO
1927;TO;001;001125;Ivrea;;AP;12/01/1927;007844;Ivrea;007;AO
1927;TO;001;001132;Lessolo;;AP;12/01/1927;007845;Lessolo;007;AO
1927;TO;001;001134;Locana;;AP;12/01/1927;007846;Locana;007;AO
1927;TO;001;001137;Loranzè;;AP;12/01/1927;007847;Loranzè;007;AO
1927;TO;001;001138;Lugnacco;;AP;12/01/1927;007848;Lugnacco;007;AO
1927;TO;001;001141;Lusigliè;;AP;12/01/1927;007849;Lusigliè;007;AO
1927;TO;001;001143;Maglione;;AP;12/01/1927;007850;Maglione;007;AO
1927;TO;001;001148;Mazzè;;AP;12/01/1927;007851;Mazzè;007;AO
1927;TO;001;001150;Mercenasco;;AP;12/01/1927;007852;Mercenasco;007;AO
1927;TO;001;001151;Meugliano;;AP;12/01/1927;007853;Meugliano;007;AO
1927;TO;001;001159;Montalenghe;;AP;12/01/1927;007854;Montalenghe;007;AO
1927;TO;001;001160;Montalto Dora;;AP;12/01/1927;007855;Montalto Dora;007;AO
1927;TO;001;001165;Noasca;;AP;12/01/1927;007856;Noasca;007;AO
1927;TO;001;001167;Nomaglio;;AP;12/01/1927;007857;Nomaglio;007;AO
1927;TO;001;001172;Orio Canavese;;AP;12/01/1927;007858;Orio Canavese;007;AO
1927;TO;001;001176;Ozegna;;AP;12/01/1927;007859;Ozegna;007;AO
1927;TO;001;001177;Palazzo Canavese;;AP;12/01/1927;007860;Palazzo Canavese;007;AO
1927;TO;001;001179;Parella;;AP;12/01/1927;007862;Parella;007;AO
1927;TO;001;001181;Pavone Canavese;;AP;12/01/1927;007863;Pavone Canavese;007;AO
1927;TO;001;001182;Pecco;;AP;12/01/1927;007864;Pecco;007;AO
1927;TO;001;001185;Perosa Canavese;;AP;12/01/1927;007866;Perosa Canavese;007;AO
1927;TO;001;001187;Pertusio;;AP;12/01/1927;007867;Pertusio;007;AO
1927;TO;001;001196;Piverone;;AP;12/01/1927;007868;Piverone;007;AO
1927;TO;001;001199;Pont Canavese;;AP;12/01/1927;007869;Pont Canavese;007;AO
1927;TO;001;001206;Prascorsano;;AP;12/01/1927;007870;Prascorsano;007;AO
1927;TO;001;001207;Pratiglione;;AP;12/01/1927;007871;Pratiglione;007;AO
1927;TO;001;001208;Quagliuzzo;;AP;12/01/1927;007872;Quagliuzzo;007;AO
1927;TO;001;001209;Quassolo;;AP;12/01/1927;007873;Quassolo;007;AO
1927;TO;001;001210;Quincinetto;;AP;12/01/1927;007874;Quincinetto;007;AO
1927;TO;001;001212;Ribordone;;AP;12/01/1927;007875;Ribordone;007;AO
1927;TO;001;001223;Romano Canavese;;AP;12/01/1927;007876;Romano Canavese;007;AO
1927;TO;001;001224;Ronco Canavese;;AP;12/01/1927;007877;Ronco Canavese;007;AO
1927;TO;001;001230;Rueglio;;AP;12/01/1927;007878;Rueglio;007;AO
1927;TO;001;001231;Salassa;;AP;12/01/1927;007879;Salassa;007;AO
1927;TO;001;001233;Salerano Canavese;;AP;12/01/1927;007880;Salerano Canavese;007;AO
1927;TO;001;001235;Samone;;AP;12/01/1927;007881;Samone;007;AO
1927;TO;001;001238;San Colombano Belmonte;;AP;12/01/1927;007882;San Colombano Belmonte;007;AO
1927;TO;001;001244;San Giorgio Canavese;;AP;12/01/1927;007883;San Giorgio Canavese;007;AO
1927;TO;001;001246;San Giusto Canavese;;AP;12/01/1927;007884;San Giusto Canavese;007;AO
1927;TO;001;001247;San Martino Canavese;;AP;12/01/1927;007885;San Martino Canavese;007;AO
1927;TO;001;001251;San Ponso Canavese;;AP;12/01/1927;007886;San Ponso Canavese;007;AO
1927;TO;001;001261;Scarmagno;;AP;12/01/1927;007887;Scarmagno;007;AO
1927;TO;001;001264;Settimo Rottaro;;AP;12/01/1927;007888;Settimo Rottaro;007;AO
1927;TO;001;001266;Settimo Vittone;;AP;12/01/1927;007889;Settimo Vittone;007;AO
1927;TO;001;001267;Sparone;;AP;12/01/1927;007890;Sparone;007;AO
1927;TO;001;001268;Strambinello;;AP;12/01/1927;007891;Strambinello;007;AO
1927;TO;001;001269;Strambino;;AP;12/01/1927;007892;Strambino;007;AO
1927;TO;001;001271;Tavagnasco;;AP;12/01/1927;007894;Tavagnasco;007;AO
1927;TO;001;001274;Torre Bairo;;AP;12/01/1927;007895;Torre Bairo;007;AO
1927;TO;001;001277;Trausella;;AP;12/01/1927;007896;Trausella;007;AO
1927;TO;001;001278;Traversella;;AP;12/01/1927;007897;Traversella;007;AO
1927;TO;001;001287;Valperga;;AP;12/01/1927;007898;Valperga;007;AO
1927;TO;001;001295;Vestignè;;AP;12/01/1927;007900;Vestignè;007;AO
1927;TO;001;001296;Vialfrè;;AP;12/01/1927;007901;Vialfrè;007;AO
1927;TO;001;001297;Vico Canavese;;AP;12/01/1927;007902;Vico Canavese;007;AO
1927;TO;001;001298;Vidracco;;AP;12/01/1927;007903;Vidracco;007;AO
1927;TO;001;001304;Villareggia;;AP;12/01/1927;007904;Villareggia;007;AO
1927;TO;001;001311;Vische;;AP;12/01/1927;007905;Vische;007;AO
1927;TO;001;001312;Vistrorio;;AP;12/01/1927;007906;Vistrorio;007;AO
1927;TO;001;001803;Baio Dora;;AP;12/01/1927;001803;Baio Dora;007;AO
1927;TO;001;001813;Campiglia Soana;;AP;12/01/1927;001813;Campiglia Soana;007;AO
1927;TO;001;001814;Campo Canavese;;AP;12/01/1927;001814;Campo Canavese;007;AO
1927;TO;001;001815;Caravino;;AP;12/01/1927;001815;Caravino;007;AO
1927;TO;001;001817;Cesnola;;AP;12/01/1927;001817;Cesnola;007;AO
1927;TO;001;001822;Drusacco;;AP;12/01/1927;001822;Drusacco;007;AO
1927;TO;001;001830;Gauna;;AP;12/01/1927;001830;Gauna;007;AO
1927;TO;001;001843;Montestrutto;;AP;12/01/1927;001843;Montestrutto;007;AO
1927;TO;001;001844;Muriaglio;;AP;12/01/1927;001844;Muriaglio;007;AO
1927;TO;001;001845;Novareglia;;AP;12/01/1927;001845;Novareglia;007;AO
1927;TO;001;001849;Priacco;;AP;12/01/1927;001849;Priacco;007;AO
1927;TO;001;001858;Sale Castelnuovo;;AP;12/01/1927;001858;Sale Castelnuovo;007;AO
1927;TO;001;001859;Salto;;AP;12/01/1927;001859;Salto;007;AO
1927;TO;001;001868;Tina;;AP;12/01/1927;001868;Tina;007;AO
1927;TO;001;001870;Valchiusella;;AP;12/01/1927;001870;Valchiusella;007;AO
1927;TO;001;001871;Valprato;;AP;12/01/1927;001871;Valprato;007;AO
1927;TO;001;001872;Villa Castelnuovo;;AP;12/01/1927;001872;Villa Castelnuovo;007;AO
1927;TO;001;001873;Allain;;AP;12/01/1927;007001;Allain;007;AO
1927;TO;001;001874;Antey Saint André;;AP;12/01/1927;007002;Antey Saint André;007;AO
1927;TO;001;001875;Aosta;;AP;12/01/1927;007003;Aosta;007;AO
1927;TO;001;001876;Arnaz;;AP;12/01/1927;007004;Arnaz;007;AO
1927;TO;001;001877;Arvier;;AP;12/01/1927;007005;Arvier;007;AO
1927;TO;001;001878;Avise;;AP;12/01/1927;007006;Avise;007;AO
1927;TO;001;001879;Ayas;;AP;12/01/1927;007007;Ayas;007;AO
1927;TO;001;001880;Aymavilles;;AP;12/01/1927;007008;Aymavilles;007;AO
1927;TO;001;001881;Bard;;AP;12/01/1927;007009;Bard;007;AO
1927;TO;001;001882;Bionaz;;AP;12/01/1927;007010;Bionaz;007;AO
1927;TO;001;001883;Brissogne;;AP;12/01/1927;007011;Brissogne;007;AO
1927;TO;001;001884;Brusson;;AP;12/01/1927;007012;Brusson;007;AO
1927;TO;001;001885;Challant Saint Anselme;;AP;12/01/1927;007013;Challant Saint Anselme;007;AO
1927;TO;001;001886;Challant Saint Victor;;AP;12/01/1927;007014;Challant Saint Victor;007;AO
1927;TO;001;001887;Chambave;;AP;12/01/1927;007015;Chambave;007;AO
1927;TO;001;001888;Chamois;;AP;12/01/1927;007016;Chamois;007;AO
1927;TO;001;001889;Champdepraz;;AP;12/01/1927;007017;Champdepraz;007;AO
1927;TO;001;001890;Champorcher;;AP;12/01/1927;007018;Champorcher;007;AO
1927;TO;001;001891;Charvensod;;AP;12/01/1927;007019;Charvensod;007;AO
1927;TO;001;001892;Chatillon;;AP;12/01/1927;007020;Chatillon;007;AO
1927;TO;001;001893;Cogne;;AP;12/01/1927;007021;Cogne;007;AO
1927;TO;001;001894;Courmayeur;;AP;12/01/1927;007022;Courmayeur;007;AO
1927;TO;001;001895;Donnaz;;AP;12/01/1927;007023;Donnaz;007;AO
1927;TO;001;001896;Doues;;AP;12/01/1927;007024;Doues;007;AO
1927;TO;001;001897;Emarese;;AP;12/01/1927;007025;Emarese;007;AO
1927;TO;001;001898;Ètroubles;;AP;12/01/1927;007026;Ètroubles;007;AO
1927;TO;001;001899;Fenis;;AP;12/01/1927;007027;Fenis;007;AO
1927;TO;001;001900;Fontainemore;;AP;12/01/1927;007028;Fontainemore;007;AO
1927;TO;001;001901;Gignod;;AP;12/01/1927;007030;Gignod;007;AO
1927;TO;001;001902;Gressan;;AP;12/01/1927;007031;Gressan;007;AO
1927;TO;001;001903;Gressoney la Trinité;;AP;12/01/1927;007032;Gressoney la Trinité;007;AO
1927;TO;001;001904;Gressoney Saint Jean;;AP;12/01/1927;007033;Gressoney Saint Jean;007;AO
1927;TO;001;001905;Hône;;AP;12/01/1927;007034;Hône;007;AO
1927;TO;001;001906;Introd;;AP;12/01/1927;007035;Introd;007;AO
1927;TO;001;001907;Issime;;AP;12/01/1927;007036;Issime;007;AO
1927;TO;001;001908;Issogne;;AP;12/01/1927;007037;Issogne;007;AO
1927;TO;001;001909;Jovençan;;AP;12/01/1927;007038;Jovençan;007;AO
1927;TO;001;001910;La Magdeleine;;AP;12/01/1927;007039;La Magdeleine;007;AO
1927;TO;001;001911;La Salle;;AP;12/01/1927;007040;La Salle;007;AO
1927;TO;001;001912;La Thuile;;AP;12/01/1927;007041;La Thuile;007;AO
1927;TO;001;001913;Lillianes;;AP;12/01/1927;007042;Lillianes;007;AO
1927;TO;001;001914;Montjovet;;AP;12/01/1927;007043;Montjovet;007;AO
1927;TO;001;001915;Morgex;;AP;12/01/1927;007044;Morgex;007;AO
1927;TO;001;001916;Nus;;AP;12/01/1927;007045;Nus;007;AO
1927;TO;001;001917;Ollomont;;AP;12/01/1927;007046;Ollomont;007;AO
1927;TO;001;001918;Oyace;;AP;12/01/1927;007047;Oyace;007;AO
1927;TO;001;001919;Perloz;;AP;12/01/1927;007048;Perloz;007;AO
1927;TO;001;001920;Pollein;;AP;12/01/1927;007049;Pollein;007;AO
1927;TO;001;001921;Pont Bozet;;AP;12/01/1927;007050;Pont Bozet;007;AO
1927;TO;001;001922;Pontey;;AP;12/01/1927;007051;Pontey;007;AO
1927;TO;001;001923;Pont Saint Martin;;AP;12/01/1927;007052;Pont Saint Martin;007;AO
1927;TO;001;001924;Pré Saint Didier;;AP;12/01/1927;007053;Pré Saint Didier;007;AO
1927;TO;001;001925;Quart;;AP;12/01/1927;007054;Quart;007;AO
1927;TO;001;001926;Rhêmes Notre Dame;;AP;12/01/1927;007055;Rhêmes Notre Dame;007;AO
1927;TO;001;001927;Rhêmes Saint Georges;;AP;12/01/1927;007056;Rhêmes Saint Georges;007;AO
1927;TO;001;001928;Roisan;;AP;12/01/1927;007057;Roisan;007;AO
1927;TO;001;001929;Saint Christophe;;AP;12/01/1927;007058;Saint Christophe;007;AO
1927;TO;001;001930;Saint Denis;;AP;12/01/1927;007059;Saint Denis;007;AO
1927;TO;001;001931;Saint Marcel;;AP;12/01/1927;007060;Saint Marcel;007;AO
1927;TO;001;001932;Saint Nicolas;;AP;12/01/1927;007061;Saint Nicolas;007;AO
1927;TO;001;001933;Saint Oyen;;AP;12/01/1927;007062;Saint Oyen;007;AO
1927;TO;001;001934;Saint Pierre;;AP;12/01/1927;007063;Saint Pierre;007;AO
1927;TO;001;001935;Saint Rhémy;;AP;12/01/1927;007064;Saint Rhémy;007;AO
1927;TO;001;001936;Saint Vincent;;AP;12/01/1927;007065;Saint Vincent;007;AO
1927;TO;001;001937;Sarre;;AP;12/01/1927;007066;Sarre;007;AO
1927;TO;001;001938;Torgnon;;AP;12/01/1927;007067;Torgnon;007;AO
1927;TO;001;001939;Valgrisanche;;AP;12/01/1927;007068;Valgrisanche;007;AO
1927;TO;001;001940;Valpelline;;AP;12/01/1927;007069;Valpelline;007;AO
1927;TO;001;001941;Valsavaranche;;AP;12/01/1927;007070;Valsavaranche;007;AO
1927;TO;001;001942;Valtournanche;;AP;12/01/1927;007071;Valtournanche;007;AO
1927;TO;001;001943;Verrayes;;AP;12/01/1927;007072;Verrayes;007;AO
1927;TO;001;001944;Verrès;;AP;12/01/1927;007073;Verrès;007;AO
1927;TO;001;001945;Villaneuve;;AP;12/01/1927;007074;Villaneuve;007;AO
1927;NO;003;003400;Mongrando;;AP;12/01/1927;002080;Mongrando;002;VC
1927;NO;003;003401;Morca;;AP;12/01/1927;002820;Morca;002;VC
1927;NO;003;003402;Morondo;;AP;12/01/1927;002821;Morondo;002;VC
1927;NO;003;003403;Mosso Santa Maria;;AP;12/01/1927;002081;Mosso Santa Maria;002;VC
1927;NO;003;003404;Motta de' Conti;;AP;12/01/1927;002082;Motta de' Conti;002;VC
1927;NO;003;003405;Mottalciata;;AP;12/01/1927;002083;Mottalciata;002;VC
1927;NO;003;003406;Muzzano;;AP;12/01/1927;002084;Muzzano;002;VC
1927;NO;003;003407;Netro;;AP;12/01/1927;002085;Netro;002;VC
1927;NO;003;003408;Occhieppo Inferiore;;AP;12/01/1927;002086;Occhieppo Inferiore;002;VC
1927;NO;003;003409;Occhieppo Superiore;;AP;12/01/1927;002087;Occhieppo Superiore;002;VC
1927;NO;003;003410;Olcenengo;;AP;12/01/1927;002088;Olcenengo;002;VC
1927;NO;003;003411;Oldenico;;AP;12/01/1927;002089;Oldenico;002;VC
1927;NO;003;003412;Palazzolo Vercellese;;AP;12/01/1927;002090;Palazzolo Vercellese;002;VC
1927;NO;003;003413;Parone;;AP;12/01/1927;002822;Parone;002;VC
1927;NO;003;003414;Pertengo;;AP;12/01/1927;002091;Pertengo;002;VC
1927;NO;003;003415;Pettinengo;;AP;12/01/1927;002092;Pettinengo;002;VC
1927;NO;003;003416;Pezzana;;AP;12/01/1927;002093;Pezzana;002;VC
1927;NO;003;003417;Pianceri;;AP;12/01/1927;002823;Pianceri;002;VC
1927;NO;003;003418;Piane Sesia;;AP;12/01/1927;002824;Piane Sesia;002;VC
1927;NO;003;003419;Piatto;;AP;12/01/1927;002094;Piatto;002;VC
1927;NO;003;003420;Piedicavallo;;AP;12/01/1927;002095;Piedicavallo;002;VC
1927;NO;003;003421;Pila;;AP;12/01/1927;002096;Pila;002;VC
1927;NO;003;003422;Piode;;AP;12/01/1927;002097;Piode;002;VC
1927;NO;003;003423;Pistolesa;;AP;12/01/1927;002098;Pistolesa;002;VC
1927;NO;003;003424;Pollone;;AP;12/01/1927;002099;Pollone;002;VC
1927;NO;003;003425;Ponderano;;AP;12/01/1927;002100;Ponderano;002;VC
1927;NO;003;003426;Portula;;AP;12/01/1927;002101;Portula;002;VC
1927;NO;003;003427;Postua;;AP;12/01/1927;002102;Postua;002;VC
1927;NO;003;003428;Pralungo;;AP;12/01/1927;002103;Pralungo;002;VC
1927;NO;003;003429;Prarolo;;AP;12/01/1927;002104;Prarolo;002;VC
1927;NO;003;003430;Pray;;AP;12/01/1927;002105;Pray;002;VC
1927;NO;003;003431;Quaregna;;AP;12/01/1927;002106;Quaregna;002;VC
1927;NO;003;003432;Quarona;;AP;12/01/1927;002107;Quarona;002;VC
1927;NO;003;003433;Quinto Vercellese;;AP;12/01/1927;002108;Quinto Vercellese;002;VC
1927;NO;003;003434;Quittengo;;AP;12/01/1927;002109;Quittengo;002;VC
1927;NO;003;003435;Rassa;;AP;12/01/1927;002110;Rassa;002;VC
1927;NO;003;003436;Rima San Giuseppe;;AP;12/01/1927;002111;Rima San Giuseppe;002;VC
1927;NO;003;003437;Rimasco;;AP;12/01/1927;002112;Rimasco;002;VC
1927;NO;003;003438;Rimella;;AP;12/01/1927;002113;Rimella;002;VC
1927;NO;003;003439;Riva Valdobbia;;AP;12/01/1927;002114;Riva Valdobbia;002;VC
1927;NO;003;003440;Rive;;AP;12/01/1927;002115;Rive;002;VC
1927;NO;003;003441;Roasio;;AP;12/01/1927;002116;Roasio;002;VC
1927;NO;003;003442;Rocca Pietra;;AP;12/01/1927;002825;Rocca Pietra;002;VC
1927;NO;003;003443;Ronco Biellese;;AP;12/01/1927;002117;Ronco Biellese;002;VC
1927;NO;003;003444;Ronsecco;;AP;12/01/1927;002118;Ronsecco;002;VC
1927;NO;003;003445;Roppolo;;AP;12/01/1927;002119;Roppolo;002;VC
1927;NO;003;003446;Rosazza;;AP;12/01/1927;002120;Rosazza;002;VC
1927;NO;003;003447;Rossa;;AP;12/01/1927;002121;Rossa;002;VC
1927;NO;003;003448;Roasenda;;AP;12/01/1927;002122;Roasenda;002;VC
1927;NO;003;003449;Sabbia;;AP;12/01/1927;002123;Sabbia;002;VC
1927;NO;003;003450;Sagliano Micca;;AP;12/01/1927;002124;Sagliano Micca;002;VC
1927;NO;003;003451;Sala Biellese;;AP;12/01/1927;002125;Sala Biellese;002;VC
1927;NO;003;003452;Salasco;;AP;12/01/1927;002126;Salasco;002;VC
1927;NO;003;003453;Sali Vercellese;;AP;12/01/1927;002127;Sali Vercellese;002;VC
1927;NO;003;003454;Saluggia;;AP;12/01/1927;002128;Saluggia;002;VC
1927;NO;003;003455;Salussola;;AP;12/01/1927;002129;Salussola;002;VC
1927;NO;003;003456;San Germano Vercellese;;AP;12/01/1927;002131;San Germano Vercellese;002;VC
1927;NO;003;003457;Cascine San Giacomo;;AP;12/01/1927;002035;Cascine San Giacomo;002;VC
1927;NO;003;003458;San Giuseppe di Casto;;AP;12/01/1927;002826;San Giuseppe di Casto;002;VC
1927;NO;003;003459;San Paolo Cervo;;AP;12/01/1927;002132;San Paolo Cervo;002;VC
1927;NO;003;003460;Sandigliano;;AP;12/01/1927;002130;Sandigliano;002;VC
1927;NO;003;003461;Santhià;;AP;12/01/1927;002133;Santhià;002;VC
1927;NO;003;003462;Scopa;;AP;12/01/1927;002134;Scopa;002;VC
1927;NO;003;003463;Scopello;;AP;12/01/1927;002135;Scopello;002;VC
1927;NO;003;003464;Selve Marcone;;AP;12/01/1927;002136;Selve Marcone;002;VC
1927;NO;003;003465;Serravalle Sesia;;AP;12/01/1927;002137;Serravalle Sesia;002;VC
1927;NO;003;003466;Soprana;;AP;12/01/1927;002138;Soprana;002;VC
1927;NO;003;003467;Sordevolo;;AP;12/01/1927;002139;Sordevolo;002;VC
1927;NO;003;003468;Sostegno;;AP;12/01/1927;002140;Sostegno;002;VC
1927;NO;003;003469;Strona;;AP;12/01/1927;002141;Strona;002;VC
1927;NO;003;003470;Stroppiana;;AP;12/01/1927;002142;Stroppiana;002;VC
1927;NO;003;003471;Tavigliano;;AP;12/01/1927;002143;Tavigliano;002;VC
1927;NO;003;003472;Ternengo;;AP;12/01/1927;002144;Ternengo;002;VC
1927;NO;003;003473;Tollegno;;AP;12/01/1927;002145;Tollegno;002;VC
1927;NO;003;003474;Torrazzo;;AP;12/01/1927;002146;Torrazzo;002;VC
1927;NO;003;003475;Tricerro;;AP;12/01/1927;002147;Tricerro;002;VC
1927;NO;003;003476;Trino;;AP;12/01/1927;002148;Trino;002;VC
1927;NO;003;003477;Trivero;;AP;12/01/1927;002149;Trivero;002;VC
1927;NO;003;003478;Tronzano Vercellese;;AP;12/01/1927;002150;Tronzano Vercellese;002;VC
1927;NO;003;003479;Valdengo;;AP;12/01/1927;002151;Valdengo;002;VC
1927;NO;003;003480;Valduggia;;AP;12/01/1927;002152;Valduggia;002;VC
1927;NO;003;003481;Vallanzengo;;AP;12/01/1927;002153;Vallanzengo;002;VC
1927;NO;003;003482;Valle Mosso;;AP;12/01/1927;002154;Valle Mosso;002;VC
1927;NO;003;003483;Valle San Nicolao;;AP;12/01/1927;002155;Valle San Nicolao;002;VC
1927;NO;003;003484;Valle Superiore Mosso;;AP;12/01/1927;002827;Valle Superiore Mosso;002;VC
1927;NO;003;003485;Valmaggia;;AP;12/01/1927;002828;Valmaggia;002;VC
1927;NO;003;003486;Varallo;;AP;12/01/1927;002156;Varallo;002;VC
1927;NO;003;003487;Veglio;;AP;12/01/1927;002157;Veglio;002;VC
1927;NO;003;003488;Vercelli;;AP;12/01/1927;002158;Vercelli;002;VC
1927;NO;003;003489;Verrone;;AP;12/01/1927;002159;Verrone;002;VC
1927;NO;003;003490;Vigliano Biellese;;AP;12/01/1927;002160;Vigliano Biellese;002;VC
1927;NO;003;003491;Villa del Bosco;;AP;12/01/1927;002161;Villa del Bosco;002;VC
1927;NO;003;003492;Villanova Biellese;;AP;12/01/1927;002162;Villanova Biellese;002;VC
1927;NO;003;003493;Villarboit;;AP;12/01/1927;002163;Villarboit;002;VC
1927;NO;003;003494;Villata;;AP;12/01/1927;002164;Villata;002;VC
1927;NO;003;003495;Vintebbio;;AP;12/01/1927;002829;Vintebbio;002;VC
1927;NO;003;003496;Viverone;;AP;12/01/1927;002165;Viverone;002;VC
1927;NO;003;003497;Vocca;;AP;12/01/1927;002166;Vocca;002;VC
1927;NO;003;003498;Zimone;;AP;12/01/1927;002167;Zimone;002;VC
1927;NO;003;003499;Zubiena;;AP;12/01/1927;002168;Zubiena;002;VC
1927;NO;003;003625;Zumaglia;;AP;12/01/1927;002169;Zumaglia;002;VC
1927;NO;003;003827;Campello Monti;;AP;12/01/1927;002830;Campello Monti;002;VC
1927;NO;003;003906;Agnona;;AP;12/01/1927;002801;Agnona;002;VC
1927;NO;003;003907;Ailoche;;AP;12/01/1927;002001;Ailoche;002;VC
1927;NO;003;003908;Alagna Valsesia;;AP;12/01/1927;002002;Alagna Valsesia;002;VC
1927;NO;003;003909;Albano Vercellese;;AP;12/01/1927;002003;Albano Vercellese;002;VC
1927;NO;003;003910;Alice Castello;;AP;12/01/1927;002004;Alice Castello;002;VC
1927;NO;003;003911;Andorno Cacciorna;;AP;12/01/1927;002802;Andorno Cacciorna;002;VC
1927;NO;003;003912;Aranco;;AP;12/01/1927;002803;Aranco;002;VC
1927;NO;003;003913;Arborio;;AP;12/01/1927;002006;Arborio;002;VC
1927;NO;003;003914;Asigliano;;AP;12/01/1927;002007;Asigliano;002;VC
1927;NO;003;003915;Balmuccia;;AP;12/01/1927;002008;Balmuccia;002;VC
1927;NO;003;003916;Balocco;;AP;12/01/1927;002009;Balocco;002;VC
1927;NO;003;003917;Benna;;AP;12/01/1927;002010;Benna;002;VC
1927;NO;003;003918;Bianzè;;AP;12/01/1927;002011;Bianzè;002;VC
1927;NO;003;003919;Biella;;AP;12/01/1927;002012;Biella;002;VC
1927;NO;003;003920;Bioglio;;AP;12/01/1927;002013;Bioglio;002;VC
1927;NO;003;003921;Boccioleto;;AP;12/01/1927;002014;Boccioleto;002;VC
1927;NO;003;003922;Borgo d'Ale;;AP;12/01/1927;002015;Borgo d'Ale;002;VC
1927;NO;003;003923;Borgo Vercelli;;AP;12/01/1927;002017;Borgo Vercelli;002;VC
1927;NO;003;003924;Borgosesia;;AP;12/01/1927;002016;Borgosesia;002;VC
1927;NO;003;003925;Bornate;;AP;12/01/1927;002804;Bornate;002;VC
1927;NO;003;003926;Borriana;;AP;12/01/1927;002018;Borriana;002;VC
1927;NO;003;003927;Breia;;AP;12/01/1927;002019;Breia;002;VC
1927;NO;003;003928;Brusnengo;;AP;12/01/1927;002020;Brusnengo;002;VC
1927;NO;003;003929;Buronzo;;AP;12/01/1927;002021;Buronzo;002;VC
1927;NO;003;003930;Callabiana;;AP;12/01/1927;002022;Callabiana;002;VC
1927;NO;003;003931;Camandona;;AP;12/01/1927;002023;Camandona;002;VC
1927;NO;003;003932;Camasco;;AP;12/01/1927;002805;Camasco;002;VC
1927;NO;003;003933;Camburzano;;AP;12/01/1927;002024;Camburzano;002;VC
1927;NO;003;003934;Campertogno;;AP;12/01/1927;002025;Campertogno;002;VC
1927;NO;003;003935;Campiglia Cervo;;AP;12/01/1927;002026;Campiglia Cervo;002;VC
1927;NO;003;003936;Candelo;;AP;12/01/1927;002027;Candelo;002;VC
1927;NO;003;003937;Caprile;;AP;12/01/1927;002028;Caprile;002;VC
1927;NO;003;003938;Carcoforo;;AP;12/01/1927;002029;Carcoforo;002;VC
1927;NO;003;003939;Caresana;;AP;12/01/1927;002030;Caresana;002;VC
1927;NO;003;003940;Caresanablot;;AP;12/01/1927;002031;Caresanablot;002;VC
1927;NO;003;003941;Carisio;;AP;12/01/1927;002032;Carisio;002;VC
1927;NO;003;003942;Casanova Elvo;;AP;12/01/1927;002033;Casanova Elvo;002;VC
1927;NO;003;003943;Casapinta;;AP;12/01/1927;002034;Casapinta;002;VC
1927;NO;003;003944;Castellengo;;AP;12/01/1927;002807;Castellengo;002;VC
1927;NO;003;003945;Castelletto Cervo;;AP;12/01/1927;002036;Castelletto Cervo;002;VC
1927;NO;003;003946;Castelletto Villa;;AP;12/01/1927;002808;Castelletto Villa;002;VC
1927;NO;003;003947;Cavaglià;;AP;12/01/1927;002037;Cavaglià;002;VC
1927;NO;003;003948;Cellio;;AP;12/01/1927;002038;Cellio;002;VC
1927;NO;003;003949;Cerreto Castello;;AP;12/01/1927;002039;Cerreto Castello;002;VC
1927;NO;003;003950;Cerrione;;AP;12/01/1927;002040;Cerrione;002;VC
1927;NO;003;003951;Cervarolo;;AP;12/01/1927;002809;Cervarolo;002;VC
1927;NO;003;003952;Cervatto;;AP;12/01/1927;002041;Cervatto;002;VC
1927;NO;003;003953;Chiavazza;;AP;12/01/1927;002810;Chiavazza;002;VC
1927;NO;003;003954;Cigliano;;AP;12/01/1927;002042;Cigliano;002;VC
1927;NO;003;003955;Civiasco;;AP;12/01/1927;002043;Civiasco;002;VC
1927;NO;003;003956;Coggiola;;AP;12/01/1927;002044;Coggiola;002;VC
1927;NO;003;003957;Collobiano;;AP;12/01/1927;002045;Collobiano;002;VC
1927;NO;003;003958;Cossato;;AP;12/01/1927;002046;Cossato;002;VC
1927;NO;003;003959;Cossila;;AP;12/01/1927;002811;Cossila;002;VC
1927;NO;003;003960;Costanzana;;AP;12/01/1927;002047;Costanzana;002;VC
1927;NO;003;003961;Cravagliana;;AP;12/01/1927;002048;Cravagliana;002;VC
1927;NO;003;003962;Crescentino;;AP;12/01/1927;002049;Crescentino;002;VC
1927;NO;003;003963;Crevacuore;;AP;12/01/1927;002050;Crevacuore;002;VC
1927;NO;003;003964;Crevola Sesia;;AP;12/01/1927;002812;Crevola Sesia;002;VC
1927;NO;003;003965;Croce di Mosso;;AP;12/01/1927;002813;Croce di Mosso;002;VC
1927;NO;003;003966;Crosa;;AP;12/01/1927;002051;Crosa;002;VC
1927;NO;003;003967;Crova;;AP;12/01/1927;002052;Crova;002;VC
1927;NO;003;003968;Curino;;AP;12/01/1927;002053;Curino;002;VC
1927;NO;003;003969;Desana;;AP;12/01/1927;002054;Desana;002;VC
1927;NO;003;003970;Doccio;;AP;12/01/1927;002814;Doccio;002;VC
1927;NO;003;003971;Donato;;AP;12/01/1927;002055;Donato;002;VC
1927;NO;003;003972;Dorzano;;AP;12/01/1927;002056;Dorzano;002;VC
1927;NO;003;003973;Flecchia;;AP;12/01/1927;002816;Flecchia;002;VC
1927;NO;003;003974;Fobello;;AP;12/01/1927;002057;Fobello;002;VC
1927;NO;003;003975;Fontanetto da Po;;AP;12/01/1927;002058;Fontanetto da Po;002;VC
1927;NO;003;003976;Foresto Sesia;;AP;12/01/1927;002817;Foresto Sesia;002;VC
1927;NO;003;003977;Formigliana;;AP;12/01/1927;002059;Formigliana;002;VC
1927;NO;003;003978;Gaglianico;;AP;12/01/1927;002060;Gaglianico;002;VC
1927;NO;003;003979;Gattinara;;AP;12/01/1927;002061;Gattinara;002;VC
1927;NO;003;003980;Ghislarengo;;AP;12/01/1927;002062;Ghislarengo;002;VC
1927;NO;003;003981;Gifflenga;;AP;12/01/1927;002063;Gifflenga;002;VC
1927;NO;003;003982;Graglia;;AP;12/01/1927;002064;Graglia;002;VC
1927;NO;003;003983;Greggio;;AP;12/01/1927;002065;Greggio;002;VC
1927;NO;003;003984;Guardabosone;;AP;12/01/1927;002066;Guardabosone;002;VC
1927;NO;003;003985;Isolella;;AP;12/01/1927;002818;Isolella;002;VC
1927;NO;003;003986;Lamporo;;AP;12/01/1927;002067;Lamporo;002;VC
1927;NO;003;003987;Lenta;;AP;12/01/1927;002068;Lenta;002;VC
1927;NO;003;003988;Lessona;;AP;12/01/1927;002069;Lessona;002;VC
1927;NO;003;003989;Lignana;;AP;12/01/1927;002070;Lignana;002;VC
1927;NO;003;003990;Livorno Ferraris;;AP;12/01/1927;002071;Livorno Ferraris;002;VC
1927;NO;003;003991;Locarno;;AP;12/01/1927;002819;Locarno;002;VC
1927;NO;003;003992;Lozzolo;;AP;12/01/1927;002072;Lozzolo;002;VC
1927;NO;003;003993;Magnano;;AP;12/01/1927;002073;Magnano;002;VC
1927;NO;003;003994;Massazza;;AP;12/01/1927;002074;Massazza;002;VC
1927;NO;003;003995;Masserano;;AP;12/01/1927;002075;Masserano;002;VC
1927;NO;003;003996;Mezzana Mortigliengo;;AP;12/01/1927;002076;Mezzana Mortigliengo;002;VC
1927;NO;003;003997;Miagliano;;AP;12/01/1927;002077;Miagliano;002;VC
1927;NO;003;003998;Mollia;;AP;12/01/1927;002078;Mollia;002;VC
1927;NO;003;003999;Moncrivello;;AP;12/01/1927;002079;Moncrivello;002;VC
1927;GE;010;010017;Cogoleto;;AP;12/01/1927;009833;Cogoleto;009;SV
1927;GE;010;010061;Tiglieto;;AP;12/01/1927;009834;Tiglieto;009;SV
1927;GE;010;010830;Alassio;;AP;12/01/1927;009001;Alassio;009;SV
1927;GE;010;010831;Albenga;;AP;12/01/1927;009002;Albenga;009;SV
1927;GE;010;010832;Albisola Superiore;;AP;12/01/1927;009004;Albisola Superiore;009;SV
1927;GE;010;010833;Albissola Marina;;AP;12/01/1927;009003;Albissola Marina;009;SV
1927;GE;010;010834;Altare;;AP;12/01/1927;009005;Altare;009;SV
1927;GE;010;010836;Andora;;AP;12/01/1927;009006;Andora;009;SV
1927;GE;010;010838;Arnasco;;AP;12/01/1927;009007;Arnasco;009;SV
1927;GE;010;010839;Balestrino;;AP;12/01/1927;009008;Balestrino;009;SV
1927;GE;010;010840;Bardineto;;AP;12/01/1927;009009;Bardineto;009;SV
1927;GE;010;010841;Bardino Nuovo;;AP;12/01/1927;009801;Bardino Nuovo;009;SV
1927;GE;010;010842;Bardino Vecchio;;AP;12/01/1927;009802;Bardino Vecchio;009;SV
1927;GE;010;010843;Bergeggi;;AP;12/01/1927;009010;Bergeggi;009;SV
1927;GE;010;010845;Biestro;;AP;12/01/1927;009803;Biestro;009;SV
1927;GE;010;010846;Boissano;;AP;12/01/1927;009011;Boissano;009;SV
1927;GE;010;010850;Borghetto Santo Spirito;;AP;12/01/1927;009012;Borghetto Santo Spirito;009;SV
1927;GE;010;010851;Borgio;;AP;12/01/1927;009804;Borgio;009;SV
1927;GE;010;010852;Bormida;;AP;12/01/1927;009014;Bormida;009;SV
1927;GE;010;010853;Brovida;;AP;12/01/1927;009805;Brovida;009;SV
1927;GE;010;010855;Cairo Montenotte;;AP;12/01/1927;009015;Cairo Montenotte;009;SV
1927;GE;010;010856;Calice Ligure;;AP;12/01/1927;009016;Calice Ligure;009;SV
1927;GE;010;010857;Calizzano;;AP;12/01/1927;009017;Calizzano;009;SV
1927;GE;010;010858;Campochiesa;;AP;12/01/1927;009808;Campochiesa;009;SV
1927;GE;010;010860;Carcare;;AP;12/01/1927;009018;Carcare;009;SV
1927;GE;010;010863;Casanova Lerrone;;AP;12/01/1927;009019;Casanova Lerrone;009;SV
1927;GE;010;010864;Castelbianco;;AP;12/01/1927;009020;Castelbianco;009;SV
1927;GE;010;010866;Castelvecchio di Rocca Barbena;;AP;12/01/1927;009021;Castelvecchio di Rocca Barbena;009;SV
1927;GE;010;010867;Celle Ligure;;AP;12/01/1927;009022;Celle Ligure;009;SV
1927;GE;010;010868;Cenesi;;AP;12/01/1927;009811;Cenesi;009;SV
1927;GE;010;010869;Cengio;;AP;12/01/1927;009023;Cengio;009;SV
1927;GE;010;010870;Ceriale;;AP;12/01/1927;009024;Ceriale;009;SV
1927;GE;010;010871;Cisano sul Neva;;AP;12/01/1927;009025;Cisano sul Neva;009;SV
1927;GE;010;010872;Cosseria;;AP;12/01/1927;009026;Cosseria;009;SV
1927;GE;010;010873;Dego;;AP;12/01/1927;009027;Dego;009;SV
1927;GE;010;010875;Ellera;;AP;12/01/1927;009812;Ellera;009;SV
1927;GE;010;010876;Erli;;AP;12/01/1927;009028;Erli;009;SV
1927;GE;010;010877;Finalborgo;;AP;12/01/1927;009813;Finalborgo;009;SV
1927;GE;010;010878;Finale Marina;;AP;12/01/1927;009814;Finale Marina;009;SV
1927;GE;010;010879;Finale Pia;;AP;12/01/1927;009815;Finale Pia;009;SV
1927;GE;010;010882;Garlenda;;AP;12/01/1927;009030;Garlenda;009;SV
1927;GE;010;010883;Giustenice;;AP;12/01/1927;009031;Giustenice;009;SV
1927;GE;010;010884;Giusvalla;;AP;12/01/1927;009032;Giusvalla;009;SV
1927;GE;010;010886;Laigueglia;;AP;12/01/1927;009033;Laigueglia;009;SV
1927;GE;010;010889;Loano;;AP;12/01/1927;009034;Loano;009;SV
1927;GE;010;010890;Magliolo;;AP;12/01/1927;009035;Magliolo;009;SV
1927;GE;010;010892;Mallare;;AP;12/01/1927;009036;Mallare;009;SV
1927;GE;010;010893;Martina Olba;;AP;12/01/1927;009818;Martina Olba;009;SV
1927;GE;010;010894;Massimino;;AP;12/01/1927;009037;Massimino;009;SV
1927;GE;010;010895;Millesimo;;AP;12/01/1927;009038;Millesimo;009;SV
1927;GE;010;010896;Mioglia;;AP;12/01/1927;009039;Mioglia;009;SV
1927;GE;010;010898;Murialdo;;AP;12/01/1927;009040;Murialdo;009;SV
1927;GE;010;010899;Nasino;;AP;12/01/1927;009041;Nasino;009;SV
1927;GE;010;010900;Noli;;AP;12/01/1927;009042;Noli;009;SV
1927;GE;010;010901;Olba;;AP;12/01/1927;009819;Olba;009;SV
1927;GE;010;010902;Onzo;;AP;12/01/1927;009043;Onzo;009;SV
1927;GE;010;010903;Orco Feglino;;AP;12/01/1927;009044;Orco Feglino;009;SV
1927;GE;010;010905;Ortovero;;AP;12/01/1927;009045;Ortovero;009;SV
1927;GE;010;010906;Osiglia;;AP;12/01/1927;009046;Osiglia;009;SV
1927;GE;010;010907;Pallare;;AP;12/01/1927;009047;Pallare;009;SV
1927;GE;010;010909;Piana Crixia;;AP;12/01/1927;009048;Piana Crixia;009;SV
1927;GE;010;010910;Pietra Ligure;;AP;12/01/1927;009049;Pietra Ligure;009;SV
1927;GE;010;010912;Plodio;;AP;12/01/1927;009050;Plodio;009;SV
1927;GE;010;010913;Pontinvrea;;AP;12/01/1927;009051;Pontinvrea;009;SV
1927;GE;010;010915;Quiliano;;AP;12/01/1927;009052;Quiliano;009;SV
1927;GE;010;010916;Ranzi Pietra;;AP;12/01/1927;009823;Ranzi Pietra;009;SV
1927;GE;010;010917;Rialto;;AP;12/01/1927;009053;Rialto;009;SV
1927;GE;010;010920;Roccavignale;;AP;12/01/1927;009054;Roccavignale;009;SV
1927;GE;010;010921;Rocchetta Cengio;;AP;12/01/1927;009825;Rocchetta Cengio;009;SV
1927;GE;010;010922;Santa Giulia;;AP;12/01/1927;009826;Santa Giulia;009;SV
1927;GE;010;010925;Sassello;;AP;12/01/1927;009055;Sassello;009;SV
1927;GE;010;010926;Savona;;AP;12/01/1927;009056;Savona;009;SV
1927;GE;010;010927;Segno;;AP;12/01/1927;009827;Segno;009;SV
1927;GE;010;010929;Spotorno;;AP;12/01/1927;009057;Spotorno;009;SV
1927;GE;010;010930;Stella;;AP;12/01/1927;009058;Stella;009;SV
1927;GE;010;010931;Stellanello;;AP;12/01/1927;009059;Stellanello;009;SV
1927;GE;010;010932;Testico;;AP;12/01/1927;009060;Testico;009;SV
1927;GE;010;010933;Toirano;;AP;12/01/1927;009061;Toirano;009;SV
1927;GE;010;010934;Tovo San Giacomo;;AP;12/01/1927;009062;Tovo San Giacomo;009;SV
1927;GE;010;010935;Vado Ligure;;AP;12/01/1927;009064;Vado Ligure;009;SV
1927;GE;010;010936;Varazze;;AP;12/01/1927;009065;Varazze;009;SV
1927;GE;010;010938;Vellego;;AP;12/01/1927;009829;Vellego;009;SV
1927;GE;010;010939;Vendone;;AP;12/01/1927;009066;Vendone;009;SV
1927;GE;010;010940;Verezzi;;AP;12/01/1927;009830;Verezzi;009;SV
1927;GE;010;010943;Vezzi Portio;;AP;12/01/1927;009067;Vezzi Portio;009;SV
1927;GE;010;010944;Villanova d'Albenga;;AP;12/01/1927;009068;Villanova d'Albenga;009;SV
1927;GE;010;010946;Zuccarello;;AP;12/01/1927;009069;Zuccarello;009;SV
1927;CO;013;013400;Cadegliano;;AP;12/01/1927;012822;Cadegliano;012;VA
1927;CO;013;013401;Cadero con Graglio;;AP;12/01/1927;012823;Cadero con Graglio;012;VA
1927;CO;013;013402;Cadrezzate;;AP;12/01/1927;012028;Cadrezzate;012;VA
1927;CO;013;013403;Campagnano Vedasca;;AP;12/01/1927;012826;Campagnano Vedasca;012;VA
1927;CO;013;013404;Cantello;;AP;12/01/1927;012030;Cantello;012;VA
1927;CO;013;013405;Capolago;;AP;12/01/1927;012827;Capolago;012;VA
1927;CO;013;013406;Capronno;;AP;12/01/1927;012828;Capronno;012;VA
1927;CO;013;013407;Caravate;;AP;12/01/1927;012031;Caravate;012;VA
1927;CO;013;013408;Cardana;;AP;12/01/1927;012829;Cardana;012;VA
1927;CO;013;013409;Carnago;;AP;12/01/1927;012033;Carnago;012;VA
1927;CO;013;013410;Caronno Corbellaro;;AP;12/01/1927;012830;Caronno Corbellaro;012;VA
1927;CO;013;013411;Caronno Ghiringhello;;AP;12/01/1927;012035;Caronno Ghiringhello;012;VA
1927;CO;013;013412;Casalzuigno;;AP;12/01/1927;012037;Casalzuigno;012;VA
1927;CO;013;013413;Casciago;;AP;12/01/1927;012038;Casciago;012;VA
1927;CO;013;013414;Cassano Valcuvia;;AP;12/01/1927;012041;Cassano Valcuvia;012;VA
1927;CO;013;013415;Cabiaglio;;AP;12/01/1927;012043;Cabiaglio;012;VA
1927;CO;013;013416;Castelseprio;;AP;12/01/1927;012044;Castelseprio;012;VA
1927;CO;013;013417;Castello Valtravaglia;;AP;12/01/1927;012045;Castello Valtravaglia;012;VA
1927;CO;013;013418;Castiglione Olona;;AP;12/01/1927;012046;Castiglione Olona;012;VA
1927;CO;013;013419;Castronno;;AP;12/01/1927;012047;Castronno;012;VA
1927;CO;013;013420;Cavona;;AP;12/01/1927;012836;Cavona;012;VA
1927;CO;013;013421;Cazzago Brabbia;;AP;12/01/1927;012049;Cazzago Brabbia;012;VA
1927;CO;013;013422;Cellina;;AP;12/01/1927;012838;Cellina;012;VA
1927;CO;013;013423;Cerro Lago Maggiore;;AP;12/01/1927;012839;Cerro Lago Maggiore;012;VA
1927;CO;013;013424;Cittiglio;;AP;12/01/1927;012051;Cittiglio;012;VA
1927;CO;013;013425;Clivio;;AP;12/01/1927;012052;Clivio;012;VA
1927;CO;013;013426;Cocquio;;AP;12/01/1927;012841;Cocquio;012;VA
1927;CO;013;013427;Comabbio;;AP;12/01/1927;012054;Comabbio;012;VA
1927;CO;013;013428;Comerio;;AP;12/01/1927;012055;Comerio;012;VA
1927;CO;013;013429;Cremenaga;;AP;12/01/1927;012056;Cremenaga;012;VA
1927;CO;013;013430;Crosio della Valle;;AP;12/01/1927;012057;Crosio della Valle;012;VA
1927;CO;013;013431;Cuasso al Monte;;AP;12/01/1927;012058;Cuasso al Monte;012;VA
1927;CO;013;013432;Cugliate;;AP;12/01/1927;012845;Cugliate;012;VA
1927;CO;013;013433;Cunardo;;AP;12/01/1927;012060;Cunardo;012;VA
1927;CO;013;013434;Curiglia;;AP;12/01/1927;012061;Curiglia;012;VA
1927;CO;013;013435;Cuveglio in Valle;;AP;12/01/1927;012846;Cuveglio in Valle;012;VA
1927;CO;013;013436;Cuvio;;AP;12/01/1927;012063;Cuvio;012;VA
1927;CO;013;013437;Daverio;;AP;12/01/1927;012064;Daverio;012;VA
1927;CO;013;013438;Due Cossani;;AP;12/01/1927;012848;Due Cossani;012;VA
1927;CO;013;013439;Dumenza;;AP;12/01/1927;012065;Dumenza;012;VA
1927;CO;013;013440;Duno;;AP;12/01/1927;012066;Duno;012;VA
1927;CO;013;013441;Fabiasco;;AP;12/01/1927;012849;Fabiasco;012;VA
1927;CO;013;013442;Ferrera di Varese;;AP;12/01/1927;012069;Ferrera di Varese;012;VA
1927;CO;013;013443;Galliate Lombardo;;AP;12/01/1927;012071;Galliate Lombardo;012;VA
1927;CO;013;013444;Garabiolo;;AP;12/01/1927;012850;Garabiolo;012;VA
1927;CO;013;013445;Gavirate;;AP;12/01/1927;012072;Gavirate;012;VA
1927;CO;013;013446;Gazzada;;AP;12/01/1927;012851;Gazzada;012;VA
1927;CO;013;013447;Gemonio;;AP;12/01/1927;012074;Gemonio;012;VA
1927;CO;013;013448;Germignaga;;AP;12/01/1927;012076;Germignaga;012;VA
1927;CO;013;013449;Gornate Inferiore;;AP;12/01/1927;012080;Gornate Inferiore;012;VA
1927;CO;013;013450;Gornate-Superiore;;AP;12/01/1927;012852;Gornate-Superiore;012;VA
1927;CO;013;013451;Grantola;;AP;12/01/1927;012081;Grantola;012;VA
1927;CO;013;013452;Gurone;;AP;12/01/1927;012853;Gurone;012;VA
1927;CO;013;013453;Induno Olona;;AP;12/01/1927;012083;Induno Olona;012;VA
1927;CO;013;013454;Ispra;;AP;12/01/1927;012084;Ispra;012;VA
1927;CO;013;013455;Lavena;;AP;12/01/1927;012086;Lavena;012;VA
1927;CO;013;013456;Laveno;;AP;12/01/1927;012855;Laveno;012;VA
1927;CO;013;013457;Leggiuno;;AP;12/01/1927;012088;Leggiuno;012;VA
1927;CO;013;013458;Lisanza;;AP;12/01/1927;012856;Lisanza;012;VA
1927;CO;013;013459;Lissago;;AP;12/01/1927;012857;Lissago;012;VA
1927;CO;013;013460;Lonate Ceppino;;AP;12/01/1927;012089;Lonate Ceppino;012;VA
1927;CO;013;013461;Lozza;;AP;12/01/1927;012091;Lozza;012;VA
1927;CO;013;013462;Lozzo;;AP;12/01/1927;012858;Lozzo;012;VA
1927;CO;013;013463;Luino;;AP;12/01/1927;012092;Luino;012;VA
1927;CO;013;013464;Luvinate;;AP;12/01/1927;012093;Luvinate;012;VA
1927;CO;013;013465;Maccagno Superiore;;AP;12/01/1927;012094;Maccagno Superiore;012;VA
1927;CO;013;013466;Maccagno Inferiore;;AP;12/01/1927;012859;Maccagno Inferiore;012;VA
1927;CO;013;013467;Malgesso;;AP;12/01/1927;012095;Malgesso;012;VA
1927;CO;013;013468;Malnate;;AP;12/01/1927;012096;Malnate;012;VA
1927;CO;013;013469;Marchirolo;;AP;12/01/1927;012097;Marchirolo;012;VA
1927;CO;013;013470;Marzio;;AP;12/01/1927;012099;Marzio;012;VA
1927;CO;013;013471;Masciago Primo;;AP;12/01/1927;012100;Masciago Primo;012;VA
1927;CO;013;013472;Masnago;;AP;12/01/1927;012860;Masnago;012;VA
1927;CO;013;013473;Mercallo;;AP;12/01/1927;012101;Mercallo;012;VA
1927;CO;013;013474;Mesenzana;;AP;12/01/1927;012102;Mesenzana;012;VA
1927;CO;013;013475;Mombello Lago Maggiore;;AP;12/01/1927;012863;Mombello Lago Maggiore;012;VA
1927;CO;013;013476;Monate;;AP;12/01/1927;012864;Monate;012;VA
1927;CO;013;013477;Montegrino;;AP;12/01/1927;012866;Montegrino;012;VA
1927;CO;013;013478;Monteviasco;;AP;12/01/1927;012867;Monteviasco;012;VA
1927;CO;013;013479;Monvalle;;AP;12/01/1927;012104;Monvalle;012;VA
1927;CO;013;013480;Morazzone;;AP;12/01/1927;012105;Morazzone;012;VA
1927;CO;013;013481;Morosolo;;AP;12/01/1927;012868;Morosolo;012;VA
1927;CO;013;013482;Muceno;;AP;12/01/1927;012869;Muceno;012;VA
1927;CO;013;013483;Musadino;;AP;12/01/1927;012870;Musadino;012;VA
1927;CO;013;013484;Musignano;;AP;12/01/1927;012871;Musignano;012;VA
1927;CO;013;013485;Olginasio;;AP;12/01/1927;012873;Olginasio;012;VA
1927;CO;013;013486;Oltrona al Lago;;AP;12/01/1927;012874;Oltrona al Lago;012;VA
1927;CO;013;013487;Orino;;AP;12/01/1927;012110;Orino;012;VA
1927;CO;013;013488;Osmate Lentate;;AP;12/01/1927;012111;Osmate Lentate;012;VA
1927;CO;013;013489;Pino sulla Sponda del Lago Maggiore;;AP;12/01/1927;012112;Pino sulla Sponda del Lago Maggiore;012;VA
1927;CO;013;013490;Porto Ceresio;;AP;12/01/1927;012113;Porto Ceresio;012;VA
1927;CO;013;013491;Porto Valtravaglia;;AP;12/01/1927;012114;Porto Valtravaglia;012;VA
1927;CO;013;013492;Rancio Valcuvia;;AP;12/01/1927;012115;Rancio Valcuvia;012;VA
1927;CO;013;013493;Ranco;;AP;12/01/1927;012116;Ranco;012;VA
1927;CO;013;013494;Roggiano Valtravaglia;;AP;12/01/1927;012881;Roggiano Valtravaglia;012;VA
1927;CO;013;013495;Rovate;;AP;12/01/1927;012882;Rovate;012;VA
1927;CO;013;013496;Runo;;AP;12/01/1927;012883;Runo;012;VA
1927;CO;013;013497;Saltrio;;AP;12/01/1927;012117;Saltrio;012;VA
1927;CO;013;013498;Sangiano;;AP;12/01/1927;012141;Sangiano;012;VA
1927;CO;013;013499;Santa Maria del Monte;;AP;12/01/1927;012888;Santa Maria del Monte;012;VA
1927;CO;013;013625;Sant'Ambrogio Olona;;AP;12/01/1927;012886;Sant'Ambrogio Olona;012;VA
1927;CO;013;013626;Schianno;;AP;12/01/1927;012889;Schianno;012;VA
1927;CO;013;013627;Taino;;AP;12/01/1927;012125;Taino;012;VA
1927;CO;013;013628;Ternate;;AP;12/01/1927;012126;Ternate;012;VA
1927;CO;013;013629;Torba;;AP;12/01/1927;012892;Torba;012;VA
1927;CO;013;013630;Tradate;;AP;12/01/1927;012127;Tradate;012;VA
1927;CO;013;013631;Travedona;;AP;12/01/1927;012894;Travedona;012;VA
1927;CO;013;013632;Trevisago;;AP;12/01/1927;012895;Trevisago;012;VA
1927;CO;013;013633;Tronzano Lago Maggiore;;AP;12/01/1927;012129;Tronzano Lago Maggiore;012;VA
1927;CO;013;013634;Valganna;;AP;12/01/1927;012131;Valganna;012;VA
1927;CO;013;013635;Varano Borghi;;AP;12/01/1927;012132;Varano Borghi;012;VA
1927;CO;013;013636;Vararo;;AP;12/01/1927;012896;Vararo;012;VA
1927;CO;013;013637;Varese;;AP;12/01/1927;012133;Varese;012;VA
1927;CO;013;013638;Veccana;;AP;12/01/1927;012897;Veccana;012;VA
1927;CO;013;013639;Vedano Olona;;AP;12/01/1927;012134;Vedano Olona;012;VA
1927;CO;013;013640;Velate;;AP;12/01/1927;012898;Velate;012;VA
1927;CO;013;013641;Venegono Inferiore;;AP;12/01/1927;012136;Venegono Inferiore;012;VA
1927;CO;013;013642;Venegono Superiore;;AP;12/01/1927;012137;Venegono Superiore;012;VA
1927;CO;013;013643;Vergobbio;;AP;12/01/1927;012900;Vergobbio;012;VA
1927;CO;013;013644;Viconago;;AP;12/01/1927;012901;Viconago;012;VA
1927;CO;013;013645;Viggiù;;AP;12/01/1927;012139;Viggiù;012;VA
1927;CO;013;013646;Voldomino;;AP;12/01/1927;012904;Voldomino;012;VA
1927;CO;013;013647;Voltorre;;AP;12/01/1927;012905;Voltorre;012;VA
1927;CO;013;013962;Abbiateguazzone;;AP;12/01/1927;012801;Abbiateguazzone;012;VA
1927;CO;013;013963;Agra;;AP;12/01/1927;012001;Agra;012;VA
1927;CO;013;013964;Angera;;AP;12/01/1927;012003;Angera;012;VA
1927;CO;013;013965;Arbizzo;;AP;12/01/1927;012803;Arbizzo;012;VA
1927;CO;013;013966;Arcisate;;AP;12/01/1927;012004;Arcisate;012;VA
1927;CO;013;013967;Arcumeggia;;AP;12/01/1927;012804;Arcumeggia;012;VA
1927;CO;013;013968;Ardena;;AP;12/01/1927;012805;Ardena;012;VA
1927;CO;013;013969;Armio;;AP;12/01/1927;012806;Armio;012;VA
1927;CO;013;013970;Arolo;;AP;12/01/1927;012808;Arolo;012;VA
1927;CO;013;013971;Azzate;;AP;12/01/1927;012006;Azzate;012;VA
1927;CO;013;013972;Azzio;;AP;12/01/1927;012007;Azzio;012;VA
1927;CO;013;013973;Ballarate;;AP;12/01/1927;012809;Ballarate;012;VA
1927;CO;013;013974;Barasso;;AP;12/01/1927;012008;Barasso;012;VA
1927;CO;013;013975;Bardello;;AP;12/01/1927;012009;Bardello;012;VA
1927;CO;013;013976;Barza;;AP;12/01/1927;012810;Barza;012;VA
1927;CO;013;013977;Barzola;;AP;12/01/1927;012811;Barzola;012;VA
1927;CO;013;013978;Bedero Valcuvia;;AP;12/01/1927;012010;Bedero Valcuvia;012;VA
1927;CO;013;013979;Besano;;AP;12/01/1927;012011;Besano;012;VA
1927;CO;013;013980;Besozzo;;AP;12/01/1927;012013;Besozzo;012;VA
1927;CO;013;013981;Biandronno;;AP;12/01/1927;012014;Biandronno;012;VA
1927;CO;013;013982;Biegno;;AP;12/01/1927;012812;Biegno;012;VA
1927;CO;013;013983;Bisuschio;;AP;12/01/1927;012015;Bisuschio;012;VA
1927;CO;013;013984;Bizzozero;;AP;12/01/1927;012813;Bizzozero;012;VA
1927;CO;013;013985;Bobbiate;;AP;12/01/1927;012814;Bobbiate;012;VA
1927;CO;013;013986;Bodio;;AP;12/01/1927;012815;Bodio;012;VA
1927;CO;013;013987;Lomnago;;AP;12/01/1927;012016;Lomnago;012;VA
1927;CO;013;013988;Bogno;;AP;12/01/1927;012816;Bogno;012;VA
1927;CO;013;013989;Bosco Valtravaglia;;AP;12/01/1927;012819;Bosco Valtravaglia;012;VA
1927;CO;013;013990;Brebbia;;AP;12/01/1927;012017;Brebbia;012;VA
1927;CO;013;013991;Bregano;;AP;12/01/1927;012018;Bregano;012;VA
1927;CO;013;013992;Brenno Useria;;AP;12/01/1927;012820;Brenno Useria;012;VA
1927;CO;013;013993;Brenta;;AP;12/01/1927;012019;Brenta;012;VA
1927;CO;013;013994;Brezzo di Bedero;;AP;12/01/1927;012020;Brezzo di Bedero;012;VA
1927;CO;013;013995;Brinzio;;AP;12/01/1927;012021;Brinzio;012;VA
1927;CO;013;013996;Brissago;;AP;12/01/1927;012821;Brissago;012;VA
1927;CO;013;013997;Brunello;;AP;12/01/1927;012023;Brunello;012;VA
1927;CO;013;013998;Brusimpiano;;AP;12/01/1927;012024;Brusimpiano;012;VA
1927;CO;013;013999;Buguggiate;;AP;12/01/1927;012025;Buguggiate;012;VA
1927;MI;015;015400;Cislago;;AP;12/01/1927;012050;Cislago;012;VA
1927;MI;015;015401;Fagnano Olona;;AP;12/01/1927;012067;Fagnano Olona;012;VA
1927;MI;015;015402;Ferno;;AP;12/01/1927;012068;Ferno;012;VA
1927;MI;015;015403;Gallarate;;AP;12/01/1927;012070;Gallarate;012;VA
1927;MI;015;015404;Gerenzano;;AP;12/01/1927;012075;Gerenzano;012;VA
1927;MI;015;015405;Golasecca;;AP;12/01/1927;012077;Golasecca;012;VA
1927;MI;015;015406;Gorla Maggiore;;AP;12/01/1927;012078;Gorla Maggiore;012;VA
1927;MI;015;015407;Gorla Minore;;AP;12/01/1927;012079;Gorla Minore;012;VA
1927;MI;015;015408;Jerago con Orago;;AP;12/01/1927;012085;Jerago con Orago;012;VA
1927;MI;015;015409;Lonate Pozzolo;;AP;12/01/1927;012090;Lonate Pozzolo;012;VA
1927;MI;015;015410;Marnate;;AP;12/01/1927;012098;Marnate;012;VA
1927;MI;015;015411;Mezzana Superiore;;AP;12/01/1927;012862;Mezzana Superiore;012;VA
1927;MI;015;015412;Mornago;;AP;12/01/1927;012106;Mornago;012;VA
1927;MI;015;015413;Oggiona con Santo Stefano;;AP;12/01/1927;012107;Oggiona con Santo Stefano;012;VA
1927;MI;015;015414;Olgiate Olona;;AP;12/01/1927;012108;Olgiate Olona;012;VA
1927;MI;015;015415;Origgio;;AP;12/01/1927;012109;Origgio;012;VA
1927;MI;015;015417;Samarate;;AP;12/01/1927;012118;Samarate;012;VA
1927;MI;015;015418;Saronno;;AP;12/01/1927;012119;Saronno;012;VA
1927;MI;015;015419;Sesto Calende;;AP;12/01/1927;012120;Sesto Calende;012;VA
1927;MI;015;015420;Solbiate Arno e Monte;;AP;12/01/1927;012121;Solbiate Arno e Monte;012;VA
1927;MI;015;015421;Solbiate Olona;;AP;12/01/1927;012122;Solbiate Olona;012;VA
1927;MI;015;015422;Somma Lombardo;;AP;12/01/1927;012123;Somma Lombardo;012;VA
1927;MI;015;015423;Sumirago;;AP;12/01/1927;012124;Sumirago;012;VA
1927;MI;015;015424;Uboldo;;AP;12/01/1927;012130;Uboldo;012;VA
1927;MI;015;015425;Vergiate;;AP;12/01/1927;012138;Vergiate;012;VA
1927;MI;015;015426;Vizzola Ticino;;AP;12/01/1927;012140;Vizzola Ticino;012;VA
1927;MI;015;015986;Albizzate;;AP;12/01/1927;012002;Albizzate;012;VA
1927;MI;015;015987;Arsago;;AP;12/01/1927;012005;Arsago;012;VA
1927;MI;015;015988;Besnate;;AP;12/01/1927;012012;Besnate;012;VA
1927;MI;015;015989;Borsano;;AP;12/01/1927;012818;Borsano;012;VA
1927;MI;015;015991;Cairate;;AP;12/01/1927;012029;Cairate;012;VA
1927;MI;015;015993;Cardano al Campo;;AP;12/01/1927;012032;Cardano al Campo;012;VA
1927;MI;015;015994;Caronno Milanese;;AP;12/01/1927;012034;Caronno Milanese;012;VA
1927;MI;015;015995;Casale Litta;;AP;12/01/1927;012036;Casale Litta;012;VA
1927;MI;015;015996;Casorate Sempione;;AP;12/01/1927;012039;Casorate Sempione;012;VA
1927;MI;015;015997;Cassano Magnago;;AP;12/01/1927;012040;Cassano Magnago;012;VA
1927;MI;015;015999;Cavaria con Premezzo;;AP;12/01/1927;012048;Cavaria con Premezzo;012;VA
1927;TN;022;022400;Funes/Villnöß;Villnöß;AP;12/01/1927;021033;Funes/Villnöß;021;BZ
1927;TN;022;022401;Gais/Gais;Gais;AP;12/01/1927;021034;Gais/Gais;021;BZ
1927;TN;022;022402;Gargazzone/Gargazon;Gargazon;AP;12/01/1927;021035;Gargazzone/Gargazon;021;BZ
1927;TN;022;022403;Glorenza/Glurns;Glurns;AP;12/01/1927;021036;Glorenza/Glurns;021;BZ
1927;TN;022;022404;Grimaldo/Greinwalden;Greinwalden;AP;12/01/1927;021831;Grimaldo/Greinwalden;021;BZ
1927;TN;022;022405;Gudon/Gufidaun;Gufidaun;AP;12/01/1927;021832;Gudon/Gufidaun;021;BZ
1927;TN;022;022406;Issengo/Issing;Issing;AP;12/01/1927;021833;Issengo/Issing;021;BZ
1927;TN;022;022407;La Valle/Wengen;Wengen;AP;12/01/1927;021117;La Valle/Wengen;021;BZ
1927;TN;022;022408;Laces/Latsch;Latsch;AP;12/01/1927;021037;Laces/Latsch;021;BZ
1927;TN;022;022409;Lacinigo/Latschinig;Latschinig;AP;12/01/1927;021834;Lacinigo/Latschinig;021;BZ
1927;TN;022;022410;Lagundo/Algund;Algund;AP;12/01/1927;021038;Lagundo/Algund;021;BZ
1927;TN;022;022411;Laion/Lajen;Lajen;AP;12/01/1927;021039;Laion/Lajen;021;BZ
1927;TN;022;022412;Laives/Leifers;Leifers;AP;12/01/1927;021040;Laives/Leifers;021;BZ
1927;TN;022;022413;Lana/Lana;Lana;AP;12/01/1927;021041;Lana/Lana;021;BZ
1927;TN;022;022414;Lappago/Lappach;Lappach;AP;12/01/1927;021835;Lappago/Lappach;021;BZ
1927;TN;022;022415;Lasa/Laas;Laas;AP;12/01/1927;021042;Lasa/Laas;021;BZ
1927;TN;022;022416;Laudes/Laatsch;Laatsch;AP;12/01/1927;021836;Laudes/Laatsch;021;BZ
1927;TN;022;022418;Lazfons/Latzfons;Latzfons;AP;12/01/1927;021837;Lazfons/Latzfons;021;BZ
1927;TN;022;022419;Longiarù/Campill;Campill;AP;12/01/1927;021838;Longiarù/Campill;021;BZ
1927;TN;022;022420;Luson/Lüsen;Lüsen;AP;12/01/1927;021044;Luson/Lüsen;021;BZ
1927;TN;022;022421;Lutago/Luttach;Luttach;AP;12/01/1927;021839;Lutago/Luttach;021;BZ
1927;TN;022;022425;Mallas/Mals;Mals;AP;12/01/1927;021843;Mallas/Mals;021;BZ
1927;TN;022;022426;Mantana/Monthal;Monthal;AP;12/01/1927;021844;Mantana/Monthal;021;BZ
1927;TN;022;022427;Maranza/Meransen;Meransen;AP;12/01/1927;021845;Maranza/Meransen;021;BZ
1927;TN;022;022428;Marebbe/Enneberg;Enneberg;AP;12/01/1927;021047;Marebbe/Enneberg;021;BZ
1927;TN;022;022429;Mareta/Mareit;Mareit;AP;12/01/1927;021846;Mareta/Mareit;021;BZ
1927;TN;022;022430;Marlengo/Marling;Marling;AP;12/01/1927;021048;Marlengo/Marling;021;BZ
1927;TN;022;022431;Martello/Martell;Martell;AP;12/01/1927;021049;Martello/Martell;021;BZ
1927;TN;022;022432;Mazia/Matsch;Matsch;AP;12/01/1927;021847;Mazia/Matsch;021;BZ
1927;TN;022;022433;Meltina/Mölten;Mölten;AP;12/01/1927;021050;Meltina/Mölten;021;BZ
1927;TN;022;022434;Merano/Meran;Meran;AP;12/01/1927;021051;Merano/Meran;021;BZ
1927;TN;022;022435;Millan-Sarnes/Milland-Sarns;Milland-Sarns;AP;12/01/1927;021848;Millan-Sarnes/Milland-Sarns;021;BZ
1927;TN;022;022436;Molini di Tures/Mühlen;Mühlen;AP;12/01/1927;021849;Molini di Tures/Mühlen;021;BZ
1927;TN;022;022437;Monghezzo di Fuori/Getzenberg;Getzenberg;AP;12/01/1927;021850;Monghezzo di Fuori/Getzenberg;021;BZ
1927;TN;022;022438;Monguelfo/Welsberg;Welsberg;AP;12/01/1927;021052;Monguelfo/Welsberg;021;BZ
1927;TN;022;022440;Montassilone/Tesselberg;Tesselberg;AP;12/01/1927;021851;Montassilone/Tesselberg;021;BZ
1927;TN;022;022441;Monte di Mezzodì/Sonnenberg;Sonnenberg;AP;12/01/1927;021852;Monte di Mezzodì/Sonnenberg;021;BZ
1927;TN;022;022442;Monte di Tramontana/Nördersberg;Nördersberg;AP;12/01/1927;021853;Monte di Tramontana/Nördersberg;021;BZ
1927;TN;022;022443;Monte San Candido/Innichberg;Innichberg;AP;12/01/1927;021854;Monte San Candido/Innichberg;021;BZ
1927;TN;022;022444;Montechiaro/Lichtenberg;Lichtenberg;AP;12/01/1927;021855;Montechiaro/Lichtenberg;021;BZ
1927;TN;022;022445;Montefontana/Tomberg;Tomberg;AP;12/01/1927;021856;Montefontana/Tomberg;021;BZ
1927;TN;022;022446;Monteponente/Pfeffersberg;Pfeffersberg;AP;12/01/1927;021857;Monteponente/Pfeffersberg;021;BZ
1927;TN;022;022447;Morter/Morter;Morter;AP;12/01/1927;021858;Morter/Morter;021;BZ
1927;TN;022;022448;Moso/Moos;Moos;AP;12/01/1927;021054;Moso/Moos;021;BZ
1927;TN;022;022449;Mules/Mauls;Mauls;AP;12/01/1927;021859;Mules/Mauls;021;BZ
1927;TN;022;022450;Nalles/Nals;Nals;AP;12/01/1927;021055;Nalles/Nals;021;BZ
1927;TN;022;022451;Naturno/Naturns;Naturns;AP;12/01/1927;021056;Naturno/Naturns;021;BZ
1927;TN;022;022452;Naz/Natz;Natz;AP;12/01/1927;021860;Naz/Natz;021;BZ
1927;TN;022;022453;Nova Levante/Welschnofen;Welschnofen;AP;12/01/1927;021058;Nova Levante/Welschnofen;021;BZ
1927;TN;022;022454;Nova Ponente/Deutschnofen;Deutschnofen;AP;12/01/1927;021059;Nova Ponente/Deutschnofen;021;BZ
1927;TN;022;022455;Novacella/Neustift;Neustift;AP;12/01/1927;021861;Novacella/Neustift;021;BZ
1927;TN;022;022456;Onies/Onach;Onach;AP;12/01/1927;021862;Onies/Onach;021;BZ
1927;TN;022;022458;Oris/Eyrs;Eyrs;AP;12/01/1927;021863;Oris/Eyrs;021;BZ
1927;TN;022;022459;Ortisei/St. Ulrich;St. Ulrich;AP;12/01/1927;021061;Ortisei/St. Ulrich;021;BZ
1927;TN;022;022460;Parcines/Partschins;Partschins;AP;12/01/1927;021062;Parcines/Partschins;021;BZ
1927;TN;022;022462;Perca/Percha;Percha;AP;12/01/1927;021063;Perca/Percha;021;BZ
1927;TN;022;022463;Planol/Planeil;Planeil;AP;12/01/1927;021864;Planol/Planeil;021;BZ
1927;TN;022;022464;Plata/Platt;Platt;AP;12/01/1927;021865;Plata/Platt;021;BZ
1927;TN;022;022465;Plaus/Plaus;Plaus;AP;12/01/1927;021064;Plaus/Plaus;021;BZ
1927;TN;022;022466;Ponte all'Isarco/Waidbruck;Waidbruck;AP;12/01/1927;021065;Ponte all'Isarco/Waidbruck;021;BZ
1927;TN;022;022467;Postal/Burgstall;Burgstall;AP;12/01/1927;021066;Postal/Burgstall;021;BZ
1927;TN;022;022468;Prati/Wiesen;Wiesen;AP;12/01/1927;021866;Prati/Wiesen;021;BZ
1927;TN;022;022469;Prato alla Drava/Winnebach;Winnebach;AP;12/01/1927;021867;Prato alla Drava/Winnebach;021;BZ
1927;TN;022;022470;Prato di Venosta/Prad;Prad;AP;12/01/1927;021868;Prato di Venosta/Prad;021;BZ
1927;TN;022;022471;Predoi/Prettau;Prettau;AP;12/01/1927;021068;Predoi/Prettau;021;BZ
1927;TN;022;022473;Racines/Ratschings;Ratschings;AP;12/01/1927;021070;Racines/Ratschings;021;BZ
1927;TN;022;022474;Rasun di Sopra/Oberrasen;Oberrasen;AP;12/01/1927;021870;Rasun di Sopra/Oberrasen;021;BZ
1927;TN;022;022475;Rasun di Sotto/Niederrasen;Niederrasen;AP;12/01/1927;021871;Rasun di Sotto/Niederrasen;021;BZ
1927;TN;022;022476;Renon/Ritten;Ritten;AP;12/01/1927;021072;Renon/Ritten;021;BZ
1927;TN;022;022477;Resia/Reschen;Reschen;AP;12/01/1927;021873;Resia/Reschen;021;BZ
1927;TN;022;022478;Ridanna/Riednaun;Riednaun;AP;12/01/1927;021874;Ridanna/Riednaun;021;BZ
1927;TN;022;022479;Rifiano/Riffian;Riffian;AP;12/01/1927;021073;Rifiano/Riffian;021;BZ
1927;TN;022;022480;Rina/Welschellen;Welschellen;AP;12/01/1927;021875;Rina/Welschellen;021;BZ
1927;TN;022;022481;Rio di Pusteria/Mühlbach;Mühlbach;AP;12/01/1927;021074;Rio di Pusteria/Mühlbach;021;BZ
1927;TN;022;022482;Riomolino/Mühlbach;Mühlbach;AP;12/01/1927;021876;Riomolino/Mühlbach;021;BZ
1927;TN;022;022483;Riscone/Reischach;Reischach;AP;12/01/1927;021877;Riscone/Reischach;021;BZ
1927;TN;022;022484;Riva di Tures/Rain;Rain;AP;12/01/1927;021878;Riva di Tures/Rain;021;BZ
1927;TN;022;022485;Rodengo/Rodeneck;Rodeneck;AP;12/01/1927;021075;Rodengo/Rodeneck;021;BZ
1927;TN;022;022487;San Candido/Innichen;Innichen;AP;12/01/1927;021077;San Candido/Innichen;021;BZ
1927;TN;022;022489;San Genesio/Jenesien;Jenesien;AP;12/01/1927;021079;San Genesio/Jenesien;021;BZ
1927;TN;022;022490;San Giacomo/St. Jakob in Ahrn;St. Jakob in Ahrn;AP;12/01/1927;021881;San Giacomo/St. Jakob in Ahrn;021;BZ
1927;TN;022;022491;San Giorgio/St. Georgen;St. Georgen;AP;12/01/1927;021882;San Giorgio/St. Georgen;021;BZ
1927;TN;022;022492;San Giovanni/St. Johann in Ahrn;St. Johann in Ahrn;AP;12/01/1927;021883;San Giovanni/St. Johann in Ahrn;021;BZ
1927;TN;022;022493;San Leonardo/St. Leonhard;St. Leonhard;AP;12/01/1927;021884;San Leonardo/St. Leonhard;021;BZ
1927;TN;022;022494;San Lorenzo/St. Lorenzen;St. Lorenzen;AP;12/01/1927;021081;San Lorenzo/St. Lorenzen;021;BZ
1927;TN;022;022495;San Martino al Monte/St. Martin am Vorberg;St. Martin am Vorberg;AP;12/01/1927;021886;San Martino al Monte/St. Martin am Vorberg;021;BZ
1927;TN;022;022496;San Martino/St. Martin;St. Martin;AP;12/01/1927;021082;San Martino/St. Martin;021;BZ
1927;TN;022;022497;San Martino in Casies/St. Martin in Gsies;St. Martin in Gsies;AP;12/01/1927;021887;San Martino in Casies/St. Martin in Gsies;021;BZ
1927;TN;022;022498;San Martino/St. Martin;St. Martin;AP;12/01/1927;021083;San Martino/St. Martin;021;BZ
1927;TN;022;022499;San Pietro/St. Peter in Ahrn;St. Peter in Ahrn;AP;12/01/1927;021888;San Pietro/St. Peter in Ahrn;021;BZ
1927;TN;022;022625;San Sigismondo/St. Sigmund;St. Sigmund;AP;12/01/1927;021889;San Sigismondo/St. Sigmund;021;BZ
1927;TN;022;022626;San Valentino al Brennero/Brenner;Brenner;AP;12/01/1927;021890;San Valentino al Brennero/Brenner;021;BZ
1927;TN;022;022627;San Valentino alla Mutta/St. Valentin auf der Haide;St. Valentin auf der Haide;AP;12/01/1927;021879;San Valentino alla Mutta/St. Valentin auf der Haide;021;BZ
1927;TN;022;022628;Santa Cristina/St. Christina;St. Christina;AP;12/01/1927;021085;Santa Cristina/St. Christina;021;BZ
1927;TN;022;022629;Santa Maddalena in Casies/St. Magdalena in Gsies;St. Magdalena in Gsies;AP;12/01/1927;021892;Santa Maddalena in Casies/St. Magdalena in Gsies;021;BZ
1927;TN;022;022630;Sant'Andrea in Monte/St. Andrä;St. Andrä;AP;12/01/1927;021891;Sant'Andrea in Monte/St. Andrä;021;BZ
1927;TN;022;022631;Sarentino/Sarntal;Sarntal;AP;12/01/1927;021086;Sarentino/Sarntal;021;BZ
1927;TN;022;022632;Scaleres/Schalders;Schalders;AP;12/01/1927;021893;Scaleres/Schalders;021;BZ
1927;TN;022;022633;Scena/Schenna;Schenna;AP;12/01/1927;021087;Scena/Schenna;021;BZ
1927;TN;022;022634;Sciaves/Schabs;Schabs;AP;12/01/1927;021894;Sciaves/Schabs;021;BZ
1927;TN;022;022635;Selva dei Molini/Mühlwald;Mühlwald;AP;12/01/1927;021088;Selva dei Molini/Mühlwald;021;BZ
1927;TN;022;022636;Selva/Wolkenstein;Wolkenstein;AP;12/01/1927;021089;Selva/Wolkenstein;021;BZ
1927;TN;022;022638;Senales/Schnals;Schnals;AP;12/01/1927;021091;Senales/Schnals;021;BZ
1927;TN;022;022639;Sesto/Sexten;Sexten;AP;12/01/1927;021092;Sesto/Sexten;021;BZ
1927;TN;022;022640;Silandro/Schlanders;Schlanders;AP;12/01/1927;021093;Silandro/Schlanders;021;BZ
1927;TN;022;022641;Slingia/Schlinig;Schlinig;AP;12/01/1927;021896;Slingia/Schlinig;021;BZ
1927;TN;022;022642;Sluderno/Schluderns;Schluderns;AP;12/01/1927;021094;Sluderno/Schluderns;021;BZ
1927;TN;022;022643;Spinga/Spinges;Spinges;AP;12/01/1927;021897;Spinga/Spinges;021;BZ
1927;TN;022;022644;Stava/Staben;Staben;AP;12/01/1927;021898;Stava/Staben;021;BZ
1927;TN;022;022645;Stelvio/Stilfs;Stilfs;AP;12/01/1927;021095;Stelvio/Stilfs;021;BZ
1927;TN;022;022646;Stilves/Stilfes;Stilfes;AP;12/01/1927;021899;Stilves/Stilfes;021;BZ
1927;TN;022;022647;Tablà/Tabland;Tabland;AP;12/01/1927;021900;Tablà/Tabland;021;BZ
1927;TN;022;022648;Tanas/Tannas;Tannas;AP;12/01/1927;021901;Tanas/Tannas;021;BZ
1927;TN;022;022649;Tarces/Tartsch;Tartsch;AP;12/01/1927;021902;Tarces/Tartsch;021;BZ
1927;TN;022;022650;Tarres/Tarsch;Tarsch;AP;12/01/1927;021903;Tarres/Tarsch;021;BZ
1927;TN;022;022651;Telves/Telfes;Telfes;AP;12/01/1927;021904;Telves/Telfes;021;BZ
1927;TN;022;022652;Teodone/Dietenheim;Dietenheim;AP;12/01/1927;021905;Teodone/Dietenheim;021;BZ
1927;TN;022;022653;Terento/Terenten;Terenten;AP;12/01/1927;021096;Terento/Terenten;021;BZ
1927;TN;022;022654;Terlano/Terlan;Terlan;AP;12/01/1927;021097;Terlano/Terlan;021;BZ
1927;TN;022;022656;Tesido/Taisten;Taisten;AP;12/01/1927;021906;Tesido/Taisten;021;BZ
1927;TN;022;022657;Tesimo/Tisens;Tisens;AP;12/01/1927;021099;Tesimo/Tisens;021;BZ
1927;TN;022;022658;Tires/Tiers;Tiers;AP;12/01/1927;021100;Tires/Tiers;021;BZ
1927;TN;022;022659;Tirolo/Tirol;Tirol;AP;12/01/1927;021101;Tirolo/Tirol;021;BZ
1927;TN;022;022660;Tiso/Teis;Teis;AP;12/01/1927;021907;Tiso/Teis;021;BZ
1927;TN;022;022661;Trens/Trens;Trens;AP;12/01/1927;021908;Trens/Trens;021;BZ
1927;TN;022;022663;Tubre/Taufers im Münstertal;Taufers im Münstertal;AP;12/01/1927;021103;Tubre/Taufers im Münstertal;021;BZ
1927;TN;022;022664;Tunes/Thuins;Thuins;AP;12/01/1927;021909;Tunes/Thuins;021;BZ
1927;TN;022;022665;Ultimo/Ulten;Ulten;AP;12/01/1927;021104;Ultimo/Ulten;021;BZ
1927;TN;022;022666;Vadena/Pfatten;Pfatten;AP;12/01/1927;021105;Vadena/Pfatten;021;BZ
1927;TN;022;022667;Valas/Flaas;Flaas;AP;12/01/1927;021910;Valas/Flaas;021;BZ
1927;TN;022;022668;Valdaora/Olang;Olang;AP;12/01/1927;021106;Valdaora/Olang;021;BZ
1927;TN;022;022669;Valgiovo/Jaufenthal;Jaufenthal;AP;12/01/1927;021911;Valgiovo/Jaufenthal;021;BZ
1927;TN;022;022670;Vallarga/Weitental;Weitental;AP;12/01/1927;021912;Vallarga/Weitental;021;BZ
1927;TN;022;022671;Valle San Silvestro/Wahlen;Wahlen;AP;12/01/1927;021913;Valle San Silvestro/Wahlen;021;BZ
1927;TN;022;022672;Vallelunga/Langtaufers;Langtaufers;AP;12/01/1927;021914;Vallelunga/Langtaufers;021;BZ
1927;TN;022;022673;Valles/Vals;Vals;AP;12/01/1927;021915;Valles/Vals;021;BZ
1927;TN;022;022675;Vandoies di Sopra/Obervintl;Obervintl;AP;12/01/1927;021916;Vandoies di Sopra/Obervintl;021;BZ
1927;TN;022;022676;Vandoies di Sotto/Niedervintl;Niedervintl;AP;12/01/1927;021917;Vandoies di Sotto/Niedervintl;021;BZ
1927;TN;022;022677;Vanga/Wangen;Wangen;AP;12/01/1927;021918;Vanga/Wangen;021;BZ
1927;TN;022;022678;Varna/Vahrn;Vahrn;AP;12/01/1927;021111;Varna/Vahrn;021;BZ
1927;TN;022;022679;Velturno/Feldthurns;Feldthurns;AP;12/01/1927;021116;Velturno/Feldthurns;021;BZ
1927;TN;022;022680;Verano/Vöran;Vöran;AP;12/01/1927;021112;Verano/Vöran;021;BZ
1927;TN;022;022681;Versciaco/Vierschach;Vierschach;AP;12/01/1927;021924;Versciaco/Vierschach;021;BZ
1927;TN;022;022682;Vezzano/Vezzan;Vezzan;AP;12/01/1927;021920;Vezzano/Vezzan;021;BZ
1927;TN;022;022683;Villa Ottone/Uttenhein;Uttenhein;AP;12/01/1927;021921;Villa Ottone/Uttenhein;021;BZ
1927;TN;022;022684;Villa Santa Caterina/Aufhofen;Aufhofen;AP;12/01/1927;021922;Villa Santa Caterina/Aufhofen;021;BZ
1927;TN;022;022685;Villabassa/Niederdorf;Niederdorf;AP;12/01/1927;021113;Villabassa/Niederdorf;021;BZ
1927;TN;022;022686;Villandro/Villanders;Villanders;AP;12/01/1927;021114;Villandro/Villanders;021;BZ
1927;TN;022;022687;Vipiteno/Sterzing;Sterzing;AP;12/01/1927;021115;Vipiteno/Sterzing;021;BZ
1927;TN;022;022688;Vizze/Pfitsch;Pfitsch;AP;12/01/1927;021923;Vizze/Pfitsch;021;BZ
1927;TN;022;022943;Acereto/Ahornach;Ahornach;AP;12/01/1927;021801;Acereto/Ahornach;021;BZ
1927;TN;022;022944;Albes/Albeins;Albeins;AP;12/01/1927;021802;Albes/Albeins;021;BZ
1927;TN;022;022946;Alliz/Allitz;Allitz;AP;12/01/1927;021803;Alliz/Allitz;021;BZ
1927;TN;022;022947;Andriano/Andrian;Andrian;AP;12/01/1927;021002;Andriano/Andrian;021;BZ
1927;TN;022;022949;Anterselva/Anthoiz;Anthoiz;AP;12/01/1927;021804;Anterselva/Anthoiz;021;BZ
1927;TN;022;022950;Appiano/Eppan;Eppan;AP;12/01/1927;021004;Appiano/Eppan;021;BZ
1927;TN;022;022951;Avelengo/Hafling;Hafling;AP;12/01/1927;021005;Avelengo/Hafling;021;BZ
1927;TN;022;022952;Badia/Abtei;Abtei;AP;12/01/1927;021006;Badia/Abtei;021;BZ
1927;TN;022;022953;Barbiano/Barbian;Barbian;AP;12/01/1927;021007;Barbiano/Barbian;021;BZ
1927;TN;022;022954;Bolzano/Bozen;Bozen;AP;12/01/1927;021008;Bolzano/Bozen;021;BZ
1927;TN;022;022955;Braies/Prags;Prags;AP;12/01/1927;021009;Braies/Prags;021;BZ
1927;TN;022;022956;Colle Isarco/Gossensass;Gossensass;AP;12/01/1927;021010;Colle Isarco/Gossensass;021;BZ
1927;TN;022;022957;Bressanone/Brixen;Brixen;AP;12/01/1927;021011;Bressanone/Brixen;021;BZ
1927;TN;022;022959;Brunico/Bruneck;Bruneck;AP;12/01/1927;021013;Brunico/Bruneck;021;BZ
1927;TN;022;022960;Burgusio/Burgeis;Burgeis;AP;12/01/1927;021805;Burgusio/Burgeis;021;BZ
1927;TN;022;022961;Caines/Kuens;Kuens;AP;12/01/1927;021014;Caines/Kuens;021;BZ
1927;TN;022;022962;Caldaro/Kaltern;Kaltern;AP;12/01/1927;021015;Caldaro/Kaltern;021;BZ
1927;TN;022;022963;Caminata in Tures/Kematen;Kematen;AP;12/01/1927;021806;Caminata in Tures/Kematen;021;BZ
1927;TN;022;022964;Campo Tures/Sand in Taufers;Sand in Taufers;AP;12/01/1927;021017;Campo Tures/Sand in Taufers;021;BZ
1927;TN;022;022966;Castelbello/Kastelbell;Kastelbell;AP;12/01/1927;021807;Castelbello/Kastelbell;021;BZ
1927;TN;022;022967;Casteldarne/Ehrenburg;Ehrenburg;AP;12/01/1927;021808;Casteldarne/Ehrenburg;021;BZ
1927;TN;022;022968;Castelrotto/Kastelruth;Kastelruth;AP;12/01/1927;021019;Castelrotto/Kastelruth;021;BZ
1927;TN;022;022969;Cengles/Tschengls;Tschengls;AP;12/01/1927;021810;Cengles/Tschengls;021;BZ
1927;TN;022;022970;Cermes/Tscherms;Tscherms;AP;12/01/1927;021020;Cermes/Tscherms;021;BZ
1927;TN;022;022971;Ceves/Tschöfs;Tschöfs;AP;12/01/1927;021811;Ceves/Tschöfs;021;BZ
1927;TN;022;022972;Chienes/Kiens;Kiens;AP;12/01/1927;021021;Chienes/Kiens;021;BZ
1927;TN;022;022973;Chiusa/Klausen;Klausen;AP;12/01/1927;021022;Chiusa/Klausen;021;BZ
1927;TN;022;022974;Ciardes/Tschars;Tschars;AP;12/01/1927;021812;Ciardes/Tschars;021;BZ
1927;TN;022;022975;Clusio/Schleis;Schleis;AP;12/01/1927;021813;Clusio/Schleis;021;BZ
1927;TN;022;022976;Coldrano/Goldrain;Goldrain;AP;12/01/1927;021814;Coldrano/Goldrain;021;BZ
1927;TN;022;022977;Colle in Casies/Pichl in Gsies;Pichl in Gsies;AP;12/01/1927;021816;Colle in Casies/Pichl in Gsies;021;BZ
1927;TN;022;022978;Colli in Pusteria/Pichlern;Pichlern;AP;12/01/1927;021817;Colli in Pusteria/Pichlern;021;BZ
1927;TN;022;022979;Colsano/Galsaun;Galsaun;AP;12/01/1927;021818;Colsano/Galsaun;021;BZ
1927;TN;022;022980;Cornedo/Karneid;Karneid;AP;12/01/1927;021023;Cornedo/Karneid;021;BZ
1927;TN;022;022982;Corti in Pusteria/Hofern;Hofern;AP;12/01/1927;021819;Corti in Pusteria/Hofern;021;BZ
1927;TN;022;022984;Ladinia/Corvara;Corvara;AP;12/01/1927;021026;Ladinia/Corvara;021;BZ
1927;TN;022;022985;Corvara in Passiria/Rabenstein;Rabenstein;AP;12/01/1927;021820;Corvara in Passiria/Rabenstein;021;BZ
1927;TN;022;022986;Corzes/Kortsch;Kortsch;AP;12/01/1927;021821;Corzes/Kortsch;021;BZ
1927;TN;022;022987;Covelano/Göflan;Göflan;AP;12/01/1927;021822;Covelano/Göflan;021;BZ
1927;TN;022;022988;Curon/Graun;Graun;AP;12/01/1927;021823;Curon/Graun;021;BZ
1927;TN;022;022989;Dobbiaco/Toblach;Toblach;AP;12/01/1927;021028;Dobbiaco/Toblach;021;BZ
1927;TN;022;022991;Elle/Ellen;Ellen;AP;12/01/1927;021824;Elle/Ellen;021;BZ
1927;TN;022;022992;Eores/Afers;Afers;AP;12/01/1927;021825;Eores/Afers;021;BZ
1927;TN;022;022993;Falzes/Pfalzen;Pfalzen;AP;12/01/1927;021030;Falzes/Pfalzen;021;BZ
1927;TN;022;022995;Fiè/Völs;Völs;AP;12/01/1927;021031;Fiè/Völs;021;BZ
1927;TN;022;022996;Fleres/Pflersch;Pflersch;AP;12/01/1927;021827;Fleres/Pflersch;021;BZ
1927;TN;022;022997;Foiana/Völlan;Völlan;AP;12/01/1927;021828;Foiana/Völlan;021;BZ
1927;TN;022;022998;Mezzaselva/Mittewald;Mittewald;AP;12/01/1927;021032;Mezzaselva/Mittewald;021;BZ
1927;TN;022;022999;Fundres/Pfunders;Pfunders;AP;12/01/1927;021829;Fundres/Pfunders;021;BZ
1927;UD;030;030822;Aiba;;AP;12/01/1927;031812;Aiba;031;GO
1927;UD;030;030823;Aidussina;;AP;12/01/1927;031701;Aidussina;031;GO
1927;UD;030;030824;Anicova Corada;;AP;12/01/1927;031813;Anicova Corada;031;GO
1927;UD;030;030825;Auzza;;AP;12/01/1927;031814;Auzza;031;GO
1927;UD;030;030826;Battaglia della Bainsizza;;AP;12/01/1927;031815;Battaglia della Bainsizza;031;GO
1927;UD;030;030827;Bergogna;;AP;12/01/1927;031702;Bergogna;031;GO
1927;UD;030;030828;Biglia;;AP;12/01/1927;031816;Biglia;031;GO
1927;UD;030;030829;Bigliana;;AP;12/01/1927;031817;Bigliana;031;GO
1927;UD;030;030830;Boriano;;AP;12/01/1927;031818;Boriano;031;GO
1927;UD;030;030831;Brazzano;;AP;12/01/1927;031801;Brazzano;031;GO
1927;UD;030;030832;Brestovizza in Valle;;AP;12/01/1927;031819;Brestovizza in Valle;031;GO
1927;UD;030;030833;Bretto;;AP;12/01/1927;031820;Bretto;031;GO
1927;UD;030;030834;Budagne;;AP;12/01/1927;031821;Budagne;031;GO
1927;UD;030;030835;Cal di Canale;;AP;12/01/1927;031703;Cal di Canale;031;GO
1927;UD;030;030836;Camigna;;AP;12/01/1927;031822;Camigna;031;GO
1927;UD;030;030837;Canale d'Isonzo;;AP;12/01/1927;031704;Canale d'Isonzo;031;GO
1927;UD;030;030838;Caporetto;;AP;12/01/1927;031705;Caporetto;031;GO
1927;UD;030;030839;Capriva di Cormons;;AP;12/01/1927;031001;Capriva di Cormons;031;GO
1927;UD;030;030840;Ceconico;;AP;12/01/1927;031823;Ceconico;031;GO
1927;UD;030;030841;Cernizza Goriziana;;AP;12/01/1927;031707;Cernizza Goriziana;031;GO
1927;UD;030;030842;Chiapovano;;AP;12/01/1927;031708;Chiapovano;031;GO
1927;UD;030;030843;Circhina;;AP;12/01/1927;031709;Circhina;031;GO
1927;UD;030;030844;Cobbia;;AP;12/01/1927;031824;Cobbia;031;GO
1927;UD;030;030845;Comeno;;AP;12/01/1927;031710;Comeno;031;GO
1927;UD;030;030846;Cormons;;AP;12/01/1927;031002;Cormons;031;GO
1927;UD;030;030847;Corona;;AP;12/01/1927;031802;Corona;031;GO
1927;UD;030;030848;Cosbana del Collio;;AP;12/01/1927;031803;Cosbana del Collio;031;GO
1927;UD;030;030849;Creda;;AP;12/01/1927;031825;Creda;031;GO
1927;UD;030;030850;Descla;;AP;12/01/1927;031826;Descla;031;GO
1927;UD;030;030851;Dol Grande;;AP;12/01/1927;031828;Dol Grande;031;GO
1927;UD;030;030852;Dole;;AP;12/01/1927;031827;Dole;031;GO
1927;UD;030;030853;Dolegna del Collio;;AP;12/01/1927;031004;Dolegna del Collio;031;GO
1927;UD;030;030854;Dol-Ottelza;;AP;12/01/1927;031829;Dol-Ottelza;031;GO
1927;UD;030;030855;Dresenza;;AP;12/01/1927;031830;Dresenza;031;GO
1927;UD;030;030856;Ersel in Monte;;AP;12/01/1927;031831;Ersel in Monte;031;GO
1927;UD;030;030857;Farra d'Isonzo;;AP;12/01/1927;031005;Farra d'Isonzo;031;GO
1927;UD;030;030858;Gabria;;AP;12/01/1927;031832;Gabria;031;GO
1927;UD;030;030859;Gabrovizza;;AP;12/01/1927;031833;Gabrovizza;031;GO
1927;UD;030;030860;Gargaro;;AP;12/01/1927;031711;Gargaro;031;GO
1927;UD;030;030861;Godovici;;AP;12/01/1927;031834;Godovici;031;GO
1927;UD;030;030862;Goiaci;;AP;12/01/1927;031835;Goiaci;031;GO
1927;UD;030;030863;Goriano;;AP;12/01/1927;031836;Goriano;031;GO
1927;UD;030;030864;Gorizia;;AP;12/01/1927;031007;Gorizia;031;GO
1927;UD;030;030865;Gozza;;AP;12/01/1927;031837;Gozza;031;GO
1927;UD;030;030866;Gracova Serravalle;;AP;12/01/1927;031712;Gracova Serravalle;031;GO
1927;UD;030;030867;Gradisca d'Isonzo;;AP;12/01/1927;031008;Gradisca d'Isonzo;031;GO
1927;UD;030;030868;Idresca d'Isonzo;;AP;12/01/1927;031838;Idresca d'Isonzo;031;GO
1927;UD;030;030869;Idria;;AP;12/01/1927;031713;Idria;031;GO
1927;UD;030;030870;Idria di Sotto;;AP;12/01/1927;031839;Idria di Sotto;031;GO
1927;UD;030;030871;Ledine;;AP;12/01/1927;031840;Ledine;031;GO
1927;UD;030;030872;Libussina;;AP;12/01/1927;031841;Libussina;031;GO
1927;UD;030;030873;Locavizza di Aidussina;;AP;12/01/1927;031842;Locavizza di Aidussina;031;GO
1927;UD;030;030874;Locavizza di Canale;;AP;12/01/1927;031843;Locavizza di Canale;031;GO
1927;UD;030;030875;Lose;;AP;12/01/1927;031844;Lose;031;GO
1927;UD;030;030876;Lucinico;;AP;12/01/1927;031804;Lucinico;031;GO
1927;UD;030;030877;Luico;;AP;12/01/1927;031845;Luico;031;GO
1927;UD;030;030878;Mariano del Friuli;;AP;12/01/1927;031010;Mariano del Friuli;031;GO
1927;UD;030;030879;Medana;;AP;12/01/1927;031846;Medana;031;GO
1927;UD;030;030880;Medea;;AP;12/01/1927;031011;Medea;031;GO
1927;UD;030;030881;Merna;;AP;12/01/1927;031714;Merna;031;GO
1927;UD;030;030882;Monte San Vito;;AP;12/01/1927;031847;Monte San Vito;031;GO
1927;UD;030;030883;Monte Urabice;;AP;12/01/1927;031848;Monte Urabice;031;GO
1927;UD;030;030884;Montenero d'Idria;;AP;12/01/1927;031715;Montenero d'Idria;031;GO
1927;UD;030;030885;Montespino;;AP;12/01/1927;031716;Montespino;031;GO
1927;UD;030;030886;Moraro;;AP;12/01/1927;031013;Moraro;031;GO
1927;UD;030;030887;Mossa;;AP;12/01/1927;031014;Mossa;031;GO
1927;UD;030;030888;Oltresonzia;;AP;12/01/1927;031849;Oltresonzia;031;GO
1927;UD;030;030889;Opacchiasella;;AP;12/01/1927;031717;Opacchiasella;031;GO
1927;UD;030;030890;Ossecca Vittuglie;;AP;12/01/1927;031850;Ossecca Vittuglie;031;GO
1927;UD;030;030891;Ossegliano San Michele;;AP;12/01/1927;031851;Ossegliano San Michele;031;GO
1927;UD;030;030892;Paniqua;;AP;12/01/1927;031852;Paniqua;031;GO
1927;UD;030;030893;Piedimonte del Calvario;;AP;12/01/1927;031805;Piedimonte del Calvario;031;GO
1927;UD;030;030894;Planina;;AP;12/01/1927;031853;Planina;031;GO
1927;UD;030;030895;Plezzo;;AP;12/01/1927;031718;Plezzo;031;GO
1927;UD;030;030896;Pliscovizza della Madonna;;AP;12/01/1927;031854;Pliscovizza della Madonna;031;GO
1927;UD;030;030897;Pocrai del Piro;;AP;12/01/1927;031855;Pocrai del Piro;031;GO
1927;UD;030;030898;Podraga;;AP;12/01/1927;031856;Podraga;031;GO
1927;UD;030;030899;Prevacina;;AP;12/01/1927;031857;Prevacina;031;GO
1927;UD;030;030900;Ranziano;;AP;12/01/1927;031719;Ranziano;031;GO
1927;UD;030;030901;Rifembergo;;AP;12/01/1927;031720;Rifembergo;031;GO
1927;UD;030;030902;Romans;;AP;12/01/1927;031806;Romans;031;GO
1927;UD;030;030903;Ronzina;;AP;12/01/1927;031858;Ronzina;031;GO
1927;UD;030;030904;Sable Grande;;AP;12/01/1927;031859;Sable Grande;031;GO
1927;UD;030;030905;Saga;;AP;12/01/1927;031860;Saga;031;GO
1927;UD;030;030906;Sagrado;;AP;12/01/1927;031017;Sagrado;031;GO
1927;UD;030;030907;Salcano;;AP;12/01/1927;031807;Salcano;031;GO
1927;UD;030;030908;Samaria;;AP;12/01/1927;031861;Samaria;031;GO
1927;UD;030;030909;Sambasso;;AP;12/01/1927;031722;Sambasso;031;GO
1927;UD;030;030910;San Daniele del Carso;;AP;12/01/1927;031723;San Daniele del Carso;031;GO
1927;UD;030;030911;San Floriano del Collio;;AP;12/01/1927;031019;San Floriano del Collio;031;GO
1927;UD;030;030912;San Lorenzo di Mossa;;AP;12/01/1927;031020;San Lorenzo di Mossa;031;GO
1927;UD;030;030913;San Martino Quisca;;AP;12/01/1927;031724;San Martino Quisca;031;GO
1927;UD;030;030914;San Pietro di Gorizia;;AP;12/01/1927;031808;San Pietro di Gorizia;031;GO
1927;UD;030;030915;San Vito di Vipacco;;AP;12/01/1927;031725;San Vito di Vipacco;031;GO
1927;UD;030;030916;Santa Croce di Aidussina;;AP;12/01/1927;031726;Santa Croce di Aidussina;031;GO
1927;UD;030;030917;Santa Lucia di Tolmino;;AP;12/01/1927;031727;Santa Lucia di Tolmino;031;GO
1927;UD;030;030918;Sant'Andrea di Gorizia;;AP;12/01/1927;031809;Sant'Andrea di Gorizia;031;GO
1927;UD;030;030919;Santo Spirito della Bainsizza;;AP;12/01/1927;031862;Santo Spirito della Bainsizza;031;GO
1927;UD;030;030920;Savogna d'Isonzo;;AP;12/01/1927;031022;Savogna d'Isonzo;031;GO
1927;UD;030;030921;Scherbina;;AP;12/01/1927;031863;Scherbina;031;GO
1927;UD;030;030922;Scrilla;;AP;12/01/1927;031864;Scrilla;031;GO
1927;UD;030;030923;Sebreghe;;AP;12/01/1927;031865;Sebreghe;031;GO
1927;UD;030;030924;Sedula;;AP;12/01/1927;031866;Sedula;031;GO
1927;UD;030;030925;Sella delle Trincee;;AP;12/01/1927;031867;Sella delle Trincee;031;GO
1927;UD;030;030926;Serpenizza;;AP;12/01/1927;031868;Serpenizza;031;GO
1927;UD;030;030927;Slappe Zorzi;;AP;12/01/1927;031869;Slappe Zorzi;031;GO
1927;UD;030;030928;Sonzia;;AP;12/01/1927;031728;Sonzia;031;GO
1927;UD;030;030929;Sturia delle Fusine;;AP;12/01/1927;031870;Sturia delle Fusine;031;GO
1927;UD;030;030930;Tarnova della Selva;;AP;12/01/1927;031729;Tarnova della Selva;031;GO
1927;UD;030;030931;Temenizza;;AP;12/01/1927;031730;Temenizza;031;GO
1927;UD;030;030932;Ternova d'Isonzo;;AP;12/01/1927;031871;Ternova d'Isonzo;031;GO
1927;UD;030;030933;Tolmino;;AP;12/01/1927;031731;Tolmino;031;GO
1927;UD;030;030934;Trenta d'Isonzo;;AP;12/01/1927;031872;Trenta d'Isonzo;031;GO
1927;UD;030;030935;Tribussa;;AP;12/01/1927;031873;Tribussa;031;GO
1927;UD;030;030936;Ustie;;AP;12/01/1927;031874;Ustie;031;GO
1927;UD;030;030937;Verpogliano;;AP;12/01/1927;031875;Verpogliano;031;GO
1927;UD;030;030938;Versa;;AP;12/01/1927;031810;Versa;031;GO
1927;UD;030;030939;Vertoiba in Campi Santi;;AP;12/01/1927;031811;Vertoiba in Campi Santi;031;GO
1927;UD;030;030940;Vertovino;;AP;12/01/1927;031876;Vertovino;031;GO
1927;UD;030;030941;Ville Montevecchio;;AP;12/01/1927;031877;Ville Montevecchio;031;GO
1927;UD;030;030942;Villesse;;AP;12/01/1927;031025;Villesse;031;GO
1927;UD;030;030943;Vipacco;;AP;12/01/1927;031732;Vipacco;031;GO
1927;UD;030;030944;Voissizza di Comeno;;AP;12/01/1927;031878;Voissizza di Comeno;031;GO
1927;UD;030;030945;Volzana;;AP;12/01/1927;031879;Volzana;031;GO
1927;UD;030;030946;Voschia;;AP;12/01/1927;031880;Voschia;031;GO
1927;UD;030;030947;Zolla;;AP;12/01/1927;031733;Zolla;031;GO
1927;MC;043;043057;Visso;;AP;12/01/1927;054903;Visso;054;PG
1927;FI;048;048806;Agliana;;AP;12/01/1927;047002;Agliana;047;PT
1927;FI;048;048810;Cutigliano;;AP;12/01/1927;047004;Cutigliano;047;PT
1927;FI;048;048813;Lamporecchio;;AP;12/01/1927;047005;Lamporecchio;047;PT
1927;FI;048;048814;Larciano;;AP;12/01/1927;047006;Larciano;047;PT
1927;FI;048;048815;Marliana;;AP;12/01/1927;047007;Marliana;047;PT
1927;FI;048;048817;Montale;;AP;12/01/1927;047010;Montale;047;PT
1927;FI;048;048819;Pistoia;;AP;12/01/1927;047014;Pistoia;047;PT
1927;FI;048;048820;Piteglio;;AP;12/01/1927;047015;Piteglio;047;PT
1927;FI;048;048823;Tizzana;;AP;12/01/1927;047017;Tizzana;047;PT
1927;FI;048;048825;Sambuca Pistoiese;;AP;12/01/1927;047018;Sambuca Pistoiese;047;PT
1927;FI;048;048826;San Marcello Pistoiese;;AP;12/01/1927;047019;San Marcello Pistoiese;047;PT
1927;FI;048;048831;Serravalle Pistoiese;;AP;12/01/1927;047020;Serravalle Pistoiese;047;PT
1927;PG;054;054808;Acquasparta;;AP;12/01/1927;055001;Acquasparta;055;TR
1927;PG;054;054809;Allerona;;AP;12/01/1927;055002;Allerona;055;TR
1927;PG;054;054810;Alviano;;AP;12/01/1927;055003;Alviano;055;TR
1927;PG;054;054811;Amelia;;AP;12/01/1927;055004;Amelia;055;TR
1927;PG;054;054812;Arrone;;AP;12/01/1927;055005;Arrone;055;TR
1927;PG;054;054814;Attigliano;;AP;12/01/1927;055006;Attigliano;055;TR
1927;PG;054;054815;Baschi;;AP;12/01/1927;055007;Baschi;055;TR
1927;PG;054;054817;Calvi dell'Umbria;;AP;12/01/1927;055008;Calvi dell'Umbria;055;TR
1927;PG;054;054822;Castel Giorgio;;AP;12/01/1927;055009;Castel Giorgio;055;TR
1927;PG;054;054823;Castel Viscardo;;AP;12/01/1927;055010;Castel Viscardo;055;TR
1927;PG;054;054825;Cesi;;AP;12/01/1927;055804;Cesi;055;TR
1927;PG;054;054828;Collescipoli;;AP;12/01/1927;055805;Collescipoli;055;TR
1927;PG;054;054829;Collestatte;;AP;12/01/1927;055806;Collestatte;055;TR
1927;PG;054;054835;Fabro;;AP;12/01/1927;055011;Fabro;055;TR
1927;PG;054;054837;Ferentillo;;AP;12/01/1927;055012;Ferentillo;055;TR
1927;PG;054;054838;Ficulle;;AP;12/01/1927;055013;Ficulle;055;TR
1927;PG;054;054841;Giove;;AP;12/01/1927;055014;Giove;055;TR
1927;PG;054;054843;Guardea;;AP;12/01/1927;055015;Guardea;055;TR
1927;PG;054;054846;Lugnano in Teverina;;AP;12/01/1927;055016;Lugnano in Teverina;055;TR
1927;PG;054;054853;Montecastrilli;;AP;12/01/1927;055017;Montecastrilli;055;TR
1927;PG;054;054854;Montefranco;;AP;12/01/1927;055019;Montefranco;055;TR
1927;PG;054;054855;Montegabbione;;AP;12/01/1927;055020;Montegabbione;055;TR
1927;PG;054;054856;Monteleone d'Orvieto;;AP;12/01/1927;055021;Monteleone d'Orvieto;055;TR
1927;PG;054;054862;Narni;;AP;12/01/1927;055022;Narni;055;TR
1927;PG;054;054864;Orvieto;;AP;12/01/1927;055023;Orvieto;055;TR
1927;PG;054;054866;Otricoli;;AP;12/01/1927;055024;Otricoli;055;TR
1927;PG;054;054868;Papigno;;AP;12/01/1927;055809;Papigno;055;TR
1927;PG;054;054869;Parrano;;AP;12/01/1927;055025;Parrano;055;TR
1927;PG;054;054870;Penna in Teverina;;AP;12/01/1927;055026;Penna in Teverina;055;TR
1927;PG;054;054871;Piediluco;;AP;12/01/1927;055810;Piediluco;055;TR
1927;PG;054;054879;Polino;;AP;12/01/1927;055027;Polino;055;TR
1927;PG;054;054880;Porano;;AP;12/01/1927;055028;Porano;055;TR
1927;PG;054;054887;San Gemini;;AP;12/01/1927;055029;San Gemini;055;TR
1927;PG;054;054888;San Venanzo;;AP;12/01/1927;055030;San Venanzo;055;TR
1927;PG;054;054889;San Vito in Monte;;AP;12/01/1927;055813;San Vito in Monte;055;TR
1927;PG;054;054893;Stroncone;;AP;12/01/1927;055031;Stroncone;055;TR
1927;PG;054;054895;Terni;;AP;12/01/1927;055032;Terni;055;TR
1927;PG;054;054897;Torre Orsina;;AP;12/01/1927;055814;Torre Orsina;055;TR
1927;RM;058;058803;Acquapendente;;AP;12/01/1927;056001;Acquapendente;056;VT
1927;RM;058;058804;Acuto;;AP;12/01/1927;060002;Acuto;060;FR
1927;RM;058;058805;Alatri;;AP;12/01/1927;060003;Alatri;060;FR
1927;RM;058;058807;Anagni;;AP;12/01/1927;060006;Anagni;060;FR
1927;RM;058;058808;Arlena di Castro;;AP;12/01/1927;056002;Arlena di Castro;056;VT
1927;RM;058;058809;Arnara;;AP;12/01/1927;060009;Arnara;060;FR
1927;RM;058;058810;Ascrea;;AP;12/01/1927;057004;Ascrea;057;RI
1927;RM;058;058811;Bagnaja;;AP;12/01/1927;056801;Bagnaja;056;VT
1927;RM;058;058812;Bagnoregio;;AP;12/01/1927;056003;Bagnoregio;056;VT
1927;RM;058;058813;Barbarano Romano;;AP;12/01/1927;056004;Barbarano Romano;056;VT
1927;RM;058;058814;Bassano in Teverina;;AP;12/01/1927;056006;Bassano in Teverina;056;VT
1927;RM;058;058815;Bassano di Sutri;;AP;12/01/1927;056005;Bassano di Sutri;056;VT
1927;RM;058;058817;Belmonte in Sabina;;AP;12/01/1927;057005;Belmonte in Sabina;057;RI
1927;RM;058;058818;Bieda;;AP;12/01/1927;056007;Bieda;056;VT
1927;RM;058;058819;Bolsena;;AP;12/01/1927;056008;Bolsena;056;VT
1927;RM;058;058820;Bomarzo;;AP;12/01/1927;056009;Bomarzo;056;VT
1927;RM;058;058821;Boville Ernica;;AP;12/01/1927;060014;Boville Ernica;060;FR
1927;RM;058;058822;Calcata;;AP;12/01/1927;056010;Calcata;056;VT
1927;RM;058;058824;Canepina;;AP;12/01/1927;056011;Canepina;056;VT
1927;RM;058;058825;Canino;;AP;12/01/1927;056012;Canino;056;VT
1927;RM;058;058826;Cantalupo in Sabina;;AP;12/01/1927;057010;Cantalupo in Sabina;057;RI
1927;RM;058;058827;Capodimonte;;AP;12/01/1927;056013;Capodimonte;056;VT
1927;RM;058;058828;Capranica;;AP;12/01/1927;056014;Capranica;056;VT
1927;RM;058;058829;Caprarola;;AP;12/01/1927;056015;Caprarola;056;VT
1927;RM;058;058830;Carbognano;;AP;12/01/1927;056016;Carbognano;056;VT
1927;RM;058;058831;Casaprota;;AP;12/01/1927;057011;Casaprota;057;RI
1927;RM;058;058832;Aspra Sabina;;AP;12/01/1927;057012;Aspra Sabina;057;RI
1927;RM;058;058833;Castel Cellesi;;AP;12/01/1927;056802;Castel Cellesi;056;VT
1927;RM;058;058834;Castel di Tora;;AP;12/01/1927;057013;Castel di Tora;057;RI
1927;RM;058;058835;Castel Sant'Elia;;AP;12/01/1927;056017;Castel Sant'Elia;056;VT
1927;RM;058;058837;Castelnuovo di Farfa;;AP;12/01/1927;057014;Castelnuovo di Farfa;057;RI
1927;RM;058;058838;Castiglione in Teverina;;AP;12/01/1927;056018;Castiglione in Teverina;056;VT
1927;RM;058;058840;Ceccano;;AP;12/01/1927;060024;Ceccano;060;FR
1927;RM;058;058841;Celleno;;AP;12/01/1927;056019;Celleno;056;VT
1927;RM;058;058842;Cellere;;AP;12/01/1927;056020;Cellere;056;VT
1927;RM;058;058843;Ceprano;;AP;12/01/1927;060025;Ceprano;060;FR
1927;RM;058;058845;Civita Castellana;;AP;12/01/1927;056021;Civita Castellana;056;VT
1927;RM;058;058846;Civitella d'Agliano;;AP;12/01/1927;056022;Civitella d'Agliano;056;VT
1927;RM;058;058847;Collalto Sabino;;AP;12/01/1927;057018;Collalto Sabino;057;RI
1927;RM;058;058848;Collegiove;;AP;12/01/1927;057020;Collegiove;057;RI
1927;RM;058;058849;Collepardo;;AP;12/01/1927;060028;Collepardo;060;FR
1927;RM;058;058850;Collevecchio;;AP;12/01/1927;057021;Collevecchio;057;RI
1927;RM;058;058851;Concerviano;;AP;12/01/1927;057023;Concerviano;057;RI
1927;RM;058;058852;Configni;;AP;12/01/1927;057024;Configni;057;RI
1927;RM;058;058853;Contigliano;;AP;12/01/1927;057025;Contigliano;057;RI
1927;RM;058;058854;Corchiano;;AP;12/01/1927;056023;Corchiano;056;VT
1927;RM;058;058856;Cottanello;;AP;12/01/1927;057026;Cottanello;057;RI
1927;RM;058;058857;Fabrica di Roma;;AP;12/01/1927;056024;Fabrica di Roma;056;VT
1927;RM;058;058858;Faleria;;AP;12/01/1927;056025;Faleria;056;VT
1927;RM;058;058859;Falvaterra;;AP;12/01/1927;060032;Falvaterra;060;FR
1927;RM;058;058860;Fara in Sabina;;AP;12/01/1927;057027;Fara in Sabina;057;RI
1927;RM;058;058861;Farnese;;AP;12/01/1927;056026;Farnese;056;VT
1927;RM;058;058862;Ferentino;;AP;12/01/1927;060033;Ferentino;060;FR
1927;RM;058;058863;Filettino;;AP;12/01/1927;060034;Filettino;060;FR
1927;RM;058;058864;Fiuggi;;AP;12/01/1927;060035;Fiuggi;060;FR
1927;RM;058;058866;Forano;;AP;12/01/1927;057029;Forano;057;RI
1927;RM;058;058868;Frasso Sabino;;AP;12/01/1927;057030;Frasso Sabino;057;RI
1927;RM;058;058869;Frosinone;;AP;12/01/1927;060038;Frosinone;060;FR
1927;RM;058;058870;Fumone;;AP;12/01/1927;060039;Fumone;060;FR
1927;RM;058;058872;Gallese;;AP;12/01/1927;056027;Gallese;056;VT
1927;RM;058;058873;Giuliano di Roma;;AP;12/01/1927;060041;Giuliano di Roma;060;FR
1927;RM;058;058874;Gradoli;;AP;12/01/1927;056028;Gradoli;056;VT
1927;RM;058;058875;Graffignano;;AP;12/01/1927;056029;Graffignano;056;VT
1927;RM;058;058876;Greccio;;AP;12/01/1927;057031;Greccio;057;RI
1927;RM;058;058877;Grotte di Castro;;AP;12/01/1927;056030;Grotte di Castro;056;VT
1927;RM;058;058878;Grotte Santo Stefano;;AP;12/01/1927;056803;Grotte Santo Stefano;056;VT
1927;RM;058;058879;Guarcino;;AP;12/01/1927;060042;Guarcino;060;FR
1927;RM;058;058880;Ischia di Castro;;AP;12/01/1927;056031;Ischia di Castro;056;VT
1927;RM;058;058882;Labro;;AP;12/01/1927;057032;Labro;057;RI
1927;RM;058;058883;Latera;;AP;12/01/1927;056032;Latera;056;VT
1927;RM;058;058886;Longone Sabino;;AP;12/01/1927;057034;Longone Sabino;057;RI
1927;RM;058;058887;Lubriano;;AP;12/01/1927;056033;Lubriano;056;VT
1927;RM;058;058889;Magliano Sabina;;AP;12/01/1927;057035;Magliano Sabina;057;RI
1927;RM;058;058890;Marcetelli;;AP;12/01/1927;057036;Marcetelli;057;RI
1927;RM;058;058891;Marta;;AP;12/01/1927;056034;Marta;056;VT
1927;RM;058;058893;Mompeo;;AP;12/01/1927;057038;Mompeo;057;RI
1927;RM;058;058895;Montasola;;AP;12/01/1927;057039;Montasola;057;RI
1927;RM;058;058898;Monte San Giovanni Campano;;AP;12/01/1927;060044;Monte San Giovanni Campano;060;FR
1927;RM;058;058899;Monte San Giovanni in Sabina;;AP;12/01/1927;057043;Monte San Giovanni in Sabina;057;RI
1927;RM;058;058900;Montebuono;;AP;12/01/1927;057040;Montebuono;057;RI
1927;RM;058;058901;Montefiascone;;AP;12/01/1927;056036;Montefiascone;056;VT
1927;RM;058;058902;Monteleone Sabino;;AP;12/01/1927;057041;Monteleone Sabino;057;RI
1927;RM;058;058903;Montenero Sabino;;AP;12/01/1927;057042;Montenero Sabino;057;RI
1927;RM;058;058905;Montopoli di Sabina;;AP;12/01/1927;057044;Montopoli di Sabina;057;RI
1927;RM;058;058906;Morolo;;AP;12/01/1927;060045;Morolo;060;FR
1927;RM;058;058907;Morro Reatino;;AP;12/01/1927;057045;Morro Reatino;057;RI
1927;RM;058;058909;Nespolo;;AP;12/01/1927;057046;Nespolo;057;RI
1927;RM;058;058911;Onano;;AP;12/01/1927;056040;Onano;056;VT
1927;RM;058;058913;Orte;;AP;12/01/1927;056042;Orte;056;VT
1927;RM;058;058914;Orvinio;;AP;12/01/1927;057047;Orvinio;057;RI
1927;RM;058;058915;Paganico Sabino;;AP;12/01/1927;057048;Paganico Sabino;057;RI
1927;RM;058;058916;Paliano;;AP;12/01/1927;060046;Paliano;060;FR
1927;RM;058;058917;Patrica;;AP;12/01/1927;060048;Patrica;060;FR
1927;RM;058;058918;Piansano;;AP;12/01/1927;056043;Piansano;056;VT
1927;RM;058;058919;Piglio;;AP;12/01/1927;060053;Piglio;060;FR
1927;RM;058;058920;Pofi;;AP;12/01/1927;060055;Pofi;060;FR
1927;RM;058;058921;Poggio Bustone;;AP;12/01/1927;057051;Poggio Bustone;057;RI
1927;RM;058;058922;Poggio Catino;;AP;12/01/1927;057052;Poggio Catino;057;RI
1927;RM;058;058923;Poggio Fidoni;;AP;12/01/1927;057807;Poggio Fidoni;057;RI
1927;RM;058;058924;Poggio Mirteto;;AP;12/01/1927;057053;Poggio Mirteto;057;RI
1927;RM;058;058925;Poggio Moiano;;AP;12/01/1927;057054;Poggio Moiano;057;RI
1927;RM;058;058926;Poggio Nativo;;AP;12/01/1927;057055;Poggio Nativo;057;RI
1927;RM;058;058927;Poggio San Lorenzo;;AP;12/01/1927;057056;Poggio San Lorenzo;057;RI
1927;RM;058;058928;Pozzaglia Sabino;;AP;12/01/1927;057058;Pozzaglia Sabino;057;RI
1927;RM;058;058930;Proceno;;AP;12/01/1927;056044;Proceno;056;VT
1927;RM;058;058932;Rieti;;AP;12/01/1927;057059;Rieti;057;RI
1927;RM;058;058933;Ripi;;AP;12/01/1927;060058;Ripi;060;FR
1927;RM;058;058934;Rivodutri;;AP;12/01/1927;057060;Rivodutri;057;RI
1927;RM;058;058936;Rocca Sinibalda;;AP;12/01/1927;057062;Rocca Sinibalda;057;RI
1927;RM;058;058938;Roccalvecce;;AP;12/01/1927;056804;Roccalvecce;056;VT
1927;RM;058;058939;Roccantica;;AP;12/01/1927;057061;Roccantica;057;RI
1927;RM;058;058941;Ronciglione;;AP;12/01/1927;056045;Ronciglione;056;VT
1927;RM;058;058943;Salisano;;AP;12/01/1927;057063;Salisano;057;RI
1927;RM;058;058945;San Lorenzo Nuovo;;AP;12/01/1927;056047;San Lorenzo Nuovo;056;VT
1927;RM;058;058946;San Martino al Cimino;;AP;12/01/1927;056805;San Martino al Cimino;056;VT
1927;RM;058;058947;San Michele in Teverina;;AP;12/01/1927;056806;San Michele in Teverina;056;VT
1927;RM;058;058949;Scandriglia;;AP;12/01/1927;057064;Scandriglia;057;RI
1927;RM;058;058950;Selci;;AP;12/01/1927;057065;Selci;057;RI
1927;RM;058;058952;Serrone;;AP;12/01/1927;060071;Serrone;060;FR
1927;RM;058;058954;Sgurgola;;AP;12/01/1927;060073;Sgurgola;060;FR
1927;RM;058;058956;Soriano nel Cimino;;AP;12/01/1927;056048;Soriano nel Cimino;056;VT
1927;RM;058;058959;Stimigliano;;AP;12/01/1927;057066;Stimigliano;057;RI
1927;RM;058;058960;Strangolagalli;;AP;12/01/1927;060075;Strangolagalli;060;FR
1927;RM;058;058961;Supino;;AP;12/01/1927;060076;Supino;060;FR
1927;RM;058;058962;Sutri;;AP;12/01/1927;056049;Sutri;056;VT
1927;RM;058;058963;Tarano;;AP;12/01/1927;057067;Tarano;057;RI
1927;RM;058;058966;Tessennano;;AP;12/01/1927;056051;Tessennano;056;VT
1927;RM;058;058967;Toffia;;AP;12/01/1927;057068;Toffia;057;RI
1927;RM;058;058968;Torre Cajetani;;AP;12/01/1927;060078;Torre Cajetani;060;FR
1927;RM;058;058969;Torri in Sabina;;AP;12/01/1927;057070;Torri in Sabina;057;RI
1927;RM;058;058970;Torrice;;AP;12/01/1927;060079;Torrice;060;FR
1927;RM;058;058971;Torricella in Sabina;;AP;12/01/1927;057069;Torricella in Sabina;057;RI
1927;RM;058;058972;Trevi nel Lazio;;AP;12/01/1927;060080;Trevi nel Lazio;060;FR
1927;RM;058;058973;Trivigliano;;AP;12/01/1927;060081;Trivigliano;060;FR
1927;RM;058;058974;Petescia;;AP;12/01/1927;057071;Petescia;057;RI
1927;RM;058;058975;Tuscania;;AP;12/01/1927;056052;Tuscania;056;VT
1927;RM;058;058976;Vacone;;AP;12/01/1927;057072;Vacone;057;RI
1927;RM;058;058977;Valentano;;AP;12/01/1927;056053;Valentano;056;VT
1927;RM;058;058979;Vallerano;;AP;12/01/1927;056054;Vallerano;056;VT
1927;RM;058;058980;Varco Sabino;;AP;12/01/1927;057073;Varco Sabino;057;RI
1927;RM;058;058981;Bassanello;;AP;12/01/1927;056055;Bassanello;056;VT
1927;RM;058;058982;Vejano;;AP;12/01/1927;056056;Vejano;056;VT
1927;RM;058;058983;Veroli;;AP;12/01/1927;060085;Veroli;060;FR
1927;RM;058;058984;Vetralla;;AP;12/01/1927;056057;Vetralla;056;VT
1927;RM;058;058985;Vico nel Lazio;;AP;12/01/1927;060087;Vico nel Lazio;060;FR
1927;RM;058;058986;Vignanello;;AP;12/01/1927;056058;Vignanello;056;VT
1927;RM;058;058987;San Giovanni di Bieda;;AP;12/01/1927;056046;San Giovanni di Bieda;056;VT
1927;RM;058;058988;Villa Santo Stefano;;AP;12/01/1927;060090;Villa Santo Stefano;060;FR
1927;RM;058;058989;Viterbo;;AP;12/01/1927;056059;Viterbo;056;VT
1927;RM;058;058990;Vitorchiano;;AP;12/01/1927;056060;Vitorchiano;056;VT
1927;CE;061;061001;Ailano;;AP;12/01/1927;062809;Ailano;062;BN
1927;CE;061;061002;Alife;;AP;12/01/1927;062810;Alife;062;BN
1927;CE;061;061003;Alvignano;;AP;12/01/1927;062811;Alvignano;062;BN
1927;CE;061;061004;Arienzo;;AP;12/01/1927;063815;Arienzo;063;NA
1927;CE;061;061005;Aversa;;AP;12/01/1927;063818;Aversa;063;NA
1927;CE;061;061006;Baia e Latina;;AP;12/01/1927;063819;Baia e Latina;063;NA
1927;CE;061;061007;Bellona;;AP;12/01/1927;063820;Bellona;063;NA
1927;CE;061;061008;Caianello;;AP;12/01/1927;063821;Caianello;063;NA
1927;CE;061;061009;Caiazzo;;AP;12/01/1927;062812;Caiazzo;062;BN
1927;CE;061;061010;Calvi Risorta;;AP;12/01/1927;063822;Calvi Risorta;063;NA
1927;CE;061;061011;Camigliano;;AP;12/01/1927;063823;Camigliano;063;NA
1927;CE;061;061012;Cancello ed Arnone;;AP;12/01/1927;063824;Cancello ed Arnone;063;NA
1927;CE;061;061013;Capodrise;;AP;12/01/1927;063825;Capodrise;063;NA
1927;CE;061;061014;Capriati a Volturno;;AP;12/01/1927;070801;Capriati a Volturno;070;CB
1927;CE;061;061015;Capua;;AP;12/01/1927;063826;Capua;063;NA
1927;CE;061;061016;Carinaro;;AP;12/01/1927;063827;Carinaro;063;NA
1927;CE;061;061017;Carinola;;AP;12/01/1927;063828;Carinola;063;NA
1927;CE;061;061018;Casagiove;;AP;12/01/1927;063829;Casagiove;063;NA
1927;CE;061;061019;Casal di Principe;;AP;12/01/1927;063830;Casal di Principe;063;NA
1927;CE;061;061020;Casaluce;;AP;12/01/1927;063832;Casaluce;063;NA
1927;CE;061;061021;Casapulla;;AP;12/01/1927;063833;Casapulla;063;NA
1927;CE;061;061022;Caserta;;AP;12/01/1927;063834;Caserta;063;NA
1927;CE;061;061023;Castel Campagnano;;AP;12/01/1927;062813;Castel Campagnano;062;BN
1927;CE;061;061024;Castel di Sasso;;AP;12/01/1927;063835;Castel di Sasso;063;NA
1927;CE;061;061025;Castello d'Alife;;AP;12/01/1927;062814;Castello d'Alife;062;BN
1927;CE;061;061026;Castel Morrone;;AP;12/01/1927;063836;Castel Morrone;063;NA
1927;CE;061;061027;Castel Volturno;;AP;12/01/1927;063837;Castel Volturno;063;NA
1927;CE;061;061028;Cervino;;AP;12/01/1927;063838;Cervino;063;NA
1927;CE;061;061029;Cesa;;AP;12/01/1927;063839;Cesa;063;NA
1927;CE;061;061030;Ciorlano;;AP;12/01/1927;070802;Ciorlano;070;CB
1927;CE;061;061031;Conca della Campania;;AP;12/01/1927;063840;Conca della Campania;063;NA
1927;CE;061;061032;Curti;;AP;12/01/1927;063841;Curti;063;NA
1927;CE;061;061033;Dragoni;;AP;12/01/1927;062816;Dragoni;062;BN
1927;CE;061;061034;Fontegreca;;AP;12/01/1927;070803;Fontegreca;070;CB
1927;CE;061;061035;Formicola;;AP;12/01/1927;063843;Formicola;063;NA
1927;CE;061;061036;Francolise;;AP;12/01/1927;063844;Francolise;063;NA
1927;CE;061;061037;Frignano Maggiore;;AP;12/01/1927;063845;Frignano Maggiore;063;NA
1927;CE;061;061038;Gallo;;AP;12/01/1927;070804;Gallo;070;CB
1927;CE;061;061039;Galluccio;;AP;12/01/1927;063847;Galluccio;063;NA
1927;CE;061;061040;Giano Vetusto;;AP;12/01/1927;063848;Giano Vetusto;063;NA
1927;CE;061;061041;Gioia Sannitica;;AP;12/01/1927;062817;Gioia Sannitica;062;BN
1927;CE;061;061042;Grazzanise;;AP;12/01/1927;063849;Grazzanise;063;NA
1927;CE;061;061043;Gricignano di Aversa;;AP;12/01/1927;063850;Gricignano di Aversa;063;NA
1927;CE;061;061044;Letino;;AP;12/01/1927;070805;Letino;070;CB
1927;CE;061;061045;Liberi;;AP;12/01/1927;063851;Liberi;063;NA
1927;CE;061;061047;Macerata Campania;;AP;12/01/1927;063852;Macerata Campania;063;NA
1927;CE;061;061048;Maddaloni;;AP;12/01/1927;063853;Maddaloni;063;NA
1927;CE;061;061049;Marcianise;;AP;12/01/1927;063854;Marcianise;063;NA
1927;CE;061;061050;Marzano Appio;;AP;12/01/1927;063855;Marzano Appio;063;NA
1927;CE;061;061051;Mignano;;AP;12/01/1927;063856;Mignano;063;NA
1927;CE;061;061052;Mondragone;;AP;12/01/1927;063857;Mondragone;063;NA
1927;CE;061;061053;Orta di Atella;;AP;12/01/1927;063858;Orta di Atella;063;NA
1927;CE;061;061054;Parete;;AP;12/01/1927;063859;Parete;063;NA
1927;CE;061;061055;Pastorano;;AP;12/01/1927;063860;Pastorano;063;NA
1927;CE;061;061056;Piana di Caiazzo;;AP;12/01/1927;062818;Piana di Caiazzo;062;BN
1927;CE;061;061057;Piedimonte d'Alife;;AP;12/01/1927;062819;Piedimonte d'Alife;062;BN
1927;CE;061;061058;Pietramelara;;AP;12/01/1927;063861;Pietramelara;063;NA
1927;CE;061;061059;Pietravairano;;AP;12/01/1927;063862;Pietravairano;063;NA
1927;CE;061;061060;Pignataro Maggiore;;AP;12/01/1927;063863;Pignataro Maggiore;063;NA
1927;CE;061;061061;Pontelatone;;AP;12/01/1927;063864;Pontelatone;063;NA
1927;CE;061;061062;Portico di Caserta;;AP;12/01/1927;063866;Portico di Caserta;063;NA
1927;CE;061;061063;Prata Sannita;;AP;12/01/1927;070806;Prata Sannita;070;CB
1927;CE;061;061064;Pratella;;AP;12/01/1927;070807;Pratella;070;CB
1927;CE;061;061065;Presenzano;;AP;12/01/1927;063867;Presenzano;063;NA
1927;CE;061;061066;Raviscanina;;AP;12/01/1927;062820;Raviscanina;062;BN
1927;CE;061;061067;Recale;;AP;12/01/1927;063868;Recale;063;NA
1927;CE;061;061068;Riardo;;AP;12/01/1927;063869;Riardo;063;NA
1927;CE;061;061069;Rocca d'Evandro;;AP;12/01/1927;063870;Rocca d'Evandro;063;NA
1927;CE;061;061070;Roccamonfina;;AP;12/01/1927;063871;Roccamonfina;063;NA
1927;CE;061;061071;Roccaromana;;AP;12/01/1927;063872;Roccaromana;063;NA
1927;CE;061;061072;Rocchetta e Croce;;AP;12/01/1927;063873;Rocchetta e Croce;063;NA
1927;CE;061;061073;Ruviano;;AP;12/01/1927;062821;Ruviano;062;BN
1927;CE;061;061074;San Cipriano d'Aversa;;AP;12/01/1927;063874;San Cipriano d'Aversa;063;NA
1927;CE;061;061075;San Felice a Cancello;;AP;12/01/1927;063875;San Felice a Cancello;063;NA
1927;CE;061;061076;San Gregorio;;AP;12/01/1927;062822;San Gregorio;062;BN
1927;CE;061;061077;San Marcellino;;AP;12/01/1927;063876;San Marcellino;063;NA
1927;CE;061;061078;San Nicola la Strada;;AP;12/01/1927;063878;San Nicola la Strada;063;NA
1927;CE;061;061079;San Pietro Infine;;AP;12/01/1927;063879;San Pietro Infine;063;NA
1927;CE;061;061080;San Potito Sannitico;;AP;12/01/1927;062823;San Potito Sannitico;062;BN
1927;CE;061;061081;San Prisco;;AP;12/01/1927;063880;San Prisco;063;NA
1927;CE;061;061082;Santa Maria a Vico;;AP;12/01/1927;063882;Santa Maria a Vico;063;NA
1927;CE;061;061083;Santa Maria Capua Vetere;;AP;12/01/1927;063883;Santa Maria Capua Vetere;063;NA
1927;CE;061;061084;Santa Maria la Fossa;;AP;12/01/1927;063884;Santa Maria la Fossa;063;NA
1927;CE;061;061085;San Tammaro;;AP;12/01/1927;063881;San Tammaro;063;NA
1927;CE;061;061086;Sant'Angelo d'Alife;;AP;12/01/1927;062824;Sant'Angelo d'Alife;062;BN
1927;CE;061;061088;Sessa Aurunca;;AP;12/01/1927;063886;Sessa Aurunca;063;NA
1927;CE;061;061089;Sparanise;;AP;12/01/1927;063887;Sparanise;063;NA
1927;CE;061;061090;Succivo;;AP;12/01/1927;063888;Succivo;063;NA
1927;CE;061;061091;Teano;;AP;12/01/1927;063889;Teano;063;NA
1927;CE;061;061092;Teverola;;AP;12/01/1927;063890;Teverola;063;NA
1927;CE;061;061093;Tora e Piccilli;;AP;12/01/1927;063891;Tora e Piccilli;063;NA
1927;CE;061;061094;Trentola;;AP;12/01/1927;063892;Trentola;063;NA
1927;CE;061;061095;Vairano Patenora;;AP;12/01/1927;063893;Vairano Patenora;063;NA
1927;CE;061;061096;Valle Agricola;;AP;12/01/1927;062825;Valle Agricola;062;BN
1927;CE;061;061097;Valle di Maddaloni;;AP;12/01/1927;063894;Valle di Maddaloni;063;NA
1927;CE;061;061098;Frignano Piccolo;;AP;12/01/1927;063896;Frignano Piccolo;063;NA
1927;CE;061;061099;Vico di Pantano;;AP;12/01/1927;063897;Vico di Pantano;063;NA
1927;CE;061;061100;Vitulazio;;AP;12/01/1927;063899;Vitulazio;063;NA
1927;CE;061;061104;San Marco Evangelista;;AP;12/01/1927;063877;San Marco Evangelista;063;NA
1927;CE;061;061807;Lusciano e Ducenta;;AP;12/01/1927;061807;Lusciano e Ducenta;063;NA
1927;CE;061;061808;San Leucio;;AP;12/01/1927;061808;San Leucio;063;NA
1927;CE;061;061810;Acerra;;AP;12/01/1927;063001;Acerra;063;NA
1927;CE;061;061811;Acquafondata;;AP;12/01/1927;060001;Acquafondata;060;FR
1927;CE;061;061812;Alvito;;AP;12/01/1927;060004;Alvito;060;FR
1927;CE;061;061813;Aquino;;AP;12/01/1927;060007;Aquino;060;FR
1927;CE;061;061814;Arce;;AP;12/01/1927;060008;Arce;060;FR
1927;CE;061;061815;Arpino;;AP;12/01/1927;060010;Arpino;060;FR
1927;CE;061;061816;Atina;;AP;12/01/1927;060011;Atina;060;FR
1927;CE;061;061817;Ausonia;;AP;12/01/1927;060012;Ausonia;060;FR
1927;CE;061;061818;Belmonte Castello;;AP;12/01/1927;060013;Belmonte Castello;060;FR
1927;CE;061;061819;Brocco;;AP;12/01/1927;060015;Brocco;060;FR
1927;CE;061;061820;Brusciano;;AP;12/01/1927;063010;Brusciano;063;NA
1927;CE;061;061821;Campodimele;;AP;12/01/1927;058823;Campodimele;058;RM
1927;CE;061;061822;Campoli Appennino;;AP;12/01/1927;060016;Campoli Appennino;060;FR
1927;CE;061;061823;Camposano;;AP;12/01/1927;063013;Camposano;063;NA
1927;CE;061;061824;Carbonara di Nola;;AP;12/01/1927;063015;Carbonara di Nola;063;NA
1927;CE;061;061825;Casalattico;;AP;12/01/1927;060017;Casalattico;060;FR
1927;CE;061;061826;Casalvieri;;AP;12/01/1927;060018;Casalvieri;060;FR
1927;CE;061;061827;Casamarciano;;AP;12/01/1927;063018;Casamarciano;063;NA
1927;CE;061;061828;Cassino;;AP;12/01/1927;060019;Cassino;060;FR
1927;CE;061;061829;Castelforte;;AP;12/01/1927;058836;Castelforte;058;RM
1927;CE;061;061830;Castelliri;;AP;12/01/1927;060020;Castelliri;060;FR
1927;CE;061;061831;Castello di Cisterna;;AP;12/01/1927;063025;Castello di Cisterna;063;NA
1927;CE;061;061832;Castellonorato;;AP;12/01/1927;059801;Castellonorato;058;RM
1927;CE;061;061833;Castelnuovo Parano;;AP;12/01/1927;060021;Castelnuovo Parano;060;FR
1927;CE;061;061834;Castrocielo;;AP;12/01/1927;060022;Castrocielo;060;FR
1927;CE;061;061835;Cervaro;;AP;12/01/1927;060026;Cervaro;060;FR
1927;CE;061;061836;Cicciano;;AP;12/01/1927;063027;Cicciano;063;NA
1927;CE;061;061837;Cimitile;;AP;12/01/1927;063028;Cimitile;063;NA
1927;CE;061;061838;Colfelice;;AP;12/01/1927;060027;Colfelice;060;FR
1927;CE;061;061839;Colle San Magno;;AP;12/01/1927;060029;Colle San Magno;060;FR
1927;CE;061;061840;Comiziano;;AP;12/01/1927;063029;Comiziano;063;NA
1927;CE;061;061841;Coreno Ausonio;;AP;12/01/1927;060030;Coreno Ausonio;060;FR
1927;CE;061;061842;Elena;;AP;12/01/1927;059802;Elena;058;RM
1927;CE;061;061843;Esperia;;AP;12/01/1927;060031;Esperia;060;FR
1927;CE;061;061844;Fondi;;AP;12/01/1927;058865;Fondi;058;RM
1927;CE;061;061845;Fontana Liri;;AP;12/01/1927;060036;Fontana Liri;060;FR
1927;CE;061;061846;Fontechiari;;AP;12/01/1927;060037;Fontechiari;060;FR
1927;CE;061;061847;Formia;;AP;12/01/1927;058867;Formia;058;RM
1927;CE;061;061848;Gaeta;;AP;12/01/1927;058871;Gaeta;058;RM
1927;CE;061;061849;Isola del Liri;;AP;12/01/1927;060043;Isola del Liri;060;FR
1927;CE;061;061850;Itri;;AP;12/01/1927;058881;Itri;058;RM
1927;CE;061;061851;Lenola;;AP;12/01/1927;058885;Lenola;058;RM
1927;CE;061;061852;Liveri;;AP;12/01/1927;063040;Liveri;063;NA
1927;CE;061;061853;Maranola;;AP;12/01/1927;059803;Maranola;058;RM
1927;CE;061;061854;Mariglianella;;AP;12/01/1927;063042;Mariglianella;063;NA
1927;CE;061;061855;Marigliano;;AP;12/01/1927;063043;Marigliano;063;NA
1927;CE;061;061856;Minturno;;AP;12/01/1927;058892;Minturno;058;RM
1927;CE;061;061857;Monte San Biagio;;AP;12/01/1927;058897;Monte San Biagio;058;RM
1927;CE;061;061858;Nola;;AP;12/01/1927;063050;Nola;063;NA
1927;CE;061;061859;Palma Campania;;AP;12/01/1927;063052;Palma Campania;063;NA
1927;CE;061;061860;Pastena;;AP;12/01/1927;060047;Pastena;060;FR
1927;CE;061;061861;Pescosolido;;AP;12/01/1927;060049;Pescosolido;060;FR
1927;CE;061;061862;Picinisco;;AP;12/01/1927;060050;Picinisco;060;FR
1927;CE;061;061863;Pico;;AP;12/01/1927;060051;Pico;060;FR
1927;CE;061;061864;Piedimonte San Germano;;AP;12/01/1927;060052;Piedimonte San Germano;060;FR
1927;CE;061;061865;Pignataro Interamna;;AP;12/01/1927;060054;Pignataro Interamna;060;FR
1927;CE;061;061866;Pontecorvo;;AP;12/01/1927;060056;Pontecorvo;060;FR
1927;CE;061;061867;Ponza;;AP;12/01/1927;063865;Ponza;063;NA
1927;CE;061;061868;Rocca d'Arce;;AP;12/01/1927;060059;Rocca d'Arce;060;FR
1927;CE;061;061869;Roccarainola;;AP;12/01/1927;063065;Roccarainola;063;NA
1927;CE;061;061870;Roccasecca;;AP;12/01/1927;060060;Roccasecca;060;FR
1927;CE;061;061871;San Biagio Saracinisco;;AP;12/01/1927;060061;San Biagio Saracinisco;060;FR
1927;CE;061;061872;San Donato Val di Comino;;AP;12/01/1927;060062;San Donato Val di Comino;060;FR
1927;CE;061;061873;San Gennaro;;AP;12/01/1927;063066;San Gennaro;063;NA
1927;CE;061;061874;San Giorgio a Liri;;AP;12/01/1927;060063;San Giorgio a Liri;060;FR
1927;CE;061;061875;San Giovanni Incarico;;AP;12/01/1927;060064;San Giovanni Incarico;060;FR
1927;CE;061;061876;San Paolo Bel Sito;;AP;12/01/1927;063069;San Paolo Bel Sito;063;NA
1927;CE;061;061877;San Vitaliano;;AP;12/01/1927;063075;San Vitaliano;063;NA
1927;CE;061;061878;San Vittore del Lazio;;AP;12/01/1927;060070;San Vittore del Lazio;060;FR
1927;CE;061;061879;Sant'Ambrogio sul Garigliano;;AP;12/01/1927;060065;Sant'Ambrogio sul Garigliano;060;FR
1927;CE;061;061880;Sant'Andrea;;AP;12/01/1927;060066;Sant'Andrea;060;FR
1927;CE;061;061881;Sant'Apollinare;;AP;12/01/1927;060067;Sant'Apollinare;060;FR
1927;CE;061;061882;Sant'Elia Fiumerapido;;AP;12/01/1927;060068;Sant'Elia Fiumerapido;060;FR
1927;CE;061;061883;Santi Cosma e Damiano;;AP;12/01/1927;058948;Santi Cosma e Damiano;058;RM
1927;CE;061;061884;Santopadre;;AP;12/01/1927;060069;Santopadre;060;FR
1927;CE;061;061885;Saviano;;AP;12/01/1927;063076;Saviano;063;NA
1927;CE;061;061886;Scisciano;;AP;12/01/1927;063077;Scisciano;063;NA
1927;CE;061;061887;Settefrati;;AP;12/01/1927;060072;Settefrati;060;FR
1927;CE;061;061888;Sora;;AP;12/01/1927;060074;Sora;060;FR
1927;CE;061;061889;Sperlonga;;AP;12/01/1927;058957;Sperlonga;058;RM
1927;CE;061;061890;Spigno Saturnia;;AP;12/01/1927;058958;Spigno Saturnia;058;RM
1927;CE;061;061891;Striano;;AP;12/01/1927;063081;Striano;063;NA
1927;CE;061;061892;Terelle;;AP;12/01/1927;060077;Terelle;060;FR
1927;CE;061;061893;Tufino;;AP;12/01/1927;063085;Tufino;063;NA
1927;CE;061;061894;Vallefredda;;AP;12/01/1927;060083;Vallefredda;060;FR
1927;CE;061;061895;Vallerotonda;;AP;12/01/1927;060084;Vallerotonda;060;FR
1927;CE;061;061896;Vicalvi;;AP;12/01/1927;060086;Vicalvi;060;FR
1927;CE;061;061897;Villa Latina;;AP;12/01/1927;060088;Villa Latina;060;FR
1927;CE;061;061898;Villa Santa Lucia;;AP;12/01/1927;060089;Villa Santa Lucia;060;FR
1927;CE;061;061899;Visciano;;AP;12/01/1927;063088;Visciano;063;NA
1927;CE;061;061900;Viticuso;;AP;12/01/1927;060091;Viticuso;060;FR
1927;BN;062;062815;Cercemaggiore;;AP;12/01/1927;070030;Cercemaggiore;070;CB
1927;AQ;066;066808;Accumoli;;AP;12/01/1927;057001;Accumoli;057;RI
1927;AQ;066;066809;Amatrice;;AP;12/01/1927;057002;Amatrice;057;RI
1927;AQ;066;066810;Antrodoco;;AP;12/01/1927;057003;Antrodoco;057;RI
1927;AQ;066;066811;Borbona;;AP;12/01/1927;057006;Borbona;057;RI
1927;AQ;066;066812;Borgo Velino;;AP;12/01/1927;057008;Borgo Velino;057;RI
1927;AQ;066;066813;Borgocollefegato;;AP;12/01/1927;057007;Borgocollefegato;057;RI
1927;AQ;066;066814;Bussi sul Tirino;;AP;12/01/1927;068005;Bussi sul Tirino;068;PE
1927;AQ;066;066815;Cantalice;;AP;12/01/1927;057009;Cantalice;057;RI
1927;AQ;066;066816;Castel Sant'Angelo;;AP;12/01/1927;057015;Castel Sant'Angelo;057;RI
1927;AQ;066;066817;Cittaducale;;AP;12/01/1927;057016;Cittaducale;057;RI
1927;AQ;066;066818;Cittareale;;AP;12/01/1927;057017;Cittareale;057;RI
1927;AQ;066;066819;Fiamignano;;AP;12/01/1927;057028;Fiamignano;057;RI
1927;AQ;066;066820;Leonessa;;AP;12/01/1927;057033;Leonessa;057;RI
1927;AQ;066;066821;Micigliano;;AP;12/01/1927;057037;Micigliano;057;RI
1927;AQ;066;066822;Pescorocchiano;;AP;12/01/1927;057049;Pescorocchiano;057;RI
1927;AQ;066;066823;Petrella Salto;;AP;12/01/1927;057050;Petrella Salto;057;RI
1927;AQ;066;066824;Popoli;;AP;12/01/1927;068033;Popoli;068;PE
1927;AQ;066;066825;Posta;;AP;12/01/1927;057057;Posta;057;RI
1927;AQ;066;066826;Lugnano di Villa Troiana;;AP;12/01/1927;057812;Lugnano di Villa Troiana;057;RI
1927;TE;067;067802;Alanno;;AP;12/01/1927;068002;Alanno;068;PE
1927;TE;067;067803;Brittoli;;AP;12/01/1927;068004;Brittoli;068;PE
1927;TE;067;067804;Cappelle sul Tavo;;AP;12/01/1927;068006;Cappelle sul Tavo;068;PE
1927;TE;067;067805;Carpineto della Nora;;AP;12/01/1927;068008;Carpineto della Nora;068;PE
1927;TE;067;067806;Castellammare Adriatico;;AP;12/01/1927;068801;Castellammare Adriatico;068;PE
1927;TE;067;067807;Castiglione a Casauria;;AP;12/01/1927;068009;Castiglione a Casauria;068;PE
1927;TE;067;067808;Catignano;;AP;12/01/1927;068010;Catignano;068;PE
1927;TE;067;067809;Cepagatti;;AP;12/01/1927;068011;Cepagatti;068;PE
1927;TE;067;067810;Città Sant'Angelo;;AP;12/01/1927;068012;Città Sant'Angelo;068;PE
1927;TE;067;067811;Civitaquana;;AP;12/01/1927;068013;Civitaquana;068;PE
1927;TE;067;067812;Civitella Casanova;;AP;12/01/1927;068014;Civitella Casanova;068;PE
1927;TE;067;067813;Collecorvino;;AP;12/01/1927;068015;Collecorvino;068;PE
1927;TE;067;067814;Corvara;;AP;12/01/1927;068016;Corvara;068;PE
1927;TE;067;067815;Cugnoli;;AP;12/01/1927;068017;Cugnoli;068;PE
1927;TE;067;067816;Elice;;AP;12/01/1927;068018;Elice;068;PE
1927;TE;067;067817;Farindola;;AP;12/01/1927;068019;Farindola;068;PE
1927;TE;067;067818;Loreto Aprutino;;AP;12/01/1927;068021;Loreto Aprutino;068;PE
1927;TE;067;067819;Montebello di Bertona;;AP;12/01/1927;068023;Montebello di Bertona;068;PE
1927;TE;067;067820;Montesilvano;;AP;12/01/1927;068024;Montesilvano;068;PE
1927;TE;067;067821;Montesilvano Marina;;AP;12/01/1927;068802;Montesilvano Marina;068;PE
1927;TE;067;067822;Moscufo;;AP;12/01/1927;068025;Moscufo;068;PE
1927;TE;067;067823;Nocciano;;AP;12/01/1927;068026;Nocciano;068;PE
1927;TE;067;067824;Penne;;AP;12/01/1927;068027;Penne;068;PE
1927;TE;067;067825;Pescosansonesco;;AP;12/01/1927;068029;Pescosansonesco;068;PE
1927;TE;067;067826;Pianella;;AP;12/01/1927;068030;Pianella;068;PE
1927;TE;067;067827;Picciano;;AP;12/01/1927;068031;Picciano;068;PE
1927;TE;067;067828;Pietranico;;AP;12/01/1927;068032;Pietranico;068;PE
1927;TE;067;067829;Rosciano;;AP;12/01/1927;068035;Rosciano;068;PE
1927;TE;067;067830;Spoltore;;AP;12/01/1927;068041;Spoltore;068;PE
1927;TE;067;067831;Torre de' Passeri;;AP;12/01/1927;068043;Torre de' Passeri;068;PE
1927;TE;067;067832;Vicoli;;AP;12/01/1927;068045;Vicoli;068;PE
1927;TE;067;067833;Villa Celiera;;AP;12/01/1927;068046;Villa Celiera;068;PE
1927;CH;069;069803;Abbateggio;;AP;12/01/1927;068001;Abbateggio;068;PE
1927;CH;069;069804;Bolognano;;AP;12/01/1927;068003;Bolognano;068;PE
1927;CH;069;069805;Caramanico;;AP;12/01/1927;068007;Caramanico;068;PE
1927;CH;069;069806;Lettomanoppello;;AP;12/01/1927;068020;Lettomanoppello;068;PE
1927;CH;069;069807;Manoppello;;AP;12/01/1927;068022;Manoppello;068;PE
1927;CH;069;069808;Musellaro;;AP;12/01/1927;068803;Musellaro;068;PE
1927;CH;069;069809;Pescara;;AP;12/01/1927;068028;Pescara;068;PE
1927;CH;069;069810;Roccacaramanico;;AP;12/01/1927;068804;Roccacaramanico;068;PE
1927;CH;069;069811;Roccamorice;;AP;12/01/1927;068034;Roccamorice;068;PE
1927;CH;069;069812;Salle;;AP;12/01/1927;068036;Salle;068;PE
1927;CH;069;069813;San Valentino in Abruzzo Citeriore;;AP;12/01/1927;068038;San Valentino in Abruzzo Citeriore;068;PE
1927;CH;069;069814;Sant'Eufemia a Maiella;;AP;12/01/1927;068037;Sant'Eufemia a Maiella;068;PE
1927;CH;069;069815;Serramonacesca;;AP;12/01/1927;068040;Serramonacesca;068;PE
1927;CH;069;069816;Tocco da Casauria;;AP;12/01/1927;068042;Tocco da Casauria;068;PE
1927;CH;069;069817;Turrivalignani;;AP;12/01/1927;068044;Turrivalignani;068;PE
1927;BA;072;072806;Cisternino;;AP;12/01/1927;074005;Cisternino;074;BR
1927;BA;072;072807;Fasano;;AP;12/01/1927;074007;Fasano;074;BR
1927;LE;075;075034;Guagnano;;AP;12/01/1927;074801;Guagnano;074;BR
1927;LE;075;075065;Salice Salentino;;AP;12/01/1927;074802;Salice Salentino;074;BR
1927;LE;075;075092;Veglie;;AP;12/01/1927;074803;Veglie;074;BR
1927;LE;075;075802;Brindisi;;AP;12/01/1927;074001;Brindisi;074;BR
1927;LE;075;075804;Carovigno;;AP;12/01/1927;074002;Carovigno;074;BR
1927;LE;075;075806;Ceglie Messapico;;AP;12/01/1927;074003;Ceglie Messapico;074;BR
1927;LE;075;075807;Cellino San Marco;;AP;12/01/1927;074004;Cellino San Marco;074;BR
1927;LE;075;075809;Erchie;;AP;12/01/1927;074006;Erchie;074;BR
1927;LE;075;075812;Francavilla Fontana;;AP;12/01/1927;074008;Francavilla Fontana;074;BR
1927;LE;075;075816;Latiano;;AP;12/01/1927;074009;Latiano;074;BR
1927;LE;075;075823;Mesagne;;AP;12/01/1927;074010;Mesagne;074;BR
1927;LE;075;075828;Oria;;AP;12/01/1927;074011;Oria;074;BR
1927;LE;075;075829;Ostuni;;AP;12/01/1927;074012;Ostuni;074;BR
1927;LE;075;075834;San Donaci;;AP;12/01/1927;074013;San Donaci;074;BR
1927;LE;075;075837;San Pancrazio Salentino;;AP;12/01/1927;074015;San Pancrazio Salentino;074;BR
1927;LE;075;075838;San Pietro Vernotico;;AP;12/01/1927;074016;San Pietro Vernotico;074;BR
1927;LE;075;075839;San Vito dei Normanni;;AP;12/01/1927;074017;San Vito dei Normanni;074;BR
1927;LE;075;075842;Torchiarolo;;AP;12/01/1927;074018;Torchiarolo;074;BR
1927;LE;075;075843;Torre Santa Susanna;;AP;12/01/1927;074019;Torre Santa Susanna;074;BR
1927;LE;075;075844;Villa Castelli;;AP;12/01/1927;074020;Villa Castelli;074;BR
1927;PZ;076;076009;Banzi;;AP;12/01/1927;077801;Banzi;077;MT
1927;PZ;076;076036;Genzano;;AP;12/01/1927;077802;Genzano;077;MT
1927;PZ;076;076057;Palazzo San Gervasio;;AP;12/01/1927;077803;Palazzo San Gervasio;077;MT
1927;PZ;076;076802;Accettura;;AP;12/01/1927;077001;Accettura;077;MT
1927;PZ;076;076803;Aliano;;AP;12/01/1927;077002;Aliano;077;MT
1927;PZ;076;076804;Bernalda;;AP;12/01/1927;077003;Bernalda;077;MT
1927;PZ;076;076805;Calciano;;AP;12/01/1927;077004;Calciano;077;MT
1927;PZ;076;076806;Cirigliano;;AP;12/01/1927;077005;Cirigliano;077;MT
1927;PZ;076;076807;Colobraro;;AP;12/01/1927;077006;Colobraro;077;MT
1927;PZ;076;076808;Craco;;AP;12/01/1927;077007;Craco;077;MT
1927;PZ;076;076809;Ferrandina;;AP;12/01/1927;077008;Ferrandina;077;MT
1927;PZ;076;076810;Garaguso;;AP;12/01/1927;077009;Garaguso;077;MT
1927;PZ;076;076811;Gorgoglione;;AP;12/01/1927;077010;Gorgoglione;077;MT
1927;PZ;076;076812;Grassano;;AP;12/01/1927;077011;Grassano;077;MT
1927;PZ;076;076813;Grottole;;AP;12/01/1927;077012;Grottole;077;MT
1927;PZ;076;076814;Irsina;;AP;12/01/1927;077013;Irsina;077;MT
1927;PZ;076;076815;Matera;;AP;12/01/1927;077014;Matera;077;MT
1927;PZ;076;076816;Miglionico;;AP;12/01/1927;077015;Miglionico;077;MT
1927;PZ;076;076817;Montalbano Jonico;;AP;12/01/1927;077016;Montalbano Jonico;077;MT
1927;PZ;076;076818;Montescaglioso;;AP;12/01/1927;077017;Montescaglioso;077;MT
1927;PZ;076;076819;Nova Siri;;AP;12/01/1927;077018;Nova Siri;077;MT
1927;PZ;076;076820;Oliveto Lucano;;AP;12/01/1927;077019;Oliveto Lucano;077;MT
1927;PZ;076;076821;Pisticci;;AP;12/01/1927;077020;Pisticci;077;MT
1927;PZ;076;076822;Pomarico;;AP;12/01/1927;077022;Pomarico;077;MT
1927;PZ;076;076823;Rotondella;;AP;12/01/1927;077023;Rotondella;077;MT
1927;PZ;076;076824;Salandra;;AP;12/01/1927;077024;Salandra;077;MT
1927;PZ;076;076825;San Giorgio Lucano;;AP;12/01/1927;077025;San Giorgio Lucano;077;MT
1927;PZ;076;076826;San Mauro Forte;;AP;12/01/1927;077026;San Mauro Forte;077;MT
1927;PZ;076;076827;Stigliano;;AP;12/01/1927;077027;Stigliano;077;MT
1927;PZ;076;076828;Tricarico;;AP;12/01/1927;077028;Tricarico;077;MT
1927;PZ;076;076829;Tursi;;AP;12/01/1927;077029;Tursi;077;MT
1927;PZ;076;076830;Valsinni;;AP;12/01/1927;077030;Valsinni;077;MT
1927;CL;085;085801;Aidone;;AP;12/01/1927;086002;Aidone;086;EN
1927;CL;085;085802;Barrafranca;;AP;12/01/1927;086004;Barrafranca;086;EN
1927;CL;085;085803;Calascibetta;;AP;12/01/1927;086005;Calascibetta;086;EN
1927;CL;085;085804;Castrogiovanni;;AP;12/01/1927;086009;Castrogiovanni;086;EN
1927;CL;085;085805;Piazza Armerina;;AP;12/01/1927;086014;Piazza Armerina;086;EN
1927;CL;085;085806;Pietraperzia;;AP;12/01/1927;086015;Pietraperzia;086;EN
1927;CL;085;085807;Valguarnera Caropepe;;AP;12/01/1927;086019;Valguarnera Caropepe;086;EN
1927;CL;085;085808;Villarosa;;AP;12/01/1927;086020;Villarosa;086;EN
1927;CT;087;087803;Agira;;AP;12/01/1927;086001;Agira;086;EN
1927;CT;087;087804;Assoro;;AP;12/01/1927;086003;Assoro;086;EN
1927;CT;087;087805;Catenanuova;;AP;12/01/1927;086006;Catenanuova;086;EN
1927;CT;087;087806;Centuripe;;AP;12/01/1927;086007;Centuripe;086;EN
1927;CT;087;087807;Cerami;;AP;12/01/1927;086008;Cerami;086;EN
1927;CT;087;087808;Gagliano Castelferrato;;AP;12/01/1927;086010;Gagliano Castelferrato;086;EN
1927;CT;087;087809;Leonforte;;AP;12/01/1927;086011;Leonforte;086;EN
1927;CT;087;087810;Nicosia;;AP;12/01/1927;086012;Nicosia;086;EN
1927;CT;087;087811;Nissoria;;AP;12/01/1927;086013;Nissoria;086;EN
1927;CT;087;087812;Regalbuto;;AP;12/01/1927;086016;Regalbuto;086;EN
1927;CT;087;087813;Sperlinga;;AP;12/01/1927;086017;Sperlinga;086;EN
1927;CT;087;087814;Troina;;AP;12/01/1927;086018;Troina;086;EN
1927;SR;089;089801;Biscari;;AP;12/01/1927;088001;Biscari;088;RG
1927;SR;089;089802;Chiaramonte Gulfi;;AP;12/01/1927;088002;Chiaramonte Gulfi;088;RG
1927;SR;089;089803;Comiso;;AP;12/01/1927;088003;Comiso;088;RG
1927;SR;089;089804;Giarratana;;AP;12/01/1927;088004;Giarratana;088;RG
1927;SR;089;089805;Spaccaforno;;AP;12/01/1927;088005;Spaccaforno;088;RG
1927;SR;089;089806;Modica;;AP;12/01/1927;088006;Modica;088;RG
1927;SR;089;089807;Monterosso Almo;;AP;12/01/1927;088007;Monterosso Almo;088;RG
1927;SR;089;089808;Pozzallo;;AP;12/01/1927;088008;Pozzallo;088;RG
1927;SR;089;089809;Ragusa;;AP;12/01/1927;088009;Ragusa;088;RG
1927;SR;089;089810;Ragusa Ibla;;AP;12/01/1927;088801;Ragusa Ibla;088;RG
1927;SR;089;089811;Santa Croce Camerina;;AP;12/01/1927;088010;Santa Croce Camerina;088;RG
1927;SR;089;089812;Scicli;;AP;12/01/1927;088011;Scicli;088;RG
1927;SR;089;089813;Vittoria;;AP;12/01/1927;088012;Vittoria;088;RG
1927;SS;090;090804;Bitti;;AP;12/01/1927;091009;Bitti;091;NU
1927;SS;090;090805;Bolotana;;AP;12/01/1927;091010;Bolotana;091;NU
1927;SS;090;090806;Dorgali;;AP;12/01/1927;091017;Dorgali;091;NU
1927;SS;090;090807;Fonni;;AP;12/01/1927;091024;Fonni;091;NU
1927;SS;090;090808;Galtellì;;AP;12/01/1927;091027;Galtellì;091;NU
1927;SS;090;090809;Gavoi;;AP;12/01/1927;091028;Gavoi;091;NU
1927;SS;090;090810;Irgoli;;AP;12/01/1927;091033;Irgoli;091;NU
1927;SS;090;090811;Lei;;AP;12/01/1927;091038;Lei;091;NU
1927;SS;090;090812;Loculi;;AP;12/01/1927;091040;Loculi;091;NU
1927;SS;090;090813;Lodè;;AP;12/01/1927;091041;Lodè;091;NU
1927;SS;090;090814;Lodine;;AP;12/01/1927;091104;Lodine;091;NU
1927;SS;090;090815;Lula;;AP;12/01/1927;091043;Lula;091;NU
1927;SS;090;090816;Mamoiada;;AP;12/01/1927;091046;Mamoiada;091;NU
1927;SS;090;090817;Nuoro;;AP;12/01/1927;091051;Nuoro;091;NU
1927;SS;090;090818;Oliena;;AP;12/01/1927;091055;Oliena;091;NU
1927;SS;090;090819;Ollolai;;AP;12/01/1927;091056;Ollolai;091;NU
1927;SS;090;090820;Olzai;;AP;12/01/1927;091057;Olzai;091;NU
1927;SS;090;090821;Onanì;;AP;12/01/1927;091058;Onanì;091;NU
1927;SS;090;090822;Onifai;;AP;12/01/1927;091059;Onifai;091;NU
1927;SS;090;090823;Oniferi;;AP;12/01/1927;091060;Oniferi;091;NU
1927;SS;090;090824;Orani;;AP;12/01/1927;091061;Orani;091;NU
1927;SS;090;090825;Orgosolo;;AP;12/01/1927;091062;Orgosolo;091;NU
1927;SS;090;090826;Orosei;;AP;12/01/1927;091063;Orosei;091;NU
1927;SS;090;090827;Orotelli;;AP;12/01/1927;091064;Orotelli;091;NU
1927;SS;090;090828;Orune;;AP;12/01/1927;091067;Orune;091;NU
1927;SS;090;090829;Osidda;;AP;12/01/1927;091068;Osidda;091;NU
1927;SS;090;090830;Ottana;;AP;12/01/1927;091070;Ottana;091;NU
1927;SS;090;090831;Ovodda;;AP;12/01/1927;091071;Ovodda;091;NU
1927;SS;090;090832;Posada;;AP;12/01/1927;091073;Posada;091;NU
1927;SS;090;090833;Sarule;;AP;12/01/1927;091077;Sarule;091;NU
1927;SS;090;090834;Silanus;;AP;12/01/1927;091083;Silanus;091;NU
1927;SS;090;090835;Siniscola;;AP;12/01/1927;091085;Siniscola;091;NU
1927;SS;090;090836;Torpè;;AP;12/01/1927;091094;Torpè;091;NU
1927;CA;092;092813;Aritzo;;AP;12/01/1927;091001;Aritzo;091;NU
1927;CA;092;092814;Arzana;;AP;12/01/1927;091002;Arzana;091;NU
1927;CA;092;092815;Atzara;;AP;12/01/1927;091003;Atzara;091;NU
1927;CA;092;092816;Austis;;AP;12/01/1927;091004;Austis;091;NU
1927;CA;092;092817;Bari Sardo;;AP;12/01/1927;091005;Bari Sardo;091;NU
1927;CA;092;092818;Baunei;;AP;12/01/1927;091006;Baunei;091;NU
1927;CA;092;092819;Belvì;;AP;12/01/1927;091007;Belvì;091;NU
1927;CA;092;092820;Birori;;AP;12/01/1927;091008;Birori;091;NU
1927;CA;092;092821;Borore;;AP;12/01/1927;091011;Borore;091;NU
1927;CA;092;092822;Bortigali;;AP;12/01/1927;091012;Bortigali;091;NU
1927;CA;092;092823;Bosa;;AP;12/01/1927;091013;Bosa;091;NU
1927;CA;092;092824;Cuglieri;;AP;12/01/1927;091015;Cuglieri;091;NU
1927;CA;092;092826;Desulo;;AP;12/01/1927;091016;Desulo;091;NU
1927;CA;092;092827;Dualchi;;AP;12/01/1927;091018;Dualchi;091;NU
1927;CA;092;092829;Escalaplano;;AP;12/01/1927;091020;Escalaplano;091;NU
1927;CA;092;092830;Escolca;;AP;12/01/1927;091021;Escolca;091;NU
1927;CA;092;092831;Esterzili;;AP;12/01/1927;091022;Esterzili;091;NU
1927;CA;092;092832;Flussio;;AP;12/01/1927;091023;Flussio;091;NU
1927;CA;092;092833;Gadoni;;AP;12/01/1927;091025;Gadoni;091;NU
1927;CA;092;092834;Gairo;;AP;12/01/1927;091026;Gairo;091;NU
1927;CA;092;092835;Genoni;;AP;12/01/1927;091029;Genoni;091;NU
1927;CA;092;092836;Gergei;;AP;12/01/1927;091030;Gergei;091;NU
1927;CA;092;092837;Girasole;;AP;12/01/1927;091031;Girasole;091;NU
1927;CA;092;092838;Ilbono;;AP;12/01/1927;091032;Ilbono;091;NU
1927;CA;092;092839;Isili;;AP;12/01/1927;091034;Isili;091;NU
1927;CA;092;092840;Jerzu;;AP;12/01/1927;091035;Jerzu;091;NU
1927;CA;092;092841;Laconi;;AP;12/01/1927;091036;Laconi;091;NU
1927;CA;092;092842;Lanusei;;AP;12/01/1927;091037;Lanusei;091;NU
1927;CA;092;092843;Loceri;;AP;12/01/1927;091039;Loceri;091;NU
1927;CA;092;092844;Lotzorai;;AP;12/01/1927;091042;Lotzorai;091;NU
1927;CA;092;092845;Macomer;;AP;12/01/1927;091044;Macomer;091;NU
1927;CA;092;092846;Magomadas;;AP;12/01/1927;091045;Magomadas;091;NU
1927;CA;092;092847;Meana Sardo;;AP;12/01/1927;091047;Meana Sardo;091;NU
1927;CA;092;092848;Modolo;;AP;12/01/1927;091048;Modolo;091;NU
1927;CA;092;092849;Montresta;;AP;12/01/1927;091049;Montresta;091;NU
1927;CA;092;092850;Noragugume;;AP;12/01/1927;091050;Noragugume;091;NU
1927;CA;092;092851;Nuragus;;AP;12/01/1927;091052;Nuragus;091;NU
1927;CA;092;092852;Nurallao;;AP;12/01/1927;091053;Nurallao;091;NU
1927;CA;092;092853;Nurri;;AP;12/01/1927;091054;Nurri;091;NU
1927;CA;092;092854;Orroli;;AP;12/01/1927;091065;Orroli;091;NU
1927;CA;092;092855;Ortueri;;AP;12/01/1927;091066;Ortueri;091;NU
1927;CA;092;092856;Osini;;AP;12/01/1927;091069;Osini;091;NU
1927;CA;092;092857;Perdasdefogu;;AP;12/01/1927;091072;Perdasdefogu;091;NU
1927;CA;092;092858;Sadali;;AP;12/01/1927;091074;Sadali;091;NU
1927;CA;092;092859;Sagama;;AP;12/01/1927;091075;Sagama;091;NU
1927;CA;092;092860;Scano di Montiferro;;AP;12/01/1927;091078;Scano di Montiferro;091;NU
1927;CA;092;092861;Sennariolo;;AP;12/01/1927;091079;Sennariolo;091;NU
1927;CA;092;092862;Serri;;AP;12/01/1927;091080;Serri;091;NU
1927;CA;092;092863;Seui;;AP;12/01/1927;091081;Seui;091;NU
1927;CA;092;092864;Seulo;;AP;12/01/1927;091082;Seulo;091;NU
1927;CA;092;092865;Sindia;;AP;12/01/1927;091084;Sindia;091;NU
1927;CA;092;092867;Sorgono;;AP;12/01/1927;091086;Sorgono;091;NU
1927;CA;092;092868;Suni;;AP;12/01/1927;091087;Suni;091;NU
1927;CA;092;092869;Talana;;AP;12/01/1927;091088;Talana;091;NU
1927;CA;092;092870;Tertenia;;AP;12/01/1927;091089;Tertenia;091;NU
1927;CA;092;092871;Teti;;AP;12/01/1927;091090;Teti;091;NU
1927;CA;092;092872;Tiana;;AP;12/01/1927;091091;Tiana;091;NU
1927;CA;092;092873;Tinnura;;AP;12/01/1927;091092;Tinnura;091;NU
1927;CA;092;092874;Tonara;;AP;12/01/1927;091093;Tonara;091;NU
1927;CA;092;092875;Tortolì;;AP;12/01/1927;091805;Tortolì;091;NU
1927;CA;092;092876;Tresnuraghes;;AP;12/01/1927;091096;Tresnuraghes;091;NU
1927;CA;092;092877;Triei;;AP;12/01/1927;091097;Triei;091;NU
1927;CA;092;092878;Ulassai;;AP;12/01/1927;091098;Ulassai;091;NU
1927;CA;092;092879;Urzulei;;AP;12/01/1927;091099;Urzulei;091;NU
1927;CA;092;092880;Ussassai;;AP;12/01/1927;091100;Ussassai;091;NU
1927;CA;092;092881;Villagrande Strisaili;;AP;12/01/1927;091101;Villagrande Strisaili;091;NU
1927;CA;092;092882;Villanova Tulo;;AP;12/01/1927;091102;Villanova Tulo;091;NU
1925;GE;010;010859;Capraia Isola;;AP;11/12/1925;049005;Capraia Isola;049;LI
1925;FI;048;048808;Castelfranco di Sotto;;AP;11/12/1925;050009;Castelfranco di Sotto;050;PI
1925;FI;048;048818;Montopoli in Val d'Arno;;AP;11/12/1925;050022;Montopoli in Val d'Arno;050;PI
1925;FI;048;048827;San Miniato;;AP;11/12/1925;050032;San Miniato;050;PI
1925;FI;048;048828;Santa Croce sull'Arno;;AP;11/12/1925;050033;Santa Croce sull'Arno;050;PI
1925;FI;048;048829;Santa Maria a Monte;;AP;11/12/1925;050035;Santa Maria a Monte;050;PI
1925;PI;050;050803;Bibbona;;AP;11/12/1925;049001;Bibbona;049;LI
1925;PI;050;050804;Campiglia Marittima;;AP;11/12/1925;049002;Campiglia Marittima;049;LI
1925;PI;050;050805;Castagneto Carducci;;AP;11/12/1925;049006;Castagneto Carducci;049;LI
1925;PI;050;050806;Cecina;;AP;11/12/1925;049007;Cecina;049;LI
1925;PI;050;050807;Collesalvetti;;AP;11/12/1925;049008;Collesalvetti;049;LI
1925;PI;050;050808;Piombino;;AP;11/12/1925;049012;Piombino;049;LI
1925;PI;050;050809;Rosignano Marittimo;;AP;11/12/1925;049017;Rosignano Marittimo;049;LI
1925;PI;050;050810;Sassetta;;AP;11/12/1925;049019;Sassetta;049;LI
1925;PI;050;050811;Suvereto;;AP;11/12/1925;049020;Suvereto;049;LI
1924;VI;024;024809;San Giovanni Ilarione;;AP;26/02/1924;023070;San Giovanni Ilarione;023;VR
1924;PL;702;702803;Apriano;;AP;23/02/1924;701801;Apriano;701;FU
1924;PL;702;702804;Berdo San Giovanni;;AP;23/02/1924;701802;Berdo San Giovanni;701;FU
1924;PL;702;702805;Bersezio del Quarnaro;;AP;23/02/1924;701803;Bersezio del Quarnaro;701;FU
1924;PL;702;702806;Bisterza;;AP;23/02/1924;701804;Bisterza;701;FU
1924;PL;702;702807;Castel Iablanizza;;AP;23/02/1924;701702;Castel Iablanizza;701;FU
1924;PL;702;702809;Ceglie;;AP;23/02/1924;701805;Ceglie;701;FU
1924;PL;702;702810;Elsane;;AP;23/02/1924;701705;Elsane;701;FU
1924;PL;702;702811;Fontana del Conte;;AP;23/02/1924;701707;Fontana del Conte;701;FU
1924;PL;702;702812;Laurana;;AP;23/02/1924;701708;Laurana;701;FU
1924;PL;702;702814;Mattuglie;;AP;23/02/1924;701710;Mattuglie;701;FU
1924;PL;702;702815;Monte Chilovi;;AP;23/02/1924;701806;Monte Chilovi;701;FU
1924;PL;702;702816;Primano;;AP;23/02/1924;701712;Primano;701;FU
1924;PL;702;702817;Retacevo in Monte;;AP;23/02/1924;701807;Retacevo in Monte;701;FU
1924;PL;702;702818;Sagoria San Martino;;AP;23/02/1924;701808;Sagoria San Martino;701;FU
1924;PL;702;702819;Smeria;;AP;23/02/1924;701809;Smeria;701;FU
1924;PL;702;702820;Torrenova di Bisterza;;AP;23/02/1924;701810;Torrenova di Bisterza;701;FU
1924;PL;702;702821;Moschiena;;AP;23/02/1924;701711;Moschiena;701;FU
1924;PL;702;702822;Volosca-Abbazia;;AP;23/02/1924;701811;Volosca-Abbazia;701;FU
1923;GE;010;010835;Ameglia;;AP;22/12/1923;011001;Ameglia;011;SP
1923;GE;010;010837;Arcola;;AP;22/12/1923;011002;Arcola;011;SP
1923;GE;010;010844;Beverino;;AP;22/12/1923;011003;Beverino;011;SP
1923;GE;010;010847;Bolano;;AP;22/12/1923;011004;Bolano;011;SP
1923;GE;010;010848;Bonassola;;AP;22/12/1923;011005;Bonassola;011;SP
1923;GE;010;010849;Borghetto di Vara;;AP;22/12/1923;011006;Borghetto di Vara;011;SP
1923;GE;010;010854;Brugnato;;AP;22/12/1923;011007;Brugnato;011;SP
1923;GE;010;010861;Carro;;AP;22/12/1923;011009;Carro;011;SP
1923;GE;010;010862;Carrodano;;AP;22/12/1923;011010;Carrodano;011;SP
1923;GE;010;010865;Castelnuovo Magra;;AP;22/12/1923;011011;Castelnuovo Magra;011;SP
1923;GE;010;010874;Deiva;;AP;22/12/1923;011012;Deiva;011;SP
1923;GE;010;010880;Follo;;AP;22/12/1923;011013;Follo;011;SP
1923;GE;010;010881;Framura;;AP;22/12/1923;011014;Framura;011;SP
1923;GE;010;010885;Spezia;;AP;22/12/1923;011015;Spezia;011;SP
1923;GE;010;010887;Lerici;;AP;22/12/1923;011016;Lerici;011;SP
1923;GE;010;010888;Levanto;;AP;22/12/1923;011017;Levanto;011;SP
1923;GE;010;010891;Maissana;;AP;22/12/1923;011018;Maissana;011;SP
1923;GE;010;010897;Monterosso al Mare;;AP;22/12/1923;011019;Monterosso al Mare;011;SP
1923;GE;010;010904;Ortonovo;;AP;22/12/1923;011020;Ortonovo;011;SP
1923;GE;010;010911;Pignone;;AP;22/12/1923;011021;Pignone;011;SP
1923;GE;010;010914;Portovenere;;AP;22/12/1923;011022;Portovenere;011;SP
1923;GE;010;010918;Riccò del Golfo di Spezia;;AP;22/12/1923;011023;Riccò del Golfo di Spezia;011;SP
1923;GE;010;010919;Riomaggiore;;AP;22/12/1923;011024;Riomaggiore;011;SP
1923;GE;010;010923;Santo Stefano di Magra;;AP;22/12/1923;011026;Santo Stefano di Magra;011;SP
1923;GE;010;010924;Sarzana;;AP;22/12/1923;011027;Sarzana;011;SP
1923;GE;010;010928;Sesta Godano;;AP;22/12/1923;011028;Sesta Godano;011;SP
1923;GE;010;010937;Varese Ligure;;AP;22/12/1923;011029;Varese Ligure;011;SP
1923;GE;010;010941;Vernazza;;AP;22/12/1923;011030;Vernazza;011;SP
1923;GE;010;010942;Vezzano Ligure;;AP;22/12/1923;011031;Vezzano Ligure;011;SP
1923;GE;010;010945;Zignago;;AP;22/12/1923;011032;Zignago;011;SP
1923;MS;045;045804;Calice al Cornoviglio;;AP;22/12/1923;011008;Calice al Cornoviglio;011;SP
1923;MS;045;045817;Rocchetta di Vara;;AP;22/12/1923;011025;Rocchetta di Vara;011;SP
1923;LE;075;075801;Avetrana;;AP;22/12/1923;073001;Avetrana;073;TA
1923;LE;075;075803;Carosino;;AP;22/12/1923;073002;Carosino;073;TA
1923;LE;075;075805;Castellaneta;;AP;22/12/1923;073003;Castellaneta;073;TA
1923;LE;075;075808;Crispiano;;AP;22/12/1923;073004;Crispiano;073;TA
1923;LE;075;075810;Faggiano;;AP;22/12/1923;073005;Faggiano;073;TA
1923;LE;075;075811;Fragagnano;;AP;22/12/1923;073006;Fragagnano;073;TA
1923;LE;075;075813;Ginosa;;AP;22/12/1923;073007;Ginosa;073;TA
1923;LE;075;075814;Grottaglie;;AP;22/12/1923;073008;Grottaglie;073;TA
1923;LE;075;075815;Laterza;;AP;22/12/1923;073009;Laterza;073;TA
1923;LE;075;075817;Leporano;;AP;22/12/1923;073010;Leporano;073;TA
1923;LE;075;075818;Lizzano;;AP;22/12/1923;073011;Lizzano;073;TA
1923;LE;075;075819;Manduria;;AP;22/12/1923;073012;Manduria;073;TA
1923;LE;075;075820;Martina Franca;;AP;22/12/1923;073013;Martina Franca;073;TA
1923;LE;075;075821;Maruggio;;AP;22/12/1923;073014;Maruggio;073;TA
1923;LE;075;075822;Massafra;;AP;22/12/1923;073015;Massafra;073;TA
1923;LE;075;075824;Monteiasi;;AP;22/12/1923;073016;Monteiasi;073;TA
1923;LE;075;075825;Montemesola;;AP;22/12/1923;073017;Montemesola;073;TA
1923;LE;075;075826;Monteparano;;AP;22/12/1923;073018;Monteparano;073;TA
1923;LE;075;075827;Mottola;;AP;22/12/1923;073019;Mottola;073;TA
1923;LE;075;075830;Palagianello;;AP;22/12/1923;073020;Palagianello;073;TA
1923;LE;075;075831;Palagiano;;AP;22/12/1923;073021;Palagiano;073;TA
1923;LE;075;075832;Pulsano;;AP;22/12/1923;073022;Pulsano;073;TA
1923;LE;075;075833;Roccaforzata;;AP;22/12/1923;073023;Roccaforzata;073;TA
1923;LE;075;075835;San Giorgio sotto Taranto;;AP;22/12/1923;073024;San Giorgio sotto Taranto;073;TA
1923;LE;075;075836;San Marzano di San Giuseppe;;AP;22/12/1923;073025;San Marzano di San Giuseppe;073;TA
1923;LE;075;075840;Sava;;AP;22/12/1923;073026;Sava;073;TA
1923;LE;075;075841;Taranto;;AP;22/12/1923;073027;Taranto;073;TA
1923;MS;045;045805;Camporgiano;;AP;14/12/1923;046006;Camporgiano;046;LU
1923;MS;045;045806;Careggine;;AP;14/12/1923;046008;Careggine;046;LU
1923;MS;045;045807;Castelnuovo di Garfagnana;;AP;14/12/1923;046009;Castelnuovo di Garfagnana;046;LU
1923;MS;045;045808;Castiglione di Garfagnana;;AP;14/12/1923;046010;Castiglione di Garfagnana;046;LU
1923;MS;045;045809;Trassilico;;AP;14/12/1923;046012;Trassilico;046;LU
1923;MS;045;045810;Fosciandora;;AP;14/12/1923;046014;Fosciandora;046;LU
1923;MS;045;045811;Gallicano;;AP;14/12/1923;046015;Gallicano;046;LU
1923;MS;045;045812;Giuncugnano;;AP;14/12/1923;046016;Giuncugnano;046;LU
1923;MS;045;045813;Minucciano;;AP;14/12/1923;046019;Minucciano;046;LU
1923;MS;045;045814;Molazzana;;AP;14/12/1923;046020;Molazzana;046;LU
1923;MS;045;045815;Piazza al Serchio;;AP;14/12/1923;046023;Piazza al Serchio;046;LU
1923;MS;045;045816;Pieve Fosciana;;AP;14/12/1923;046025;Pieve Fosciana;046;LU
1923;MS;045;045818;San Romano in Garfagnana;;AP;14/12/1923;046027;San Romano in Garfagnana;046;LU
1923;MS;045;045819;Sillano;;AP;14/12/1923;046029;Sillano;046;LU
1923;MS;045;045820;Vagli Sotto;;AP;14/12/1923;046031;Vagli Sotto;046;LU
1923;MS;045;045821;Vergemoli;;AP;14/12/1923;046032;Vergemoli;046;LU
1923;MS;045;045822;Villa Collemandina;;AP;14/12/1923;046035;Villa Collemandina;046;LU
1923;PC;033;033806;Bardi;;AP;17/10/1923;034002;Bardi;034;PR
1923;PC;033;033807;Boccolo de' Tassi;;AP;17/10/1923;034801;Boccolo de' Tassi;034;PR
1923;PV;018;018128;Romagnese;;AP;01/09/1923;033808;Romagnese;033;PC
1923;PV;018;018132;Ruino;;AP;01/09/1923;033809;Ruino;033;PC
1923;PV;018;018184;Zavattarello;;AP;01/09/1923;033810;Zavattarello;033;PC
1923;PV;018;018893;Bobbio;;AP;01/09/1923;033005;Bobbio;033;PC
1923;PV;018;018894;Caminata;;AP;01/09/1923;033009;Caminata;033;PC
1923;PV;018;018895;Cerignale;;AP;01/09/1923;033015;Cerignale;033;PC
1923;PV;018;018896;Corte Brugnatella;;AP;01/09/1923;033017;Corte Brugnatella;033;PC
1923;PV;018;018897;Fascia;;AP;01/09/1923;010022;Fascia;010;GE
1923;PV;018;018898;Fontanigorda;;AP;01/09/1923;010024;Fontanigorda;010;GE
1923;PV;018;018899;Gorreto;;AP;01/09/1923;010026;Gorreto;010;GE
1923;PV;018;018901;Ottone;;AP;01/09/1923;033030;Ottone;033;PC
1923;PV;018;018902;Rondanina;;AP;01/09/1923;010050;Rondanina;010;GE
1923;PV;018;018903;Rovegno;;AP;01/09/1923;010052;Rovegno;010;GE
1923;PV;018;018904;Trebecco;;AP;01/09/1923;033805;Trebecco;033;PC
1923;PV;018;018905;Zerba;;AP;01/09/1923;033047;Zerba;033;PC
1923;FI;048;048807;Bagno di Romagna;;AP;11/04/1923;040001;Bagno di Romagna;040;FC
1923;FI;048;048809;Terra del Sole e Castrocaro;;AP;11/04/1923;040005;Terra del Sole e Castrocaro;040;FC
1923;FI;048;048811;Dovadola;;AP;11/04/1923;040011;Dovadola;040;FC
1923;FI;048;048812;Galeata;;AP;11/04/1923;040014;Galeata;040;FC
1923;FI;048;048816;Modigliana;;AP;11/04/1923;040022;Modigliana;040;FC
1923;FI;048;048821;Portico e San Benedetto;;AP;11/04/1923;040031;Portico e San Benedetto;040;FC
1923;FI;048;048822;Premilcuore;;AP;11/04/1923;040033;Premilcuore;040;FC
1923;FI;048;048824;Rocca San Casciano;;AP;11/04/1923;040036;Rocca San Casciano;040;FC
1923;FI;048;048830;Santa Sofia;;AP;11/04/1923;040043;Santa Sofia;040;FC
1923;FI;048;048832;Sorbano;;AP;11/04/1923;040804;Sorbano;040;FC
1923;FI;048;048833;Tredozio;;AP;11/04/1923;040049;Tredozio;040;FC
1923;FI;048;048834;Verghereto;;AP;11/04/1923;040050;Verghereto;040;FC
1923;PG;054;054813;Ascrea;;AP;10/04/1923;058810;Ascrea;058;RM
1923;PG;054;054816;Belmonte in Sabina;;AP;10/04/1923;058817;Belmonte in Sabina;058;RM
1923;PG;054;054818;Cantalupo in Sabina;;AP;10/04/1923;058826;Cantalupo in Sabina;058;RM
1923;PG;054;054819;Casaprota;;AP;10/04/1923;058831;Casaprota;058;RM
1923;PG;054;054820;Aspra Sabina;;AP;10/04/1923;058832;Aspra Sabina;058;RM
1923;PG;054;054821;Castel di Tora;;AP;10/04/1923;058834;Castel di Tora;058;RM
1923;PG;054;054824;Castelnuovo di Farfa;;AP;10/04/1923;058837;Castelnuovo di Farfa;058;RM
1923;PG;054;054826;Collalto Sabino;;AP;10/04/1923;058847;Collalto Sabino;058;RM
1923;PG;054;054827;Collegiove;;AP;10/04/1923;058848;Collegiove;058;RM
1923;PG;054;054830;Collevecchio;;AP;10/04/1923;058850;Collevecchio;058;RM
1923;PG;054;054831;Concerviano;;AP;10/04/1923;058851;Concerviano;058;RM
1923;PG;054;054832;Configni;;AP;10/04/1923;058852;Configni;058;RM
1923;PG;054;054833;Contigliano;;AP;10/04/1923;058853;Contigliano;058;RM
1923;PG;054;054834;Cottanello;;AP;10/04/1923;058856;Cottanello;058;RM
1923;PG;054;054836;Fara in Sabina;;AP;10/04/1923;058860;Fara in Sabina;058;RM
1923;PG;054;054839;Forano;;AP;10/04/1923;058866;Forano;058;RM
1923;PG;054;054840;Frasso Sabino;;AP;10/04/1923;058868;Frasso Sabino;058;RM
1923;PG;054;054842;Greccio;;AP;10/04/1923;058876;Greccio;058;RM
1923;PG;054;054844;Labro;;AP;10/04/1923;058882;Labro;058;RM
1923;PG;054;054845;Longone Sabino;;AP;10/04/1923;058886;Longone Sabino;058;RM
1923;PG;054;054847;Magliano Sabina;;AP;10/04/1923;058889;Magliano Sabina;058;RM
1923;PG;054;054848;Marcetelli;;AP;10/04/1923;058890;Marcetelli;058;RM
1923;PG;054;054849;Mompeo;;AP;10/04/1923;058893;Mompeo;058;RM
1923;PG;054;054850;Montasola;;AP;10/04/1923;058895;Montasola;058;RM
1923;PG;054;054851;Monte San Giovanni in Sabina;;AP;10/04/1923;058899;Monte San Giovanni in Sabina;058;RM
1923;PG;054;054852;Montebuono;;AP;10/04/1923;058900;Montebuono;058;RM
1923;PG;054;054857;Monteleone Sabino;;AP;10/04/1923;058902;Monteleone Sabino;058;RM
1923;PG;054;054858;Montenero Sabino;;AP;10/04/1923;058903;Montenero Sabino;058;RM
1923;PG;054;054860;Montopoli di Sabina;;AP;10/04/1923;058905;Montopoli di Sabina;058;RM
1923;PG;054;054861;Morro Reatino;;AP;10/04/1923;058907;Morro Reatino;058;RM
1923;PG;054;054863;Nespolo;;AP;10/04/1923;058909;Nespolo;058;RM
1923;PG;054;054865;Orvinio;;AP;10/04/1923;058914;Orvinio;058;RM
1923;PG;054;054867;Paganico Sabino;;AP;10/04/1923;058915;Paganico Sabino;058;RM
1923;PG;054;054872;Poggio Bustone;;AP;10/04/1923;058921;Poggio Bustone;058;RM
1923;PG;054;054873;Poggio Catino;;AP;10/04/1923;058922;Poggio Catino;058;RM
1923;PG;054;054874;Poggio Fidoni;;AP;10/04/1923;058923;Poggio Fidoni;058;RM
1923;PG;054;054875;Poggio Mirteto;;AP;10/04/1923;058924;Poggio Mirteto;058;RM
1923;PG;054;054876;Poggio Moiano;;AP;10/04/1923;058925;Poggio Moiano;058;RM
1923;PG;054;054877;Poggio Nativo;;AP;10/04/1923;058926;Poggio Nativo;058;RM
1923;PG;054;054878;Poggio San Lorenzo;;AP;10/04/1923;058927;Poggio San Lorenzo;058;RM
1923;PG;054;054881;Pozzaglia Sabino;;AP;10/04/1923;058928;Pozzaglia Sabino;058;RM
1923;PG;054;054882;Rieti;;AP;10/04/1923;058932;Rieti;058;RM
1923;PG;054;054883;Rivodutri;;AP;10/04/1923;058934;Rivodutri;058;RM
1923;PG;054;054884;Rocca Sinibalda;;AP;10/04/1923;058936;Rocca Sinibalda;058;RM
1923;PG;054;054885;Roccantica;;AP;10/04/1923;058939;Roccantica;058;RM
1923;PG;054;054886;Salisano;;AP;10/04/1923;058943;Salisano;058;RM
1923;PG;054;054890;Scandriglia;;AP;10/04/1923;058949;Scandriglia;058;RM
1923;PG;054;054891;Selci;;AP;10/04/1923;058950;Selci;058;RM
1923;PG;054;054892;Stimigliano;;AP;10/04/1923;058959;Stimigliano;058;RM
1923;PG;054;054894;Tarano;;AP;10/04/1923;058963;Tarano;058;RM
1923;PG;054;054896;Toffia;;AP;10/04/1923;058967;Toffia;058;RM
1923;PG;054;054898;Torri in Sabina;;AP;10/04/1923;058969;Torri in Sabina;058;RM
1923;PG;054;054899;Torricella in Sabina;;AP;10/04/1923;058971;Torricella in Sabina;058;RM
1923;PG;054;054900;Petescia;;AP;10/04/1923;058974;Petescia;058;RM
1923;PG;054;054901;Vacone;;AP;10/04/1923;058976;Vacone;058;RM
1923;PG;054;054902;Varco Sabino;;AP;10/04/1923;058980;Varco Sabino;058;RM
1923;TN;802;802001;Acereto/Ahornach;Ahornach;AP;14/02/1923;022943;Acereto/Ahornach;022;TN
1923;TN;802;802002;Agrone;;AP;14/02/1923;022801;Agrone;022;TN
1923;TN;802;802003;Ala;;AP;14/02/1923;022001;Ala;022;TN
1923;TN;802;802004;Albes/Albeins;Albeins;AP;14/02/1923;022944;Albes/Albeins;022;TN
1923;TN;802;802005;Albiano;;AP;14/02/1923;022002;Albiano;022;TN
1923;TN;802;802006;Aldeno;;AP;14/02/1923;022003;Aldeno;022;TN
1923;TN;802;802007;Valdagno/Aldein;Aldein;AP;14/02/1923;022945;Valdagno/Aldein;022;TN
1923;TN;802;802008;Alliz/Allitz;Allitz;AP;14/02/1923;022946;Alliz/Allitz;022;TN
1923;TN;802;802009;Almazzago;;AP;14/02/1923;022802;Almazzago;022;TN
1923;TN;802;802010;Amblar;;AP;14/02/1923;022004;Amblar;022;TN
1923;TN;802;802011;Andalo;;AP;14/02/1923;022005;Andalo;022;TN
1923;TN;802;802012;Andogno;;AP;14/02/1923;022803;Andogno;022;TN
1923;TN;802;802013;Andriano/Andrian;Andrian;AP;14/02/1923;022947;Andriano/Andrian;022;TN
1923;TN;802;802014;Anterivo/Altrei;Altrei;AP;14/02/1923;022948;Anterivo/Altrei;022;TN
1923;TN;802;802015;Anterselva/Anthoiz;Anthoiz;AP;14/02/1923;022949;Anterselva/Anthoiz;022;TN
1923;TN;802;802016;Appiano/Eppan;Eppan;AP;14/02/1923;022950;Appiano/Eppan;022;TN
1923;TN;802;802017;Arco;;AP;14/02/1923;022006;Arco;022;TN
1923;TN;802;802018;Armo;;AP;14/02/1923;017804;Armo;022;TN
1923;TN;802;802019;Arnago;;AP;14/02/1923;022804;Arnago;022;TN
1923;TN;802;802020;Aveligna/Hafling;Hafling;AP;14/02/1923;022951;Aveligna/Hafling;022;TN
1923;TN;802;802021;Avio;;AP;14/02/1923;022007;Avio;022;TN
1923;TN;802;802022;Badia/Abtei;Abtei;AP;14/02/1923;022952;Badia/Abtei;022;TN
1923;TN;802;802023;Banco;;AP;14/02/1923;022008;Banco;022;TN
1923;TN;802;802024;Barbiano/Barbian;Barbian;AP;14/02/1923;022953;Barbiano/Barbian;022;TN
1923;TN;802;802025;Baselga di Pinè;;AP;14/02/1923;022009;Baselga di Pinè;022;TN
1923;TN;802;802026;Baselga;;AP;14/02/1923;022010;Baselga;022;TN
1923;TN;802;802027;Bedollo;;AP;14/02/1923;022011;Bedollo;022;TN
1923;TN;802;802028;Bersone;;AP;14/02/1923;022012;Bersone;022;TN
1923;TN;802;802029;Besenello;;AP;14/02/1923;022013;Besenello;022;TN
1923;TN;802;802030;Bezzecca;;AP;14/02/1923;022014;Bezzecca;022;TN
1923;TN;802;802031;Biacesa;;AP;14/02/1923;022806;Biacesa;022;TN
1923;TN;802;802032;Bieno;;AP;14/02/1923;022015;Bieno;022;TN
1923;TN;802;802033;Bleggio Inferiore;;AP;14/02/1923;022016;Bleggio Inferiore;022;TN
1923;TN;802;802034;Bleggio Superiore;;AP;14/02/1923;022017;Bleggio Superiore;022;TN
1923;TN;802;802035;Bocenago;;AP;14/02/1923;022018;Bocenago;022;TN
1923;TN;802;802036;Bolbeno;;AP;14/02/1923;022019;Bolbeno;022;TN
1923;TN;802;802037;Bolentina;;AP;14/02/1923;022808;Bolentina;022;TN
1923;TN;802;802038;Bollone;;AP;14/02/1923;017808;Bollone;022;TN
1923;TN;802;802039;Bolzano/Bozen;Bozen;AP;14/02/1923;022954;Bolzano/Bozen;022;TN
1923;TN;802;802040;Bondo;;AP;14/02/1923;022020;Bondo;022;TN
1923;TN;802;802041;Bondone;;AP;14/02/1923;022021;Bondone;022;TN
1923;TN;802;802042;Borghetto;;AP;14/02/1923;022810;Borghetto;022;TN
1923;TN;802;802043;Borgo Valsugana;;AP;14/02/1923;022022;Borgo Valsugana;022;TN
1923;TN;802;802044;Borzago;;AP;14/02/1923;022811;Borzago;022;TN
1923;TN;802;802045;Bosentino;;AP;14/02/1923;022023;Bosentino;022;TN
1923;TN;802;802046;Bozzana;;AP;14/02/1923;022812;Bozzana;022;TN
1923;TN;802;802047;Braies/Prags;Prags;AP;14/02/1923;022955;Braies/Prags;022;TN
1923;TN;802;802048;Breguzzo;;AP;14/02/1923;022024;Breguzzo;022;TN
1923;TN;802;802049;Colle Isarco/Gossensass;Gossensass;AP;14/02/1923;022956;Colle Isarco/Gossensass;022;TN
1923;TN;802;802050;Brentonico;;AP;14/02/1923;022025;Brentonico;022;TN
1923;TN;802;802051;Bresimo;;AP;14/02/1923;022026;Bresimo;022;TN
1923;TN;802;802052;Bressanone/Brixen;Brixen;AP;14/02/1923;022957;Bressanone/Brixen;022;TN
1923;TN;802;802053;Brez;;AP;14/02/1923;022027;Brez;022;TN
1923;TN;802;802054;Brione;;AP;14/02/1923;022028;Brione;022;TN
1923;TN;802;802055;Bronzolo/Branzoll;Branzoll;AP;14/02/1923;022958;Bronzolo/Branzoll;022;TN
1923;TN;802;802056;Brunico/Bruneck;Bruneck;AP;14/02/1923;022959;Brunico/Bruneck;022;TN
1923;TN;802;802057;Burgusio/Burgeis;Burgeis;AP;14/02/1923;022960;Burgusio/Burgeis;022;TN
1923;TN;802;802058;Caderzone;;AP;14/02/1923;022029;Caderzone;022;TN
1923;TN;802;802059;Cadine;;AP;14/02/1923;022813;Cadine;022;TN
1923;TN;802;802060;Cagnò;;AP;14/02/1923;022030;Cagnò;022;TN
1923;TN;802;802061;Caines/Kuens;Kuens;AP;14/02/1923;022961;Caines/Kuens;022;TN
1923;TN;802;802062;Calavino;;AP;14/02/1923;022031;Calavino;022;TN
1923;TN;802;802063;Calcerànica;;AP;14/02/1923;022032;Calcerànica;022;TN
1923;TN;802;802064;Caldaro/Kaltern;Kaltern;AP;14/02/1923;022962;Caldaro/Kaltern;022;TN
1923;TN;802;802065;Caldes;;AP;14/02/1923;022033;Caldes;022;TN
1923;TN;802;802066;Caldonazzo;;AP;14/02/1923;022034;Caldonazzo;022;TN
1923;TN;802;802067;Calliano;;AP;14/02/1923;022035;Calliano;022;TN
1923;TN;802;802068;Caminata in Tures/Kematen;Kematen;AP;14/02/1923;022963;Caminata in Tures/Kematen;022;TN
1923;TN;802;802069;Campitello;;AP;14/02/1923;022036;Campitello;022;TN
1923;TN;802;802070;Campo;;AP;14/02/1923;022815;Campo;022;TN
1923;TN;802;802071;Campo Tures/Sand in Taufers;Sand in Taufers;AP;14/02/1923;022964;Campo Tures/Sand in Taufers;022;TN
1923;TN;802;802072;Campodenno;;AP;14/02/1923;022037;Campodenno;022;TN
1923;TN;802;802073;Canal San Bovo;;AP;14/02/1923;022038;Canal San Bovo;022;TN
1923;TN;802;802074;Canazei;;AP;14/02/1923;022039;Canazei;022;TN
1923;TN;802;802075;Canezza;;AP;14/02/1923;022816;Canezza;022;TN
1923;TN;802;802076;Capriana;;AP;14/02/1923;022040;Capriana;022;TN
1923;TN;802;802077;Carano;;AP;14/02/1923;022041;Carano;022;TN
1923;TN;802;802078;Carciato;;AP;14/02/1923;022817;Carciato;022;TN
1923;TN;802;802079;Carisolo;;AP;14/02/1923;022042;Carisolo;022;TN
1923;TN;802;802080;Carzano;;AP;14/02/1923;022043;Carzano;022;TN
1923;TN;802;802081;Casez;;AP;14/02/1923;022044;Casez;022;TN
1923;TN;802;802082;Casotto;;AP;14/02/1923;022965;Casotto;022;TN
1923;TN;802;802083;Castagnè;;AP;14/02/1923;022818;Castagnè;022;TN
1923;TN;802;802084;Castello;;AP;14/02/1923;022045;Castello;022;TN
1923;TN;802;802085;Castelbello/Kastelbell;Kastelbell;AP;14/02/1923;022966;Castelbello/Kastelbell;022;TN
1923;TN;802;802086;Castello di Pusteria/Ehrenburg;Ehrenburg;AP;14/02/1923;022967;Castello di Pusteria/Ehrenburg;022;TN
1923;TN;802;802087;Castelfondo;;AP;14/02/1923;022046;Castelfondo;022;TN
1923;TN;802;802088;Castellano;;AP;14/02/1923;022819;Castellano;022;TN
1923;TN;802;802089;Castello;;AP;14/02/1923;022820;Castello;022;TN
1923;TN;802;802090;Castello Tesino;;AP;14/02/1923;022048;Castello Tesino;022;TN
1923;TN;802;802091;Castello di Fiemme;;AP;14/02/1923;022047;Castello di Fiemme;022;TN
1923;TN;802;802092;Castelnuovo;;AP;14/02/1923;022049;Castelnuovo;022;TN
1923;TN;802;802093;Castelrotto/Kastelruth;Kastelruth;AP;14/02/1923;022968;Castelrotto/Kastelruth;022;TN
1923;TN;802;802094;Cauria/Gfrill;Gfrill;AP;14/02/1923;021809;Cauria/Gfrill;022;TN
1923;TN;802;802095;Cavalese;;AP;14/02/1923;022050;Cavalese;022;TN
1923;TN;802;802096;Cavareno;;AP;14/02/1923;022051;Cavareno;022;TN
1923;TN;802;802097;Cavedago;;AP;14/02/1923;022052;Cavedago;022;TN
1923;TN;802;802098;Cavedine;;AP;14/02/1923;022053;Cavedine;022;TN
1923;TN;802;802099;Cavizzana;;AP;14/02/1923;022054;Cavizzana;022;TN
1923;TN;802;802100;Celentino;;AP;14/02/1923;022821;Celentino;022;TN
1923;TN;802;802101;Celledizzo;;AP;14/02/1923;022814;Celledizzo;022;TN
1923;TN;802;802102;Cembra;;AP;14/02/1923;022055;Cembra;022;TN
1923;TN;802;802103;Cengles/Tschengls;Tschengls;AP;14/02/1923;022969;Cengles/Tschengls;022;TN
1923;TN;802;802104;Centa San Nicolò;;AP;14/02/1923;022056;Centa San Nicolò;022;TN
1923;TN;802;802105;Acernes/Tscherms;Tscherms;AP;14/02/1923;022970;Acernes/Tscherms;022;TN
1923;TN;802;802106;Zedes/Tshöfs;Tshöfs;AP;14/02/1923;022971;Zedes/Tshöfs;022;TN
1923;TN;802;802107;Chienes/Kiens;Kiens;AP;14/02/1923;022972;Chienes/Kiens;022;TN
1923;TN;802;802108;Chienis;;AP;14/02/1923;022822;Chienis;022;TN
1923;TN;802;802109;Chiusa all'Isarco/Klausen;Klausen;AP;14/02/1923;022973;Chiusa all'Isarco/Klausen;022;TN
1923;TN;802;802110;Chizzola;;AP;14/02/1923;022823;Chizzola;022;TN
1923;TN;802;802111;Ciago;;AP;14/02/1923;022824;Ciago;022;TN
1923;TN;802;802112;Ciars/Tschars;Tschars;AP;14/02/1923;022974;Ciars/Tschars;022;TN
1923;TN;802;802113;Cimego;;AP;14/02/1923;022057;Cimego;022;TN
1923;TN;802;802114;Cimone;;AP;14/02/1923;022058;Cimone;022;TN
1923;TN;802;802115;Cinte Tesino;;AP;14/02/1923;022059;Cinte Tesino;022;TN
1923;TN;802;802116;Cis;;AP;14/02/1923;022060;Cis;022;TN
1923;TN;802;802117;Civezzano;;AP;14/02/1923;022061;Civezzano;022;TN
1923;TN;802;802118;Cles;;AP;14/02/1923;022062;Cles;022;TN
1923;TN;802;802119;Cloz;;AP;14/02/1923;022063;Cloz;022;TN
1923;TN;802;802120;Clusio/Schleis;Schleis;AP;14/02/1923;022975;Clusio/Schleis;022;TN
1923;TN;802;802121;Cognola;;AP;14/02/1923;022825;Cognola;022;TN
1923;TN;802;802122;Cogolo;;AP;14/02/1923;022826;Cogolo;022;TN
1923;TN;802;802123;Colderano/Goldrain;Goldrain;AP;14/02/1923;022976;Colderano/Goldrain;022;TN
1923;TN;802;802124;Colfosco/Colfosco;Colfosco;AP;14/02/1923;021815;Colfosco/Colfosco;022;TN
1923;TN;802;802125;Colle in Casies/Pichl in Gsies;Pichl in Gsies;AP;14/02/1923;022977;Colle in Casies/Pichl in Gsies;022;TN
1923;TN;802;802126;Colle Santa Lucia;;AP;14/02/1923;025014;Colle Santa Lucia;025;BL
1923;TN;802;802127;Colli in Pusteria/Pichlern;Pichlern;AP;14/02/1923;022978;Colli in Pusteria/Pichlern;022;TN
1923;TN;802;802128;Cologna in Giudicarie;;AP;14/02/1923;022827;Cologna in Giudicarie;022;TN
1923;TN;802;802129;Cologna-Gavazzo;;AP;14/02/1923;022828;Cologna-Gavazzo;022;TN
1923;TN;802;802130;Colsano/Galsaun;Galsaun;AP;14/02/1923;022979;Colsano/Galsaun;022;TN
1923;TN;802;802131;Comano;;AP;14/02/1923;022829;Comano;022;TN
1923;TN;802;802132;Comasine;;AP;14/02/1923;022830;Comasine;022;TN
1923;TN;802;802133;Condino;;AP;14/02/1923;022066;Condino;022;TN
1923;TN;802;802134;Coredo;;AP;14/02/1923;022067;Coredo;022;TN
1923;TN;802;802135;Carnedo/Karneid;Karneid;AP;14/02/1923;022980;Carnedo/Karneid;022;TN
1923;TN;802;802136;Cortaccia/Kurtatsch;Kurtatsch;AP;14/02/1923;022981;Cortaccia/Kurtatsch;022;TN
1923;TN;802;802137;Corte in Pusteria/Hofern;Hofern;AP;14/02/1923;022982;Corte in Pusteria/Hofern;022;TN
1923;TN;802;802138;Ampezzo;;AP;14/02/1923;025016;Ampezzo;025;BL
1923;TN;802;802139;Cortina all'Adige/Kurtinig;Kurtinig;AP;14/02/1923;022983;Cortina all'Adige/Kurtinig;022;TN
1923;TN;802;802140;Corvara in Badia/Corvara;Corvara;AP;14/02/1923;022984;Corvara in Badia/Corvara;022;TN
1923;TN;802;802141;Corvara in Passiria/Rabenstein;Rabenstein;AP;14/02/1923;022985;Corvara in Passiria/Rabenstein;022;TN
1923;TN;802;802142;Corzes/Kortsch;Kortsch;AP;14/02/1923;022986;Corzes/Kortsch;022;TN
1923;TN;802;802143;Costasavina;;AP;14/02/1923;022831;Costasavina;022;TN
1923;TN;802;802144;Cavolano/Göflan;Göflan;AP;14/02/1923;022987;Cavolano/Göflan;022;TN
1923;TN;802;802145;Covelo;;AP;14/02/1923;022832;Covelo;022;TN
1923;TN;802;802146;Creto;;AP;14/02/1923;022833;Creto;022;TN
1923;TN;802;802147;Croviana;;AP;14/02/1923;022068;Croviana;022;TN
1923;TN;802;802148;Cunevo;;AP;14/02/1923;022069;Cunevo;022;TN
1923;TN;802;802149;Corona alla Muta/Graun;Graun;AP;14/02/1923;022988;Corona alla Muta/Graun;022;TN
1923;TN;802;802150;Daiano;;AP;14/02/1923;022070;Daiano;022;TN
1923;TN;802;802151;Dambel;;AP;14/02/1923;022071;Dambel;022;TN
1923;TN;802;802152;Daone;;AP;14/02/1923;022072;Daone;022;TN
1923;TN;802;802153;Dardine;;AP;14/02/1923;022834;Dardine;022;TN
1923;TN;802;802154;Darè;;AP;14/02/1923;022073;Darè;022;TN
1923;TN;802;802155;Darzo;;AP;14/02/1923;022835;Darzo;022;TN
1923;TN;802;802156;Deggiano;;AP;14/02/1923;022836;Deggiano;022;TN
1923;TN;802;802157;Denno;;AP;14/02/1923;022074;Denno;022;TN
1923;TN;802;802158;Dercolo;;AP;14/02/1923;022837;Dercolo;022;TN
1923;TN;802;802159;Dermulo;;AP;14/02/1923;022838;Dermulo;022;TN
1923;TN;802;802160;Dimaro;;AP;14/02/1923;022075;Dimaro;022;TN
1923;TN;802;802161;Dobbiaco/Toblach;Toblach;AP;14/02/1923;022989;Dobbiaco/Toblach;022;TN
1923;TN;802;802162;Don;;AP;14/02/1923;022076;Don;022;TN
1923;TN;802;802163;Dorsino;;AP;14/02/1923;022077;Dorsino;022;TN
1923;TN;802;802164;Drena;;AP;14/02/1923;022078;Drena;022;TN
1923;TN;802;802165;Dro;;AP;14/02/1923;022079;Dro;022;TN
1923;TN;802;802166;Egna/Neumarkt;Neumarkt;AP;14/02/1923;022990;Egna/Neumarkt;022;TN
1923;TN;802;802167;Elle/Ellen;Ellen;AP;14/02/1923;022991;Elle/Ellen;022;TN
1923;TN;802;802168;Enguiso;;AP;14/02/1923;022839;Enguiso;022;TN
1923;TN;802;802169;Eores/Afers;Afers;AP;14/02/1923;022992;Eores/Afers;022;TN
1923;TN;802;802170;Faedo;;AP;14/02/1923;022080;Faedo;022;TN
1923;TN;802;802171;Fai;;AP;14/02/1923;022081;Fai;022;TN
1923;TN;802;802172;Falesina;;AP;14/02/1923;022840;Falesina;022;TN
1923;TN;802;802173;Falzes/Pfalzen;Pfalzen;AP;14/02/1923;022993;Falzes/Pfalzen;022;TN
1923;TN;802;802174;Faver;;AP;14/02/1923;022082;Faver;022;TN
1923;TN;802;802175;Favogna di Sotto/Unterfennberg;Unterfennberg;AP;14/02/1923;021826;Favogna di Sotto/Unterfennberg;022;TN
1923;TN;802;802176;Fiavè;;AP;14/02/1923;022083;Fiavè;022;TN
1923;TN;802;802177;Fiè/Völs;Völs;AP;14/02/1923;022995;Fiè/Völs;022;TN
1923;TN;802;802178;Fiera di Primiero;;AP;14/02/1923;022084;Fiera di Primiero;022;TN
1923;TN;802;802179;Fierozzo;;AP;14/02/1923;022085;Fierozzo;022;TN
1923;TN;802;802180;Fisto;;AP;14/02/1923;022841;Fisto;022;TN
1923;TN;802;802181;Flavon;;AP;14/02/1923;022086;Flavon;022;TN
1923;TN;802;802182;Fleres/Pflersch;Pflersch;AP;14/02/1923;022996;Fleres/Pflersch;022;TN
1923;TN;802;802183;Foiana/Völlan;Völlan;AP;14/02/1923;022997;Foiana/Völlan;022;TN
1923;TN;802;802184;Folgaria;;AP;14/02/1923;022087;Folgaria;022;TN
1923;TN;802;802185;Fondo;;AP;14/02/1923;022088;Fondo;022;TN
1923;TN;802;802186;Fornace;;AP;14/02/1923;022089;Fornace;022;TN
1923;TN;802;802187;Forno;;AP;14/02/1923;022842;Forno;022;TN
1923;TN;802;802188;Mezzaselva all'Isarco/Mittewald Am Eisak;Mittewald Am Eisak;AP;14/02/1923;022998;Mezzaselva all'Isarco/Mittewald Am Eisak;022;TN
1923;TN;802;802189;Frassilongo;;AP;14/02/1923;022090;Frassilongo;022;TN
1923;TN;802;802190;Fraveggio;;AP;14/02/1923;022843;Fraveggio;022;TN
1923;TN;802;802191;Fundoles/Pfunders;Pfunders;AP;14/02/1923;022999;Fundoles/Pfunders;022;TN
1923;TN;802;802192;Funes/Villnöß;Villnöß;AP;14/02/1923;022400;Funes/Villnöß;022;TN
1923;TN;802;802193;Gais/Gais;Gais;AP;14/02/1923;022401;Gais/Gais;022;TN
1923;TN;802;802194;Gardolo al Piano;;AP;14/02/1923;022844;Gardolo al Piano;022;TN
1923;TN;802;802195;Gargazzone/Gargazon;Gargazon;AP;14/02/1923;022402;Gargazzone/Gargazon;022;TN
1923;TN;802;802196;Garniga;;AP;14/02/1923;022091;Garniga;022;TN
1923;TN;802;802197;Giovo;;AP;14/02/1923;022092;Giovo;022;TN
1923;TN;802;802198;Giustino;;AP;14/02/1923;022093;Giustino;022;TN
1923;TN;802;802199;Glorenza/Glurns;Glurns;AP;14/02/1923;022403;Glorenza/Glurns;022;TN
1923;TN;802;802200;Grauno;;AP;14/02/1923;022094;Grauno;022;TN
1923;TN;802;802201;Grìes di Bolzano/Gries;Gries;AP;14/02/1923;021830;Grìes di Bolzano/Gries;022;TN
1923;TN;802;802202;Grigno;;AP;14/02/1923;022095;Grigno;022;TN
1923;TN;802;802203;Villa in Selva/Greinwalden;Greinwalden;AP;14/02/1923;022404;Villa in Selva/Greinwalden;022;TN
1923;TN;802;802204;Grumes;;AP;14/02/1923;022096;Grumes;022;TN
1923;TN;802;802205;Grumo;;AP;14/02/1923;022845;Grumo;022;TN
1923;TN;802;802206;Gudon/Gufidaun;Gufidaun;AP;14/02/1923;022405;Gudon/Gufidaun;022;TN
1923;TN;802;802207;Iavrè;;AP;14/02/1923;022846;Iavrè;022;TN
1923;TN;802;802208;Imer;;AP;14/02/1923;022097;Imer;022;TN
1923;TN;802;802209;Ischia;;AP;14/02/1923;022847;Ischia;022;TN
1923;TN;802;802210;Isera;;AP;14/02/1923;022098;Isera;022;TN
1923;TN;802;802211;Cissico/Issing;Issing;AP;14/02/1923;022406;Cissico/Issing;022;TN
1923;TN;802;802212;Ivano-Fracena;;AP;14/02/1923;022099;Ivano-Fracena;022;TN
1923;TN;802;802213;La Valle/Wengen;Wengen;AP;14/02/1923;022407;La Valle/Wengen;022;TN
1923;TN;802;802214;Laces/Latsch;Latsch;AP;14/02/1923;022408;Laces/Latsch;022;TN
1923;TN;802;802215;Lacigno/Latschinig;Latschinig;AP;14/02/1923;022409;Lacigno/Latschinig;022;TN
1923;TN;802;802216;Lagundo/Algund;Algund;AP;14/02/1923;022410;Lagundo/Algund;022;TN
1923;TN;802;802217;Laion/Lajen;Lajen;AP;14/02/1923;022411;Laion/Lajen;022;TN
1923;TN;802;802218;Laives/Leifers;Leifers;AP;14/02/1923;022412;Laives/Leifers;022;TN
1923;TN;802;802219;Lana/Lana;Lana;AP;14/02/1923;022413;Lana/Lana;022;TN
1923;TN;802;802220;Lappago/Lappach;Lappach;AP;14/02/1923;022414;Lappago/Lappach;022;TN
1923;TN;802;802221;Lardaro;;AP;14/02/1923;022100;Lardaro;022;TN
1923;TN;802;802222;Lasa/Laas;Laas;AP;14/02/1923;022415;Lasa/Laas;022;TN
1923;TN;802;802223;Lasino;;AP;14/02/1923;022101;Lasino;022;TN
1923;TN;802;802224;Laudes/Laatsch;Laatsch;AP;14/02/1923;022416;Laudes/Laatsch;022;TN
1923;TN;802;802225;Lauregno/Laurein;Laurein;AP;14/02/1923;022417;Lauregno/Laurein;022;TN
1923;TN;802;802226;Lavarone;;AP;14/02/1923;022102;Lavarone;022;TN
1923;TN;802;802227;Lavis;;AP;14/02/1923;022103;Lavis;022;TN
1923;TN;802;802228;Lazfons/Latzfons;Latzfons;AP;14/02/1923;022418;Lazfons/Latzfons;022;TN
1923;TN;802;802229;Legos;;AP;14/02/1923;022848;Legos;022;TN
1923;TN;802;802230;Lenzima;;AP;14/02/1923;022849;Lenzima;022;TN
1923;TN;802;802231;Lenzumo;;AP;14/02/1923;022850;Lenzumo;022;TN
1923;TN;802;802232;Lévico;;AP;14/02/1923;022104;Lévico;022;TN
1923;TN;802;802233;Lisignago;;AP;14/02/1923;022105;Lisignago;022;TN
1923;TN;802;802234;Livinallongo;;AP;14/02/1923;025030;Livinallongo;025;BL
1923;TN;802;802235;Livo;;AP;14/02/1923;022106;Livo;022;TN
1923;TN;802;802236;Lizzana;;AP;14/02/1923;022851;Lizzana;022;TN
1923;TN;802;802237;Locca;;AP;14/02/1923;022852;Locca;022;TN
1923;TN;802;802238;Lodrone;;AP;14/02/1923;022853;Lodrone;022;TN
1923;TN;802;802239;Lon;;AP;14/02/1923;022854;Lon;022;TN
1923;TN;802;802240;Lona-Lases;;AP;14/02/1923;022108;Lona-Lases;022;TN
1923;TN;802;802241;Longiarù/Campill;Campill;AP;14/02/1923;022419;Longiarù/Campill;022;TN
1923;TN;802;802242;Lover;;AP;14/02/1923;022855;Lover;022;TN
1923;TN;802;802243;Lundo;;AP;14/02/1923;022856;Lundo;022;TN
1923;TN;802;802244;Luserna;;AP;14/02/1923;022109;Luserna;022;TN
1923;TN;802;802245;Luson/Lüsen;Lüsen;AP;14/02/1923;022420;Luson/Lüsen;022;TN
1923;TN;802;802246;Lutago/Luttach;Luttach;AP;14/02/1923;022421;Lutago/Luttach;022;TN
1923;TN;802;802247;Madrano;;AP;14/02/1923;022857;Madrano;022;TN
1923;TN;802;802248;Magasa;;AP;14/02/1923;022422;Magasa;022;TN
1923;TN;802;802249;Magras;;AP;14/02/1923;022859;Magras;022;TN
1923;TN;802;802250;Magrè/Margreid;Margreid;AP;14/02/1923;021840;Magrè/Margreid;022;TN
1923;TN;802;802251;Maia Alta/Obermais;Obermais;AP;14/02/1923;021841;Maia Alta/Obermais;022;TN
1923;TN;802;802252;Maia Bassa/Untermais;Untermais;AP;14/02/1923;021842;Maia Bassa/Untermais;022;TN
1923;TN;802;802253;Malé;;AP;14/02/1923;022110;Malé;022;TN
1923;TN;802;802254;Salter-Malgolo;;AP;14/02/1923;022860;Salter-Malgolo;022;TN
1923;TN;802;802255;Malles/Mals;Mals;AP;14/02/1923;022425;Malles/Mals;022;TN
1923;TN;802;802256;Malosco;;AP;14/02/1923;022111;Malosco;022;TN
1923;TN;802;802257;Montale in Pusteria/Monthal;Monthal;AP;14/02/1923;022426;Montale in Pusteria/Monthal;022;TN
1923;TN;802;802258;Manzano;;AP;14/02/1923;022861;Manzano;022;TN
1923;TN;802;802259;Marano;;AP;14/02/1923;022862;Marano;022;TN
1923;TN;802;802260;Maranza in Pusteria/Meransen;Meransen;AP;14/02/1923;022427;Maranza in Pusteria/Meransen;022;TN
1923;TN;802;802261;Marco;;AP;14/02/1923;022863;Marco;022;TN
1923;TN;802;802262;Marebbe/Enneberg;Enneberg;AP;14/02/1923;022428;Marebbe/Enneberg;022;TN
1923;TN;802;802263;Mareta/Mareit;Mareit;AP;14/02/1923;022429;Mareta/Mareit;022;TN
1923;TN;802;802264;Margone;;AP;14/02/1923;022864;Margone;022;TN
1923;TN;802;802265;Marlengo/Marling;Marling;AP;14/02/1923;022430;Marlengo/Marling;022;TN
1923;TN;802;802266;Martello/Martell;Martell;AP;14/02/1923;022431;Martello/Martell;022;TN
1923;TN;802;802267;Masi di Vigo;;AP;14/02/1923;022865;Masi di Vigo;022;TN
1923;TN;802;802268;Massimeno;;AP;14/02/1923;022112;Massimeno;022;TN
1923;TN;802;802269;Mastellina;;AP;14/02/1923;022866;Mastellina;022;TN
1923;TN;802;802270;Mattarello;;AP;14/02/1923;022867;Mattarello;022;TN
1923;TN;802;802271;Mazia/Matsch;Matsch;AP;14/02/1923;022432;Mazia/Matsch;022;TN
1923;TN;802;802272;Mazzin;;AP;14/02/1923;022113;Mazzin;022;TN
1923;TN;802;802273;Meano;;AP;14/02/1923;022868;Meano;022;TN
1923;TN;802;802274;Mechel;;AP;14/02/1923;022869;Mechel;022;TN
1923;TN;802;802275;Meltina/Mölten;Mölten;AP;14/02/1923;022433;Meltina/Mölten;022;TN
1923;TN;802;802276;Merano/Meran;Meran;AP;14/02/1923;022434;Merano/Meran;022;TN
1923;TN;802;802277;Mestriago;;AP;14/02/1923;022870;Mestriago;022;TN
1923;TN;802;802278;Mezzana;;AP;14/02/1923;022114;Mezzana;022;TN
1923;TN;802;802279;Mezzano;;AP;14/02/1923;022115;Mezzano;022;TN
1923;TN;802;802280;Mezzocorona;;AP;14/02/1923;022116;Mezzocorona;022;TN
1923;TN;802;802281;Mezzolago;;AP;14/02/1923;022872;Mezzolago;022;TN
1923;TN;802;802282;Mezzolombardo;;AP;14/02/1923;022117;Mezzolombardo;022;TN
1923;TN;802;802283;Millan-Sarnes/Milland-Sarns;Milland-Sarns;AP;14/02/1923;022435;Millan-Sarnes/Milland-Sarns;022;TN
1923;TN;802;802284;Miola;;AP;14/02/1923;022873;Miola;022;TN
1923;TN;802;802285;Moena;;AP;14/02/1923;022118;Moena;022;TN
1923;TN;802;802286;Moerna;;AP;14/02/1923;017860;Moerna;022;TN
1923;TN;802;802287;Molina di Ledro;;AP;14/02/1923;022119;Molina di Ledro;022;TN
1923;TN;802;802288;Molini di Tures/Mühlen;Mühlen;AP;14/02/1923;022436;Molini di Tures/Mühlen;022;TN
1923;TN;802;802289;Mollaro;;AP;14/02/1923;022874;Mollaro;022;TN
1923;TN;802;802290;Molveno;;AP;14/02/1923;022120;Molveno;022;TN
1923;TN;802;802291;Monclassico;;AP;14/02/1923;022121;Monclassico;022;TN
1923;TN;802;802292;Monghezzo Esterno/Getzenberg;Getzenberg;AP;14/02/1923;022437;Monghezzo Esterno/Getzenberg;022;TN
1923;TN;802;802293;Monguelfo/Welsberg;Welsberg;AP;14/02/1923;022438;Monguelfo/Welsberg;022;TN
1923;TN;802;802294;Montagna/Montan;Montan;AP;14/02/1923;022439;Montagna/Montan;022;TN
1923;TN;802;802295;Montagne;;AP;14/02/1923;022122;Montagne;022;TN
1923;TN;802;802296;Montassilo/Tesselberg;Tesselberg;AP;14/02/1923;022440;Montassilo/Tesselberg;022;TN
1923;TN;802;802297;Monte a Mezzodì/Sonnenberg;Sonnenberg;AP;14/02/1923;022441;Monte a Mezzodì/Sonnenberg;022;TN
1923;TN;802;802298;Monte a Tramontana/Nordersberg;Nordersberg;AP;14/02/1923;022442;Monte a Tramontana/Nordersberg;022;TN
1923;TN;802;802299;Monte San Candido/Innichberg;Innichberg;AP;14/02/1923;022443;Monte San Candido/Innichberg;022;TN
1923;TN;802;802300;Montechiaro/Lichtenberg;Lichtenberg;AP;14/02/1923;022444;Montechiaro/Lichtenberg;022;TN
1923;TN;802;802301;Montefontana/Tomberg;Tomberg;AP;14/02/1923;022445;Montefontana/Tomberg;022;TN
1923;TN;802;802302;Monteponente/Pfeffersberg;Pfeffersberg;AP;14/02/1923;022446;Monteponente/Pfeffersberg;022;TN
1923;TN;802;802303;Montes;;AP;14/02/1923;022875;Montes;022;TN
1923;TN;802;802304;Mori;;AP;14/02/1923;022123;Mori;022;TN
1923;TN;802;802305;Mortaso;;AP;14/02/1923;022876;Mortaso;022;TN
1923;TN;802;802306;Morter/Morter;Morter;AP;14/02/1923;022447;Morter/Morter;022;TN
1923;TN;802;802307;Piano in Passeria/Moos;Moos;AP;14/02/1923;022448;Piano in Passeria/Moos;022;TN
1923;TN;802;802308;Mules/Mauls;Mauls;AP;14/02/1923;022449;Mules/Mauls;022;TN
1923;TN;802;802309;Nago-Torbole;;AP;14/02/1923;022124;Nago-Torbole;022;TN
1923;TN;802;802310;Nalles/Nals;Nals;AP;14/02/1923;022450;Nalles/Nals;022;TN
1923;TN;802;802311;Nanno;;AP;14/02/1923;022125;Nanno;022;TN
1923;TN;802;802312;Naturno/Naturns;Naturns;AP;14/02/1923;022451;Naturno/Naturns;022;TN
1923;TN;802;802313;Nave San Rocco;;AP;14/02/1923;022126;Nave San Rocco;022;TN
1923;TN;802;802314;Noci/Natz;Natz;AP;14/02/1923;022452;Noci/Natz;022;TN
1923;TN;802;802315;Noarna;;AP;14/02/1923;022877;Noarna;022;TN
1923;TN;802;802316;Nogarè;;AP;14/02/1923;022878;Nogarè;022;TN
1923;TN;802;802317;Nogaredo;;AP;14/02/1923;022127;Nogaredo;022;TN
1923;TN;802;802318;Nomesino;;AP;14/02/1923;022879;Nomesino;022;TN
1923;TN;802;802319;Nomi;;AP;14/02/1923;022128;Nomi;022;TN
1923;TN;802;802320;Noriglio;;AP;14/02/1923;022880;Noriglio;022;TN
1923;TN;802;802321;Nova Levante/Welschnofen;Welschnofen;AP;14/02/1923;022453;Nova Levante/Welschnofen;022;TN
1923;TN;802;802322;Nova Ponente/Deutschnofen;Deutschnofen;AP;14/02/1923;022454;Nova Ponente/Deutschnofen;022;TN
1923;TN;802;802323;Novacella/Neustift;Neustift;AP;14/02/1923;022455;Novacella/Neustift;022;TN
1923;TN;802;802324;Novaledo;;AP;14/02/1923;022129;Novaledo;022;TN
1923;TN;802;802325;Oltresarca;;AP;14/02/1923;022881;Oltresarca;022;TN
1923;TN;802;802326;Onies/Onach;Onach;AP;14/02/1923;022456;Onies/Onach;022;TN
1923;TN;802;802327;Ora/Auer;Auer;AP;14/02/1923;022457;Ora/Auer;022;TN
1923;TN;802;802328;Oris/Eyrs;Eyrs;AP;14/02/1923;022458;Oris/Eyrs;022;TN
1923;TN;802;802329;Ortisei/St. Ulrich;St. Ulrich;AP;14/02/1923;022459;Ortisei/St. Ulrich;022;TN
1923;TN;802;802330;Ospedaletto;;AP;14/02/1923;022130;Ospedaletto;022;TN
1923;TN;802;802331;Ossana;;AP;14/02/1923;022131;Ossana;022;TN
1923;TN;802;802332;Padergnone;;AP;14/02/1923;022132;Padergnone;022;TN
1923;TN;802;802333;Palù;;AP;14/02/1923;022133;Palù;022;TN
1923;TN;802;802334;Panchià;;AP;14/02/1923;022134;Panchià;022;TN
1923;TN;802;802335;Parcines/Partschins;Partschins;AP;14/02/1923;022460;Parcines/Partschins;022;TN
1923;TN;802;802336;Patone;;AP;14/02/1923;022882;Patone;022;TN
1923;TN;802;802337;Pedemonte;;AP;14/02/1923;022461;Pedemonte;022;TN
1923;TN;802;802338;Pedersano;;AP;14/02/1923;022883;Pedersano;022;TN
1923;TN;802;802339;Peio;;AP;14/02/1923;022136;Peio;022;TN
1923;TN;802;802340;Pellizzano;;AP;14/02/1923;022137;Pellizzano;022;TN
1923;TN;802;802341;Pelugo;;AP;14/02/1923;022138;Pelugo;022;TN
1923;TN;802;802342;Perga/Percha;Percha;AP;14/02/1923;022462;Perga/Percha;022;TN
1923;TN;802;802343;Pèrgine;;AP;14/02/1923;022139;Pèrgine;022;TN
1923;TN;802;802344;Perra;;AP;14/02/1923;022884;Perra;022;TN
1923;TN;802;802345;Persone;;AP;14/02/1923;017870;Persone;022;TN
1923;TN;802;802346;Piano;;AP;14/02/1923;022885;Piano;022;TN
1923;TN;802;802347;Pieve di Ledro;;AP;14/02/1923;022141;Pieve di Ledro;022;TN
1923;TN;802;802348;Pieve Tesino;;AP;14/02/1923;022142;Pieve Tesino;022;TN
1923;TN;802;802349;Pilcante;;AP;14/02/1923;022886;Pilcante;022;TN
1923;TN;802;802350;Pinzolo;;AP;14/02/1923;022143;Pinzolo;022;TN
1923;TN;802;802351;Plagnolo/Planeil;Planeil;AP;14/02/1923;022463;Plagnolo/Planeil;022;TN
1923;TN;802;802352;Platea/Platt;Platt;AP;14/02/1923;022464;Platea/Platt;022;TN
1923;TN;802;802353;Palus/Plaus;Plaus;AP;14/02/1923;022465;Palus/Plaus;022;TN
1923;TN;802;802354;Pomarolo;;AP;14/02/1923;022144;Pomarolo;022;TN
1923;TN;802;802355;Ponte all'Isarco/Waidbruck;Waidbruck;AP;14/02/1923;022466;Ponte all'Isarco/Waidbruck;022;TN
1923;TN;802;802356;Por;;AP;14/02/1923;022887;Por;022;TN
1923;TN;802;802357;Postal/Burgstall;Burgstall;AP;14/02/1923;022467;Postal/Burgstall;022;TN
1923;TN;802;802358;Povo;;AP;14/02/1923;022888;Povo;022;TN
1923;TN;802;802359;Pozza;;AP;14/02/1923;022145;Pozza;022;TN
1923;TN;802;802360;Pranzo;;AP;14/02/1923;022889;Pranzo;022;TN
1923;TN;802;802361;Praso;;AP;14/02/1923;022146;Praso;022;TN
1923;TN;802;802362;Prati/Wiesen;Wiesen;AP;14/02/1923;022468;Prati/Wiesen;022;TN
1923;TN;802;802363;Prato alla Drava/Winnebach;Winnebach;AP;14/02/1923;022469;Prato alla Drava/Winnebach;022;TN
1923;TN;802;802364;Prato di Venosta/Prad;Prad;AP;14/02/1923;022470;Prato di Venosta/Prad;022;TN
1923;TN;802;802365;Prè;;AP;14/02/1923;022890;Prè;022;TN
1923;TN;802;802366;Predazzo;;AP;14/02/1923;022147;Predazzo;022;TN
1923;TN;802;802367;San Valentino in Predoi/Prettau;Prettau;AP;14/02/1923;022471;San Valentino in Predoi/Prettau;022;TN
1923;TN;802;802368;Pregasina;;AP;14/02/1923;022891;Pregasina;022;TN
1923;TN;802;802369;Preghena;;AP;14/02/1923;022892;Preghena;022;TN
1923;TN;802;802370;Premione;;AP;14/02/1923;022893;Premione;022;TN
1923;TN;802;802371;Preore;;AP;14/02/1923;022148;Preore;022;TN
1923;TN;802;802372;Presson;;AP;14/02/1923;022894;Presson;022;TN
1923;TN;802;802373;Prezzo;;AP;14/02/1923;022149;Prezzo;022;TN
1923;TN;802;802374;Priò;;AP;14/02/1923;022896;Priò;022;TN
1923;TN;802;802375;Proves/Proveis;Proveis;AP;14/02/1923;022472;Proves/Proveis;022;TN
1923;TN;802;802376;Curaces/Gratsch;Gratsch;AP;14/02/1923;021869;Curaces/Gratsch;022;TN
1923;TN;802;802377;Quetta;;AP;14/02/1923;022897;Quetta;022;TN
1923;TN;802;802378;Rabbi;;AP;14/02/1923;022150;Rabbi;022;TN
1923;TN;802;802379;Racignes/Ratschings;Ratschings;AP;14/02/1923;022473;Racignes/Ratschings;022;TN
1923;TN;802;802380;Ragoli;;AP;14/02/1923;022151;Ragoli;022;TN
1923;TN;802;802381;Ranzo;;AP;14/02/1923;022898;Ranzo;022;TN
1923;TN;802;802382;Rasun di Sopra/Oberrasen;Oberrasen;AP;14/02/1923;022474;Rasun di Sopra/Oberrasen;022;TN
1923;TN;802;802383;Rasun di Sotto/Niederrasen;Niederrasen;AP;14/02/1923;022475;Rasun di Sotto/Niederrasen;022;TN
1923;TN;802;802384;Ravina;;AP;14/02/1923;022899;Ravina;022;TN
1923;TN;802;802385;Renon/Ritten;Ritten;AP;14/02/1923;022476;Renon/Ritten;022;TN
1923;TN;802;802386;Resia all'Adige/Reschen;Reschen;AP;14/02/1923;022477;Resia all'Adige/Reschen;022;TN
1923;TN;802;802387;Reviano Folas;;AP;14/02/1923;022900;Reviano Folas;022;TN
1923;TN;802;802388;Revò;;AP;14/02/1923;022152;Revò;022;TN
1923;TN;802;802389;Ridanna/Riednaun;Riednaun;AP;14/02/1923;022478;Ridanna/Riednaun;022;TN
1923;TN;802;802390;Rifiano/Riffian;Riffian;AP;14/02/1923;022479;Rifiano/Riffian;022;TN
1923;TN;802;802391;Rinna/Welschellen;Welschellen;AP;14/02/1923;022480;Rinna/Welschellen;022;TN
1923;TN;802;802392;Rio di Pusteria/Mühlbach;Mühlbach;AP;14/02/1923;022481;Rio di Pusteria/Mühlbach;022;TN
1923;TN;802;802393;Riomolino/Mühlbach;Mühlbach;AP;14/02/1923;022482;Riomolino/Mühlbach;022;TN
1923;TN;802;802394;Raissa/Reischach;Reischach;AP;14/02/1923;022483;Raissa/Reischach;022;TN
1923;TN;802;802395;Riva;;AP;14/02/1923;022153;Riva;022;TN
1923;TN;802;802396;Riva in Valle/Rain;Rain;AP;14/02/1923;022484;Riva in Valle/Rain;022;TN
1923;TN;802;802397;Rodengo/Rodeneck;Rodeneck;AP;14/02/1923;022485;Rodengo/Rodeneck;022;TN
1923;TN;802;802398;Romagnano;;AP;14/02/1923;022901;Romagnano;022;TN
1923;TN;802;802399;Romallo;;AP;14/02/1923;022154;Romallo;022;TN
1923;TN;802;802400;Romarzolo;;AP;14/02/1923;022902;Romarzolo;022;TN
1923;TN;802;802401;Romeno;;AP;14/02/1923;022155;Romeno;022;TN
1923;TN;802;802402;Roncegno;;AP;14/02/1923;022156;Roncegno;022;TN
1923;TN;802;802403;Ronchi;;AP;14/02/1923;022157;Ronchi;022;TN
1923;TN;802;802404;Roncogno;;AP;14/02/1923;022903;Roncogno;022;TN
1923;TN;802;802405;Roncone;;AP;14/02/1923;022158;Roncone;022;TN
1923;TN;802;802406;Ronzo;;AP;14/02/1923;022904;Ronzo;022;TN
1923;TN;802;802407;Pannone;;AP;14/02/1923;022135;Pannone;022;TN
1923;TN;802;802408;Ronzone;;AP;14/02/1923;022159;Ronzone;022;TN
1923;TN;802;802409;Rover Carbonare;;AP;14/02/1923;022905;Rover Carbonare;022;TN
1923;TN;802;802410;Roverè della Luna;;AP;14/02/1923;022160;Roverè della Luna;022;TN
1923;TN;802;802411;Rovereto;;AP;14/02/1923;022161;Rovereto;022;TN
1923;TN;802;802412;Ruffrè;;AP;14/02/1923;022162;Ruffrè;022;TN
1923;TN;802;802413;Rumo;;AP;14/02/1923;022163;Rumo;022;TN
1923;TN;802;802414;Sagron Mis;;AP;14/02/1923;022164;Sagron Mis;022;TN
1923;TN;802;802415;Salorno/Salurn;Salurn;AP;14/02/1923;022486;Salorno/Salurn;022;TN
1923;TN;802;802416;Samoclevo;;AP;14/02/1923;022906;Samoclevo;022;TN
1923;TN;802;802417;Samone;;AP;14/02/1923;022165;Samone;022;TN
1923;TN;802;802418;San Candido/Innichen;Innichen;AP;14/02/1923;022487;San Candido/Innichen;022;TN
1923;TN;802;802419;San Felice/St. Felix;St. Felix;AP;14/02/1923;022488;San Felice/St. Felix;022;TN
1923;TN;802;802420;San Genesio/Jenesien;Jenesien;AP;14/02/1923;022489;San Genesio/Jenesien;022;TN
1923;TN;802;802421;San Giacomo in Valle Aurina/St. Jakob in Ahrn;St. Jakob in Ahrn;AP;14/02/1923;022490;San Giacomo in Valle Aurina/St. Jakob in Ahrn;022;TN
1923;TN;802;802422;San Giacomo;;AP;14/02/1923;022907;San Giacomo;022;TN
1923;TN;802;802423;San Giorgio in Val Tures/St. Georgen;St. Georgen;AP;14/02/1923;022491;San Giorgio in Val Tures/St. Georgen;022;TN
1923;TN;802;802424;San Giovanni in Valle Aurina/St. Johann in Ahrn;St. Johann in Ahrn;AP;14/02/1923;022492;San Giovanni in Valle Aurina/St. Johann in Ahrn;022;TN
1923;TN;802;802425;San Leonardo in Passiria/St. Leonhard;St. Leonhard;AP;14/02/1923;022493;San Leonardo in Passiria/St. Leonhard;022;TN
1923;TN;802;802426;San Lorenzo in Pusteria/St. Lorenzen;St. Lorenzen;AP;14/02/1923;022494;San Lorenzo in Pusteria/St. Lorenzen;022;TN
1923;TN;802;802427;San Lorenzo in Banale;;AP;14/02/1923;022166;San Lorenzo in Banale;022;TN
1923;TN;802;802428;San Lugano/St. Lugano;St. Lugano;AP;14/02/1923;021885;San Lugano/St. Lugano;022;TN
1923;TN;802;802429;San Martino al Monte/St. Martin am Vorberg;St. Martin am Vorberg;AP;14/02/1923;022495;San Martino al Monte/St. Martin am Vorberg;022;TN
1923;TN;802;802430;San Martino in Badia/St. Martin in Thurn;St. Martin in Thurn;AP;14/02/1923;022496;San Martino in Badia/St. Martin in Thurn;022;TN
1923;TN;802;802431;San Martino in Casies/St. Martin in Gsies;St. Martin in Gsies;AP;14/02/1923;022497;San Martino in Casies/St. Martin in Gsies;022;TN
1923;TN;802;802432;San Martino in Passiria/St. Martin in Passeier;St. Martin in Passeier;AP;14/02/1923;022498;San Martino in Passiria/St. Martin in Passeier;022;TN
1923;TN;802;802433;San Michele all'Adige;;AP;14/02/1923;022167;San Michele all'Adige;022;TN
1923;TN;802;802434;San Pietro in Valle Aurina/St. Peter in Ahrn;St. Peter in Ahrn;AP;14/02/1923;022499;San Pietro in Valle Aurina/St. Peter in Ahrn;022;TN
1923;TN;802;802435;San Sigismondo/St. Sigmund;St. Sigmund;AP;14/02/1923;022625;San Sigismondo/St. Sigmund;022;TN
1923;TN;802;802436;San Valentino al Brennero/Brenner;Brenner;AP;14/02/1923;022626;San Valentino al Brennero/Brenner;022;TN
1923;TN;802;802437;San Valentino alla Muta/St. Valentin auf der Haide;St. Valentin auf der Haide;AP;14/02/1923;022627;San Valentino alla Muta/St. Valentin auf der Haide;022;TN
1923;TN;802;802438;Santa Cristina in Gardena/St. Christina;St. Christina;AP;14/02/1923;022628;Santa Cristina in Gardena/St. Christina;022;TN
1923;TN;802;802439;Santa Maddalena in Casies/St. Magdalena in Gsies;St. Magdalena in Gsies;AP;14/02/1923;022629;Santa Maddalena in Casies/St. Magdalena in Gsies;022;TN
1923;TN;802;802440;Santa Margherita;;AP;14/02/1923;022908;Santa Margherita;022;TN
1923;TN;802;802441;Sant'Andrea in Monte/St. Andrä;St. Andrä;AP;14/02/1923;022630;Sant'Andrea in Monte/St. Andrä;022;TN
1923;TN;802;802442;Sant'Orsola;;AP;14/02/1923;022168;Sant'Orsola;022;TN
1923;TN;802;802443;Sanzeno;;AP;14/02/1923;022169;Sanzeno;022;TN
1923;TN;802;802444;Saone;;AP;14/02/1923;022909;Saone;022;TN
1923;TN;802;802445;Sardagna;;AP;14/02/1923;022910;Sardagna;022;TN
1923;TN;802;802446;Sarentino/Sarntal;Sarntal;AP;14/02/1923;022631;Sarentino/Sarntal;022;TN
1923;TN;802;802447;Sarnonico;;AP;14/02/1923;022170;Sarnonico;022;TN
1923;TN;802;802448;Sasso;;AP;14/02/1923;022911;Sasso;022;TN
1923;TN;802;802449;Scale/Schalders;Schalders;AP;14/02/1923;022632;Scale/Schalders;022;TN
1923;TN;802;802450;Scelmo;;AP;14/02/1923;022912;Scelmo;022;TN
1923;TN;802;802451;Scena/Schenna;Schenna;AP;14/02/1923;022633;Scena/Schenna;022;TN
1923;TN;802;802452;Scaves/Schabs;Schabs;AP;14/02/1923;022634;Scaves/Schabs;022;TN
1923;TN;802;802453;Scurelle;;AP;14/02/1923;022171;Scurelle;022;TN
1923;TN;802;802454;Segno;;AP;14/02/1923;022913;Segno;022;TN
1923;TN;802;802455;Segonzano;;AP;14/02/1923;022172;Segonzano;022;TN
1923;TN;802;802456;Seio;;AP;14/02/1923;022914;Seio;022;TN
1923;TN;802;802457;Selva dei Molini/Mühlwald;Mühlwald;AP;14/02/1923;022635;Selva dei Molini/Mühlwald;022;TN
1923;TN;802;802458;Selva in Gardena/Wolkenstein;Wolkenstein;AP;14/02/1923;022636;Selva in Gardena/Wolkenstein;022;TN
1923;TN;802;802459;Senale/Unsere Liebe Frau im Walde;Unsere Liebe Frau im Walde;AP;14/02/1923;022637;Senale/Unsere Liebe Frau im Walde;022;TN
1923;TN;802;802460;Senales in Venosta/Schnals;Schnals;AP;14/02/1923;022638;Senales in Venosta/Schnals;022;TN
1923;TN;802;802461;Seo;;AP;14/02/1923;022915;Seo;022;TN
1923;TN;802;802462;Serravalle all'Adige;;AP;14/02/1923;022916;Serravalle all'Adige;022;TN
1923;TN;802;802463;Serso;;AP;14/02/1923;022917;Serso;022;TN
1923;TN;802;802464;Sesto/Sexten;Sexten;AP;14/02/1923;022639;Sesto/Sexten;022;TN
1923;TN;802;802465;Sevignano;;AP;14/02/1923;022918;Sevignano;022;TN
1923;TN;802;802466;Sfruz;;AP;14/02/1923;022173;Sfruz;022;TN
1923;TN;802;802467;Silandro/Schlanders;Schlanders;AP;14/02/1923;022640;Silandro/Schlanders;022;TN
1923;TN;802;802468;Siror;;AP;14/02/1923;022174;Siror;022;TN
1923;TN;802;802469;Sliniga/Schlinig;Schlinig;AP;14/02/1923;022641;Sliniga/Schlinig;022;TN
1923;TN;802;802470;Sluderno/Schluderns;Schluderns;AP;14/02/1923;022642;Sluderno/Schluderns;022;TN
1923;TN;802;802471;Smarano;;AP;14/02/1923;022175;Smarano;022;TN
1923;TN;802;802472;Sopramonte;;AP;14/02/1923;022919;Sopramonte;022;TN
1923;TN;802;802473;Soraga;;AP;14/02/1923;022176;Soraga;022;TN
1923;TN;802;802474;Sover;;AP;14/02/1923;022177;Sover;022;TN
1923;TN;802;802475;Spera;;AP;14/02/1923;022178;Spera;022;TN
1923;TN;802;802476;Spignes/Spinges;Spinges;AP;14/02/1923;022643;Spignes/Spinges;022;TN
1923;TN;802;802477;Spormaggiore;;AP;14/02/1923;022180;Spormaggiore;022;TN
1923;TN;802;802478;Sporminore;;AP;14/02/1923;022181;Sporminore;022;TN
1923;TN;802;802479;Stave/Staben;Staben;AP;14/02/1923;022644;Stave/Staben;022;TN
1923;TN;802;802480;Stelvio/Stilfs;Stilfs;AP;14/02/1923;022645;Stelvio/Stilfs;022;TN
1923;TN;802;802481;Stenico;;AP;14/02/1923;022182;Stenico;022;TN
1923;TN;802;802482;Stilves/Stilfes;Stilfes;AP;14/02/1923;022646;Stilves/Stilfes;022;TN
1923;TN;802;802483;Storo;;AP;14/02/1923;022183;Storo;022;TN
1923;TN;802;802484;Strada;;AP;14/02/1923;022920;Strada;022;TN
1923;TN;802;802485;Stramentizzo;;AP;14/02/1923;022921;Stramentizzo;022;TN
1923;TN;802;802486;Strembo;;AP;14/02/1923;022184;Strembo;022;TN
1923;TN;802;802487;Strigno;;AP;14/02/1923;022185;Strigno;022;TN
1923;TN;802;802488;Stumiaga;;AP;14/02/1923;022922;Stumiaga;022;TN
1923;TN;802;802489;Susà;;AP;14/02/1923;022923;Susà;022;TN
1923;TN;802;802490;Tablà/Tabland;Tabland;AP;14/02/1923;022647;Tablà/Tabland;022;TN
1923;TN;802;802491;Taio;;AP;14/02/1923;022186;Taio;022;TN
1923;TN;802;802492;Tanas/Tannas;Tannas;AP;14/02/1923;022648;Tanas/Tannas;022;TN
1923;TN;802;802493;Tarres di Sopra/Tartsch;Tartsch;AP;14/02/1923;022649;Tarres di Sopra/Tartsch;022;TN
1923;TN;802;802494;Tarres di Sotto/Tarsch;Tarsch;AP;14/02/1923;022650;Tarres di Sotto/Tarsch;022;TN
1923;TN;802;802495;Tassullo;;AP;14/02/1923;022187;Tassullo;022;TN
1923;TN;802;802496;Tavodo;;AP;14/02/1923;022924;Tavodo;022;TN
1923;TN;802;802497;Tavon;;AP;14/02/1923;022925;Tavon;022;TN
1923;TN;802;802498;Telve;;AP;14/02/1923;022188;Telve;022;TN
1923;TN;802;802499;Telve di Sopra;;AP;14/02/1923;022189;Telve di Sopra;022;TN
1923;TN;802;802801;Telves/Telfes;Telfes;AP;14/02/1923;022651;Telves/Telfes;022;TN
1923;TN;802;802802;Tenna;;AP;14/02/1923;022190;Tenna;022;TN
1923;TN;802;802803;Tenno;;AP;14/02/1923;022191;Tenno;022;TN
1923;TN;802;802804;Teodona/Dietenheim;Dietenheim;AP;14/02/1923;022652;Teodona/Dietenheim;022;TN
1923;TN;802;802805;Terento/Terenten;Terenten;AP;14/02/1923;022653;Terento/Terenten;022;TN
1923;TN;802;802806;Terlago;;AP;14/02/1923;022192;Terlago;022;TN
1923;TN;802;802807;Terlano/Terlan;Terlan;AP;14/02/1923;022654;Terlano/Terlan;022;TN
1923;TN;802;802808;Termenago;;AP;14/02/1923;022926;Termenago;022;TN
1923;TN;802;802809;Termeno/Tramin;Tramin;AP;14/02/1923;022655;Termeno/Tramin;022;TN
1923;TN;802;802810;Termon;;AP;14/02/1923;022927;Termon;022;TN
1923;TN;802;802811;Terragnolo;;AP;14/02/1923;022193;Terragnolo;022;TN
1923;TN;802;802812;Terres;;AP;14/02/1923;022194;Terres;022;TN
1923;TN;802;802813;Terzolas;;AP;14/02/1923;022195;Terzolas;022;TN
1923;TN;802;802814;Tesero;;AP;14/02/1923;022196;Tesero;022;TN
1923;TN;802;802815;Tesido/Taisten;Taisten;AP;14/02/1923;022656;Tesido/Taisten;022;TN
1923;TN;802;802816;Tesimo/Tisens;Tisens;AP;14/02/1923;022657;Tesimo/Tisens;022;TN
1923;TN;802;802817;Tiarno di Sopra;;AP;14/02/1923;022197;Tiarno di Sopra;022;TN
1923;TN;802;802818;Tiarno di Sotto;;AP;14/02/1923;022198;Tiarno di Sotto;022;TN
1923;TN;802;802819;Tione;;AP;14/02/1923;022199;Tione;022;TN
1923;TN;802;802820;Tires/Tiers;Tiers;AP;14/02/1923;022658;Tires/Tiers;022;TN
1923;TN;802;802821;Tirolo/Tirol;Tirol;AP;14/02/1923;022659;Tirolo/Tirol;022;TN
1923;TN;802;802822;Tisa/Theis;Theis;AP;14/02/1923;022660;Tisa/Theis;022;TN
1923;TN;802;802823;Tonadico;;AP;14/02/1923;022201;Tonadico;022;TN
1923;TN;802;802824;Torcegno;;AP;14/02/1923;022202;Torcegno;022;TN
1923;TN;802;802825;Torra;;AP;14/02/1923;022929;Torra;022;TN
1923;TN;802;802826;Toss;;AP;14/02/1923;022930;Toss;022;TN
1923;TN;802;802827;Trambileno;;AP;14/02/1923;022203;Trambileno;022;TN
1923;TN;802;802828;Transacqua;;AP;14/02/1923;022204;Transacqua;022;TN
1923;TN;802;802829;Trens/Trens;Trens;AP;14/02/1923;022661;Trens/Trens;022;TN
1923;TN;802;802830;Trento;;AP;14/02/1923;022205;Trento;022;TN
1923;TN;802;802831;Tres;;AP;14/02/1923;022206;Tres;022;TN
1923;TN;802;802832;Trodena/Truden;Truden;AP;14/02/1923;022662;Trodena/Truden;022;TN
1923;TN;802;802833;Tubre/Taufers im Münstertal;Taufers im Münstertal;AP;14/02/1923;022663;Tubre/Taufers im Münstertal;022;TN
1923;TN;802;802834;Tuenetto;;AP;14/02/1923;022931;Tuenetto;022;TN
1923;TN;802;802835;Tuenno;;AP;14/02/1923;022207;Tuenno;022;TN
1923;TN;802;802836;Tunes/Thuins;Thuins;AP;14/02/1923;022664;Tunes/Thuins;022;TN
1923;TN;802;802837;Ultimo/Ulten;Ulten;AP;14/02/1923;022665;Ultimo/Ulten;022;TN
1923;TN;802;802838;Vadena/Pfatten;Pfatten;AP;14/02/1923;022666;Vadena/Pfatten;022;TN
1923;TN;802;802839;Velasio/Flaas;Flaas;AP;14/02/1923;022667;Velasio/Flaas;022;TN
1923;TN;802;802840;Valda;;AP;14/02/1923;022208;Valda;022;TN
1923;TN;802;802841;Valdaora/Olang;Olang;AP;14/02/1923;022668;Valdaora/Olang;022;TN
1923;TN;802;802842;Valfloriana;;AP;14/02/1923;022209;Valfloriana;022;TN
1923;TN;802;802843;Valdigiovo/Jaufenthal;Jaufenthal;AP;14/02/1923;022669;Valdigiovo/Jaufenthal;022;TN
1923;TN;802;802844;Vallarga/Weitental;Weitental;AP;14/02/1923;022670;Vallarga/Weitental;022;TN
1923;TN;802;802845;Vallarsa;;AP;14/02/1923;022210;Vallarsa;022;TN
1923;TN;802;802846;Valle San Felice;;AP;14/02/1923;022932;Valle San Felice;022;TN
1923;TN;802;802847;Valle San Silvestro/Wahlen;Wahlen;AP;14/02/1923;022671;Valle San Silvestro/Wahlen;022;TN
1923;TN;802;802848;Vallelunga Carlino/Langtaufers;Langtaufers;AP;14/02/1923;022672;Vallelunga Carlino/Langtaufers;022;TN
1923;TN;802;802849;Valles/Vals;Vals;AP;14/02/1923;022673;Valles/Vals;022;TN
1923;TN;802;802850;Turano;;AP;14/02/1923;022674;Turano;022;TN
1923;TN;802;802851;Vandoies di Sopra/Obervintl;Obervintl;AP;14/02/1923;022675;Vandoies di Sopra/Obervintl;022;TN
1923;TN;802;802852;Vandoies di Sotto/Niedervintl;Niedervintl;AP;14/02/1923;022676;Vandoies di Sotto/Niedervintl;022;TN
1923;TN;802;802853;Vanga/Wangen;Wangen;AP;14/02/1923;022677;Vanga/Wangen;022;TN
1923;TN;802;802854;Varena;;AP;14/02/1923;022211;Varena;022;TN
1923;TN;802;802855;Varna/Vahrn;Vahrn;AP;14/02/1923;022678;Varna/Vahrn;022;TN
1923;TN;802;802856;Vasio;;AP;14/02/1923;022933;Vasio;022;TN
1923;TN;802;802857;Vattaro;;AP;14/02/1923;022212;Vattaro;022;TN
1923;TN;802;802858;Velturno/Feldthurns;Feldthurns;AP;14/02/1923;022679;Velturno/Feldthurns;022;TN
1923;TN;802;802859;Verano/Vöran;Vöran;AP;14/02/1923;022680;Verano/Vöran;022;TN
1923;TN;802;802860;Verdesina;;AP;14/02/1923;022934;Verdesina;022;TN
1923;TN;802;802861;Vermiglio;;AP;14/02/1923;022213;Vermiglio;022;TN
1923;TN;802;802862;Versciaco/Vierschach;Vierschach;AP;14/02/1923;022681;Versciaco/Vierschach;022;TN
1923;TN;802;802863;Vervò;;AP;14/02/1923;022214;Vervò;022;TN
1923;TN;802;802864;Vezzano in Venosta/Vezzan;Vezzan;AP;14/02/1923;022682;Vezzano in Venosta/Vezzan;022;TN
1923;TN;802;802865;Vezzano;;AP;14/02/1923;022215;Vezzano;022;TN
1923;TN;802;802866;Viarago;;AP;14/02/1923;022935;Viarago;022;TN
1923;TN;802;802867;Vigalzano;;AP;14/02/1923;022936;Vigalzano;022;TN
1923;TN;802;802868;Vignola;;AP;14/02/1923;022937;Vignola;022;TN
1923;TN;802;802869;Vigo d'Anaunia;;AP;14/02/1923;022938;Vigo d'Anaunia;022;TN
1923;TN;802;802870;Vigo di Fassa;;AP;14/02/1923;022217;Vigo di Fassa;022;TN
1923;TN;802;802871;Vigo Rendena;;AP;14/02/1923;022220;Vigo Rendena;022;TN
1923;TN;802;802872;Vigolo Baselga;;AP;14/02/1923;022218;Vigolo Baselga;022;TN
1923;TN;802;802873;Vigolo Vattaro;;AP;14/02/1923;022219;Vigolo Vattaro;022;TN
1923;TN;802;802874;Villa Agnedo;;AP;14/02/1923;022221;Villa Agnedo;022;TN
1923;TN;802;802875;Villa Banale;;AP;14/02/1923;022939;Villa Banale;022;TN
1923;TN;802;802876;Villa Lagarina;;AP;14/02/1923;022222;Villa Lagarina;022;TN
1923;TN;802;802877;Villa d'Uta/Uttenhein;Uttenhein;AP;14/02/1923;022683;Villa d'Uta/Uttenhein;022;TN
1923;TN;802;802878;Villa Rendena;;AP;14/02/1923;022223;Villa Rendena;022;TN
1923;TN;802;802879;Villa Santa Caterina/Aufhofen;Aufhofen;AP;14/02/1923;022684;Villa Santa Caterina/Aufhofen;022;TN
1923;TN;802;802880;Villabassa/Niederdorf;Niederdorf;AP;14/02/1923;022685;Villabassa/Niederdorf;022;TN
1923;TN;802;802881;Villandro/Villanders;Villanders;AP;14/02/1923;022686;Villandro/Villanders;022;TN
1923;TN;802;802882;Villazzano;;AP;14/02/1923;022940;Villazzano;022;TN
1923;TN;802;802883;Ville del Monte;;AP;14/02/1923;022941;Ville del Monte;022;TN
1923;TN;802;802884;Vion;;AP;14/02/1923;022942;Vion;022;TN
1923;TN;802;802885;Vipiteno/Sterzing;Sterzing;AP;14/02/1923;022687;Vipiteno/Sterzing;022;TN
1923;TN;802;802886;Vizze/Pfitsch;Pfitsch;AP;14/02/1923;022688;Vizze/Pfitsch;022;TN
1923;TN;802;802887;Volano;;AP;14/02/1923;022224;Volano;022;TN
1923;TN;802;802888;Zambana;;AP;14/02/1923;022225;Zambana;022;TN
1923;TN;802;802889;Ziano;;AP;14/02/1923;022226;Ziano;022;TN
1923;TN;802;802890;Zuclo;;AP;14/02/1923;022227;Zuclo;022;TN
1923;Venezia Giulia;801;801001;Aiba;;AP;08/02/1923;030822;Aiba;030;UD
1923;Venezia Giulia;801;801002;Aidussina;;AP;08/02/1923;030823;Aidussina;030;UD
1923;Venezia Giulia;801;801003;Aiello del Friuli;;AP;08/02/1923;030001;Aiello del Friuli;030;UD
1923;Venezia Giulia;801;801004;Auber;;AP;08/02/1923;032806;Auber;032;TS
1923;Venezia Giulia;801;801005;Albona;;AP;08/02/1923;702701;Albona;702;PL
1923;Venezia Giulia;801;801006;Anhovo;;AP;08/02/1923;030824;Anhovo;030;UD
1923;Venezia Giulia;801;801007;Antignana;;AP;08/02/1923;702702;Antignana;702;PL
1923;Venezia Giulia;801;801008;Apriano;;AP;08/02/1923;702803;Apriano;702;PL
1923;Venezia Giulia;801;801009;Aquileia;;AP;08/02/1923;030005;Aquileia;030;UD
1923;Venezia Giulia;801;801010;Auremo di Sopra;;AP;08/02/1923;032807;Auremo di Sopra;032;TS
1923;Venezia Giulia;801;801011;Nabresina;;AP;08/02/1923;032801;Nabresina;032;TS
1923;Venezia Giulia;801;801012;Auzza;;AP;08/02/1923;030825;Auzza;030;UD
1923;Venezia Giulia;801;801013;Barbana d'Istria;;AP;08/02/1923;702704;Barbana d'Istria;702;PL
1923;Venezia Giulia;801;801014;Bate;;AP;08/02/1923;030826;Bate;030;UD
1923;Venezia Giulia;801;801015;Berdo San Giovanni;;AP;08/02/1923;702804;Berdo San Giovanni;702;PL
1923;Venezia Giulia;801;801016;Bergogna;;AP;08/02/1923;030827;Bergogna;030;UD
1923;Venezia Giulia;801;801017;Bersez;;AP;08/02/1923;702805;Bersez;702;PL
1923;Venezia Giulia;801;801018;Biglia;;AP;08/02/1923;030828;Biglia;030;UD
1923;Venezia Giulia;801;801019;Bigliana;;AP;08/02/1923;030829;Bigliana;030;UD
1923;Venezia Giulia;801;801020;Bisterza;;AP;08/02/1923;702806;Bisterza;702;PL
1923;Venezia Giulia;801;801021;Bogliuno;;AP;08/02/1923;702705;Bogliuno;702;PL
1923;Venezia Giulia;801;801022;Berie;;AP;08/02/1923;030830;Berie;030;UD
1923;Venezia Giulia;801;801023;Brazzano;;AP;08/02/1923;030831;Brazzano;030;UD
1923;Venezia Giulia;801;801024;Brestovizza in Valle;;AP;08/02/1923;030832;Brestovizza in Valle;030;UD
1923;Venezia Giulia;801;801025;Loga di Plezzo;;AP;08/02/1923;030833;Loga di Plezzo;030;UD
1923;Venezia Giulia;801;801026;Bucuie;;AP;08/02/1923;032701;Bucuie;032;TS
1923;Venezia Giulia;801;801027;Budagne;;AP;08/02/1923;030834;Budagne;030;UD
1923;Venezia Giulia;801;801028;Buie d'Istria;;AP;08/02/1923;702707;Buie d'Istria;702;PL
1923;Venezia Giulia;801;801029;Caccia;;AP;08/02/1923;032808;Caccia;032;TS
1923;Venezia Giulia;801;801030;Cal di Canale;;AP;08/02/1923;030835;Cal di Canale;030;UD
1923;Venezia Giulia;801;801031;Camnie;;AP;08/02/1923;030836;Camnie;030;UD
1923;Venezia Giulia;801;801032;Campolongo;;AP;08/02/1923;030025;Campolongo;030;UD
1923;Venezia Giulia;801;801033;Camporosso;;AP;08/02/1923;030801;Camporosso;030;UD
1923;Venezia Giulia;801;801034;Canale d'Isonzo;;AP;08/02/1923;030837;Canale d'Isonzo;030;UD
1923;Venezia Giulia;801;801035;Canfanaro;;AP;08/02/1923;702708;Canfanaro;702;PL
1923;Venezia Giulia;801;801036;Capodistria;;AP;08/02/1923;702709;Capodistria;702;PL
1923;Venezia Giulia;801;801037;Caporetto;;AP;08/02/1923;030838;Caporetto;030;UD
1923;Venezia Giulia;801;801038;Capriva;;AP;08/02/1923;030839;Capriva;030;UD
1923;Venezia Giulia;801;801039;Capriva;;AP;08/02/1923;032809;Capriva;032;TS
1923;Venezia Giulia;801;801040;Iablanizza;;AP;08/02/1923;702807;Iablanizza;702;PL
1923;Venezia Giulia;801;801041;Castelnuovo d'Istria;;AP;08/02/1923;702808;Castelnuovo d'Istria;702;PL
1923;Venezia Giulia;801;801042;Britova;;AP;08/02/1923;032702;Britova;032;TS
1923;Venezia Giulia;801;801043;Ceconico;;AP;08/02/1923;030840;Ceconico;030;UD
1923;Venezia Giulia;801;801044;Ceglie;;AP;08/02/1923;702809;Ceglie;702;PL
1923;Venezia Giulia;801;801045;Cernizza Goriziana;;AP;08/02/1923;030841;Cernizza Goriziana;030;UD
1923;Venezia Giulia;801;801046;Cervignano;;AP;08/02/1923;030035;Cervignano;030;UD
1923;Venezia Giulia;801;801047;Cherso;;AP;08/02/1923;702710;Cherso;702;PL
1923;Venezia Giulia;801;801048;Chiapovano;;AP;08/02/1923;030842;Chiapovano;030;UD
1923;Venezia Giulia;801;801049;Chiopris-Viscone;;AP;08/02/1923;030037;Chiopris-Viscone;030;UD
1923;Venezia Giulia;801;801050;Circhina;;AP;08/02/1923;030843;Circhina;030;UD
1923;Venezia Giulia;801;801051;Cittanova d'Istria;;AP;08/02/1923;702711;Cittanova d'Istria;702;PL
1923;Venezia Giulia;801;801052;Cobilaglava;;AP;08/02/1923;030844;Cobilaglava;030;UD
1923;Venezia Giulia;801;801053;Comen;;AP;08/02/1923;030845;Comen;030;UD
1923;Venezia Giulia;801;801054;Corgnale;;AP;08/02/1923;032703;Corgnale;032;TS
1923;Venezia Giulia;801;801055;Cormons;;AP;08/02/1923;030846;Cormons;030;UD
1923;Venezia Giulia;801;801056;Corona;;AP;08/02/1923;030847;Corona;030;UD
1923;Venezia Giulia;801;801057;Cosbana;;AP;08/02/1923;030848;Cosbana;030;UD
1923;Venezia Giulia;801;801058;Cossana;;AP;08/02/1923;032704;Cossana;032;TS
1923;Venezia Giulia;801;801059;Creda;;AP;08/02/1923;030849;Creda;030;UD
1923;Venezia Giulia;801;801060;Crenovizza;;AP;08/02/1923;032705;Crenovizza;032;TS
1923;Venezia Giulia;801;801061;Descla;;AP;08/02/1923;030850;Descla;030;UD
1923;Venezia Giulia;801;801062;Dignano d'Istria;;AP;08/02/1923;702712;Dignano d'Istria;702;PL
1923;Venezia Giulia;801;801063;Nacla San Maurizio;;AP;08/02/1923;032706;Nacla San Maurizio;032;TS
1923;Venezia Giulia;801;801064;Doberdò;;AP;08/02/1923;032818;Doberdò;032;TS
1923;Venezia Giulia;801;801065;Valgrande;;AP;08/02/1923;030851;Valgrande;030;UD
1923;Venezia Giulia;801;801066;Dole;;AP;08/02/1923;030852;Dole;030;UD
1923;Venezia Giulia;801;801067;Dolegna;;AP;08/02/1923;030853;Dolegna;030;UD
1923;Venezia Giulia;801;801068;Dol-Otliza;;AP;08/02/1923;030854;Dol-Otliza;030;UD
1923;Venezia Giulia;801;801069;Draguccio;;AP;08/02/1923;702801;Draguccio;702;PL
1923;Venezia Giulia;801;801070;Dresenza;;AP;08/02/1923;030855;Dresenza;030;UD
1923;Venezia Giulia;801;801071;Duino;;AP;08/02/1923;032802;Duino;032;TS
1923;Venezia Giulia;801;801072;Duttogliano;;AP;08/02/1923;032707;Duttogliano;032;TS
1923;Venezia Giulia;801;801073;Gelsane;;AP;08/02/1923;702810;Gelsane;702;PL
1923;Venezia Giulia;801;801074;Ersel in Monte;;AP;08/02/1923;030856;Ersel in Monte;030;UD
1923;Venezia Giulia;801;801075;Famlie;;AP;08/02/1923;032810;Famlie;032;TS
1923;Venezia Giulia;801;801076;Farra;;AP;08/02/1923;030857;Farra;030;UD
1923;Venezia Giulia;801;801077;Fianona;;AP;08/02/1923;702714;Fianona;702;PL
1923;Venezia Giulia;801;801078;Fiumicello;;AP;08/02/1923;030059;Fiumicello;030;UD
1923;Venezia Giulia;801;801079;Fogliano;;AP;08/02/1923;032819;Fogliano;032;TS
1923;Venezia Giulia;801;801080;Fontana del Conte;;AP;08/02/1923;702811;Fontana del Conte;702;PL
1923;Venezia Giulia;801;801081;Roccalba;;AP;08/02/1923;030806;Roccalba;030;UD
1923;Venezia Giulia;801;801082;Gaberie;;AP;08/02/1923;030858;Gaberie;030;UD
1923;Venezia Giulia;801;801083;Gabrovizza;;AP;08/02/1923;030859;Gabrovizza;030;UD
1923;Venezia Giulia;801;801084;Gargaro;;AP;08/02/1923;030860;Gargaro;030;UD
1923;Venezia Giulia;801;801085;Gimino;;AP;08/02/1923;702715;Gimino;702;PL
1923;Venezia Giulia;801;801086;Godovici;;AP;08/02/1923;030861;Godovici;030;UD
1923;Venezia Giulia;801;801087;Goiaze;;AP;08/02/1923;030862;Goiaze;030;UD
1923;Venezia Giulia;801;801088;Goriasco;;AP;08/02/1923;030863;Goriasco;030;UD
1923;Venezia Giulia;801;801089;Gorizia;;AP;08/02/1923;030864;Gorizia;030;UD
1923;Venezia Giulia;801;801090;Gozza;;AP;08/02/1923;030865;Gozza;030;UD
1923;Venezia Giulia;801;801091;Gracova Serravalle;;AP;08/02/1923;030866;Gracova Serravalle;030;UD
1923;Venezia Giulia;801;801092;Gradisca;;AP;08/02/1923;030867;Gradisca;030;UD
1923;Venezia Giulia;801;801093;Grado;;AP;08/02/1923;032820;Grado;032;TS
1923;Venezia Giulia;801;801094;Grisignana;;AP;08/02/1923;702716;Grisignana;702;PL
1923;Venezia Giulia;801;801095;Idresca d'Isonzo;;AP;08/02/1923;030868;Idresca d'Isonzo;030;UD
1923;Venezia Giulia;801;801096;Idria;;AP;08/02/1923;030869;Idria;030;UD
1923;Venezia Giulia;801;801097;Idria di Sotto;;AP;08/02/1923;030870;Idria di Sotto;030;UD
1923;Venezia Giulia;801;801098;Joanniz;;AP;08/02/1923;030807;Joanniz;030;UD
1923;Venezia Giulia;801;801099;Isola d'Istria;;AP;08/02/1923;702717;Isola d'Istria;702;PL
1923;Venezia Giulia;801;801100;San Leopoldo Alaglesie;;AP;08/02/1923;030809;San Leopoldo Alaglesie;030;UD
1923;Venezia Giulia;801;801101;Lagosta;;AP;08/02/1923;703701;Lagosta;703;ZA
1923;Venezia Giulia;801;801102;Slum;;AP;08/02/1923;702718;Slum;702;PL
1923;Venezia Giulia;801;801103;Lase;;AP;08/02/1923;032811;Lase;032;TS
1923;Venezia Giulia;801;801104;Laurana;;AP;08/02/1923;702812;Laurana;702;PL
1923;Venezia Giulia;801;801105;Ledine;;AP;08/02/1923;030871;Ledine;030;UD
1923;Venezia Giulia;801;801106;Libussina;;AP;08/02/1923;030872;Libussina;030;UD
1923;Venezia Giulia;801;801107;Locavizza di Aidussina;;AP;08/02/1923;030873;Locavizza di Aidussina;030;UD
1923;Venezia Giulia;801;801108;Locavizza di Canale;;AP;08/02/1923;030874;Locavizza di Canale;030;UD
1923;Venezia Giulia;801;801109;Lose;;AP;08/02/1923;030875;Lose;030;UD
1923;Venezia Giulia;801;801110;Lucinico;;AP;08/02/1923;030876;Lucinico;030;UD
1923;Venezia Giulia;801;801111;Luico;;AP;08/02/1923;030877;Luico;030;UD
1923;Venezia Giulia;801;801112;Lussingrande;;AP;08/02/1923;702719;Lussingrande;702;PL
1923;Venezia Giulia;801;801113;Lussinpiccolo;;AP;08/02/1923;702720;Lussinpiccolo;702;PL
1923;Venezia Giulia;801;801114;Malborghetto;;AP;08/02/1923;030810;Malborghetto;030;UD
1923;Venezia Giulia;801;801115;Manchinie;;AP;08/02/1923;032803;Manchinie;032;TS
1923;Venezia Giulia;801;801116;Maresego;;AP;08/02/1923;702721;Maresego;702;PL
1923;Venezia Giulia;801;801117;Mariano;;AP;08/02/1923;030878;Mariano;030;UD
1923;Venezia Giulia;801;801118;Matteria;;AP;08/02/1923;702813;Matteria;702;PL
1923;Venezia Giulia;801;801119;Mattuglie;;AP;08/02/1923;702814;Mattuglie;702;PL
1923;Venezia Giulia;801;801120;Medana;;AP;08/02/1923;030879;Medana;030;UD
1923;Venezia Giulia;801;801121;Medea;;AP;08/02/1923;030880;Medea;030;UD
1923;Venezia Giulia;801;801122;Merna;;AP;08/02/1923;030881;Merna;030;UD
1923;Venezia Giulia;801;801123;Monfalcone;;AP;08/02/1923;032821;Monfalcone;032;TS
1923;Venezia Giulia;801;801124;Repno;;AP;08/02/1923;032002;Repno;032;TS
1923;Venezia Giulia;801;801125;Montefreddo;;AP;08/02/1923;702815;Montefreddo;702;PL
1923;Venezia Giulia;801;801126;Paugnano;;AP;08/02/1923;702722;Paugnano;702;PL
1923;Venezia Giulia;801;801127;San Vito al Monte;;AP;08/02/1923;030882;San Vito al Monte;030;UD
1923;Venezia Giulia;801;801128;Vrabice;;AP;08/02/1923;030883;Vrabice;030;UD
1923;Venezia Giulia;801;801129;Montenero d'Idria;;AP;08/02/1923;030884;Montenero d'Idria;030;UD
1923;Venezia Giulia;801;801130;Dornberg;;AP;08/02/1923;030885;Dornberg;030;UD
1923;Venezia Giulia;801;801131;Montona;;AP;08/02/1923;702723;Montona;702;PL
1923;Venezia Giulia;801;801132;Moraro;;AP;08/02/1923;030886;Moraro;030;UD
1923;Venezia Giulia;801;801133;Mossa;;AP;08/02/1923;030887;Mossa;030;UD
1923;Venezia Giulia;801;801134;Muggia;;AP;08/02/1923;032003;Muggia;032;TS
1923;Venezia Giulia;801;801135;Muscoli Strassoldo;;AP;08/02/1923;030812;Muscoli Strassoldo;030;UD
1923;Venezia Giulia;801;801136;Occisla-Clanzo;;AP;08/02/1923;702802;Occisla-Clanzo;702;PL
1923;Venezia Giulia;801;801137;Oltresonzia;;AP;08/02/1923;030888;Oltresonzia;030;UD
1923;Venezia Giulia;801;801138;Opacchiasella;;AP;08/02/1923;030889;Opacchiasella;030;UD
1923;Venezia Giulia;801;801139;Orsera;;AP;08/02/1923;702725;Orsera;702;PL
1923;Venezia Giulia;801;801140;Ossech-Vittuglie;;AP;08/02/1923;030890;Ossech-Vittuglie;030;UD
1923;Venezia Giulia;801;801141;Ossegliano San Michele;;AP;08/02/1923;030891;Ossegliano San Michele;030;UD
1923;Venezia Giulia;801;801142;Ossero;;AP;08/02/1923;702726;Ossero;702;PL
1923;Venezia Giulia;801;801143;Paniqua;;AP;08/02/1923;030892;Paniqua;030;UD
1923;Venezia Giulia;801;801144;Parenzo;;AP;08/02/1923;702727;Parenzo;702;PL
1923;Venezia Giulia;801;801145;Perteole;;AP;08/02/1923;030813;Perteole;030;UD
1923;Venezia Giulia;801;801146;Podgora;;AP;08/02/1923;030893;Podgora;030;UD
1923;Venezia Giulia;801;801147;Pinguente;;AP;08/02/1923;702728;Pinguente;702;PL
1923;Venezia Giulia;801;801148;Pirano;;AP;08/02/1923;702729;Pirano;702;PL
1923;Venezia Giulia;801;801149;Pisino;;AP;08/02/1923;702730;Pisino;702;PL
1923;Venezia Giulia;801;801150;Planina;;AP;08/02/1923;030894;Planina;030;UD
1923;Venezia Giulia;801;801151;Plezzo;;AP;08/02/1923;030895;Plezzo;030;UD
1923;Venezia Giulia;801;801152;Pliscovizza della Madonna;;AP;08/02/1923;030896;Pliscovizza della Madonna;030;UD
1923;Venezia Giulia;801;801153;Podicrai;;AP;08/02/1923;030897;Podicrai;030;UD
1923;Venezia Giulia;801;801154;Podraga;;AP;08/02/1923;030898;Podraga;030;UD
1923;Venezia Giulia;801;801155;Pola;;AP;08/02/1923;702731;Pola;702;PL
1923;Venezia Giulia;801;801156;Pontefella;;AP;08/02/1923;030814;Pontefella;030;UD
1923;Venezia Giulia;801;801157;Portole;;AP;08/02/1923;702732;Portole;702;PL
1923;Venezia Giulia;801;801158;Postumia;;AP;08/02/1923;032708;Postumia;032;TS
1923;Venezia Giulia;801;801159;Povir;;AP;08/02/1923;032812;Povir;032;TS
1923;Venezia Giulia;801;801160;Pervacina;;AP;08/02/1923;030899;Pervacina;030;UD
1923;Venezia Giulia;801;801161;Primano;;AP;08/02/1923;702816;Primano;702;PL
1923;Venezia Giulia;801;801162;Ranziano;;AP;08/02/1923;030900;Ranziano;030;UD
1923;Venezia Giulia;801;801163;Retacevo in Monte;;AP;08/02/1923;702817;Retacevo in Monte;702;PL
1923;Venezia Giulia;801;801164;Reifemberg;;AP;08/02/1923;030901;Reifemberg;030;UD
1923;Venezia Giulia;801;801165;Rodic;;AP;08/02/1923;032813;Rodic;032;TS
1923;Venezia Giulia;801;801166;Romans;;AP;08/02/1923;030902;Romans;030;UD
1923;Venezia Giulia;801;801167;Ronchi;;AP;08/02/1923;032822;Ronchi;032;TS
1923;Venezia Giulia;801;801168;Ronzina;;AP;08/02/1923;030903;Ronzina;030;UD
1923;Venezia Giulia;801;801169;Rovigno;;AP;08/02/1923;702733;Rovigno;702;PL
1923;Venezia Giulia;801;801170;Rozzo;;AP;08/02/1923;702734;Rozzo;702;PL
1923;Venezia Giulia;801;801171;Ruda;;AP;08/02/1923;030134;Ruda;030;UD
1923;Venezia Giulia;801;801172;Veliche-Zablie;;AP;08/02/1923;030904;Veliche-Zablie;030;UD
1923;Venezia Giulia;801;801173;Saga;;AP;08/02/1923;030905;Saga;030;UD
1923;Venezia Giulia;801;801174;Sagoria San Martino;;AP;08/02/1923;702818;Sagoria San Martino;702;PL
1923;Venezia Giulia;801;801175;Sagrado;;AP;08/02/1923;030906;Sagrado;030;UD
1923;Venezia Giulia;801;801176;Salcano;;AP;08/02/1923;030907;Salcano;030;UD
1923;Venezia Giulia;801;801177;Samaria;;AP;08/02/1923;030908;Samaria;030;UD
1923;Venezia Giulia;801;801178;Sempas;;AP;08/02/1923;030909;Sempas;030;UD
1923;Venezia Giulia;801;801179;San Canziano;;AP;08/02/1923;032823;San Canziano;032;TS
1923;Venezia Giulia;801;801180;San Daniele del Carso;;AP;08/02/1923;030910;San Daniele del Carso;030;UD
1923;Venezia Giulia;801;801181;San Dorligo della Valle-Dolina;Dolina;AP;08/02/1923;032004;San Dorligo della Valle-Dolina;032;TS
1923;Venezia Giulia;801;801182;San Floriano;;AP;08/02/1923;030911;San Floriano;030;UD
1923;Venezia Giulia;801;801183;San Giacomo in Colle;;AP;08/02/1923;032709;San Giacomo in Colle;032;TS
1923;Venezia Giulia;801;801184;San Lorenzo di Mossa;;AP;08/02/1923;030912;San Lorenzo di Mossa;030;UD
1923;Venezia Giulia;801;801185;San Martino Quisca;;AP;08/02/1923;030913;San Martino Quisca;030;UD
1923;Venezia Giulia;801;801186;San Michele di Postumia;;AP;08/02/1923;032710;San Michele di Postumia;032;TS
1923;Venezia Giulia;801;801187;San Pelagio;;AP;08/02/1923;032804;San Pelagio;032;TS
1923;Venezia Giulia;801;801188;San Pietro dell'Isonzo;;AP;08/02/1923;032824;San Pietro dell'Isonzo;032;TS
1923;Venezia Giulia;801;801189;San Pietro del Carso;;AP;08/02/1923;032711;San Pietro del Carso;032;TS
1923;Venezia Giulia;801;801190;San Pietro;;AP;08/02/1923;030914;San Pietro;030;UD
1923;Venezia Giulia;801;801191;San Vito al Torre;;AP;08/02/1923;030146;San Vito al Torre;030;UD
1923;Venezia Giulia;801;801192;San Vito di Vipacco;;AP;08/02/1923;030915;San Vito di Vipacco;030;UD
1923;Venezia Giulia;801;801193;Santa Croce di Aidussina;;AP;08/02/1923;030916;Santa Croce di Aidussina;030;UD
1923;Venezia Giulia;801;801194;Santa Lucia di Tolmino;;AP;08/02/1923;030917;Santa Lucia di Tolmino;030;UD
1923;Venezia Giulia;801;801195;Sant'Andrea;;AP;08/02/1923;030918;Sant'Andrea;030;UD
1923;Venezia Giulia;801;801196;Bainsizza Santo Spirito;;AP;08/02/1923;030919;Bainsizza Santo Spirito;030;UD
1923;Venezia Giulia;801;801197;Sanvincenti;;AP;08/02/1923;702735;Sanvincenti;702;PL
1923;Venezia Giulia;801;801198;Savogna;;AP;08/02/1923;030920;Savogna;030;UD
1923;Venezia Giulia;801;801199;Scherbina;;AP;08/02/1923;030921;Scherbina;030;UD
1923;Venezia Giulia;801;801200;Scodovacca;;AP;08/02/1923;030818;Scodovacca;030;UD
1923;Venezia Giulia;801;801201;Scoppo;;AP;08/02/1923;032814;Scoppo;032;TS
1923;Venezia Giulia;801;801202;Scrilie;;AP;08/02/1923;030922;Scrilie;030;UD
1923;Venezia Giulia;801;801203;Sebreghe;;AP;08/02/1923;030923;Sebreghe;030;UD
1923;Venezia Giulia;801;801204;Sedula;;AP;08/02/1923;030924;Sedula;030;UD
1923;Venezia Giulia;801;801205;Sello;;AP;08/02/1923;030925;Sello;030;UD
1923;Venezia Giulia;801;801206;Senadole;;AP;08/02/1923;032815;Senadole;032;TS
1923;Venezia Giulia;801;801207;Senosecchia;;AP;08/02/1923;032712;Senosecchia;032;TS
1923;Venezia Giulia;801;801208;Serpenizza;;AP;08/02/1923;030926;Serpenizza;030;UD
1923;Venezia Giulia;801;801209;Sesana;;AP;08/02/1923;032713;Sesana;032;TS
1923;Venezia Giulia;801;801210;Sgonico;;AP;08/02/1923;032005;Sgonico;032;TS
1923;Venezia Giulia;801;801211;Salto di Vipacco;;AP;08/02/1923;030927;Salto di Vipacco;030;UD
1923;Venezia Giulia;801;801212;Slivno;;AP;08/02/1923;032805;Slivno;032;TS
1923;Venezia Giulia;801;801213;Smeria;;AP;08/02/1923;702819;Smeria;702;PL
1923;Venezia Giulia;801;801214;Sonzia;;AP;08/02/1923;030928;Sonzia;030;UD
1923;Venezia Giulia;801;801215;Staranzano;;AP;08/02/1923;032825;Staranzano;032;TS
1923;Venezia Giulia;801;801216;Storie;;AP;08/02/1923;032816;Storie;032;TS
1923;Venezia Giulia;801;801217;Sturia;;AP;08/02/1923;030929;Sturia;030;UD
1923;Venezia Giulia;801;801218;Tapogliano;;AP;08/02/1923;030159;Tapogliano;030;UD
1923;Venezia Giulia;801;801219;Ternova;;AP;08/02/1923;030930;Ternova;030;UD
1923;Venezia Giulia;801;801220;Tarvisio;;AP;08/02/1923;030161;Tarvisio;030;UD
1923;Venezia Giulia;801;801221;Temnizza;;AP;08/02/1923;030931;Temnizza;030;UD
1923;Venezia Giulia;801;801222;Ternova d'Isonzo;;AP;08/02/1923;030932;Ternova d'Isonzo;030;UD
1923;Venezia Giulia;801;801223;Terzo d'Aquileia;;AP;08/02/1923;030164;Terzo d'Aquileia;030;UD
1923;Venezia Giulia;801;801224;Tolmino;;AP;08/02/1923;030933;Tolmino;030;UD
1923;Venezia Giulia;801;801225;Tomai;;AP;08/02/1923;032714;Tomai;032;TS
1923;Venezia Giulia;801;801226;Ternovo;;AP;08/02/1923;702820;Ternovo;702;PL
1923;Venezia Giulia;801;801227;Trenta d'Isonzo;;AP;08/02/1923;030934;Trenta d'Isonzo;030;UD
1923;Venezia Giulia;801;801228;Tribussa;;AP;08/02/1923;030935;Tribussa;030;UD
1923;Venezia Giulia;801;801229;Trieste;;AP;08/02/1923;032006;Trieste;032;TS
1923;Venezia Giulia;801;801230;Turriaco;;AP;08/02/1923;032826;Turriaco;032;TS
1923;Venezia Giulia;801;801231;Ucovizza;;AP;08/02/1923;030821;Ucovizza;030;UD
1923;Venezia Giulia;801;801232;Umago;;AP;08/02/1923;702736;Umago;702;PL
1923;Venezia Giulia;801;801233;Ustie;;AP;08/02/1923;030936;Ustie;030;UD
1923;Venezia Giulia;801;801234;Susgnevizza;;AP;08/02/1923;702737;Susgnevizza;702;PL
1923;Venezia Giulia;801;801235;Valle d'Istria;;AP;08/02/1923;702738;Valle d'Istria;702;PL
1923;Venezia Giulia;801;801236;Moschienizze;;AP;08/02/1923;702821;Moschienizze;702;PL
1923;Venezia Giulia;801;801237;Verpogliano;;AP;08/02/1923;030937;Verpogliano;030;UD
1923;Venezia Giulia;801;801238;Versa;;AP;08/02/1923;030938;Versa;030;UD
1923;Venezia Giulia;801;801239;Verteneglio;;AP;08/02/1923;702739;Verteneglio;702;PL
1923;Venezia Giulia;801;801240;Vertoiba;;AP;08/02/1923;030939;Vertoiba;030;UD
1923;Venezia Giulia;801;801241;Vertovino;;AP;08/02/1923;030940;Vertovino;030;UD
1923;Venezia Giulia;801;801242;Decani;;AP;08/02/1923;702740;Decani;702;PL
1923;Venezia Giulia;801;801243;Slavina;;AP;08/02/1923;032715;Slavina;032;TS
1923;Venezia Giulia;801;801244;Villa Vicentina;;AP;08/02/1923;030182;Villa Vicentina;030;UD
1923;Venezia Giulia;801;801245;Bassano;;AP;08/02/1923;032817;Bassano;032;TS
1923;Venezia Giulia;801;801246;Voghersca;;AP;08/02/1923;030941;Voghersca;030;UD
1923;Venezia Giulia;801;801247;Villesse;;AP;08/02/1923;030942;Villesse;030;UD
1923;Venezia Giulia;801;801248;Vipacco;;AP;08/02/1923;030943;Vipacco;030;UD
1923;Venezia Giulia;801;801249;Visco;;AP;08/02/1923;030183;Visco;030;UD
1923;Venezia Giulia;801;801250;Visignano;;AP;08/02/1923;702741;Visignano;702;PL
1923;Venezia Giulia;801;801251;Visinada;;AP;08/02/1923;702742;Visinada;702;PL
1923;Venezia Giulia;801;801252;Voischizza;;AP;08/02/1923;030944;Voischizza;030;UD
1923;Venezia Giulia;801;801253;Volosca-Abbazia;;AP;08/02/1923;702822;Volosca-Abbazia;702;PL
1923;Venezia Giulia;801;801254;Volzana;;AP;08/02/1923;030945;Volzana;030;UD
1923;Venezia Giulia;801;801255;Voschia;;AP;08/02/1923;030946;Voschia;030;UD
1923;Venezia Giulia;801;801256;Zara;;AP;08/02/1923;703702;Zara;703;ZA
1923;Venezia Giulia;801;801257;Zolla;;AP;08/02/1923;030947;Zolla;030;UD
1884;RA;039;039801;Tossignano;;AP;01/08/1884;037007;Tossignano;037;BO
1884;RA;039;039802;Castel del Rio;;AP;01/08/1884;037014;Castel del Rio;037;BO
1884;RA;039;039803;Fontana Elice;;AP;01/08/1884;037026;Fontana Elice;037;BO
1880;GE;010;010908;Pareto;;AP;01/01/1880;006125;Pareto;006;AL
1878;CB;070;070808;Presenzano;;AP;20/08/1878;061065;Presenzano;061;CE
1878;PV;018;018900;Isola Sant'Antonio;;AP;01/01/1878;006087;Isola Sant'Antonio;006;AL
1872;BS;017;017931;Volongo;;AP;01/01/1872;019114;Volongo;019;CR
1868;BS;017;017911;Acquanegra sul Chiese;;AP;01/07/1868;020001;Acquanegra sul Chiese;020;MN
1868;BS;017;017912;Asola;;AP;01/07/1868;020002;Asola;020;MN
1868;BS;017;017913;Canneto sull'Oglio;;AP;01/07/1868;020008;Canneto sull'Oglio;020;MN
1868;BS;017;017914;Casalmoro;;AP;01/07/1868;020010;Casalmoro;020;MN
1868;BS;017;017915;Casaloldo;;AP;01/07/1868;020011;Casaloldo;020;MN
1868;BS;017;017916;Casalpoglio;;AP;01/07/1868;020801;Casalpoglio;020;MN
1868;BS;017;017917;Casalromano;;AP;01/07/1868;020012;Casalromano;020;MN
1868;BS;017;017918;Castel Goffredo;;AP;01/07/1868;020015;Castel Goffredo;020;MN
1868;BS;017;017919;Castiglione delle Stiviere;;AP;01/07/1868;020017;Castiglione delle Stiviere;020;MN
1868;BS;017;017920;Cavriana;;AP;01/07/1868;020018;Cavriana;020;MN
1868;BS;017;017921;Ceresara;;AP;01/07/1868;020019;Ceresara;020;MN
1868;BS;017;017922;Goito;;AP;01/07/1868;020026;Goito;020;MN
1868;BS;017;017923;Guidizzolo;;AP;01/07/1868;020028;Guidizzolo;020;MN
1868;BS;017;017924;Mariana;;AP;01/07/1868;020032;Mariana;020;MN
1868;BS;017;017925;Medole;;AP;01/07/1868;020034;Medole;020;MN
1868;BS;017;017926;Monzambano;;AP;01/07/1868;020036;Monzambano;020;MN
1868;BS;017;017927;Ostiano;;AP;01/07/1868;019064;Ostiano;019;CR
1868;BS;017;017928;Piubega;;AP;01/07/1868;020041;Piubega;020;MN
1868;BS;017;017929;Redondesco;;AP;01/07/1868;020048;Redondesco;020;MN
1868;BS;017;017930;Solferino;;AP;01/07/1868;020063;Solferino;020;MN
1868;BS;017;017932;Volta Mantovana;;AP;01/07/1868;020070;Volta Mantovana;020;MN
1868;CR;019;019927;Bozzolo;;AP;01/07/1868;020007;Bozzolo;020;MN
1868;CR;019;019928;Castellucchio;;AP;01/07/1868;020016;Castellucchio;020;MN
1868;CR;019;019929;Commessaggio;;AP;01/07/1868;020020;Commessaggio;020;MN
1868;CR;019;019930;Dosolo;;AP;01/07/1868;020022;Dosolo;020;MN
1868;CR;019;019931;Gazzoldo;;AP;01/07/1868;020024;Gazzoldo;020;MN
1868;CR;019;019932;Gazzuolo;;AP;01/07/1868;020025;Gazzuolo;020;MN
1868;CR;019;019933;Marcaria;;AP;01/07/1868;020031;Marcaria;020;MN
1868;CR;019;019934;Pomponesco;;AP;01/07/1868;020043;Pomponesco;020;MN
1868;CR;019;019935;Rivarolo Fuori;;AP;01/07/1868;020050;Rivarolo Fuori;020;MN
1868;CR;019;019936;Rodigo;;AP;01/07/1868;020051;Rodigo;020;MN
1868;CR;019;019937;Sabbioneta;;AP;01/07/1868;020054;Sabbioneta;020;MN
1868;CR;019;019938;San Martino dall'Argine;;AP;01/07/1868;020059;San Martino dall'Argine;020;MN
1868;CR;019;019939;Viadana;;AP;01/07/1868;020066;Viadana;020;MN
1868;VR;023;023820;Ponti sul Mincio;;AP;01/07/1868;020044;Ponti sul Mincio;020;MN
