Anno evento;Sigla Provincia/Uts;Codice Provincia/Uts;Codice Comune;Denominazione precedente;Denominazione precedente (straniera);Data evento;Nuova denominazione;Nuova denominazione (straniera);Codice Comune associato;Codice Provincia/Uts associato;Sigla provincia/uts associata
2025;AL;006;006113;Murisengo;;10/10/2025;Murisengo Monferrato;;006113;006;AL
2025;ME;283;083100;Tripi;;13/06/2025;Tripi - Abakainon;;083100;283;ME
2023;PV;018;018026;Campospinoso;;18/11/2023;Campospinoso Albaredo;;018026;018;PV
2023;AT;005;005077;Montemagno;;19/10/2023;Montemagno Monferrato;;005077;005;AT
2023;PE;068;068033;Popoli;;13/07/2023;Popoli Terme;;068033;068;PE
2023;BZ;021;021053;Montagna/Montan;Montan;14/04/2023;Montagna sulla strada del vino/Montan an der Weinstraße;Montan an der Weinstraße;021053;021;BZ
2023;AT;005;005056;Grana;;17/01/2023;Grana Monferrato;;005056;005;AT
2022;AT;005;005014;Calliano;;12/08/2022;Calliano Monferrato;;005014;005;AT
2022;AT;005;005020;Casorzo;;03/03/2022;Casorzo Monferrato;;005020;005;AT
2019;BZ;021;021076;Salorno/Salurn;Salurn;11/10/2019;Salorno sulla strada del vino/Salurn an der Weinstraße;Salurn an der Weinstraße;021076;021;BZ
2019;AL;006;006045;Castellania;;31/05/2019;Castellania Coppi;;006045;006;AL
2019;VR;023;023052;Negrar;;23/02/2019;Negrar di Valpolicella;;023052;023;VR
2019;MN;020;020057;San Giorgio di Mantova;;01/01/2019;San Giorgio Bigarello;;020057;020;MN
2018;TN;022;022250;Sèn Jan di Fassa-Sèn Jan;Sèn Jan;07/12/2018;San Giovanni di Fassa-Sèn Jan;Sèn Jan;022250;022;TN
2017;SP;011;011020;Ortonovo;;20/04/2017;Luni;;011020;011;SP
2017;TN;022;022176;Soraga;;15/03/2017;Soraga di Fassa;;022176;022;TN
2017;MN;020;020061;Sermide;;01/03/2017;Sermide e Felonica;;020061;020;MN
2017;AL;006;006076;Fubine;;14/02/2017;Fubine Monferrato;;006076;006;AL
2016;VR;023;023030;Costermano;;24/12/2016;Costermano sul Garda;;023030;023;VR
2016;SA;065;065025;Capaccio;;10/06/2016;Capaccio Paestum;;065025;065;SA
2015;CN;004;004051;Castellinaldo;;30/01/2015;Castellinaldo d'Alba;;004051;004;CN
2014;VR;023;023014;Brenzone;;08/03/2014;Brenzone sul Garda;;023014;023;VR
2013;BS;017;017189;Tremosine;;12/11/2013;Tremosine sul Garda;;017189;017;BS
2012;PV;018;018073;Godiasco;;30/06/2012;Godiasco Salice Terme;;018073;018;PV
2009;PV;018;018122;Rivanazzano;;30/07/2009;Rivanazzano Terme;;018122;018;PV
2009;GO;031;031003;Doberdò del Lago;;29/01/2009;Doberdò del Lago-Doberdob;Doberdob;031003;031;GO
2009;GO;031;031019;San Floriano del Collio;;29/01/2009;San Floriano del Collio-Števerjan;Števerjan;031019;031;GO
2009;GO;031;031022;Savogna d'Isonzo;;29/01/2009;Savogna d'Isonzo-Sovodnje ob Soči;Sovodnje ob Soči;031022;031;GO
2009;TS;032;032001;Duino Aurisina;;29/01/2009;Duino Aurisina-Devin Nabrežina;Devin Nabrežina;032001;032;TS
2009;TS;032;032002;Monrupino;;29/01/2009;Monrupino-Repentabor;Repentabor;032002;032;TS
2009;TS;032;032005;Sgonico;;29/01/2009;Sgonico-Zgonik;Zgonik;032005;032;TS
2008;TN;022;022029;Caderzone;;15/10/2008;Caderzone Terme;;022029;022;TN
2008;BZ;021;021102;Trodena/Truden;Truden;19/03/2008;Trodena nel parco naturale/Truden im Naturpark;Truden im Naturpark;021102;021;BZ
2007;BS;017;017092;Lonato;;02/11/2007;Lonato del Garda;;017092;017;BS
2005;TN;022;022162;Ruffrè;;11/05/2005;Ruffrè-Mendola;;022162;022;TN
2005;TN;022;022156;Roncegno;;04/05/2005;Roncegno Terme;;022156;022;TN
2004;BG;016;016192;Sant'Omobono Imagna;;14/08/2004;Sant'Omobono Terme;;016192;016;BG
2003;BZ;021;021052;Monguelfo/Welsberg;Welsberg;29/10/2003;Monguelfo-Tesido/Welsberg-Taisten;Welsberg-Taisten;021052;021;BZ
2002;PU;041;041035;Monte Grimano;;07/06/2002;Monte Grimano Terme;;041035;041;PU
1999;FG;071;071049;Sannicandro Garganico;;22/10/1999;San Nicandro Garganico;;071049;071;FG
1999;TP;081;081003;Calatafimi;;20/09/1999;Calatafimi-Segesta;;081003;081;TP
1996;SS;090;090044;Nughedu di San Nicolò;;13/08/1996;Nughedu San Nicolò;;090044;090;SS
1995;AT;005;005001;Agliano;;27/04/1995;Agliano Terme;;005001;005;AT
1993;TN;022;022091;Garniga;;14/04/1993;Garniga Terme;;022091;022;TN
1992;BN;062;062074;Telese;;28/07/1992;Telese Terme;;062074;062;BN
1991;AO;007;007064;Saint-Rhémy;;21/08/1991;Saint-Rhémy-en-Bosses;;007064;007;AO
1991;OR;095;095037;Ollastra Simaxis;;10/07/1991;Ollastra;;095037;095;OR
1991;RE;035;035018;Ciano d'Enza;;18/06/1991;Canossa;;035018;035;RE
1991;CB;070;070071;San Polomatese;;01/05/1991;San Polo Matese;;070071;070;CB
1990;RI;057;057058;Pozzaglia Sabino;;15/12/1990;Pozzaglia Sabina;;057058;057;RI
1989;CB;070;070059;Ripalimosano;;16/08/1989;Ripalimosani;;070059;070;CB
1988;BR;074;074003;Ceglie Messapico;;25/10/1988;Ceglie Messapica;;074003;074;BR
1988;ME;083;083094;Scaletta Zanglea;;12/06/1988;Scaletta Zanclea;;083094;083;ME
1986;TN;022;022168;Sant'Orsola;;31/12/1986;Sant'Orsola Terme;;022168;022;TN
1986;CE;061;061038;Gallo;;06/03/1986;Gallo Matese;;061038;061;CE
1985;OR;095;095048;Sant'Antonio Ruinas;;11/08/1985;Villa Sant'Antonio;;095048;095;OR
1985;BO;037;037031;Grizzana;;11/05/1985;Grizzana Morandi;;037031;037;BO
1984;BL;025;025017;Danta;;15/12/1984;Danta di Cadore;;025017;025;BL
1983;SO;014;014035;Isolato;;14/07/1983;Madesimo;;014035;014;SO
1980;PC;033;033019;Farini d'Olmo;;10/06/1980;Farini;;033019;033;PC
1979;PD;028;028040;Galzignano;;28/08/1979;Galzignano Terme;;028040;028;PD
1978;ME;083;083032;Giardini;;02/07/1978;Giardini-Naxos;;083032;083;ME
1977;FI;048;048021;Greve;;10/09/1977;Greve in Chianti;;048021;048;FI
1977;FI;048;048020;Gambassi;;12/05/1977;Gambassi Terme;;048020;048;FI
1977;AO;007;007001;Allain;;02/01/1977;Allein;;007001;007;AO
1977;AO;007;007002;Antey Saint André;;02/01/1977;Antey-Saint-André;;007002;007;AO
1977;AO;007;007004;Arnaz;;02/01/1977;Arnad;;007004;007;AO
1977;AO;007;007008;Aymaville;;02/01/1977;Aymavilles;;007008;007;AO
1977;AO;007;007013;Challant Saint Anselme;;02/01/1977;Challand-Saint-Anselme;;007013;007;AO
1977;AO;007;007014;Challant Saint Victor;;02/01/1977;Challand-Saint-Victor;;007014;007;AO
1977;AO;007;007023;Donnaz;;02/01/1977;Donnas;;007023;007;AO
1977;AO;007;007025;Emarese;;02/01/1977;Emarèse;;007025;007;AO
1977;AO;007;007027;Fenis;;02/01/1977;Fénis;;007027;007;AO
1977;AO;007;007032;Gressoney la Trinité;;02/01/1977;Gressoney-La-Trinité;;007032;007;AO
1977;AO;007;007033;Gressoney Saint Jean;;02/01/1977;Gressoney-Saint-Jean;;007033;007;AO
1977;AO;007;007050;Pont Bozet;;02/01/1977;Pontboset;;007050;007;AO
1977;AO;007;007052;Pont Saint Martin;;02/01/1977;Pont-Saint-Martin;;007052;007;AO
1977;AO;007;007053;Pré Saint Didier;;02/01/1977;Pré-Saint-Didier;;007053;007;AO
1977;AO;007;007055;Rhêmes Notre Dame;;02/01/1977;Rhêmes-Notre-Dame;;007055;007;AO
1977;AO;007;007056;Rhêmes Saint Georges;;02/01/1977;Rhêmes-Saint-Georges;;007056;007;AO
1977;AO;007;007058;Saint Christophe;;02/01/1977;Saint-Christophe;;007058;007;AO
1977;AO;007;007059;Saint Denis;;02/01/1977;Saint-Denis;;007059;007;AO
1977;AO;007;007060;Saint Marcel;;02/01/1977;Saint-Marcel;;007060;007;AO
1977;AO;007;007061;Saint Nicolas;;02/01/1977;Saint-Nicolas;;007061;007;AO
1977;AO;007;007062;Saint Oyen;;02/01/1977;Saint-Oyen;;007062;007;AO
1977;AO;007;007063;Saint Pierre;;02/01/1977;Saint-Pierre;;007063;007;AO
1977;AO;007;007064;Saint Rhémy;;02/01/1977;Saint-Rhémy;;007064;007;AO
1977;AO;007;007065;Saint Vincent;;02/01/1977;Saint-Vincent;;007065;007;AO
1977;AO;007;007068;Valgrisanche;;02/01/1977;Valgrisenche;;007068;007;AO
1977;AO;007;007070;Valsavaranche;;02/01/1977;Valsavarenche;;007070;007;AO
1977;AO;007;007071;Valtournanche;;02/01/1977;Valtournenche;;007071;007;AO
1976;CE;061;061056;Piana di Caiazzo;;28/11/1976;Piana di Monte Verna;;061056;061;CE
1976;BS;017;017193;Vallio;;19/08/1976;Vallio Terme;;017193;017;BS
1975;TO;001;001227;Roreto Chisone;;12/03/1975;Roure;;001227;001;TO
1974;OR;095;095057;Siamanna-Siapiccia;;13/09/1974;Siamanna;;095057;095;OR
1974;SA;065;065046;Contursi;;07/04/1974;Contursi Terme;;065046;065;SA
1973;TN;022;022047;Castello di Fiemme;;26/09/1973;Castello-Molina di Fiemme;;022047;022;TN
1971;BS;017;017158;Puegnago;;05/11/1971;Puegnago del Garda;;017158;017;BS
1971;BZ;021;021004;Appiano/Eppan;Eppan;22/09/1971;Appiano sulla strada del vino/Eppan an der Weinstraße;Eppan an der Weinstraße;021004;021;BZ
1971;BZ;021;021015;Caldaro/Kaltern;Kaltern;22/09/1971;Caldaro sulla strada del vino/Kaltern an der Weinstraße;Kaltern an der Weinstraße;021015;021;BZ
1971;BZ;021;021024;Cortaccia/Kurtatsch;Kurtatsch;22/09/1971;Cortaccia sulla strada del vino/Kurtatsch an der Weinstraße;Kurtatsch an der Weinstraße;021024;021;BZ
1971;BZ;021;021025;Cortina all'Adige/Kurtinig;Kurtinig;22/09/1971;Cortina sulla strada del vino/Kurtinig an der Weinstraße;Kurtinig an der Weinstraße;021025;021;BZ
1971;BZ;021;021045;Magrè all'Adige/Margreid;Margreid;22/09/1971;Magrè sulla strada del vino/Margreid an der Weinstraße;Margreid an der Weinstraße;021045;021;BZ
1971;BZ;021;021098;Termeno/Tramin;Tramin;22/09/1971;Termeno sulla strada del vino/Tramin an der Weinstraße;Tramin an der Weinstraße;021098;021;BZ
1971;TN;022;022135;Pannone;;01/09/1971;Ronzo-Chienis;;022135;022;TN
1971;BZ;021;021031;Fiè/Völs;Völs;18/08/1971;Fiè allo Sciliar/Völs am Schlern;Völs am Schlern;021031;021;BZ
1970;CE;061;061025;Castello d'Alife;;28/10/1970;Castello del Matese;;061025;061;CE
1970;CE;061;061057;Piedimonte d'Alife;;27/10/1970;Piedimonte Matese;;061057;061;CE
1970;VA;012;012111;Osmate Lentate;;29/08/1970;Osmate;;012111;012;VA
1970;VR;023;023022;Castelnuovo di Verona;;04/08/1970;Castelnuovo del Garda;;023022;023;VR
1970;CS;078;078107;Rosito Capo Spulico;;21/03/1970;Roseto Capo Spulico;;078107;078;CS
1969;TN;022;022153;Riva;;24/12/1969;Riva del Garda;;022153;022;TN
1969;TN;022;022104;Lévico;;30/07/1969;Levico Terme;;022104;022;TN
1969;CH;069;069009;Buonanotte;;14/06/1969;Montebello sul Sangro;;069009;069;CH
1969;BS;017;017065;Darfo;;30/03/1969;Darfo Boario Terme;;017065;017;BS
1969;NA;063;063064;Resina;;30/03/1969;Ercolano;;063064;063;NA
1968;GO;031;031020;San Lorenzo di Mossa;;12/11/1968;San Lorenzo Isontino;;031020;031;GO
1968;BG;016;016110;Gaverina;;18/09/1968;Gaverina Terme;;016110;016;BG
1968;BL;025;025013;Cibiana;;18/09/1968;Cibiana di Cadore;;025013;025;BL
1968;IM;008;008052;San Bartolomeo del Cervo;;26/07/1968;San Bartolomeo al Mare;;008052;008;IM
1968;CS;078;078132;Santa Maria;;24/05/1968;Santa Maria del Cedro;;078132;078;CS
1968;SS;090;090062;San Francesco d'Aglientu;;07/05/1968;Aglientu;;090062;090;SS
1967;BS;017;017145;Polpenazze;;24/11/1967;Polpenazze del Garda;;017145;017;BS
1967;TO;001;001291;Venalzio;;29/10/1967;Venaus;;001291;001;TO
1966;CB;070;070124;Sessano;;15/10/1966;Sessano del Molise;;070124;070;CB
1965;VE;027;027011;Concordia Sagitaria;;11/09/1965;Concordia Sagittaria;;027011;027;VE
1965;UD;030;030007;Arta;;15/08/1965;Arta Terme;;030007;030;UD
1964;BG;016;016105;Fornovo di San Giovanni;;10/10/1964;Fornovo San Giovanni;;016105;016;BG
1964;VC;002;002035;Cascine San Giacomo;;02/10/1964;San Giacomo Vercellese;;002035;002;VC
1964;BS;017;017138;Pedergnaga Oriano;;02/10/1964;San Paolo;;017138;017;BS
1964;BL;025;025027;La Valle;;02/10/1964;La Valle Agordina;;025027;025;BL
1964;BG;016;016084;Costa di Monticelli;;27/06/1964;Costa di Mezzate;;016084;016;BG
1964;BL;025;025010;Cencenighe;;27/06/1964;Cencenighe Agordino;;025010;025;BL
1964;BL;025;025043;Rivamonte;;27/06/1964;Rivamonte Agordino;;025043;025;BL
1964;BL;025;025062;Vallada;;27/06/1964;Vallada Agordina;;025062;025;BL
1964;BL;025;025067;Voltago;;27/06/1964;Voltago Agordino;;025067;025;BL
1964;CA;092;092038;Figu-Gonnosnò;;09/06/1964;Gonnosnò;;092038;092;CA
1964;CA;092;092078;Ollasta;;09/06/1964;Albagiara;;092078;092;CA
1964;BL;025;025023;Forno di Canale;;14/05/1964;Canale d'Agordo;;025023;025;BL
1964;BL;025;025059;Taibon;;14/05/1964;Taibon Agordino;;025059;025;BL
1964;BL;025;025049;San Tomaso;;09/04/1964;San Tomaso Agordino;;025049;025;BL
1964;VT;056;056005;Bassano di Sutri;;01/03/1964;Bassano Romano;;056005;056;VT
1964;BG;016;016203;Sotto il Monte;;28/01/1964;Sotto il Monte Giovanni XXIII;;016203;016;BG
1963;MI;015;015240;Villavesco;;24/11/1963;Tavazzano con Villavesco;;015240;015;MI
1963;BG;016;016248;Algua di Costa Serina;;20/10/1963;Algua;;016248;016;BG
1963;VA;012;012088;Leggiuno-Sangiano;;14/09/1963;Leggiuno;;012088;012;VA
1963;AV;064;064096;Savignano di Puglia;;31/07/1963;Savignano Irpino;;064096;064;AV
1963;BS;017;017006;Angolo;;17/07/1963;Angolo Terme;;017006;017;BS
1962;RI;057;057022;Colli di Labro;;09/09/1962;Colli sul Velino;;057022;057;RI
1962;TV;026;026048;Moriago;;16/08/1962;Moriago della Battaglia;;026048;026;TV
1962;BG;016;016139;Monticelli di Borgogna;;02/08/1962;Montello;;016139;016;BG
1962;CO;013;013080;Crandola;;03/07/1962;Crandola Valsassina;;013080;013;CO
1962;FC;040;040005;Castrocaro e Terra del Sole;;26/05/1962;Castrocaro Terme e Terra del Sole;;040005;040;FC
1962;PZ;076;076020;Casalnuovo Lucano;;28/03/1962;San Paolo Albanese;;076020;076;PZ
1962;FR;060;060066;Sant'Andrea;;08/02/1962;Sant'Andrea del Garigliano;;060066;060;FR
1961;PV;018;018077;Inverno;;26/12/1961;Inverno e Monteleone;;018077;018;PV
1961;MC;043;043010;Castelsantangelo;;26/12/1961;Castelsantangelo sul Nera;;043010;043;MC
1961;VT;056;056046;San Giovanni di Bieda;;09/11/1961;Villa San Giovanni in Tuscia;;056046;056;VT
1961;TO;001;001274;Torre Bairo;;03/10/1961;Torre Canavese;;001274;001;TO
1961;NO;003;003056;Crevola d'Ossola;;17/08/1961;Crevoladossola;;003056;003;NO
1961;CR;019;019105;Torlino;;01/04/1961;Torlino Vimercati;;019105;019;CR
1961;BL;025;025005;Auronzo;;09/03/1961;Auronzo di Cadore;;025005;025;BL
1960;BG;016;016205;Spinone dei Castelli;;24/12/1960;Spinone al Lago;;016205;016;BG
1960;TO;001;001175;Ulzio;;22/11/1960;Oulx;;001175;001;TO
1960;RI;057;057007;Borgocollefegato;;29/09/1960;Borgorose;;057007;057;RI
1960;PE;068;068007;Caramanico;;29/09/1960;Caramanico Terme;;068007;068;PE
1960;NO;003;003125;Premosello;;13/02/1960;Premosello-Chiovenda;;003125;003;NO
1959;TO;001;001146;Mati;;03/10/1959;Mathi;;001146;001;TO
1959;PT;047;047017;Tizzana;;03/10/1959;Quarrata;;047017;047;PT
1959;BL;025;025008;Calalzo;;03/09/1959;Calalzo di Cadore;;025008;025;BL
1959;TN;022;022133;Palù;;08/07/1959;Palù del Fersina;;022133;022;TN
1959;BO;037;037020;Castel San Pietro dell'Emilia;;31/05/1959;Castel San Pietro Terme;;037020;037;BO
1959;VI;024;024106;Tonezza;;24/05/1959;Tonezza del Cimone;;024106;024;VI
1958;BG;016;016098;Marne;;10/09/1958;Filago;;016098;016;BG
1958;CB;070;070117;Sant'Angelo in Grotte;;28/08/1958;Santa Maria del Molise;;070117;070;CB
1958;BN;062;062012;Calvi San Nazzaro;;28/05/1958;Calvi;;062012;062;BN
1958;BS;017;017129;Padenghe;;25/04/1958;Padenghe sul Garda;;017129;017;BS
1958;PV;018;018021;Pregola;;30/03/1958;Brallo di Pregola;;018021;018;PV
1958;PV;018;018095;Montebello;;30/03/1958;Montebello della Battaglia;;018095;018;PV
1958;TP;081;081022;Paparella San Marco;;16/02/1958;Valderice;;081022;081;TP
1958;TN;022;022032;Calcerànica;;01/01/1958;Calceranica al Lago;;022032;022;TN
1957;VA;012;012121;Solbiate Arno e Monte;;26/12/1957;Solbiate Arno;;012121;012;VA
1957;BS;017;017175;Saviore;;26/12/1957;Saviore dell'Adamello;;017175;017;BS
1957;AP;044;044001;Acquasanta;;15/12/1957;Acquasanta Terme;;044001;044;AP
1957;SI;052;052009;Chianciano;;06/12/1957;Chianciano Terme;;052009;052;SI
1957;BL;025;025018;Domegge;;03/09/1957;Domegge di Cadore;;025018;025;BL
1957;TO;001;001039;Brusasco Cavagnolo;;21/07/1957;Brusasco;;001039;001;TO
1957;BS;017;017037;Capriano Azzano;;12/07/1957;Capriano del Colle;;017037;017;BS
1957;TN;022;022157;Ronchi;;10/07/1957;Ronchi Valsugana;;022157;022;TN
1957;BL;025;025033;Lozzo Cadore;;27/06/1957;Lozzo di Cadore;;025033;025;BL
1957;RA;039;039015;Riolo dei Bagni;;24/04/1957;Riolo Terme;;039015;039;RA
1957;BS;017;017142;Pian d'Artogne;;14/02/1957;Pian Camuno;;017142;017;BS
1957;BL;025;025047;San Pietro Cadore;;14/02/1957;San Pietro di Cadore;;025047;025;BL
1956;PI;050;050007;Bagni di Casciana;;15/08/1956;Casciana Terme;;050007;050;PI
1956;NA;063;063019;Casamicciola;;15/08/1956;Casamicciola Terme;;063019;063;NA
1956;PR;034;034032;Salsomaggiore;;26/07/1956;Salsomaggiore Terme;;034032;034;PR
1956;BG;016;016190;San Pellegrino;;12/06/1956;San Pellegrino Terme;;016190;016;BG
1956;AL;006;006001;Acqui;;24/05/1956;Acqui Terme;;006001;006;AL
1956;BG;016;016168;Nossa;;24/05/1956;Ponte Nossa;;016168;016;BG
1956;BS;017;017063;Corteno;;24/05/1956;Corteno Golgi;;017063;017;BS
1956;MI;015;015180;Renate Veduggio;;08/04/1956;Renate;;015180;015;MI
1956;CN;004;004173;Pradleve;;29/03/1956;Pradleves;;004173;004;CN
1956;CN;004;004127;Monasterolo Cassoto;;22/02/1956;Monasterolo Casotto;;004127;004;CN
1956;BZ;021;021085;Santa Cristina/St. Christina;St. Christina;04/01/1956;Santa Cristina Valgardena/St. Christina in Gröden;St. Christina in Gröden;021085;021;BZ
1956;TN;022;022145;Pozza;;04/01/1956;Pozza di Fassa;;022145;022;TN
1955;CR;019;019089;San Daniele Ripa Po;;18/11/1955;San Daniele Po;;019089;019;CR
1955;PV;018;018044;Cerretto Lomellino;;13/11/1955;Ceretto Lomellina;;018044;018;PV
1955;RE;035;035038;San Polo d'Enza in Caviano;;28/09/1955;San Polo d'Enza;;035038;035;RE
1955;VA;012;012059;Val Marchirolo;;19/08/1955;Cugliate-Fabiasco;;012059;012;VA
1955;CN;004;004205;Sampèire;;12/08/1955;Sampeyre;;004205;004;CN
1955;IM;008;008009;Borghetto di Arroscia;;12/08/1955;Borghetto d'Arroscia;;008009;008;IM
1955;TN;022;022045;Castello;;04/08/1955;Castel Condino;;022045;022;TN
1955;MC;043;043004;Belforte del Chiento;;10/07/1955;Belforte del Chienti;;043004;043;MC
1955;CS;078;078132;Cipollina;;10/07/1955;Santa Maria;;078132;078;CS
1955;TO;001;001279;Trave;;09/06/1955;Traves;;001279;001;TO
1955;BL;025;025069;Zoppè;;08/06/1955;Zoppè di Cadore;;025069;025;BL
1955;ME;083;083057;Montalbano di Elicona;;08/05/1955;Montalbano Elicona;;083057;083;ME
1955;VC;002;002058;Fontanetto da Po;;29/04/1955;Fontanetto Po;;002058;002;VC
1955;TO;001;001232;Salabertano;;05/04/1955;Salbertrand;;001232;001;TO
1955;BL;025;025037;Perarolo;;05/04/1955;Perarolo di Cadore;;025037;025;BL
1955;PZ;076;076094;Vaglio Lucano;;05/04/1955;Vaglio Basilicata;;076094;076;PZ
1955;UD;030;030088;Montereale Cellina;;12/03/1955;Montereale Valcellina;;030088;030;UD
1955;BZ;021;021001;Valdagno/Aldein;Aldein;02/03/1955;Aldino/Aldein;Aldein;021001;021;BZ
1955;BZ;021;021054;Moso/Moos;Moos;02/03/1955;Moso in Passiria/Moos in Passeier;Moos in Passeier;021054;021;BZ
1955;BZ;021;021089;Selva/Wolkenstein;Wolkenstein;02/03/1955;Selva di Val Gardena/Wolkenstein in Gröden;Wolkenstein in Gröden;021089;021;BZ
1955;TN;022;022010;Baselga;;02/03/1955;Baselga di Vezzano;;022010;022;TN
1955;TN;022;022226;Ziano;;02/03/1955;Ziano di Fiemme;;022226;022;TN
1954;GO;031;031001;Capriva di Cormons;;03/09/1954;Capriva del Friuli;;031001;031;GO
1954;ME;083;083003;Alì Marina;;15/08/1954;Alì Terme;;083003;083;ME
1954;FR;060;060015;Brocco;;14/08/1954;Broccostella;;060015;060;FR
1954;BZ;021;021067;Prato Venosta/Prad;Prad;17/07/1954;Prato allo Stelvio/Prad am Stilfserjoch;Prad am Stilfserjoch;021067;021;BZ
1954;BO;037;037007;Tossignano;;03/07/1954;Borgo Tossignano;;037007;037;BO
1954;CE;061;061076;San Gregorio;;25/06/1954;San Gregorio Matese;;061076;061;CE
1954;CA;092;092168;Bannari di Usellus;;26/05/1954;Villa Verde;;092168;092;CA
1954;PA;082;082069;Sclafani;;03/01/1954;Sclafani Bagni;;082069;082;PA
1953;CO;013;013166;Olgiate Calco;;13/09/1953;Olgiate Molgora;;013166;013;CO
1953;VA;012;012094;Maccagno Superiore;;25/08/1953;Maccagno;;012094;012;VA
1953;TO;001;001100;Esille;;16/07/1953;Exilles;;001100;001;TO
1953;TO;001;001092;Colleretto Parella;;21/06/1953;Colleretto Giacosa;;001092;001;TO
1953;BZ;021;021067;Prato allo Stelvio/Prad am Stilfserjoch;Prad am Stilfserjoch;23/05/1953;Prato Venosta/Prad;Prad;021067;021;BZ
1953;BS;017;017102;Manerba;;03/02/1953;Manerba del Garda;;017102;017;BS
1953;TO;001;001290;Vauda di Front;;07/01/1953;Vauda Canavese;;001290;001;TO
1952;ME;083;083038;Letojanni Gallodoro;;14/12/1952;Letojanni;;083038;083;ME
1952;VT;056;056007;Bieda;;07/10/1952;Blera;;056007;056;VT
1952;CN;004;004186;Roburento;;12/09/1952;Roburent;;004186;004;CN
1952;TN;022;022081;Fai;;17/05/1952;Fai della Paganella;;022081;022;TN
1952;TV;026;026068;Riese;;28/03/1952;Riese Pio X;;026068;026;TV
1952;CE;061;061037;Frignano Maggiore;;01/03/1952;Frignano;;061037;061;CE
1952;BS;017;017109;Moniga;;22/01/1952;Moniga del Garda;;017109;017;BS
1951;CN;004;004209;Sanfronte;;18/11/1951;Sanfront;;004209;004;CN
1951;FI;048;048031;Palazzuolo di Romagna;;27/09/1951;Palazzuolo sul Senio;;048031;048;FI
1951;CN;004;004202;Salmore;;11/09/1951;Salmour;;004202;004;CN
1951;BG;016;016239;Almè con Villa;;11/09/1951;Villa d'Almè;;016239;016;BG
1951;AT;005;005118;Villanuova d'Asti;;09/08/1951;Villanova d'Asti;;005118;005;AT
1951;PU;041;041025;Mercatello;;17/07/1951;Mercatello sul Metauro;;041025;041;PU
1951;BN;062;062012;San Nazzaro Calvi;;05/07/1951;Calvi San Nazzaro;;062012;062;BN
1951;VE;027;027013;Grisolera;;25/01/1951;Eraclea;;027013;027;VE
1950;CR;019;019065;Paderno Ossolaro;;10/12/1950;Paderno Ponchielli;;019065;019;CR
1950;CE;061;061098;Frignano Piccolo;;02/12/1950;Villa di Briano;;061098;061;CE
1950;TO;001;001266;Settimo Tavagnasco;;05/10/1950;Settimo Vittone;;001266;001;TO
1950;LU;046;046012;Trassilico;;06/08/1950;Fabbriche di Vallico;;046012;046;LU
1950;VI;024;024081;Pove;;20/07/1950;Pove del Grappa;;024081;024;VI
1950;AV;064;064024;Castelvetere di Calore;;20/07/1950;Castelvetere sul Calore;;064024;064;AV
1950;BA;072;072017;Castellana;;29/06/1950;Castellana Grotte;;072017;072;BA
1950;CN;004;004219;Serravalle delle Langhe;;24/06/1950;Serravalle Langhe;;004219;004;CN
1950;CA;092;092099;Palmas Suergiu;;11/06/1950;San Giovanni Suergiu;;092099;092;CA
1950;RI;057;057071;Petescia;;04/06/1950;Turania;;057071;057;RI
1950;CZ;079;079022;Casino;;28/05/1950;Castelsilano;;079022;079;CZ
1950;AV;064;064071;Petruro;;23/05/1950;Petruro Irpino;;064071;064;AV
1950;TO;001;001056;Masino;;21/02/1950;Caravino;;001056;001;TO
1950;AL;006;006072;Frassinello-Olivola;;11/02/1950;Frassinello Monferrato;;006072;006;AL
1950;TO;001;001300;Villafranca Sabauda;;03/02/1950;Villafranca Piemonte;;001300;001;TO
1950;CA;092;092163;San Pietro Pula;;29/01/1950;Villa San Pietro;;092163;092;CA
1949;SP;011;011012;Deiva;;11/12/1949;Deiva Marina;;011012;011;SP
1949;UD;030;030023;Camino di Codroipo;;11/12/1949;Camino al Tagliamento;;030023;030;UD
1949;CB;070;070106;San Felice del Littorio;;17/09/1949;San Felice del Molise;;070106;070;CB
1949;BL;025;025035;Ospitale;;09/09/1949;Ospitale di Cadore;;025035;025;BL
1949;PU;041;041019;Gabicce;;09/09/1949;Gabicce Mare;;041019;041;PU
1949;SI;052;052026;Rapolano;;09/09/1949;Rapolano Terme;;052026;052;SI
1949;CE;061;061094;Trentola;;09/09/1949;Trentola Ducenta;;061094;061;CE
1949;VT;056;056055;Bassanello;;08/09/1949;Vasanello;;056055;056;VT
1948;ME;083;083075;Rodi;;25/12/1948;Rodì Milici;;083075;083;ME
1948;PT;047;047009;Monsummano;;09/07/1948;Monsummano Terme;;047009;047;PT
1948;NO;003;003133;Castelli Cusiani;;08/05/1948;San Maurizio d'Opaglio;;003133;003;NO
1948;BG;016;016248;Bracca di Costa Serina;;22/04/1948;Algua di Costa Serina;;016248;016;BG
1948;CO;013;013119;Laglio-Brienno;;17/04/1948;Laglio;;013119;013;CO
1948;CS;078;078060;Grisolia Cipollina;;15/04/1948;Grisolia;;078060;078;CS
1948;VA;012;012005;Arsago;;31/03/1948;Arsago Seprio;;012005;012;VA
1948;MO;036;036042;Monfestino in Serramazzoni;;15/03/1948;Serramazzoni;;036042;036;MO
1948;TN;022;022945;Valdagno di Trento/Aldein;Aldein;14/03/1948;Valdagno/Aldein;Aldein;021001;021;BZ
1948;CE;061;061051;Mignano;;18/01/1948;Mignano Monte Lungo;;061051;061;CE
1948;BN;062;062050;Pescolamazza;;18/01/1948;Pesco Sannita;;062050;062;BN
1947;NO;003;003084;Lesa Belgirate;;23/12/1947;Lesa;;003084;003;NO
1947;TO;001;001072;Cere;;03/12/1947;Ceres;;001072;001;TO
1947;CO;013;013196;Paderno Robbiate;;02/10/1947;Robbiate;;013196;013;CO
1947;RI;057;057012;Aspra Sabina;;17/08/1947;Casperia;;057012;057;RI
1947;MI;015;015030;Bovisio;;08/08/1947;Bovisio-Masciago;;015030;015;MI
1947;LI;049;049013;Porto Longone;;06/07/1947;Porto Azzurro;;049013;049;LI
1947;NO;003;003033;Cannero;;01/07/1947;Cannero Riviera;;003033;003;NO
1947;TN;022;022180;Spor;;24/06/1947;Spormaggiore;;022180;022;TN
1947;MI;015;015029;Borgo Littorio;;14/05/1947;Borgo San Giovanni;;015029;015;MI
1947;AL;006;006160;Serravalle Libarna;;08/05/1947;Serravalle Scrivia;;006160;006;AL
1946;VE;027;027031;San Michele del Quarto;;08/12/1946;Quarto d'Altino;;027031;027;VE
1946;LT;059;059005;Cisterna di Littoria;;08/12/1946;Cisterna di Latina;;059005;059;LT
1946;NO;003;003142;Stresa Borromeo;;27/10/1946;Stresa;;003142;003;NO
1946;VA;012;012016;Lomnago;;27/10/1946;Bodio Lomnago;;012016;012;VA
1946;MC;043;043055;Urbisaglia Bonservizi;;27/10/1946;Urbisaglia;;043055;043;MC
1946;AO;007;007042;Lilliana;;10/03/1946;Lillianes;;007042;007;AO
1946;AO;007;007001;Alleno;;30/01/1946;Allain;;007001;007;AO
1946;AO;007;007002;Antei Sant' Andrea;;30/01/1946;Antey Saint André;;007002;007;AO
1946;AO;007;007005;Arviè;;30/01/1946;Arvier;;007005;007;AO
1946;AO;007;007007;Aias;;30/01/1946;Ayas;;007007;007;AO
1946;AO;007;007008;Aimavilla;;30/01/1946;Aymaville;;007008;007;AO
1946;AO;007;007010;Biona;;30/01/1946;Bionaz;;007010;007;AO
1946;AO;007;007012;Brussone;;30/01/1946;Brusson;;007012;007;AO
1946;AO;007;007015;Ciambave;;30/01/1946;Chambave;;007015;007;AO
1946;AO;007;007016;Camosio;;30/01/1946;Chamois;;007016;007;AO
1946;AO;007;007018;Campo Laris;;30/01/1946;Champorcher;;007018;007;AO
1946;AO;007;007020;Castiglion Dora;;30/01/1946;Châtillon;;007020;007;AO
1946;AO;007;007022;Cormaiore;;30/01/1946;Courmayeur;;007022;007;AO
1946;AO;007;007023;Donas;;30/01/1946;Donnaz;;007023;007;AO
1946;AO;007;007024;Dovia di Aosta;;30/01/1946;Doues;;007024;007;AO
1946;AO;007;007026;Etroble;;30/01/1946;Etroubles;;007026;007;AO
1946;AO;007;007039;La Maddalena d'Aosta;;30/01/1946;La Magdeleine;;007039;007;AO
1946;AO;007;007040;Sala Dora;;30/01/1946;La Salle;;007040;007;AO
1946;AO;007;007041;Porta Littoria;;30/01/1946;La Thuile;;007041;007;AO
1946;AO;007;007043;Mongiove;;30/01/1946;Montjovet;;007043;007;AO
1946;AO;007;007044;Valdigna d'Aosta;;30/01/1946;Morgex;;007044;007;AO
1946;AO;007;007046;Ollomonte;;30/01/1946;Ollomont;;007046;007;AO
1946;AO;007;007047;Oiasse;;30/01/1946;Oyace;;007047;007;AO
1946;AO;007;007050;Pianboseto;;30/01/1946;Pont Bozet;;007050;007;AO
1946;AO;007;007052;Ponte San Martino;;30/01/1946;Pont Saint Martin;;007052;007;AO
1946;AO;007;007053;San Desiderio Terme;;30/01/1946;Pré Saint Didier;;007053;007;AO
1946;AO;007;007054;Quarto Praetoria;;30/01/1946;Quart;;007054;007;AO
1946;AO;007;007062;Sant'Eugendo;;30/01/1946;Saint Oyen;;007062;007;AO
1946;AO;007;007064;San Remigio;;30/01/1946;Saint Rhémy;;007064;007;AO
1946;AO;007;007065;San Vincenzo della Fonte;;30/01/1946;Saint Vincent;;007065;007;AO
1946;AO;007;007067;Torgnone;;30/01/1946;Torgnon;;007067;007;AO
1946;AO;007;007068;Valgrisenza;;30/01/1946;Valgrisanche;;007068;007;AO
1946;AO;007;007069;Valpellina;;30/01/1946;Valpelline;;007069;007;AO
1946;AO;007;007070;Valsavara;;30/01/1946;Valsavaranche;;007070;007;AO
1946;AO;007;007071;Valtornenza;;30/01/1946;Valtournanche;;007071;007;AO
1946;AO;007;007073;Castel Verrès;;30/01/1946;Verrès;;007073;007;AO
1946;AO;007;007074;Villanova Baltea;;30/01/1946;Villeneuve;;007074;007;AO
1946;AO;007;007801;Villa Sant'Anselmo;;30/01/1946;Challant Saint Anselme et Challant Saint Victor;;007801;007;AO
1946;AO;007;007802;Gressonei;;30/01/1946;Gressoney;;007802;007;AO
1946;AO;007;007803;Val di Rema;;30/01/1946;Rhemes;;007803;007;AO
1945;SA;065;065067;Sanseverino Rota;;25/11/1945;Mercato San Severino;;065067;065;SA
1945;FR;060;060034;Filettino Graziani;;24/10/1945;Filettino;;060034;060;FR
1945;AP;044;044015;Comunanza del Littorio;;14/09/1945;Comunanza;;044015;044;AP
1945;LT;059;059011;Littoria;;22/06/1945;Latina;;059011;059;LT
1945;CH;069;069099;Istonio;;12/01/1945;Vasto;;069099;069;CH
1944;CA;092;092005;Mussolinia di Sardegna;;08/03/1944;Arborea;;092005;092;CA
1943;NO;003;003093;Massino;;29/07/1943;Massino Visconti;;003093;003;NO
1942;CT;087;087801;Giarre Riposto;;23/09/1942;Ionia;;087801;087;CT
1942;BZ;021;021032;Mezzaselva/Mittewald;Mittewald;07/05/1942;Fortezza/Franzensfeste;Franzensfeste;021032;021;BZ
1941;PU;041;041039;Mercatino Marecchia;;24/10/1941;Novafeltria;;041039;041;PU
1941;FU;701;701711;Moschiena;;12/09/1941;Valsantamarina;;701711;701;FU
1941;PA;082;082057;Piana dei Greci;;20/08/1941;Piana degli Albanesi;;082057;082;PA
1941;NU;091;091095;Arbatax di Tortolì;;23/05/1941;Tortolì;;091095;091;NU
1941;BL;025;025007;Borca;;27/02/1941;Borca di Cadore;;025007;025;BL
1941;PD;028;028028;Casal Serugo;;07/02/1941;Casalserugo;;028028;028;PD
1941;RC;080;080036;Gerace Superiore;;23/01/1941;Gerace;;080036;080;RC
1940;TS;032;032706;Divaccia San Canziano;;23/11/1940;Divaccia Grotte del Timavo;;032706;032;TS
1940;CR;019;019036;Cremona ed Uniti;;15/11/1940;Cremona;;019036;019;CR
1940;MO;036;036006;Castelfranco dell'Emilia;;07/09/1940;Castelfranco Emilia;;036006;036;MO
1940;BL;025;025032;Lorenzago;;01/09/1940;Lorenzago di Cadore;;025032;025;BL
1940;MO;036;036012;Finale nell'Emilia;;24/08/1940;Finale Emilia;;036012;036;MO
1940;CN;004;004202;Salmour;;10/08/1940;Salmore;;004202;004;CN
1940;CN;004;004205;Sampèyre;;10/08/1940;Sampèire;;004205;004;CN
1940;CN;004;004209;Sanfront;;10/08/1940;Sanfronte;;004209;004;CN
1940;VA;012;012043;Cabiaglio;;07/08/1940;Castello Cabiaglio;;012043;012;VA
1940;SO;014;014019;Chiesa;;24/07/1940;Chiesa in Valmalenco;;014019;014;SO
1940;PU;041;041065;Tomba di Pesaro;;23/07/1940;Tavullia;;041065;041;PU
1940;CO;013;013205;San Fedele;;02/07/1940;San Fedele Intelvi;;013205;013;CO
1940;PU;041;041026;Piandicastello;;02/07/1940;Mercatino Conca;;041026;041;PU
1940;CN;004;004084;Entraque;;07/05/1940;Entracque;;004084;004;CN
1940;CN;004;004173;Pradleves;;07/05/1940;Pradleve;;004173;004;CN
1940;CN;004;004186;Roburent;;07/05/1940;Roburento;;004186;004;CN
1940;VA;012;012034;Caronno Milanese;;23/03/1940;Caronno Pertusella;;012034;012;VA
1940;VA;012;012035;Caronno Ghiringhello;;23/03/1940;Caronno Varesino;;012035;012;VA
1940;TO;001;001157;Ferrera Cenisio;;05/03/1940;Moncenisio;;001157;001;TO
1940;AT;005;005086;Piovà;;11/02/1940;Piovà Massaia;;005086;005;AT
1940;BZ;021;021081;San Lorenzo in Pusteria/St. Lorenzen;St. Lorenzen;11/02/1940;San Lorenzo di Sebato/St. Lorenzen;St. Lorenzen;021081;021;BZ
1940;UD;030;030084;Meretto di Tomba;;11/02/1940;Mereto di Tomba;;030084;030;UD
1940;AQ;066;066049;Aquila degli Abruzzi;;11/01/1940;L'Aquila;;066049;066;AQ
1939;ME;083;083029;Kaggi;;22/12/1939;Gaggi;;083029;083;ME
1939;VI;024;024104;Tezze;;17/11/1939;Tezze sul Brenta;;024104;024;VI
1939;CO;013;013201;Rovi Porro;;04/11/1939;Rovellasca;;013201;013;CO
1939;SS;090;090047;Terranova Pausania;;24/10/1939;Olbia;;090047;090;SS
1939;AO;007;007001;Allain;;21/10/1939;Alleno;;007001;007;AO
1939;AO;007;007002;Antey Saint André;;21/10/1939;Antei Sant' Andrea;;007002;007;AO
1939;AO;007;007005;Arvier;;21/10/1939;Arviè;;007005;007;AO
1939;AO;007;007007;Ayas;;21/10/1939;Aias;;007007;007;AO
1939;AO;007;007010;Bionaz;;21/10/1939;Biona;;007010;007;AO
1939;AO;007;007012;Brusson;;21/10/1939;Brussone;;007012;007;AO
1939;AO;007;007015;Chambave;;21/10/1939;Ciambave;;007015;007;AO
1939;AO;007;007016;Chamois;;21/10/1939;Camosio;;007016;007;AO
1939;AO;007;007018;Champorcher;;21/10/1939;Campo Laris;;007018;007;AO
1939;AO;007;007020;Chatillon;;21/10/1939;Castiglion Dora;;007020;007;AO
1939;AO;007;007022;Courmayeur;;21/10/1939;Cormaiore;;007022;007;AO
1939;AO;007;007023;Donnaz;;21/10/1939;Donas;;007023;007;AO
1939;AO;007;007024;Doues;;21/10/1939;Dovia di Aosta;;007024;007;AO
1939;AO;007;007026;Ètroubles;;21/10/1939;Etroble;;007026;007;AO
1939;AO;007;007039;La Magdeleine;;21/10/1939;La Maddalena d'Aosta;;007039;007;AO
1939;AO;007;007041;La Thuile;;21/10/1939;Porta Littoria;;007041;007;AO
1939;AO;007;007046;Ollomont;;21/10/1939;Ollomonte;;007046;007;AO
1939;AO;007;007047;Oyace;;21/10/1939;Oiasse;;007047;007;AO
1939;AO;007;007050;Pont Bozet;;21/10/1939;Pianboseto;;007050;007;AO
1939;AO;007;007053;Pré Saint Didier;;21/10/1939;San Desiderio Terme;;007053;007;AO
1939;AO;007;007062;Saint Oyen;;21/10/1939;Sant'Eugendo;;007062;007;AO
1939;AO;007;007064;Saint Rhémy;;21/10/1939;San Remigio;;007064;007;AO
1939;AO;007;007065;Saint Vincent;;21/10/1939;San Vincenzo della Fonte;;007065;007;AO
1939;AO;007;007067;Torgnon;;21/10/1939;Torgnone;;007067;007;AO
1939;AO;007;007068;Valgrisanche;;21/10/1939;Valgrisenza;;007068;007;AO
1939;AO;007;007069;Valpelline;;21/10/1939;Valpellina;;007069;007;AO
1939;AO;007;007070;Valsavaranche;;21/10/1939;Valsavara;;007070;007;AO
1939;AO;007;007071;Valtournanche;;21/10/1939;Valtornenza;;007071;007;AO
1939;AO;007;007073;Verrès;;21/10/1939;Castel Verrès;;007073;007;AO
1939;AO;007;007801;Challant;;21/10/1939;Villa Sant'Anselmo;;007801;007;AO
1939;AO;007;007802;Gressoney;;21/10/1939;Gressonei;;007802;007;AO
1939;AO;007;007803;Rhemes;;21/10/1939;Val di Rema;;007803;007;AO
1939;AL;006;006128;Pecetto;;16/09/1939;Pecetto di Valenza;;006128;006;AL
1939;TO;001;001130;Leyni;;21/07/1939;Leini;;001130;001;TO
1939;TO;001;001146;Mathi;;21/07/1939;Mati;;001146;001;TO
1939;TS;032;032819;Fogliano di Monfalcone;;15/07/1939;Fogliano Redipuglia;;032819;032;TS
1939;TO;001;001227;Roreto;;23/04/1939;Roreto Chisone;;001227;001;TO
1939;AT;005;005057;Grazzano Monferrato;;22/04/1939;Grazzano Badoglio;;005057;005;AT
1939;AN;042;042023;Maiolati;;22/04/1939;Maiolati Spontini;;042023;042;AN
1938;CO;013;013186;Pognana;;20/12/1938;Pognana Lario;;013186;013;CO
1938;FR;060;060034;Filettino;;27/11/1938;Filettino Graziani;;060034;060;FR
1938;BZ;021;021026;Ladinia/Corvara;Corvara;17/10/1938;Corvara in Badia/Corvara;Corvara;021026;021;BZ
1938;BZ;021;021065;Ponte all'Isarco/Waidbruck;Waidbruck;17/10/1938;Ponte Gardena/Waidbruck;Waidbruck;021065;021;BZ
1938;FC;040;040048;Scorticata;;03/09/1938;Torriana;;040048;040;FC
1938;FC;040;040021;Misano in Villa Vittoria;;18/08/1938;Misano Adriatico;;040021;040;FC
1938;TO;001;001248;San Morizio Canavese;;09/07/1938;San Maurizio Canavese;;001248;001;TO
1938;RG;088;088001;Biscari;;09/07/1938;Acate;;088001;088;RG
1938;CH;069;069099;Vasto;;02/06/1938;Istonio;;069099;069;CH
1938;BO;037;037057;Sasso Bolognese;;28/04/1938;Sasso Marconi;;037057;037;BO
1938;SA;065;065801;Policastro del Golfo;;28/04/1938;Capitello;;065801;065;SA
1938;PV;018;018093;Miradolo;;25/03/1938;Miradolo Terme;;018093;018;PV
1938;UD;030;030062;Forgaria;;13/01/1938;Forgaria nel Friuli;;030062;030;UD
1937;AL;006;006051;Castelletto Scazzoso;;16/10/1937;Castelletto Monferrato;;006051;006;AL
1937;AL;006;006160;Serravalle Scrivia;;08/09/1937;Serravalle Libarna;;006160;006;AL
1937;TO;001;001055;Chiavrie;;16/06/1937;Caprie;;001055;001;TO
1937;TO;001;001072;Ceres;;16/06/1937;Cere;;001072;001;TO
1937;TO;001;001076;Chianoc;;16/06/1937;Chianocco;;001076;001;TO
1937;TO;001;001087;Clavieres;;16/06/1937;Claviere;;001087;001;TO
1937;TO;001;001099;Druent;;16/06/1937;Druento;;001099;001;TO
1937;TO;001;001100;Exilles;;16/06/1937;Esille;;001100;001;TO
1937;TO;001;001175;Oulx;;16/06/1937;Ulzio;;001175;001;TO
1937;TO;001;001202;Praly;;16/06/1937;Prali;;001202;001;TO
1937;TO;001;001227;Roure;;16/06/1937;Roreto;;001227;001;TO
1937;TO;001;001232;Salbertrand;;16/06/1937;Salabertano;;001232;001;TO
1937;TO;001;001279;Traves;;16/06/1937;Trave;;001279;001;TO
1937;TO;001;001283;Vayes;;16/06/1937;Vaie;;001283;001;TO
1937;TO;001;001291;Venaus;;16/06/1937;Venalzio;;001291;001;TO
1936;MC;043;043055;Urbisaglia;;30/10/1936;Urbisaglia Bonservizi;;043055;043;MC
1936;PZ;076;076020;San Paolo Albanese;;29/07/1936;Casalnuovo Lucano;;076020;076;PZ
1936;CA;092;092093;Mogorella Ruinas;;29/07/1936;Ruinas;;092093;092;CA
1936;FC;040;040032;Predappio Nuova;;25/03/1936;Predappio;;040032;040;FC
1935;SA;065;065067;San Severino Rota;;30/10/1935;Sanseverino Rota;;065067;065;SA
1935;BO;037;037057;Praduro e Sasso;;16/08/1935;Sasso Bolognese;;037057;037;BO
1935;PI;050;050031;Bagni San Giuliano;;31/07/1935;San Giuliano Terme;;050031;050;PI
1935;RG;088;088005;Spaccaforno;;06/07/1935;Ispica;;088005;088;RG
1935;PR;034;034022;Monchio;;26/06/1935;Monchio delle Corti;;034022;034;PR
1935;MT;077;077802;Genzano;;26/06/1935;Genzano di Lucania;;077802;077;MT
1935;LT;059;059005;Cisterna di Roma;;15/06/1935;Cisterna di Littoria;;059005;059;LT
1935;TO;001;001263;Sestrières;;12/06/1935;Sestriere;;001263;001;TO
1935;AO;007;007902;Valchiusa;;23/03/1935;Vico Canavese;;007902;007;AO
1935;VA;012;012139;Viggiù ed Uniti;;20/03/1935;Viggiù;;012139;012;VA
1935;TV;026;026081;Melma;;15/03/1935;Silea;;026081;026;TV
1935;UD;030;030067;Gemona;;10/03/1935;Gemona del Friuli;;030067;030;UD
1935;GO;031;031727;Santa Lucia di Tolmino;;02/03/1935;Santa Lucia d'Isonzo;;031727;031;GO
1935;TS;032;032708;Postumia;;02/03/1935;Postumia Grotte;;032708;032;TS
1934;SA;065;065067;Mercato San Severino;;07/12/1934;San Severino Rota;;065067;065;SA
1934;GE;010;010029;San Rufino;;05/10/1934;Leivi;;010029;010;GE
1934;PD;028;028057;San Pietro Montagnon;;27/09/1934;Montegrotto Terme;;028057;028;PD
1934;TP;081;081008;Monte San Giuliano;;12/09/1934;Erice;;081008;081;TP
1934;AV;064;064063;Morra Irpino;;22/06/1934;Morra De Sanctis;;064063;064;AV
1934;AV;064;064801;Bellizzi;;13/06/1934;Bellizzi Irpino;;064801;064;AV
1934;TO;001;001300;Villafranca Piemonte;;29/03/1934;Villafranca Sabauda;;001300;001;TO
1934;RC;080;080043;Gerace Marina;;15/03/1934;Locri;;080043;080;RC
1934;VI;024;024084;Recoaro;;14/03/1934;Recoaro Terme;;024084;024;VI
1934;CO;013;013040;Campione;;25/02/1934;Campione d'Italia;;013040;013;CO
1934;CL;085;085010;Littoria Nissena;;25/01/1934;Milena;;085010;085;CL
1933;VI;024;024078;Piovene;;12/12/1933;Piovene Rocchette;;024078;024;VI
1933;NA;063;063051;Ottaiano;;12/12/1933;Ottaviano;;063051;063;NA
1933;CO;013;013196;Robbiate Paderno;;01/12/1933;Paderno Robbiate;;013196;013;CO
1933;MS;045;045009;Licciana;;06/10/1933;Licciana Nardi;;045009;045;MS
1933;FC;040;040045;Savignano di Romagna;;05/10/1933;Savignano sul Rubicone;;040045;040;FC
1933;CL;085;085010;Milocca;;03/10/1933;Littoria Nissena;;085010;085;CL
1933;CA;092;092092;Riola;;08/09/1933;Riola Sardo;;092092;092;CA
1933;PZ;076;076056;Palmira;;30/07/1933;Oppido Lucano;;076056;076;PZ
1933;RM;058;058018;Leprignano;;20/07/1933;Capena;;058018;058;RM
1933;PZ;076;076094;Vaglio di Basilicata;;13/07/1933;Vaglio Lucano;;076094;076;PZ
1933;BL;025;025030;Livinallongo;;25/04/1933;Livinallongo del Col di Lana;;025030;025;BL
1932;RO;029;029052;Taglio di Porto Viro;;18/12/1932;Porto Viro;;029052;029;RO
1932;FR;060;060083;Vallefredda;;18/12/1932;Vallemaio;;060083;060;FR
1932;PZ;076;076037;Saponara di Grumento;;22/11/1932;Grumento Nova;;076037;076;PZ
1932;CN;004;004811;Monchiero Novello;;09/11/1932;Novello Monchiero;;004811;004;CN
1932;FC;040;040041;San Mauro di Romagna;;09/11/1932;San Mauro Pascoli;;040041;040;FC
1932;PR;034;034005;Metti e Pozzolo;;06/07/1932;Bore;;034005;034;PR
1932;TS;032;032002;Rupin Grande;;26/05/1932;Monrupino;;032002;032;TS
1932;AP;044;044015;Comunanza;;12/04/1932;Comunanza del Littorio;;044015;044;AP
1932;TO;001;001112;Gassino;;08/04/1932;Gassino Torinese;;001112;001;TO
1932;FI;048;048034;Prato in Toscana;;18/02/1932;Prato;;048034;048;FI
1932;TN;022;022674;Turano;;10/01/1932;Valvestino;;022674;022;TN
1931;UD;030;030157;Platischis;;06/12/1931;Taipana;;030157;030;UD
1931;MC;043;043015;Pausula;;24/10/1931;Corridonia;;043015;043;MC
1931;BO;037;037049;Bagni della Porretta;;27/09/1931;Porretta Terme;;037049;037;BO
1931;CO;013;013900;Figliaro;;08/07/1931;Mirabello Comasco;;013900;013;CO
1931;FG;071;071003;Anzano degli Irpini;;22/05/1931;Anzano di Puglia;;071003;071;FG
1931;TN;022;022809;Arnò;;20/05/1931;Bondo Breguzzo;;022809;022;TN
1931;BA;072;072006;Bari delle Puglie;;17/05/1931;Bari;;072006;072;BA
1931;MI;015;015073;Cervignano;;06/03/1931;Cervignano d'Adda;;015073;015;MI
1930;VE;027;027019;Cavazuccherina;;07/12/1930;Jesolo;;027019;027;VE
1930;SP;011;011015;Spezia;;18/11/1930;La Spezia;;011015;011;SP
1930;AL;006;006058;Ceretto Grue;;06/11/1930;Cerreto Grue;;006058;006;AL
1930;RC;080;080042;Laureana di Borello;;06/11/1930;Laureana di Borrello;;080042;080;RC
1930;CO;013;013196;Robbiate;;16/10/1930;Robbiate Paderno;;013196;013;CO
1930;MI;015;015227;Velate Milanese;;30/09/1930;Usmate Velate;;015227;015;MI
1930;NA;063;063066;San Gennaro;;25/09/1930;San Gennaro Vesuviano;;063066;063;NA
1930;VR;023;023059;Peschiera sul Lago di Garda;;09/09/1930;Peschiera del Garda;;023059;023;VR
1930;AV;064;064005;Ariano di Puglia;;17/07/1930;Ariano Irpino;;064005;064;AV
1930;SA;065;065071;Ortodonico;;10/07/1930;Montecorice;;065071;065;SA
1930;SO;014;014051;Pendolasco;;17/04/1930;Poggiridenti;;014051;014;SO
1930;PA;082;082005;Parco;;15/04/1930;Altofonte;;082005;082;PA
1930;PA;082;082012;Buompietro;;13/04/1930;Bompietro;;082012;082;PA
1930;AL;006;006858;Castelnuovo d'Asti;;30/03/1930;Castelnuovo Don Bosco;;006858;006;AL
1930;BL;025;025065;Vigo;;12/03/1930;Vigo di Cadore;;025065;025;BL
1930;BS;017;017179;Sermione;;07/03/1930;Sirmione;;017179;017;BS
1930;TN;022;022180;Spormaggiore;;07/02/1930;Spor;;022180;022;TN
1929;CO;013;013839;Carugo con Arosio;;28/12/1929;Carugo Arosio;;013839;013;CO
1929;FI;048;048041;Casellina e Torri;;18/12/1929;Scandicci;;048041;048;FI
1929;MN;020;020032;Mariana;;06/12/1929;Mariana Mantovana;;020032;020;MN
1929;CZ;079;079074;Martirano;;30/11/1929;Martirano Lombardo;;079074;079;CZ
1929;NO;003;003147;Trarego;;29/10/1929;Trarego Viggiona;;003147;003;NO
1929;CO;013;013188;Pontelezza;;29/10/1929;Ponte Lambro;;013188;013;CO
1929;PC;033;033011;Carpaneto;;06/10/1929;Carpaneto Piacentino;;033011;033;PC
1929;AO;007;007043;Montjovet;;03/10/1929;Mongiove;;007043;007;AO
1929;MI;015;015239;Villa San Fiorano;;25/08/1929;Villasanta;;015239;015;MI
1929;CB;070;070106;San Felice Slavo;;23/08/1929;San Felice del Littorio;;070106;070;CB
1929;CT;087;087006;Adernò;;23/08/1929;Adrano;;087006;087;CT
1929;CA;092;092046;Villarios Masainas;;23/08/1929;Giba;;092046;092;CA
1929;BN;062;062058;San Giorgio la Montagna;;16/08/1929;San Giorgio del Sannio;;062058;062;BN
1929;CO;013;013027;Bosisio;;10/07/1929;Bosisio Parini;;013027;013;CO
1929;CO;013;013107;Gera;;03/07/1929;Gera Lario;;013107;013;CO
1929;BG;016;016013;Arsago;;02/07/1929;Arzago d'Adda;;016013;016;BG
1929;RO;029;029038;Pontecchio;;02/07/1929;Pontecchio Polesine;;029038;029;RO
1929;LE;075;075072;Santa Cesarea;;25/06/1929;Santa Cesarea Terme;;075072;075;LE
1929;CO;013;013043;Salvadera;;04/06/1929;Capiago Intimiano;;013043;013;CO
1929;AO;007;007902;Vico Canavese;;28/05/1929;Valchiusa;;007902;007;AO
1929;PL;702;702718;Silun Mont'Aquila;;07/05/1929;Lanischie;;702718;702;PL
1929;AO;007;007889;Settimo Vittone;;04/05/1929;Settimo Tavagnasco;;007889;007;AO
1929;AO;007;007052;Pont Saint Martin;;03/05/1929;Ponte San Martino;;007052;007;AO
1929;BZ;021;021010;Colle Isarco/Gossensass;Gossensass;03/05/1929;Brennero/Brenner;Brenner;021010;021;BZ
1929;TO;001;001049;Campiglione;;13/04/1929;Campiglione Fenile;;001049;001;TO
1929;BZ;021;021023;Cornedo/Karneid;Karneid;13/04/1929;Cornedo all'Isarco/Karneid;Karneid;021023;021;BZ
1929;AO;007;007054;Quart;;12/04/1929;Quarto Praetoria;;007054;007;AO
1929;CO;013;013233;Rezzo Cavargna;;11/04/1929;Val Rezzo;;013233;013;CO
1929;MI;015;015180;Renate;;11/04/1929;Renate Veduggio;;015180;015;MI
1929;NO;003;003011;Bannio;;24/03/1929;Bannio Anzino;;003011;003;NO
1929;MI;015;015029;Cazzimani;;15/03/1929;Borgo Littorio;;015029;015;MI
1929;CZ;079;079037;Cotrone;;12/03/1929;Crotone;;079037;079;CZ
1929;PV;018;018135;San Genesio;;08/03/1929;San Genesio ed Uniti;;018135;018;PV
1929;TV;026;026025;Crocetta Trevigiana;;02/03/1929;Crocetta del Montello;;026025;026;TV
1929;BS;017;017142;Pian Camuno;;21/02/1929;Pian d'Artogne;;017142;017;BS
1929;MI;015;015225;Turano;;13/02/1929;Turano Lodigiano;;015225;015;MI
1929;SA;065;065143;Sicignano;;08/02/1929;Sicignano degli Alburni;;065143;065;SA
1929;TN;022;022139;Pèrgine;;25/01/1929;Pergine Valsugana;;022139;022;TN
1929;AO;007;007042;Lillianes;;24/01/1929;Lilliana;;007042;007;AO
1929;BS;017;017157;Provaglio;;02/01/1929;Provaglio Val Sabbia;;017157;017;BS
1929;TN;022;022809;Bondo Breguzzo;;01/01/1929;Arnò;;022809;022;TN
1928;BZ;021;021079;San Genesio/Jenesien;Jenesien;30/12/1928;San Genesio Atesino/Jenesien;Jenesien;021079;021;BZ
1928;PT;047;047011;Bagni di Montecatini;;08/12/1928;Montecatini-Terme;;047011;047;PT
1928;AL;006;006884;Incisa Belbo;;07/12/1928;Incisa Scapaccino;;006884;006;AL
1928;AQ;066;066041;Pentima;;07/12/1928;Corfinio;;066041;066;AQ
1928;AO;007;007074;Villaneuve;;07/11/1928;Villanova Baltea;;007074;007;AO
1928;VI;024;024012;Bassano;;07/11/1928;Bassano del Grappa;;024012;024;VI
1928;BZ;021;021081;San Lorenzo/St. Lorenzen;St. Lorenzen;28/10/1928;San Lorenzo in Pusteria/St. Lorenzen;St. Lorenzen;021081;021;BZ
1928;RM;058;058093;Scrofano;;09/10/1928;Sacrofano;;058093;058;RM
1928;BO;037;037053;Persiceto;;07/10/1928;San Giovanni in Persiceto;;037053;037;BO
1928;BG;016;016168;Ponte di Nossa;;25/09/1928;Nossa;;016168;016;BG
1928;BS;017;017164;Volciano;;09/09/1928;Roè Volciano;;017164;017;BS
1928;RM;058;058929;Piperno;;09/09/1928;Priverno;;058929;058;RM
1928;NO;003;003029;Calasca;;06/09/1928;Calasca-Castiglione;;003029;003;NO
1928;AL;006;006072;Frassinello Monferrato;;16/08/1928;Frassinello-Olivola;;006072;006;AL
1928;MI;015;015156;Nova;;16/08/1928;Nova Milanese;;015156;015;MI
1928;TN;022;022945;Valdagno/Aldein;Aldein;16/08/1928;Valdagno di Trento/Aldein;Aldein;022945;022;TN
1928;NO;003;003133;San Maurizio d'Opaglio;;12/08/1928;Castelli Cusiani;;003133;003;NO
1928;VI;024;024010;Asigliano;;09/08/1928;Asigliano Veneto;;024010;024;VI
1928;VA;012;012061;Curiglia;;07/08/1928;Curiglia con Monteviasco;;012061;012;VA
1928;PV;018;018006;Badia;;01/08/1928;Badia Pavese;;018006;018;PV
1928;VA;012;012045;Castello Valtravaglia;;29/07/1928;Castelveccana;;012045;012;VA
1928;UD;030;030139;San Giovanni di Manzano;;01/07/1928;San Giovanni al Natisone;;030139;030;UD
1928;PR;034;034006;Borgo Taro;;28/06/1928;Borgo Val di Taro;;034006;034;PR
1928;AL;006;006166;Spineto;;19/06/1928;Spineto Scrivia;;006166;006;AL
1928;CO;013;013234;Comune della Valsolda;;19/06/1928;Valsolda;;013234;013;CO
1928;TN;022;022860;Salter-Malgolo;;16/06/1928;Malgolo;;022860;022;TN
1928;BZ;021;021082;San Martino/St. Martin;St. Martin;15/06/1928;San Martino in Badia/St. Martin in Thurn;St. Martin in Thurn;021082;021;BZ
1928;SO;014;014003;Andalo;;02/06/1928;Andalo Valtellino;;014003;014;SO
1928;SO;014;014044;Montagna;;02/06/1928;Montagna in Valtellina;;014044;014;SO
1928;CO;013;013119;Laglio;;31/05/1928;Laglio-Brienno;;013119;013;CO
1928;AR;051;051015;Chiusi in Casentino;;19/05/1928;Chiusi della Verna;;051015;051;AR
1928;CO;013;013201;Rovellasca;;12/05/1928;Rovi Porro;;013201;013;CO
1928;AQ;066;066100;Tione;;04/05/1928;Tione degli Abruzzi;;066100;066;AQ
1928;VI;024;024034;Cornedo;;03/05/1928;Cornedo Vicentino;;024034;024;VI
1928;NO;003;003084;Lesa;;15/04/1928;Lesa Belgirate;;003084;003;NO
1928;VA;012;012080;Gornate Inferiore;;07/04/1928;Gornate Olona;;012080;012;VA
1928;SO;014;014028;Faedo;;07/04/1928;Faedo Valtellino;;014028;014;SO
1928;BN;062;062060;San Leucio;;04/04/1928;San Leucio del Sannio;;062060;062;BN
1928;TO;001;001039;Brussasco;;03/04/1928;Brusasco Cavagnolo;;001039;001;TO
1928;NO;003;003082;Invorio Inferiore;;03/04/1928;Invorio;;003082;003;NO
1928;TE;067;067018;Castiglione della Valle;;27/03/1928;Colledara;;067018;067;TE
1928;BG;016;016248;Algua di Costa Serina;;24/03/1928;Bracca di Costa Serina;;016248;016;BG
1928;BS;017;017138;Pedergnaga;;24/03/1928;Pedergnaga Oriano;;017138;017;BS
1928;SI;052;052035;Torrita;;14/03/1928;Torrita di Siena;;052035;052;SI
1928;GR;053;053008;Paganico;;13/03/1928;Civitella Paganico;;053008;053;GR
1928;VC;002;002007;Asigliano;;09/03/1928;Asigliano Vercellese;;002007;002;VC
1928;MI;015;015234;Verano;;09/03/1928;Verano Brianza;;015234;015;MI
1928;AL;006;006032;Carezzano Maggiore;;07/03/1928;Carezzano;;006032;006;AL
1928;VI;024;024804;Magrè;;06/03/1928;Magrè Vicentino;;024804;024;VI
1928;PC;033;033048;Ziano;;06/03/1928;Ziano Piacentino;;033048;033;PC
1928;BG;016;016186;Rota;;04/03/1928;Rota d'Imagna;;016186;016;BG
1928;TN;022;022199;Tione;;24/02/1928;Tione di Trento;;022199;022;TN
1928;CO;013;013166;Olgiate Molgora;;21/02/1928;Olgiate Calco;;013166;013;CO
1928;AR;051;051028;Pergine;;16/02/1928;Pergine Valdarno;;051028;051;AR
1928;CZ;079;079155;Monteleone di Calabria;;19/01/1928;Vibo Valentia;;079155;079;CZ
1928;VA;012;012139;Viggiù;;12/01/1928;Viggiù ed Uniti;;012139;012;VA
1928;VA;012;012088;Leggiuno;;07/01/1928;Leggiuno-Sangiano;;012088;012;VA
1927;BS;017;017183;Tavernole Cimmo;;31/12/1927;Tavernole sul Mella;;017183;017;BS
1927;CL;085;085007;Terranova di Sicilia;;31/12/1927;Gela;;085007;085;CL
1927;BS;017;017037;Capriano del Colle;;27/12/1927;Capriano Azzano;;017037;017;BS
1927;EN;086;086009;Castrogiovanni;;01/12/1927;Enna;;086009;086;EN
1927;VC;002;002122;Roasenda;;24/11/1927;Rovasenda;;002122;002;VC
1927;UD;030;030060;Sant'Odorico;;02/11/1927;Flaibano;;030060;030;UD
1927;RI;057;057812;Lugnano di Villa Troiana;;19/10/1927;Vazia;;057812;057;RI
1927;TS;032;032706;Nacla San Maurizio;;04/09/1927;Divaccia San Canziano;;032706;032;TS
1927;BG;016;016084;Costa di Mezzate;;19/08/1927;Costa di Monticelli;;016084;016;BG
1927;BG;016;016239;Villa d'Almè;;31/07/1927;Almè con Villa;;016239;016;BG
1927;AG;084;084001;Girgenti;;27/07/1927;Agrigento;;084001;084;AG
1927;CO;013;013138;Lurate Abbate;;15/07/1927;Lurate Caccivio;;013138;013;CO
1927;PR;034;034014;Borgo San Donnino;;06/07/1927;Fidenza;;034014;034;PR
1927;AL;006;006069;Fiaccone;;02/07/1927;Fraconalto;;006069;006;AL
1927;TO;001;001107;Forno di Rivara;;28/06/1927;Forno Canavese;;001107;001;TO
1927;BS;017;017183;Cimmo;;09/06/1927;Tavernole Cimmo;;017183;017;BS
1927;AL;006;006032;Carezzano Inferiore;;10/05/1927;Carezzano Maggiore;;006032;006;AL
1927;BS;017;017047;Grevo;;03/05/1927;Cedegolo;;017047;017;BS
1927;VA;012;012086;Lavena;;17/04/1927;Lavena Ponte Tresa;;012086;012;VA
1927;BG;016;016221;Clanezzo;;02/04/1927;Ubiale Clanezzo;;016221;016;BG
1927;TE;067;067037;Montepagano;;31/03/1927;Roseto degli Abruzzi;;067037;067;TE
1927;FC;040;040032;Predappio;;16/03/1927;Predappio Nuova;;040032;040;FC
1927;PL;702;702722;Paugnano;;12/03/1927;Monte di Capodistria;;702722;702;PL
1927;MI;015;015176;Pogliano;;11/03/1927;Pogliano Milanese;;015176;015;MI
1927;BG;016;016058;Mologno;;10/03/1927;Casazza;;016058;016;BG
1927;MC;043;043040;Ficano;;10/03/1927;Poggio San Vicino;;043040;043;MC
1927;NA;063;063897;Vico di Pantano;;10/03/1927;Villa Literno;;063897;063;NA
1927;VI;024;024031;Cismon;;05/03/1927;Cismon del Grappa;;024031;024;VI
1927;NO;003;003142;Stresa;;01/03/1927;Stresa Borromeo;;003142;003;NO
1926;AQ;066;066004;Anversa;;24/12/1926;Anversa degli Abruzzi;;066004;066;AQ
1926;TA;073;073024;San Giorgio sotto Taranto;;14/12/1926;San Giorgio Ionico;;073024;073;TA
1926;CO;013;013010;Appiano;;24/11/1926;Appiano Gentile;;013010;013;CO
1926;VI;024;024113;Valli dei Signori;;03/10/1926;Valli del Pasubio;;024113;024;VI
1926;BS;017;017067;Desenzano sul Lago;;17/09/1926;Desenzano del Garda;;017067;017;BS
1926;VI;024;024011;Barbarano;;13/08/1926;Barbarano Vicentino;;024011;024;VI
1926;CO;013;013202;Rovello;;04/08/1926;Rovello Porro;;013202;013;CO
1926;GR;053;053008;Pari;;06/02/1926;Paganico;;053008;053;GR
1926;BS;017;017821;Carzago;;22/01/1926;Carzago della Riviera;;017821;017;BS
1926;CE;061;061047;Macerata di Marcianise;;02/01/1926;Macerata Campania;;061047;061;CE
1925;TS;032;032822;Ronchi di Monfalcone;;20/12/1925;Ronchi dei Legionari;;032822;032;TS
1925;BS;017;017033;Calvagese;;14/11/1925;Calvagese della Riviera;;017033;017;BS
1925;TN;022;022984;Corvara in Badia/Corvara;Corvara;15/09/1925;Ladinia/Corvara;Corvara;022984;022;TN
1925;AL;006;006008;Alzano;;23/07/1925;Alzano Scrivia;;006008;006;AL
1925;TV;026;026040;Maserada;;23/07/1925;Maserada sul Piave;;026040;026;TV
1925;TV;026;026093;Volpago;;23/07/1925;Volpago del Montello;;026093;026;TV
1925;PD;028;028011;Battaglia;;28/04/1925;Battaglia Terme;;028011;028;PD
1925;FC;040;040005;Terra del Sole e Castrocaro;;27/03/1925;Castrocaro e Terra del Sole;;040005;040;FC
1925;PL;702;702741;Visignano;;06/02/1925;Visignano d'Istria;;702741;702;PL
1925;BO;037;037051;Pian del Voglio;;01/01/1925;San Benedetto Val di Sambro;;037051;037;BO
1924;PD;028;028001;Abano;;28/12/1924;Abano Terme;;028001;028;PD
1924;PR;034;034038;Lesignano di Palmia;;28/12/1924;Terenzo;;034038;034;PR
1924;NO;003;003990;Livorno Piemonte;;21/09/1924;Livorno Ferraris;;003990;003;NO
1924;TV;026;026080;Sernaglia;;25/05/1924;Sernaglia della Battaglia;;026080;026;TV
1924;VI;024;024032;Cogollo;;14/05/1924;Cogollo del Cengio;;024032;024;VI
1924;VR;023;023014;Castelletto di Brenzone;;10/05/1924;Brenzone;;023014;023;VR
1924;MI;015;015088;Cornate;;15/03/1924;Cornate d'Adda;;015088;015;MI
1924;VI;024;024106;Forni;;05/03/1924;Tonezza;;024106;024;VI
1924;MI;015;015999;Cavaria ed Uniti;;21/02/1924;Cavaria con Premezzo;;015999;015;MI
1923;IM;008;008031;Porto Maurizio;;29/11/1923;Imperia;;008031;008;IM
1923;AV;064;064807;Sant'Agata di Sotto;;12/09/1923;Sant'Agata Irpina;;064807;064;AV
1923;TV;026;026092;Vittorio;;04/09/1923;Vittorio Veneto;;026092;026;TV
1923;AG;084;084034;Sambuca Zabut;;02/09/1923;Sambuca di Sicilia;;084034;084;AG
1923;UD;030;030015;Pasian Schiavonesco;;29/08/1923;Basiliano;;030015;030;UD
1923;TV;026;026050;Nervesa;;26/07/1923;Nervesa della Battaglia;;026050;026;TV
1923;AV;064;064048;Melito Valle Bonito;;24/06/1923;Melito Irpino;;064048;064;AV
1923;BL;025;025055;Seren;;03/06/1923;Seren del Grappa;;025055;025;BL
1923;TN;022;021830;Grìes di Bolzano/Gries;Gries;27/04/1923;Gries/Gries;Gries;021830;022;TN
1923;TN;022;021869;Curaces/Gratsch;Gratsch;27/04/1923;Quarazze/Gratsch;Gratsch;021869;022;TN
1923;TN;022;022404;Villa in Selva/Greinwalden;Greinwalden;27/04/1923;Grimaldo/Greinwalden;Greinwalden;022404;022;TN
1923;TN;022;022406;Cissico/Issing;Issing;27/04/1923;Issengo/Issing;Issing;022406;022;TN
1923;TN;022;022409;Lacigno/Latschinig;Latschinig;27/04/1923;Lacinigo/Latschinig;Latschinig;022409;022;TN
1923;TN;022;022425;Malles/Mals;Mals;27/04/1923;Mallas/Mals;Mals;022425;022;TN
1923;TN;022;022426;Montale in Pusteria/Monthal;Monthal;27/04/1923;Mantana/Monthal;Monthal;022426;022;TN
1923;TN;022;022427;Maranza in Pusteria/Meransen;Meransen;27/04/1923;Maranza/Meransen;Meransen;022427;022;TN
1923;TN;022;022437;Monghezzo Esterno/Getzenberg;Getzenberg;27/04/1923;Monghezzo di Fuori/Getzenberg;Getzenberg;022437;022;TN
1923;TN;022;022440;Montassilo/Tesselberg;Tesselberg;27/04/1923;Montassilone/Tesselberg;Tesselberg;022440;022;TN
1923;TN;022;022441;Monte a Mezzodì/Sonnenberg;Sonnenberg;27/04/1923;Monte di Mezzodì/Sonnenberg;Sonnenberg;022441;022;TN
1923;TN;022;022442;Monte a Tramontana/Nordersberg;Nordersberg;27/04/1923;Monte di Tramontana/Nördersberg;Nördersberg;022442;022;TN
1923;TN;022;022448;Piano in Passeria/Moos;Moos;27/04/1923;Moso/Moos;Moos;022448;022;TN
1923;TN;022;022452;Noci/Natz;Natz;27/04/1923;Naz/Natz;Natz;022452;022;TN
1923;TN;022;022462;Perga/Percha;Percha;27/04/1923;Perca/Percha;Percha;022462;022;TN
1923;TN;022;022463;Plagnolo/Planeil;Planeil;27/04/1923;Planol/Planeil;Planeil;022463;022;TN
1923;TN;022;022464;Platea/Platt;Platt;27/04/1923;Plata/Platt;Platt;022464;022;TN
1923;TN;022;022465;Palus/Plaus;Plaus;27/04/1923;Plaus/Plaus;Plaus;022465;022;TN
1923;TN;022;022471;San Valentino in Predoi/Prettau;Prettau;27/04/1923;Predoi/Prettau;Prettau;022471;022;TN
1923;TN;022;022473;Racignes/Ratschings;Ratschings;27/04/1923;Racines/Ratschings;Ratschings;022473;022;TN
1923;TN;022;022477;Resia all'Adige/Reschen;Reschen;27/04/1923;Resia/Reschen;Reschen;022477;022;TN
1923;TN;022;022480;Rinna/Welschellen;Welschellen;27/04/1923;Rina/Welschellen;Welschellen;022480;022;TN
1923;TN;022;022483;Raissa/Reischach;Reischach;27/04/1923;Riscone/Reischach;Reischach;022483;022;TN
1923;TN;022;022484;Riva in Valle/Rain;Rain;27/04/1923;Riva di Tures/Rain;Rain;022484;022;TN
1923;TN;022;022490;San Giacomo in Valle Aurina/St. Jakob in Ahrn;St. Jakob in Ahrn;27/04/1923;San Giacomo/St. Jakob in Ahrn;St. Jakob in Ahrn;022490;022;TN
1923;TN;022;022491;San Giorgio in Val Tures/St. Georgen;St. Georgen;27/04/1923;San Giorgio/St. Georgen;St. Georgen;022491;022;TN
1923;TN;022;022492;San Giovanni in Valle Aurina/St. Johann in Ahrn;St. Johann in Ahrn;27/04/1923;San Giovanni/St. Johann in Ahrn;St. Johann in Ahrn;022492;022;TN
1923;TN;022;022493;San Leonardo in Passiria/St. Leonhard;St. Leonhard;27/04/1923;San Leonardo/St. Leonhard;St. Leonhard;022493;022;TN
1923;TN;022;022494;San Lorenzo in Pusteria/St. Lorenzen;St. Lorenzen;27/04/1923;San Lorenzo/St. Lorenzen;St. Lorenzen;022494;022;TN
1923;TN;022;022496;San Martino in Badia/St. Martin in Thurn;St. Martin in Thurn;27/04/1923;San Martino/St. Martin;St. Martin;022496;022;TN
1923;TN;022;022498;San Martino in Passiria/St. Martin in Passeier;St. Martin in Passeier;27/04/1923;San Martino/St. Martin;St. Martin;022498;022;TN
1923;TN;022;022499;San Pietro in Valle Aurina/St. Peter in Ahrn;St. Peter in Ahrn;27/04/1923;San Pietro/St. Peter in Ahrn;St. Peter in Ahrn;022499;022;TN
1923;TN;022;022627;San Valentino alla Muta/St. Valentin auf der Haide;St. Valentin auf der Haide;27/04/1923;San Valentino alla Mutta/St. Valentin auf der Haide;St. Valentin auf der Haide;022627;022;TN
1923;TN;022;022628;Santa Cristina in Gardena/St. Christina;St. Christina;27/04/1923;Santa Cristina/St. Christina;St. Christina;022628;022;TN
1923;TN;022;022632;Scale/Schalders;Schalders;27/04/1923;Scaleres/Schalders;Schalders;022632;022;TN
1923;TN;022;022634;Scaves/Schabs;Schabs;27/04/1923;Sciaves/Schabs;Schabs;022634;022;TN
1923;TN;022;022636;Selva in Gardena/Wolkenstein;Wolkenstein;27/04/1923;Selva/Wolkenstein;Wolkenstein;022636;022;TN
1923;TN;022;022638;Senales in Venosta/Schnals;Schnals;27/04/1923;Senales/Schnals;Schnals;022638;022;TN
1923;TN;022;022641;Sliniga/Schlinig;Schlinig;27/04/1923;Slingia/Schlinig;Schlinig;022641;022;TN
1923;TN;022;022643;Spignes/Spinges;Spinges;27/04/1923;Spinga/Spinges;Spinges;022643;022;TN
1923;TN;022;022644;Stave/Staben;Staben;27/04/1923;Stava/Staben;Staben;022644;022;TN
1923;TN;022;022649;Tarres di Sopra/Tartsch;Tartsch;27/04/1923;Tarces/Tartsch;Tartsch;022649;022;TN
1923;TN;022;022650;Tarres di Sotto/Tarsch;Tarsch;27/04/1923;Tarres/Tarsch;Tarsch;022650;022;TN
1923;TN;022;022652;Teodona/Dietenheim;Dietenheim;27/04/1923;Teodone/Dietenheim;Dietenheim;022652;022;TN
1923;TN;022;022660;Tisa/Theis;Theis;27/04/1923;Tiso/Teis;Teis;022660;022;TN
1923;TN;022;022667;Velasio/Flaas;Flaas;27/04/1923;Valas/Flaas;Flaas;022667;022;TN
1923;TN;022;022669;Valdigiovo/Jaufenthal;Jaufenthal;27/04/1923;Valgiovo/Jaufenthal;Jaufenthal;022669;022;TN
1923;TN;022;022672;Vallelunga Carlino/Langtaufers;Langtaufers;27/04/1923;Vallelunga/Langtaufers;Langtaufers;022672;022;TN
1923;TN;022;022682;Vezzano in Venosta/Vezzan;Vezzan;27/04/1923;Vezzano/Vezzan;Vezzan;022682;022;TN
1923;TN;022;022683;Villa d'Uta/Uttenhein;Uttenhein;27/04/1923;Villa Ottone/Uttenhein;Uttenhein;022683;022;TN
1923;TN;022;022951;Aveligna/Hafling;Hafling;27/04/1923;Avelengo/Hafling;Hafling;022951;022;TN
1923;TN;022;022967;Castello di Pusteria/Ehrenburg;Ehrenburg;27/04/1923;Casteldarne/Ehrenburg;Ehrenburg;022967;022;TN
1923;TN;022;022970;Acernes/Tscherms;Tscherms;27/04/1923;Cermes/Tscherms;Tscherms;022970;022;TN
1923;TN;022;022971;Zedes/Tshöfs;Tshöfs;27/04/1923;Ceves/Tschöfs;Tschöfs;022971;022;TN
1923;TN;022;022973;Chiusa all'Isarco/Klausen;Klausen;27/04/1923;Chiusa/Klausen;Klausen;022973;022;TN
1923;TN;022;022974;Ciars/Tschars;Tschars;27/04/1923;Ciardes/Tschars;Tschars;022974;022;TN
1923;TN;022;022976;Colderano/Goldrain;Goldrain;27/04/1923;Coldrano/Goldrain;Goldrain;022976;022;TN
1923;TN;022;022980;Carnedo/Karneid;Karneid;27/04/1923;Cornedo/Karneid;Karneid;022980;022;TN
1923;TN;022;022982;Corte in Pusteria/Hofern;Hofern;27/04/1923;Corti in Pusteria/Hofern;Hofern;022982;022;TN
1923;TN;022;022987;Cavolano/Göflan;Göflan;27/04/1923;Covelano/Göflan;Göflan;022987;022;TN
1923;TN;022;022988;Corona alla Muta/Graun;Graun;27/04/1923;Curon/Graun;Graun;022988;022;TN
1923;TN;022;022998;Mezzaselva all'Isarco/Mittewald Am Eisak;Mittewald Am Eisak;27/04/1923;Mezzaselva/Mittewald;Mittewald;022998;022;TN
1923;TN;022;022999;Fundoles/Pfunders;Pfunders;27/04/1923;Fundres/Pfunders;Pfunders;022999;022;TN
1923;BL;025;025016;Ampezzo;;27/04/1923;Cortina d'Ampezzo;;025016;025;BL
1923;UD;030;030025;Campolongo;;27/04/1923;Campolongo al Torre;;030025;030;UD
1923;UD;030;030035;Cervignano;;27/04/1923;Cervignano del Friuli;;030035;030;UD
1923;UD;030;030801;Camporosso;;27/04/1923;Camporosso in Valcanale;;030801;030;UD
1923;UD;030;030806;Roccalba;;27/04/1923;Fusine in Valromana;;030806;030;UD
1923;UD;030;030807;Joanniz;;27/04/1923;Ioannis;;030807;030;UD
1923;UD;030;030809;San Leopoldo Alaglesie;;27/04/1923;Laglesie San Leopoldo;;030809;030;UD
1923;UD;030;030814;Pontefella;;27/04/1923;Pontebba Nova;;030814;030;UD
1923;UD;030;030821;Ucovizza;;27/04/1923;Ugovizza Valbruna;;030821;030;UD
1923;UD;030;030824;Anhovo;;27/04/1923;Anicova Corada;;030824;030;UD
1923;UD;030;030826;Bate;;27/04/1923;Battaglia della Bainsizza;;030826;030;UD
1923;UD;030;030830;Berie;;27/04/1923;Boriano;;030830;030;UD
1923;UD;030;030833;Loga di Plezzo;;27/04/1923;Bretto;;030833;030;UD
1923;UD;030;030836;Camnie;;27/04/1923;Camigna;;030836;030;UD
1923;UD;030;030839;Capriva;;27/04/1923;Capriva di Cormons;;030839;030;UD
1923;UD;030;030844;Cobilaglava;;27/04/1923;Cobbia;;030844;030;UD
1923;UD;030;030845;Comen;;27/04/1923;Comeno;;030845;030;UD
1923;UD;030;030848;Cosbana;;27/04/1923;Cosbana del Collio;;030848;030;UD
1923;UD;030;030851;Valgrande;;27/04/1923;Dol Grande;;030851;030;UD
1923;UD;030;030853;Dolegna;;27/04/1923;Dolegna del Collio;;030853;030;UD
1923;UD;030;030854;Dol-Otliza;;27/04/1923;Dol-Ottelza;;030854;030;UD
1923;UD;030;030857;Farra;;27/04/1923;Farra d'Isonzo;;030857;030;UD
1923;UD;030;030858;Gaberie;;27/04/1923;Gabria;;030858;030;UD
1923;UD;030;030862;Goiaze;;27/04/1923;Goiaci;;030862;030;UD
1923;UD;030;030863;Goriasco;;27/04/1923;Goriano;;030863;030;UD
1923;UD;030;030867;Gradisca;;27/04/1923;Gradisca d'Isonzo;;030867;030;UD
1923;UD;030;030878;Mariano;;27/04/1923;Mariano del Friuli;;030878;030;UD
1923;UD;030;030882;San Vito al Monte;;27/04/1923;Monte San Vito;;030882;030;UD
1923;UD;030;030883;Vrabice;;27/04/1923;Monte Urabice;;030883;030;UD
1923;UD;030;030885;Dornberg;;27/04/1923;Montespino;;030885;030;UD
1923;UD;030;030890;Ossech-Vittuglie;;27/04/1923;Ossecca Vittuglie;;030890;030;UD
1923;UD;030;030893;Podgora;;27/04/1923;Piedimonte del Calvario;;030893;030;UD
1923;UD;030;030897;Podicrai;;27/04/1923;Pocrai del Piro;;030897;030;UD
1923;UD;030;030899;Pervacina;;27/04/1923;Prevacina;;030899;030;UD
1923;UD;030;030901;Reifemberg;;27/04/1923;Rifembergo;;030901;030;UD
1923;UD;030;030904;Veliche-Zablie;;27/04/1923;Sable Grande;;030904;030;UD
1923;UD;030;030909;Sempas;;27/04/1923;Sambasso;;030909;030;UD
1923;UD;030;030911;San Floriano;;27/04/1923;San Floriano del Collio;;030911;030;UD
1923;UD;030;030914;San Pietro;;27/04/1923;San Pietro di Gorizia;;030914;030;UD
1923;UD;030;030918;Sant'Andrea;;27/04/1923;Sant'Andrea di Gorizia;;030918;030;UD
1923;UD;030;030919;Bainsizza Santo Spirito;;27/04/1923;Santo Spirito della Bainsizza;;030919;030;UD
1923;UD;030;030920;Savogna;;27/04/1923;Savogna d'Isonzo;;030920;030;UD
1923;UD;030;030922;Scrilie;;27/04/1923;Scrilla;;030922;030;UD
1923;UD;030;030925;Sello;;27/04/1923;Sella delle Trincee;;030925;030;UD
1923;UD;030;030927;Salto di Vipacco;;27/04/1923;Slappe Zorzi;;030927;030;UD
1923;UD;030;030929;Sturia;;27/04/1923;Sturia delle Fusine;;030929;030;UD
1923;UD;030;030930;Ternova;;27/04/1923;Tarnova della Selva;;030930;030;UD
1923;UD;030;030931;Temnizza;;27/04/1923;Temenizza;;030931;030;UD
1923;UD;030;030939;Vertoiba;;27/04/1923;Vertoiba in Campi Santi;;030939;030;UD
1923;UD;030;030941;Voghersca;;27/04/1923;Ville Montevecchio;;030941;030;UD
1923;UD;030;030944;Voischizza;;27/04/1923;Voissizza di Comeno;;030944;030;UD
1923;TS;032;032002;Repno;;27/04/1923;Rupin Grande;;032002;032;TS
1923;TS;032;032702;Britova;;27/04/1923;Cave Auremiane;;032702;032;TS
1923;TS;032;032714;Tomai;;27/04/1923;Tomadio;;032714;032;TS
1923;TS;032;032715;Slavina;;27/04/1923;Villa Slavina;;032715;032;TS
1923;TS;032;032801;Nabresina;;27/04/1923;Aurisina;;032801;032;TS
1923;TS;032;032803;Manchinie;;27/04/1923;Malchina;;032803;032;TS
1923;TS;032;032805;Slivno;;27/04/1923;Slivia;;032805;032;TS
1923;TS;032;032806;Auber;;27/04/1923;Alber di Sesana;;032806;032;TS
1923;TS;032;032809;Capriva;;27/04/1923;Capriva nel Carso;;032809;032;TS
1923;TS;032;032810;Famlie;;27/04/1923;Famie;;032810;032;TS
1923;TS;032;032812;Povir;;27/04/1923;Poverio;;032812;032;TS
1923;TS;032;032813;Rodic;;27/04/1923;Roditti;;032813;032;TS
1923;TS;032;032817;Bassano;;27/04/1923;Villabassa di Senosecchia;;032817;032;TS
1923;TS;032;032818;Doberdò;;27/04/1923;Doberdò del Lago;;032818;032;TS
1923;TS;032;032819;Fogliano;;27/04/1923;Fogliano di Monfalcone;;032819;032;TS
1923;TS;032;032822;Ronchi;;27/04/1923;Ronchi di Monfalcone;;032822;032;TS
1923;TS;032;032823;San Canziano;;27/04/1923;San Canzian d'Isonzo;;032823;032;TS
1923;TS;032;032824;San Pietro dell'Isonzo;;27/04/1923;San Pier d'Isonzo;;032824;032;TS
1923;PL;702;702718;Slum;;27/04/1923;Silun Mont'Aquila;;702718;702;PL
1923;PL;702;702733;Rovigno;;27/04/1923;Rovigno d'Istria;;702733;702;PL
1923;PL;702;702737;Susgnevizza;;27/04/1923;Valdarsa;;702737;702;PL
1923;PL;702;702740;Decani;;27/04/1923;Villa Decani;;702740;702;PL
1923;PL;702;702805;Bersez;;27/04/1923;Bersezio del Quarnaro;;702805;702;PL
1923;PL;702;702807;Iablanizza;;27/04/1923;Castel Iablanizza;;702807;702;PL
1923;PL;702;702810;Gelsane;;27/04/1923;Elsane;;702810;702;PL
1923;PL;702;702815;Montefreddo;;27/04/1923;Monte Chilovi;;702815;702;PL
1923;PL;702;702820;Ternovo;;27/04/1923;Torrenova di Bisterza;;702820;702;PL
1923;PL;702;702821;Moschienizze;;27/04/1923;Moschiena;;702821;702;PL
1922;TV;026;026014;Cavaso;;03/08/1922;Cavaso del Tomba;;026014;026;TV
1922;RM;058;058812;Bagnorea;;26/07/1922;Bagnoregio;;058812;058;RM
1922;RM;058;058964;Corneto Tarquinia;;10/06/1922;Tarquinia;;058964;058;RM
1922;SR;089;089810;Ragusa Inferiore;;08/04/1922;Ragusa Ibla;;089810;089;SR
1922;PG;054;054055;Tuoro;;07/03/1922;Tuoro sul Trasimeno;;054055;054;PG
1922;CB;070;070091;Caccavone;;07/03/1922;Poggio Sannita;;070091;070;CB
1922;AN;042;042009;Tomba di Senigallia;;01/01/1922;Castel Colonna;;042009;042;AN
1921;PA;082;082017;Campofelice;;29/04/1921;Campofelice di Roccella;;082017;082;PA
1920;MI;015;015877;Gorla Primo;;12/08/1920;Gorlaprecotto;;015877;015;MI
1920;PI;050;050021;Monteverdi;;31/07/1920;Monteverdi Marittimo;;050021;050;PI
1920;GE;010;010043;Pieve di Sori;;21/07/1920;Pieve Ligure;;010043;010;GE
1920;VE;027;027025;Musile;;21/07/1920;Musile di Piave;;027025;027;VE
1920;TV;026;026004;Borso;;02/05/1920;Borso del Grappa;;026004;026;TV
1920;TV;026;026024;Crespano Veneto;;02/05/1920;Crespano del Grappa;;026024;026;TV
1920;TV;026;026054;Paderno d'Asolo;;02/05/1920;Paderno del Grappa;;026054;026;TV
1920;CR;019;019036;Cremona;;14/03/1920;Cremona ed Uniti;;019036;019;CR
1919;CO;013;013007;Alzate con Verzago;;14/11/1919;Alzate Brianza;;013007;013;CO
1918;PG;054;054038;Passignano;;29/06/1918;Passignano sul Trasimeno;;054038;054;PG
1917;TO;001;001803;Baio;;18/09/1917;Baio Dora;;001803;001;TO
1917;FC;040;040025;Montefiorito;;28/02/1917;Montefiore Conca;;040025;040;FC
1916;AL;006;006161;Sezzè;;04/12/1916;Sezzadio;;006161;006;AL
1916;MI;015;015199;Santo Stefano al Corno;;01/11/1916;Santo Stefano Lodigiano;;015199;015;MI
1916;CE;061;061023;Castello di Campagnano;;29/07/1916;Castel Campagnano;;061023;061;CE
1916;NO;003;003482;Valle Inferiore Mosso;;23/06/1916;Valle Mosso;;003482;003;NO
1916;MI;015;015890;Mezzate;;06/05/1916;Linate al Lambro;;015890;015;MI
1916;CN;004;004100;Grinzane;;22/01/1916;Grinzane Cavour;;004100;004;CN
1915;MI;015;015098;Cusano sul Seveso;;07/09/1915;Cusano Milanino;;015098;015;MI
1915;CR;019;019109;Trescore;;08/08/1915;Trescore Cremasco;;019109;019;CR
1915;CR;019;019051;Grumello con Farvengo Cremonese;;13/04/1915;Grumello Cremonese ed Uniti;;019051;019;CR
1915;RA;039;039015;Riolo;;02/03/1915;Riolo dei Bagni;;039015;039;RA
1914;RM;058;058050;Civita Lavinia;;19/11/1914;Lanuvio;;058050;058;RM
1913;TO;001;001064;Castagneto;;15/07/1913;Castagneto Po;;001064;001;TO
1913;FC;040;040042;Sant'Arcangelo di Romagna;;17/06/1913;Santarcangelo di Romagna;;040042;040;FC
1913;AV;064;064087;San Sossio;;09/05/1913;San Sossio Baronia;;064087;064;AV
1913;NO;003;003418;Piane di Serravalle Sesia;;20/03/1913;Piane Sesia;;003418;003;NO
1913;AR;051;051007;Caprese;;20/03/1913;Caprese Michelangelo;;051007;051;AR
1912;ME;083;083081;San Pietro Sopra Patti;;18/12/1912;San Piero Patti;;083081;083;ME
1912;CO;013;013022;Beregazzo;;01/11/1912;Beregazzo con Figliaro;;013022;013;CO
1912;BO;037;037053;San Giovanni in Persiceto;;24/08/1912;Persiceto;;037053;037;BO
1912;TE;067;067804;Cappelle;;24/08/1912;Cappelle sul Tavo;;067804;067;TE
1912;CO;013;013817;Bernate di Como;;18/08/1912;Bernate Rosales;;013817;013;CO
1912;CO;013;013206;Vergosa;;07/01/1912;San Fermo della Battaglia;;013206;013;CO
1911;UD;030;030058;Fiume;;01/11/1911;Fiume Veneto;;030058;030;UD
1911;BO;037;037026;Fontana Elice;;01/11/1911;Fontanelice;;037026;037;BO
1911;RM;058;058975;Toscanella;;22/10/1911;Tuscania;;058975;058;RM
1911;RM;058;058864;Anticoli di Campagna;;19/09/1911;Fiuggi;;058864;058;RM
1911;CH;069;069067;Villarielli;;14/09/1911;Poggiofiorito;;069067;069;CH
1911;RC;080;080070;Precacore;;03/08/1911;Samo;;080070;080;RC
1911;SI;052;052013;Gaiole;;14/06/1911;Gaiole in Chianti;;052013;052;SI
1911;SI;052;052023;Radda;;14/06/1911;Radda in Chianti;;052023;052;SI
1911;AQ;066;066096;Scurcola;;14/05/1911;Scurcola Marsicana;;066096;066;AQ
1911;FE;038;038010;Le Venezie;;20/04/1911;Jolanda di Savoia;;038010;038;FE
1911;CO;013;013128;Limido;;05/04/1911;Limido Comasco;;013128;013;CO
1911;GE;010;010816;Quarto al Mare;;19/03/1911;Quarto dei Mille;;010816;010;GE
1910;CO;013;013059;Castelnuovo Bazente;;24/12/1910;Castelnuovo Bozzente;;013059;013;CO
1910;CN;004;004113;Magliano d'Alba;;24/03/1910;Magliano Alfieri;;004113;004;CN
1910;CE;061;061840;Cumignano e Gallo di Nola;;06/01/1910;Comiziano;;061840;061;CE
1909;FI;048;048045;Tavarnelle;;14/04/1909;Tavarnelle Val di Pesa;;048045;048;FI
1909;VR;023;023067;Roverè di Velo;;12/02/1909;Roverè Veronese;;023067;023;VR
1908;GE;010;010935;Vado;;08/04/1908;Vado Ligure;;010935;010;GE
1907;BS;017;017036;Hano;;15/12/1907;Capovalle;;017036;017;BS
1907;PI;050;050805;Castagneto Marittimo;;05/12/1907;Castagneto Carducci;;050805;050;PI
1907;AV;064;064806;San Pietro Indelicato;;12/10/1907;San Pietro Irpino;;064806;064;AV
1907;MN;020;020050;Rivarolo Fuori;;05/09/1907;Rivarolo Mantovano;;020050;020;MN
1907;BS;017;017819;Caccavero;;23/04/1907;Campoverde;;017819;017;BS
1907;RM;058;058821;Bauco;;03/03/1907;Boville Ernica;;058821;058;RM
1906;CO;013;013635;Varano;;30/09/1906;Varano Borghi;;013635;013;CO
1906;TE;067;067003;Bacucco;;16/02/1906;Arsita;;067003;067;TE
1906;VI;024;024048;Isola di Malo;;09/02/1906;Isola Vicentina;;024048;024;VI
1906;BG;016;016096;Fara d'Adda;;01/01/1906;Fara Gera d'Adda;;016096;016;BG
1905;RC;080;080036;Gerace;;01/09/1905;Gerace Superiore;;080036;080;RC
1905;BS;017;017089;Limone San Giovanni;;06/04/1905;Limone sul Garda;;017089;017;BS
1905;VR;023;023813;Parona all'Adige;;01/04/1905;Parona di Valpolicella;;023813;023;VR
1904;AL;006;006832;Azzano del Tanaro;;24/07/1904;Azzano d'Asti;;006832;006;AL
1904;CR;019;019087;Salvirola Cremasca;;06/04/1904;Salvirola;;019087;019;CR
1903;CB;070;070062;Ripalta sul Trigno;;29/11/1903;Mafalda;;070062;070;CB
1903;BL;025;025054;Selva Bellunese;;01/11/1903;Selva di Cadore;;025054;025;BL
1903;CO;013;013840;Casanova di Uggiate;;10/05/1903;Casanova Lanza;;013840;013;CO
1903;TO;001;001237;San Carlo di Ciriè;;25/04/1903;San Carlo Canavese;;001237;001;TO
1902;AL;006;006169;Tagliolo;;12/10/1902;Tagliolo Monferrato;;006169;006;AL
1902;AQ;066;066098;Solmona;;10/06/1902;Sulmona;;066098;066;AQ
1902;VR;023;023092;Cucca;;05/03/1902;Veronella;;023092;023;VR
1901;AL;006;006826;Lazzarone;;20/02/1901;Villabella;;006826;006;AL
1901;MI;015;015179;Pregnana;;26/01/1901;Pregnana Milanese;;015179;015;MI
1900;PI;050;050805;Castagneto;;25/03/1900;Castagneto Marittimo;;050805;050;PI
1899;PI;050;050006;Casale di Val di Cecina;;09/08/1899;Casale Marittimo;;050006;050;PI
1898;AL;006;006925;San Martino al Tanaro;;12/05/1898;San Martino Alfieri;;006925;006;AL
1897;CS;078;078113;San Cosmo;;13/02/1897;San Cosmo Albanese;;078113;078;CS
1896;CB;070;070120;Cameli;;01/12/1896;Sant'Elena Sannita;;070120;070;CB
1896;BO;037;037015;Casio e Casola;;01/07/1896;Castel di Casio;;037015;037;BO
1895;CO;013;013404;Cazzone;;31/08/1895;Cantello;;013404;013;CO
1895;PV;018;018804;Mezzana Corti Bottarone;;20/08/1895;Bottarone;;018804;018;PV
1895;PZ;076;076814;Montepeloso;;30/04/1895;Irsina;;076814;076;PZ
1895;MI;015;015170;Cassina del Pero;;02/02/1895;Pero;;015170;015;MI
1895;PV;018;018084;Calcababbio;;02/02/1895;Lungavilla;;018084;018;PV
1895;NA;063;063068;San Giuseppe;;02/02/1895;San Giuseppe Vesuviano;;063068;063;NA
1895;CH;069;069081;Forcabobolina;;02/02/1895;San Giovanni Teatino;;069081;069;CH
1895;CB;070;070062;Ripalda;;02/02/1895;Ripalta sul Trigno;;070062;070;CB
1895;BL;025;025050;Comelico Inferiore;;27/01/1895;Santo Stefano di Cadore;;025050;025;BL
1893;CB;070;070028;Verrino;;05/12/1893;Castel Verrino;;070028;070;CB
1893;PV;018;018143;Soriasco;;07/11/1893;Santa Maria della Versa;;018143;018;PV
1893;MI;015;015931;Quintosole;;07/10/1893;Vigentino;;015931;015;MI
1893;UD;030;030081;Marano Lacunare;;20/07/1893;Marano Lagunare;;030081;030;UD
1893;MI;015;015195;Viboldone;;13/07/1893;San Giuliano Milanese;;015195;015;MI
1893;SA;065;065028;Casalicchio;;20/06/1893;Casal Velino;;065028;065;SA
1893;PG;054;054826;Collalto;;08/06/1893;Collalto Sabino;;054826;054;PG
1893;CO;013;013830;Camnago di Uggiate;;19/03/1893;Camnago Faloppia;;013830;013;CO
1893;BG;016;016213;Terno;;26/01/1893;Terno d'Isola;;016213;016;BG
1892;CO;013;013488;Lentate Verbano;;19/07/1892;Osmate Lentate;;013488;013;CO
1892;MI;015;012854;Jerago con Besnate;;01/07/1892;Jerago con Besnate ed Orago;;012854;015;MI
1892;MI;015;015999;Orago;;01/07/1892;Cavaria ed Uniti;;015999;015;MI
1892;LE;075;075017;Castrifrancone;;31/01/1892;Castri di Lecce;;075017;075;LE
1891;CB;070;070028;Castelluccio in Verrino;;05/09/1891;Verrino;;070028;070;CB
1891;RM;058;058008;Ponza d'Arcinazzo;;08/07/1891;Arcinazzo Romano;;058008;058;RM
1891;GE;010;010021;Rosso;;02/05/1891;Davagna;;010021;010;GE
1890;CN;004;004218;Serralunga Cereseto;;17/08/1890;Serralunga d'Alba;;004218;004;CN
1890;NA;063;063033;Pomigliano d'Atella;;19/06/1890;Frattaminore;;063033;063;NA
1890;RC;080;080053;Fossato di Calabria Ultra Prima;;10/05/1890;Montebello Jonico;;080053;080;RC
1890;BL;025;025068;San Tiziano di Goimna;;23/04/1890;Zoldo Alto;;025068;025;BL
1890;IM;008;008038;Piena;;18/04/1890;Olivetta San Michele;;008038;008;IM
1889;AQ;066;066814;Bussi;;02/12/1889;Bussi sul Tirino;;066814;066;AQ
1889;VI;024;024090;Mure;;01/10/1889;Salcedo;;024090;024;VI
1889;AQ;066;066055;Goriano Valli;;22/08/1889;Molina Aterno;;066055;066;AQ
1889;PC;033;033022;Rivalta Trebbia;;15/06/1889;Gazzola;;033022;033;PC
1889;CO;013;013463;Luvino;;06/03/1889;Luino;;013463;013;CO
1889;IM;008;008801;San Bartolomeo ed Arzeno;;01/02/1889;Arzeno d'Oneglia;;008801;008;IM
1889;PU;041;041804;Fiorenzuola;;01/01/1889;Fiorenzuola di Focara;;041804;041;PU
1888;PC;033;033048;Vicomarino;;01/06/1888;Ziano;;033048;033;PC
1888;CA;092;092883;Pauli Monserrato;;01/04/1888;Monserrato;;092883;092;CA
1888;PV;018;018076;Gropello Lomellino;;01/03/1888;Gropello Cairoli;;018076;018;PV
1888;CR;019;019077;Casalsigone ed Uniti;;01/03/1888;Pozzaglio ed Uniti;;019077;019;CR
1888;GE;010;010019;Coreglia di Fontanabona;;01/02/1888;Coreglia Ligure;;010019;010;GE
1887;BG;016;016189;Buzzone San Paolo;;01/08/1887;San Paolo d'Argon;;016189;016;BG
1887;BS;017;017055;Cividate Alpino;;01/03/1887;Cividate Camuno;;017055;017;BS
1887;PZ;076;076083;Pietrafesa;;01/01/1887;Satriano di Lucania;;076083;076;PZ
1886;RM;058;058027;Monterufo;;01/08/1886;Cerreto Laziale;;058027;058;RM
1886;TV;026;026034;Gorgo;;01/03/1886;Gorgo al Monticano;;026034;026;TV
1886;MI;015;015166;Paderno Milanese;;10/02/1886;Paderno Dugnano;;015166;015;MI
1886;NA;063;063803;Licignano;;01/02/1886;Licignano di Napoli;;063803;063;NA
1886;PV;018;018029;Montù de' Gobbi;;01/01/1886;Canneto Pavese;;018029;018;PV
1886;BO;037;037005;Santa Maria in Duno;;01/01/1886;Bentivoglio;;037005;037;BO
1886;RM;058;058027;Cerneto;;01/01/1886;Monterufo;;058027;058;RM
1885;TO;001;001301;Villanova di Mathi;;01/08/1885;Villanova Canavese;;001301;001;TO
1885;RM;058;058098;Sant'Angelo in Capoccia;;01/06/1885;Sant'Angelo Romano;;058098;058;RM
1885;PC;033;033004;Borgonure;;01/05/1885;Bettola;;033004;033;PC
1885;TO;001;001303;Villar Almese;;01/02/1885;Villar Dora;;001303;001;TO
1885;CB;070;070024;Castelluccio Acqua Borrana;;01/02/1885;Castelmauro;;070024;070;CB
1884;BG;016;016086;Volpino;;01/10/1884;Costa Volpino;;016086;016;BG
1884;PD;028;028078;San Pietro Engù;;01/10/1884;San Pietro in Gu;;028078;028;PD
1884;TV;026;026041;Meduna;;01/09/1884;Meduna di Livenza;;026041;026;TV
1884;AV;064;064812;Orsara Dauno Irpina;;01/09/1884;Orsara di Puglia;;064812;064;AV
1884;PZ;076;076066;Rionero in Volture;;01/09/1884;Rionero in Vulture;;076066;076;PZ
1884;FI;048;048821;Portico di Romagna;;01/07/1884;Portico e San Benedetto;;048821;048;FI
1884;RM;058;058107;Trevignano;;01/07/1884;Trevignano Romano;;058107;058;RM
1884;TO;001;001221;Rocca di Corio;;01/06/1884;Rocca Canavese;;001221;001;TO
1884;GE;010;010008;Campo Freddo;;01/05/1884;Campo Ligure;;010008;010;GE
1884;RM;058;058031;Scarpa;;01/05/1884;Cineto Romano;;058031;058;RM
1884;BG;016;016046;Calusco;;01/01/1884;Calusco d'Adda;;016046;016;BG
1884;PD;028;028004;Anguillara;;01/01/1884;Anguillara Veneta;;028004;028;PD
1884;FE;038;038015;Migliaro;;01/01/1884;Migliarino;;038015;038;FE
1883;TO;001;001910;Antey la Magdeleine;;01/10/1883;La Magdeleine;;001910;001;TO
1883;MN;020;020069;Quattroville;;01/04/1883;Virgilio;;020069;020;MN
1883;BN;062;062069;Santa Croce di Morcone;;01/03/1883;Santa Croce del Sannio;;062069;062;BN
1883;PA;082;082011;Santa Maria d'Ogliastro;;01/02/1883;Bolognetta;;082011;082;PA
1883;BO;037;037031;Tavernola Reno;;01/01/1883;Grizzana;;037031;037;BO
1883;CE;061;061100;Vitulaccio;;01/01/1883;Vitulazio;;061100;061;CE
1882;BO;037;037049;Porretta;;01/12/1882;Bagni della Porretta;;037049;037;BO
1882;BG;016;016171;Pontita;;01/09/1882;Pontida;;016171;016;BG
1882;CE;061;061834;Palazzolo di Castrocielo;;01/09/1882;Castrocielo;;061834;061;CE
1882;CO;013;013052;Caslino Piano d'Erba;;01/08/1882;Caslino d'Erba;;013052;013;CO
1882;BO;037;037036;Caprara Sopra Panico;;01/08/1882;Marzabotto;;037036;037;BO
1882;IM;008;008812;Colla;;01/07/1882;Col di Rodi;;008812;008;IM
1882;RO;029;029806;Fasana di Polesine;;01/07/1882;Ca' Emo;;029806;029;RO
1882;PC;033;033041;Polignano Piacentino;;01/07/1882;San Pietro in Cerro;;033041;033;PC
1882;PG;054;054851;Monte San Giovanni;;01/06/1882;Monte San Giovanni in Sabina;;054851;054;PG
1882;AN;042;042036;Montenovo;;01/04/1882;Ostra Vetere;;042036;042;AN
1882;BL;025;025058;Servo;;01/01/1882;Sovramonte;;025058;025;BL
1882;CA;092;092883;Pauli Pirri;;01/01/1882;Pauli Monserrato;;092883;092;CA
1881;PC;033;033004;Bettola;;29/10/1881;Borgonure;;033004;033;PC
1881;CH;069;069089;Taranta;;01/10/1881;Taranta Peligna;;069089;069;CH
1881;PI;050;050806;Fitto di Cecina;;14/09/1881;Cecina;;050806;050;PI
1881;SR;089;089802;Chiaramonte;;01/09/1881;Chiaramonte Gulfi;;089802;089;SR
1881;RM;058;058028;Cervara;;01/07/1881;Cervara di Roma;;058028;058;RM
1881;AN;042;042035;Montalboddo;;01/06/1881;Ostra;;042035;042;AN
1881;SA;065;065131;Santa Menna;;01/04/1881;Santomenna;;065131;065;SA
1881;RM;058;058012;Civitella San Sisto;;01/01/1881;Bellegra;;058012;058;RM
1880;PG;054;054807;Meggiano;;01/10/1880;Piedipaterno sul Nera;;054807;054;PG
1880;GE;010;010807;Cornigliano;;01/06/1880;Cornigliano Ligure;;010807;010;GE
1880;SA;065;065010;Atena;;01/06/1880;Atena Lucana;;065010;065;SA
1880;ME;083;083038;Gallodoro;;08/05/1880;Letojanni Gallodoro;;083038;083;ME
1880;RM;058;058049;Lugnano Labicano;;06/04/1880;Labico;;058049;058;RM
1880;PA;082;082067;Solanto;;01/04/1880;Santa Flavia;;082067;082;PA
1879;MN;020;020024;Gazzoldo;;10/09/1879;Gazoldo degli Ippoliti;;020024;020;MN
1879;CE;061;061856;Traetto;;10/09/1879;Minturno;;061856;061;CE
1879;PZ;076;076084;Salvia;;03/09/1879;Savoia di Lucania;;076084;076;PZ
1879;MI;015;015174;Orgnaga;;01/08/1879;Pieve Fissiraga;;015174;015;MI
1879;AP;044;044005;Appignano di Offida;;26/04/1879;Appignano del Tronto;;044005;044;AP
1879;AG;084;084036;San Giovanni di Cammarata;;22/04/1879;San Giovanni Gemini;;084036;084;AG
1879;CO;013;013885;Narro;;07/03/1879;Indovero;;013885;013;CO
1879;CO;013;013973;Bosco di Gavirate;;06/03/1879;Ballarate;;013973;013;CO
1879;FG;071;071030;Saline di Barletta;;25/02/1879;Margherita di Savoia;;071030;071;FG
1879;PG;054;054046;Scheggia;;01/01/1879;Scheggia e Pascelupo;;054046;054;PG
1878;CR;019;019875;Paderno Fasolaro;;31/12/1878;Paderno Cremonese;;019875;019;CR
1878;CE;061;061830;Castelluccio di Sora;;03/09/1878;Castelliri;;061830;061;CE
1878;UD;030;030819;Collalto della Soima;;31/08/1878;Segnacco;;030819;030;UD
1878;CN;004;004142;Monticelli Alba;;16/07/1878;Monticello d'Alba;;004142;004;CN
1878;PD;028;028021;Pontecasale;;30/06/1878;Candiana;;028021;028;PD
1878;GE;010;010011;Casarza;;26/06/1878;Casarza Ligure;;010011;010;GE
1878;AL;006;006185;Villanova di Casale Monferrato;;22/06/1878;Villanova Monferrato;;006185;006;AL
1878;BL;025;025044;Rocca d'Agordo;;04/01/1878;Rocca Pietore;;025044;025;BL
1878;BS;017;017113;Montichiari sul Chiese;;03/01/1878;Montichiari;;017113;017;BS
1877;CZ;079;079136;Soriano;;04/12/1877;Soriano Calabro;;079136;079;CZ
1877;CO;013;013401;Craglio con Cadero;;03/12/1877;Cadero con Graglio;;013401;013;CO
1877;NA;063;063026;Massa di Somma;;28/08/1877;Cercola;;063026;063;NA
1877;PC;033;033034;Pomaro Piacentino;;24/05/1877;Piozzano;;033034;033;PC
1876;BO;037;037016;Castel Guelfo;;16/12/1876;Castel Guelfo di Bologna;;037016;037;BO
1876;RM;058;058808;Arlena;;18/10/1876;Arlena di Castro;;058808;058;RM
1875;GE;010;010928;Godano;;08/12/1875;Sesta Godano;;010928;010;GE
1875;CB;070;070040;Civitavecchia;;29/11/1875;Duronia;;070040;070;CB
1875;BO;037;037030;Viadagola;;28/11/1875;Granarolo dell'Emilia;;037030;037;BO
1875;AR;051;051027;Ortignano;;17/11/1875;Ortignano Raggiolo;;051027;051;AR
1875;PG;054;054008;Castel Ritaldi;;01/09/1875;Castel Ritaldi e San Giovanni;;054008;054;PG
1875;AG;084;084020;Lampedusa;;31/08/1875;Lampedusa e Linosa;;084020;084;AG
1875;PA;082;082033;Contessa;;10/08/1875;Contessa Entellina;;082033;082;PA
1875;NO;003;003152;Vanzone;;09/06/1875;Vanzone con San Carlo;;003152;003;NO
1875;CO;013;013912;Pagnano;;17/03/1875;Pagnano Valsassina;;013912;013;CO
1874;CT;087;087051;Tremestieri;;16/07/1874;Tremestieri Etneo;;087051;087;CT
1874;AG;084;084014;Cattolica;;08/07/1874;Cattolica Eraclea;;084014;084;AG
1874;AQ;066;066024;Carapelle;;26/06/1874;Carapelle Calvisio;;066024;066;AQ
1874;RM;058;058858;Stabia;;02/04/1874;Faleria;;058858;058;RM
1874;RE;035;035018;Ciano;;21/01/1874;Ciano d'Enza;;035018;035;RE
1874;VE;027;027803;Favaro;;14/01/1874;Favaro Veneto;;027803;027;VE
1873;PZ;076;076830;Favale San Cataldo;;16/10/1873;Valsinni;;076830;076;PZ
1873;BS;017;017829;Clusane;;09/09/1873;Clusane sul Lago;;017829;017;BS
1873;PG;054;054902;Varco;;08/09/1873;Varco Sabino;;054902;054;PG
1873;PV;018;018806;Argine Po;;01/09/1873;Bressana;;018806;018;PV
1873;AL;006;006126;Parodi;;31/08/1873;Parodi Ligure;;006126;006;AL
1873;LE;075;075003;Villapicciotti;;03/08/1873;Alezio;;075003;075;LE
1873;LI;049;049013;Longone;;14/07/1873;Porto Longone;;049013;049;LI
1873;PI;050;050806;Bibbona;;08/07/1873;Fitto di Cecina;;050806;050;PI
1873;RM;058;058043;Genzano;;17/05/1873;Genzano di Roma;;058043;058;RM
1873;RM;058;058857;Fabbrica;;16/05/1873;Fabrica di Roma;;058857;058;RM
1873;CT;087;087020;Licodia;;16/05/1873;Licodia Eubea;;087020;087;CT
1873;RE;035;035031;Pieve San Vincenzo;;15/05/1873;Ramiseto;;035031;035;RE
1873;ME;083;083080;San Pier Monforte;;15/05/1873;San Pier Niceto;;083080;083;ME
1873;SA;065;065153;Piaggine Sottane;;14/05/1873;Valle dell'Angelo;;065153;065;SA
1873;RM;058;058016;Canale e Monte Virginio;;13/05/1873;Canale Monterano;;058016;058;RM
1873;TO;001;001828;Forno Groscavallo;;12/05/1873;Forno Alpi Graje;;001828;001;TO
1873;LE;075;075077;Specchia de' Preti;;05/05/1873;Specchia;;075077;075;LE
1873;RM;058;058011;Montefortino;;28/03/1873;Artena;;058011;058;RM
1873;RM;058;058947;San Michele;;27/03/1873;San Michele in Teverina;;058947;058;RM
1873;RM;058;058082;Rignano;;08/03/1873;Rignano Flaminio;;058082;058;RM
1873;RM;058;058049;Lugnano;;08/02/1873;Lugnano Labicano;;058049;058;RM
1873;RM;058;058020;Carpineto;;07/02/1873;Carpineto Romano;;058020;058;RM
1873;RM;058;058844;Cisterna;;03/02/1873;Cisterna di Roma;;058844;058;RM
1873;BN;062;062065;San Martino Ave Grazia Plena;;02/02/1873;San Martino Sannita;;062065;062;BN
1873;RM;058;058064;Monte Porzio;;01/02/1873;Monte Porzio Catone;;058064;058;RM
1873;RM;058;058053;Cantalupo Bardella;;25/01/1873;Mandela;;058053;058;RM
1873;RM;058;058055;Marano;;25/01/1873;Marano Equo;;058055;058;RM
1873;RM;058;058014;Camerata;;24/01/1873;Camerata Nuova;;058014;058;RM
1873;RM;058;058944;San Felice;;07/01/1873;San Felice Circeo;;058944;058;RM
1873;RM;058;058113;Vivaro;;01/01/1873;Vivaro Romano;;058113;058;RM
1872;RM;058;058025;Castel San Pietro;;17/12/1872;Castel San Pietro Romano;;058025;058;RM
1872;RM;058;058027;Cerreto;;17/12/1872;Cerneto;;058027;058;RM
1872;RM;058;058073;Olevano;;17/12/1872;Olevano Romano;;058073;058;RM
1872;RM;058;058894;Montalto;;01/12/1872;Montalto di Castro;;058894;058;RM
1872;RM;058;058008;Ponza;;21/11/1872;Ponza d'Arcinazzo;;058008;058;RM
1872;RM;058;058106;Torrita;;20/11/1872;Torrita Tiberina;;058106;058;RM
1872;RM;058;058839;Castro;;18/11/1872;Castro dei Volsci;;058839;058;RM
1872;RM;058;058864;Anticoli;;18/11/1872;Anticoli di Campagna;;058864;058;RM
1872;RM;058;058873;Giuliano;;18/11/1872;Giuliano di Roma;;058873;058;RM
1872;RM;058;058898;Monte San Giovanni;;18/11/1872;Monte San Giovanni Campano;;058898;058;RM
1872;RM;058;058940;Roccasecca;;18/11/1872;Roccasecca dei Volsci;;058940;058;RM
1872;RM;058;058968;Torre;;18/11/1872;Torre Cajetani;;058968;058;RM
1872;RM;058;058972;Trevi;;18/11/1872;Trevi nel Lazio;;058972;058;RM
1872;RM;058;058985;Vico;;18/11/1872;Vico nel Lazio;;058985;058;RM
1872;RM;058;058988;Santo Stefano;;18/11/1872;Villa Santo Stefano;;058988;058;RM
1872;RM;058;058005;Anguillara;;13/11/1872;Anguillara Sabazia;;058005;058;RM
1872;RM;058;058912;Oriolo;;13/11/1872;Oriolo Romano;;058912;058;RM
1872;RM;058;058040;Gallicano;;12/11/1872;Gallicano nel Lazio;;058040;058;RM
1872;RM;058;058012;Civitella;;28/10/1872;Civitella San Sisto;;058012;058;RM
1872;RM;058;058946;San Martino;;23/10/1872;San Martino al Cimino;;058946;058;RM
1872;RM;058;058003;Albano;;22/10/1872;Albano Laziale;;058003;058;RM
1872;RM;058;058964;Corneto;;18/10/1872;Corneto Tarquinia;;058964;058;RM
1872;RM;058;058015;Campagnano;;12/10/1872;Campagnano di Roma;;058015;058;RM
1872;RM;058;058801;Monticelli;;12/10/1872;Montecelio;;058801;058;RM
1872;RM;058;058813;Barbarano;;12/10/1872;Barbarano Romano;;058813;058;RM
1872;RM;058;058095;San Gregorio;;07/10/1872;San Gregorio da Sassola;;058095;058;RM
1872;RM;058;058036;Fiano;;05/10/1872;Fiano Romano;;058036;058;RM
1872;RM;058;058880;Ischia;;04/10/1872;Ischia di Castro;;058880;058;RM
1872;RM;058;058019;Capranica;;02/10/1872;Capranica Prenestina;;058019;058;RM
1872;RM;058;058058;Mazzano;;24/09/1872;Mazzano Romano;;058058;058;RM
1872;RM;058;058982;Viano;;24/09/1872;Vejano;;058982;058;RM
1872;RM;058;058080;Ponzano;;01/09/1872;Ponzano Romano;;058080;058;RM
1872;IM;008;008824;Moltedo Inferiore;;11/08/1872;Montegrazie;;008824;008;IM
1872;RM;058;058075;Palombara;;10/08/1872;Palombara Sabina;;058075;058;RM
1872;RM;058;058806;San Lorenzo;;06/08/1872;Amaseno;;058806;058;RM
1872;MI;015;012854;Jerago;;01/08/1872;Jerago con Besnate;;012854;015;MI
1872;VR;023;023041;Isola Porcarizza;;14/07/1872;Isola Rizza;;023041;023;VR
1872;RM;058;058100;San Vito;;05/07/1872;San Vito Romano;;058100;058;RM
1872;CZ;079;079096;Feroletto Piano;;17/05/1872;Pianopoli;;079096;079;CZ
1872;TV;026;026006;Caerano;;19/04/1872;Caerano di San Marco;;026006;026;TV
1872;PZ;076;076819;Bollita;;09/04/1872;Nova Siri;;076819;076;PZ
1872;RE;035;035019;Culagna;;25/03/1872;Collagna;;035019;035;RE
1872;CE;061;061018;Casanova e Coccagna;;25/03/1872;Casagiove;;061018;061;CE
1872;BS;017;017186;Torbole;;21/02/1872;Torbole Casaglia;;017186;017;BS
1872;CE;061;061043;Gricignano;;23/01/1872;Gricignano di Aversa;;061043;061;CE
1871;RM;058;058956;Soriano;;31/12/1871;Soriano nel Cimino;;058956;058;RM
1871;FI;048;048809;Terra del Sole;;29/12/1871;Terra del Sole e Castrocaro;;048809;048;FI
1871;RM;058;058077;Pisciano;;04/12/1871;Pisoniano;;058077;058;RM
1871;SA;065;065144;Porcili;;11/11/1871;Stella Cilento;;065144;065;SA
1871;PV;018;018057;Corvino;;01/09/1871;Corvino San Quirico;;018057;018;PV
1871;NA;063;063087;Panicocoli;;20/06/1871;Villaricca;;063087;063;NA
1871;GE;010;010009;Larvego;;28/04/1871;Campomorone;;010009;010;GE
1871;MI;015;015150;Coronate;;20/04/1871;Morimondo;;015150;015;MI
1870;CA;092;092148;Ula;;28/10/1870;Ulà Tirso;;092148;092;CA
1870;VR;023;023014;Castelletto;;17/10/1870;Castelletto di Brenzone;;023014;023;VR
1870;MI;015;015172;Pessano;;01/09/1870;Pessano con Bornago;;015172;015;MI
1870;AN;042;042032;Umana;;26/01/1870;Numana;;042032;042;AN
1869;GE;010;010903;Feglino;;08/11/1869;Orco Feglino;;010903;010;GE
1869;AR;051;051028;Val d'Ambra;;21/09/1869;Pergine;;051028;051;AR
1869;FI;048;048043;Sesto;;12/09/1869;Sesto Fiorentino;;048043;048;FI
1869;CE;061;061849;Isola presso Sora;;05/08/1869;Isola del Liri;;061849;061;CE
1869;MI;015;015240;Villaresco;;13/05/1869;Villavesco;;015240;015;MI
1869;CR;019;019028;Pugnolo;;21/04/1869;Cella Dati;;019028;019;CR
1869;MI;015;015240;Modignano;;01/04/1869;Villaresco;;015240;015;MI
1869;MN;020;020067;Mulo;;19/03/1869;Villa Poma;;020067;020;MN
1869;UD;030;030172;Treppo;;19/03/1869;Treppo Carnico;;030172;030;UD
1869;PR;034;034029;Polesine;;19/03/1869;Polesine Parmense;;034029;034;PR
1869;UD;030;030142;San Pietro degli Schiavi;;28/02/1869;San Pietro al Natisone;;030142;030;UD
1868;NO;003;003840;Coiro;;31/12/1868;Coiromonte;;003840;003;NO
1868;AL;006;006883;Grazzano;;31/12/1868;Grazzano Monferrato;;006883;006;AL
1868;VR;023;023807;Castione;;31/12/1868;Castione Veronese;;023807;023;VR
1868;VE;027;027011;Concordia;;31/12/1868;Concordia Sagitaria;;027011;027;VE
1868;AV;064;064005;Ariano;;31/12/1868;Ariano di Puglia;;064005;064;AV
1868;CA;092;092168;Bannari;;31/12/1868;Bannari di Usellus;;092168;092;CA
1868;MS;045;045010;Massa-Carrara;;10/10/1868;Massa;;045010;045;MS
1868;CR;019;019026;Breda dei Bugni;;19/08/1868;Castelverde;;019026;019;CR
1868;RO;029;029003;Arquà;;13/07/1868;Arquà Polesine;;029003;029;RO
1868;RO;029;029802;Boara;;13/07/1868;Boara Polesine;;029802;029;RO
1868;MN;020;020037;Borgoforte a Destra;;14/02/1868;Motteggiana;;020037;020;MN
1868;VI;024;024053;Lugo;;14/02/1868;Lugo di Vicenza;;024053;024;VI
1868;VI;024;024086;Romano;;14/02/1868;Romano d'Ezzelino;;024086;024;VI
1868;BL;025;025033;Lozzo;;14/02/1868;Lozzo Cadore;;025033;025;BL
1868;BL;025;025046;San Nicolò;;14/02/1868;San Nicolò di Comelico;;025046;025;BL
1868;BL;025;025047;San Pietro;;14/02/1868;San Pietro Cadore;;025047;025;BL
1868;TV;026;026005;Breda;;14/02/1868;Breda di Piave;;026005;026;TV
1868;TV;026;026009;Casale;;14/02/1868;Casale sul Sile;;026009;026;TV
1868;TV;026;026043;Mogliano;;14/02/1868;Mogliano Veneto;;026043;026;TV
1868;TV;026;026044;Monastier;;14/02/1868;Monastier di Treviso;;026044;026;TV
1868;TV;026;026049;Motta;;14/02/1868;Motta di Livenza;;026049;026;TV
1868;TV;026;026059;Ponzano;;14/02/1868;Ponzano Veneto;;026059;026;TV
1868;TV;026;026064;Quinto;;14/02/1868;Quinto di Treviso;;026064;026;TV
1868;VE;027;027040;Teglio;;14/02/1868;Teglio Veneto;;027040;027;VE
1868;PD;028;028005;Arquà;;14/02/1868;Arquà Petrarca;;028005;028;PD
1868;PD;028;028012;Boara;;14/02/1868;Boara Pisani;;028012;028;PD
1868;PD;028;028048;Maserà;;14/02/1868;Maserà di Padova;;028048;028;PD
1868;CA;092;092809;Sicci;;14/02/1868;Sicci San Biagio;;092809;092;CA
1868;BS;017;017013;Bassano;;11/01/1868;Bassano Bresciano;;017013;017;BS
1868;TV;026;026007;Cappella;;11/01/1868;Cappella Maggiore;;026007;026;TV
1868;TV;026;026012;Castelfranco;;11/01/1868;Castelfranco Veneto;;026012;026;TV
1868;TV;026;026013;Godego;;11/01/1868;Castello di Godego;;026013;026;TV
1868;TV;026;026018;Cison;;11/01/1868;Cison di Valmarino;;026018;026;TV
1868;TV;026;026020;Colle;;11/01/1868;Colle Umberto;;026020;026;TV
1868;TV;026;026024;Crespano;;11/01/1868;Crespano Veneto;;026024;026;TV
1868;TV;026;026026;Farra;;11/01/1868;Farra di Soligo;;026026;026;TV
1868;TV;026;026033;Godega;;11/01/1868;Godega di Sant'Urbano;;026033;026;TV
1868;TV;026;026038;Mareno;;11/01/1868;Mareno di Piave;;026038;026;TV
1868;TV;026;026054;Paderno;;11/01/1868;Paderno d'Asolo;;026054;026;TV
1868;TV;026;026074;San Polo;;11/01/1868;San Polo di Piave;;026074;026;TV
1868;TV;026;026075;Santa Lucia;;11/01/1868;Santa Lucia di Piave;;026075;026;TV
1868;TV;026;026077;San Zenone;;11/01/1868;San Zenone degli Ezzelini;;026077;026;TV
1868;TV;026;026804;Lago;;11/01/1868;San Giorgio di Lago;;026804;026;TV
1868;PD;028;028102;Villa di Villa;;11/01/1868;Villa Estense;;028102;028;PD
1868;UD;030;030088;Montereale;;11/01/1868;Montereale Cellina;;030088;030;UD
1868;BS;017;017841;Fiumicello;;01/01/1868;Fiumicello Urago;;017841;017;BS
1868;CR;019;019032;Corte de' Cortesi;;01/01/1868;Corte de' Cortesi con Cignone;;019032;019;CR
1868;CR;019;019069;Pescarolo;;01/01/1868;Pescarolo ed Uniti;;019069;019;CR
1868;CR;019;019089;San Daniele;;01/01/1868;San Daniele Ripa Po;;019089;019;CR
1868;CR;019;019095;Sesto;;01/01/1868;Sesto ed Uniti;;019095;019;CR
1868;CR;019;019103;Stagno Pagliaro;;01/01/1868;Stagno Lombardo;;019103;019;CR
1868;CR;019;019107;Torre Malamberti;;01/01/1868;Torre de' Picenardi;;019107;019;CR
1867;ME;083;083079;San Marco d'Alfonsio;;28/12/1867;San Marco d'Alunzio;;083079;083;ME
1867;TV;026;026806;Albaredo;;24/10/1867;Sant'Andrea di Cavasagra;;026806;026;TV
1867;CR;019;019016;Casalbuttano;;10/10/1867;Casalbuttano ed Uniti;;019016;019;CR
1867;VI;024;024004;Altavilla;;08/10/1867;Altavilla Vicentina;;024004;024;VI
1867;VI;024;024013;Bolzano;;08/10/1867;Bolzano Vicentino;;024013;024;VI
1867;VI;024;024021;Camisano;;08/10/1867;Camisano Vicentino;;024021;024;VI
1867;VI;024;024022;Campiglia;;08/10/1867;Campiglia dei Berici;;024022;024;VI
1867;VI;024;024023;Campolongo;;08/10/1867;Campolongo sul Brenta;;024023;024;VI
1867;VI;024;024046;Grisignano;;08/10/1867;Grisignano di Zocco;;024046;024;VI
1867;VI;024;024056;Marano;;08/10/1867;Marano Vicentino;;024056;024;VI
1867;VI;024;024058;Mason;;08/10/1867;Mason Vicentino;;024058;024;VI
1867;VI;024;024060;Montebello;;08/10/1867;Montebello Vicentino;;024060;024;VI
1867;VI;024;024072;Nogarole;;08/10/1867;Nogarole Vicentino;;024072;024;VI
1867;VI;024;024082;Pozzo;;08/10/1867;Pozzoleone;;024082;024;VI
1867;VI;024;024083;Quinto;;08/10/1867;Quinto Vicentino;;024083;024;VI
1867;VI;024;024088;Rossano;;08/10/1867;Rossano Veneto;;024088;024;VI
1867;VI;024;024096;San Vito;;08/10/1867;San Vito di Leguzzano;;024096;024;VI
1867;VI;024;024115;Velo;;08/10/1867;Velo d'Astico;;024115;024;VI
1867;UD;030;030012;Azzano;;08/10/1867;Azzano Decimo;;030012;030;UD
1867;UD;030;030013;Bagnaria;;08/10/1867;Bagnaria Arsa;;030013;030;UD
1867;UD;030;030028;Casarsa;;08/10/1867;Casarsa della Delizia;;030028;030;UD
1867;UD;030;030030;Castelnovo;;08/10/1867;Castelnovo del Friuli;;030030;030;UD
1867;UD;030;030032;Cavasso;;08/10/1867;Cavasso Nuovo;;030032;030;UD
1867;UD;030;030033;Cavazzo;;08/10/1867;Cavazzo Carnico;;030033;030;UD
1867;UD;030;030038;Chiusa;;08/10/1867;Chiusaforte;;030038;030;UD
1867;UD;030;030076;Magnano;;08/10/1867;Magnano in Riviera;;030076;030;UD
1867;UD;030;030081;Marano;;08/10/1867;Marano Lacunare;;030081;030;UD
1867;UD;030;030092;Muzzana;;08/10/1867;Muzzana del Turgnano;;030092;030;UD
1867;UD;030;030097;Palazzolo;;08/10/1867;Palazzolo dello Stella;;030097;030;UD
1867;UD;030;030103;Pavia;;08/10/1867;Pavia di Udine;;030103;030;UD
1867;UD;030;030104;Pinzano;;08/10/1867;Pinzano al Tagliamento;;030104;030;UD
1867;UD;030;030112;Pozzuolo;;08/10/1867;Pozzuolo del Friuli;;030112;030;UD
1867;UD;030;030114;Prata;;08/10/1867;Prata di Pordenone;;030114;030;UD
1867;UD;030;030115;Prato;;08/10/1867;Prato Carnico;;030115;030;UD
1867;UD;030;030125;Reana;;08/10/1867;Reana del Rojale;;030125;030;UD
1867;UD;030;030133;Roveredo;;08/10/1867;Roveredo in Piano;;030133;030;UD
1867;UD;030;030136;San Daniele;;08/10/1867;San Daniele del Friuli;;030136;030;UD
1867;UD;030;030137;San Giorgio;;08/10/1867;San Giorgio della Richinvelda;;030137;030;UD
1867;UD;030;030141;San Martino;;08/10/1867;San Martino al Tagliamento;;030141;030;UD
1867;UD;030;030152;Sesto;;08/10/1867;Sesto al Reghena;;030152;030;UD
1867;UD;030;030181;Villa;;08/10/1867;Villa Santina;;030181;030;UD
1867;UD;030;030805;Feletto;;08/10/1867;Feletto Umberto;;030805;030;UD
1867;UD;030;030816;Passariano;;08/10/1867;Rivolto;;030816;030;UD
1867;UD;030;030819;Collalto;;08/10/1867;Collalto della Soima;;030819;030;UD
1867;VR;023;023002;Albaredo;;07/10/1867;Albaredo d'Adige;;023002;023;VR
1867;VR;023;023007;Belfiore di Porcile;;07/10/1867;Belfiore;;023007;023;VR
1867;VR;023;023018;Caprino;;07/10/1867;Caprino Veronese;;023018;023;VR
1867;VR;023;023022;Castelnuovo;;07/10/1867;Castelnuovo di Verona;;023022;023;VR
1867;VR;023;023023;Cavajon;;07/10/1867;Cavaion Veronese;;023023;023;VR
1867;VR;023;023024;Cazzano;;07/10/1867;Cazzano di Tramigna;;023024;023;VR
1867;VR;023;023026;Cerro;;07/10/1867;Cerro Veronese;;023026;023;VR
1867;VR;023;023027;Cologna;;07/10/1867;Cologna Veneta;;023027;023;VR
1867;VR;023;023028;Colognola;;07/10/1867;Colognola ai Colli;;023028;023;VR
1867;VR;023;023037;Gazzo;;07/10/1867;Gazzo Veronese;;023037;023;VR
1867;VR;023;023046;Marano;;07/10/1867;Marano di Valpolicella;;023046;023;VR
1867;VR;023;023050;Monteforte;;07/10/1867;Monteforte d'Alpone;;023050;023;VR
1867;VR;023;023054;Nogarole;;07/10/1867;Nogarole Rocca;;023054;023;VR
1867;VR;023;023059;Peschiera;;07/10/1867;Peschiera sul Lago di Garda;;023059;023;VR
1867;VR;023;023062;Rivoli;;07/10/1867;Rivoli Veronese;;023062;023;VR
1867;VR;023;023064;Ronco;;07/10/1867;Ronco all'Adige;;023064;023;VR
1867;VR;023;023066;Roveredo;;07/10/1867;Roveredo di Guà;;023066;023;VR
1867;VR;023;023074;Saline;;07/10/1867;San Mauro di Saline;;023074;023;VR
1867;VR;023;023077;Sant'Ambrogio;;07/10/1867;Sant'Ambrogio di Valpolicella;;023077;023;VR
1867;VR;023;023086;Torri;;07/10/1867;Torri del Benaco;;023086;023;VR
1867;VR;023;023089;Valeggio;;07/10/1867;Valeggio sul Mincio;;023089;023;VR
1867;VR;023;023090;Velo;;07/10/1867;Velo Veronese;;023090;023;VR
1867;VR;023;023096;Villafranca;;07/10/1867;Villafranca di Verona;;023096;023;VR
1867;VR;023;023811;Montorio;;07/10/1867;Montorio Veronese;;023811;023;VR
1867;VR;023;023813;Parona;;07/10/1867;Parona all'Adige;;023813;023;VR
1867;VR;023;023815;Quinto;;07/10/1867;Quinto di Valpantena;;023815;023;VR
1867;VR;023;023816;Quinzano;;07/10/1867;Quinzano Veronese;;023816;023;VR
1867;VR;023;023817;San Massimo;;07/10/1867;San Massimo all'Adige;;023817;023;VR
1867;VR;023;023818;San Michele;;07/10/1867;San Michele Extra;;023818;023;VR
1867;VR;023;023820;Ponti;;07/10/1867;Ponti sul Mincio;;023820;023;VR
1867;VI;024;024092;San Germano;;07/10/1867;San Germano dei Berici;;024092;024;VI
1867;PD;028;028008;Bagnoli;;07/10/1867;Bagnoli di Sopra;;028008;028;PD
1867;PD;028;028013;Sant'Eufemia;;07/10/1867;Borgoricco;;028013;028;PD
1867;PD;028;028018;Campolongo;;07/10/1867;Campodoro;;028018;028;PD
1867;PD;028;028023;Carmignano;;07/10/1867;Carmignano di Brenta;;028023;028;PD
1867;PD;028;028027;Casale;;07/10/1867;Casale di Scodosia;;028027;028;PD
1867;PD;028;028031;Cinto;;07/10/1867;Cinto Euganeo;;028031;028;PD
1867;PD;028;028039;Galliera;;07/10/1867;Galliera Veneta;;028039;028;PD
1867;PD;028;028047;Lozzo;;07/10/1867;Lozzo Atestino;;028047;028;PD
1867;PD;028;028058;Noventa;;07/10/1867;Noventa Padovana;;028058;028;PD
1867;PD;028;028059;Ospedaletto;;07/10/1867;Ospedaletto Euganeo;;028059;028;PD
1867;PD;028;028062;Piacenza;;07/10/1867;Piacenza d'Adige;;028062;028;PD
1867;PD;028;028063;Piazzolo;;07/10/1867;Piazzola sul Brenta;;028063;028;PD
1867;PD;028;028064;Piombino;;07/10/1867;Piombino Dese;;028064;028;PD
1867;PD;028;028081;Santa Margherita;;07/10/1867;Santa Margherita d'Adige;;028081;028;PD
1867;PD;028;028082;Sant'Angelo;;07/10/1867;Sant'Angelo di Piove di Sacco;;028082;028;PD
1867;PD;028;028098;Vighizzolo;;07/10/1867;Vighizzolo d'Este;;028098;028;PD
1867;PD;028;028103;Villafranca;;07/10/1867;Villafranca Padovana;;028103;028;PD
1867;PD;028;028104;Villanova;;07/10/1867;Villanova di Camposampiero;;028104;028;PD
1867;VE;027;027001;Annone;;06/09/1867;Annone Veneto;;027001;027;VE
1867;VE;027;027002;Campagna;;06/09/1867;Campagna Lupia;;027002;027;VE
1867;VE;027;027003;Campolongo;;06/09/1867;Campolongo Maggiore;;027003;027;VE
1867;VE;027;027009;Cinto;;06/09/1867;Cinto Caomaggiore;;027009;027;VE
1867;VE;027;027014;Fiesso;;06/09/1867;Fiesso d'Artico;;027014;027;VE
1867;VE;027;027015;Fossalta;;06/09/1867;Fossalta di Piave;;027015;027;VE
1867;VE;027;027016;Fossalta;;06/09/1867;Fossalta di Portogruaro;;027016;027;VE
1867;VE;027;027027;Noventa;;06/09/1867;Noventa di Piave;;027027;027;VE
1867;VE;027;027034;San Michele;;06/09/1867;San Michele al Tagliamento;;027034;027;VE
1867;PD;028;028090;Terrassa;;06/09/1867;Terrassa Padovana;;028090;028;PD
1867;BG;016;016218;Trescore;;19/08/1867;Trescore Balneario;;016218;016;BG
1867;BL;025;025040;Capodimonte;;19/08/1867;Ponte nelle Alpi;;025040;025;BL
1867;RO;029;029002;Ariano;;19/08/1867;Ariano nel Polesine;;029002;029;RO
1867;RO;029;029004;Badia;;19/08/1867;Badia Polesine;;029004;029;RO
1867;RO;029;029005;Bagnolo;;19/08/1867;Bagnolo di Po;;029005;029;RO
1867;RO;029;029013;Castelnovo;;19/08/1867;Castelnovo Bariano;;029013;029;RO
1867;RO;029;029018;Costa;;19/08/1867;Costa di Rovigo;;029018;029;RO
1867;RO;029;029022;Fiesso;;19/08/1867;Fiesso Umbertiano;;029022;029;RO
1867;RO;029;029023;Frassinelle;;19/08/1867;Frassinelle Polesine;;029023;029;RO
1867;RO;029;029024;Fratta;;19/08/1867;Fratta Polesine;;029024;029;RO
1867;RO;029;029039;San Niccolò;;19/08/1867;Porto Tolle;;029039;029;RO
1867;RO;029;029044;San Martino;;19/08/1867;San Martino di Venezze;;029044;029;RO
1867;RO;029;029805;Buso;;19/08/1867;Buso Sarzano;;029805;029;RO
1867;RO;029;029806;Fasana;;19/08/1867;Fasana di Polesine;;029806;029;RO
1867;RO;029;029809;Grignano;;19/08/1867;Grignano di Polesine;;029809;029;RO
1867;RO;029;029813;Sant'Apollinare;;19/08/1867;Sant'Apollinare con Selva;;029813;029;RO
1867;RO;029;029814;Villabona;;19/08/1867;Villa d'Adige;;029814;029;RO
1867;MN;020;020006;Borgofranco;;21/07/1867;Borgofranco sul Po;;020006;020;MN
1867;MN;020;020009;Carbonara;;21/07/1867;Carbonara di Po;;020009;020;MN
1867;MN;020;020014;Castellaro;;21/07/1867;Castel d'Ario;;020014;020;MN
1867;MN;020;020040;Pieve;;21/07/1867;Pieve di Coriano;;020040;020;MN
1867;MN;020;020042;Poggio;;21/07/1867;Poggio Rusco;;020042;020;MN
1867;MN;020;020055;San Benedetto;;21/07/1867;San Benedetto Po;;020055;020;MN
1867;MN;020;020057;San Giorgio;;21/07/1867;San Giorgio di Mantova;;020057;020;MN
1867;MN;020;020062;Serravalle;;21/07/1867;Serravalle a Po;;020062;020;MN
1867;BS;017;017191;Treviso;;19/06/1867;Treviso Bresciano;;017191;017;BS
1867;BL;025;025051;San Vito;;19/06/1867;San Vito di Cadore;;025051;025;BL
1867;BL;025;025063;Valle;;19/06/1867;Valle di Cadore;;025063;025;BL
1867;BL;025;025043;Riva;;22/05/1867;Rivamonte;;025043;025;BL
1867;BL;025;025044;Rocca;;22/05/1867;Rocca d'Agordo;;025044;025;BL
1867;BL;025;025002;Alano;;01/05/1867;Alano di Piave;;025002;025;BL
1867;BL;025;025011;Cesio;;01/05/1867;Cesiomaggiore;;025011;025;BL
1867;BL;025;025028;Cesana;;01/05/1867;Lentiai;;025028;025;BL
1867;BL;025;025045;San Gregorio;;01/05/1867;San Gregorio nelle Alpi;;025045;025;BL
1866;CA;092;092046;Villarios;;10/06/1866;Villarios Masainas;;092046;092;CA
1866;PC;033;033021;Fiorenzuola;;03/03/1866;Fiorenzuola d'Arda;;033021;033;PC
1866;AQ;066;066083;Roccavalleoscura;;22/01/1866;Rocca Pia;;066083;066;AQ
1865;ME;083;083014;Castania;;28/08/1865;Castell'Umberto;;083014;083;ME
1865;FC;040;040029;Morciano;;02/04/1865;Morciano di Romagna;;040029;040;FC
1865;LE;075;075050;Morciano;;02/04/1865;Morciano di Leuca;;075050;075;LE
1865;CL;085;085021;Vallelunga;;02/04/1865;Vallelunga Pratameno;;085021;085;CL
1864;TO;001;001811;Bussolino;;07/12/1864;Bussolino Gassinese;;001811;001;TO
1864;NO;003;003433;Quinto;;07/12/1864;Quinto Vercellese;;003433;003;NO
1864;NO;003;003908;Alagna;;07/12/1864;Alagna Valsesia;;003908;003;NO
1864;BG;016;016085;Costa;;07/12/1864;Costa Valle Imagna;;016085;016;BG
1864;PV;018;018172;Velezzo;;07/12/1864;Velezzo Lomellina;;018172;018;PV
1864;PV;018;018173;Vellezzo;;07/12/1864;Vellezzo Bellini;;018173;018;PV
1864;CR;019;019894;Roncadello;;07/12/1864;Roncadello d'Adda;;019894;019;CR
1864;AN;042;042011;Castelleone;;07/12/1864;Castelleone di Suasa;;042011;042;AN
1864;AP;044;044804;Lisciano;;07/12/1864;Lisciano del Tronto;;044804;044;AP
1864;SI;052;052033;Asinalunga;;07/12/1864;Sinalunga;;052033;052;SI
1864;PG;054;054025;Lisciano;;07/12/1864;Lisciano Niccone;;054025;054;PG
1864;CE;061;061088;Sessa;;07/12/1864;Sessa Aurunca;;061088;061;CE
1864;CE;061;061871;San Biagio;;07/12/1864;San Biagio Saracinisco;;061871;061;CE
1864;AV;064;064094;Sant'Arcangelo;;07/12/1864;Sant'Arcangelo Trimonte;;064094;064;AV
1864;SA;065;065067;Mercato;;07/12/1864;Mercato San Severino;;065067;065;SA
1864;CH;069;069010;Canosa;;07/12/1864;Canosa Sannita;;069010;069;CH
1864;CS;078;078028;Casole;;07/12/1864;Casole Bruzio;;078028;078;CS
1864;CS;078;078148;Torano;;07/12/1864;Torano Castello;;078148;078;CS
1864;ME;083;083083;Santa Domenica;;07/12/1864;Santa Domenica Vittoria;;083083;083;ME
1864;CA;092;092014;Baratili;;07/12/1864;Baratili San Pietro;;092014;092;CA
1864;AV;064;064088;Santa Lucia di Larino;;04/10/1864;Santa Lucia di Serino;;064088;064;AV
1864;MI;015;015178;Pozzuolo;;23/06/1864;Pozzuolo Martesana;;015178;015;MI
1864;BG;016;016072;Chignolo;;23/06/1864;Chignolo d'Isola;;016072;016;BG
1864;BG;016;016096;Fara;;23/06/1864;Fara d'Adda;;016096;016;BG
1864;BG;016;016097;Fara;;23/06/1864;Fara Olivana con Sola;;016097;016;BG
1864;BG;016;016832;Fuipiano;;23/06/1864;Fuipiano al Brembo;;016832;016;BG
1864;BG;016;016873;Breno;;23/06/1864;Sombreno;;016873;016;BG
1864;BS;017;017042;Castelnuovo;;23/06/1864;Castel Mella;;017042;017;BS
1864;BO;037;037001;Anzola;;23/06/1864;Anzola dell'Emilia;;037001;037;BO
1864;FI;048;048006;Campi;;23/06/1864;Campi Bisenzio;;048006;048;FI
1864;AQ;066;066013;Cagnano;;23/06/1864;Cagnano Amiterno;;066013;066;AQ
1864;AQ;066;066045;Gagliano;;23/06/1864;Gagliano Aterno;;066045;066;AQ
1864;AQ;066;066053;Magliano;;23/06/1864;Magliano de' Marsi;;066053;066;AQ
1864;AQ;066;066092;San Vincenzo;;23/06/1864;San Vincenzo Valle Roveto;;066092;066;AQ
1864;LE;075;075011;Campi;;23/06/1864;Campi Salentina;;075011;075;LE
1864;CS;078;078104;Roggiano;;23/06/1864;Roggiano Gravina;;078104;078;CS
1864;CZ;079;079148;Torre;;23/06/1864;Torre di Ruggiero;;079148;079;CZ
1864;RC;080;080007;Bagnara;;23/06/1864;Bagnara Calabra;;080007;080;RC
1864;RC;080;080018;Campo;;23/06/1864;Campo di Calabria;;080018;080;RC
1864;RC;080;080021;Caraffa;;23/06/1864;Caraffa del Bianco;;080021;080;RC
1864;RC;080;080050;Melito;;23/06/1864;Melito di Porto Salvo;;080050;080;RC
1864;RC;080;080053;Montebello;;23/06/1864;Fossato di Calabria Ultra Prima;;080053;080;RC
1864;RC;080;080066;Roccaforte;;23/06/1864;Roccaforte del Greco;;080066;080;RC
1864;RC;080;080071;San Giorgio;;23/06/1864;San Giorgio Morgeto;;080071;080;RC
1864;RC;080;080078;Santa Cristina;;23/06/1864;Santa Cristina d'Aspromonte;;080078;080;RC
1864;RC;080;080080;Sant'Alessio;;23/06/1864;Sant'Alessio in Aspromonte;;080080;080;RC
1864;RC;080;080094;Terranova;;23/06/1864;Terranova Sappo Minulio;;080094;080;RC
1864;RC;080;080815;Salice;;23/06/1864;Salice Calabro;;080815;080;RC
1864;RC;080;080820;San Giuseppe;;23/06/1864;Villa San Giuseppe;;080820;080;RC
1864;PA;082;082011;Ogliastro;;23/06/1864;Santa Maria d'Ogliastro;;082011;082;PA
1864;AG;084;084035;San Biagio;;23/06/1864;San Biagio Platani;;084035;084;AG
1864;TO;001;001065;Castagnole;;01/04/1864;Castagnole Piemonte;;001065;001;TO
1864;TO;001;001095;Cossano;;01/04/1864;Cossano Canavese;;001095;001;TO
1864;TO;001;001172;Orio;;01/04/1864;Orio Canavese;;001172;001;TO
1864;TO;001;001310;Virle;;01/04/1864;Virle Piemonte;;001310;001;TO
1864;TO;001;001801;Abbadia;;01/04/1864;Abbadia Alpina;;001801;001;TO
1864;MI;015;012834;Castegnate;;01/04/1864;Castegnate Olona;;012834;015;MI
1864;MI;015;012880;Quinzano;;01/04/1864;Quinzano San Pietro;;012880;015;MI
1864;SO;014;014007;Berbenno;;01/04/1864;Berbenno di Valtellina;;014007;014;SO
1864;SO;014;014052;Ponte;;01/04/1864;Ponte in Valtellina;;014052;014;SO
1864;SO;014;014058;San Giacomo;;01/04/1864;San Giacomo Filippo;;014058;014;SO
1864;MI;015;015105;Garbagnate;;01/04/1864;Garbagnate Milanese;;015105;015;MI
1864;MI;015;015148;Montanaso;;01/04/1864;Montanaso Lombardo;;015148;015;MI
1864;MI;015;015201;San Vittore;;01/04/1864;San Vittore Olona;;015201;015;MI
1864;MI;015;015413;Oggiona;;01/04/1864;Oggiona con Santo Stefano;;015413;015;MI
1864;MI;015;015917;Passirana;;01/04/1864;Passirana Milanese;;015917;015;MI
1864;MI;015;015993;Cardano;;01/04/1864;Cardano al Campo;;015993;015;MI
1864;FI;048;048825;Sambuca;;01/04/1864;Sambuca Pistoiese;;048825;048;FI
1864;CB;070;070114;San Polo;;01/04/1864;San Polomatese;;070114;070;CB
1864;LE;075;075047;Minervino;;01/04/1864;Minervino di Lecce;;075047;075;LE
1864;LE;075;075048;Monteroni;;01/04/1864;Monteroni di Lecce;;075048;075;LE
1864;LE;075;075065;Salice;;01/04/1864;Salice Salentino;;075065;075;LE
1864;LE;075;075806;Ceglie;;01/04/1864;Ceglie Messapico;;075806;075;LE
1864;LE;075;075812;Francavilla;;01/04/1864;Francavilla Fontana;;075812;075;LE
1864;LE;075;075820;Martina;;01/04/1864;Martina Franca;;075820;075;LE
1864;LE;075;075836;San Marzano;;01/04/1864;San Marzano di San Giuseppe;;075836;075;LE
1864;CS;078;078036;Cerchiara;;01/04/1864;Cerchiara di Calabria;;078036;078;CS
1864;CS;078;078115;San Donato;;01/04/1864;San Donato di Ninea;;078115;078;CS
1864;CS;078;078130;Santa Domenica;;01/04/1864;Santa Domenica Talao;;078130;078;CS
1864;CS;078;078146;Terranova;;01/04/1864;Terranova da Sibari;;078146;078;CS
1864;CS;078;078801;Ajello;;01/04/1864;Aiello in Calabria;;078801;078;CS
1864;PA;082;082064;San Giuseppe;;01/04/1864;San Giuseppe Jato;;082064;082;PA
1864;ME;083;083089;Santa Teresa;;01/04/1864;Santa Teresa di Riva;;083089;083;ME
1864;TO;001;001003;Ala;;11/03/1864;Ala di Stura;;001003;001;TO
1864;TO;001;001157;Ferrera;;11/03/1864;Ferrera Cenisio;;001157;001;TO
1864;TO;001;001827;Foresto;;11/03/1864;Foresto di Susa;;001827;001;TO
1864;NO;003;003004;Anzola;;11/03/1864;Anzola d'Ossola;;003004;003;NO
1864;NO;003;003882;San Bartolomeo;;11/03/1864;San Bartolomeo Valmara;;003882;003;NO
1864;CO;013;013007;Alzate;;11/03/1864;Alzate con Verzago;;013007;013;CO
1864;CO;013;013486;Oltrona;;11/03/1864;Oltrona al Lago;;013486;013;CO
1864;CO;013;013494;Roggiano;;11/03/1864;Roggiano Valtravaglia;;013494;013;CO
1864;CO;013;013840;Casanova;;11/03/1864;Casanova di Uggiate;;013840;013;CO
1864;CO;013;013865;Corenno;;11/03/1864;Corenno Plinio;;013865;013;CO
1864;MI;015;015021;Besana;;11/03/1864;Besana in Brianza;;015021;015;MI
1864;MI;015;015062;Castano;;11/03/1864;Castano Primo;;015062;015;MI
1864;MI;015;015069;Ceriano;;11/03/1864;Ceriano Laghetto;;015069;015;MI
1864;MI;015;015198;Sant'Angelo;;11/03/1864;Sant'Angelo Lodigiano;;015198;015;MI
1864;MI;015;015877;Gorla;;11/03/1864;Gorla Primo;;015877;015;MI
1864;MI;015;015966;Turro;;11/03/1864;Turro Milanese;;015966;015;MI
1864;MI;015;015974;Viganò;;11/03/1864;Viganò Certosino;;015974;015;MI
1864;PV;018;018822;Cassino;;11/03/1864;Cassino Po;;018822;018;PV
1864;RE;035;035034;Rio;;11/03/1864;Rio Saliceto;;035034;035;RE
1864;MC;043;043013;Civitanova;;11/03/1864;Civitanova Marche;;043013;043;MC
1864;PG;054;054821;Castelvecchio;;11/03/1864;Castel di Tora;;054821;054;PG
1864;CB;070;070015;Cantalupo;;11/03/1864;Cantalupo nel Sannio;;070015;070;CB
1864;CB;070;070035;Civitanova;;11/03/1864;Civitanova del Sannio;;070035;070;CB
1864;CB;070;070077;Montorio;;11/03/1864;Montorio nei Frentani;;070077;070;CB
1864;CB;070;070096;Rionero;;11/03/1864;Rionero Sannitico;;070096;070;CB
1864;CB;070;070107;San Giacomo;;11/03/1864;San Giacomo degli Schiavoni;;070107;070;CB
1864;PA;082;082009;Belmonte;;11/03/1864;Belmonte Mezzagno;;082009;082;PA
1864;PA;082;082066;Santa Cristina;;11/03/1864;Santa Cristina Gela;;082066;082;PA
1864;IM;008;008036;Montaldo Ligure;;21/02/1864;Montalto Ligure;;008036;008;IM
1864;PV;018;018827;Cella;;14/02/1864;Cella di Bobbio;;018827;018;PV
1864;PV;018;018866;Santa Margherita;;14/02/1864;Santa Margherita di Bobbio;;018866;018;PV
1864;AP;044;044042;Monteleone;;14/02/1864;Monteleone di Fermo;;044042;044;AP
1864;CH;069;069082;San Martino;;14/02/1864;San Martino sulla Marrucina;;069082;069;CH
1864;FG;071;071017;Castelnuovo;;14/02/1864;Castelnuovo della Daunia;;071017;071;FG
1864;CS;078;078134;Santo Stefano;;14/02/1864;Santo Stefano di Rogliano;;078134;078;CS
1864;SS;090;090002;Alà;;14/02/1864;Alà dei Sardi;;090002;090;SS
1864;CH;069;069018;Castel Trentano;;10/02/1864;Castel Frentano;;069018;069;CH
1864;CH;069;069021;Celenza sul Frigno;;10/02/1864;Celenza sul Trigno;;069021;069;CH
1864;AL;006;006862;Cerro;;02/02/1864;Cerro Tanaro;;006862;006;AL
1864;GE;010;010054;Santa Margherita;;02/02/1864;Santa Margherita Ligure;;010054;010;GE
1864;BG;016;016860;Sabbio;;02/02/1864;Sabbio Bergamasco;;016860;016;BG
1864;PV;018;018144;Sant'Angelo;;02/02/1864;Sant'Angelo Lomellina;;018144;018;PV
1864;PV;018;018882;Vairano;;02/02/1864;Vairano Pavese;;018882;018;PV
1864;FC;040;040042;Sant'Arcangelo;;02/02/1864;Sant'Arcangelo di Romagna;;040042;040;FC
1864;AN;042;042025;Mosciano;;02/02/1864;Monsano;;042025;042;AN
1864;NA;063;063036;Grumo;;02/02/1864;Grumo Nevano;;063036;063;NA
1864;SA;065;065030;Castelluccia;;02/02/1864;Castelcivita;;065030;065;SA
1864;SA;065;065070;Montano;;02/02/1864;Montano Antilia;;065070;065;SA
1864;PZ;076;076826;San Mauro;;02/02/1864;San Mauro Forte;;076826;076;PZ
1864;NO;003;003453;Sali;;29/01/1864;Sali Vercellese;;003453;003;NO
1864;CO;013;013924;Tegnone;;29/01/1864;Ravellino;;013924;013;CO
1864;BS;017;017168;Sabbio;;29/01/1864;Sabbio Chiese;;017168;017;BS
1864;PV;018;018162;Santa Maria della Strada;;29/01/1864;Travacò Siccomario;;018162;018;PV
1864;FI;048;048016;Figline;;29/01/1864;Figline Valdarno;;048016;048;FI
1864;NA;063;063053;Piano;;29/01/1864;Piano di Sorrento;;063053;063;NA
1864;AV;064;064070;Paterno;;29/01/1864;Paternopoli;;064070;064;AV
1864;TE;067;067029;Morro;;29/01/1864;Morro d'Oro;;067029;067;TE
1864;LE;075;075049;Montesano;;29/01/1864;Montesano Salentino;;075049;075;LE
1864;LE;075;075839;San Vito;;29/01/1864;San Vito dei Normanni;;075839;075;LE
1864;CS;078;078053;Figline;;29/01/1864;Figline Vegliaturo;;078053;078;CS
1864;CS;078;078152;Vaccarizzo;;29/01/1864;Vaccarizzo Albanese;;078152;078;CS
1864;CZ;079;079052;Fossato;;29/01/1864;Fossato Serralta;;079052;079;CZ
1864;CZ;079;079107;San Costantino;;29/01/1864;San Costantino Calabro;;079107;079;CZ
1864;CA;092;092031;Forru;;29/01/1864;Collinas;;092031;092;CA
1864;CA;092;092098;San Gavino;;29/01/1864;San Gavino Monreale;;092098;092;CA
1864;CA;092;092101;Arcidano;;29/01/1864;San Nicolò d'Arcidano;;092101;092;CA
1864;CA;092;092102;Pauli Gerrei;;29/01/1864;San Nicolò Gerrei;;092102;092;CA
1864;PG;054;054805;Montesanto Viezi;;26/01/1864;Montesanto Vigi;;054805;054;PG
1864;MI;015;015849;Cazzano Befana;;16/01/1864;Cazzano Besana;;015849;015;MI
1864;PV;018;018060;Cava Carpignano;;16/01/1864;Cura Carpignano;;018060;018;PV
1864;AV;064;064001;Aiello del Sebeto;;16/01/1864;Aiello del Sabato;;064001;064;AV
1864;CS;078;078081;Montalto Affugo;;16/01/1864;Montalto Uffugo;;078081;078;CS
1864;AG;084;084034;Sambuca Labat;;16/01/1864;Sambuca Zabut;;084034;084;AG
1864;CO;013;013633;Bassano di Tronzano;;03/01/1864;Tronzano Lago Maggiore;;013633;013;CO
1863;LU;046;046004;Borgo a Mozzano e Cerreto di Sotto;;02/12/1863;Borgo a Mozzano;;046004;046;LU
1863;CO;013;013009;Anzano;;27/09/1863;Anzano del Parco;;013009;013;CO
1863;CO;013;013060;Castiglione;;27/09/1863;Castiglione d'Intelvi;;013060;013;CO
1863;CO;013;013207;San Nazzaro;;27/09/1863;San Nazzaro Val Cavargna;;013207;013;CO
1863;CO;013;013417;Castello;;27/09/1863;Castello Valtravaglia;;013417;013;CO
1863;CO;013;013423;Cerro;;27/09/1863;Cerro Lago Maggiore;;013423;013;CO
1863;CO;013;013435;Cuveglio;;27/09/1863;Cuveglio in Valle;;013435;013;CO
1863;CO;013;013475;Mombello;;27/09/1863;Mombello Lago Maggiore;;013475;013;CO
1863;CO;013;013491;Porto;;27/09/1863;Porto Valtravaglia;;013491;013;CO
1863;CO;013;013904;Montano;;27/09/1863;Montano Comasco;;013904;013;CO
1863;CO;013;013917;Piano;;27/09/1863;Piano Porlezza;;013917;013;CO
1863;SO;014;014001;Alboredo;;27/09/1863;Albaredo per San Marco;;014001;014;SO
1863;SO;014;014010;Buglio;;27/09/1863;Buglio in Monte;;014010;014;SO
1863;SO;014;014015;Castione;;27/09/1863;Castione Andevenno;;014015;014;SO
1863;SO;014;014024;Cosio;;27/09/1863;Cosio Valtellino;;014024;014;SO
1863;SO;014;014031;Gerola;;27/09/1863;Gerola Alta;;014031;014;SO
1863;SO;014;014035;Isola;;27/09/1863;Isolato;;014035;014;SO
1863;SO;014;014040;Mazzo;;27/09/1863;Mazzo di Valtellina;;014040;014;SO
1863;SO;014;014046;Novate;;27/09/1863;Novate Mezzola;;014046;014;SO
1863;SO;014;014054;Prata;;27/09/1863;Prata Camportaccio;;014054;014;SO
1863;SO;014;014067;Torre;;27/09/1863;Torre di Santa Maria;;014067;014;SO
1863;SO;014;014068;Tovo;;27/09/1863;Tovo di Sant'Agata;;014068;014;SO
1863;SO;014;014077;Villa;;27/09/1863;Villa di Chiavenna;;014077;014;SO
1863;SO;014;014078;Villa;;27/09/1863;Villa di Tirano;;014078;014;SO
1863;BG;016;016003;Albano;;27/09/1863;Albano Sant'Alessandro;;016003;016;BG
1863;BG;016;016016;Azzano;;27/09/1863;Azzano San Paolo;;016016;016;BG
1863;BG;016;016040;Brignano;;27/09/1863;Brignano Gera d'Adda;;016040;016;BG
1863;BG;016;016048;Camerata;;27/09/1863;Camerata Cornello;;016048;016;BG
1863;BG;016;016059;Casirate;;27/09/1863;Casirate d'Adda;;016059;016;BG
1863;BG;016;016064;Castione;;27/09/1863;Castione della Presolana;;016064;016;BG
1863;BG;016;016067;Cazzano;;27/09/1863;Cazzano Sant'Andrea;;016067;016;BG
1863;BG;016;016074;Cisano;;27/09/1863;Cisano Bergamasco;;016074;016;BG
1863;BG;016;016076;Cividate;;27/09/1863;Cividate al Piano;;016076;016;BG
1863;BG;016;016079;Cologno;;27/09/1863;Cologno al Serio;;016079;016;BG
1863;BG;016;016099;Fino;;27/09/1863;Fino del Monte;;016099;016;BG
1863;BG;016;016100;Fiorano;;27/09/1863;Fiorano al Serio;;016100;016;BG
1863;BG;016;016104;Foresto;;27/09/1863;Foresto Sparso;;016104;016;BG
1863;BG;016;016105;Fornovo;;27/09/1863;Fornovo di San Giovanni;;016105;016;BG
1863;BG;016;016136;Moio;;27/09/1863;Moio de' Calvi;;016136;016;BG
1863;BG;016;016137;Monasterolo;;27/09/1863;Monasterolo del Castello;;016137;016;BG
1863;BG;016;016139;Monticelli;;27/09/1863;Monticelli di Borgogna;;016139;016;BG
1863;BG;016;016141;Mornico;;27/09/1863;Mornico al Serio;;016141;016;BG
1863;BG;016;016145;Olmo;;27/09/1863;Olmo al Brembo;;016145;016;BG
1863;BG;016;016150;Orio;;27/09/1863;Orio al Serio;;016150;016;BG
1863;BG;016;016164;Piazza;;27/09/1863;Piazza Brembana;;016164;016;BG
1863;BG;016;016172;Pontirolo;;27/09/1863;Pontirolo Nuovo;;016172;016;BG
1863;BG;016;016183;Romano;;27/09/1863;Romano di Lombardia;;016183;016;BG
1863;BG;016;016184;Ronco;;27/09/1863;Roncobello;;016184;016;BG
1863;BG;016;016211;Tavernola;;27/09/1863;Tavernola Bergamasca;;016211;016;BG
1863;BG;016;016813;Capriate;;27/09/1863;Capriate d'Adda;;016813;016;BG
1863;BG;016;016819;Colognola;;27/09/1863;Colognola del Piano;;016819;016;BG
1863;BG;016;016823;Desenzano;;27/09/1863;Desenzano al Serio;;016823;016;BG
1863;BG;016;016837;Locate;;27/09/1863;Locate Bergamasco;;016837;016;BG
1863;BG;016;016839;Mariano;;27/09/1863;Mariano al Brembo;;016839;016;BG
1863;BG;016;016862;San Gervasio;;27/09/1863;San Gervasio d'Adda;;016862;016;BG
1863;BG;016;016865;Sant'Antonio;;27/09/1863;Sant'Antonio d'Adda;;016865;016;BG
1863;BG;016;016866;Santo Stefano;;27/09/1863;Santo Stefano del Monte degli Angeli;;016866;016;BG
1863;BG;016;016875;Spino;;27/09/1863;Spino al Brembo;;016875;016;BG
1863;BS;017;017871;Peschiera d'Iseo;;27/09/1863;Peschiera Maraglio;;017871;017;BS
1863;AR;051;051011;Due Comuni di Laterina;;27/09/1863;Castiglion Fibocchi;;051011;051;AR
1863;CE;061;061024;Sasso;;27/09/1863;Castel di Sasso;;061024;061;CE
1863;TE;067;067010;Castagna;;27/09/1863;Castel Castagna;;067010;067;TE
1863;TE;067;067015;Cellino;;27/09/1863;Cellino Attanasio;;067015;067;TE
1863;TE;067;067026;Isola;;27/09/1863;Isola del Gran Sasso d'Italia;;067026;067;TE
1863;TE;067;067027;Montesecco;;27/09/1863;Montefino;;067027;067;TE
1863;TE;067;067028;Montorio;;27/09/1863;Montorio al Vomano;;067028;067;TE
1863;TE;067;067030;Mosciano;;27/09/1863;Mosciano Sant'Angelo;;067030;067;TE
1863;TE;067;067038;Sant'Egidio;;27/09/1863;Sant'Egidio alla Vibrata;;067038;067;TE
1863;TE;067;067042;Torano;;27/09/1863;Torano Nuovo;;067042;067;TE
1863;TE;067;067043;Torricella;;27/09/1863;Torricella Sicura;;067043;067;TE
1863;TE;067;067805;Carpineto;;27/09/1863;Carpineto della Nora;;067805;067;TE
1863;TE;067;067806;Castellammare;;27/09/1863;Castellammare Adriatico;;067806;067;TE
1863;TE;067;067818;Loreto;;27/09/1863;Loreto Aprutino;;067818;067;TE
1863;TE;067;067819;Montebello;;27/09/1863;Montebello di Bertona;;067819;067;TE
1863;CS;078;078083;Morano;;27/09/1863;Morano Calabro;;078083;078;CS
1863;CZ;079;079017;Caraffa;;27/09/1863;Caraffa di Catanzaro;;079017;079;CZ
1863;CZ;079;079111;San Mauro;;27/09/1863;San Mauro Marchesato;;079111;079;CZ
1863;CZ;079;079112;San Nicola;;27/09/1863;San Nicola da Crissa;;079112;079;CZ
1863;CZ;079;079113;San Nicola;;27/09/1863;San Nicola dell'Alto;;079113;079;CZ
1863;CZ;079;079118;Sant'Andrea;;27/09/1863;Sant'Andrea Apostolo dello Ionio;;079118;079;CZ
1863;TP;081;081012;Mazara;;27/09/1863;Mazara del Vallo;;081012;081;TP
1863;PA;082;082037;Geraci;;27/09/1863;Geraci Siculo;;082037;082;PA
1863;SR;089;089015;Palazzolo;;27/09/1863;Palazzolo Acreide;;089015;089;SR
1863;SR;089;089807;Monterosso;;27/09/1863;Monterosso Almo;;089807;089;SR
1863;SR;089;089811;Santa Croce;;27/09/1863;Santa Croce Camerina;;089811;089;SR
1863;TO;001;001088;Coassolo;;20/09/1863;Coassolo Torinese;;001088;001;TO
1863;NO;003;003465;Serravalle;;20/09/1863;Serravalle Sesia;;003465;003;NO
1863;AL;006;006072;Frassinello;;20/09/1863;Frassinello Monferrato;;006072;006;AL
1863;AL;006;006123;Ozzano di Robbiano;;20/09/1863;Ozzano Monferrato;;006123;006;AL
1863;MI;015;015244;Vizzolo;;20/09/1863;Vizzolo Predabissi;;015244;015;MI
1863;MI;015;015426;Vizzola;;20/09/1863;Vizzola Ticino;;015426;015;MI
1863;MI;015;015994;Caronno;;20/09/1863;Caronno Milanese;;015994;015;MI
1863;BG;016;016025;Berzo;;20/09/1863;Berzo San Fermo;;016025;016;BG
1863;BG;016;016135;Misano;;20/09/1863;Misano di Gera d'Adda;;016135;016;BG
1863;BG;016;016236;Vigano;;20/09/1863;Vigano San Martino;;016236;016;BG
1863;BG;016;016860;Dalmine;;20/09/1863;Sabbio;;016860;016;BG
1863;BG;016;016867;Scano;;20/09/1863;Scano al Brembo;;016867;016;BG
1863;PV;018;018005;Arena;;20/09/1863;Arena Po;;018005;018;PV
1863;PV;018;018138;San Nazzaro;;20/09/1863;Sannazzaro de' Burgondi;;018138;018;PV
1863;PV;018;018150;Guignano;;20/09/1863;Siziano;;018150;018;PV
1863;CR;019;019084;Rivolta;;20/09/1863;Rivolta d'Adda;;019084;019;CR
1863;PR;034;034039;Tizzano;;20/09/1863;Tizzano Val Parma;;034039;034;PR
1863;MO;036;036012;Finale;;20/09/1863;Finale nell'Emilia;;036012;036;MO
1863;MC;043;043047;San Severino;;20/09/1863;San Severino Marche;;043047;043;MC
1863;AP;044;044064;Roccasaregnana;;20/09/1863;Roccafluvione;;044064;044;AP
1863;CE;061;061096;Valle di Prata;;20/09/1863;Valle Agricola;;061096;061;CE
1863;CE;061;061822;Campoli;;20/09/1863;Campoli Appennino;;061822;061;CE
1863;CE;061;061828;San Germano;;20/09/1863;Cassino;;061828;061;CE
1863;CE;061;061849;Isola;;20/09/1863;Isola presso Sora;;061849;061;CE
1863;CE;061;061859;Palma;;20/09/1863;Palma Campania;;061859;061;CE
1863;TE;067;067807;Castiglione alla Pescara;;20/09/1863;Castiglione a Casauria;;067807;067;TE
1863;CB;070;070038;Colli;;20/09/1863;Colli a Volturno;;070038;070;CB
1863;CB;070;070111;San Martino;;20/09/1863;San Martino in Pensilis;;070111;070;CB
1863;BA;072;072803;Ceglie;;20/09/1863;Ceglie del Campo;;072803;072;BA
1863;CZ;079;079115;San Pietro a Tiriolo;;20/09/1863;San Pietro Apostolo;;079115;079;CZ
1863;AL;006;006947;Villanova;;21/06/1863;Villanuova d'Asti;;006947;006;AL
1863;CO;013;013831;Camnago San Martino;;21/06/1863;Camnago Volta;;013831;013;CO
1863;MI;015;015171;Peschiera;;21/06/1863;Peschiera Borromeo;;015171;015;MI
1863;AV;064;064067;Ospedaletto;;21/06/1863;Ospedaletto d'Alpinolo;;064067;064;AV
1863;AV;064;064082;San Mango;;21/06/1863;San Mango sul Calore;;064082;064;AV
1863;AV;064;064084;San Michele;;21/06/1863;San Michele di Serino;;064084;064;AV
1863;AQ;066;066042;Fagnano;;21/06/1863;Fagnano Alto;;066042;066;AQ
1863;AQ;066;066046;Gioia;;21/06/1863;Gioia dei Marsi;;066046;066;AQ
1863;AQ;066;066049;Aquila;;21/06/1863;Aquila degli Abruzzi;;066049;066;AQ
1863;AQ;066;066050;Lecce;;21/06/1863;Lecce nei Marsi;;066050;066;AQ
1863;AQ;066;066054;Massa;;21/06/1863;Massa d'Albe;;066054;066;AQ
1863;AQ;066;066071;Pettorano;;21/06/1863;Pettorano sul Gizio;;066071;066;AQ
1863;AQ;066;066074;Prata;;21/06/1863;Prata d'Ansidonia;;066074;066;AQ
1863;AQ;066;066075;Pratola;;21/06/1863;Pratola Peligna;;066075;066;AQ
1863;AQ;066;066087;San Demetrio;;21/06/1863;San Demetrio ne' Vestini;;066087;066;AQ
1863;AQ;066;066090;Sant'Eusanio;;21/06/1863;Sant'Eusanio Forconese;;066090;066;AQ
1863;AQ;066;066091;Santo Stefano;;21/06/1863;Santo Stefano di Sessanio;;066091;066;AQ
1863;AQ;066;066806;Roio;;21/06/1863;Roio Piano;;066806;066;AQ
1863;AQ;066;066812;Borghetto;;21/06/1863;Borgo Velino;;066812;066;AQ
1863;AQ;066;066823;Petrella;;21/06/1863;Petrella Salto;;066823;066;AQ
1863;AQ;066;066826;Lugnano;;21/06/1863;Lugnano di Villa Troiana;;066826;066;AQ
1863;PZ;076;076026;Castronuovo;;21/06/1863;Castronuovo di Sant'Andrea;;076026;076;PZ
1863;PZ;076;076037;Saponara;;21/06/1863;Saponara di Grumento;;076037;076;PZ
1863;PZ;076;076053;Muro;;21/06/1863;Muro Lucano;;076053;076;PZ
1863;PZ;076;076056;Oppido;;21/06/1863;Palmira;;076056;076;PZ
1863;PZ;076;076820;Oliveto;;21/06/1863;Oliveto Lucano;;076820;076;PZ
1863;CS;078;078094;Paterno;;21/06/1863;Paterno Calabro;;078094;078;CS
1863;CZ;079;079103;Rocca Ferdinandea;;21/06/1863;Rocca di Neto;;079103;079;CZ
1863;ME;083;083013;Castelluccio;;21/06/1863;Castel di Lucio;;083013;083;ME
1863;ME;083;083030;Galati;;21/06/1863;Galati Mamertino;;083030;083;ME
1863;CT;087;087012;Camporotondo;;21/06/1863;Camporotondo Etneo;;087012;087;CT
1863;AL;006;006119;Orsara;;14/06/1863;Orsara Bormida;;006119;006;AL
1863;AL;006;006165;Spigno;;14/06/1863;Spigno Monferrato;;006165;006;AL
1863;MI;015;015052;Casaletto;;14/06/1863;Casaletto Lodigiano;;015052;015;MI
1863;MI;015;015057;Caselle;;14/06/1863;Caselle Lurani;;015057;015;MI
1863;MI;015;015067;Cavenago;;14/06/1863;Cavenago d'Adda;;015067;015;MI
1863;MI;015;015068;Cavenago;;14/06/1863;Cavenago di Brianza;;015068;015;MI
1863;MI;015;015190;Salerano;;14/06/1863;Salerano sul Lambro;;015190;015;MI
1863;MI;015;015199;Santo Stefano;;14/06/1863;Santo Stefano al Corno;;015199;015;MI
1863;BS;017;017124;Ono;;14/06/1863;Ono San Pietro;;017124;017;BS
1863;PV;018;018058;Costa San Zenone;;14/06/1863;Costa de' Nobili;;018058;018;PV
1863;PV;018;018883;Verrua;;14/06/1863;Verrua Siccomario;;018883;018;PV
1863;MO;036;036030;Pavullo;;14/06/1863;Pavullo nel Frignano;;036030;036;MO
1863;BO;037;037022;Castiglione;;14/06/1863;Castiglione dei Pepoli;;037022;037;BO
1863;RA;039;039017;Sant'Agata;;14/06/1863;Sant'Agata sul Santerno;;039017;039;RA
1863;FC;040;040025;Montefiore;;14/06/1863;Montefiorito;;040025;040;FC
1863;FI;048;048008;Capraia;;14/06/1863;Capraia e Limite;;048008;048;FI
1863;FI;048;048023;Incisa;;14/06/1863;Incisa in Val d'Arno;;048023;048;FI
1863;FI;048;048028;Montelupo;;14/06/1863;Montelupo Fiorentino;;048028;048;FI
1863;FI;048;048034;Prato;;14/06/1863;Prato in Toscana;;048034;048;FI
1863;FI;048;048036;Rignano;;14/06/1863;Rignano sull'Arno;;048036;048;FI
1863;FI;048;048804;Pellegrino;;14/06/1863;Pellegrino da Careggi;;048804;048;FI
1863;FI;048;048818;Montopoli;;14/06/1863;Montopoli in Val d'Arno;;048818;048;FI
1863;FI;048;048826;San Marcello;;14/06/1863;San Marcello Pistoiese;;048826;048;FI
1863;FI;048;048828;Santa Croce;;14/06/1863;Santa Croce sull'Arno;;048828;048;FI
1863;FI;048;048831;Serravalle;;14/06/1863;Serravalle Pistoiese;;048831;048;FI
1863;AR;051;051020;Loro;;14/06/1863;Loro Ciuffenna;;051020;051;AR
1863;AR;051;051033;San Giovanni;;14/06/1863;San Giovanni Valdarno;;051033;051;AR
1863;AR;051;051804;Monte Santa Maria;;14/06/1863;Monte Santa Maria Tiberina;;051804;051;AR
1863;PG;054;054005;Campello;;14/06/1863;Campello sul Clitunno;;054005;054;PG
1863;PG;054;054010;Cerreto;;14/06/1863;Cerreto di Spoleto;;054010;054;PG
1863;PG;054;054019;Fossato;;14/06/1863;Fossato di Vico;;054019;054;PG
1863;PG;054;054020;Fratta;;14/06/1863;Fratta Todina;;054020;054;PG
1863;PG;054;054021;Giano;;14/06/1863;Giano dell'Umbria;;054021;054;PG
1863;PG;054;054028;Massa;;14/06/1863;Massa Martana;;054028;054;PG
1863;PG;054;054029;Montecastello;;14/06/1863;Monte Castello di Vibio;;054029;054;PG
1863;PG;054;054031;Monteleone;;14/06/1863;Monteleone di Spoleto;;054031;054;PG
1863;PG;054;054034;Nocera;;14/06/1863;Nocera Umbra;;054034;054;PG
1863;PG;054;054045;Sant'Anatolia;;14/06/1863;Sant'Anatolia di Narco;;054045;054;PG
1863;PG;054;054056;Fratta;;14/06/1863;Umbertide;;054056;054;PG
1863;PG;054;054058;Vallo;;14/06/1863;Vallo di Nera;;054058;054;PG
1863;PG;054;054802;Castel San Giovanni;;14/06/1863;Castel San Giovanni di Spoleto;;054802;054;PG
1863;PG;054;054805;Montesanto;;14/06/1863;Montesanto Viezi;;054805;054;PG
1863;PG;054;054816;Belmonte;;14/06/1863;Belmonte in Sabina;;054816;054;PG
1863;PG;054;054817;Calvi;;14/06/1863;Calvi dell'Umbria;;054817;054;PG
1863;PG;054;054818;Cantalupo;;14/06/1863;Cantalupo in Sabina;;054818;054;PG
1863;PG;054;054824;Castelnuovo;;14/06/1863;Castelnuovo di Farfa;;054824;054;PG
1863;PG;054;054836;Fara;;14/06/1863;Fara in Sabina;;054836;054;PG
1863;PG;054;054840;Frasso;;14/06/1863;Frasso Sabino;;054840;054;PG
1863;PG;054;054845;Longone di San Salvatore Maggiore;;14/06/1863;Longone Sabino;;054845;054;PG
1863;PG;054;054846;Lugnano;;14/06/1863;Lugnano in Teverina;;054846;054;PG
1863;PG;054;054847;Magliano;;14/06/1863;Magliano Sabina;;054847;054;PG
1863;PG;054;054856;Monteleone;;14/06/1863;Monteleone d'Orvieto;;054856;054;PG
1863;PG;054;054857;Monteleone;;14/06/1863;Monteleone Sabino;;054857;054;PG
1863;PG;054;054860;Montopoli;;14/06/1863;Montopoli di Sabina;;054860;054;PG
1863;PG;054;054861;Morro;;14/06/1863;Morro Reatino;;054861;054;PG
1863;PG;054;054865;Canemorto;;14/06/1863;Orvinio;;054865;054;PG
1863;PG;054;054870;Penna;;14/06/1863;Penna in Teverina;;054870;054;PG
1863;PG;054;054889;San Vito;;14/06/1863;San Vito in Monte;;054889;054;PG
1863;PG;054;054898;Torri;;14/06/1863;Torri in Sabina;;054898;054;PG
1863;PG;054;054899;Torricella;;14/06/1863;Torricella in Sabina;;054899;054;PG
1863;PG;054;055811;Porchiano;;14/06/1863;Porchiano del Monte;;055811;054;PG
1863;PG;054;057802;San Benedetto;;14/06/1863;Castel San Benedetto Reatino;;057802;054;PG
1863;PG;054;057803;Cerchiara;;14/06/1863;Cerchiara in Sabina;;057803;054;PG
1863;PG;054;057805;Monte Santa Maria;;14/06/1863;Monte Santa Maria in Sabina;;057805;054;PG
1863;PG;054;057806;Oliveto;;14/06/1863;Oliveto in Sabina;;057806;054;PG
1863;PG;054;057811;Sant'Elia;;14/06/1863;Sant'Elia Reatino;;057811;054;PG
1863;NO;003;003001;Agrate;;01/06/1863;Agrate Conturbia;;003001;003;NO
1863;NO;003;003016;Bellinzago;;01/06/1863;Bellinzago Novarese;;003016;003;NO
1863;NO;003;003036;Carpignano;;01/06/1863;Carpignano Sesia;;003036;003;NO
1863;NO;003;003039;Casaleggio;;01/06/1863;Casaleggio Novara;;003039;003;NO
1863;NO;003;003042;Castellazzo;;01/06/1863;Castellazzo Novarese;;003042;003;NO
1863;NO;003;003045;Cavaglio;;01/06/1863;Cavaglio d'Agogna;;003045;003;NO
1863;NO;003;003065;Fara;;01/06/1863;Fara Novarese;;003065;003;NO
1863;NO;003;003066;Fontanetto;;01/06/1863;Fontaneto d'Agogna;;003066;003;NO
1863;NO;003;003069;Garbagna;;01/06/1863;Garbagna Novarese;;003069;003;NO
1863;NO;003;003090;Mandello;;01/06/1863;Mandello Vitta;;003090;003;NO
1863;NO;003;003091;Marano;;01/06/1863;Marano Ticino;;003091;003;NO
1863;NO;003;003122;Prato;;01/06/1863;Prato Sesia;;003122;003;NO
1863;NO;003;003130;Romagnano;;01/06/1863;Romagnano Sesia;;003130;003;NO
1863;NO;003;003153;Vaprio;;01/06/1863;Vaprio d'Agogna;;003153;003;NO
1863;NO;003;003418;Piane;;01/06/1863;Piane di Serravalle Sesia;;003418;003;NO
1863;NO;003;003443;Ronco;;01/06/1863;Ronco Biellese;;003443;003;NO
1863;NO;003;003450;Sagliano;;01/06/1863;Sagliano Micca;;003450;003;NO
1863;NO;003;003451;Sala;;01/06/1863;Sala Biellese;;003451;003;NO
1863;NO;003;003456;San Germano;;01/06/1863;San Germano Vercellese;;003456;003;NO
1863;NO;003;003458;San Giuseppe;;01/06/1863;San Giuseppe di Casto;;003458;003;NO
1863;NO;003;003459;San Paolo;;01/06/1863;San Paolo Cervo;;003459;003;NO
1863;NO;003;003464;Selve;;01/06/1863;Selve Marcone;;003464;003;NO
1863;NO;003;003490;Vigliano;;01/06/1863;Vigliano Biellese;;003490;003;NO
1863;NO;003;003492;Villanova;;01/06/1863;Villanova Biellese;;003492;003;NO
1863;NO;003;003805;Alzate;;01/06/1863;Alzate con Linduno;;003805;003;NO
1863;NO;003;003873;Orta;;01/06/1863;Orta Novarese;;003873;003;NO
1863;NO;003;003899;Vergano;;01/06/1863;Vergano Novarese;;003899;003;NO
1863;NO;003;003935;Campiglia;;01/06/1863;Campiglia Cervo;;003935;003;NO
1863;NO;003;003942;Casanova;;01/06/1863;Casanova Elvo;;003942;003;NO
1863;NO;003;003949;Cerreto;;01/06/1863;Cerreto Castello;;003949;003;NO
1863;NO;003;003990;Livorno Vercellese;;01/06/1863;Livorno Piemonte;;003990;003;NO
1863;NO;003;003996;Mezzana;;01/06/1863;Mezzana Mortigliengo;;003996;003;NO
1863;GE;010;010013;Castiglione;;01/06/1863;Castiglione Chiavarese;;010013;010;GE
1863;GE;010;010019;Coreglia;;01/06/1863;Coreglia di Fontanabona;;010019;010;GE
1863;GE;010;010023;Favale;;01/06/1863;Favale di Malvaro;;010023;010;GE
1863;GE;010;010027;Isola;;01/06/1863;Isola del Cantone;;010027;010;GE
1863;GE;010;010049;Ronco;;01/06/1863;Ronco Scrivia;;010049;010;GE
1863;GE;010;010053;San Colombano;;01/06/1863;San Colombano Certenoli;;010053;010;GE
1863;GE;010;010058;Serra;;01/06/1863;Serra Riccò;;010058;010;GE
1863;GE;010;010818;Rivarolo;;01/06/1863;Rivarolo Ligure;;010818;010;GE
1863;GE;010;010824;San Quirico;;01/06/1863;San Quirico in Val Polcevera;;010824;010;GE
1863;GE;010;010825;Sant'Ilario;;01/06/1863;Sant'Ilario Ligure;;010825;010;GE
1863;GE;010;010849;Borghetto;;01/06/1863;Borghetto di Vara;;010849;010;GE
1863;GE;010;010855;Cairo;;01/06/1863;Cairo Montenotte;;010855;010;GE
1863;GE;010;010856;Calice;;01/06/1863;Calice Ligure;;010856;010;GE
1863;GE;010;010863;Casanova;;01/06/1863;Casanova Lerrone;;010863;010;GE
1863;GE;010;010866;Castelvecchio;;01/06/1863;Castelvecchio di Rocca Barbena;;010866;010;GE
1863;GE;010;010867;Celle;;01/06/1863;Celle Ligure;;010867;010;GE
1863;GE;010;010871;Cisano;;01/06/1863;Cisano sul Neva;;010871;010;GE
1863;GE;010;010893;Martina;;01/06/1863;Martina Olba;;010893;010;GE
1863;GE;010;010897;Monterosso;;01/06/1863;Monterosso al Mare;;010897;010;GE
1863;GE;010;010909;Piana;;01/06/1863;Piana Crixia;;010909;010;GE
1863;GE;010;010910;Pietra;;01/06/1863;Pietra Ligure;;010910;010;GE
1863;GE;010;010918;Riccò;;01/06/1863;Riccò del Golfo di Spezia;;010918;010;GE
1863;GE;010;010923;Santo Stefano;;01/06/1863;Santo Stefano di Magra;;010923;010;GE
1863;GE;010;010934;Tovo;;01/06/1863;Tovo San Giacomo;;010934;010;GE
1863;GE;010;010942;Vezzano;;01/06/1863;Vezzano Ligure;;010942;010;GE
1863;GE;010;010944;Villanova;;01/06/1863;Villanova d'Albenga;;010944;010;GE
1863;GE;010;011801;Trebiano;;01/06/1863;Trebiano Magra;;011801;010;GE
1863;FI;048;048821;Portico;;01/06/1863;Portico di Romagna;;048821;048;FI
1863;CE;061;061018;Casanova;;27/05/1863;Casanova e Coccagna;;061018;061;CE
1863;CE;061;061050;Marzano;;27/05/1863;Marzano Appio;;061050;061;CE
1863;CE;061;061834;Palazzolo;;27/05/1863;Palazzolo di Castrocielo;;061834;061;CE
1863;CE;061;061840;Cumignano;;27/05/1863;Cumignano e Gallo di Nola;;061840;061;CE
1863;AV;064;064065;Mugnano;;27/05/1863;Mugnano del Cardinale;;064065;064;AV
1863;SA;065;065115;Sala di Gioi;;27/05/1863;Salento;;065115;065;SA
1863;CB;070;070004;Bagnoli;;27/05/1863;Bagnoli del Trigno;;070004;070;CB
1863;CB;070;070032;Cerro;;27/05/1863;Cerro al Volturno;;070032;070;CB
1863;CB;070;070121;Sant'Elia;;27/05/1863;Sant'Elia a Pianisi;;070121;070;CB
1863;CB;070;070125;Sesto;;27/05/1863;Sesto Campano;;070125;070;CB
1863;FG;071;071057;Casaltrinità;;27/05/1863;Trinitapoli;;071057;071;FG
1863;PZ;076;076003;Albano;;27/05/1863;Albano di Lucania;;076003;076;PZ
1863;PZ;076;076020;Casalnuovo;;27/05/1863;San Paolo Albanese;;076020;076;PZ
1863;PZ;076;076034;Francavilla;;27/05/1863;Francavilla in Sinni;;076034;076;PZ
1863;PZ;076;076055;Noia;;27/05/1863;Noepoli;;076055;076;PZ
1863;PZ;076;076066;Rionero;;27/05/1863;Rionero in Volture;;076066;076;PZ
1863;PZ;076;076078;San Severino;;27/05/1863;San Severino Lucano;;076078;076;PZ
1863;PZ;076;076088;Terranova;;27/05/1863;Terranova di Pollino;;076088;076;PZ
1863;PZ;076;076094;Vaglio;;27/05/1863;Vaglio di Basilicata;;076094;076;PZ
1863;PZ;076;076817;Mont'Albano;;27/05/1863;Montalbano Jonico;;076817;076;PZ
1863;PZ;076;076825;San Giorgio;;27/05/1863;San Giorgio Lucano;;076825;076;PZ
1863;PZ;076;076830;Favale;;27/05/1863;Favale San Cataldo;;076830;076;PZ
1863;CS;078;078015;Belvedere;;27/05/1863;Belvedere Marittimo;;078015;078;CS
1863;CS;078;078031;Castelfranco;;27/05/1863;Castrolibero;;078031;078;CS
1863;CS;078;078107;Roseto;;27/05/1863;Rosito Capo Spulico;;078107;078;CS
1863;CS;078;078109;Rota;;27/05/1863;Rota Greca;;078109;078;CS
1863;CS;078;078118;San Giorgio;;27/05/1863;San Giorgio Albanese;;078118;078;CS
1863;CS;078;078129;Santa Caterina;;27/05/1863;Santa Caterina Albanese;;078129;078;CS
1863;CS;078;078137;Scala;;27/05/1863;Scala Coeli;;078137;078;CS
1863;CZ;079;079010;Belvedere;;27/05/1863;Belvedere di Spinello;;079010;079;CZ
1863;CZ;079;079029;Chiaravalle;;27/05/1863;Chiaravalle Centrale;;079029;079;CZ
1863;CZ;079;079053;Francavilla;;27/05/1863;Francavilla Angitola;;079053;079;CZ
1863;CZ;079;079117;Santa Caterina;;27/05/1863;Santa Caterina dello Ionio;;079117;079;CZ
1863;CZ;079;079122;San Vito;;27/05/1863;San Vito sullo Ionio;;079122;079;CZ
1863;CZ;079;079151;Sant'Elia;;27/05/1863;Vallefiorita;;079151;079;CZ
1863;RC;080;080015;Bruzzano;;27/05/1863;Bruzzano Zeffirio;;080015;080;RC
1863;RC;080;080025;Castelvetere;;27/05/1863;Caulonia;;080025;080;RC
1863;RC;080;080038;Gioja;;27/05/1863;Gioia Tauro;;080038;080;RC
1863;RC;080;080039;Giojosa;;27/05/1863;Gioiosa Ionica;;080039;080;RC
1863;RC;080;080042;Laureana;;27/05/1863;Laureana di Borello;;080042;080;RC
1863;RC;080;080055;Oppido;;27/05/1863;Oppido Mamertina;;080055;080;RC
1863;RC;080;080067;Roccella;;27/05/1863;Roccella Ionica;;080067;080;RC
1863;RC;080;080072;San Giovanni;;27/05/1863;San Giovanni di Gerace;;080072;080;RC
1863;RC;080;080082;Sant'Ilario;;27/05/1863;Sant'Ilario dello Ionio;;080082;080;RC
1863;RC;080;080818;San Pietro;;27/05/1863;San Pier Fedele;;080818;080;RC
1863;PA;082;082058;Polizzi;;27/05/1863;Polizzi Generosa;;082058;082;PA
1863;PA;082;082065;San Mauro;;27/05/1863;San Mauro Castelverde;;082065;082;PA
1863;PA;082;082070;Termini;;27/05/1863;Termini Imerese;;082070;082;PA
1863;ME;083;083025;Francavilla;;27/05/1863;Francavilla di Sicilia;;083025;083;ME
1863;ME;083;083054;Monforte;;27/05/1863;Monforte San Giorgio;;083054;083;ME
1863;ME;083;083061;San Ferdinando;;27/05/1863;Nizza di Sicilia;;083061;083;ME
1863;ME;083;083073;Rocca;;27/05/1863;Roccavaldina;;083073;083;ME
1863;ME;083;083074;Roccella;;27/05/1863;Roccella Valdemone;;083074;083;ME
1863;ME;083;083082;San Salvatore;;27/05/1863;San Salvatore di Fitalia;;083082;083;ME
1863;ME;083;083086;Santa Lucia;;27/05/1863;Santa Lucia del Mela;;083086;083;ME
1863;ME;083;083092;Saponara;;27/05/1863;Saponara Villafranca;;083092;083;ME
1863;ME;083;083094;Scaletta;;27/05/1863;Scaletta Zanglea;;083094;083;ME
1863;TO;001;001158;Montaldo;;12/05/1863;Montaldo Torinese;;001158;001;TO
1863;CN;004;004801;Albaretto;;12/05/1863;Albaretto Valle di Macra;;004801;004;CN
1863;MI;015;015048;Carate;;12/05/1863;Carate Brianza;;015048;015;MI
1863;BS;017;017198;Vezza;;12/05/1863;Vezza d'Oglio;;017198;017;BS
1863;PV;018;018002;Albaredo;;12/05/1863;Albaredo Arnaboldi;;018002;018;PV
1863;PV;018;018007;Bagnarà;;12/05/1863;Bagnaria;;018007;018;PV
1863;PV;018;018017;Borgoratto;;12/05/1863;Borgoratto Mormorolo;;018017;018;PV
1863;PV;018;018027;Candia;;12/05/1863;Candia Lomellina;;018027;018;PV
1863;PV;018;018030;Carbonara;;12/05/1863;Carbonara al Ticino;;018030;018;PV
1863;PV;018;018034;Casorate;;12/05/1863;Casorate Primo;;018034;018;PV
1863;PV;018;018041;Cava;;12/05/1863;Cava Manara;;018041;018;PV
1863;PV;018;018044;Cerretto;;12/05/1863;Cerretto Lomellino;;018044;018;PV
1863;PV;018;018048;Chignolo;;12/05/1863;Chignolo Po;;018048;018;PV
1863;PV;018;018060;Carpignano;;12/05/1863;Cava Carpignano;;018060;018;PV
1863;PV;018;018062;Ferrera;;12/05/1863;Ferrera Erbognone;;018062;018;PV
1863;PV;018;018076;Gropello;;12/05/1863;Gropello Lomellino;;018076;018;PV
1863;PV;018;018094;Montalto;;12/05/1863;Montalto Pavese;;018094;018;PV
1863;PV;018;018096;Montecalvo;;12/05/1863;Montecalvo Versiggia;;018096;018;PV
1863;PV;018;018099;Monticelli;;12/05/1863;Monticelli Pavese;;018099;018;PV
1863;PV;018;018101;Mornico;;12/05/1863;Mornico Losana;;018101;018;PV
1863;PV;018;018104;Olevano;;12/05/1863;Olevano di Lomellina;;018104;018;PV
1863;PV;018;018105;Oliva;;12/05/1863;Oliva Gessi;;018105;018;PV
1863;PV;018;018124;Robecco;;12/05/1863;Robecco Pavese;;018124;018;PV
1863;PV;018;018133;San Cipriano;;12/05/1863;San Cipriano Po;;018133;018;PV
1863;PV;018;018134;San Damiano;;12/05/1863;San Damiano al Colle;;018134;018;PV
1863;PV;018;018136;San Giorgio;;12/05/1863;San Giorgio di Lomellina;;018136;018;PV
1863;PV;018;018139;Santa Cristina;;12/05/1863;Santa Cristina e Bissone;;018139;018;PV
1863;PV;018;018141;Sant'Alessio;;12/05/1863;Sant'Alessio con Vialone;;018141;018;PV
1863;PV;018;018145;San Zenone;;12/05/1863;San Zenone al Po;;018145;018;PV
1863;PV;018;018146;Sartirana;;12/05/1863;Sartirana Lomellina;;018146;018;PV
1863;PV;018;018154;Borgofranco;;12/05/1863;Suardi;;018154;018;PV
1863;PV;018;018160;Torrevecchia;;12/05/1863;Torrevecchia Pia;;018160;018;PV
1863;PV;018;018161;Torricella;;12/05/1863;Torricella Verzate;;018161;018;PV
1863;PV;018;018168;Valle;;12/05/1863;Valle Lomellina;;018168;018;PV
1863;PV;018;018803;Belvedere;;12/05/1863;Belvedere al Po;;018803;018;PV
1863;PV;018;018810;Cairo;;12/05/1863;Cairo Lomellino;;018810;018;PV
1863;PV;018;018844;Mirabello;;12/05/1863;Mirabello ed Uniti di Pavia;;018844;018;PV
1863;PV;018;018845;Misano;;12/05/1863;Misano Olona;;018845;018;PV
1863;PV;018;018847;Monteleone;;12/05/1863;Monteleone sui Colli Pavesi;;018847;018;PV
1863;PV;018;018848;Montesano;;12/05/1863;Montesano al Piano;;018848;018;PV
1863;PV;018;018860;Sagliano;;12/05/1863;Sagliano di Crenna;;018860;018;PV
1863;PV;018;018862;San Ponzo;;12/05/1863;San Ponzo Semola;;018862;018;PV
1863;PV;018;018864;San Zeno;;12/05/1863;San Zeno e Foppa;;018864;018;PV
1863;PV;018;018865;Sant'Albano;;12/05/1863;Sant'Albano di Bobbio;;018865;018;PV
1863;PV;018;018867;Santa Margherita;;12/05/1863;Santa Margherita Po;;018867;018;PV
1863;PV;018;018878;Trebbiano;;12/05/1863;Trebbiano Nizza;;018878;018;PV
1863;CR;019;019917;Albera;;12/05/1863;Triburgo;;019917;019;CR
1863;MC;043;043031;San Giusto;;12/05/1863;Monte San Giusto;;043031;043;MC
1863;MS;045;045004;Casola;;12/05/1863;Casola in Lunigiana;;045004;045;MS
1863;MS;045;045010;Massa;;12/05/1863;Massa-Carrara;;045010;045;MS
1863;MS;045;045016;Villafranca;;12/05/1863;Villafranca in Lunigiana;;045016;045;MS
1863;MS;045;045801;Albiano;;12/05/1863;Albiano di Magra;;045801;045;MS
1863;MS;045;045804;Calice;;12/05/1863;Calice al Cornoviglio;;045804;045;MS
1863;MS;045;045808;Castiglione;;12/05/1863;Castiglione di Garfagnana;;045808;045;MS
1863;MS;045;045815;Piazza;;12/05/1863;Piazza al Serchio;;045815;045;MS
1863;MS;045;045817;Rocchetta;;12/05/1863;Rocchetta di Vara;;045817;045;MS
1863;NA;063;063022;Casola;;10/05/1863;Casola di Napoli;;063022;063;NA
1863;NA;063;063038;Lacco;;10/05/1863;Lacco Ameno;;063038;063;NA
1863;NA;063;063045;Melito;;10/05/1863;Melito di Napoli;;063045;063;NA
1863;NA;063;063070;San Sebastiano;;10/05/1863;San Sebastiano al Vesuvio;;063070;063;NA
1863;NA;063;063079;Somma;;10/05/1863;Somma Vesuviana;;063079;063;NA
1863;AV;064;064095;Santo Stefano;;10/05/1863;Santo Stefano del Sole;;064095;064;AV
1863;SA;065;065034;San Giorgio;;10/05/1863;Castel San Giorgio;;065034;065;SA
1863;SA;065;065069;Mojo;;10/05/1863;Moio della Civitella;;065069;065;SA
1863;SA;065;065083;Oliveto;;10/05/1863;Oliveto Citra;;065083;065;SA
1863;SA;065;065114;Sala;;10/05/1863;Sala Consilina;;065114;065;SA
1863;SA;065;065120;San Gregorio;;10/05/1863;San Gregorio Magno;;065120;065;SA
1863;SA;065;065130;Sant'Egidio;;10/05/1863;Sant'Egidio del Monte Albino;;065130;065;SA
1863;CB;070;070045;Fossaceca;;10/05/1863;Fossalto;;070045;070;CB
1863;CB;070;070106;San Felice;;10/05/1863;San Felice Slavo;;070106;070;CB
1863;CB;070;070109;San Giuliano di Sepino;;10/05/1863;San Giuliano del Sannio;;070109;070;CB
1863;CB;070;070129;Torella;;10/05/1863;Torella del Sannio;;070129;070;CB
1863;FG;071;071045;San Ferdinando;;10/05/1863;San Ferdinando di Puglia;;071045;071;FG
1863;BA;072;072001;Acquaviva;;10/05/1863;Acquaviva delle Fonti;;072001;072;BA
1863;BA;072;072006;Bari;;10/05/1863;Bari delle Puglie;;072006;072;BA
1863;BA;072;072013;Canosa;;10/05/1863;Canosa di Puglia;;072013;072;BA
1863;BA;072;072016;Cassano;;10/05/1863;Cassano delle Murge;;072016;072;BA
1863;BA;072;072021;Gioia;;10/05/1863;Gioia del Colle;;072021;072;BA
1863;BA;072;072023;Gravina;;10/05/1863;Gravina in Puglia;;072023;072;BA
1863;BA;072;072024;Grumo;;10/05/1863;Grumo Appula;;072024;072;BA
1863;BA;072;072026;Minervino;;10/05/1863;Minervino Murge;;072026;072;BA
1863;BA;072;072032;Noja;;10/05/1863;Noicattaro;;072032;072;BA
1863;BA;072;072033;Palo;;10/05/1863;Palo del Colle;;072033;072;BA
1863;BA;072;072035;Polignano;;10/05/1863;Polignano a Mare;;072035;072;BA
1863;BA;072;072038;Ruvo;;10/05/1863;Ruvo di Puglia;;072038;072;BA
1863;BA;072;072039;San Michele;;10/05/1863;Sammichele di Bari;;072039;072;BA
1863;BA;072;072040;San Nicandro;;10/05/1863;Sannicandro di Bari;;072040;072;BA
1863;BA;072;072041;Santeramo;;10/05/1863;Santeramo in Colle;;072041;072;BA
1863;BA;072;072801;Canneto;;10/05/1863;Canneto di Bari;;072801;072;BA
1863;BA;072;072802;Carbonara;;10/05/1863;Carbonara di Bari;;072802;072;BA
1863;PZ;076;076029;Corleto;;10/05/1863;Corleto Perticara;;076029;076;PZ
1863;PZ;076;076057;Palazzo;;10/05/1863;Palazzo San Gervasio;;076057;076;PZ
1863;PZ;076;076062;Vignola;;10/05/1863;Pignola di Basilicata;;076062;076;PZ
1863;PZ;076;076075;San Costantino;;10/05/1863;San Costantino Albanese;;076075;076;PZ
1863;PZ;076;076077;San Martino;;10/05/1863;San Martino d'Agri;;076077;076;PZ
1863;PZ;076;076096;Vietri;;10/05/1863;Vietri di Potenza;;076096;076;PZ
1863;CS;078;078013;Belmonte;;10/05/1863;Belmonte Calabro;;078013;078;CS
1863;CS;078;078029;Cassano;;10/05/1863;Cassano all'Ionio;;078029;078;CS
1863;CS;078;078030;Castiglione;;10/05/1863;Castiglione Cosentino;;078030;078;CS
1863;CS;078;078042;Pietramala;;10/05/1863;Cleto;;078042;078;CS
1863;CS;078;078051;Fagnano;;10/05/1863;Fagnano Castello;;078051;078;CS
1863;CS;078;078052;Falconara;;10/05/1863;Falconara Albanese;;078052;078;CS
1863;CS;078;078056;Francavilla;;10/05/1863;Francavilla Marittima;;078056;078;CS
1863;CS;078;078081;Montalto;;10/05/1863;Montalto Affugo;;078081;078;CS
1863;CS;078;078097;Piane;;10/05/1863;Piane Crati;;078097;078;CS
1863;CS;078;078114;San Demetrio;;10/05/1863;San Demetrio Corone;;078114;078;CS
1863;CS;078;078133;Santa Sofia;;10/05/1863;Santa Sofia d'Epiro;;078133;078;CS
1863;CS;078;078154;Casalnuovo;;10/05/1863;Villapiana;;078154;078;CS
1863;PA;082;082029;Chiusa;;10/05/1863;Chiusa Sclafani;;082029;082;PA
1863;PA;082;082077;Ventimiglia;;10/05/1863;Ventimiglia di Sicilia;;082077;082;PA
1863;AG;084;084002;Alessandria;;10/05/1863;Alessandria della Rocca;;084002;084;AG
1863;AG;084;084022;Lucca;;10/05/1863;Lucca Sicula;;084022;084;AG
1863;AG;084;084027;Palma;;10/05/1863;Palma di Montechiaro;;084027;084;AG
1863;AG;084;084028;Molo;;10/05/1863;Porto Empedocle;;084028;084;AG
1863;AG;084;084034;Sambuca;;10/05/1863;Sambuca Labat;;084034;084;AG
1863;AG;084;084038;Santa Margherita;;10/05/1863;Santa Margherita di Belice;;084038;084;AG
1863;AG;084;084040;Santo Stefano;;10/05/1863;Santo Stefano Quisquina;;084040;084;AG
1863;AG;084;084043;Villafranca;;10/05/1863;Villafranca Sicula;;084043;084;AG
1863;AL;006;006016;Berzano;;09/05/1863;Berzano di Tortona;;006016;006;AL
1863;AL;006;006030;Carbonara;;09/05/1863;Carbonara Scrivia;;006030;006;AL
1863;AL;006;006058;Cerreto;;09/05/1863;Ceretto Grue;;006058;006;AL
1863;AL;006;006062;Costa;;09/05/1863;Costa Vescovato;;006062;006;AL
1863;AL;006;006067;Fabbrica;;09/05/1863;Fabbrica Curone;;006067;006;AL
1863;AL;006;006155;San Sebastiano;;09/05/1863;San Sebastiano Curone;;006155;006;AL
1863;AL;006;006156;Sant'Agata;;09/05/1863;Sant'Agata Fossili;;006156;006;AL
1863;AL;006;006802;Brignano;;09/05/1863;Brignano del Curone;;006802;006;AL
1863;CO;013;013008;Annone;;09/05/1863;Annone di Brianza;;013008;013;CO
1863;CO;013;013050;Casasco;;09/05/1863;Casasco d'Intelvi;;013050;013;CO
1863;CO;013;013052;Caslino;;09/05/1863;Caslino Piano d'Erba;;013052;013;CO
1863;CO;013;013059;Castelnuovo;;09/05/1863;Castelnuovo Bazente;;013059;013;CO
1863;CO;013;013067;Cesana;;09/05/1863;Cesana Brianza;;013067;013;CO
1863;CO;013;013102;Fino;;09/05/1863;Fino Mornasco;;013102;013;CO
1863;CO;013;013131;Locate;;09/05/1863;Locate Varesino;;013131;013;CO
1863;CO;013;013134;Longone;;09/05/1863;Longone al Segrino;;013134;013;CO
1863;CO;013;013136;Lurago;;09/05/1863;Lurago d'Erba;;013136;013;CO
1863;CO;013;013141;Mandello;;09/05/1863;Mandello del Lario;;013141;013;CO
1863;CO;013;013166;Olgiate;;09/05/1863;Olgiate Molgora;;013166;013;CO
1863;CO;013;013169;Oltrona;;09/05/1863;Oltrona di San Mamette;;013169;013;CO
1863;CO;013;013173;Paderno;;09/05/1863;Paderno d'Adda;;013173;013;CO
1863;CO;013;013183;Pianello;;09/05/1863;Pianello del Lario;;013183;013;CO
1863;CO;013;013203;Sala;;09/05/1863;Sala Comacina;;013203;013;CO
1863;CO;013;013204;San Bartolomeo;;09/05/1863;San Bartolomeo Val Cavargna;;013204;013;CO
1863;CO;013;013212;Senna;;09/05/1863;Senna Comasco;;013212;013;CO
1863;CO;013;013403;Campagnano;;09/05/1863;Campagnano Vedasca;;013403;013;CO
1863;CO;013;013414;Cassano;;09/05/1863;Cassano Valcuvia;;013414;013;CO
1863;CO;013;013418;Castiglione;;09/05/1863;Castiglione Olona;;013418;013;CO
1863;CO;013;013421;Cazzago;;09/05/1863;Cazzago Brabbia;;013421;013;CO
1863;CO;013;013438;Cossano;;09/05/1863;Due Cossani;;013438;013;CO
1863;CO;013;013442;Ferrera;;09/05/1863;Ferrera di Varese;;013442;013;CO
1863;CO;013;013443;Galliate;;09/05/1863;Galliate Lombardo;;013443;013;CO
1863;CO;013;013453;Induno;;09/05/1863;Induno Olona;;013453;013;CO
1863;CO;013;013471;Masciago;;09/05/1863;Masciago Primo;;013471;013;CO
1863;CO;013;013488;Lentate;;09/05/1863;Lentate Verbano;;013488;013;CO
1863;CO;013;013489;Pino;;09/05/1863;Pino sulla Sponda del Lago Maggiore;;013489;013;CO
1863;CO;013;013490;Porto;;09/05/1863;Porto Ceresio;;013490;013;CO
1863;CO;013;013492;Rancio;;09/05/1863;Rancio Valcuvia;;013492;013;CO
1863;CO;013;013625;Sant'Ambrogio;;09/05/1863;Sant'Ambrogio Olona;;013625;013;CO
1863;CO;013;013633;Tronzano;;09/05/1863;Bassano di Tronzano;;013633;013;CO
1863;CO;013;013639;Vedano;;09/05/1863;Vedano Olona;;013639;013;CO
1863;CO;013;013801;Abbadia;;09/05/1863;Abbadia Sopra Adda;;013801;013;CO
1863;CO;013;013822;Brenno;;09/05/1863;Brenno della Torre;;013822;013;CO
1863;CO;013;013843;Caslino;;09/05/1863;Caslino al Piano;;013843;013;CO
1863;CO;013;013849;Castello;;09/05/1863;Castello Sopra Lecco;;013849;013;CO
1863;CO;013;013877;Fabbrica;;09/05/1863;Fabbrica Durini;;013877;013;CO
1863;CO;013;013907;Novate;;09/05/1863;Novate Brianza;;013907;013;CO
1863;CO;013;013911;Oriano;;09/05/1863;Oriano di Brianza;;013911;013;CO
1863;CO;013;013916;Pessina;;09/05/1863;Pessina Valsassina;;013916;013;CO
1863;CO;013;013918;Piazza;;09/05/1863;Piazza Santo Stefano;;013918;013;CO
1863;CO;013;013923;Rancio;;09/05/1863;Rancio di Lecco;;013923;013;CO
1863;CO;013;013931;Sala;;09/05/1863;Sala al Barro;;013931;013;CO
1863;CO;013;013932;San Bartolomeo;;09/05/1863;San Bartolomeo al Bosco;;013932;013;CO
1863;CO;013;013937;Sartirana;;09/05/1863;Sartirana Briantea;;013937;013;CO
1863;CO;013;013958;Vergano;;09/05/1863;Villa Vergano;;013958;013;CO
1863;CO;013;013973;Bosco;;09/05/1863;Bosco di Gavirate;;013973;013;CO
1863;CO;013;013989;Bosco;;09/05/1863;Bosco Valtravaglia;;013989;013;CO
1863;CO;013;013992;Brenno;;09/05/1863;Brenno Useria;;013992;013;CO
1863;MI;015;015880;Segnano;;09/05/1863;Greco Milanese;;015880;015;MI
1863;BS;017;017020;Gabbiano;;09/05/1863;Borgo San Giacomo;;017020;017;BS
1863;BS;017;017046;Cazzago;;09/05/1863;Cazzago San Martino;;017046;017;BS
1863;BS;017;017844;Gerola;;09/05/1863;Gerolanuova;;017844;017;BS
1863;BS;017;017851;Loveno;;09/05/1863;Loveno Grumello;;017851;017;BS
1863;AN;042;042005;Belvedere;;09/05/1863;Belvedere Ostrense;;042005;042;AN
1863;AN;042;042007;Camerata;;09/05/1863;Camerata Picena;;042007;042;AN
1863;AN;042;042013;Cerreto;;09/05/1863;Cerreto d'Esi;;042013;042;AN
1863;AN;042;042018;Falconara;;09/05/1863;Falconara Marittima;;042018;042;AN
1863;AN;042;042031;Morro;;09/05/1863;Morro d'Alba;;042031;042;AN
1863;AN;042;042042;San Paolo;;09/05/1863;San Paolo di Jesi;;042042;042;AN
1863;AN;042;042802;Paterno;;09/05/1863;Paterno d'Ancona;;042802;042;AN
1863;MC;043;043008;Camporotondo;;09/05/1863;Camporotondo di Fiastrone;;043008;043;MC
1863;AL;006;005802;Castelvero;;05/05/1863;Castelvero d'Asti;;005802;006;AL
1863;AL;006;005803;Castiglione;;05/05/1863;Castiglione d'Asti;;005803;006;AL
1863;AL;006;005810;Quarto;;05/05/1863;Quarto Astese;;005810;006;AL
1863;AL;006;005814;San Michele;;05/05/1863;San Michele d'Asti;;005814;006;AL
1863;AL;006;005815;San Paolo;;05/05/1863;San Paolo della Valle;;005815;006;AL
1863;AL;006;005816;Serravalle;;05/05/1863;Serravalle d'Asti;;005816;006;AL
1863;AL;006;006004;Alfiano;;05/05/1863;Alfiano Natta;;006004;006;AL
1863;AL;006;006005;Alice;;05/05/1863;Alice Bel Colle;;006005;006;AL
1863;AL;006;006007;Altavilla;;05/05/1863;Altavilla Monferrato;;006007;006;AL
1863;AL;006;006019;Borgoratto;;05/05/1863;Borgoratto Alessandrino;;006019;006;AL
1863;AL;006;006021;Bosco;;05/05/1863;Bosco Marengo;;006021;006;AL
1863;AL;006;006047;Castellazzo;;05/05/1863;Castellazzo Bormida;;006047;006;AL
1863;AL;006;006056;Cella;;05/05/1863;Cella Monte;;006056;006;AL
1863;AL;006;006064;Cuccaro;;05/05/1863;Cuccaro Monferrato;;006064;006;AL
1863;AL;006;006094;Mirabello;;05/05/1863;Mirabello Monferrato;;006094;006;AL
1863;AL;006;006097;Mombello;;05/05/1863;Mombello Monferrato;;006097;006;AL
1863;AL;006;006104;Montaldo;;05/05/1863;Montaldo Bormida;;006104;006;AL
1863;AL;006;006106;Montechiaro;;05/05/1863;Montechiaro d'Acqui;;006106;006;AL
1863;AL;006;006109;Morano;;05/05/1863;Morano sul Po;;006109;006;AL
1863;AL;006;006123;Ozzano;;05/05/1863;Ozzano di Robbiano;;006123;006;AL
1863;AL;006;006131;Pomaro;;05/05/1863;Pomaro Monferrato;;006131;006;AL
1863;AL;006;006135;Ponzano;;05/05/1863;Ponzano Monferrato;;006135;006;AL
1863;AL;006;006144;Rivalta;;05/05/1863;Rivalta Bormida;;006144;006;AL
1863;AL;006;006149;Rosignano;;05/05/1863;Rosignano Monferrato;;006149;006;AL
1863;AL;006;006150;Sala;;05/05/1863;Sala Monferrato;;006150;006;AL
1863;AL;006;006153;San Giorgio;;05/05/1863;San Giorgio Monferrato;;006153;006;AL
1863;AL;006;006154;San Salvatore;;05/05/1863;San Salvatore Monferrato;;006154;006;AL
1863;AL;006;006159;Serralunga;;05/05/1863;Serralunga di Crea;;006159;006;AL
1863;AL;006;006185;Villanova;;05/05/1863;Villanova di Casale Monferrato;;006185;006;AL
1863;AL;006;006806;Castel San Pietro;;05/05/1863;Castel San Pietro Monferrato;;006806;006;AL
1863;AL;006;006817;Pavone;;05/05/1863;Pavone d'Alessandria;;006817;006;AL
1863;AL;006;006832;Azzano;;05/05/1863;Azzano del Tanaro;;006832;006;AL
1863;AL;006;006834;Belvedere;;05/05/1863;Belveglio;;006834;006;AL
1863;AL;006;006835;Berzano;;05/05/1863;Berzano di San Pietro;;006835;006;AL
1863;AL;006;006849;Castagnole;;05/05/1863;Castagnole Monferrato;;006849;006;AL
1863;AL;006;006850;Castelvero;;05/05/1863;Castel Boglione;;006850;006;AL
1863;AL;006;006855;Annone;;05/05/1863;Castello di Annone;;006855;006;AL
1863;AL;006;006860;Celle;;05/05/1863;Celle Enomondo;;006860;006;AL
1863;AL;006;006861;Cerreto;;05/05/1863;Cerreto d'Asti;;006861;006;AL
1863;AL;006;006864;Chiusano;;05/05/1863;Chiusano d'Asti;;006864;006;AL
1863;AL;006;006866;Cisterna;;05/05/1863;Cisterna d'Asti;;006866;006;AL
1863;AL;006;006874;Corticelle;;05/05/1863;Cortiglione;;006874;006;AL
1863;AL;006;006884;Incisa;;05/05/1863;Incisa Belbo;;006884;006;AL
1863;AL;006;006885;Isola;;05/05/1863;Isola d'Asti;;006885;006;AL
1863;AL;006;006894;Monastero;;05/05/1863;Monastero Bormida;;006894;006;AL
1863;AL;006;006896;Moncucco;;05/05/1863;Moncucco Torinese;;006896;006;AL
1863;AL;006;006901;Montechiaro;;05/05/1863;Montechiaro d'Asti;;006901;006;AL
1863;AL;006;006902;Montegrosso;;05/05/1863;Montegrosso d'Asti;;006902;006;AL
1863;AL;006;006907;Olmo;;05/05/1863;Olmo Gentile;;006907;006;AL
1863;AL;006;006911;Pino;;05/05/1863;Pino d'Asti;;006911;006;AL
1863;AL;006;006916;Revigliasco;;05/05/1863;Revigliasco d'Asti;;006916;006;AL
1863;AL;006;006923;San Damiano;;05/05/1863;San Damiano d'Asti;;006923;006;AL
1863;AL;006;006925;San Martino;;05/05/1863;San Martino al Tanaro;;006925;006;AL
1863;AL;006;006927;San Marzano;;05/05/1863;San Marzano Oliveto;;006927;006;AL
1863;AL;006;006938;Vaglio;;05/05/1863;Vaglio Serra;;006938;006;AL
1863;AL;006;006943;Vigliano;;05/05/1863;Vigliano d'Asti;;006943;006;AL
1863;AL;006;006946;Villafranca;;05/05/1863;Villafranca d'Asti;;006946;006;AL
1863;SA;065;065082;Olevano sul Fusciano;;02/05/1863;Olevano sul Tusciano;;065082;065;SA
1863;CT;087;087806;Centurupi;;02/05/1863;Centuripe;;087806;087;CT
1863;CR;019;019066;Palazzo Pugnano;;28/04/1863;Palazzo Pignano;;019066;019;CR
1863;CE;061;060804;Viticuso;;10/04/1863;Viticuso ed Acquafondata;;060804;061;CE
1863;CE;061;061040;Giano;;10/04/1863;Giano Vetusto;;061040;061;CE
1863;CE;061;061086;Sant'Angelo;;10/04/1863;Sant'Angelo d'Alife;;061086;061;CE
1863;CE;061;061845;Fontana;;10/04/1863;Fontana Liri;;061845;061;CE
1863;CE;061;061874;San Giorgio;;10/04/1863;San Giorgio a Liri;;061874;061;CE
1863;CE;061;061879;Sant'Ambrogio;;10/04/1863;Sant'Ambrogio sul Garigliano;;061879;061;CE
1863;CE;061;061890;Spigno;;10/04/1863;Spigno Saturnia;;061890;061;CE
1863;CE;061;061898;Villa;;10/04/1863;Villa Santa Lucia;;061898;061;CE
1863;BN;062;062012;San Nazzaro;;10/04/1863;San Nazzaro Calvi;;062012;062;BN
1863;BN;062;062014;Campoli;;10/04/1863;Campoli del Monte Taburno;;062014;062;BN
1863;BN;062;062016;Castelfranco;;10/04/1863;Castelfranco in Miscano;;062016;062;BN
1863;BN;062;062020;Castelvetere;;10/04/1863;Castelvetere in Val Fortore;;062020;062;BN
1863;BN;062;062023;Cerreto;;10/04/1863;Cerreto Sannita;;062023;062;BN
1863;BN;062;062025;Colle;;10/04/1863;Colle Sannita;;062025;062;BN
1863;BN;062;062026;Cusano;;10/04/1863;Cusano Mutri;;062026;062;BN
1863;BN;062;062031;Fojano;;10/04/1863;Foiano di Val Fortore;;062031;062;BN
1863;BN;062;062035;Frasso;;10/04/1863;Frasso Telesino;;062035;062;BN
1863;BN;062;062042;Montefalcone;;10/04/1863;Montefalcone di Val Fortore;;062042;062;BN
1863;BN;062;062046;Pago;;10/04/1863;Pago Veiano;;062046;062;BN
1863;BN;062;062068;San Salvatore;;10/04/1863;San Salvatore Telesino;;062068;062;BN
1863;BN;062;062075;Tocco;;10/04/1863;Tocco Caudio;;062075;062;BN
1863;BN;062;062801;Bagnara;;10/04/1863;Bagnara di Benevento;;062801;062;BN
1863;BN;062;062802;Civitella;;10/04/1863;Civitella Licinio;;062802;062;BN
1863;NA;063;063007;Barano;;10/04/1863;Barano d'Ischia;;063007;063;NA
1863;NA;063;063017;Casalnuovo;;10/04/1863;Casalnuovo di Napoli;;063017;063;NA
1863;NA;063;063024;Castellammare;;10/04/1863;Castellammare di Stabia;;063024;063;NA
1863;NA;063;063034;Giugliano;;10/04/1863;Giugliano in Campania;;063034;063;NA
1863;NA;063;063041;Marano;;10/04/1863;Marano di Napoli;;063041;063;NA
1863;NA;063;063048;Mugnano;;10/04/1863;Mugnano di Napoli;;063048;063;NA
1863;NA;063;063802;Chiaiano;;10/04/1863;Chiaiano ed Uniti;;063802;063;NA
1863;NA;063;063813;Testaccio;;10/04/1863;Testaccio d'Ischia;;063813;063;NA
1863;AV;064;064001;Aiello;;10/04/1863;Aiello del Sebeto;;064001;064;AV
1863;AV;064;064021;Cassano;;10/04/1863;Cassano Irpino;;064021;064;AV
1863;AV;064;064054;Monteforte;;10/04/1863;Monteforte Irpino;;064054;064;AV
1863;AV;064;064063;Morra;;10/04/1863;Morra Irpino;;064063;064;AV
1863;AV;064;064074;Prata;;10/04/1863;Prata di Principato Ultra;;064074;064;AV
1863;AV;064;064086;San Potito;;10/04/1863;San Potito Ultra;;064086;064;AV
1863;AV;064;064089;Sant'Andrea;;10/04/1863;Sant'Andrea di Conza;;064089;064;AV
1863;AV;064;064812;Orsara;;10/04/1863;Orsara Dauno Irpina;;064812;064;AV
1863;SA;065;065029;Caselle;;10/04/1863;Caselle in Pittari;;065029;065;SA
1863;SA;065;065044;Conca;;10/04/1863;Conca dei Marini;;065044;065;SA
1863;SA;065;065048;Corleto;;10/04/1863;Corleto Monforte;;065048;065;SA
1863;SA;065;065110;Romagnano;;10/04/1863;Romagnano al Monte;;065110;065;SA
1863;SA;065;065132;San Valentino;;10/04/1863;San Valentino Torio;;065132;065;SA
1863;CH;069;069011;Carpineto;;10/04/1863;Carpineto Sinello;;069011;069;CH
1863;CH;069;069018;Castelnuovo;;10/04/1863;Castel Trentano;;069018;069;CH
1863;CH;069;069020;Castiglione;;10/04/1863;Castiglione Messer Marino;;069020;069;CH
1863;CH;069;069021;Celenza;;10/04/1863;Celenza sul Frigno;;069021;069;CH
1863;CH;069;069024;Civitella;;10/04/1863;Civitella Messer Raimondo;;069024;069;CH
1863;CH;069;069033;Fossaceca;;10/04/1863;Fossacesia;;069033;069;CH
1863;CH;069;069035;Francavilla;;10/04/1863;Francavilla al Mare;;069035;069;CH
1863;CH;069;069042;Giuliano;;10/04/1863;Giuliano Teatino;;069042;069;CH
1863;CH;069;069045;Lama;;10/04/1863;Lama dei Peligni;;069045;069;CH
1863;CH;069;069077;Rojo;;10/04/1863;Roio del Sangro;;069077;069;CH
1863;CH;069;069085;Sant'Eusanio;;10/04/1863;Sant'Eusanio del Sangro;;069085;069;CH
1863;CH;069;069086;San Vito;;10/04/1863;San Vito Chietino;;069086;069;CH
1863;CH;069;069088;Schiavi;;10/04/1863;Schiavi di Abruzzo;;069088;069;CH
1863;CH;069;069091;Torino;;10/04/1863;Torino di Sangro;;069091;069;CH
1863;CH;069;069094;Torrevecchia;;10/04/1863;Torrevecchia Teatina;;069094;069;CH
1863;CH;069;069095;Torricella;;10/04/1863;Torricella Peligna;;069095;069;CH
1863;CH;069;069813;San Valentino;;10/04/1863;San Valentino in Abruzzo Citeriore;;069813;069;CH
1863;CH;069;069814;Sant'Eufemia;;10/04/1863;Sant'Eufemia a Maiella;;069814;069;CH
1863;CH;069;069816;Tocco;;10/04/1863;Tocco da Casauria;;069816;069;CH
1863;CB;070;070006;Belmonte;;10/04/1863;Belmonte del Sannio;;070006;070;CB
1863;CB;070;070023;Castellino;;10/04/1863;Castellino del Biferno;;070023;070;CB
1863;CB;070;070043;Forlì;;10/04/1863;Forlì del Sannio;;070043;070;CB
1863;CB;070;070064;Mirabello;;10/04/1863;Mirabello Sannitico;;070064;070;CB
1863;CB;070;070071;Montefalcone;;10/04/1863;Montefalcone nel Sannio;;070071;070;CB
1863;CB;070;070078;Morrone;;10/04/1863;Morrone del Sannio;;070078;070;CB
1863;CB;070;070085;Petrella;;10/04/1863;Petrella Tifernina;;070085;070;CB
1863;CB;070;070086;Pettorano;;10/04/1863;Pettoranello di Molise;;070086;070;CB
1863;CB;070;070102;Rocchetta;;10/04/1863;Rocchetta a Volturno;;070102;070;CB
1863;LE;075;075015;Carpignano;;10/04/1863;Carpignano Salentino;;075015;075;LE
1863;LE;075;075068;San Cesario;;10/04/1863;San Cesario di Lecce;;075068;075;LE
1863;LE;075;075069;San Donato;;10/04/1863;San Donato di Lecce;;075069;075;LE
1863;PZ;076;076014;Brindisi;;10/04/1863;Brindisi Montagna;;076014;076;PZ
1863;PZ;076;076072;Ruvo;;10/04/1863;Ruvo del Monte;;076072;076;PZ
1863;PZ;076;076082;Sasso;;10/04/1863;Sasso di Castalda;;076082;076;PZ
1863;CS;078;078007;Alessandria;;10/04/1863;Alessandria del Carretto;;078007;078;CS
1863;CS;078;078044;Corigliano;;10/04/1863;Corigliano Calabro;;078044;078;CS
1863;CS;078;078061;Guardia;;10/04/1863;Guardia Piemontese;;078061;078;CS
1863;CS;078;078124;San Martino;;10/04/1863;San Martino di Finita;;078124;078;CS
1863;CS;078;078135;San Vincenzo;;10/04/1863;San Vincenzo La Costa;;078135;078;CS
1863;CZ;079;079064;Isola;;10/04/1863;Isola di Capo Rizzuto;;079064;079;CZ
1863;CZ;079;079082;Monterosso;;10/04/1863;Monterosso Calabro;;079082;079;CZ
1863;CZ;079;079087;Nocera;;10/04/1863;Nocera Terinese;;079087;079;CZ
1863;CZ;079;079093;Policastro;;10/04/1863;Petilia Policastro;;079093;079;CZ
1863;CZ;079;079109;San Gregorio;;10/04/1863;San Gregorio d'Ippona;;079109;079;CZ
1863;CZ;079;079110;San Mango;;10/04/1863;San Mango d'Aquino;;079110;079;CZ
1863;CZ;079;079128;Serra;;10/04/1863;Serra San Bruno;;079128;079;CZ
1863;CZ;079;079134;Sorbo;;10/04/1863;Sorbo San Basile;;079134;079;CZ
1863;CZ;079;079155;Monteleone;;10/04/1863;Monteleone di Calabria;;079155;079;CZ
1863;PA;082;082051;Montemaggiore;;10/04/1863;Montemaggiore Belsito;;082051;082;PA
1863;ME;083;083050;Militello;;10/04/1863;Militello Rosmarino;;083050;083;ME
1863;CT;087;087806;Centorbi;;10/04/1863;Centurupi;;087806;087;CT
1863;CB;070;094802;San Vincenzo;;10/04/1863;San Vincenzo a Volturno;;094802;070;CB
1863;CE;061;061857;Monte San Vito;;01/03/1863;Monte San Biagio;;061857;061;CE
1863;TO;001;001184;Perosa;;21/02/1863;Perosa Argentina;;001184;001;TO
1863;TO;001;001234;Salza;;21/02/1863;Salza di Pinerolo;;001234;001;TO
1863;TO;001;001240;Vauda San Morizio;;21/02/1863;San Francesco al Campo;;001240;001;TO
1863;TO;001;001242;San Germano;;21/02/1863;San Germano Chisone;;001242;001;TO
1863;TO;001;001250;San Pietro;;21/02/1863;San Pietro Val Lemina;;001250;001;TO
1863;TO;001;001254;San Secondo;;21/02/1863;San Secondo di Pinerolo;;001254;001;TO
1863;TO;001;001300;Villafranca;;21/02/1863;Villafranca Piemonte;;001300;001;TO
1863;TO;001;001861;San Giovanni;;21/02/1863;San Giovanni Pellice;;001861;001;TO
1863;TO;001;001862;San Martino;;21/02/1863;San Martino di Perrero;;001862;001;TO
1863;TO;001;001866;Oliva;;21/02/1863;Tavernette;;001866;001;TO
1863;CN;004;004080;Diano;;21/02/1863;Diano d'Alba;;004080;004;CN
1863;CN;004;004105;Morra;;21/02/1863;La Morra;;004105;004;CN
1863;CN;004;004107;Lequio;;21/02/1863;Lequio Tanaro;;004107;004;CN
1863;CN;004;004235;Valloria;;21/02/1863;Valloriate;;004235;004;CN
1863;CN;004;004242;Vico;;21/02/1863;Vicoforte;;004242;004;CN
1863;AL;006;006002;Albera;;21/02/1863;Albera Ligure;;006002;006;AL
1863;AL;006;006009;Arquata;;21/02/1863;Arquata Scrivia;;006009;006;AL
1863;AL;006;006014;Belforte;;21/02/1863;Belforte Monferrato;;006014;006;AL
1863;AL;006;006028;Cantalupo;;21/02/1863;Cantalupo Ligure;;006028;006;AL
1863;AL;006;006029;Capriata;;21/02/1863;Capriata d'Orba;;006029;006;AL
1863;AL;006;006038;Casaleggio;;21/02/1863;Casaleggio Boiro;;006038;006;AL
1863;AL;006;006070;Francavilla;;21/02/1863;Francavilla Bisio;;006070;006;AL
1863;AL;006;006100;Mongiardino;;21/02/1863;Mongiardino Ligure;;006100;006;AL
1863;AL;006;006114;Novi;;21/02/1863;Novi Ligure;;006114;006;AL
1863;AL;006;006146;Roccaforte;;21/02/1863;Roccaforte Ligure;;006146;006;AL
1863;AL;006;006160;Serravalle;;21/02/1863;Serravalle Scrivia;;006160;006;AL
1863;AL;006;006814;Molo;;21/02/1863;Molo di Borbera;;006814;006;AL
1863;IM;008;008803;Borghetto;;21/02/1863;Borghetto San Nicolò;;008803;008;IM
1863;MI;015;012875;Oriano;;21/02/1863;Oriano Sopra Ticino;;012875;015;MI
1863;MI;015;015025;Boffalora;;21/02/1863;Boffalora d'Adda;;015025;015;MI
1863;MI;015;015028;Borghetto;;21/02/1863;Borghetto Lodigiano;;015028;015;MI
1863;MI;015;015053;Cologno;;21/02/1863;Casalmaiocco;;015053;015;MI
1863;MI;015;015064;Castiglione;;21/02/1863;Castiglione d'Adda;;015064;015;MI
1863;MI;015;015089;Cornegliano;;21/02/1863;Cornegliano Laudense;;015089;015;MI
1863;MI;015;015160;Orio;;21/02/1863;Orio Litta;;015160;015;MI
1863;MI;015;015162;Ospedaletto;;21/02/1863;Ospedaletto Lodigiano;;015162;015;MI
1863;MI;015;015187;Ronco;;21/02/1863;Ronco Briantino;;015187;015;MI
1863;MI;015;015191;San Colombano;;21/02/1863;San Colombano al Lambro;;015191;015;MI
1863;MI;015;015202;San Zenone;;21/02/1863;San Zenone al Lambro;;015202;015;MI
1863;MI;015;015207;Senna;;21/02/1863;Senna Lodigiana;;015207;015;MI
1863;MI;015;015218;Terranova;;21/02/1863;Terranova dei Passerini;;015218;015;MI
1863;MI;015;015238;Villanova;;21/02/1863;Villanova del Sillaro;;015238;015;MI
1863;MI;015;015830;Capriano;;21/02/1863;Capriano di Brianza;;015830;015;MI
1863;MI;015;015898;Mezzana;;21/02/1863;Mezzana Casati;;015898;015;MI
1863;MI;015;015901;Mirabello;;21/02/1863;Mirabello San Bernardino;;015901;015;MI
1863;MI;015;015902;Moncucco;;21/02/1863;Moncucco di Monza;;015902;015;MI
1863;MI;015;015904;Mongiardino;;21/02/1863;Mongiardino Sillaro;;015904;015;MI
1863;MI;015;015937;Robecco;;21/02/1863;Robecco Lodigiano;;015937;015;MI
1863;MI;015;015942;San Damiano;;21/02/1863;San Damiano di Monza;;015942;015;MI
1863;MI;015;015952;Sesto;;21/02/1863;Sesto Pergola;;015952;015;MI
1863;MI;015;015995;Casale;;21/02/1863;Casale Litta;;015995;015;MI
1863;BS;017;017055;Cividate;;21/02/1863;Cividate Alpino;;017055;017;BS
1863;BS;017;017089;Limone;;21/02/1863;Limone San Giovanni;;017089;017;BS
1863;BS;017;017142;Piano;;21/02/1863;Pian Camuno;;017142;017;BS
1863;BS;017;017807;Prato;;21/02/1863;Bel Prato;;017807;017;BS
1863;BS;017;017891;San Felice;;21/02/1863;San Felice di Scovolo;;017891;017;BS
1863;CR;019;019839;Cella;;21/02/1863;Cella Dati;;019839;019;CR
1863;PC;033;033027;Monticelli;;21/02/1863;Monticelli d'Ongina;;033027;033;PC
1863;RA;039;039003;Bagnara;;21/02/1863;Bagnara di Romagna;;039003;039;RA
1863;RA;039;039803;Fontana;;21/02/1863;Fontana Elice;;039803;039;RA
1863;MC;043;043027;Monte San Polo;;21/02/1863;Monte Cavallo;;043027;043;MC
1863;AP;044;044008;Belmonte;;21/02/1863;Belmonte Piceno;;044008;044;AP
1863;AP;044;044022;Francavilla;;21/02/1863;Francavilla d'Ete;;044022;044;AP
1863;AP;044;044032;Montalto;;21/02/1863;Montalto delle Marche;;044032;044;AP
1863;AP;044;044069;Castel Clementino;;21/02/1863;Servigliano;;044069;044;AP
1863;MI;015;015871;Fagnano;;06/02/1863;Fagnano sul Naviglio;;015871;015;MI
1863;FC;040;040041;San Mauro di Roma;;06/02/1863;San Mauro di Romagna;;040041;040;FC
1863;TO;001;001004;Albiano;;04/02/1863;Albiano d'Ivrea;;001004;001;TO
1863;TO;001;001017;Baldissero;;04/02/1863;Baldissero Canavese;;001017;001;TO
1863;TO;001;001018;Baldissero;;04/02/1863;Baldissero Torinese;;001018;001;TO
1863;TO;001;001030;Borgofranco;;04/02/1863;Borgofranco d'Ivrea;;001030;001;TO
1863;TO;001;001032;Borgone;;04/02/1863;Borgone Susa;;001032;001;TO
1863;TO;001;001045;Buttigliera;;04/02/1863;Buttigliera Alta;;001045;001;TO
1863;TO;001;001050;Candia;;04/02/1863;Candia Canavese;;001050;001;TO
1863;TO;001;001063;Caselle;;04/02/1863;Caselle Torinese;;001063;001;TO
1863;TO;001;001068;Castiglione;;04/02/1863;Castiglione Torinese;;001068;001;TO
1863;TO;001;001073;Ceresole;;04/02/1863;Ceresole Reale;;001073;001;TO
1863;TO;001;001074;Cesana;;04/02/1863;Cesana Torinese;;001074;001;TO
1863;TO;001;001081;Chiusa;;04/02/1863;Chiusa di San Michele;;001081;001;TO
1863;TO;001;001105;Fiorano;;04/02/1863;Fiorano Canavese;;001105;001;TO
1863;TO;001;001128;Lanzo;;04/02/1863;Lanzo Torinese;;001128;001;TO
1863;TO;001;001149;Meana;;04/02/1863;Meana di Susa;;001149;001;TO
1863;TO;001;001153;Mombello;;04/02/1863;Mombello di Torino;;001153;001;TO
1863;TO;001;001155;Monastero;;04/02/1863;Monastero di Lanzo;;001155;001;TO
1863;TO;001;001160;Montalto;;04/02/1863;Montalto Dora;;001160;001;TO
1863;TO;001;001177;Palazzo;;04/02/1863;Palazzo Canavese;;001177;001;TO
1863;TO;001;001181;Pavone;;04/02/1863;Pavone Canavese;;001181;001;TO
1863;TO;001;001185;Perosa;;04/02/1863;Perosa Canavese;;001185;001;TO
1863;TO;001;001193;Piobesi;;04/02/1863;Piobesi Torinese;;001193;001;TO
1863;TO;001;001214;Rivalta;;04/02/1863;Rivalta di Torino;;001214;001;TO
1863;TO;001;001217;Rivarolo;;04/02/1863;Rivarolo Canavese;;001217;001;TO
1863;TO;001;001223;Romano;;04/02/1863;Romano Canavese;;001223;001;TO
1863;TO;001;001224;Ronco;;04/02/1863;Ronco Canavese;;001224;001;TO
1863;TO;001;001233;Salerano;;04/02/1863;Salerano Canavese;;001233;001;TO
1863;TO;001;001237;San Carlo;;04/02/1863;San Carlo di Ciriè;;001237;001;TO
1863;TO;001;001238;San Colombano;;04/02/1863;San Colombano Belmonte;;001238;001;TO
1863;TO;001;001244;San Giorgio;;04/02/1863;San Giorgio Canavese;;001244;001;TO
1863;TO;001;001246;San Giusto;;04/02/1863;San Giusto Canavese;;001246;001;TO
1863;TO;001;001247;San Martino;;04/02/1863;San Martino Canavese;;001247;001;TO
1863;TO;001;001248;San Morizio;;04/02/1863;San Morizio Canavese;;001248;001;TO
1863;TO;001;001249;San Mauro;;04/02/1863;San Mauro Torinese;;001249;001;TO
1863;TO;001;001251;San Ponso;;04/02/1863;San Ponso Canavese;;001251;001;TO
1863;TO;001;001253;San Sebastiano;;04/02/1863;San Sebastiano da Po;;001253;001;TO
1863;TO;001;001255;Sant'Ambrogio;;04/02/1863;Sant'Ambrogio di Torino;;001255;001;TO
1863;TO;001;001256;Sant'Antonino;;04/02/1863;Sant'Antonino di Susa;;001256;001;TO
1863;TO;001;001286;Vallo;;04/02/1863;Vallo Torinese;;001286;001;TO
1863;TO;001;001294;Verrua;;04/02/1863;Verrua Savoia;;001294;001;TO
1863;TO;001;001297;Vico;;04/02/1863;Vico Canavese;;001297;001;TO
1863;TO;001;001812;Camagna;;04/02/1863;Camagna di Torino;;001812;001;TO
1863;TO;001;001813;Campiglia;;04/02/1863;Campiglia Soana;;001813;001;TO
1863;TO;001;001814;Campo;;04/02/1863;Campo Canavese;;001814;001;TO
1863;TO;001;001841;Monasterolo;;04/02/1863;Monasterolo Torinese;;001841;001;TO
1863;TO;001;001850;Revigliasco;;04/02/1863;Revigliasco Torinese;;001850;001;TO
1863;IM;008;008037;Montegrosso;;04/02/1863;Montegrosso Pian Latte;;008037;008;IM
1863;CR;019;019057;Martignana;;04/02/1863;Martignana di Po;;019057;019;CR
1863;CR;019;019832;Castelnuovo;;04/02/1863;Castelnuovo Cremasco;;019832;019;CR
1863;CR;019;019918;Vairano;;04/02/1863;Vairano Cremasco;;019918;019;CR
1863;MC;043;043043;Montesanto;;04/02/1863;Potenza Picena;;043043;043;MC
1863;LU;046;046011;Coreglia;;04/02/1863;Coreglia Antelminelli;;046011;046;LU
1863;CA;092;092072;Norghiddo;;04/02/1863;Norbello;;092072;092;CA
1863;PR;034;034806;San Donato;;01/02/1863;San Donato d'Enza;;034806;034;PR
1863;MC;043;043004;Belforte;;01/02/1863;Belforte del Chiento;;043004;043;MC
1863;CE;061;060803;Sant'Andrea;;01/02/1863;Sant'Andrea di Vallefredda;;060803;061;CE
1863;CE;061;061010;Calvi;;01/02/1863;Calvi Risorta;;061010;061;CE
1863;CE;061;061053;Orta;;01/02/1863;Orta di Atella;;061053;061;CE
1863;CE;061;061072;Rocchetta;;01/02/1863;Rocchetta e Croce;;061072;061;CE
1863;CE;061;061073;Raiano;;01/02/1863;Ruviano;;061073;061;CE
1863;CE;061;061074;San Cipriano;;01/02/1863;San Cipriano d'Aversa;;061074;061;CE
1863;CE;061;061095;Vairano;;01/02/1863;Vairano Patenora;;061095;061;CE
1863;CE;061;061818;Belmonte;;01/02/1863;Belmonte Castello;;061818;061;CE
1863;CE;061;061824;Carbonara;;01/02/1863;Carbonara di Nola;;061824;061;CE
1863;CE;061;061830;Castelluccio;;01/02/1863;Castelluccio di Sora;;061830;061;CE
1863;CE;061;061841;Coreno;;01/02/1863;Coreno Ausonio;;061841;061;CE
1863;CE;061;061864;Piedimonte;;01/02/1863;Piedimonte San Germano;;061864;061;CE
1863;CE;061;061872;San Donato;;01/02/1863;San Donato Val di Comino;;061872;061;CE
1863;CE;061;061876;San Paolo;;01/02/1863;San Paolo Bel Sito;;061876;061;CE
1863;AV;064;064002;Altavilla;;01/02/1863;Altavilla Irpina;;064002;064;AV
1863;AV;064;064004;Carbonara;;01/02/1863;Aquilonia;;064004;064;AV
1863;AV;064;064024;Castelvetere;;01/02/1863;Castelvetere di Calore;;064024;064;AV
1863;AV;064;064050;Mirabella;;01/02/1863;Mirabella Eclano;;064050;064;AV
1863;AV;064;064102;Sorbo;;01/02/1863;Sorbo Serpico;;064102;064;AV
1863;AV;064;064119;Volturara;;01/02/1863;Volturara Irpina;;064119;064;AV
1863;AV;064;064810;Anzano;;01/02/1863;Anzano degli Irpini;;064810;064;AV
1863;SA;065;065005;Altavilla;;01/02/1863;Altavilla Silentina;;065005;065;SA
1863;SA;065;065026;Casalnuovo;;01/02/1863;Casalbuono;;065026;065;SA
1863;SA;065;065027;Casaletto;;01/02/1863;Casaletto Spartano;;065027;065;SA
1863;SA;065;065038;Celle;;01/02/1863;Celle di Bulgheria;;065038;065;SA
1863;SA;065;065049;Cuccaro;;01/02/1863;Cuccaro Vetere;;065049;065;SA
1863;SA;065;065060;Laureana;;01/02/1863;Laureana Cilento;;065060;065;SA
1863;SA;065;065074;Monteforte;;01/02/1863;Monteforte Cilento;;065074;065;SA
1863;SA;065;065075;San Giacomo;;01/02/1863;Monte San Giacomo;;065075;065;SA
1863;SA;065;065076;Montesano;;01/02/1863;Montesano sulla Marcellana;;065076;065;SA
1863;SA;065;065080;Novi;;01/02/1863;Novi Velia;;065080;065;SA
1863;SA;065;065081;Ogliastro;;01/02/1863;Ogliastro Cilento;;065081;065;SA
1863;SA;065;065082;Olevano;;01/02/1863;Olevano sul Fusciano;;065082;065;SA
1863;SA;065;065103;Prignano;;01/02/1863;Prignano Cilento;;065103;065;SA
1863;SA;065;065125;San Pietro;;01/02/1863;San Pietro al Tanagro;;065125;065;SA
1863;SA;065;065146;Diano;;01/02/1863;Teggiano;;065146;065;SA
1863;SA;065;065154;Vallo;;01/02/1863;Vallo della Lucania;;065154;065;SA
1863;SA;065;065157;Vietri;;01/02/1863;Vietri sul Mare;;065157;065;SA
1863;CT;087;087014;Castiglione;;01/02/1863;Castiglione di Sicilia;;087014;087;CT
1863;CT;087;087016;Fiumefreddo;;01/02/1863;Fiumefreddo di Sicilia;;087016;087;CT
1863;CT;087;087019;Gravina;;01/02/1863;Gravina di Catania;;087019;087;CT
1863;CT;087;087025;Militello;;01/02/1863;Militello in Val di Catania;;087025;087;CT
1863;CT;087;087028;Mirabella;;01/02/1863;Mirabella Imbaccari;;087028;087;CT
1863;CT;087;087035;Piedimonte;;01/02/1863;Piedimonte Etneo;;087035;087;CT
1863;CT;087;087042;San Gregorio;;01/02/1863;San Gregorio di Catania;;087042;087;CT
1863;CT;087;087043;San Michele;;01/02/1863;San Michele di Ganzaria;;087043;087;CT
1863;CT;087;087808;Gagliano;;01/02/1863;Gagliano Castelferrato;;087808;087;CT
1863;CO;013;013021;Bene;;24/01/1863;Bene Lario;;013021;013;CO
1863;CO;013;013063;Cerano;;24/01/1863;Cerano d'Intelvi;;013063;013;CO
1863;CO;013;013101;Figino;;24/01/1863;Figino Serenza;;013101;013;CO
1863;CO;013;013122;Lanzo;;24/01/1863;Lanzo d'Intelvi;;013122;013;CO
1863;CO;013;013143;Mariano;;24/01/1863;Mariano Comense;;013143;013;CO
1863;CO;013;013165;Olgiate;;24/01/1863;Olgiate Comasco;;013165;013;CO
1863;CO;013;013817;Bernate;;24/01/1863;Bernate di Como;;013817;013;CO
1863;CO;013;013831;Camnago;;24/01/1863;Camnago San Martino;;013831;013;CO
1863;CO;013;013834;Carate;;24/01/1863;Carate Lario;;013834;013;CO
1863;CO;013;013846;Cassano;;24/01/1863;Cassano Albese;;013846;013;CO
1863;CO;013;013850;Castello;;24/01/1863;Castello Valsolda;;013850;013;CO
1863;CO;013;013895;Loveno;;24/01/1863;Loveno Sopra Menaggio;;013895;013;CO
1863;CO;013;013919;Ponte;;24/01/1863;Ponte Lambro;;013919;013;CO
1863;CO;013;013927;Romanò;;24/01/1863;Romanò Brianza;;013927;013;CO
1863;MO;036;036008;Castelvetro;;24/01/1863;Castelvetro di Modena;;036008;036;MO
1863;MO;036;036013;Fiorano;;24/01/1863;Fiorano Modenese;;036013;036;MO
1863;MO;036;036020;Marano;;24/01/1863;Marano sul Panaro;;036020;036;MO
1863;MO;036;036028;Novi;;24/01/1863;Novi di Modena;;036028;036;MO
1863;MO;036;036033;Prignano;;24/01/1863;Prignano sulla Secchia;;036033;036;MO
1863;MO;036;036036;San Cesario;;24/01/1863;San Cesario sul Panaro;;036036;036;MO
1863;MO;036;036037;San Felice;;24/01/1863;San Felice sul Panaro;;036037;036;MO
1863;MO;036;036041;Savignano;;24/01/1863;Savignano sul Panaro;;036041;036;MO
1863;NO;003;003056;Crevola;;22/01/1863;Crevola d'Ossola;;003056;003;NO
1863;NO;003;003074;San Maurizio;;22/01/1863;Ghiffa;;003074;003;NO
1863;NO;003;003162;Villa;;22/01/1863;Villadossola;;003162;003;NO
1863;NO;003;003412;Palazzolo;;22/01/1863;Palazzolo Vercellese;;003412;003;NO
1863;NO;003;003439;Riva;;22/01/1863;Riva Valdobbia;;003439;003;NO
1863;NO;003;003442;Rocca;;22/01/1863;Rocca Pietra;;003442;003;NO
1863;NO;003;003478;Tronzano;;22/01/1863;Tronzano Vercellese;;003478;003;NO
1863;NO;003;003819;Borgone;;22/01/1863;Borgone d'Ossola;;003819;003;NO
1863;NO;003;003827;Campello;;22/01/1863;Campello Monti;;003827;003;NO
1863;NO;003;003832;Castiglione;;22/01/1863;Castiglione d'Ossola;;003832;003;NO
1863;NO;003;003833;Cavaglio;;22/01/1863;Cavaglio San Donnino;;003833;003;NO
1863;NO;003;003835;Chignolo;;22/01/1863;Chignolo Verbano;;003835;003;NO
1863;NO;003;003858;Graglia;;22/01/1863;Graglia Piana;;003858;003;NO
1863;NO;003;003867;Buglio;;22/01/1863;Montebuglio;;003867;003;NO
1863;NO;003;003883;San Carlo;;22/01/1863;San Carlo d'Ossola;;003883;003;NO
1863;NO;003;003884;Sant'Agata;;22/01/1863;Sant'Agata sopra Cannobio;;003884;003;NO
1863;NO;003;003909;Albano;;22/01/1863;Albano Vercellese;;003909;003;NO
1863;NO;003;003910;Alice;;22/01/1863;Alice Castello;;003910;003;NO
1863;NO;003;003964;Crevola;;22/01/1863;Crevola Sesia;;003964;003;NO
1863;NO;003;003975;Fontanetto;;22/01/1863;Fontanetto da Po;;003975;003;NO
1863;NO;003;003976;Foresto;;22/01/1863;Foresto Sesia;;003976;003;NO
1863;MI;015;015003;Agrate;;22/01/1863;Agrate Brianza;;015003;015;MI
1863;MI;015;015037;Burago;;22/01/1863;Burago di Molgora;;015037;015;MI
1863;MI;015;015081;Cologno;;22/01/1863;Cologno Monzese;;015081;015;MI
1863;MI;015;015098;Cusano;;22/01/1863;Cusano sul Seveso;;015098;015;MI
1863;MI;015;015119;Lentate;;22/01/1863;Lentate sul Seveso;;015119;015;MI
1863;MI;015;015166;Paderno;;22/01/1863;Paderno Milanese;;015166;015;MI
1863;MI;015;015227;Velate;;22/01/1863;Velate Milanese;;015227;015;MI
1863;MI;015;015232;Vedano;;22/01/1863;Vedano al Lambro;;015232;015;MI
1863;MI;015;015849;Cazzano;;22/01/1863;Cazzano Befana;;015849;015;MI
1863;MI;015;015867;Costa Lombarda;;22/01/1863;Costa al Lambro;;015867;015;MI
1863;MI;015;015905;Monte;;22/01/1863;Montesiro;;015905;015;MI
1863;MI;015;015949;Sant'Agata;;22/01/1863;Sant'Agata Martesana;;015949;015;MI
1863;MI;015;015969;Valle;;22/01/1863;Valle Guidino;;015969;015;MI
1863;MI;015;015980;Villanova;;22/01/1863;Villanova Vimercate;;015980;015;MI
1863;FC;040;040021;Misano;;22/01/1863;Misano in Villa Vittoria;;040021;040;FC
1863;MC;043;043022;Loro;;22/01/1863;Loro Piceno;;043022;043;MC
1863;CN;004;004004;Albaretto;;11/01/1863;Albaretto della Torre;;004004;004;CN
1863;CN;004;004009;Bagnolo;;11/01/1863;Bagnolo Piemonte;;004009;004;CN
1863;CN;004;004010;Baldissero;;11/01/1863;Baldissero d'Alba;;004010;004;CN
1863;CN;004;004014;Bastia;;11/01/1863;Bastia Mondovì;;004014;004;CN
1863;CN;004;004018;Belvedere;;11/01/1863;Belvedere Langhe;;004018;004;CN
1863;CN;004;004019;Bene;;11/01/1863;Bene Vagienna;;004019;004;CN
1863;CN;004;004041;Caramagna;;11/01/1863;Caramagna Piemonte;;004041;004;CN
1863;CN;004;004052;Castellino;;11/01/1863;Castellino Tanaro;;004052;004;CN
1863;CN;004;004054;Castelnuovo;;11/01/1863;Castelnuovo di Ceva;;004054;004;CN
1863;CN;004;004060;Celle;;11/01/1863;Celle di Macra;;004060;004;CN
1863;CN;004;004062;Ceresole;;11/01/1863;Ceresole Alba;;004062;004;CN
1863;CN;004;004063;Cerretto;;11/01/1863;Cerretto delle Langhe;;004063;004;CN
1863;CN;004;004068;Chiusa;;11/01/1863;Chiusa di Pesio;;004068;004;CN
1863;CN;004;004072;Corneliano;;11/01/1863;Corneliano d'Alba;;004072;004;CN
1863;CN;004;004106;Lequio;;11/01/1863;Lequio Berria;;004106;004;CN
1863;CN;004;004110;Limone;;11/01/1863;Limone Piemonte;;004110;004;CN
1863;CN;004;004113;Magliano;;11/01/1863;Magliano d'Alba;;004113;004;CN
1863;CN;004;004114;Magliano;;11/01/1863;Magliano Alpi;;004114;004;CN
1863;CN;004;004121;Martiniana;;11/01/1863;Martiniana Po;;004121;004;CN
1863;CN;004;004126;Monastero;;11/01/1863;Monastero di Vasco;;004126;004;CN
1863;CN;004;004127;Monasterolo;;11/01/1863;Monasterolo Cassoto;;004127;004;CN
1863;CN;004;004128;Monasterolo;;11/01/1863;Monasterolo di Savigliano;;004128;004;CN
1863;CN;004;004132;Monforte;;11/01/1863;Monforte d'Alba;;004132;004;CN
1863;CN;004;004134;Montaldo;;11/01/1863;Montaldo di Mondovì;;004134;004;CN
1863;CN;004;004137;Montelupo;;11/01/1863;Montelupo Albese;;004137;004;CN
1863;CN;004;004138;Montemale;;11/01/1863;Montemale di Cuneo;;004138;004;CN
1863;CN;004;004139;Monterosso;;11/01/1863;Monterosso Grana;;004139;004;CN
1863;CN;004;004142;Monticelli;;11/01/1863;Monticelli Alba;;004142;004;CN
1863;CN;004;004168;Piobesi;;11/01/1863;Piobesi d'Alba;;004168;004;CN
1863;CN;004;004190;Roccaforte;;11/01/1863;Roccaforte Mondovì;;004190;004;CN
1863;CN;004;004199;Sale;;11/01/1863;Sale delle Langhe;;004199;004;CN
1863;CN;004;004206;San Benedetto;;11/01/1863;San Benedetto Belbo;;004206;004;CN
1863;CN;004;004207;San Damiano;;11/01/1863;San Damiano Macra;;004207;004;CN
1863;CN;004;004210;San Michele;;11/01/1863;San Michele Mondovì;;004210;004;CN
1863;CN;004;004211;Sant'Albano;;11/01/1863;Sant'Albano Stura;;004211;004;CN
1863;CN;004;004212;Santa Vittoria;;11/01/1863;Santa Vittoria d'Alba;;004212;004;CN
1863;CN;004;004219;Serravalle;;11/01/1863;Serravalle delle Langhe;;004219;004;CN
1863;CN;004;004227;Torre;;11/01/1863;Torre Mondovì;;004227;004;CN
1863;CN;004;004229;Torricella;;11/01/1863;Torresina;;004229;004;CN
1863;CN;004;004231;Trezzo;;11/01/1863;Trezzo Tinella;;004231;004;CN
1863;CN;004;004241;Vezza;;11/01/1863;Vezza d'Alba;;004241;004;CN
1863;CN;004;004245;Villanova;;11/01/1863;Villanova Mondovì;;004245;004;CN
1863;CN;004;004805;Briga;;11/01/1863;Briga Marittima;;004805;004;CN
1863;CN;004;004816;San Michele;;11/01/1863;San Michele Prazzo;;004816;004;CN
1863;CN;004;004818;Scaletta;;11/01/1863;Scaletta Uzzone;;004818;004;CN
1863;BS;017;017130;Paderno;;10/01/1863;Paderno Franciacorta;;017130;017;BS
1863;BS;017;017910;Virle;;10/01/1863;Virle Treponti;;017910;017;BS
1863;CR;019;019001;Acquanegra;;10/01/1863;Acquanegra Cremonese;;019001;019;CR
1863;CR;019;019005;Bagnolo;;10/01/1863;Bagnolo Cremasco;;019005;019;CR
1863;CR;019;019011;Campagnola;;10/01/1863;Campagnola Cremasca;;019011;019;CR
1863;CR;019;019024;Gabbiano;;10/01/1863;Castel Gabbiano;;019024;019;CR
1863;CR;019;019039;Cumignano;;10/01/1863;Cumignano sul Naviglio;;019039;019;CR
1863;CR;019;019051;Grumello;;10/01/1863;Grumello con Farvengo Cremonese;;019051;019;CR
1863;CR;019;019058;Monte;;10/01/1863;Monte Cremasco;;019058;019;CR
1863;CR;019;019066;Palazzo;;10/01/1863;Palazzo Pugnano;;019066;019;CR
1863;CR;019;019070;Pessina;;10/01/1863;Pessina Cremonese;;019070;019;CR
1863;CR;019;019085;Robecco;;10/01/1863;Robecco d'Oglio;;019085;019;CR
1863;CR;019;019102;Spino;;10/01/1863;Spino d'Adda;;019102;019;CR
1863;CR;019;019111;Vaiano;;10/01/1863;Vaiano Cremasco;;019111;019;CR
1863;CR;019;019802;Alfiano;;10/01/1863;Alfiano ed Uniti;;019802;019;CR
1863;CR;019;019826;Casale;;10/01/1863;Casale Cremasco;;019826;019;CR
1863;CR;019;019831;Castelfranco;;10/01/1863;Castelfranco d'Oglio;;019831;019;CR
1863;CR;019;019868;Mirabello;;10/01/1863;Mirabello Ciria;;019868;019;CR
1863;CR;019;019875;Paderno;;10/01/1863;Paderno Fasolaro;;019875;019;CR
1863;CR;019;019883;Pontirolo;;10/01/1863;Pontirolo Capredoni;;019883;019;CR
1863;CR;019;019887;Prato;;10/01/1863;Prato Muzio;;019887;019;CR
1863;CR;019;019903;San Michele;;10/01/1863;San Michele Cremasco;;019903;019;CR
1863;CR;019;019907;San Vito;;10/01/1863;San Vito e Modesto;;019907;019;CR
1863;BO;037;037018;Serravalle;;10/01/1863;Castello di Serravalle;;037018;037;BO
1863;CS;078;078055;Fiumefreddo;;10/01/1863;Fiumefreddo Bruzio;;078055;078;CS
1863;CS;078;078123;San Marco;;10/01/1863;San Marco Argentano;;078123;078;CS
1863;CS;078;078131;Sant'Agata;;10/01/1863;Sant'Agata di Esaro;;078131;078;CS
1862;LE;075;075008;Bagnolo;;23/12/1862;Bagnolo del Salento;;075008;075;LE
1862;LE;075;075023;Corigliano;;23/12/1862;Corigliano d'Otranto;;075023;075;LE
1862;LE;075;075028;Gagliano;;23/12/1862;Gagliano del Capo;;075028;075;LE
1862;LE;075;075051;Muro;;23/12/1862;Muro Leccese;;075051;075;LE
1862;LE;075;075075;Sogliano;;23/12/1862;Sogliano Cavour;;075075;075;LE
1862;LE;075;075807;Cellino;;23/12/1862;Cellino San Marco;;075807;075;LE
1862;LE;075;075835;San Giorgio;;23/12/1862;San Giorgio sotto Taranto;;075835;075;LE
1862;LE;075;075837;San Pancrazio;;23/12/1862;San Pancrazio Salentino;;075837;075;LE
1862;MI;015;012887;Sant'Antonino;;21/12/1862;Sant'Antonino Ticino;;012887;015;MI
1862;MI;015;015019;Bernate;;21/12/1862;Bernate Ticino;;015019;015;MI
1862;MI;015;015026;Boffalora;;21/12/1862;Boffalora sopra Ticino;;015026;015;MI
1862;MI;015;015061;Lugagnano;;21/12/1862;Cassinetta di Lugagnano;;015061;015;MI
1862;MI;015;015184;Robecco;;21/12/1862;Robecco sul Naviglio;;015184;015;MI
1862;MI;015;015200;Santo Stefano;;21/12/1862;Santo Stefano Ticino;;015200;015;MI
1862;MI;015;015401;Fagnano;;21/12/1862;Fagnano Olona;;015401;015;MI
1862;MI;015;015831;Caselle;;21/12/1862;Caselle d'Ozero;;015831;015;MI
1862;MI;015;015832;Casirate;;21/12/1862;Casirate Olona;;015832;015;MI
1862;MI;015;015885;Induno;;21/12/1862;Induno Ticino;;015885;015;MI
1862;MI;015;015903;Moncucco;;21/12/1862;Moncucco Vecchio;;015903;015;MI
1862;MI;015;015948;San Vito;;21/12/1862;San Vito e Marta;;015948;015;MI
1862;PC;033;033034;Pomaro;;21/12/1862;Pomaro Piacentino;;033034;033;PC
1862;PC;033;033041;Polignano;;21/12/1862;Polignano Piacentino;;033041;033;PC
1862;GE;010;009822;Magnone;;20/12/1862;Portio;;009822;010;GE
1862;MI;015;015157;Novate;;20/12/1862;Novate Milanese;;015157;015;MI
1862;BS;017;017201;Villanuova;;20/12/1862;Villanuova sul Clisi;;017201;017;BS
1862;BS;017;017814;Burago;;20/12/1862;Burago Riviera;;017814;017;BS
1862;BS;017;017866;Ono;;20/12/1862;Ono Degno;;017866;017;BS
1862;PC;033;033014;Castelvetro;;20/12/1862;Castelvetro Piacentino;;033014;033;PC
1862;PC;033;033022;Rivalta;;20/12/1862;Rivalta Trebbia;;033022;033;PC
1862;PC;033;033024;Gragnano;;20/12/1862;Gragnano Trebbiense;;033024;033;PC
1862;PC;033;033026;Lugagnano;;20/12/1862;Lugagnano Val d'Arda;;033026;033;PC
1862;PC;033;033033;Pianello;;20/12/1862;Pianello Val Tidone;;033033;033;PC
1862;PC;033;033040;San Giorgio;;20/12/1862;San Giorgio Piacentino;;033040;033;PC
1862;PC;033;033046;Villanova;;20/12/1862;Villanova sull'Arda;;033046;033;PC
1862;PC;033;033803;San Lazzaro;;20/12/1862;San Lazzaro Alberoni;;033803;033;PC
1862;PC;033;033804;Sant'Antonio;;20/12/1862;Sant'Antonio a Trebbia;;033804;033;PC
1862;PR;034;034017;Fornovo;;20/12/1862;Fornovo di Taro;;034017;034;PR
1862;PR;034;034809;San Pancrazio;;20/12/1862;San Pancrazio Parmense;;034809;034;PR
1862;AR;051;051016;Civitella;;20/12/1862;Civitella in Val di Chiana;;051016;051;AR
1862;AR;051;051018;Foiano;;20/12/1862;Foiano della Chiana;;051018;051;AR
1862;AR;051;051039;Terranova;;20/12/1862;Terranuova Bracciolini;;051039;051;AR
1862;CE;061;061023;Campagnano;;20/12/1862;Castello di Campagnano;;061023;061;CE
1862;CE;061;061031;Conca;;20/12/1862;Conca della Campania;;061031;061;CE
1862;CE;061;061056;Piana;;20/12/1862;Piana di Caiazzo;;061056;061;CE
1862;CE;061;061080;San Potito;;20/12/1862;San Potito Sannitico;;061080;061;CE
1862;CE;061;061865;Pignataro;;20/12/1862;Pignataro Interamna;;061865;061;CE
1862;CE;061;061878;San Vittore;;20/12/1862;San Vittore del Lazio;;061878;061;CE
1862;CE;061;061897;Agnone;;20/12/1862;Villa Latina;;061897;061;CE
1862;AV;064;064009;Bagnoli;;20/12/1862;Bagnoli Irpino;;064009;064;AV
1862;AV;064;064028;Chiusano;;20/12/1862;Chiusano di San Domenico;;064028;064;AV
1862;AV;064;064068;Pago;;20/12/1862;Pago del Vallo di Lauro;;064068;064;AV
1862;AV;064;064808;Tavernola;;20/12/1862;Tavernola San Felice;;064808;064;AV
1862;FG;071;071005;Ascoli;;20/12/1862;Ascoli Satriano;;071005;071;FG
1862;FG;071;071008;Cagnano;;20/12/1862;Cagnano Varano;;071008;071;FG
1862;FG;071;071013;Casalnuovo;;20/12/1862;Casalnuovo Monterotaro;;071013;071;FG
1862;FG;071;071014;Casalvecchio;;20/12/1862;Casalvecchio di Puglia;;071014;071;FG
1862;FG;071;071018;Celenza;;20/12/1862;Celenza Valfortore;;071018;071;FG
1862;FG;071;071019;Celle;;20/12/1862;Celle di San Vito;;071019;071;FG
1862;FG;071;071036;Orta;;20/12/1862;Orta Nova;;071036;071;FG
1862;FG;071;071039;Pietra;;20/12/1862;Pietramontecorvino;;071039;071;FG
1862;FG;071;071041;Rignano;;20/12/1862;Rignano Garganico;;071041;071;FG
1862;FG;071;071044;Roseto;;20/12/1862;Roseto Valfortore;;071044;071;FG
1862;FG;071;071049;San Nicandro;;20/12/1862;Sannicandro Garganico;;071049;071;FG
1862;FG;071;071050;San Paolo;;20/12/1862;San Paolo di Civitate;;071050;071;FG
1862;FG;071;071052;Sant'Agata;;20/12/1862;Sant'Agata di Puglia;;071052;071;FG
1862;FG;071;071059;Vico;;20/12/1862;Vico del Gargano;;071059;071;FG
1862;FG;071;071061;Volturara;;20/12/1862;Volturara Appula;;071061;071;FG
1862;BS;017;017113;Montechiaro;;18/12/1862;Montichiari sul Chiese;;017113;017;BS
1862;BS;017;017137;Pavone;;18/12/1862;Pavone del Mella;;017137;017;BS
1862;BS;017;017159;Quinzano;;18/12/1862;Quinzano d'Oglio;;017159;017;BS
1862;BS;017;017172;San Gervasio;;18/12/1862;San Gervasio Bresciano;;017172;017;BS
1862;BS;017;017911;Acquanegra;;18/12/1862;Acquanegra sul Chiese;;017911;017;BS
1862;BS;017;017913;Canneto;;18/12/1862;Canneto sull'Oglio;;017913;017;BS
1862;FC;040;040041;San Mauro;;18/12/1862;San Mauro di Roma;;040041;040;FC
1862;FC;040;040045;Savignano;;18/12/1862;Savignano di Romagna;;040045;040;FC
1862;FC;040;040046;Sogliano;;18/12/1862;Sogliano al Rubicone;;040046;040;FC
1862;PU;041;041005;Belforte;;18/12/1862;Belforte all'Isauro;;041005;041;PU
1862;PU;041;041016;Fratte;;18/12/1862;Fratte Rosa;;041016;041;PU
1862;PU;041;041030;Montecalvo;;18/12/1862;Montecalvo in Foglia;;041030;041;PU
1862;PU;041;041037;Montemaggiore;;18/12/1862;Montemaggiore al Metauro;;041037;041;PU
1862;PU;041;041040;Orciano;;18/12/1862;Orciano di Pesaro;;041040;041;PU
1862;PU;041;041052;San Giorgio;;18/12/1862;San Giorgio di Pesaro;;041052;041;PU
1862;PU;041;041808;Montalto;;18/12/1862;Montalto Tarugo;;041808;041;PU
1862;PU;041;041810;Montebello;;18/12/1862;Montebello Metaurense;;041810;041;PU
1862;PU;041;041814;Montesecco;;18/12/1862;Montesecco Antico;;041814;041;PU
1862;PU;041;041817;Pozzo;;18/12/1862;Pozzo Alto;;041817;041;PU
1862;PU;041;041818;San Vito;;18/12/1862;San Vito sul Cesano;;041818;041;PU
1862;PU;041;041819;Sant'Andrea;;18/12/1862;Sant'Andrea di Suasa;;041819;041;PU
1862;PU;041;041822;Torre;;18/12/1862;Torre San Marco;;041822;041;PU
1862;AP;044;044002;Acquaviva;;18/12/1862;Acquaviva Picena;;044002;044;AP
1862;AP;044;044006;Arquata;;18/12/1862;Arquata del Tronto;;044006;044;AP
1862;AP;044;044007;Ascoli;;18/12/1862;Ascoli Piceno;;044007;044;AP
1862;AP;044;044011;Lama;;18/12/1862;Castel di Lama;;044011;044;AP
1862;AP;044;044014;Colli;;18/12/1862;Colli del Tronto;;044014;044;AP
1862;AP;044;044017;Marano;;18/12/1862;Cupra Marittima;;044017;044;AP
1862;AP;044;044026;Magliano;;18/12/1862;Magliano di Tenna;;044026;044;AP
1862;AP;044;044028;Massa;;18/12/1862;Massa Fermana;;044028;044;AP
1862;AP;044;044031;Monsampolo;;18/12/1862;Monsampolo del Tronto;;044031;044;AP
1862;AP;044;044035;Montefalcone;;18/12/1862;Montefalcone Appennino;;044035;044;AP
1862;AP;044;044036;Monte Fiore;;18/12/1862;Montefiore dell'Aso;;044036;044;AP
1862;AP;044;044059;Ponzano;;18/12/1862;Ponzano di Fermo;;044059;044;AP
1862;AP;044;044066;San Benedetto;;18/12/1862;San Benedetto del Tronto;;044066;044;AP
1862;AP;044;044067;Santa Vittoria;;18/12/1862;Santa Vittoria in Matenano;;044067;044;AP
1862;AP;044;044807;Montecalvo;;18/12/1862;Montecalvo del Castellano;;044807;044;AP
1862;AP;044;044814;Porchiano Ascoli;;18/12/1862;Porchiano dell'Ascensione;;044814;044;AP
1862;AP;044;044819;Santa Maria;;18/12/1862;Santa Maria del Tronto;;044819;044;AP
1862;GR;053;053013;Magliano;;18/12/1862;Magliano in Toscana;;053013;053;GR
1862;ME;083;083006;Casalnuovo;;09/12/1862;Basicò;;083006;083;ME
1862;ME;083;083010;Capri;;09/12/1862;Capri Leone;;083010;083;ME
1862;ME;083;083012;Casalvecchio;;09/12/1862;Casalvecchio Siculo;;083012;083;ME
1862;ME;083;083015;Mola;;09/12/1862;Castelmola;;083015;083;ME
1862;ME;083;083033;Giojosa;;09/12/1862;Gioiosa Marea;;083033;083;ME
1862;ME;083;083046;Mazzarrà;;09/12/1862;Mazzarrà Sant'Andrea;;083046;083;ME
1862;ME;083;083053;Mojo;;09/12/1862;Moio Alcantara;;083053;083;ME
1862;ME;083;083057;Monte Albano;;09/12/1862;Montalbano di Elicona;;083057;083;ME
1862;ME;083;083062;Novara;;09/12/1862;Novara di Sicilia;;083062;083;ME
1862;ME;083;083079;San Marco;;09/12/1862;San Marco d'Alfonsio;;083079;083;ME
1862;CE;061;061025;Castello;;07/12/1862;Castello d'Alife;;061025;061;CE
1862;CE;061;061026;Morrone;;07/12/1862;Castel Morrone;;061026;061;CE
1862;CE;061;061097;Valle;;07/12/1862;Valle di Maddaloni;;061097;061;CE
1862;CE;061;061104;Masserie;;07/12/1862;San Marco Evangelista;;061104;061;CE
1862;PA;082;082004;Altavilla;;07/12/1862;Altavilla Milicia;;082004;082;PA
1862;PA;082;082025;Castronuovo;;07/12/1862;Castronovo di Sicilia;;082025;082;PA
1862;IM;008;008003;Aquila;;30/11/1862;Aquila d'Arroscia;;008003;008;IM
1862;IM;008;008009;Borghetto;;30/11/1862;Borghetto di Arroscia;;008009;008;IM
1862;IM;008;008015;Castelfranco;;30/11/1862;Castel Vittorio;;008015;008;IM
1862;IM;008;008023;Cosio;;30/11/1862;Cosio d'Arroscia;;008023;008;IM
1862;IM;008;008036;Montaldo;;30/11/1862;Montaldo Ligure;;008036;008;IM
1862;IM;008;008038;Penna;;30/11/1862;Piena;;008038;008;IM
1862;IM;008;008042;Pieve;;30/11/1862;Pieve di Teco;;008042;008;IM
1862;IM;008;008050;Riva;;30/11/1862;Riva Ligure;;008050;008;IM
1862;IM;008;008051;Rocchetta;;30/11/1862;Rocchetta Nervina;;008051;008;IM
1862;IM;008;008053;San Biagio;;30/11/1862;San Biagio della Cima;;008053;008;IM
1862;IM;008;008054;San Lorenzo;;30/11/1862;San Lorenzo al Mare;;008054;008;IM
1862;IM;008;008808;Caramagna;;30/11/1862;Caramagna Ligure;;008808;008;IM
1862;IM;008;008810;Castelvecchio;;30/11/1862;Castelvecchio di Santa Maria Maggiore;;008810;008;IM
1862;IM;008;008814;Costa;;30/11/1862;Costa d'Oneglia;;008814;008;IM
1862;IM;008;008832;San Lazzaro;;30/11/1862;San Lazzaro Reale;;008832;008;IM
1862;IM;008;008834;Sasso;;30/11/1862;Sasso di Bordighera;;008834;008;IM
1862;IM;008;008839;Valloria;;30/11/1862;Valloria Marittima;;008839;008;IM
1862;MI;015;012885;San Pancrazio;;30/11/1862;San Pancrazio al Colle;;012885;015;MI
1862;MI;015;015072;Cerro;;30/11/1862;Cerro Maggiore;;015072;015;MI
1862;MI;015;015194;San Giorgio;;30/11/1862;San Giorgio su Legnano;;015194;015;MI
1862;MI;015;015411;Mezzana;;30/11/1862;Mezzana Superiore;;015411;015;MI
1862;MI;015;015422;Somma;;30/11/1862;Somma Lombardo;;015422;015;MI
1862;MI;015;015996;Casorate;;30/11/1862;Casorate Sempione;;015996;015;MI
1862;BO;037;037009;Calderara;;30/11/1862;Calderara di Reno;;037009;037;BO
1862;BO;037;037020;Castel San Pietro;;30/11/1862;Castel San Pietro dell'Emilia;;037020;037;BO
1862;BO;037;037031;Tavernola;;30/11/1862;Tavernola Reno;;037031;037;BO
1862;BO;037;037033;Belvedere;;30/11/1862;Lizzano in Belvedere;;037033;037;BO
1862;BO;037;037046;Ozzano;;30/11/1862;Ozzano dell'Emilia;;037046;037;BO
1862;BO;037;037050;Sala;;30/11/1862;Sala Bolognese;;037050;037;BO
1862;BO;037;037051;Piano;;30/11/1862;Pian del Voglio;;037051;037;BO
1862;BO;037;037054;San Lazzaro;;30/11/1862;San Lazzaro di Savena;;037054;037;BO
1862;BO;037;037056;Sant'Agata;;30/11/1862;Sant'Agata Bolognese;;037056;037;BO
1862;BO;037;037803;Castelfranco;;30/11/1862;Castelfranco dell'Emilia;;037803;037;BO
1862;MI;015;015016;Bellinzago;;28/11/1862;Bellinzago Lombardo;;015016;015;MI
1862;MI;015;015071;Cerro;;28/11/1862;Cerro al Lambro;;015071;015;MI
1862;MI;015;015125;Locate;;28/11/1862;Locate di Triulzi;;015125;015;MI
1862;MI;015;015173;Pieve;;28/11/1862;Pieve Emanuele;;015173;015;MI
1862;MI;015;015177;Pozzo;;28/11/1862;Pozzo d'Adda;;015177;015;MI
1862;MI;015;015192;San Donato;;28/11/1862;San Donato Milanese;;015192;015;MI
1862;MI;015;015211;Settimo;;28/11/1862;Settimo Milanese;;015211;015;MI
1862;MI;015;015219;Trezzano;;28/11/1862;Trezzano Rosa;;015219;015;MI
1862;MI;015;015220;Trezzano;;28/11/1862;Trezzano sul Naviglio;;015220;015;MI
1862;MI;015;015221;Trezzo;;28/11/1862;Trezzo sull'Adda;;015221;015;MI
1862;MI;015;015230;Vaprio;;28/11/1862;Vaprio d'Adda;;015230;015;MI
1862;MI;015;015822;Bruzzano;;28/11/1862;Bruzzano dei Due Borghi;;015822;015;MI
1862;MI;015;015852;Chiaravalle;;28/11/1862;Chiaravalle Milanese;;015852;015;MI
1862;MI;015;015864;Corneliano;;28/11/1862;Corneliano Bertario;;015864;015;MI
1862;MI;015;015872;Figino;;28/11/1862;Figino di Milano;;015872;015;MI
1862;MI;015;015881;Groppello;;28/11/1862;Groppello d'Adda;;015881;015;MI
1862;MI;015;015894;Mazzo;;28/11/1862;Mazzo Milanese;;015894;015;MI
1862;MI;015;015925;Porto;;28/11/1862;Porto d'Adda;;015925;015;MI
1862;MI;015;015968;Vaiano;;28/11/1862;Vaiano Valle;;015968;015;MI
1862;AV;064;064048;Melito;;28/11/1862;Melito Valle Bonito;;064048;064;AV
1862;AV;064;064052;Montecalvo;;28/11/1862;Montecalvo Irpino;;064052;064;AV
1862;AV;064;064094;Montemale;;28/11/1862;Sant'Arcangelo;;064094;064;AV
1862;AV;064;064118;Villanova;;28/11/1862;Villanova del Battista;;064118;064;AV
1862;SA;065;065036;Castiglione;;28/11/1862;Castiglione del Genovesi;;065036;065;SA
1862;SA;065;065037;Cava;;28/11/1862;Cava de' Tirreni;;065037;065;SA
1862;SA;065;065089;Palo;;28/11/1862;Palomonte;;065089;065;SA
1862;SA;065;065118;San Cipriano;;28/11/1862;San Cipriano Picentino;;065118;065;SA
1862;SA;065;065121;San Mango;;28/11/1862;San Mango Piemonte;;065121;065;SA
1862;SA;065;065122;San Marzano;;28/11/1862;San Marzano sul Sarno;;065122;065;SA
1862;BS;017;017892;San Nazzaro;;27/11/1862;San Nazzaro Mella;;017892;017;BS
1862;AV;064;064047;Marzano;;27/11/1862;Marzano di Nola;;064047;064;AV
1862;AV;064;064075;Pratola;;27/11/1862;Pratola Serra;;064075;064;AV
1862;AV;064;064081;Salza;;27/11/1862;Salza Irpina;;064081;064;AV
1862;AV;064;064088;Santa Lucia;;27/11/1862;Santa Lucia di Larino;;064088;064;AV
1862;AV;064;064096;Savignano;;27/11/1862;Savignano di Puglia;;064096;064;AV
1862;AV;064;064109;Torella;;27/11/1862;Torella dei Lombardi;;064109;064;AV
1862;AV;064;064811;Monteleone;;27/11/1862;Monteleone di Puglia;;064811;064;AV
1862;CL;085;085001;Acquaviva;;27/11/1862;Acquaviva Platani;;085001;085;CL
1862;CL;085;085007;Terranova;;27/11/1862;Terranova di Sicilia;;085007;085;CL
1862;CL;085;085017;Santa Caterina;;27/11/1862;Santa Caterina Villarmosa;;085017;085;CL
1862;CL;085;085805;Piazza;;27/11/1862;Piazza Armerina;;085805;085;CL
1862;CE;061;061014;Capriati;;19/11/1862;Capriati a Volturno;;061014;061;CE
1862;CE;061;061041;Gioia;;19/11/1862;Gioia Sannitica;;061041;061;CE
1862;CE;061;061047;Macerata;;19/11/1862;Macerata di Marcianise;;061047;061;CE
1862;CE;061;061846;Schiavi;;19/11/1862;Fontechiari;;061846;061;CE
1862;CE;061;063809;Santeramo;;19/11/1862;Sant'Erasmo;;063809;061;CE
1862;MC;043;043041;Montemilone;;13/11/1862;Pollenza;;043041;043;MC
1862;MC;043;043052;Serravalle;;13/11/1862;Serravalle di Chienti;;043052;043;MC
1862;LI;049;049016;Rio;;13/11/1862;Rio nell'Elba;;049016;049;LI
1862;BS;017;017008;Azzano;;08/11/1862;Azzano Mella;;017008;017;BS
1862;BS;017;017037;Capriano;;08/11/1862;Capriano del Colle;;017037;017;BS
1862;BS;017;017173;San Zeno;;08/11/1862;San Zeno Naviglio;;017173;017;BS
1862;PR;034;034001;Albareto;;08/11/1862;Albareto di Borgotaro;;034001;034;PR
1862;PR;034;034028;Pellegrino;;08/11/1862;Pellegrino Parmense;;034028;034;PR
1862;PR;034;034031;Sala;;08/11/1862;Sala Baganza;;034031;034;PR
1862;PR;034;034033;San Secondo;;08/11/1862;San Secondo Parmense;;034033;034;PR
1862;RE;035;035002;Bagnolo;;08/11/1862;Bagnolo in Piano;;035002;035;RE
1862;RE;035;035009;Campagnola;;08/11/1862;Campagnola Emilia;;035009;035;RE
1862;RE;035;035033;Reggio;;08/11/1862;Reggio nell'Emilia;;035033;035;RE
1862;RE;035;035038;San Polo;;08/11/1862;San Polo d'Enza in Caviano;;035038;035;RE
1862;RE;035;035039;Sant'Ilario;;08/11/1862;Sant'Ilario d'Enza;;035039;035;RE
1862;RE;035;035043;Vezzano;;08/11/1862;Vezzano sul Crostolo;;035043;035;RE
1862;PI;050;050006;Casale;;08/11/1862;Casale di Val di Cecina;;050006;050;PI
1862;PI;050;050023;Orciano;;08/11/1862;Orciano Pisano;;050023;050;PI
1862;PI;050;050804;Campiglia;;08/11/1862;Campiglia Marittima;;050804;050;PI
1862;PI;050;050809;Rosignano;;08/11/1862;Rosignano Marittimo;;050809;050;PI
1862;CE;061;061063;Prata;;02/11/1862;Prata Sannita;;061063;061;CE
1862;CE;061;061817;Fratte;;02/11/1862;Ausonia;;061817;061;CE
1862;CE;061;061831;Cisterna;;02/11/1862;Castello di Cisterna;;061831;061;CE
1862;SI;052;052004;Casole;;29/10/1862;Casole d'Elsa;;052004;052;SI
1862;SI;052;052012;Colle;;29/10/1862;Colle di Val d'Elsa;;052012;052;SI
1862;SI;052;052017;Monteroni;;29/10/1862;Monteroni d'Arbia;;052017;052;SI
1862;SI;052;052030;San Quirico;;29/10/1862;San Quirico d'Orcia;;052030;052;SI
1862;BS;017;017067;Desenzano;;16/10/1862;Desenzano sul Lago;;017067;017;BS
1862;BS;017;017834;Corticelle;;16/10/1862;Corticelle Pieve;;017834;017;BS
1862;BS;017;017895;Sant'Eufemia;;16/10/1862;Sant'Eufemia della Fonte;;017895;017;BS
1862;SS;090;090040;Monteleone;;16/10/1862;Monteleone Rocca Doria;;090040;090;SS
1862;SS;090;090047;Terranova;;16/10/1862;Terranova Pausania;;090047;090;SS
1862;SS;090;090063;Santa Teresa;;16/10/1862;Santa Teresa Gallura;;090063;090;SS
1862;MC;043;043016;Sant'Anatolia;;15/10/1862;Esanatoglia;;043016;043;MC
1862;CE;061;061057;Piedimonte;;15/10/1862;Piedimonte d'Alife;;061057;061;CE
1862;CE;061;061060;Pignataro;;15/10/1862;Pignataro Maggiore;;061060;061;CE
1862;CE;061;061833;Castelnuovo;;15/10/1862;Castelnuovo Parano;;061833;061;CE
1862;CE;061;061857;Monticello;;15/10/1862;Monte San Vito;;061857;061;CE
1862;CE;061;061882;Sant'Elia;;15/10/1862;Sant'Elia Fiumerapido;;061882;061;CE
1862;CA;092;092073;Nughedu;;15/10/1862;Nughedu Santa Vittoria;;092073;092;CA
1862;CA;092;092083;Palmas;;15/10/1862;Palmas Arborea;;092083;092;CA
1862;CA;092;092091;Quartu;;15/10/1862;Quartu Sant'Elena;;092091;092;CA
1862;CA;092;092099;Palmas;;15/10/1862;Palmas Suergiu;;092099;092;CA
1862;CA;092;092125;Settimo;;15/10/1862;Settimo San Pietro;;092125;092;CA
1862;CA;092;092164;Carbonara;;15/10/1862;Villasimius;;092164;092;CA
1862;CA;092;092802;Donigala;;15/10/1862;Donigala Siurgus;;092802;092;CA
1862;CA;092;092817;Bari;;15/10/1862;Bari Sardo;;092817;092;CA
1862;CA;092;092847;Meana;;15/10/1862;Meana Sardo;;092847;092;CA
1862;CA;092;092860;Scano;;15/10/1862;Scano di Montiferro;;092860;092;CA
1862;CA;092;095802;Donigala;;15/10/1862;Donigala Fenughedu;;095802;092;CA
1862;BS;017;017009;Bagnolo;;30/09/1862;Bagnolo Mella;;017009;017;BS
1862;BS;017;017133;Palazzolo;;30/09/1862;Palazzolo sull'Oglio;;017133;017;BS
1862;FC;040;040009;Civitella;;30/09/1862;Civitella di Romagna;;040009;040;FC
1862;CE;061;061034;Fossaceca;;30/09/1862;Fontegreca;;061034;061;CE
1862;CE;061;061045;Schiavi di Formicola;;30/09/1862;Liberi;;061045;061;CE
1862;CE;061;061062;Portico;;30/09/1862;Portico di Caserta;;061062;061;CE
1862;CE;061;061075;San Felice;;30/09/1862;San Felice a Cancello;;061075;061;CE
1862;CE;061;061078;San Nicola;;30/09/1862;San Nicola la Strada;;061078;061;CE
1862;CE;061;061083;Santa Maria Maggiore;;30/09/1862;Santa Maria Capua Vetere;;061083;061;CE
1862;FC;040;040027;Montescudolo;;05/09/1862;Montescudo;;040027;040;FC
1862;MI;015;015893;Masciago;;22/08/1862;Masciago Milanese;;015893;015;MI
1862;AN;042;042016;Massaccio;;04/06/1862;Cupramontana;;042016;042;AN
1862;LU;046;046002;Bagno a Corsena;;27/04/1862;Bagni di Lucca;;046002;046;LU
1862;GE;010;010937;Varese;;24/04/1862;Varese Ligure;;010937;010;GE
1862;CE;061;061847;Mola e Castellone;;17/04/1862;Formia;;061847;061;CE
