Anno evento;Sigla Provincia/Uts;Codice Provincia/Uts;Codice Comune;Codice catasto;Comune;Comune (dizione straniera);Tipo variazione;Data evento;Codice Comune;Comune associato;Codice catasto associato;Codice Provincia/Uts associato;Sigla Provincia/Uts associato
2026;UD;030;030026;C758;Cividale del Friuli;;CE;23/04/2026;030085;Prepotto;H040;030;UD
2026;UD;030;030085;H040;Prepotto;;AQ;23/04/2026;030026;Cividale del Friuli;C758;030;UD
2026;PV;018;018094;F417;Montalto Pavese;;AQES;31/01/2026;018082;Lirio;E608;018;PV
2025;BZ;021;021011;B160;Bressanone/Brixen;Brixen;CE;12/07/2025;021111;Varna/Vahrn;L687;021;BZ
2025;BZ;021;021111;L687;Varna/Vahrn;Vahrn;AQ;12/07/2025;021011;Bressanone/Brixen;B160;021;BZ
2024;MI;215;015125;E639;Locate di Triulzi;;CE;10/12/2024;015173;Pieve Emanuele;G634;215;MI
2024;MI;215;015125;E639;Locate di Triulzi;;AQ;10/12/2024;015173;Pieve Emanuele;G634;215;MI
2024;MI;215;015173;G634;Pieve Emanuele;;CE;10/12/2024;015125;Locate di Triulzi;E639;215;MI
2024;MI;215;015173;G634;Pieve Emanuele;;AQ;10/12/2024;015125;Locate di Triulzi;E639;215;MI
2024;BG;016;016024;A794;Bergamo;;CE;18/04/2024;016150;Orio al Serio;G108;016;BG
2024;BG;016;016150;G108;Orio al Serio;;AQ;18/04/2024;016024;Bergamo;A794;016;BG
2024;SA;065;065088;G230;Pagani;;AQ;19/02/2024;065130;Sant'Egidio del Monte Albino;I317;065;SA
2024;SA;065;065130;I317;Sant'Egidio del Monte Albino;;CE;19/02/2024;065088;Pagani;G230;065;SA
2024;MN;020;020003;A575;Bagnolo San Vito;;AQ;17/02/2024;020071;Borgo Virgilio;M340;020;MN
2024;MN;020;020071;M340;Borgo Virgilio;;CE;17/02/2024;020003;Bagnolo San Vito;A575;020;MN
2024;VI;024;024007;A444;Arsiero;;CE;03/02/2024;024049;Laghi;E403;024;VI
2024;VI;024;024007;A444;Arsiero;;AQ;03/02/2024;024049;Laghi;E403;024;VI
2024;VI;024;024049;E403;Laghi;;AQ;03/02/2024;024007;Arsiero;A444;024;VI
2024;VI;024;024049;E403;Laghi;;CE;03/02/2024;024007;Arsiero;A444;024;VI
2023;PV;018;018026;B567;Campospinoso Albaredo;;AQES;18/11/2023;018002;Albaredo Arnaboldi;A134;018;PV
2022;TA;073;073022;H090;Pulsano;;AQ;23/11/2022;073027;Taranto;L049;073;TA
2022;TA;073;073027;L049;Taranto;;CE;23/11/2022;073022;Pulsano;H090;073;TA
2021;AO;007;007029;D839;Gaby;;AQ;17/03/2021;007036;Issime;E369;007;AO
2021;AO;007;007029;D839;Gaby;;CE;17/03/2021;007036;Issime;E369;007;AO
2021;AO;007;007036;E369;Issime;;CE;17/03/2021;007029;Gaby;D839;007;AO
2021;AO;007;007036;E369;Issime;;AQ;17/03/2021;007029;Gaby;D839;007;AO
2021;TP;081;081021;L331;Trapani;;CECS;20/02/2021;081025;Misiliscemi;M432;081;TP
2020;PU;041;041044;G479;Pesaro;;AQES;01/07/2020;041032;Monteciccardo;F474;041;PU
2020;OR;095;095067;L393;Tresnuraghes;;CE;13/02/2020;095083;Magomadas;E825;095;OR
2020;OR;095;095067;L393;Tresnuraghes;;AQ;13/02/2020;095083;Magomadas;E825;095;OR
2020;OR;095;095083;E825;Magomadas;;CE;13/02/2020;095067;Tresnuraghes;L393;095;OR
2020;OR;095;095083;E825;Magomadas;;AQ;13/02/2020;095067;Tresnuraghes;L393;095;OR
2020;LO;098;098010;B910;Casalpusterlengo;;CE;05/02/2020;098054;Somaglia;I815;098;LO
2020;LO;098;098054;I815;Somaglia;;AQ;05/02/2020;098010;Casalpusterlengo;B910;098;LO
2020;AO;007;007031;E165;Gressan;;CE;14/01/2020;007066;Sarre;I442;007;AO
2020;AO;007;007066;I442;Sarre;;AQ;14/01/2020;007031;Gressan;E165;007;AO
2020;AG;084;084001;A089;Agrigento;;CE;04/01/2020;084017;Favara;D514;084;AG
2020;AG;084;084001;A089;Agrigento;;AQ;04/01/2020;084017;Favara;D514;084;AG
2020;AG;084;084003;A351;Aragona;;AQ;04/01/2020;084017;Favara;D514;084;AG
2020;AG;084;084003;A351;Aragona;;CE;04/01/2020;084017;Favara;D514;084;AG
2020;AG;084;084017;D514;Favara;;CE;04/01/2020;084001;Agrigento;A089;084;AG
2020;AG;084;084017;D514;Favara;;AQ;04/01/2020;084001;Agrigento;A089;084;AG
2020;AG;084;084017;D514;Favara;;CE;04/01/2020;084003;Aragona;A351;084;AG
2020;AG;084;084017;D514;Favara;;AQ;04/01/2020;084003;Aragona;A351;084;AG
2020;TN;022;022167;I042;San Michele all'Adige;;AQES;01/01/2020;022080;Faedo;D457;022;TN
2020;LC;097;097008;A745;Bellano;;AQES;01/01/2020;097085;Vendrogno;L731;097;LC
2019;CR;019;019033;D057;Corte de' Frati;;CE;04/07/2019;019077;Pozzaglio ed Uniti;B914;019;CR
2019;CR;019;019033;D057;Corte de' Frati;;AQ;04/07/2019;019077;Pozzaglio ed Uniti;B914;019;CR
2019;CR;019;019077;B914;Pozzaglio ed Uniti;;CE;04/07/2019;019033;Corte de' Frati;D057;019;CR
2019;CR;019;019077;B914;Pozzaglio ed Uniti;;AQ;04/07/2019;019033;Corte de' Frati;D057;019;CR
2019;VC;002;002002;A119;Alagna Valsesia;;AQES;01/01/2019;002114;Riva Valdobbia;H329;002;VC
2019;CN;004;004034;B285;Busca;;AQES;01/01/2019;004236;Valmala;L636;004;CN
2019;CN;004;004203;H727;Saluzzo;;AQES;01/01/2019;004048;Castellar;C140;004;CN
2019;CN;004;004213;I367;Santo Stefano Belbo;;AQES;01/01/2019;004036;Camo;B489;004;CN
2019;CR;019;019107;L258;Torre de' Picenardi;;AQES;01/01/2019;019008;Ca' d'Andrea;B320;019;CR
2019;MN;020;020057;H883;San Giorgio Bigarello;;AQES;01/01/2019;020004;Bigarello;A866;020;MN
2018;OR;095;095067;L393;Tresnuraghes;;AQ;23/03/2018;095083;Magomadas;E825;095;OR
2018;OR;095;095067;L393;Tresnuraghes;;CE;23/03/2018;095083;Magomadas;E825;095;OR
2018;OR;095;095083;E825;Magomadas;;CE;23/03/2018;095067;Tresnuraghes;L393;095;OR
2018;OR;095;095083;E825;Magomadas;;AQ;23/03/2018;095067;Tresnuraghes;L393;095;OR
2018;CT;287;087018;E133;Grammichele;;AQ;17/02/2018;087027;Mineo;F217;287;CT
2018;CT;287;087027;F217;Mineo;;CE;17/02/2018;087018;Grammichele;E133;287;CT
2018;VC;002;002156;L669;Varallo;;AQES;01/01/2018;002123;Sabbia;H648;002;VC
2017;CZ;079;079009;A736;Belcastro;;CE;09/11/2017;079095;Petronà;G518;079;CZ
2017;CZ;079;079095;G518;Petronà;;AQ;09/11/2017;079009;Belcastro;A736;079;CZ
2017;TO;201;001028;A990;Borgaro Torinese;;CECS;18/04/2017;001316;Mappano;M316;201;TO
2017;TO;201;001063;B960;Caselle Torinese;;CECS;18/04/2017;001316;Mappano;M316;201;TO
2017;TO;201;001130;E518;Leini;;CECS;18/04/2017;001316;Mappano;M316;201;TO
2017;TO;201;001265;I703;Settimo Torinese;;CECS;18/04/2017;001316;Mappano;M316;201;TO
2017;OR;095;095067;L393;Tresnuraghes;;CE;31/03/2017;095083;Magomadas;E825;095;OR
2017;OR;095;095067;L393;Tresnuraghes;;AQ;31/03/2017;095083;Magomadas;E825;095;OR
2017;OR;095;095083;E825;Magomadas;;AQ;31/03/2017;095067;Tresnuraghes;L393;095;OR
2017;OR;095;095083;E825;Magomadas;;CE;31/03/2017;095067;Tresnuraghes;L393;095;OR
2017;BZ;021;021022;C652;Chiusa/Klausen;Klausen;AQ;15/03/2017;021114;Villandro/Villanders;L971;021;BZ
2017;BZ;021;021022;C652;Chiusa/Klausen;Klausen;CE;15/03/2017;021114;Villandro/Villanders;L971;021;BZ
2017;BZ;021;021114;L971;Villandro/Villanders;Villanders;CE;15/03/2017;021022;Chiusa/Klausen;C652;021;BZ
2017;BZ;021;021114;L971;Villandro/Villanders;Villanders;AQ;15/03/2017;021022;Chiusa/Klausen;C652;021;BZ
2017;MI;215;015009;A389;Arese;;CE;11/03/2017;015027;Bollate;A940;215;MI
2017;MI;215;015009;A389;Arese;;AQ;11/03/2017;015027;Bollate;A940;215;MI
2017;MI;215;015027;A940;Bollate;;CE;11/03/2017;015009;Arese;A389;215;MI
2017;MI;215;015027;A940;Bollate;;AQ;11/03/2017;015009;Arese;A389;215;MI
2017;MN;020;020061;I632;Sermide e Felonica;;AQES;01/03/2017;020023;Felonica;D529;020;MN
2017;CO;013;013206;H840;San Fermo della Battaglia;;AQES;01/01/2017;013061;Cavallasca;C374;013;CO
2017;MC;043;043017;D564;Fiastra;;AQES;01/01/2017;043001;Acquacanina;A031;043;MC
2017;BI;096;096042;G521;Pettinengo;;AQES;01/01/2017;096061;Selve Marcone;I596;096;BI
2016;CB;070;070002;A616;Baranello;;AQ;17/12/2016;070020;Colle d'Anchise;C854;070;CB
2016;CB;070;070002;A616;Baranello;;CE;17/12/2016;070020;Colle d'Anchise;C854;070;CB
2016;CB;070;070020;C854;Colle d'Anchise;;AQ;17/12/2016;070002;Baranello;A616;070;CB
2016;CB;070;070020;C854;Colle d'Anchise;;CE;17/12/2016;070002;Baranello;A616;070;CB
2016;TN;022;022240;M354;Castel Ivano;;AQES;01/07/2016;022099;Ivano-Fracena;E378;022;TN
2016;BS;017;017018;A861;Bienno;;AQES;23/04/2016;017154;Prestine;H050;017;BS
2016;PA;082;082045;E541;Lercara Friddi;;AQ;15/04/2016;082078;Vicari;L837;082;PA
2016;PA;082;082078;L837;Vicari;;CE;15/04/2016;082045;Lercara Friddi;E541;082;PA
2015;SO;014;014032;E090;Gordona;;AQES;25/11/2015;014042;Menarola;F121;014;SO
2014;PU;041;041013;D488;Fano;;CE;18/07/2014;041029;Mondolfo;F348;041;PU
2014;PU;041;041029;F348;Mondolfo;;AQ;18/07/2014;041013;Fano;D488;041;PU
2014;UD;030;030010;A810;Bertiolo;;AQ;19/06/2014;030048;Lestizza;E553;030;UD
2014;UD;030;030010;A810;Bertiolo;;CE;19/06/2014;030048;Lestizza;E553;030;UD
2014;UD;030;030048;E553;Lestizza;;AQ;19/06/2014;030010;Bertiolo;A810;030;UD
2014;UD;030;030048;E553;Lestizza;;CE;19/06/2014;030010;Bertiolo;A810;030;UD
2014;UD;030;030031;D085;Coseano;;AQ;20/02/2014;030058;Mereto di Tomba;F144;030;UD
2014;UD;030;030031;D085;Coseano;;AQ;20/02/2014;030039;Flaibano;D630;030;UD
2014;UD;030;030031;D085;Coseano;;CE;20/02/2014;030032;Dignano;D300;030;UD
2014;UD;030;030031;D085;Coseano;;AQ;20/02/2014;030032;Dignano;D300;030;UD
2014;UD;030;030031;D085;Coseano;;CE;20/02/2014;030058;Mereto di Tomba;F144;030;UD
2014;UD;030;030031;D085;Coseano;;CE;20/02/2014;030039;Flaibano;D630;030;UD
2014;UD;030;030032;D300;Dignano;;CE;20/02/2014;030031;Coseano;D085;030;UD
2014;UD;030;030032;D300;Dignano;;CE;20/02/2014;030039;Flaibano;D630;030;UD
2014;UD;030;030032;D300;Dignano;;AQ;20/02/2014;030031;Coseano;D085;030;UD
2014;UD;030;030032;D300;Dignano;;AQ;20/02/2014;030039;Flaibano;D630;030;UD
2014;UD;030;030039;D630;Flaibano;;AQ;20/02/2014;030109;Sedegliano;I562;030;UD
2014;UD;030;030039;D630;Flaibano;;AQ;20/02/2014;030031;Coseano;D085;030;UD
2014;UD;030;030039;D630;Flaibano;;AQ;20/02/2014;030032;Dignano;D300;030;UD
2014;UD;030;030039;D630;Flaibano;;CE;20/02/2014;030031;Coseano;D085;030;UD
2014;UD;030;030039;D630;Flaibano;;CE;20/02/2014;030032;Dignano;D300;030;UD
2014;UD;030;030039;D630;Flaibano;;CE;20/02/2014;030109;Sedegliano;I562;030;UD
2014;UD;030;030058;F144;Mereto di Tomba;;CE;20/02/2014;030031;Coseano;D085;030;UD
2014;UD;030;030058;F144;Mereto di Tomba;;AQ;20/02/2014;030031;Coseano;D085;030;UD
2014;UD;030;030109;I562;Sedegliano;;CE;20/02/2014;030039;Flaibano;D630;030;UD
2014;UD;030;030109;I562;Sedegliano;;AQ;20/02/2014;030039;Flaibano;D630;030;UD
2013;CO;013;013036;B346;Cadorago;;AQ;12/11/2013;013102;Fino Mornasco;D605;013;CO
2013;CO;013;013036;B346;Cadorago;;CE;12/11/2013;013102;Fino Mornasco;D605;013;CO
2013;CO;013;013102;D605;Fino Mornasco;;AQ;12/11/2013;013036;Cadorago;B346;013;CO
2013;CO;013;013102;D605;Fino Mornasco;;CE;12/11/2013;013036;Cadorago;B346;013;CO
2013;CO;013;013138;E753;Lurate Caccivio;;AQ;12/11/2013;013245;Villa Guardia;L956;013;CO
2013;CO;013;013245;L956;Villa Guardia;;CE;12/11/2013;013138;Lurate Caccivio;E753;013;CO
2013;BZ;021;021011;B160;Bressanone/Brixen;Brixen;CE;17/05/2013;021111;Varna/Vahrn;L687;021;BZ
2013;BZ;021;021111;L687;Varna/Vahrn;Vahrn;AQ;17/05/2013;021011;Bressanone/Brixen;B160;021;BZ
2013;TN;022;022025;B153;Brentonico;;AQ;05/02/2013;022123;Mori;F728;022;TN
2013;TN;022;022123;F728;Mori;;CE;05/02/2013;022025;Brentonico;B153;022;TN
2012;UD;030;030009;A700;Basiliano;;CE;19/07/2012;030027;Codroipo;C817;030;UD
2012;UD;030;030009;A700;Basiliano;;AQ;19/07/2012;030058;Mereto di Tomba;F144;030;UD
2012;UD;030;030027;C817;Codroipo;;CE;19/07/2012;030058;Mereto di Tomba;F144;030;UD
2012;UD;030;030027;C817;Codroipo;;AQ;19/07/2012;030009;Basiliano;A700;030;UD
2012;UD;030;030058;F144;Mereto di Tomba;;CE;19/07/2012;030009;Basiliano;A700;030;UD
2012;UD;030;030058;F144;Mereto di Tomba;;AQ;19/07/2012;030027;Codroipo;C817;030;UD
2012;UD;030;030098;H629;Ruda;;CE;21/06/2012;030134;Villa Vicentina;M034;030;UD
2012;UD;030;030134;M034;Villa Vicentina;;AQ;21/06/2012;030098;Ruda;H629;030;UD
2011;LE;075;075035;E506;Lecce;;AQ;02/12/2011;075079;Squinzano;I930;075;LE
2011;LE;075;075035;E506;Lecce;;CE;02/12/2011;075079;Squinzano;I930;075;LE
2011;LE;075;075035;E506;Lecce;;CE;02/12/2011;075087;Trepuzzi;L383;075;LE
2011;LE;075;075035;E506;Lecce;;AQ;02/12/2011;075087;Trepuzzi;L383;075;LE
2011;LE;075;075079;I930;Squinzano;;CE;02/12/2011;075035;Lecce;E506;075;LE
2011;LE;075;075079;I930;Squinzano;;AQ;02/12/2011;075035;Lecce;E506;075;LE
2011;LE;075;075087;L383;Trepuzzi;;CE;02/12/2011;075035;Lecce;E506;075;LE
2011;LE;075;075087;L383;Trepuzzi;;AQ;02/12/2011;075035;Lecce;E506;075;LE
2011;UD;030;030024;C641;Chiopris-Viscone;;AQ;20/10/2011;030101;San Giovanni al Natisone;H906;030;UD
2011;UD;030;030101;H906;San Giovanni al Natisone;;CE;20/10/2011;030024;Chiopris-Viscone;C641;030;UD
2011;UD;030;030070;G284;Palmanova;;CE;15/09/2011;030135;Visco;M073;030;UD
2011;UD;030;030135;M073;Visco;;AQ;15/09/2011;030070;Palmanova;G284;030;UD
2011;BG;016;016037;B137;Brembate;;AQ;01/09/2011;016051;Capriate San Gervasio;B703;016;BG
2011;BG;016;016037;B137;Brembate;;CE;01/09/2011;016051;Capriate San Gervasio;B703;016;BG
2011;BG;016;016051;B703;Capriate San Gervasio;;CE;01/09/2011;016037;Brembate;B137;016;BG
2011;BG;016;016051;B703;Capriate San Gervasio;;AQ;01/09/2011;016037;Brembate;B137;016;BG
2011;PA;082;082040;E074;Godrano;;AQ;12/08/2011;082046;Marineo;E957;082;PA
2011;PA;082;082046;E957;Marineo;;CE;12/08/2011;082040;Godrano;E074;082;PA
2011;PA;082;082070;L112;Termini Imerese;;CE;12/08/2011;082073;Trabia;L317;082;PA
2011;PA;082;082070;L112;Termini Imerese;;AQ;12/08/2011;082073;Trabia;L317;082;PA
2011;PA;082;082073;L317;Trabia;;AQ;12/08/2011;082070;Termini Imerese;L112;082;PA
2011;PA;082;082073;L317;Trabia;;CE;12/08/2011;082070;Termini Imerese;L112;082;PA
2011;BZ;021;021058;F949;Nova Levante/Welschnofen;Welschnofen;CE;16/05/2011;021059;Nova Ponente/Deutschnofen;F950;021;BZ
2011;BZ;021;021059;F950;Nova Ponente/Deutschnofen;Deutschnofen;AQ;16/05/2011;021058;Nova Levante/Welschnofen;F949;021;BZ
2011;NU;091;091073;G929;Posada;;CE;13/02/2011;104009;Budoni;B248;104;OT
2011;NU;091;091073;G929;Posada;;AQ;13/02/2011;104009;Budoni;B248;104;OT
2011;OR;095;095006;A357;Arborea;;AQ;13/02/2011;095065;Terralba;L122;095;OR
2011;OR;095;095006;A357;Arborea;;CE;13/02/2011;095065;Terralba;L122;095;OR
2011;OR;095;095065;L122;Terralba;;CE;13/02/2011;095006;Arborea;A357;095;OR
2011;OR;095;095065;L122;Terralba;;AQ;13/02/2011;095006;Arborea;A357;095;OR
2011;OT;104;104009;B248;Budoni;;CE;13/02/2011;091073;Posada;G929;091;NU
2011;OT;104;104009;B248;Budoni;;AQ;13/02/2011;104023;San Teodoro;I329;104;OT
2011;OT;104;104009;B248;Budoni;;AQ;13/02/2011;091073;Posada;G929;091;NU
2011;OT;104;104009;B248;Budoni;;CE;13/02/2011;104023;San Teodoro;I329;104;OT
2011;OT;104;104023;I329;San Teodoro;;AQ;13/02/2011;104009;Budoni;B248;104;OT
2011;OT;104;104023;I329;San Teodoro;;CE;13/02/2011;104009;Budoni;B248;104;OT
2010;AN;042;042018;D472;Falconara Marittima;;CE;02/03/2010;042027;Montemarciano;F560;042;AN
2010;AN;042;042027;F560;Montemarciano;;AQ;02/03/2010;042018;Falconara Marittima;D472;042;AN
2010;MI;015;015185;H470;Rodano;;CE;27/02/2010;015237;Vignate;L883;015;MI
2010;MI;015;015237;L883;Vignate;;AQ;27/02/2010;015185;Rodano;H470;015;MI
2010;BG;016;016024;A794;Bergamo;;CE;13/02/2010;016150;Orio al Serio;G108;016;BG
2010;BG;016;016150;G108;Orio al Serio;;AQ;13/02/2010;016024;Bergamo;A794;016;BG
2009;CO;013;013029;B144;Brenna;;CE;23/08/2009;013048;Carugo;B851;013;CO
2009;CO;013;013029;B144;Brenna;;AQ;23/08/2009;013048;Carugo;B851;013;CO
2009;CO;013;013048;B851;Carugo;;AQ;23/08/2009;013029;Brenna;B144;013;CO
2009;CO;013;013048;B851;Carugo;;CE;23/08/2009;013029;Brenna;B144;013;CO
2009;PN;093;093011;C217;Castelnovo del Friuli;;CE;16/04/2009;093016;Clauzetto;C791;093;PN
2009;PN;093;093016;C791;Clauzetto;;AQ;16/04/2009;093011;Castelnovo del Friuli;C217;093;PN
2009;CS;078;078030;C301;Castiglione Cosentino;;AQ;02/04/2009;078102;Rende;H235;078;CS
2009;CS;078;078102;H235;Rende;;CE;02/04/2009;078030;Castiglione Cosentino;C301;078;CS
2008;TN;022;022037;B525;Campodenno;;CE;15/10/2008;022074;Denno;D273;022;TN
2008;TN;022;022074;D273;Denno;;AQ;15/10/2008;022037;Campodenno;B525;022;TN
2008;PV;018;018008;A634;Barbianello;;CE;16/08/2008;018026;Campospinoso;B567;018;PV
2008;PV;018;018026;B567;Campospinoso;;AQ;16/08/2008;018008;Barbianello;A634;018;PV
2008;PA;082;082007;A592;Balestrate;;AQ;24/05/2008;082054;Partinico;G348;082;PA
2008;PA;082;082018;B535;Campofiorito;;AQ;24/05/2008;082034;Corleone;D009;082;PA
2008;PA;082;082018;B535;Campofiorito;;CE;24/05/2008;082034;Corleone;D009;082;PA
2008;PA;082;082034;D009;Corleone;;CE;24/05/2008;082018;Campofiorito;B535;082;PA
2008;PA;082;082034;D009;Corleone;;AQ;24/05/2008;082018;Campofiorito;B535;082;PA
2008;PA;082;082054;G348;Partinico;;CE;24/05/2008;082007;Balestrate;A592;082;PA
2008;AL;006;006009;A436;Arquata Scrivia;;AQ;01/01/2008;006081;Gavi;D944;006;AL
2008;AL;006;006081;D944;Gavi;;CE;01/01/2008;006009;Arquata Scrivia;A436;006;AL
2007;PO;100;100001;B626;Cantagallo;;AQ;15/11/2007;100006;Vaiano;L537;100;PO
2007;PO;100;100006;L537;Vaiano;;CE;15/11/2007;100001;Cantagallo;B626;100;PO
2007;UD;030;030010;A810;Bertiolo;;CE;08/11/2007;030048;Lestizza;E553;030;UD
2007;UD;030;030010;A810;Bertiolo;;AQ;08/11/2007;030048;Lestizza;E553;030;UD
2007;UD;030;030048;E553;Lestizza;;CE;08/11/2007;030010;Bertiolo;A810;030;UD
2007;UD;030;030048;E553;Lestizza;;AQ;08/11/2007;030010;Bertiolo;A810;030;UD
2007;VR;023;023004;A374;Arcole;;AQ;01/08/2007;023098;Zimella;M178;023;VR
2007;VR;023;023004;A374;Arcole;;CE;01/08/2007;023098;Zimella;M178;023;VR
2007;VR;023;023098;M178;Zimella;;CE;01/08/2007;023004;Arcole;A374;023;VR
2007;VR;023;023098;M178;Zimella;;AQ;01/08/2007;023004;Arcole;A374;023;VR
2007;PI;050;050004;B392;Calcinaia;;AQ;26/04/2007;050029;Pontedera;G843;050;PI
2007;PI;050;050004;B392;Calcinaia;;CE;26/04/2007;050029;Pontedera;G843;050;PI
2007;PI;050;050029;G843;Pontedera;;AQ;26/04/2007;050004;Calcinaia;B392;050;PI
2007;PI;050;050029;G843;Pontedera;;CE;26/04/2007;050004;Calcinaia;B392;050;PI
2007;LE;075;075020;C377;Cavallino;;CE;12/01/2007;075038;Lizzanello;E629;075;LE
2007;LE;075;075020;C377;Cavallino;;AQ;12/01/2007;075038;Lizzanello;E629;075;LE
2007;LE;075;075038;E629;Lizzanello;;AQ;12/01/2007;075020;Cavallino;C377;075;LE
2007;LE;075;075038;E629;Lizzanello;;CE;12/01/2007;075020;Cavallino;C377;075;LE
2006;BG;016;016093;D406;Endine Gaiano;;CE;30/12/2006;016204;Sovere;I873;016;BG
2006;BG;016;016093;D406;Endine Gaiano;;AQ;30/12/2006;016204;Sovere;I873;016;BG
2006;BG;016;016204;I873;Sovere;;AQ;30/12/2006;016093;Endine Gaiano;D406;016;BG
2006;BG;016;016204;I873;Sovere;;CE;30/12/2006;016093;Endine Gaiano;D406;016;BG
2006;UD;030;030031;D085;Coseano;;CE;30/11/2006;030095;Rive d'Arcano;H347;030;UD
2006;UD;030;030031;D085;Coseano;;AQ;30/11/2006;030095;Rive d'Arcano;H347;030;UD
2006;UD;030;030083;H029;Premariacco;;AQ;30/11/2006;030091;Remanzacco;H229;030;UD
2006;UD;030;030083;H029;Premariacco;;CE;30/11/2006;030091;Remanzacco;H229;030;UD
2006;UD;030;030091;H229;Remanzacco;;CE;30/11/2006;030083;Premariacco;H029;030;UD
2006;UD;030;030091;H229;Remanzacco;;AQ;30/11/2006;030083;Premariacco;H029;030;UD
2006;UD;030;030095;H347;Rive d'Arcano;;CE;30/11/2006;030031;Coseano;D085;030;UD
2006;UD;030;030095;H347;Rive d'Arcano;;AQ;30/11/2006;030031;Coseano;D085;030;UD
2006;SO;014;014001;A135;Albaredo per San Marco;;AQ;09/08/2006;014045;Morbegno;F712;014;SO
2006;SO;014;014045;F712;Morbegno;;CE;09/08/2006;014001;Albaredo per San Marco;A135;014;SO
2006;UD;030;030011;A855;Bicinicco;;CE;20/07/2006;030074;Pavia di Udine;G389;030;UD
2006;UD;030;030011;A855;Bicinicco;;AQ;20/07/2006;030074;Pavia di Udine;G389;030;UD
2006;UD;030;030011;A855;Bicinicco;;CE;20/07/2006;030062;Mortegliano;F756;030;UD
2006;UD;030;030011;A855;Bicinicco;;AQ;20/07/2006;030062;Mortegliano;F756;030;UD
2006;UD;030;030062;F756;Mortegliano;;AQ;20/07/2006;030011;Bicinicco;A855;030;UD
2006;UD;030;030062;F756;Mortegliano;;AQ;20/07/2006;030074;Pavia di Udine;G389;030;UD
2006;UD;030;030062;F756;Mortegliano;;CE;20/07/2006;030011;Bicinicco;A855;030;UD
2006;UD;030;030062;F756;Mortegliano;;CE;20/07/2006;030074;Pavia di Udine;G389;030;UD
2006;UD;030;030074;G389;Pavia di Udine;;AQ;20/07/2006;030011;Bicinicco;A855;030;UD
2006;UD;030;030074;G389;Pavia di Udine;;CE;20/07/2006;030062;Mortegliano;F756;030;UD
2006;UD;030;030074;G389;Pavia di Udine;;CE;20/07/2006;030011;Bicinicco;A855;030;UD
2006;UD;030;030074;G389;Pavia di Udine;;AQ;20/07/2006;030062;Mortegliano;F756;030;UD
2006;PE;068;068028;G482;Pescara;;CE;13/07/2006;068041;Spoltore;I922;068;PE
2006;PE;068;068041;I922;Spoltore;;AQ;13/07/2006;068028;Pescara;G482;068;PE
2006;PV;018;018011;A712;Bastida Pancarana;;CE;12/05/2006;018038;Castelletto di Branduzzo;C157;018;PV
2006;PV;018;018011;A712;Bastida Pancarana;;AQ;12/05/2006;018038;Castelletto di Branduzzo;C157;018;PV
2006;PV;018;018038;C157;Castelletto di Branduzzo;;AQ;12/05/2006;018011;Bastida Pancarana;A712;018;PV
2006;PV;018;018038;C157;Castelletto di Branduzzo;;CE;12/05/2006;018011;Bastida Pancarana;A712;018;PV
2006;TA;073;073023;H409;Roccaforzata;;AQ;10/03/2006;073027;Taranto;L049;073;TA
2006;TA;073;073023;H409;Roccaforzata;;CE;10/03/2006;073027;Taranto;L049;073;TA
2006;TA;073;073027;L049;Taranto;;AQ;10/03/2006;073023;Roccaforzata;H409;073;TA
2006;TA;073;073027;L049;Taranto;;CE;10/03/2006;073023;Roccaforzata;H409;073;TA
2006;BG;016;016086;D117;Costa Volpino;;CE;04/03/2006;016128;Lovere;E704;016;BG
2006;BG;016;016128;E704;Lovere;;AQ;04/03/2006;016086;Costa Volpino;D117;016;BG
2006;UD;030;030017;B545;Campolongo al Torre;;CE;09/02/2006;030115;Tapogliano;L044;030;UD
2006;UD;030;030115;L044;Tapogliano;;AQ;09/02/2006;030017;Campolongo al Torre;B545;030;UD
2006;MS;045;045004;B979;Casola in Lunigiana;;CE;07/01/2006;045007;Fivizzano;D629;045;MS
2006;MS;045;045007;D629;Fivizzano;;AQ;07/01/2006;045004;Casola in Lunigiana;B979;045;MS
2005;BZ;021;021029;D392;Egna/Neumarkt;Neumarkt;AQ;04/05/2005;021053;Montagna/Montan;F392;021;BZ
2005;BZ;021;021053;F392;Montagna/Montan;Montan;CE;04/05/2005;021029;Egna/Neumarkt;D392;021;BZ
2005;MI;015;015134;E921;Marcallo con Casone;;AQ;19/02/2005;015164;Ossona;G181;015;MI
2005;MI;015;015164;G181;Ossona;;CE;19/02/2005;015134;Marcallo con Casone;E921;015;MI
2005;PV;018;018110;G388;Pavia;;CE;19/02/2005;018135;San Genesio ed Uniti;H859;018;PV
2005;PV;018;018135;H859;San Genesio ed Uniti;;AQ;19/02/2005;018110;Pavia;G388;018;PV
2005;PV;018;018023;B159;Bressana Bottarone;;CE;08/01/2005;018119;Rea;H204;018;PV
2005;PV;018;018119;H204;Rea;;AQ;08/01/2005;018023;Bressana Bottarone;B159;018;PV
2004;BO;037;037040;F363;Monghidoro;;AQ;26/10/2004;037051;San Benedetto Val di Sambro;G566;037;BO
2004;BO;037;037040;F363;Monghidoro;;CE;26/10/2004;037051;San Benedetto Val di Sambro;G566;037;BO
2004;BO;037;037051;G566;San Benedetto Val di Sambro;;CE;26/10/2004;037040;Monghidoro;F363;037;BO
2004;BO;037;037051;G566;San Benedetto Val di Sambro;;AQ;26/10/2004;037040;Monghidoro;F363;037;BO
2004;PV;018;018119;H204;Rea;;CE;28/08/2004;018162;Travacò Siccomario;I236;018;PV
2004;PV;018;018162;I236;Travacò Siccomario;;AQ;28/08/2004;018119;Rea;H204;018;PV
2004;BO;037;037009;B399;Calderara di Reno;;AQ;01/07/2004;037050;Sala Bolognese;H678;037;BO
2004;BO;037;037009;B399;Calderara di Reno;;CE;01/07/2004;037050;Sala Bolognese;H678;037;BO
2004;BO;037;037050;H678;Sala Bolognese;;AQ;01/07/2004;037009;Calderara di Reno;B399;037;BO
2004;BO;037;037050;H678;Sala Bolognese;;CE;01/07/2004;037009;Calderara di Reno;B399;037;BO
2004;MI;015;015027;A940;Bollate;;CECS;08/06/2004;015250;Baranzate;A618;015;MI
2004;LC;097;097009;B081;Bosisio Parini;;AQ;08/06/2004;097021;Cesana Brianza;C563;097;LC
2004;LC;097;097021;C563;Cesana Brianza;;CE;08/06/2004;097009;Bosisio Parini;B081;097;LC
2004;LO;098;098018;C555;Cervignano d'Adda;;AQ;08/06/2004;098041;Mulazzano;F801;098;LO
2004;LO;098;098018;C555;Cervignano d'Adda;;CE;08/06/2004;098041;Mulazzano;F801;098;LO
2004;LO;098;098041;F801;Mulazzano;;AQ;08/06/2004;098018;Cervignano d'Adda;C555;098;LO
2004;LO;098;098041;F801;Mulazzano;;CE;08/06/2004;098018;Cervignano d'Adda;C555;098;LO
2004;FG;071;071036;G131;Orta Nova;;AQ;04/06/2004;071063;Ordona;M266;071;FG
2004;FG;071;071036;G131;Orta Nova;;CE;04/06/2004;071063;Ordona;M266;071;FG
2004;FG;071;071063;M266;Ordona;;AQ;04/06/2004;071036;Orta Nova;G131;071;FG
2004;FG;071;071063;M266;Ordona;;CE;04/06/2004;071036;Orta Nova;G131;071;FG
2004;LE;075;075029;D862;Galatina;;CE;12/05/2004;075075;Sogliano Cavour;I780;075;LE
2004;LE;075;075029;D862;Galatina;;AQ;12/05/2004;075075;Sogliano Cavour;I780;075;LE
2004;LE;075;075075;I780;Sogliano Cavour;;CE;12/05/2004;075029;Galatina;D862;075;LE
2004;LE;075;075075;I780;Sogliano Cavour;;AQ;12/05/2004;075029;Galatina;D862;075;LE
2004;MI;015;015117;E504;Lazzate;;CE;10/04/2004;015119;Lentate sul Seveso;E530;015;MI
2004;MI;015;015119;E530;Lentate sul Seveso;;AQ;10/04/2004;015117;Lazzate;E504;015;MI
2004;UD;030;030052;E820;Magnano in Riviera;;AQ;01/04/2004;030116;Tarcento;L050;030;UD
2004;UD;030;030052;E820;Magnano in Riviera;;CE;01/04/2004;030116;Tarcento;L050;030;UD
2004;UD;030;030116;L050;Tarcento;;CE;01/04/2004;030052;Magnano in Riviera;E820;030;UD
2004;UD;030;030116;L050;Tarcento;;AQ;01/04/2004;030052;Magnano in Riviera;E820;030;UD
2003;FG;071;071036;G131;Orta Nova;;CE;03/10/2003;071063;Ordona;M266;071;FG
2003;FG;071;071063;M266;Ordona;;AQ;03/10/2003;071036;Orta Nova;G131;071;FG
2003;PN;093;093022;D670;Fontanafredda;;CE;17/04/2003;093036;Roveredo in Piano;H609;093;PN
2003;PN;093;093036;H609;Roveredo in Piano;;AQ;17/04/2003;093022;Fontanafredda;D670;093;PN
2003;MI;015;015027;A940;Bollate;;AQES;06/03/2003;015250;Baranzate;A618;015;MI
2002;MI;015;015010;A413;Arluno;;AQ;26/10/2002;015204;Sedriano;I566;015;MI
2002;MI;015;015204;I566;Sedriano;;CE;26/10/2002;015010;Arluno;A413;015;MI
2002;BG;016;016039;B140;Brembilla;;CE;26/10/2002;016196;Sedrina;I567;016;BG
2002;BG;016;016196;I567;Sedrina;;AQ;26/10/2002;016039;Brembilla;B140;016;BG
2002;BG;016;016196;I567;Sedrina;;AQ;26/10/2002;016246;Zogno;M184;016;BG
2002;BG;016;016246;M184;Zogno;;CE;26/10/2002;016196;Sedrina;I567;016;BG
2002;BS;017;017001;A034;Acquafredda;;AQ;26/10/2002;017160;Remedello;H230;017;BS
2002;BS;017;017040;C055;Castegnato;;AQ;26/10/2002;017163;Rodengo Saiano;H477;017;BS
2002;BS;017;017160;H230;Remedello;;CE;26/10/2002;017001;Acquafredda;A034;017;BS
2002;BS;017;017163;H477;Rodengo Saiano;;CE;26/10/2002;017040;Castegnato;C055;017;BS
2002;PV;018;018053;C979;Copiano;;AQ;26/10/2002;018181;Vistarino;M079;018;PV
2002;PV;018;018053;C979;Copiano;;CE;26/10/2002;018181;Vistarino;M079;018;PV
2002;PV;018;018181;M079;Vistarino;;CE;26/10/2002;018053;Copiano;C979;018;PV
2002;PV;018;018181;M079;Vistarino;;AQ;26/10/2002;018053;Copiano;C979;018;PV
2001;MI;015;015027;A940;Bollate;;CECS;12/12/2001;015250;Baranzate;A618;015;MI
2001;RM;058;058047;E263;Guidonia Montecelio;;CECS;15/10/2001;058122;Fonte Nuova;M309;058;RM
2001;RM;058;058059;F127;Mentana;;CECS;15/10/2001;058122;Fonte Nuova;M309;058;RM
2000;VR;023;023012;B107;Bovolone;;CE;16/07/2000;023040;Isola della Scala;E349;023;VR
2000;VR;023;023012;B107;Bovolone;;CE;16/07/2000;023055;Oppeano;G080;023;VR
2000;VR;023;023040;E349;Isola della Scala;;AQ;16/07/2000;023012;Bovolone;B107;023;VR
2000;VR;023;023055;G080;Oppeano;;AQ;16/07/2000;023012;Bovolone;B107;023;VR
2000;BS;017;017046;C408;Cazzago San Martino;;AQ;14/04/2000;017166;Rovato;H598;017;BS
2000;BS;017;017166;H598;Rovato;;CE;14/04/2000;017046;Cazzago San Martino;C408;017;BS
2000;TA;073;073023;H409;Roccaforzata;;CE;11/02/2000;073027;Taranto;L049;073;TA
2000;TA;073;073023;H409;Roccaforzata;;AQ;11/02/2000;073027;Taranto;L049;073;TA
2000;TA;073;073027;L049;Taranto;;CE;11/02/2000;073023;Roccaforzata;H409;073;TA
2000;TA;073;073027;L049;Taranto;;AQ;11/02/2000;073023;Roccaforzata;H409;073;TA
2000;TO;001;001109;D805;Front;;AQ;01/01/2000;001218;Rivarossa;H344;001;TO
2000;TO;001;001218;H344;Rivarossa;;CE;01/01/2000;001109;Front;D805;001;TO
1999;TN;022;022036;B514;Campitello di Fassa;;CE;08/12/1999;022039;Canazei;B579;022;TN
1999;TN;022;022039;B579;Canazei;;AQ;08/12/1999;022036;Campitello di Fassa;B514;022;TN
1999;GE;010;010043;G646;Pieve Ligure;;CE;16/09/1999;010060;Sori;I852;010;GE
1999;GE;010;010060;I852;Sori;;AQ;16/09/1999;010043;Pieve Ligure;G646;010;GE
1999;SO;014;014005;A382;Ardenno;;CE;27/07/1999;014029;Forcola;D694;014;SO
1999;SO;014;014005;A382;Ardenno;;AQ;27/07/1999;014029;Forcola;D694;014;SO
1999;SO;014;014029;D694;Forcola;;AQ;27/07/1999;014005;Ardenno;A382;014;SO
1999;SO;014;014029;D694;Forcola;;CE;27/07/1999;014005;Ardenno;A382;014;SO
1999;TN;022;022050;C372;Cavalese;;AQ;14/07/1999;022196;Tesero;L147;022;TN
1999;TN;022;022050;C372;Cavalese;;CE;14/07/1999;022196;Tesero;L147;022;TN
1999;TN;022;022196;L147;Tesero;;CE;14/07/1999;022050;Cavalese;C372;022;TN
1999;TN;022;022196;L147;Tesero;;AQ;14/07/1999;022050;Cavalese;C372;022;TN
1999;VE;027;027042;L736;Venezia;;CECS;02/04/1999;027044;Cavallino-Treporti;M308;027;VE
1999;KR;101;101002;B319;Caccuri;;CE;13/01/1999;101006;Cerenzia;C501;101;KR
1999;KR;101;101002;B319;Caccuri;;AQ;13/01/1999;101006;Cerenzia;C501;101;KR
1999;KR;101;101006;C501;Cerenzia;;AQ;13/01/1999;101002;Caccuri;B319;101;KR
1999;KR;101;101006;C501;Cerenzia;;CE;13/01/1999;101002;Caccuri;B319;101;KR
1998;AQ;066;066057;F732;Morino;;CE;09/12/1998;066092;San Vincenzo Valle Roveto;I389;066;AQ
1998;AQ;066;066092;I389;San Vincenzo Valle Roveto;;AQ;09/12/1998;066057;Morino;F732;066;AQ
1998;TN;022;022039;B579;Canazei;;AQ;23/10/1998;025044;Rocca Pietore;H379;025;BL
1998;BL;025;025044;H379;Rocca Pietore;;CE;23/10/1998;022039;Canazei;B579;022;TN
1998;FC;040;040007;C573;Cesena;;AQ;23/05/1998;040015;Gambettola;D899;040;FC
1998;FC;040;040007;C573;Cesena;;CE;23/05/1998;040015;Gambettola;D899;040;FC
1998;FC;040;040015;D899;Gambettola;;CE;23/05/1998;040007;Cesena;C573;040;FC
1998;FC;040;040015;D899;Gambettola;;AQ;23/05/1998;040007;Cesena;C573;040;FC
1998;MI;015;015115;E395;Lacchiarella;;AQ;19/04/1998;018150;Siziano;E265;018;PV
1998;MI;015;015115;E395;Lacchiarella;;CE;19/04/1998;018150;Siziano;E265;018;PV
1998;PV;018;018150;E265;Siziano;;AQ;19/04/1998;015115;Lacchiarella;E395;015;MI
1998;PV;018;018150;E265;Siziano;;CE;19/04/1998;015115;Lacchiarella;E395;015;MI
1997;VA;012;012069;D551;Ferrera di Varese;;AQ;26/07/1997;012100;Masciago Primo;F007;012;VA
1997;VA;012;012100;F007;Masciago Primo;;CE;26/07/1997;012069;Ferrera di Varese;D551;012;VA
1997;MI;015;015007;A375;Arconate;;CE;26/07/1997;015041;Busto Garolfo;B301;015;MI
1997;MI;015;015007;A375;Arconate;;AQ;26/07/1997;015041;Busto Garolfo;B301;015;MI
1997;MI;015;015010;A413;Arluno;;CE;26/07/1997;015200;Santo Stefano Ticino;I361;015;MI
1997;MI;015;015041;B301;Busto Garolfo;;CE;26/07/1997;015007;Arconate;A375;015;MI
1997;MI;015;015041;B301;Busto Garolfo;;AQ;26/07/1997;015007;Arconate;A375;015;MI
1997;MI;015;015146;F205;Milano;;AQ;26/07/1997;015209;Sesto San Giovanni;I690;015;MI
1997;MI;015;015200;I361;Santo Stefano Ticino;;AQ;26/07/1997;015010;Arluno;A413;015;MI
1997;MI;015;015209;I690;Sesto San Giovanni;;CE;26/07/1997;015146;Milano;F205;015;MI
1997;LO;098;098029;E238;Guardamiglio;;AQ;26/07/1997;098054;Somaglia;I815;098;LO
1997;LO;098;098029;E238;Guardamiglio;;CE;26/07/1997;098054;Somaglia;I815;098;LO
1997;LO;098;098054;I815;Somaglia;;AQ;26/07/1997;098029;Guardamiglio;E238;098;LO
1997;LO;098;098054;I815;Somaglia;;CE;26/07/1997;098029;Guardamiglio;E238;098;LO
1997;NU;091;091013;B068;Bosa;;CE;07/02/1997;091049;Montresta;F698;091;NU
1997;NU;091;091049;F698;Montresta;;AQ;07/02/1997;091013;Bosa;B068;091;NU
1996;PD;028;028014;B106;Bovolenta;;CE;07/12/1996;028068;Pontelongo;G850;028;PD
1996;PD;028;028068;G850;Pontelongo;;AQ;07/12/1996;028014;Bovolenta;B106;028;PD
1996;VR;023;023012;B107;Bovolone;;AQ;01/09/1996;023040;Isola della Scala;E349;023;VR
1996;VR;023;023012;B107;Bovolone;;AQ;01/09/1996;023055;Oppeano;G080;023;VR
1996;VR;023;023040;E349;Isola della Scala;;CE;01/09/1996;023012;Bovolone;B107;023;VR
1996;VR;023;023055;G080;Oppeano;;CE;01/09/1996;023012;Bovolone;B107;023;VR
1996;TO;001;001206;G988;Prascorsano;;AQ;01/03/1996;001287;Valperga;L644;001;TO
1996;TO;001;001287;L644;Valperga;;CE;01/03/1996;001206;Prascorsano;G988;001;TO
1996;TN;022;022153;H330;Riva del Garda;;CE;14/02/1996;022191;Tenno;L097;022;TN
1996;TN;022;022191;L097;Tenno;;AQ;14/02/1996;022153;Riva del Garda;H330;022;TN
1996;SS;090;090017;B246;Buddusò;;CECS;24/01/1996;090090;Padru;M301;090;SS
1995;RM;058;058057;E958;Marino;;AQES;21/09/1995;058121;Boville;M299;058;RM
1995;BZ;021;021056;F849;Naturno/Naturns;Naturns;CE;31/08/1995;021064;Plaus/Plaus;G299;021;BZ
1995;BZ;021;021064;G299;Plaus/Plaus;Plaus;AQ;31/08/1995;021056;Naturno/Naturns;F849;021;BZ
1995;MI;015;015015;A699;Basiglio;;CE;05/05/1995;015115;Lacchiarella;E395;015;MI
1995;MI;015;015015;A699;Basiglio;;AQ;05/05/1995;015115;Lacchiarella;E395;015;MI
1995;MI;015;015115;E395;Lacchiarella;;AQ;05/05/1995;015015;Basiglio;A699;015;MI
1995;MI;015;015115;E395;Lacchiarella;;CE;05/05/1995;015015;Basiglio;A699;015;MI
1995;MI;015;015139;F084;Mediglia;;CE;05/05/1995;015171;Peschiera Borromeo;G488;015;MI
1995;MI;015;015139;F084;Mediglia;;AQ;05/05/1995;015171;Peschiera Borromeo;G488;015;MI
1995;MI;015;015171;G488;Peschiera Borromeo;;CE;05/05/1995;015139;Mediglia;F084;015;MI
1995;MI;015;015171;G488;Peschiera Borromeo;;AQ;05/05/1995;015139;Mediglia;F084;015;MI
1995;BS;017;017127;G170;Ospitaletto;;AQ;05/05/1995;017136;Passirano;G361;017;BS
1995;BS;017;017136;G361;Passirano;;CE;05/05/1995;017127;Ospitaletto;G170;017;BS
1994;AL;006;006037;B870;Casal Cermelli;;AQ;14/12/1994;006047;Castellazzo Bormida;C148;006;AL
1994;AL;006;006047;C148;Castellazzo Bormida;;CE;14/12/1994;006037;Casal Cermelli;B870;006;AL
1994;AT;005;005035;C528;Cerreto d'Asti;;AQ;28/07/1994;005086;Piovà Massaia;G692;005;AT
1994;AT;005;005086;G692;Piovà Massaia;;CE;28/07/1994;005035;Cerreto d'Asti;C528;005;AT
1994;FG;071;071030;E946;Margherita di Savoia;;CE;01/01/1994;072007;Barletta;A669;072;BA
1994;FG;071;071030;E946;Margherita di Savoia;;AQ;01/01/1994;072007;Barletta;A669;072;BA
1994;FG;071;071057;B915;Trinitapoli;;CE;01/01/1994;072007;Barletta;A669;072;BA
1994;FG;071;071057;B915;Trinitapoli;;AQ;01/01/1994;072007;Barletta;A669;072;BA
1994;BA;072;072007;A669;Barletta;;CE;01/01/1994;071057;Trinitapoli;B915;071;FG
1994;BA;072;072007;A669;Barletta;;CE;01/01/1994;071030;Margherita di Savoia;E946;071;FG
1994;BA;072;072007;A669;Barletta;;AQ;01/01/1994;071030;Margherita di Savoia;E946;071;FG
1994;BA;072;072007;A669;Barletta;;AQ;01/01/1994;071057;Trinitapoli;B915;071;FG
1994;TA;073;073027;L049;Taranto;;CECS;01/01/1994;073029;Statte;M298;073;TA
1993;RM;058;058057;E958;Marino;;CECS;05/11/1993;058121;Boville;M299;058;RM
1993;PD;028;028011;A714;Battaglia Terme;;AQ;14/07/1993;028061;Pernumia;G461;028;PD
1993;PD;028;028061;G461;Pernumia;;CE;14/07/1993;028011;Battaglia Terme;A714;028;PD
1993;BZ;021;021035;D923;Gargazzone/Gargazon;Gargazon;AQ;14/04/1993;021066;Postal/Burgstall;G936;021;BZ
1993;BZ;021;021066;G936;Postal/Burgstall;Burgstall;CE;14/04/1993;021035;Gargazzone/Gargazon;D923;021;BZ
1992;LT;059;059004;C104;Castelforte;;CE;01/09/1992;059026;Santi Cosma e Damiano;I339;059;LT
1992;LT;059;059026;I339;Santi Cosma e Damiano;;AQ;01/09/1992;059004;Castelforte;C104;059;LT
1992;RM;058;058091;H501;Roma;;CECS;04/04/1992;058120;Fiumicino;M297;058;RM
1992;RE;035;035006;B156;Brescello;;AQ;30/01/1992;035029;Poviglio;G947;035;RE
1992;RE;035;035006;B156;Brescello;;CE;30/01/1992;035029;Poviglio;G947;035;RE
1992;RE;035;035029;G947;Poviglio;;AQ;30/01/1992;035006;Brescello;B156;035;RE
1992;RE;035;035029;G947;Poviglio;;CE;30/01/1992;035006;Brescello;B156;035;RE
1991;CA;092;092009;B354;Cagliari;;CECS;10/12/1991;092109;Monserrato;F383;092;CA
1991;PT;047;047012;G491;Pescia;;CE;15/05/1991;047021;Uzzano;L522;047;PT
1991;PT;047;047021;L522;Uzzano;;AQ;15/05/1991;047012;Pescia;G491;047;PT
1990;PN;093;093038;H891;San Giorgio della Richinvelda;;AQ;29/11/1990;093044;Spilimbergo;I904;093;PN
1990;PN;093;093038;H891;San Giorgio della Richinvelda;;CE;29/11/1990;093044;Spilimbergo;I904;093;PN
1990;PN;093;093044;I904;Spilimbergo;;AQ;29/11/1990;093038;San Giorgio della Richinvelda;H891;093;PN
1990;PN;093;093044;I904;Spilimbergo;;CE;29/11/1990;093038;San Giorgio della Richinvelda;H891;093;PN
1990;BZ;021;021024;D048;Cortaccia sulla strada del vino/Kurtatsch an der Weinstraße;Kurtatsch an der Weinstraße;AQ;28/11/1990;021098;Termeno sulla strada del vino/Tramin an der Weinstraße;L111;021;BZ
1990;BZ;021;021024;D048;Cortaccia sulla strada del vino/Kurtatsch an der Weinstraße;Kurtatsch an der Weinstraße;CE;28/11/1990;021098;Termeno sulla strada del vino/Tramin an der Weinstraße;L111;021;BZ
1990;BZ;021;021098;L111;Termeno sulla strada del vino/Tramin an der Weinstraße;Tramin an der Weinstraße;AQ;28/11/1990;021024;Cortaccia sulla strada del vino/Kurtatsch an der Weinstraße;D048;021;BZ
1990;BZ;021;021098;L111;Termeno sulla strada del vino/Tramin an der Weinstraße;Tramin an der Weinstraße;CE;28/11/1990;021024;Cortaccia sulla strada del vino/Kurtatsch an der Weinstraße;D048;021;BZ
1990;FC;040;040041;I027;San Mauro Pascoli;;AQ;08/11/1990;040045;Savignano sul Rubicone;I472;040;FC
1990;FC;040;040045;I472;Savignano sul Rubicone;;CE;08/11/1990;040041;San Mauro Pascoli;I027;040;FC
1990;RM;058;058114;M141;Zagarolo;;CECS;10/04/1990;058119;San Cesareo;M295;058;RM
1990;RM;058;058029;C552;Cerveteri;;AQ;25/03/1990;058091;Roma;H501;058;RM
1990;RM;058;058091;H501;Roma;;CE;25/03/1990;058029;Cerveteri;C552;058;RM
1990;SA;065;065073;F481;Montecorvino Rovella;;CECS;30/01/1990;065158;Bellizzi;M294;065;SA
1990;CA;092;092009;B354;Cagliari;;CECS;06/01/1990;092108;Elmas;D399;092;CA
1989;LE;075;075063;H147;Racale;;CE;02/12/1989;075085;Taviano;L074;075;LE
1989;LE;075;075085;L074;Taviano;;AQ;02/12/1989;075063;Racale;H147;075;LE
1989;MI;015;015041;B301;Busto Garolfo;;CE;28/09/1989;015248;Villa Cortese;L928;015;MI
1989;MI;015;015041;B301;Busto Garolfo;;AQ;28/09/1989;015248;Villa Cortese;L928;015;MI
1989;MI;015;015248;L928;Villa Cortese;;CE;28/09/1989;015041;Busto Garolfo;B301;015;MI
1989;MI;015;015248;L928;Villa Cortese;;AQ;28/09/1989;015041;Busto Garolfo;B301;015;MI
1989;BZ;021;021015;B397;Caldaro sulla strada del vino/Kaltern an der Weinstraße;Kaltern an der Weinstraße;CE;06/09/1989;022051;Cavareno;C380;022;TN
1989;BZ;021;021015;B397;Caldaro sulla strada del vino/Kaltern an der Weinstraße;Kaltern an der Weinstraße;AQ;06/09/1989;022051;Cavareno;C380;022;TN
1989;TN;022;022051;C380;Cavareno;;CE;06/09/1989;021015;Caldaro sulla strada del vino/Kaltern an der Weinstraße;B397;021;BZ
1989;TN;022;022051;C380;Cavareno;;AQ;06/09/1989;021015;Caldaro sulla strada del vino/Kaltern an der Weinstraße;B397;021;BZ
1989;SR;089;089013;F943;Noto;;AQ;17/08/1989;089015;Palazzolo Acreide;G267;089;SR
1989;SR;089;089015;G267;Palazzolo Acreide;;CE;17/08/1989;089013;Noto;F943;089;SR
1989;MI;015;015041;B301;Busto Garolfo;;CE;27/07/1989;015099;Dairago;D244;015;MI
1989;MI;015;015041;B301;Busto Garolfo;;AQ;27/07/1989;015099;Dairago;D244;015;MI
1989;MI;015;015099;D244;Dairago;;CE;27/07/1989;015041;Busto Garolfo;B301;015;MI
1989;MI;015;015099;D244;Dairago;;AQ;27/07/1989;015041;Busto Garolfo;B301;015;MI
1989;PV;018;018090;F170;Mezzana Bigli;;CE;27/07/1989;018138;Sannazzaro de' Burgondi;I048;018;PV
1989;PV;018;018138;I048;Sannazzaro de' Burgondi;;AQ;27/07/1989;018090;Mezzana Bigli;F170;018;PV
1989;PA;082;082021;B780;Carini;;CE;19/02/1989;082038;Giardinello;E013;082;PA
1989;PA;082;082038;E013;Giardinello;;AQ;19/02/1989;082021;Carini;B780;082;PA
1989;AN;042;042001;A092;Agugliano;;AQ;24/01/1989;042007;Camerata Picena;B470;042;AN
1989;AN;042;042001;A092;Agugliano;;CE;24/01/1989;042007;Camerata Picena;B470;042;AN
1989;AN;042;042007;B470;Camerata Picena;;AQ;24/01/1989;042001;Agugliano;A092;042;AN
1989;AN;042;042007;B470;Camerata Picena;;CE;24/01/1989;042001;Agugliano;A092;042;AN
1989;FE;038;038012;F016;Masi Torello;;CE;14/01/1989;038023;Voghiera;M110;038;FE
1989;FE;038;038012;F016;Masi Torello;;AQ;14/01/1989;038023;Voghiera;M110;038;FE
1989;FE;038;038023;M110;Voghiera;;CE;14/01/1989;038012;Masi Torello;F016;038;FE
1989;FE;038;038023;M110;Voghiera;;AQ;14/01/1989;038012;Masi Torello;F016;038;FE
1988;TA;073;073018;F587;Monteparano;;CE;05/11/1988;073023;Roccaforzata;H409;073;TA
1988;TA;073;073018;F587;Monteparano;;AQ;05/11/1988;073023;Roccaforzata;H409;073;TA
1988;TA;073;073023;H409;Roccaforzata;;AQ;05/11/1988;073018;Monteparano;F587;073;TA
1988;TA;073;073023;H409;Roccaforzata;;CE;05/11/1988;073018;Monteparano;F587;073;TA
1988;PD;028;028063;G587;Piazzola sul Brenta;;CE;27/08/1988;028103;Villafranca Padovana;L947;028;PD
1988;PD;028;028103;L947;Villafranca Padovana;;AQ;27/08/1988;028063;Piazzola sul Brenta;G587;028;PD
1988;SS;090;090025;C613;Chiaramonti;;CECS;06/08/1988;090088;Erula;M292;090;SS
1988;SS;090;090052;G203;Ozieri;;CECS;06/08/1988;090088;Erula;M292;090;SS
1988;SS;090;090056;G450;Perfugas;;CECS;06/08/1988;090088;Erula;M292;090;SS
1988;SS;090;090064;I452;Sassari;;CECS;06/08/1988;090089;Stintino;M290;090;SS
1988;SS;090;090075;L464;Tula;;CECS;06/08/1988;090088;Erula;M292;090;SS
1988;NU;091;091028;D947;Gavoi;;CECS;06/08/1988;091104;Lodine;E649;091;NU
1988;CA;092;092026;E022;Giba;;CECS;06/08/1988;092107;Piscinas;M291;092;CA
1988;TN;022;022032;B389;Calceranica al Lago;;CE;03/08/1988;022056;Centa San Nicolò;C467;022;TN
1988;TN;022;022034;B404;Caldonazzo;;CE;03/08/1988;022056;Centa San Nicolò;C467;022;TN
1988;TN;022;022056;C467;Centa San Nicolò;;AQ;03/08/1988;022032;Calceranica al Lago;B389;022;TN
1988;TN;022;022056;C467;Centa San Nicolò;;AQ;03/08/1988;022212;Vattaro;L697;022;TN
1988;TN;022;022056;C467;Centa San Nicolò;;AQ;03/08/1988;022034;Caldonazzo;B404;022;TN
1988;TN;022;022212;L697;Vattaro;;CE;03/08/1988;022056;Centa San Nicolò;C467;022;TN
1988;NA;063;063026;C495;Cercola;;CECS;14/06/1988;063092;Massa di Somma;M289;063;NA
1988;VI;024;024108;L297;Torri di Quartesolo;;AQ;06/01/1988;024116;Vicenza;L840;024;VI
1988;VI;024;024116;L840;Vicenza;;CE;06/01/1988;024108;Torri di Quartesolo;L297;024;VI
1987;VA;012;012081;E144;Grantola;;AQ;29/10/1987;012103;Montegrino Valtravaglia;F526;012;VA
1987;VA;012;012103;F526;Montegrino Valtravaglia;;CE;29/10/1987;012081;Grantola;E144;012;VA
1987;VI;024;024018;B403;Caldogno;;AQ;21/10/1987;024116;Vicenza;L840;024;VI
1987;VI;024;024116;L840;Vicenza;;CE;21/10/1987;024018;Caldogno;B403;024;VI
1987;CL;085;085004;B429;Caltanissetta;;CE;08/03/1987;085016;San Cataldo;H792;085;CL
1987;CL;085;085004;B429;Caltanissetta;;AQ;08/03/1987;085016;San Cataldo;H792;085;CL
1987;CL;085;085016;H792;San Cataldo;;CE;08/03/1987;085004;Caltanissetta;B429;085;CL
1987;CL;085;085016;H792;San Cataldo;;AQ;08/03/1987;085004;Caltanissetta;B429;085;CL
1986;FE;038;038015;F198;Migliarino;;CE;19/10/1986;038017;Ostellato;G184;038;FE
1986;FE;038;038015;F198;Migliarino;;AQ;19/10/1986;038017;Ostellato;G184;038;FE
1986;FE;038;038017;G184;Ostellato;;CE;19/10/1986;038015;Migliarino;F198;038;FE
1986;FE;038;038017;G184;Ostellato;;AQ;19/10/1986;038015;Migliarino;F198;038;FE
1986;BZ;021;021019;C254;Castelrotto/Kastelruth;Kastelruth;AQ;17/09/1986;021061;Ortisei/St. Ulrich;G140;021;BZ
1986;BZ;021;021019;C254;Castelrotto/Kastelruth;Kastelruth;CE;17/09/1986;021061;Ortisei/St. Ulrich;G140;021;BZ
1986;BZ;021;021061;G140;Ortisei/St. Ulrich;St. Ulrich;CE;17/09/1986;021019;Castelrotto/Kastelruth;C254;021;BZ
1986;BZ;021;021061;G140;Ortisei/St. Ulrich;St. Ulrich;AQ;17/09/1986;021019;Castelrotto/Kastelruth;C254;021;BZ
1986;BL;025;025009;C146;Castellavazzo;;CE;27/05/1986;025031;Longarone;E672;025;BL
1986;BL;025;025009;C146;Castellavazzo;;AQ;27/05/1986;025031;Longarone;E672;025;BL
1986;BL;025;025031;E672;Longarone;;AQ;27/05/1986;025009;Castellavazzo;C146;025;BL
1986;BL;025;025031;E672;Longarone;;CE;27/05/1986;025009;Castellavazzo;C146;025;BL
1986;PD;028;028063;G587;Piazzola sul Brenta;;CE;27/05/1986;028076;San Giorgio in Bosco;H897;028;PD
1986;PD;028;028063;G587;Piazzola sul Brenta;;AQ;27/05/1986;028076;San Giorgio in Bosco;H897;028;PD
1986;PD;028;028076;H897;San Giorgio in Bosco;;AQ;27/05/1986;028063;Piazzola sul Brenta;G587;028;PD
1986;PD;028;028076;H897;San Giorgio in Bosco;;CE;27/05/1986;028063;Piazzola sul Brenta;G587;028;PD
1986;CA;092;092039;F808;Muravera;;CECS;03/04/1986;092106;Castiadas;M288;092;CA
1986;CA;092;092064;I402;San Vito;;CECS;03/04/1986;092106;Castiadas;M288;092;CA
1986;CA;092;092097;L998;Villaputzu;;CECS;03/04/1986;092106;Castiadas;M288;092;CA
1986;ME;083;083048;F158;Messina;;CE;09/03/1986;083094;Scaletta Zanglea;I492;083;ME
1986;ME;083;083094;I492;Scaletta Zanglea;;AQ;09/03/1986;083048;Messina;F158;083;ME
1986;AG;084;084008;B460;Camastra;;CE;09/03/1986;084026;Naro;F845;084;AG
1986;AG;084;084008;B460;Camastra;;AQ;09/03/1986;084026;Naro;F845;084;AG
1986;AG;084;084026;F845;Naro;;CE;09/03/1986;084008;Camastra;B460;084;AG
1986;AG;084;084026;F845;Naro;;AQ;09/03/1986;084008;Camastra;B460;084;AG
1985;BZ;021;021020;A022;Cermes/Tscherms;Tscherms;CE;23/10/1985;021048;Marlengo/Marling;E959;021;BZ
1985;BZ;021;021048;E959;Marlengo/Marling;Marling;AQ;23/10/1985;021020;Cermes/Tscherms;A022;021;BZ
1985;BZ;021;021053;F392;Montagna/Montan;Montan;CE;11/09/1985;021060;Ora/Auer;G083;021;BZ
1985;BZ;021;021060;G083;Ora/Auer;Auer;AQ;11/09/1985;021053;Montagna/Montan;F392;021;BZ
1985;CT;087;087033;G371;Paternò;;CECS;17/05/1985;087058;Ragalna;M287;087;CT
1985;VA;012;012058;D192;Cuasso al Monte;;CE;05/03/1985;012113;Porto Ceresio;G906;012;VA
1985;VA;012;012113;G906;Porto Ceresio;;AQ;05/03/1985;012058;Cuasso al Monte;D192;012;VA
1985;RA;039;039010;D458;Faenza;;CE;14/01/1985;039015;Riolo Terme;H302;039;RA
1985;RA;039;039015;H302;Riolo Terme;;AQ;14/01/1985;039010;Faenza;D458;039;RA
1984;ME;083;083079;H982;San Marco d'Alunzio;;CECS;09/12/1984;083108;Torrenova;M286;083;ME
1984;MI;015;015057;B958;Caselle Lurani;;AQ;27/09/1984;015065;Castiraga Vidardo;C329;015;MI
1984;MI;015;015057;B958;Caselle Lurani;;CE;27/09/1984;015065;Castiraga Vidardo;C329;015;MI
1984;MI;015;015065;C329;Castiraga Vidardo;;CE;27/09/1984;015057;Caselle Lurani;B958;015;MI
1984;MI;015;015065;C329;Castiraga Vidardo;;AQ;27/09/1984;015057;Caselle Lurani;B958;015;MI
1984;FI;048;048002;A632;Barberino di Mugello;;CE;16/08/1984;048048;Vernio;L775;048;FI
1984;FI;048;048002;A632;Barberino di Mugello;;CE;16/08/1984;048047;Vaiano;L537;048;FI
1984;FI;048;048002;A632;Barberino di Mugello;;CE;16/08/1984;048007;Cantagallo;B626;048;FI
1984;FI;048;048007;B626;Cantagallo;;AQ;16/08/1984;048002;Barberino di Mugello;A632;048;FI
1984;FI;048;048047;L537;Vaiano;;AQ;16/08/1984;048002;Barberino di Mugello;A632;048;FI
1984;FI;048;048048;L775;Vernio;;AQ;16/08/1984;048002;Barberino di Mugello;A632;048;FI
1984;CR;019;019044;D710;Formigara;;AQ;27/07/1984;019049;Gombito;E082;019;CR
1984;CR;019;019049;E082;Gombito;;CE;27/07/1984;019044;Formigara;D710;019;CR
1984;NU;091;091026;D859;Gairo;;CECS;24/05/1984;091103;Cardedu;M285;091;NU
1984;LE;075;075019;C336;Castrignano del Capo;;CE;21/04/1984;075050;Morciano di Leuca;F716;075;LE
1984;LE;075;075019;C336;Castrignano del Capo;;AQ;21/04/1984;075050;Morciano di Leuca;F716;075;LE
1984;LE;075;075050;F716;Morciano di Leuca;;CE;21/04/1984;075019;Castrignano del Capo;C336;075;LE
1984;LE;075;075050;F716;Morciano di Leuca;;AQ;21/04/1984;075019;Castrignano del Capo;C336;075;LE
1984;LT;059;059004;C104;Castelforte;;AQ;06/03/1984;059026;Santi Cosma e Damiano;I339;059;LT
1984;LT;059;059026;I339;Santi Cosma e Damiano;;CE;06/03/1984;059004;Castelforte;C104;059;LT
1984;NA;063;063013;B565;Camposano;;CE;28/02/1984;063028;Cimitile;C697;063;NA
1984;NA;063;063013;B565;Camposano;;AQ;28/02/1984;063028;Cimitile;C697;063;NA
1984;NA;063;063028;C697;Cimitile;;AQ;28/02/1984;063013;Camposano;B565;063;NA
1984;NA;063;063028;C697;Cimitile;;CE;28/02/1984;063013;Camposano;B565;063;NA
1983;MS;045;045007;D629;Fivizzano;;AQ;21/07/1983;045008;Fosdinovo;D735;045;MS
1983;MS;045;045008;D735;Fosdinovo;;CE;21/07/1983;045007;Fivizzano;D629;045;MS
1983;BG;016;016024;A794;Bergamo;;AQ;20/05/1983;016220;Treviolo;L404;016;BG
1983;BG;016;016220;L404;Treviolo;;CE;20/05/1983;016024;Bergamo;A794;016;BG
1983;SS;090;090079;L604;Valledoria;;CECS;27/02/1983;090087;Santa Maria Coghinas;M284;090;SS
1983;CA;092;092009;B354;Cagliari;;CECS;15/02/1983;092105;Quartucciu;H119;092;CA
1982;PG;054;054036;G212;Paciano;;CE;22/04/1982;054037;Panicale;G308;054;PG
1982;PG;054;054037;G308;Panicale;;AQ;22/04/1982;054036;Paciano;G212;054;PG
1982;PG;054;054037;G308;Panicale;;AQ;22/04/1982;054040;Piegaro;G601;054;PG
1982;PG;054;054040;G601;Piegaro;;CE;22/04/1982;054037;Panicale;G308;054;PG
1982;RA;039;039014;H199;Ravenna;;CE;15/04/1982;039016;Russi;H642;039;RA
1982;RA;039;039016;H642;Russi;;AQ;15/04/1982;039014;Ravenna;H199;039;RA
1982;BZ;021;021074;H299;Rio di Pusteria/Mühlbach;Mühlbach;AQ;17/02/1982;021110;Vandoies/Vintl;L660;021;BZ
1982;BZ;021;021110;L660;Vandoies/Vintl;Vintl;CE;17/02/1982;021074;Rio di Pusteria/Mühlbach;H299;021;BZ
1982;CO;013;013201;H601;Rovellasca;;AQ;06/02/1982;013202;Rovello Porro;H602;013;CO
1982;CO;013;013202;H602;Rovello Porro;;CE;06/02/1982;013201;Rovellasca;H601;013;CO
1981;BO;037;037001;A324;Anzola dell'Emilia;;CE;20/12/1981;037023;Crespellano;D158;037;BO
1981;BO;037;037001;A324;Anzola dell'Emilia;;AQ;20/12/1981;037023;Crespellano;D158;037;BO
1981;BO;037;037023;D158;Crespellano;;CE;20/12/1981;037001;Anzola dell'Emilia;A324;037;BO
1981;BO;037;037023;D158;Crespellano;;AQ;20/12/1981;037001;Anzola dell'Emilia;A324;037;BO
1981;VR;023;023004;A374;Arcole;;CE;21/04/1981;023098;Zimella;M178;023;VR
1981;VR;023;023092;D193;Veronella;;CE;21/04/1981;023098;Zimella;M178;023;VR
1981;VR;023;023098;M178;Zimella;;AQ;21/04/1981;023004;Arcole;A374;023;VR
1981;VR;023;023098;M178;Zimella;;AQ;21/04/1981;023092;Veronella;D193;023;VR
1981;NA;063;063026;C495;Cercola;;CE;21/04/1981;063070;San Sebastiano al Vesuvio;I151;063;NA
1981;NA;063;063070;I151;San Sebastiano al Vesuvio;;AQ;21/04/1981;063026;Cercola;C495;063;NA
1981;CT;087;087009;B202;Bronte;;CECS;18/04/1981;087057;Maniace;M283;087;CT
1981;PA;082;082024;C135;Castellana Sicula;;CE;16/04/1981;085022;Villalba;L959;085;CL
1981;CL;085;085022;L959;Villalba;;AQ;16/04/1981;082024;Castellana Sicula;C135;082;PA
1981;SR;089;089013;F943;Noto;;CE;16/04/1981;089015;Palazzolo Acreide;G267;089;SR
1981;SR;089;089015;G267;Palazzolo Acreide;;AQ;16/04/1981;089013;Noto;F943;089;SR
1980;ME;083;083010;B695;Capri Leone;;AQ;19/10/1980;083079;San Marco d'Alunzio;H982;083;ME
1980;ME;083;083079;H982;San Marco d'Alunzio;;CE;19/10/1980;083010;Capri Leone;B695;083;ME
1980;BZ;021;021018;C062;Castelbello-Ciardes/Kastelbell-Tschars;Kastelbell-Tschars;CE;20/08/1980;021056;Naturno/Naturns;F849;021;BZ
1980;BZ;021;021018;C062;Castelbello-Ciardes/Kastelbell-Tschars;Kastelbell-Tschars;AQ;20/08/1980;021056;Naturno/Naturns;F849;021;BZ
1980;BZ;021;021056;F849;Naturno/Naturns;Naturns;CE;20/08/1980;021018;Castelbello-Ciardes/Kastelbell-Tschars;C062;021;BZ
1980;BZ;021;021056;F849;Naturno/Naturns;Naturns;AQ;20/08/1980;021018;Castelbello-Ciardes/Kastelbell-Tschars;C062;021;BZ
1980;TP;081;081011;E974;Marsala;;CECS;10/08/1980;081024;Petrosino;M281;081;TP
1980;TP;081;081012;F061;Mazara del Vallo;;CECS;10/08/1980;081024;Petrosino;M281;081;TP
1980;SS;090;090022;B772;Cargeghe;;CE;11/07/1980;090043;Muros;F818;090;SS
1980;SS;090;090022;B772;Cargeghe;;AQ;11/07/1980;090043;Muros;F818;090;SS
1980;SS;090;090023;C272;Castelsardo;;CECS;11/07/1980;090086;Tergu;M282;090;SS
1980;SS;090;090043;F818;Muros;;CE;11/07/1980;090022;Cargeghe;B772;090;SS
1980;SS;090;090043;F818;Muros;;AQ;11/07/1980;090022;Cargeghe;B772;090;SS
1980;SS;090;090046;F977;Nulvi;;CECS;11/07/1980;090086;Tergu;M282;090;SS
1980;SS;090;090050;G156;Osilo;;CECS;11/07/1980;090086;Tergu;M282;090;SS
1980;VI;024;024076;G406;Pedemonte;;AQ;20/06/1980;024112;Valdastico;L554;024;VI
1980;VI;024;024112;L554;Valdastico;;CE;20/06/1980;024076;Pedemonte;G406;024;VI
1980;BG;016;016145;G049;Olmo al Brembo;;AQ;15/06/1980;016166;Piazzolo;G588;016;BG
1980;BG;016;016166;G588;Piazzolo;;CE;15/06/1980;016145;Olmo al Brembo;G049;016;BG
1980;MN;020;020004;A866;Bigarello;;CE;15/06/1980;020052;Roncoferraro;H541;020;MN
1980;MN;020;020052;H541;Roncoferraro;;AQ;15/06/1980;020004;Bigarello;A866;020;MN
1980;MN;020;020052;H541;Roncoferraro;;AQ;15/06/1980;020057;San Giorgio di Mantova;H883;020;MN
1980;MN;020;020057;H883;San Giorgio di Mantova;;CE;15/06/1980;020052;Roncoferraro;H541;020;MN
1980;RC;080;080009;A843;Bianco;;CE;12/06/1980;080033;Ferruzzano;D557;080;RC
1980;RC;080;080009;A843;Bianco;;AQ;12/06/1980;080033;Ferruzzano;D557;080;RC
1980;RC;080;080033;D557;Ferruzzano;;AQ;12/06/1980;080009;Bianco;A843;080;RC
1980;RC;080;080033;D557;Ferruzzano;;CE;12/06/1980;080009;Bianco;A843;080;RC
1980;CO;013;013028;B134;Bregnano;;CE;29/05/1980;013201;Rovellasca;H601;013;CO
1980;CO;013;013201;H601;Rovellasca;;AQ;29/05/1980;013028;Bregnano;B134;013;CO
1980;MI;015;015019;A804;Bernate Ticino;;CE;14/05/1980;015026;Boffalora sopra Ticino;A920;015;MI
1980;MI;015;015026;A920;Boffalora sopra Ticino;;AQ;14/05/1980;015019;Bernate Ticino;A804;015;MI
1980;NA;063;063009;B077;Boscotrecase;;CECS;05/04/1980;063091;Trecase;M280;063;NA
1980;TN;022;022043;B856;Carzano;;AQ;02/01/1980;022188;Telve;L089;022;TN
1980;TN;022;022043;B856;Carzano;;CE;02/01/1980;022188;Telve;L089;022;TN
1980;TN;022;022188;L089;Telve;;CE;02/01/1980;022043;Carzano;B856;022;TN
1980;TN;022;022188;L089;Telve;;AQ;02/01/1980;022043;Carzano;B856;022;TN
1979;CB;070;070014;C175;Castellino del Biferno;;AQ;01/12/1979;070052;Petrella Tifernina;G512;070;CB
1979;CB;070;070052;G512;Petrella Tifernina;;CE;01/12/1979;070014;Castellino del Biferno;C175;070;CB
1979;IS;094;094050;I682;Sesto Campano;;CE;01/12/1979;094052;Venafro;L725;094;IS
1979;IS;094;094052;L725;Venafro;;AQ;01/12/1979;094050;Sesto Campano;I682;094;IS
1979;PT;047;047004;D235;Cutigliano;;AQ;17/11/1979;047019;San Marcello Pistoiese;H980;047;PT
1979;PT;047;047019;H980;San Marcello Pistoiese;;CE;17/11/1979;047004;Cutigliano;D235;047;PT
1979;TP;081;081013;G208;Paceco;;CE;20/10/1979;081021;Trapani;L331;081;TP
1979;TP;081;081013;G208;Paceco;;AQ;20/10/1979;081021;Trapani;L331;081;TP
1979;TP;081;081021;L331;Trapani;;AQ;20/10/1979;081013;Paceco;G208;081;TP
1979;TP;081;081021;L331;Trapani;;CE;20/10/1979;081013;Paceco;G208;081;TP
1979;PV;018;018092;F175;Mezzanino;;AQ;17/10/1979;018162;Travacò Siccomario;I236;018;PV
1979;PV;018;018092;F175;Mezzanino;;CE;17/10/1979;018162;Travacò Siccomario;I236;018;PV
1979;PV;018;018162;I236;Travacò Siccomario;;CE;17/10/1979;018092;Mezzanino;F175;018;PV
1979;PV;018;018162;I236;Travacò Siccomario;;AQ;17/10/1979;018092;Mezzanino;F175;018;PV
1979;SR;089;089012;F107;Melilli;;CECS;10/08/1979;089021;Priolo Gargallo;M279;089;SR
1979;SR;089;089017;I754;Siracusa;;CECS;10/08/1979;089021;Priolo Gargallo;M279;089;SR
1979;TA;073;073016;F531;Monteiasi;;AQ;01/07/1979;073024;San Giorgio Ionico;H882;073;TA
1979;TA;073;073016;F531;Monteiasi;;CE;01/07/1979;073024;San Giorgio Ionico;H882;073;TA
1979;TA;073;073024;H882;San Giorgio Ionico;;AQ;01/07/1979;073016;Monteiasi;F531;073;TA
1979;TA;073;073024;H882;San Giorgio Ionico;;CE;01/07/1979;073016;Monteiasi;F531;073;TA
1979;CA;092;092060;I182;Santadi;;CECS;26/05/1979;092104;Villaperuccio;M278;092;CA
1979;SS;090;090021;B378;Calangianus;;CECS;20/04/1979;090085;Sant'Antonio di Gallura;M276;090;SS
1979;SS;090;090037;E752;Luras;;CECS;20/04/1979;090085;Sant'Antonio di Gallura;M276;090;SS
1979;SS;090;090047;G015;Olbia;;CECS;20/04/1979;090083;Golfo Aranci;M274;090;SS
1979;SS;090;090070;L093;Tempio Pausania;;CECS;20/04/1979;090084;Loiri Porto San Paolo;M275;090;SS
1979;OR;095;095004;A180;Ales;;CECS;20/04/1979;095077;Curcuris;D214;095;OR
1979;OR;095;095021;E004;Ghilarza;;CECS;20/04/1979;095078;Soddì;I778;095;OR
1979;NA;063;063035;E131;Gragnano;;CECS;14/01/1979;063090;Santa Maria la Carità;M273;063;NA
1979;LE;075;075029;D862;Galatina;;CE;14/01/1979;075075;Sogliano Cavour;I780;075;LE
1979;LE;075;075029;D862;Galatina;;AQ;14/01/1979;075075;Sogliano Cavour;I780;075;LE
1979;LE;075;075075;I780;Sogliano Cavour;;AQ;14/01/1979;075029;Galatina;D862;075;LE
1979;LE;075;075075;I780;Sogliano Cavour;;CE;14/01/1979;075029;Galatina;D862;075;LE
1978;CZ;079;079046;D453;Fabrizia;;CE;29/12/1978;079084;Nardodipace;F843;079;CZ
1978;CZ;079;079079;F364;Mongiana;;CE;29/12/1978;079084;Nardodipace;F843;079;CZ
1978;CZ;079;079084;F843;Nardodipace;;AQ;29/12/1978;079079;Mongiana;F364;079;CZ
1978;CZ;079;079084;F843;Nardodipace;;AQ;29/12/1978;079046;Fabrizia;D453;079;CZ
1978;FC;040;040046;I779;Sogliano al Rubicone;;CE;21/12/1978;040048;Torriana;I550;040;FC
1978;FC;040;040048;I550;Torriana;;AQ;21/12/1978;040046;Sogliano al Rubicone;I779;040;FC
1978;TN;022;022031;B386;Calavino;;AQ;13/07/1978;022101;Lasino;E461;022;TN
1978;TN;022;022101;E461;Lasino;;CE;13/07/1978;022031;Calavino;B386;022;TN
1978;RC;080;080001;A065;Africo;;AQ;10/06/1978;080009;Bianco;A843;080;RC
1978;RC;080;080009;A843;Bianco;;CE;10/06/1978;080001;Africo;A065;080;RC
1978;MI;015;015037;B272;Burago di Molgora;;CE;16/02/1978;015241;Vimercate;M052;015;MI
1978;MI;015;015037;B272;Burago di Molgora;;AQ;16/02/1978;015241;Vimercate;M052;015;MI
1978;MI;015;015241;M052;Vimercate;;AQ;16/02/1978;015037;Burago di Molgora;B272;015;MI
1978;MI;015;015241;M052;Vimercate;;CE;16/02/1978;015037;Burago di Molgora;B272;015;MI
1978;VA;012;012097;E929;Marchirolo;;CE;12/02/1978;012099;Marzio;F002;012;VA
1978;VA;012;012099;F002;Marzio;;AQ;12/02/1978;012097;Marchirolo;E929;012;VA
1978;SO;014;014001;A135;Albaredo per San Marco;;AQ;12/02/1978;014045;Morbegno;F712;014;SO
1978;SO;014;014045;F712;Morbegno;;CE;12/02/1978;014001;Albaredo per San Marco;A135;014;SO
1978;MI;015;015007;A375;Arconate;;CE;12/02/1978;015041;Busto Garolfo;B301;015;MI
1978;MI;015;015041;B301;Busto Garolfo;;AQ;12/02/1978;015099;Dairago;D244;015;MI
1978;MI;015;015041;B301;Busto Garolfo;;AQ;12/02/1978;015007;Arconate;A375;015;MI
1978;MI;015;015099;D244;Dairago;;CE;12/02/1978;015041;Busto Garolfo;B301;015;MI
1978;MI;015;015174;G096;Pieve Fissiraga;;CE;12/02/1978;015198;Sant'Angelo Lodigiano;I274;015;MI
1978;MI;015;015198;I274;Sant'Angelo Lodigiano;;AQ;12/02/1978;015174;Pieve Fissiraga;G096;015;MI
1978;BG;016;016014;A511;Averara;;AQ;12/02/1978;016191;Santa Brigida;I168;016;BG
1978;BG;016;016125;E524;Lenna;;AQ;12/02/1978;016227;Valnegra;L642;016;BG
1978;BG;016;016125;E524;Lenna;;AQ;12/02/1978;016164;Piazza Brembana;G579;016;BG
1978;BG;016;016164;G579;Piazza Brembana;;CE;12/02/1978;016125;Lenna;E524;016;BG
1978;BG;016;016191;I168;Santa Brigida;;CE;12/02/1978;016014;Averara;A511;016;BG
1978;BG;016;016227;L642;Valnegra;;CE;12/02/1978;016125;Lenna;E524;016;BG
1978;BZ;021;021024;D048;Cortaccia sulla strada del vino/Kurtatsch an der Weinstraße;Kurtatsch an der Weinstraße;CE;01/02/1978;021098;Termeno sulla strada del vino/Tramin an der Weinstraße;L111;021;BZ
1978;BZ;021;021098;L111;Termeno sulla strada del vino/Tramin an der Weinstraße;Tramin an der Weinstraße;AQ;01/02/1978;021024;Cortaccia sulla strada del vino/Kurtatsch an der Weinstraße;D048;021;BZ
1977;RC;080;080069;H558;Rosarno;;CECS;04/12/1977;080097;San Ferdinando;M277;080;RC
1977;RC;080;080050;F112;Melito di Porto Salvo;;CE;17/09/1977;080068;Roghudi;H489;080;RC
1977;RC;080;080068;H489;Roghudi;;AQ;17/09/1977;080050;Melito di Porto Salvo;F112;080;RC
1977;AG;084;084010;B520;Campobello di Licata;;AQ;06/07/1977;084031;Ravanusa;H194;084;AG
1977;AG;084;084010;B520;Campobello di Licata;;CE;06/07/1977;084031;Ravanusa;H194;084;AG
1977;AG;084;084031;H194;Ravanusa;;AQ;06/07/1977;084010;Campobello di Licata;B520;084;AG
1977;AG;084;084031;H194;Ravanusa;;CE;06/07/1977;084010;Campobello di Licata;B520;084;AG
1977;RC;080;080022;B756;Cardeto;;AQ;27/02/1977;080063;Reggio di Calabria;H224;080;RC
1977;RC;080;080063;H224;Reggio di Calabria;;CE;27/02/1977;080022;Cardeto;B756;080;RC
1976;MI;015;015118;E514;Legnano;;AQ;13/05/1976;015194;San Giorgio su Legnano;H884;015;MI
1976;MI;015;015118;E514;Legnano;;CE;13/05/1976;015194;San Giorgio su Legnano;H884;015;MI
1976;MI;015;015194;H884;San Giorgio su Legnano;;CE;13/05/1976;015118;Legnano;E514;015;MI
1976;MI;015;015194;H884;San Giorgio su Legnano;;AQ;13/05/1976;015118;Legnano;E514;015;MI
1976;CT;087;087011;B428;Caltagirone;;CECS;12/05/1976;087056;Mazzarrone;M271;087;CT
1976;CT;087;087020;E578;Licodia Eubea;;CECS;12/05/1976;087056;Mazzarrone;M271;087;CT
1975;LE;075;075052;F842;Nardò;;CECS;01/06/1975;075097;Porto Cesareo;M263;075;LE
1975;LE;075;075027;D305;Diso;;CECS;28/05/1975;075096;Castro;M261;075;LE
1975;CE;061;061022;B963;Caserta;;CECS;22/05/1975;061104;San Marco Evangelista;F043;061;CE
1975;CE;061;061048;E791;Maddaloni;;CECS;22/05/1975;061104;San Marco Evangelista;F043;061;CE
1975;FG;071;071029;E885;Manfredonia;;CECS;20/05/1975;071064;Zapponeta;M267;071;FG
1975;FG;071;071036;G131;Orta Nova;;CECS;20/05/1975;071063;Ordona;M266;071;FG
1975;LE;075;075054;F916;Nociglia;;CECS;20/05/1975;075095;San Cassiano;M264;075;LE
1975;SS;090;090001;A069;Aggius;;CECS;04/05/1975;090082;Viddalba;M259;090;SS
1975;SS;090;090014;B063;Bortigiadas;;CECS;04/05/1975;090082;Viddalba;M259;090;SS
1975;TR;055;055017;F457;Montecastrilli;;CECS;09/04/1975;055033;Avigliano Umbro;M258;055;TR
1975;SR;089;089014;G211;Pachino;;CECS;23/03/1975;089020;Portopalo di Capo Passero;M257;089;SR
1975;VR;023;023015;B296;Bussolengo;;CE;29/01/1975;023083;Sona;I826;023;VR
1975;VR;023;023082;I821;Sommacampagna;;CE;29/01/1975;023083;Sona;I826;023;VR
1975;VR;023;023082;I821;Sommacampagna;;AQ;29/01/1975;023083;Sona;I826;023;VR
1975;VR;023;023083;I826;Sona;;AQ;29/01/1975;023015;Bussolengo;B296;023;VR
1975;VR;023;023083;I826;Sona;;CE;29/01/1975;023082;Sommacampagna;I821;023;VR
1975;VR;023;023083;I826;Sona;;AQ;29/01/1975;023082;Sommacampagna;I821;023;VR
1975;VR;023;023083;I826;Sona;;AQ;29/01/1975;023091;Verona;L781;023;VR
1975;VR;023;023091;L781;Verona;;CE;29/01/1975;023083;Sona;I826;023;VR
1974;RM;058;058057;E958;Marino;;CECS;15/10/1974;058118;Ciampino;M272;058;RM
1974;BZ;021;021038;E412;Lagundo/Algund;Algund;AQ;18/09/1974;021048;Marlengo/Marling;E959;021;BZ
1974;BZ;021;021048;E959;Marlengo/Marling;Marling;CE;18/09/1974;021038;Lagundo/Algund;E412;021;BZ
1974;OR;095;095057;I718;Siamanna;;CECS;13/09/1974;095076;Siapiccia;I721;095;OR
1974;MT;077;077016;F399;Montalbano Jonico;;CECS;02/08/1974;077031;Scanzano Jonico;M256;077;MT
1974;CA;092;092014;A621;Baratili San Pietro;;AQ;02/08/1974;092092;Riola Sardo;H301;092;CA
1974;CA;092;092046;E022;Giba;;CECS;02/08/1974;092103;Masainas;M270;092;CA
1974;CA;092;092092;H301;Riola Sardo;;CE;02/08/1974;092014;Baratili San Pietro;A621;092;CA
1973;BZ;021;021032;D731;Fortezza/Franzensfeste;Franzensfeste;AQ;15/08/1973;021111;Varna/Vahrn;L687;021;BZ
1973;BZ;021;021111;L687;Varna/Vahrn;Vahrn;CE;15/08/1973;021032;Fortezza/Franzensfeste;D731;021;BZ
1973;PZ;076;076045;E976;Marsico Nuovo;;CECS;25/06/1973;076100;Paterno;M269;076;PZ
1973;FI;048;048013;D299;Dicomano;;CE;12/05/1973;048025;Londa;E668;048;FI
1973;FI;048;048025;E668;Londa;;AQ;12/05/1973;048013;Dicomano;D299;048;FI
1973;CE;061;061074;H798;San Cipriano d'Aversa;;CECS;14/03/1973;061103;Casapesenna;M260;061;CE
1973;CE;061;061088;I676;Sessa Aurunca;;CECS;14/03/1973;061102;Cellole;M262;061;CE
1972;LE;075;075079;I930;Squinzano;;CE;09/05/1972;075087;Trepuzzi;L383;075;LE
1972;LE;075;075079;I930;Squinzano;;AQ;09/05/1972;075087;Trepuzzi;L383;075;LE
1972;LE;075;075087;L383;Trepuzzi;;AQ;09/05/1972;075079;Squinzano;I930;075;LE
1972;LE;075;075087;L383;Trepuzzi;;CE;09/05/1972;075079;Squinzano;I930;075;LE
1972;PA;082;082055;G510;Petralia Soprana;;CECS;05/04/1972;082082;Blufi;M268;082;PA
1972;AL;006;006003;A182;Alessandria;;AQ;22/03/1972;006154;San Salvatore Monferrato;I144;006;AL
1972;AL;006;006154;I144;San Salvatore Monferrato;;CE;22/03/1972;006003;Alessandria;A182;006;AL
1971;TN;022;022123;F728;Mori;;AQ;01/09/1971;022135;Pannone;G313;022;TN
1971;TN;022;022135;M303;Ronzo-Chienis;;CE;01/09/1971;022123;Mori;F728;022;TN
1971;PN;093;093019;D426;Erto e Casso;;AQ;10/07/1971;093025;Maniago;E889;093;PN
1971;PN;093;093019;D426;Erto e Casso;;CECS;10/07/1971;093052;Vajont;M265;093;PN
1971;PN;093;093025;E889;Maniago;;CE;10/07/1971;093019;Erto e Casso;D426;093;PN
1971;UD;030;030037;D461;Fagagna;;CE;02/02/1971;030106;San Vito di Fagagna;I405;030;UD
1971;UD;030;030037;D461;Fagagna;;AQ;02/02/1971;030106;San Vito di Fagagna;I405;030;UD
1971;UD;030;030106;I405;San Vito di Fagagna;;CE;02/02/1971;030037;Fagagna;D461;030;UD
1971;UD;030;030106;I405;San Vito di Fagagna;;AQ;02/02/1971;030037;Fagagna;D461;030;UD
1970;CA;092;092061;F050;Masullas;;CECS;09/12/1970;092173;Pompu;G817;092;CA
1970;TN;022;022110;E850;Malé;;AQ;05/08/1970;022121;Monclassico;F341;022;TN
1970;TN;022;022121;F341;Monclassico;;CE;05/08/1970;022110;Malé;E850;022;TN
1970;BG;016;016155;G249;Paladina;;AQ;02/06/1970;016224;Valbrembo;L545;016;BG
1970;BG;016;016155;G249;Paladina;;CE;02/06/1970;016224;Valbrembo;L545;016;BG
1970;BG;016;016224;L545;Valbrembo;;CE;02/06/1970;016155;Paladina;G249;016;BG
1970;BG;016;016224;L545;Valbrembo;;AQ;02/06/1970;016155;Paladina;G249;016;BG
1970;LI;049;049012;G687;Piombino;;CE;27/05/1970;053009;Follonica;D656;053;GR
1970;GR;053;053009;D656;Follonica;;AQ;27/05/1970;049012;Piombino;G687;049;LI
1970;RM;058;058029;C552;Cerveteri;;CECS;27/05/1970;058116;Ladispoli;M212;058;RM
1970;RM;058;058079;G811;Pomezia;;CECS;27/05/1970;058117;Ardea;M213;058;RM
1970;BG;016;016024;A794;Bergamo;;AQ;06/03/1970;016169;Ponteranica;G853;016;BG
1970;BG;016;016024;A794;Bergamo;;CE;06/03/1970;016169;Ponteranica;G853;016;BG
1970;BG;016;016169;G853;Ponteranica;;AQ;06/03/1970;016024;Bergamo;A794;016;BG
1970;BG;016;016169;G853;Ponteranica;;CE;06/03/1970;016024;Bergamo;A794;016;BG
1970;SV;009;009051;G866;Pontinvrea;;AQ;25/02/1970;009055;Sassello;I453;009;SV
1970;SV;009;009055;I453;Sassello;;CE;25/02/1970;009051;Pontinvrea;G866;009;SV
1970;MI;015;015024;A872;Binasco;;CE;12/02/1970;015247;Zibido San Giacomo;M176;015;MI
1970;MI;015;015247;M176;Zibido San Giacomo;;AQ;12/02/1970;015024;Binasco;A872;015;MI
1970;VA;012;012062;D238;Cuveglio;;CE;11/01/1970;012063;Cuvio;D239;012;VA
1970;VA;012;012063;D239;Cuvio;;AQ;11/01/1970;012062;Cuveglio;D238;012;VA
1969;ME;083;083078;H850;San Fratello;;CECS;14/12/1969;083107;Acquedolci;M211;083;ME
1969;VI;024;024100;I531;Schio;;AQES;28/08/1969;024109;Tretto;L394;024;VI
1969;SS;090;090001;A069;Aggius;;CECS;15/04/1969;090081;Badesi;M214;090;SS
1969;SS;090;090056;G450;Perfugas;;AQ;15/04/1969;090065;Sedini;I565;090;SS
1969;SS;090;090065;I565;Sedini;;CE;15/04/1969;090056;Perfugas;G450;090;SS
1968;TO;001;001125;E379;Ivrea;;AQ;22/10/1968;001181;Pavone Canavese;G392;001;TO
1968;TO;001;001181;G392;Pavone Canavese;;CE;22/10/1968;001125;Ivrea;E379;001;TO
1968;TN;022;022169;I411;Sanzeno;;AQES;28/08/1968;022008;Banco;A608;022;TN
1968;TN;022;022169;I411;Sanzeno;;AQES;28/08/1968;022044;Casez;B964;022;TN
1968;SV;009;009005;A226;Altare;;AQ;03/08/1968;009056;Savona;I480;009;SV
1968;SV;009;009056;I480;Savona;;CE;03/08/1968;009005;Altare;A226;009;SV
1968;BG;016;016107;D903;Gandellino;;CE;26/07/1968;016118;Gromo;E189;016;BG
1968;BG;016;016118;E189;Gromo;;AQ;26/07/1968;016107;Gandellino;D903;016;BG
1968;MI;015;015131;E819;Magnago;;CECS;23/07/1968;015249;Vanzaghello;L664;015;MI
1968;UD;030;030100;H895;San Giorgio di Nogaro;;AQ;23/07/1968;030123;Torviscosa;L309;030;UD
1968;UD;030;030123;L309;Torviscosa;;CE;23/07/1968;030100;San Giorgio di Nogaro;H895;030;UD
1968;VA;012;012004;A371;Arcisate;;AQ;10/07/1968;012030;Cantello;B634;012;VA
1968;VA;012;012030;B634;Cantello;;CE;10/07/1968;012004;Arcisate;A371;012;VA
1968;TN;022;022205;L378;Trento;;AQES;03/07/1968;022218;Vigolo Baselga;L895;022;TN
1968;TN;022;022205;L378;Trento;;AQES;03/07/1968;022010;Baselga di Vezzano;A693;022;TN
1968;RI;057;057004;A464;Ascrea;;CE;21/06/1968;057073;Varco Sabino;L676;057;RI
1968;RI;057;057073;L676;Varco Sabino;;AQ;21/06/1968;057004;Ascrea;A464;057;RI
1968;CL;085;085004;B429;Caltanissetta;;CE;07/04/1968;085016;San Cataldo;H792;085;CL
1968;CL;085;085016;H792;San Cataldo;;AQ;07/04/1968;085004;Caltanissetta;B429;085;CL
1967;RM;058;058111;L719;Velletri;;CECS;15/10/1967;058115;Lariano;M207;058;RM
1967;TN;022;022144;G808;Pomarolo;;CE;30/08/1967;022222;Villa Lagarina;L957;022;TN
1967;TN;022;022222;L957;Villa Lagarina;;AQ;30/08/1967;022144;Pomarolo;G808;022;TN
1967;CO;013;013133;E659;Lomazzo;;CE;18/08/1967;013201;Rovellasca;H601;013;CO
1967;CO;013;013133;E659;Lomazzo;;AQ;18/08/1967;013201;Rovellasca;H601;013;CO
1967;CO;013;013201;H601;Rovellasca;;CE;18/08/1967;013133;Lomazzo;E659;013;CO
1967;CO;013;013201;H601;Rovellasca;;AQ;18/08/1967;013133;Lomazzo;E659;013;CO
1967;CO;013;013121;E428;Lambrugo;;AQ;10/03/1967;013136;Lurago d'Erba;E749;013;CO
1967;CO;013;013136;E749;Lurago d'Erba;;CE;10/03/1967;013121;Lambrugo;E428;013;CO
1966;MI;015;015041;B301;Busto Garolfo;;CECS;09/12/1966;015248;Villa Cortese;L928;015;MI
1966;SV;009;009051;G866;Pontinvrea;;AQ;30/07/1966;009058;Stella;I946;009;SV
1966;SV;009;009058;I946;Stella;;CE;30/07/1966;009051;Pontinvrea;G866;009;SV
1966;ME;083;083016;C347;Castroreale;;CECS;17/07/1966;083106;Terme Vigliatore;M210;083;ME
1966;BL;025;025013;C672;Cibiana;;AQ;10/02/1966;025063;Valle di Cadore;L590;025;BL
1966;BL;025;025063;L590;Valle di Cadore;;CE;10/02/1966;025013;Cibiana;C672;025;BL
1966;BG;016;016199;I629;Serina;;CECS;22/01/1966;016249;Cornalba;D016;016;BG
1965;PZ;076;076067;H312;Ripacandida;;CECS;04/08/1965;076099;Ginestra;E033;076;PZ
1965;MI;015;015024;A872;Binasco;;AQ;06/07/1965;015247;Zibido San Giacomo;M176;015;MI
1965;MI;015;015247;M176;Zibido San Giacomo;;CE;06/07/1965;015024;Binasco;A872;015;MI
1965;PR;034;034021;F174;Mezzani;;AQ;17/02/1965;034037;Sorbolo;I845;034;PR
1965;PR;034;034037;I845;Sorbolo;;CE;17/02/1965;034021;Mezzani;F174;034;PR
1965;VC;002;002013;A876;Bioglio;;CE;16/02/1965;002023;Camandona;B457;002;VC
1965;VC;002;002023;B457;Camandona;;AQ;16/02/1965;002155;Valle San Nicolao;L620;002;VC
1965;VC;002;002023;B457;Camandona;;AQ;16/02/1965;002092;Pettinengo;G521;002;VC
1965;VC;002;002023;B457;Camandona;;AQ;16/02/1965;002013;Bioglio;A876;002;VC
1965;VC;002;002092;G521;Pettinengo;;CE;16/02/1965;002023;Camandona;B457;002;VC
1965;VC;002;002155;L620;Valle San Nicolao;;CE;16/02/1965;002023;Camandona;B457;002;VC
1965;FC;040;040044;I444;Sarsina;;AQES;17/01/1965;040804;Sorbano;I842;040;FC
1965;CA;092;092070;F841;Narcao;;CE;08/01/1965;092077;Nuxis;F991;092;CA
1965;CA;092;092077;F991;Nuxis;;AQ;08/01/1965;092070;Narcao;F841;092;CA
1965;CA;092;092046;E022;Giba;;CECS;02/01/1965;092172;Sant'Anna Arresi;M209;092;CA
1964;CZ;079;079135;I853;Sorianello;;CE;03/10/1964;079136;Soriano Calabro;I854;079;CZ
1964;CZ;079;079136;I854;Soriano Calabro;;AQ;03/10/1964;079135;Sorianello;I853;079;CZ
1964;BZ;021;021055;F836;Nalles/Nals;Nals;AQ;23/09/1964;021099;Tesimo/Tisens;L149;021;BZ
1964;BZ;021;021099;L149;Tesimo/Tisens;Tisens;CE;23/09/1964;021055;Nalles/Nals;F836;021;BZ
1964;CE;061;061017;B781;Carinola;;CECS;01/09/1964;061101;Falciano del Massico;D471;061;CE
1964;BZ;021;021082;H988;San Martino in Badia/St. Martin in Thurn;St. Martin in Thurn;CECS;10/06/1964;021117;La Valle/Wengen;E491;021;BZ
1964;TN;022;022051;C380;Cavareno;;CE;10/06/1964;022170;Sarnonico;I439;022;TN
1964;TN;022;022170;I439;Sarnonico;;AQ;10/06/1964;022051;Cavareno;C380;022;TN
1964;CH;069;069023;C768;Civitaluparella;;CECS;09/04/1964;069104;Fallo;D480;069;CH
1964;BG;016;016170;G856;Ponte San Pietro;;AQ;01/03/1964;016176;Presezzo;H046;016;BG
1964;BG;016;016170;G856;Ponte San Pietro;;CE;01/03/1964;016176;Presezzo;H046;016;BG
1964;BG;016;016176;H046;Presezzo;;CE;01/03/1964;016170;Ponte San Pietro;G856;016;BG
1964;BG;016;016176;H046;Presezzo;;AQ;01/03/1964;016170;Ponte San Pietro;G856;016;BG
1964;SO;014;014005;A382;Ardenno;;AQ;28/01/1964;014025;Dazio;D258;014;SO
1964;SO;014;014025;D258;Dazio;;CE;28/01/1964;014005;Ardenno;A382;014;SO
1963;AL;006;006083;E164;Gremiasco;;CE;09/11/1963;006102;Montacuto;F387;006;AL
1963;AL;006;006102;F387;Montacuto;;AQ;09/11/1963;006083;Gremiasco;E164;006;AL
1963;SS;090;090021;B378;Calangianus;;CECS;27/09/1963;090080;Telti;L088;090;SS
1963;SS;090;090041;F667;Monti;;CECS;27/09/1963;090080;Telti;L088;090;SS
1963;SS;090;090070;L093;Tempio Pausania;;CECS;27/09/1963;090080;Telti;L088;090;SS
1963;VA;012;012088;E510;Leggiuno;;CECS;14/09/1963;012141;Sangiano;H872;012;VA
1963;FR;060;060019;C034;Cassino;;CE;27/08/1963;061069;Rocca d'Evandro;H398;061;CE
1963;CE;061;061069;H398;Rocca d'Evandro;;AQ;27/08/1963;060019;Cassino;C034;060;FR
1963;FE;038;038015;F198;Migliarino;;CECS;31/07/1963;038026;Migliaro;F199;038;FE
1963;PV;018;018043;C484;Ceranova;;AQ;21/06/1963;018080;Lardirago;E454;018;PV
1963;PV;018;018080;E454;Lardirago;;CE;21/06/1963;018043;Ceranova;C484;018;PV
1963;FR;060;060040;D881;Gallinaro;;CE;28/04/1963;060072;Settefrati;I697;060;FR
1963;FR;060;060040;D881;Gallinaro;;AQ;28/04/1963;060072;Settefrati;I697;060;FR
1963;FR;060;060072;I697;Settefrati;;AQ;28/04/1963;060040;Gallinaro;D881;060;FR
1963;FR;060;060072;I697;Settefrati;;CE;28/04/1963;060040;Gallinaro;D881;060;FR
1963;TE;067;067019;C901;Colonnella;;CECS;28/04/1963;067047;Martinsicuro;E989;067;TE
1963;GR;053;053014;E875;Manciano;;CECS;17/04/1963;053028;Semproniano;I601;053;GR
1963;GR;053;053020;H417;Roccalbegna;;CECS;17/04/1963;053028;Semproniano;I601;053;GR
1963;GR;053;053022;I187;Santa Fiora;;CECS;17/04/1963;053028;Semproniano;I601;053;GR
1963;PT;047;047021;L522;Uzzano;;CECS;09/04/1963;047022;Chiesina Uzzanese;C631;047;PT
1963;CH;069;069026;C856;Colledimezzo;;CECS;31/03/1963;069103;Pietraferrazzana;G613;069;CH
1963;LE;075;075064;H632;Ruffano;;CE;30/03/1963;075081;Supersano;L008;075;LE
1963;LE;075;075064;H632;Ruffano;;AQ;30/03/1963;075081;Supersano;L008;075;LE
1963;LE;075;075081;L008;Supersano;;CE;30/03/1963;075064;Ruffano;H632;075;LE
1963;LE;075;075081;L008;Supersano;;AQ;30/03/1963;075064;Ruffano;H632;075;LE
1963;MI;015;015008;A376;Arcore;;AQ;20/02/1963;015227;Usmate Velate;L511;015;MI
1963;MI;015;015227;L511;Usmate Velate;;CE;20/02/1963;015008;Arcore;A376;015;MI
1963;BS;017;017022;B054;Borno;;CECS;13/02/1963;017206;Piancogno;G549;017;BS
1963;BS;017;017128;G179;Ossimo;;CECS;13/02/1963;017206;Piancogno;G549;017;BS
1963;BG;016;016091;D245;Dalmine;;AQ;07/02/1963;016207;Stezzano;I951;016;BG
1963;BG;016;016207;I951;Stezzano;;CE;07/02/1963;016091;Dalmine;D245;016;BG
1963;BS;017;017024;B100;Bovegno;;AQ;07/02/1963;017141;Pezzaze;G529;017;BS
1963;BS;017;017141;G529;Pezzaze;;CE;07/02/1963;017024;Bovegno;B100;017;BS
1962;MI;015;015046;B593;Canegrate;;CE;30/12/1962;015194;San Giorgio su Legnano;H884;015;MI
1962;MI;015;015046;B593;Canegrate;;AQ;30/12/1962;015194;San Giorgio su Legnano;H884;015;MI
1962;MI;015;015146;F205;Milano;;CE;30/12/1962;015209;Sesto San Giovanni;I690;015;MI
1962;MI;015;015194;H884;San Giorgio su Legnano;;CE;30/12/1962;015046;Canegrate;B593;015;MI
1962;MI;015;015194;H884;San Giorgio su Legnano;;AQ;30/12/1962;015046;Canegrate;B593;015;MI
1962;MI;015;015209;I690;Sesto San Giovanni;;AQ;30/12/1962;015146;Milano;F205;015;MI
1962;FE;038;038014;F156;Mesola;;CECS;10/10/1962;038025;Goro;E107;038;FE
1962;FI;048;048009;B794;Carmignano;;CECS;23/09/1962;048051;Poggio a Caiano;G754;048;FI
1962;BG;016;016170;G856;Ponte San Pietro;;AQ;02/08/1962;016176;Presezzo;H046;016;BG
1962;BG;016;016176;H046;Presezzo;;CE;02/08/1962;016170;Ponte San Pietro;G856;016;BG
1962;AL;006;006085;E191;Grondona;;AQ;26/05/1962;006146;Roccaforte Ligure;H406;006;AL
1962;AL;006;006146;H406;Roccaforte Ligure;;CE;26/05/1962;006085;Grondona;E191;006;AL
1962;BS;017;017002;A060;Adro;;CE;26/05/1962;017133;Palazzolo sull'Oglio;G264;017;BS
1962;BS;017;017069;D421;Erbusco;;CE;26/05/1962;017133;Palazzolo sull'Oglio;G264;017;BS
1962;BS;017;017133;G264;Palazzolo sull'Oglio;;AQ;26/05/1962;017069;Erbusco;D421;017;BS
1962;BS;017;017133;G264;Palazzolo sull'Oglio;;AQ;26/05/1962;017002;Adro;A060;017;BS
1962;CA;092;092061;F050;Masullas;;CECS;22/05/1962;092171;Siris;I757;092;CA
1962;LU;046;046004;B007;Borgo a Mozzano;;AQ;10/03/1962;046022;Pescaglia;G480;046;LU
1962;LU;046;046022;G480;Pescaglia;;CE;10/03/1962;046004;Borgo a Mozzano;B007;046;LU
1962;PR;034;034027;G337;Parma;;AQES;03/02/1962;034810;Vigatto;L870;034;PR
1961;FE;038;038009;D713;Formignana;;CECS;26/12/1961;038024;Tresigallo;L390;038;FE
1961;VA;012;012062;D238;Cuveglio;;AQ;29/06/1961;012063;Cuvio;D239;012;VA
1961;VA;012;012063;D239;Cuvio;;CE;29/06/1961;012062;Cuveglio;D238;012;VA
1961;SS;090;090023;C272;Castelsardo;;CECS;14/06/1961;090079;Valledoria;L604;090;SS
1961;SS;090;090065;I565;Sedini;;CECS;14/06/1961;090079;Valledoria;L604;090;SS
1961;PA;082;082032;C871;Collesano;;CECS;11/04/1961;082081;Scillato;I538;082;PA
1961;PV;018;018002;A134;Albaredo Arnaboldi;;CE;09/03/1961;018013;Belgioioso;A741;018;PV
1961;PV;018;018013;A741;Belgioioso;;AQ;09/03/1961;018002;Albaredo Arnaboldi;A134;018;PV
1961;UD;030;030077;E833;Majano;;CE;09/03/1961;030136;San Daniele del Friuli;H816;030;UD
1961;UD;030;030136;H816;San Daniele del Friuli;;AQ;09/03/1961;030077;Majano;E833;030;UD
1961;SA;065;065034;C259;Castel San Giorgio;;CE;01/02/1961;065108;Roccapiemonte;H431;065;SA
1961;SA;065;065108;H431;Roccapiemonte;;AQ;01/02/1961;065034;Castel San Giorgio;C259;065;SA
1961;CZ;079;079033;C960;Conflenti;;CE;28/01/1961;079099;Platania;G734;079;CZ
1961;CZ;079;079099;G734;Platania;;AQ;28/01/1961;079033;Conflenti;C960;079;CZ
1961;GR;053;053015;F032;Massa Marittima;;CECS;26/01/1961;053027;Monterotondo Marittimo;F612;053;GR
1960;BZ;021;021022;C652;Chiusa/Klausen;Klausen;CECS;23/11/1960;021116;Velturno/Feldthurns;L724;021;BZ
1960;TO;001;001002;A109;Airasca;;CE;29/09/1960;001195;Piscina;G705;001;TO
1960;TO;001;001195;G705;Piscina;;AQ;29/09/1960;001002;Airasca;A109;001;TO
1960;NO;003;003008;A429;Arona;;AQ;29/09/1960;003114;Paruzzaro;G349;003;NO
1960;NO;003;003114;G349;Paruzzaro;;CE;29/09/1960;003008;Arona;A429;003;NO
1960;GR;053;053018;G088;Orbetello;;CECS;29/09/1960;053003;Capalbio;B646;053;GR
1960;SA;065;065116;H703;Salerno;;AQ;19/08/1960;065157;Vietri sul Mare;L860;065;SA
1960;SA;065;065157;L860;Vietri sul Mare;;CE;19/08/1960;065116;Salerno;H703;065;SA
1960;AQ;066;066006;A515;Avezzano;;AQ;13/08/1960;066054;Massa d'Albe;F022;066;AQ
1960;AQ;066;066054;F022;Massa d'Albe;;CE;13/08/1960;066006;Avezzano;A515;066;AQ
1960;GR;053;053010;D948;Gavorrano;;CECS;19/07/1960;053024;Scarlino;I510;053;GR
1960;NO;003;003112;G134;Orta San Giulio;;CE;05/07/1960;003115;Pella;G421;003;NO
1960;NO;003;003115;G421;Pella;;AQ;05/07/1960;003112;Orta San Giulio;G134;003;NO
1960;SP;011;011001;A261;Ameglia;;AQ;20/05/1960;011016;Lerici;E542;011;SP
1960;SP;011;011016;E542;Lerici;;CE;20/05/1960;011001;Ameglia;A261;011;SP
1960;BZ;021;021104;L490;Ultimo/Ulten;Ulten;CECS;27/04/1960;021084;San Pancrazio/St. Pankraz;I065;021;BZ
1960;UD;030;030113;G969;Pradamano;;AQ;25/03/1960;030126;Remanzacco;H229;030;UD
1960;UD;030;030126;H229;Remanzacco;;CE;25/03/1960;030113;Pradamano;G969;030;UD
1960;FE;038;038019;G916;Portomaggiore;;CECS;12/03/1960;038023;Voghiera;M110;038;FE
1960;SS;090;090021;B378;Calangianus;;CE;12/03/1960;090047;Olbia;G015;090;SS
1960;SS;090;090047;G015;Olbia;;AQ;12/03/1960;090021;Calangianus;B378;090;SS
1960;CA;092;092039;D639;Fluminimaggiore;;CECS;12/03/1960;092022;Buggerru;B250;092;CA
1960;NU;091;091006;A722;Baunei;;CE;11/03/1960;091097;Triei;L423;091;NU
1960;NU;091;091097;L423;Triei;;AQ;11/03/1960;091006;Baunei;A722;091;NU
1960;TV;026;026002;A360;Arcade;;CECS;21/02/1960;026032;Giavera del Montello;E021;026;TV
1960;BG;016;016060;B978;Casnigo;;CECS;13/02/1960;016067;Cazzano Sant'Andrea;C410;016;BG
1959;AQ;066;066006;A515;Avezzano;;AQ;29/12/1959;066054;Massa d'Albe;F022;066;AQ
1959;AQ;066;066054;F022;Massa d'Albe;;CE;29/12/1959;066006;Avezzano;A515;066;AQ
1959;AL;006;006046;C142;Castellar Guidobono;;AQ;04/12/1959;006181;Viguzzolo;L904;006;AL
1959;AL;006;006181;L904;Viguzzolo;;CE;04/12/1959;006046;Castellar Guidobono;C142;006;AL
1959;FE;038;038019;G916;Portomaggiore;;CECS;09/10/1959;038012;Masi Torello;F016;038;FE
1959;FE;038;038021;I209;Sant'Agostino;;CECS;03/10/1959;038016;Mirabello;F235;038;FE
1959;SO;014;014004;A337;Aprica;;AQ;09/09/1959;014065;Teglio;L084;014;SO
1959;SO;014;014065;L084;Teglio;;CE;09/09/1959;014004;Aprica;A337;014;SO
1959;UD;030;030070;E473;Latisana;;CECS;18/08/1959;030073;Lignano Sabbiadoro;E584;030;UD
1959;BS;017;017006;A293;Angolo;;CE;26/07/1959;017065;Darfo;D251;017;BS
1959;BS;017;017007;A451;Artogne;;CE;26/07/1959;017065;Darfo;D251;017;BS
1959;BS;017;017065;D251;Darfo;;AQ;26/07/1959;017006;Angolo;A293;017;BS
1959;BS;017;017065;D251;Darfo;;AQ;26/07/1959;017007;Artogne;A451;017;BS
1959;TO;001;001254;I154;San Secondo di Pinerolo;;CECS;27/06/1959;001205;Prarostino;G986;001;TO
1959;SA;065;065090;G426;Pellezzano;;CE;20/05/1959;065116;Salerno;H703;065;SA
1959;SA;065;065116;H703;Salerno;;AQ;20/05/1959;065090;Pellezzano;G426;065;SA
1959;NU;091;091073;G929;Posada;;CECS;03/05/1959;091076;San Teodoro;I329;091;NU
1959;NU;091;091073;G929;Posada;;CECS;01/05/1959;091014;Budoni;B248;091;NU
1959;MT;077;077016;F399;Montalbano Jonico;;CECS;25/04/1959;077021;Policoro;G786;077;MT
1959;SS;090;090070;L093;Tempio Pausania;;CECS;09/04/1959;090062;San Francesco d'Aglientu;H848;090;SS
1959;UD;030;030006;A354;Arba;;AQ;08/04/1959;030032;Cavasso Nuovo;C385;030;UD
1959;UD;030;030032;C385;Cavasso Nuovo;;CE;08/04/1959;030006;Arba;A354;030;UD
1959;SS;090;090070;L093;Tempio Pausania;;CECS;08/04/1959;090054;Palau;G258;090;SS
1959;CA;092;092150;L508;Usellus;;CECS;08/04/1959;092078;Ollasta;A126;092;CA
1959;NO;003;003020;A925;Bognanco;;CE;18/03/1959;003061;Domodossola;D332;003;NO
1959;NO;003;003061;D332;Domodossola;;AQ;18/03/1959;003020;Bognanco;A925;003;NO
1959;UD;030;030075;E760;Lusevera;;AQ;18/03/1959;030087;Montenars;F574;030;UD
1959;UD;030;030087;F574;Montenars;;CE;18/03/1959;030075;Lusevera;E760;030;UD
1959;UD;030;030007;A447;Arta;;CE;04/03/1959;030187;Zuglio;M200;030;UD
1959;UD;030;030187;M200;Zuglio;;AQ;04/03/1959;030007;Arta;A447;030;UD
1959;PV;018;018047;C551;Cervesina;;AQ;07/01/1959;018182;Voghera;M109;018;PV
1959;PV;018;018182;M109;Voghera;;CE;07/01/1959;018047;Cervesina;C551;018;PV
1958;AT;005;005052;D388;Dusino San Michele;;CE;02/11/1958;005117;Villafranca d'Asti;L945;005;AT
1958;AT;005;005117;L945;Villafranca d'Asti;;AQ;02/11/1958;005052;Dusino San Michele;D388;005;AT
1958;VT;056;056042;G135;Orte;;CECS;25/10/1958;056006;Bassano in Teverina;A706;056;VT
1958;BG;016;016064;C324;Castione della Presolana;;CECS;10/09/1958;016149;Onore;G075;016;BG
1958;VA;012;012113;G906;Porto Ceresio;;CECS;05/09/1958;012011;Besano;A819;012;VA
1958;BG;016;016241;L938;Villa d'Ogna;;CECS;05/09/1958;016147;Oltressenda Alta;G054;016;BG
1958;BG;016;016241;L938;Villa d'Ogna;;CECS;05/09/1958;016163;Piario;G574;016;BG
1958;IM;008;008020;C660;Chiusavecchia;;CECS;28/08/1958;008033;Lucinasco;E719;008;IM
1958;MI;015;015062;C052;Castano Primo;;CE;28/08/1958;015226;Turbigo;L471;015;MI
1958;MI;015;015226;L471;Turbigo;;AQ;28/08/1958;015062;Castano Primo;C052;015;MI
1958;PV;018;018046;C541;Certosa di Pavia;;CECS;28/08/1958;018015;Borgarello;A989;018;PV
1958;BZ;021;021108;L595;Valle Aurina/Ahrntal;Ahrntal;CECS;27/08/1958;021068;Predoi/Prettau;H019;021;BZ
1958;SS;090;090017;B246;Buddusò;;CE;15/08/1958;090047;Olbia;G015;090;SS
1958;SS;090;090047;G015;Olbia;;AQ;15/08/1958;090017;Buddusò;B246;090;SS
1958;NU;091;091032;E283;Ilbono;;CECS;15/08/1958;091019;Elini;D395;091;NU
1958;CA;092;092045;E004;Ghilarza;;CECS;15/08/1958;092141;Tadasuni;L023;092;CA
1958;CA;092;092045;E004;Ghilarza;;CECS;14/08/1958;092021;Boroneddu;B055;092;CA
1958;SS;090;090001;A069;Aggius;;CECS;12/08/1958;090074;Trinità d'Agultu e Vignola;L428;090;SS
1958;CA;092;092015;A655;Baressa;;CECS;10/08/1958;092013;Baradili;A614;092;CA
1958;CA;092;092070;F841;Narcao;;CECS;10/08/1958;092087;Perdaxius;G446;092;CA
1958;CA;092;092146;L463;Tuili;;CECS;10/08/1958;092126;Setzu;I705;092;CA
1958;CA;092;092146;L463;Tuili;;CECS;10/08/1958;092042;Genuri;D970;092;CA
1958;TN;022;022103;E500;Lavis;;CE;18/06/1958;022225;Zambana;M142;022;TN
1958;TN;022;022126;F853;Nave San Rocco;;CE;18/06/1958;022225;Zambana;M142;022;TN
1958;TN;022;022225;M142;Zambana;;AQ;18/06/1958;022103;Lavis;E500;022;TN
1958;TN;022;022225;M142;Zambana;;AQ;18/06/1958;022126;Nave San Rocco;F853;022;TN
1958;VA;012;012036;B875;Casale Litta;;CECS;28/05/1958;012082;Inarzo;E292;012;VA
1958;BN;062;062012;B444;Calvi;;CECS;28/05/1958;062066;San Nazzaro;I049;062;BN
1958;AV;064;064112;L399;Trevico;;CECS;28/05/1958;064115;Vallesaccarda;L616;064;AV
1958;LE;075;075054;F916;Nociglia;;CECS;28/05/1958;075009;Botrugno;B086;075;LE
1958;BZ;021;021038;E412;Lagundo/Algund;Algund;AQ;16/04/1958;021051;Merano/Meran;F132;021;BZ
1958;BZ;021;021038;E412;Lagundo/Algund;Algund;CE;16/04/1958;021051;Merano/Meran;F132;021;BZ
1958;BZ;021;021051;F132;Merano/Meran;Meran;AQ;16/04/1958;021038;Lagundo/Algund;E412;021;BZ
1958;BZ;021;021051;F132;Merano/Meran;Meran;CE;16/04/1958;021038;Lagundo/Algund;E412;021;BZ
1958;TN;022;022161;H612;Rovereto;;AQ;16/04/1958;022224;Volano;M113;022;TN
1958;TN;022;022224;M113;Volano;;CE;16/04/1958;022161;Rovereto;H612;022;TN
1958;PU;041;041017;D807;Frontino;;AQ;29/03/1958;041047;Piandimeleto;G551;041;PU
1958;PU;041;041047;G551;Piandimeleto;;CE;29/03/1958;041017;Frontino;D807;041;PU
1958;RM;058;058015;B496;Campagnano di Roma;;CECS;29/03/1958;058052;Magliano Romano;E813;058;RM
1958;NA;063;063002;A064;Afragola;;AQ;15/03/1958;063023;Casoria;B990;063;NA
1958;NA;063;063002;A064;Afragola;;CE;15/03/1958;063023;Casoria;B990;063;NA
1958;NA;063;063023;B990;Casoria;;CE;15/03/1958;063002;Afragola;A064;063;NA
1958;NA;063;063023;B990;Casoria;;AQ;15/03/1958;063002;Afragola;A064;063;NA
1958;CA;092;092104;I182;Santadi;;CECS;26/01/1958;092077;Nuxis;F991;092;CA
1958;MO;036;036025;F503;Montefiorino;;CECS;25/01/1958;036029;Palagano;G250;036;MO
1958;MI;015;015007;A375;Arconate;;CECS;22/01/1958;015099;Dairago;D244;015;MI
1958;FG;071;071036;G131;Orta Nova;;CECS;14/01/1958;071010;Carapelle;B724;071;FG
1958;TN;022;022095;E178;Grigno;;CECS;01/01/1958;022130;Ospedaletto;G168;022;TN
1958;TN;022;022158;H545;Roncone;;CECS;01/01/1958;022100;Lardaro;E452;022;TN
1957;RI;057;057003;A315;Antrodoco;;CECS;14/12/1957;057008;Borgo Velino;A996;057;RI
1957;AV;064;064077;H128;Quindici;;CECS;08/12/1957;064064;Moschiano;F762;064;AV
1957;RE;035;035016;C219;Castelnovo ne' Monti;;AQ;05/11/1957;035018;Ciano d'Enza;C669;035;RE
1957;RE;035;035018;C669;Ciano d'Enza;;CE;05/11/1957;035016;Castelnovo ne' Monti;C219;035;RE
1957;TO;001;001115;E020;Giaveno;;CECS;20/08/1957;001285;Valgioie;L578;001;TO
1957;CN;004;004011;A629;Barbaresco;;CECS;14/08/1957;004230;Treiso;L367;004;CN
1957;VA;012;012055;C922;Comerio;;CECS;13/08/1957;012008;Barasso;A619;012;VA
1957;VA;012;012055;C922;Comerio;;CECS;13/08/1957;012093;Luvinate;E769;012;VA
1957;TO;001;001112;D933;Gassino Torinese;;CE;26/07/1957;001265;Settimo Torinese;I703;001;TO
1957;TO;001;001265;I703;Settimo Torinese;;AQ;26/07/1957;001112;Gassino Torinese;D933;001;TO
1957;TO;001;001039;B225;Brusasco;;CECS;21/07/1957;001069;Cavagnolo;C369;001;TO
1957;CN;004;004003;A124;Alba;;AQ;20/07/1957;004011;Barbaresco;A629;004;CN
1957;CN;004;004011;A629;Barbaresco;;CE;20/07/1957;004003;Alba;A124;004;CN
1957;CN;004;004141;F666;Montezemolo;;AQ;20/07/1957;004175;Priero;H059;004;CN
1957;CN;004;004175;H059;Priero;;CE;20/07/1957;004141;Montezemolo;F666;004;CN
1957;BS;017;017037;B698;Capriano del Colle;;CECS;12/07/1957;017008;Azzano Mella;A529;017;BS
1957;TN;022;022153;H330;Riva;;CECS;03/07/1957;022124;Nago-Torbole;F835;022;TN
1957;CA;092;092080;G113;Oristano;;CECS;02/07/1957;092083;Palmas Arborea;G286;092;CA
1957;BZ;021;021051;F132;Merano/Meran;Meran;CECS;12/06/1957;021005;Avelengo/Hafling;A507;021;BZ
1957;BA;072;072023;E155;Gravina in Puglia;;CECS;15/05/1957;072034;Poggiorsini;G769;072;BA
1957;CO;013;013142;E947;Margno;;CECS;03/05/1957;013080;Crandola;D131;013;CO
1957;TA;073;073018;F587;Monteparano;;AQ;03/05/1957;073023;Roccaforzata;H409;073;TA
1957;TA;073;073018;F587;Monteparano;;CE;03/05/1957;073023;Roccaforzata;H409;073;TA
1957;TA;073;073023;H409;Roccaforzata;;CE;03/05/1957;073018;Monteparano;F587;073;TA
1957;TA;073;073023;H409;Roccaforzata;;AQ;03/05/1957;073018;Monteparano;F587;073;TA
1957;CO;013;013210;I252;Santa Maria Rezzonico;;CECS;02/05/1957;013208;Sant'Abbondio;I167;013;CO
1957;RI;057;057032;E393;Labro;;CECS;07/04/1957;057022;Colli di Labro;C880;057;RI
1957;FR;060;060086;L836;Vicalvi;;CECS;07/04/1957;060057;Posta Fibreno;G935;060;FR
1957;TO;001;001108;D781;Frassinetto;;CE;23/03/1957;001121;Ingria;E301;001;TO
1957;TO;001;001121;E301;Ingria;;AQ;23/03/1957;001108;Frassinetto;D781;001;TO
1957;VA;012;012103;F526;Montegrino Valtravaglia;;CECS;14/02/1957;012081;Grantola;E144;012;VA
1957;BS;017;017142;G546;Pian Camuno;;CECS;14/02/1957;017007;Artogne;A451;017;BS
1957;CS;078;078066;E475;Lattarico;;CE;07/02/1957;078148;Torano Castello;L206;078;CS
1957;CS;078;078148;L206;Torano Castello;;AQ;07/02/1957;078066;Lattarico;E475;078;CS
1957;NO;003;003128;H203;Re;;CECS;25/01/1957;003163;Villette;M042;003;NO
1957;VA;012;012003;A290;Angera;;CECS;25/01/1957;012116;Ranco;H174;012;VA
1957;MS;045;045014;G870;Pontremoli;;AQ;24/01/1957;045017;Zeri;M169;045;MS
1957;MS;045;045017;M169;Zeri;;CE;24/01/1957;045014;Pontremoli;G870;045;MS
1957;CZ;079;079002;A155;Albi;;CECS;18/01/1957;079127;Sellia Marina;I590;079;CZ
1957;CZ;079;079036;D181;Cropani;;CECS;18/01/1957;079127;Sellia Marina;I590;079;CZ
1957;CZ;079;079068;E806;Magisano;;CECS;18/01/1957;079127;Sellia Marina;I590;079;CZ
1957;CZ;079;079074;E991;Martirano Lombardo;;CECS;18/01/1957;079073;Martirano;E990;079;CZ
1957;CZ;079;079126;I589;Sellia;;CECS;18/01/1957;079127;Sellia Marina;I590;079;CZ
1957;CZ;079;079139;I875;Soveria Simeri;;CECS;18/01/1957;079127;Sellia Marina;I590;079;CZ
1957;CZ;079;079005;A272;Andali;;CECS;17/01/1957;079012;Botricello;B085;079;CZ
1957;BN;062;062039;F113;Melizzano;;CECS;11/01/1957;062027;Dugenta;D380;062;BN
1956;VA;012;012063;D239;Cuvio;;CECS;29/11/1956;012062;Cuveglio;D238;012;VA
1956;TN;022;022033;B400;Caldes;;CECS;20/11/1956;022054;Cavizzana;C400;022;TN
1956;TO;001;001066;C133;Castellamonte;;AQ;10/11/1956;001091;Colleretto Castelnuovo;C867;001;TO
1956;TO;001;001091;C867;Colleretto Castelnuovo;;CE;10/11/1956;001066;Castellamonte;C133;001;TO
1956;VC;002;002009;A601;Balocco;;CE;10/11/1956;002059;Formigliana;D712;002;VC
1956;VC;002;002059;D712;Formigliana;;AQ;10/11/1956;002009;Balocco;A601;002;VC
1956;RE;035;035013;B967;Casina;;AQ;10/11/1956;035018;Ciano d'Enza;C669;035;RE
1956;RE;035;035018;C669;Ciano d'Enza;;CE;10/11/1956;035013;Casina;B967;035;RE
1956;GE;010;010004;A922;Bogliasco;;AQ;08/11/1956;010043;Pieve Ligure;G646;010;GE
1956;GE;010;010043;G646;Pieve Ligure;;CE;08/11/1956;010004;Bogliasco;A922;010;GE
1956;TN;022;022039;B579;Canazei;;CECS;04/11/1956;022036;Campitello di Fassa;B514;022;TN
1956;TO;001;001228;H583;Rosta;;CE;07/10/1956;001302;Villarbasse;M002;001;TO
1956;TO;001;001302;M002;Villarbasse;;AQ;07/10/1956;001228;Rosta;H583;001;TO
1956;BS;017;017168;H650;Sabbio Chiese;;CECS;16/09/1956;017012;Barghe;A661;017;BS
1956;RO;029;029016;C967;Contarina;;AQ;09/08/1956;029020;Donada;D337;029;RO
1956;RO;029;029016;C967;Contarina;;CE;09/08/1956;029020;Donada;D337;029;RO
1956;RO;029;029020;D337;Donada;;AQ;09/08/1956;029016;Contarina;C967;029;RO
1956;RO;029;029020;D337;Donada;;CE;09/08/1956;029016;Contarina;C967;029;RO
1956;AN;042;042014;C615;Chiaravalle;;AQ;09/08/1956;042030;Monte San Vito;F634;042;AN
1956;AN;042;042014;C615;Chiaravalle;;CE;09/08/1956;042030;Monte San Vito;F634;042;AN
1956;AN;042;042030;F634;Monte San Vito;;AQ;09/08/1956;042014;Chiaravalle;C615;042;AN
1956;AN;042;042030;F634;Monte San Vito;;CE;09/08/1956;042014;Chiaravalle;C615;042;AN
1956;TE;067;067044;L307;Tortoreto;;CECS;29/07/1956;067001;Alba Adriatica;A125;067;TE
1956;SP;011;011007;B214;Brugnato;;AQ;25/07/1956;011032;Zignago;M177;011;SP
1956;SP;011;011032;M177;Zignago;;CE;25/07/1956;011007;Brugnato;B214;011;SP
1956;GR;053;053004;C085;Castel del Piano;;AQ;13/06/1956;053007;Cinigiano;C705;053;GR
1956;GR;053;053007;C705;Cinigiano;;CE;13/06/1956;053004;Castel del Piano;C085;053;GR
1956;PV;018;018117;G851;Ponte Nizza;;CECS;06/06/1956;018042;Cecima;C414;018;PV
1956;TO;001;001038;B216;Bruino;;CECS;24/05/1956;001241;Sangano;H855;001;TO
1956;NO;003;003102;F639;Montescheno;;CECS;20/05/1956;003160;Viganella;L864;003;NO
1956;NO;003;003102;F639;Montescheno;;CECS;20/05/1956;003137;Seppiana;I619;003;NO
1956;TO;001;001183;G398;Pecetto Torinese;;CE;25/04/1956;001280;Trofarello;L445;001;TO
1956;TO;001;001280;L445;Trofarello;;AQ;25/04/1956;001183;Pecetto Torinese;G398;001;TO
1956;IM;008;008039;G164;Ospedaletti;;CE;21/04/1956;008055;Sanremo;I138;008;IM
1956;IM;008;008055;I138;Sanremo;;AQ;21/04/1956;008039;Ospedaletti;G164;008;IM
1956;MI;015;015180;H233;Renate;;CECS;08/04/1956;015233;Veduggio con Colzano;L709;015;MI
1956;BS;017;017117;F851;Nave;;CECS;25/03/1956;017031;Caino;B365;017;BS
1956;VA;012;012006;A531;Azzate;;CECS;04/03/1956;012023;Brunello;B219;012;VA
1956;VA;012;012006;A531;Azzate;;CECS;04/03/1956;012025;Buguggiate;B258;012;VA
1956;FC;040;040035;H294;Rimini;;CECS;04/03/1956;040002;Bellaria-Igea Marina;A747;040;FC
1956;AL;006;006013;A708;Bassignana;;CECS;26/01/1956;006105;Montecastello;F455;006;AL
1956;AL;006;006129;G619;Pietra Marazzi;;CECS;26/01/1956;006105;Montecastello;F455;006;AL
1956;BS;017;017024;B100;Bovegno;;CECS;06/01/1956;017084;Irma;E325;017;BS
1956;BZ;021;021074;H299;Rio di Pusteria/Mühlbach;Mühlbach;CECS;04/01/1956;021075;Rodengo/Rodeneck;H475;021;BZ
1955;VA;012;012092;E734;Luino;;AQ;01/12/1955;012094;Maccagno;E775;012;VA
1955;VA;012;012094;E775;Maccagno;;CE;01/12/1955;012092;Luino;E734;012;VA
1955;AL;006;006002;A146;Albera Ligure;;AQ;26/11/1955;006148;Rocchetta Ligure;H465;006;AL
1955;AL;006;006015;A793;Bergamasco;;CECS;26/11/1955;006031;Carentino;B765;006;AL
1955;AL;006;006148;H465;Rocchetta Ligure;;CE;26/11/1955;006002;Albera Ligure;A146;006;AL
1955;BS;017;017021;B040;Borgosatollo;;CECS;26/11/1955;017114;Montirone;F680;017;BS
1955;GR;053;053006;C310;Castiglione della Pescaia;;AQ;26/11/1955;053011;Grosseto;E202;053;GR
1955;GR;053;053006;C310;Castiglione della Pescaia;;CE;26/11/1955;053011;Grosseto;E202;053;GR
1955;GR;053;053011;E202;Grosseto;;AQ;26/11/1955;053006;Castiglione della Pescaia;C310;053;GR
1955;GR;053;053011;E202;Grosseto;;CE;26/11/1955;053006;Castiglione della Pescaia;C310;053;GR
1955;TO;001;001258;I465;Sauze di Cesana;;CE;19/08/1955;001263;Sestriere;I692;001;TO
1955;TO;001;001263;I692;Sestriere;;AQ;19/08/1955;001258;Sauze di Cesana;I465;001;TO
1955;VA;012;012059;D199;Cugliate-Fabiasco;;CECS;19/08/1955;012097;Marchirolo;E929;012;VA
1955;GO;031;031001;B712;Capriva del Friuli;;CECS;19/08/1955;031014;Mossa;F767;031;GO
1955;GO;031;031001;B712;Capriva del Friuli;;CECS;19/08/1955;031013;Moraro;F710;031;GO
1955;GO;031;031001;B712;Capriva del Friuli;;CECS;19/08/1955;031020;San Lorenzo di Mossa;H964;031;GO
1955;FG;071;071033;F631;Monte Sant'Angelo;;CECS;19/08/1955;071031;Mattinata;F059;071;FG
1955;TO;001;001006;A218;Almese;;CECS;10/07/1955;001303;Villar Dora;L999;001;TO
1955;BG;016;016205;I916;Spinone dei Castelli;;CECS;10/07/1955;016026;Bianzano;A846;016;BG
1955;NO;003;003151;L651;Valstrona;;CECS;09/06/1955;003094;Massiola;F048;003;NO
1955;NO;003;003151;L651;Valstrona;;CECS;09/06/1955;003085;Loreglia;E685;003;NO
1955;NO;003;003151;L651;Valstrona;;CECS;09/06/1955;003072;Germagno;D984;003;NO
1955;VT;056;056038;F606;Monterosi;;AQ;27/05/1955;056039;Nepi;F868;056;VT
1955;VT;056;056038;F606;Monterosi;;CE;27/05/1955;056039;Nepi;F868;056;VT
1955;VT;056;056039;F868;Nepi;;CE;27/05/1955;056038;Monterosi;F606;056;VT
1955;VT;056;056039;F868;Nepi;;AQ;27/05/1955;056038;Monterosi;F606;056;VT
1955;BG;016;016084;D110;Costa di Monticelli;;CECS;14/05/1955;016139;Monticelli di Borgogna;F547;016;BG
1955;GO;031;031002;D014;Cormons;;CECS;14/05/1955;031011;Medea;F081;031;GO
1955;NO;003;003159;L847;Vicolungo;;CECS;19/03/1955;003090;Mandello Vitta;E880;003;NO
1955;NO;003;003050;C567;Cesara;;CECS;12/03/1955;003007;Arola;A427;003;NO
1955;BS;017;017183;C698;Tavernole sul Mella;;CECS;12/03/1955;017105;Marmentino;E961;017;BS
1955;CR;019;019081;H315;Ripalta Cremasca;;CECS;12/03/1955;019082;Ripalta Guerina;H316;019;CR
1955;TN;022;022119;F286;Molina di Ledro;;CE;02/03/1955;022153;Riva;H330;022;TN
1955;TN;022;022119;F286;Molina di Ledro;;CE;02/03/1955;022141;Pieve di Ledro;G644;022;TN
1955;TN;022;022139;G452;Pergine Valsugana;;CECS;02/03/1955;022216;Vignola-Falesina;L886;022;TN
1955;TN;022;022141;G644;Pieve di Ledro;;AQ;02/03/1955;022119;Molina di Ledro;F286;022;TN
1955;TN;022;022153;H330;Riva;;AQ;02/03/1955;022119;Molina di Ledro;F286;022;TN
1955;TN;022;022222;L957;Villa Lagarina;;CECS;02/03/1955;022127;Nogaredo;F920;022;TN
1955;TP;081;081004;B521;Campobello di Mazara;;AQ;15/02/1955;081006;Castelvetrano;C286;081;TP
1955;TP;081;081006;C286;Castelvetrano;;CE;15/02/1955;081004;Campobello di Mazara;B521;081;TP
1955;TP;081;081008;D423;Erice;;CECS;15/02/1955;081022;Paparella San Marco;G319;081;TP
1955;AG;084;084003;A351;Aragona;;CECS;15/02/1955;084037;Santa Elisabetta;I185;084;AG
1955;CT;087;087046;I216;Sant'Alfio;;CECS;15/02/1955;087026;Milo;F214;087;CT
1955;NO;003;003119;G703;Pisano;;CECS;04/02/1955;003051;Colazza;C829;003;NO
1955;VC;002;002005;A280;Andorno Micca;;CECS;19/01/1955;002077;Miagliano;F189;002;VC
1955;VC;002;002005;A280;Andorno Micca;;CECS;19/01/1955;002143;Tavigliano;L075;002;VC
1954;BG;016;016024;A794;Bergamo;;CE;26/11/1954;016150;Orio al Serio;G108;016;BG
1954;BG;016;016024;A794;Bergamo;;AQ;26/11/1954;016150;Orio al Serio;G108;016;BG
1954;BG;016;016150;G108;Orio al Serio;;AQ;26/11/1954;016024;Bergamo;A794;016;BG
1954;BG;016;016150;G108;Orio al Serio;;CE;26/11/1954;016024;Bergamo;A794;016;BG
1954;LE;075;075063;H147;Racale;;CE;05/11/1954;075085;Taviano;L074;075;LE
1954;LE;075;075063;H147;Racale;;AQ;05/11/1954;075085;Taviano;L074;075;LE
1954;LE;075;075085;L074;Taviano;;AQ;05/11/1954;075063;Racale;H147;075;LE
1954;LE;075;075085;L074;Taviano;;CE;05/11/1954;075063;Racale;H147;075;LE
1954;BG;016;016118;E189;Gromo;;CECS;29/10/1954;016225;Valgoglio;L579;016;BG
1954;BG;016;016118;E189;Gromo;;CECS;29/10/1954;016107;Gandellino;D903;016;BG
1954;TA;073;073011;E630;Lizzano;;CECS;29/10/1954;073028;Torricella;L294;073;TA
1954;VR;023;023074;H712;San Mauro di Saline;;CE;26/10/1954;023087;Tregnago;L364;023;VR
1954;VR;023;023087;L364;Tregnago;;AQ;26/10/1954;023074;San Mauro di Saline;H712;023;VR
1954;AQ;066;066006;A515;Avezzano;;AQ;26/10/1954;066032;Celano;C426;066;AQ
1954;AQ;066;066032;C426;Celano;;CE;26/10/1954;066006;Avezzano;A515;066;AQ
1954;AQ;066;066043;D681;Fontecchio;;CE;21/10/1954;066100;Tione degli Abruzzi;L173;066;AQ
1954;AQ;066;066100;L173;Tione degli Abruzzi;;AQ;21/10/1954;066043;Fontecchio;D681;066;AQ
1954;TO;001;001184;G463;Perosa Argentina;;CECS;17/10/1954;001198;Pomaretto;G805;001;TO
1954;TO;001;001030;B015;Borgofranco d'Ivrea;;CECS;24/08/1954;001209;Quassolo;H120;001;TO
1954;TN;022;022166;H966;San Lorenzo in Banale;;CECS;24/07/1954;022077;Dorsino;D349;022;TN
1954;PA;082;082007;A592;Balestrate;;CECS;23/07/1954;082074;Trappeto;L332;082;PA
1954;TN;022;022131;G173;Ossana;;CECS;17/07/1954;022137;Pellizzano;G428;022;TN
1954;TO;001;001010;A282;Andrate;;CECS;15/07/1954;001167;Nomaglio;F927;001;TO
1954;TO;001;001110;D812;Frossasco;;CECS;15/07/1954;001053;Cantalupa;B628;001;TO
1954;TO;001;001110;D812;Frossasco;;CECS;15/07/1954;001222;Roletto;H498;001;TO
1954;PV;018;018175;L788;Verrua Po;;CECS;15/07/1954;018119;Rea;H204;018;PV
1954;IM;008;008021;C718;Cipressa;;CECS;03/07/1954;008024;Costarainera;D114;008;IM
1954;AQ;066;066087;H819;San Demetrio ne' Vestini;;CECS;03/07/1954;066105;Villa Sant'Angelo;M023;066;AQ
1954;AQ;066;066087;H819;San Demetrio ne' Vestini;;CECS;03/07/1954;066090;Sant'Eusanio Forconese;I336;066;AQ
1954;TO;001;001104;D562;Fiano;;CECS;30/06/1954;001289;Varisella;L685;001;TO
1954;TO;001;001104;D562;Fiano;;CECS;30/06/1954;001286;Vallo Torinese;L629;001;TO
1954;TO;001;001242;H862;San Germano Chisone;;CECS;30/06/1954;001204;Pramollo;G982;001;TO
1954;GO;031;031015;H514;Romans d'Isonzo;;CECS;30/06/1954;031025;Villesse;M043;031;GO
1954;IM;008;008010;B020;Borgomaro;;CECS;04/06/1954;008005;Aurigo;A499;008;IM
1954;VA;012;012063;D239;Cuvio;;CECS;04/06/1954;012066;Duno;D385;012;VA
1954;VR;023;023097;M172;Zevio;;CECS;20/05/1954;023056;Palù;G297;023;VR
1954;AL;006;006025;B311;Cabella Ligure;;AQ;24/04/1954;006100;Mongiardino Ligure;F365;006;AL
1954;AL;006;006100;F365;Mongiardino Ligure;;CE;24/04/1954;006025;Cabella Ligure;B311;006;AL
1954;NO;003;003069;D911;Garbagna Novarese;;CE;24/01/1954;003144;Terdobbiate;L104;003;NO
1954;NO;003;003144;L104;Terdobbiate;;AQ;24/01/1954;003069;Garbagna Novarese;D911;003;NO
1954;AL;006;006161;I711;Sezzadio;;CECS;24/01/1954;006054;Castelspina;C274;006;AL
1953;CO;013;013017;A686;Barzanò;;CECS;06/12/1953;013214;Sirtori;I761;013;CO
1953;CO;013;013017;A686;Barzanò;;CECS;06/12/1953;013244;Viganò;L866;013;CO
1953;CO;013;013017;A686;Barzanò;;CECS;06/12/1953;013081;Cremella;D143;013;CO
1953;BZ;021;021080;H952;San Leonardo in Passiria/St. Leonhard in Passeier;St. Leonhard in Passeier;CECS;25/11/1953;021083;San Martino in Passiria/St. Martin in Passeier;H989;021;BZ
1953;AL;006;006093;F131;Merana;;AQ;17/11/1953;006165;Spigno Monferrato;I901;006;AL
1953;AL;006;006165;I901;Spigno Monferrato;;CE;17/11/1953;006093;Merana;F131;006;AL
1953;VA;012;012139;L876;Viggiù;;CECS;15/10/1953;012117;Saltrio;H723;012;VA
1953;CO;013;013166;G026;Olgiate Molgora;;CECS;13/09/1953;013039;Calco;B396;013;CO
1953;TN;022;022075;D302;Dimaro;;CECS;12/09/1953;022121;Monclassico;F341;022;TN
1953;TN;022;022183;I964;Storo;;CECS;12/09/1953;022021;Bondone;A968;022;TN
1953;VA;012;012051;C751;Cittiglio;;CECS;01/09/1953;012019;Brenta;B150;012;VA
1953;UD;030;030010;A491;Attimis;;CE;01/09/1953;030055;Faedis;D455;030;UD
1953;UD;030;030055;D455;Faedis;;AQ;01/09/1953;030010;Attimis;A491;030;UD
1953;CR;019;019037;D151;Cremosano;;CECS;26/08/1953;019011;Campagnola Cremasca;B498;019;CR
1953;CR;019;019037;D151;Cremosano;;CECS;26/08/1953;019072;Pianengo;G558;019;CR
1953;TO;001;001063;B960;Caselle Torinese;;CE;06/08/1953;001220;Robassomero;H367;001;TO
1953;TO;001;001220;H367;Robassomero;;AQ;06/08/1953;001063;Caselle Torinese;B960;001;TO
1953;VA;012;012092;E734;Luino;;CECS;24/07/1953;012020;Brezzo di Bedero;B166;012;VA
1953;CO;013;013105;D926;Garlate;;CECS;24/07/1953;013182;Pescate;G485;013;CO
1953;VA;012;012022;B191;Brissago-Valtravaglia;;CECS;21/07/1953;012102;Mesenzana;F154;012;VA
1953;VA;012;012139;L876;Viggiù;;CECS;19/07/1953;012052;Clivio;C796;012;VA
1953;AL;006;006138;G961;Pozzolo Formigaro;;AQ;16/07/1953;006183;Villalvernia;L963;006;AL
1953;AL;006;006183;L963;Villalvernia;;CE;16/07/1953;006138;Pozzolo Formigaro;G961;006;AL
1953;UD;030;030011;A516;Aviano;;AQ;16/07/1953;030088;Montereale Cellina;F596;030;UD
1953;UD;030;030088;F596;Montereale Cellina;;CE;16/07/1953;030011;Aviano;A516;030;UD
1953;NA;063;063070;I151;San Sebastiano al Vesuvio;;CECS;18/06/1953;063089;Volla;M115;063;NA
1953;CO;013;013235;L680;Varenna;;CECS;17/06/1953;013181;Perledo;G456;013;CO
1953;BZ;021;021055;F836;Nalles/Nals;Nals;CECS;23/05/1953;021002;Andriano/Andrian;A286;021;BZ
1953;BZ;021;021067;H004;Prato Venosta/Prad;Prad;CECS;23/05/1953;021095;Stelvio/Stilfs;I948;021;BZ
1953;BG;016;016037;B137;Brembate;;AQ;17/02/1953;016049;Canonica d'Adda;B618;016;BG
1953;BG;016;016049;B618;Canonica d'Adda;;CE;17/02/1953;016037;Brembate;B137;016;BG
1953;BG;016;016049;B618;Canonica d'Adda;;CE;17/02/1953;016051;Capriate San Gervasio;B703;016;BG
1953;BG;016;016051;B703;Capriate San Gervasio;;AQ;17/02/1953;016049;Canonica d'Adda;B618;016;BG
1953;AT;005;005077;F556;Montemagno;;CE;25/01/1953;005089;Refrancore;H219;005;AT
1953;AT;005;005089;H219;Refrancore;;AQ;25/01/1953;005077;Montemagno;F556;005;AT
1953;TN;022;022051;C380;Cavareno;;CECS;04/01/1953;022162;Ruffrè;H634;022;TN
1953;TN;022;022051;C380;Cavareno;;CECS;04/01/1953;022170;Sarnonico;I439;022;TN
1953;TN;022;022051;C380;Cavareno;;CECS;04/01/1953;022159;Ronzone;H552;022;TN
1953;TN;022;022110;E850;Malé;;CECS;04/01/1953;022068;Croviana;D188;022;TN
1953;TN;022;022110;E850;Malé;;CECS;04/01/1953;022195;Terzolas;L145;022;TN
1953;TN;022;022167;I042;San Michele all'Adige;;CECS;04/01/1953;022080;Faedo;D457;022;TN
1953;TN;022;022169;I411;Sanzeno;;CECS;04/01/1953;022008;Banco;A608;022;TN
1953;TN;022;022169;I411;Sanzeno;;CECS;04/01/1953;022044;Casez;B964;022;TN
1952;ME;083;083038;E555;Letojanni;;CECS;14/12/1952;083031;Gallodoro;D885;083;ME
1952;ME;083;083105;L950;Villafranca Tirrena;;CECS;14/12/1952;083092;Saponara;I420;083;ME
1952;VA;012;012029;B368;Cairate;;CE;18/10/1952;012067;Fagnano Olona;D467;012;VA
1952;VA;012;012067;D467;Fagnano Olona;;AQ;18/10/1952;012029;Cairate;B368;012;VA
1952;PC;033;033016;C838;Coli;;CE;18/10/1952;033017;Corte Brugnatella;D054;033;PC
1952;PC;033;033017;D054;Corte Brugnatella;;AQ;18/10/1952;033016;Coli;C838;033;PC
1952;TN;022;022014;A839;Bezzecca;;CECS;20/09/1952;022065;Concei;C944;022;TN
1952;TN;022;022014;A839;Bezzecca;;CECS;20/09/1952;022141;Pieve di Ledro;G644;022;TN
1952;TN;022;022067;C994;Coredo;;CECS;20/09/1952;022173;Sfruz;I714;022;TN
1952;TN;022;022067;C994;Coredo;;CECS;20/09/1952;022175;Smarano;I772;022;TN
1952;TN;022;022074;D273;Denno;;CECS;20/09/1952;022037;Campodenno;B525;022;TN
1952;TN;022;022140;G641;Pieve di Bono;;CECS;20/09/1952;022072;Daone;D248;022;TN
1952;TN;022;022140;G641;Pieve di Bono;;CECS;20/09/1952;022149;Prezzo;H057;022;TN
1952;TN;022;022140;G641;Pieve di Bono;;CECS;20/09/1952;022012;Bersone;A808;022;TN
1952;TN;022;022140;G641;Pieve di Bono;;CECS;20/09/1952;022146;Praso;G989;022;TN
1952;TN;022;022155;H517;Romeno;;CECS;20/09/1952;022004;Amblar;A260;022;TN
1952;TN;022;022155;H517;Romeno;;CECS;20/09/1952;022076;Don;D336;022;TN
1952;TN;022;022215;L821;Vezzano;;CECS;20/09/1952;022132;Padergnone;G214;022;TN
1952;TP;081;081008;D423;Erice;;CECS;17/08/1952;081020;San Vito Lo Capo;I407;081;TP
1952;SV;009;009005;A226;Altare;;AQ;24/05/1952;009052;Quiliano;H126;009;SV
1952;SV;009;009052;H126;Quiliano;;CE;24/05/1952;009005;Altare;A226;009;SV
1952;BZ;021;021045;E829;Magrè all'Adige/Margreid;Margreid;CECS;17/05/1952;021025;Cortina all'Adige/Kurtinig;D075;021;BZ
1952;TN;022;022002;A158;Albiano;;CECS;17/05/1952;022108;Lona-Lases;E664;022;TN
1952;TN;022;022055;C452;Cembra;;CECS;17/05/1952;022105;Lisignago;E614;022;TN
1952;TN;022;022055;C452;Cembra;;CECS;17/05/1952;022082;Faver;D516;022;TN
1952;TN;022;022096;E222;Grumes;;CECS;17/05/1952;022208;Valda;L550;022;TN
1952;TN;022;022096;E222;Grumes;;CECS;17/05/1952;022094;Grauno;E150;022;TN
1952;TN;022;022107;E658;Lomaso;;CECS;17/05/1952;022083;Fiavè;D565;022;TN
1952;TN;022;022143;G681;Pinzolo;;CECS;17/05/1952;022042;Carisolo;B783;022;TN
1952;TN;022;022143;G681;Pinzolo;;CECS;17/05/1952;022112;Massimeno;F045;022;TN
1952;TN;022;022143;G681;Pinzolo;;CECS;17/05/1952;022093;Giustino;E065;022;TN
1952;TN;022;022151;H162;Ragoli;;CECS;17/05/1952;022122;Montagne;F396;022;TN
1952;TN;022;022151;H162;Ragoli;;CECS;17/05/1952;022148;Preore;H039;022;TN
1952;TN;022;022199;L174;Tione di Trento;;CECS;17/05/1952;022227;Zuclo;M198;022;TN
1952;TN;022;022199;L174;Tione di Trento;;CECS;17/05/1952;022019;Bolbeno;A933;022;TN
1952;TN;022;022217;L893;Vigo di Fassa;;CECS;17/05/1952;022176;Soraga;I839;022;TN
1952;TN;022;022217;L893;Vigo di Fassa;;CECS;17/05/1952;022113;Mazzin;F068;022;TN
1952;TN;022;022217;L893;Vigo di Fassa;;CECS;17/05/1952;022145;Pozza;G950;022;TN
1952;CZ;079;079031;C725;Cirò;;CECS;24/04/1952;079032;Cirò Marina;C726;079;CZ
1952;AO;007;007036;E369;Issime;;CECS;19/04/1952;007029;Gaby;D839;007;AO
1952;PR;034;034027;G337;Parma;;CECS;29/01/1952;034810;Vigatto;L870;034;PR
1952;AP;044;044068;I324;Sant'Elpidio a Mare;;CECS;01/01/1952;044061;Porto Sant'Elpidio;G921;044;AP
1952;PZ;076;076007;A519;Avigliano;;CECS;01/01/1952;076032;Filiano;D593;076;PZ
1951;RM;058;058039;D773;Frascati;;AQ;21/08/1951;058064;Monte Porzio Catone;F590;058;RM
1951;RM;058;058039;D773;Frascati;;CE;21/08/1951;058064;Monte Porzio Catone;F590;058;RM
1951;RM;058;058064;F590;Monte Porzio Catone;;AQ;21/08/1951;058039;Frascati;D773;058;RM
1951;RM;058;058064;F590;Monte Porzio Catone;;CE;21/08/1951;058039;Frascati;D773;058;RM
1951;PR;034;034024;F882;Neviano degli Arduini;;CE;18/07/1951;034042;Traversetolo;L346;034;PR
1951;PR;034;034042;L346;Traversetolo;;AQ;18/07/1951;034024;Neviano degli Arduini;F882;034;PR
1951;AQ;066;066055;M255;Molina Aterno;;CE;01/07/1951;066100;Tione degli Abruzzi;L173;066;AQ
1951;AQ;066;066100;L173;Tione degli Abruzzi;;AQ;01/07/1951;066055;Molina Aterno;M255;066;AQ
1951;CT;087;087005;A029;Aci Sant'Antonio;;CECS;06/05/1951;087052;Valverde;L658;087;CT
1951;CT;087;087048;I314;Santa Venerina;;CE;06/05/1951;087055;Zafferana Etnea;M139;087;CT
1951;CT;087;087055;M139;Zafferana Etnea;;AQ;06/05/1951;087048;Santa Venerina;I314;087;CT
1951;LI;049;049010;E930;Marciana;;CE;10/03/1951;049014;Portoferraio;G912;049;LI
1951;LI;049;049014;G912;Portoferraio;;AQ;10/03/1951;049010;Marciana;E930;049;LI
1951;PA;082;082047;F184;Mezzojuso;;CECS;04/03/1951;082016;Campofelice di Fitalia;B533;082;PA
1951;AT;005;005040;C739;Cisterna d'Asti;;CE;20/02/1951;005053;Ferrere;D554;005;AT
1951;AT;005;005053;D554;Ferrere;;AQ;20/02/1951;005040;Cisterna d'Asti;C739;005;AT
1951;GO;031;031001;B712;Capriva di Cormons;;CECS;15/02/1951;031019;San Floriano del Collio;H845;031;GO
1951;GO;031;031003;D312;Doberdò del Lago;;AQ;15/02/1951;031017;Sagrado;H665;031;GO
1951;GO;031;031017;H665;Sagrado;;CE;15/02/1951;031003;Doberdò del Lago;D312;031;GO
1951;GO;031;031017;H665;Sagrado;;CECS;15/02/1951;031022;Savogna d'Isonzo;I479;031;GO
1951;AQ;066;066060;G002;Ofena;;CE;02/02/1951;066104;Villa Santa Lucia degli Abruzzi;M021;066;AQ
1951;AQ;066;066104;M021;Villa Santa Lucia degli Abruzzi;;AQ;02/02/1951;066060;Ofena;G002;066;AQ
1951;SS;090;090022;B772;Cargeghe;;CECS;12/01/1951;090043;Muros;F818;090;SS
1951;CA;092;092040;D695;Fordongianus;;CECS;12/01/1951;092160;Villanova Truschedu;L991;092;CA
1951;CA;092;092057;E742;Lunamatrona;;CECS;12/01/1951;092085;Pauli Arbarei;G382;092;CA
1951;CA;092;092062;F208;Milis;;CECS;12/01/1951;092144;Tramatza;L321;092;CA
1951;CA;092;092093;F271;Ruinas;;CECS;12/01/1951;092108;Sant'Antonio Ruinas;I298;092;CA
1951;CA;092;092093;F271;Ruinas;;CECS;12/01/1951;092063;Mogorella;F270;092;CA
1951;CA;092;092119;I609;Senis;;CECS;12/01/1951;092076;Nureci;F985;092;CA
1951;CA;092;092137;I791;Solarussa;;CECS;12/01/1951;092127;Siamaggiore;I717;092;CA
1951;CA;092;092139;I861;Sorradile;;CECS;12/01/1951;092019;Bidonì;A856;092;CA
1950;VA;012;012133;L682;Varese;;CECS;24/12/1950;012083;Induno Olona;E299;012;VA
1950;RG;088;088006;F258;Modica;;AQ;12/11/1950;089013;Noto;F943;089;SR
1950;RG;088;088009;H163;Ragusa;;AQ;12/11/1950;089013;Noto;F943;089;SR
1950;SR;089;089013;F943;Noto;;CE;12/11/1950;088006;Modica;F258;088;RG
1950;SR;089;089013;F943;Noto;;CE;12/11/1950;088009;Ragusa;H163;088;RG
1950;NO;003;003061;D332;Domodossola;;AQ;09/09/1950;003150;Trontano;L450;003;NO
1950;NO;003;003103;F859;Nebbiuno;;AQ;09/09/1950;003119;Pisano;G703;003;NO
1950;NO;003;003119;G703;Pisano;;CE;09/09/1950;003103;Nebbiuno;F859;003;NO
1950;NO;003;003150;L450;Trontano;;CE;09/09/1950;003061;Domodossola;D332;003;NO
1950;BS;017;017073;D891;Gambara;;CECS;03/08/1950;017071;Fiesse;D576;017;BS
1950;TP;081;081008;D423;Erice;;CECS;01/08/1950;081002;Buseto Palizzolo;B288;081;TP
1950;VA;012;012119;I441;Saronno;;CECS;19/07/1950;012075;Gerenzano;D981;012;VA
1950;VA;012;012119;I441;Saronno;;CECS;19/07/1950;012130;Uboldo;L480;012;VA
1950;ME;083;083062;F951;Novara di Sicilia;;CECS;15/07/1950;083023;Fondachelli-Fantina;D661;083;ME
1950;CN;004;004219;I659;Serravalle Langhe;;CECS;24/06/1950;004063;Cerretto Langhe;C530;004;CN
1950;CA;092;092001;A007;Abbasanta;;CE;16/06/1950;092072;Norbello;F934;092;CA
1950;CA;092;092072;F934;Norbello;;AQ;16/06/1950;092001;Abbasanta;A007;092;CA
1950;TN;022;022152;H254;Revò;;CECS;13/05/1950;022154;Romallo;H506;022;TN
1950;TN;022;022152;H254;Revò;;CECS;13/05/1950;022030;Cagnò;B360;022;TN
1950;TN;022;022206;L385;Tres;;CECS;13/05/1950;022214;Vervò;L800;022;TN
1950;CO;013;013010;A333;Appiano Gentile;;CECS;05/04/1950;013034;Bulgarograsso;B262;013;CO
1950;CO;013;013010;A333;Appiano Gentile;;CECS;05/04/1950;013238;Veniano;L737;013;CO
1950;CO;013;013046;B778;Carimate;;CECS;05/04/1950;013163;Novedrate;F958;013;CO
1950;CO;013;013070;C754;Civenna;;CECS;05/04/1950;013015;Barni;A670;013;CO
1950;CO;013;013070;C754;Civenna;;CECS;05/04/1950;013139;Magreglio;E830;013;CO
1950;CO;013;013086;D280;Dervio;;CECS;05/04/1950;013091;Dorio;D346;013;CO
1950;CO;013;013089;D329;Domaso;;CECS;05/04/1950;013130;Livo;E623;013;CO
1950;CO;013;013089;D329;Domaso;;CECS;05/04/1950;013239;Vercana;L748;013;CO
1950;CO;013;013111;E141;Grandola ed Uniti;;CECS;05/04/1950;013021;Bene Lario;A778;013;CO
1950;CO;013;013204;H760;San Bartolomeo Val Cavargna;;CECS;05/04/1950;013207;San Nazzaro Val Cavargna;I051;013;CO
1950;CO;013;013941;I620;Seprio;;CECS;05/04/1950;013131;Locate Varesino;E638;013;CO
1950;PV;018;018132;H637;Ruino;;CECS;19/02/1950;033009;Caminata;B479;033;PC
1950;PC;033;033029;F885;Nibbiano;;CECS;19/02/1950;033009;Caminata;B479;033;PC
1950;AL;006;006072;D777;Frassinello Monferrato;;CECS;11/02/1950;006118;Olivola;G042;006;AL
1950;AV;064;064001;A101;Aiello del Sabato;;CECS;11/02/1950;064026;Cesinali;C576;064;AV
1950;RC;080;080096;M018;Villa San Giovanni;;CECS;11/02/1950;080018;Campo Calabro;B516;080;RC
1949;RM;058;058032;C773;Civitavecchia;;CECS;16/10/1949;058097;Santa Marinella;I255;058;RM
1949;FI;048;048034;G999;Prato;;CECS;08/09/1949;048047;Vaiano;L537;048;FI
1949;BS;017;017028;B149;Breno;;CECS;27/08/1949;017027;Braone;B124;017;BS
1949;BS;017;017028;B149;Breno;;CECS;27/08/1949;017094;Losine;E698;017;BS
1949;BS;017;017028;B149;Breno;;CECS;27/08/1949;017118;Niardo;F884;017;BS
1949;LI;049;049002;B509;Campiglia Marittima;;CECS;04/08/1949;049018;San Vincenzo;I390;049;LI
1949;RI;057;057055;G765;Poggio Nativo;;AQ;10/07/1949;057068;Toffia;L189;057;RI
1949;RI;057;057068;L189;Toffia;;CE;10/07/1949;057055;Poggio Nativo;G765;057;RI
1949;RM;058;058029;C552;Cerveteri;;AQ;09/07/1949;058032;Civitavecchia;C773;058;RM
1949;RM;058;058032;C773;Civitavecchia;;CE;09/07/1949;058029;Cerveteri;C552;058;RM
1949;IM;008;008003;A344;Aquila d'Arroscia;;CE;11/06/1949;008009;Borghetto di Arroscia;A993;008;IM
1949;IM;008;008009;A993;Borghetto di Arroscia;;AQ;11/06/1949;008003;Aquila d'Arroscia;A344;008;IM
1949;IM;008;008042;G632;Pieve di Teco;;CECS;24/03/1949;008004;Armo;A418;008;IM
1948;TP;081;081008;D423;Erice;;CECS;25/12/1948;081007;Custonaci;D234;081;TP
1948;ME;083;083072;H418;Roccalumera;;CECS;25/12/1948;083061;Nizza di Sicilia;F901;083;ME
1948;ME;083;083073;H380;Roccavaldina;;CECS;25/12/1948;083103;Valdina;L561;083;ME
1948;LU;046;046012;D449;Trassilico;;CE;25/11/1948;046015;Gallicano;D874;046;LU
1948;LU;046;046015;D874;Gallicano;;AQ;25/11/1948;046012;Trassilico;D449;046;LU
1948;FR;060;060062;H824;San Donato Val di Comino;;CECS;11/08/1948;060040;Gallinaro;D881;060;FR
1948;BG;016;016239;M305;Almè con Villa;;CECS;22/07/1948;016005;Almè;A214;016;BG
1948;RC;080;080039;E044;Gioiosa Ionica;;CECS;22/07/1948;080045;Marina di Gioiosa Ionica;E956;080;RC
1948;BN;062;062068;I145;San Salvatore Telesino;;CECS;11/07/1948;062055;Puglianello;H087;062;BN
1948;AQ;066;066046;E040;Gioia dei Marsi;;AQ;03/07/1948;066063;Ortona dei Marsi;G142;066;AQ
1948;AQ;066;066063;G142;Ortona dei Marsi;;CE;03/07/1948;066046;Gioia dei Marsi;E040;066;AQ
1948;AV;064;064072;G611;Pietradefusi;;CECS;29/06/1948;064116;Venticano;L739;064;AV
1948;ME;083;083024;D733;Forza d'Agrò;;CECS;26/06/1948;083085;Sant'Alessio Siculo;I215;083;ME
1948;ME;083;083089;I311;Santa Teresa di Riva;;CECS;26/06/1948;083093;Savoca;I477;083;ME
1948;BS;017;017195;L777;Verolanuova;;CECS;12/05/1948;017196;Verolavecchia;L778;017;BS
1948;CA;092;092005;A357;Arborea;;CE;12/05/1948;092142;Terralba;L122;092;CA
1948;CA;092;092142;L122;Terralba;;AQ;12/05/1948;092005;Arborea;A357;092;CA
1948;CA;092;092142;L122;Terralba;;CECS;12/05/1948;092060;Marrubiu;E972;092;CA
1948;CO;013;013082;D145;Cremeno;;CECS;24/04/1948;013150;Moggio;F265;013;CO
1948;CO;013;013082;D145;Cremeno;;CECS;24/04/1948;013056;Cassina Valsassina;C024;013;CO
1948;RC;080;080096;M018;Villa San Giovanni;;CECS;24/04/1948;080034;Fiumara;D619;080;RC
1948;TO;001;001064;C045;Castagneto Po;;CECS;23/04/1948;001252;San Raffaele Cimena;I137;001;TO
1948;TO;001;001103;D532;Fenestrelle;;CECS;23/04/1948;001281;Usseaux;L515;001;TO
1948;TO;001;001112;D933;Gassino Torinese;;CECS;23/04/1948;001252;San Raffaele Cimena;I137;001;TO
1948;BG;016;016200;I812;Solto Collina;;CECS;23/04/1948;016102;Fonteno;D684;016;BG
1948;CO;013;013196;G223;Robbiate;;CECS;22/04/1948;013115;Imbersago;E287;013;CO
1948;BG;016;016248;A193;Algua di Costa Serina;;CECS;22/04/1948;016035;Bracca;B112;016;BG
1948;BG;016;016248;A193;Algua di Costa Serina;;CECS;22/04/1948;016247;Costa Serina;D111;016;BG
1948;PV;018;018085;E804;Magherno;;CECS;22/04/1948;018157;Torre d'Arese;L256;018;PV
1948;UD;030;030134;H629;Ruda;;CECS;22/04/1948;030182;Villa Vicentina;M034;030;UD
1948;CA;092;092090;H088;Pula;;CECS;22/04/1948;092163;San Pietro Pula;I118;092;CA
1948;CA;092;092117;I582;Selegas;;CECS;22/04/1948;092081;Ortacesus;G133;092;CA
1948;BS;017;017068;D391;Edolo;;CECS;21/04/1948;017181;Sonico;I831;017;BS
1948;CO;013;013112;E151;Gravedona;;CECS;17/04/1948;013092;Dosso del Liro;D355;013;CO
1948;CO;013;013112;E151;Gravedona;;CECS;17/04/1948;013178;Peglio;G415;013;CO
1948;CO;013;013112;E151;Gravedona;;CECS;17/04/1948;013076;Consiglio di Rumo;C965;013;CO
1948;CO;013;013119;E405;Laglio;;CECS;17/04/1948;013030;Brienno;B172;013;CO
1948;TR;055;055007;A691;Baschi;;CECS;15/04/1948;055018;Montecchio;F462;055;TR
1948;CS;078;078060;E185;Grisolia;;CECS;15/04/1948;078132;Cipollina;C717;078;CS
1948;RI;057;057013;C098;Castel di Tora;;CECS;14/04/1948;057019;Colle di Tora;C857;057;RI
1948;CN;004;004199;H695;Sale delle Langhe;;CECS;13/04/1948;004200;Sale San Giovanni;H704;004;CN
1948;AV;064;064112;L399;Trevico;;CECS;13/04/1948;064097;Scampitella;I493;064;AV
1948;NO;003;003005;A409;Arizzano;;CECS;08/04/1948;003161;Vignone;L889;003;NO
1948;AL;006;006126;G338;Parodi Ligure;;CECS;07/04/1948;006022;Bosio;B080;006;AL
1948;AL;006;006013;A708;Bassignana;;CECS;05/04/1948;006145;Rivarone;H343;006;AL
1948;AN;042;042002;A271;Ancona;;CECS;27/03/1948;042018;Falconara Marittima;D472;042;AN
1948;AN;042;042014;C615;Chiaravalle;;CECS;27/03/1948;042018;Falconara Marittima;D472;042;AN
1948;BG;016;016218;L388;Trescore Balneario;;CECS;26/03/1948;016244;Zandobbio;M144;016;BG
1948;VR;023;023072;H944;Sanguinetto;;CECS;17/03/1948;023029;Concamarise;C943;023;VR
1948;TN;022;022163;H639;Rumo;;CECS;14/03/1948;021043;Lauregno/Laurein;E481;021;BZ
1948;TN;022;022163;H639;Rumo;;CECS;14/03/1948;021069;Proves/Proveis;H081;021;BZ
1948;NA;063;063041;E906;Marano di Napoli;;CECS;11/03/1948;063063;Quarto;H114;063;NA
1948;VC;002;002005;A280;Andorno Micca;;CECS;06/03/1948;002124;Sagliano Micca;H662;002;VC
1948;BG;016;016170;G856;Ponte San Pietro;;CECS;06/03/1948;016038;Brembate di Sopra;B138;016;BG
1948;PE;068;068038;I376;San Valentino in Abruzzo Citeriore;;CECS;06/03/1948;068039;Scafa;I482;068;PE
1948;PV;018;018036;C050;Castana;;CECS;03/03/1948;018097;Montescano;F638;018;PV
1948;TO;001;001287;L644;Valperga;;CECS;02/03/1948;001187;Pertusio;G477;001;TO
1948;TN;022;022169;I411;Sanzeno;;CECS;02/03/1948;022071;Dambel;D246;022;TN
1948;TN;022;022225;M142;Zambana;;CECS;02/03/1948;022081;Fai;D468;022;TN
1948;TN;022;022225;M142;Zambana;;CECS;02/03/1948;022126;Nave San Rocco;F853;022;TN
1948;BS;017;017123;G061;Ome;;CECS;01/03/1948;017030;Brione;B184;017;BS
1948;PV;018;018013;A741;Belgioioso;;CECS;10/02/1948;018002;Albaredo Arnaboldi;A134;018;PV
1948;BG;016;016111;D952;Gazzaniga;;CECS;26/01/1948;016100;Fiorano al Serio;D606;016;BG
1948;BS;017;017047;C417;Cedegolo;;CECS;21/01/1948;017176;Sellero;I588;017;BS
1948;BS;017;017047;C417;Cedegolo;;CECS;21/01/1948;017016;Berzo Demo;A816;017;BS
1948;TO;001;001098;D208;Cuorgnè;;CECS;15/01/1948;001052;Canischio;B605;001;TO
1948;TO;001;001098;D208;Cuorgnè;;CECS;15/01/1948;001029;Borgiallo;B003;001;TO
1948;TO;001;001098;D208;Cuorgnè;;CECS;15/01/1948;001079;Chiesanuova;C629;001;TO
1948;TO;001;001098;D208;Cuorgnè;;CECS;15/01/1948;001206;Prascorsano;G988;001;TO
1948;TO;001;001098;D208;Cuorgnè;;CECS;15/01/1948;001238;San Colombano Belmonte;H804;001;TO
1948;TO;001;001098;D208;Cuorgnè;;CECS;15/01/1948;001091;Colleretto Castelnuovo;C867;001;TO
1948;AL;006;006133;G858;Pontestura;;CECS;15/01/1948;006060;Coniolo;C962;006;AL
1948;VR;023;023061;H048;Pressana;;CECS;15/01/1948;023066;Roveredo di Guà;H610;023;VR
1948;MC;043;043002;A329;Apiro;;CECS;15/01/1948;043040;Poggio San Vicino;D566;043;MC
1948;TN;022;022168;I354;Sant'Orsola;;CECS;10/01/1948;022133;Palù;G296;022;TN
1948;TN;022;022168;I354;Sant'Orsola;;CECS;10/01/1948;022090;Frassilongo;D775;022;TN
1948;TN;022;022168;I354;Sant'Orsola;;CECS;10/01/1948;022085;Fierozzo;D573;022;TN
1948;NO;003;003005;A409;Arizzano;;CECS;02/01/1948;003014;Bee;A733;003;NO
1948;NO;003;003036;B823;Carpignano Sesia;;CECS;02/01/1948;003138;Sillavengo;I736;003;NO
1947;NO;003;003084;E544;Lesa;;CECS;23/12/1947;003015;Belgirate;A742;003;NO
1947;VC;002;002116;H365;Roasio;;CECS;22/12/1947;002161;Villa del Bosco;L933;002;VC
1947;CN;004;004003;A124;Alba;;CECS;22/12/1947;004100;Grinzane Cavour;E182;004;CN
1947;VA;012;012092;E734;Luino;;CECS;22/12/1947;012076;Germignaga;D987;012;VA
1947;BS;017;017152;G977;Pralboino;;CECS;22/12/1947;017108;Milzano;F216;017;BS
1947;VI;024;024011;A627;Barbarano Vicentino;;CECS;22/12/1947;024117;Villaga;L952;024;VI
1947;VI;024;024011;A627;Barbarano Vicentino;;CECS;22/12/1947;024069;Mossano;F768;024;VI
1947;RO;029;029030;E689;Loreo;;CECS;22/12/1947;029040;Rosolina;H573;029;RO
1947;AT;005;005093;H392;Rocca d'Arazzo;;CECS;09/12/1947;005006;Azzano d'Asti;A527;005;AT
1947;AT;005;005102;I495;Scandeluzza;;CECS;09/12/1947;005043;Colcavagno;C831;005;AT
1947;AN;042;042014;C615;Chiaravalle;;CECS;29/11/1947;042007;Camerata Picena;B470;042;AN
1947;NO;003;003045;C365;Cavaglio d'Agogna;;CECS;28/11/1947;003044;Cavaglietto;C364;003;NO
1947;NO;003;003114;G349;Paruzzaro;;CECS;28/11/1947;003109;Oleggio Castello;G020;003;NO
1947;PV;018;018080;E454;Lardirago;;CECS;28/11/1947;018141;Sant'Alessio con Vialone;I213;018;PV
1947;CA;092;092167;M030;Villaurbana;;CECS;28/11/1947;092128;Siamanna-Siapiccia;I719;092;CA
1947;PV;018;018019;B051;Bornasco;;CECS;27/11/1947;018185;Zeccone;M152;018;PV
1947;VC;002;002156;L669;Varallo;;CECS;26/11/1947;002043;Civiasco;C757;002;VC
1947;VC;002;002156;L669;Varallo;;CECS;26/11/1947;002166;Vocca;M106;002;VC
1947;CN;004;004237;L729;Venasca;;CECS;26/11/1947;004103;Isasca;E327;004;CN
1947;AL;006;006042;C005;Cassano Spinola;;CECS;26/11/1947;006080;Gavazzana;D941;006;AL
1947;BG;016;016094;D411;Entratico;;CECS;26/11/1947;016130;Luzzana;E770;016;BG
1947;BS;017;017099;E841;Mairano;;CECS;26/11/1947;017093;Longhena;E673;017;BS
1947;PV;018;018013;A741;Belgioioso;;CECS;25/11/1947;018158;Torre de' Negri;L262;018;PV
1947;PU;041;041026;F136;Mercatino Conca;;CECS;25/11/1947;041060;Sassofeltrio;I460;041;PU
1947;PU;041;041035;F524;Monte Grimano;;CECS;25/11/1947;041060;Sassofeltrio;I460;041;PU
1947;AL;006;006101;F374;Monleale;;AQ;19/11/1947;006188;Volpedo;M120;006;AL
1947;AL;006;006188;M120;Volpedo;;CE;19/11/1947;006101;Monleale;F374;006;AL
1947;AL;006;006001;A052;Acqui;;CECS;12/11/1947;006187;Visone;M077;006;AL
1947;AL;006;006001;A052;Acqui;;CECS;12/11/1947;006172;Terzo;L143;006;AL
1947;AL;006;006024;B179;Brignano-Frascata;;CECS;03/11/1947;006098;Momperone;F320;006;AL
1947;CO;013;013075;C933;Como;;CECS;03/11/1947;013032;Brunate;B218;013;CO
1947;BS;017;017083;E297;Incudine;;CECS;03/11/1947;017110;Monno;F375;017;BS
1947;CN;004;004029;B111;Bra;;CE;29/10/1947;004212;Santa Vittoria d'Alba;I316;004;CN
1947;CN;004;004212;I316;Santa Vittoria d'Alba;;AQ;29/10/1947;004029;Bra;B111;004;CN
1947;CR;019;019073;G603;Pieranica;;CECS;21/10/1947;019078;Quintano;H130;019;CR
1947;SA;065;065044;C940;Conca dei Marini;;CECS;12/10/1947;065053;Furore;D826;065;SA
1947;SS;090;090078;L989;Villanova Monteleone;;CECS;12/10/1947;090060;Putifigari;H095;090;SS
1947;CA;092;092110;I384;San Vero Milis;;CECS;12/10/1947;092169;Zeddiani;M153;092;CA
1947;AT;005;005086;G692;Piovà Massaia;;CECS;11/10/1947;005035;Cerreto d'Asti;C528;005;AT
1947;SS;090;090070;L093;Tempio Pausania;;CECS;11/10/1947;090036;Luogosanto;E747;090;SS
1947;VR;023;023038;E171;Grezzana;;CECS;05/10/1947;023026;Cerro Veronese;C538;023;VR
1947;BS;017;017129;G213;Padenghe;;CECS;04/10/1947;017180;Soiano del Lago;I782;017;BS
1947;CA;092;092139;I861;Sorradile;;CECS;04/10/1947;092073;Nughedu Santa Vittoria;F974;092;CA
1947;AT;005;005067;F323;Monale;;CECS;02/10/1947;005045;Cortandone;D050;005;AT
1947;AL;006;006165;I901;Spigno Monferrato;;CECS;02/10/1947;006093;Merana;F131;006;AL
1947;IM;008;008017;C559;Cervo;;CECS;02/10/1947;008052;San Bartolomeo del Cervo;H763;008;IM
1947;IM;008;008017;C559;Cervo;;CECS;02/10/1947;008067;Villa Faraldi;L943;008;IM
1947;CO;013;013196;G223;Robbiate;;CECS;02/10/1947;013173;Paderno d'Adda;G218;013;CO
1947;BS;017;017194;L468;Valvestino;;CECS;02/10/1947;017098;Magasa;E800;017;BS
1947;PV;018;018080;E454;Lardirago;;CECS;02/10/1947;018043;Ceranova;C484;018;PV
1947;CA;092;092015;A655;Baressa;;CECS;02/10/1947;092038;Figu-Gonnosnò;D585;092;CA
1947;AT;005;005022;C049;Castagnole delle Lanze;;CECS;01/10/1947;005041;Coazzolo;C804;005;AT
1947;AL;006;006032;B769;Carezzano;;CECS;01/10/1947;006045;Castellania;C137;006;AL
1947;BS;017;017035;B664;Capo di Ponte;;CECS;01/10/1947;017124;Ono San Pietro;G074;017;BS
1947;AQ;066;066049;A345;L'Aquila;;CECS;01/10/1947;066052;Lucoli;E724;066;AQ
1947;TO;001;001031;B021;Borgomasino;;CECS;30/09/1947;001143;Maglione;E817;001;TO
1947;AL;006;006097;F313;Mombello Monferrato;;CECS;30/09/1947;006164;Solonghello;I808;006;AL
1947;BG;016;016168;F941;Nossa;;CECS;30/09/1947;016175;Premolo;H036;016;BG
1947;TN;022;022079;D371;Dro;;CECS;30/09/1947;022078;Drena;D365;022;TN
1947;CE;061;061015;B715;Capua;;CECS;25/09/1947;061085;San Tammaro;I261;061;CE
1947;CE;061;061060;G661;Pignataro Maggiore;;CECS;25/09/1947;061040;Giano Vetusto;E011;061;CE
1947;CE;061;061083;I234;Santa Maria Capua Vetere;;CECS;25/09/1947;061085;San Tammaro;I261;061;CE
1947;AL;006;006155;I150;San Sebastiano Curone;;CECS;24/09/1947;006102;Montacuto;F387;006;AL
1947;AL;006;006155;I150;San Sebastiano Curone;;CECS;24/09/1947;006083;Gremiasco;E164;006;AL
1947;PU;041;041023;E785;Macerata Feltria;;CECS;24/09/1947;041048;Pietrarubbia;G627;041;PU
1947;TR;055;055032;L117;Terni;;CECS;24/09/1947;055031;Stroncone;I981;055;TR
1947;AV;064;064056;F512;Montefusco;;CECS;24/09/1947;064111;Torrioni;L301;064;AV
1947;LE;075;075006;A350;Aradeo;;CECS;24/09/1947;075074;Seclì;I559;075;LE
1947;TO;001;001022;A651;Bardonecchia;;CE;16/09/1947;;Stato estero;;;
1947;TO;001;001074;C564;Cesana Torinese;;CE;16/09/1947;;Stato estero;;;
1947;TO;001;001087;C793;Claviere;;CE;16/09/1947;;Stato estero;;;
1947;TO;001;001157;D553;Moncenisio;;CE;16/09/1947;;Stato estero;;;
1947;TO;001;001169;F948;Novalesa;;CE;16/09/1947;;Stato estero;;;
1947;TO;001;001291;L726;Venalzio;;CE;16/09/1947;;Stato estero;;;
1947;CN;004;004084;D410;Entracque;;CE;16/09/1947;;Stato estero;;;
1947;CN;004;004110;E597;Limone Piemonte;;AQ;16/09/1947;004820;Tenda;L095;004;CN
1947;CN;004;004233;L558;Valdieri;;CE;16/09/1947;;Stato estero;;;
1947;CN;004;004248;M055;Vinadio;;CE;16/09/1947;;Stato estero;;;
1947;CN;004;004805;B174;Briga Marittima;;CE;16/09/1947;008061;Triora;L430;008;IM
1947;CN;004;004805;B174;Briga Marittima;;CECS;16/09/1947;004031;Briga Alta;B175;004;CN
1947;CN;004;004820;L095;Tenda;;CECS;16/09/1947;004031;Briga Alta;B175;004;CN
1947;CN;004;004820;L095;Tenda;;CE;16/09/1947;004110;Limone Piemonte;E597;004;CN
1947;AO;007;007041;E470;La Thuile;;CE;16/09/1947;;Stato estero;;;
1947;IM;008;008038;G041;Olivetta San Michele;;CE;16/09/1947;;Stato estero;;;
1947;IM;008;008043;G660;Pigna;;CE;16/09/1947;;Stato estero;;;
1947;IM;008;008051;H460;Rocchetta Nervina;;CE;16/09/1947;;Stato estero;;;
1947;IM;008;008061;L430;Triora;;AQ;16/09/1947;004805;Briga Marittima;B174;004;CN
1947;GO;031;031001;B712;Capriva di Cormons;;AQ;16/09/1947;031724;San Martino Quisca;I013;031;GO
1947;GO;031;031002;D014;Cormons;;AQ;16/09/1947;031706;Castel Dobra;C099;031;GO
1947;GO;031;031004;D321;Dolegna del Collio;;CE;16/09/1947;;Stato estero;;;
1947;GO;031;031007;E098;Gorizia;;CE;16/09/1947;;Stato estero;;;
1947;GO;031;031017;H665;Sagrado;;AQ;16/09/1947;031714;Merna;F150;031;GO
1947;GO;031;031017;H665;Sagrado;;AQ;16/09/1947;031717;Opacchiasella;G077;031;GO
1947;GO;031;031706;C099;Castel Dobra;;CE;16/09/1947;031002;Cormons;D014;031;GO
1947;GO;031;031714;F150;Merna;;CE;16/09/1947;031017;Sagrado;H665;031;GO
1947;GO;031;031717;G077;Opacchiasella;;CE;16/09/1947;031017;Sagrado;H665;031;GO
1947;GO;031;031724;I013;San Martino Quisca;;CE;16/09/1947;031001;Capriva di Cormons;B712;031;GO
1947;TS;032;032001;D383;Duino Aurisina;;CE;16/09/1947;032818;Doberdò del Lago;D312;032;TS
1947;TS;032;032002;F378;Monrupino;;CE;16/09/1947;;Stato estero;;;
1947;TS;032;032006;L424;Trieste;;CE;16/09/1947;;Stato estero;;;
1947;TS;032;032818;D312;Doberdò del Lago;;AQ;16/09/1947;032001;Duino Aurisina;D383;032;TS
1947;BS;017;017091;E654;Lograto;;CECS;12/09/1947;017097;Maclodio;E787;017;BS
1947;BS;017;017129;G213;Padenghe;;CECS;12/09/1947;017109;Moniga;F373;017;BS
1947;AQ;066;066023;B677;Cappadocia;;AQ;12/09/1947;066099;Tagliacozzo;L025;066;AQ
1947;AQ;066;066099;L025;Tagliacozzo;;CE;12/09/1947;066023;Cappadocia;B677;066;AQ
1947;CN;004;004122;F114;Melle;;CECS;10/09/1947;004236;Valmala;L636;004;CN
1947;PU;041;041066;L498;Urbania;;CECS;10/09/1947;041041;Peglio;G416;041;PU
1947;AL;006;006148;H465;Rocchetta Ligure;;CECS;04/09/1947;006028;Cantalupo Ligure;B629;006;AL
1947;AL;006;006148;H465;Rocchetta Ligure;;CECS;04/09/1947;006002;Albera Ligure;A146;006;AL
1947;AL;006;006181;L904;Viguzzolo;;CECS;04/09/1947;006046;Castellar Guidobono;C142;006;AL
1947;AL;006;006188;M120;Volpedo;;CECS;04/09/1947;006101;Monleale;F374;006;AL
1947;AL;006;006188;M120;Volpedo;;CECS;04/09/1947;006189;Volpeglino;M121;006;AL
1947;AL;006;006188;M120;Volpedo;;CECS;04/09/1947;006016;Berzano di Tortona;A813;006;AL
1947;PE;068;068028;G482;Pescara;;CECS;30/08/1947;068041;Spoltore;I922;068;PE
1947;LT;059;059019;G698;Priverno;;CECS;20/07/1947;059023;Roccasecca dei Volsci;H444;059;LT
1947;TO;001;001190;G672;Pinasca;;CECS;19/07/1947;001122;Inverso Pinasca;E311;001;TO
1947;TO;001;001254;I154;San Secondo di Pinerolo;;CECS;19/07/1947;001173;Osasco;G151;001;TO
1947;NO;003;003054;D134;Craveggia;;CECS;19/07/1947;003145;Toceno;L187;003;NO
1947;NO;003;003111;G117;Ornavasso;;CECS;19/07/1947;003004;Anzola d'Ossola;A325;003;NO
1947;BS;017;017169;H699;Sale Marasino;;CECS;14/07/1947;017182;Sulzano;L002;017;BS
1947;BG;016;016205;I916;Spinone dei Castelli;;CECS;11/07/1947;016137;Monasterolo del Castello;F328;016;BG
1947;TO;001;001112;D933;Gassino Torinese;;CECS;10/07/1947;001068;Castiglione Torinese;C307;001;TO
1947;TO;001;001175;G196;Ulzio;;CECS;10/07/1947;001259;Sauze d'Oulx;I466;001;TO
1947;TO;001;001263;I692;Sestriere;;CECS;10/07/1947;001258;Sauze di Cesana;I465;001;TO
1947;PA;082;082056;G511;Petralia Sottana;;CECS;26/06/1947;082024;Castellana Sicula;C135;082;PA
1947;NO;003;003050;C567;Cesara;;CECS;24/06/1947;003105;Nonio;F932;003;NO
1947;TN;022;022180;I924;Spormaggiore;;CECS;24/06/1947;022052;Cavedago;C392;022;TN
1947;TN;022;022180;I924;Spormaggiore;;CECS;24/06/1947;022181;Sporminore;I925;022;TN
1947;VI;024;024060;F442;Montebello Vicentino;;CECS;24/06/1947;024120;Zermeghedo;M170;024;VI
1947;AT;005;005031;C232;Castelnuovo Don Bosco;;CECS;23/06/1947;005085;Pino d'Asti;G676;005;AT
1947;AT;005;005042;C807;Cocconato;;CECS;23/06/1947;005079;Moransengo;F709;005;AT
1947;AT;005;005117;L945;Villafranca d'Asti;;CECS;23/06/1947;005062;Maretto;E944;005;AT
1947;AT;005;005117;L945;Villafranca d'Asti;;CECS;23/06/1947;005091;Roatto;H366;005;AT
1947;AT;005;005117;L945;Villafranca d'Asti;;CECS;23/06/1947;005018;Cantarana;B633;005;AT
1947;TN;022;022003;A178;Aldeno;;CECS;23/06/1947;022091;Garniga;D928;022;TN
1947;TN;022;022003;A178;Aldeno;;CECS;23/06/1947;022058;Cimone;C700;022;TN
1947;BS;017;017018;A861;Bienno;;CECS;18/06/1947;017154;Prestine;H050;017;BS
1947;BS;017;017018;A861;Bienno;;CECS;18/06/1947;017017;Berzo Inferiore;A817;017;BS
1947;CN;004;004219;I659;Serravalle delle Langhe;;CECS;17/06/1947;004070;Cissone;C738;004;CN
1947;VA;012;012033;B796;Carnago;;CECS;17/06/1947;012044;Castelseprio;C273;012;VA
1947;TN;022;022040;B697;Capriana;;CECS;17/06/1947;022948;Anterivo/Altrei;A306;022;TN
1947;ME;083;083016;C347;Castroreale;;CECS;17/06/1947;083075;Rodi;H479;083;ME
1947;NO;003;003076;E120;Gozzano;;CECS;23/05/1947;003022;Bolzano Novarese;A953;003;NO
1947;CN;004;004019;A779;Bene Vagienna;;CECS;23/05/1947;004107;Lequio Tanaro;E539;004;CN
1947;CN;004;004073;D062;Cortemilia;;CECS;23/05/1947;004226;Torre Bormida;L252;004;CN
1947;CN;004;004073;D062;Cortemilia;;CECS;23/05/1947;004021;Bergolo;A798;004;CN
1947;CN;004;004169;G697;Piozzo;;CECS;23/05/1947;004107;Lequio Tanaro;E539;004;CN
1947;CN;004;004213;I367;Santo Stefano Belbo;;CECS;23/05/1947;004036;Camo;B489;004;CN
1947;LT;059;059004;C104;Castelforte;;CECS;23/05/1947;059026;Santi Cosma e Damiano;I339;059;LT
1947;CH;069;069102;M022;Villa Santa Maria;;CECS;23/05/1947;069053;Montelapiano;F535;069;CH
1947;CH;069;069102;M022;Villa Santa Maria;;CECS;23/05/1947;069009;Buonanotte;B268;069;CH
1947;CA;092;092080;G113;Oristano;;CECS;23/05/1947;092105;Santa Giusta;I205;092;CA
1947;CH;069;069060;G271;Palena;;CECS;22/05/1947;069048;Lettopalena;E559;069;CH
1947;CB;070;070010;B519;Campobasso;;CECS;22/05/1947;070041;Ferrazzano;D550;070;CB
1947;CB;070;070010;B519;Campobasso;;CECS;22/05/1947;070064;Mirabello Sannitico;F233;070;CB
1947;CB;070;070010;B519;Campobasso;;CECS;22/05/1947;070079;Oratino;G086;070;CB
1947;ME;083;083097;L042;Taormina;;CECS;20/05/1947;083015;Castelmola;C210;083;ME
1947;TN;022;022034;B404;Caldonazzo;;CECS;17/05/1947;022056;Centa San Nicolò;C467;022;TN
1947;TN;022;022034;B404;Caldonazzo;;CECS;17/05/1947;022032;Calcerànica;B389;022;TN
1947;SA;065;065147;L212;Torchiara;;CECS;13/05/1947;065103;Prignano Cilento;H062;065;SA
1947;BS;017;017099;E841;Mairano;;CECS;12/05/1947;017026;Brandico;B120;017;BS
1947;BS;017;017119;F989;Nuvolento;;CECS;12/05/1947;017132;Paitone;G248;017;BS
1947;PG;054;054018;D653;Foligno;;CECS;12/05/1947;054059;Valtopina;L653;054;PG
1947;LE;075;075046;F194;Miggiano;;CECS;12/05/1947;075049;Montesano Salentino;F623;075;LE
1947;ME;083;083094;I492;Scaletta Zanglea;;CECS;12/05/1947;083036;Itala;E374;083;ME
1947;LT;059;059019;G698;Priverno;;CECS;15/04/1947;059013;Maenza;E798;059;LT
1947;CA;092;092026;B354;Cagliari;;CECS;22/03/1947;092116;Selargius;I580;092;CA
1947;CA;092;092120;I615;Senorbì;;CECS;22/03/1947;092140;Suelli;I995;092;CA
1947;TO;001;001021;A625;Barbania;;CECS;15/03/1947;001290;Vauda di Front;L698;001;TO
1947;TO;001;001021;A625;Barbania;;CECS;15/03/1947;001109;Front;D805;001;TO
1947;TO;001;001039;B226;Brusasco Cavagnolo;;CECS;15/03/1947;001037;Brozolo;B209;001;TO
1947;TO;001;001297;L548;Vico Canavese;;CECS;15/03/1947;001277;Trausella;L338;001;TO
1947;TO;001;001297;L548;Vico Canavese;;CECS;15/03/1947;001151;Meugliano;F164;001;TO
1947;CN;004;004106;E540;Lequio Berria;;CECS;15/03/1947;004004;Albaretto della Torre;A139;004;CN
1947;CN;004;004106;E540;Lequio Berria;;CECS;15/03/1947;004007;Arguello;A396;004;CN
1947;CN;004;004150;F894;Niella Belbo;;CECS;15/03/1947;004206;San Benedetto Belbo;H770;004;CN
1947;TN;022;022086;D631;Flavon;;CECS;15/03/1947;022194;Terres;L137;022;TN
1947;TN;022;022086;D631;Flavon;;CECS;15/03/1947;022069;Cunevo;D206;022;TN
1947;TN;022;022106;E624;Livo;;CECS;15/03/1947;022026;Bresimo;B158;022;TN
1947;TN;022;022106;E624;Livo;;CECS;15/03/1947;022060;Cis;C727;022;TN
1947;TN;022;022142;G656;Pieve Tesino;;CECS;15/03/1947;022015;Bieno;A863;022;TN
1947;TN;022;022142;G656;Pieve Tesino;;CECS;15/03/1947;022059;Cinte Tesino;C712;022;TN
1947;TN;022;022187;L060;Tassullo;;CECS;15/03/1947;022125;Nanno;F837;022;TN
1947;TN;022;022219;L896;Vigolo Vattaro;;CECS;15/03/1947;022212;Vattaro;L697;022;TN
1947;TN;022;022219;L896;Vigolo Vattaro;;CECS;15/03/1947;022023;Bosentino;B078;022;TN
1947;TN;022;022226;M173;Ziano;;CECS;15/03/1947;022134;Panchià;G305;022;TN
1947;CA;092;092150;L508;Usellus;;CECS;15/03/1947;092168;Bannari di Usellus;A609;092;CA
1947;IM;008;008009;A993;Borghetto di Arroscia;;CECS;13/03/1947;008003;Aquila d'Arroscia;A344;008;IM
1947;IM;008;008009;A993;Borghetto di Arroscia;;CECS;13/03/1947;008048;Ranzo;H180;008;IM
1947;IM;008;008831;H345;Riva Santo Stefano;;CECS;13/03/1947;008060;Terzorio;L146;008;IM
1947;IM;008;008831;H345;Riva Santo Stefano;;CECS;13/03/1947;008044;Pompeiana;G814;008;IM
1947;ME;083;083055;F368;Mongiuffi Melia;;CECS;13/03/1947;083071;Roccafiorita;H405;083;ME
1947;TN;022;022088;D663;Fondo;;CECS;12/03/1947;022637;Senale/Unsere Liebe Frau im Walde;ND;022;TN
1947;TN;022;022088;D663;Fondo;;CECS;12/03/1947;022488;San Felice/St. Felix;H837;022;TN
1947;TN;022;022088;D663;Fondo;;CECS;12/03/1947;022111;Malosco;E866;022;TN
1947;CN;004;004074;D093;Cossano Belbo;;CECS;28/02/1947;004193;Rocchetta Belbo;H462;004;CN
1947;CN;004;004188;H391;Rocca Cigliè;;CECS;28/02/1947;004069;Cigliè;C681;004;CN
1947;PU;041;041039;F137;Novafeltria;;CECS;21/01/1947;041024;Maiolo;E838;041;PU
1947;TO;001;001056;B733;Masino;;CECS;15/01/1947;001095;Cossano Canavese;D092;001;TO
1947;TO;001;001166;F925;Nole;;CECS;15/01/1947;001301;Villanova Canavese;L982;001;TO
1947;TO;001;001266;I702;Settimo Tavagnasco;;CECS;15/01/1947;001271;Tavagnasco;L066;001;TO
1947;NO;003;003133;C171;Castelli Cusiani;;CECS;15/01/1947;003120;Pogno;G775;003;NO
1947;NO;003;003133;C171;Castelli Cusiani;;CECS;15/01/1947;003115;Pella;G421;003;NO
1947;CN;004;004066;C589;Ceva;;CECS;15/01/1947;004229;Torresina;L281;004;CN
1947;CN;004;004066;C589;Ceva;;CECS;15/01/1947;004184;Roascio;H363;004;CN
1947;TN;022;022022;B006;Borgo Valsugana;;CECS;15/01/1947;022188;Telve;L089;022;TN
1947;TN;022;022022;B006;Borgo Valsugana;;CECS;15/01/1947;022049;Castelnuovo;C216;022;TN
1947;TN;022;022022;B006;Borgo Valsugana;;CECS;15/01/1947;022157;Ronchi;H532;022;TN
1947;TN;022;022022;B006;Borgo Valsugana;;CECS;15/01/1947;022189;Telve di Sopra;L090;022;TN
1947;TN;022;022022;B006;Borgo Valsugana;;CECS;15/01/1947;022202;Torcegno;L211;022;TN
1947;TN;022;022022;B006;Borgo Valsugana;;CECS;15/01/1947;022043;Carzano;B856;022;TN
1947;TN;022;022184;I975;Strembo;;CECS;15/01/1947;022029;Caderzone;B335;022;TN
1947;TN;022;022184;I975;Strembo;;CECS;15/01/1947;022018;Bocenago;A916;022;TN
1947;TN;022;022192;L107;Terlago;;CECS;15/01/1947;022010;Baselga;A693;022;TN
1947;TN;022;022192;L107;Terlago;;CECS;15/01/1947;022218;Vigolo Baselga;L895;022;TN
1947;TN;022;022185;I979;Strigno;;CECS;14/01/1947;022221;Villa Agnedo;L910;022;TN
1947;TN;022;022185;I979;Strigno;;CECS;14/01/1947;022178;Spera;I889;022;TN
1947;TN;022;022185;I979;Strigno;;CECS;14/01/1947;022099;Ivano-Fracena;E378;022;TN
1947;TN;022;022185;I979;Strigno;;CECS;14/01/1947;022171;Scurelle;I554;022;TN
1947;TN;022;022185;I979;Strigno;;CECS;14/01/1947;022165;Samone;H754;022;TN
1947;NO;003;003117;G600;Piedimulera;;CECS;13/01/1947;003113;Pallanzeno;G280;003;NO
1947;TO;001;001001;A074;Agliè;;CECS;10/01/1947;001083;Ciconio;C679;001;TO
1947;TO;001;001005;A199;Alice Superiore;;CECS;10/01/1947;001182;Pecco;G396;001;TO
1947;TO;001;001066;C133;Castellamonte;;CECS;10/01/1947;001017;Baldissero Canavese;A590;001;TO
1947;CN;004;004008;A555;Bagnasco;;CECS;10/01/1947;004015;Battifollo;A716;004;CN
1947;CN;004;004035;B467;Camerana;;CECS;10/01/1947;004098;Gottasecca;E115;004;CN
1947;CN;004;004057;C323;Castino;;CECS;10/01/1947;004026;Bosia;B079;004;CN
1947;CN;004;004125;F312;Mombasiglio;;CECS;10/01/1947;004216;Scagnello;I484;004;CN
1947;CN;004;004153;F972;Nucetto;;CECS;10/01/1947;004162;Perlo;G458;004;CN
1947;CN;004;004249;M063;Viola;;CECS;10/01/1947;004111;Lisio;E615;004;CN
1947;AT;005;005007;A588;Baldichieri d'Asti;;CECS;10/01/1947;005026;Castellero;C154;005;AT
1947;AT;005;005042;C807;Cocconato;;CECS;10/01/1947;005110;Tonengo;L204;005;AT
1947;TN;022;022027;B165;Brez;;CECS;10/01/1947;022046;Castelfondo;C103;022;TN
1947;TN;022;022027;B165;Brez;;CECS;10/01/1947;022063;Cloz;C797;022;TN
1947;TN;022;022120;F307;Molveno;;CECS;10/01/1947;022005;Andalo;A274;022;TN
1947;AQ;066;066040;C866;Collepietro;;CECS;10/01/1947;066086;San Benedetto in Perillis;H773;066;AQ
1947;PE;068;068038;I376;San Valentino in Abruzzo Citeriore;;CECS;10/01/1947;068001;Abbateggio;A008;068;PE
1947;PZ;076;076028;C619;Chiaromonte;;CECS;10/01/1947;076087;Teana;L082;076;PZ
1947;PZ;076;076028;C619;Chiaromonte;;CECS;10/01/1947;076031;Fardella;D497;076;PZ
1947;TO;001;001001;A074;Agliè;;CECS;09/01/1947;001176;Ozegna;G202;001;TO
1947;TO;001;001012;A405;Arignano;;CECS;09/01/1947;001153;Mombello di Torino;F315;001;TO
1947;TO;001;001067;C241;Castelnuovo Nigra;;CECS;09/01/1947;001084;Cintano;C711;001;TO
1947;TO;001;001086;C722;Ciriè;;CECS;09/01/1947;001237;San Carlo Canavese;H789;001;TO
1947;TO;001;001139;E758;Luserna San Giovanni;;CECS;09/01/1947;001226;Rorà;H554;001;TO
1947;TO;001;001139;E758;Luserna San Giovanni;;CECS;09/01/1947;001140;Lusernetta;E759;001;TO
1947;TO;001;001145;F041;Massello;;CECS;09/01/1947;001234;Salza di Pinerolo;H734;001;TO
1947;TO;001;001146;F053;Mati;;CECS;09/01/1947;001119;Grosso;E203;001;TO
1947;TO;001;001148;F067;Mazzè;;CECS;09/01/1947;001304;Villareggia;M004;001;TO
1947;UD;030;030005;A346;Aquileia;;CECS;09/01/1947;030164;Terzo d'Aquileia;L144;030;UD
1947;UD;030;030005;A346;Aquileia;;CECS;09/01/1947;030059;Fiumicello;D627;030;UD
1947;UD;030;030008;A448;Artegna;;CECS;09/01/1947;030087;Montenars;F574;030;UD
1947;UD;030;030043;C817;Codroipo;;CECS;09/01/1947;030023;Camino di Codroipo;B483;030;UD
1947;UD;030;030139;H906;San Giovanni al Natisone;;CECS;09/01/1947;030048;Corno di Rosazzo;D027;030;UD
1947;UD;030;030162;L065;Tavagnacco;;CECS;09/01/1947;030096;Pagnacco;G238;030;UD
1947;CA;092;092017;A681;Barumini;;CECS;09/01/1947;092056;Las Plassas;E464;092;CA
1947;CA;092;092051;E088;Gonnostramatza;;CECS;09/01/1947;092132;Simala;I742;092;CA
1947;CA;092;092142;L122;Terralba;;CECS;09/01/1947;092101;San Nicolò d'Arcidano;A368;092;CA
1947;PU;041;041009;B816;Carpegna;;CECS;04/01/1947;041017;Frontino;D807;041;PU
1947;PU;041;041012;C830;Colbordolo;;CECS;04/01/1947;041045;Petriano;G514;041;PU
1946;CN;004;004112;E789;Macra;;CECS;28/12/1946;004060;Celle di Macra;C441;004;CN
1946;CN;004;004131;F355;Monesiglio;;CECS;28/12/1946;004124;Mombarcaro;F309;004;CN
1946;CN;004;004150;F894;Niella Belbo;;CECS;28/12/1946;004124;Mombarcaro;F309;004;CN
1946;CN;004;004171;G800;Polonghera;;CECS;28/12/1946;004087;Faule;D511;004;CN
1946;TN;022;022050;C372;Cavalese;;CECS;26/12/1946;022070;Daiano;D243;022;TN
1946;TN;022;022050;C372;Cavalese;;CECS;26/12/1946;022041;Carano;B723;022;TN
1946;TN;022;022050;C372;Cavalese;;CECS;26/12/1946;022211;Varena;L678;022;TN
1946;TO;001;001027;A941;Bollengo;;CECS;24/12/1946;001042;Burolo;B279;001;TO
1946;TO;001;001197;G777;Poirino;;CECS;24/12/1946;001123;Isolabella;E345;001;TO
1946;TO;001;001216;H338;Rivara;;CECS;24/12/1946;001043;Busano;B284;001;TO
1946;TO;001;001247;H997;San Martino Canavese;;CECS;24/12/1946;001185;Perosa Canavese;G462;001;TO
1946;TO;001;001247;H997;San Martino Canavese;;CECS;24/12/1946;001296;Vialfrè;L830;001;TO
1946;SV;009;009061;L190;Toirano;;CECS;24/12/1946;009011;Boissano;A931;009;SV
1946;TN;022;022066;C953;Condino;;CECS;24/12/1946;022045;Castello;C183;022;TN
1946;TN;022;022066;C953;Condino;;CECS;24/12/1946;022028;Brione;B185;022;TN
1946;TN;022;022066;C953;Condino;;CECS;24/12/1946;022057;Cimego;C694;022;TN
1946;UD;030;030007;A447;Arta;;CECS;24/12/1946;030187;Zuglio;M200;030;UD
1946;UD;030;030025;B545;Campolongo al Torre;;CECS;24/12/1946;030159;Tapogliano;L044;030;UD
1946;UD;030;030053;D408;Enemonzo;;CECS;24/12/1946;030119;Preone;H038;030;UD
1946;UD;030;030056;D461;Fagagna;;CECS;24/12/1946;030147;San Vito di Fagagna;I405;030;UD
1946;UD;030;030138;H895;San Giorgio di Nogaro;;CECS;24/12/1946;030027;Carlino;B788;030;UD
1946;UD;030;030177;L657;Valvasone;;CECS;24/12/1946;030141;San Martino al Tagliamento;H999;030;UD
1946;UD;030;030177;L657;Valvasone;;CECS;24/12/1946;030009;Arzene;A456;030;UD
1946;CZ;079;079015;B319;Caccuri;;CECS;24/12/1946;079026;Cerenzia;C501;079;CZ
1946;TO;001;001014;A525;Azeglio;;CECS;23/12/1946;001264;Settimo Rottaro;I701;001;TO
1946;TO;001;001231;H691;Salassa;;CECS;23/12/1946;001251;San Ponso;I126;001;TO
1946;TO;001;001297;L548;Vico Canavese;;CECS;23/12/1946;001036;Brosso;B205;001;TO
1946;IM;008;008053;H780;San Biagio della Cima;;CECS;23/12/1946;008058;Soldano;I796;008;IM
1946;CE;061;061022;B963;Caserta;;CECS;23/12/1946;061078;San Nicola la Strada;I056;061;CE
1946;CE;061;061037;D800;Frignano Maggiore;;CECS;23/12/1946;061077;San Marcellino;H978;061;CE
1946;CE;061;061094;L379;Trentola;;CECS;23/12/1946;061077;San Marcellino;H978;061;CE
1946;CE;061;061082;I233;Santa Maria a Vico;;CECS;21/12/1946;061075;San Felice a Cancello;H834;061;CE
1946;TO;001;001129;E484;Lauriano;;CECS;19/12/1946;001162;Monteu da Po;F651;001;TO
1946;TO;001;001178;G303;Pancalieri;;CECS;19/12/1946;001310;Virle Piemonte;M069;001;TO
1946;TO;001;001178;G303;Pancalieri;;CECS;19/12/1946;001136;Lombriasco;E661;001;TO
1946;TO;001;001178;G303;Pancalieri;;CECS;19/12/1946;001174;Osasio;G152;001;TO
1946;VA;012;012119;I441;Saronno;;CECS;19/12/1946;012109;Origgio;G103;012;VA
1946;PV;018;018057;D081;Corvino San Quirico;;CECS;19/12/1946;018105;Oliva Gessi;G032;018;PV
1946;PV;018;018057;D081;Corvino San Quirico;;CECS;19/12/1946;018161;Torricella Verzate;L292;018;PV
1946;PV;018;018171;L690;Varzi;;CECS;19/12/1946;018007;Bagnaria;A550;018;PV
1946;TN;022;022220;L903;Vigo Rendena;;CECS;19/12/1946;022073;Darè;D250;022;TN
1946;TN;022;022220;L903;Vigo Rendena;;CECS;19/12/1946;022138;Pelugo;G429;022;TN
1946;RO;029;029012;C207;Castelmassa;;CECS;19/12/1946;029013;Castelnovo Bariano;C215;029;RO
1946;CE;061;061011;B477;Camigliano;;CECS;19/12/1946;061055;Pastorano;G364;061;CE
1946;CE;061;061083;I234;Santa Maria Capua Vetere;;CECS;19/12/1946;061081;San Prisco;I131;061;CE
1946;CE;061;061083;I234;Santa Maria Capua Vetere;;CECS;19/12/1946;061021;Casapulla;B935;061;CE
1946;AV;064;064043;E487;Lauro;;CECS;19/12/1946;064106;Taurano;L061;064;AV
1946;AL;006;006166;I911;Spineto Scrivia;;CECS;17/12/1946;006124;Paderna;G215;006;AL
1946;RI;057;057003;A315;Antrodoco;;CECS;17/12/1946;057037;Micigliano;F193;057;RI
1946;CN;004;004210;I037;San Michele Mondovì;;CECS;05/12/1946;004127;Monasterolo Cassoto;F329;004;CN
1946;TO;001;001135;E660;Lombardore;;CECS;17/11/1946;001218;Rivarossa;H344;001;TO
1946;CN;004;004066;C589;Ceva;;CECS;12/11/1946;004160;Paroldo;G339;004;CN
1946;CN;004;004072;D022;Corneliano d'Alba;;CECS;12/11/1946;004168;Piobesi d'Alba;G683;004;CN
1946;CN;004;004121;E988;Martiniana Po;;CECS;12/11/1946;004094;Gambasca;D894;004;CN
1946;CN;004;004143;F723;Moretta;;CECS;12/11/1946;004228;Torre San Giorgio;L278;004;CN
1946;CN;004;004158;G240;Pagno;;CECS;12/11/1946;004032;Brondello;B200;004;CN
1946;CN;004;004158;G240;Pagno;;CECS;12/11/1946;004048;Castellar;C140;004;CN
1946;AT;005;005073;F390;Montafia;;CECS;12/11/1946;005019;Capriglio;B707;005;AT
1946;VT;056;056019;C446;Celleno;;CE;12/11/1946;056059;Viterbo;M082;056;VT
1946;VT;056;056059;M082;Viterbo;;AQ;12/11/1946;056019;Celleno;C446;056;VT
1946;RI;057;057059;H282;Rieti;;CECS;12/11/1946;057009;Cantalice;B627;057;RI
1946;CE;061;061022;B963;Caserta;;CECS;12/11/1946;061018;Casagiove;B860;061;CE
1946;CE;061;061083;I234;Santa Maria Capua Vetere;;CECS;12/11/1946;061032;Curti;D228;061;CE
1946;BA;072;072024;E223;Grumo Appula;;CECS;12/11/1946;072008;Binetto;A874;072;BA
1946;NA;063;063008;B076;Boscoreale;;CE;09/11/1946;063055;Poggiomarino;G762;063;NA
1946;NA;063;063055;G762;Poggiomarino;;AQ;09/11/1946;063008;Boscoreale;B076;063;NA
1946;AN;042;042012;C248;Castelplanio;;CECS;02/11/1946;042037;Poggio San Marcello;G771;042;AN
1946;AN;042;042032;F978;Numana;;CECS;02/11/1946;042048;Sirolo;I758;042;AN
1946;PE;068;068038;I376;San Valentino in Abruzzo Citeriore;;CECS;02/11/1946;068034;Roccamorice;H425;068;PE
1946;SS;090;090020;B276;Burgos;;CECS;02/11/1946;090028;Esporlatu;D441;090;SS
1946;CB;070;070087;G606;Pietrabbondante;;CECS;12/10/1946;070028;Castelverrino;C200;070;CB
1946;CE;061;061049;E932;Marcianise;;CECS;24/08/1946;061013;Capodrise;B667;061;CE
1946;CA;092;092001;A007;Abbasanta;;CECS;24/08/1946;092072;Norbello;F934;092;CA
1946;NA;063;063023;B990;Casoria;;CECS;30/07/1946;063021;Casavatore;B946;063;NA
1946;NU;091;091087;L006;Suni;;CECS;18/07/1946;091092;Tinnura;L172;091;NU
1946;NU;091;091087;L006;Suni;;CECS;18/07/1946;091075;Sagama;H661;091;NU
1946;NU;091;091087;L006;Suni;;CECS;18/07/1946;091023;Flussio;D640;091;NU
1946;IM;008;008054;H957;San Lorenzo al Mare;;CECS;11/07/1946;008022;Civezza;C755;008;IM
1946;CN;004;004077;D172;Crissolo;;CECS;03/07/1946;004156;Ostana;G183;004;CN
1946;CN;004;004131;F355;Monesiglio;;CECS;03/07/1946;004178;Prunetto;H085;004;CN
1946;CE;061;061005;A512;Aversa;;CECS;03/07/1946;061043;Gricignano di Aversa;E173;061;CE
1946;CE;061;061005;A512;Aversa;;CECS;03/07/1946;061046;Lusciano;E754;061;CE
1946;CE;061;061005;A512;Aversa;;CECS;03/07/1946;061016;Carinaro;B779;061;CE
1946;NA;063;063018;B922;Casamarciano;;CECS;03/07/1946;063085;Tufino;L460;063;NA
1946;NA;063;063065;H433;Roccarainola;;CECS;03/07/1946;063085;Tufino;L460;063;NA
1946;AO;007;007003;A326;Aosta;;CECS;15/05/1946;007058;Saint Christophe;H669;007;AO
1946;AO;007;007003;A326;Aosta;;CECS;15/05/1946;007019;Charvensod;C598;007;AO
1946;AO;007;007003;A326;Aosta;;CECS;15/05/1946;007031;Gressan;E165;007;AO
1946;AO;007;007003;A326;Aosta;;CECS;15/05/1946;007057;Roisan;H497;007;AO
1946;AO;007;007003;A326;Aosta;;CECS;15/05/1946;007066;Sarre;I442;007;AO
1946;AO;007;007003;A326;Aosta;;CECS;15/05/1946;007030;Gignod;E029;007;AO
1946;AO;007;007003;A326;Aosta;;CECS;15/05/1946;007049;Pollein;G794;007;AO
1946;AO;007;007003;A326;Aosta;;CECS;15/05/1946;007038;Jovençan;E391;007;AO
1946;AO;007;007015;C595;Chambave;;CECS;15/05/1946;007072;Verrayes;L783;007;AO
1946;AO;007;007015;C595;Chambave;;CECS;15/05/1946;007059;Saint Denis;H670;007;AO
1946;AO;007;007043;F367;Montjovet;;CECS;15/05/1946;007025;Emarese;D402;007;AO
1946;AO;007;007043;F367;Montjovet;;CECS;15/05/1946;007017;Champdepraz;C596;007;AO
1946;AO;007;007045;F987;Nus;;AQ;15/05/1946;007054;Quart;H110;007;AO
1946;AO;007;007045;F987;Nus;;CECS;15/05/1946;007027;Fenis;D537;007;AO
1946;AO;007;007054;H110;Quart;;CE;15/05/1946;007045;Nus;F987;007;AO
1946;NU;091;091018;D376;Dualchi;;CECS;27/04/1946;091050;Noragugume;F933;091;NU
1946;CN;004;004029;B111;Bra;;CECS;26/04/1946;004170;Pocapaglia;G742;004;CN
1946;CN;004;004119;E963;Marmora;;CECS;26/04/1946;004038;Canosio;B621;004;CN
1946;CN;004;004192;H453;Roccavione;;CECS;26/04/1946;004183;Roaschia;H362;004;CN
1946;RM;058;058012;A749;Bellegra;;CECS;26/04/1946;058089;Rocca Santo Stefano;H441;058;RM
1946;SA;065;065006;A251;Amalfi;;CECS;26/04/1946;065138;Scala;I486;065;SA
1946;SA;065;065007;A294;Angri;;CECS;26/04/1946;065130;Sant'Egidio del Monte Albino;I317;065;SA
1946;SA;065;065104;H198;Ravello;;CECS;26/04/1946;065138;Scala;I486;065;SA
1946;SA;065;065118;H800;San Cipriano Picentino;;CECS;26/04/1946;065036;Castiglione del Genovesi;C306;065;SA
1946;CB;070;070043;D703;Forlì del Sannio;;CECS;26/04/1946;070002;Acquaviva d'Isernia;A051;070;CB
1946;RC;080;080093;L063;Taurianova;;CECS;26/04/1946;080094;Terranova Sappo Minulio;L127;080;RC
1946;NA;063;063080;I862;Sorrento;;CECS;24/04/1946;063046;Meta;F162;063;NA
1946;NA;063;063080;I862;Sorrento;;CECS;24/04/1946;063053;Piano di Sorrento;G568;063;NA
1946;NA;063;063080;I862;Sorrento;;CECS;24/04/1946;063071;Sant'Agnello;I208;063;NA
1946;CB;070;070007;A930;Bojano;;CECS;24/04/1946;070036;Colle d'Anchise;C854;070;CB
1946;ME;083;083002;A194;Alì;;CECS;24/04/1946;083003;Alì Marina;A201;083;ME
1946;PU;041;041039;F137;Novafeltria;;CECS;17/04/1946;041063;Talamello;L034;041;PU
1946;CA;092;092133;I743;Simaxis;;CECS;13/04/1946;092079;Ollastra Simaxis;G043;092;CA
1946;CB;070;070121;I320;Sant'Elia a Pianisi;;CECS;09/04/1946;070061;Macchia Valfortore;E780;070;CB
1946;NA;063;063014;B696;Capri;;CECS;02/04/1946;063004;Anacapri;A268;063;NA
1946;SA;065;065154;L628;Vallo della Lucania;;CECS;02/04/1946;065080;Novi Velia;F967;065;SA
1946;SA;065;065154;L628;Vallo della Lucania;;CECS;02/04/1946;065024;Cannalonga;B608;065;SA
1946;CB;070;070038;C878;Colli a Volturno;;CECS;02/04/1946;070122;Scapoli;I507;070;CB
1946;CA;092;092135;I752;Sinnai;;CECS;02/04/1946;092125;Settimo San Pietro;I699;092;CA
1946;CA;092;092135;I752;Sinnai;;CECS;02/04/1946;092059;Maracalagonis;E903;092;CA
1946;CB;070;070128;L113;Termoli;;CECS;25/03/1946;070107;San Giacomo degli Schiavoni;H867;070;CB
1946;AG;084;084026;F845;Naro;;CECS;25/03/1946;084008;Camastra;B460;084;AG
1946;NU;091;091095;A355;Tortolì;;CECS;25/03/1946;091031;Girasole;E049;091;NU
1946;NU;091;091095;A355;Tortolì;;CECS;25/03/1946;091042;Lotzorai;E700;091;NU
1946;CA;092;092062;F208;Milis;;CECS;25/03/1946;092018;Bauladu;A721;092;CA
1946;CA;092;092117;I582;Selegas;;CECS;25/03/1946;092052;Guamaggiore;E234;092;CA
1946;AO;007;007005;A452;Arvier;;CECS;10/03/1946;007006;Avise;A521;007;AO
1946;AO;007;007009;A643;Bard;;CECS;10/03/1946;007034;Hône;E273;007;AO
1946;AO;007;007020;C294;Châtillon;;CECS;10/03/1946;007051;Pontey;G860;007;AO
1946;AO;007;007042;E587;Lillianes;;CECS;10/03/1946;007028;Fontainemore;D666;007;AO
1946;AO;007;007052;G854;Pont Saint Martin;;CECS;10/03/1946;007048;Perloz;G459;007;AO
1946;AO;007;007054;H110;Quart;;CECS;10/03/1946;007060;Saint Marcel;H671;007;AO
1946;AO;007;007054;H110;Quart;;CECS;10/03/1946;007011;Brissogne;B192;007;AO
1946;AO;007;007073;C282;Verrès;;CECS;10/03/1946;007004;Arnaz;A424;007;AO
1946;AO;007;007074;L981;Villeneuve;;CECS;10/03/1946;007063;Saint Pierre;H674;007;AO
1946;AO;007;007074;L981;Villeneuve;;CECS;10/03/1946;007061;Saint Nicolas;H672;007;AO
1946;AO;007;007074;L981;Villeneuve;;CECS;10/03/1946;007035;Introd;E306;007;AO
1946;CA;092;092031;C882;Collinas;;CECS;09/03/1946;092158;Villanovaforru;L986;092;CA
1946;RI;057;057026;D124;Cottanello;;CECS;08/03/1946;057039;Montasola;F430;057;RI
1946;RI;057;057026;D124;Cottanello;;CECS;08/03/1946;057072;Vacone;L525;057;RI
1946;RI;057;057059;H282;Rieti;;CECS;08/03/1946;057025;Contigliano;C969;057;RI
1946;CA;092;092146;L463;Tuili;;CECS;08/03/1946;092147;Turri;L473;092;CA
1946;NA;063;063083;L245;Torre Annunziata;;CECS;28/02/1946;063008;Boscoreale;B076;063;NA
1946;NA;063;063083;L245;Torre Annunziata;;CECS;28/02/1946;063009;Boscotrecase;B077;063;NA
1946;CZ;079;079002;A155;Albi;;CE;28/02/1946;079036;Cropani;D181;079;CZ
1946;CZ;079;079036;D181;Cropani;;AQ;28/02/1946;079002;Albi;A155;079;CZ
1946;CZ;079;079036;D181;Cropani;;AQ;28/02/1946;079068;Magisano;E806;079;CZ
1946;CZ;079;079068;E806;Magisano;;CE;28/02/1946;079036;Cropani;D181;079;CZ
1946;CA;092;092024;B281;Busachi;;CECS;28/02/1946;092148;Ulà Tirso;L488;092;CA
1946;CA;092;092051;E088;Gonnostramatza;;CECS;28/02/1946;092049;Gonnoscodina;E087;092;CA
1946;CA;092;092057;E742;Lunamatrona;;CECS;28/02/1946;092152;Ussaramanna;L513;092;CA
1946;PR;034;034006;B042;Borgo Val di Taro;;CECS;27/02/1946;034001;Albareto;A138;034;PR
1946;CA;092;092057;E742;Lunamatrona;;CECS;09/02/1946;092129;Siddi;I724;092;CA
1946;CA;092;092003;A180;Ales;;CECS;08/02/1946;092084;Pau;G379;092;CA
1946;CA;092;092041;D827;Furtei;;CECS;08/02/1946;092115;Segariu;I570;092;CA
1946;CA;092;092095;H739;Samatzai;;CECS;08/02/1946;092088;Pimentel;G669;092;CA
1946;CA;092;092119;I609;Senis;;CECS;08/02/1946;092010;Assolo;A477;092;CA
1946;CA;092;092137;I791;Solarussa;;CECS;08/02/1946;092170;Zerfaliu;M168;092;CA
1946;TP;081;081021;L331;Trapani;;CECS;07/02/1946;081013;Paceco;G208;081;TP
1946;NU;091;091044;E788;Macomer;;CECS;07/02/1946;091008;Birori;A880;091;NU
1946;CA;092;092015;A655;Baressa;;CECS;07/02/1946;092134;Sini;I749;092;CA
1946;CA;092;092092;H301;Riola Sardo;;CECS;07/02/1946;092074;Nurachi;F980;092;CA
1946;CA;092;092092;H301;Riola Sardo;;CECS;07/02/1946;092014;Baratili San Pietro;A621;092;CA
1946;CA;092;092097;H766;San Basilio;;CECS;07/02/1946;092047;Goni;E084;092;CA
1946;AN;042;042049;I932;Staffolo;;CECS;06/02/1946;042042;San Paolo di Jesi;I071;042;AN
1945;AQ;066;066069;G492;Pescina;;CECS;25/10/1945;066085;San Benedetto dei Marsi;H772;066;AQ
1945;NA;063;063037;E329;Ischia;;CECS;22/09/1945;063031;Forio;D702;063;NA
1945;NA;063;063037;E329;Ischia;;CECS;22/09/1945;063078;Serrara Fontana;I652;063;NA
1945;NA;063;063037;E329;Ischia;;CECS;22/09/1945;063007;Barano d'Ischia;A617;063;NA
1945;NA;063;063037;E329;Ischia;;CECS;22/09/1945;063019;Casamicciola;B924;063;NA
1945;NA;063;063037;E329;Ischia;;CECS;22/09/1945;063038;Lacco Ameno;E396;063;NA
1945;SA;065;065095;G538;Piaggine;;CECS;22/09/1945;065153;Valle dell'Angelo;G540;065;SA
1945;VT;056;056007;A857;Bieda;;CECS;15/09/1945;056046;San Giovanni di Bieda;H913;056;VT
1945;SA;065;065006;A251;Amalfi;;CECS;19/07/1945;065011;Atrani;A487;065;SA
1945;SA;065;065154;L628;Vallo della Lucania;;CECS;19/07/1945;065069;Moio della Civitella;F278;065;SA
1945;TV;026;026003;A471;Asolo;;CECS;01/05/1945;026045;Monfumo;F360;026;TV
1945;TV;026;026003;A471;Asolo;;CECS;01/05/1945;026011;Castelcucco;C073;026;TV
1945;TV;026;026046;F443;Montebelluna;;CECS;01/05/1945;026006;Caerano di San Marco;B349;026;TV
1945;TV;026;026057;G645;Pieve di Soligo;;CECS;01/05/1945;026065;Refrontolo;H220;026;TV
1945;CA;092;092029;B745;Carbonia;;CECS;21/04/1945;092089;Portoscuso;G922;092;CA
1945;CA;092;092029;B745;Carbonia;;CECS;21/04/1945;092048;Gonnesa;E086;092;CA
1945;CA;092;092055;E281;Iglesias;;CECS;21/04/1945;092048;Gonnesa;E086;092;CA
1944;SA;065;065118;H800;San Cipriano Picentino;;CECS;24/08/1944;065055;Giffoni Sei Casali;E026;065;SA
1944;PZ;076;076050;F295;Moliterno;;CECS;04/03/1944;076081;Sarconi;I426;076;PZ
1944;AV;064;064027;C606;Chianche;;CECS;01/01/1944;064071;Petruro;G519;064;AV
1944;AV;064;064081;H733;Salza Irpina;;CECS;01/01/1944;064102;Sorbo Serpico;I843;064;AV
1943;CO;013;013075;C933;Como;;AQES;13/08/1943;013859;Civiglio;C762;013;CO
1943;CO;013;013075;C933;Como;;AQES;13/08/1943;013820;Breccia;B127;013;CO
1943;CO;013;013075;C933;Como;;AQES;13/08/1943;013831;Camnago Volta;B487;013;CO
1943;CO;013;013075;C933;Como;;AQES;13/08/1943;013032;Brunate;B218;013;CO
1943;CO;013;013075;C933;Como;;AQES;13/08/1943;013804;Albate;A142;013;CO
1943;TO;001;001147;F058;Mattie;;CE;03/06/1943;001149;Meana di Susa;F074;001;TO
1943;TO;001;001149;F074;Meana di Susa;;AQ;03/06/1943;001147;Mattie;F058;001;TO
1943;MI;015;015140;F100;Melegnano;;AQ;03/06/1943;015195;San Giuliano Milanese;H930;015;MI
1943;MI;015;015195;H930;San Giuliano Milanese;;CE;03/06/1943;015140;Melegnano;F100;015;MI
1943;VI;024;024105;L157;Thiene;;AQ;03/06/1943;024122;Zugliano;M199;024;VI
1943;VI;024;024122;M199;Zugliano;;CE;03/06/1943;024105;Thiene;L157;024;VI
1943;PR;034;034027;G337;Parma;;AQES;29/05/1943;034810;Vigatto;L870;034;PR
1943;PR;034;034027;G337;Parma;;AQES;29/05/1943;034803;Golese;E080;034;PR
1943;PR;034;034027;G337;Parma;;AQES;29/05/1943;034802;Cortile San Martino;D074;034;PR
1943;PR;034;034027;G337;Parma;;AQES;29/05/1943;034807;San Lazzaro Parmense;H948;034;PR
1943;PR;034;034027;G337;Parma;;AQES;29/05/1943;034809;San Pancrazio Parmense;I068;034;PR
1943;PV;018;018013;A741;Belgioioso;;AQ;04/04/1943;018133;San Cipriano Po;H799;018;PV
1943;PV;018;018013;A741;Belgioioso;;AQ;04/04/1943;018815;Campospinoso Albaredo;B568;018;PV
1943;PV;018;018013;A741;Belgioioso;;CE;04/04/1943;018133;San Cipriano Po;H799;018;PV
1943;PV;018;018133;H799;San Cipriano Po;;CE;04/04/1943;018013;Belgioioso;A741;018;PV
1943;PV;018;018133;H799;San Cipriano Po;;AQ;04/04/1943;018013;Belgioioso;A741;018;PV
1943;PV;018;018815;B568;Campospinoso Albaredo;;CE;04/04/1943;018013;Belgioioso;A741;018;PV
1943;MN;020;020021;D227;Curtatone;;CE;24/02/1943;020030;Mantova;E897;020;MN
1943;MN;020;020030;E897;Mantova;;AQ;24/02/1943;020021;Curtatone;D227;020;MN
1943;MN;020;020030;E897;Mantova;;AQ;24/02/1943;020045;Porto Mantovano;G917;020;MN
1943;MN;020;020030;E897;Mantova;;AQ;24/02/1943;020057;San Giorgio di Mantova;H883;020;MN
1943;MN;020;020030;E897;Mantova;;AQ;24/02/1943;020052;Roncoferraro;H541;020;MN
1943;MN;020;020045;G917;Porto Mantovano;;CE;24/02/1943;020030;Mantova;E897;020;MN
1943;MN;020;020052;H541;Roncoferraro;;CE;24/02/1943;020030;Mantova;E897;020;MN
1943;MN;020;020057;H883;San Giorgio di Mantova;;CE;24/02/1943;020030;Mantova;E897;020;MN
1942;VT;056;056009;A955;Bomarzo;;CE;20/06/1942;056048;Soriano nel Cimino;I855;056;VT
1942;VT;056;056048;I855;Soriano nel Cimino;;AQ;20/06/1942;056009;Bomarzo;A955;056;VT
1941;VR;023;023021;C078;Castel d'Azzano;;CE;10/12/1941;023094;Vigasio;L869;023;VR
1941;VR;023;023021;C078;Castel d'Azzano;;AQ;10/12/1941;023094;Vigasio;L869;023;VR
1941;VR;023;023094;L869;Vigasio;;CE;10/12/1941;023021;Castel d'Azzano;C078;023;VR
1941;VR;023;023094;L869;Vigasio;;AQ;10/12/1941;023021;Castel d'Azzano;C078;023;VR
1941;AO;007;007826;B762;Carema;;CECS;28/09/1941;007874;Quincinetto;H127;007;AO
1941;BZ;021;021011;B160;Bressanone/Brixen;Brixen;AQES;14/03/1941;021891;Sant'Andrea in Monte/St. Andrä;I272;021;BZ
1941;AO;007;007828;C133;Castellamonte;;CE;05/02/1941;007885;San Martino Canavese;H997;007;AO
1941;AO;007;007885;H997;San Martino Canavese;;AQ;05/02/1941;007828;Castellamonte;C133;007;AO
1940;UD;030;030013;A553;Bagnaria Arsa;;CECS;20/12/1940;030167;Torviscosa;L309;030;UD
1940;UD;030;030068;E083;Gonars;;CECS;20/12/1940;030167;Torviscosa;L309;030;UD
1940;UD;030;030138;H895;San Giorgio di Nogaro;;CECS;20/12/1940;030167;Torviscosa;L309;030;UD
1940;PA;082;082049;F377;Monreale;;CE;23/11/1940;082061;Roccamena;H422;082;PA
1940;PA;082;082061;H422;Roccamena;;AQ;23/11/1940;082049;Monreale;F377;082;PA
1940;PT;047;047011;A561;Montecatini-Terme;;AQES;08/10/1940;047801;Montecatini di Val di Nievole;F459;047;PT
1940;PT;047;047011;A561;Montecatini-Terme;;CE;08/10/1940;047013;Pieve a Nievole;G636;047;PT
1940;PT;047;047013;G636;Pieve a Nievole;;AQ;08/10/1940;047011;Montecatini-Terme;A561;047;PT
1940;VI;024;024089;H594;Rotzo;;CECS;13/09/1940;024112;Valdastico;L554;024;VI
1940;ME;083;083017;C568;Cesarò;;CECS;29/08/1940;083090;San Teodoro;I328;083;ME
1940;PU;041;041037;F555;Montemaggiore al Metauro;;AQ;15/08/1940;041062;Serrungarina;I670;041;PU
1940;PU;041;041062;I670;Serrungarina;;CE;15/08/1940;041037;Montemaggiore al Metauro;F555;041;PU
1940;PC;033;033014;C288;Castelvetro Piacentino;;AQ;03/08/1940;033046;Villanova sull'Arda;L980;033;PC
1940;PC;033;033046;L980;Villanova sull'Arda;;CE;03/08/1940;033014;Castelvetro Piacentino;C288;033;PC
1940;VC;002;002012;A859;Biella;;AQES;02/08/1940;002810;Chiavazza;C622;002;VC
1940;VC;002;002012;A859;Biella;;AQES;02/08/1940;002811;Cossila;D097;002;VC
1940;VC;002;002160;L880;Vigliano Biellese;;AQES;02/08/1940;002810;Chiavazza;C622;002;VC
1940;MI;015;015139;F084;Mediglia;;CE;29/06/1940;015222;Tribiano;L415;015;MI
1940;MI;015;015222;L415;Tribiano;;AQ;29/06/1940;015139;Mediglia;F084;015;MI
1940;CZ;079;079062;E321;Jonadi;;AQ;30/05/1940;079155;Vibo Valentia;F537;079;CZ
1940;CZ;079;079062;E321;Jonadi;;CE;30/05/1940;079155;Vibo Valentia;F537;079;CZ
1940;CZ;079;079155;F537;Vibo Valentia;;CE;30/05/1940;079062;Jonadi;E321;079;CZ
1940;CZ;079;079155;F537;Vibo Valentia;;AQ;30/05/1940;079062;Jonadi;E321;079;CZ
1940;CN;004;004029;B111;Bra;;CECS;23/05/1940;004208;Sanfrè;H851;004;CN
1940;CA;092;092029;B745;Carbonia;;AQES;15/04/1940;092089;Portoscuso;G922;092;CA
1940;CA;092;092029;B745;Carbonia;;AQES;15/04/1940;092048;Gonnesa;E086;092;CA
1940;CA;092;092055;E281;Iglesias;;AQES;15/04/1940;092048;Gonnesa;E086;092;CA
1940;RM;058;058020;B828;Carpineto Romano;;CE;13/02/1940;059019;Priverno;G698;059;LT
1940;LT;059;059019;G698;Priverno;;AQ;13/02/1940;058020;Carpineto Romano;B828;058;RM
1940;AQ;066;066006;A515;Avezzano;;AQ;08/02/1940;066054;Massa d'Albe;F022;066;AQ
1940;AQ;066;066054;F022;Massa d'Albe;;CE;08/02/1940;066006;Avezzano;A515;066;AQ
1940;RI;057;057012;A472;Aspra Sabina;;CECS;24/01/1940;057010;Cantalupo in Sabina;B631;057;RI
1940;ME;083;083073;H380;Roccavaldina;;AQ;24/01/1940;083096;Spadafora;I881;083;ME
1940;ME;083;083096;I881;Spadafora;;CE;24/01/1940;083073;Roccavaldina;H380;083;ME
1940;ME;083;083096;I881;Spadafora;;CECS;24/01/1940;083104;Venetico;L735;083;ME
1939;SP;011;011001;A261;Ameglia;;CE;28/12/1939;011016;Lerici;E542;011;SP
1939;SP;011;011016;E542;Lerici;;AQ;28/12/1939;011001;Ameglia;A261;011;SP
1939;TV;026;026015;C580;Cessalto;;CE;15/12/1939;027036;San Stino di Livenza;I373;027;VE
1939;VE;027;027036;I373;San Stino di Livenza;;AQ;15/12/1939;026015;Cessalto;C580;026;TV
1939;RA;039;039014;H199;Ravenna;;CE;05/12/1939;040012;Forlì;D704;040;FC
1939;RA;039;039014;H199;Ravenna;;AQ;05/12/1939;040012;Forlì;D704;040;FC
1939;FC;040;040012;D704;Forlì;;CE;05/12/1939;039014;Ravenna;H199;039;RA
1939;FC;040;040012;D704;Forlì;;AQ;05/12/1939;039014;Ravenna;H199;039;RA
1939;FI;048;048017;D612;Firenze;;CE;15/11/1939;048041;Scandicci;B962;048;FI
1939;FI;048;048041;B962;Scandicci;;AQ;15/11/1939;048017;Firenze;D612;048;FI
1939;RI;057;057003;A315;Antrodoco;;CE;15/11/1939;057059;Rieti;H282;057;RI
1939;RI;057;057059;H282;Rieti;;AQ;15/11/1939;057003;Antrodoco;A315;057;RI
1939;CO;013;013201;H601;Rovellasca;;CECS;04/11/1939;013202;Rovello Porro;H602;013;CO
1939;PT;047;047014;G713;Pistoia;;CE;26/10/1939;047015;Piteglio;G715;047;PT
1939;PT;047;047015;G715;Piteglio;;AQ;26/10/1939;047014;Pistoia;G713;047;PT
1939;VC;002;002016;B041;Borgosesia;;CECS;04/10/1939;002107;Quarona;H108;002;VC
1939;BG;016;016008;A246;Alzano Lombardo;;AQES;20/09/1939;016843;Nese;F875;016;BG
1939;PL;702;702701;A170;Albona;;CE;19/09/1939;702703;Arsia;A442;702;PL
1939;PL;702;702703;A442;Arsia;;AQ;19/09/1939;702701;Albona;A170;702;PL
1939;VI;024;024011;A627;Barbarano Vicentino;;AQES;07/09/1939;024117;Villaga;L952;024;VI
1939;VI;024;024011;A627;Barbarano Vicentino;;AQES;07/09/1939;024069;Mossano;F768;024;VI
1939;AV;064;064043;E487;Lauro;;AQES;11/08/1939;064106;Taurano;L061;064;AV
1939;PV;018;018046;C541;Certosa di Pavia;;CE;13/07/1939;018110;Pavia;G388;018;PV
1939;PV;018;018060;B824;Cura Carpignano;;AQES;13/07/1939;018833;Fossarmato;D743;018;PV
1939;PV;018;018110;G388;Pavia;;AQ;13/07/1939;018169;Valle Salimbene;L617;018;PV
1939;PV;018;018110;G388;Pavia;;AQ;13/07/1939;018135;San Genesio ed Uniti;H859;018;PV
1939;PV;018;018110;G388;Pavia;;AQES;13/07/1939;018833;Fossarmato;D743;018;PV
1939;PV;018;018110;G388;Pavia;;AQ;13/07/1939;018046;Certosa di Pavia;C541;018;PV
1939;PV;018;018110;G388;Pavia;;AQES;13/07/1939;018844;Mirabello ed Uniti di Pavia;F237;018;PV
1939;PV;018;018135;H859;San Genesio ed Uniti;;AQES;13/07/1939;018844;Mirabello ed Uniti di Pavia;F237;018;PV
1939;PV;018;018135;H859;San Genesio ed Uniti;;CE;13/07/1939;018110;Pavia;G388;018;PV
1939;PV;018;018169;L617;Valle Salimbene;;CE;13/07/1939;018110;Pavia;G388;018;PV
1939;ME;083;083089;I311;Santa Teresa di Riva;;CECS;12/07/1939;083012;Casalvecchio Siculo;B918;083;ME
1939;AO;007;007074;L981;Villanova Baltea;;CECS;04/07/1939;007008;Aimavilla;A108;007;AO
1939;RI;057;057012;A472;Aspra Sabina;;CECS;04/07/1939;057061;Roccantica;H427;057;RI
1939;CA;092;092039;D639;Fluminimaggiore;;AQ;04/04/1939;092055;Iglesias;E281;092;CA
1939;CA;092;092055;E281;Iglesias;;CE;04/04/1939;092039;Fluminimaggiore;D639;092;CA
1939;RM;058;058023;C203;Castel Madama;;AQ;04/03/1939;058094;Sambuci;H745;058;RM
1939;RM;058;058094;H745;Sambuci;;CE;04/03/1939;058023;Castel Madama;C203;058;RM
1939;NU;091;091011;B056;Borore;;CECS;17/02/1939;091018;Dualchi;D376;091;NU
1939;TO;001;001064;C045;Castagneto Po;;AQ;05/02/1939;001112;Gassino Torinese;D933;001;TO
1939;TO;001;001112;D933;Gassino Torinese;;CE;05/02/1939;001064;Castagneto Po;C045;001;TO
1939;PV;018;018094;F417;Montalto Pavese;;AQES;05/02/1939;018849;Montù Berchielli;F702;018;PV
1939;PV;018;018125;H396;Rocca de' Giorgi;;AQES;05/02/1939;018849;Montù Berchielli;F702;018;PV
1939;PV;018;018857;G810;Pometo;;AQES;05/02/1939;018849;Montù Berchielli;F702;018;PV
1939;SS;090;090047;G015;Terranova Pausania;;AQES;26/01/1939;090802;Nuchis;F973;090;SS
1939;SS;090;090070;L093;Tempio Pausania;;AQES;26/01/1939;090802;Nuchis;F973;090;SS
1939;AV;064;064112;L399;Trevico;;CE;08/01/1939;071003;Anzano di Puglia;A320;071;FG
1939;AV;064;064112;L399;Trevico;;AQ;08/01/1939;071003;Anzano di Puglia;A320;071;FG
1939;FG;071;071003;A320;Anzano di Puglia;;AQ;08/01/1939;064112;Trevico;L399;064;AV
1939;FG;071;071003;A320;Anzano di Puglia;;CE;08/01/1939;064112;Trevico;L399;064;AV
1938;FE;038;038001;A393;Argenta;;CE;25/12/1938;038019;Portomaggiore;G916;038;FE
1938;FE;038;038001;A393;Argenta;;AQ;25/12/1938;038019;Portomaggiore;G916;038;FE
1938;FE;038;038019;G916;Portomaggiore;;CE;25/12/1938;038001;Argenta;A393;038;FE
1938;FE;038;038019;G916;Portomaggiore;;AQ;25/12/1938;038001;Argenta;A393;038;FE
1938;VI;024;024057;E970;Marostica;;AQES;22/12/1938;024807;Vallonara;L630;024;VI
1938;VI;024;024057;E970;Marostica;;AQES;22/12/1938;024802;Crosara;D183;024;VI
1938;FC;040;040007;C573;Cesena;;CE;20/12/1938;040015;Gambettola;D899;040;FC
1938;FC;040;040007;C573;Cesena;;AQ;20/12/1938;040015;Gambettola;D899;040;FC
1938;FC;040;040015;D899;Gambettola;;CE;20/12/1938;040007;Cesena;C573;040;FC
1938;FC;040;040015;D899;Gambettola;;AQ;20/12/1938;040007;Cesena;C573;040;FC
1938;VI;024;024012;A703;Bassano del Grappa;;AQES;24/11/1938;024808;Valrovina;L646;024;VI
1938;NA;063;063037;E329;Ischia;;AQES;13/11/1938;063038;Lacco Ameno;E396;063;NA
1938;NA;063;063037;E329;Ischia;;AQES;13/11/1938;063031;Forio;D702;063;NA
1938;NA;063;063037;E329;Ischia;;AQES;13/11/1938;063007;Barano d'Ischia;A617;063;NA
1938;NA;063;063037;E329;Ischia;;AQES;13/11/1938;063019;Casamicciola;B924;063;NA
1938;NA;063;063037;E329;Ischia;;AQES;13/11/1938;063078;Serrara Fontana;I652;063;NA
1938;AV;064;064017;B674;Caposele;;AQ;17/10/1938;065063;Laviano;E498;065;SA
1938;SA;065;065063;E498;Laviano;;CE;17/10/1938;064017;Caposele;B674;064;AV
1938;TO;001;001054;B637;Cantoira;;AQ;06/10/1938;001072;Cere;C497;001;TO
1938;TO;001;001072;C497;Cere;;CE;06/10/1938;001054;Cantoira;B637;001;TO
1938;TP;081;081021;L331;Trapani;;AQES;20/09/1938;081013;Paceco;G208;081;TP
1938;MC;043;043013;C770;Civitanova Marche;;AQES;14/09/1938;043801;Porto Civitanova;G911;043;MC
1938;AV;064;064008;A509;Avellino;;AQES;01/09/1938;064801;Bellizzi Irpino;A753;064;AV
1938;ME;083;083027;D824;Furci Siculo;;AQ;07/08/1938;083065;Pagliara;G234;083;ME
1938;ME;083;083027;D824;Furci Siculo;;CE;07/08/1938;083065;Pagliara;G234;083;ME
1938;ME;083;083065;G234;Pagliara;;CE;07/08/1938;083027;Furci Siculo;D824;083;ME
1938;ME;083;083065;G234;Pagliara;;AQ;07/08/1938;083027;Furci Siculo;D824;083;ME
1938;RM;058;058091;H501;Roma;;CECS;27/07/1938;058079;Pomezia;G811;058;RM
1938;AL;006;006128;G397;Pecetto;;CE;26/07/1938;006177;Valenza;L570;006;AL
1938;AL;006;006177;L570;Valenza;;AQ;26/07/1938;006128;Pecetto;G397;006;AL
1938;SO;014;014045;F712;Morbegno;;AQES;09/07/1938;014803;Campovico;B571;014;SO
1938;AL;006;006177;L570;Valenza;;AQES;19/06/1938;006826;Villabella;E503;006;AL
1938;MI;015;015149;F704;Monza;;AQ;02/06/1938;015209;Sesto San Giovanni;I690;015;MI
1938;MI;015;015149;F704;Monza;;CE;02/06/1938;015209;Sesto San Giovanni;I690;015;MI
1938;MI;015;015209;I690;Sesto San Giovanni;;AQ;02/06/1938;015149;Monza;F704;015;MI
1938;MI;015;015209;I690;Sesto San Giovanni;;CE;02/06/1938;015149;Monza;F704;015;MI
1938;TO;001;001021;A625;Barbania;;AQ;01/06/1938;001135;Lombardore;E660;001;TO
1938;TO;001;001135;E660;Lombardore;;CE;01/06/1938;001021;Barbania;A625;001;TO
1938;VC;002;002081;F769;Mosso Santa Maria;;AQES;07/04/1938;002827;Valle Superiore Mosso;L622;002;VC
1938;TR;055;055002;A207;Allerona;;AQ;18/03/1938;055011;Fabro;D454;055;TR
1938;TR;055;055002;A207;Allerona;;CE;18/03/1938;055011;Fabro;D454;055;TR
1938;TR;055;055011;D454;Fabro;;AQ;18/03/1938;055002;Allerona;A207;055;TR
1938;TR;055;055011;D454;Fabro;;CE;18/03/1938;055002;Allerona;A207;055;TR
1938;MI;015;015020;A811;Bertonico;;AQ;19/02/1938;019059;Montodine;F681;019;CR
1938;MI;015;015020;A811;Bertonico;;CE;19/02/1938;019059;Montodine;F681;019;CR
1938;MI;015;015020;A811;Bertonico;;CE;19/02/1938;019060;Moscazzano;F761;019;CR
1938;MI;015;015043;B456;Camairago;;AQ;19/02/1938;019044;Formigara;D710;019;CR
1938;MI;015;015043;B456;Camairago;;CE;19/02/1938;019076;Pizzighettone;G721;019;CR
1938;MI;015;015064;C304;Castiglione d'Adda;;CE;19/02/1938;019044;Formigara;D710;019;CR
1938;MI;015;015064;C304;Castiglione d'Adda;;AQ;19/02/1938;019049;Gombito;E082;019;CR
1938;MI;015;015066;C362;Cavacurta;;AQ;19/02/1938;019076;Pizzighettone;G721;019;CR
1938;MI;015;015067;C394;Cavenago d'Adda;;AQ;19/02/1938;019018;Casaletto Ceredano;B889;019;CR
1938;MI;015;015067;C394;Cavenago d'Adda;;CE;19/02/1938;019018;Casaletto Ceredano;B889;019;CR
1938;MI;015;015067;C394;Cavenago d'Adda;;CE;19/02/1938;019034;Credera Rubbiano;D141;019;CR
1938;MI;015;015133;E852;Maleo;;CE;19/02/1938;019076;Pizzighettone;G721;019;CR
1938;MI;015;015133;E852;Maleo;;AQ;19/02/1938;019076;Pizzighettone;G721;019;CR
1938;MI;015;015225;L469;Turano Lodigiano;;CE;19/02/1938;019034;Credera Rubbiano;D141;019;CR
1938;MI;015;015225;L469;Turano Lodigiano;;AQ;19/02/1938;019060;Moscazzano;F761;019;CR
1938;MI;015;015225;L469;Turano Lodigiano;;CE;19/02/1938;019060;Moscazzano;F761;019;CR
1938;MI;015;015225;L469;Turano Lodigiano;;AQ;19/02/1938;019034;Credera Rubbiano;D141;019;CR
1938;CR;019;019018;B889;Casaletto Ceredano;;AQ;19/02/1938;015067;Cavenago d'Adda;C394;015;MI
1938;CR;019;019018;B889;Casaletto Ceredano;;CE;19/02/1938;015067;Cavenago d'Adda;C394;015;MI
1938;CR;019;019034;D141;Credera Rubbiano;;AQ;19/02/1938;015225;Turano Lodigiano;L469;015;MI
1938;CR;019;019034;D141;Credera Rubbiano;;CE;19/02/1938;015225;Turano Lodigiano;L469;015;MI
1938;CR;019;019034;D141;Credera Rubbiano;;AQ;19/02/1938;015067;Cavenago d'Adda;C394;015;MI
1938;CR;019;019044;D710;Formigara;;AQ;19/02/1938;015064;Castiglione d'Adda;C304;015;MI
1938;CR;019;019044;D710;Formigara;;CE;19/02/1938;015043;Camairago;B456;015;MI
1938;CR;019;019049;E082;Gombito;;CE;19/02/1938;015064;Castiglione d'Adda;C304;015;MI
1938;CR;019;019059;F681;Montodine;;CE;19/02/1938;015020;Bertonico;A811;015;MI
1938;CR;019;019059;F681;Montodine;;AQ;19/02/1938;015020;Bertonico;A811;015;MI
1938;CR;019;019060;F761;Moscazzano;;CE;19/02/1938;015225;Turano Lodigiano;L469;015;MI
1938;CR;019;019060;F761;Moscazzano;;AQ;19/02/1938;015020;Bertonico;A811;015;MI
1938;CR;019;019060;F761;Moscazzano;;AQ;19/02/1938;015225;Turano Lodigiano;L469;015;MI
1938;CR;019;019076;G721;Pizzighettone;;AQ;19/02/1938;015133;Maleo;E852;015;MI
1938;CR;019;019076;G721;Pizzighettone;;CE;19/02/1938;015133;Maleo;E852;015;MI
1938;CR;019;019076;G721;Pizzighettone;;CE;19/02/1938;015066;Cavacurta;C362;015;MI
1938;CR;019;019076;G721;Pizzighettone;;AQ;19/02/1938;015043;Camairago;B456;015;MI
1938;PV;018;018857;G810;Pometo;;AQ;10/02/1938;033029;Nibbiano;F885;033;PC
1938;RO;029;029002;A400;Ariano nel Polesine;;AQ;10/02/1938;029046;Taglio di Po;L026;029;RO
1938;RO;029;029002;A400;Ariano nel Polesine;;AQ;10/02/1938;029039;Porto Tolle;G923;029;RO
1938;RO;029;029039;G923;Porto Tolle;;CE;10/02/1938;029002;Ariano nel Polesine;A400;029;RO
1938;RO;029;029039;G923;Porto Tolle;;CE;10/02/1938;029046;Taglio di Po;L026;029;RO
1938;RO;029;029046;L026;Taglio di Po;;CE;10/02/1938;029002;Ariano nel Polesine;A400;029;RO
1938;RO;029;029046;L026;Taglio di Po;;AQ;10/02/1938;029039;Porto Tolle;G923;029;RO
1938;PC;033;033029;F885;Nibbiano;;CE;10/02/1938;018857;Pometo;G810;018;PV
1938;BG;016;016008;A246;Alzano Lombardo;;CE;18/01/1938;016843;Nese;F875;016;BG
1938;BG;016;016008;A246;Alzano Lombardo;;AQ;18/01/1938;016843;Nese;F875;016;BG
1938;BG;016;016843;F875;Nese;;AQ;18/01/1938;016008;Alzano Lombardo;A246;016;BG
1938;BG;016;016843;F875;Nese;;CE;18/01/1938;016008;Alzano Lombardo;A246;016;BG
1938;CA;092;092048;E086;Gonnesa;;CECS;08/01/1938;092029;Carbonia;B745;092;CA
1938;CA;092;092055;E281;Iglesias;;CECS;08/01/1938;092029;Carbonia;B745;092;CA
1937;BO;037;037006;A944;Bologna;;AQES;06/12/1937;037801;Borgo Panigale;B027;037;BO
1937;PL;702;702701;A170;Albona;;CECS;06/11/1937;702703;Arsia;A442;702;PL
1937;PL;702;702704;A624;Barbana d'Istria;;CECS;06/11/1937;702703;Arsia;A442;702;PL
1937;RM;058;058091;H501;Roma;;CECS;03/11/1937;058047;Guidonia Montecelio;E263;058;RM
1937;RM;058;058098;I284;Sant'Angelo Romano;;CECS;03/11/1937;058047;Guidonia Montecelio;E263;058;RM
1937;RM;058;058098;I284;Sant'Angelo Romano;;AQES;03/11/1937;058801;Montecelio;F466;058;RM
1937;RM;058;058104;L182;Tivoli;;CECS;03/11/1937;058047;Guidonia Montecelio;E263;058;RM
1937;CO;013;013103;D865;Galbiate;;AQES;27/10/1937;013958;Villa Vergano;L760;013;CO
1937;CA;092;092026;B354;Cagliari;;AQES;27/10/1937;092885;Elmas;D399;092;CA
1937;RI;057;057014;C224;Castelnuovo di Farfa;;AQ;26/10/1937;057027;Fara in Sabina;D493;057;RI
1937;RI;057;057027;D493;Fara in Sabina;;CE;26/10/1937;057014;Castelnuovo di Farfa;C224;057;RI
1937;TO;001;001060;B867;Casalborgone;;AQ;23/10/1937;001129;Lauriano;E484;001;TO
1937;TO;001;001129;E484;Lauriano;;CE;23/10/1937;001060;Casalborgone;B867;001;TO
1937;VE;027;027008;C638;Chioggia;;CE;03/09/1937;029030;Loreo;E689;029;RO
1937;RO;029;029030;E689;Loreo;;AQ;03/09/1937;027008;Chioggia;C638;027;VE
1937;TR;055;055009;C117;Castel Giorgio;;AQ;22/08/1937;055023;Orvieto;G148;055;TR
1937;TR;055;055009;C117;Castel Giorgio;;CE;22/08/1937;055023;Orvieto;G148;055;TR
1937;TR;055;055010;C289;Castel Viscardo;;AQ;22/08/1937;055023;Orvieto;G148;055;TR
1937;TR;055;055010;C289;Castel Viscardo;;CE;22/08/1937;055023;Orvieto;G148;055;TR
1937;TR;055;055023;G148;Orvieto;;CE;22/08/1937;055010;Castel Viscardo;C289;055;TR
1937;TR;055;055023;G148;Orvieto;;CE;22/08/1937;055009;Castel Giorgio;C117;055;TR
1937;TR;055;055023;G148;Orvieto;;AQ;22/08/1937;055010;Castel Viscardo;C289;055;TR
1937;TR;055;055023;G148;Orvieto;;AQ;22/08/1937;055009;Castel Giorgio;C117;055;TR
1937;NO;003;003057;D177;Crodo;;AQ;20/08/1937;003124;Premia;H033;003;NO
1937;NO;003;003124;H033;Premia;;CE;20/08/1937;003057;Crodo;D177;003;NO
1937;AO;007;007828;C133;Castellamonte;;CE;27/07/1937;007885;San Martino Canavese;H997;007;AO
1937;AO;007;007885;H997;San Martino Canavese;;AQ;27/07/1937;007828;Castellamonte;C133;007;AO
1937;CS;078;078004;A102;Aiello Calabro;;CECS;18/07/1937;078140;Serra d'Aiello;I642;078;CS
1937;CS;078;078010;A253;Amantea;;CECS;18/07/1937;078126;San Pietro in Amantea;I108;078;CS
1937;CS;078;078021;B424;Calopezzati;;CECS;18/07/1937;078047;Crosia;D184;078;CS
1937;CS;078;078055;D624;Fiumefreddo Bruzio;;CECS;18/07/1937;078067;Longobardi;E677;078;CS
1937;CS;078;078072;E859;Malito;;CECS;18/07/1937;078008;Altilia;A234;078;CS
1937;CS;078;078072;E859;Malito;;CECS;18/07/1937;078014;Belsito;A768;078;CS
1937;CS;078;078081;F416;Montalto Uffugo;;CECS;18/07/1937;078135;San Vincenzo La Costa;I388;078;CS
1937;CS;078;078081;F416;Montalto Uffugo;;CECS;18/07/1937;078112;San Benedetto Ullano;H774;078;CS
1937;CS;078;078101;G975;Praia a Mare;;CECS;18/07/1937;078005;Aieta;A105;078;CS
1937;CS;078;078101;G975;Praia a Mare;;CECS;18/07/1937;078149;Tortora;L305;078;CS
1937;CS;078;078105;H490;Rogliano;;CECS;18/07/1937;078078;Marzi;F001;078;CS
1937;CS;078;078105;H490;Rogliano;;CECS;18/07/1937;078134;Santo Stefano di Rogliano;I359;078;CS
1937;CS;078;078123;H981;San Marco Argentano;;CECS;18/07/1937;078038;Cervicati;C554;078;CS
1937;CS;078;078139;D290;Scigliano;;CECS;18/07/1937;078096;Pedivigliano;G411;078;CS
1937;CS;078;078139;D290;Scigliano;;CECS;18/07/1937;078027;Carpanzano;B813;078;CS
1937;CS;078;078143;I896;Spezzano della Sila;;CECS;18/07/1937;078144;Spezzano Piccolo;I898;078;CS
1937;CT;087;087011;B428;Caltagirone;;CE;17/07/1937;088002;Chiaramonte Gulfi;C612;088;RG
1937;RG;088;088001;A014;Biscari;;CE;17/07/1937;088012;Vittoria;M088;088;RG
1937;RG;088;088002;C612;Chiaramonte Gulfi;;AQ;17/07/1937;087011;Caltagirone;B428;087;CT
1937;RG;088;088002;C612;Chiaramonte Gulfi;;CE;17/07/1937;088003;Comiso;C927;088;RG
1937;RG;088;088003;C927;Comiso;;AQ;17/07/1937;088012;Vittoria;M088;088;RG
1937;RG;088;088003;C927;Comiso;;AQ;17/07/1937;088002;Chiaramonte Gulfi;C612;088;RG
1937;RG;088;088003;C927;Comiso;;AQ;17/07/1937;088009;Ragusa;H163;088;RG
1937;RG;088;088003;C927;Comiso;;CE;17/07/1937;088009;Ragusa;H163;088;RG
1937;RG;088;088009;H163;Ragusa;;CE;17/07/1937;088003;Comiso;C927;088;RG
1937;RG;088;088009;H163;Ragusa;;AQ;17/07/1937;088003;Comiso;C927;088;RG
1937;RG;088;088012;M088;Vittoria;;AQ;17/07/1937;088001;Biscari;A014;088;RG
1937;RG;088;088012;M088;Vittoria;;CE;17/07/1937;088003;Comiso;C927;088;RG
1937;PU;041;041054;H958;San Lorenzo in Campo;;CECS;11/07/1937;041016;Fratte Rosa;D791;041;PU
1937;VA;012;012090;E666;Lonate Pozzolo;;AQ;10/06/1937;015062;Castano Primo;C052;015;MI
1937;VA;012;012090;E666;Lonate Pozzolo;;AQ;10/06/1937;015155;Nosate;F939;015;MI
1937;MI;015;015062;C052;Castano Primo;;CE;10/06/1937;012090;Lonate Pozzolo;E666;012;VA
1937;MI;015;015155;F939;Nosate;;CE;10/06/1937;012090;Lonate Pozzolo;E666;012;VA
1937;AN;042;042017;D451;Fabriano;;AQ;29/05/1937;042020;Genga;D965;042;AN
1937;AN;042;042020;D965;Genga;;CE;29/05/1937;042017;Fabriano;D451;042;AN
1937;LT;059;059017;G865;Pontinia;;AQ;29/05/1937;059032;Terracina;L120;059;LT
1937;LT;059;059017;G865;Pontinia;;CE;29/05/1937;059032;Terracina;L120;059;LT
1937;LT;059;059032;L120;Terracina;;CE;29/05/1937;059017;Pontinia;G865;059;LT
1937;LT;059;059032;L120;Terracina;;AQ;29/05/1937;059017;Pontinia;G865;059;LT
1937;CZ;079;079155;F537;Vibo Valentia;;AQES;28/05/1937;079802;Piscopio;G708;079;CZ
1937;CO;013;013075;C933;Como;;AQES;18/05/1937;013925;Rebbio;H208;013;CO
1937;MI;015;015012;A652;Bareggio;;CE;13/05/1937;015087;Cornaredo;D018;015;MI
1937;MI;015;015087;D018;Cornaredo;;AQ;13/05/1937;015012;Bareggio;A652;015;MI
1937;BA;072;072006;A662;Bari;;AQES;02/04/1937;072804;Loseto;E697;072;BA
1937;PV;018;018085;E804;Magherno;;AQES;01/04/1937;018157;Torre d'Arese;L256;018;PV
1937;PG;054;054009;C309;Castiglione del Lago;;CE;12/03/1937;054055;Tuoro sul Trasimeno;L466;054;PG
1937;PG;054;054009;C309;Castiglione del Lago;;CE;12/03/1937;054037;Panicale;G308;054;PG
1937;PG;054;054009;C309;Castiglione del Lago;;CE;12/03/1937;054038;Passignano sul Trasimeno;G359;054;PG
1937;PG;054;054009;C309;Castiglione del Lago;;CE;12/03/1937;054026;Magione;E805;054;PG
1937;PG;054;054026;E805;Magione;;AQ;12/03/1937;054009;Castiglione del Lago;C309;054;PG
1937;PG;054;054037;G308;Panicale;;AQ;12/03/1937;054009;Castiglione del Lago;C309;054;PG
1937;PG;054;054038;G359;Passignano sul Trasimeno;;AQ;12/03/1937;054009;Castiglione del Lago;C309;054;PG
1937;PG;054;054055;L466;Tuoro sul Trasimeno;;AQ;12/03/1937;054009;Castiglione del Lago;C309;054;PG
1937;GE;010;010040;F858;Ne;;AQ;04/03/1937;011018;Maissana;E842;011;SP
1937;SP;011;011018;E842;Maissana;;CE;04/03/1937;010040;Ne;F858;010;GE
1937;EN;086;086005;B381;Calascibetta;;CE;02/03/1937;086020;Villarosa;M011;086;EN
1937;EN;086;086009;C342;Enna;;CE;02/03/1937;086020;Villarosa;M011;086;EN
1937;EN;086;086020;M011;Villarosa;;AQ;02/03/1937;086009;Enna;C342;086;EN
1937;EN;086;086020;M011;Villarosa;;AQ;02/03/1937;086005;Calascibetta;B381;086;EN
1937;CB;070;070052;E335;Isernia;;CECS;24/02/1937;070065;Miranda;F239;070;CB
1937;CB;070;070052;E335;Isernia;;CECS;24/02/1937;070081;Pesche;G486;070;CB
1937;CB;070;070052;E335;Isernia;;CECS;24/02/1937;070059;Macchia d'Isernia;E778;070;CB
1937;CB;070;070052;E335;Isernia;;CECS;24/02/1937;070086;Pettoranello del Molise;G523;070;CB
1937;CB;070;070135;L725;Venafro;;CECS;24/02/1937;070039;Conca Casale;C941;070;CB
1937;CB;070;070135;L725;Venafro;;CECS;24/02/1937;070125;Sesto Campano;I682;070;CB
1937;CB;070;070135;L725;Venafro;;CECS;24/02/1937;070093;Pozzilli;G954;070;CB
1936;VE;027;027025;F826;Musile di Piave;;AQ;31/12/1936;027033;San Donà di Piave;H823;027;VE
1936;VE;027;027025;F826;Musile di Piave;;CE;31/12/1936;027033;San Donà di Piave;H823;027;VE
1936;VE;027;027033;H823;San Donà di Piave;;AQ;31/12/1936;027025;Musile di Piave;F826;027;VE
1936;VE;027;027033;H823;San Donà di Piave;;CE;31/12/1936;027025;Musile di Piave;F826;027;VE
1936;NA;063;063064;H243;Resina;;CE;28/10/1936;063067;San Giorgio a Cremano;H892;063;NA
1936;NA;063;063067;H892;San Giorgio a Cremano;;AQ;28/10/1936;063064;Resina;H243;063;NA
1936;CO;013;013122;E444;Lanzo d'Intelvi;;AQ;24/10/1936;013194;Ramponio Verna;H171;013;CO
1936;CO;013;013122;E444;Lanzo d'Intelvi;;AQ;24/10/1936;013234;Valsolda;C936;013;CO
1936;CO;013;013194;H171;Ramponio Verna;;CE;24/10/1936;013122;Lanzo d'Intelvi;E444;013;CO
1936;CO;013;013234;C936;Valsolda;;CE;24/10/1936;013122;Lanzo d'Intelvi;E444;013;CO
1936;RO;029;029039;G923;Porto Tolle;;CE;29/09/1936;029046;Taglio di Po;L026;029;RO
1936;RO;029;029046;L026;Taglio di Po;;AQ;29/09/1936;029039;Porto Tolle;G923;029;RO
1936;RM;058;058048;E382;Jenne;;AQ;25/09/1936;058108;Vallepietra;L611;058;RM
1936;RM;058;058108;L611;Vallepietra;;CE;25/09/1936;058048;Jenne;E382;058;RM
1936;FU;701;701705;D400;Elsane;;CE;03/09/1936;701714;Villa del Nevoso;L935;701;FU
1936;FU;701;701705;D400;Elsane;;AQ;03/09/1936;701714;Villa del Nevoso;L935;701;FU
1936;FU;701;701714;L935;Villa del Nevoso;;AQ;03/09/1936;701705;Elsane;D400;701;FU
1936;FU;701;701714;L935;Villa del Nevoso;;CE;03/09/1936;701705;Elsane;D400;701;FU
1936;MO;036;036014;D617;Fiumalbo;;CECS;26/07/1936;047001;Abetone;A012;047;PT
1936;PT;047;047004;D235;Cutigliano;;CECS;26/07/1936;047001;Abetone;A012;047;PT
1936;RC;080;080028;C747;Cittanova;;CE;15/07/1936;080061;Polistena;G791;080;RC
1936;RC;080;080061;G791;Polistena;;AQ;15/07/1936;080028;Cittanova;C747;080;RC
1936;RC;080;080061;G791;Polistena;;CECS;15/07/1936;080049;Melicucco;F106;080;RC
1936;RC;080;080069;H558;Rosarno;;CECS;15/07/1936;080049;Melicucco;F106;080;RC
1936;TO;001;001093;C955;Condove;;AQES;08/07/1936;001839;Mocchie;F255;001;TO
1936;TO;001;001093;C955;Condove;;AQES;08/07/1936;001829;Frassinere;D779;001;TO
1936;MI;015;015086;D013;Cormano;;AQ;08/07/1936;015098;Cusano Milanino;D231;015;MI
1936;MI;015;015086;D013;Cormano;;CE;08/07/1936;015098;Cusano Milanino;D231;015;MI
1936;MI;015;015098;D231;Cusano Milanino;;CE;08/07/1936;015086;Cormano;D013;015;MI
1936;MI;015;015098;D231;Cusano Milanino;;AQ;08/07/1936;015086;Cormano;D013;015;MI
1936;PV;018;018048;C637;Chignolo Po;;AQES;04/06/1936;018816;Cantonale;B638;018;PV
1936;RM;058;058091;H501;Roma;;CECS;25/04/1936;059001;Aprilia;A341;059;LT
1936;TP;081;081018;H700;Salemi;;CE;12/02/1936;081021;Trapani;L331;081;TP
1936;TP;081;081018;H700;Salemi;;AQ;12/02/1936;081021;Trapani;L331;081;TP
1936;TP;081;081021;L331;Trapani;;AQ;12/02/1936;081018;Salemi;H700;081;TP
1936;TP;081;081021;L331;Trapani;;CE;12/02/1936;081018;Salemi;H700;081;TP
1935;LT;059;059017;G865;Pontinia;;AQ;31/12/1935;059028;Sezze;I712;059;LT
1935;LT;059;059028;I712;Sezze;;CE;31/12/1935;059017;Pontinia;G865;059;LT
1935;AP;044;044045;F591;Monteprandone;;CE;06/09/1935;044066;San Benedetto del Tronto;H769;044;AP
1935;AP;044;044066;H769;San Benedetto del Tronto;;AQ;06/09/1935;044045;Monteprandone;F591;044;AP
1935;RM;058;058042;D964;Genazzano;;CECS;23/07/1935;058034;Colleferro;C858;058;RM
1935;RM;058;058091;H501;Roma;;CECS;23/07/1935;058034;Colleferro;C858;058;RM
1935;RM;058;058110;L639;Valmontone;;CECS;23/07/1935;058034;Colleferro;C858;058;RM
1935;LT;059;059019;G698;Priverno;;CECS;18/07/1935;059017;Pontinia;G865;059;LT
1935;LT;059;059028;I712;Sezze;;CECS;18/07/1935;059017;Pontinia;G865;059;LT
1935;LT;059;059032;L120;Terracina;;CECS;18/07/1935;059017;Pontinia;G865;059;LT
1935;CO;013;013003;A143;Albavilla;;AQ;13/07/1935;013095;Erba;D416;013;CO
1935;CO;013;013095;D416;Erba;;CE;13/07/1935;013003;Albavilla;A143;013;CO
1935;MI;015;015003;A087;Agrate Brianza;;CE;13/07/1935;015149;Monza;F704;015;MI
1935;MI;015;015149;F704;Monza;;AQ;13/07/1935;015003;Agrate Brianza;A087;015;MI
1935;CZ;079;079039;D218;Curinga;;CECS;06/06/1935;079120;Sant'Eufemia Lamezia;I334;079;CZ
1935;CZ;079;079060;E068;Gizzeria;;CECS;06/06/1935;079120;Sant'Eufemia Lamezia;I334;079;CZ
1935;CZ;079;079060;E068;Gizzeria;;AQ;06/06/1935;079105;Sambiase;H742;079;CZ
1935;CZ;079;079069;E834;Maida;;CECS;06/06/1935;079120;Sant'Eufemia Lamezia;I334;079;CZ
1935;CZ;079;079085;F888;Nicastro;;CECS;06/06/1935;079120;Sant'Eufemia Lamezia;I334;079;CZ
1935;CZ;079;079105;H742;Sambiase;;CE;06/06/1935;079060;Gizzeria;E068;079;CZ
1935;CZ;079;079114;I093;San Pietro a Maida;;CECS;06/06/1935;079120;Sant'Eufemia Lamezia;I334;079;CZ
1935;AO;007;007830;C505;Ceresole Reale;;CECS;05/06/1935;007856;Noasca;F906;007;AO
1935;BR;074;074005;C741;Cisternino;;AQ;05/06/1935;074012;Ostuni;G187;074;BR
1935;BR;074;074005;C741;Cisternino;;AQ;05/06/1935;074007;Fasano;D508;074;BR
1935;BR;074;074007;D508;Fasano;;CE;05/06/1935;074005;Cisternino;C741;074;BR
1935;BR;074;074012;G187;Ostuni;;CE;05/06/1935;074005;Cisternino;C741;074;BR
1935;CB;070;070082;G495;Pescolanciano;;CECS;31/05/1935;070033;Chiauci;C620;070;CB
1935;LT;059;059011;E472;Littoria;;AQ;02/05/1935;059028;Sezze;I712;059;LT
1935;LT;059;059011;E472;Littoria;;AQ;02/05/1935;059027;Sermoneta;I634;059;LT
1935;LT;059;059027;I634;Sermoneta;;CE;02/05/1935;059011;Littoria;E472;059;LT
1935;LT;059;059028;I712;Sezze;;CE;02/05/1935;059011;Littoria;E472;059;LT
1935;RM;058;058003;A132;Albano Laziale;;AQ;18/04/1935;058091;Roma;H501;058;RM
1935;RM;058;058003;A132;Albano Laziale;;CE;18/04/1935;058091;Roma;H501;058;RM
1935;RM;058;058003;A132;Albano Laziale;;AQ;18/04/1935;058009;Ariccia;A401;058;RM
1935;RM;058;058003;A132;Albano Laziale;;CE;18/04/1935;058009;Ariccia;A401;058;RM
1935;RM;058;058005;A297;Anguillara Sabazia;;CE;18/04/1935;058091;Roma;H501;058;RM
1935;RM;058;058005;A297;Anguillara Sabazia;;AQ;18/04/1935;058091;Roma;H501;058;RM
1935;RM;058;058009;A401;Ariccia;;AQ;18/04/1935;058043;Genzano di Roma;D972;058;RM
1935;RM;058;058009;A401;Ariccia;;AQ;18/04/1935;058003;Albano Laziale;A132;058;RM
1935;RM;058;058009;A401;Ariccia;;CE;18/04/1935;058003;Albano Laziale;A132;058;RM
1935;RM;058;058009;A401;Ariccia;;AQ;18/04/1935;058091;Roma;H501;058;RM
1935;RM;058;058013;B114;Bracciano;;AQ;18/04/1935;058091;Roma;H501;058;RM
1935;RM;058;058018;B649;Capena;;AQ;18/04/1935;058024;Castelnuovo di Porto;C237;058;RM
1935;RM;058;058018;B649;Capena;;CE;18/04/1935;058024;Castelnuovo di Porto;C237;058;RM
1935;RM;058;058018;B649;Capena;;AQ;18/04/1935;058091;Roma;H501;058;RM
1935;RM;058;058024;C237;Castelnuovo di Porto;;AQ;18/04/1935;058018;Capena;B649;058;RM
1935;RM;058;058024;C237;Castelnuovo di Porto;;CE;18/04/1935;058018;Capena;B649;058;RM
1935;RM;058;058029;C552;Cerveteri;;AQ;18/04/1935;058091;Roma;H501;058;RM
1935;RM;058;058043;D972;Genzano di Roma;;CE;18/04/1935;058009;Ariccia;A401;058;RM
1935;RM;058;058043;D972;Genzano di Roma;;AQ;18/04/1935;058091;Roma;H501;058;RM
1935;RM;058;058043;D972;Genzano di Roma;;AQ;18/04/1935;058050;Lanuvio;C767;058;RM
1935;RM;058;058043;D972;Genzano di Roma;;CE;18/04/1935;058091;Roma;H501;058;RM
1935;RM;058;058043;D972;Genzano di Roma;;AQ;18/04/1935;058070;Nemi;F865;058;RM
1935;RM;058;058050;C767;Lanuvio;;AQ;18/04/1935;058091;Roma;H501;058;RM
1935;RM;058;058050;C767;Lanuvio;;CE;18/04/1935;058043;Genzano di Roma;D972;058;RM
1935;RM;058;058050;C767;Lanuvio;;CE;18/04/1935;058070;Nemi;F865;058;RM
1935;RM;058;058070;F865;Nemi;;CE;18/04/1935;058043;Genzano di Roma;D972;058;RM
1935;RM;058;058070;F865;Nemi;;AQ;18/04/1935;058050;Lanuvio;C767;058;RM
1935;RM;058;058091;H501;Roma;;CE;18/04/1935;058009;Ariccia;A401;058;RM
1935;RM;058;058091;H501;Roma;;AQ;18/04/1935;058005;Anguillara Sabazia;A297;058;RM
1935;RM;058;058091;H501;Roma;;CE;18/04/1935;058050;Lanuvio;C767;058;RM
1935;RM;058;058091;H501;Roma;;CE;18/04/1935;058005;Anguillara Sabazia;A297;058;RM
1935;RM;058;058091;H501;Roma;;AQ;18/04/1935;058043;Genzano di Roma;D972;058;RM
1935;RM;058;058091;H501;Roma;;AQ;18/04/1935;058003;Albano Laziale;A132;058;RM
1935;RM;058;058091;H501;Roma;;CE;18/04/1935;058098;Sant'Angelo Romano;I284;058;RM
1935;RM;058;058091;H501;Roma;;CE;18/04/1935;058105;Tolfa;L192;058;RM
1935;RM;058;058091;H501;Roma;;CE;18/04/1935;058018;Capena;B649;058;RM
1935;RM;058;058091;H501;Roma;;CE;18/04/1935;058003;Albano Laziale;A132;058;RM
1935;RM;058;058091;H501;Roma;;CE;18/04/1935;058043;Genzano di Roma;D972;058;RM
1935;RM;058;058091;H501;Roma;;CE;18/04/1935;058029;Cerveteri;C552;058;RM
1935;RM;058;058091;H501;Roma;;CE;18/04/1935;058013;Bracciano;B114;058;RM
1935;RM;058;058098;I284;Sant'Angelo Romano;;AQ;18/04/1935;058091;Roma;H501;058;RM
1935;RM;058;058105;L192;Tolfa;;AQ;18/04/1935;058091;Roma;H501;058;RM
1935;CA;092;092026;B354;Cagliari;;AQ;12/04/1935;092091;Quartu Sant'Elena;H118;092;CA
1935;CA;092;092091;H118;Quartu Sant'Elena;;CE;12/04/1935;092026;Cagliari;B354;092;CA
1935;MI;015;015084;C952;Concorezzo;;CE;29/03/1935;015149;Monza;F704;015;MI
1935;MI;015;015149;F704;Monza;;AQ;29/03/1935;015084;Concorezzo;C952;015;MI
1935;PZ;076;076063;G942;Potenza;;CECS;05/03/1935;076062;Pignola;G663;076;PZ
1935;TS;032;032702;C391;Cave Auremiane;;CE;28/02/1935;032704;Cossana;D090;032;TS
1935;TS;032;032704;D090;Cossana;;AQ;28/02/1935;032702;Cave Auremiane;C391;032;TS
1934;NA;063;063032;D789;Frattamaggiore;;CE;15/12/1934;063036;Grumo Nevano;E224;063;NA
1934;NA;063;063032;D789;Frattamaggiore;;AQ;15/12/1934;063036;Grumo Nevano;E224;063;NA
1934;NA;063;063036;E224;Grumo Nevano;;CE;15/12/1934;063032;Frattamaggiore;D789;063;NA
1934;NA;063;063036;E224;Grumo Nevano;;AQ;15/12/1934;063032;Frattamaggiore;D789;063;NA
1934;TO;001;001074;C564;Cesana Torinese;;CECS;23/11/1934;001263;Sestrières;I692;001;TO
1934;TO;001;001201;G973;Pragelato;;CECS;23/11/1934;001263;Sestrières;I692;001;TO
1934;CR;019;019092;I497;Scandolara Ravara;;AQES;20/11/1934;019836;Castelponzone;C249;019;CR
1934;PT;047;047011;A561;Montecatini-Terme;;AQ;03/11/1934;047801;Montecatini di Val di Nievole;F459;047;PT
1934;PT;047;047011;A561;Montecatini-Terme;;AQ;03/11/1934;047013;Pieve a Nievole;G636;047;PT
1934;PT;047;047013;G636;Pieve a Nievole;;CE;03/11/1934;047011;Montecatini-Terme;A561;047;PT
1934;PT;047;047801;F459;Montecatini di Val di Nievole;;CE;03/11/1934;047011;Montecatini-Terme;A561;047;PT
1934;CA;092;092045;E004;Ghilarza;;CECS;02/11/1934;092001;Abbasanta;A007;092;CA
1934;RM;058;058072;F880;Nettuno;;CE;26/10/1934;059011;Littoria;E472;059;LT
1934;LT;059;059011;E472;Littoria;;AQ;26/10/1934;058072;Nettuno;F880;058;RM
1934;CO;013;013090;D341;Dongo;;CE;24/04/1934;013160;Musso;F828;013;CO
1934;CO;013;013160;F828;Musso;;AQ;24/04/1934;013090;Dongo;D341;013;CO
1934;CT;087;087004;A028;Acireale;;CECS;07/04/1934;087048;Santa Venerina;I314;087;CT
1934;CT;087;087017;E017;Giarre;;CECS;07/04/1934;087048;Santa Venerina;I314;087;CT
1934;CT;087;087055;M139;Zafferana Etnea;;CECS;07/04/1934;087048;Santa Venerina;I314;087;CT
1934;MI;015;015171;G488;Peschiera Borromeo;;AQES;17/03/1934;015890;Linate al Lambro;E601;015;MI
1934;ME;083;083064;G209;Pace del Mela;;CE;17/03/1934;083086;Santa Lucia del Mela;I220;083;ME
1934;ME;083;083086;I220;Santa Lucia del Mela;;AQ;17/03/1934;083064;Pace del Mela;G209;083;ME
1934;BN;062;062073;I809;Solopaca;;CECS;08/03/1934;062074;Telese;L086;062;BN
1934;MC;043;043009;C251;Castelraimondo;;CECS;07/03/1934;043020;Gagliole;D853;043;MC
1934;CB;070;070003;A080;Agnone;;CECS;07/03/1934;070006;Belmonte del Sannio;A761;070;CB
1934;CB;070;070027;C270;Castel San Vincenzo;;CECS;07/03/1934;070090;Pizzone;G727;070;CB
1934;CB;070;070038;C878;Colli a Volturno;;CECS;07/03/1934;070102;Rocchetta a Volturno;H458;070;CB
1934;CS;078;078004;A102;Aiello Calabro;;CECS;07/03/1934;078042;Cleto;C795;078;CS
1934;CS;078;078046;D180;Cropalati;;CECS;07/03/1934;078089;Paludi;G298;078;CS
1934;CS;078;078046;D180;Cropalati;;CECS;07/03/1934;078022;Caloveto;B426;078;CS
1934;CS;078;078051;D464;Fagnano Castello;;CECS;07/03/1934;078073;Malvito;E872;078;CS
1934;CS;078;078051;D464;Fagnano Castello;;CECS;07/03/1934;078129;Santa Caterina Albanese;I171;078;CS
1934;CS;078;078074;E878;Mandatoriccio;;CECS;07/03/1934;078099;Pietrapaola;G622;078;CS
1934;CS;078;078081;F416;Montalto Uffugo;;CECS;07/03/1934;078066;Lattarico;E475;078;CS
1934;CS;078;078105;H490;Rogliano;;CECS;07/03/1934;078093;Parenti;G331;078;CS
1934;CS;078;078105;H490;Rogliano;;CECS;07/03/1934;078075;Mangone;E888;078;CS
1934;CT;087;087037;H168;Ramacca;;CECS;07/03/1934;087013;Castel di Iudica;C091;087;CT
1934;CB;070;070052;E335;Isernia;;CECS;25/02/1934;070116;Sant'Agapito;I189;070;CB
1934;CB;070;070052;E335;Isernia;;CECS;25/02/1934;070056;Longano;E669;070;CB
1934;BA;072;072006;A662;Bari;;AQ;09/02/1934;072032;Noicattaro;F923;072;BA
1934;BA;072;072006;A662;Bari;;AQ;09/02/1934;072046;Triggiano;L425;072;BA
1934;BA;072;072032;F923;Noicattaro;;CE;09/02/1934;072006;Bari;A662;072;BA
1934;BA;072;072046;L425;Triggiano;;CE;09/02/1934;072006;Bari;A662;072;BA
1934;TO;001;001152;F182;Mezzenile;;CECS;01/02/1934;001188;Pessinetto;G505;001;TO
1934;PL;702;702731;G778;Pola;;CECS;26/01/1934;702706;Brioni Maggiore;B186;702;PL
1933;RM;058;058844;C740;Cisterna di Roma;;CECS;13/09/1933;058942;Sabaudia;H647;058;RM
1933;RM;058;058944;H836;San Felice Circeo;;CECS;13/09/1933;058942;Sabaudia;H647;058;RM
1933;RM;058;058944;H836;San Felice Circeo;;AQ;13/09/1933;058965;Terracina;L120;058;RM
1933;RM;058;058953;I712;Sezze;;CECS;13/09/1933;058942;Sabaudia;H647;058;RM
1933;RM;058;058965;L120;Terracina;;CE;13/09/1933;058944;San Felice Circeo;H836;058;RM
1933;RM;058;058965;L120;Terracina;;CECS;13/09/1933;058942;Sabaudia;H647;058;RM
1933;VR;023;023091;L781;Verona;;AQES;02/09/1933;023810;Mizzole;F252;023;VR
1933;SS;090;090012;A977;Bono;;CECS;01/08/1933;090016;Bottidda;B094;090;SS
1933;FC;040;040009;C777;Civitella di Romagna;;CE;27/07/1933;040014;Galeata;D867;040;FC
1933;FC;040;040009;C777;Civitella di Romagna;;AQ;27/07/1933;040014;Galeata;D867;040;FC
1933;FC;040;040014;D867;Galeata;;AQ;27/07/1933;040009;Civitella di Romagna;C777;040;FC
1933;FC;040;040014;D867;Galeata;;CE;27/07/1933;040009;Civitella di Romagna;C777;040;FC
1933;TA;073;073016;F531;Monteiasi;;AQ;23/06/1933;073027;Taranto;L049;073;TA
1933;TA;073;073027;L049;Taranto;;CE;23/06/1933;073016;Monteiasi;F531;073;TA
1933;CH;069;069026;C856;Colledimezzo;;CECS;19/05/1933;069052;Monteferrante;F498;069;CH
1933;CB;070;070055;E599;Limosano;;CECS;26/04/1933;070119;Sant'Angelo Limosano;I289;070;CB
1933;ME;083;083084;I199;Sant'Agata di Militello;;CECS;04/02/1933;083050;Militello Rosmarino;F210;083;ME
1933;ME;083;083084;I199;Sant'Agata di Militello;;CECS;04/02/1933;083079;San Marco d'Alunzio;H982;083;ME
1933;VC;002;002152;L566;Valduggia;;CE;01/02/1933;003079;Grignasco;E177;003;NO
1933;NO;003;003079;E177;Grignasco;;AQ;01/02/1933;002152;Valduggia;L566;002;VC
1933;MT;077;077003;A801;Bernalda;;AQ;01/02/1933;077017;Montescaglioso;F637;077;MT
1933;MT;077;077003;A801;Bernalda;;AQ;01/02/1933;077020;Pisticci;G712;077;MT
1933;MT;077;077017;F637;Montescaglioso;;CE;01/02/1933;077003;Bernalda;A801;077;MT
1933;MT;077;077020;G712;Pisticci;;CE;01/02/1933;077003;Bernalda;A801;077;MT
1933;RC;080;080063;H224;Reggio di Calabria;;CECS;26/01/1933;080096;Villa San Giovanni;M018;080;RC
1933;TE;067;067004;A488;Atri;;CE;25/01/1933;067035;Pineto;F831;067;TE
1933;TE;067;067035;F831;Pineto;;AQ;25/01/1933;067004;Atri;A488;067;TE
1932;PV;018;018054;C982;Corana;;AQ;28/12/1932;018149;Silvano Pietra;I739;018;PV
1932;PV;018;018054;C982;Corana;;CE;28/12/1932;018149;Silvano Pietra;I739;018;PV
1932;PV;018;018149;I739;Silvano Pietra;;CE;28/12/1932;018054;Corana;C982;018;PV
1932;PV;018;018149;I739;Silvano Pietra;;AQ;28/12/1932;018054;Corana;C982;018;PV
1932;RM;058;058091;H501;Roma;;CE;06/11/1932;058844;Cisterna di Roma;C740;058;RM
1932;RM;058;058844;C740;Cisterna di Roma;;AQ;06/11/1932;058091;Roma;H501;058;RM
1932;RM;058;058844;C740;Cisterna di Roma;;CECS;06/11/1932;058884;Littoria;E472;058;RM
1932;RM;058;058951;I634;Sermoneta;;CECS;06/11/1932;058884;Littoria;E472;058;RM
1932;MI;015;015146;F205;Milano;;CE;21/10/1932;015192;San Donato Milanese;H827;015;MI
1932;MI;015;015192;H827;San Donato Milanese;;AQ;21/10/1932;015146;Milano;F205;015;MI
1932;FC;040;040015;D899;Gambettola;;AQ;20/10/1932;040018;Longiano;E675;040;FC
1932;FC;040;040015;D899;Gambettola;;CE;20/10/1932;040018;Longiano;E675;040;FC
1932;FC;040;040018;E675;Longiano;;CE;20/10/1932;040015;Gambettola;D899;040;FC
1932;FC;040;040018;E675;Longiano;;AQ;20/10/1932;040015;Gambettola;D899;040;FC
1932;UD;030;030007;A447;Arta;;AQES;25/09/1932;030187;Zuglio;M200;030;UD
1932;VR;023;023091;L781;Verona;;CECS;19/08/1932;023071;San Giovanni Lupatoto;H924;023;VR
1932;ME;083;083027;D824;Furci Siculo;;AQ;27/03/1932;083089;Santa Teresa di Riva;I311;083;ME
1932;ME;083;083089;I311;Santa Teresa di Riva;;CE;27/03/1932;083027;Furci Siculo;D824;083;ME
1932;PZ;076;076061;G623;Pietrapertosa;;CECS;24/01/1932;076024;Castelmezzano;C209;076;PZ
1932;FE;038;038001;A393;Argenta;;AQ;12/01/1932;039008;Conselice;C963;039;RA
1932;FE;038;038001;A393;Argenta;;CE;12/01/1932;039008;Conselice;C963;039;RA
1932;RA;039;039008;C963;Conselice;;CE;12/01/1932;038001;Argenta;A393;038;FE
1932;RA;039;039008;C963;Conselice;;AQ;12/01/1932;038001;Argenta;A393;038;FE
1931;FU;701;701710;F060;Mattuglie;;CECS;22/12/1931;701701;Abbazia;A009;701;FU
1931;BZ;021;021115;M067;Vipiteno/Sterzing;Sterzing;AQES;06/12/1931;021909;Tunes/Thuins;L465;021;BZ
1931;BZ;021;021115;M067;Vipiteno/Sterzing;Sterzing;AQES;06/12/1931;021811;Ceves/Tschöfs;C590;021;BZ
1931;LI;049;049008;C869;Collesalvetti;;CE;03/10/1931;049009;Livorno;E625;049;LI
1931;LI;049;049009;E625;Livorno;;AQ;03/10/1931;049008;Collesalvetti;C869;049;LI
1931;CR;019;019073;G603;Pieranica;;AQES;24/09/1931;019078;Quintano;H130;019;CR
1931;UD;030;030001;A103;Aiello del Friuli;;AQES;02/07/1931;030807;Ioannis;E319;030;UD
1931;PI;050;050024;G254;Palaia;;CE;28/06/1931;050029;Pontedera;G843;050;PI
1931;PI;050;050029;G843;Pontedera;;AQ;28/06/1931;050024;Palaia;G254;050;PI
1931;BZ;021;021051;F132;Merano/Meran;Meran;AQES;13/06/1931;021005;Avelengo/Hafling;A507;021;BZ
1931;AL;006;006829;A312;Antignano;;CE;03/06/1931;006885;Isola d'Asti;E338;006;AL
1931;AL;006;006829;A312;Antignano;;AQ;03/06/1931;006885;Isola d'Asti;E338;006;AL
1931;AL;006;006885;E338;Isola d'Asti;;AQ;03/06/1931;006829;Antignano;A312;006;AL
1931;AL;006;006885;E338;Isola d'Asti;;CE;03/06/1931;006829;Antignano;A312;006;AL
1931;BO;037;037034;E655;Loiano;;CE;21/05/1931;037041;Monterenzio;F597;037;BO
1931;BO;037;037041;F597;Monterenzio;;AQ;21/05/1931;037034;Loiano;E655;037;BO
1931;CA;092;092080;G113;Oristano;;CECS;20/02/1931;092005;Mussolinia di Sardegna;A357;092;CA
1931;CA;092;092142;L122;Terralba;;CECS;20/02/1931;092005;Mussolinia di Sardegna;A357;092;CA
1931;CN;004;004003;A124;Alba;;AQES;06/02/1931;004100;Grinzane Cavour;E182;004;CN
1931;CN;004;004132;F358;Monforte d'Alba;;AQES;01/01/1931;004813;Perno;G460;004;CN
1931;CN;004;004132;F358;Monforte d'Alba;;AQES;01/01/1931;004806;Castelletto Monforte;C163;004;CN
1930;CO;013;013026;A905;Blevio;;CE;06/11/1930;013032;Brunate;B218;013;CO
1930;CO;013;013032;B218;Brunate;;AQ;06/11/1930;013026;Blevio;A905;013;CO
1930;PG;054;054051;I921;Spoleto;;CECS;14/09/1930;054047;Scheggino;I523;054;PG
1930;PG;054;054051;I921;Spoleto;;CECS;14/09/1930;054045;Sant'Anatolia di Narco;I263;054;PG
1930;PG;054;054051;I921;Spoleto;;CECS;14/09/1930;054058;Vallo di Nera;L627;054;PG
1930;PG;054;054051;I921;Spoleto;;CECS;14/09/1930;054008;Castel Ritaldi;C252;054;PG
1930;PG;054;054051;I921;Spoleto;;CECS;14/09/1930;054005;Campello sul Clitunno;B504;054;PG
1930;PG;054;054051;I921;Spoleto;;CECS;14/09/1930;054021;Giano dell'Umbria;E012;054;PG
1930;UD;030;030109;G888;Pordenone;;AQES;27/04/1930;093801;Vallenoncello;L610;030;UD
1930;VC;002;002046;D094;Cossato;;AQES;06/04/1930;002807;Castellengo;C151;002;VC
1930;VE;027;027005;B642;Caorle;;CE;01/04/1930;027034;San Michele al Tagliamento;I040;027;VE
1930;VE;027;027034;I040;San Michele al Tagliamento;;AQ;01/04/1930;027005;Caorle;B642;027;VE
1929;BA;072;072015;B923;Casamassima;;CE;10/07/1929;072039;Sammichele di Bari;H749;072;BA
1929;BA;072;072039;H749;Sammichele di Bari;;AQ;10/07/1929;072047;Turi;L472;072;BA
1929;BA;072;072039;H749;Sammichele di Bari;;AQ;10/07/1929;072015;Casamassima;B923;072;BA
1929;BA;072;072047;L472;Turi;;CE;10/07/1929;072039;Sammichele di Bari;H749;072;BA
1929;CZ;079;079036;D181;Cropani;;CE;03/07/1929;079130;Sersale;I671;079;CZ
1929;CZ;079;079130;I671;Sersale;;AQ;03/07/1929;079036;Cropani;D181;079;CZ
1929;VA;012;012038;B949;Casciago;;AQ;18/06/1929;012133;Varese;L682;012;VA
1929;VA;012;012038;B949;Casciago;;AQES;18/06/1929;012868;Morosolo;F742;012;VA
1929;VA;012;012133;L682;Varese;;CE;18/06/1929;012038;Casciago;B949;012;VA
1929;VA;012;012133;L682;Varese;;AQES;18/06/1929;012868;Morosolo;F742;012;VA
1929;FC;040;040009;C777;Civitella di Romagna;;CE;18/06/1929;040014;Galeata;D867;040;FC
1929;FC;040;040014;D867;Galeata;;AQ;18/06/1929;040036;Rocca San Casciano;H437;040;FC
1929;FC;040;040014;D867;Galeata;;AQ;18/06/1929;040043;Santa Sofia;I310;040;FC
1929;FC;040;040014;D867;Galeata;;AQ;18/06/1929;040009;Civitella di Romagna;C777;040;FC
1929;FC;040;040036;H437;Rocca San Casciano;;CE;18/06/1929;040014;Galeata;D867;040;FC
1929;FC;040;040043;I310;Santa Sofia;;CE;18/06/1929;040014;Galeata;D867;040;FC
1929;PI;050;050004;B392;Calcinaia;;AQ;18/06/1929;050038;Vicopisano;L850;050;PI
1929;PI;050;050004;B392;Calcinaia;;AQ;18/06/1929;050008;Cascina;B950;050;PI
1929;PI;050;050004;B392;Calcinaia;;AQ;18/06/1929;050029;Pontedera;G843;050;PI
1929;PI;050;050004;B392;Calcinaia;;CE;18/06/1929;050038;Vicopisano;L850;050;PI
1929;PI;050;050008;B950;Cascina;;CE;18/06/1929;050004;Calcinaia;B392;050;PI
1929;PI;050;050008;B950;Cascina;;CE;18/06/1929;050029;Pontedera;G843;050;PI
1929;PI;050;050019;F458;Montecatini Val di Cecina;;AQ;18/06/1929;050039;Volterra;M126;050;PI
1929;PI;050;050029;G843;Pontedera;;CE;18/06/1929;050004;Calcinaia;B392;050;PI
1929;PI;050;050029;G843;Pontedera;;AQ;18/06/1929;050008;Cascina;B950;050;PI
1929;PI;050;050038;L850;Vicopisano;;AQ;18/06/1929;050004;Calcinaia;B392;050;PI
1929;PI;050;050038;L850;Vicopisano;;CE;18/06/1929;050004;Calcinaia;B392;050;PI
1929;PI;050;050039;M126;Volterra;;CE;18/06/1929;050019;Montecatini Val di Cecina;F458;050;PI
1929;FR;060;060008;A363;Arce;;CE;18/06/1929;060064;San Giovanni Incarico;H917;060;FR
1929;FR;060;060064;H917;San Giovanni Incarico;;AQ;18/06/1929;060008;Arce;A363;060;FR
1929;TE;067;067028;F690;Montorio al Vomano;;CE;18/06/1929;067041;Teramo;L103;067;TE
1929;TE;067;067041;L103;Teramo;;AQ;18/06/1929;067028;Montorio al Vomano;F690;067;TE
1929;PA;082;082049;F377;Monreale;;CE;18/06/1929;082053;Palermo;G273;082;PA
1929;PA;082;082053;G273;Palermo;;AQ;18/06/1929;082049;Monreale;F377;082;PA
1929;PA;082;082053;G273;Palermo;;AQ;18/06/1929;082072;Torretta;L282;082;PA
1929;PA;082;082072;L282;Torretta;;CE;18/06/1929;082053;Palermo;G273;082;PA
1929;AL;006;006018;A998;Borghetto di Borbera;;CE;16/06/1929;006167;Stazzano;I941;006;AL
1929;AL;006;006167;I941;Stazzano;;AQ;16/06/1929;006018;Borghetto di Borbera;A998;006;AL
1929;SV;009;009015;B369;Cairo Montenotte;;AQES;16/06/1929;009805;Brovida;B208;009;SV
1929;SV;009;009027;D264;Dego;;AQES;16/06/1929;009826;Santa Giulia;I204;009;SV
1929;SV;009;009027;D264;Dego;;AQES;16/06/1929;009805;Brovida;B208;009;SV
1929;SV;009;009048;G542;Piana Crixia;;AQES;16/06/1929;009826;Santa Giulia;I204;009;SV
1929;TN;022;022139;G452;Pergine Valsugana;;CE;16/06/1929;022168;Sant'Orsola;I354;022;TN
1929;TN;022;022168;I354;Sant'Orsola;;AQ;16/06/1929;022139;Pergine Valsugana;G452;022;TN
1929;RM;058;058019;B687;Capranica Prenestina;;AQ;16/06/1929;058078;Poli;G784;058;RM
1929;RM;058;058078;G784;Poli;;CE;16/06/1929;058019;Capranica Prenestina;B687;058;RM
1929;VC;002;002154;L606;Valle Mosso;;AQES;15/06/1929;002813;Croce di Mosso;D174;002;VC
1929;AL;006;006003;A182;Alessandria;;AQ;15/06/1929;006075;Frugarolo;D813;006;AL
1929;AL;006;006003;A182;Alessandria;;AQ;15/06/1929;006047;Castellazzo Bormida;C148;006;AL
1929;AL;006;006003;A182;Alessandria;;CE;15/06/1929;006047;Castellazzo Bormida;C148;006;AL
1929;AL;006;006003;A182;Alessandria;;CE;15/06/1929;006075;Frugarolo;D813;006;AL
1929;AL;006;006003;A182;Alessandria;;CE;15/06/1929;006021;Bosco Marengo;B071;006;AL
1929;AL;006;006003;A182;Alessandria;;AQ;15/06/1929;006130;Piovera;G695;006;AL
1929;AL;006;006003;A182;Alessandria;;CE;15/06/1929;006163;Solero;I798;006;AL
1929;AL;006;006003;A182;Alessandria;;CE;15/06/1929;006130;Piovera;G695;006;AL
1929;AL;006;006003;A182;Alessandria;;CE;15/06/1929;006140;Predosa;H021;006;AL
1929;AL;006;006003;A182;Alessandria;;CE;15/06/1929;006037;Casal Cermelli;B870;006;AL
1929;AL;006;006021;B071;Bosco Marengo;;AQ;15/06/1929;006003;Alessandria;A182;006;AL
1929;AL;006;006021;B071;Bosco Marengo;;CE;15/06/1929;006037;Casal Cermelli;B870;006;AL
1929;AL;006;006029;B701;Capriata d'Orba;;CE;15/06/1929;006140;Predosa;H021;006;AL
1929;AL;006;006037;B870;Casal Cermelli;;AQ;15/06/1929;006003;Alessandria;A182;006;AL
1929;AL;006;006037;B870;Casal Cermelli;;AQ;15/06/1929;006021;Bosco Marengo;B071;006;AL
1929;AL;006;006047;C148;Castellazzo Bormida;;CE;15/06/1929;006003;Alessandria;A182;006;AL
1929;AL;006;006047;C148;Castellazzo Bormida;;AQ;15/06/1929;006003;Alessandria;A182;006;AL
1929;AL;006;006075;D813;Frugarolo;;AQ;15/06/1929;006003;Alessandria;A182;006;AL
1929;AL;006;006075;D813;Frugarolo;;CE;15/06/1929;006003;Alessandria;A182;006;AL
1929;AL;006;006130;G695;Piovera;;CE;15/06/1929;006003;Alessandria;A182;006;AL
1929;AL;006;006130;G695;Piovera;;AQ;15/06/1929;006003;Alessandria;A182;006;AL
1929;AL;006;006140;H021;Predosa;;AQ;15/06/1929;006003;Alessandria;A182;006;AL
1929;AL;006;006140;H021;Predosa;;AQ;15/06/1929;006029;Capriata d'Orba;B701;006;AL
1929;AL;006;006163;I798;Solero;;AQ;15/06/1929;006003;Alessandria;A182;006;AL
1929;AO;007;007805;A074;Agliè;;AQES;15/06/1929;007833;Ciconio;C679;007;AO
1929;AO;007;007805;A074;Agliè;;AQES;15/06/1929;007859;Ozegna;G202;007;AO
1929;PV;018;018166;L562;Val di Nizza;;AQES;15/06/1929;018865;Sant'Albano di Bobbio;I211;018;PV
1929;BZ;021;021070;H152;Racines/Ratschings;Ratschings;AQES;15/06/1929;021874;Ridanna/Riednaun;H279;021;BZ
1929;BZ;021;021070;H152;Racines/Ratschings;Ratschings;AQES;15/06/1929;021846;Mareta/Mareit;E943;021;BZ
1929;BZ;021;021070;H152;Racines/Ratschings;Ratschings;AQES;15/06/1929;021904;Telves/Telfes;L091;021;BZ
1929;BZ;021;021070;H152;Racines/Ratschings;Ratschings;AQES;15/06/1929;021911;Valgiovo/Jaufenthal;L559;021;BZ
1929;PU;041;041025;F135;Mercatello;;CE;15/06/1929;041057;Sant'Angelo in Vado;I287;041;PU
1929;PU;041;041057;I287;Sant'Angelo in Vado;;AQ;15/06/1929;041025;Mercatello;F135;041;PU
1929;AL;006;006919;H392;Rocca d'Arazzo;;AQES;13/06/1929;006832;Azzano d'Asti;A527;006;AL
1929;VA;012;012111;E529;Osmate Lentate;;CE;13/06/1929;012120;Sesto Calende;I688;012;VA
1929;VA;012;012120;I688;Sesto Calende;;AQ;13/06/1929;012111;Osmate Lentate;E529;012;VA
1929;PV;018;018036;C050;Castana;;AQES;13/06/1929;018097;Montescano;F638;018;PV
1929;VC;002;002116;H365;Roasio;;AQES;04/06/1929;002808;Castelletto Villa;C168;002;VC
1929;VC;002;002116;H365;Roasio;;AQES;04/06/1929;002161;Villa del Bosco;L933;002;VC
1929;AL;006;006831;A479;Asti;;AQ;04/06/1929;006865;Cinaglio;C701;006;AL
1929;AL;006;006831;A479;Asti;;AQES;04/06/1929;005803;Castiglione d'Asti;C295;006;AL
1929;AL;006;006831;A479;Asti;;AQES;04/06/1929;005816;Serravalle d'Asti;I658;006;AL
1929;AL;006;006831;A479;Asti;;AQ;04/06/1929;006852;Castell'Alfero;C127;006;AL
1929;AL;006;006831;A479;Asti;;CE;04/06/1929;006852;Castell'Alfero;C127;006;AL
1929;AL;006;006831;A479;Asti;;AQES;04/06/1929;005819;Vaglierano;L530;006;AL
1929;AL;006;006831;A479;Asti;;AQES;04/06/1929;005813;San Marzanotto;I021;006;AL
1929;AL;006;006831;A479;Asti;;AQES;04/06/1929;005817;Sessant;I680;006;AL
1929;AL;006;006852;C127;Castell'Alfero;;CE;04/06/1929;006831;Asti;A479;006;AL
1929;AL;006;006852;C127;Castell'Alfero;;AQ;04/06/1929;006831;Asti;A479;006;AL
1929;AL;006;006865;C701;Cinaglio;;CE;04/06/1929;006831;Asti;A479;006;AL
1929;SV;009;009025;C729;Cisano sul Neva;;AQES;04/06/1929;009811;Cenesi;C462;009;SV
1929;SV;009;009025;C729;Cisano sul Neva;;AQ;04/06/1929;009069;Zuccarello;M197;009;SV
1929;SV;009;009069;M197;Zuccarello;;CE;04/06/1929;009025;Cisano sul Neva;C729;009;SV
1929;BZ;021;021022;C652;Chiusa/Klausen;Klausen;AQES;04/06/1929;021832;Gudon/Gufidaun;E257;021;BZ
1929;BZ;021;021022;C652;Chiusa/Klausen;Klausen;AQES;04/06/1929;021116;Velturno/Feldthurns;L724;021;BZ
1929;BZ;021;021022;C652;Chiusa/Klausen;Klausen;AQES;04/06/1929;021837;Lazfons/Latzfons;E501;021;BZ
1929;BZ;021;021022;C652;Chiusa/Klausen;Klausen;AQ;04/06/1929;021039;Laion/Lajen;E420;021;BZ
1929;BZ;021;021022;C652;Chiusa/Klausen;Klausen;AQ;04/06/1929;021114;Villandro/Villanders;L971;021;BZ
1929;BZ;021;021039;E420;Laion/Lajen;Lajen;CE;04/06/1929;021022;Chiusa/Klausen;C652;021;BZ
1929;BZ;021;021114;L971;Villandro/Villanders;Villanders;CE;04/06/1929;021022;Chiusa/Klausen;C652;021;BZ
1929;LI;049;049002;B509;Campiglia Marittima;;AQ;04/06/1929;049006;Castagneto Carducci;C044;049;LI
1929;LI;049;049006;C044;Castagneto Carducci;;CE;04/06/1929;049002;Campiglia Marittima;B509;049;LI
1929;NO;003;003018;A844;Biandrate;;CE;02/06/1929;003135;San Pietro Mosezzo;I116;003;NO
1929;NO;003;003018;A844;Biandrate;;CE;02/06/1929;003129;Recetto;H213;003;NO
1929;NO;003;003018;A844;Biandrate;;CE;02/06/1929;003134;San Nazzaro Sesia;I052;003;NO
1929;NO;003;003018;A844;Biandrate;;AQ;02/06/1929;003129;Recetto;H213;003;NO
1929;NO;003;003018;A844;Biandrate;;AQ;02/06/1929;003135;San Pietro Mosezzo;I116;003;NO
1929;NO;003;003129;H213;Recetto;;AQ;02/06/1929;003018;Biandrate;A844;003;NO
1929;NO;003;003129;H213;Recetto;;CE;02/06/1929;003018;Biandrate;A844;003;NO
1929;NO;003;003129;H213;Recetto;;CE;02/06/1929;003134;San Nazzaro Sesia;I052;003;NO
1929;NO;003;003129;H213;Recetto;;AQ;02/06/1929;003134;San Nazzaro Sesia;I052;003;NO
1929;NO;003;003134;I052;San Nazzaro Sesia;;CE;02/06/1929;003129;Recetto;H213;003;NO
1929;NO;003;003134;I052;San Nazzaro Sesia;;AQ;02/06/1929;003129;Recetto;H213;003;NO
1929;NO;003;003134;I052;San Nazzaro Sesia;;AQ;02/06/1929;003018;Biandrate;A844;003;NO
1929;NO;003;003135;I116;San Pietro Mosezzo;;AQ;02/06/1929;003018;Biandrate;A844;003;NO
1929;NO;003;003135;I116;San Pietro Mosezzo;;CE;02/06/1929;003018;Biandrate;A844;003;NO
1929;LU;046;046030;I942;Stazzema;;AQ;02/06/1929;046031;Vagli Sotto;L533;046;LU
1929;LU;046;046031;L533;Vagli Sotto;;CE;02/06/1929;046030;Stazzema;I942;046;LU
1929;ME;083;083048;F158;Messina;;CECS;02/06/1929;083105;Villafranca Tirrena;L950;083;ME
1929;AO;007;007879;H691;Salassa;;AQES;30/05/1929;007886;San Ponso Canavese;I126;007;AO
1929;AO;007;007898;L644;Valperga;;AQES;30/05/1929;007867;Pertusio;G477;007;AO
1929;SV;009;009064;L528;Vado Ligure;;AQES;30/05/1929;009827;Segno;I574;009;SV
1929;PV;018;018143;I237;Santa Maria della Versa;;AQES;30/05/1929;018832;Donelasco;D340;018;PV
1929;BZ;021;021074;H299;Rio di Pusteria/Mühlbach;Mühlbach;AQES;30/05/1929;021845;Maranza/Meransen;E916;021;BZ
1929;BZ;021;021074;H299;Rio di Pusteria/Mühlbach;Mühlbach;AQES;30/05/1929;021915;Valles/Vals;L615;021;BZ
1929;BZ;021;021074;H299;Rio di Pusteria/Mühlbach;Mühlbach;AQES;30/05/1929;021897;Spinga/Spinges;I900;021;BZ
1929;BZ;021;021074;H299;Rio di Pusteria/Mühlbach;Mühlbach;AQES;30/05/1929;021075;Rodengo/Rodeneck;H475;021;BZ
1929;VR;023;023072;H944;Sanguinetto;;AQES;30/05/1929;023029;Concamarise;C943;023;VR
1929;VI;024;024060;F442;Montebello Vicentino;;AQES;30/05/1929;024120;Zermeghedo;M170;024;VI
1929;TE;067;067025;E058;Giulianova;;CE;30/05/1929;067030;Mosciano Sant'Angelo;F764;067;TE
1929;TE;067;067025;E058;Giulianova;;AQ;30/05/1929;067030;Mosciano Sant'Angelo;F764;067;TE
1929;TE;067;067025;E058;Giulianova;;AQ;30/05/1929;067044;Tortoreto;L307;067;TE
1929;TE;067;067030;F764;Mosciano Sant'Angelo;;CE;30/05/1929;067025;Giulianova;E058;067;TE
1929;TE;067;067030;F764;Mosciano Sant'Angelo;;AQ;30/05/1929;067044;Tortoreto;L307;067;TE
1929;TE;067;067030;F764;Mosciano Sant'Angelo;;AQ;30/05/1929;067025;Giulianova;E058;067;TE
1929;TE;067;067044;L307;Tortoreto;;CE;30/05/1929;067030;Mosciano Sant'Angelo;F764;067;TE
1929;TE;067;067044;L307;Tortoreto;;CE;30/05/1929;067025;Giulianova;E058;067;TE
1929;SP;011;011013;D655;Follo;;CE;29/05/1929;011023;Riccò del Golfo di Spezia;H275;011;SP
1929;SP;011;011023;H275;Riccò del Golfo di Spezia;;AQ;29/05/1929;011013;Follo;D655;011;SP
1929;TE;067;067008;B515;Campli;;CE;29/05/1929;067039;Sant'Omero;I348;067;TE
1929;TE;067;067039;I348;Sant'Omero;;AQ;29/05/1929;067008;Campli;B515;067;TE
1929;AL;006;006025;B311;Cabella Ligure;;CE;28/05/1929;006148;Rocchetta Ligure;H465;006;AL
1929;AL;006;006025;B311;Cabella Ligure;;AQ;28/05/1929;006148;Rocchetta Ligure;H465;006;AL
1929;AL;006;006148;H465;Rocchetta Ligure;;CE;28/05/1929;006025;Cabella Ligure;B311;006;AL
1929;AL;006;006148;H465;Rocchetta Ligure;;AQES;28/05/1929;006028;Cantalupo Ligure;B629;006;AL
1929;AL;006;006148;H465;Rocchetta Ligure;;AQ;28/05/1929;006025;Cabella Ligure;B311;006;AL
1929;AL;006;006148;H465;Rocchetta Ligure;;AQES;28/05/1929;006002;Albera Ligure;A146;006;AL
1929;AL;006;006884;E295;Incisa Scapaccino;;CE;28/05/1929;006906;Nizza Monferrato;F902;006;AL
1929;AL;006;006906;F902;Nizza Monferrato;;AQ;28/05/1929;006884;Incisa Scapaccino;E295;006;AL
1929;AO;007;007902;L548;Valchiusa;;AQES;28/05/1929;007853;Meugliano;F164;007;AO
1929;AO;007;007902;L548;Valchiusa;;AQES;28/05/1929;007820;Brosso;B205;007;AO
1929;AO;007;007902;L548;Valchiusa;;AQES;28/05/1929;007896;Trausella;L338;007;AO
1929;AO;007;007902;L548;Valchiusa;;AQES;28/05/1929;001822;Drusacco;D375;007;AO
1929;AO;007;007902;L548;Valchiusa;;AQES;28/05/1929;001845;Novareglia;F953;007;AO
1929;SV;009;009002;A145;Albenga;;AQES;28/05/1929;009808;Campochiesa;B523;009;SV
1929;MI;015;015054;B910;Casalpusterlengo;;AQES;28/05/1929;015982;Vittadone;M087;015;MI
1929;MI;015;015054;B910;Casalpusterlengo;;AQES;28/05/1929;015985;Zorlesco;M191;015;MI
1929;MI;015;015241;M052;Vimercate;;AQES;28/05/1929;015941;Ruginello;H636;015;MI
1929;MI;015;015241;M052;Vimercate;;AQES;28/05/1929;015914;Oreno;G092;015;MI
1929;BS;017;017136;G361;Passirano;;AQ;28/05/1929;017156;Provaglio d'Iseo;H078;017;BS
1929;BS;017;017156;H078;Provaglio d'Iseo;;CE;28/05/1929;017136;Passirano;G361;017;BS
1929;PV;018;018089;F122;Menconico;;CECS;28/05/1929;018142;Santa Margherita di Staffora;I230;018;PV
1929;PV;018;018171;L690;Varzi;;AQES;28/05/1929;018860;Sagliano di Crenna;H663;018;PV
1929;PV;018;018171;L690;Varzi;;AQES;28/05/1929;018007;Bagnaria;A550;018;PV
1929;PV;018;018171;L690;Varzi;;AQES;28/05/1929;018827;Cella di Bobbio;C434;018;PV
1929;TN;022;022087;D651;Folgaria;;CE;28/05/1929;022102;Lavarone;E492;022;TN
1929;TN;022;022087;D651;Folgaria;;AQ;28/05/1929;022102;Lavarone;E492;022;TN
1929;TN;022;022102;E492;Lavarone;;AQ;28/05/1929;022087;Folgaria;D651;022;TN
1929;TN;022;022102;E492;Lavarone;;CE;28/05/1929;022087;Folgaria;D651;022;TN
1929;TN;022;022153;H330;Riva;;AQES;28/05/1929;022124;Nago-Torbole;F835;022;TN
1929;ME;083;083072;H418;Roccalumera;;AQES;28/05/1929;083061;Nizza di Sicilia;F901;083;ME
1929;NO;003;003859;E303;Intra;;AQES;25/05/1929;003897;Unchio;L493;003;NO
1929;AO;007;007810;A525;Azeglio;;AQES;25/05/1929;007888;Settimo Rottaro;I701;007;AO
1929;VA;012;012013;A826;Besozzo;;AQ;25/05/1929;012053;Cocquio-Trevisago;C810;012;VA
1929;VA;012;012053;C810;Cocquio-Trevisago;;CE;25/05/1929;012013;Besozzo;A826;012;VA
1929;CN;004;004131;F355;Monesiglio;;CE;23/05/1929;004150;Niella Belbo;F894;004;CN
1929;CN;004;004150;F894;Niella Belbo;;AQ;23/05/1929;004131;Monesiglio;F355;004;CN
1929;AL;006;006027;B482;Camino;;AQES;23/05/1929;006803;Brusaschetto;B224;006;AL
1929;AL;006;006027;B482;Camino;;AQES;23/05/1929;006806;Castel San Pietro Monferrato;C264;006;AL
1929;AL;006;006027;B482;Camino;;AQ;23/05/1929;006097;Mombello Monferrato;F313;006;AL
1929;AL;006;006097;F313;Mombello Monferrato;;CE;23/05/1929;006027;Camino;B482;006;AL
1929;BG;016;016093;D406;Endine Gaiano;;CECS;23/05/1929;016179;Ranzanico;H177;016;BG
1929;AQ;066;066087;H819;San Demetrio ne' Vestini;;AQES;23/05/1929;066105;Villa Sant'Angelo;M023;066;AQ
1929;AQ;066;066087;H819;San Demetrio ne' Vestini;;AQES;23/05/1929;066090;Sant'Eusanio Forconese;I336;066;AQ
1929;PE;068;068038;I376;San Valentino in Abruzzo Citeriore;;AQES;23/05/1929;068034;Roccamorice;H425;068;PE
1929;PE;068;068038;I376;San Valentino in Abruzzo Citeriore;;AQES;23/05/1929;068001;Abbateggio;A008;068;PE
1929;NO;003;003095;F093;Meina;;AQ;21/05/1929;003119;Pisano;G703;003;NO
1929;NO;003;003119;G703;Pisano;;CE;21/05/1929;003095;Meina;F093;003;NO
1929;AL;006;006085;E191;Grondona;;AQ;21/05/1929;006146;Roccaforte Ligure;H406;006;AL
1929;AL;006;006146;H406;Roccaforte Ligure;;CE;21/05/1929;006085;Grondona;E191;006;AL
1929;SA;065;065050;D390;Eboli;;CECS;21/05/1929;065014;Battipaglia;A717;065;SA
1929;SA;065;065073;F481;Montecorvino Rovella;;CECS;21/05/1929;065014;Battipaglia;A717;065;SA
1929;TE;067;067004;A488;Atri;;CECS;21/05/1929;067035;Pineto;F831;067;TE
1929;ME;083;083055;F368;Mongiuffi Melia;;AQES;21/05/1929;083071;Roccafiorita;H405;083;ME
1929;FU;701;701711;F763;Moschiena;;AQES;21/05/1929;701803;Bersezio del Quarnaro;A824;701;FU
1929;SP;011;011003;A836;Beverino;;AQ;19/05/1929;011025;Rocchetta di Vara;H461;011;SP
1929;SP;011;011025;H461;Rocchetta di Vara;;CE;19/05/1929;011003;Beverino;A836;011;SP
1929;VA;012;012055;C922;Comerio;;AQ;19/05/1929;012072;Gavirate;D946;012;VA
1929;VA;012;012072;D946;Gavirate;;CE;19/05/1929;012055;Comerio;C922;012;VA
1929;SA;065;065107;H412;Roccagloriosa;;CE;19/05/1929;065149;Torre Orsaia;L274;065;SA
1929;SA;065;065149;L274;Torre Orsaia;;AQ;19/05/1929;065107;Roccagloriosa;H412;065;SA
1929;SA;065;065149;L274;Torre Orsaia;;AQES;19/05/1929;065802;Castelruggiero;C256;065;SA
1929;BZ;021;021041;E434;Lana/Lana;Lana;AQES;18/05/1929;021828;Foiana/Völlan;D648;021;BZ
1929;VR;023;023054;F921;Nogarole Rocca;;CE;18/05/1929;023088;Trevenzuolo;L396;023;VR
1929;VR;023;023088;L396;Trevenzuolo;;AQ;18/05/1929;023054;Nogarole Rocca;F921;023;VR
1929;BG;016;016006;A216;Almenno San Bartolomeo;;CE;17/05/1929;016155;Paladina;G249;016;BG
1929;BG;016;016155;G249;Paladina;;AQ;17/05/1929;016224;Valbrembo;L545;016;BG
1929;BG;016;016155;G249;Paladina;;AQ;17/05/1929;016006;Almenno San Bartolomeo;A216;016;BG
1929;BG;016;016155;G249;Paladina;;AQES;17/05/1929;016873;Sombreno;B148;016;BG
1929;BG;016;016224;L545;Valbrembo;;CE;17/05/1929;016155;Paladina;G249;016;BG
1929;CO;013;013118;E309;Inverigo;;AQES;16/05/1929;013957;Villa Romanò;M010;013;CO
1929;CO;013;013118;E309;Inverigo;;AQES;16/05/1929;013012;Arosio;A430;013;CO
1929;CO;013;013118;E309;Inverigo;;AQES;16/05/1929;013867;Cremnago;D148;013;CO
1929;CO;013;013118;E309;Inverigo;;AQES;16/05/1929;013927;Romanò Brianza;H510;013;CO
1929;AG;084;084011;B602;Canicattì;;AQ;16/05/1929;084026;Naro;F845;084;AG
1929;AG;084;084026;F845;Naro;;AQES;16/05/1929;084008;Camastra;B460;084;AG
1929;AG;084;084026;F845;Naro;;CE;16/05/1929;084011;Canicattì;B602;084;AG
1929;PV;018;018013;A741;Belgioioso;;AQES;15/05/1929;018158;Torre de' Negri;L262;018;PV
1929;SA;065;065007;A294;Angri;;AQES;15/05/1929;065130;Sant'Egidio del Monte Albino;I317;065;SA
1929;SA;065;065007;A294;Angri;;CE;15/05/1929;065137;Scafati;I483;065;SA
1929;SA;065;065137;I483;Scafati;;AQ;15/05/1929;065007;Angri;A294;065;SA
1929;AL;006;006001;A052;Acqui;;AQES;14/05/1929;006187;Visone;M077;006;AL
1929;AL;006;006050;C160;Castelletto Merli;;CE;14/05/1929;006097;Mombello Monferrato;F313;006;AL
1929;AL;006;006097;F313;Mombello Monferrato;;AQ;14/05/1929;006050;Castelletto Merli;C160;006;AL
1929;AL;006;006833;A588;Baldichieri d'Asti;;AQ;14/05/1929;006935;Tigliole;L168;006;AL
1929;AL;006;006833;A588;Baldichieri d'Asti;;CE;14/05/1929;006935;Tigliole;L168;006;AL
1929;AL;006;006858;C232;Castelnuovo d'Asti;;AQES;14/05/1929;006911;Pino d'Asti;G676;006;AL
1929;AL;006;006858;C232;Castelnuovo d'Asti;;AQES;14/05/1929;005807;Mondonio;F350;006;AL
1929;AL;006;006935;L168;Tigliole;;CE;14/05/1929;006833;Baldichieri d'Asti;A588;006;AL
1929;AL;006;006935;L168;Tigliole;;AQ;14/05/1929;006833;Baldichieri d'Asti;A588;006;AL
1929;AO;007;007807;A199;Alice Superiore;;AQES;14/05/1929;001830;Gauna;D939;007;AO
1929;AO;007;007807;A199;Alice Superiore;;AQES;14/05/1929;007864;Pecco;G396;007;AO
1929;SV;009;009061;L190;Toirano;;AQES;14/05/1929;009011;Boissano;A931;009;SV
1929;CO;013;013145;F120;Menaggio;;AQES;14/05/1929;013895;Loveno Sopra Menaggio;E702;013;CO
1929;PV;018;018080;E454;Lardirago;;AQES;14/05/1929;018043;Ceranova;C484;018;PV
1929;PV;018;018080;E454;Lardirago;;AQES;14/05/1929;018141;Sant'Alessio con Vialone;I213;018;PV
1929;BZ;021;021042;E457;Lasa/Laas;Laas;AQES;14/05/1929;021901;Tanas/Tannas;L041;021;BZ
1929;BZ;021;021042;E457;Lasa/Laas;Laas;AQES;14/05/1929;021803;Alliz/Allitz;A209;021;BZ
1929;BZ;021;021042;E457;Lasa/Laas;Laas;AQES;14/05/1929;021810;Cengles/Tschengls;C464;021;BZ
1929;BZ;021;021042;E457;Lasa/Laas;Laas;AQES;14/05/1929;021863;Oris/Eyrs;G112;021;BZ
1929;BZ;021;021052;F371;Monguelfo/Welsberg;Welsberg;AQES;14/05/1929;021906;Tesido/Taisten;L148;021;BZ
1929;PU;041;041026;F136;Piandicastello;;AQES;14/05/1929;041060;Sassofeltrio;I460;041;PU
1929;PU;041;041035;F524;Monte Grimano;;AQES;14/05/1929;041060;Sassofeltrio;I460;041;PU
1929;AV;064;064081;H733;Salza Irpina;;CE;14/05/1929;064119;Volturara Irpina;M130;064;AV
1929;AV;064;064119;M130;Volturara Irpina;;AQ;14/05/1929;064081;Salza Irpina;H733;064;AV
1929;SV;009;009019;B927;Casanova Lerrone;;AQES;13/05/1929;009829;Vellego;L718;009;SV
1929;SV;009;009060;L152;Testico;;AQES;13/05/1929;009829;Vellego;L718;009;SV
1929;NO;003;003057;D177;Crodo;;CE;07/05/1929;003124;Premia;H033;003;NO
1929;NO;003;003124;H033;Premia;;AQ;07/05/1929;003057;Crodo;D177;003;NO
1929;BZ;021;021111;L687;Varna/Vahrn;Vahrn;AQES;07/05/1929;021893;Scaleres/Schalders;I488;021;BZ
1929;BZ;021;021111;L687;Varna/Vahrn;Vahrn;AQES;07/05/1929;021861;Novacella/Neustift;F945;021;BZ
1929;AO;007;007889;I702;Settimo Tavagnasco;;AQES;04/05/1929;007894;Tavagnasco;L066;007;AO
1929;AO;007;007889;I702;Settimo Tavagnasco;;AQES;04/05/1929;001817;Cesnola;C579;007;AO
1929;AO;007;007889;I702;Settimo Tavagnasco;;AQES;04/05/1929;001843;Montestrutto;F650;007;AO
1929;CR;019;019066;G260;Palazzo Pignano;;AQES;04/05/1929;019830;Cassine Gandine;C029;019;CR
1929;CR;019;019066;G260;Palazzo Pignano;;AQES;04/05/1929;019909;Scannabue;I500;019;CR
1929;AO;007;007023;D338;Donnaz;;CE;03/05/1929;007052;Ponte San Martino;G854;007;AO
1929;AO;007;007052;G854;Ponte San Martino;;AQ;03/05/1929;007023;Donnaz;D338;007;AO
1929;AO;007;007052;G854;Ponte San Martino;;AQ;03/05/1929;007826;Carema;B762;007;AO
1929;AO;007;007052;G854;Ponte San Martino;;AQES;03/05/1929;007048;Perloz;G459;007;AO
1929;AO;007;007826;B762;Carema;;CE;03/05/1929;007052;Ponte San Martino;G854;007;AO
1929;AO;007;007826;B762;Carema;;AQES;03/05/1929;007874;Quincinetto;H127;007;AO
1929;AO;007;007828;C133;Castellamonte;;AQ;03/05/1929;007829;Castelnuovo Nigra;C241;007;AO
1929;AO;007;007828;C133;Castellamonte;;AQES;03/05/1929;001814;Campo Canavese;B517;007;AO
1929;AO;007;007828;C133;Castellamonte;;AQES;03/05/1929;001844;Muriaglio;F812;007;AO
1929;AO;007;007828;C133;Castellamonte;;AQ;03/05/1929;007885;San Martino Canavese;H997;007;AO
1929;AO;007;007828;C133;Castellamonte;;AQES;03/05/1929;007813;Baldissero Canavese;A590;007;AO
1929;AO;007;007829;C241;Castelnuovo Nigra;;CE;03/05/1929;007828;Castellamonte;C133;007;AO
1929;AO;007;007885;H997;San Martino Canavese;;CE;03/05/1929;007828;Castellamonte;C133;007;AO
1929;CO;013;013065;C520;Cernobbio;;AQES;03/05/1929;013918;Piazza Santo Stefano;G581;013;CO
1929;CO;013;013065;C520;Cernobbio;;AQES;03/05/1929;013929;Rovenna;H603;013;CO
1929;BS;017;017065;D251;Darfo;;AQES;03/05/1929;017838;Erbanno;D418;017;BS
1929;BS;017;017065;D251;Darfo;;AQES;03/05/1929;017847;Gorzone;E112;017;BS
1929;TE;067;067004;A488;Atri;;CECS;03/05/1929;067040;Silvi;I741;067;TE
1929;TR;055;055030;I381;San Venanzo;;AQES;27/04/1929;055813;San Vito in Monte;I398;055;TR
1929;VE;027;027005;B642;Caorle;;CE;26/04/1929;027034;San Michele al Tagliamento;I040;027;VE
1929;VE;027;027034;I040;San Michele al Tagliamento;;AQ;26/04/1929;027005;Caorle;B642;027;VE
1929;CN;004;004139;F608;Monterosso Grana;;AQES;20/04/1929;004817;San Pietro di Monterosso;I104;004;CN
1929;AL;006;006010;A523;Avolasca;;AQ;20/04/1929;006107;Montegioco;F518;006;AL
1929;AL;006;006010;A523;Avolasca;;AQ;20/04/1929;006108;Montemarzino;F562;006;AL
1929;AL;006;006010;A523;Avolasca;;AQ;20/04/1929;006041;Casasco;B941;006;AL
1929;AL;006;006041;B941;Casasco;;CE;20/04/1929;006010;Avolasca;A523;006;AL
1929;AL;006;006107;F518;Montegioco;;CE;20/04/1929;006010;Avolasca;A523;006;AL
1929;AL;006;006108;F562;Montemarzino;;CE;20/04/1929;006010;Avolasca;A523;006;AL
1929;AL;006;006848;C049;Castagnole delle Lanze;;AQES;20/04/1929;006867;Coazzolo;C804;006;AL
1929;CO;013;013103;D865;Galbiate;;CE;20/04/1929;013105;Garlate;D926;013;CO
1929;CO;013;013105;D926;Garlate;;AQ;20/04/1929;013103;Galbiate;D865;013;CO
1929;SO;014;014005;A382;Ardenno;;CE;20/04/1929;014074;Val Masino;L638;014;SO
1929;SO;014;014074;L638;Val Masino;;AQ;20/04/1929;014005;Ardenno;A382;014;SO
1929;VE;027;027007;C422;Ceggia;;AQ;20/04/1929;027033;San Donà di Piave;H823;027;VE
1929;VE;027;027007;C422;Ceggia;;CE;20/04/1929;027033;San Donà di Piave;H823;027;VE
1929;VE;027;027033;H823;San Donà di Piave;;AQ;20/04/1929;027007;Ceggia;C422;027;VE
1929;VE;027;027033;H823;San Donà di Piave;;CE;20/04/1929;027007;Ceggia;C422;027;VE
1929;TR;055;055029;H857;San Gemini;;AQ;20/04/1929;055032;Terni;L117;055;TR
1929;TR;055;055032;L117;Terni;;CE;20/04/1929;055029;San Gemini;H857;055;TR
1929;AO;007;007816;A941;Bollengo;;AQES;19/04/1929;007821;Burolo;B279;007;AO
1929;AO;007;007897;L345;Traversella;;AQES;19/04/1929;001870;Valchiusella;L549;007;AO
1929;NO;003;003151;L651;Valstrona;;AQES;13/04/1929;003827;Campello Monti;B503;003;NO
1929;AL;006;006830;A352;Aramengo;;AQES;13/04/1929;005806;Marmorito;E964;006;AL
1929;NA;063;063002;A064;Afragola;;CE;13/04/1929;063017;Casalnuovo di Napoli;B905;063;NA
1929;NA;063;063017;B905;Casalnuovo di Napoli;;AQ;13/04/1929;063057;Pomigliano d'Arco;G812;063;NA
1929;NA;063;063017;B905;Casalnuovo di Napoli;;AQ;13/04/1929;063002;Afragola;A064;063;NA
1929;NA;063;063017;B905;Casalnuovo di Napoli;;AQES;13/04/1929;063803;Licignano di Napoli;E577;063;NA
1929;NA;063;063017;B905;Casalnuovo di Napoli;;AQ;13/04/1929;063049;Napoli;F839;063;NA
1929;NA;063;063049;F839;Napoli;;CE;13/04/1929;063017;Casalnuovo di Napoli;B905;063;NA
1929;NA;063;063057;G812;Pomigliano d'Arco;;CE;13/04/1929;063017;Casalnuovo di Napoli;B905;063;NA
1929;AL;006;006042;C005;Cassano Spinola;;AQ;12/04/1929;006157;Sardigliano;I429;006;AL
1929;AL;006;006042;C005;Cassano Spinola;;AQES;12/04/1929;006080;Gavazzana;D941;006;AL
1929;AL;006;006157;I429;Sardigliano;;CE;12/04/1929;006042;Cassano Spinola;C005;006;AL
1929;SV;009;009004;A166;Albisola Superiore;;AQES;12/04/1929;009812;Ellera;D397;009;SV
1929;TN;022;022191;L097;Tenno;;AQES;12/04/1929;022941;Ville del Monte;M037;022;TN
1929;TN;022;022191;L097;Tenno;;AQES;12/04/1929;022828;Cologna-Gavazzo;C891;022;TN
1929;TN;022;022191;L097;Tenno;;AQES;12/04/1929;022889;Pranzo;G984;022;TN
1929;TV;026;026051;F999;Oderzo;;AQES;12/04/1929;026802;Piavon;G578;026;TV
1929;NA;063;063818;A512;Aversa;;AQES;12/04/1929;063850;Gricignano di Aversa;E173;063;NA
1929;NA;063;063818;A512;Aversa;;AQES;12/04/1929;063827;Carinaro;B779;063;NA
1929;NA;063;063818;A512;Aversa;;AQES;12/04/1929;061807;Lusciano e Ducenta;E755;063;NA
1929;NA;063;063892;L379;Trentola;;AQES;12/04/1929;063876;San Marcellino;H978;063;NA
1929;NA;063;063892;L379;Trentola;;AQES;12/04/1929;061807;Lusciano e Ducenta;E755;063;NA
1929;TE;067;067006;A746;Bellante;;CE;12/04/1929;067008;Campli;B515;067;TE
1929;TE;067;067008;B515;Campli;;AQ;12/04/1929;067006;Bellante;A746;067;TE
1929;CN;004;004249;M063;Viola;;AQES;11/04/1929;004111;Lisio;E615;004;CN
1929;BZ;021;021033;D821;Funes/Villnöß;Villnöß;AQES;11/04/1929;021907;Tiso/Teis;L179;021;BZ
1929;RO;029;029030;E689;Loreo;;AQES;11/04/1929;029040;Rosolina;H573;029;RO
1929;PU;041;041044;G479;Pesaro;;AQES;11/04/1929;041816;Novilara;F969;041;PU
1929;PU;041;041044;G479;Pesaro;;AQES;11/04/1929;041805;Ginestreto;E035;041;PU
1929;PU;041;041044;G479;Pesaro;;AQES;11/04/1929;041817;Pozzo Alto;G956;041;PU
1929;PU;041;041044;G479;Pesaro;;AQES;11/04/1929;041801;Candelara;B585;041;PU
1929;PU;041;041044;G479;Pesaro;;AQES;11/04/1929;041804;Fiorenzuola di Focara;D610;041;PU
1929;MC;043;043002;A329;Apiro;;AQES;11/04/1929;043040;Poggio San Vicino;D566;043;MC
1929;MC;043;043009;C251;Castelraimondo;;AQES;11/04/1929;043020;Gagliole;D853;043;MC
1929;CZ;079;079001;A043;Acquaro;;CECS;11/04/1929;079041;Dasà;D253;079;CZ
1929;ME;083;083084;I199;Sant'Agata di Militello;;AQES;11/04/1929;083050;Militello Rosmarino;F210;083;ME
1929;ME;083;083084;I199;Sant'Agata di Militello;;AQES;11/04/1929;083079;San Marco d'Alunzio;H982;083;ME
1929;CN;004;004188;H391;Rocca Cigliè;;AQES;26/03/1929;004069;Cigliè;C681;004;CN
1929;BZ;021;021096;L106;Terento/Terenten;Terenten;AQES;26/03/1929;021817;Colli in Pusteria/Pichlern;C881;021;BZ
1929;CN;004;004050;C167;Castelletto Uzzone;;AQES;24/03/1929;004818;Scaletta Uzzone;I491;004;CN
1929;BZ;021;021021;C625;Chienes/Kiens;Kiens;AQES;24/03/1929;021889;San Sigismondo/St. Sigmund;I159;021;BZ
1929;BZ;021;021021;C625;Chienes/Kiens;Kiens;AQES;24/03/1929;021819;Corti in Pusteria/Hofern;D059;021;BZ
1929;BZ;021;021021;C625;Chienes/Kiens;Kiens;AQES;24/03/1929;021850;Monghezzo di Fuori/Getzenberg;F362;021;BZ
1929;BZ;021;021021;C625;Chienes/Kiens;Kiens;AQES;24/03/1929;021808;Casteldarne/Ehrenburg;C077;021;BZ
1929;TN;022;022168;I354;Sant'Orsola;;AQES;24/03/1929;022133;Palù;G296;022;TN
1929;TN;022;022168;I354;Sant'Orsola;;AQES;24/03/1929;022085;Fierozzo;D573;022;TN
1929;TN;022;022168;I354;Sant'Orsola;;AQES;24/03/1929;022090;Frassilongo;D775;022;TN
1929;VR;023;023061;H048;Pressana;;AQES;24/03/1929;023066;Roveredo di Guà;H610;023;VR
1929;NA;063;063863;G661;Pignataro Maggiore;;AQES;24/03/1929;063848;Giano Vetusto;E011;063;NA
1929;SA;065;065147;L212;Torchiara;;AQES;24/03/1929;065103;Prignano Cilento;H062;065;SA
1929;PE;068;068037;I332;Sant'Eufemia a Maiella;;AQES;24/03/1929;068804;Roccacaramanico;H388;068;PE
1929;IM;008;008012;B734;Caravonica;;AQES;16/03/1929;008801;Arzeno d'Oneglia;A457;008;IM
1929;IM;008;008018;C578;Cesio;;AQES;16/03/1929;008809;Cartari e Calderara;B843;008;IM
1929;IM;008;008018;C578;Cesio;;AQES;16/03/1929;008801;Arzeno d'Oneglia;A457;008;IM
1929;IM;008;008042;G632;Pieve di Teco;;AQES;16/03/1929;008809;Cartari e Calderara;B843;008;IM
1929;IM;008;008066;L809;Vessalico;;AQES;16/03/1929;008809;Cartari e Calderara;B843;008;IM
1929;SA;065;065064;E767;Lustra;;CE;15/03/1929;065091;Perdifumo;G447;065;SA
1929;SA;065;065091;G447;Perdifumo;;AQ;15/03/1929;065064;Lustra;E767;065;SA
1929;SA;065;065091;G447;Perdifumo;;AQ;15/03/1929;065141;Sessa Cilento;I677;065;SA
1929;SA;065;065141;I677;Sessa Cilento;;CE;15/03/1929;065091;Perdifumo;G447;065;SA
1929;AQ;066;066023;B677;Cappadocia;;CE;15/03/1929;066099;Tagliacozzo;L025;066;AQ
1929;AQ;066;066099;L025;Tagliacozzo;;AQ;15/03/1929;066023;Cappadocia;B677;066;AQ
1929;SO;014;014049;G576;Piateda;;CE;14/03/1929;014051;Pendolasco;G431;014;SO
1929;SO;014;014049;G576;Piateda;;CE;14/03/1929;014070;Tresivio;L392;014;SO
1929;SO;014;014051;G431;Pendolasco;;AQ;14/03/1929;014049;Piateda;G576;014;SO
1929;SO;014;014070;L392;Tresivio;;AQ;14/03/1929;014049;Piateda;G576;014;SO
1929;SA;065;065006;A251;Amalfi;;AQES;10/03/1929;065138;Scala;I486;065;SA
1929;SA;065;065006;A251;Amalfi;;AQES;10/03/1929;065011;Atrani;A487;065;SA
1929;SA;065;065104;H198;Ravello;;AQES;10/03/1929;065138;Scala;I486;065;SA
1929;FI;048;048013;D299;Dicomano;;CE;09/03/1929;048025;Londa;E668;048;FI
1929;FI;048;048025;E668;Londa;;AQ;09/03/1929;048013;Dicomano;D299;048;FI
1929;AL;006;006013;A708;Bassignana;;AQ;06/03/1929;006129;Pietra Marazzi;G619;006;AL
1929;AL;006;006013;A708;Bassignana;;AQES;06/03/1929;006145;Rivarone;H343;006;AL
1929;AL;006;006129;G619;Pietra Marazzi;;CE;06/03/1929;006013;Bassignana;A708;006;AL
1929;BS;017;017185;L169;Tignale;;CE;06/03/1929;017189;Tremosine;L372;017;BS
1929;BS;017;017189;L372;Tremosine;;AQ;06/03/1929;017185;Tignale;L169;017;BS
1929;TN;022;022206;L385;Tres;;AQES;06/03/1929;022896;Priò;H067;022;TN
1929;TN;022;022206;L385;Tres;;AQES;06/03/1929;022214;Vervò;L800;022;TN
1929;TN;022;022206;L385;Tres;;AQES;06/03/1929;022942;Vion;M064;022;TN
1929;SA;065;065118;H800;San Cipriano Picentino;;AQES;05/03/1929;065055;Giffoni Sei Casali;E026;065;SA
1929;SA;065;065118;H800;San Cipriano Picentino;;AQES;05/03/1929;065036;Castiglione del Genovesi;C306;065;SA
1929;VC;002;002156;L669;Varallo;;AQES;02/03/1929;002821;Morondo;F741;002;VC
1929;VC;002;002156;L669;Varallo;;AQES;02/03/1929;002166;Vocca;M106;002;VC
1929;VC;002;002156;L669;Varallo;;AQES;02/03/1929;002822;Parone;G343;002;VC
1929;VC;002;002156;L669;Varallo;;AQES;02/03/1929;002043;Civiasco;C757;002;VC
1929;VC;002;002156;L669;Varallo;;AQES;02/03/1929;002828;Valmaggia;L635;002;VC
1929;VC;002;002156;L669;Varallo;;AQES;02/03/1929;002820;Morca;F714;002;VC
1929;VC;002;002156;L669;Varallo;;AQES;02/03/1929;002825;Rocca Pietra;H381;002;VC
1929;VC;002;002156;L669;Varallo;;AQES;02/03/1929;002812;Crevola Sesia;D169;002;VC
1929;VC;002;002156;L669;Varallo;;AQES;02/03/1929;002819;Locarno;E636;002;VC
1929;VC;002;002156;L669;Varallo;;AQES;02/03/1929;002805;Camasco;B459;002;VC
1929;VC;002;002156;L669;Varallo;;AQES;02/03/1929;002809;Cervarolo;C546;002;VC
1929;AO;007;007809;A282;Andrate;;AQES;02/03/1929;007857;Nomaglio;F927;007;AO
1929;AO;007;007818;B015;Borgofranco d'Ivrea;;AQES;02/03/1929;001803;Baio Dora;A583;007;AO
1929;AO;007;007818;B015;Borgofranco d'Ivrea;;AQES;02/03/1929;007873;Quassolo;H120;007;AO
1929;AO;007;007819;B021;Borgomasino;;AQES;02/03/1929;007850;Maglione;E817;007;AO
1929;AO;007;007825;B733;Masino;;AQES;02/03/1929;007837;Cossano Canavese;D092;007;AO
1929;AO;007;007825;B733;Masino;;AQES;02/03/1929;001815;Caravino;ND;007;AO
1929;AO;007;007830;C505;Ceresole Reale;;AQES;02/03/1929;007856;Noasca;F906;007;AO
1929;MI;015;015030;B105;Bovisio;;AQES;02/03/1929;015893;Masciago Milanese;F008;015;MI
1929;TN;022;022674;L468;Turano;;AQES;28/02/1929;017860;Moerna;F264;022;TN
1929;TN;022;022674;L468;Turano;;AQES;28/02/1929;017870;Persone;G470;022;TN
1929;TN;022;022674;L468;Turano;;AQES;28/02/1929;017804;Armo;A417;022;TN
1929;TN;022;022674;L468;Turano;;AQES;28/02/1929;017808;Bollone;A943;022;TN
1929;TN;022;022674;L468;Turano;;AQES;28/02/1929;022422;Magasa;E800;022;TN
1929;TR;055;055001;A045;Acquasparta;;AQ;24/02/1929;055032;Terni;L117;055;TR
1929;TR;055;055032;L117;Terni;;CE;24/02/1929;055001;Acquasparta;A045;055;TR
1929;BS;017;017073;D891;Gambara;;AQES;21/02/1929;017071;Fiesse;D576;017;BS
1929;BS;017;017142;G550;Pian d'Artogne;;AQES;21/02/1929;017007;Artogne;A451;017;BS
1929;TN;022;022222;L957;Villa Lagarina;;AQES;21/02/1929;022883;Pedersano;G409;022;TN
1929;TN;022;022222;L957;Villa Lagarina;;AQES;21/02/1929;022127;Nogaredo;F920;022;TN
1929;TN;022;022222;L957;Villa Lagarina;;AQES;21/02/1929;022877;Noarna;F905;022;TN
1929;TN;022;022222;L957;Villa Lagarina;;AQES;21/02/1929;022911;Sasso;I458;022;TN
1929;TN;022;022222;L957;Villa Lagarina;;AQES;21/02/1929;022819;Castellano;C138;022;TN
1929;TV;026;026087;L565;Valdobbiadene;;AQES;21/02/1929;026805;San Pietro di Barbozza;I101;026;TV
1929;PG;054;054001;A475;Assisi;;CE;21/02/1929;054057;Valfabbrica;L573;054;PG
1929;PG;054;054024;E256;Gubbio;;CE;21/02/1929;054057;Valfabbrica;L573;054;PG
1929;PG;054;054057;L573;Valfabbrica;;AQ;21/02/1929;054001;Assisi;A475;054;PG
1929;PG;054;054057;L573;Valfabbrica;;AQ;21/02/1929;054024;Gubbio;E256;054;PG
1929;AL;006;006001;A052;Acqui;;AQES;14/02/1929;006172;Terzo;L143;006;AL
1929;CO;013;013082;D145;Cremeno;;AQES;14/02/1929;013150;Moggio;F265;013;CO
1929;CO;013;013082;D145;Cremeno;;AQES;14/02/1929;013056;Cassina Valsassina;C024;013;CO
1929;BG;016;016204;I873;Sovere;;AQES;14/02/1929;016870;Sellere;I587;016;BG
1929;BZ;021;021010;B145;Colle Isarco/Gossensass;Gossensass;AQES;14/02/1929;021827;Fleres/Pflersch;D633;021;BZ
1929;BZ;021;021010;B145;Colle Isarco/Gossensass;Gossensass;AQES;14/02/1929;021890;San Valentino al Brennero/Brenner;I378;021;BZ
1929;BZ;021;021047;E938;Marebbe/Enneberg;Enneberg;AQES;14/02/1929;021875;Rina/Welschellen;H295;021;BZ
1929;TN;022;022006;A372;Arco;;AQES;14/02/1929;022902;Romarzolo;H515;022;TN
1929;TN;022;022006;A372;Arco;;AQES;14/02/1929;022881;Oltresarca;G052;022;TN
1929;TN;022;022098;E334;Isera;;AQES;14/02/1929;022849;Lenzima;E533;022;TN
1929;TN;022;022098;E334;Isera;;AQES;14/02/1929;022882;Patone;G373;022;TN
1929;TN;022;022098;E334;Isera;;AQES;14/02/1929;022862;Marano;E909;022;TN
1929;TN;022;022098;E334;Isera;;AQES;14/02/1929;022900;Reviano Folas;H249;022;TN
1929;PC;033;033029;F885;Nibbiano;;AQES;14/02/1929;033009;Caminata;B479;033;PC
1929;PC;033;033029;F885;Nibbiano;;AQES;14/02/1929;033805;Trebecco;L351;033;PC
1929;PT;047;047012;G491;Pescia;;AQES;14/02/1929;047806;Vellano;L717;047;PT
1929;AL;006;006089;E712;Lu;;AQ;12/02/1929;006094;Mirabello Monferrato;F232;006;AL
1929;AL;006;006089;E712;Lu;;CE;12/02/1929;006094;Mirabello Monferrato;F232;006;AL
1929;AL;006;006094;F232;Mirabello Monferrato;;AQ;12/02/1929;006089;Lu;E712;006;AL
1929;AL;006;006094;F232;Mirabello Monferrato;;CE;12/02/1929;006089;Lu;E712;006;AL
1929;PV;018;018072;E062;Giussago;;AQES;08/02/1929;018817;Carpignago;B821;018;PV
1929;PV;018;018072;E062;Giussago;;AQES;08/02/1929;018880;Turago Bordone;L467;018;PV
1929;PV;018;018072;E062;Giussago;;AQES;08/02/1929;018802;Baselica Bologna;A695;018;PV
1929;BZ;021;021017;B570;Campo Tures/Sand in Taufers;Sand in Taufers;AQES;08/02/1929;021878;Riva di Tures/Rain;H332;021;BZ
1929;BZ;021;021017;B570;Campo Tures/Sand in Taufers;Sand in Taufers;AQES;08/02/1929;021849;Molini di Tures/Mühlen;F291;021;BZ
1929;BZ;021;021017;B570;Campo Tures/Sand in Taufers;Sand in Taufers;AQES;08/02/1929;021801;Acereto/Ahornach;A021;021;BZ
1929;BZ;021;021017;B570;Campo Tures/Sand in Taufers;Sand in Taufers;AQES;08/02/1929;021806;Caminata in Tures/Kematen;B480;021;BZ
1929;SA;065;065143;M253;Sicignano degli Alburni;;AQES;08/02/1929;065804;Galdo;D866;065;SA
1929;NA;063;063826;B715;Capua;;AQES;06/02/1929;063881;San Tammaro;I261;063;NA
1929;NA;063;063883;I234;Santa Maria Capua Vetere;;AQES;06/02/1929;063833;Casapulla;B935;063;NA
1929;NA;063;063883;I234;Santa Maria Capua Vetere;;AQES;06/02/1929;063841;Curti;D228;063;NA
1929;NA;063;063883;I234;Santa Maria Capua Vetere;;AQES;06/02/1929;063880;San Prisco;I131;063;NA
1929;NA;063;063883;I234;Santa Maria Capua Vetere;;AQES;06/02/1929;063881;San Tammaro;I261;063;NA
1929;PV;018;018019;B051;Bornasco;;AQES;05/02/1929;018185;Zeccone;M152;018;PV
1929;CO;013;013041;B639;Cantù;;AQ;01/02/1929;013046;Carimate;B778;013;CO
1929;CO;013;013041;B639;Cantù;;AQ;01/02/1929;013899;Minoprio;F222;013;CO
1929;CO;013;013041;B639;Cantù;;AQ;01/02/1929;013084;Cucciago;D196;013;CO
1929;CO;013;013041;B639;Cantù;;AQES;01/02/1929;013808;Asnago;A469;013;CO
1929;CO;013;013046;B778;Carimate;;CE;01/02/1929;013041;Cantù;B639;013;CO
1929;CO;013;013064;C516;Cermenate;;AQES;01/02/1929;013808;Asnago;A469;013;CO
1929;CO;013;013084;D196;Cucciago;;CE;01/02/1929;013041;Cantù;B639;013;CO
1929;CO;013;013899;F222;Minoprio;;CE;01/02/1929;013041;Cantù;B639;013;CO
1929;SV;009;009049;G605;Pietra Ligure;;AQES;25/01/1929;009823;Ranzi Pietra;H179;009;SV
1929;TN;022;022139;G452;Pergine Valsugana;;AQES;25/01/1929;022840;Falesina;D478;022;TN
1929;TN;022;022139;G452;Pergine Valsugana;;AQES;25/01/1929;022935;Viarago;L832;022;TN
1929;TN;022;022139;G452;Pergine Valsugana;;AQES;25/01/1929;022831;Costasavina;D116;022;TN
1929;TN;022;022139;G452;Pergine Valsugana;;AQES;25/01/1929;022923;Susà;L012;022;TN
1929;TN;022;022139;G452;Pergine Valsugana;;AQES;25/01/1929;022903;Roncogno;H543;022;TN
1929;TN;022;022139;G452;Pergine Valsugana;;AQES;25/01/1929;022816;Canezza;B600;022;TN
1929;TN;022;022139;G452;Pergine Valsugana;;AQES;25/01/1929;022937;Vignola;L884;022;TN
1929;TN;022;022139;G452;Pergine Valsugana;;AQES;25/01/1929;022936;Vigalzano;L863;022;TN
1929;TN;022;022139;G452;Pergine Valsugana;;AQES;25/01/1929;022878;Nogarè;F919;022;TN
1929;TN;022;022139;G452;Pergine Valsugana;;AQES;25/01/1929;022857;Madrano;E796;022;TN
1929;TN;022;022139;G452;Pergine Valsugana;;AQES;25/01/1929;022818;Castagnè;C043;022;TN
1929;TN;022;022139;G452;Pergine Valsugana;;AQES;25/01/1929;022917;Serso;I672;022;TN
1929;TN;022;022139;G452;Pergine Valsugana;;AQES;25/01/1929;022847;Ischia;E331;022;TN
1929;TN;022;022226;M173;Ziano;;AQES;25/01/1929;022134;Panchià;G305;022;TN
1929;CN;004;004219;I659;Serravalle delle Langhe;;AQES;24/01/1929;004063;Cerretto delle Langhe;C530;004;CN
1929;CN;004;004219;I659;Serravalle delle Langhe;;AQES;24/01/1929;004070;Cissone;C738;004;CN
1929;AL;006;006188;M120;Volpedo;;AQES;24/01/1929;006189;Volpeglino;M121;006;AL
1929;AL;006;006188;M120;Volpedo;;AQES;24/01/1929;006016;Berzano di Tortona;A813;006;AL
1929;AL;006;006188;M120;Volpedo;;AQES;24/01/1929;006101;Monleale;F374;006;AL
1929;AO;007;007042;E587;Lilliana;;AQES;24/01/1929;007028;Fontainemore;D666;007;AO
1929;SV;009;009062;L315;Tovo San Giacomo;;AQES;24/01/1929;009801;Bardino Nuovo;A648;009;SV
1929;SV;009;009062;L315;Tovo San Giacomo;;AQES;24/01/1929;009802;Bardino Vecchio;A649;009;SV
1929;BS;017;017190;L380;Trenzano;;AQES;24/01/1929;017835;Cossirano;D098;017;BS
1929;TN;022;022034;B404;Caldonazzo;;AQES;24/01/1929;022056;Centa San Nicolò;C467;022;TN
1929;TN;022;022034;B404;Caldonazzo;;AQES;24/01/1929;022032;Calcerànica;B389;022;TN
1929;TN;022;022067;C994;Coredo;;AQES;24/01/1929;022173;Sfruz;I714;022;TN
1929;TN;022;022067;C994;Coredo;;AQES;24/01/1929;022925;Tavon;L079;022;TN
1929;TN;022;022067;C994;Coredo;;AQES;24/01/1929;022175;Smarano;I772;022;TN
1929;TN;022;022186;L033;Taio;;AQES;24/01/1929;022838;Dermulo;D276;022;TN
1929;TN;022;022186;L033;Taio;;AQES;24/01/1929;022913;Segno;I575;022;TN
1929;TN;022;022186;L033;Taio;;AQES;24/01/1929;022929;Torra;L232;022;TN
1929;TN;022;022186;L033;Taio;;AQES;24/01/1929;022931;Tuenetto;L456;022;TN
1929;TN;022;022186;L033;Taio;;AQES;24/01/1929;022834;Dardine;D249;022;TN
1929;TN;022;022186;L033;Taio;;AQES;24/01/1929;022874;Mollaro;F296;022;TN
1929;VR;023;023035;D818;Fumane;;AQES;24/01/1929;023805;Breonio;B155;023;VR
1929;VR;023;023052;F861;Negrar;;AQES;24/01/1929;023814;Prun;H084;023;VR
1929;VR;023;023058;G481;Pescantina;;AQES;24/01/1929;023812;Negarine;F860;023;VR
1929;VR;023;023076;I109;San Pietro in Cariano;;AQES;24/01/1929;023812;Negarine;F860;023;VR
1929;PZ;076;076050;F295;Moliterno;;AQES;24/01/1929;076081;Sarconi;I426;076;PZ
1929;ME;083;083017;C568;Cesarò;;AQES;24/01/1929;083090;San Teodoro;I328;083;ME
1929;ME;083;083089;I311;Santa Teresa di Riva;;AQES;24/01/1929;083012;Casalvecchio Siculo;B918;083;ME
1929;ME;083;083089;I311;Santa Teresa di Riva;;AQES;24/01/1929;083093;Savoca;I477;083;ME
1929;CN;004;004207;H812;San Damiano Macra;;AQES;22/01/1929;004812;Paglieres;G236;004;CN
1929;CN;004;004207;H812;San Damiano Macra;;AQES;22/01/1929;004809;Lottulo;E699;004;CN
1929;CO;013;013018;A687;Barzio;;AQES;22/01/1929;013862;Concenedo;C945;013;CO
1929;MI;015;015023;A849;Biassono;;CE;22/01/1929;015149;Monza;F704;015;MI
1929;MI;015;015149;F704;Monza;;AQ;22/01/1929;015023;Biassono;A849;015;MI
1929;MI;015;015149;F704;Monza;;AQ;22/01/1929;015239;Villa San Fiorano;M017;015;MI
1929;MI;015;015149;F704;Monza;;AQ;22/01/1929;015232;Vedano al Lambro;L704;015;MI
1929;MI;015;015149;F704;Monza;;CE;22/01/1929;015239;Villa San Fiorano;M017;015;MI
1929;MI;015;015232;L704;Vedano al Lambro;;CE;22/01/1929;015149;Monza;F704;015;MI
1929;MI;015;015239;M017;Villa San Fiorano;;AQ;22/01/1929;015149;Monza;F704;015;MI
1929;MI;015;015239;M017;Villa San Fiorano;;CE;22/01/1929;015149;Monza;F704;015;MI
1929;BZ;021;021891;I272;Sant'Andrea in Monte/St. Andrä;St. Andrä;AQES;22/01/1929;021825;Eores/Afers;D413;021;BZ
1929;RO;029;029001;A059;Adria;;AQES;13/01/1929;029804;Bottrighe;B095;029;RO
1929;RO;029;029001;A059;Adria;;AQES;13/01/1929;029806;Ca' Emo;B348;029;RO
1929;RO;029;029001;A059;Adria;;CE;13/01/1929;029015;Ceregnano;C500;029;RO
1929;RO;029;029001;A059;Adria;;AQES;13/01/1929;029801;Bellombra;A754;029;RO
1929;RO;029;029002;A400;Ariano nel Polesine;;CE;13/01/1929;029039;Porto Tolle;G923;029;RO
1929;RO;029;029015;C500;Ceregnano;;AQ;13/01/1929;029001;Adria;A059;029;RO
1929;RO;029;029030;E689;Loreo;;CECS;13/01/1929;029052;Taglio di Porto Viro;G926;029;RO
1929;RO;029;029034;G323;Papozze;;AQES;13/01/1929;029801;Bellombra;A754;029;RO
1929;RO;029;029039;G923;Porto Tolle;;CECS;13/01/1929;029052;Taglio di Porto Viro;G926;029;RO
1929;RO;029;029039;G923;Porto Tolle;;AQ;13/01/1929;029046;Taglio di Po;L026;029;RO
1929;RO;029;029039;G923;Porto Tolle;;AQ;13/01/1929;029002;Ariano nel Polesine;A400;029;RO
1929;RO;029;029046;L026;Taglio di Po;;CE;13/01/1929;029039;Porto Tolle;G923;029;RO
1929;RO;029;029048;L939;Villadose;;AQES;13/01/1929;029806;Ca' Emo;B348;029;RO
1929;CN;004;004233;L558;Valdieri;;AQES;01/01/1929;004803;Andonno;A277;004;CN
1929;AL;006;006161;I711;Sezzadio;;AQES;01/01/1929;006054;Castelspina;C274;006;AL
1929;BS;017;017146;G815;Pompiano;;AQES;01/01/1929;017844;Gerolanuova;D989;017;BS
1929;BZ;021;021055;F836;Nalles/Nals;Nals;AQES;01/01/1929;021002;Andriano/Andrian;A286;021;BZ
1929;TN;022;022027;B165;Brez;;AQES;01/01/1929;022063;Cloz;C797;022;TN
1929;TN;022;022027;B165;Brez;;AQES;01/01/1929;022046;Castelfondo;C103;022;TN
1929;TN;022;022033;B400;Caldes;;AQES;01/01/1929;022812;Bozzana;B108;022;TN
1929;TN;022;022033;B400;Caldes;;AQES;01/01/1929;022054;Cavizzana;C400;022;TN
1929;TN;022;022033;B400;Caldes;;AQES;01/01/1929;022906;Samoclevo;H750;022;TN
1929;TN;022;022033;B400;Caldes;;AQES;01/01/1929;022907;San Giacomo;H869;022;TN
1929;PI;050;050024;G254;Palaia;;AQ;01/01/1929;050032;San Miniato;I046;050;PI
1929;PI;050;050032;I046;San Miniato;;CE;01/01/1929;050024;Palaia;G254;050;PI
1928;TO;001;001156;F335;Moncalieri;;AQES;30/12/1928;001850;Revigliasco Torinese;H251;001;TO
1928;TO;001;001197;G777;Poirino;;AQES;30/12/1928;001123;Isolabella;E345;001;TO
1928;AL;006;006946;L945;Villafranca d'Asti;;AQES;30/12/1928;006917;Roatto;H366;006;AL
1928;AL;006;006946;L945;Villafranca d'Asti;;AQES;30/12/1928;006888;Maretto;E944;006;AL
1928;MI;015;015180;H233;Renate;;AQES;30/12/1928;015233;Veduggio con Colzano;L709;015;MI
1928;BZ;021;021079;H858;San Genesio Atesino/Jenesien;Jenesien;AQES;30/12/1928;021910;Valas/Flaas;L543;021;BZ
1928;SA;065;065154;L628;Vallo della Lucania;;AQES;30/12/1928;065024;Cannalonga;B608;065;SA
1928;SA;065;065154;L628;Vallo della Lucania;;AQES;30/12/1928;065080;Novi Velia;F967;065;SA
1928;SA;065;065154;L628;Vallo della Lucania;;AQES;30/12/1928;065069;Moio della Civitella;F278;065;SA
1928;ME;083;083027;D824;Furci Siculo;;AQES;30/12/1928;083805;Locadi;E634;083;ME
1928;TO;001;001254;I154;San Secondo di Pinerolo;;AQES;19/12/1928;001173;Osasco;G151;001;TO
1928;NO;003;003135;I116;San Pietro Mosezzo;;AQ;19/12/1928;003159;Vicolungo;L847;003;NO
1928;NO;003;003159;L847;Vicolungo;;AQES;19/12/1928;003090;Mandello Vitta;E880;003;NO
1928;NO;003;003159;L847;Vicolungo;;CE;19/12/1928;003135;San Pietro Mosezzo;I116;003;NO
1928;AL;006;006155;I150;San Sebastiano Curone;;AQES;19/12/1928;006083;Gremiasco;E164;006;AL
1928;AL;006;006155;I150;San Sebastiano Curone;;AQES;19/12/1928;006102;Montacuto;F387;006;AL
1928;CO;013;013095;D416;Erba;;CE;16/12/1928;013147;Merone;F151;013;CO
1928;CO;013;013147;F151;Merone;;AQ;16/12/1928;013095;Erba;D416;013;CO
1928;CO;013;013147;F151;Merone;;AQES;16/12/1928;013901;Moiana;F273;013;CO
1928;FI;048;048001;A564;Bagno a Ripoli;;AQES;16/12/1928;048802;Galluzzo;D887;048;FI
1928;FI;048;048001;A564;Bagno a Ripoli;;CE;16/12/1928;048017;Firenze;D612;048;FI
1928;FI;048;048006;B507;Campi Bisenzio;;AQES;16/12/1928;048801;Brozzi;B210;048;FI
1928;FI;048;048017;D612;Firenze;;AQ;16/12/1928;048001;Bagno a Ripoli;A564;048;FI
1928;FI;048;048017;D612;Firenze;;AQES;16/12/1928;048801;Brozzi;B210;048;FI
1928;FI;048;048017;D612;Firenze;;AQES;16/12/1928;048802;Galluzzo;D887;048;FI
1928;FI;048;048017;D612;Firenze;;AQ;16/12/1928;048043;Sesto Fiorentino;I684;048;FI
1928;FI;048;048017;D612;Firenze;;AQ;16/12/1928;048041;Casellina e Torri;B962;048;FI
1928;FI;048;048041;B962;Casellina e Torri;;AQES;16/12/1928;048802;Galluzzo;D887;048;FI
1928;FI;048;048041;B962;Casellina e Torri;;CE;16/12/1928;048017;Firenze;D612;048;FI
1928;FI;048;048043;I684;Sesto Fiorentino;;CE;16/12/1928;048017;Firenze;D612;048;FI
1928;FI;048;048043;I684;Sesto Fiorentino;;AQES;16/12/1928;048801;Brozzi;B210;048;FI
1928;FI;048;048044;I728;Signa;;AQES;16/12/1928;048801;Brozzi;B210;048;FI
1928;AL;006;006157;I429;Sardigliano;;AQES;15/12/1928;006812;Malvino;E871;006;AL
1928;AL;006;006157;I429;Sardigliano;;AQES;15/12/1928;006808;Cuquello;D212;006;AL
1928;IM;008;008031;E290;Imperia;;AQES;15/12/1928;008824;Montegrazie;F302;008;IM
1928;IM;008;008031;E290;Imperia;;AQES;15/12/1928;008823;Moltedo Superiore;F303;008;IM
1928;UD;030;030177;L657;Valvasone;;AQES;15/12/1928;030141;San Martino al Tagliamento;H999;030;UD
1928;UD;030;030177;L657;Valvasone;;AQES;15/12/1928;030009;Arzene;A456;030;UD
1928;TO;001;001074;C564;Cesana Torinese;;AQES;14/12/1928;001818;Champlas-Du-Col;C597;001;TO
1928;TO;001;001074;C564;Cesana Torinese;;AQES;14/12/1928;001821;Desértes;D285;001;TO
1928;TO;001;001074;C564;Cesana Torinese;;AQES;14/12/1928;001258;Sauze di Cesana;I465;001;TO
1928;TO;001;001074;C564;Cesana Torinese;;AQES;14/12/1928;001840;Mollières;F298;001;TO
1928;TO;001;001074;C564;Cesana Torinese;;AQES;14/12/1928;001864;Solomiac;I807;001;TO
1928;TO;001;001074;C564;Cesana Torinese;;AQES;14/12/1928;001826;Fenils;D536;001;TO
1928;TO;001;001074;C564;Cesana Torinese;;AQES;14/12/1928;001867;Thures;L159;001;TO
1928;TO;001;001074;C564;Cesana Torinese;;AQES;14/12/1928;001809;Bousson;B096;001;TO
1928;NO;003;003136;I249;Santa Maria Maggiore;;CECS;14/12/1928;003054;Craveggia;D134;003;NO
1928;CO;013;013095;D416;Erba;;AQES;14/12/1928;013914;Parravicino;G345;013;CO
1928;CO;013;013095;D416;Erba;;AQES;14/12/1928;013807;Arcellasco;A364;013;CO
1928;BG;016;016220;L404;Treviolo;;AQES;14/12/1928;016801;Albegno;A144;016;BG
1928;BG;016;016220;L404;Treviolo;;AQES;14/12/1928;016822;Curnasco;D220;016;BG
1928;BS;017;017068;D391;Edolo;;AQES;14/12/1928;017181;Sonico;I831;017;BS
1928;BZ;021;021081;H956;San Lorenzo in Pusteria/St. Lorenzen;St. Lorenzen;AQES;14/12/1928;021844;Mantana/Monthal;E895;021;BZ
1928;BZ;021;021081;H956;San Lorenzo in Pusteria/St. Lorenzen;St. Lorenzen;AQES;14/12/1928;021824;Elle/Ellen;D396;021;BZ
1928;BZ;021;021081;H956;San Lorenzo in Pusteria/St. Lorenzen;St. Lorenzen;AQES;14/12/1928;021862;Onies/Onach;G069;021;BZ
1928;PU;041;041011;C080;Casteldelci;;AQES;14/12/1928;041820;Scavolino;I517;041;PU
1928;PU;041;041042;G433;Pennabilli;;AQES;14/12/1928;041820;Scavolino;I517;041;PU
1928;SV;009;009023;C463;Cengio;;CE;13/12/1928;009038;Millesimo;F213;009;SV
1928;SV;009;009026;D095;Cosseria;;CE;13/12/1928;009038;Millesimo;F213;009;SV
1928;SV;009;009038;F213;Millesimo;;AQ;13/12/1928;009026;Cosseria;D095;009;SV
1928;SV;009;009038;F213;Millesimo;;AQ;13/12/1928;009023;Cengio;C463;009;SV
1928;SV;009;009038;F213;Millesimo;;AQ;13/12/1928;009054;Roccavignale;H452;009;SV
1928;SV;009;009054;H452;Roccavignale;;CE;13/12/1928;009038;Millesimo;F213;009;SV
1928;SP;011;011002;A373;Arcola;;CE;13/12/1928;011015;Spezia;E463;011;SP
1928;SP;011;011015;E463;Spezia;;AQ;13/12/1928;011031;Vezzano Ligure;L819;011;SP
1928;SP;011;011015;E463;Spezia;;AQ;13/12/1928;011002;Arcola;A373;011;SP
1928;SP;011;011031;L819;Vezzano Ligure;;CE;13/12/1928;011015;Spezia;E463;011;SP
1928;BG;016;016045;B423;Calolziocorte;;AQES;13/12/1928;016856;Rossino;H582;016;BG
1928;BG;016;016045;B423;Calolziocorte;;AQES;13/12/1928;016838;Lorentino;E686;016;BG
1928;BR;074;074017;I396;San Vito dei Normanni;;CECS;13/12/1928;074014;San Michele Salentino;I045;074;BR
1928;NO;003;003110;G062;Omegna;;CE;12/12/1928;003116;Pettenasco;G520;003;NO
1928;NO;003;003116;G520;Pettenasco;;AQ;12/12/1928;003110;Omegna;G062;003;NO
1928;CO;013;013112;E151;Gravedona;;AQES;12/12/1928;013076;Consiglio di Rumo;C965;013;CO
1928;GO;031;031007;E098;Gorizia;;AQES;12/12/1928;031811;Vertoiba in Campi Santi;L794;031;GO
1928;AL;006;006024;B179;Brignano-Frascata;;AQES;09/12/1928;006098;Momperone;F320;006;AL
1928;BZ;021;021037;E398;Laces/Latsch;Latsch;AQES;09/12/1928;021814;Coldrano/Goldrain;C833;021;BZ
1928;BZ;021;021037;E398;Laces/Latsch;Latsch;AQES;09/12/1928;021903;Tarres/Tarsch;L054;021;BZ
1928;BZ;021;021037;E398;Laces/Latsch;Latsch;AQES;09/12/1928;021858;Morter/Morter;F757;021;BZ
1928;BZ;021;021037;E398;Laces/Latsch;Latsch;AQES;09/12/1928;021886;San Martino al Monte/St. Martin am Vorberg;I001;021;BZ
1928;BZ;021;021077;H786;San Candido/Innichen;Innichen;AQES;09/12/1928;021867;Prato alla Drava/Winnebach;H003;021;BZ
1928;BZ;021;021077;H786;San Candido/Innichen;Innichen;AQES;09/12/1928;021854;Monte San Candido/Innichberg;F617;021;BZ
1928;BZ;021;021077;H786;San Candido/Innichen;Innichen;AQES;09/12/1928;021924;Versciaco/Vierschach;L790;021;BZ
1928;UD;030;030008;A448;Artegna;;AQES;09/12/1928;030087;Montenars;F574;030;UD
1928;IM;008;008010;B020;Borgomaro;;AQES;08/12/1928;008005;Aurigo;A499;008;IM
1928;IM;008;008010;B020;Borgomaro;;AQES;08/12/1928;008844;Ville San Sebastiano;M040;008;IM
1928;IM;008;008010;B020;Borgomaro;;AQES;08/12/1928;008832;San Lazzaro Reale;H946;008;IM
1928;IM;008;008010;B020;Borgomaro;;AQES;08/12/1928;008813;Conio;C961;008;IM
1928;IM;008;008010;B020;Borgomaro;;AQES;08/12/1928;008843;Ville San Pietro;M039;008;IM
1928;VA;012;012092;E734;Luino;;AQES;08/12/1928;012020;Brezzo di Bedero;B166;012;VA
1928;TO;001;001191;G674;Pinerolo;;AQES;06/12/1928;001801;Abbadia Alpina;A003;001;TO
1928;AL;006;006165;I901;Spigno Monferrato;;AQES;06/12/1928;006093;Merana;F131;006;AL
1928;BZ;021;021056;F849;Naturno/Naturns;Naturns;AQES;06/12/1928;021898;Stava/Staben;I940;021;BZ
1928;BZ;021;021056;F849;Naturno/Naturns;Naturns;AQES;06/12/1928;021900;Tablà/Tabland;L021;021;BZ
1928;NA;063;063034;E054;Giugliano in Campania;;CE;06/12/1928;063062;Qualiano;H101;063;NA
1928;NA;063;063062;H101;Qualiano;;AQ;06/12/1928;063034;Giugliano in Campania;E054;063;NA
1928;PE;068;068028;G482;Pescara;;AQ;05/12/1928;069081;San Giovanni Teatino;D690;069;CH
1928;CH;069;069081;D690;San Giovanni Teatino;;CE;05/12/1928;068028;Pescara;G482;068;PE
1928;AL;006;006015;A793;Bergamasco;;AQES;01/12/1928;006031;Carentino;B765;006;AL
1928;AL;006;006113;F814;Murisengo;;AQES;01/12/1928;006807;Corteranzo;D069;006;AL
1928;AL;006;006893;F323;Monale;;AQES;01/12/1928;006871;Cortandone;D050;006;AL
1928;BS;017;017168;H650;Sabbio Chiese;;AQES;01/12/1928;017012;Barghe;A661;017;BS
1928;PL;702;702730;G709;Pisino;;AQES;01/12/1928;702801;Draguccio;D362;702;PL
1928;AL;006;006868;C807;Cocconato;;AQES;30/11/1928;006905;Moransengo;F709;006;AL
1928;AL;006;006868;C807;Cocconato;;AQES;30/11/1928;006937;Tonengo;L204;006;AL
1928;AL;006;006929;I495;Scandeluzza;;AQES;30/11/1928;006869;Colcavagno;C831;006;AL
1928;AL;006;006929;I495;Scandeluzza;;AQES;30/11/1928;005811;Rinco;H296;006;AL
1928;SO;014;014026;D266;Delebio;;CE;30/11/1928;014027;Dubino;D377;014;SO
1928;SO;014;014027;D377;Dubino;;AQ;30/11/1928;014026;Delebio;D266;014;SO
1928;SS;090;090012;A977;Bono;;AQES;30/11/1928;090016;Bottidda;B094;090;SS
1928;SS;090;090020;B276;Burgos;;AQES;30/11/1928;090028;Esporlatu;D441;090;SS
1928;SS;090;090022;B772;Cargeghe;;AQES;30/11/1928;090043;Muros;F818;090;SS
1928;SS;090;090078;L989;Villanova Monteleone;;AQES;30/11/1928;090060;Putifigari;H095;090;SS
1928;PV;018;018027;B587;Candia Lomellina;;AQES;29/11/1928;018870;Terrasa;L130;018;PV
1928;NO;003;003006;A414;Armeno;;AQES;27/11/1928;003889;Sovazza;I870;003;NO
1928;NO;003;003006;A414;Armeno;;AQES;27/11/1928;003840;Coiromonte;C828;003;NO
1928;CO;013;013204;H760;San Bartolomeo Val Cavargna;;AQES;27/11/1928;013207;San Nazzaro Val Cavargna;I051;013;CO
1928;BS;017;017023;B091;Botticino;;CE;27/11/1928;017029;Brescia;B157;017;BS
1928;BS;017;017029;B157;Brescia;;AQ;27/11/1928;017023;Botticino;B091;017;BS
1928;BS;017;017029;B157;Brescia;;AQES;27/11/1928;017895;Sant'Eufemia della Fonte;I186;017;BS
1928;TN;022;022155;H517;Romeno;;AQES;27/11/1928;022860;Malgolo;E857;022;TN
1928;TN;022;022169;I411;Sanzeno;;AQES;27/11/1928;022071;Dambel;D246;022;TN
1928;TN;022;022169;I411;Sanzeno;;AQES;27/11/1928;022044;Casez;B964;022;TN
1928;TN;022;022169;I411;Sanzeno;;AQES;27/11/1928;022008;Banco;A608;022;TN
1928;UD;030;030025;B545;Campolongo al Torre;;AQES;27/11/1928;030159;Tapogliano;L044;030;UD
1928;PE;068;068024;F646;Montesilvano;;AQES;27/11/1928;068802;Montesilvano Marina;F647;068;PE
1928;CA;092;092117;I582;Selegas;;AQES;27/11/1928;092081;Ortacesus;G133;092;CA
1928;CA;092;092117;I582;Selegas;;AQES;27/11/1928;092052;Guamaggiore;E234;092;CA
1928;CO;013;013017;A686;Barzanò;;AQES;21/11/1928;013081;Cremella;D143;013;CO
1928;CO;013;013017;A686;Barzanò;;AQES;21/11/1928;013214;Sirtori;I761;013;CO
1928;CO;013;013017;A686;Barzanò;;AQES;21/11/1928;013244;Viganò;L866;013;CO
1928;TO;001;001044;B297;Bussoleno;;AQES;10/11/1928;001827;Foresto di Susa;D699;001;TO
1928;NO;003;003057;D177;Crodo;;AQES;10/11/1928;003901;Viceno;L839;003;NO
1928;NO;003;003057;D177;Crodo;;AQES;10/11/1928;003869;Mozzio;F790;003;NO
1928;NO;003;003057;D177;Crodo;;AQES;10/11/1928;003844;Cravegna;D135;003;NO
1928;IM;008;008009;A993;Borghetto di Arroscia;;AQES;10/11/1928;008003;Aquila d'Arroscia;A344;008;IM
1928;IM;008;008009;A993;Borghetto di Arroscia;;AQES;10/11/1928;008048;Ranzo;H180;008;IM
1928;IM;008;008054;H957;San Lorenzo al Mare;;AQES;10/11/1928;008022;Civezza;C755;008;IM
1928;BS;017;017087;E497;Lavenone;;AQES;10/11/1928;017879;Presegno;H044;017;BS
1928;UD;030;030056;D461;Fagagna;;AQES;10/11/1928;030147;San Vito di Fagagna;I405;030;UD
1928;PU;041;041054;H958;San Lorenzo in Campo;;AQES;10/11/1928;041016;Fratte Rosa;D791;041;PU
1928;CH;069;069023;C768;Civitaluparella;;AQES;10/11/1928;069104;Fallo;D480;069;CH
1928;ME;083;083097;L042;Taormina;;AQES;10/11/1928;083015;Castelmola;C210;083;ME
1928;PI;050;050004;B392;Calcinaia;;CE;07/11/1928;050029;Pontedera;G843;050;PI
1928;PI;050;050029;G843;Pontedera;;AQ;07/11/1928;050004;Calcinaia;B392;050;PI
1928;CH;069;069102;M022;Villa Santa Maria;;AQES;03/11/1928;069009;Buonanotte;B268;069;CH
1928;CH;069;069102;M022;Villa Santa Maria;;AQES;03/11/1928;069053;Montelapiano;F535;069;CH
1928;CA;092;092142;L122;Terralba;;AQES;03/11/1928;092101;San Nicolò d'Arcidano;A368;092;CA
1928;CA;092;092142;L122;Terralba;;AQES;03/11/1928;092060;Marrubiu;E972;092;CA
1928;IM;008;008041;G607;Pietrabruna;;AQES;01/11/1928;008805;Boscomare;B074;008;IM
1928;BG;016;016218;L388;Trescore Balneario;;AQES;01/11/1928;016244;Zandobbio;M144;016;BG
1928;AL;006;006018;A998;Borghetto di Borbera;;AQES;30/10/1928;006821;Sorli;I859;006;AL
1928;AL;006;006097;F313;Mombello Monferrato;;AQES;30/10/1928;006164;Solonghello;I808;006;AL
1928;CO;013;013046;B778;Carimate;;AQES;30/10/1928;013163;Novedrate;F958;013;CO
1928;CO;013;013164;G009;Oggiono;;AQES;30/10/1928;013883;Imberido;E286;013;CO
1928;TN;022;022074;D273;Denno;;AQES;30/10/1928;022037;Campodenno;B525;022;TN
1928;TN;022;022074;D273;Denno;;AQES;30/10/1928;022837;Dercolo;D274;022;TN
1928;TN;022;022074;D273;Denno;;AQES;30/10/1928;022855;Lover;E703;022;TN
1928;TN;022;022074;D273;Denno;;AQES;30/10/1928;022897;Quetta;H125;022;TN
1928;TN;022;022074;D273;Denno;;AQES;30/10/1928;022927;Termon;L114;022;TN
1928;TN;022;022106;E624;Livo;;AQES;30/10/1928;022026;Bresimo;B158;022;TN
1928;TN;022;022106;E624;Livo;;AQES;30/10/1928;022892;Preghena;H024;022;TN
1928;TN;022;022106;E624;Livo;;AQES;30/10/1928;022060;Cis;C727;022;TN
1928;TN;022;022180;I924;Spormaggiore;;AQES;30/10/1928;022052;Cavedago;C392;022;TN
1928;TN;022;022180;I924;Spormaggiore;;AQES;30/10/1928;022181;Sporminore;I925;022;TN
1928;RM;058;058012;A749;Bellegra;;AQES;30/10/1928;058089;Rocca Santo Stefano;H441;058;RM
1928;RM;058;058929;G698;Priverno;;AQES;30/10/1928;058940;Roccasecca dei Volsci;H444;058;RM
1928;RM;058;058929;G698;Priverno;;AQES;30/10/1928;058888;Maenza;E798;058;RM
1928;SA;065;065044;C940;Conca dei Marini;;AQES;30/10/1928;065053;Furore;D826;065;SA
1928;RM;058;058836;C104;Castelforte;;AQES;28/10/1928;058948;Santi Cosma e Damiano;I339;058;RM
1928;AL;006;006899;F390;Montafia;;AQES;17/10/1928;006845;Capriglio;B707;006;AL
1928;VA;012;012004;A371;Arcisate;;AQES;17/10/1928;012820;Brenno Useria;B146;012;VA
1928;TN;022;022086;D631;Flavon;;AQES;17/10/1928;022194;Terres;L137;022;TN
1928;TN;022;022086;D631;Flavon;;AQES;17/10/1928;022069;Cunevo;D206;022;TN
1928;NO;003;003074;E003;Ghiffa;;AQES;16/10/1928;003829;Cargiago;B773;003;NO
1928;NO;003;003124;H033;Premia;;AQES;16/10/1928;003880;Salecchio;H698;003;NO
1928;NO;003;003124;H033;Premia;;AQES;16/10/1928;003801;Agaro;A066;003;NO
1928;AO;007;007045;F987;Nus;;AQES;16/10/1928;007027;Fenis;D537;007;AO
1928;AO;007;007045;F987;Nus;;CE;16/10/1928;007054;Quart;H110;007;AO
1928;AO;007;007054;H110;Quart;;AQ;16/10/1928;007045;Nus;F987;007;AO
1928;AO;007;007054;H110;Quart;;AQES;16/10/1928;007011;Brissogne;B192;007;AO
1928;AO;007;007054;H110;Quart;;AQES;16/10/1928;007060;Saint Marcel;H671;007;AO
1928;PV;018;018057;D081;Corvino San Quirico;;AQES;16/10/1928;018161;Torricella Verzate;L292;018;PV
1928;PV;018;018057;D081;Corvino San Quirico;;AQES;16/10/1928;018105;Oliva Gessi;G032;018;PV
1928;GR;053;053014;E875;Manciano;;AQ;16/10/1928;053026;Sorano;I841;053;GR
1928;GR;053;053026;I841;Sorano;;CE;16/10/1928;053014;Manciano;E875;053;GR
1928;BA;072;072006;A662;Bari delle Puglie;;AQ;16/10/1928;072022;Giovinazzo;E047;072;BA
1928;BA;072;072006;A662;Bari delle Puglie;;AQ;16/10/1928;072027;Modugno;F262;072;BA
1928;BA;072;072006;A662;Bari delle Puglie;;AQ;16/10/1928;072011;Bitonto;A893;072;BA
1928;BA;072;072011;A893;Bitonto;;CE;16/10/1928;072006;Bari delle Puglie;A662;072;BA
1928;BA;072;072022;E047;Giovinazzo;;CE;16/10/1928;072006;Bari delle Puglie;A662;072;BA
1928;BA;072;072027;F262;Modugno;;CE;16/10/1928;072006;Bari delle Puglie;A662;072;BA
1928;AL;006;006129;G619;Pietra Marazzi;;AQES;13/10/1928;006817;Pavone d'Alessandria;G390;006;AL
1928;AL;006;006129;G619;Pietra Marazzi;;AQES;13/10/1928;006105;Montecastello;F455;006;AL
1928;GE;010;010046;H183;Rapallo;;CE;12/10/1928;010054;Santa Margherita Ligure;I225;010;GE
1928;GE;010;010054;I225;Santa Margherita Ligure;;AQ;12/10/1928;010046;Rapallo;H183;010;GE
1928;BS;017;017077;D940;Gavardo;;AQES;09/10/1928;017899;Sopraponte;I836;017;BS
1928;BS;017;017077;D940;Gavardo;;AQES;09/10/1928;017900;Soprazocco;I837;017;BS
1928;MI;015;015072;C537;Cerro Maggiore;;AQ;07/10/1928;015118;Legnano;E514;015;MI
1928;MI;015;015072;C537;Cerro Maggiore;;CE;07/10/1928;015118;Legnano;E514;015;MI
1928;MI;015;015118;E514;Legnano;;AQ;07/10/1928;015072;Cerro Maggiore;C537;015;MI
1928;MI;015;015118;E514;Legnano;;CE;07/10/1928;015072;Cerro Maggiore;C537;015;MI
1928;MI;015;015118;E514;Legnano;;CE;07/10/1928;015201;San Vittore Olona;I409;015;MI
1928;MI;015;015118;E514;Legnano;;AQ;07/10/1928;015201;San Vittore Olona;I409;015;MI
1928;MI;015;015201;I409;San Vittore Olona;;CE;07/10/1928;015118;Legnano;E514;015;MI
1928;MI;015;015201;I409;San Vittore Olona;;AQ;07/10/1928;015118;Legnano;E514;015;MI
1928;TN;022;022118;F263;Moena;;AQES;07/10/1928;022842;Forno;D723;022;TN
1928;SA;065;065021;B476;Camerota;;AQES;07/10/1928;065805;Licusati;E580;065;SA
1928;LE;075;075006;A350;Aradeo;;AQES;07/10/1928;075074;Seclì;I559;075;LE
1928;LE;075;075046;F194;Miggiano;;AQES;07/10/1928;075049;Montesano Salentino;F623;075;LE
1928;ME;083;083002;A194;Alì;;AQES;07/10/1928;083003;Alì Marina;A201;083;ME
1928;AL;006;006067;D447;Fabbrica Curone;;AQES;25/09/1928;006809;Forotondo;D729;006;AL
1928;AL;006;006181;L904;Viguzzolo;;AQES;25/09/1928;006046;Castellar Guidobono;C142;006;AL
1928;AL;006;006876;D119;Costigliole d'Asti;;AQ;25/09/1928;006902;Montegrosso d'Asti;F527;006;AL
1928;AL;006;006902;F527;Montegrosso d'Asti;;CE;25/09/1928;006876;Costigliole d'Asti;D119;006;AL
1928;AO;007;007839;D208;Cuorgnè;;AQES;25/09/1928;007835;Colleretto Castelnuovo;C867;007;AO
1928;AO;007;007839;D208;Cuorgnè;;AQES;25/09/1928;007870;Prascorsano;G988;007;AO
1928;AO;007;007839;D208;Cuorgnè;;AQES;25/09/1928;007817;Borgiallo;B003;007;AO
1928;AO;007;007839;D208;Cuorgnè;;AQES;25/09/1928;007882;San Colombano Belmonte;H804;007;AO
1928;AO;007;007839;D208;Cuorgnè;;AQES;25/09/1928;001859;Salto;H722;007;AO
1928;AO;007;007839;D208;Cuorgnè;;AQES;25/09/1928;001849;Priacco;H058;007;AO
1928;AO;007;007839;D208;Cuorgnè;;AQES;25/09/1928;007832;Chiesanuova;C629;007;AO
1928;AO;007;007839;D208;Cuorgnè;;AQES;25/09/1928;007824;Canischio;B605;007;AO
1928;CO;013;013007;A249;Alzate Brianza;;AQES;25/09/1928;013877;Fabbrica Durini;D448;013;CO
1928;BG;016;016168;F941;Nossa;;AQES;25/09/1928;016175;Premolo;H036;016;BG
1928;BS;017;017136;G361;Passirano;;AQES;25/09/1928;017818;Camignone;B478;017;BS
1928;BS;017;017158;H086;Puegnago;;AQES;25/09/1928;017884;Raffa;H158;017;BS
1928;BS;017;017197;L812;Vestone;;AQES;25/09/1928;017865;Nozza;F971;017;BS
1928;BS;017;017201;L995;Villanuova sul Clisi;;AQES;25/09/1928;017878;Prandaglio;G983;017;BS
1928;PU;041;041009;B816;Carpegna;;AQES;25/09/1928;041017;Frontino;D807;041;PU
1928;RM;058;058944;H836;San Felice Circeo;;AQ;25/09/1928;058965;Terracina;L120;058;RM
1928;RM;058;058965;L120;Terracina;;CE;25/09/1928;058944;San Felice Circeo;H836;058;RM
1928;NA;063;063853;E791;Maddaloni;;CE;25/09/1928;063882;Santa Maria a Vico;I233;063;NA
1928;NA;063;063882;I233;Santa Maria a Vico;;AQES;25/09/1928;063875;San Felice a Cancello;H834;063;NA
1928;NA;063;063882;I233;Santa Maria a Vico;;AQ;25/09/1928;063853;Maddaloni;E791;063;NA
1928;PE;068;068003;A945;Bolognano;;AQES;25/09/1928;068803;Musellaro;F823;068;PE
1928;CH;069;069026;C856;Colledimezzo;;AQES;25/09/1928;069052;Monteferrante;F498;069;CH
1928;CH;069;069026;C856;Colledimezzo;;AQES;25/09/1928;069103;Pietraferrazzana;G613;069;CH
1928;PZ;076;076061;G623;Pietrapertosa;;AQES;25/09/1928;076024;Castelmezzano;C209;076;PZ
1928;ME;083;083094;I492;Scaletta Zanglea;;AQES;25/09/1928;083036;Itala;E374;083;ME
1928;ME;083;083094;I492;Scaletta Zanglea;;AQES;25/09/1928;083803;Guidomandri;E262;083;ME
1928;AL;006;006137;G960;Pozzol Groppo;;AQES;23/09/1928;006811;Groppo;E198;006;AL
1928;AL;006;006167;I941;Stazzano;;AQES;23/09/1928;006825;Vargo;L683;006;AL
1928;CO;013;013222;L071;Tavernerio;;AQES;23/09/1928;013942;Solzago;I814;013;CO
1928;CO;013;013222;L071;Tavernerio;;AQES;23/09/1928;013920;Ponzate;G876;013;CO
1928;PL;702;702708;B601;Canfanaro;;AQ;16/09/1928;702733;Rovigno d'Istria;H619;702;PL
1928;PL;702;702733;H619;Rovigno d'Istria;;CE;16/09/1928;702708;Canfanaro;B601;702;PL
1928;NO;003;003147;L333;Trarego;;AQES;09/09/1928;003902;Viggiona;L875;003;NO
1928;GE;010;010060;I852;Sori;;AQES;09/09/1928;010806;Canepa;B596;010;GE
1928;TN;022;022002;A158;Albiano;;AQES;09/09/1928;022108;Lona-Lases;E664;022;TN
1928;TN;022;022009;A694;Baselga di Pinè;;AQES;09/09/1928;022873;Miola;F227;022;TN
1928;TN;022;022062;C794;Cles;;AQES;09/09/1928;022869;Mechel;F077;022;TN
1928;TN;022;022131;G173;Ossana;;AQES;09/09/1928;022820;Castello;C182;022;TN
1928;TN;022;022131;G173;Ossana;;AQES;09/09/1928;022926;Termenago;L110;022;TN
1928;TN;022;022131;G173;Ossana;;AQES;09/09/1928;022137;Pellizzano;G428;022;TN
1928;TN;022;022172;I576;Segonzano;;AQES;09/09/1928;022918;Sevignano;I710;022;TN
1928;TN;022;022219;L896;Vigolo Vattaro;;AQES;09/09/1928;022212;Vattaro;L697;022;TN
1928;TN;022;022219;L896;Vigolo Vattaro;;AQES;09/09/1928;022023;Bosentino;B078;022;TN
1928;GO;031;031002;D014;Cormons;;AQES;09/09/1928;031011;Medea;F081;031;GO
1928;GO;031;031002;D014;Cormons;;AQES;09/09/1928;031801;Brazzano;B125;031;GO
1928;GO;031;031010;E952;Mariano del Friuli;;AQES;09/09/1928;031802;Corona;D031;031;GO
1928;BZ;021;021011;B160;Bressanone/Brixen;Brixen;AQ;08/09/1928;021860;Naz/Natz;F855;021;BZ
1928;BZ;021;021011;B160;Bressanone/Brixen;Brixen;AQES;08/09/1928;021848;Millan-Sarnes/Milland-Sarns;F211;021;BZ
1928;BZ;021;021011;B160;Bressanone/Brixen;Brixen;AQES;08/09/1928;021857;Monteponente/Pfeffersberg;F588;021;BZ
1928;BZ;021;021011;B160;Bressanone/Brixen;Brixen;AQES;08/09/1928;021802;Albes/Albeins;A151;021;BZ
1928;BZ;021;021860;F855;Naz/Natz;Natz;CE;08/09/1928;021011;Bressanone/Brixen;B160;021;BZ
1928;NA;063;063018;B922;Casamarciano;;AQES;08/09/1928;063085;Tufino;L460;063;NA
1928;NA;063;063065;H433;Roccarainola;;AQES;08/09/1928;063085;Tufino;L460;063;NA
1928;VC;002;002016;B041;Borgosesia;;AQES;06/09/1928;002107;Quarona;H108;002;VC
1928;VC;002;002016;B041;Borgosesia;;AQES;06/09/1928;002803;Aranco;A353;002;VC
1928;VC;002;002016;B041;Borgosesia;;AQES;06/09/1928;002814;Doccio;D313;002;VC
1928;VC;002;002016;B041;Borgosesia;;AQES;06/09/1928;002818;Isolella;E361;002;VC
1928;VC;002;002016;B041;Borgosesia;;AQES;06/09/1928;002801;Agnona;A079;002;VC
1928;VC;002;002016;B041;Borgosesia;;AQES;06/09/1928;002817;Foresto Sesia;D698;002;VC
1928;NO;003;003029;B380;Calasca-Castiglione;;AQES;06/09/1928;003832;Castiglione d'Ossola;C305;003;NO
1928;IM;008;008042;G632;Pieve di Teco;;AQES;06/09/1928;008822;Moano;F253;008;IM
1928;IM;008;008042;G632;Pieve di Teco;;AQES;06/09/1928;008004;Armo;A418;008;IM
1928;VA;012;012024;B228;Brusimpiano;;AQES;06/09/1928;012805;Ardena;A381;012;VA
1928;BG;016;016060;B978;Casnigo;;AQES;06/09/1928;016067;Cazzano Sant'Andrea;C410;016;BG
1928;PV;018;018088;F080;Mede;;AQES;06/09/1928;018836;Goido;E077;018;PV
1928;TN;022;022001;A116;Ala;;AQES;06/09/1928;022886;Pilcante;G667;022;TN
1928;TN;022;022001;A116;Ala;;AQES;06/09/1928;022916;Serravalle all'Adige;I665;022;TN
1928;TN;022;022001;A116;Ala;;AQES;06/09/1928;022823;Chizzola;C666;022;TN
1928;TN;022;022001;A116;Ala;;AQES;06/09/1928;022908;Santa Margherita;I229;022;TN
1928;TN;022;022055;C452;Cembra;;AQES;06/09/1928;022105;Lisignago;E614;022;TN
1928;TN;022;022055;C452;Cembra;;AQES;06/09/1928;022082;Faver;D516;022;TN
1928;TN;022;022075;D302;Dimaro;;AQES;06/09/1928;022121;Monclassico;F341;022;TN
1928;TN;022;022075;D302;Dimaro;;AQES;06/09/1928;022894;Presson;H049;022;TN
1928;TN;022;022075;D302;Dimaro;;AQES;06/09/1928;022817;Carciato;B750;022;TN
1928;TN;022;022075;D302;Dimaro;;AQES;06/09/1928;022808;Bolentina;A935;022;TN
1928;TN;022;022075;D302;Dimaro;;AQES;06/09/1928;022875;Montes;F615;022;TN
1928;TN;022;022096;E222;Grumes;;AQES;06/09/1928;022208;Valda;L550;022;TN
1928;TN;022;022096;E222;Grumes;;AQES;06/09/1928;022094;Grauno;E150;022;TN
1928;TN;022;022110;E850;Malé;;AQES;06/09/1928;022068;Croviana;D188;022;TN
1928;TN;022;022110;E850;Malé;;AQES;06/09/1928;022804;Arnago;A420;022;TN
1928;TN;022;022110;E850;Malé;;AQES;06/09/1928;022195;Terzolas;L145;022;TN
1928;TN;022;022110;E850;Malé;;AQES;06/09/1928;022859;Magras;E826;022;TN
1928;TN;022;022152;H254;Revò;;AQES;06/09/1928;022030;Cagnò;B360;022;TN
1928;TN;022;022152;H254;Revò;;AQES;06/09/1928;022154;Romallo;H506;022;TN
1928;TN;022;022163;H639;Rumo;;AQES;06/09/1928;022472;Proves/Proveis;H081;022;TN
1928;TN;022;022163;H639;Rumo;;AQES;06/09/1928;022417;Lauregno/Laurein;E481;022;TN
1928;TN;022;022187;L060;Tassullo;;AQES;06/09/1928;022125;Nanno;F837;022;TN
1928;VI;024;024111;L551;Valdagno;;AQES;24/08/1928;024805;Novale;F946;024;VI
1928;GO;031;031710;C921;Comeno;;AQES;24/08/1928;031833;Gabrovizza;D838;031;GO
1928;GO;031;031710;C921;Comeno;;AQES;24/08/1928;031828;Dol Grande;D322;031;GO
1928;GO;031;031710;C921;Comeno;;AQES;24/08/1928;031818;Boriano;B047;031;GO
1928;GO;031;031710;C921;Comeno;;AQES;24/08/1928;031854;Pliscovizza della Madonna;G739;031;GO
1928;GO;031;031710;C921;Comeno;;AQES;24/08/1928;031863;Scherbina;I524;031;GO
1928;GO;031;031710;C921;Comeno;;AQES;24/08/1928;031836;Goriano;E095;031;GO
1928;GO;031;031713;E278;Idria;;AQES;24/08/1928;031823;Ceconico;C416;031;GO
1928;GO;031;031713;E278;Idria;;AQES;24/08/1928;031827;Dole;D320;031;GO
1928;GO;031;031713;E278;Idria;;AQES;24/08/1928;031839;Idria di Sotto;E279;031;GO
1928;GO;031;031713;E278;Idria;;AQES;24/08/1928;031840;Ledine;E508;031;GO
1928;GO;031;031713;E278;Idria;;AQES;24/08/1928;031880;Voschia;M135;031;GO
1928;GO;031;031717;G077;Opacchiasella;;AQES;24/08/1928;031819;Brestovizza in Valle;B163;031;GO
1928;GO;031;031717;G077;Opacchiasella;;AQES;24/08/1928;031867;Sella delle Trincee;I584;031;GO
1928;LE;075;075003;A185;Alezio;;CE;24/08/1928;075089;Tuglie;L462;075;LE
1928;LE;075;075003;A185;Alezio;;CE;24/08/1928;075070;Sannicola;I059;075;LE
1928;LE;075;075053;F881;Neviano;;CE;24/08/1928;075089;Tuglie;L462;075;LE
1928;LE;075;075059;G325;Parabita;;CE;24/08/1928;075089;Tuglie;L462;075;LE
1928;LE;075;075070;I059;Sannicola;;CE;24/08/1928;075089;Tuglie;L462;075;LE
1928;LE;075;075070;I059;Sannicola;;AQ;24/08/1928;075003;Alezio;A185;075;LE
1928;LE;075;075089;L462;Tuglie;;AQ;24/08/1928;075070;Sannicola;I059;075;LE
1928;LE;075;075089;L462;Tuglie;;AQ;24/08/1928;075003;Alezio;A185;075;LE
1928;LE;075;075089;L462;Tuglie;;AQ;24/08/1928;075059;Parabita;G325;075;LE
1928;LE;075;075089;L462;Tuglie;;AQ;24/08/1928;075053;Neviano;F881;075;LE
1928;VA;012;012114;G907;Porto Valtravaglia;;AQES;16/08/1928;012869;Muceno;F794;012;VA
1928;VA;012;012114;G907;Porto Valtravaglia;;AQES;16/08/1928;012870;Musadino;F819;012;VA
1928;BS;017;017119;F989;Nuvolento;;AQES;16/08/1928;017132;Paitone;G248;017;BS
1928;GO;031;031711;D922;Gargaro;;AQES;16/08/1928;031862;Santo Spirito della Bainsizza;I355;031;GO
1928;GO;031;031711;D922;Gargaro;;AQES;16/08/1928;031815;Battaglia della Bainsizza;A715;031;GO
1928;PU;041;041039;F137;Mercatino Marecchia;;AQES;16/08/1928;041063;Talamello;L034;041;PU
1928;PU;041;041039;F137;Mercatino Marecchia;;AQ;16/08/1928;041055;Sant'Agata Feltria;I201;041;PU
1928;PU;041;041039;F137;Mercatino Marecchia;;AQES;16/08/1928;041024;Maiolo;E838;041;PU
1928;PU;041;041055;I201;Sant'Agata Feltria;;CE;16/08/1928;041039;Mercatino Marecchia;F137;041;PU
1928;CO;013;013167;G030;Olginate;;AQES;15/08/1928;013833;Capiate;B654;013;CO
1928;CO;013;013167;G030;Olginate;;AQES;15/08/1928;013863;Consonno;C966;013;CO
1928;CO;013;013235;L680;Varenna;;AQES;15/08/1928;013181;Perledo;G456;013;CO
1928;BS;017;017152;G977;Pralboino;;AQES;15/08/1928;017108;Milzano;F216;017;BS
1928;PU;041;041023;E785;Macerata Feltria;;AQES;15/08/1928;041048;Pietrarubbia;G627;041;PU
1928;AL;006;006059;C531;Cerrina Monferrato;;AQES;14/08/1928;006819;Rosingo;H571;006;AL
1928;AL;006;006059;C531;Cerrina Monferrato;;AQES;14/08/1928;006815;Montalero;F412;006;AL
1928;AO;007;007073;C282;Verrès;;AQES;14/08/1928;007004;Arnaz;A424;007;AO
1928;BS;017;017002;A060;Adro;;AQES;14/08/1928;017903;Torbiato;L209;017;BS
1928;BS;017;017156;H078;Provaglio d'Iseo;;AQES;14/08/1928;017882;Provezze;H082;017;BS
1928;GO;031;031730;L092;Temenizza;;AQES;14/08/1928;031878;Voissizza di Comeno;M112;031;GO
1928;NO;003;003075;E028;Gignese;;AQES;12/08/1928;003870;Nocco;F909;003;NO
1928;NO;003;003075;E028;Gignese;;AQES;12/08/1928;003900;Vezzo;L824;003;NO
1928;NO;003;003133;C171;Castelli Cusiani;;AQ;12/08/1928;003861;Isola San Giulio;E359;003;NO
1928;NO;003;003133;C171;Castelli Cusiani;;AQES;12/08/1928;003115;Pella;G421;003;NO
1928;NO;003;003133;C171;Castelli Cusiani;;AQES;12/08/1928;003120;Pogno;G775;003;NO
1928;NO;003;003861;E359;Isola San Giulio;;CE;12/08/1928;003133;Castelli Cusiani;C171;003;NO
1928;AL;006;006946;L945;Villafranca d'Asti;;AQES;12/08/1928;006844;Cantarana;B633;006;AL
1928;TN;022;022136;G419;Peio;;AQES;12/08/1928;022821;Celentino;C427;022;TN
1928;TN;022;022136;G419;Peio;;AQES;12/08/1928;022814;Celledizzo;C445;022;TN
1928;TN;022;022136;G419;Peio;;AQES;12/08/1928;022826;Cogolo;C825;022;TN
1928;TN;022;022136;G419;Peio;;AQES;12/08/1928;022830;Comasine;C916;022;TN
1928;CB;070;070055;E599;Limosano;;AQES;12/08/1928;070119;Sant'Angelo Limosano;I289;070;CB
1928;CZ;079;079001;A043;Acquaro;;AQES;12/08/1928;079041;Dasà;D253;079;CZ
1928;NO;003;003011;A610;Bannio;;AQES;07/08/1928;003807;Anzino;A322;003;NO
1928;AL;006;006032;B769;Carezzano;;AQES;07/08/1928;006045;Castellania;C137;006;AL
1928;AL;006;006912;G692;Piovà;;AQES;07/08/1928;005802;Castelvero d'Asti;C281;006;AL
1928;AL;006;006912;G692;Piovà;;AQES;07/08/1928;006861;Cerreto d'Asti;C528;006;AL
1928;VA;012;012061;D217;Curiglia con Monteviasco;;AQES;07/08/1928;012858;Lozzo;E710;012;VA
1928;VA;012;012061;D217;Curiglia con Monteviasco;;AQES;07/08/1928;012867;Monteviasco;F663;012;VA
1928;TN;022;022051;C380;Cavareno;;AQES;07/08/1928;022914;Seio;I579;022;TN
1928;TN;022;022051;C380;Cavareno;;AQES;07/08/1928;022170;Sarnonico;I439;022;TN
1928;TN;022;022051;C380;Cavareno;;AQES;07/08/1928;022159;Ronzone;H552;022;TN
1928;TN;022;022051;C380;Cavareno;;AQES;07/08/1928;022162;Ruffrè;H634;022;TN
1928;VI;024;024085;H361;Roana;;AQES;07/08/1928;024806;Treschè Conca;L387;024;VI
1928;TE;067;067006;A746;Bellante;;AQ;07/08/1928;067008;Campli;B515;067;TE
1928;TE;067;067008;B515;Campli;;CE;07/08/1928;067006;Bellante;A746;067;TE
1928;CB;070;070052;E335;Isernia;;AQES;07/08/1928;070056;Longano;E669;070;CB
1928;CB;070;070052;E335;Isernia;;AQES;07/08/1928;070059;Macchia d'Isernia;E778;070;CB
1928;CB;070;070052;E335;Isernia;;AQES;07/08/1928;070081;Pesche;G486;070;CB
1928;CB;070;070052;E335;Isernia;;AQES;07/08/1928;070116;Sant'Agapito;I189;070;CB
1928;CB;070;070052;E335;Isernia;;AQES;07/08/1928;070065;Miranda;F239;070;CB
1928;CB;070;070052;E335;Isernia;;AQES;07/08/1928;070086;Pettoranello di Molise;G523;070;CB
1928;AL;006;006010;A523;Avolasca;;AQ;01/08/1928;006079;Garbagna;D910;006;AL
1928;AL;006;006079;D910;Garbagna;;CE;01/08/1928;006010;Avolasca;A523;006;AL
1928;TO;001;001112;D933;Gassino;;AQES;29/07/1928;001806;Bardassano;A644;001;TO
1928;TO;001;001112;D933;Gassino;;AQES;29/07/1928;001068;Castiglione Torinese;C307;001;TO
1928;TO;001;001112;D933;Gassino;;AQES;29/07/1928;001811;Bussolino Gassinese;B298;001;TO
1928;TO;001;001112;D933;Gassino;;AQES;29/07/1928;001252;San Raffaele Cimena;I137;001;TO
1928;NO;003;003111;G117;Ornavasso;;AQES;29/07/1928;003004;Anzola d'Ossola;A325;003;NO
1928;NO;003;003111;G117;Ornavasso;;AQES;29/07/1928;003865;Migiandone;F195;003;NO
1928;NO;003;003117;G600;Piedimulera;;AQES;29/07/1928;003836;Cimamulera;C690;003;NO
1928;NO;003;003117;G600;Piedimulera;;AQES;29/07/1928;003113;Pallanzeno;G280;003;NO
1928;NO;003;003162;L906;Villadossola;;AQES;29/07/1928;003894;Tappia;L045;003;NO
1928;AL;006;006135;G872;Ponzano Monferrato;;AQES;29/07/1928;006820;Salabue;H685;006;AL
1928;VA;012;012045;C181;Castelveccana;;AQES;29/07/1928;012897;Veccana;L701;012;VA
1928;GO;031;031709;C720;Circhina;;AQES;29/07/1928;031865;Sebreghe;I557;031;GO
1928;NO;003;003125;H037;Premosello;;AQES;28/07/1928;003847;Cuzzago;D241;003;NO
1928;SV;009;009047;G281;Pallare;;AQES;28/07/1928;009803;Biestro;A865;009;SV
1928;CO;013;013196;G223;Robbiate;;AQES;28/07/1928;013173;Paderno d'Adda;G218;013;CO
1928;CO;013;013196;G223;Robbiate;;AQES;28/07/1928;013115;Imbersago;E287;013;CO
1928;BS;017;017066;D270;Dello;;AQES;28/07/1928;017883;Quinzanello;H139;017;BS
1928;BS;017;017066;D270;Dello;;AQES;28/07/1928;017834;Corticelle Pieve;D073;017;BS
1928;BS;017;017116;F820;Muscoline;;AQES;28/07/1928;017822;Castrezzone;C333;017;BS
1928;TN;022;022185;I979;Strigno;;AQES;28/07/1928;022221;Villa Agnedo;L910;022;TN
1928;TN;022;022185;I979;Strigno;;AQES;28/07/1928;022178;Spera;I889;022;TN
1928;TN;022;022185;I979;Strigno;;AQES;28/07/1928;022099;Ivano-Fracena;E378;022;TN
1928;TN;022;022185;I979;Strigno;;AQES;28/07/1928;022165;Samone;H754;022;TN
1928;TN;022;022185;I979;Strigno;;AQES;28/07/1928;022171;Scurelle;I554;022;TN
1928;TV;026;026057;G645;Pieve di Soligo;;AQES;28/07/1928;026065;Refrontolo;H220;026;TV
1928;GO;031;031701;A099;Aidussina;;AQES;28/07/1928;031870;Sturia delle Fusine;I989;031;GO
1928;GO;031;031701;A099;Aidussina;;AQES;28/07/1928;031874;Ustie;L520;031;GO
1928;GO;031;031701;A099;Aidussina;;AQES;28/07/1928;031829;Dol-Ottelza;D326;031;GO
1928;GO;031;031701;A099;Aidussina;;AQES;28/07/1928;031853;Planina;G731;031;GO
1928;GO;031;031701;A099;Aidussina;;AQES;28/07/1928;031842;Locavizza di Aidussina;E641;031;GO
1928;CS;078;078123;H981;San Marco Argentano;;AQES;28/07/1928;078038;Cervicati;C554;078;CS
1928;CA;092;092097;H766;San Basilio;;AQES;28/07/1928;092047;Goni;E084;092;CA
1928;NA;063;063823;B477;Camigliano;;AQES;19/07/1928;063860;Pastorano;G364;063;NA
1928;AL;006;006077;D835;Gabiano;;AQES;18/07/1928;006824;Varengo;L679;006;AL
1928;AO;007;007851;F067;Mazzè;;AQES;18/07/1928;007904;Villareggia;M004;007;AO
1928;SV;009;009023;C463;Cengio;;AQES;18/07/1928;009825;Rocchetta Cengio;H464;009;SV
1928;CO;013;013124;E507;Lecco;;AQES;18/07/1928;013898;Maggianico;E802;013;CO
1928;CO;013;013161;F877;Nesso;;AQES;18/07/1928;013837;Careno;B764;013;CO
1928;CO;013;013185;G737;Plesio;;AQES;18/07/1928;013821;Breglia;B133;013;CO
1928;CH;069;069095;L291;Torricella Peligna;;AQES;18/07/1928;069801;Fallascoso;D479;069;CH
1928;CS;078;078051;D464;Fagnano Castello;;AQES;18/07/1928;078129;Santa Caterina Albanese;I171;078;CS
1928;CS;078;078051;D464;Fagnano Castello;;AQES;18/07/1928;078073;Malvito;E872;078;CS
1928;NO;003;003089;E853;Malesco;;AQES;30/06/1928;003904;Zornasco;M192;003;NO
1928;NO;003;003089;E853;Malesco;;AQES;30/06/1928;003851;Finero;D603;003;NO
1928;NO;003;003128;H203;Re;;AQES;30/06/1928;003852;Folsogno;D657;003;NO
1928;NO;003;003128;H203;Re;;AQES;30/06/1928;003163;Villette;M042;003;NO
1928;NO;003;003128;H203;Re;;AQES;30/06/1928;003871;Olgia;G024;003;NO
1928;NO;003;003128;H203;Re;;AQES;30/06/1928;003849;Dissimo;D306;003;NO
1928;AO;007;007009;A643;Bard;;AQES;30/06/1928;007034;Hône;E273;007;AO
1928;TN;022;022088;D663;Fondo;;AQES;30/06/1928;022488;San Felice/St. Felix;H837;022;TN
1928;TN;022;022088;D663;Fondo;;AQES;30/06/1928;022637;Senale/Unsere Liebe Frau im Walde;ND;022;TN
1928;TN;022;022088;D663;Fondo;;AQES;30/06/1928;022933;Vasio;L694;022;TN
1928;TN;022;022088;D663;Fondo;;AQES;30/06/1928;022111;Malosco;E866;022;TN
1928;PU;041;041058;I344;Sant'Ippolito;;AQ;30/06/1928;041062;Serrungarina;I670;041;PU
1928;PU;041;041058;I344;Sant'Ippolito;;AQES;30/06/1928;041821;Sorbolongo;I846;041;PU
1928;PU;041;041062;I670;Serrungarina;;CE;30/06/1928;041058;Sant'Ippolito;I344;041;PU
1928;PI;050;050001;A864;Bientina;;AQ;30/06/1928;050038;Vicopisano;L850;050;PI
1928;PI;050;050038;L850;Vicopisano;;CE;30/06/1928;050001;Bientina;A864;050;PI
1928;CB;070;070121;I320;Sant'Elia a Pianisi;;AQES;30/06/1928;070061;Macchia Valfortore;E780;070;CB
1928;CA;092;092095;H739;Samatzai;;AQES;30/06/1928;092088;Pimentel;G669;092;CA
1928;CA;092;092135;I752;Sinnai;;AQES;30/06/1928;092125;Settimo San Pietro;I699;092;CA
1928;CA;092;092135;I752;Sinnai;;AQES;30/06/1928;092059;Maracalagonis;E903;092;CA
1928;NO;003;003063;D374;Druogno;;AQES;28/06/1928;003839;Coimo;C827;003;NO
1928;NO;003;003063;D374;Druogno;;AQES;28/06/1928;003804;Albogno;A169;003;NO
1928;CN;004;004008;A555;Bagnasco;;AQES;28/06/1928;004015;Battifollo;A716;004;CN
1928;CN;004;004073;D062;Cortemilia;;AQES;28/06/1928;004226;Torre Bormida;L252;004;CN
1928;CN;004;004073;D062;Cortemilia;;AQES;28/06/1928;004021;Bergolo;A798;004;CN
1928;CN;004;004131;F355;Monesiglio;;AQES;28/06/1928;004178;Prunetto;H085;004;CN
1928;CN;004;004131;F355;Monesiglio;;AQES;28/06/1928;004124;Mombarcaro;F309;004;CN
1928;AL;006;006018;A998;Borghetto di Borbera;;AQES;28/06/1928;006814;Molo di Borbera;F300;006;AL
1928;AL;006;006018;A998;Borghetto di Borbera;;AQES;28/06/1928;006805;Castel de' Ratti;C087;006;AL
1928;AL;006;006018;A998;Borghetto di Borbera;;AQES;28/06/1928;006823;Torre de' Ratti;L264;006;AL
1928;CR;019;019003;A299;Annicco;;AQES;28/06/1928;019806;Barzaniga;A685;019;CR
1928;TN;022;022223;M006;Villa Rendena;;AQES;28/06/1928;022934;Verdesina;L757;022;TN
1928;TN;022;022223;M006;Villa Rendena;;AQES;28/06/1928;022846;Iavrè;E276;022;TN
1928;PR;034;034006;B042;Borgo Val di Taro;;AQES;28/06/1928;034001;Albareto di Borgotaro;A138;034;PR
1928;CN;004;004029;B111;Bra;;AQES;27/06/1928;004208;Sanfrè;H851;004;CN
1928;CN;004;004029;B111;Bra;;AQES;27/06/1928;004170;Pocapaglia;G742;004;CN
1928;AL;006;006133;G858;Pontestura;;AQES;27/06/1928;006818;Quarti;H111;006;AL
1928;AL;006;006133;G858;Pontestura;;AQES;27/06/1928;006060;Coniolo;C962;006;AL
1928;MI;015;015116;E415;Lainate;;CE;27/06/1928;015182;Rho;H264;015;MI
1928;MI;015;015170;C013;Pero;;AQES;27/06/1928;015851;Cerchiate;C491;015;MI
1928;MI;015;015182;H264;Rho;;AQES;27/06/1928;015894;Mazzo Milanese;F069;015;MI
1928;MI;015;015182;H264;Rho;;AQES;27/06/1928;015959;Terrazzano;L135;015;MI
1928;MI;015;015182;H264;Rho;;AQ;27/06/1928;015116;Lainate;E415;015;MI
1928;MI;015;015182;H264;Rho;;AQES;27/06/1928;015891;Lucernate;E717;015;MI
1928;CR;019;019026;B129;Castelverde;;AQES;27/06/1928;019902;San Martino in Beliseto;I009;019;CR
1928;CR;019;019026;B129;Castelverde;;AQES;27/06/1928;019915;Tredossi;L360;019;CR
1928;TN;022;022220;L903;Vigo Rendena;;AQES;27/06/1928;022073;Darè;D250;022;TN
1928;TN;022;022220;L903;Vigo Rendena;;AQES;27/06/1928;022138;Pelugo;G429;022;TN
1928;FE;038;038004;C469;Cento;;CE;27/06/1928;038801;Pieve di Cento;G643;038;FE
1928;FE;038;038004;C469;Cento;;AQ;27/06/1928;038801;Pieve di Cento;G643;038;FE
1928;FE;038;038021;I209;Sant'Agostino;;CE;27/06/1928;038801;Pieve di Cento;G643;038;FE
1928;FE;038;038021;I209;Sant'Agostino;;AQ;27/06/1928;038801;Pieve di Cento;G643;038;FE
1928;FE;038;038801;G643;Pieve di Cento;;AQ;27/06/1928;038004;Cento;C469;038;FE
1928;FE;038;038801;G643;Pieve di Cento;;CE;27/06/1928;038004;Cento;C469;038;FE
1928;FE;038;038801;G643;Pieve di Cento;;CE;27/06/1928;038021;Sant'Agostino;I209;038;FE
1928;FE;038;038801;G643;Pieve di Cento;;AQ;27/06/1928;038021;Sant'Agostino;I209;038;FE
1928;AN;042;042014;C615;Chiaravalle;;AQES;27/06/1928;042007;Camerata Picena;B470;042;AN
1928;AN;042;042014;C615;Chiaravalle;;AQ;27/06/1928;042030;Monte San Vito;F634;042;AN
1928;AN;042;042030;F634;Monte San Vito;;CE;27/06/1928;042014;Chiaravalle;C615;042;AN
1928;NA;063;063834;B963;Caserta;;AQES;27/06/1928;063878;San Nicola la Strada;I056;063;NA
1928;NA;063;063834;B963;Caserta;;AQES;27/06/1928;063829;Casagiove;B860;063;NA
1928;NA;063;063834;B963;Caserta;;AQES;27/06/1928;061808;San Leucio;H954;063;NA
1928;NA;063;063834;B963;Caserta;;AQES;27/06/1928;063877;San Marco Evangelista;F043;063;NA
1928;CZ;079;079070;E836;Maierato;;CE;27/06/1928;079097;Pizzo;G722;079;CZ
1928;CZ;079;079097;G722;Pizzo;;AQ;27/06/1928;079070;Maierato;E836;079;CZ
1928;AL;006;006833;A588;Baldichieri d'Asti;;AQES;26/06/1928;006853;Castellero;C154;006;AL
1928;AO;007;007885;H997;San Martino Canavese;;AQES;26/06/1928;007901;Vialfrè;L830;007;AO
1928;AO;007;007885;H997;San Martino Canavese;;AQES;26/06/1928;007866;Perosa Canavese;G462;007;AO
1928;CO;013;013145;F120;Menaggio;;AQES;26/06/1928;013870;Croce;D173;013;CO
1928;CA;092;092024;B281;Busachi;;AQES;26/06/1928;092148;Ulà Tirso;L488;092;CA
1928;CA;092;092040;D695;Fordongianus;;AQES;26/06/1928;092160;Villanova Truschedu;L991;092;CA
1928;CA;092;092119;I609;Senis;;AQES;26/06/1928;092076;Nureci;F985;092;CA
1928;CA;092;092119;I609;Senis;;AQES;26/06/1928;092010;Assolo;A477;092;CA
1928;AL;006;006166;I911;Spineto Scrivia;;AQES;19/06/1928;006124;Paderna;G215;006;AL
1928;VA;012;012127;L319;Tradate;;AQES;19/06/1928;012801;Abbiateguazzone;A011;012;VA
1928;BS;017;017123;G061;Ome;;AQES;19/06/1928;017030;Brione;B184;017;BS
1928;BZ;021;021088;I593;Selva dei Molini/Mühlwald;Mühlwald;AQES;19/06/1928;021835;Lappago/Lappach;E449;021;BZ
1928;TV;026;026003;A471;Asolo;;AQES;19/06/1928;026011;Castelcucco;C073;026;TV
1928;TV;026;026003;A471;Asolo;;AQES;19/06/1928;026045;Monfumo;F360;026;TV
1928;TN;022;022155;H517;Romeno;;AQES;16/06/1928;022004;Amblar;A260;022;TN
1928;TN;022;022155;H517;Romeno;;AQES;16/06/1928;022076;Don;D336;022;TN
1928;TN;022;022155;H517;Romeno;;AQ;16/06/1928;022860;Salter-Malgolo;E857;022;TN
1928;TN;022;022860;E857;Malgolo;;CE;16/06/1928;022155;Romeno;H517;022;TN
1928;AO;007;007823;B588;Candia Canavese;;CECS;15/06/1928;007893;Strambino Romano;I971;007;AO
1928;VA;012;012033;B796;Carnago;;AQES;15/06/1928;012882;Rovate;H597;012;VA
1928;VA;012;012033;B796;Carnago;;AQES;15/06/1928;012044;Castelseprio;C273;012;VA
1928;VA;012;012084;E367;Ispra;;AQES;15/06/1928;012810;Barza;A682;012;VA
1928;BG;016;016180;H331;Riva di Solto;;AQES;15/06/1928;016885;Zorzino;M193;016;BG
1928;BZ;021;021054;F766;Moso/Moos;Moos;AQES;15/06/1928;021865;Plata/Platt;G732;021;BZ
1928;BZ;021;021054;F766;Moso/Moos;Moos;AQES;15/06/1928;021820;Corvara in Passiria/Rabenstein;D080;021;BZ
1928;BZ;021;021072;H236;Renon/Ritten;Ritten;AQES;15/06/1928;021918;Vanga/Wangen;L663;021;BZ
1928;BZ;021;021082;H988;San Martino in Badia/St. Martin in Thurn;St. Martin in Thurn;AQES;15/06/1928;021117;La Valle/Wengen;E491;021;BZ
1928;BZ;021;021082;H988;San Martino in Badia/St. Martin in Thurn;St. Martin in Thurn;AQES;15/06/1928;021838;Longiarù/Campill;E676;021;BZ
1928;VR;023;023037;D957;Gazzo Veronese;;AQES;15/06/1928;023808;Correzzo;D039;023;VR
1928;UD;030;030043;C817;Codroipo;;AQES;15/06/1928;030023;Camino di Codroipo;B483;030;UD
1928;UD;030;030043;C817;Codroipo;;AQES;15/06/1928;030816;Rivolto;G356;030;UD
1928;UD;030;030161;L057;Tarvisio;;AQES;15/06/1928;030806;Fusine in Valromana;D831;030;UD
1928;UD;030;030161;L057;Tarvisio;;AQES;15/06/1928;030801;Camporosso in Valcanale;B560;030;UD
1928;CS;078;078021;B424;Calopezzati;;AQES;15/06/1928;078047;Crosia;D184;078;CS
1928;NO;003;003100;F317;Momo;;AQES;14/06/1928;003805;Alzate con Linduno;A250;003;NO
1928;NO;003;003100;F317;Momo;;AQES;14/06/1928;003802;Agnellengo;A078;003;NO
1928;CN;004;004072;D022;Corneliano d'Alba;;AQES;14/06/1928;004168;Piobesi d'Alba;G683;004;CN
1928;CN;004;004213;I367;Santo Stefano Belbo;;AQES;14/06/1928;004036;Camo;B489;004;CN
1928;AL;006;006899;F390;Montafia;;AQES;14/06/1928;005801;Bagnasco d'Asti;A556;006;AL
1928;AO;007;007015;C595;Chambave;;AQES;14/06/1928;007072;Verrayes;L783;007;AO
1928;AO;007;007015;C595;Chambave;;AQES;14/06/1928;007059;Saint Denis;H670;007;AO
1928;CO;013;013036;B346;Cadorago;;AQES;14/06/1928;013843;Caslino al Piano;B975;013;CO
1928;CO;013;013036;B346;Cadorago;;AQES;14/06/1928;013827;Bulgorello;B263;013;CO
1928;BG;016;016094;D411;Entratico;;AQES;14/06/1928;016130;Luzzana;E770;016;BG
1928;BS;017;017204;M104;Vobarno;;AQES;14/06/1928;017837;Degagna;D262;017;BS
1928;RM;058;058867;D708;Formia;;AQES;14/06/1928;059801;Castellonorato;C193;058;RM
1928;RM;058;058867;D708;Formia;;AQES;14/06/1928;059803;Maranola;E913;058;RM
1928;CB;070;070087;G606;Pietrabbondante;;AQES;14/06/1928;070028;Castel Verrino;C200;070;CB
1928;CA;092;092026;B354;Cagliari;;AQES;14/06/1928;092884;Quartucciu;H119;092;CA
1928;CA;092;092026;B354;Cagliari;;AQES;14/06/1928;092883;Monserrato;F383;092;CA
1928;CA;092;092026;B354;Cagliari;;AQES;14/06/1928;092116;Selargius;I580;092;CA
1928;CA;092;092026;B354;Cagliari;;AQES;14/06/1928;092805;Pirri;G701;092;CA
1928;CA;092;092146;L463;Tuili;;AQES;14/06/1928;092126;Setzu;I705;092;CA
1928;CA;092;092146;L463;Tuili;;AQES;14/06/1928;092042;Genuri;D970;092;CA
1928;CA;092;092146;L463;Tuili;;AQES;14/06/1928;092147;Turri;L473;092;CA
1928;CN;004;004122;F114;Melle;;AQES;10/06/1928;004236;Valmala;L636;004;CN
1928;TO;001;001184;G463;Perosa Argentina;;AQES;31/05/1928;001835;Meano;F075;001;TO
1928;TO;001;001184;G463;Perosa Argentina;;AQES;31/05/1928;001198;Pomaretto;G805;001;TO
1928;TO;001;001190;G672;Pinasca;;AQES;31/05/1928;001122;Inverso Pinasca;E311;001;TO
1928;TO;001;001242;H862;San Germano Chisone;;AQES;31/05/1928;001831;Inverso Porte;E312;001;TO
1928;TO;001;001242;H862;San Germano Chisone;;AQES;31/05/1928;001204;Pramollo;G982;001;TO
1928;TO;001;001254;I154;San Secondo di Pinerolo;;AQES;31/05/1928;001853;Roccapiatta;H430;001;TO
1928;TO;001;001254;I154;San Secondo di Pinerolo;;AQES;31/05/1928;001205;Prarostino;G986;001;TO
1928;AL;006;006072;D777;Frassinello Monferrato;;AQES;31/05/1928;006118;Olivola;G042;006;AL
1928;VA;012;012003;A290;Angera;;AQES;31/05/1928;012828;Capronno;B714;012;VA
1928;VA;012;012003;A290;Angera;;AQES;31/05/1928;012811;Barzola;A688;012;VA
1928;CO;013;013142;E947;Margno;;AQES;31/05/1928;013080;Crandola;D131;013;CO
1928;PU;041;041066;L498;Urbania;;AQES;31/05/1928;041041;Peglio;G416;041;PU
1928;CB;070;070043;D703;Forlì del Sannio;;AQES;31/05/1928;070002;Acquaviva d'Isernia;A051;070;CB
1928;CA;092;092015;A655;Baressa;;AQES;31/05/1928;095804;Figu;D584;092;CA
1928;CA;092;092015;A655;Baressa;;AQES;31/05/1928;095805;Gonnosnò;ND;092;CA
1928;CA;092;092015;A655;Baressa;;AQES;31/05/1928;092134;Sini;I749;092;CA
1928;NO;003;003142;I976;Stresa Borromeo;;AQES;29/05/1928;003863;Magognino;E824;003;NO
1928;CR;019;019035;D142;Crema;;AQES;29/05/1928;019872;Ombriano;G060;019;CR
1928;CR;019;019035;D142;Crema;;AQES;29/05/1928;019890;Ripalta Nuova;H317;019;CR
1928;CR;019;019035;D142;Crema;;AQES;29/05/1928;019908;Santa Maria della Croce;I235;019;CR
1928;CR;019;019035;D142;Crema;;AQES;29/05/1928;019897;San Bernardino;H776;019;CR
1928;BZ;021;021034;D860;Gais/Gais;Gais;AQES;29/05/1928;021876;Riomolino/Mühlbach;H306;021;BZ
1928;BZ;021;021034;D860;Gais/Gais;Gais;AQES;29/05/1928;021851;Montassilone/Tesselberg;F431;021;BZ
1928;BZ;021;021034;D860;Gais/Gais;Gais;AQES;29/05/1928;021921;Villa Ottone/Uttenhein;L941;021;BZ
1928;UD;030;030083;F089;Meduno;;CE;29/05/1928;030171;Travesio;L347;030;UD
1928;UD;030;030171;L347;Travesio;;AQ;29/05/1928;030083;Meduno;F089;030;UD
1928;AN;042;042049;I932;Staffolo;;AQES;29/05/1928;042042;San Paolo di Jesi;I071;042;AN
1928;NA;063;063033;D790;Frattaminore;;CECS;29/05/1928;063817;Atella di Napoli;A483;063;NA
1928;CO;013;013049;B937;Casargo;;AQES;25/05/1928;013885;Indovero;E298;013;CO
1928;TO;001;001097;D202;Cumiana;;AQES;23/05/1928;001866;Tavernette;G033;001;TO
1928;TO;001;001178;G303;Pancalieri;;AQES;23/05/1928;001136;Lombriasco;E661;001;TO
1928;TO;001;001178;G303;Pancalieri;;AQES;23/05/1928;001174;Osasio;G152;001;TO
1928;TO;001;001178;G303;Pancalieri;;AQES;23/05/1928;001310;Virle Piemonte;M069;001;TO
1928;IM;008;008053;H780;San Biagio della Cima;;AQES;23/05/1928;008058;Soldano;I796;008;IM
1928;CO;013;013089;D329;Domaso;;AQES;23/05/1928;013239;Vercana;L748;013;CO
1928;CO;013;013089;D329;Domaso;;AQES;23/05/1928;013130;Livo;E623;013;CO
1928;TN;022;022003;A178;Aldeno;;AQES;23/05/1928;022058;Cimone;C700;022;TN
1928;TN;022;022003;A178;Aldeno;;AQES;23/05/1928;022091;Garniga;D928;022;TN
1928;TN;022;022225;M142;Zambana;;AQES;23/05/1928;022081;Fai;D468;022;TN
1928;TN;022;022225;M142;Zambana;;AQES;23/05/1928;022126;Nave San Rocco;F853;022;TN
1928;VA;012;012026;B300;Busto Arsizio;;AQES;22/05/1928;012818;Borsano;B059;012;VA
1928;VA;012;012026;B300;Busto Arsizio;;AQES;22/05/1928;012884;Sacconago;H656;012;VA
1928;VA;012;012065;D384;Dumenza;;AQES;22/05/1928;012848;Due Cossani;D091;012;VA
1928;VA;012;012065;D384;Dumenza;;AQES;22/05/1928;012883;Runo;H640;012;VA
1928;VA;012;012113;G906;Porto Ceresio;;AQES;22/05/1928;012011;Besano;A819;012;VA
1928;TN;022;022167;I042;San Michele all'Adige;;AQES;22/05/1928;022845;Grumo;E225;022;TN
1928;TN;022;022167;I042;San Michele all'Adige;;AQES;22/05/1928;022080;Faedo;D457;022;TN
1928;TN;022;022192;L107;Terlago;;AQES;22/05/1928;022010;Baselga;A693;022;TN
1928;TN;022;022192;L107;Terlago;;AQES;22/05/1928;022832;Covelo;D125;022;TN
1928;TN;022;022192;L107;Terlago;;AQES;22/05/1928;022218;Vigolo Baselga;L895;022;TN
1928;VR;023;023030;D118;Costermano;;AQES;22/05/1928;023807;Castione Veronese;C326;023;VR
1928;AN;042;042002;A271;Ancona;;AQES;22/05/1928;042801;Montesicuro;F645;042;AN
1928;AN;042;042002;A271;Ancona;;AQES;22/05/1928;042802;Paterno d'Ancona;G369;042;AN
1928;AN;042;042002;A271;Ancona;;AQES;22/05/1928;042018;Falconara Marittima;D472;042;AN
1928;AN;042;042014;C615;Chiaravalle;;AQES;22/05/1928;042018;Falconara Marittima;D472;042;AN
1928;CS;078;078072;E859;Malito;;AQES;22/05/1928;078008;Altilia;A234;078;CS
1928;CS;078;078072;E859;Malito;;AQES;22/05/1928;078014;Belsito;A768;078;CS
1928;CZ;079;079015;B319;Caccuri;;AQES;22/05/1928;079026;Cerenzia;C501;079;CZ
1928;VI;024;024100;I531;Schio;;AQES;19/05/1928;024804;Magrè Vicentino;E828;024;VI
1928;UD;030;030107;G831;Pontebba;;AQES;19/05/1928;030809;Laglesie San Leopoldo;E404;030;UD
1928;VT;056;056019;C446;Celleno;;AQES;19/05/1928;056804;Roccalvecce;H419;056;VT
1928;VT;056;056029;E128;Graffignano;;AQES;19/05/1928;056803;Grotte Santo Stefano;E211;056;VT
1928;VT;056;056029;E128;Graffignano;;AQES;19/05/1928;056804;Roccalvecce;H419;056;VT
1928;VT;056;056059;M082;Viterbo;;AQES;19/05/1928;056801;Bagnaja;A548;056;VT
1928;VT;056;056059;M082;Viterbo;;AQES;19/05/1928;056803;Grotte Santo Stefano;E211;056;VT
1928;VT;056;056059;M082;Viterbo;;AQES;19/05/1928;056805;San Martino al Cimino;H995;056;VT
1928;TE;067;067006;A746;Bellante;;AQ;19/05/1928;067030;Mosciano Sant'Angelo;F764;067;TE
1928;TE;067;067030;F764;Mosciano Sant'Angelo;;CE;19/05/1928;067006;Bellante;A746;067;TE
1928;CB;070;070003;A080;Agnone;;AQES;19/05/1928;070006;Belmonte del Sannio;A761;070;CB
1928;PZ;076;076028;C619;Chiaromonte;;AQES;19/05/1928;076087;Teana;L082;076;PZ
1928;PZ;076;076028;C619;Chiaromonte;;AQES;19/05/1928;076031;Fardella;D497;076;PZ
1928;CS;078;078010;A253;Amantea;;AQES;19/05/1928;078126;San Pietro in Amantea;I108;078;CS
1928;CS;078;078046;D180;Cropalati;;AQES;19/05/1928;078022;Caloveto;B426;078;CS
1928;CS;078;078046;D180;Cropalati;;AQES;19/05/1928;078089;Paludi;G298;078;CS
1928;CS;078;078055;D624;Fiumefreddo Bruzio;;AQES;19/05/1928;078067;Longobardi;E677;078;CS
1928;CS;078;078074;E878;Mandatoriccio;;AQES;19/05/1928;078099;Pietrapaola;G622;078;CS
1928;TO;001;001110;D812;Frossasco;;AQES;13/05/1928;001053;Cantalupa;B628;001;TO
1928;TO;001;001110;D812;Frossasco;;AQES;13/05/1928;001222;Roletto;H498;001;TO
1928;TN;022;022022;B006;Borgo Valsugana;;AQES;13/05/1928;022043;Carzano;B856;022;TN
1928;TN;022;022022;B006;Borgo Valsugana;;AQES;13/05/1928;022189;Telve di Sopra;L090;022;TN
1928;TN;022;022022;B006;Borgo Valsugana;;AQES;13/05/1928;022188;Telve;L089;022;TN
1928;TN;022;022022;B006;Borgo Valsugana;;AQES;13/05/1928;022202;Torcegno;L211;022;TN
1928;TN;022;022022;B006;Borgo Valsugana;;AQES;13/05/1928;022157;Ronchi;H532;022;TN
1928;TN;022;022022;B006;Borgo Valsugana;;AQES;13/05/1928;022049;Castelnuovo;C216;022;TN
1928;TN;022;022050;C372;Cavalese;;AQES;13/05/1928;022070;Daiano;D243;022;TN
1928;TN;022;022050;C372;Cavalese;;AQES;13/05/1928;022041;Carano;B723;022;TN
1928;TN;022;022050;C372;Cavalese;;AQES;13/05/1928;022211;Varena;L678;022;TN
1928;TN;022;022120;F307;Molveno;;AQES;13/05/1928;022005;Andalo;A274;022;TN
1928;UD;030;030162;L065;Tavagnacco;;AQES;13/05/1928;030805;Feletto Umberto;D525;030;UD
1928;UD;030;030162;L065;Tavagnacco;;AQES;13/05/1928;030096;Pagnacco;G238;030;UD
1928;TO;001;001003;A117;Ala di Stura;;AQES;12/05/1928;001842;Mondrone;F353;001;TO
1928;NO;003;003102;F639;Montescheno;;AQES;12/05/1928;003160;Viganella;L864;003;NO
1928;NO;003;003102;F639;Montescheno;;AQES;12/05/1928;003137;Seppiana;I619;003;NO
1928;CN;004;004066;C589;Ceva;;AQES;12/05/1928;004810;Malpotremo;E867;004;CN
1928;CN;004;004066;C589;Ceva;;AQES;12/05/1928;004160;Paroldo;G339;004;CN
1928;CN;004;004066;C589;Ceva;;AQES;12/05/1928;004229;Torresina;L281;004;CN
1928;CN;004;004066;C589;Ceva;;AQES;12/05/1928;004184;Roascio;H363;004;CN
1928;CN;004;004174;H011;Prazzo;;AQES;12/05/1928;004822;Ussolo;L518;004;CN
1928;CN;004;004174;H011;Prazzo;;AQES;12/05/1928;004816;San Michele Prazzo;I038;004;CN
1928;AO;007;007074;L981;Villaneuve;;AQES;12/05/1928;007063;Saint Pierre;H674;007;AO
1928;AO;007;007074;L981;Villaneuve;;AQES;12/05/1928;007008;Aymavilles;A108;007;AO
1928;AO;007;007074;L981;Villaneuve;;AQES;12/05/1928;007061;Saint Nicolas;H672;007;AO
1928;AO;007;007074;L981;Villaneuve;;AQES;12/05/1928;007035;Introd;E306;007;AO
1928;CO;013;013149;F248;Missaglia;;AQES;12/05/1928;013864;Contra;C970;013;CO
1928;CO;013;013149;F248;Missaglia;;AQES;12/05/1928;013894;Lomaniga;E657;013;CO
1928;CO;013;013201;H601;Rovi Porro;;AQES;12/05/1928;013202;Rovello Porro;H602;013;CO
1928;CO;013;013216;I856;Sorico;;AQES;12/05/1928;013826;Bugiallo;B253;013;CO
1928;BS;017;017006;A293;Angolo;;AQES;12/05/1928;017901;Terzano;L141;017;BS
1928;BS;017;017006;A293;Angolo;;AQES;12/05/1928;017803;Anfurro;A289;017;BS
1928;BS;017;017006;A293;Angolo;;AQES;12/05/1928;017858;Mazzunno;F072;017;BS
1928;BS;017;017161;H256;Rezzato;;AQES;12/05/1928;017910;Virle Treponti;M068;017;BS
1928;BZ;021;021093;I729;Silandro/Schlanders;Schlanders;AQES;12/05/1928;021822;Covelano/Göflan;C401;021;BZ
1928;BZ;021;021093;I729;Silandro/Schlanders;Schlanders;AQES;12/05/1928;021821;Corzes/Kortsch;D083;021;BZ
1928;BZ;021;021093;I729;Silandro/Schlanders;Schlanders;AQES;12/05/1928;021852;Monte di Mezzodì/Sonnenberg;F436;021;BZ
1928;BZ;021;021093;I729;Silandro/Schlanders;Schlanders;AQES;12/05/1928;021853;Monte di Tramontana/Nördersberg;F438;021;BZ
1928;BZ;021;021093;I729;Silandro/Schlanders;Schlanders;AQES;12/05/1928;021920;Vezzano/Vezzan;L818;021;BZ
1928;GO;031;031727;I222;Santa Lucia di Tolmino;;AQES;12/05/1928;031852;Paniqua;G310;031;GO
1928;GO;031;031727;I222;Santa Lucia di Tolmino;;AQES;12/05/1928;031847;Monte San Vito;F635;031;GO
1928;GO;031;031731;L196;Tolmino;;AQES;12/05/1928;031879;Volzana;M134;031;GO
1928;AN;042;042012;C248;Castelplanio;;AQES;12/05/1928;042037;Poggio San Marcello;G771;042;AN
1928;RI;057;057003;A315;Antrodoco;;AQES;12/05/1928;057037;Micigliano;F193;057;RI
1928;RI;057;057003;A315;Antrodoco;;AQES;12/05/1928;057008;Borgo Velino;A996;057;RI
1928;CB;070;070007;A930;Bojano;;AQES;12/05/1928;070036;Colle d'Anchise;C854;070;CB
1928;CB;070;070010;B519;Campobasso;;AQES;12/05/1928;070041;Ferrazzano;D550;070;CB
1928;CB;070;070010;B519;Campobasso;;AQES;12/05/1928;070064;Mirabello Sannitico;F233;070;CB
1928;CB;070;070010;B519;Campobasso;;AQES;12/05/1928;070079;Oratino;G086;070;CB
1928;PZ;076;076040;E474;Latronico;;AQES;12/05/1928;076023;Castelluccio Superiore;C201;076;PZ
1928;PZ;076;076040;E474;Latronico;;CECS;12/05/1928;076801;Castelluccio;C196;076;PZ
1928;CS;078;078081;F416;Montalto Uffugo;;AQES;12/05/1928;078112;San Benedetto Ullano;H774;078;CS
1928;CS;078;078081;F416;Montalto Uffugo;;AQES;12/05/1928;078066;Lattarico;E475;078;CS
1928;CS;078;078081;F416;Montalto Uffugo;;AQES;12/05/1928;078135;San Vincenzo La Costa;I388;078;CS
1928;CA;092;092062;F208;Milis;;AQES;12/05/1928;092144;Tramatza;L321;092;CA
1928;CA;092;092062;F208;Milis;;AQES;12/05/1928;092018;Bauladu;A721;092;CA
1928;UD;030;030139;H906;San Giovanni di Manzano;;AQES;05/05/1928;030048;Corno di Rosazzo;D027;030;UD
1928;TO;001;001175;G196;Oulx;;AQES;04/05/1928;001259;Sauze d'Oulx;I466;001;TO
1928;TO;001;001175;G196;Oulx;;AQES;04/05/1928;001863;Savoulx;I481;001;TO
1928;TO;001;001175;G196;Oulx;;AQES;04/05/1928;001807;Beaulard;A727;001;TO
1928;NO;003;003061;D332;Domodossola;;AQES;04/05/1928;003898;Vagna;L534;003;NO
1928;CO;013;013198;H486;Rogeno;;AQES;04/05/1928;013842;Casletto;B973;013;CO
1928;CR;019;019071;G536;Piadena;;AQES;04/05/1928;019926;Vho;L825;019;CR
1928;TV;026;026046;F443;Montebelluna;;AQES;04/05/1928;026006;Caerano di San Marco;B349;026;TV
1928;GO;031;031718;G738;Plezzo;;AQES;04/05/1928;031849;Oltresonzia;G053;031;GO
1928;GO;031;031718;G738;Plezzo;;AQES;04/05/1928;031820;Bretto;B164;031;GO
1928;GO;031;031718;G738;Plezzo;;AQES;04/05/1928;031860;Saga;H660;031;GO
1928;GO;031;031718;G738;Plezzo;;AQES;04/05/1928;031868;Serpenizza;I638;031;GO
1928;CA;092;092167;M030;Villaurbana;;AQES;04/05/1928;095815;Siapiccia;I721;092;CA
1928;CA;092;092167;M030;Villaurbana;;AQES;04/05/1928;095809;Siamanna;ND;092;CA
1928;NO;003;003045;C365;Cavaglio d'Agogna;;AQES;03/05/1928;003044;Cavaglietto;C364;003;NO
1928;NO;003;003095;F093;Meina;;AQES;03/05/1928;003857;Ghevio;E002;003;NO
1928;NO;003;003103;F859;Nebbiuno;;AQES;03/05/1928;003856;Fosseno;D747;003;NO
1928;NO;003;003119;G703;Pisano;;AQES;03/05/1928;003893;Tapigliano;L043;003;NO
1928;NO;003;003119;G703;Pisano;;AQES;03/05/1928;003842;Corciago;C989;003;NO
1928;NO;003;003119;G703;Pisano;;AQES;03/05/1928;003051;Colazza;C829;003;NO
1928;CN;004;004158;G240;Pagno;;AQES;03/05/1928;004048;Castellar;C140;004;CN
1928;CN;004;004158;G240;Pagno;;AQES;03/05/1928;004032;Brondello;B200;004;CN
1928;CN;004;004210;I037;San Michele Mondovì;;AQES;03/05/1928;004127;Monasterolo Cassoto;F329;004;CN
1928;CB;070;070128;L113;Termoli;;AQES;03/05/1928;070107;San Giacomo degli Schiavoni;H867;070;CB
1928;CN;004;004106;E540;Lequio Berria;;AQES;02/05/1928;004004;Albaretto della Torre;A139;004;CN
1928;CN;004;004106;E540;Lequio Berria;;AQES;02/05/1928;004007;Arguello;A396;004;CN
1928;CN;004;004143;F723;Moretta;;AQES;02/05/1928;004228;Torre San Giorgio;L278;004;CN
1928;CN;004;004153;F972;Nucetto;;AQES;02/05/1928;004162;Perlo;G458;004;CN
1928;AO;007;007043;F367;Montjovet;;AQES;02/05/1928;007025;Emarese;D402;007;AO
1928;AO;007;007043;F367;Montjovet;;AQES;02/05/1928;007017;Champdepraz;C596;007;AO
1928;CO;013;013105;D926;Garlate;;AQES;02/05/1928;013182;Pescate;G485;013;CO
1928;VR;023;023038;E171;Grezzana;;AQES;02/05/1928;023026;Cerro Veronese;C538;023;VR
1928;UD;030;030035;C556;Cervignano del Friuli;;AQES;02/05/1928;030812;Muscoli Strassoldo;F821;030;UD
1928;UD;030;030035;C556;Cervignano del Friuli;;AQES;02/05/1928;030818;Scodovacca;I542;030;UD
1928;GO;031;031705;B673;Caporetto;;AQES;02/05/1928;031838;Idresca d'Isonzo;E277;031;GO
1928;GO;031;031705;B673;Caporetto;;AQES;02/05/1928;031830;Dresenza;D368;031;GO
1928;GO;031;031705;B673;Caporetto;;AQES;02/05/1928;031871;Ternova d'Isonzo;L119;031;GO
1928;GO;031;031705;B673;Caporetto;;AQES;02/05/1928;031845;Luico;E732;031;GO
1928;GO;031;031705;B673;Caporetto;;AQES;02/05/1928;031825;Creda;D138;031;GO
1928;GO;031;031705;B673;Caporetto;;AQES;02/05/1928;031841;Libussina;E572;031;GO
1928;AN;042;042032;F978;Numana;;AQES;02/05/1928;042048;Sirolo;I758;042;AN
1928;TO;001;001129;E484;Lauriano;;AQES;01/05/1928;001162;Monteu da Po;F651;001;TO
1928;TO;001;001129;E484;Lauriano;;AQES;01/05/1928;001848;Piazzo;G584;001;TO
1928;TO;001;001145;F041;Massello;;AQES;01/05/1928;001234;Salza di Pinerolo;H734;001;TO
1928;TO;001;001186;G465;Perrero;;AQES;01/05/1928;001819;Chiabrano;C602;001;TO
1928;TO;001;001186;G465;Perrero;;AQES;01/05/1928;001810;Bovile;B103;001;TO
1928;TO;001;001186;G465;Perrero;;AQES;01/05/1928;001823;Faetto;D460;001;TO
1928;TO;001;001186;G465;Perrero;;AQES;01/05/1928;001869;Traverse;L344;001;TO
1928;TO;001;001186;G465;Perrero;;AQES;01/05/1928;001862;San Martino di Perrero;H998;001;TO
1928;TO;001;001186;G465;Perrero;;AQES;01/05/1928;001833;Maniglia;E890;001;TO
1928;TO;001;001186;G465;Perrero;;AQES;01/05/1928;001851;Riclaretto;H278;001;TO
1928;CN;004;004240;L804;Verzuolo;;AQES;01/05/1928;004823;Villanovetta;L993;004;CN
1928;CO;013;013112;E151;Gravedona;;AQES;01/05/1928;013178;Peglio;G415;013;CO
1928;CO;013;013112;E151;Gravedona;;AQES;01/05/1928;013946;Traversa;L343;013;CO
1928;CO;013;013112;E151;Gravedona;;AQES;01/05/1928;013092;Dosso del Liro;D355;013;CO
1928;CO;013;013122;E444;Lanzo d'Intelvi;;AQES;01/05/1928;013939;Scaria;I509;013;CO
1928;UD;030;030038;C656;Chiusaforte;;AQES;01/05/1928;030815;Raccolana;H149;030;UD
1928;TN;022;022158;H545;Roncone;;AQES;29/04/1928;022100;Lardaro;E452;022;TN
1928;UD;030;030160;L050;Tarcento;;AQES;29/04/1928;030819;Segnacco;C842;030;UD
1928;UD;030;030160;L050;Tarcento;;AQES;29/04/1928;030804;Ciseriis;C731;030;UD
1928;GO;031;031732;M066;Vipacco;;AQES;29/04/1928;031869;Slappe Zorzi;I768;031;GO
1928;GO;031;031732;M066;Vipacco;;AQES;29/04/1928;031875;Verpogliano;L782;031;GO
1928;GO;031;031732;M066;Vipacco;;AQES;29/04/1928;031837;Gozza;E119;031;GO
1928;GO;031;031732;M066;Vipacco;;AQES;29/04/1928;031831;Ersel in Monte;D427;031;GO
1928;GO;031;031732;M066;Vipacco;;AQES;29/04/1928;031821;Budagne;B245;031;GO
1928;GO;031;031732;M066;Vipacco;;AQES;29/04/1928;031844;Lose;E696;031;GO
1928;NA;063;063008;B076;Boscoreale;;CECS;28/04/1928;063058;Pompei;G813;063;NA
1928;NA;063;063035;E131;Gragnano;;CECS;28/04/1928;063058;Pompei;G813;063;NA
1928;NA;063;063074;I300;Sant'Antonio Abate;;CE;28/04/1928;065137;Scafati;I483;065;SA
1928;NA;063;063083;L245;Torre Annunziata;;AQES;28/04/1928;063008;Boscoreale;B076;063;NA
1928;NA;063;063083;L245;Torre Annunziata;;AQES;28/04/1928;063009;Boscotrecase;B077;063;NA
1928;NA;063;063083;L245;Torre Annunziata;;CECS;28/04/1928;063058;Pompei;G813;063;NA
1928;SA;065;065007;A294;Angri;;CE;28/04/1928;065137;Scafati;I483;065;SA
1928;SA;065;065137;I483;Scafati;;CECS;28/04/1928;063058;Pompei;G813;063;NA
1928;SA;065;065137;I483;Scafati;;AQ;28/04/1928;065007;Angri;A294;065;SA
1928;SA;065;065137;I483;Scafati;;AQ;28/04/1928;063074;Sant'Antonio Abate;I300;063;NA
1928;NO;003;003024;B019;Borgomanero;;AQES;19/04/1928;003899;Vergano Novarese;L761;003;NO
1928;TN;022;022215;L821;Vezzano;;AQES;19/04/1928;022898;Ranzo;H181;022;TN
1928;TN;022;022215;L821;Vezzano;;AQES;19/04/1928;022854;Lon;E663;022;TN
1928;TN;022;022215;L821;Vezzano;;AQES;19/04/1928;022843;Fraveggio;D792;022;TN
1928;TN;022;022215;L821;Vezzano;;AQES;19/04/1928;022864;Margone;E948;022;TN
1928;TN;022;022215;L821;Vezzano;;AQES;19/04/1928;022132;Padergnone;G214;022;TN
1928;TN;022;022215;L821;Vezzano;;AQES;19/04/1928;022824;Ciago;C667;022;TN
1928;NA;063;063854;E932;Marcianise;;AQES;19/04/1928;063825;Capodrise;B667;063;NA
1928;TO;001;001038;B216;Bruino;;AQES;17/04/1928;001241;Sangano;H855;001;TO
1928;AO;007;007005;A452;Arvier;;AQES;17/04/1928;007006;Avise;A521;007;AO
1928;IM;008;008019;C657;Chiusanico;;AQES;17/04/1928;008817;Gazzelli;D954;008;IM
1928;IM;008;008019;C657;Chiusanico;;AQES;17/04/1928;008837;Torria;L288;008;IM
1928;IM;008;008047;H027;Prelà;;CE;17/04/1928;008064;Vasia;L693;008;IM
1928;IM;008;008047;H027;Prelà;;AQES;17/04/1928;008839;Valloria Marittima;L632;008;IM
1928;IM;008;008047;H027;Prelà;;AQES;17/04/1928;008835;Tavole;L077;008;IM
1928;IM;008;008047;H027;Prelà;;AQES;17/04/1928;008841;Villatalla;M029;008;IM
1928;IM;008;008064;L693;Vasia;;AQ;17/04/1928;008047;Prelà;H027;008;IM
1928;IM;008;008064;L693;Vasia;;AQES;17/04/1928;008827;Pantasina;G314;008;IM
1928;IM;008;008064;L693;Vasia;;AQES;17/04/1928;008828;Pianavia;G544;008;IM
1928;BG;016;016188;H910;San Giovanni Bianco;;AQES;17/04/1928;016861;San Gallo;H854;016;BG
1928;BG;016;016188;H910;San Giovanni Bianco;;AQES;17/04/1928;016864;San Pietro d'Orzio;I106;016;BG
1928;BG;016;016188;H910;San Giovanni Bianco;;AQES;17/04/1928;016832;Fuipiano al Brembo;D816;016;BG
1928;BG;016;016190;I079;San Pellegrino;;AQES;17/04/1928;016832;Fuipiano al Brembo;D816;016;BG
1928;BG;016;016190;I079;San Pellegrino;;AQES;17/04/1928;016861;San Gallo;H854;016;BG
1928;BS;017;017107;F063;Mazzano;;AQES;17/04/1928;017825;Ciliverghe;C687;017;BS
1928;TN;022;022007;A520;Avio;;AQES;17/04/1928;022810;Borghetto;A997;022;TN
1928;TN;022;022095;E178;Grigno;;AQES;17/04/1928;022130;Ospedaletto;G168;022;TN
1928;TN;022;022183;I964;Storo;;AQES;17/04/1928;022835;Darzo;D252;022;TN
1928;TN;022;022183;I964;Storo;;AQES;17/04/1928;022021;Bondone;A968;022;TN
1928;TN;022;022183;I964;Storo;;AQES;17/04/1928;022853;Lodrone;E653;022;TN
1928;UD;030;030138;H895;San Giorgio di Nogaro;;AQES;17/04/1928;030027;Carlino;B788;030;UD
1928;GO;031;031716;F649;Montespino;;AQES;17/04/1928;031857;Prevacina;H054;031;GO
1928;GO;031;031716;F649;Montespino;;AQES;17/04/1928;031877;Ville Montevecchio;M038;031;GO
1928;ME;083;083048;F158;Messina;;AQES;17/04/1928;083807;Santo Stefano di Briga;I369;083;ME
1928;TO;001;001046;B350;Cafasse;;AQES;15/04/1928;001841;Monasterolo Torinese;F331;001;TO
1928;NO;003;003084;E545;Lesa Belgirate;;AQES;15/04/1928;003841;Comnago;C932;003;NO
1928;NO;003;003084;E545;Lesa Belgirate;;AQES;15/04/1928;003015;Belgirate;A742;003;NO
1928;NO;003;003084;E545;Lesa Belgirate;;AQES;15/04/1928;003826;Calogna;B421;003;NO
1928;CN;004;004057;C323;Castino;;AQES;15/04/1928;004026;Bosia;B079;004;CN
1928;IM;008;008049;H257;Rezzo;;AQES;15/04/1928;008811;Cenova;C465;008;IM
1928;IM;008;008049;H257;Rezzo;;AQES;15/04/1928;008818;Lavina;E499;008;IM
1928;UD;030;030118;H029;Premariacco;;AQES;15/04/1928;030808;Ipplis;E322;030;UD
1928;UD;030;030134;H629;Ruda;;AQES;15/04/1928;030813;Perteole;G472;030;UD
1928;UD;030;030134;H629;Ruda;;AQES;15/04/1928;030182;Villa Vicentina;M034;030;UD
1928;GO;031;031719;H178;Ranziano;;AQES;15/04/1928;031816;Biglia;A867;031;GO
1928;AV;064;064014;B374;Calabritto;;AQES;15/04/1928;064804;Quaglietta;H099;064;AV
1928;VA;012;012080;E104;Gornate Olona;;AQES;07/04/1928;012892;Torba;L208;012;VA
1928;BS;017;017129;G213;Padenghe;;AQES;07/04/1928;017180;Soiano del Lago;I782;017;BS
1928;BS;017;017129;G213;Padenghe;;AQES;07/04/1928;017109;Moniga;F373;017;BS
1928;VR;023;023097;M172;Zevio;;AQES;07/04/1928;023056;Palù;G297;023;VR
1928;RO;029;029004;A539;Badia Polesine;;AQES;07/04/1928;029812;Salvaterra;H728;029;RO
1928;RO;029;029004;A539;Badia Polesine;;AQES;07/04/1928;029814;Villa d'Adige;L918;029;RO
1928;RO;029;029004;A539;Badia Polesine;;AQES;07/04/1928;029808;Crocetta;D176;029;RO
1928;RO;029;029047;L359;Trecenta;;AQES;07/04/1928;029808;Crocetta;D176;029;RO
1928;UD;030;030053;D408;Enemonzo;;AQES;07/04/1928;030119;Preone;H038;030;UD
1928;IM;008;008008;A984;Bordighera;;AQES;04/04/1928;008834;Sasso di Bordighera;I456;008;IM
1928;IM;008;008008;A984;Bordighera;;AQES;04/04/1928;008803;Borghetto San Nicolò;A994;008;IM
1928;IM;008;008039;G164;Ospedaletti;;AQES;04/04/1928;008812;Col di Rodi;C834;008;IM
1928;IM;008;008055;I138;Sanremo;;AQES;04/04/1928;008806;Bussana;B291;008;IM
1928;BZ;021;021013;B220;Brunico/Bruneck;Bruneck;AQES;04/04/1928;021922;Villa Santa Caterina/Aufhofen;M020;021;BZ
1928;BZ;021;021013;B220;Brunico/Bruneck;Bruneck;AQES;04/04/1928;021905;Teodone/Dietenheim;L098;021;BZ
1928;BZ;021;021013;B220;Brunico/Bruneck;Bruneck;AQ;04/04/1928;021081;San Lorenzo/St. Lorenzen;H956;021;BZ
1928;BZ;021;021013;B220;Brunico/Bruneck;Bruneck;AQES;04/04/1928;021877;Riscone/Reischach;H167;021;BZ
1928;BZ;021;021013;B220;Brunico/Bruneck;Bruneck;AQES;04/04/1928;021882;San Giorgio/St. Georgen;H879;021;BZ
1928;BZ;021;021081;H956;San Lorenzo/St. Lorenzen;St. Lorenzen;CE;04/04/1928;021013;Brunico/Bruneck;B220;021;BZ
1928;TN;022;022079;D371;Dro;;AQES;04/04/1928;022078;Drena;D365;022;TN
1928;TN;022;022119;F286;Molina di Ledro;;AQES;04/04/1928;022848;Legos;E516;022;TN
1928;TN;022;022119;F286;Molina di Ledro;;AQES;04/04/1928;022890;Prè;H012;022;TN
1928;TN;022;022119;F286;Molina di Ledro;;AQES;04/04/1928;022806;Biacesa;A840;022;TN
1928;TN;022;022119;F286;Molina di Ledro;;AQES;04/04/1928;022872;Mezzolago;F185;022;TN
1928;TO;001;001039;B226;Brusasco Cavagnolo;;AQES;03/04/1928;001069;Cavagnolo;C369;001;TO
1928;TO;001;001039;B226;Brusasco Cavagnolo;;AQES;03/04/1928;001037;Brozolo;B209;001;TO
1928;TO;001;001039;B226;Brusasco Cavagnolo;;AQES;03/04/1928;001834;Marcorengo;E937;001;TO
1928;NO;003;003082;E314;Invorio;;AQES;03/04/1928;003860;Invorio Superiore;E316;003;NO
1928;CN;004;004150;F894;Niella Belbo;;AQES;03/04/1928;004206;San Benedetto Belbo;H770;004;CN
1928;CN;004;004171;G800;Polonghera;;AQES;03/04/1928;004087;Faule;D511;004;CN
1928;VA;012;012120;I688;Sesto Calende;;AQES;03/04/1928;012856;Lisanza;E609;012;VA
1928;BS;017;017044;C330;Casto;;AQES;03/04/1928;017802;Alone;A219;017;BS
1928;BS;017;017044;C330;Casto;;AQES;03/04/1928;017831;Comero;C923;017;BS
1928;TN;022;022143;G681;Pinzolo;;AQES;03/04/1928;022112;Massimeno;F045;022;TN
1928;TN;022;022143;G681;Pinzolo;;AQES;03/04/1928;022042;Carisolo;B783;022;TN
1928;TN;022;022143;G681;Pinzolo;;AQES;03/04/1928;022093;Giustino;E065;022;TN
1928;CH;069;069060;G271;Palena;;AQES;03/04/1928;069048;Lettopalena;E559;069;CH
1928;CN;004;004125;F312;Mombasiglio;;AQES;29/03/1928;004216;Scagnello;I484;004;CN
1928;CN;004;004237;L729;Venasca;;AQES;29/03/1928;004103;Isasca;E327;004;CN
1928;AO;007;007020;C294;Chatillon;;AQES;29/03/1928;007051;Pontey;G860;007;AO
1928;TO;001;001139;E758;Luserna San Giovanni;;AQES;27/03/1928;001226;Rorà;H554;001;TO
1928;TO;001;001139;E758;Luserna San Giovanni;;AQES;27/03/1928;001140;Lusernetta;E759;001;TO
1928;CN;004;004035;B467;Camerana;;AQES;27/03/1928;004098;Gottasecca;E115;004;CN
1928;BG;016;016246;M184;Zogno;;AQES;27/03/1928;016877;Stabello;I931;016;BG
1928;BG;016;016246;M184;Zogno;;AQES;27/03/1928;016825;Endenna;D404;016;BG
1928;BG;016;016246;M184;Zogno;;AQES;27/03/1928;016851;Poscante;G930;016;BG
1928;BG;016;016246;M184;Zogno;;AQES;27/03/1928;016875;Spino al Brembo;I913;016;BG
1928;BG;016;016246;M184;Zogno;;AQES;27/03/1928;016874;Somendenna;I818;016;BG
1928;BG;016;016246;M184;Zogno;;AQES;27/03/1928;016834;Grumello de' Zanchi;E218;016;BG
1928;BG;016;016843;F875;Nese;;AQES;27/03/1928;016851;Poscante;G930;016;BG
1928;NO;003;003110;G062;Omegna;;AQES;24/03/1928;003803;Agrano;A086;003;NO
1928;NO;003;003110;G062;Omegna;;AQES;24/03/1928;003843;Crana Gattugno;D130;003;NO
1928;NO;003;003110;G062;Omegna;;AQES;24/03/1928;003837;Cireggio;C721;003;NO
1928;NO;003;003110;G062;Omegna;;AQES;24/03/1928;003845;Crusinallo;D191;003;NO
1928;PE;068;068028;G482;Pescara;;AQES;24/03/1928;068041;Spoltore;I922;068;PE
1928;FG;071;071020;C514;Cerignola;;CE;24/03/1928;071045;San Ferdinando di Puglia;H839;071;FG
1928;FG;071;071029;E885;Manfredonia;;CE;24/03/1928;071030;Margherita di Savoia;E946;071;FG
1928;FG;071;071030;E946;Margherita di Savoia;;AQ;24/03/1928;071029;Manfredonia;E885;071;FG
1928;FG;071;071030;E946;Margherita di Savoia;;AQ;24/03/1928;071057;Trinitapoli;B915;071;FG
1928;FG;071;071045;H839;San Ferdinando di Puglia;;AQ;24/03/1928;071057;Trinitapoli;B915;071;FG
1928;FG;071;071045;H839;San Ferdinando di Puglia;;AQ;24/03/1928;071020;Cerignola;C514;071;FG
1928;FG;071;071057;B915;Trinitapoli;;CE;24/03/1928;071030;Margherita di Savoia;E946;071;FG
1928;FG;071;071057;B915;Trinitapoli;;CE;24/03/1928;071045;San Ferdinando di Puglia;H839;071;FG
1928;BA;072;072006;A662;Bari delle Puglie;;AQES;24/03/1928;072802;Carbonara di Bari;B737;072;BA
1928;BA;072;072006;A662;Bari delle Puglie;;AQES;24/03/1928;072803;Ceglie del Campo;C423;072;BA
1928;AO;007;007003;A326;Aosta;;AQES;21/03/1928;007066;Sarre;I442;007;AO
1928;AO;007;007003;A326;Aosta;;AQES;21/03/1928;007057;Roisan;H497;007;AO
1928;AO;007;007003;A326;Aosta;;AQES;21/03/1928;007031;Gressan;E165;007;AO
1928;AO;007;007003;A326;Aosta;;AQES;21/03/1928;007030;Gignod;E029;007;AO
1928;AO;007;007003;A326;Aosta;;AQES;21/03/1928;007038;Jovençan;E391;007;AO
1928;AO;007;007003;A326;Aosta;;AQES;21/03/1928;007019;Charvensod;C598;007;AO
1928;AO;007;007003;A326;Aosta;;AQES;21/03/1928;007049;Pollein;G794;007;AO
1928;AO;007;007003;A326;Aosta;;AQES;21/03/1928;007058;Saint Christophe;H669;007;AO
1928;TO;001;001146;F053;Mathi;;AQES;13/03/1928;001119;Grosso;E203;001;TO
1928;VC;002;002105;G974;Pray;;AQES;13/03/1928;002823;Pianceri;G548;002;VC
1928;VC;002;002105;G974;Pray;;AQES;13/03/1928;002816;Flecchia;D632;002;VC
1928;CN;004;004006;A394;Argentera;;AQES;13/03/1928;004804;Bersezio;A807;004;CN
1928;CN;004;004077;D172;Crissolo;;AQES;13/03/1928;004156;Ostana;G183;004;CN
1928;CN;004;004121;E988;Martiniana Po;;AQES;13/03/1928;004094;Gambasca;D894;004;CN
1928;BZ;021;021028;D311;Dobbiaco/Toblach;Toblach;AQES;13/03/1928;021913;Valle San Silvestro/Wahlen;L621;021;BZ
1928;TN;022;022066;C953;Condino;;AQES;13/03/1928;022045;Castello;C183;022;TN
1928;TN;022;022066;C953;Condino;;AQES;13/03/1928;022057;Cimego;C694;022;TN
1928;TN;022;022066;C953;Condino;;AQES;13/03/1928;022028;Brione;B185;022;TN
1928;TN;022;022182;I949;Stenico;;AQES;13/03/1928;022939;Villa Banale;L911;022;TN
1928;TN;022;022182;I949;Stenico;;AQES;13/03/1928;022912;Scelmo;I518;022;TN
1928;TN;022;022182;I949;Stenico;;AQES;13/03/1928;022915;Seo;I617;022;TN
1928;TN;022;022182;I949;Stenico;;AQES;13/03/1928;022893;Premione;H035;022;TN
1928;GO;031;031704;B575;Canale d'Isonzo;;AQES;13/03/1928;031814;Auzza;A505;031;GO
1928;GO;031;031704;B575;Canale d'Isonzo;;AQES;13/03/1928;031858;Ronzina;H550;031;GO
1928;GO;031;031704;B575;Canale d'Isonzo;;AQES;13/03/1928;031812;Aiba;A095;031;GO
1928;GO;031;031723;H817;San Daniele del Carso;;AQES;13/03/1928;031832;Gabria;D837;031;GO
1928;GO;031;031723;H817;San Daniele del Carso;;AQES;13/03/1928;031824;Cobbia;C805;031;GO
1928;GO;031;031726;I180;Santa Croce di Aidussina;;AQES;13/03/1928;031864;Scrilla;I552;031;GO
1928;GO;031;031726;I180;Santa Croce di Aidussina;;AQES;13/03/1928;031859;Sable Grande;H653;031;GO
1928;RI;057;057026;D124;Cottanello;;AQES;13/03/1928;057039;Montasola;F430;057;RI
1928;RI;057;057026;D124;Cottanello;;AQES;13/03/1928;057072;Vacone;L525;057;RI
1928;AV;064;064077;H128;Quindici;;AQES;13/03/1928;064064;Moschiano;F762;064;AV
1928;PZ;076;076063;G942;Potenza;;AQES;13/03/1928;076062;Pignola di Basilicata;G663;076;PZ
1928;NU;091;091011;B056;Borore;;AQES;13/03/1928;091050;Noragugume;F933;091;NU
1928;NU;091;091011;B056;Borore;;AQES;13/03/1928;091018;Dualchi;D376;091;NU
1928;CA;092;092061;F050;Masullas;;AQES;13/03/1928;092173;Pompu;G817;092;CA
1928;CA;092;092061;F050;Masullas;;AQES;13/03/1928;092171;Siris;I757;092;CA
1928;CA;092;092133;I743;Simaxis;;AQES;13/03/1928;092079;Ollastra Simaxis;G043;092;CA
1928;CA;092;092133;I743;Simaxis;;AQES;13/03/1928;095808;San Vero Congius;I383;092;CA
1928;NO;003;003056;D168;Crevola d'Ossola;;AQES;07/03/1928;003824;Caddo;B321;003;NO
1928;NO;003;003056;D168;Crevola d'Ossola;;AQES;07/03/1928;003875;Preglia;H025;003;NO
1928;CN;004;004192;H453;Roccavione;;AQES;07/03/1928;004183;Roaschia;H362;004;CN
1928;AL;006;006032;B769;Carezzano;;AQES;07/03/1928;006804;Carezzano Superiore;B770;006;AL
1928;AO;007;007900;L811;Vestignè;;AQES;07/03/1928;001868;Tina;L171;007;AO
1928;CO;013;013189;G889;Porlezza;;AQES;07/03/1928;013945;Tavordo;L080;013;CO
1928;CO;013;013189;G889;Porlezza;;AQES;07/03/1928;013857;Cima;C688;013;CO
1928;BZ;021;021030;D484;Falzes/Pfalzen;Pfalzen;AQES;07/03/1928;021831;Grimaldo/Greinwalden;E181;021;BZ
1928;BZ;021;021030;D484;Falzes/Pfalzen;Pfalzen;AQES;07/03/1928;021833;Issengo/Issing;C737;021;BZ
1928;GO;031;031004;D321;Dolegna del Collio;;AQES;07/03/1928;031803;Cosbana del Collio;D084;031;GO
1928;AV;064;064081;H733;Salza Irpina;;AQES;07/03/1928;064102;Sorbo Serpico;I843;064;AV
1928;NU;091;091087;L006;Suni;;AQES;07/03/1928;091075;Sagama;H661;091;NU
1928;NU;091;091087;L006;Suni;;AQES;07/03/1928;091023;Flussio;D640;091;NU
1928;NU;091;091087;L006;Suni;;AQES;07/03/1928;091092;Tinnura;L172;091;NU
1928;TO;001;001006;A218;Almese;;AQES;06/03/1928;001303;Villar Dora;L999;001;TO
1928;TO;001;001006;A218;Almese;;AQES;06/03/1928;001852;Rivera;H349;001;TO
1928;IM;008;008021;C718;Cipressa;;AQES;06/03/1928;008024;Costarainera;D114;008;IM
1928;IM;008;008021;C718;Cipressa;;AQES;06/03/1928;008819;Lingueglietta;E603;008;IM
1928;CB;070;070038;C878;Colli a Volturno;;AQES;06/03/1928;070102;Rocchetta a Volturno;H458;070;CB
1928;CB;070;070038;C878;Colli a Volturno;;AQES;06/03/1928;070122;Scapoli;I507;070;CB
1928;CN;004;004019;A779;Bene Vagienna;;AQES;03/03/1928;004107;Lequio Tanaro;E539;004;CN
1928;CN;004;004169;G697;Piozzo;;AQES;03/03/1928;004107;Lequio Tanaro;E539;004;CN
1928;NO;003;003008;A429;Arona;;AQES;26/02/1928;003848;Dagnente;D242;003;NO
1928;NO;003;003008;A429;Arona;;AQES;26/02/1928;003864;Mercurago;F143;003;NO
1928;TN;022;022199;L174;Tione di Trento;;AQES;24/02/1928;022019;Bolbeno;A933;022;TN
1928;TN;022;022199;L174;Tione di Trento;;AQES;24/02/1928;022909;Saone;I419;022;TN
1928;TN;022;022199;L174;Tione di Trento;;AQES;24/02/1928;022227;Zuclo;M198;022;TN
1928;TE;067;067025;E058;Giulianova;;AQ;24/02/1928;067030;Mosciano Sant'Angelo;F764;067;TE
1928;TE;067;067030;F764;Mosciano Sant'Angelo;;CE;24/02/1928;067025;Giulianova;E058;067;TE
1928;NO;003;003036;B823;Carpignano Sesia;;AQES;23/02/1928;003138;Sillavengo;I736;003;NO
1928;NO;003;003076;E120;Gozzano;;AQES;23/02/1928;003813;Auzate;A504;003;NO
1928;NO;003;003076;E120;Gozzano;;AQES;23/02/1928;003022;Bolzano Novarese;A953;003;NO
1928;NO;003;003076;E120;Gozzano;;AQES;23/02/1928;003822;Bugnate;B257;003;NO
1928;NO;003;003114;G349;Paruzzaro;;AQES;23/02/1928;003109;Oleggio Castello;G020;003;NO
1928;NO;003;003114;G349;Paruzzaro;;AQES;23/02/1928;003868;Montrigiasco;F699;003;NO
1928;CO;013;013146;F133;Merate;;AQES;23/02/1928;013930;Sabbioncello;H651;013;CO
1928;CO;013;013146;F133;Merate;;AQES;23/02/1928;013937;Sartirana Briantea;I446;013;CO
1928;CS;078;078139;D290;Scigliano;;AQES;23/02/1928;078096;Pedivigliano;G411;078;CS
1928;CS;078;078139;D290;Scigliano;;AQES;23/02/1928;078027;Carpanzano;B813;078;CS
1928;NU;091;091028;D947;Gavoi;;AQES;23/02/1928;091104;Lodine;E649;091;NU
1928;TO;001;001021;A625;Barbania;;AQES;21/02/1928;001290;Vauda di Front;L698;001;TO
1928;TO;001;001021;A625;Barbania;;AQES;21/02/1928;001109;Front;D805;001;TO
1928;NO;003;003050;C567;Cesara;;AQES;21/02/1928;003007;Arola;A427;003;NO
1928;NO;003;003050;C567;Cesara;;AQES;21/02/1928;003105;Nonio;F932;003;NO
1928;CN;004;004074;D093;Cossano Belbo;;AQES;21/02/1928;004193;Rocchetta Belbo;H462;004;CN
1928;CN;004;004119;E963;Marmora;;AQES;21/02/1928;004038;Canosio;B621;004;CN
1928;IM;008;008045;G840;Pontedassio;;AQES;21/02/1928;008842;Villaviani;M033;008;IM
1928;IM;008;008045;G840;Pontedassio;;AQES;21/02/1928;008840;Villaguardia;L955;008;IM
1928;IM;008;008045;G840;Pontedassio;;AQES;21/02/1928;008802;Bestagno;A828;008;IM
1928;TN;022;022142;G656;Pieve Tesino;;AQES;21/02/1928;022015;Bieno;A863;022;TN
1928;TN;022;022142;G656;Pieve Tesino;;AQES;21/02/1928;022059;Cinte Tesino;C712;022;TN
1928;GO;031;031728;I833;Sonzia;;AQES;21/02/1928;031872;Trenta d'Isonzo;L376;031;GO
1928;PU;041;041012;C830;Colbordolo;;AQES;21/02/1928;041045;Petriano;G514;041;PU
1928;PG;054;054017;D279;Deruta;;CE;21/02/1928;054022;Gualdo Cattaneo;E229;054;PG
1928;PG;054;054022;E229;Gualdo Cattaneo;;AQ;21/02/1928;054017;Deruta;D279;054;PG
1928;RI;057;057059;H282;Rieti;;AQES;21/02/1928;057812;Vazia;E728;057;RI
1928;RI;057;057059;H282;Rieti;;AQES;21/02/1928;057025;Contigliano;C969;057;RI
1928;RI;057;057059;H282;Rieti;;AQES;21/02/1928;057807;Poggio Fidoni;G759;057;RI
1928;RI;057;057059;H282;Rieti;;AQES;21/02/1928;057009;Cantalice;B627;057;RI
1928;CS;078;078105;H490;Rogliano;;AQES;21/02/1928;078093;Parenti;G331;078;CS
1928;CS;078;078105;H490;Rogliano;;AQES;21/02/1928;078075;Mangone;E888;078;CS
1928;CS;078;078105;H490;Rogliano;;AQES;21/02/1928;078134;Santo Stefano di Rogliano;I359;078;CS
1928;CS;078;078105;H490;Rogliano;;AQES;21/02/1928;078078;Marzi;F001;078;CS
1928;NU;091;091044;E788;Macomer;;AQES;21/02/1928;091008;Birori;A880;091;NU
1928;VA;012;012063;D239;Cuvio;;AQES;16/02/1928;012900;Vergobbio;L767;012;VA
1928;VA;012;012063;D239;Cuvio;;AQES;16/02/1928;012836;Cavona;C402;012;VA
1928;VA;012;012063;D239;Cuvio;;AQES;16/02/1928;012066;Duno;D385;012;VA
1928;VA;012;012063;D239;Cuvio;;AQES;16/02/1928;012846;Cuveglio in Valle;ND;012;VA
1928;VA;012;012119;I441;Saronno;;AQES;16/02/1928;012130;Uboldo;L480;012;VA
1928;VA;012;012119;I441;Saronno;;AQES;16/02/1928;012075;Gerenzano;D981;012;VA
1928;VA;012;012119;I441;Saronno;;AQES;16/02/1928;012109;Origgio;G103;012;VA
1928;BG;016;016004;A163;Albino;;AQES;16/02/1928;016823;Desenzano al Serio;D283;016;BG
1928;BG;016;016004;A163;Albino;;AQES;16/02/1928;016807;Bondo Petello;A969;016;BG
1928;BG;016;016004;A163;Albino;;AQES;16/02/1928;016880;Vall'Alta;L585;016;BG
1928;BS;017;017033;B436;Calvagese della Riviera;;AQES;16/02/1928;017821;Carzago della Riviera;B855;017;BS
1928;BS;017;017122;G006;Offlaga;;AQES;16/02/1928;017824;Cignano;C682;017;BS
1928;BS;017;017122;G006;Offlaga;;AQES;16/02/1928;017840;Faverzano;D517;017;BS
1928;TN;022;022184;I975;Strembo;;AQES;16/02/1928;022018;Bocenago;A916;022;TN
1928;TN;022;022184;I975;Strembo;;AQES;16/02/1928;022029;Caderzone;B335;022;TN
1928;UD;030;030122;H161;Ragogna;;CE;16/02/1928;030136;San Daniele del Friuli;H816;030;UD
1928;UD;030;030136;H816;San Daniele del Friuli;;AQ;16/02/1928;030122;Ragogna;H161;030;UD
1928;TO;001;001135;E660;Lombardore;;AQES;09/02/1928;001218;Rivarossa;H344;001;TO
1928;NO;003;003034;B615;Cannobio;;AQES;09/02/1928;003895;Traffiume;L320;003;NO
1928;NO;003;003034;B615;Cannobio;;AQES;09/02/1928;003882;San Bartolomeo Valmara;H762;003;NO
1928;NO;003;003034;B615;Cannobio;;AQES;09/02/1928;003884;Sant'Agata sopra Cannobio;I195;003;NO
1928;VA;012;012092;E734;Luino;;AQES;09/02/1928;012904;Voldomino;M114;012;VA
1928;VA;012;012092;E734;Luino;;AQES;09/02/1928;012076;Germignaga;D987;012;VA
1928;CO;013;013103;D865;Galbiate;;AQES;09/02/1928;013814;Bartesate;A680;013;CO
1928;CO;013;013103;D865;Galbiate;;AQES;09/02/1928;013931;Sala al Barro;H680;013;CO
1928;TN;022;022014;A839;Bezzecca;;AQES;09/02/1928;022141;Pieve di Ledro;G644;022;TN
1928;TN;022;022014;A839;Bezzecca;;AQES;09/02/1928;022850;Lenzumo;E534;022;TN
1928;TN;022;022014;A839;Bezzecca;;AQES;09/02/1928;022839;Enguiso;D409;022;TN
1928;TN;022;022014;A839;Bezzecca;;AQES;09/02/1928;022852;Locca;E643;022;TN
1928;TN;022;022151;H162;Ragoli;;AQES;09/02/1928;022122;Montagne;F396;022;TN
1928;TN;022;022151;H162;Ragoli;;AQES;09/02/1928;022148;Preore;H039;022;TN
1928;PI;050;050022;F686;Montopoli in Val d'Arno;;CE;09/02/1928;050024;Palaia;G254;050;PI
1928;PI;050;050022;F686;Montopoli in Val d'Arno;;AQ;09/02/1928;050024;Palaia;G254;050;PI
1928;PI;050;050024;G254;Palaia;;CE;09/02/1928;050022;Montopoli in Val d'Arno;F686;050;PI
1928;PI;050;050024;G254;Palaia;;AQ;09/02/1928;050022;Montopoli in Val d'Arno;F686;050;PI
1928;CA;092;092017;A681;Barumini;;AQES;09/02/1928;092056;Las Plassas;E464;092;CA
1928;CA;092;092025;B314;Cabras;;AQES;09/02/1928;095811;Solanas;I784;092;CA
1928;BS;017;017061;C948;Concesio;;AQES;05/02/1928;017893;San Vigilio;I385;017;BS
1928;CA;092;092031;C882;Collinas;;AQES;05/02/1928;092158;Villanovaforru;L986;092;CA
1928;AL;006;006004;A189;Alfiano Natta;;AQ;29/01/1928;006182;Villadeati;L931;006;AL
1928;AL;006;006182;L931;Villadeati;;CE;29/01/1928;006004;Alfiano Natta;A189;006;AL
1928;CO;013;013200;H596;Rovagnate;;AQES;29/01/1928;013180;Perego;G448;013;CO
1928;CO;013;013200;H596;Rovagnate;;AQES;29/01/1928;013809;Bagaggera;A543;013;CO
1928;TR;055;055020;F513;Montegabbione;;CE;29/01/1928;055025;Parrano;G344;055;TR
1928;TR;055;055025;G344;Parrano;;AQ;29/01/1928;055020;Montegabbione;F513;055;TR
1928;VR;023;023073;I003;San Martino Buon Albergo;;AQES;28/01/1928;023809;Marcellise;E926;023;VR
1928;AV;064;064027;C606;Chianche;;AQES;28/01/1928;064806;San Pietro Irpino;I112;064;AV
1928;AV;064;064027;C606;Chianche;;AQES;28/01/1928;064071;Petruro;G519;064;AV
1928;AV;064;064027;C606;Chianche;;AQES;28/01/1928;064802;Chianchetelle;C607;064;AV
1928;AV;064;064056;F512;Montefusco;;AQES;28/01/1928;064111;Torrioni;L301;064;AV
1928;NO;003;003123;H030;Premeno;;AQES;26/01/1928;003850;Esio;D438;003;NO
1928;CO;013;013086;D280;Dervio;;AQES;26/01/1928;013091;Dorio;D346;013;CO
1928;CO;013;013086;D280;Dervio;;AQES;26/01/1928;013865;Corenno Plinio;C997;013;CO
1928;CO;013;013119;E405;Laglio;;AQES;26/01/1928;013030;Brienno;B172;013;CO
1928;CO;013;013141;E879;Mandello del Lario;;AQES;26/01/1928;013943;Somana;I816;013;CO
1928;CO;013;013141;E879;Mandello del Lario;;AQES;26/01/1928;013909;Olcio;G017;013;CO
1928;CO;013;013229;L547;Valbrona;;AQES;26/01/1928;013960;Visino;M076;013;CO
1928;BG;016;016098;D588;Marne;;AQES;26/01/1928;016828;Filago;ND;016;BG
1928;BS;017;017195;L777;Verolanuova;;AQES;26/01/1928;017196;Verolavecchia;L778;017;BS
1928;BS;017;017195;L777;Verolanuova;;AQES;26/01/1928;017815;Cadignano;B343;017;BS
1928;CR;019;019037;D151;Cremosano;;AQES;26/01/1928;019072;Pianengo;G558;019;CR
1928;CR;019;019037;D151;Cremosano;;AQES;26/01/1928;019011;Campagnola Cremasca;B498;019;CR
1928;TN;022;022166;H966;San Lorenzo in Banale;;AQES;26/01/1928;022077;Dorsino;D349;022;TN
1928;TN;022;022166;H966;San Lorenzo in Banale;;AQES;26/01/1928;022924;Tavodo;L076;022;TN
1928;TN;022;022166;H966;San Lorenzo in Banale;;AQES;26/01/1928;022803;Andogno;A276;022;TN
1928;GO;031;031708;C611;Chiapovano;;AQES;26/01/1928;031843;Locavizza di Canale;E642;031;GO
1928;GO;031;031708;C611;Chiapovano;;AQES;26/01/1928;031873;Tribussa;L417;031;GO
1928;GO;031;031715;F577;Montenero d'Idria;;AQES;26/01/1928;031834;Godovici;E073;031;GO
1928;GO;031;031720;H283;Rifembergo;;AQES;26/01/1928;031861;Samaria;H737;031;GO
1928;GO;031;031733;M186;Zolla;;AQES;26/01/1928;031855;Pocrai del Piro;G744;031;GO
1928;TO;001;001012;A405;Arignano;;AQES;22/01/1928;001153;Mombello di Torino;F315;001;TO
1928;NO;003;003079;E177;Grignasco;;AQES;22/01/1928;003808;Ara;A349;003;NO
1928;VA;012;012013;A826;Besozzo;;AQES;22/01/1928;012816;Bogno;A928;012;VA
1928;VA;012;012013;A826;Besozzo;;AQES;22/01/1928;012873;Olginasio;G029;012;VA
1928;VA;012;012013;A826;Besozzo;;AQES;22/01/1928;012829;Cardana;B753;012;VA
1928;BS;017;017117;F851;Nave;;AQES;22/01/1928;017031;Caino;B365;017;BS
1928;GO;031;031707;C519;Cernizza Goriziana;;AQES;22/01/1928;031835;Goiaci;E042;031;GO
1928;GO;031;031707;C519;Cernizza Goriziana;;AQES;22/01/1928;031822;Camigna;B793;031;GO
1928;GO;031;031707;C519;Cernizza Goriziana;;AQES;22/01/1928;031876;Vertovino;L796;031;GO
1928;GO;031;031725;I406;San Vito di Vipacco;;AQES;22/01/1928;031856;Podraga;G748;031;GO
1928;GO;031;031725;I406;San Vito di Vipacco;;AQES;22/01/1928;031848;Monte Urabice;F652;031;GO
1928;CB;070;070082;G495;Pescolanciano;;AQES;22/01/1928;070033;Chiauci;C620;070;CB
1928;TO;001;001144;E941;Marentino;;AQES;18/01/1928;001802;Avuglione e Vernone;A524;001;TO
1928;VA;012;012037;B921;Casalzuigno;;AQES;18/01/1928;012804;Arcumeggia;A378;012;VA
1928;VA;012;012051;C751;Cittiglio;;AQES;18/01/1928;012896;Vararo;L674;012;VA
1928;VA;012;012051;C751;Cittiglio;;AQES;18/01/1928;012019;Brenta;B150;012;VA
1928;VA;012;012096;E863;Malnate;;AQES;18/01/1928;012853;Gurone;E268;012;VA
1928;CO;013;013177;G368;Pasturo;;AQES;18/01/1928;013810;Baiedo;A582;013;CO
1928;CS;078;078062;E407;Lago;;AQES;18/01/1928;078805;Terrati;L133;078;CS
1928;VA;012;012003;A290;Angera;;AQES;13/01/1928;012116;Ranco;H174;012;VA
1928;VA;012;012006;A531;Azzate;;AQES;13/01/1928;012025;Buguggiate;B258;012;VA
1928;VA;012;012006;A531;Azzate;;AQES;13/01/1928;012023;Brunello;B219;012;VA
1928;VA;012;012016;A918;Lomnago;;AQES;12/01/1928;012815;Bodio;A917;012;VA
1928;VA;012;012046;C300;Castiglione Olona;;AQES;12/01/1928;012852;Gornate-Superiore;E105;012;VA
1928;VA;012;012046;C300;Castiglione Olona;;AQES;12/01/1928;012830;Caronno Corbellaro;B806;012;VA
1928;VA;012;012072;D946;Gavirate;;AQES;12/01/1928;012905;Voltorre;M128;012;VA
1928;VA;012;012072;D946;Gavirate;;AQES;12/01/1928;012874;Oltrona al Lago;G057;012;VA
1928;VA;012;012139;L876;Viggiù ed Uniti;;AQES;12/01/1928;012052;Clivio;C796;012;VA
1928;VA;012;012139;L876;Viggiù ed Uniti;;AQES;12/01/1928;012117;Saltrio;H723;012;VA
1928;TO;001;001118;E199;Groscavallo;;AQES;07/01/1928;001828;Forno Alpi Graje;D724;001;TO
1928;TO;001;001118;E199;Groscavallo;;AQES;07/01/1928;001808;Bonzo;A980;001;TO
1928;VA;012;012001;A085;Agra;;CE;07/01/1928;012094;Maccagno Superiore;E775;012;VA
1928;VA;012;012088;E511;Leggiuno-Sangiano;;AQES;07/01/1928;012838;Cellina;C431;012;VA
1928;VA;012;012088;E511;Leggiuno-Sangiano;;AQES;07/01/1928;012809;Ballarate;A598;012;VA
1928;VA;012;012088;E511;Leggiuno-Sangiano;;AQES;07/01/1928;012808;Arolo;A428;012;VA
1928;VA;012;012088;E511;Leggiuno-Sangiano;;AQES;07/01/1928;012141;Sangiano;H872;012;VA
1928;VA;012;012094;E775;Maccagno Superiore;;AQES;07/01/1928;012850;Garabiolo;D908;012;VA
1928;VA;012;012094;E775;Maccagno Superiore;;AQES;07/01/1928;012859;Maccagno Inferiore;E776;012;VA
1928;VA;012;012094;E775;Maccagno Superiore;;AQ;07/01/1928;012001;Agra;A085;012;VA
1928;VA;012;012094;E775;Maccagno Superiore;;AQES;07/01/1928;012826;Campagnano Vedasca;B495;012;VA
1928;VA;012;012094;E775;Maccagno Superiore;;AQES;07/01/1928;012871;Musignano;F825;012;VA
1928;BG;016;016170;G856;Ponte San Pietro;;AQES;07/01/1928;016837;Locate Bergamasco;E637;016;BG
1928;BG;016;016170;G856;Ponte San Pietro;;AQES;07/01/1928;016038;Brembate di Sopra;B138;016;BG
1928;BS;017;017021;B040;Borgosatollo;;AQES;07/01/1928;017114;Montirone;F680;017;BS
1928;GO;031;031702;A797;Bergogna;;AQES;07/01/1928;031866;Sedula;I568;031;GO
1928;GO;031;031722;H740;Sambasso;;AQES;07/01/1928;031850;Ossecca Vittuglie;G175;031;GO
1928;GO;031;031722;H740;Sambasso;;AQES;07/01/1928;031851;Ossegliano San Michele;G176;031;GO
1928;BS;017;017020;B035;Borgo San Giacomo;;AQES;01/01/1928;017868;Padernello;G216;017;BS
1928;BS;017;017020;B035;Borgo San Giacomo;;AQES;01/01/1928;017839;Farvengo;D498;017;BS
1928;BS;017;017020;B035;Borgo San Giacomo;;AQES;01/01/1928;017801;Acqualunga;A036;017;BS
1928;GO;031;031001;B712;Capriva di Cormons;;AQES;01/01/1928;031013;Moraro;F710;031;GO
1928;GO;031;031001;B712;Capriva di Cormons;;AQES;01/01/1928;031014;Mossa;F767;031;GO
1928;GO;031;031001;B712;Capriva di Cormons;;AQES;01/01/1928;031020;San Lorenzo di Mossa;H964;031;GO
1927;TO;001;001086;C722;Ciriè;;AQES;31/12/1927;001237;San Carlo Canavese;H789;001;TO
1927;TO;001;001115;E020;Giaveno;;AQES;31/12/1927;001285;Valgioie;L578;001;TO
1927;BS;017;017183;C698;Tavernole sul Mella;;AQES;31/12/1927;017105;Marmentino;E961;017;BS
1927;BS;017;017183;C698;Tavernole sul Mella;;AQES;31/12/1927;017872;Pezzoro;G533;017;BS
1927;VT;056;056003;A577;Bagnoregio;;AQES;31/12/1927;056802;Castel Cellesi;C068;056;VT
1927;CA;092;092139;I861;Sorradile;;AQES;31/12/1927;092019;Bidonì;A856;092;CA
1927;CA;092;092139;I861;Sorradile;;AQES;31/12/1927;092073;Nughedu Santa Vittoria;F974;092;CA
1927;TO;001;001166;F925;Nole;;AQES;29/12/1927;001301;Villanova Canavese;L982;001;TO
1927;VA;012;012133;L682;Varese;;AQES;29/12/1927;012886;Sant'Ambrogio Olona;I257;012;VA
1927;VA;012;012133;L682;Varese;;AQES;29/12/1927;012888;Santa Maria del Monte;I239;012;VA
1927;VA;012;012133;L682;Varese;;AQES;29/12/1927;012827;Capolago;B668;012;VA
1927;VA;012;012133;L682;Varese;;AQES;29/12/1927;012814;Bobbiate;A908;012;VA
1927;VA;012;012133;L682;Varese;;AQES;29/12/1927;012813;Bizzozero;A899;012;VA
1927;VA;012;012133;L682;Varese;;AQES;29/12/1927;012857;Lissago;E616;012;VA
1927;VA;012;012133;L682;Varese;;AQES;29/12/1927;012083;Induno Olona;E299;012;VA
1927;VA;012;012133;L682;Varese;;AQES;29/12/1927;012860;Masnago;F018;012;VA
1927;VA;012;012133;L682;Varese;;AQES;29/12/1927;012898;Velate;L714;012;VA
1927;BS;017;017028;B149;Breno;;AQES;29/12/1927;017094;Losine;E698;017;BS
1927;BS;017;017028;B149;Breno;;AQES;29/12/1927;017118;Niardo;F884;017;BS
1927;BS;017;017028;B149;Breno;;AQES;29/12/1927;017027;Braone;B124;017;BS
1927;BS;017;017085;E333;Iseo;;AQES;29/12/1927;017873;Pilzone;G668;017;BS
1927;BS;017;017085;E333;Iseo;;AQES;29/12/1927;017829;Clusane sul Lago;C798;017;BS
1927;GO;031;031714;F150;Merna;;AQES;29/12/1927;031022;Savogna d'Isonzo;I479;031;GO
1927;GO;031;031724;I013;San Martino Quisca;;AQES;29/12/1927;031019;San Floriano del Collio;H845;031;GO
1927;CA;092;092051;E088;Gonnostramatza;;AQES;29/12/1927;092132;Simala;I742;092;CA
1927;CA;092;092051;E088;Gonnostramatza;;AQES;29/12/1927;092049;Gonnoscodina;E087;092;CA
1927;CO;013;013070;C754;Civenna;;AQES;27/12/1927;013139;Magreglio;E830;013;CO
1927;CO;013;013070;C754;Civenna;;AQES;27/12/1927;013015;Barni;A670;013;CO
1927;MI;015;015025;A919;Boffalora d'Adda;;CE;27/12/1927;015104;Galgagnano;D868;015;MI
1927;MI;015;015104;D868;Galgagnano;;AQ;27/12/1927;015025;Boffalora d'Adda;A919;015;MI
1927;BG;016;016108;D905;Gandino;;AQES;27/12/1927;016805;Barsizza;A679;016;BG
1927;BS;017;017024;B100;Bovegno;;AQES;27/12/1927;017084;Irma;E325;017;BS
1927;BS;017;017037;B700;Capriano Azzano;;AQES;27/12/1927;017008;Azzano Mella;A529;017;BS
1927;BS;017;017047;C417;Cedegolo;;AQES;27/12/1927;017176;Sellero;I588;017;BS
1927;BS;017;017047;C417;Cedegolo;;AQES;27/12/1927;017016;Berzo Demo;A816;017;BS
1927;BS;017;017138;G407;Pedergnaga;;AQES;27/12/1927;017897;Scarpizzolo;I515;017;BS
1927;BS;017;017138;G407;Pedergnaga;;AQES;27/12/1927;017867;Oriano;G099;017;BS
1927;BS;017;017138;G407;Pedergnaga;;AQES;27/12/1927;017836;Cremezzano;D146;017;BS
1927;CZ;079;079018;B758;Cardinale;;AQ;27/12/1927;079148;Torre di Ruggiero;L240;079;CZ
1927;CZ;079;079148;L240;Torre di Ruggiero;;CE;27/12/1927;079018;Cardinale;B758;079;CZ
1927;TO;001;001104;D562;Fiano;;AQES;24/12/1927;001286;Vallo Torinese;L629;001;TO
1927;TO;001;001104;D562;Fiano;;AQES;24/12/1927;001289;Varisella;L685;001;TO
1927;TO;001;001152;F182;Mezzenile;;AQES;24/12/1927;001188;Pessinetto;G505;001;TO
1927;NO;003;003074;E003;Ghiffa;;CE;24/12/1927;003123;Premeno;H030;003;NO
1927;NO;003;003123;H030;Premeno;;AQ;24/12/1927;003074;Ghiffa;E003;003;NO
1927;CO;013;013191;H063;Primaluna;;AQES;24/12/1927;013959;Vimogno;M054;013;CO
1927;CO;013;013191;H063;Primaluna;;AQES;24/12/1927;013813;Barcone;A642;013;CO
1927;CO;013;013191;H063;Primaluna;;AQES;24/12/1927;013916;Pessina Valsassina;G503;013;CO
1927;CO;013;013191;H063;Primaluna;;AQES;24/12/1927;013866;Cortabbio;D047;013;CO
1927;BS;017;017011;A630;Barbariga;;AQES;24/12/1927;017843;Frontignano;D806;017;BS
1927;BS;017;017104;E928;Marcheno;;AQES;24/12/1927;017813;Brozzo;B211;017;BS
1927;BS;017;017125;G149;Orzinuovi;;AQES;24/12/1927;017806;Barco;A641;017;BS
1927;TE;067;067004;A488;Atri;;AQES;21/12/1927;067035;Mutignano;F831;067;TE
1927;TE;067;067004;A488;Atri;;AQES;21/12/1927;067040;Silvi;I741;067;TE
1927;BS;017;017088;E526;Leno;;AQES;09/12/1927;017877;Porzano;G928;017;BS
1927;BS;017;017088;E526;Leno;;AQES;09/12/1927;017859;Milzanello;F215;017;BS
1927;NO;003;003859;E303;Intra;;AQES;04/12/1927;003896;Trobaso;L443;003;NO
1927;NO;003;003859;E303;Intra;;AQES;04/12/1927;003905;Zoverallo;M195;003;NO
1927;NO;003;003859;E303;Intra;;AQES;04/12/1927;003810;Arizzano Inferiore;A410;003;NO
1927;VA;012;012123;I819;Somma Lombardo;;AQES;04/12/1927;012862;Mezzana Superiore;F169;012;VA
1927;BS;017;017018;A861;Bienno;;AQES;04/12/1927;017017;Berzo Inferiore;A817;017;BS
1927;BS;017;017018;A861;Bienno;;AQES;04/12/1927;017154;Prestine;H050;017;BS
1927;BS;017;017075;D918;Gardone Val Trompia;;AQES;04/12/1927;017848;Inzino;E318;017;BS
1927;BS;017;017075;D918;Gardone Val Trompia;;AQES;04/12/1927;017857;Magno Sopra Inzino;E823;017;BS
1927;BS;017;017106;E967;Marone;;AQES;04/12/1927;017907;Vello;L721;017;BS
1927;BS;017;017184;L094;Temù;;AQES;04/12/1927;017909;Villa d'Allegno;L930;017;BS
1927;BS;017;017184;L094;Temù;;AQES;04/12/1927;017875;Pontagna;G824;017;BS
1927;PI;050;050017;E455;Lari;;CECS;04/12/1927;050007;Bagni di Casciana;A559;050;PI
1927;BG;016;016118;E189;Gromo;;AQES;30/11/1927;016107;Gandellino;D903;016;BG
1927;BG;016;016118;E189;Gromo;;AQES;30/11/1927;016225;Valgoglio;L579;016;BG
1927;BG;016;016184;H535;Roncobello;;AQES;24/11/1927;016808;Bordogna;A985;016;BG
1927;BG;016;016184;H535;Roncobello;;AQES;24/11/1927;016804;Baresi;A654;016;BG
1927;BG;016;016199;I629;Serina;;AQES;24/11/1927;016249;Cornalba;D016;016;BG
1927;BS;017;017035;B664;Capo di Ponte;;AQES;24/11/1927;017124;Ono San Pietro;G074;017;BS
1927;BS;017;017046;C408;Cazzago San Martino;;AQES;24/11/1927;017810;Bornato;B053;017;BS
1927;BS;017;017046;C408;Cazzago San Martino;;AQES;24/11/1927;017817;Calino;B414;017;BS
1927;BS;017;017083;E297;Incudine;;AQES;24/11/1927;017110;Monno;F375;017;BS
1927;BS;017;017091;E654;Lograto;;AQES;24/11/1927;017097;Maclodio;E787;017;BS
1927;BS;017;017099;E841;Mairano;;AQES;24/11/1927;017093;Longhena;E673;017;BS
1927;BS;017;017099;E841;Mairano;;AQES;24/11/1927;017026;Brandico;B120;017;BS
1927;BS;017;017169;H699;Sale Marasino;;AQES;24/11/1927;017182;Sulzano;L002;017;BS
1927;CR;019;019113;L806;Vescovato;;AQES;24/11/1927;019820;Ca' de' Stefani;B339;019;CR
1927;BG;016;016064;C324;Castione della Presolana;;AQES;20/11/1927;016149;Onore;G075;016;BG
1927;PA;082;082017;B532;Campofelice di Roccella;;CE;12/11/1927;082044;Lascari;E459;082;PA
1927;PA;082;082027;C421;Cefalù;;CE;12/11/1927;082044;Lascari;E459;082;PA
1927;PA;082;082032;C871;Collesano;;CE;12/11/1927;082044;Lascari;E459;082;PA
1927;PA;082;082041;E149;Gratteri;;CE;12/11/1927;082044;Lascari;E459;082;PA
1927;PA;082;082044;E459;Lascari;;AQ;12/11/1927;082017;Campofelice di Roccella;B532;082;PA
1927;PA;082;082044;E459;Lascari;;AQ;12/11/1927;082032;Collesano;C871;082;PA
1927;PA;082;082044;E459;Lascari;;AQ;12/11/1927;082041;Gratteri;E149;082;PA
1927;PA;082;082044;E459;Lascari;;AQ;12/11/1927;082027;Cefalù;C421;082;PA
1927;CO;013;013002;A112;Airuno;;AQES;08/11/1927;013803;Aizurro;A114;013;CO
1927;BS;017;017162;H410;Roccafranca;;AQES;08/11/1927;017852;Ludriano;E725;017;BS
1927;NA;063;063049;F839;Napoli;;AQ;08/11/1927;063060;Pozzuoli;G964;063;NA
1927;NA;063;063060;G964;Pozzuoli;;CE;08/11/1927;063049;Napoli;F839;063;NA
1927;BA;072;072024;E223;Grumo Appula;;AQES;08/11/1927;072008;Binetto;A874;072;BA
1927;CA;092;092080;G113;Oristano;;AQES;08/11/1927;092083;Palmas Arborea;G286;092;CA
1927;CA;092;092080;G113;Oristano;;AQES;08/11/1927;095802;Donigala Fenughedu;D342;092;CA
1927;CA;092;092080;G113;Oristano;;AQES;08/11/1927;095806;Massama;F031;092;CA
1927;CA;092;092080;G113;Oristano;;AQES;08/11/1927;092105;Santa Giusta;I205;092;CA
1927;CA;092;092080;G113;Oristano;;AQES;08/11/1927;095810;Silì;I731;092;CA
1927;CA;092;092080;G113;Oristano;;AQES;08/11/1927;095807;Nuraxinieddu;F984;092;CA
1927;TO;001;001103;D532;Fenestrelle;;AQES;06/11/1927;001837;Mentoulles;F128;001;TO
1927;TO;001;001103;D532;Fenestrelle;;AQES;06/11/1927;001281;Usseaux;L515;001;TO
1927;FU;701;701702;C124;Castel Iablanizza;;AQ;04/11/1927;701705;Elsane;D400;701;FU
1927;FU;701;701705;D400;Elsane;;CE;04/11/1927;701702;Castel Iablanizza;C124;701;FU
1927;BG;016;016193;I437;Sarnico;;AQES;03/11/1927;016883;Villongo Sant'Alessandro;M047;016;BG
1927;BG;016;016193;I437;Sarnico;;CECS;03/11/1927;016242;Villongo;M045;016;BG
1927;CA;092;092057;E742;Lunamatrona;;AQES;03/11/1927;092152;Ussaramanna;L513;092;CA
1927;NO;003;003874;G279;Pallanza;;AQES;02/11/1927;003834;Cavandone;C379;003;NO
1927;NO;003;003874;G279;Pallanza;;AQES;02/11/1927;003892;Suna;L005;003;NO
1927;CO;013;013010;A333;Appiano Gentile;;AQES;02/11/1927;013238;Veniano;L737;013;CO
1927;CO;013;013010;A333;Appiano Gentile;;AQES;02/11/1927;013034;Bulgarograsso;B262;013;CO
1927;VT;056;056022;C780;Civitella d'Agliano;;AQES;02/11/1927;056806;San Michele in Teverina;I039;056;VT
1927;CA;092;092041;D827;Furtei;;AQES;02/11/1927;092115;Segariu;I570;092;CA
1927;TS;032;032714;L198;Tomadio;;AQES;22/10/1927;032806;Alber di Sesana;A148;032;TS
1927;VT;056;056042;G135;Orte;;AQES;22/10/1927;056006;Bassano in Teverina;A706;056;VT
1927;FU;701;701707;D669;Fontana del Conte;;AQES;22/10/1927;701808;Sagoria San Martino;H664;701;FU
1927;TO;001;001049;B512;Campiglione;;AQES;21/10/1927;001825;Fenile;D535;001;TO
1927;TO;001;001216;H338;Rivara;;AQES;21/10/1927;001812;Camagna di Torino;B454;001;TO
1927;TO;001;001216;H338;Rivara;;AQES;21/10/1927;001043;Busano;B284;001;TO
1927;TO;001;001313;M094;Viù;;AQES;19/10/1927;001820;Col San Giovanni;C906;001;TO
1927;VT;056;056007;A857;Bieda;;AQES;19/10/1927;056046;San Giovanni di Bieda;H913;056;VT
1927;AV;064;064101;I805;Solofra;;AQES;19/10/1927;064807;Sant'Agata Irpina;I200;064;AV
1927;CB;070;070135;L725;Venafro;;AQES;13/10/1927;070125;Sesto Campano;I682;070;CB
1927;CB;070;070135;L725;Venafro;;AQES;13/10/1927;070093;Pozzilli;G954;070;CB
1927;CB;070;070135;L725;Venafro;;AQES;13/10/1927;070039;Conca Casale;C941;070;CB
1927;CA;092;092092;H301;Riola;;AQES;11/10/1927;092014;Baratili San Pietro;A621;092;CA
1927;CA;092;092092;H301;Riola;;AQES;11/10/1927;092074;Nurachi;F980;092;CA
1927;VC;002;002137;I663;Serravalle Sesia;;AQES;09/10/1927;002824;Piane Sesia;G554;002;VC
1927;VC;002;002137;I663;Serravalle Sesia;;AQES;09/10/1927;002804;Bornate;B052;002;VC
1927;VC;002;002137;I663;Serravalle Sesia;;AQES;09/10/1927;002829;Vintebbio;M061;002;VC
1927;CO;013;013230;L581;Valgreghentino;;AQES;09/10/1927;013818;Biglio;A869;013;CO
1927;CO;013;013230;L581;Valgreghentino;;AQES;09/10/1927;013872;Dozio;D359;013;CO
1927;CA;092;092015;A655;Baressa;;AQES;09/10/1927;092013;Baradili;A614;092;CA
1927;CA;092;092110;I384;San Vero Milis;;AQES;09/10/1927;092169;Zeddiani;M153;092;CA
1927;CA;092;092150;L508;Usellus;;AQES;09/10/1927;092078;Ollastra Usellus;A126;092;CA
1927;CA;092;092150;L508;Usellus;;AQES;09/10/1927;092168;Bannari di Usellus;A609;092;CA
1927;CA;092;092150;L508;Usellus;;AQES;09/10/1927;095803;Escovedu;D432;092;CA
1927;VR;023;023052;F861;Negrar;;AQ;07/10/1927;023091;Verona;L781;023;VR
1927;VR;023;023073;I003;San Martino Buon Albergo;;AQ;07/10/1927;023091;Verona;L781;023;VR
1927;VR;023;023091;L781;Verona;;CE;07/10/1927;023052;Negrar;F861;023;VR
1927;VR;023;023091;L781;Verona;;CE;07/10/1927;023073;San Martino Buon Albergo;I003;023;VR
1927;AQ;066;066049;A345;Aquila degli Abruzzi;;AQES;20/09/1927;066803;Camarda;B458;066;AQ
1927;AQ;066;066049;A345;Aquila degli Abruzzi;;AQES;20/09/1927;066052;Lucoli;E724;066;AQ
1927;AQ;066;066049;A345;Aquila degli Abruzzi;;AQES;20/09/1927;066802;Bagno;A563;066;AQ
1927;AQ;066;066049;A345;Aquila degli Abruzzi;;AQES;20/09/1927;066807;Sassa;I450;066;AQ
1927;AQ;066;066049;A345;Aquila degli Abruzzi;;AQES;20/09/1927;066804;Paganica;G231;066;AQ
1927;AQ;066;066049;A345;Aquila degli Abruzzi;;AQ;20/09/1927;066072;Pizzoli;G726;066;AQ
1927;AQ;066;066049;A345;Aquila degli Abruzzi;;AQES;20/09/1927;066806;Roio Piano;H496;066;AQ
1927;AQ;066;066049;A345;Aquila degli Abruzzi;;AQES;20/09/1927;066801;Arischia;A406;066;AQ
1927;AQ;066;066049;A345;Aquila degli Abruzzi;;AQES;20/09/1927;066805;Preturo;H053;066;AQ
1927;AQ;066;066072;G726;Pizzoli;;CE;20/09/1927;066049;Aquila degli Abruzzi;A345;066;AQ
1927;BS;017;017063;D064;Corteno;;AQES;15/09/1927;017896;Santicolo;I338;017;BS
1927;CA;092;092090;H088;Pula;;AQES;15/09/1927;092163;San Pietro Pula;I118;092;CA
1927;BS;017;017068;D391;Edolo;;AQES;14/09/1927;017833;Cortenedolo;D063;017;BS
1927;BS;017;017068;D391;Edolo;;AQES;14/09/1927;017862;Mu;F792;017;BS
1927;RM;058;058032;C773;Civitavecchia;;AQ;14/09/1927;058105;Tolfa;L192;058;RM
1927;RM;058;058032;C773;Civitavecchia;;CE;14/09/1927;058105;Tolfa;L192;058;RM
1927;RM;058;058105;L192;Tolfa;;AQ;14/09/1927;058032;Civitavecchia;C773;058;RM
1927;RM;058;058105;L192;Tolfa;;CE;14/09/1927;058032;Civitavecchia;C773;058;RM
1927;BG;016;016160;G412;Pedrengo;;CE;09/09/1927;016216;Torre de' Roveri;L265;016;BG
1927;BG;016;016216;L265;Torre de' Roveri;;AQ;09/09/1927;016160;Pedrengo;G412;016;BG
1927;BG;016;016052;B710;Caprino Bergamasco;;AQES;08/09/1927;016865;Sant'Antonio d'Adda;I297;016;BG
1927;VE;027;027023;F229;Mira;;AQ;04/09/1927;027042;Venezia;L736;027;VE
1927;VE;027;027042;L736;Venezia;;CE;04/09/1927;027023;Mira;F229;027;VE
1927;RO;029;029041;H620;Rovigo;;AQES;04/09/1927;029807;Concadirame;C942;029;RO
1927;RO;029;029041;H620;Rovigo;;AQES;04/09/1927;029809;Grignano di Polesine;E176;029;RO
1927;RO;029;029041;H620;Rovigo;;AQES;04/09/1927;029803;Borsea;B060;029;RO
1927;RO;029;029041;H620;Rovigo;;AQES;04/09/1927;029813;Sant'Apollinare con Selva;I303;029;RO
1927;RO;029;029041;H620;Rovigo;;AQES;04/09/1927;029805;Buso Sarzano;B290;029;RO
1927;RO;029;029041;H620;Rovigo;;AQES;04/09/1927;029802;Boara Polesine;A907;029;RO
1927;PG;054;054018;D653;Foligno;;AQES;04/09/1927;054059;Valtopina;L653;054;PG
1927;CA;092;092137;I791;Solarussa;;AQES;04/09/1927;092170;Zerfaliu;M168;092;CA
1927;CA;092;092137;I791;Solarussa;;AQES;04/09/1927;092127;Siamaggiore;I717;092;CA
1927;CA;092;092120;I615;Senorbì;;AQES;27/08/1927;092810;Sisini;I762;092;CA
1927;CA;092;092120;I615;Senorbì;;AQES;27/08/1927;092140;Suelli;I995;092;CA
1927;RC;080;080055;G082;Oppido Mamertina;;AQES;24/08/1927;080819;Tresilico;L391;080;RC
1927;TS;032;032707;D389;Duttogliano;;AQES;20/08/1927;032809;Capriva nel Carso;B713;032;TS
1927;TS;032;032707;D389;Duttogliano;;AQES;20/08/1927;032814;Scoppo;I547;032;TS
1927;BG;016;016084;D110;Costa di Monticelli;;AQES;19/08/1927;016139;Monticelli di Borgogna;F547;016;BG
1927;RI;057;057012;A472;Aspra Sabina;;AQES;19/08/1927;057061;Roccantica;H427;057;RI
1927;RI;057;057012;A472;Aspra Sabina;;AQES;19/08/1927;057010;Cantalupo in Sabina;B631;057;RI
1927;CO;013;013078;D065;Cortenova;;AQES;06/08/1927;013819;Bindo;A873;013;CO
1927;CO;013;013141;E879;Mandello del Lario;;AQES;06/08/1927;013928;Rongio;H548;013;CO
1927;BG;016;016158;G346;Parre;;CE;06/08/1927;016168;Ponte di Nossa;G845;016;BG
1927;BG;016;016168;G845;Ponte di Nossa;;AQ;06/08/1927;016158;Parre;G346;016;BG
1927;AV;064;064001;A101;Aiello del Sabato;;AQES;06/08/1927;064026;Cesinali;C576;064;AV
1927;AV;064;064001;A101;Aiello del Sabato;;AQES;06/08/1927;064808;Tavernola San Felice;L072;064;AV
1927;BA;072;072030;F376;Monopoli;;CE;06/08/1927;074007;Fasano;D508;074;BR
1927;BR;074;074007;D508;Fasano;;AQ;06/08/1927;072030;Monopoli;F376;072;BA
1927;CA;092;092057;E742;Lunamatrona;;AQES;06/08/1927;092129;Siddi;I724;092;CA
1927;CA;092;092057;E742;Lunamatrona;;AQES;06/08/1927;092085;Pauli Arbarei;G382;092;CA
1927;RC;080;080063;H224;Reggio di Calabria;;AQES;03/08/1927;080805;Gallico;D877;080;RC
1927;RC;080;080063;H224;Reggio di Calabria;;AQES;03/08/1927;080806;Gallina;D880;080;RC
1927;RC;080;080063;H224;Reggio di Calabria;;AQES;03/08/1927;080096;Villa San Giovanni;M018;080;RC
1927;RC;080;080063;H224;Reggio di Calabria;;AQES;03/08/1927;080034;Fiumara;D619;080;RC
1927;RC;080;080063;H224;Reggio di Calabria;;AQES;03/08/1927;080815;Salice Calabro;H709;080;RC
1927;RC;080;080063;H224;Reggio di Calabria;;AQES;03/08/1927;080018;Campo di Calabria;B516;080;RC
1927;RC;080;080063;H224;Reggio di Calabria;;AQES;03/08/1927;080816;Sambatello;H741;080;RC
1927;RC;080;080063;H224;Reggio di Calabria;;AQES;03/08/1927;080814;Rosalì;H557;080;RC
1927;RC;080;080063;H224;Reggio di Calabria;;AQES;03/08/1927;080804;Catona;C355;080;RC
1927;RC;080;080063;H224;Reggio di Calabria;;AQES;03/08/1927;080811;Pellaro;G422;080;RC
1927;RC;080;080063;H224;Reggio di Calabria;;AQES;03/08/1927;080803;Cataforio;C350;080;RC
1927;RC;080;080063;H224;Reggio di Calabria;;AQES;03/08/1927;080801;Cannitello;B614;080;RC
1927;RC;080;080063;H224;Reggio di Calabria;;AQES;03/08/1927;080820;Villa San Giuseppe;H934;080;RC
1927;RC;080;080063;H224;Reggio di Calabria;;AQES;03/08/1927;080812;Podargoni;G745;080;RC
1927;BG;016;016239;M305;Almè con Villa;;AQES;31/07/1927;016811;Bruntino;B222;016;BG
1927;BG;016;016239;M305;Almè con Villa;;AQES;31/07/1927;016005;Almè;A214;016;BG
1927;TO;001;001022;A651;Bardonecchia;;AQES;27/07/1927;001836;Melezet;F103;001;TO
1927;TO;001;001022;A651;Bardonecchia;;AQES;27/07/1927;001854;Rochemolles;H457;001;TO
1927;TO;001;001022;A651;Bardonecchia;;AQES;27/07/1927;001838;Millaures;F212;001;TO
1927;VA;012;012055;C922;Comerio;;AQES;27/07/1927;012093;Luvinate;E769;012;VA
1927;VA;012;012055;C922;Comerio;;AQES;27/07/1927;012008;Barasso;A619;012;VA
1927;RO;029;029029;E522;Lendinara;;AQES;27/07/1927;029811;Ramo di Palo;H169;029;RO
1927;CA;092;092045;E004;Ghilarza;;AQES;27/07/1927;095801;Domusnovas Canales;D335;092;CA
1927;CA;092;092045;E004;Ghilarza;;AQES;27/07/1927;092141;Tadasuni;L023;092;CA
1927;CA;092;092045;E004;Ghilarza;;AQES;27/07/1927;095813;Zuri;M206;092;CA
1927;CA;092;092045;E004;Ghilarza;;AQES;27/07/1927;092866;Soddì;I778;092;CA
1927;CA;092;092045;E004;Ghilarza;;AQES;27/07/1927;092021;Boroneddu;B055;092;CA
1927;CA;092;092045;E004;Ghilarza;;AQES;27/07/1927;092072;Norbello;F934;092;CA
1927;CA;092;092045;E004;Ghilarza;;AQES;27/07/1927;092001;Abbasanta;A007;092;CA
1927;CO;013;013166;G026;Olgiate Molgora;;AQES;15/07/1927;013903;Mondonico;F349;013;CO
1927;CO;013;013166;G026;Olgiate Molgora;;AQES;15/07/1927;013039;Calco;B396;013;CO
1927;TN;022;022161;H612;Rovereto;;AQES;15/07/1927;022880;Noriglio;F936;022;TN
1927;TN;022;022161;H612;Rovereto;;AQES;15/07/1927;022851;Lizzana;E628;022;TN
1927;TN;022;022161;H612;Rovereto;;AQES;15/07/1927;022863;Marco;E935;022;TN
1927;AL;006;006894;F325;Monastero Bormida;;AQ;06/07/1927;006932;Sessame;I678;006;AL
1927;AL;006;006932;I678;Sessame;;CE;06/07/1927;006894;Monastero Bormida;F325;006;AL
1927;CA;092;092003;A180;Ales;;AQES;02/07/1927;092825;Curcuris;D214;092;CA
1927;CA;092;092003;A180;Ales;;AQES;02/07/1927;095812;Zeppara;M164;092;CA
1927;CA;092;092003;A180;Ales;;AQES;02/07/1927;092084;Pau;G379;092;CA
1927;PC;033;033005;A909;Bobbio;;AQ;28/06/1927;033043;Travo;L348;033;PC
1927;PC;033;033043;L348;Travo;;CE;28/06/1927;033005;Bobbio;A909;033;PC
1927;TR;055;055001;A045;Acquasparta;;CE;17/06/1927;055032;Terni;L117;055;TR
1927;TR;055;055032;L117;Terni;;AQ;17/06/1927;055001;Acquasparta;A045;055;TR
1927;CO;013;013146;F133;Merate;;AQES;09/06/1927;013907;Novate Brianza;F954;013;CO
1927;BS;017;017170;H717;Salò;;AQES;09/06/1927;017819;Campoverde;B316;017;BS
1927;TS;032;032713;I674;Sesana;;AQES;09/06/1927;032812;Poverio;G946;032;TS
1927;TS;032;032713;I674;Sesana;;AQES;09/06/1927;032816;Storie;I961;032;TS
1927;BG;016;016111;D952;Gazzaniga;;AQES;02/06/1927;016846;Orezzo;G094;016;BG
1927;BG;016;016111;D952;Gazzaniga;;AQES;02/06/1927;016100;Fiorano al Serio;D606;016;BG
1927;BG;016;016806;A966;Bondione;;AQES;02/06/1927;016836;Lizzola;E631;016;BG
1927;TS;032;032702;C391;Cave Auremiane;;AQES;02/06/1927;032807;Auremo di Sopra;A498;032;TS
1927;TS;032;032702;C391;Cave Auremiane;;AQES;02/06/1927;032810;Famie;D485;032;TS
1927;LI;049;049003;B553;Campo nell'Elba;;AQ;02/06/1927;;;;;
1927;NA;063;063014;B696;Capri;;AQES;02/06/1927;063004;Anacapri;A268;063;NA
1927;PR;034;034002;A646;Bardi;;AQES;27/05/1927;034805;Pione;G689;034;PR
1927;PV;018;018018;B038;Borgo San Siro;;AQ;25/05/1927;018164;Tromello;L449;018;PV
1927;PV;018;018164;L449;Tromello;;CE;25/05/1927;018018;Borgo San Siro;B038;018;PV
1927;PI;050;050026;G702;Pisa;;AQ;19/05/1927;050031;Bagni San Giuliano;A562;050;PI
1927;PI;050;050031;A562;Bagni San Giuliano;;CE;19/05/1927;050026;Pisa;G702;050;PI
1927;NA;063;063080;I862;Sorrento;;AQES;18/05/1927;063053;Piano di Sorrento;G568;063;NA
1927;NA;063;063080;I862;Sorrento;;AQES;18/05/1927;063071;Sant'Agnello;I208;063;NA
1927;NA;063;063080;I862;Sorrento;;AQES;18/05/1927;063046;Meta;F162;063;NA
1927;VR;023;023091;L781;Verona;;AQES;12/05/1927;023071;San Giovanni Lupatoto;H924;023;VR
1927;VR;023;023091;L781;Verona;;AQES;12/05/1927;023815;Quinto di Valpantena;H133;023;VR
1927;VR;023;023091;L781;Verona;;AQES;12/05/1927;023819;Santa Maria in Stelle;I246;023;VR
1927;VR;023;023091;L781;Verona;;AQES;12/05/1927;023813;Parona di Valpolicella;G341;023;VR
1927;VR;023;023091;L781;Verona;;AQES;12/05/1927;023806;Ca' di David;B342;023;VR
1927;CA;092;092120;I615;Senorbì;;AQES;24/04/1927;092801;Arixi;A408;092;CA
1927;PG;054;054051;I921;Spoleto;;AQES;08/04/1927;054021;Giano dell'Umbria;E012;054;PG
1927;PG;054;054051;I921;Spoleto;;AQES;08/04/1927;054058;Vallo di Nera;L627;054;PG
1927;PG;054;054051;I921;Spoleto;;AQES;08/04/1927;054005;Campello sul Clitunno;B504;054;PG
1927;PG;054;054051;I921;Spoleto;;AQES;08/04/1927;054008;Castel Ritaldi e San Giovanni;C252;054;PG
1927;PG;054;054051;I921;Spoleto;;AQES;08/04/1927;054047;Scheggino;I523;054;PG
1927;PG;054;054051;I921;Spoleto;;AQES;08/04/1927;054045;Sant'Anatolia di Narco;I263;054;PG
1927;ME;083;083016;C347;Castroreale;;AQES;23/03/1927;083075;Rodi;H479;083;ME
1927;FC;040;040009;C777;Civitella di Romagna;;CE;16/03/1927;040032;Predappio Nuova;H017;040;FC
1927;FC;040;040014;D867;Galeata;;CE;16/03/1927;040032;Predappio Nuova;H017;040;FC
1927;FC;040;040032;H017;Predappio Nuova;;AQ;16/03/1927;040036;Rocca San Casciano;H437;040;FC
1927;FC;040;040032;H017;Predappio Nuova;;AQ;16/03/1927;040009;Civitella di Romagna;C777;040;FC
1927;FC;040;040032;H017;Predappio Nuova;;AQ;16/03/1927;040014;Galeata;D867;040;FC
1927;FC;040;040036;H437;Rocca San Casciano;;CE;16/03/1927;040032;Predappio Nuova;H017;040;FC
1927;RM;058;058871;D843;Gaeta;;AQES;16/03/1927;059802;Elena;D393;058;RM
1927;BG;016;016024;A794;Bergamo;;AQES;12/03/1927;016881;Valtesse;L652;016;BG
1927;BG;016;016024;A794;Bergamo;;AQES;12/03/1927;016819;Colognola del Piano;C896;016;BG
1927;BG;016;016024;A794;Bergamo;;AQES;12/03/1927;016835;Grumello del Piano;E220;016;BG
1927;BG;016;016024;A794;Bergamo;;AQES;12/03/1927;016852;Redona;H217;016;BG
1927;BG;016;016058;B947;Casazza;;AQES;10/03/1927;016842;Molini di Colognola;F289;016;BG
1927;NO;003;003142;I976;Stresa Borromeo;;AQES;01/03/1927;003820;Brisino;B189;003;NO
1927;NO;003;003142;I976;Stresa Borromeo;;AQES;01/03/1927;003835;Chignolo Verbano;C636;003;NO
1927;BG;016;016190;I079;San Pellegrino;;AQES;19/02/1927;016849;Piazzo Alto;G585;016;BG
1927;VR;023;023091;L781;Verona;;AQES;16/02/1927;023816;Quinzano Veronese;H142;023;VR
1927;VR;023;023091;L781;Verona;;AQES;16/02/1927;023801;Avesa;A513;023;VR
1927;VR;023;023091;L781;Verona;;AQES;16/02/1927;023818;San Michele Extra;I041;023;VR
1927;VR;023;023091;L781;Verona;;AQES;16/02/1927;023811;Montorio Veronese;F691;023;VR
1927;VR;023;023091;L781;Verona;;AQES;16/02/1927;023817;San Massimo all'Adige;I022;023;VR
1927;PC;033;033019;D502;Farini d'Olmo;;AQES;27/01/1927;034801;Boccolo de' Tassi;A915;034;PR
1927;PC;033;033020;D555;Ferriere;;AQES;27/01/1927;034801;Boccolo de' Tassi;A915;034;PR
1927;PR;034;034002;A646;Bardi;;AQES;27/01/1927;034801;Boccolo de' Tassi;A915;034;PR
1927;TN;022;022486;H719;Salorno/Salurn;Salurn;AQES;13/01/1927;021809;Cauria/Gfrill;C358;022;TN
1927;GO;031;031007;E098;Gorizia;;AQES;12/01/1927;031808;San Pietro di Gorizia;I091;031;GO
1927;GO;031;031007;E098;Gorizia;;AQES;12/01/1927;031809;Sant'Andrea di Gorizia;I269;031;GO
1927;GO;031;031007;E098;Gorizia;;AQES;12/01/1927;031805;Piedimonte del Calvario;G599;031;GO
1927;GO;031;031007;E098;Gorizia;;AQES;12/01/1927;031804;Lucinico;E720;031;GO
1927;GO;031;031007;E098;Gorizia;;AQES;12/01/1927;031807;Salcano;H692;031;GO
1927;TS;032;032706;F834;Nacla San Maurizio;;AQES;12/01/1927;032813;Roditti;H482;032;TS
1927;TR;055;055032;L117;Terni;;AQES;12/01/1927;055031;Stroncone;I981;055;TR
1927;TR;055;055032;L117;Terni;;AQES;12/01/1927;055810;Piediluco;G595;055;TR
1927;TR;055;055032;L117;Terni;;AQES;12/01/1927;055805;Collescipoli;C873;055;TR
1927;TR;055;055032;L117;Terni;;AQES;12/01/1927;055806;Collestatte;C874;055;TR
1927;TR;055;055032;L117;Terni;;AQES;12/01/1927;055809;Papigno;G322;055;TR
1927;TR;055;055032;L117;Terni;;AQES;12/01/1927;055814;Torre Orsina;L275;055;TR
1927;TR;055;055032;L117;Terni;;AQES;12/01/1927;055804;Cesi;C575;055;TR
1927;PE;068;068028;G482;Pescara;;AQES;12/01/1927;068801;Castellammare Adriatico;C132;068;PE
1927;RG;088;088009;H163;Ragusa;;AQES;12/01/1927;088801;Ragusa Ibla;H164;088;RG
1926;TS;032;032712;I616;Senosecchia;;AQES;12/12/1926;032817;Villabassa di Senosecchia;L914;032;TS
1926;TS;032;032712;I616;Senosecchia;;AQES;12/12/1926;032815;Senadole;I746;032;TS
1926;TS;032;032712;I616;Senosecchia;;AQES;12/12/1926;032811;Lase;E460;032;TS
1926;RM;058;058013;B114;Bracciano;;AQ;30/11/1926;058029;Cerveteri;C552;058;RM
1926;RM;058;058029;C552;Cerveteri;;CE;30/11/1926;058013;Bracciano;B114;058;RM
1926;TN;022;022205;L378;Trento;;AQES;25/11/1926;022919;Sopramonte;I834;022;TN
1926;TN;022;022205;L378;Trento;;AQES;13/11/1926;022813;Cadine;B344;022;TN
1926;TN;022;022205;L378;Trento;;AQES;13/11/1926;022940;Villazzano;M036;022;TN
1926;TN;022;022205;L378;Trento;;AQES;13/11/1926;022868;Meano;F076;022;TN
1926;TN;022;022205;L378;Trento;;AQES;13/11/1926;022844;Gardolo al Piano;D916;022;TN
1926;TN;022;022205;L378;Trento;;AQES;13/11/1926;022825;Cognola;C822;022;TN
1926;TN;022;022205;L378;Trento;;AQES;13/11/1926;022888;Povo;G948;022;TN
1926;TN;022;022205;L378;Trento;;AQES;13/11/1926;022899;Ravina;H201;022;TN
1926;TN;022;022205;L378;Trento;;AQES;13/11/1926;022901;Romagnano;H504;022;TN
1926;TN;022;022205;L378;Trento;;AQES;13/11/1926;022867;Mattarello;F056;022;TN
1926;TN;022;022205;L378;Trento;;AQES;13/11/1926;022910;Sardagna;I427;022;TN
1926;BS;017;017067;D284;Desenzano del Garda;;AQES;17/09/1926;017887;Rivoltella;H358;017;BS
1926;VE;027;027023;F229;Mira;;CE;24/08/1926;027042;Venezia;L736;027;VE
1926;VE;027;027042;L736;Venezia;;AQES;24/08/1926;027808;Zelarino;M154;027;VE
1926;VE;027;027042;L736;Venezia;;AQES;24/08/1926;027803;Favaro Veneto;D515;027;VE
1926;VE;027;027042;L736;Venezia;;AQES;24/08/1926;027802;Chirignago;C647;027;VE
1926;VE;027;027042;L736;Venezia;;AQ;24/08/1926;027023;Mira;F229;027;VE
1926;VE;027;027042;L736;Venezia;;AQES;24/08/1926;027805;Mestre;F159;027;VE
1926;FC;040;040009;C777;Civitella di Romagna;;AQ;06/08/1926;040043;Santa Sofia;I310;040;FC
1926;FC;040;040033;H034;Premilcuore;;CE;06/08/1926;040043;Santa Sofia;I310;040;FC
1926;FC;040;040043;I310;Santa Sofia;;AQ;06/08/1926;040033;Premilcuore;H034;040;FC
1926;FC;040;040043;I310;Santa Sofia;;CE;06/08/1926;040009;Civitella di Romagna;C777;040;FC
1926;TN;022;022217;L893;Vigo di Fassa;;AQES;22/07/1926;022113;Mazzin;F068;022;TN
1926;TN;022;022217;L893;Vigo di Fassa;;AQES;22/07/1926;022145;Pozza;G950;022;TN
1926;TN;022;022217;L893;Vigo di Fassa;;AQES;22/07/1926;022176;Soraga;I839;022;TN
1926;TN;022;022217;L893;Vigo di Fassa;;AQES;22/07/1926;022884;Perra;G464;022;TN
1926;NA;063;063049;F839;Napoli;;AQES;04/07/1926;063802;Chiaiano ed Uniti;C603;063;NA
1926;NA;063;063049;F839;Napoli;;AQES;04/07/1926;063810;Secondigliano;I560;063;NA
1926;NA;063;063049;F839;Napoli;;AQES;04/07/1926;063804;Pianura;G573;063;NA
1926;NA;063;063049;F839;Napoli;;AQES;04/07/1926;063812;Soccavo;I776;063;NA
1926;LE;075;075812;D761;Francavilla Fontana;;CECS;18/03/1926;075844;Villa Castelli;L920;075;LE
1926;CT;087;087015;C351;Catania;;AQES;18/03/1926;087802;San Giovanni di Galermo;H915;087;CT
1926;VI;024;024106;D717;Tonezza;;CECS;06/03/1926;024803;Forni di Val d'Astico;D721;024;VI
1926;PU;041;041026;F136;Piandicastello;;AQ;04/03/1926;041035;Monte Grimano;F524;041;PU
1926;PU;041;041035;F524;Monte Grimano;;CE;04/03/1926;041026;Piandicastello;F136;041;PU
1926;TN;022;022039;B579;Canazei;;AQES;02/03/1926;022036;Campitello;B514;022;TN
1926;TN;022;022662;L444;Trodena/Truden;Truden;AQES;02/03/1926;021885;San Lugano/St. Lugano;H972;022;TN
1926;FC;040;040009;C777;Civitella di Romagna;;CE;21/02/1926;040019;Meldola;F097;040;FC
1926;FC;040;040019;F097;Meldola;;AQ;21/02/1926;040009;Civitella di Romagna;C777;040;FC
1926;BG;016;016843;F875;Nese;;AQ;19/02/1926;016851;Poscante;G930;016;BG
1926;BG;016;016851;G930;Poscante;;CE;19/02/1926;016843;Nese;F875;016;BG
1926;LU;046;046001;A241;Altopascio;;AQ;10/02/1926;046007;Capannori;B648;046;LU
1926;LU;046;046007;B648;Capannori;;CE;10/02/1926;046001;Altopascio;A241;046;LU
1926;CO;013;013074;C902;Colonno;;AQ;07/02/1926;013203;Sala Comacina;H679;013;CO
1926;CO;013;013203;H679;Sala Comacina;;CE;07/02/1926;013074;Colonno;C902;013;CO
1926;GE;010;010025;D969;Genova;;AQES;06/02/1926;010802;Bavari;A724;010;GE
1926;GE;010;010025;D969;Genova;;AQES;06/02/1926;010807;Cornigliano Ligure;D025;010;GE
1926;GE;010;010025;D969;Genova;;AQES;06/02/1926;010816;Quarto dei Mille;H115;010;GE
1926;GE;010;010025;D969;Genova;;AQES;06/02/1926;010823;San Pier d'Arena;I081;010;GE
1926;GE;010;010025;D969;Genova;;AQES;06/02/1926;010815;Pra;G967;010;GE
1926;GE;010;010025;D969;Genova;;AQES;06/02/1926;010801;Apparizione;A331;010;GE
1926;GE;010;010025;D969;Genova;;AQES;06/02/1926;010828;Struppa;I987;010;GE
1926;GE;010;010025;D969;Genova;;AQES;06/02/1926;010825;Sant'Ilario Ligure;I340;010;GE
1926;GE;010;010025;D969;Genova;;AQES;06/02/1926;010804;Bolzaneto;A951;010;GE
1926;GE;010;010025;D969;Genova;;AQES;06/02/1926;010824;San Quirico in Val Polcevera;I134;010;GE
1926;GE;010;010025;D969;Genova;;AQES;06/02/1926;010818;Rivarolo Ligure;H339;010;GE
1926;GE;010;010025;D969;Genova;;AQES;06/02/1926;010813;Pegli;G414;010;GE
1926;GE;010;010025;D969;Genova;;AQES;06/02/1926;010805;Borzoli;B066;010;GE
1926;GE;010;010025;D969;Genova;;AQES;06/02/1926;010814;Pontedecimo;G841;010;GE
1926;GE;010;010025;D969;Genova;;AQES;06/02/1926;010829;Voltri;M129;010;GE
1926;GE;010;010025;D969;Genova;;AQES;06/02/1926;010812;Nervi;F873;010;GE
1926;GE;010;010025;D969;Genova;;AQES;06/02/1926;010810;Molassana;F282;010;GE
1926;GE;010;010025;D969;Genova;;AQES;06/02/1926;010817;Quinto al Mare;H135;010;GE
1926;GE;010;010025;D969;Genova;;AQES;06/02/1926;010826;Sestri Ponente;I694;010;GE
1926;GR;053;053002;B497;Campagnatico;;CE;06/02/1926;053008;Paganico;C782;053;GR
1926;GR;053;053008;C782;Paganico;;AQ;06/02/1926;053002;Campagnatico;B497;053;GR
1926;IM;008;008010;B020;Borgomaro;;AQES;22/01/1926;008807;Candeasco;B583;008;IM
1926;IM;008;008010;B020;Borgomaro;;AQES;22/01/1926;008820;Maro Castello;E966;008;IM
1926;BO;037;037015;B969;Castel di Casio;;CE;22/01/1926;037049;Bagni della Porretta;A558;037;BO
1926;BO;037;037029;E135;Granaglione;;CE;22/01/1926;037049;Bagni della Porretta;A558;037;BO
1926;BO;037;037049;A558;Bagni della Porretta;;AQ;22/01/1926;037029;Granaglione;E135;037;BO
1926;BO;037;037049;A558;Bagni della Porretta;;AQ;22/01/1926;037015;Castel di Casio;B969;037;BO
1926;FI;048;048013;D299;Dicomano;;CE;22/01/1926;048025;Londa;E668;048;FI
1926;FI;048;048025;E668;Londa;;AQ;22/01/1926;048013;Dicomano;D299;048;FI
1926;NA;063;063049;F839;Napoli;;AQES;02/01/1926;063801;Barra;A675;063;NA
1926;NA;063;063049;F839;Napoli;;AQES;02/01/1926;063808;San Pietro a Patierno;I094;063;NA
1926;NA;063;063049;F839;Napoli;;AQES;02/01/1926;063806;Ponticelli;G863;063;NA
1926;NA;063;063049;F839;Napoli;;AQES;02/01/1926;063807;San Giovanni a Teduccio;H908;063;NA
1925;PG;054;054005;B504;Campello sul Clitunno;;AQ;17/12/1925;054054;Trevi;L397;054;PG
1925;PG;054;054054;L397;Trevi;;CE;17/12/1925;054005;Campello sul Clitunno;B504;054;PG
1925;TN;022;022954;A952;Bolzano/Bozen;Bozen;AQES;13/12/1925;021830;Gries/Gries;E174;022;TN
1925;FC;040;040007;C573;Cesena;;AQES;13/12/1925;040803;Roversano;H613;040;FC
1925;AN;042;042002;A271;Ancona;;CE;29/11/1925;042007;Camerata Picena;B470;042;AN
1925;AN;042;042007;B470;Camerata Picena;;AQ;29/11/1925;042002;Ancona;A271;042;AN
1925;FC;040;040005;C339;Castrocaro e Terra del Sole;;AQES;01/11/1925;040801;Fiumana;D618;040;FC
1925;FC;040;040005;C339;Castrocaro e Terra del Sole;;CE;01/11/1925;040032;Predappio;H017;040;FC
1925;FC;040;040007;C573;Cesena;;AQES;01/11/1925;040805;Teodorano;L099;040;FC
1925;FC;040;040009;C777;Civitella di Romagna;;CE;01/11/1925;040043;Santa Sofia;I310;040;FC
1925;FC;040;040009;C777;Civitella di Romagna;;CE;01/11/1925;040019;Meldola;F097;040;FC
1925;FC;040;040009;C777;Civitella di Romagna;;AQES;01/11/1925;040805;Teodorano;L099;040;FC
1925;FC;040;040014;D867;Galeata;;AQ;01/11/1925;040032;Predappio;H017;040;FC
1925;FC;040;040014;D867;Galeata;;CE;01/11/1925;040032;Predappio;H017;040;FC
1925;FC;040;040019;F097;Meldola;;AQ;01/11/1925;040009;Civitella di Romagna;C777;040;FC
1925;FC;040;040019;F097;Meldola;;AQES;01/11/1925;040805;Teodorano;L099;040;FC
1925;FC;040;040019;F097;Meldola;;CE;01/11/1925;040032;Predappio;H017;040;FC
1925;FC;040;040032;H017;Predappio;;AQ;01/11/1925;040005;Castrocaro e Terra del Sole;C339;040;FC
1925;FC;040;040032;H017;Predappio;;AQ;01/11/1925;040014;Galeata;D867;040;FC
1925;FC;040;040032;H017;Predappio;;AQ;01/11/1925;040019;Meldola;F097;040;FC
1925;FC;040;040032;H017;Predappio;;CE;01/11/1925;040014;Galeata;D867;040;FC
1925;FC;040;040032;H017;Predappio;;AQES;01/11/1925;040801;Fiumana;D618;040;FC
1925;FC;040;040043;I310;Santa Sofia;;AQ;01/11/1925;040009;Civitella di Romagna;C777;040;FC
1925;FC;040;040043;I310;Santa Sofia;;AQES;01/11/1925;040805;Teodorano;L099;040;FC
1925;FU;701;701710;F060;Mattuglie;;CECS;29/10/1925;701704;Clana;C788;701;FU
1925;TN;022;022040;B697;Capriana;;AQES;22/10/1925;022948;Anterivo/Altrei;A306;022;TN
1925;TN;022;022040;B697;Capriana;;AQES;22/10/1925;022905;Rover Carbonare;H605;022;TN
1925;TN;022;022806;A840;Biacesa;;AQES;15/09/1925;022891;Pregasina;H023;022;TN
1925;TN;022;022984;D079;Ladinia/Corvara;Corvara;AQES;15/09/1925;021815;Colfosco/Colfosco;C837;022;TN
1925;TS;032;032708;G941;Postumia;;AQES;15/09/1925;032808;Caccia;B318;032;TS
1925;IM;008;008020;C660;Chiusavecchia;;CECS;08/09/1925;008018;Cesio;C578;008;IM
1925;IM;008;008020;C660;Chiusavecchia;;CECS;08/09/1925;008801;Arzeno d'Oneglia;A457;008;IM
1925;IM;008;008020;C660;Chiusavecchia;;CECS;08/09/1925;008837;Torria;L288;008;IM
1925;IM;008;008023;D087;Cosio d'Arroscia;;CECS;08/09/1925;008034;Mendatica;F123;008;IM
1925;IM;008;008023;D087;Cosio d'Arroscia;;CECS;08/09/1925;008037;Montegrosso Pian Latte;F528;008;IM
1925;IM;008;008027;D297;Diano Marina;;CECS;08/09/1925;008025;Diano Arentino;D293;008;IM
1925;IM;008;008027;D297;Diano Marina;;CECS;08/09/1925;008017;Cervo;C559;008;IM
1925;IM;008;008027;D297;Diano Marina;;CECS;08/09/1925;008026;Diano Castello;D296;008;IM
1925;IM;008;008027;D297;Diano Marina;;CECS;08/09/1925;008028;Diano San Pietro;D298;008;IM
1925;IM;008;008031;E290;Imperia;;CECS;08/09/1925;008824;Montegrazie;F302;008;IM
1925;IM;008;008031;E290;Imperia;;CECS;08/09/1925;008823;Moltedo Superiore;F303;008;IM
1925;IM;008;008055;I138;Sanremo;;CECS;08/09/1925;008812;Col di Rodi;C834;008;IM
1925;IM;008;008056;I365;Santo Stefano al Mare;;CECS;08/09/1925;008044;Pompeiana;G814;008;IM
1925;IM;008;008056;I365;Santo Stefano al Mare;;CECS;08/09/1925;008014;Castellaro;C143;008;IM
1925;IM;008;008056;I365;Santo Stefano al Mare;;CECS;08/09/1925;008060;Terzorio;L146;008;IM
1925;IM;008;008063;L599;Vallecrosia;;CECS;08/09/1925;008053;San Biagio della Cima;H780;008;IM
1925;IM;008;008063;L599;Vallecrosia;;CECS;08/09/1925;008058;Soldano;I796;008;IM
1925;IM;008;008065;L741;Ventimiglia;;CECS;08/09/1925;008011;Camporosso;B559;008;IM
1925;ME;083;083060;F848;Naso;;CECS;01/08/1925;083009;Capo d'Orlando;B666;083;ME
1925;TO;001;001077;C624;Chiaverano;;CECS;26/07/1925;001061;Cascinette d'Ivrea;B953;001;TO
1925;NA;063;063039;E557;Lettere;;CECS;26/07/1925;063074;Sant'Antonio Abate;I300;063;NA
1925;TO;001;001057;B762;Carema;;AQ;17/04/1925;001919;Perloz;G459;001;TO
1925;TO;001;001919;G459;Perloz;;CE;17/04/1925;001057;Carema;B762;001;TO
1925;SO;014;014044;F393;Montagna;;CE;17/04/1925;014049;Piateda;G576;014;SO
1925;SO;014;014049;G576;Piateda;;AQ;17/04/1925;014044;Montagna;F393;014;SO
1925;MI;015;015134;E921;Marcallo con Casone;;CE;17/04/1925;015164;Ossona;G181;015;MI
1925;MI;015;015164;G181;Ossona;;AQ;17/04/1925;015134;Marcallo con Casone;E921;015;MI
1925;MN;020;020021;D227;Curtatone;;CE;21/03/1925;020030;Mantova;E897;020;MN
1925;MN;020;020030;E897;Mantova;;AQ;21/03/1925;020069;Virgilio;H123;020;MN
1925;MN;020;020030;E897;Mantova;;AQ;21/03/1925;020057;San Giorgio di Mantova;H883;020;MN
1925;MN;020;020030;E897;Mantova;;AQ;21/03/1925;020021;Curtatone;D227;020;MN
1925;MN;020;020030;E897;Mantova;;AQ;21/03/1925;020045;Porto Mantovano;G917;020;MN
1925;MN;020;020045;G917;Porto Mantovano;;CE;21/03/1925;020030;Mantova;E897;020;MN
1925;MN;020;020057;H883;San Giorgio di Mantova;;CE;21/03/1925;020030;Mantova;E897;020;MN
1925;MN;020;020069;H123;Virgilio;;CE;21/03/1925;020030;Mantova;E897;020;MN
1925;TN;022;022047;C189;Castello di Fiemme;;AQES;18/03/1925;022921;Stramentizzo;I972;022;TN
1924;FU;701;701712;H064;Primano;;AQES;03/12/1924;701807;Retacevo in Monte;H193;701;FU
1924;FU;701;701712;H064;Primano;;AQES;03/12/1924;701805;Ceglie;C425;701;FU
1924;FU;701;701712;H064;Primano;;AQES;03/12/1924;701802;Berdo San Giovanni;A790;701;FU
1924;FU;701;701712;H064;Primano;;AQES;03/12/1924;701806;Monte Chilovi;ND;701;FU
1924;FU;701;701712;H064;Primano;;AQES;03/12/1924;701809;Smeria;I773;701;FU
1924;UD;030;030107;G831;Pontebba;;AQES;23/09/1924;030814;Pontebba Nova;G832;030;UD
1924;TN;022;022025;B153;Brentonico;;CE;19/04/1924;022123;Mori;F728;022;TN
1924;TN;022;022123;F728;Mori;;AQ;19/04/1924;022025;Brentonico;B153;022;TN
1924;TN;022;022123;F728;Mori;;AQES;19/04/1924;022932;Valle San Felice;L618;022;TN
1924;TN;022;022135;G313;Pannone;;AQES;18/04/1924;022879;Nomesino;F928;022;TN
1924;TN;022;022135;G313;Pannone;;AQES;18/04/1924;022822;Chienis;C626;022;TN
1924;TN;022;022135;G313;Pannone;;AQES;18/04/1924;022904;Ronzo;H551;022;TN
1924;TN;022;022135;G313;Pannone;;AQES;18/04/1924;022861;Manzano;E898;022;TN
1924;RM;058;058015;B496;Campagnano di Roma;;CE;12/04/1924;058091;Roma;H501;058;RM
1924;RM;058;058091;H501;Roma;;AQ;12/04/1924;058015;Campagnano di Roma;B496;058;RM
1924;RO;029;029804;B095;Bottrighe;;CECS;19/03/1924;029801;Bellombra;A754;029;RO
1924;UD;030;030151;I621;Sequals;;CE;18/03/1924;030154;Spilimbergo;I904;030;UD
1924;UD;030;030154;I904;Spilimbergo;;AQ;18/03/1924;030151;Sequals;I621;030;UD
1924;MI;015;015403;D869;Gallarate;;AQES;11/03/1924;012843;Crenna;D152;015;MI
1924;MI;015;015403;D869;Gallarate;;AQES;11/03/1924;012825;Cajello;B372;015;MI
1924;CO;013;013124;E507;Lecco;;AQES;02/03/1924;013802;Acquate;A046;013;CO
1924;CO;013;013124;E507;Lecco;;AQ;02/03/1924;013898;Maggianico;E802;013;CO
1924;CO;013;013124;E507;Lecco;;AQES;02/03/1924;013849;Castello Sopra Lecco;C180;013;CO
1924;CO;013;013124;E507;Lecco;;AQES;02/03/1924;013879;Germanedo;D985;013;CO
1924;CO;013;013124;E507;Lecco;;AQES;02/03/1924;013933;San Giovanni alla Castagna;H905;013;CO
1924;CO;013;013124;E507;Lecco;;AQES;02/03/1924;013888;Laorca;E446;013;CO
1924;CO;013;013124;E507;Lecco;;AQES;02/03/1924;013923;Rancio di Lecco;H172;013;CO
1924;CO;013;013898;E802;Maggianico;;CE;02/03/1924;013124;Lecco;E507;013;CO
1924;PR;034;034027;G337;Parma;;AQ;29/02/1924;034803;Golese;E080;034;PR
1924;PR;034;034027;G337;Parma;;AQ;29/02/1924;034802;Cortile San Martino;D074;034;PR
1924;PR;034;034027;G337;Parma;;AQ;29/02/1924;034807;San Lazzaro Parmense;H948;034;PR
1924;PR;034;034027;G337;Parma;;AQ;29/02/1924;034809;San Pancrazio Parmense;I068;034;PR
1924;PR;034;034027;G337;Parma;;AQ;29/02/1924;034810;Vigatto;L870;034;PR
1924;PR;034;034802;D074;Cortile San Martino;;CE;29/02/1924;034027;Parma;G337;034;PR
1924;PR;034;034803;E080;Golese;;CE;29/02/1924;034027;Parma;G337;034;PR
1924;PR;034;034807;H948;San Lazzaro Parmense;;CE;29/02/1924;034027;Parma;G337;034;PR
1924;PR;034;034809;I068;San Pancrazio Parmense;;CE;29/02/1924;034027;Parma;G337;034;PR
1924;PR;034;034810;L870;Vigatto;;CE;29/02/1924;034027;Parma;G337;034;PR
1924;MI;015;015036;B240;Buccinasco;;CE;22/02/1924;015146;Milano;F205;015;MI
1924;MI;015;015093;D045;Corsico;;CE;22/02/1924;015146;Milano;F205;015;MI
1924;MI;015;015146;F205;Milano;;AQ;22/02/1924;015093;Corsico;D045;015;MI
1924;MI;015;015146;F205;Milano;;AQ;22/02/1924;015036;Buccinasco;B240;015;MI
1924;UD;030;030005;A346;Aquileia;;AQES;20/02/1924;030164;Terzo d'Aquileia;L144;030;UD
1924;UD;030;030005;A346;Aquileia;;AQES;20/02/1924;030059;Fiumicello;D627;030;UD
1924;VE;027;027042;L736;Venezia;;AQES;17/02/1924;027801;Burano;B273;027;VE
1924;VE;027;027042;L736;Venezia;;AQES;17/02/1924;027806;Murano;F807;027;VE
1924;FC;040;040043;I310;Santa Sofia;;AQES;09/02/1924;040802;Mortano;F753;040;FC
1924;CL;085;085005;B537;Campofranco;;CECS;09/02/1924;085010;Milocca;E618;085;CL
1924;CL;085;085020;L016;Sutera;;CECS;09/02/1924;085010;Milocca;E618;085;CL
1924;CB;070;070051;E259;Guglionesi;;CECS;07/02/1924;070084;Petacciato;G506;070;CB
1924;PL;702;702710;C601;Cherso;;CE;07/02/1924;702726;Ossero;G177;702;PL
1924;PL;702;702726;G177;Ossero;;CECS;07/02/1924;702724;Neresine;F869;702;PL
1924;PL;702;702726;G177;Ossero;;AQ;07/02/1924;702710;Cherso;C601;702;PL
1924;IM;008;008020;C660;Chiusavecchia;;AQES;04/02/1924;008833;Sarola;I440;008;IM
1924;IM;008;008020;C660;Chiusavecchia;;AQES;04/02/1924;008825;Olivastri;G035;008;IM
1924;IM;008;008020;C660;Chiusavecchia;;AQES;04/02/1924;008018;Cesio;C578;008;IM
1924;IM;008;008020;C660;Chiusavecchia;;AQES;04/02/1924;008033;Lucinasco;E719;008;IM
1924;IM;008;008020;C660;Chiusavecchia;;AQES;04/02/1924;008837;Torria;L288;008;IM
1924;IM;008;008020;C660;Chiusavecchia;;AQES;04/02/1924;008801;Arzeno d'Oneglia;A457;008;IM
1924;IM;008;008023;D087;Cosio d'Arroscia;;AQES;04/02/1924;008037;Montegrosso Pian Latte;F528;008;IM
1924;IM;008;008023;D087;Cosio d'Arroscia;;AQES;04/02/1924;008034;Mendatica;F123;008;IM
1924;IM;008;008027;D297;Diano Marina;;AQES;04/02/1924;008067;Villa Faraldi;L943;008;IM
1924;IM;008;008027;D297;Diano Marina;;AQES;04/02/1924;008026;Diano Castello;D296;008;IM
1924;IM;008;008027;D297;Diano Marina;;AQES;04/02/1924;008815;Diano Borello;D294;008;IM
1924;IM;008;008027;D297;Diano Marina;;AQES;04/02/1924;008025;Diano Arentino;D293;008;IM
1924;IM;008;008027;D297;Diano Marina;;AQES;04/02/1924;008816;Diano Calderina;D295;008;IM
1924;IM;008;008027;D297;Diano Marina;;AQES;04/02/1924;008017;Cervo;C559;008;IM
1924;IM;008;008027;D297;Diano Marina;;AQES;04/02/1924;008028;Diano San Pietro;D298;008;IM
1924;IM;008;008027;D297;Diano Marina;;AQES;04/02/1924;008052;San Bartolomeo del Cervo;H763;008;IM
1924;IM;008;008055;I138;Sanremo;;AQES;04/02/1924;008812;Col di Rodi;C834;008;IM
1924;IM;008;008056;I365;Santo Stefano al Mare;;AQES;04/02/1924;008044;Pompeiana;G814;008;IM
1924;IM;008;008056;I365;Santo Stefano al Mare;;AQES;04/02/1924;008060;Terzorio;L146;008;IM
1924;IM;008;008056;I365;Santo Stefano al Mare;;AQES;04/02/1924;008014;Castellaro;C143;008;IM
1924;IM;008;008063;L599;Vallecrosia;;AQES;04/02/1924;008058;Soldano;I796;008;IM
1924;IM;008;008063;L599;Vallecrosia;;AQES;04/02/1924;008053;San Biagio della Cima;H780;008;IM
1924;IM;008;008065;L741;Ventimiglia;;AQES;04/02/1924;008011;Camporosso;B559;008;IM
1924;CT;087;087017;E017;Giarre;;CECS;29/01/1924;087046;Sant'Alfio;I216;087;CT
1924;SO;014;014065;L084;Teglio;;CECS;20/01/1924;014004;Aprica;A337;014;SO
1924;CE;061;061868;H393;Rocca d'Arce;;CECS;13/01/1924;061838;Colfelice;C836;061;CE
1923;SP;011;011008;B410;Calice al Cornoviglio;;CE;22/12/1923;011025;Rocchetta di Vara;H461;011;SP
1923;SP;011;011025;H461;Rocchetta di Vara;;AQ;22/12/1923;045804;Calice al Cornoviglio;B410;045;MS
1923;IM;008;008031;E290;Imperia;;AQES;29/11/1923;008826;Oneglia;G067;008;IM
1923;IM;008;008031;E290;Imperia;;AQES;29/11/1923;008824;Montegrazie;F302;008;IM
1923;IM;008;008031;E290;Imperia;;AQES;29/11/1923;008808;Caramagna Ligure;B721;008;IM
1923;IM;008;008031;E290;Imperia;;AQES;29/11/1923;008823;Moltedo Superiore;F303;008;IM
1923;IM;008;008031;E290;Imperia;;AQES;29/11/1923;008836;Torrazza;L236;008;IM
1923;IM;008;008031;E290;Imperia;;AQES;29/11/1923;008829;Piani;G563;008;IM
1923;IM;008;008031;E290;Imperia;;AQES;29/11/1923;008804;Borgo Sant'Agata;B039;008;IM
1923;IM;008;008031;E290;Imperia;;AQES;29/11/1923;008830;Poggi;G750;008;IM
1923;IM;008;008031;E290;Imperia;;AQES;29/11/1923;008814;Costa d'Oneglia;D104;008;IM
1923;IM;008;008031;E290;Imperia;;AQES;29/11/1923;008810;Castelvecchio di Santa Maria Maggiore;C277;008;IM
1923;GE;010;010805;B066;Borzoli;;CE;29/11/1923;010826;Sestri Ponente;I694;010;GE
1923;GE;010;010826;I694;Sestri Ponente;;AQES;29/11/1923;010821;San Giovanni Battista;H909;010;GE
1923;GE;010;010826;I694;Sestri Ponente;;AQ;29/11/1923;010805;Borzoli;B066;010;GE
1923;ME;083;083016;C347;Castroreale;;CECS;28/11/1923;083075;Rodi;H479;083;ME
1923;ME;083;083073;H380;Roccavaldina;;CECS;28/11/1923;083098;Torregrotta;L271;083;ME
1923;AG;084;084030;H159;Raffadali;;CECS;28/11/1923;084019;Joppolo Giancaxio;E390;084;AG
1923;TS;032;032003;F795;Muggia;;CE;15/11/1923;702709;Capodistria;B665;702;PL
1923;PL;702;702709;B665;Capodistria;;AQ;15/11/1923;032003;Muggia;F795;032;TS
1923;TN;022;022434;F132;Merano/Meran;Meran;AQES;08/11/1923;021869;Quarazze/Gratsch;D213;022;TN
1923;TN;022;022434;F132;Merano/Meran;Meran;AQES;08/11/1923;021841;Maia Alta/Obermais;E831;022;TN
1923;TN;022;022434;F132;Merano/Meran;Meran;AQES;08/11/1923;021842;Maia Bassa/Untermais;E832;022;TN
1923;MI;015;015146;F205;Milano;;AQES;14/10/1923;015852;Chiaravalle Milanese;C617;015;MI
1923;MI;015;015146;F205;Milano;;AQES;14/10/1923;015910;Niguarda;F897;015;MI
1923;MI;015;015146;F205;Milano;;AQES;14/10/1923;015880;Greco Milanese;E162;015;MI
1923;MI;015;015146;F205;Milano;;AQES;14/10/1923;015931;Vigentino;H138;015;MI
1923;MI;015;015146;F205;Milano;;AQES;14/10/1923;015801;Affori;A063;015;MI
1923;MI;015;015146;F205;Milano;;AQES;14/10/1923;015909;Musocco;F827;015;MI
1923;MI;015;015146;F205;Milano;;AQES;14/10/1923;015804;Baggio;A545;015;MI
1923;MI;015;015146;F205;Milano;;AQES;14/10/1923;015963;Trenno;L373;015;MI
1923;MI;015;015146;F205;Milano;;AQES;14/10/1923;015887;Lambrate;E427;015;MI
1923;MI;015;015146;F205;Milano;;AQES;14/10/1923;015877;Gorlaprecotto;E099;015;MI
1923;MI;015;015146;F205;Milano;;AQES;14/10/1923;015868;Crescenzago;D155;015;MI
1923;PC;033;033032;G535;Piacenza;;AQES;01/09/1923;033803;San Lazzaro Alberoni;H947;033;PC
1923;PC;033;033032;G535;Piacenza;;AQES;01/09/1923;033804;Sant'Antonio a Trebbia;I299;033;PC
1923;PC;033;033032;G535;Piacenza;;AQES;01/09/1923;033802;Mortizza;F759;033;PC
1923;BG;016;016841;F071;Mazzoleni e Falghera;;AQ;26/07/1923;016858;Rota Fuori;H587;016;BG
1923;BG;016;016858;H587;Rota Fuori;;CE;26/07/1923;016841;Mazzoleni e Falghera;F071;016;BG
1923;VE;027;027042;L736;Venezia;;AQES;05/07/1923;027807;Pellestrina;G425;027;VE
1923;UD;030;030059;D627;Fiumicello;;CE;08/02/1923;032823;San Canziano;H787;032;TS
1923;TS;032;032004;D324;San Dorligo della Valle-Dolina;Dolina;CECS;08/02/1923;702713;Erpelle-Cosina;D425;702;PL
1923;TS;032;032004;D324;San Dorligo della Valle-Dolina;Dolina;AQES;08/02/1923;702802;Occisla-Clanzo;ND;702;PL
1923;TS;032;032004;D324;San Dorligo della Valle-Dolina;Dolina;CE;08/02/1923;702740;Decani;L932;702;PL
1923;TS;032;032813;H482;Rodic;;CECS;08/02/1923;702713;Erpelle-Cosina;D425;702;PL
1923;TS;032;032823;H787;San Canziano;;AQ;08/02/1923;801078;Fiumicello;D627;801;Venezia Giulia
1923;PL;702;702740;L932;Decani;;AQ;08/02/1923;801181;San Dorligo della Valle-Dolina;D324;801;Venezia Giulia
1923;PL;702;702813;F057;Matteria;;CECS;08/02/1923;702713;Erpelle-Cosina;D425;702;PL
1922;Venezia Giulia;801;801077;D563;Fianona;;CE;15/12/1922;801234;Susgnevizza;L553;801;Venezia Giulia
1922;Venezia Giulia;801;801234;L553;Susgnevizza;;AQ;15/12/1922;801077;Fianona;D563;801;Venezia Giulia
1922;BG;016;016844;G051;Oltrepovo;;CE;07/12/1922;016884;Vilminore;M049;016;BG
1922;BG;016;016884;M049;Vilminore;;AQ;07/12/1922;016844;Oltrepovo;G051;016;BG
1922;FC;040;040035;H294;Rimini;;CECS;02/12/1922;040034;Riccione;H274;040;FC
1922;MN;020;020047;H143;Quistello;;CECS;19/09/1922;020058;San Giovanni del Dosso;H912;020;MN
1922;MN;020;020047;H143;Quistello;;CECS;19/09/1922;020056;San Giacomo delle Segnate;H870;020;MN
1922;TE;067;067820;F646;Montesilvano;;CECS;09/07/1922;067821;Montesilvano Marina;F647;067;TE
1922;Venezia Giulia;801;801021;A924;Bogliuno;;CECS;02/02/1922;801234;Susgnevizza;L553;801;Venezia Giulia
1922;Venezia Giulia;801;801021;A924;Bogliuno;;AQ;02/02/1922;801170;Rozzo;H624;801;Venezia Giulia
1922;Venezia Giulia;801;801035;B601;Canfanaro;;CE;02/02/1922;801169;Rovigno;H619;801;Venezia Giulia
1922;Venezia Giulia;801;801077;D563;Fianona;;CECS;02/02/1922;801234;Susgnevizza;L553;801;Venezia Giulia
1922;Venezia Giulia;801;801147;G675;Pinguente;;CECS;02/02/1922;801069;Draguccio;D362;801;Venezia Giulia
1922;Venezia Giulia;801;801147;G675;Pinguente;;CE;02/02/1922;801170;Rozzo;H624;801;Venezia Giulia
1922;Venezia Giulia;801;801147;G675;Pinguente;;CECS;02/02/1922;801102;Slum;I733;801;Venezia Giulia
1922;Venezia Giulia;801;801149;G709;Pisino;;CECS;02/02/1922;801234;Susgnevizza;L553;801;Venezia Giulia
1922;Venezia Giulia;801;801169;H619;Rovigno;;AQ;02/02/1922;801035;Canfanaro;B601;801;Venezia Giulia
1922;Venezia Giulia;801;801170;H624;Rozzo;;CE;02/02/1922;801021;Bogliuno;A924;801;Venezia Giulia
1922;Venezia Giulia;801;801170;H624;Rozzo;;AQ;02/02/1922;801147;Pinguente;G675;801;Venezia Giulia
1922;Venezia Giulia;801;801236;F763;Moschienizze;;CECS;02/02/1922;801017;Bersez;A824;801;Venezia Giulia
1922;Venezia Giulia;801;801066;D320;Dole;;CE;25/01/1922;801086;Godovici;E073;801;Venezia Giulia
1922;Venezia Giulia;801;801086;E073;Godovici;;AQ;25/01/1922;801066;Dole;D320;801;Venezia Giulia
1922;Venezia Giulia;801;801086;E073;Godovici;;AQ;25/01/1922;801129;Montenero d'Idria;F577;801;Venezia Giulia
1922;Venezia Giulia;801;801097;E279;Idria di Sotto;;CECS;25/01/1922;801105;Ledine;E508;801;Venezia Giulia
1922;Venezia Giulia;801;801129;F577;Montenero d'Idria;;CECS;25/01/1922;801029;Caccia;B318;801;Venezia Giulia
1922;Venezia Giulia;801;801129;F577;Montenero d'Idria;;CE;25/01/1922;801086;Godovici;E073;801;Venezia Giulia
1921;BS;017;017855;E741;Lumezzane Sant'Apollonio;;CECS;12/05/1921;017854;Lumezzane San Sebastiano;E740;017;BS
1921;LE;075;075016;B936;Casarano;;CECS;12/05/1921;075044;Melissano;F109;075;LE
1921;CS;078;078025;B774;Cariati;;CECS;12/05/1921;078147;Terravecchia;L134;078;CS
1921;ME;083;083086;I220;Santa Lucia del Mela;;CECS;12/05/1921;083064;Pace del Mela;G209;083;ME
1920;GR;053;053002;B497;Campagnatico;;CECS;03/11/1920;053008;Pari;C782;053;GR
1920;GR;053;053004;C085;Castel del Piano;;CECS;03/11/1920;053025;Seggiano;I571;053;GR
1920;GR;053;053015;F032;Massa Marittima;;CECS;03/11/1920;053009;Follonica;D656;053;GR
1920;SS;090;090070;L093;Tempio Pausania;;CECS;03/11/1920;090006;Arzachena;A453;090;SS
1920;MI;015;015877;E099;Gorlaprecotto;;AQES;12/08/1920;015926;Precotto;H016;015;MI
1920;TV;026;026055;G229;Paese;;CE;20/05/1920;026086;Treviso;L407;026;TV
1920;TV;026;026086;L407;Treviso;;AQ;20/05/1920;026055;Paese;G229;026;TV
1920;FC;040;040017;D961;Gemmano;;CE;05/05/1920;040027;Montescudo;F641;040;FC
1920;FC;040;040027;F641;Montescudo;;AQ;05/05/1920;040017;Gemmano;D961;040;FC
1920;CR;019;019036;D150;Cremona ed Uniti;;AQES;14/03/1920;019849;Duemiglia;D378;019;CR
1920;BG;016;016077;C800;Clusone;;CE;04/02/1920;016168;Ponte di Nossa;G845;016;BG
1920;BG;016;016168;G845;Ponte di Nossa;;AQ;04/02/1920;016077;Clusone;C800;016;BG
1920;LE;075;075841;L049;Taranto;;CECS;29/01/1920;075808;Crispiano;D171;075;LE
1919;PR;034;034028;G424;Pellegrino Parmense;;CECS;11/09/1919;034005;Metti e Pozzolo;A987;034;PR
1919;TO;001;001293;L779;Verolengo;;CECS;03/09/1919;001273;Torrazza Piemonte;L238;001;TO
1919;MS;045;045007;D629;Fivizzano;;CECS;03/09/1919;045005;Comano;C914;045;MS
1919;MI;015;015069;C512;Ceriano Laghetto;;CECS;09/08/1919;015080;Cogliate;C820;015;MI
1919;MI;015;015069;C512;Ceriano Laghetto;;CECS;09/08/1919;015213;Solaro;I786;015;MI
1919;AP;044;044035;F493;Montefalcone Appennino;;CECS;09/08/1919;044070;Smerillo;I774;044;AP
1919;ME;083;083089;I311;Santa Teresa di Riva;;CECS;09/08/1919;083027;Furci Siculo;D824;083;ME
1919;MS;045;045007;D629;Fivizzano;;AQ;02/08/1919;045008;Fosdinovo;D735;045;MS
1919;MS;045;045008;D735;Fosdinovo;;CE;02/08/1919;045007;Fivizzano;D629;045;MS
1919;PD;028;028011;A714;Battaglia;;CECS;23/04/1919;028057;San Pietro Montagnon;F529;028;PD
1919;NA;063;063060;G964;Pozzuoli;;CECS;02/03/1919;063006;Bacoli;A535;063;NA
1919;CZ;079;079091;G335;Parghelia;;CECS;03/01/1919;079156;Zaccanopoli;M138;079;CZ
1918;GE;010;010056;I368;Santo Stefano d'Aveto;;CECS;01/06/1918;010048;Rezzoaglio;H258;010;GE
1918;MI;015;015146;F205;Milano;;AQES;27/03/1918;015966;Turro Milanese;L476;015;MI
1918;BN;062;062006;A432;Arpaise;;CE;03/02/1918;062022;Ceppaloni;C476;062;BN
1918;BN;062;062022;C476;Ceppaloni;;AQ;03/02/1918;062006;Arpaise;A432;062;BN
1917;FI;048;048027;F398;Montaione;;CECS;18/07/1917;048020;Gambassi;D895;048;FI
1917;AL;006;006044;C030;Cassinelle;;CE;03/03/1917;006095;Molare;F281;006;AL
1917;AL;006;006095;F281;Molare;;AQ;03/03/1917;006044;Cassinelle;C030;006;AL
1917;VE;027;027042;L736;Venezia;;AQ;01/01/1917;027805;Mestre;F159;027;VE
1917;VE;027;027805;F159;Mestre;;CE;01/01/1917;027042;Venezia;L736;027;VE
1916;MI;015;015407;E102;Gorla Minore;;CECS;16/05/1916;015406;Gorla Maggiore;E101;015;MI
1916;BG;016;016190;I079;San Pellegrino;;AQES;09/04/1916;016850;Piazzo Basso;G586;016;BG
1916;FI;048;048032;G420;Pelago;;CECS;22/01/1916;048037;Rufina;H635;048;FI
1915;CR;019;019021;B898;Casalmaggiore;;CECS;28/04/1915;019083;Rivarolo del Re ed Uniti;H341;019;CR
1915;GR;053;053022;I187;Santa Fiora;;CECS;11/04/1915;053005;Castell'Azzara;C147;053;GR
1915;BG;016;016190;I079;San Pellegrino;;AQ;04/03/1915;016832;Fuipiano al Brembo;D816;016;BG
1915;BG;016;016832;D816;Fuipiano al Brembo;;CE;04/03/1915;016190;San Pellegrino;I079;016;BG
1914;ME;083;083072;H418;Roccalumera;;CECS;16/08/1914;083065;Pagliara;G234;083;ME
1914;LU;046;046024;G628;Pietrasanta;;CECS;19/05/1914;046013;Forte dei Marmi;D730;046;LU
1914;TE;067;067812;C779;Civitella Casanova;;CECS;01/01/1914;067833;Villa Celiera;L922;067;TE
1913;FI;048;048817;F410;Montale;;CECS;09/11/1913;048806;Agliana;A071;048;FI
1913;LE;075;075047;F221;Minervino di Lecce;;CECS;22/07/1913;075072;Santa Cesarea;I172;075;LE
1913;LE;075;075056;G136;Ortelle;;CECS;22/07/1913;075072;Santa Cesarea;I172;075;LE
1913;LU;046;046007;B648;Capannori;;CECS;13/07/1913;046026;Porcari;G882;046;LU
1913;NA;063;063051;G190;Ottaiano;;CECS;13/07/1913;063082;Terzigno;L142;063;NA
1913;PZ;076;076810;D909;Garaguso;;CECS;13/07/1913;076805;Calciano;B391;076;PZ
1913;BN;062;062049;G386;Paupisi;;CECS;01/07/1913;062053;Ponte;G827;062;BN
1913;MC;043;043013;C770;Civitanova Marche;;CECS;27/06/1913;043801;Porto Civitanova;G911;043;MC
1913;PC;033;033035;G747;Podenzano;;AQ;20/06/1913;033038;Rivergaro;H350;033;PC
1913;PC;033;033038;H350;Rivergaro;;CE;20/06/1913;033035;Podenzano;G747;033;PC
1913;PD;028;028097;L805;Vescovana;;CECS;14/06/1913;028043;Granze;E146;028;PD
1913;NO;003;003038;B876;Casale Corte Cerro;;CECS;03/01/1913;003078;Gravellona Toce;E153;003;NO
1913;MI;015;015416;H656;Sacconago;;CECS;03/01/1913;015989;Borsano;B059;015;MI
1913;MC;043;043057;M078;Visso;;CECS;01/01/1913;043010;Castelsantangelo;C267;043;MC
1913;MC;043;043057;M078;Visso;;CECS;01/01/1913;043056;Ussita;L517;043;MC
1912;CS;078;078138;I489;Scalea;;CECS;01/01/1912;078125;San Nicola Arcella;I060;078;CS
1911;CB;070;070093;G954;Pozzilli;;CECS;28/07/1911;070039;Conca Casale;C941;070;CB
1911;SA;065;065072;F480;Montecorvino Pugliano;;CECS;27/07/1911;065099;Pontecagnano Faiano;G834;065;SA
1911;VI;024;024024;B835;Carrè;;CECS;18/04/1911;024030;Chiuppano;C650;024;VI
1911;CL;085;085011;F489;Montedoro;;CECS;18/04/1911;085002;Bompensiere;A957;085;CL
1911;CN;004;004012;A660;Barge;;CE;08/02/1911;004042;Cardè;B755;004;CN
1911;CN;004;004042;B755;Cardè;;AQ;08/02/1911;004012;Barge;A660;004;CN
1910;CO;013;013631;L341;Travedona;;AQ;09/09/1910;013981;Biandronno;A845;013;CO
1910;CO;013;013981;A845;Biandronno;;CE;09/09/1910;013631;Travedona;L341;013;CO
1910;PG;054;054831;C946;Concerviano;;CE;09/09/1910;054884;Rocca Sinibalda;H446;054;PG
1910;PG;054;054884;H446;Rocca Sinibalda;;AQ;09/09/1910;054831;Concerviano;C946;054;PG
1910;FI;048;048808;C113;Castelfranco di Sotto;;AQ;28/08/1910;048828;Santa Croce sull'Arno;I177;048;FI
1910;FI;048;048828;I177;Santa Croce sull'Arno;;CE;28/08/1910;048808;Castelfranco di Sotto;C113;048;FI
1910;FI;048;048015;D575;Fiesole;;CE;31/07/1910;048017;Firenze;D612;048;FI
1910;FI;048;048017;D612;Firenze;;AQ;31/07/1910;048015;Fiesole;D575;048;FI
1910;AP;044;044047;F614;Monterubbiano;;CECS;26/07/1910;044053;Moresco;F722;044;AP
1910;AQ;066;066060;G002;Ofena;;CECS;26/07/1910;066104;Villa Santa Lucia degli Abruzzi;M021;066;AQ
1910;ME;083;083002;A194;Alì;;CECS;26/07/1910;083003;Alì Marina;A201;083;ME
1910;PI;050;050807;C869;Collesalvetti;;CE;22/06/1910;050809;Rosignano Marittimo;H570;050;PI
1910;PI;050;050809;H570;Rosignano Marittimo;;AQ;22/06/1910;050807;Collesalvetti;C869;050;PI
1910;BO;037;037042;F627;Monte San Pietro;;AQ;20/05/1910;037058;Savigno;I474;037;BO
1910;BO;037;037058;I474;Savigno;;CE;20/05/1910;037042;Monte San Pietro;F627;037;BO
1910;BO;037;037014;C086;Castel del Rio;;CE;23/03/1910;037026;Fontana Elice;D668;037;BO
1910;BO;037;037026;D668;Fontana Elice;;AQ;23/03/1910;037014;Castel del Rio;C086;037;BO
1910;RM;058;058096;I125;San Polo dei Cavalieri;;CECS;17/02/1910;058056;Marcellina;E924;058;RM
1910;UD;030;030072;E553;Lestizza;;CE;15/01/1910;030112;Pozzuolo del Friuli;G966;030;UD
1910;UD;030;030112;G966;Pozzuolo del Friuli;;AQ;15/01/1910;030072;Lestizza;E553;030;UD
1909;MI;015;015058;B989;Casorezzo;;CECS;01/10/1909;015164;Ossona;G181;015;MI
1909;RM;058;058026;C390;Cave;;CECS;22/07/1909;058085;Rocca di Cave;H401;058;RM
1909;MI;015;015018;A802;Bernareggio;;CECS;04/07/1909;015217;Sulbiate;I998;015;MI
1909;MI;015;015018;A802;Bernareggio;;CECS;04/07/1909;015187;Ronco Briantino;H537;015;MI
1909;MI;015;015018;A802;Bernareggio;;CECS;04/07/1909;015004;Aicurzio;A096;015;MI
1909;MI;015;015018;A802;Bernareggio;;CECS;04/07/1909;015049;Carnate;B798;015;MI
1909;VI;024;024075;G095;Orgiano;;CECS;23/01/1909;024010;Asigliano;A467;024;VI
1909;FE;038;038007;C980;Copparo;;CECS;23/01/1909;038020;Ro;H360;038;FE
1909;FE;038;038007;C980;Copparo;;CECS;23/01/1909;038010;Le Venezie;E320;038;FE
1909;FE;038;038007;C980;Copparo;;CECS;23/01/1909;038002;Berra;A806;038;FE
1909;FE;038;038007;C980;Copparo;;CECS;23/01/1909;038009;Formignana;D713;038;FE
1908;AL;006;006895;F336;Moncalvo;;AQ;23/07/1908;006909;Penango;G430;006;AL
1908;AL;006;006909;G430;Penango;;CE;23/07/1908;006895;Moncalvo;F336;006;AL
1908;CO;013;013644;L849;Viconago;;CECS;22/07/1908;013400;Cadegliano;B325;013;CO
1908;LE;075;075031;D883;Gallipoli;;CECS;30/04/1908;075070;Sannicola;I059;075;LE
1908;RC;080;080011;B097;Bova;;CECS;24/04/1908;080013;Bova Marina;B099;080;RC
1908;AQ;066;066067;G449;Pereto;;CECS;22/01/1908;066080;Rocca di Botte;H399;066;AQ
1908;AQ;066;066067;G449;Pereto;;CECS;22/01/1908;066062;Oricola;G102;066;AQ
1907;FC;040;040017;D961;Gemmano;;CE;12/11/1907;040024;Monte Colombo;F476;040;FC
1907;FC;040;040024;F476;Monte Colombo;;AQ;12/11/1907;040017;Gemmano;D961;040;FC
1907;LE;075;075026;D237;Cutrofiano;;CECS;02/07/1907;075021;Collepasso;C865;075;LE
1907;LE;075;075831;G252;Palagiano;;CECS;02/07/1907;075830;Palagianello;G251;075;LE
1907;CE;061;061042;E158;Grazzanise;;CECS;01/07/1907;061084;Santa Maria la Fossa;I247;061;CE
1907;TV;026;026070;H706;Salgareda;;CE;18/06/1907;026071;San Biagio di Callalta;H781;026;TV
1907;TV;026;026071;H781;San Biagio di Callalta;;AQ;18/06/1907;026070;Salgareda;H706;026;TV
1907;IM;008;008808;B721;Caramagna Ligure;;AQ;11/06/1907;008829;Piani;G563;008;IM
1907;IM;008;008829;G563;Piani;;CE;11/06/1907;008808;Caramagna Ligure;B721;008;IM
1907;TV;026;026005;B128;Breda di Piave;;CE;01/06/1907;026058;Ponte di Piave;G846;026;TV
1907;TV;026;026058;G846;Ponte di Piave;;AQ;01/06/1907;026005;Breda di Piave;B128;026;TV
1907;TO;001;001205;G986;Prarostino;;CE;23/04/1907;001254;San Secondo di Pinerolo;I154;001;TO
1907;TO;001;001205;G986;Prarostino;;AQ;23/04/1907;001254;San Secondo di Pinerolo;I154;001;TO
1907;TO;001;001254;I154;San Secondo di Pinerolo;;AQ;23/04/1907;001205;Prarostino;G986;001;TO
1907;TO;001;001254;I154;San Secondo di Pinerolo;;CE;23/04/1907;001205;Prarostino;G986;001;TO
1907;PU;041;041063;L034;Talamello;;CECS;20/04/1907;041039;Mercatino Marecchia;F137;041;PU
1907;CE;061;061063;G991;Prata Sannita;;CECS;08/03/1907;061064;Pratella;G995;061;CE
1907;NA;063;063061;H072;Procida;;CECS;11/02/1907;063047;Monte di Procida;F488;063;NA
1906;NO;003;003420;G594;Piedicavallo;;CECS;26/08/1906;003446;Rosazza;H561;003;NO
1906;AQ;066;066024;B725;Carapelle Calvisio;;CECS;12/08/1906;066030;Castelvecchio Calvisio;C278;066;AQ
1906;MN;020;020021;D227;Curtatone;;CE;06/06/1906;020030;Mantova;E897;020;MN
1906;MN;020;020030;E897;Mantova;;AQ;06/06/1906;020021;Curtatone;D227;020;MN
1906;VI;024;024044;D902;Gambugliano;;CECS;18/05/1906;024066;Monteviale;F662;024;VI
1906;VI;024;024085;H361;Roana;;CECS;18/04/1906;024806;Treschè Conca;L387;024;VI
1906;LI;049;049013;E680;Porto Longone;;CECS;18/04/1906;049004;Capoliveri;B669;049;LI
1906;PI;050;050806;C415;Cecina;;CECS;18/04/1906;050803;Bibbona;A852;050;PI
1906;PV;018;018098;F644;Montesegale;;CE;18/01/1906;018126;Rocca Susella;H450;018;PV
1906;PV;018;018126;H450;Rocca Susella;;AQ;18/01/1906;018098;Montesegale;F644;018;PV
1905;PV;018;018047;C551;Cervesina;;AQ;05/12/1905;018190;Zinasco;M180;018;PV
1905;PV;018;018190;M180;Zinasco;;CE;05/12/1905;018047;Cervesina;C551;018;PV
1905;RC;080;080036;D975;Gerace Superiore;;CECS;01/09/1905;080043;Gerace Marina;D976;080;RC
1905;GR;053;053011;E202;Grosseto;;AQ;01/08/1905;053021;Roccastrada;H449;053;GR
1905;GR;053;053021;H449;Roccastrada;;CE;01/08/1905;053011;Grosseto;E202;053;GR
1905;LU;046;046804;F459;Montecatini di Val di Nievole;;CECS;30/07/1905;046805;Bagni di Montecatini;A561;046;LU
1905;LU;046;046804;F459;Montecatini di Val di Nievole;;CECS;30/07/1905;046807;Pieve a Nievole;G636;046;LU
1905;FG;071;071055;I963;Stornarella;;CECS;30/07/1905;071054;Stornara;I962;071;FG
1905;MI;015;015147;F247;Misinto;;CECS;22/07/1905;015117;Lazzate;E504;015;MI
1905;GE;010;010839;A593;Balestrino;;CE;27/05/1905;010933;Toirano;L190;010;GE
1905;GE;010;010933;L190;Toirano;;AQ;27/05/1905;010839;Balestrino;A593;010;GE
1905;MI;015;015986;A167;Albizzate;;CECS;18/05/1905;015420;Solbiate Arno e Monte;I793;015;MI
1904;BN;062;062006;A432;Arpaise;;AQ;15/09/1904;062022;Ceppaloni;C476;062;BN
1904;BN;062;062022;C476;Ceppaloni;;CE;15/09/1904;062006;Arpaise;A432;062;BN
1904;TE;067;067820;F646;Montesilvano;;CECS;10/08/1904;067804;Cappelle;B681;067;TE
1904;MI;015;015146;F205;Milano;;CE;09/07/1904;015880;Greco Milanese;E162;015;MI
1904;MI;015;015146;F205;Milano;;AQ;09/07/1904;015880;Greco Milanese;E162;015;MI
1904;MI;015;015880;E162;Greco Milanese;;AQ;09/07/1904;015146;Milano;F205;015;MI
1904;MI;015;015880;E162;Greco Milanese;;CE;09/07/1904;015146;Milano;F205;015;MI
1904;MI;015;015071;C536;Cerro al Lambro;;CE;01/07/1904;015202;San Zenone al Lambro;I415;015;MI
1904;MI;015;015202;I415;San Zenone al Lambro;;AQ;01/07/1904;015071;Cerro al Lambro;C536;015;MI
1904;AQ;066;066015;B526;Campo di Giove;;CECS;16/06/1904;066018;Cansano;B624;066;AQ
1904;CZ;079;079113;I057;San Nicola dell'Alto;;CECS;15/06/1904;079019;Carfizzi;B771;079;CZ
1904;SI;052;052032;I726;Siena;;AQES;01/06/1904;052803;Masse di Siena;F040;052;SI
1904;CE;061;061048;E791;Maddaloni;;CE;01/04/1904;061104;San Marco Evangelista;F043;061;CE
1904;CE;061;061104;F043;San Marco Evangelista;;AQ;01/04/1904;061048;Maddaloni;E791;061;CE
1904;IM;008;008061;L430;Triora;;CECS;22/01/1904;008035;Molini di Triora;F290;008;IM
1903;GE;010;010872;D095;Cosseria;;AQ;26/07/1903;010895;Millesimo;F213;010;GE
1903;GE;010;010895;F213;Millesimo;;CE;26/07/1903;010872;Cosseria;D095;010;GE
1903;GE;010;010883;E064;Giustenice;;CE;02/02/1903;010934;Tovo San Giacomo;L315;010;GE
1903;GE;010;010934;L315;Tovo San Giacomo;;AQ;02/02/1903;010883;Giustenice;E064;010;GE
1902;PI;050;050014;D510;Fauglia;;CECS;22/08/1902;050013;Crespina;D160;050;PI
1902;CS;078;078022;B426;Caloveto;;CECS;19/07/1902;078047;Crosia;D184;078;CS
1902;MI;015;015135;E994;Marudo;;CECS;01/07/1902;015065;Castiraga Vidardo;C329;015;MI
1902;TV;026;026023;D030;Cornuda;;CECS;01/06/1902;026025;Crocetta Trevigiana;C670;026;TV
1902;RM;058;058082;H288;Rignano Flaminio;;AQ;22/03/1902;058091;Roma;H501;058;RM
1902;RM;058;058091;H501;Roma;;CE;22/03/1902;058082;Rignano Flaminio;H288;058;RM
1902;PV;018;018162;I236;Travacò Siccomario;;CE;18/03/1902;018169;Valle Salimbene;L617;018;PV
1902;PV;018;018169;L617;Valle Salimbene;;AQ;18/03/1902;018162;Travacò Siccomario;I236;018;PV
1902;TV;026;026058;G846;Ponte di Piave;;AQ;01/02/1902;026071;San Biagio di Callalta;H781;026;TV
1902;TV;026;026071;H781;San Biagio di Callalta;;CE;01/02/1902;026058;Ponte di Piave;G846;026;TV
1902;FE;038;038008;D548;Ferrara;;CECS;01/02/1902;038022;Vigarano Mainarda;L868;038;FE
1902;NO;003;003864;F143;Mercurago;;CECS;24/01/1902;003062;Dormelletto;D347;003;NO
1902;CB;070;070106;H833;San Felice Slavo;;CECS;22/01/1902;070073;Montemitro;F569;070;CB
1902;CZ;079;079046;D453;Fabrizia;;CECS;22/01/1902;079084;Nardodipace;F843;079;CZ
1902;MI;015;015987;A441;Arsago;;CECS;17/01/1902;015996;Casorate Sempione;B987;015;MI
1902;MI;015;015987;A441;Arsago;;CECS;17/01/1902;015411;Mezzana Superiore;F169;015;MI
1901;MN;020;020030;E897;Mantova;;AQ;11/08/1901;020069;Virgilio;H123;020;MN
1901;MN;020;020069;H123;Virgilio;;CE;11/08/1901;020030;Mantova;E897;020;MN
1901;MI;015;015212;I709;Seveso;;CECS;28/07/1901;015013;Barlassina;A668;015;MI
1901;PZ;076;076036;D971;Genzano;;CECS;16/07/1901;076009;Banzi;A612;076;PZ
1901;GE;010;010020;D175;Crocefieschi;;CECS;13/07/1901;010066;Vobbia;M105;010;GE
1901;CN;004;004036;B489;Camo;;AQ;01/05/1901;004213;Santo Stefano Belbo;I367;004;CN
1901;CN;004;004213;I367;Santo Stefano Belbo;;CE;01/05/1901;004036;Camo;B489;004;CN
1900;AL;006;006184;L970;Villamiroglio;;CE;01/07/1900;006824;Varengo;L679;006;AL
1900;AL;006;006824;L679;Varengo;;AQ;01/07/1900;006184;Villamiroglio;L970;006;AL
1899;RM;058;058051;E576;Licenza;;AQ;01/08/1899;058076;Percile;G444;058;RM
1899;RM;058;058076;G444;Percile;;CE;01/08/1899;058051;Licenza;E576;058;RM
1898;AP;044;044040;F520;Montegiorgio;;AQES;14/09/1898;044801;Alteta;A232;044;AP
1898;LU;046;046002;A560;Bagni di Lucca;;AQ;01/07/1898;046004;Borgo a Mozzano;B007;046;LU
1898;LU;046;046004;B007;Borgo a Mozzano;;CE;01/07/1898;046002;Bagni di Lucca;A560;046;LU
1898;CE;061;061030;C716;Ciorlano;;CE;12/05/1898;061063;Prata Sannita;G991;061;CE
1898;CE;061;061063;G991;Prata Sannita;;AQ;12/05/1898;061030;Ciorlano;C716;061;CE
1897;FI;048;048813;E432;Lamporecchio;;CECS;01/07/1897;048814;Larciano;E451;048;FI
1897;CE;061;061848;D843;Gaeta;;CECS;01/04/1897;061842;Elena;D393;061;CE
1896;AP;044;044040;F520;Montegiorgio;;CECS;01/10/1896;044801;Alteta;A232;044;AP
1896;TO;001;001107;D725;Forno di Rivara;;CE;01/07/1896;001133;Levone;E566;001;TO
1896;TO;001;001133;E566;Levone;;AQ;01/07/1896;001107;Forno di Rivara;D725;001;TO
1896;TO;001;001060;B867;Casalborgone;;CE;01/01/1896;001064;Castagneto;C045;001;TO
1896;TO;001;001064;C045;Castagneto;;AQ;01/01/1896;001060;Casalborgone;B867;001;TO
1896;CR;019;019103;I935;Stagno Lombardo;;CE;01/01/1896;033046;Villanova sull'Arda;L980;033;PC
1896;PC;033;033046;L980;Villanova sull'Arda;;AQ;01/01/1896;019103;Stagno Lombardo;I935;019;CR
1896;FC;040;040040;H921;San Giovanni in Marignano;;CECS;01/01/1896;040006;Cattolica;C357;040;FC
1896;RM;058;058059;F127;Mentana;;AQ;01/01/1896;058075;Palombara Sabina;G293;058;RM
1896;RM;058;058075;G293;Palombara Sabina;;CE;01/01/1896;058059;Mentana;F127;058;RM
1895;SS;090;090821;G064;Onanì;;CECS;08/11/1895;090815;Lula;E736;090;SS
1895;BO;037;037003;A665;Baricella;;CE;02/08/1895;037035;Malalbergo;E844;037;BO
1895;BO;037;037035;E844;Malalbergo;;AQ;02/08/1895;037003;Baricella;A665;037;BO
1895;TO;001;001186;G465;Perrero;;AQ;01/07/1895;001202;Praly;G978;001;TO
1895;TO;001;001202;G978;Praly;;CE;01/07/1895;001186;Perrero;G465;001;TO
1895;AL;006;006025;B311;Cabella Ligure;;AQ;01/07/1895;006034;Carrega Ligure;B836;006;AL
1895;AL;006;006034;B836;Carrega Ligure;;CE;01/07/1895;006025;Cabella Ligure;B311;006;AL
1895;LU;046;046806;G491;Pescia;;CE;01/07/1895;046809;Uzzano;L522;046;LU
1895;LU;046;046809;L522;Uzzano;;AQ;01/07/1895;046806;Pescia;G491;046;LU
1895;PG;054;054045;I263;Sant'Anatolia di Narco;;CE;01/07/1895;054047;Scheggino;I523;054;PG
1895;PG;054;054047;I523;Scheggino;;AQ;01/07/1895;054045;Sant'Anatolia di Narco;I263;054;PG
1895;BA;072;072003;A149;Alberobello;;AQ;01/07/1895;072030;Monopoli;F376;072;BA
1895;BA;072;072030;F376;Monopoli;;CE;01/07/1895;072003;Alberobello;A149;072;BA
1895;RC;080;080008;A780;Benestare;;CE;01/07/1895;080060;Platì;G735;080;RC
1895;RC;080;080060;G735;Platì;;AQ;01/07/1895;080008;Benestare;A780;080;RC
1894;LI;049;049011;E931;Marciana Marina;;CECS;01/07/1894;049003;Campo nell'Elba;B553;049;LI
1894;LE;075;075050;F716;Morciano di Leuca;;AQ;01/07/1894;075066;Salve;H729;075;LE
1894;LE;075;075066;H729;Salve;;CE;01/07/1894;075050;Morciano di Leuca;F716;075;LE
1894;MS;045;045002;A576;Bagnone;;AQ;01/06/1894;045016;Villafranca in Lunigiana;L946;045;MS
1894;MS;045;045016;L946;Villafranca in Lunigiana;;CE;01/06/1894;045002;Bagnone;A576;045;MS
1894;TE;067;067028;F690;Montorio al Vomano;;AQ;01/06/1894;067045;Tossicia;L314;067;TE
1894;TE;067;067045;L314;Tossicia;;CE;01/06/1894;067028;Montorio al Vomano;F690;067;TE
1894;TO;001;001030;B015;Borgofranco d'Ivrea;;CE;01/02/1894;001167;Nomaglio;F927;001;TO
1894;TO;001;001167;F927;Nomaglio;;AQ;01/02/1894;001030;Borgofranco d'Ivrea;B015;001;TO
1894;CO;013;013429;D144;Cremenaga;;AQ;01/01/1894;013644;Viconago;L849;013;CO
1894;CO;013;013644;L849;Viconago;;CE;01/01/1894;013429;Cremenaga;D144;013;CO
1894;PR;034;034009;C852;Collecchio;;AQ;01/01/1894;034017;Fornovo di Taro;D728;034;PR
1894;PR;034;034011;C934;Compiano;;AQ;01/01/1894;034040;Tornolo;L229;034;PR
1894;PR;034;034017;D728;Fornovo di Taro;;CE;01/01/1894;034009;Collecchio;C852;034;PR
1894;PR;034;034040;L229;Tornolo;;CE;01/01/1894;034011;Compiano;C934;034;PR
1894;PU;041;041015;D749;Fossombrone;;AQ;01/01/1894;041067;Urbino;L500;041;PU
1894;PU;041;041067;L500;Urbino;;CE;01/01/1894;041015;Fossombrone;D749;041;PU
1894;CS;078;078045;D086;Cosenza;;AQ;01/01/1894;078098;Pietrafitta;G615;078;CS
1894;CS;078;078098;G615;Pietrafitta;;CE;01/01/1894;078045;Cosenza;D086;078;CS
1893;UD;030;030090;F756;Mortegliano;;CE;01/10/1893;030103;Pavia di Udine;G389;030;UD
1893;UD;030;030103;G389;Pavia di Udine;;AQ;01/10/1893;030090;Mortegliano;F756;030;UD
1893;GE;010;010012;B956;Casella;;CECS;27/09/1893;010065;Valbrevenna;L546;010;GE
1893;GE;010;010039;F682;Montoggio;;CECS;27/09/1893;010065;Valbrevenna;L546;010;GE
1893;GE;010;010057;I475;Savignone;;CECS;27/09/1893;010065;Valbrevenna;L546;010;GE
1893;TO;001;001002;A109;Airasca;;CE;01/09/1893;001195;Piscina;G705;001;TO
1893;TO;001;001195;G705;Piscina;;AQ;01/09/1893;001002;Airasca;A109;001;TO
1893;TO;001;001195;G705;Piscina;;AQ;01/09/1893;001260;Scalenghe;I490;001;TO
1893;TO;001;001260;I490;Scalenghe;;CE;01/09/1893;001195;Piscina;G705;001;TO
1893;FI;048;048013;D299;Dicomano;;AQ;01/08/1893;048049;Vicchio;L838;048;FI
1893;FI;048;048049;L838;Vicchio;;CE;01/08/1893;048013;Dicomano;D299;048;FI
1893;NA;063;063051;G190;Ottaiano;;CECS;01/07/1893;063068;San Giuseppe;H931;063;NA
1893;BG;016;016820;D053;Corte;;CE;01/06/1893;016886;Calolzio;B422;016;BG
1893;BG;016;016886;B422;Calolzio;;AQ;01/06/1893;016820;Corte;D053;016;BG
1893;LU;046;046002;A560;Bagni di Lucca;;AQ;01/06/1893;046004;Borgo a Mozzano;B007;046;LU
1893;LU;046;046004;B007;Borgo a Mozzano;;CE;01/06/1893;046002;Bagni di Lucca;A560;046;LU
1893;VR;023;023080;I594;Selva di Progno;;CE;14/05/1893;023090;Velo Veronese;L722;023;VR
1893;VR;023;023090;L722;Velo Veronese;;AQ;14/05/1893;023080;Selva di Progno;I594;023;VR
1893;MI;015;015401;D467;Fagnano Olona;;CE;01/05/1893;015421;Solbiate Olona;I794;015;MI
1893;MI;015;015421;I794;Solbiate Olona;;AQ;01/05/1893;015401;Fagnano Olona;D467;015;MI
1893;MC;043;043044;H211;Recanati;;CECS;01/05/1893;043042;Porto Recanati;G919;043;MC
1893;AP;044;044030;F379;Monsampietro Morico;;AQ;01/05/1893;044042;Monteleone di Fermo;F536;044;AP
1893;AP;044;044042;F536;Monteleone di Fermo;;CE;01/05/1893;044030;Monsampietro Morico;F379;044;AP
1893;FI;048;048003;A633;Barberino Val d'Elsa;;CECS;01/05/1893;048045;Tavarnelle;L067;048;FI
1893;TO;001;001202;G978;Praly;;CE;01/01/1893;001234;Salza di Pinerolo;H734;001;TO
1893;TO;001;001234;H734;Salza di Pinerolo;;AQ;01/01/1893;001202;Praly;G978;001;TO
1893;AG;084;084003;A351;Aragona;;CE;01/01/1893;084030;Raffadali;H159;084;AG
1893;AG;084;084030;H159;Raffadali;;AQ;01/01/1893;084003;Aragona;A351;084;AG
1892;PI;050;050030;H319;Riparbella;;CE;01/10/1892;050806;Cecina;C415;050;PI
1892;PI;050;050806;C415;Cecina;;AQ;01/10/1892;050030;Riparbella;H319;050;PI
1892;MI;015;012854;E385;Jerago con Besnate ed Orago;;AQ;01/07/1892;015999;Orago;C382;015;MI
1892;MI;015;015999;C382;Cavaria ed Uniti;;CE;01/07/1892;012854;Jerago con Besnate ed Orago;E385;015;MI
1892;BN;062;062015;B873;Casalduni;;CE;01/07/1892;062049;Paupisi;G386;062;BN
1892;BN;062;062049;G386;Paupisi;;AQ;01/07/1892;062015;Casalduni;B873;062;BN
1892;RM;058;058051;E576;Licenza;;CE;01/05/1892;058076;Percile;G444;058;RM
1892;RM;058;058076;G444;Percile;;AQ;01/05/1892;058051;Licenza;E576;058;RM
1892;PR;034;034004;A788;Berceto;;AQ;01/01/1892;034008;Calestano;B408;034;PR
1892;PR;034;034008;B408;Calestano;;CE;01/01/1892;034004;Berceto;A788;034;PR
1891;PV;018;018166;L562;Val di Nizza;;CE;01/09/1891;018860;Sagliano di Crenna;H663;018;PV
1891;PV;018;018860;H663;Sagliano di Crenna;;AQ;01/09/1891;018166;Val di Nizza;L562;018;PV
1891;AL;006;006053;C243;Castelnuovo Scrivia;;CE;05/05/1891;006096;Molino dei Torti;F293;006;AL
1891;AL;006;006096;F293;Molino dei Torti;;AQ;05/05/1891;006053;Castelnuovo Scrivia;C243;006;AL
1891;NO;003;003456;H861;San Germano Vercellese;;CE;01/05/1891;003967;Crova;D187;003;NO
1891;NO;003;003967;D187;Crova;;AQ;01/05/1891;003456;San Germano Vercellese;H861;003;NO
1891;PV;018;018113;G639;Pieve del Cairo;;AQES;01/01/1891;018810;Cairo Lomellino;B370;018;PV
1891;LU;046;046034;L913;Villa Basilica;;CE;01/01/1891;046806;Pescia;G491;046;LU
1891;LU;046;046806;G491;Pescia;;AQ;01/01/1891;046034;Villa Basilica;L913;046;LU
1891;SS;090;090821;G064;Onanì;;AQES;01/01/1891;090815;Lula;E736;090;SS
1890;TO;001;001214;H335;Rivalta di Torino;;CE;13/11/1890;001302;Villarbasse;M002;001;TO
1890;TO;001;001302;M002;Villarbasse;;AQ;13/11/1890;001214;Rivalta di Torino;H335;001;TO
1890;PV;018;018040;C213;Castelnovetto;;CE;01/08/1890;018059;Cozzo;D127;018;PV
1890;PV;018;018059;D127;Cozzo;;AQ;01/08/1890;018040;Castelnovetto;C213;018;PV
1890;RM;058;058026;C390;Cave;;AQES;01/07/1890;058085;Rocca di Cave;H401;058;RM
1890;BG;016;016030;A963;Bonate Sopra;;CE;20/05/1890;016089;Curno;D221;016;BG
1890;BG;016;016089;D221;Curno;;AQ;20/05/1890;016030;Bonate Sopra;A963;016;BG
1889;TO;001;001272;L219;Torino;;AQES;01/12/1889;001816;Cavoretto;C403;001;TO
1889;VI;024;024059;F306;Molvena;;AQ;01/10/1889;024090;Mure;F810;024;VI
1889;VI;024;024090;F810;Salcedo;;CE;01/10/1889;024059;Molvena;F306;024;VI
1889;TV;026;026065;H220;Refrontolo;;CE;16/08/1889;026083;Susegana;L014;026;TV
1889;TV;026;026083;L014;Susegana;;AQ;16/08/1889;026065;Refrontolo;H220;026;TV
1889;BG;016;016049;B618;Canonica d'Adda;;CE;01/07/1889;016813;Capriate d'Adda;B702;016;BG
1889;BG;016;016813;B702;Capriate d'Adda;;AQ;01/07/1889;016049;Canonica d'Adda;B618;016;BG
1889;GE;010;010014;C481;Ceranesi;;CE;17/06/1889;010814;Pontedecimo;G841;010;GE
1889;GE;010;010814;G841;Pontedecimo;;AQ;17/06/1889;010014;Ceranesi;C481;010;GE
1888;TV;026;026013;C190;Castello di Godego;;CE;01/01/1888;026036;Loria;E692;026;TV
1888;TV;026;026036;E692;Loria;;AQ;01/01/1888;026013;Castello di Godego;C190;026;TV
1888;PG;054;054809;A207;Allerona;;CE;01/01/1888;054838;Ficulle;D570;054;PG
1888;PG;054;054809;A207;Allerona;;AQ;01/01/1888;054838;Ficulle;D570;054;PG
1888;PG;054;054838;D570;Ficulle;;AQ;01/01/1888;054809;Allerona;A207;054;PG
1888;PG;054;054838;D570;Ficulle;;CE;01/01/1888;054809;Allerona;A207;054;PG
1887;CN;004;004023;A979;Bonvicino;;AQ;04/08/1887;004145;Murazzano;F809;004;CN
1887;CN;004;004145;F809;Murazzano;;CE;04/08/1887;004023;Bonvicino;A979;004;CN
1886;PV;018;018011;A712;Bastida Pancarana;;AQ;01/01/1886;018190;Zinasco;M180;018;PV
1886;PV;018;018190;M180;Zinasco;;CE;01/01/1886;018011;Bastida Pancarana;A712;018;PV
1885;BG;016;016007;A217;Almenno San Salvatore;;CE;31/12/1885;016239;Villa d'Almè;A215;016;BG
1885;BG;016;016239;A215;Villa d'Almè;;AQ;31/12/1885;016007;Almenno San Salvatore;A217;016;BG
1885;LE;075;075016;B936;Casarano;;AQ;31/12/1885;075085;Taviano;L074;075;LE
1885;LE;075;075085;L074;Taviano;;CE;31/12/1885;075016;Casarano;B936;075;LE
1885;RC;080;080015;B234;Bruzzano Zeffirio;;CE;01/01/1885;080090;Staiti;I936;080;RC
1885;RC;080;080090;I936;Staiti;;AQ;01/01/1885;080015;Bruzzano Zeffirio;B234;080;RC
1884;CO;013;013075;C933;Como;;AQES;15/12/1884;013829;Camerlata;B475;013;CO
1884;CO;013;013075;C933;Como;;AQES;15/12/1884;013905;Monte Olimpino;F583;013;CO
1884;BS;017;017091;E654;Lograto;;AQ;01/12/1884;017099;Mairano;E841;017;BS
1884;BS;017;017099;E841;Mairano;;CE;01/12/1884;017091;Lograto;E654;017;BS
1884;PI;050;050003;B390;Calci;;AQ;01/12/1884;050038;Vicopisano;L850;050;PI
1884;PI;050;050038;L850;Vicopisano;;CE;01/12/1884;050003;Calci;B390;050;PI
1884;MI;015;015801;A063;Affori;;CECS;01/11/1884;015032;Bresso;B162;015;MI
1884;NO;003;003094;F048;Massiola;;CE;01/10/1884;003854;Fornero;D716;003;NO
1884;NO;003;003854;D716;Fornero;;AQ;01/10/1884;003094;Massiola;F048;003;NO
1884;RM;058;058046;E204;Grottaferrata;;AQ;01/10/1884;058091;Roma;H501;058;RM
1884;RM;058;058091;H501;Roma;;CE;01/10/1884;058046;Grottaferrata;E204;058;RM
1884;RE;035;035011;B825;Carpineti;;CE;01/08/1884;035041;Toano;L184;035;RE
1884;RE;035;035041;L184;Toano;;AQ;01/08/1884;035011;Carpineti;B825;035;RE
1884;LU;046;046034;L913;Villa Basilica;;CE;01/08/1884;046806;Pescia;G491;046;LU
1884;LU;046;046806;G491;Pescia;;AQ;01/08/1884;046034;Villa Basilica;L913;046;LU
1884;NO;003;003061;D332;Domodossola;;AQ;01/07/1884;003898;Vagna;L534;003;NO
1884;NO;003;003898;L534;Vagna;;CE;01/07/1884;003061;Domodossola;D332;003;NO
1884;PR;034;034004;A788;Berceto;;CE;01/07/1884;034006;Borgo Taro;B042;034;PR
1884;PR;034;034006;B042;Borgo Taro;;AQ;01/07/1884;034004;Berceto;A788;034;PR
1884;LU;046;046004;B007;Borgo a Mozzano;;CE;01/07/1884;046017;Lucca;E715;046;LU
1884;LU;046;046007;B648;Capannori;;AQ;01/07/1884;046017;Lucca;E715;046;LU
1884;LU;046;046017;E715;Lucca;;CE;01/07/1884;046007;Capannori;B648;046;LU
1884;LU;046;046017;E715;Lucca;;AQ;01/07/1884;046004;Borgo a Mozzano;B007;046;LU
1884;CB;070;070042;D595;Filignano;;AQ;01/07/1884;070102;Rocchetta a Volturno;H458;070;CB
1884;CB;070;070102;H458;Rocchetta a Volturno;;CE;01/07/1884;070042;Filignano;D595;070;CB
1884;LI;049;049010;E930;Marciana;;CECS;01/06/1884;049011;Marciana Marina;E931;049;LI
1884;CN;004;004023;A979;Bonvicino;;CE;01/04/1884;004145;Murazzano;F809;004;CN
1884;CN;004;004145;F809;Murazzano;;AQ;01/04/1884;004023;Bonvicino;A979;004;CN
1883;CO;013;013136;E749;Lurago d'Erba;;AQES;01/11/1883;013860;Colciago;C832;013;CO
1883;LU;046;046034;L913;Villa Basilica;;CE;01/10/1883;046810;Vellano;L717;046;LU
1883;LU;046;046806;G491;Pescia;;AQ;01/10/1883;046810;Vellano;L717;046;LU
1883;LU;046;046810;L717;Vellano;;AQ;01/10/1883;046034;Villa Basilica;L913;046;LU
1883;LU;046;046810;L717;Vellano;;CE;01/10/1883;046806;Pescia;G491;046;LU
1883;PV;018;018110;G388;Pavia;;AQES;01/09/1883;018831;Corpi Santi di Pavia;D036;018;PV
1883;PV;018;018833;D743;Fossarmato;;AQ;01/09/1883;018844;Mirabello ed Uniti di Pavia;F237;018;PV
1883;PV;018;018833;D743;Fossarmato;;AQES;01/09/1883;018831;Corpi Santi di Pavia;D036;018;PV
1883;PV;018;018844;F237;Mirabello ed Uniti di Pavia;;CE;01/09/1883;018833;Fossarmato;D743;018;PV
1883;LU;046;046801;B251;Buggiano;;CECS;01/06/1883;046808;Ponte Buggianese;G833;046;LU
1883;VE;027;027042;L736;Venezia;;AQES;19/01/1883;027804;Malamocco;E845;027;VE
1883;PD;028;028063;G587;Piazzola sul Brenta;;CE;01/01/1883;028076;San Giorgio in Bosco;H897;028;PD
1883;PD;028;028076;H897;San Giorgio in Bosco;;AQ;01/01/1883;028063;Piazzola sul Brenta;G587;028;PD
1882;TO;001;001258;I465;Sauze di Cesana;;AQ;01/08/1882;001809;Bousson;B096;001;TO
1882;TO;001;001809;B096;Bousson;;CE;01/08/1882;001258;Sauze di Cesana;I465;001;TO
1882;CO;013;013149;F248;Missaglia;;AQ;01/08/1882;013156;Monticello Brianza;F674;013;CO
1882;CO;013;013156;F674;Monticello Brianza;;CE;01/08/1882;013149;Missaglia;F248;013;CO
1882;MI;015;015214;I815;Somaglia;;AQES;01/07/1882;015923;Pizzolano;G725;015;MI
1882;LI;049;049016;H297;Rio nell'Elba;;CECS;01/07/1882;049015;Rio Marina;H305;049;LI
1882;PZ;076;076006;A482;Atella;;CE;01/07/1882;076007;Avigliano;A519;076;PZ
1882;PZ;076;076007;A519;Avigliano;;AQ;01/07/1882;076006;Atella;A482;076;PZ
1882;AP;044;044064;H390;Roccafluvione;;AQ;01/06/1882;044073;Venarotta;L728;044;AP
1882;AP;044;044073;L728;Venarotta;;CE;01/06/1882;044064;Roccafluvione;H390;044;AP
1882;CO;013;013201;H601;Rovellasca;;AQ;01/01/1882;015147;Misinto;F247;015;MI
1882;MI;015;015147;F247;Misinto;;CE;01/01/1882;013201;Rovellasca;H601;013;CO
1881;MS;045;045001;A496;Aulla;;AQ;01/07/1881;045013;Podenzana;G746;045;MS
1881;MS;045;045013;G746;Podenzana;;CE;01/07/1881;045001;Aulla;A496;045;MS
1881;LU;046;046021;F452;Montecarlo;;CECS;01/07/1881;046001;Altopascio;A241;046;LU
1881;PG;054;054058;L627;Vallo di Nera;;AQES;01/07/1881;054807;Piedipaterno sul Nera;F090;054;PG
1881;PR;034;034003;A731;Bedonia;;AQ;01/04/1881;034011;Compiano;C934;034;PR
1881;PR;034;034011;C934;Compiano;;CE;01/04/1881;034003;Bedonia;A731;034;PR
1881;NO;003;003415;G521;Pettinengo;;AQ;01/03/1881;003953;Chiavazza;C622;003;NO
1881;NO;003;003415;G521;Pettinengo;;AQ;01/03/1881;003625;Zumaglia;M201;003;NO
1881;NO;003;003625;M201;Zumaglia;;CE;01/03/1881;003415;Pettinengo;G521;003;NO
1881;NO;003;003953;C622;Chiavazza;;CE;01/03/1881;003415;Pettinengo;G521;003;NO
1880;AL;006;006829;A312;Antignano;;CE;01/12/1880;006925;San Martino al Tanaro;H987;006;AL
1880;AL;006;006925;H987;San Martino al Tanaro;;AQ;01/12/1880;006829;Antignano;A312;006;AL
1880;CO;013;013013;A476;Asso;;AQES;19/08/1880;013912;Pagnano Valsassina;G239;013;CO
1880;NO;003;003815;A862;Bieno;;CE;27/07/1880;003874;Pallanza;G279;003;NO
1880;NO;003;003874;G279;Pallanza;;AQ;27/07/1880;003815;Bieno;A862;003;NO
1880;GE;010;010855;B369;Cairo Montenotte;;AQES;16/07/1880;009824;Rocchetta Cairo;H463;010;GE
1880;GE;010;010855;B369;Cairo Montenotte;;AQES;16/07/1880;009810;Carretto;B837;010;GE
1880;GE;010;010909;G542;Piana Crixia;;AQES;16/07/1880;009806;Cagna;B356;010;GE
1880;GE;010;010922;I204;Santa Giulia;;AQES;16/07/1880;009817;Lodisio;E650;010;GE
1880;BS;017;017029;B157;Brescia;;AQES;10/07/1880;017890;San Bartolomeo;H759;017;BS
1880;BS;017;017029;B157;Brescia;;AQES;10/07/1880;017861;Mompiano;F321;017;BS
1880;BS;017;017029;B157;Brescia;;AQES;10/07/1880;017892;San Nazzaro Mella;I050;017;BS
1880;BS;017;017029;B157;Brescia;;AQES;10/07/1880;017841;Fiumicello Urago;D626;017;BS
1880;BS;017;017029;B157;Brescia;;AQES;10/07/1880;017894;Sant'Alessandro;I212;017;BS
1880;MO;036;036017;E264;Guiglia;;CE;01/07/1880;036047;Zocca;M183;036;MO
1880;MO;036;036047;M183;Zocca;;AQ;01/07/1880;036017;Guiglia;E264;036;MO
1880;PG;054;054860;F687;Montopoli di Sabina;;AQES;01/07/1880;057801;Bocchignano;A913;054;PG
1880;ME;083;083072;H418;Roccalumera;;AQES;01/07/1880;083065;Pagliara;G234;083;ME
1880;PG;054;054833;C969;Contigliano;;AQES;01/06/1880;057804;Collebaccaro;C849;054;PG
1880;CO;013;013156;F674;Monticello Brianza;;AQES;01/05/1880;013841;Casirago;B970;013;CO
1880;MI;015;015085;C986;Corbetta;;AQES;01/05/1880;015840;Cassina Pobbia;C019;015;MI
1880;PG;054;054045;I263;Sant'Anatolia di Narco;;AQES;01/05/1880;054801;Castel San Felice;C258;054;PG
1880;VR;023;023049;F461;Montecchia di Crosara;;AQ;01/04/1880;023063;Roncà;H522;023;VR
1880;VR;023;023063;H522;Roncà;;CE;01/04/1880;023049;Montecchia di Crosara;F461;023;VR
1880;CH;069;069022;C632;Chieti;;AQ;01/04/1880;069081;Forcabobolina;D690;069;CH
1880;CH;069;069081;D690;Forcabobolina;;CE;01/04/1880;069022;Chieti;C632;069;CH
1880;PD;028;028016;B345;Cadoneghe;;AQ;01/03/1880;028099;Vigodarzere;L892;028;PD
1880;PD;028;028099;L892;Vigodarzere;;CE;01/03/1880;028016;Cadoneghe;B345;028;PD
1880;BS;017;017173;I412;San Zeno Naviglio;;AQ;01/01/1880;017894;Sant'Alessandro;I212;017;BS
1880;BS;017;017894;I212;Sant'Alessandro;;CE;01/01/1880;017173;San Zeno Naviglio;I412;017;BS
1880;PG;054;054048;I585;Sellano;;AQES;01/01/1880;054805;Montesanto Vigi;F633;054;PG
1880;PG;054;054823;C289;Castel Viscardo;;AQES;01/01/1880;055808;Monterubbiaglio;F613;054;PG
1880;ME;083;083049;F206;Milazzo;;AQES;01/01/1880;083809;Spadafora San Pietro;I883;083;ME
1879;MI;015;015095;D159;Crespiatica;;AQES;01/09/1879;015960;Tormo;L222;015;MI
1879;MI;015;015089;D021;Cornegliano Laudense;;AQES;01/08/1879;015829;Campolungo;B548;015;MI
1879;MI;015;015137;F028;Massalengo;;AQES;01/08/1879;015907;Motta Vigana;F782;015;MI
1879;MI;015;015174;G096;Pieve Fissiraga;;AQES;01/08/1879;015965;Trivulzina;L442;015;MI
1879;MI;015;015174;G096;Pieve Fissiraga;;AQ;01/08/1879;015829;Campolungo;B548;015;MI
1879;MI;015;015174;G096;Pieve Fissiraga;;AQES;01/08/1879;015920;Pezzolo de' Codazzi;G530;015;MI
1879;MI;015;015240;F260;Villavesco;;AQES;01/08/1879;015825;Ca' de' Zecchi;B341;015;MI
1879;MI;015;015829;B548;Campolungo;;CE;01/08/1879;015174;Pieve Fissiraga;G096;015;MI
1879;BG;016;016170;G856;Ponte San Pietro;;AQ;01/08/1879;016176;Presezzo;H046;016;BG
1879;BG;016;016176;H046;Presezzo;;CE;01/08/1879;016170;Ponte San Pietro;G856;016;BG
1879;CH;069;069035;D763;Francavilla al Mare;;AQES;01/07/1879;069802;San Silvestro;I161;069;CH
1879;CH;069;069081;D690;Forcabobolina;;AQES;01/07/1879;069802;San Silvestro;I161;069;CH
1879;CH;069;069094;L284;Torrevecchia Teatina;;AQES;01/07/1879;069802;San Silvestro;I161;069;CH
1879;CH;069;069809;G482;Pescara;;AQES;01/07/1879;069802;San Silvestro;I161;069;CH
1879;VR;023;023061;H048;Pressana;;CE;01/06/1879;023066;Roveredo di Guà;H610;023;VR
1879;VR;023;023066;H610;Roveredo di Guà;;AQ;01/06/1879;023061;Pressana;H048;023;VR
1879;PR;034;034003;A731;Bedonia;;AQ;01/06/1879;034011;Compiano;C934;034;PR
1879;PR;034;034011;C934;Compiano;;CE;01/06/1879;034003;Bedonia;A731;034;PR
1879;BS;017;017040;C055;Castegnato;;AQ;01/03/1879;017188;Travagliato;L339;017;BS
1879;BS;017;017188;L339;Travagliato;;CE;01/03/1879;017040;Castegnato;C055;017;BS
1879;CO;013;013013;A476;Asso;;AQES;01/02/1879;013938;Scarenna;I508;013;CO
1879;MI;015;015071;C536;Cerro al Lambro;;AQES;01/02/1879;015934;Riozzo;H309;015;MI
1879;RO;029;029023;D776;Frassinelle Polesine;;AQ;01/02/1879;029036;Pincara;G673;029;RO
1879;RO;029;029036;G673;Pincara;;CE;01/02/1879;029023;Frassinelle Polesine;D776;029;RO
1879;UD;030;030120;H040;Prepotto;;AQES;01/02/1879;030802;Castel del Monte Udinese;C084;030;UD
1879;CA;092;092838;E283;Ilbono;;AQES;01/02/1879;092828;Elini;D395;092;CA
1879;TO;001;001078;C627;Chieri;;CECS;01/01/1879;001257;Santena;I327;001;TO
1879;PG;054;054046;I522;Scheggia e Pascelupo;;AQES;01/01/1879;054806;Pascelupo;G351;054;PG
1878;GE;010;010889;E632;Loano;;AQES;01/11/1878;009831;Verzi Pietra;L803;010;GE
1878;VI;024;024012;A703;Bassano;;AQ;01/10/1878;024023;Campolongo sul Brenta;B547;024;VI
1878;VI;024;024023;B547;Campolongo sul Brenta;;CE;01/10/1878;024012;Bassano;A703;024;VI
1878;GE;010;010055;I346;Sant'Olcese;;AQ;01/09/1878;010804;Bolzaneto;A951;010;GE
1878;GE;010;010804;A951;Bolzaneto;;CE;01/09/1878;010055;Sant'Olcese;I346;010;GE
1878;MI;015;015238;L977;Villanova del Sillaro;;AQES;01/09/1878;015904;Mongiardino Sillaro;F366;015;MI
1878;MI;015;015238;L977;Villanova del Sillaro;;AQES;01/09/1878;015809;Bargano;A659;015;MI
1878;PV;018;018131;H614;Rovescala;;CE;01/09/1878;018134;San Damiano al Colle;H814;018;PV
1878;PV;018;018134;H814;San Damiano al Colle;;AQ;01/09/1878;018131;Rovescala;H614;018;PV
1878;TO;001;001139;E758;Luserna San Giovanni;;CE;01/05/1878;001275;Torre Pellice;L277;001;TO
1878;TO;001;001275;L277;Torre Pellice;;AQ;01/05/1878;001139;Luserna San Giovanni;E758;001;TO
1878;AP;044;044019;D542;Fermo;;CE;01/03/1878;044060;Porto San Giorgio;G920;044;AP
1878;AP;044;044019;D542;Fermo;;AQES;01/03/1878;044820;Torre di Palme;L268;044;AP
1878;AP;044;044060;G920;Porto San Giorgio;;AQ;01/03/1878;044019;Fermo;D542;044;AP
1878;FI;048;048819;G713;Pistoia;;AQES;01/03/1878;047802;Porta al Borgo;G892;048;FI
1878;FI;048;048819;G713;Pistoia;;AQES;01/03/1878;047804;Porta Lucchese;G896;048;FI
1878;FI;048;048819;G713;Pistoia;;AQES;01/03/1878;047805;Porta San Marco;G899;048;FI
1878;FI;048;048819;G713;Pistoia;;AQES;01/03/1878;047803;Porta Carratica;G893;048;FI
1878;TO;001;001195;G705;Piscina;;AQ;01/01/1878;001260;Scalenghe;I490;001;TO
1878;TO;001;001260;I490;Scalenghe;;CE;01/01/1878;001195;Piscina;G705;001;TO
1878;NO;003;003071;D937;Gattico;;CE;01/01/1878;003114;Paruzzaro;G349;003;NO
1878;NO;003;003114;G349;Paruzzaro;;AQ;01/01/1878;003071;Gattico;D937;003;NO
1878;GE;010;010002;A506;Avegno;;AQ;01/01/1878;010064;Uscio;L507;010;GE
1878;GE;010;010064;L507;Uscio;;CE;01/01/1878;010002;Avegno;A506;010;GE
1878;SI;052;052029;H911;San Giovanni d'Asso;;AQ;01/01/1878;052036;Trequanda;L384;052;SI
1878;SI;052;052036;L384;Trequanda;;CE;01/01/1878;052029;San Giovanni d'Asso;H911;052;SI
1877;GE;010;010055;I346;Sant'Olcese;;CE;01/12/1877;010058;Serra Riccò;I640;010;GE
1877;GE;010;010058;I640;Serra Riccò;;AQ;01/12/1877;010055;Sant'Olcese;I346;010;GE
1877;PC;033;033004;A831;Bettola;;AQES;01/11/1877;033801;Borgo San Bernardino;B032;033;PC
1877;CO;013;013201;H601;Rovellasca;;AQ;01/09/1877;013202;Rovello;H602;013;CO
1877;CO;013;013202;H602;Rovello;;CE;01/09/1877;013201;Rovellasca;H601;013;CO
1877;GE;010;010856;B409;Calice Ligure;;CE;01/08/1877;010877;Finalborgo;D598;010;GE
1877;GE;010;010877;D598;Finalborgo;;AQES;01/08/1877;009816;Gorra;E108;010;GE
1877;GE;010;010877;D598;Finalborgo;;AQ;01/08/1877;010856;Calice Ligure;B409;010;GE
1877;PV;018;018032;B945;Casatisma;;AQ;01/05/1877;018057;Corvino San Quirico;D081;018;PV
1877;PV;018;018057;D081;Corvino San Quirico;;CE;01/05/1877;018032;Casatisma;B945;018;PV
1877;PV;018;018057;D081;Corvino San Quirico;;CE;01/05/1877;018124;Robecco Pavese;H375;018;PV
1877;PV;018;018124;H375;Robecco Pavese;;AQ;01/05/1877;018057;Corvino San Quirico;D081;018;PV
1877;NA;063;063008;B076;Boscoreale;;CE;01/05/1877;063083;Torre Annunziata;L245;063;NA
1877;NA;063;063009;B077;Boscotrecase;;CE;01/05/1877;063083;Torre Annunziata;L245;063;NA
1877;NA;063;063026;C495;Massa di Somma;;AQ;01/05/1877;063070;San Sebastiano al Vesuvio;I151;063;NA
1877;NA;063;063026;C495;Massa di Somma;;AQ;01/05/1877;063056;Pollena Trocchia;G795;063;NA
1877;NA;063;063056;G795;Pollena Trocchia;;CE;01/05/1877;063026;Massa di Somma;C495;063;NA
1877;NA;063;063070;I151;San Sebastiano al Vesuvio;;CE;01/05/1877;063026;Massa di Somma;C495;063;NA
1877;NA;063;063083;L245;Torre Annunziata;;AQ;01/05/1877;063009;Boscotrecase;B077;063;NA
1877;NA;063;063083;L245;Torre Annunziata;;AQ;01/05/1877;063008;Boscoreale;B076;063;NA
1877;MI;015;015126;E648;Lodi;;AQES;01/04/1877;015857;Chiosi Uniti con Bottedo;C646;015;MI
1877;MI;015;015126;E648;Lodi;;AQES;01/04/1877;015853;Chiosi d'Adda Vigadore;C642;015;MI
1877;TV;026;026069;H523;Roncade;;AQES;01/04/1877;026808;Spercenigo;I890;026;TV
1877;TV;026;026071;H781;San Biagio di Callalta;;AQES;01/04/1877;026808;Spercenigo;I890;026;TV
1877;PR;034;034003;A731;Bedonia;;AQ;01/04/1877;034011;Compiano;C934;034;PR
1877;PR;034;034011;C934;Compiano;;CE;01/04/1877;034003;Bedonia;A731;034;PR
1877;IM;008;008009;A993;Borghetto di Arroscia;;AQES;01/03/1877;008838;Ubaga;L479;008;IM
1877;PC;033;033010;B643;Caorso;;AQ;01/03/1877;033027;Monticelli d'Ongina;F671;033;PC
1877;PC;033;033027;F671;Monticelli d'Ongina;;CE;01/03/1877;033010;Caorso;B643;033;PC
1877;SI;052;052032;I726;Siena;;AQ;01/03/1877;052803;Masse di Siena;F040;052;SI
1877;SI;052;052803;F040;Masse di Siena;;CE;01/03/1877;052032;Siena;I726;052;SI
1877;GE;010;010011;B939;Casarza;;CE;01/02/1877;010040;Ne;F858;010;GE
1877;GE;010;010040;F858;Ne;;AQ;01/02/1877;010011;Casarza;B939;010;GE
1877;MN;020;020027;E089;Gonzaga;;CECS;01/02/1877;020035;Moglia;F267;020;MN
1877;MN;020;020027;E089;Gonzaga;;CECS;01/02/1877;020039;Pegognaga;G417;020;MN
1877;AL;006;006831;A479;Asti;;AQES;01/01/1877;005810;Quarto Astese;H113;006;AL
1876;PG;054;054899;L293;Torricella in Sabina;;AQES;01/12/1876;057806;Oliveto in Sabina;G038;054;PG
1876;PG;054;054896;L189;Toffia;;AQES;01/11/1876;057805;Monte Santa Maria in Sabina;F630;054;PG
1876;FI;048;048010;C101;Castelfiorentino;;AQ;01/09/1876;048027;Montaione;F398;048;FI
1876;FI;048;048027;F398;Montaione;;CE;01/09/1876;048010;Castelfiorentino;C101;048;FI
1876;PG;054;054811;A262;Amelia;;AQES;01/09/1876;055811;Porchiano del Monte;G884;054;PG
1876;CS;078;078048;D289;Diamante;;AQ;01/09/1876;078071;Maierà;E835;078;CS
1876;CS;078;078071;E835;Maierà;;CE;01/09/1876;078048;Diamante;D289;078;CS
1876;PG;054;054884;H446;Rocca Sinibalda;;AQES;01/05/1876;057808;Posticciola;G938;054;PG
1876;PG;054;054898;L286;Torri in Sabina;;AQES;01/05/1876;057809;Rocchette;H469;054;PG
1876;CT;087;087806;C471;Centuripe;;AQES;01/03/1876;086801;Carcaci;B746;087;CT
1876;SS;090;090055;G376;Pattada;;AQES;01/03/1876;090801;Bantine;A611;090;SS
1875;PG;054;054825;C575;Cesi;;AQES;01/11/1875;055812;Portaria;G898;054;PG
1875;PG;054;054862;F844;Narni;;AQES;01/11/1875;055801;Capitone;B659;054;PG
1875;PG;054;054874;G759;Poggio Fidoni;;AQES;01/11/1875;057803;Cerchiara in Sabina;C490;054;PG
1875;PG;054;054876;G764;Poggio Moiano;;AQ;01/11/1875;054890;Scandriglia;I499;054;PG
1875;PG;054;054890;I499;Scandriglia;;CE;01/11/1875;054876;Poggio Moiano;G764;054;PG
1875;SA;065;065061;E485;Laurino;;AQES;01/11/1875;065803;Fogna;D647;065;SA
1875;PG;054;054008;C252;Castel Ritaldi e San Giovanni;;AQES;01/09/1875;054802;Castel San Giovanni di Spoleto;C260;054;PG
1875;AL;006;006868;C807;Cocconato;;AQES;01/08/1875;005804;Cocconito;C808;006;AL
1875;SO;014;014066;L175;Tirano;;CE;01/08/1875;014078;Villa di Tirano;L908;014;SO
1875;SO;014;014078;L908;Villa di Tirano;;AQ;01/08/1875;014066;Tirano;L175;014;SO
1875;PG;054;054047;I523;Scheggino;;AQES;01/08/1875;054803;Ceselli;C571;054;PG
1875;SS;090;090013;A978;Bonorva;;AQES;01/08/1875;090803;Rebeccu;H209;090;SS
1875;CR;019;019035;D142;Crema;;AQ;01/07/1875;019897;San Bernardino;H776;019;CR
1875;CR;019;019035;D142;Crema;;AQES;01/07/1875;019918;Vairano Cremasco;L541;019;CR
1875;CR;019;019035;D142;Crema;;AQ;01/07/1875;019872;Ombriano;G060;019;CR
1875;CR;019;019035;D142;Crema;;AQES;01/07/1875;019903;San Michele Cremasco;I036;019;CR
1875;CR;019;019872;G060;Ombriano;;CE;01/07/1875;019035;Crema;D142;019;CR
1875;CR;019;019890;H317;Ripalta Nuova;;AQES;01/07/1875;019903;San Michele Cremasco;I036;019;CR
1875;CR;019;019897;H776;San Bernardino;;CE;01/07/1875;019035;Crema;D142;019;CR
1875;CR;019;019908;I235;Santa Maria della Croce;;AQES;01/07/1875;019918;Vairano Cremasco;L541;019;CR
1875;PG;054;054009;C309;Castiglione del Lago;;CE;01/07/1875;054055;Tuoro;L466;054;PG
1875;PG;054;054055;L466;Tuoro;;AQ;01/07/1875;054009;Castiglione del Lago;C309;054;PG
1875;NO;003;003152;L666;Vanzone con San Carlo;;AQES;09/06/1875;003883;San Carlo d'Ossola;H788;003;NO
1875;PG;054;054812;A439;Arrone;;AQES;01/06/1875;055803;Castel di Lago;C092;054;PG
1875;PG;054;054882;H282;Rieti;;AQES;01/05/1875;057810;San Giovanni Reatino;H925;054;PG
1875;PG;054;054882;H282;Rieti;;AQES;01/05/1875;057811;Sant'Elia Reatino;I323;054;PG
1875;NO;003;003815;A862;Bieno;;AQ;01/03/1875;003874;Pallanza;G279;003;NO
1875;NO;003;003874;G279;Pallanza;;CE;01/03/1875;003815;Bieno;A862;003;NO
1875;GE;010;010813;G414;Pegli;;AQES;01/01/1875;010811;Multedo;F805;010;GE
1875;CO;013;013051;B943;Casatenovo;;AQES;01/01/1875;013847;Cassina de' Bracchi;C011;013;CO
1875;LE;075;075077;I887;Specchia;;CE;01/01/1875;075088;Tricase;L419;075;LE
1875;LE;075;075088;L419;Tricase;;AQ;01/01/1875;075077;Specchia;I887;075;LE
1874;SS;090;090804;A895;Bitti;;AQES;01/07/1874;091801;Garofai;D929;090;SS
1874;RC;080;080803;C350;Cataforio;;CE;01/02/1874;080806;Gallina;D880;080;RC
1874;RC;080;080806;D880;Gallina;;AQ;01/02/1874;080803;Cataforio;C350;080;RC
1874;GE;010;010025;D969;Genova;;AQES;01/01/1874;010819;San Francesco d'Albaro;H849;010;GE
1874;GE;010;010025;D969;Genova;;AQES;01/01/1874;010822;San Martino d'Albaro;I004;010;GE
1874;GE;010;010025;D969;Genova;;AQES;01/01/1874;010808;Foce;D642;010;GE
1874;GE;010;010025;D969;Genova;;AQES;01/01/1874;010820;San Fruttuoso;H853;010;GE
1874;GE;010;010025;D969;Genova;;AQES;01/01/1874;010809;Marassi;E918;010;GE
1874;GE;010;010025;D969;Genova;;AQES;01/01/1874;010827;Staglieno;I934;010;GE
1874;MI;015;015214;I815;Somaglia;;AQES;01/01/1874;015932;Regina Fittarezza;H226;015;MI
1874;MN;020;020015;C118;Castel Goffredo;;AQES;01/01/1874;020801;Casalpoglio;B909;020;MN
1874;PR;034;034020;F082;Medesano;;AQ;01/01/1874;034045;Varano de' Melegari;L672;034;PR
1874;PR;034;034045;L672;Varano de' Melegari;;CE;01/01/1874;034020;Medesano;F082;034;PR
1873;AR;051;051027;G139;Ortignano;;AQES;01/10/1873;051803;Raggiolo;H160;051;AR
1873;PG;054;054882;H282;Rieti;;AQES;01/10/1873;057802;Castel San Benedetto Reatino;C257;054;PG
1873;MI;015;015146;F205;Milano;;AQES;01/09/1873;015865;Corpi Santi di Milano;D035;015;MI
1873;NA;063;063007;A617;Barano d'Ischia;;AQES;01/09/1873;063813;Testaccio d'Ischia;L151;063;NA
1873;AL;006;006070;D759;Francavilla Bisio;;AQES;01/07/1873;006801;Bisio;A888;006;AL
1873;PV;018;018091;F171;Mezzana Rabattone;;AQ;01/07/1873;018108;Pancarana;G304;018;PV
1873;PV;018;018108;G304;Pancarana;;CE;01/07/1873;018091;Mezzana Rabattone;F171;018;PV
1873;RO;029;029016;C967;Contarina;;CE;01/07/1873;029039;Porto Tolle;G923;029;RO
1873;RO;029;029039;G923;Porto Tolle;;AQ;01/07/1873;029016;Contarina;C967;029;RO
1873;PV;018;018171;L690;Varzi;;AQES;01/03/1873;018854;Pietra Gavina;G617;018;PV
1873;PV;018;018004;A175;Albuzzano;;AQES;01/01/1873;018884;Vigalfo;L862;018;PV
1873;PV;018;018004;A175;Albuzzano;;AQES;01/01/1873;018801;Barona;A672;018;PV
1873;PV;018;018009;A690;Bascapè;;AQES;01/01/1873;018879;Trognano;L446;018;PV
1873;PV;018;018012;A718;Battuda;;AQES;01/01/1873;018871;Torradello;L234;018;PV
1873;PV;018;018012;A718;Battuda;;AQES;01/01/1873;018877;Torrino;L300;018;PV
1873;PV;018;018013;A741;Belgioioso;;AQES;01/01/1873;018867;Santa Margherita Po;I228;018;PV
1873;PV;018;018014;A792;Bereguardo;;AQES;01/01/1873;018855;Pissarello;G711;018;PV
1873;PV;018;018014;A792;Bereguardo;;AQES;01/01/1873;018891;Zelata;M155;018;PV
1873;PV;018;018019;B051;Bornasco;;AQES;01/01/1873;018845;Misano Olona;F245;018;PV
1873;PV;018;018019;B051;Bornasco;;AQES;01/01/1873;018830;Corbesate;C985;018;PV
1873;PV;018;018019;B051;Bornasco;;AQES;01/01/1873;018837;Gualdrasco;E231;018;PV
1873;PV;018;018041;C360;Cava Manara;;AQES;01/01/1873;018834;Gerrechiozzo;D992;018;PV
1873;PV;018;018041;C360;Cava Manara;;AQES;01/01/1873;018873;Torre de' Torti;L266;018;PV
1873;PV;018;018060;B824;Cura Carpignano;;AQES;01/01/1873;018811;Calignano;B412;018;PV
1873;PV;018;018072;E062;Giussago;;AQES;01/01/1873;018818;Casatico;B944;018;PV
1873;PV;018;018077;E310;Inverno;;AQES;01/01/1873;018847;Monteleone sui Colli Pavesi;F539;018;PV
1873;PV;018;018078;E437;Landriano;;AQES;01/01/1873;018852;Pairana;G245;018;PV
1873;PV;018;018081;E600;Linarolo;;AQES;01/01/1873;018881;Vaccarizza;L523;018;PV
1873;PV;018;018087;E999;Marzano;;AQES;01/01/1873;018868;Spirago;I918;018;PV
1873;PV;018;018087;E999;Marzano;;AQES;01/01/1873;018823;Castel Lambro;C131;018;PV
1873;PV;018;018093;F238;Miradolo;;AQES;01/01/1873;018814;Camporinaldo;B558;018;PV
1873;PV;018;018159;L269;Torre d'Isola;;AQES;01/01/1873;018821;Cassine Tolentine;C032;018;PV
1873;PV;018;018160;L285;Torrevecchia Pia;;AQES;01/01/1873;018885;Vigonzone;L902;018;PV
1873;PV;018;018160;L285;Torrevecchia Pia;;AQES;01/01/1873;018892;Zibido al Lambro;M175;018;PV
1873;PV;018;018162;I236;Travacò Siccomario;;AQES;01/01/1873;018843;Mezzano Siccomario;F180;018;PV
1873;PV;018;018165;L453;Trovo;;AQES;01/01/1873;018853;Papiago;G321;018;PV
1873;PV;018;018173;L720;Vellezzo Bellini;;AQES;01/01/1873;018851;Origioso;G104;018;PV
1873;PV;018;018173;L720;Vellezzo Bellini;;AQES;01/01/1873;018835;Giovenzano;E046;018;PV
1873;PV;018;018176;L854;Vidigulfo;;AQES;01/01/1873;018840;Mandrino;E881;018;PV
1873;PV;018;018176;L854;Vidigulfo;;AQES;01/01/1873;018826;Cavagnera;C368;018;PV
1873;PV;018;018176;L854;Vidigulfo;;AQES;01/01/1873;018882;Vairano Pavese;L542;018;PV
1873;PV;018;018180;L994;Villanterio;;AQES;01/01/1873;018846;Montebolognola;F444;018;PV
1873;PV;018;018181;M079;Vistarino;;AQES;01/01/1873;018807;Buttirago;B307;018;PV
1873;PV;018;018181;M079;Vistarino;;AQES;01/01/1873;018889;Vivente;M097;018;PV
1873;PV;018;018817;B821;Carpignago;;AQES;01/01/1873;018839;Liconasco;E579;018;PV
1873;PV;018;018817;B821;Carpignago;;AQES;01/01/1873;018838;Guinzano;E267;018;PV
1873;PV;018;018833;D743;Fossarmato;;AQES;01/01/1873;018859;Prado;G971;018;PV
1873;PV;018;018876;L289;Torriano;;AQES;01/01/1873;018861;San Perone;I080;018;PV
1873;PG;054;054816;A765;Belmonte in Sabina;;CE;01/01/1873;054899;Torricella in Sabina;L293;054;PG
1873;PG;054;054899;L293;Torricella in Sabina;;AQ;01/01/1873;054816;Belmonte in Sabina;A765;054;PG
1872;MI;015;012854;E384;Jerago con Besnate;;AQ;01/08/1872;015987;Arsago;A441;015;MI
1872;MI;015;015987;A441;Arsago;;CE;01/08/1872;012854;Jerago con Besnate;E384;015;MI
1872;PU;041;041050;H721;Saltara;;CE;01/08/1872;041062;Serrungarina;I670;041;PU
1872;PU;041;041062;I670;Serrungarina;;AQ;01/08/1872;041050;Saltara;H721;041;PU
1872;RE;035;035030;H122;Quattro Castella;;AQ;01/04/1872;035043;Vezzano sul Crostolo;L820;035;RE
1872;RE;035;035043;L820;Vezzano sul Crostolo;;CE;01/04/1872;035030;Quattro Castella;H122;035;RE
1872;MN;020;020005;B011;Borgoforte;;AQ;01/01/1872;020031;Marcaria;E922;020;MN
1872;MN;020;020016;C195;Castellucchio;;CE;01/01/1872;020021;Curtatone;D227;020;MN
1872;MN;020;020021;D227;Curtatone;;AQ;01/01/1872;020016;Castellucchio;C195;020;MN
1872;MN;020;020026;E078;Goito;;AQ;01/01/1872;020033;Marmirolo;E962;020;MN
1872;MN;020;020031;E922;Marcaria;;CE;01/01/1872;020005;Borgoforte;B011;020;MN
1872;MN;020;020033;E962;Marmirolo;;CE;01/01/1872;020026;Goito;E078;020;MN
1872;MN;020;020036;F705;Monzambano;;AQ;01/01/1872;020044;Ponti sul Mincio;G862;020;MN
1872;MN;020;020044;G862;Ponti sul Mincio;;CE;01/01/1872;020036;Monzambano;F705;020;MN
1872;MN;020;020070;M125;Volta Mantovana;;CE;01/01/1872;023089;Valeggio sul Mincio;L567;023;VR
1872;VR;023;023089;L567;Valeggio sul Mincio;;AQ;01/01/1872;020070;Volta Mantovana;M125;020;MN
1872;TV;026;026089;L706;Vedelago;;AQES;01/01/1872;026806;Sant'Andrea di Cavasagra;A136;026;TV
1872;UD;030;030095;G198;Ovaro;;AQES;01/01/1872;030811;Mione;F228;030;UD
1872;UD;030;030137;H891;San Giorgio della Richinvelda;;AQ;01/01/1872;030154;Spilimbergo;I904;030;UD
1872;UD;030;030154;I904;Spilimbergo;;CE;01/01/1872;030137;San Giorgio della Richinvelda;H891;030;UD
1872;BO;037;037035;E844;Malalbergo;;CE;01/01/1872;037055;San Pietro in Casale;I110;037;BO
1872;BO;037;037055;I110;San Pietro in Casale;;AQ;01/01/1872;037035;Malalbergo;E844;037;BO
1871;UD;030;030033;C389;Cavazzo Carnico;;AQES;01/10/1871;030803;Cesclans;C570;030;UD
1871;CN;004;004049;C165;Castelletto Stura;;AQ;01/09/1871;004078;Cuneo;D205;004;CN
1871;CN;004;004078;D205;Cuneo;;CE;01/09/1871;004049;Castelletto Stura;C165;004;CN
1871;IM;008;008823;F303;Moltedo Superiore;;AQ;01/09/1871;008824;Moltedo Inferiore;F302;008;IM
1871;IM;008;008824;F302;Moltedo Inferiore;;CE;01/09/1871;008823;Moltedo Superiore;F303;008;IM
1871;MI;015;015412;F736;Mornago;;CE;01/09/1871;015425;Vergiate;L765;015;MI
1871;MI;015;015425;L765;Vergiate;;AQ;01/09/1871;015412;Mornago;F736;015;MI
1871;PV;018;018032;B945;Casatisma;;CE;01/09/1871;018825;Castelletto Po;C164;018;PV
1871;PV;018;018057;D081;Corvino San Quirico;;CE;01/09/1871;018115;Pinarolo Po;G671;018;PV
1871;PV;018;018115;G671;Pinarolo Po;;AQ;01/09/1871;018057;Corvino;D081;018;PV
1871;PV;018;018825;C164;Castelletto Po;;AQ;01/09/1871;018032;Casatisma;B945;018;PV
1871;TO;001;001062;B955;Caselette;;AQ;01/08/1871;001219;Rivoli;H355;001;TO
1871;TO;001;001219;H355;Rivoli;;CE;01/08/1871;001062;Caselette;B955;001;TO
1871;BG;016;016096;D490;Fara d'Adda;;AQES;01/08/1871;016840;Massari Melzi;F034;016;BG
1871;AV;064;064043;E487;Lauro;;AQES;01/08/1871;064803;Migliano;F197;064;AV
1871;MI;015;015120;E550;Lesmo;;AQ;01/07/1871;015223;Triuggio;L434;015;MI
1871;MI;015;015223;L434;Triuggio;;CE;01/07/1871;015120;Lesmo;E550;015;MI
1871;CN;004;004062;C504;Ceresole Alba;;AQ;01/06/1871;004214;Santo Stefano Roero;I372;004;CN
1871;CN;004;004214;I372;Santo Stefano Roero;;CE;01/06/1871;004062;Ceresole Alba;C504;004;CN
1871;GE;010;010919;H304;Riomaggiore;;CE;01/06/1871;010941;Vernazza;L774;010;GE
1871;GE;010;010941;L774;Vernazza;;AQ;01/06/1871;010919;Riomaggiore;H304;010;GE
1871;PV;018;018060;B824;Cura Carpignano;;AQES;01/06/1871;018888;Vimanone;M051;018;PV
1871;PV;018;018063;D594;Filighera;;AQES;01/06/1871;018848;Montesano al Piano;F624;018;PV
1871;PV;018;018135;H859;San Genesio;;AQES;01/06/1871;018858;Pontecarate;G835;018;PV
1871;PV;018;018135;H859;San Genesio;;AQES;01/06/1871;018829;Comairano;C913;018;PV
1871;PV;018;018150;E265;Siziano;;AQES;01/06/1871;018813;Campomorto;B552;018;PV
1871;PV;018;018159;L269;Torre d'Isola;;AQES;01/06/1871;018863;San Varese;I380;018;PV
1871;PV;018;018169;L617;Valle Salimbene;;AQES;01/06/1871;018850;Motta San Damiano;F778;018;PV
1871;PV;018;018169;L617;Valle Salimbene;;AQES;01/06/1871;018803;Belvedere al Po;A775;018;PV
1871;PV;018;018185;M152;Zeccone;;AQES;01/06/1871;018887;Villareggio;M005;018;PV
1871;PV;018;018833;D743;Fossarmato;;AQES;01/06/1871;018809;Ca' della Terra;B330;018;PV
1871;PV;018;018874;L260;Torre del Mangano;;AQES;01/06/1871;018886;Villalunga;L962;018;PV
1871;PV;018;018874;L260;Torre del Mangano;;AQES;01/06/1871;018819;Cassine Calderari;C028;018;PV
1871;PV;018;018874;L260;Torre del Mangano;;AQES;01/06/1871;018820;Cassine Sirigari;C031;018;PV
1871;IM;008;008026;D296;Diano Castello;;CE;01/05/1871;008027;Diano Marina;D297;008;IM
1871;IM;008;008027;D297;Diano Marina;;AQ;01/05/1871;008026;Diano Castello;D296;008;IM
1871;MI;015;015086;D013;Cormano;;AQES;01/05/1871;015821;Brusuglio;B231;015;MI
1871;RE;035;035016;C219;Castelnovo ne' Monti;;CE;01/05/1871;035018;Ciano;C669;035;RE
1871;RE;035;035018;C669;Ciano;;AQ;01/05/1871;035016;Castelnovo ne' Monti;C219;035;RE
1871;CN;004;004222;I822;Sommariva del Bosco;;AQ;01/04/1871;004223;Sommariva Perno;I823;004;CN
1871;CN;004;004223;I823;Sommariva Perno;;CE;01/04/1871;004222;Sommariva del Bosco;I822;004;CN
1871;CR;019;019036;D150;Cremona;;AQES;01/04/1871;019842;Corpi Santi di Cremona;D034;019;CR
1871;PV;018;018831;D036;Corpi Santi di Pavia;;AQES;01/03/1871;018808;Ca' de' Tedioli;B340;018;PV
1871;PG;054;054830;C876;Collevecchio;;CE;01/03/1871;054894;Tarano;L046;054;PG
1871;PG;054;054894;L046;Tarano;;AQ;01/03/1871;054830;Collevecchio;C876;054;PG
1871;PZ;076;076817;F399;Montalbano Jonico;;AQ;01/03/1871;076829;Tursi;L477;076;PZ
1871;PZ;076;076829;L477;Tursi;;CE;01/03/1871;076817;Montalbano Jonico;F399;076;PZ
1871;AP;044;044030;F379;Monsampietro Morico;;CE;01/02/1871;044042;Monteleone di Fermo;F536;044;AP
1871;AP;044;044042;F536;Monteleone di Fermo;;AQ;01/02/1871;044030;Monsampietro Morico;F379;044;AP
1871;TO;001;001289;L685;Varisella;;AQES;01/01/1871;001805;Baratonia;A622;001;TO
1871;MI;015;015107;E063;Giussano;;AQ;01/01/1871;015208;Seregno;I625;015;MI
1871;MI;015;015208;I625;Seregno;;CE;01/01/1871;015107;Giussano;E063;015;MI
1871;UD;030;030019;B215;Brugnera;;CE;01/01/1871;030114;Prata di Pordenone;G994;030;UD
1871;UD;030;030114;G994;Prata di Pordenone;;AQ;01/01/1871;030019;Brugnera;B215;030;UD
1871;AP;044;044035;F493;Montefalcone Appennino;;AQES;01/01/1871;044070;Smerillo;I774;044;AP
1871;CZ;079;079020;B790;Carlopoli;;CE;01/01/1871;079138;Soveria Mannelli;I874;079;CZ
1871;CZ;079;079138;I874;Soveria Mannelli;;AQ;01/01/1871;079020;Carlopoli;B790;079;CZ
1870;MS;045;045001;A496;Aulla;;AQES;01/11/1870;045801;Albiano di Magra;A156;045;MS
1870;MS;045;045013;G746;Podenzana;;AQES;01/11/1870;045801;Albiano di Magra;A156;045;MS
1870;MI;015;015189;H623;Rozzano;;AQES;01/10/1870;015924;Pontesesto;G857;015;MI
1870;RE;035;035045;L969;Villa Minozzo;;AQES;01/10/1870;035801;Gazzano;D953;035;RE
1870;MO;036;036016;D783;Frassinoro;;AQ;01/10/1870;036031;Pievepelago;G649;036;MO
1870;MO;036;036031;G649;Pievepelago;;CE;01/10/1870;036016;Frassinoro;D783;036;MO
1870;TO;001;001202;G978;Praly;;AQES;01/09/1870;001855;Rodoretto;H483;001;TO
1870;TO;001;001238;H804;San Colombano Belmonte;;AQES;01/09/1870;001857;Salecanischio;H696;001;TO
1870;NO;003;003476;L429;Trino;;CE;01/09/1870;003960;Costanzana;D113;003;NO
1870;NO;003;003960;D113;Costanzana;;AQ;01/09/1870;003476;Trino;L429;003;NO
1870;CN;004;004062;C504;Ceresole Alba;;AQ;01/09/1870;004140;Monteu Roero;F654;004;CN
1870;CN;004;004140;F654;Monteu Roero;;CE;01/09/1870;004062;Ceresole Alba;C504;004;CN
1870;MI;015;015036;B240;Buccinasco;;AQES;01/09/1870;015878;Grancino;E137;015;MI
1870;MI;015;015036;B240;Buccinasco;;AQES;01/09/1870;015938;Ronchetto;H530;015;MI
1870;MI;015;015052;B887;Casaletto Lodigiano;;AQES;01/09/1870;015883;Gugnano;E260;015;MI
1870;MI;015;015052;B887;Casaletto Lodigiano;;AQES;01/09/1870;015981;Villarossa;M012;015;MI
1870;MI;015;015060;C014;Cassina de' Pecchi;;AQES;01/09/1870;015949;Sant'Agata Martesana;I194;015;MI
1870;MI;015;015078;C733;Cisliano;;AQES;01/09/1870;015810;Bestazzo;A829;015;MI
1870;MI;015;015078;C733;Cisliano;;AQES;01/09/1870;015946;San Pietro Bestazzo;I097;015;MI
1870;MI;015;015113;E313;Inveruno;;AQES;01/09/1870;015873;Furato;D822;015;MI
1870;MI;015;015116;E415;Lainate;;AQES;01/09/1870;015808;Barbajana;A623;015;MI
1870;MI;015;015116;E415;Lainate;;AQES;01/09/1870;015917;Passirana Milanese;G360;015;MI
1870;MI;015;015148;F423;Montanaso Lombardo;;AQES;01/09/1870;015803;Arcagna;A361;015;MI
1870;MI;015;015150;D033;Coronate;;AQES;01/09/1870;015831;Caselle d'Ozero;B957;015;MI
1870;MI;015;015150;D033;Coronate;;AQES;01/09/1870;015860;Colnago;C887;015;MI
1870;MI;015;015150;D033;Coronate;;AQES;01/09/1870;015925;Porto d'Adda;G908;015;MI
1870;MI;015;015158;F968;Noviglio;;AQES;01/09/1870;015957;Tainate;L031;015;MI
1870;MI;015;015172;G502;Pessano con Bornago;;AQES;01/09/1870;015818;Bornago;B050;015;MI
1870;MI;015;015184;H373;Robecco sul Naviglio;;AQES;01/09/1870;015844;Castellazzo de' Barzi;C150;015;MI
1870;MI;015;015192;H827;San Donato Milanese;;AQES;01/09/1870;015816;Bolgiano;A938;015;MI
1870;MI;015;015195;H930;Viboldone;;AQES;01/09/1870;015919;Pedriano;G413;015;MI
1870;MI;015;015202;I415;San Zenone al Lambro;;AQES;01/09/1870;015950;Santa Maria in Prato;I245;015;MI
1870;MI;015;015236;L773;Vernate;;AQES;01/09/1870;015918;Pasturago;G366;015;MI
1870;MI;015;015236;L773;Vernate;;AQES;01/09/1870;015859;Coazzano;C802;015;MI
1870;MI;015;015236;L773;Vernate;;AQES;01/09/1870;015903;Moncucco Vecchio;F344;015;MI
1870;MI;015;015247;M176;Zibido San Giacomo;;AQES;01/09/1870;015944;San Novo;I064;015;MI
1870;MI;015;015247;M176;Zibido San Giacomo;;AQES;01/09/1870;015947;San Pietro Cusico;I099;015;MI
1870;MI;015;015247;M176;Zibido San Giacomo;;AQES;01/09/1870;015976;Vigonzino;L901;015;MI
1870;MI;015;015407;E102;Gorla Minore;;AQES;01/09/1870;012879;Prospiano;H075;015;MI
1870;MI;015;015407;E102;Gorla Minore;;AQES;01/09/1870;015406;Gorla Maggiore;E101;015;MI
1870;MI;015;015852;C617;Chiaravalle Milanese;;AQES;01/09/1870;015911;Nosedo;F940;015;MI
1870;MI;015;015890;E601;Mezzate;;AQES;01/09/1870;015906;Morsenchio;F752;015;MI
1870;MI;015;015890;E601;Mezzate;;AQES;01/09/1870;015983;Zelo Foramagno;M159;015;MI
1870;MI;015;015987;A441;Arsago;;AQES;01/09/1870;015411;Mezzana Superiore;F169;015;MI
1870;MI;015;015999;C382;Orago;;AQES;01/09/1870;012878;Premezzo;H032;015;MI
1870;PI;050;050011;C244;Castelnuovo di Val di Cecina;;CE;30/07/1870;050027;Pomarance;G804;050;PI
1870;PI;050;050011;C244;Castelnuovo di Val di Cecina;;AQ;30/07/1870;050027;Pomarance;G804;050;PI
1870;PI;050;050027;G804;Pomarance;;CE;30/07/1870;050011;Castelnuovo di Val di Cecina;C244;050;PI
1870;PI;050;050027;G804;Pomarance;;AQ;30/07/1870;050011;Castelnuovo di Val di Cecina;C244;050;PI
1870;TO;001;001074;C564;Cesana Torinese;;AQES;01/07/1870;001856;Rollières;H499;001;TO
1870;TO;001;001809;B096;Bousson;;AQES;01/07/1870;001856;Rollières;H499;001;TO
1870;NO;003;003071;D937;Gattico;;AQ;01/07/1870;003108;Oleggio;G019;003;NO
1870;NO;003;003108;G019;Oleggio;;CE;01/07/1870;003071;Gattico;D937;003;NO
1870;CO;013;013180;G448;Perego;;AQES;01/07/1870;013816;Bernaga;A800;013;CO
1870;CO;013;013180;G448;Perego;;AQES;01/07/1870;013853;Cereda;C499;013;CO
1870;PR;034;034028;G424;Pellegrino Parmense;;CE;01/07/1870;034045;Varano de' Melegari;L672;034;PR
1870;PR;034;034045;L672;Varano de' Melegari;;AQ;01/07/1870;034028;Pellegrino Parmense;G424;034;PR
1870;GE;010;010837;A373;Arcola;;AQES;01/06/1870;011801;Trebiano Magra;L352;010;GE
1870;PC;033;033026;E726;Lugagnano Val d'Arda;;CE;01/06/1870;033028;Morfasso;F724;033;PC
1870;PC;033;033028;F724;Morfasso;;AQ;01/06/1870;033026;Lugagnano Val d'Arda;E726;033;PC
1870;LU;046;046033;L833;Viareggio;;CECS;01/05/1870;046018;Massarosa;F035;046;LU
1870;GE;010;010856;B409;Calice Ligure;;AQES;01/04/1870;009821;Perti;G473;010;GE
1870;NO;003;003400;F369;Mongrando;;CE;01/03/1870;003407;Netro;F878;003;NO
1870;NO;003;003400;F369;Mongrando;;CE;01/03/1870;003971;Donato;D339;003;NO
1870;NO;003;003407;F878;Netro;;AQ;01/03/1870;003400;Mongrando;F369;003;NO
1870;NO;003;003971;D339;Donato;;AQ;01/03/1870;003400;Mongrando;F369;003;NO
1870;FC;040;040021;F244;Misano in Villa Vittoria;;CE;01/03/1870;040040;San Giovanni in Marignano;H921;040;FC
1870;FC;040;040040;H921;San Giovanni in Marignano;;AQ;01/03/1870;040021;Misano in Villa Vittoria;F244;040;FC
1870;TE;067;067018;C311;Castiglione della Valle;;CE;01/03/1870;067028;Montorio al Vomano;F690;067;TE
1870;TE;067;067028;F690;Montorio al Vomano;;AQ;01/03/1870;067018;Castiglione della Valle;C311;067;TE
1870;UD;030;030022;B309;Buttrio;;CE;01/02/1870;030118;Premariacco;H029;030;UD
1870;UD;030;030118;H029;Premariacco;;AQ;01/02/1870;030022;Buttrio;B309;030;UD
1870;FC;040;040029;F715;Morciano di Romagna;;AQ;01/02/1870;040039;San Clemente;H801;040;FC
1870;FC;040;040039;H801;San Clemente;;CE;01/02/1870;040029;Morciano di Romagna;F715;040;FC
1870;LE;075;075818;E630;Lizzano;;AQ;25/01/1870;075840;Sava;I467;075;LE
1870;LE;075;075840;I467;Sava;;CE;25/01/1870;075818;Lizzano;E630;075;LE
1870;GE;010;010058;I640;Serra Riccò;;AQ;01/01/1870;010814;Pontedecimo;G841;010;GE
1870;GE;010;010814;G841;Pontedecimo;;CE;01/01/1870;010058;Serra Riccò;I640;010;GE
1870;CO;013;013849;C180;Castello Sopra Lecco;;AQES;01/01/1870;013908;Olate;G013;013;CO
1870;MI;015;015041;B301;Busto Garolfo;;CECS;01/01/1870;015007;Arconate;A375;015;MI
1870;MI;015;015121;E591;Limbiate;;AQES;01/01/1870;015922;Pinzano;G679;015;MI
1870;MI;015;015175;G686;Pioltello;;AQES;01/01/1870;015889;Limito;E595;015;MI
1870;MI;015;015185;H470;Rodano;;AQES;01/01/1870;015820;Briavacca;B170;015;MI
1870;MI;015;015205;I577;Segrate;;AQES;01/01/1870;015940;Rovagnasco;H595;015;MI
1870;MI;015;015205;I577;Segrate;;AQES;01/01/1870;015912;Novegro;F959;015;MI
1870;MI;015;015237;L883;Vignate;;AQES;01/01/1870;015945;San Pedrino;I077;015;MI
1870;PG;054;054855;F513;Montegabbione;;AQES;01/01/1870;055807;Montegiove;F521;054;PG
1869;FI;048;048001;A564;Bagno a Ripoli;;AQ;28/12/1869;048017;Firenze;D612;048;FI
1869;FI;048;048017;D612;Firenze;;CE;28/12/1869;048001;Bagno a Ripoli;A564;048;FI
1869;PU;041;041804;D610;Fiorenzuola;;AQES;01/12/1869;041802;Casteldimezzo;C095;041;PU
1869;GE;010;010804;A951;Bolzaneto;;AQ;09/11/1869;010818;Rivarolo Ligure;H339;010;GE
1869;GE;010;010818;H339;Rivarolo Ligure;;CE;09/11/1869;010804;Bolzaneto;A951;010;GE
1869;MI;015;015008;A376;Arcore;;AQ;08/11/1869;015120;Lesmo;E550;015;MI
1869;MI;015;015120;E550;Lesmo;;CE;08/11/1869;015008;Arcore;A376;015;MI
1869;GE;010;010839;A593;Balestrino;;AQES;01/10/1869;009809;Carpe;B815;010;GE
1869;GE;010;010879;D602;Finale Pia;;AQES;01/10/1869;009807;Calvisio;B451;010;GE
1869;GE;010;010879;D602;Finale Pia;;AQES;01/10/1869;009828;Varigotti;L684;010;GE
1869;GE;010;010903;D522;Feglino;;AQES;01/10/1869;009820;Orco;G091;010;GE
1869;SA;065;065052;D615;Fisciano;;CE;01/10/1869;065067;Mercato San Severino;F138;065;SA
1869;SA;065;065067;F138;Mercato San Severino;;AQ;01/10/1869;065052;Fisciano;D615;065;SA
1869;TV;026;026019;C815;Codognè;;AQ;13/09/1869;026031;Gaiarine;D854;026;TV
1869;TV;026;026031;D854;Gaiarine;;CE;13/09/1869;026019;Codognè;C815;026;TV
1869;CR;019;019820;B339;Ca' de' Stefani;;AQES;01/08/1869;019817;Ca' de' Sfondrati;B336;019;CR
1869;CR;019;019820;B339;Ca' de' Stefani;;AQES;01/08/1869;019869;Montanara;F421;019;CR
1869;PU;041;041043;G453;Pergola;;AQES;01/08/1869;041814;Montesecco Antico;F643;041;PU
1869;PU;041;041043;G453;Pergola;;AQES;01/08/1869;041803;Fenigli;D534;041;PU
1869;PU;041;041043;G453;Pergola;;AQES;01/08/1869;041815;Montevecchio;F658;041;PU
1869;PU;041;041043;G453;Pergola;;AQES;01/08/1869;041813;Monterolo;F602;041;PU
1869;PU;041;041054;H958;San Lorenzo in Campo;;AQES;01/08/1869;041807;Montalfoglio;F413;041;PU
1869;PU;041;041054;H958;San Lorenzo in Campo;;AQES;01/08/1869;041818;San Vito sul Cesano;I399;041;PU
1869;BS;017;017040;C055;Castegnato;;AQ;01/07/1869;017888;Rodengo;H476;017;BS
1869;BS;017;017888;H476;Rodengo;;CE;01/07/1869;017040;Castegnato;C055;017;BS
1869;CR;019;019012;B650;Capergnanica;;AQES;01/07/1869;019877;Passarera;G355;019;CR
1869;CR;019;019079;H276;Ricengo;;AQES;01/07/1869;019809;Bottaiano;B087;019;CR
1869;CR;019;019897;H776;San Bernardino;;AQES;01/07/1869;019832;Castelnuovo Cremasco;C221;019;CR
1869;VI;024;024058;F019;Mason Vicentino;;AQ;01/07/1869;024059;Molvena;F306;024;VI
1869;VI;024;024059;F306;Molvena;;CE;01/07/1869;024058;Mason Vicentino;F019;024;VI
1869;VI;024;024085;H361;Roana;;AQES;01/07/1869;024806;Treschè Conca;L387;024;VI
1869;PD;028;028013;B031;Borgoricco;;AQES;01/07/1869;028801;San Michele delle Badesse;I043;028;PD
1869;MO;036;036025;F503;Montefiorino;;AQES;01/07/1869;036029;Palagano;G250;036;MO
1869;PU;041;041016;D791;Fratte Rosa;;AQES;01/07/1869;041822;Torre San Marco;L242;041;PU
1869;PU;041;041028;F347;Mondavio;;AQES;01/07/1869;041819;Sant'Andrea di Suasa;I268;041;PU
1869;PU;041;041040;G089;Orciano di Pesaro;;AQES;01/07/1869;041810;Montebello Metaurense;F439;041;PU
1869;AP;044;044065;H588;Rotella;;AQES;01/07/1869;044803;Castel di Croce;C088;044;AP
1869;AP;044;044065;H588;Rotella;;AQES;01/07/1869;044802;Capradosso;B683;044;AP
1869;PI;050;050016;E413;Lajatico;;AQ;01/07/1869;050019;Montecatini Val di Cecina;F458;050;PI
1869;PI;050;050016;E413;Lajatico;;AQ;01/07/1869;050039;Volterra;M126;050;PI
1869;PI;050;050019;F458;Montecatini Val di Cecina;;CE;01/07/1869;050016;Lajatico;E413;050;PI
1869;PI;050;050039;M126;Volterra;;CE;01/07/1869;050016;Lajatico;E413;050;PI
1869;PG;054;054006;B609;Cannara;;AQES;01/07/1869;054804;Collemancio;C863;054;PG
1869;PG;054;054835;D454;Fabro;;AQES;01/07/1869;055802;Carnaiola;B797;054;PG
1869;NO;003;003040;B897;Casalino;;AQ;01/06/1869;003923;Borgo Vercelli;B046;003;NO
1869;NO;003;003923;B046;Borgo Vercelli;;CE;01/06/1869;003040;Casalino;B897;003;NO
1869;MI;015;015002;A010;Abbiategrasso;;AQES;01/06/1869;015845;Castelletto Mendosio;C159;015;MI
1869;MI;015;015027;A940;Bollate;;AQES;01/06/1869;015839;Cassina Nuova;C017;015;MI
1869;MI;015;015123;E617;Lissone;;AQES;01/06/1869;015835;Cassina Aliprandi;C008;015;MI
1869;MI;015;015154;F874;Nerviano;;AQES;01/06/1869;015874;Garbatola;D914;015;MI
1869;MI;015;015166;G220;Paderno Milanese;;AQES;01/06/1869;015884;Incirano;E294;015;MI
1869;MI;015;015166;G220;Paderno Milanese;;AQES;01/06/1869;015916;Palazzolo Milanese;G265;015;MI
1869;MI;015;015166;G220;Paderno Milanese;;AQES;01/06/1869;015836;Cassina Amata;C009;015;MI
1869;MI;015;015166;G220;Paderno Milanese;;AQES;01/06/1869;015870;Dugnano;D381;015;MI
1869;MI;015;015223;L434;Triuggio;;AQES;01/06/1869;015962;Tregasio;L362;015;MI
1869;PU;041;041012;C830;Colbordolo;;AQES;01/06/1869;041811;Montefabbri;F490;041;PU
1869;PU;041;041015;D749;Fossombrone;;AQES;01/06/1869;041806;Isola di Fano;E352;041;PU
1869;PU;041;041036;F533;Montelabbate;;AQES;01/06/1869;041811;Montefabbri;F490;041;PU
1869;AP;044;044040;F520;Montegiorgio;;AQES;01/06/1869;044801;Alteta;A232;044;AP
1869;AV;064;064006;A489;Atripalda;;CE;01/06/1869;064808;Tavernola San Felice;L072;064;AV
1869;AV;064;064046;E891;Manocalzati;;AQES;01/06/1869;064805;San Barbato;H758;064;AV
1869;AV;064;064808;L072;Tavernola San Felice;;AQ;01/06/1869;064006;Atripalda;A489;064;AV
1869;CZ;079;079020;B790;Carlopoli;;AQES;01/06/1869;079801;Castagna;C039;079;CZ
1869;MI;015;015027;A940;Bollate;;AQES;01/05/1869;015806;Baranzate;A618;015;MI
1869;MI;015;015058;B989;Casorezzo;;AQES;01/05/1869;015164;Ossona;G181;015;MI
1869;MI;015;015059;C003;Cassano d'Adda;;AQES;01/05/1869;015881;Groppello d'Adda;E197;015;MI
1869;MI;015;015103;D845;Gaggiano;;AQES;01/05/1869;015948;San Vito e Marta;I397;015;MI
1869;MI;015;015103;D845;Gaggiano;;AQES;01/05/1869;015871;Fagnano sul Naviglio;D466;015;MI
1869;MI;015;015103;D845;Gaggiano;;AQES;01/05/1869;015974;Viganò Certosino;L867;015;MI
1869;MI;015;015103;D845;Gaggiano;;AQES;01/05/1869;015807;Barate;A620;015;MI
1869;MI;015;015103;D845;Gaggiano;;AQES;01/05/1869;015817;Bonirola;A974;015;MI
1869;MI;015;015115;E395;Lacchiarella;;AQES;01/05/1869;015832;Casirate Olona;B972;015;MI
1869;MI;015;015115;E395;Lacchiarella;;AQES;01/05/1869;015897;Mettone;F163;015;MI
1869;MI;015;015131;E819;Magnago;;AQES;01/05/1869;015249;Vanzaghello;L664;015;MI
1869;MI;015;015131;E819;Magnago;;AQES;01/05/1869;015811;Bienate;A860;015;MI
1869;MI;015;015147;F247;Misinto;;AQES;01/05/1869;015117;Lazzate;E504;015;MI
1869;MI;015;015181;H240;Rescaldina;;AQES;01/05/1869;015933;Rescalda;H239;015;MI
1869;MI;015;015207;I612;Senna Lodigiana;;AQES;01/05/1869;015866;Corte Sant'Andrea;D070;015;MI
1869;MI;015;015207;I612;Senna Lodigiana;;AQES;01/05/1869;015901;Mirabello San Bernardino;F236;015;MI
1869;MI;015;015208;I625;Seregno;;AQES;01/05/1869;015915;Paina;G244;015;MI
1869;MI;015;015209;I690;Sesto San Giovanni;;AQES;01/05/1869;015838;Cassina de' Gatti;C012;015;MI
1869;MI;015;015212;I709;Seveso;;AQES;01/05/1869;015013;Barlassina;A668;015;MI
1869;MI;015;015227;L511;Velate Milanese;;AQES;01/05/1869;015967;Usmate;L510;015;MI
1869;MI;015;015403;D869;Gallarate;;AQES;01/05/1869;012807;Arnate;A423;015;MI
1869;MI;015;015403;D869;Gallarate;;AQES;01/05/1869;012837;Cedrate;C419;015;MI
1869;MI;015;015409;E666;Lonate Pozzolo;;AQES;01/05/1869;012893;Tornavento;L226;015;MI
1869;MI;015;015409;E666;Lonate Pozzolo;;AQES;01/05/1869;012887;Sant'Antonino Ticino;I295;015;MI
1869;MI;015;015412;F736;Mornago;;AQES;01/05/1869;012865;Montanate;F575;015;MI
1869;MI;015;015412;F736;Mornago;;AQES;01/05/1869;012903;Vinago;M056;015;MI
1869;MI;015;015412;F736;Mornago;;AQES;01/05/1869;012840;Cimbro;C693;015;MI
1869;MI;015;015412;F736;Mornago;;AQES;01/05/1869;012844;Crugnola;D190;015;MI
1869;MI;015;015416;H656;Sacconago;;AQES;01/05/1869;015989;Borsano;B059;015;MI
1869;MI;015;015417;H736;Samarate;;AQES;01/05/1869;012833;Cassina Verghera;C025;015;MI
1869;MI;015;015418;I441;Saronno;;AQES;01/05/1869;012831;Cassina Ferrara;C015;015;MI
1869;MI;015;015419;I688;Sesto Calende;;AQES;01/05/1869;012875;Oriano Sopra Ticino;G101;015;MI
1869;MI;015;015423;L003;Sumirago;;AQES;01/05/1869;012802;Albusciago;A174;015;MI
1869;MI;015;015423;L003;Sumirago;;AQES;01/05/1869;012824;Caidate;B363;015;MI
1869;MI;015;015423;L003;Sumirago;;AQES;01/05/1869;012880;Quinzano San Pietro;H141;015;MI
1869;MI;015;015423;L003;Sumirago;;AQES;01/05/1869;012861;Menzago;F129;015;MI
1869;MI;015;015425;L765;Vergiate;;AQES;01/05/1869;012847;Cuvirone;D240;015;MI
1869;MI;015;015425;L765;Vergiate;;AQES;01/05/1869;012842;Corgeno;D001;015;MI
1869;MI;015;015425;L765;Vergiate;;AQES;01/05/1869;012890;Sesona;I675;015;MI
1869;MI;015;015426;M101;Vizzola Ticino;;AQES;01/05/1869;012835;Castelnovate;C212;015;MI
1869;MI;015;015804;A545;Baggio;;AQES;01/05/1869;015908;Muggiano;F796;015;MI
1869;MI;015;015804;A545;Baggio;;AQES;01/05/1869;015951;Sellanuova;I586;015;MI
1869;MI;015;015986;A167;Albizzate;;AQES;01/05/1869;012891;Solbiate sull'Arno;ND;015;MI
1869;MI;015;015987;A441;Arsago;;AQES;01/05/1869;015988;Besnate;A825;015;MI
1869;MI;015;015987;A441;Arsago;;AQES;01/05/1869;015996;Casorate Sempione;B987;015;MI
1869;MI;015;015991;B368;Cairate;;AQES;01/05/1869;012877;Peveranza;G527;015;MI
1869;MI;015;015991;B368;Cairate;;AQES;01/05/1869;012817;Bolladello;A939;015;MI
1869;MI;015;015994;B805;Caronno Milanese;;AQES;01/05/1869;012832;Cassina Pertusella;C018;015;MI
1869;MI;015;015995;B875;Casale Litta;;AQES;01/05/1869;012902;Villa Dosia;L940;015;MI
1869;MI;015;015995;B875;Casale Litta;;AQES;01/05/1869;012885;San Pancrazio al Colle;I067;015;MI
1869;MI;015;015998;C139;Castellanza;;AQES;01/05/1869;012834;Castegnate Olona;C054;015;MI
1869;CR;019;019879;G640;Pieve Delmona;;AQES;01/05/1869;019887;Prato Muzio;G998;019;CR
1869;PR;034;034009;C852;Collecchio;;AQ;01/05/1869;034031;Sala Baganza;H682;034;PR
1869;PR;034;034031;H682;Sala Baganza;;CE;01/05/1869;034009;Collecchio;C852;034;PR
1869;AP;044;044058;G516;Petritoli;;AQES;01/05/1869;044808;Moregnano;F719;044;AP
1869;NO;003;003135;I116;San Pietro Mosezzo;;AQ;01/04/1869;003159;Vicolungo;L847;003;NO
1869;NO;003;003159;L847;Vicolungo;;CE;01/04/1869;003135;San Pietro Mosezzo;I116;003;NO
1869;MI;015;015003;A087;Agrate Brianza;;AQES;01/04/1869;015913;Omate;G059;015;MI
1869;MI;015;015018;A802;Bernareggio;;AQES;01/04/1869;015956;Sulbiate Superiore;L001;015;MI
1869;MI;015;015018;A802;Bernareggio;;AQES;01/04/1869;015980;Villanova Vimercate;L976;015;MI
1869;MI;015;015018;A802;Bernareggio;;AQES;01/04/1869;015049;Carnate;B798;015;MI
1869;MI;015;015018;A802;Bernareggio;;AQES;01/04/1869;015004;Aicurzio;A096;015;MI
1869;MI;015;015018;A802;Bernareggio;;AQES;01/04/1869;015955;Sulbiate Inferiore;I999;015;MI
1869;MI;015;015018;A802;Bernareggio;;AQES;01/04/1869;015187;Ronco Briantino;H537;015;MI
1869;MI;015;015021;A818;Besana in Brianza;;AQES;01/04/1869;015849;Cazzano Besana;C411;015;MI
1869;MI;015;015021;A818;Besana in Brianza;;AQES;01/04/1869;015828;Calò;B420;015;MI
1869;MI;015;015021;A818;Besana in Brianza;;AQES;01/04/1869;015971;Vergo;L766;015;MI
1869;MI;015;015021;A818;Besana in Brianza;;AQES;01/04/1869;015969;Valle Guidino;L592;015;MI
1869;MI;015;015021;A818;Besana in Brianza;;AQES;01/04/1869;015905;Montesiro;F435;015;MI
1869;MI;015;015021;A818;Besana in Brianza;;AQES;01/04/1869;015979;Villa Raverio;M001;015;MI
1869;MI;015;015033;B187;Briosco;;AQES;01/04/1869;015830;Capriano di Brianza;B699;015;MI
1869;MI;015;015048;B729;Carate Brianza;;AQES;01/04/1869;015802;Agliate;A073;015;MI
1869;MI;015;015048;B729;Carate Brianza;;AQES;01/04/1869;015867;Costa al Lambro;D106;015;MI
1869;MI;015;015069;C512;Ceriano Laghetto;;AQES;01/04/1869;015213;Solaro;I786;015;MI
1869;MI;015;015069;C512;Ceriano Laghetto;;AQES;01/04/1869;015080;Cogliate;C820;015;MI
1869;MI;015;015075;C566;Cesano Maderno;;AQES;01/04/1869;015841;Cassina Savina;C021;015;MI
1869;MI;015;015075;C566;Cesano Maderno;;AQES;01/04/1869;015812;Binzago;A875;015;MI
1869;MI;015;015107;E063;Giussano;;AQES;01/04/1869;015935;Robbiano;H368;015;MI
1869;MI;015;015119;E530;Lentate sul Seveso;;AQES;01/04/1869;015813;Birago;A879;015;MI
1869;MI;015;015119;E530;Lentate sul Seveso;;AQES;01/04/1869;015863;Copreno;C981;015;MI
1869;MI;015;015124;E627;Livraga;;AQES;01/04/1869;015824;Ca' de' Mazzi;B331;015;MI
1869;MI;015;015132;E840;Mairago;;AQES;01/04/1869;015879;Grazzanello;E157;015;MI
1869;MI;015;015135;E994;Marudo;;AQES;01/04/1869;015846;Castiraga da Reggio;C328;015;MI
1869;MI;015;015135;E994;Marudo;;AQES;01/04/1869;015972;Vidardo;L852;015;MI
1869;MI;015;015153;F801;Mulazzano;;AQES;01/04/1869;015886;Isola Balba;E344;015;MI
1869;MI;015;015153;F801;Mulazzano;;AQES;01/04/1869;015928;Quartiano;H112;015;MI
1869;MI;015;015153;F801;Mulazzano;;AQES;01/04/1869;015843;Cassino d'Alberi;C036;015;MI
1869;MI;015;015195;H930;Viboldone;;AQES;01/04/1869;015953;Sesto Ulteriano;I691;015;MI
1869;MI;015;015195;H930;Viboldone;;AQES;01/04/1869;015943;San Giuliano;H927;015;MI
1869;MI;015;015195;H930;Viboldone;;AQES;01/04/1869;015984;Zivido;M181;015;MI
1869;MI;015;015196;I012;San Martino in Strada;;AQES;01/04/1869;015826;Ca' dei Bolli;B327;015;MI
1869;MI;015;015196;I012;San Martino in Strada;;AQES;01/04/1869;015952;Sesto Pergola;I685;015;MI
1869;MI;015;015197;I140;San Rocco al Porto;;AQES;01/04/1869;015898;Mezzana Casati;F166;015;MI
1869;MI;015;015240;F260;Villaresco;;AQES;01/04/1869;015958;Tavazzano;L068;015;MI
1869;MI;015;015240;F260;Villaresco;;AQES;01/04/1869;015921;Pezzolo di Tavazzano;G531;015;MI
1869;MI;015;015245;M158;Zelo Buon Persico;;AQES;01/04/1869;015978;Villa Pompeiana;L997;015;MI
1869;MI;015;015245;M158;Zelo Buon Persico;;AQES;01/04/1869;015833;Casolate;B981;015;MI
1869;MI;015;015245;M158;Zelo Buon Persico;;AQES;01/04/1869;015900;Mignette;F204;015;MI
1869;MS;045;045009;E574;Licciana;;AQES;01/04/1869;045803;Terrarossa;L129;045;MS
1869;MS;045;045015;L386;Tresana;;AQES;01/04/1869;045803;Terrarossa;L129;045;MS
1869;MI;015;015225;L469;Turano;;AQES;22/03/1869;015937;Robecco Lodigiano;H374;015;MI
1869;MI;015;015225;L469;Turano;;AQES;22/03/1869;015895;Melegnanello;F099;015;MI
1869;MI;015;015090;D028;Corno Giovine;;AQES;14/03/1869;015899;Mezzano Passone;F179;015;MI
1869;MI;015;015079;C816;Codogno;;AQES;13/03/1869;015964;Trivulza;L441;015;MI
1869;MI;015;015079;C816;Codogno;;AQES;13/03/1869;015876;Gattera Maiocca;D936;015;MI
1869;MI;015;015221;L411;Trezzo sull'Adda;;AQES;11/03/1869;015862;Concesa;C947;015;MI
1869;MI;015;015909;F827;Musocco;;AQES;10/03/1869;015875;Garegnano;D919;015;MI
1869;MI;015;015909;F827;Musocco;;AQES;10/03/1869;015815;Boldinasco;A934;015;MI
1869;MI;015;015909;F827;Musocco;;AQES;10/03/1869;015977;Villa Pizzone;L996;015;MI
1869;MI;015;015909;F827;Musocco;;AQES;10/03/1869;015939;Roserio;H567;015;MI
1869;MI;015;015909;F827;Musocco;;AQES;10/03/1869;015842;Cassina Triulza;C023;015;MI
1869;MI;015;015067;C394;Cavenago d'Adda;;AQES;09/03/1869;015848;Caviaga;C399;015;MI
1869;MI;015;015067;C394;Cavenago d'Adda;;AQES;09/03/1869;015954;Soltarico;I810;015;MI
1869;PV;018;018024;B201;Broni;;AQES;07/03/1869;018822;Cassino Po;C035;018;PV
1869;PV;018;018040;C213;Castelnovetto;;AQES;05/03/1869;018828;Celpenchio;C451;018;PV
1869;MI;015;015224;L454;Truccazzano;;AQES;04/03/1869;015847;Cavaione;C371;015;MI
1869;MI;015;015224;L454;Truccazzano;;AQES;04/03/1869;015864;Corneliano Bertario;D023;015;MI
1869;MI;015;015963;L373;Trenno;;AQES;03/03/1869;015872;Figino di Milano;D580;015;MI
1869;MI;015;015963;L373;Trenno;;AQES;03/03/1869;015929;Quarto Cagnino;H116;015;MI
1869;MI;015;015963;L373;Trenno;;AQES;03/03/1869;015930;Quinto Romano;H137;015;MI
1869;MI;015;015210;I696;Settala;;AQES;02/03/1869;015927;Premenugo;H031;015;MI
1869;MI;015;015931;H138;Quintosole;;AQES;01/03/1869;015968;Vaiano Valle;L536;015;MI
1869;MI;015;015931;H138;Quintosole;;AQES;01/03/1869;015975;Vigentino;L871;015;MI
1869;MI;015;015139;F084;Mediglia;;AQES;28/02/1869;015896;Mercugnano;F142;015;MI
1869;MI;015;015139;F084;Mediglia;;AQES;28/02/1869;015823;Bustighera;B299;015;MI
1869;MI;015;015178;G965;Pozzuolo Martesana;;AQES;27/02/1869;015961;Trecella;L358;015;MI
1869;MI;015;015178;G965;Pozzuolo Martesana;;AQES;27/02/1869;015814;Bisentrate;A886;015;MI
1869;MI;015;015801;A063;Affori;;AQES;09/02/1869;015032;Bresso;B162;015;MI
1869;MI;015;015801;A063;Affori;;AQES;09/02/1869;015869;Dergano;D275;015;MI
1869;MI;015;015801;A063;Affori;;AQES;09/02/1869;015822;Bruzzano dei Due Borghi;B233;015;MI
1869;MI;015;015041;B301;Busto Garolfo;;AQES;08/02/1869;015007;Arconate;A375;015;MI
1869;MI;015;015041;B301;Busto Garolfo;;AQES;08/02/1869;015248;Villa Cortese;L928;015;MI
1869;MI;015;015041;B301;Busto Garolfo;;AQES;08/02/1869;015099;Dairago;D244;015;MI
1869;TE;067;067022;D076;Cortino;;AQES;28/01/1869;067801;Valle San Giovanni;L619;067;TE
1869;TE;067;067028;F690;Montorio al Vomano;;AQES;28/01/1869;067801;Valle San Giovanni;L619;067;TE
1869;TE;067;067043;L295;Torricella Sicura;;AQES;28/01/1869;067801;Valle San Giovanni;L619;067;TE
1869;TO;001;001164;F889;Nichelino;;AQ;01/01/1869;001309;Vinovo;M060;001;TO
1869;TO;001;001309;M060;Vinovo;;CE;01/01/1869;001164;Nichelino;F889;001;TO
1869;NO;003;003038;B876;Casale Corte Cerro;;AQES;01/01/1869;003867;Montebuglio;B254;003;NO
1869;PV;018;018054;C982;Corana;;CE;01/01/1869;018112;Pieve Albignola;G635;018;PV
1869;PV;018;018112;G635;Pieve Albignola;;AQ;01/01/1869;018054;Corana;C982;018;PV
1869;CR;019;019008;B320;Ca' d'Andrea;;CE;01/01/1869;019115;Voltido;M127;019;CR
1869;CR;019;019115;M127;Voltido;;AQ;01/01/1869;019008;Ca' d'Andrea;B320;019;CR
1869;TV;026;026071;H781;San Biagio di Callalta;;AQ;01/01/1869;026094;Zenson di Piave;M163;026;TV
1869;TV;026;026094;M163;Zenson di Piave;;CE;01/01/1869;026071;San Biagio di Callalta;H781;026;TV
1869;BO;037;037008;B249;Budrio;;CE;01/01/1869;037038;Minerbio;F219;037;BO
1869;BO;037;037038;F219;Minerbio;;AQ;01/01/1869;037008;Budrio;B249;037;BO
1869;PU;041;041034;F497;Montefelcino;;AQES;01/01/1869;041812;Monteguiduccio;F530;041;PU
1869;PU;041;041034;F497;Montefelcino;;AQES;01/01/1869;041809;Monte Montanaro;F571;041;PU
1869;AP;044;044030;F379;Monsampietro Morico;;AQES;01/01/1869;044818;Sant'Elpidio Morico;I325;044;AP
1869;AP;044;044047;F614;Monterubbiano;;AQES;01/01/1869;044053;Moresco;F722;044;AP
1869;FI;048;048829;I232;Santa Maria a Monte;;AQES;01/01/1869;050801;Montecalvoli;F451;048;FI
1869;AQ;066;066053;E811;Magliano de' Marsi;;AQ;01/01/1869;066089;Sante Marie;I326;066;AQ
1869;AQ;066;066089;I326;Sante Marie;;CE;01/01/1869;066053;Magliano de' Marsi;E811;066;AQ
1869;CH;069;069802;I161;San Silvestro;;CE;01/01/1869;069809;Pescara;G482;069;CH
1869;CH;069;069809;G482;Pescara;;AQ;01/01/1869;069802;San Silvestro;I161;069;CH
1868;SR;089;089009;D636;Floridia;;CE;15/09/1868;089017;Siracusa;I754;089;SR
1868;SR;089;089017;I754;Siracusa;;AQ;15/09/1868;089009;Floridia;D636;089;SR
1868;TP;081;081021;L331;Trapani;;AQES;25/08/1868;081801;Xitta;M137;081;TP
1868;CR;019;019026;B129;Castelverde;;AQES;19/08/1868;019845;Costa Sant'Abramo;D115;019;CR
1868;CR;019;019026;B129;Castelverde;;AQES;19/08/1868;019834;Castelnuovo del Zappa;C234;019;CR
1868;CR;019;019026;B129;Castelverde;;AQES;19/08/1868;019864;Licengo;E575;019;CR
1868;CR;019;019902;I009;San Martino in Beliseto;;AQES;19/08/1868;019838;Cavallara;C373;019;CR
1868;CR;019;019041;D358;Dovera;;AQES;18/08/1868;019894;Roncadello d'Adda;H526;019;CR
1868;CR;019;019015;B686;Capralba;;AQES;14/08/1868;019850;Farinate;D500;019;CR
1868;CR;019;019102;I914;Spino d'Adda;;AQES;14/08/1868;019854;Fracchia;D753;019;CR
1868;AR;051;051039;L123;Terranuova Bracciolini;;AQES;09/08/1868;051801;Castiglion Ubertini;C320;051;AR
1868;CR;019;019087;H731;Salvirola Cremasca;;AQES;01/08/1868;019917;Triburgo;A147;019;CR
1868;CR;019;019067;G306;Pandino;;AQES;29/07/1868;019871;Nosadello;F938;019;CR
1868;CR;019;019067;G306;Pandino;;AQES;29/07/1868;019859;Gradella;E123;019;CR
1868;CR;019;019094;I627;Sergnano;;AQES;18/07/1868;019916;Trezzolasco;L412;019;CR
1868;CR;019;019061;F771;Motta Baluffi;;AQES;13/07/1868;019912;Solarolo Monasterolo;I789;019;CR
1868;CR;019;019846;D140;Credera;;AQES;13/07/1868;019895;Rovereto;H611;019;CR
1868;CR;019;019075;G651;Pieve San Giacomo;;AQES;12/07/1868;019910;Silvella;I740;019;CR
1868;CR;019;019075;G651;Pieve San Giacomo;;AQES;12/07/1868;019858;Gazzo;D955;019;CR
1868;CR;019;019099;I865;Sospiro;;AQES;06/07/1868;019905;San Salvatore;I146;019;CR
1868;CR;019;019099;I865;Sospiro;;AQES;06/07/1868;019865;Longardore;E670;019;CR
1868;CR;019;019055;E793;Madignano;;AQES;05/07/1868;019891;Ripalta Vecchia;H318;019;CR
1868;CR;019;019028;C435;Pugnolo;;AQES;04/07/1868;019839;Cella Dati;C433;019;CR
1868;CR;019;019028;C435;Pugnolo;;AQES;04/07/1868;019901;San Lorenzo Mondinari;H968;019;CR
1868;CR;019;019028;C435;Pugnolo;;AQES;04/07/1868;019848;Dosso de' Frati;D354;019;CR
1868;CR;019;019050;E193;Grontardo;;AQES;02/07/1868;019857;Gambina Barchetti;D900;019;CR
1868;CR;019;019050;E193;Grontardo;;AQES;02/07/1868;019863;Levata;E561;019;CR
1868;CR;019;019031;C703;Cingia de' Botti;;AQES;28/06/1868;019920;Vidiceto;L853;019;CR
1868;CR;019;019031;C703;Cingia de' Botti;;AQES;28/06/1868;019815;Ca' de' Corti;B324;019;CR
1868;CR;019;019040;D278;Derovere;;AQES;14/06/1868;019827;Casalorzo Geroldi;B908;019;CR
1868;CR;019;019040;D278;Derovere;;AQES;14/06/1868;019813;Ca' de' Bonavogli;B322;019;CR
1868;CR;019;019070;G504;Pessina Cremonese;;AQES;12/06/1868;019923;Villa Rocca;M008;019;CR
1868;CR;019;019070;G504;Pessina Cremonese;;AQES;12/06/1868;019870;Monticelli Ripa d'Oglio;F673;019;CR
1868;CR;019;019070;G504;Pessina Cremonese;;AQES;12/06/1868;019913;Stilo de' Mariani;I957;019;CR
1868;RO;029;029029;E522;Lendinara;;AQES;06/06/1868;029815;Saguedo;H667;029;RO
1868;TV;026;026013;C190;Castello di Godego;;AQ;15/04/1868;026036;Loria;E692;026;TV
1868;TV;026;026036;E692;Loria;;CE;15/04/1868;026013;Castello di Godego;C190;026;TV
1868;AR;051;051010;C263;Castel San Niccolò;;AQ;01/04/1868;051023;Montemignaio;F565;051;AR
1868;AR;051;051023;F565;Montemignaio;;CE;01/04/1868;051010;Castel San Niccolò;C263;051;AR
1868;MO;036;036025;F503;Montefiorino;;AQ;27/03/1868;036029;Palagano;G250;036;MO
1868;MO;036;036029;G250;Palagano;;CE;27/03/1868;036025;Montefiorino;F503;036;MO
1868;CL;085;085011;F489;Montedoro;;AQES;27/03/1868;085002;Bompensiere;A957;085;CL
1868;MO;036;036005;B819;Carpi;;CE;25/03/1868;036039;San Prospero;I133;036;MO
1868;MO;036;036039;I133;San Prospero;;AQ;25/03/1868;036005;Carpi;B819;036;MO
1868;CR;019;019033;D057;Corte de' Frati;;AQES;05/03/1868;019906;San Sillo;I160;019;CR
1868;CR;019;019033;D057;Corte de' Frati;;AQES;05/03/1868;019802;Alfiano ed Uniti;A190;019;CR
1868;CA;092;092075;F983;Nuraminis;;AQES;18/02/1868;092812;Villagreca;L954;092;CA
1868;CA;092;092117;I582;Selegas;;AQES;09/02/1868;092808;Seuni;I708;092;CA
1868;BS;017;017841;D626;Fiumicello Urago;;AQES;01/01/1868;017905;Urago Mella;L495;017;BS
1868;PV;018;018009;A690;Bascapè;;AQES;01/01/1868;018841;Mangialupo;E886;018;PV
1868;PV;018;018009;A690;Bascapè;;AQES;01/01/1868;018864;San Zeno e Foppa;I413;018;PV
1868;CR;019;019001;A039;Acquanegra Cremonese;;AQES;01/01/1868;019851;Fengo;D533;019;CR
1868;CR;019;019008;B320;Ca' d'Andrea;;AQES;01/01/1868;019893;Ronca de' Golferami;H524;019;CR
1868;CR;019;019008;B320;Ca' d'Andrea;;AQES;01/01/1868;019812;Brolpasino;B199;019;CR
1868;CR;019;019008;B320;Ca' d'Andrea;;AQES;01/01/1868;019853;Fossa Guazzona;D739;019;CR
1868;CR;019;019008;B320;Ca' d'Andrea;;AQES;01/01/1868;019811;Breda Guazzona;B130;019;CR
1868;CR;019;019008;B320;Ca' d'Andrea;;AQES;01/01/1868;019880;Pieve San Maurizio;G652;019;CR
1868;CR;019;019008;B320;Ca' d'Andrea;;AQES;01/01/1868;019829;Casanova d'Offredi;B931;019;CR
1868;CR;019;019014;B680;Cappella de' Picenardi;;AQES;01/01/1868;019922;Vighizzolo;L877;019;CR
1868;CR;019;019014;B680;Cappella de' Picenardi;;AQES;01/01/1868;019823;Cansero;B625;019;CR
1868;CR;019;019014;B680;Cappella de' Picenardi;;AQES;01/01/1868;019862;Isolello;E362;019;CR
1868;CR;019;019025;C153;Castelleone;;AQES;01/01/1868;019843;Corte Madama;D060;019;CR
1868;CR;019;019032;D056;Corte de' Cortesi con Cignone;;AQES;01/01/1868;019840;Cignone;C683;019;CR
1868;CR;019;019042;D370;Drizzona;;AQES;01/01/1868;019883;Pontirolo Capredoni;G868;019;CR
1868;CR;019;019042;D370;Drizzona;;AQES;01/01/1868;019831;Castelfranco d'Oglio;C109;019;CR
1868;CR;019;019051;E217;Grumello con Farvengo Cremonese;;AQES;01/01/1868;019924;Zanengo;M146;019;CR
1868;CR;019;019069;G483;Pescarolo ed Uniti;;AQES;01/01/1868;019881;Pieve Terzagni;G655;019;CR
1868;CR;019;019069;G483;Pescarolo ed Uniti;;AQES;01/01/1868;019833;Castelnuovo del Vescovo;C233;019;CR
1868;CR;019;019077;B914;Casalsigone ed Uniti;;AQES;01/01/1868;019885;Pozzaglio;G952;019;CR
1868;CR;019;019077;B914;Casalsigone ed Uniti;;AQES;01/01/1868;019911;Solarolo del Persico;I788;019;CR
1868;CR;019;019089;H815;San Daniele Ripa Po;;AQES;01/01/1868;019861;Isola Pescaroli;E357;019;CR
1868;CR;019;019091;I007;San Martino del Lago;;AQES;01/01/1868;019818;Ca' de' Soresini;B337;019;CR
1868;CR;019;019091;I007;San Martino del Lago;;AQES;01/01/1868;019825;Caruberto;B849;019;CR
1868;CR;019;019095;I683;Sesto ed Uniti;;AQES;01/01/1868;019821;Canova del Morbasco;B622;019;CR
1868;CR;019;019095;I683;Sesto ed Uniti;;AQES;01/01/1868;019866;Luignano;E733;019;CR
1868;CR;019;019095;I683;Sesto ed Uniti;;AQES;01/01/1868;019844;Cortetano;D071;019;CR
1868;CR;019;019096;I790;Solarolo Rainerio;;AQES;01/01/1868;019898;San Lorenzo Aroldo;H960;019;CR
1868;CR;019;019098;I849;Soresina;;AQES;01/01/1868;019822;Canova Olzano;B623;019;CR
1868;CR;019;019103;I935;Stagno Lombardo;;AQES;01/01/1868;019810;Brancere;B119;019;CR
1868;CR;019;019103;I935;Stagno Lombardo;;AQES;01/01/1868;019852;Forcello;D692;019;CR
1868;CR;019;019106;L225;Tornata;;AQES;01/01/1868;019892;Romprezzagno;H520;019;CR
1868;CR;019;019107;L258;Torre de' Picenardi;;AQES;01/01/1868;019914;Torre d'Angiolini;L255;019;CR
1868;CR;019;019107;L258;Torre de' Picenardi;;AQES;01/01/1868;019899;San Lorenzo de' Picenardi;H963;019;CR
1868;CR;019;019107;L258;Torre de' Picenardi;;AQES;01/01/1868;019886;Pozzo Baronzio;G958;019;CR
1868;CR;019;019107;L258;Torre de' Picenardi;;AQES;01/01/1868;019814;Ca' de' Caggi;B323;019;CR
1868;CR;019;019115;M127;Voltido;;AQES;01/01/1868;019889;Recorfano;H215;019;CR
1868;CR;019;019115;M127;Voltido;;AQES;01/01/1868;019841;Colombarolo;C899;019;CR
1868;CR;019;019806;A685;Barzaniga;;AQES;01/01/1868;019860;Grontorto;E194;019;CR
1868;CR;019;019824;B811;Carpaneta con Dosimo;;AQES;01/01/1868;019805;Barbiselle;A636;019;CR
1868;CR;019;019824;B811;Carpaneta con Dosimo;;AQES;01/01/1868;019888;Quistro;H144;019;CR
1868;CR;019;019849;D378;Duemiglia;;AQES;01/01/1868;019837;Cava Tigozzi;C386;019;CR
1868;CR;019;019875;G219;Paderno Fasolaro;;AQES;01/01/1868;019801;Acqualunga Badona;A037;019;CR
1868;CR;019;019878;G468;Persico;;AQES;01/01/1868;019807;Bettenesco;A830;019;CR
1868;CR;019;019926;L825;Vho;;AQES;01/01/1868;019900;San Lorenzo Guazzone;H965;019;CR
1868;CR;019;019926;L825;Vho;;AQES;01/01/1868;019904;San Paolo Ripa d'Oglio;I075;019;CR
1868;VE;027;027023;F229;Mira;;AQES;01/01/1868;027810;Oriago;ND;027;VE
1868;VE;027;027023;F229;Mira;;AQES;01/01/1868;027809;Gambarare;D893;027;VE
1868;PC;033;033004;A831;Bettola;;CECS;01/01/1868;033019;Farini d'Olmo;D502;033;PC
1868;PC;033;033016;C838;Coli;;CECS;01/01/1868;033019;Farini d'Olmo;D502;033;PC
1868;PC;033;033801;B032;Borgo San Bernardino;;CECS;01/01/1868;033019;Farini d'Olmo;D502;033;PC
1868;CE;061;061812;A244;Alvito;;CE;01/01/1868;061896;Vicalvi;L836;061;CE
1868;CE;061;061896;L836;Vicalvi;;AQ;01/01/1868;061812;Alvito;A244;061;CE
1868;ME;083;083001;A177;Alcara li Fusi;;CE;01/01/1868;083042;Longi;E674;083;ME
1868;ME;083;083042;E674;Longi;;AQ;01/01/1868;083001;Alcara li Fusi;A177;083;ME
1867;CR;019;019016;B869;Casalbuttano ed Uniti;;AQES;10/10/1867;019882;Polengo;G781;019;CR
1867;CR;019;019016;B869;Casalbuttano ed Uniti;;AQES;10/10/1867;019907;San Vito e Modesto;I395;019;CR
1867;CR;019;019022;B900;Casalmorano;;AQES;09/10/1867;019868;Mirabello Ciria;F234;019;CR
1867;CR;019;019074;G647;Pieve d'Olmi;;AQES;08/10/1867;019819;Ca' de' Staoli;B338;019;CR
1867;CE;061;061885;I469;Saviano;;AQES;27/09/1867;063809;Sant'Erasmo;I331;061;CE
1867;CE;061;061885;I469;Saviano;;AQES;27/09/1867;063811;Sirico;I755;061;CE
1867;BS;017;017136;G361;Passirano;;AQ;25/09/1867;017809;Borgonato;B022;017;BS
1867;BS;017;017809;B022;Borgonato;;CE;25/09/1867;017136;Passirano;G361;017;BS
1867;LE;075;075077;I887;Specchia de' Preti;;AQ;13/09/1867;075088;Tricase;L419;075;LE
1867;LE;075;075088;L419;Tricase;;CE;13/09/1867;075077;Specchia de' Preti;I887;075;LE
1867;PI;050;050026;G702;Pisa;;CECS;29/08/1867;050003;Calci;B390;050;PI
1867;CZ;079;079049;D587;Filadelfia;;AQ;29/08/1867;079053;Francavilla Angitola;D762;079;CZ
1867;CZ;079;079053;D762;Francavilla Angitola;;CE;29/08/1867;079049;Filadelfia;D587;079;CZ
1867;SI;052;052001;A006;Abbadia San Salvatore;;CE;21/08/1867;052007;Castiglione d'Orcia;C313;052;SI
1867;SI;052;052007;C313;Castiglione d'Orcia;;AQ;21/08/1867;052001;Abbadia San Salvatore;A006;052;SI
1867;PI;050;050038;L850;Vicopisano;;CECS;15/07/1867;050002;Buti;B303;050;PI
1867;PV;018;018067;D892;Gambarana;;AQES;10/06/1867;018812;Cambiò;B464;018;PV
1867;PR;034;034034;I763;Sissa;;CE;03/06/1867;034043;Trecasali;L354;034;PR
1867;PR;034;034034;I763;Sissa;;AQ;03/06/1867;034043;Trecasali;L354;034;PR
1867;PR;034;034043;L354;Trecasali;;AQ;03/06/1867;034034;Sissa;I763;034;PR
1867;PR;034;034043;L354;Trecasali;;CE;03/06/1867;034034;Sissa;I763;034;PR
1867;CO;013;013010;A333;Appiano;;AQES;15/05/1867;013932;San Bartolomeo al Bosco;H761;013;CO
1867;NO;003;003061;D332;Domodossola;;AQES;02/04/1867;003825;Calice Ossolano;B411;003;NO
1867;BN;062;062026;D230;Cusano Mutri;;AQES;19/03/1867;062802;Civitella Licinio;C775;062;BN
1867;BN;062;062040;F274;Moiano;;AQES;15/03/1867;062803;Luzzano;E771;062;BN
1867;ME;083;083041;E606;Lipari;;CECS;15/03/1867;083806;Salina;H711;083;ME
1867;SO;014;014049;G576;Piateda;;AQES;24/02/1867;014802;Boffetto;A921;014;SO
1867;SO;014;014070;L392;Tresivio;;AQES;24/02/1867;014801;Acqua;A030;014;SO
1867;BN;062;062043;F636;Montesarchio;;AQES;24/02/1867;062808;Varoni;L688;062;BN
1867;RC;080;080096;M018;Villa San Giovanni;;AQ;24/02/1867;080804;Catona;C355;080;RC
1867;RC;080;080804;C355;Catona;;CE;24/02/1867;080096;Villa San Giovanni;M018;080;RC
1867;NO;003;003924;B041;Borgosesia;;AQES;23/02/1867;002815;Ferruta;D556;003;NO
1867;PV;018;018114;G650;Pieve Porto Morone;;AQES;12/02/1867;018842;Mezzano Parpanese;F178;018;PV
1867;AP;044;044032;F415;Montalto delle Marche;;AQES;31/01/1867;044813;Porchia;G883;044;AP
1867;AP;044;044032;F415;Montalto delle Marche;;AQES;31/01/1867;044812;Patrignone;G375;044;AP
1867;AP;044;044064;H390;Roccafluvione;;AQES;31/01/1867;044810;Osoli;G162;044;AP
1867;AP;044;044064;H390;Roccafluvione;;AQES;31/01/1867;044817;Roccareonile;H435;044;AP
1867;AP;044;044071;I912;Spinetoli;;AQES;31/01/1867;044811;Pagliare;G235;044;AP
1867;AP;044;044007;A462;Ascoli Piceno;;AQES;17/01/1867;044804;Lisciano del Tronto;E612;044;AP
1867;AP;044;044007;A462;Ascoli Piceno;;AQES;17/01/1867;044806;Montadamo;F389;044;AP
1867;AP;044;044007;A462;Ascoli Piceno;;AQES;17/01/1867;044809;Mozzano;F787;044;AP
1867;AP;044;044007;A462;Ascoli Piceno;;AQES;17/01/1867;044814;Porchiano dell'Ascensione;G885;044;AP
1867;MI;015;015070;C523;Cernusco sul Naviglio;;CECS;14/01/1867;015034;Brugherio;B212;015;MI
1867;MI;015;015081;C895;Cologno Monzese;;AQES;14/01/1867;015902;Moncucco di Monza;F345;015;MI
1867;MI;015;015149;F704;Monza;;CECS;14/01/1867;015034;Brugherio;B212;015;MI
1867;MI;015;015209;I690;Sesto San Giovanni;;CECS;14/01/1867;015034;Brugherio;B212;015;MI
1867;MI;015;015163;G171;Ossago Lodigiano;;AQES;02/01/1867;015850;Ceppeda;C477;015;MI
1867;MO;036;036002;A959;Bomporto;;AQ;01/01/1867;036004;Camposanto;B566;036;MO
1867;MO;036;036004;B566;Camposanto;;CE;01/01/1867;036002;Bomporto;A959;036;MO
1866;MI;015;015091;D029;Cornovecchio;;AQES;09/10/1866;015888;Lardera;E453;015;MI
1866;NO;003;003030;B431;Caltignaga;;AQES;09/08/1866;003888;Sologno;I806;003;NO
1866;PV;018;018120;H216;Redavalle;;AQ;09/08/1866;018140;Santa Giuletta;I203;018;PV
1866;PV;018;018140;I203;Santa Giuletta;;CE;09/08/1866;018120;Redavalle;H216;018;PV
1866;MO;036;036010;C951;Concordia sulla Secchia;;AQ;14/07/1866;036028;Novi di Modena;F966;036;MO
1866;MO;036;036028;F966;Novi di Modena;;CE;14/07/1866;036010;Concordia sulla Secchia;C951;036;MO
1866;RE;035;035016;C219;Castelnovo ne' Monti;;CE;22/02/1866;035031;Pieve San Vincenzo;G654;035;RE
1866;RE;035;035031;G654;Pieve San Vincenzo;;AQ;22/02/1866;035016;Castelnovo ne' Monti;C219;035;RE
1866;MI;015;015410;E965;Marnate;;AQES;13/02/1866;012872;Nizzolina;F903;015;MI
1866;PV;018;018061;D348;Dorno;;CE;13/02/1866;018190;Zinasco;M180;018;PV
1866;PV;018;018190;M180;Zinasco;;AQ;13/02/1866;018061;Dorno;D348;018;PV
1866;PR;034;034009;C852;Collecchio;;AQES;13/02/1866;034808;San Martino Sinzano;I015;034;PR
1866;PR;034;034027;G337;Parma;;AQES;13/02/1866;034808;San Martino Sinzano;I015;034;PR
1866;PR;034;034809;I068;San Pancrazio Parmense;;AQES;13/02/1866;034808;San Martino Sinzano;I015;034;PR
1866;PR;034;034809;I068;San Pancrazio Parmense;;AQ;13/02/1866;034810;Vigatto;L870;034;PR
1866;PR;034;034810;L870;Vigatto;;CE;13/02/1866;034809;San Pancrazio Parmense;I068;034;PR
1866;CN;004;004062;C504;Ceresole Alba;;AQ;12/02/1866;004140;Monteu Roero;F654;004;CN
1866;CN;004;004140;F654;Monteu Roero;;CE;12/02/1866;004062;Ceresole Alba;C504;004;CN
1866;MI;015;015029;B017;Cazzimani;;AQES;12/02/1866;015827;Ca' dell'Acqua;B329;015;MI
1866;MI;015;015029;B017;Cazzimani;;AQES;12/02/1866;015882;Guazzina;E254;015;MI
1866;PV;018;018011;A712;Bastida Pancarana;;CE;12/02/1866;018151;Sommo;I825;018;PV
1866;PV;018;018151;I825;Sommo;;AQ;12/02/1866;018011;Bastida Pancarana;A712;018;PV
1866;CR;019;019879;G640;Pieve Delmona;;AQES;12/02/1866;019804;Bagnarolo;A554;019;CR
1866;ME;083;083001;A177;Alcara li Fusi;;AQ;12/02/1866;083042;Longi;E674;083;ME
1866;ME;083;083042;E674;Longi;;CE;12/02/1866;083001;Alcara li Fusi;A177;083;ME
1866;ME;083;083048;F158;Messina;;AQ;12/02/1866;083802;Calvaruso;B438;083;ME
1866;ME;083;083802;B438;Calvaruso;;CE;12/02/1866;083048;Messina;F158;083;ME
1866;CA;092;092822;B062;Bortigali;;AQES;12/02/1866;091804;Mulargia;F800;092;CA
1866;NO;003;003061;D332;Domodossola;;AQES;09/02/1866;003838;Cisore;C736;003;NO
1866;BS;017;017116;F820;Muscoline;;AQES;09/02/1866;017814;Burago Riviera;B271;017;BS
1866;CR;019;019856;D840;Gadesco;;AQES;09/02/1866;019816;Ca' de' Quinzani;B333;019;CR
1866;CR;019;019856;D840;Gadesco;;AQES;09/02/1866;019803;Ardole San Marino;A384;019;CR
1866;CR;019;019872;G060;Ombriano;;AQES;09/02/1866;019884;Porta Ombriano;G897;019;CR
1866;SR;089;089809;H163;Ragusa;;CECS;13/01/1866;089810;Ragusa Inferiore;H164;089;SR
1866;NO;003;003480;L566;Valduggia;;AQ;06/01/1866;003948;Cellio;C450;003;NO
1866;NO;003;003488;L750;Vercelli;;AQES;06/01/1866;002806;Cascine di Stra;B951;003;NO
1866;NO;003;003948;C450;Cellio;;CE;06/01/1866;003480;Valduggia;L566;003;NO
1866;BS;017;017892;I050;San Nazzaro Mella;;AQES;03/01/1866;017842;Folzano;D658;017;BS
1866;RE;035;035008;B328;Cadelbosco di Sopra;;AQ;01/01/1866;035028;Novellara;F960;035;RE
1866;RE;035;035011;B825;Carpineti;;AQ;01/01/1866;035041;Toano;L184;035;RE
1866;RE;035;035028;F960;Novellara;;CE;01/01/1866;035008;Cadelbosco di Sopra;B328;035;RE
1866;RE;035;035041;L184;Toano;;CE;01/01/1866;035011;Carpineti;B825;035;RE
1866;BO;037;037032;E289;Imola;;CE;01/01/1866;037045;Mordano;F718;037;BO
1866;BO;037;037034;E655;Loiano;;AQ;01/01/1866;037041;Monterenzio;F597;037;BO
1866;BO;037;037041;F597;Monterenzio;;CE;01/01/1866;037034;Loiano;E655;037;BO
1866;BO;037;037045;F718;Mordano;;AQ;01/01/1866;037032;Imola;E289;037;BO
1866;BO;037;037047;G570;Pianoro;;AQES;01/01/1866;037802;Musiano;F824;037;BO
1866;PU;041;041015;D749;Fossombrone;;AQES;01/01/1866;041808;Montalto Tarugo;F418;041;PU
1866;AN;042;042014;C615;Chiaravalle;;AQ;01/01/1866;042021;Jesi;E388;042;AN
1866;AN;042;042021;E388;Jesi;;CE;01/01/1866;042014;Chiaravalle;C615;042;AN
1866;AP;044;044001;A044;Acquasanta;;AQES;01/01/1866;044815;Quintodecimo;H136;044;AP
1866;AP;044;044001;A044;Acquasanta;;AQES;01/01/1866;044805;Montacuto;F388;044;AP
1866;AP;044;044001;A044;Acquasanta;;AQES;01/01/1866;044807;Montecalvo del Castellano;F447;044;AP
1866;AP;044;044001;A044;Acquasanta;;AQES;01/01/1866;044819;Santa Maria del Tronto;I231;044;AP
1866;AP;044;044012;C321;Castignano;;AQES;01/01/1866;044816;Ripaberarda;H310;044;AP
1866;MS;045;045002;A576;Bagnone;;CE;01/01/1866;045006;Filattiera;D590;045;MS
1866;MS;045;045006;D590;Filattiera;;AQ;01/01/1866;045002;Bagnone;A576;045;MS
1866;BN;062;062071;I277;Sant'Angelo a Cupolo;;AQES;01/01/1866;062801;Bagnara di Benevento;A549;062;BN
1866;BN;062;062071;I277;Sant'Angelo a Cupolo;;AQES;01/01/1866;062807;San Marco a Monti;H983;062;BN
1866;BN;062;062071;I277;Sant'Angelo a Cupolo;;AQES;01/01/1866;062804;Montorso;F695;062;BN
1866;BN;062;062071;I277;Sant'Angelo a Cupolo;;AQES;01/01/1866;062805;Pastene;G363;062;BN
1866;BN;062;062071;I277;Sant'Angelo a Cupolo;;AQES;01/01/1866;062806;Perrillo;G466;062;BN
1866;NA;063;063049;F839;Napoli;;AQES;01/01/1866;063805;Piscinola;G706;063;NA
1866;NA;063;063053;G568;Piano di Sorrento;;CECS;01/01/1866;063071;Sant'Agnello;I208;063;NA
1866;RC;080;080063;H224;Reggio di Calabria;;AQES;01/01/1866;080808;Orti;G138;080;RC
1865;FI;048;048001;A564;Bagno a Ripoli;;CE;13/08/1865;048017;Firenze;D612;048;FI
1865;FI;048;048015;D575;Fiesole;;AQES;13/08/1865;048804;Pellegrino da Careggi;G423;048;FI
1865;FI;048;048015;D575;Fiesole;;CE;13/08/1865;048017;Firenze;D612;048;FI
1865;FI;048;048015;D575;Fiesole;;AQES;13/08/1865;048805;Rovezzano;H617;048;FI
1865;FI;048;048017;D612;Firenze;;AQ;13/08/1865;048001;Bagno a Ripoli;A564;048;FI
1865;FI;048;048017;D612;Firenze;;AQ;13/08/1865;048015;Fiesole;D575;048;FI
1865;FI;048;048017;D612;Firenze;;AQ;13/08/1865;048802;Galluzzo;D887;048;FI
1865;FI;048;048017;D612;Firenze;;AQES;13/08/1865;048805;Rovezzano;H617;048;FI
1865;FI;048;048017;D612;Firenze;;AQES;13/08/1865;048803;Legnaia;E513;048;FI
1865;FI;048;048017;D612;Firenze;;AQES;13/08/1865;048804;Pellegrino da Careggi;G423;048;FI
1865;FI;048;048038;H791;San Casciano in Val di Pesa;;AQ;13/08/1865;048041;Casellina e Torri;B962;048;FI
1865;FI;048;048041;B962;Casellina e Torri;;AQES;13/08/1865;048803;Legnaia;E513;048;FI
1865;FI;048;048041;B962;Casellina e Torri;;CE;13/08/1865;048038;San Casciano in Val di Pesa;H791;048;FI
1865;FI;048;048043;I684;Sesto;;AQES;13/08/1865;048804;Pellegrino da Careggi;G423;048;FI
1865;FI;048;048802;D887;Galluzzo;;CE;13/08/1865;048017;Firenze;D612;048;FI
1865;PA;082;082064;H933;San Giuseppe Jato;;CECS;04/01/1865;082063;San Cipirello;H797;082;PA
