Anno evento;Sigla Provincia/Uts;Codice Provincia/Uts;Codice Comune;Codice catasto;Comune;Comune (dizione straniera);Tipo variazione;Data evento;Codice Comune associato;Codice catasto associato;Comune associato;Codice Provincia/Uts associato;Sigla Provincia/Uts associata
2026;VI;024;024129;M439;Castegnero Nanto;;CS;21/02/2026;024071;F838;Nanto;024;VI
2026;VI;024;024129;M439;Castegnero Nanto;;CS;21/02/2026;024027;C056;Castegnero;024;VI
2024;VI;024;024128;M436;Sovizzo;;CS;22/01/2024;024044;D902;Gambugliano;024;VI
2024;VI;024;024128;M436;Sovizzo;;CS;22/01/2024;024103;I879;Sovizzo;024;VI
2024;BL;025;025075;M437;Setteville;;CS;22/01/2024;025002;A121;Alano di Piave;025;BL
2024;BL;025;025075;M437;Setteville;;CS;22/01/2024;025070;M332;Quero Vas;025;BL
2024;PD;028;028108;M438;Santa Caterina d'Este;;CS;22/01/2024;028022;B749;Carceri;028;PD
2024;PD;028;028108;M438;Santa Caterina d'Este;;CS;22/01/2024;028098;L878;Vighizzolo d'Este;028;PD
2024;CO;013;013256;M435;Uggiate con Ronago;;CS;01/01/2024;013228;L487;Uggiate-Trevano;013;CO
2024;CO;013;013256;M435;Uggiate con Ronago;;CS;01/01/2024;013199;H521;Ronago;013;CO
2023;AT;005;005122;M434;Moransengo-Tonengo;;CS;01/01/2023;005079;F709;Moransengo;005;AT
2023;AT;005;005122;M434;Moransengo-Tonengo;;CS;01/01/2023;005110;L204;Tonengo;005;AT
2023;VA;012;012144;M433;Bardello con Malgesso e Bregano;;CS;01/01/2023;012009;A645;Bardello;012;VA
2023;VA;012;012144;M433;Bardello con Malgesso e Bregano;;CS;01/01/2023;012095;E856;Malgesso;012;VA
2023;VA;012;012144;M433;Bardello con Malgesso e Bregano;;CS;01/01/2023;012018;B131;Bregano;012;VA
2021;TP;081;081025;M432;Misiliscemi;;CS;20/02/2021;081021;L331;Trapani;081;TP
2020;TN;022;022252;M429;Borgo d'Anaunia;;CS;01/01/2020;022111;E866;Malosco;022;TN
2020;TN;022;022252;M429;Borgo d'Anaunia;;CS;01/01/2020;022088;D663;Fondo;022;TN
2020;TN;022;022252;M429;Borgo d'Anaunia;;CS;01/01/2020;022046;C103;Castelfondo;022;TN
2020;TN;022;022253;M430;Novella;;CS;01/01/2020;022027;B165;Brez;022;TN
2020;TN;022;022253;M430;Novella;;CS;01/01/2020;022154;H506;Romallo;022;TN
2020;TN;022;022253;M430;Novella;;CS;01/01/2020;022152;H254;Revò;022;TN
2020;TN;022;022253;M430;Novella;;CS;01/01/2020;022030;B360;Cagnò;022;TN
2020;TN;022;022253;M430;Novella;;CS;01/01/2020;022063;C797;Cloz;022;TN
2020;TN;022;022254;M431;Ville di Fiemme;;CS;01/01/2020;022211;L678;Varena;022;TN
2020;TN;022;022254;M431;Ville di Fiemme;;CS;01/01/2020;022041;B723;Carano;022;TN
2020;TN;022;022254;M431;Ville di Fiemme;;CS;01/01/2020;022070;D243;Daiano;022;TN
2019;LE;075;075098;M428;Presicce-Acquarica;;CS;15/05/2019;075001;A042;Acquarica del Capo;075;LE
2019;LE;075;075098;M428;Presicce-Acquarica;;CS;15/05/2019;075062;H047;Presicce;075;LE
2019;VI;024;024126;M426;Colceresa;;CS;20/02/2019;024059;F306;Molvena;024;VI
2019;VI;024;024126;M426;Colceresa;;CS;20/02/2019;024058;F019;Mason Vicentino;024;VI
2019;VI;024;024127;M427;Lusiana Conco;;CS;20/02/2019;024054;E762;Lusiana;024;VI
2019;VI;024;024127;M427;Lusiana Conco;;CS;20/02/2019;024033;C949;Conco;024;VI
2019;VA;012;012143;M425;Cadrezzate con Osmate;;CS;15/02/2019;012111;E529;Osmate;012;VA
2019;VA;012;012143;M425;Cadrezzate con Osmate;;CS;15/02/2019;012028;B347;Cadrezzate;012;VA
2019;MI;215;015251;M424;Vermezzo con Zelo;;CS;08/02/2019;015246;M160;Zelo Surrigone;215;MI
2019;MI;215;015251;M424;Vermezzo con Zelo;;CS;08/02/2019;015235;L768;Vermezzo;215;MI
2019;AL;006;006193;M420;Lu e Cuccaro Monferrato;;CS;01/02/2019;006064;D194;Cuccaro Monferrato;006;AL
2019;AL;006;006193;M420;Lu e Cuccaro Monferrato;;CS;01/02/2019;006089;E712;Lu;006;AL
2019;VI;024;024125;M423;Valbrenta;;CS;30/01/2019;024114;L650;Valstagna;024;VI
2019;VI;024;024125;M423;Valbrenta;;CS;30/01/2019;024023;B547;Campolongo sul Brenta;024;VI
2019;VI;024;024125;M423;Valbrenta;;CS;30/01/2019;024093;I047;San Nazario;024;VI
2019;VI;024;024125;M423;Valbrenta;;CS;30/01/2019;024031;C734;Cismon del Grappa;024;VI
2019;BL;025;025074;M421;Borgo Valbelluna;;CS;30/01/2019;025061;L422;Trichiana;025;BL
2019;BL;025;025074;M421;Borgo Valbelluna;;CS;30/01/2019;025034;F094;Mel;025;BL
2019;BL;025;025074;M421;Borgo Valbelluna;;CS;30/01/2019;025028;C562;Lentiai;025;BL
2019;TV;026;026096;M422;Pieve del Grappa;;CS;30/01/2019;026024;D157;Crespano del Grappa;026;TV
2019;TV;026;026096;M422;Pieve del Grappa;;CS;30/01/2019;026054;G221;Paderno del Grappa;026;TV
2019;TO;201;001317;M405;Val di Chy;;CS;01/01/2019;001005;A199;Alice Superiore;201;TO
2019;TO;201;001317;M405;Val di Chy;;CS;01/01/2019;001182;G396;Pecco;201;TO
2019;TO;201;001317;M405;Val di Chy;;CS;01/01/2019;001138;E727;Lugnacco;201;TO
2019;TO;201;001318;M415;Valchiusa;;CS;01/01/2019;001151;F164;Meugliano;201;TO
2019;TO;201;001318;M415;Valchiusa;;CS;01/01/2019;001277;L338;Trausella;201;TO
2019;TO;201;001318;M415;Valchiusa;;CS;01/01/2019;001297;L548;Vico Canavese;201;TO
2019;NO;003;003166;M416;Gattico-Veruno;;CS;01/01/2019;003071;D937;Gattico;003;NO
2019;NO;003;003166;M416;Gattico-Veruno;;CS;01/01/2019;003157;L798;Veruno;003;NO
2019;CO;013;013255;M412;Solbiate con Cagno;;CS;01/01/2019;013038;B359;Cagno;013;CO
2019;CO;013;013255;M412;Solbiate con Cagno;;CS;01/01/2019;013215;I792;Solbiate;013;CO
2019;PV;018;018193;M419;Colli Verdi;;CS;01/01/2019;018028;B599;Canevino;018;PV
2019;PV;018;018193;M419;Colli Verdi;;CS;01/01/2019;018170;L659;Valverde;018;PV
2019;PV;018;018193;M419;Colli Verdi;;CS;01/01/2019;018132;H637;Ruino;018;PV
2019;CR;019;019116;M418;Piadena Drizzona;;CS;01/01/2019;019071;G536;Piadena;019;CR
2019;CR;019;019116;M418;Piadena Drizzona;;CS;01/01/2019;019042;D370;Drizzona;019;CR
2019;MN;020;020073;M406;Borgocarbonara;;CS;01/01/2019;020006;B013;Borgofranco sul Po;020;MN
2019;MN;020;020073;M406;Borgocarbonara;;CS;01/01/2019;020009;B739;Carbonara di Po;020;MN
2019;TN;022;022251;M407;Terre d'Adige;;CS;01/01/2019;022126;F853;Nave San Rocco;022;TN
2019;TN;022;022251;M407;Terre d'Adige;;CS;01/01/2019;022225;M142;Zambana;022;TN
2019;PR;034;034051;M411;Sorbolo Mezzani;;CS;01/01/2019;034021;F174;Mezzani;034;PR
2019;PR;034;034051;M411;Sorbolo Mezzani;;CS;01/01/2019;034037;I845;Sorbolo;034;PR
2019;FE;038;038029;M410;Riva del Po;;CS;01/01/2019;038002;A806;Berra;038;FE
2019;FE;038;038029;M410;Riva del Po;;CS;01/01/2019;038020;H360;Ro;038;FE
2019;FE;038;038030;M409;Tresignana;;CS;01/01/2019;038009;D713;Formignana;038;FE
2019;FE;038;038030;M409;Tresignana;;CS;01/01/2019;038024;L390;Tresigallo;038;FE
2019;PU;041;041071;M413;Sassocorvaro Auditore;;CS;01/01/2019;041003;A493;Auditore;041;PU
2019;PU;041;041071;M413;Sassocorvaro Auditore;;CS;01/01/2019;041059;I459;Sassocorvaro;041;PU
2019;FI;248;048054;M408;Barberino Tavarnelle;;CS;01/01/2019;048003;A633;Barberino Val d'Elsa;248;FI
2019;FI;248;048054;M408;Barberino Tavarnelle;;CS;01/01/2019;048045;L067;Tavarnelle Val di Pesa;248;FI
2019;BI;096;096087;M414;Quaregna Cerreto;;CS;01/01/2019;096051;H103;Quaregna;096;BI
2019;BI;096;096087;M414;Quaregna Cerreto;;CS;01/01/2019;096017;C526;Cerreto Castello;096;BI
2019;BI;096;096088;M417;Valdilana;;CS;01/01/2019;096073;L606;Valle Mosso;096;BI
2019;BI;096;096088;M417;Valdilana;;CS;01/01/2019;096070;L436;Trivero;096;BI
2019;BI;096;096088;M417;Valdilana;;CS;01/01/2019;096062;I835;Soprana;096;BI
2019;BI;096;096088;M417;Valdilana;;CS;01/01/2019;096084;M304;Mosso;096;BI
2019;VB;103;103079;M404;Valle Cannobina;;CS;01/01/2019;103030;D481;Falmenta;103;VB
2019;VB;103;103079;M404;Valle Cannobina;;CS;01/01/2019;103020;C367;Cavaglio-Spoccia;103;VB
2019;VB;103;103079;M404;Valle Cannobina;;CS;01/01/2019;103027;D225;Cursolo-Orasso;103;VB
2018;CS;078;078157;M403;Corigliano-Rossano;;CS;31/03/2018;078108;H579;Rossano;078;CS
2018;CS;078;078157;M403;Corigliano-Rossano;;CS;31/03/2018;078044;D005;Corigliano Calabro;078;CS
2018;VI;024;024124;M401;Barbarano Mossano;;CS;17/02/2018;024069;F768;Mossano;024;VI
2018;VI;024;024124;M401;Barbarano Mossano;;CS;17/02/2018;024011;A627;Barbarano Vicentino;024;VI
2018;PD;028;028107;M402;Borgo Veneto;;CS;17/02/2018;028081;I226;Santa Margherita d'Adige;028;PD
2018;PD;028;028107;M402;Borgo Veneto;;CS;17/02/2018;028074;H705;Saletto;028;PD
2018;PD;028;028107;M402;Borgo Veneto;;CS;17/02/2018;028051;F091;Megliadino San Fidenzio;028;PD
2018;UD;030;030190;M400;Fiumicello Villa Vicentina;;CS;01/02/2018;030038;D627;Fiumicello;030;UD
2018;UD;030;030190;M400;Fiumicello Villa Vicentina;;CS;01/02/2018;030134;M034;Villa Vicentina;030;UD
2018;UD;030;030191;M399;Treppo Ligosullo;;CS;01/02/2018;030050;E586;Ligosullo;030;UD
2018;UD;030;030191;M399;Treppo Ligosullo;;CS;01/02/2018;030125;L381;Treppo Carnico;030;UD
2018;VC;002;002170;M389;Alto Sermenza;;CS;01/01/2018;002112;H292;Rimasco;002;VC
2018;VC;002;002170;M389;Alto Sermenza;;CS;01/01/2018;002111;H291;Rima San Giuseppe;002;VC
2018;VC;002;002171;M398;Cellio con Breia;;CS;01/01/2018;002038;C450;Cellio;002;VC
2018;VC;002;002171;M398;Cellio con Breia;;CS;01/01/2018;002019;B136;Breia;002;VC
2018;AL;006;006191;M388;Cassano Spinola;;CS;01/01/2018;006080;D941;Gavazzana;006;AL
2018;AL;006;006191;M388;Cassano Spinola;;CS;01/01/2018;006042;C005;Cassano Spinola;006;AL
2018;AL;006;006192;M397;Alluvioni Piovera;;CS;01/01/2018;006006;A211;Alluvioni Cambiò;006;AL
2018;AL;006;006192;M397;Alluvioni Piovera;;CS;01/01/2018;006130;G695;Piovera;006;AL
2018;IM;008;008068;M387;Montalto Carpasio;;CS;01/01/2018;008036;F406;Montalto Ligure;008;IM
2018;IM;008;008068;M387;Montalto Carpasio;;CS;01/01/2018;008013;B814;Carpasio;008;IM
2018;CO;013;013254;M394;Centro Valle Intelvi;;CS;01/01/2018;013060;C299;Castiglione d'Intelvi;013;CO
2018;CO;013;013254;M394;Centro Valle Intelvi;;CS;01/01/2018;013205;H830;San Fedele Intelvi;013;CO
2018;CO;013;013254;M394;Centro Valle Intelvi;;CS;01/01/2018;013050;B942;Casasco d'Intelvi;013;CO
2018;MN;020;020072;M396;Borgo Mantovano;;CS;01/01/2018;020040;G633;Pieve di Coriano;020;MN
2018;MN;020;020072;M396;Borgo Mantovano;;CS;01/01/2018;020049;H248;Revere;020;MN
2018;MN;020;020072;M396;Borgo Mantovano;;CS;01/01/2018;020067;F804;Villa Poma;020;MN
2018;TN;022;022250;M390;Sèn Jan di Fassa-Sèn Jan;Sèn Jan;CS;01/01/2018;022217;L893;Vigo di Fassa;022;TN
2018;TN;022;022250;M390;Sèn Jan di Fassa-Sèn Jan;Sèn Jan;CS;01/01/2018;022145;G950;Pozza di Fassa;022;TN
2018;PC;033;033049;M386;Alta Val Tidone;;CS;01/01/2018;033009;B479;Caminata;033;PC
2018;PC;033;033049;M386;Alta Val Tidone;;CS;01/01/2018;033029;F885;Nibbiano;033;PC
2018;PC;033;033049;M386;Alta Val Tidone;;CS;01/01/2018;033031;G399;Pecorara;033;PC
2018;LI;049;049021;M391;Rio;;CS;01/01/2018;049015;H305;Rio Marina;049;LI
2018;LI;049;049021;M391;Rio;;CS;01/01/2018;049016;H297;Rio nell'Elba;049;LI
2018;AR;051;051042;M392;Laterina Pergine Valdarno;;CS;01/01/2018;051019;E468;Laterina;051;AR
2018;AR;051;051042;M392;Laterina Pergine Valdarno;;CS;01/01/2018;051028;G451;Pergine Valdarno;051;AR
2018;LC;097;097093;M395;Valvarrone;;CS;01/01/2018;097089;L813;Vestreno;097;LC
2018;LC;097;097093;M395;Valvarrone;;CS;01/01/2018;097041;E308;Introzzo;097;LC
2018;LC;097;097093;M395;Valvarrone;;CS;01/01/2018;097081;L368;Tremenico;097;LC
2018;LO;098;098062;M393;Castelgerundo;;CS;01/01/2018;098007;B456;Camairago;098;LO
2018;LO;098;098062;M393;Castelgerundo;;CS;01/01/2018;098016;C362;Cavacurta;098;LO
2017;CS;078;078156;M385;Casali del Manco;;CS;05/05/2017;078144;I898;Spezzano Piccolo;078;CS
2017;CS;078;078156;M385;Casali del Manco;;CS;05/05/2017;078028;B983;Casole Bruzio;078;CS
2017;CS;078;078156;M385;Casali del Manco;;CS;05/05/2017;078141;I650;Serra Pedace;078;CS
2017;CS;078;078156;M385;Casali del Manco;;CS;05/05/2017;078151;L375;Trenta;078;CS
2017;CS;078;078156;M385;Casali del Manco;;CS;05/05/2017;078095;G400;Pedace;078;CS
2017;TO;201;001316;M316;Mappano;;CS;18/04/2017;001265;I703;Settimo Torinese;201;TO
2017;TO;201;001316;M316;Mappano;;CS;18/04/2017;001028;A990;Borgaro Torinese;201;TO
2017;TO;201;001316;M316;Mappano;;CS;18/04/2017;001063;B960;Caselle Torinese;201;TO
2017;TO;201;001316;M316;Mappano;;CS;18/04/2017;001130;E518;Leini;201;TO
2017;VI;024;024123;M384;Val Liona;;CS;17/02/2017;024092;H863;San Germano dei Berici;024;VI
2017;VI;024;024123;M384;Val Liona;;CS;17/02/2017;024045;E138;Grancona;024;VI
2017;CO;013;013253;M383;Alta Valle Intelvi;;CS;01/01/2017;013194;H171;Ramponio Verna;013;CO
2017;CO;013;013253;M383;Alta Valle Intelvi;;CS;01/01/2017;013122;E444;Lanzo d'Intelvi;013;CO
2017;CO;013;013253;M383;Alta Valle Intelvi;;CS;01/01/2017;013179;G427;Pellio Intelvi;013;CO
2017;FE;038;038028;M381;Terre del Reno;;CS;01/01/2017;038021;I209;Sant'Agostino;038;FE
2017;FE;038;038028;M381;Terre del Reno;;CS;01/01/2017;038016;F235;Mirabello;038;FE
2017;PU;041;041069;M380;Colli al Metauro;;CS;01/01/2017;041037;F555;Montemaggiore al Metauro;041;PU
2017;PU;041;041069;M380;Colli al Metauro;;CS;01/01/2017;041050;H721;Saltara;041;PU
2017;PU;041;041069;M380;Colli al Metauro;;CS;01/01/2017;041062;I670;Serrungarina;041;PU
2017;PU;041;041070;M379;Terre Roveresche;;CS;01/01/2017;041004;A639;Barchi;041;PU
2017;PU;041;041070;M379;Terre Roveresche;;CS;01/01/2017;041046;G537;Piagge;041;PU
2017;PU;041;041070;M379;Terre Roveresche;;CS;01/01/2017;041052;H886;San Giorgio di Pesaro;041;PU
2017;PU;041;041070;M379;Terre Roveresche;;CS;01/01/2017;041040;G089;Orciano di Pesaro;041;PU
2017;MC;043;043058;M382;Valfornace;;CS;01/01/2017;043037;G637;Pievebovigliana;043;MC
2017;MC;043;043058;M382;Valfornace;;CS;01/01/2017;043018;D609;Fiordimonte;043;MC
2017;PT;047;047023;M376;Abetone Cutigliano;;CS;01/01/2017;047001;A012;Abetone;047;PT
2017;PT;047;047023;M376;Abetone Cutigliano;;CS;01/01/2017;047004;D235;Cutigliano;047;PT
2017;PT;047;047024;M377;San Marcello Piteglio;;CS;01/01/2017;047015;G715;Piteglio;047;PT
2017;PT;047;047024;M377;San Marcello Piteglio;;CS;01/01/2017;047019;H980;San Marcello Pistoiese;047;PT
2017;SI;052;052037;M378;Montalcino;;CS;01/01/2017;052029;H911;San Giovanni d'Asso;052;SI
2017;SI;052;052037;M378;Montalcino;;CS;01/01/2017;052014;F402;Montalcino;052;SI
2016;BL;025;025072;M375;Alpago;;CS;23/02/2016;025038;G638;Pieve d'Alpago;025;BL
2016;BL;025;025072;M375;Alpago;;CS;23/02/2016;025020;D506;Farra d'Alpago;025;BL
2016;BL;025;025072;M375;Alpago;;CS;23/02/2016;025041;H092;Puos d'Alpago;025;BL
2016;BL;025;025073;M374;Val di Zoldo;;CS;23/02/2016;025024;D726;Forno di Zoldo;025;BL
2016;BL;025;025073;M374;Val di Zoldo;;CS;23/02/2016;025068;I345;Zoldo Alto;025;BL
2016;PV;018;018192;M372;Corteolona e Genzone;;CS;01/01/2016;018070;D973;Genzone;018;PV
2016;PV;018;018192;M372;Corteolona e Genzone;;CS;01/01/2016;018056;D067;Corteolona;018;PV
2016;TN;022;022233;M366;Dimaro Folgarida;;CS;01/01/2016;022075;D302;Dimaro;022;TN
2016;TN;022;022233;M366;Dimaro Folgarida;;CS;01/01/2016;022121;F341;Monclassico;022;TN
2016;TN;022;022234;M365;Pieve di Bono-Prezzo;;CS;01/01/2016;022140;G641;Pieve di Bono;022;TN
2016;TN;022;022234;M365;Pieve di Bono-Prezzo;;CS;01/01/2016;022149;H057;Prezzo;022;TN
2016;TN;022;022235;M349;Altavalle;;CS;01/01/2016;022096;E222;Grumes;022;TN
2016;TN;022;022235;M349;Altavalle;;CS;01/01/2016;022082;D516;Faver;022;TN
2016;TN;022;022235;M349;Altavalle;;CS;01/01/2016;022094;E150;Grauno;022;TN
2016;TN;022;022235;M349;Altavalle;;CS;01/01/2016;022208;L550;Valda;022;TN
2016;TN;022;022236;M350;Altopiano della Vigolana;;CS;01/01/2016;022219;L896;Vigolo Vattaro;022;TN
2016;TN;022;022236;M350;Altopiano della Vigolana;;CS;01/01/2016;022056;C467;Centa San Nicolò;022;TN
2016;TN;022;022236;M350;Altopiano della Vigolana;;CS;01/01/2016;022212;L697;Vattaro;022;TN
2016;TN;022;022236;M350;Altopiano della Vigolana;;CS;01/01/2016;022023;B078;Bosentino;022;TN
2016;TN;022;022237;M351;Amblar-Don;;CS;01/01/2016;022076;D336;Don;022;TN
2016;TN;022;022237;M351;Amblar-Don;;CS;01/01/2016;022004;A260;Amblar;022;TN
2016;TN;022;022238;M352;Borgo Chiese;;CS;01/01/2016;022028;B185;Brione;022;TN
2016;TN;022;022238;M352;Borgo Chiese;;CS;01/01/2016;022066;C953;Condino;022;TN
2016;TN;022;022238;M352;Borgo Chiese;;CS;01/01/2016;022057;C694;Cimego;022;TN
2016;TN;022;022239;M353;Borgo Lares;;CS;01/01/2016;022227;M198;Zuclo;022;TN
2016;TN;022;022239;M353;Borgo Lares;;CS;01/01/2016;022019;A933;Bolbeno;022;TN
2016;TN;022;022240;M354;Castel Ivano;;CS;01/01/2016;022221;L910;Villa Agnedo;022;TN
2016;TN;022;022240;M354;Castel Ivano;;CS;01/01/2016;022178;I889;Spera;022;TN
2016;TN;022;022240;M354;Castel Ivano;;CS;01/01/2016;022185;I979;Strigno;022;TN
2016;TN;022;022241;M355;Cembra Lisignago;;CS;01/01/2016;022055;C452;Cembra;022;TN
2016;TN;022;022241;M355;Cembra Lisignago;;CS;01/01/2016;022105;E614;Lisignago;022;TN
2016;TN;022;022242;M356;Contà;;CS;01/01/2016;022086;D631;Flavon;022;TN
2016;TN;022;022242;M356;Contà;;CS;01/01/2016;022194;L137;Terres;022;TN
2016;TN;022;022242;M356;Contà;;CS;01/01/2016;022069;D206;Cunevo;022;TN
2016;TN;022;022243;M357;Madruzzo;;CS;01/01/2016;022031;B386;Calavino;022;TN
2016;TN;022;022243;M357;Madruzzo;;CS;01/01/2016;022101;E461;Lasino;022;TN
2016;TN;022;022244;M358;Porte di Rendena;;CS;01/01/2016;022220;L903;Vigo Rendena;022;TN
2016;TN;022;022244;M358;Porte di Rendena;;CS;01/01/2016;022223;M006;Villa Rendena;022;TN
2016;TN;022;022244;M358;Porte di Rendena;;CS;01/01/2016;022073;D250;Darè;022;TN
2016;TN;022;022245;M359;Primiero San Martino di Castrozza;;CS;01/01/2016;022204;L329;Transacqua;022;TN
2016;TN;022;022245;M359;Primiero San Martino di Castrozza;;CS;01/01/2016;022174;I760;Siror;022;TN
2016;TN;022;022245;M359;Primiero San Martino di Castrozza;;CS;01/01/2016;022201;L201;Tonadico;022;TN
2016;TN;022;022245;M359;Primiero San Martino di Castrozza;;CS;01/01/2016;022084;D572;Fiera di Primiero;022;TN
2016;TN;022;022246;M360;Sella Giudicarie;;CS;01/01/2016;022020;A967;Bondo;022;TN
2016;TN;022;022246;M360;Sella Giudicarie;;CS;01/01/2016;022024;B135;Breguzzo;022;TN
2016;TN;022;022246;M360;Sella Giudicarie;;CS;01/01/2016;022158;H545;Roncone;022;TN
2016;TN;022;022246;M360;Sella Giudicarie;;CS;01/01/2016;022100;E452;Lardaro;022;TN
2016;TN;022;022247;M361;Tre Ville;;CS;01/01/2016;022151;H162;Ragoli;022;TN
2016;TN;022;022247;M361;Tre Ville;;CS;01/01/2016;022148;H039;Preore;022;TN
2016;TN;022;022247;M361;Tre Ville;;CS;01/01/2016;022122;F396;Montagne;022;TN
2016;TN;022;022248;M362;Vallelaghi;;CS;01/01/2016;022215;L821;Vezzano;022;TN
2016;TN;022;022248;M362;Vallelaghi;;CS;01/01/2016;022132;G214;Padergnone;022;TN
2016;TN;022;022248;M362;Vallelaghi;;CS;01/01/2016;022192;L107;Terlago;022;TN
2016;TN;022;022249;M363;Ville d'Anaunia;;CS;01/01/2016;022207;L457;Tuenno;022;TN
2016;TN;022;022249;M363;Ville d'Anaunia;;CS;01/01/2016;022125;F837;Nanno;022;TN
2016;TN;022;022249;M363;Ville d'Anaunia;;CS;01/01/2016;022187;L060;Tassullo;022;TN
2016;PR;034;034050;M367;Polesine Zibello;;CS;01/01/2016;034029;G783;Polesine Parmense;034;PR
2016;PR;034;034050;M367;Polesine Zibello;;CS;01/01/2016;034048;M174;Zibello;034;PR
2016;RE;035;035046;M364;Ventasso;;CS;01/01/2016;035019;C840;Collagna;035;RE
2016;RE;035;035046;M364;Ventasso;;CS;01/01/2016;035025;E585;Ligonchio;035;RE
2016;RE;035;035046;M364;Ventasso;;CS;01/01/2016;035031;G654;Ramiseto;035;RE
2016;RE;035;035046;M364;Ventasso;;CS;01/01/2016;035007;B283;Busana;035;RE
2016;BO;237;037062;M369;Alto Reno Terme;;CS;01/01/2016;037029;E135;Granaglione;237;BO
2016;BO;237;037062;M369;Alto Reno Terme;;CS;01/01/2016;037049;A558;Porretta Terme;237;BO
2016;BI;096;096085;M371;Lessona;;CS;01/01/2016;096022;D182;Crosa;096;BI
2016;BI;096;096085;M371;Lessona;;CS;01/01/2016;096029;E552;Lessona;096;BI
2016;BI;096;096086;M373;Campiglia Cervo;;CS;01/01/2016;096052;H145;Quittengo;096;BI
2016;BI;096;096086;M373;Campiglia Cervo;;CS;01/01/2016;096011;B508;Campiglia Cervo;096;BI
2016;BI;096;096086;M373;Campiglia Cervo;;CS;01/01/2016;096060;I074;San Paolo Cervo;096;BI
2016;RN;099;099029;M368;Montescudo-Monte Colombo;;CS;01/01/2016;099010;F641;Montescudo;099;RN
2016;RN;099;099029;M368;Montescudo-Monte Colombo;;CS;01/01/2016;099007;F476;Monte Colombo;099;RN
2016;VB;103;103078;M370;Borgomezzavalle;;CS;01/01/2016;103073;L864;Viganella;103;VB
2016;VB;103;103078;M370;Borgomezzavalle;;CS;01/01/2016;103063;I619;Seppiana;103;VB
2015;LC;097;097092;M348;La Valletta Brianza;;CS;30/01/2015;097073;H596;Rovagnate;097;LC
2015;LC;097;097092;M348;La Valletta Brianza;;CS;30/01/2015;097066;G448;Perego;097;LC
2015;TN;022;022230;M344;Predaia;;CS;01/01/2015;022186;L033;Taio;022;TN
2015;TN;022;022230;M344;Predaia;;CS;01/01/2015;022175;I772;Smarano;022;TN
2015;TN;022;022230;M344;Predaia;;CS;01/01/2015;022067;C994;Coredo;022;TN
2015;TN;022;022230;M344;Predaia;;CS;01/01/2015;022206;L385;Tres;022;TN
2015;TN;022;022230;M344;Predaia;;CS;01/01/2015;022214;L800;Vervò;022;TN
2015;TN;022;022231;M345;San Lorenzo Dorsino;;CS;01/01/2015;022166;H966;San Lorenzo in Banale;022;TN
2015;TN;022;022231;M345;San Lorenzo Dorsino;;CS;01/01/2015;022077;D349;Dorsino;022;TN
2015;TN;022;022232;M343;Valdaone;;CS;01/01/2015;022072;D248;Daone;022;TN
2015;TN;022;022232;M343;Valdaone;;CS;01/01/2015;022146;G989;Praso;022;TN
2015;TN;022;022232;M343;Valdaone;;CS;01/01/2015;022012;A808;Bersone;022;TN
2015;LU;046;046037;M347;Sillano Giuncugnano;;CS;01/01/2015;046016;E059;Giuncugnano;046;LU
2015;LU;046;046037;M347;Sillano Giuncugnano;;CS;01/01/2015;046029;I737;Sillano;046;LU
2015;PN;093;093053;M346;Valvasone Arzene;;CS;01/01/2015;093003;A456;Arzene;093;PN
2015;PN;093;093053;M346;Valvasone Arzene;;CS;01/01/2015;093048;L657;Valvasone;093;PN
2014;BL;025;025071;M342;Longarone;;CS;22/02/2014;025009;C146;Castellavazzo;025;BL
2014;BL;025;025071;M342;Longarone;;CS;22/02/2014;025031;E672;Longarone;025;BL
2014;VA;012;012142;M339;Maccagno con Pino e Veddasca;;CS;04/02/2014;012094;E775;Maccagno;012;VA
2014;VA;012;012142;M339;Maccagno con Pino e Veddasca;;CS;04/02/2014;012135;L705;Veddasca;012;VA
2014;VA;012;012142;M339;Maccagno con Pino e Veddasca;;CS;04/02/2014;012112;G677;Pino sulla Sponda del Lago Maggiore;012;VA
2014;CO;013;013250;M335;Bellagio;;CS;04/02/2014;013070;C754;Civenna;013;CO
2014;CO;013;013250;M335;Bellagio;;CS;04/02/2014;013019;A744;Bellagio;013;CO
2014;CO;013;013251;M336;Colverde;;CS;04/02/2014;013093;D369;Drezzo;013;CO
2014;CO;013;013251;M336;Colverde;;CS;04/02/2014;013175;G329;Parè;013;CO
2014;CO;013;013251;M336;Colverde;;CS;04/02/2014;013109;E051;Gironico;013;CO
2014;CO;013;013252;M341;Tremezzina;;CS;04/02/2014;013148;F181;Mezzegra;013;CO
2014;CO;013;013252;M341;Tremezzina;;CS;04/02/2014;013125;E525;Lenno;013;CO
2014;CO;013;013252;M341;Tremezzina;;CS;04/02/2014;013225;L371;Tremezzo;013;CO
2014;CO;013;013252;M341;Tremezzina;;CS;04/02/2014;013172;G182;Ossuccio;013;CO
2014;BG;016;016252;M333;Sant'Omobono Terme;;CS;04/02/2014;016192;I349;Sant'Omobono Terme;016;BG
2014;BG;016;016252;M333;Sant'Omobono Terme;;CS;04/02/2014;016228;L649;Valsecca;016;BG
2014;BG;016;016253;M334;Val Brembilla;;CS;04/02/2014;016112;D991;Gerosa;016;BG
2014;BG;016;016253;M334;Val Brembilla;;CS;04/02/2014;016039;B140;Brembilla;016;BG
2014;PV;018;018191;M338;Cornale e Bastida;;CS;04/02/2014;018010;A711;Bastida de' Dossi;018;PV
2014;PV;018;018191;M338;Cornale e Bastida;;CS;04/02/2014;018055;D017;Cornale;018;PV
2014;MN;020;020071;M340;Borgo Virgilio;;CS;04/02/2014;020005;B011;Borgoforte;020;MN
2014;MN;020;020071;M340;Borgo Virgilio;;CS;04/02/2014;020069;H123;Virgilio;020;MN
2014;LC;097;097091;M337;Verderio;;CS;04/02/2014;097087;L755;Verderio Inferiore;097;LC
2014;LC;097;097091;M337;Verderio;;CS;04/02/2014;097088;L756;Verderio Superiore;097;LC
2014;UD;030;030188;M317;Rivignano Teor;;CS;01/01/2014;030119;L101;Teor;030;UD
2014;UD;030;030188;M317;Rivignano Teor;;CS;01/01/2014;030096;H352;Rivignano;030;UD
2014;PR;034;034049;M325;Sissa Trecasali;;CS;01/01/2014;034043;L354;Trecasali;034;PR
2014;PR;034;034049;M325;Sissa Trecasali;;CS;01/01/2014;034034;I763;Sissa;034;PR
2014;BO;037;037061;M320;Valsamoggia;;CS;01/01/2014;037018;C191;Castello di Serravalle;037;BO
2014;BO;037;037061;M320;Valsamoggia;;CS;01/01/2014;037043;F659;Monteveglio;037;BO
2014;BO;037;037061;M320;Valsamoggia;;CS;01/01/2014;037023;D158;Crespellano;037;BO
2014;BO;037;037061;M320;Valsamoggia;;CS;01/01/2014;037058;I474;Savigno;037;BO
2014;BO;037;037061;M320;Valsamoggia;;CS;01/01/2014;037004;A726;Bazzano;037;BO
2014;FE;038;038027;M323;Fiscaglia;;CS;01/01/2014;038015;F198;Migliarino;038;FE
2014;FE;038;038027;M323;Fiscaglia;;CS;01/01/2014;038013;F026;Massa Fiscaglia;038;FE
2014;FE;038;038027;M323;Fiscaglia;;CS;01/01/2014;038026;F199;Migliaro;038;FE
2014;PU;041;041068;M331;Vallefoglia;;CS;01/01/2014;041012;C830;Colbordolo;041;PU
2014;PU;041;041068;M331;Vallefoglia;;CS;01/01/2014;041056;I285;Sant'Angelo in Lizzola;041;PU
2014;AN;042;042050;M318;Trecastelli;;CS;01/01/2014;042028;F593;Monterado;042;AN
2014;AN;042;042050;M318;Trecastelli;;CS;01/01/2014;042009;C071;Castel Colonna;042;AN
2014;AN;042;042050;M318;Trecastelli;;CS;01/01/2014;042039;H322;Ripe;042;AN
2014;LU;046;046036;M319;Fabbriche di Vergemoli;;CS;01/01/2014;046012;D449;Fabbriche di Vallico;046;LU
2014;LU;046;046036;M319;Fabbriche di Vergemoli;;CS;01/01/2014;046032;L763;Vergemoli;046;LU
2014;FI;048;048052;M321;Figline e Incisa Valdarno;;CS;01/01/2014;048016;D583;Figline Valdarno;048;FI
2014;FI;048;048052;M321;Figline e Incisa Valdarno;;CS;01/01/2014;048023;E296;Incisa in Val d'Arno;048;FI
2014;FI;048;048053;M326;Scarperia e San Piero;;CS;01/01/2014;048040;I085;San Piero a Sieve;048;FI
2014;FI;048;048053;M326;Scarperia e San Piero;;CS;01/01/2014;048042;I514;Scarperia;048;FI
2014;PI;050;050040;M327;Casciana Terme Lari;;CS;01/01/2014;050017;E455;Lari;050;PI
2014;PI;050;050040;M327;Casciana Terme Lari;;CS;01/01/2014;050007;A559;Casciana Terme;050;PI
2014;PI;050;050041;M328;Crespina Lorenzana;;CS;01/01/2014;050018;E688;Lorenzana;050;PI
2014;PI;050;050041;M328;Crespina Lorenzana;;CS;01/01/2014;050013;D160;Crespina;050;PI
2014;AR;051;051040;M322;Castelfranco Piandiscò;;CS;01/01/2014;051029;G552;Pian di Sco;051;AR
2014;AR;051;051040;M322;Castelfranco Piandiscò;;CS;01/01/2014;051009;C112;Castelfranco di Sopra;051;AR
2014;AR;051;051041;M329;Pratovecchio Stia;;CS;01/01/2014;051036;I952;Stia;051;AR
2014;AR;051;051041;M329;Pratovecchio Stia;;CS;01/01/2014;051032;H008;Pratovecchio;051;AR
2014;RN;099;099028;M324;Poggio Torriana;;CS;01/01/2014;099019;I550;Torriana;099;RN
2014;RN;099;099028;M324;Poggio Torriana;;CS;01/01/2014;099012;G755;Poggio Berni;099;RN
2013;BL;025;025070;M332;Quero Vas;;CS;28/12/2013;025042;H124;Quero;025;BL
2013;BL;025;025070;M332;Quero Vas;;CS;28/12/2013;025064;L692;Vas;025;BL
2013;AV;064;064121;M330;Montoro;;CS;03/12/2013;064062;F694;Montoro Superiore;064;AV
2013;AV;064;064121;M330;Montoro;;CS;03/12/2013;064061;F693;Montoro Inferiore;064;AV
2011;CO;013;013249;M315;Gravedona ed Uniti;;CS;11/02/2011;013076;C965;Consiglio di Rumo;013;CO
2011;CO;013;013249;M315;Gravedona ed Uniti;;CS;11/02/2011;013112;E151;Gravedona;013;CO
2011;CO;013;013249;M315;Gravedona ed Uniti;;CS;11/02/2011;013108;D986;Germasino;013;CO
2010;TN;022;022228;M314;Comano Terme;;CS;01/01/2010;022107;E658;Lomaso;022;TN
2010;TN;022;022228;M314;Comano Terme;;CS;01/01/2010;022016;A901;Bleggio Inferiore;022;TN
2010;TN;022;022229;M313;Ledro;;CS;01/01/2010;022014;A839;Bezzecca;022;TN
2010;TN;022;022229;M313;Ledro;;CS;01/01/2010;022119;F286;Molina di Ledro;022;TN
2010;TN;022;022229;M313;Ledro;;CS;01/01/2010;022065;C944;Concei;022;TN
2010;TN;022;022229;M313;Ledro;;CS;01/01/2010;022198;L163;Tiarno di Sotto;022;TN
2010;TN;022;022229;M313;Ledro;;CS;01/01/2010;022197;L162;Tiarno di Sopra;022;TN
2010;TN;022;022229;M313;Ledro;;CS;01/01/2010;022141;G644;Pieve di Ledro;022;TN
2009;UD;030;030138;M311;Campolongo Tapogliano;;CS;01/01/2009;030017;B545;Campolongo al Torre;030;UD
2009;UD;030;030138;M311;Campolongo Tapogliano;;CS;01/01/2009;030115;L044;Tapogliano;030;UD
2004;MI;015;015250;A618;Baranzate;;CS;08/06/2004;015027;A940;Bollate;015;MI
2003;CO;013;013248;I162;San Siro;;CS;01/01/2003;013210;I252;Santa Maria Rezzonico;013;CO
2003;CO;013;013248;I162;San Siro;;CS;01/01/2003;013208;I167;Sant'Abbondio;013;CO
2001;MI;015;015250;A618;Baranzate;;CS;12/12/2001;015027;A940;Bollate;015;MI
2001;RM;058;058122;M309;Fonte Nuova;;CS;15/10/2001;058047;E263;Guidonia Montecelio;058;RM
2001;RM;058;058122;M309;Fonte Nuova;;CS;15/10/2001;058059;F127;Mentana;058;RM
1999;VE;027;027044;M308;Cavallino-Treporti;;CS;02/04/1999;027042;L736;Venezia;027;VE
1999;BI;096;096084;M304;Mosso;;CS;01/01/1999;096036;F769;Mosso Santa Maria;096;BI
1999;BI;096;096084;M304;Mosso;;CS;01/01/1999;096045;G714;Pistolesa;096;BI
1998;AT;005;005121;M302;Montiglio Monferrato;;CS;01/09/1998;005102;I495;Scandeluzza;005;AT
1998;AT;005;005121;M302;Montiglio Monferrato;;CS;01/09/1998;005043;C831;Colcavagno;005;AT
1998;AT;005;005121;M302;Montiglio Monferrato;;CS;01/09/1998;005078;F678;Montiglio;005;AT
1996;SS;090;090090;M301;Padru;;CS;24/01/1996;090017;B246;Buddusò;090;SS
1995;PD;028;028106;M300;Due Carrare;;CS;24/03/1995;028024;B833;Carrara San Giorgio;028;PD
1995;PD;028;028106;M300;Due Carrare;;CS;24/03/1995;028025;B834;Carrara Santo Stefano;028;PD
1995;RO;029;029052;G926;Porto Viro;;CS;01/01/1995;029020;D337;Donada;029;RO
1995;RO;029;029052;G926;Porto Viro;;CS;01/01/1995;029016;C967;Contarina;029;RO
1994;TA;073;073029;M298;Statte;;CS;01/01/1994;073027;L049;Taranto;073;TA
1993;RM;058;058121;M299;Boville;;CS;05/11/1993;058057;E958;Marino;058;RM
1992;RM;058;058120;M297;Fiumicino;;CS;04/04/1992;058091;H501;Roma;058;RM
1991;CA;092;092109;F383;Monserrato;;CS;10/12/1991;092009;B354;Cagliari;092;CA
1990;RM;058;058119;M295;San Cesareo;;CS;10/04/1990;058114;M141;Zagarolo;058;RM
1990;SA;065;065158;M294;Bellizzi;;CS;30/01/1990;065073;F481;Montecorvino Rovella;065;SA
1990;CA;092;092108;D399;Elmas;;CS;06/01/1990;092009;B354;Cagliari;092;CA
1988;SS;090;090088;M292;Erula;;CS;06/08/1988;090075;L464;Tula;090;SS
1988;SS;090;090088;M292;Erula;;CS;06/08/1988;090052;G203;Ozieri;090;SS
1988;SS;090;090088;M292;Erula;;CS;06/08/1988;090025;C613;Chiaramonti;090;SS
1988;SS;090;090088;M292;Erula;;CS;06/08/1988;090056;G450;Perfugas;090;SS
1988;SS;090;090089;M290;Stintino;;CS;06/08/1988;090064;I452;Sassari;090;SS
1988;NU;091;091104;E649;Lodine;;CS;06/08/1988;091028;D947;Gavoi;091;NU
1988;CA;092;092107;M291;Piscinas;;CS;06/08/1988;092026;E022;Giba;092;CA
1988;NA;063;063092;M289;Massa di Somma;;CS;14/06/1988;063026;C495;Cercola;063;NA
1986;CA;092;092106;M288;Castiadas;;CS;03/04/1986;092064;I402;San Vito;092;CA
1986;CA;092;092106;M288;Castiadas;;CS;03/04/1986;092097;L998;Villaputzu;092;CA
1986;CA;092;092106;M288;Castiadas;;CS;03/04/1986;092039;F808;Muravera;092;CA
1985;CT;087;087058;M287;Ragalna;;CS;17/05/1985;087033;G371;Paternò;087;CT
1984;ME;083;083108;M286;Torrenova;;CS;09/12/1984;083079;H982;San Marco d'Alunzio;083;ME
1984;NU;091;091103;M285;Cardedu;;CS;24/05/1984;091026;D859;Gairo;091;NU
1983;SS;090;090087;M284;Santa Maria Coghinas;;CS;27/02/1983;090079;L604;Valledoria;090;SS
1983;CA;092;092105;H119;Quartucciu;;CS;15/02/1983;092009;B354;Cagliari;092;CA
1981;CT;087;087057;M283;Maniace;;CS;18/04/1981;087009;B202;Bronte;087;CT
1980;TP;081;081024;M281;Petrosino;;CS;10/08/1980;081012;F061;Mazara del Vallo;081;TP
1980;TP;081;081024;M281;Petrosino;;CS;10/08/1980;081011;E974;Marsala;081;TP
1980;SS;090;090086;M282;Tergu;;CS;11/07/1980;090046;F977;Nulvi;090;SS
1980;SS;090;090086;M282;Tergu;;CS;11/07/1980;090050;G156;Osilo;090;SS
1980;SS;090;090086;M282;Tergu;;CS;11/07/1980;090023;C272;Castelsardo;090;SS
1980;NA;063;063091;M280;Trecase;;CS;05/04/1980;063009;B077;Boscotrecase;063;NA
1979;SR;089;089021;M279;Priolo Gargallo;;CS;10/08/1979;089017;I754;Siracusa;089;SR
1979;SR;089;089021;M279;Priolo Gargallo;;CS;10/08/1979;089012;F107;Melilli;089;SR
1979;CA;092;092104;M278;Villaperuccio;;CS;26/05/1979;092060;I182;Santadi;092;CA
1979;SS;090;090083;M274;Golfo Aranci;;CS;20/04/1979;090047;G015;Olbia;090;SS
1979;SS;090;090084;M275;Loiri Porto San Paolo;;CS;20/04/1979;090070;L093;Tempio Pausania;090;SS
1979;SS;090;090085;M276;Sant'Antonio di Gallura;;CS;20/04/1979;090037;E752;Luras;090;SS
1979;SS;090;090085;M276;Sant'Antonio di Gallura;;CS;20/04/1979;090021;B378;Calangianus;090;SS
1979;OR;095;095077;D214;Curcuris;;CS;20/04/1979;095004;A180;Ales;095;OR
1979;OR;095;095078;I778;Soddì;;CS;20/04/1979;095021;E004;Ghilarza;095;OR
1979;NA;063;063090;M273;Santa Maria la Carità;;CS;14/01/1979;063035;E131;Gragnano;063;NA
1977;RC;080;080097;M277;San Ferdinando;;CS;04/12/1977;080069;H558;Rosarno;080;RC
1976;CT;087;087056;M271;Mazzarrone;;CS;12/05/1976;087020;E578;Licodia Eubea;087;CT
1976;CT;087;087056;M271;Mazzarrone;;CS;12/05/1976;087011;B428;Caltagirone;087;CT
1975;LE;075;075097;M263;Porto Cesareo;;CS;01/06/1975;075052;F842;Nardò;075;LE
1975;LE;075;075096;M261;Castro;;CS;28/05/1975;075027;D305;Diso;075;LE
1975;CE;061;061104;F043;San Marco Evangelista;;CS;22/05/1975;061022;B963;Caserta;061;CE
1975;CE;061;061104;F043;San Marco Evangelista;;CS;22/05/1975;061048;E791;Maddaloni;061;CE
1975;FG;071;071063;M266;Ordona;;CS;20/05/1975;071036;G131;Orta Nova;071;FG
1975;FG;071;071064;M267;Zapponeta;;CS;20/05/1975;071029;E885;Manfredonia;071;FG
1975;LE;075;075095;M264;San Cassiano;;CS;20/05/1975;075054;F916;Nociglia;075;LE
1975;SS;090;090082;M259;Viddalba;;CS;04/05/1975;090014;B063;Bortigiadas;090;SS
1975;SS;090;090082;M259;Viddalba;;CS;04/05/1975;090001;A069;Aggius;090;SS
1975;TR;055;055033;M258;Avigliano Umbro;;CS;09/04/1975;055017;F457;Montecastrilli;055;TR
1975;SR;089;089020;M257;Portopalo di Capo Passero;;CS;23/03/1975;089014;G211;Pachino;089;SR
1974;RM;058;058118;M272;Ciampino;;CS;15/10/1974;058057;E958;Marino;058;RM
1974;BZ;021;021118;I603;Senale-San Felice/Unsere Liebe Frau im Walde-St. Felix;Unsere Liebe Frau im Walde-St. Felix;CS;18/09/1974;021078;H837;San Felice/St. Felix;021;BZ
1974;BZ;021;021118;I603;Senale-San Felice/Unsere Liebe Frau im Walde-St. Felix;Unsere Liebe Frau im Walde-St. Felix;CS;18/09/1974;021090;ND;Senale/Unsere Liebe Frau im Walde;021;BZ
1974;OR;095;095076;I721;Siapiccia;;CS;13/09/1974;095057;I719;Siamanna-Siapiccia;095;OR
1974;MT;077;077031;M256;Scanzano Jonico;;CS;02/08/1974;077016;F399;Montalbano Jonico;077;MT
1974;CA;092;092103;M270;Masainas;;CS;02/08/1974;092046;E022;Giba;092;CA
1973;PZ;076;076100;M269;Paterno;;CS;25/06/1973;076045;E976;Marsico Nuovo;076;PZ
1973;CE;061;061102;M262;Cellole;;CS;14/03/1973;061088;I676;Sessa Aurunca;061;CE
1973;CE;061;061103;M260;Casapesenna;;CS;14/03/1973;061074;H798;San Cipriano d'Aversa;061;CE
1972;PA;082;082082;M268;Blufi;;CS;05/04/1972;082055;G510;Petralia Soprana;082;PA
1971;PN;093;093052;M265;Vajont;;CS;10/07/1971;093019;D426;Erto e Casso;093;PN
1970;CA;092;092173;G817;Pompu;;CS;09/12/1970;092061;F050;Masullas;092;CA
1970;RM;058;058116;M212;Ladispoli;;CS;27/05/1970;058029;C552;Cerveteri;058;RM
1970;RM;058;058117;M213;Ardea;;CS;27/05/1970;058079;G811;Pomezia;058;RM
1970;BG;016;016250;F085;Medolago;;CS;17/03/1970;016181;H351;Riviera d'Adda;016;BG
1970;BG;016;016251;I813;Solza;;CS;17/03/1970;016181;H351;Riviera d'Adda;016;BG
1969;ME;083;083107;M211;Acquedolci;;CS;14/12/1969;083078;H850;San Fratello;083;ME
1969;SS;090;090081;M214;Badesi;;CS;15/04/1969;090001;A069;Aggius;090;SS
1968;CZ;079;079160;M208;Lamezia Terme;;CS;28/11/1968;079085;F888;Nicastro;079;CZ
1968;CZ;079;079160;M208;Lamezia Terme;;CS;28/11/1968;079105;H742;Sambiase;079;CZ
1968;CZ;079;079160;M208;Lamezia Terme;;CS;28/11/1968;079120;I334;Sant'Eufemia Lamezia;079;CZ
1968;MI;015;015249;L664;Vanzaghello;;CS;23/07/1968;015131;E819;Magnago;015;MI
1967;RM;058;058115;M207;Lariano;;CS;15/10/1967;058111;L719;Velletri;058;RM
1966;MI;015;015248;L928;Villa Cortese;;CS;09/12/1966;015041;B301;Busto Garolfo;015;MI
1966;CO;013;013066;C521;Cernusco Lombardone;;CS;22/09/1966;013854;C522;Cernusco Montevecchia;013;CO
1966;CO;013;013247;F657;Montevecchia;;CS;22/09/1966;013854;C522;Cernusco Montevecchia;013;CO
1966;ME;083;083106;M210;Terme Vigliatore;;CS;17/07/1966;083016;C347;Castroreale;083;ME
1966;BG;016;016249;D016;Cornalba;;CS;22/01/1966;016199;I629;Serina;016;BG
1965;PZ;076;076099;E033;Ginestra;;CS;04/08/1965;076067;H312;Ripacandida;076;PZ
1965;CA;092;092172;M209;Sant'Anna Arresi;;CS;02/01/1965;092046;E022;Giba;092;CA
1964;CE;061;061101;D471;Falciano del Massico;;CS;01/09/1964;061017;B781;Carinola;061;CE
1964;BZ;021;021117;E491;La Valle/Wengen;Wengen;CS;10/06/1964;021082;H988;San Martino in Badia/St. Martin in Thurn;021;BZ
1964;CH;069;069104;D480;Fallo;;CS;09/04/1964;069023;C768;Civitaluparella;069;CH
1963;SS;090;090080;L088;Telti;;CS;27/09/1963;090021;B378;Calangianus;090;SS
1963;SS;090;090080;L088;Telti;;CS;27/09/1963;090041;F667;Monti;090;SS
1963;SS;090;090080;L088;Telti;;CS;27/09/1963;090070;L093;Tempio Pausania;090;SS
1963;VA;012;012141;H872;Sangiano;;CS;14/09/1963;012088;E511;Leggiuno-Sangiano;012;VA
1963;FE;038;038026;F199;Migliaro;;CS;31/07/1963;038015;F198;Migliarino;038;FE
1963;TE;067;067047;E989;Martinsicuro;;CS;28/04/1963;067019;C901;Colonnella;067;TE
1963;GR;053;053028;I601;Semproniano;;CS;17/04/1963;053014;E875;Manciano;053;GR
1963;GR;053;053028;I601;Semproniano;;CS;17/04/1963;053020;H417;Roccalbegna;053;GR
1963;GR;053;053028;I601;Semproniano;;CS;17/04/1963;053022;I187;Santa Fiora;053;GR
1963;PT;047;047022;C631;Chiesina Uzzanese;;CS;09/04/1963;047021;L522;Uzzano;047;PT
1963;CH;069;069103;G613;Pietraferrazzana;;CS;31/03/1963;069026;C856;Colledimezzo;069;CH
1963;BS;017;017206;G549;Piancogno;;CS;13/02/1963;017128;G179;Ossimo;017;BS
1963;BS;017;017206;G549;Piancogno;;CS;13/02/1963;017022;B054;Borno;017;BS
1962;FE;038;038025;E107;Goro;;CS;10/10/1962;038014;F156;Mesola;038;FE
1962;FI;048;048051;G754;Poggio a Caiano;;CS;23/09/1962;048009;B794;Carmignano;048;FI
1962;CA;092;092171;I757;Siris;;CS;22/05/1962;092061;F050;Masullas;092;CA
1961;FE;038;038024;L390;Tresigallo;;CS;26/12/1961;038009;D713;Formignana;038;FE
1961;SS;090;090079;L604;Valledoria;;CS;14/06/1961;090023;C272;Castelsardo;090;SS
1961;SS;090;090079;L604;Valledoria;;CS;14/06/1961;090065;I565;Sedini;090;SS
1961;PA;082;082081;I538;Scillato;;CS;11/04/1961;082032;C871;Collesano;082;PA
1961;GR;053;053027;F612;Monterotondo Marittimo;;CS;26/01/1961;053015;F032;Massa Marittima;053;GR
1960;BZ;021;021116;L724;Velturno/Feldthurns;Feldthurns;CS;23/11/1960;021022;C652;Chiusa/Klausen;021;BZ
1960;VA;012;012136;L733;Venegono Inferiore;;CS;29/09/1960;012899;L732;Venegono;012;VA
1960;VA;012;012137;L734;Venegono Superiore;;CS;29/09/1960;012899;L732;Venegono;012;VA
1960;GR;053;053003;B646;Capalbio;;CS;29/09/1960;053018;G088;Orbetello;053;GR
1960;GR;053;053024;I510;Scarlino;;CS;19/07/1960;053010;D948;Gavorrano;053;GR
1960;BZ;021;021084;I065;San Pancrazio/St. Pankraz;St. Pankraz;CS;27/04/1960;021104;L490;Ultimo/Ulten;021;BZ
1960;FE;038;038023;M110;Voghiera;;CS;12/03/1960;038019;G916;Portomaggiore;038;FE
1960;CA;092;092022;B250;Buggerru;;CS;12/03/1960;092039;D639;Fluminimaggiore;092;CA
1960;TV;026;026032;E021;Giavera del Montello;;CS;21/02/1960;026002;A360;Arcade;026;TV
1960;BG;016;016067;C410;Cazzano Sant'Andrea;;CS;13/02/1960;016060;B978;Casnigo;016;BG
1959;FE;038;038012;F016;Masi Torello;;CS;09/10/1959;038019;G916;Portomaggiore;038;FE
1959;FE;038;038016;F235;Mirabello;;CS;03/10/1959;038021;I209;Sant'Agostino;038;FE
1959;UD;030;030073;E584;Lignano Sabbiadoro;;CS;18/08/1959;030070;E473;Latisana;030;UD
1959;TO;001;001205;G986;Prarostino;;CS;27/06/1959;001254;I154;San Secondo di Pinerolo;001;TO
1959;NU;091;091076;I329;San Teodoro;;CS;03/05/1959;091073;G929;Posada;091;NU
1959;NU;091;091014;B248;Budoni;;CS;01/05/1959;091073;G929;Posada;091;NU
1959;MT;077;077021;G786;Policoro;;CS;25/04/1959;077016;F399;Montalbano Jonico;077;MT
1959;SS;090;090062;H848;San Francesco d'Aglientu;;CS;09/04/1959;090070;L093;Tempio Pausania;090;SS
1959;SS;090;090054;G258;Palau;;CS;08/04/1959;090070;L093;Tempio Pausania;090;SS
1959;CA;092;092078;A126;Ollasta;;CS;08/04/1959;092150;L508;Usellus;092;CA
1958;VT;056;056006;A706;Bassano in Teverina;;CS;25/10/1958;056042;G135;Orte;056;VT
1958;BG;016;016149;G075;Onore;;CS;10/09/1958;016064;C324;Castione della Presolana;016;BG
1958;VA;012;012011;A819;Besano;;CS;05/09/1958;012113;G906;Porto Ceresio;012;VA
1958;BG;016;016147;G054;Oltressenda Alta;;CS;05/09/1958;016241;L938;Villa d'Ogna;016;BG
1958;BG;016;016163;G574;Piario;;CS;05/09/1958;016241;L938;Villa d'Ogna;016;BG
1958;IM;008;008033;E719;Lucinasco;;CS;28/08/1958;008020;C660;Chiusavecchia;008;IM
1958;PV;018;018015;A989;Borgarello;;CS;28/08/1958;018046;C541;Certosa di Pavia;018;PV
1958;BZ;021;021068;H019;Predoi/Prettau;Prettau;CS;27/08/1958;021108;L595;Valle Aurina/Ahrntal;021;BZ
1958;NU;091;091019;D395;Elini;;CS;15/08/1958;091032;E283;Ilbono;091;NU
1958;CA;092;092141;L023;Tadasuni;;CS;15/08/1958;092045;E004;Ghilarza;092;CA
1958;CA;092;092021;B055;Boroneddu;;CS;14/08/1958;092045;E004;Ghilarza;092;CA
1958;SS;090;090074;L428;Trinità d'Agultu e Vignola;;CS;12/08/1958;090001;A069;Aggius;090;SS
1958;CA;092;092013;A614;Baradili;;CS;10/08/1958;092015;A655;Baressa;092;CA
1958;CA;092;092042;D970;Genuri;;CS;10/08/1958;092146;L463;Tuili;092;CA
1958;CA;092;092087;G446;Perdaxius;;CS;10/08/1958;092070;F841;Narcao;092;CA
1958;CA;092;092126;I705;Setzu;;CS;10/08/1958;092146;L463;Tuili;092;CA
1958;VA;012;012082;E292;Inarzo;;CS;28/05/1958;012036;B875;Casale Litta;012;VA
1958;BN;062;062066;I049;San Nazzaro;;CS;28/05/1958;062012;B449;Calvi San Nazzaro;062;BN
1958;AV;064;064115;L616;Vallesaccarda;;CS;28/05/1958;064112;L399;Trevico;064;AV
1958;LE;075;075009;B086;Botrugno;;CS;28/05/1958;075054;F916;Nociglia;075;LE
1958;RM;058;058052;E813;Magliano Romano;;CS;29/03/1958;058015;B496;Campagnano di Roma;058;RM
1958;CA;092;092077;F991;Nuxis;;CS;26/01/1958;092104;I182;Santadi;092;CA
1958;MO;036;036029;G250;Palagano;;CS;25/01/1958;036025;F503;Montefiorino;036;MO
1958;MI;015;015099;D244;Dairago;;CS;22/01/1958;015007;A375;Arconate;015;MI
1958;FG;071;071010;B724;Carapelle;;CS;14/01/1958;071036;G131;Orta Nova;071;FG
1958;TN;022;022100;E452;Lardaro;;CS;01/01/1958;022158;H545;Roncone;022;TN
1958;TN;022;022130;G168;Ospedaletto;;CS;01/01/1958;022095;E178;Grigno;022;TN
1957;RI;057;057008;A996;Borgo Velino;;CS;14/12/1957;057003;A315;Antrodoco;057;RI
1957;AV;064;064064;F762;Moschiano;;CS;08/12/1957;064077;H128;Quindici;064;AV
1957;TO;001;001285;L578;Valgioie;;CS;20/08/1957;001115;E020;Giaveno;001;TO
1957;CN;004;004230;L367;Treiso;;CS;14/08/1957;004011;A629;Barbaresco;004;CN
1957;VA;012;012008;A619;Barasso;;CS;13/08/1957;012055;C922;Comerio;012;VA
1957;VA;012;012093;E769;Luvinate;;CS;13/08/1957;012055;C922;Comerio;012;VA
1957;TO;001;001069;C369;Cavagnolo;;CS;21/07/1957;001039;B226;Brusasco Cavagnolo;001;TO
1957;PI;050;050023;G090;Orciano Pisano;;CS;21/07/1957;050802;I218;Santa Luce Orciano;050;PI
1957;PI;050;050034;I217;Santa Luce;;CS;21/07/1957;050802;I218;Santa Luce Orciano;050;PI
1957;BS;017;017008;A529;Azzano Mella;;CS;12/07/1957;017037;B700;Capriano Azzano;017;BS
1957;TN;022;022124;F835;Nago-Torbole;;CS;03/07/1957;022153;H330;Riva;022;TN
1957;CA;092;092083;G286;Palmas Arborea;;CS;02/07/1957;092080;G113;Oristano;092;CA
1957;BZ;021;021005;A507;Avelengo/Hafling;Hafling;CS;12/06/1957;021051;F132;Merano/Meran;021;BZ
1957;BA;072;072034;G769;Poggiorsini;;CS;15/05/1957;072023;E155;Gravina in Puglia;072;BA
1957;CO;013;013080;D131;Crandola;;CS;03/05/1957;013142;E947;Margno;013;CO
1957;CO;013;013208;I167;Sant'Abbondio;;CS;02/05/1957;013210;I252;Santa Maria Rezzonico;013;CO
1957;RI;057;057022;C880;Colli di Labro;;CS;07/04/1957;057032;E393;Labro;057;RI
1957;FR;060;060057;G935;Posta Fibreno;;CS;07/04/1957;060086;L836;Vicalvi;060;FR
1957;VA;012;012081;E144;Grantola;;CS;14/02/1957;012103;F526;Montegrino Valtravaglia;012;VA
1957;BS;017;017007;A451;Artogne;;CS;14/02/1957;017142;G550;Pian d'Artogne;017;BS
1957;NO;003;003163;M042;Villette;;CS;25/01/1957;003128;H203;Re;003;NO
1957;VA;012;012116;H174;Ranco;;CS;25/01/1957;012003;A290;Angera;012;VA
1957;CZ;079;079073;E990;Martirano;;CS;18/01/1957;079074;E991;Martirano Lombardo;079;CZ
1957;CZ;079;079127;I590;Sellia Marina;;CS;18/01/1957;079036;D181;Cropani;079;CZ
1957;CZ;079;079127;I590;Sellia Marina;;CS;18/01/1957;079068;E806;Magisano;079;CZ
1957;CZ;079;079127;I590;Sellia Marina;;CS;18/01/1957;079002;A155;Albi;079;CZ
1957;CZ;079;079127;I590;Sellia Marina;;CS;18/01/1957;079126;I589;Sellia;079;CZ
1957;CZ;079;079127;I590;Sellia Marina;;CS;18/01/1957;079139;I875;Soveria Simeri;079;CZ
1957;CZ;079;079012;B085;Botricello;;CS;17/01/1957;079005;A272;Andali;079;CZ
1957;BN;062;062027;D380;Dugenta;;CS;11/01/1957;062039;F113;Melizzano;062;BN
1956;VA;012;012062;D238;Cuveglio;;CS;29/11/1956;012063;D239;Cuvio;012;VA
1956;TN;022;022054;C400;Cavizzana;;CS;20/11/1956;022033;B400;Caldes;022;TN
1956;CO;013;013061;C374;Cavallasca;;CS;10/11/1956;013891;E582;Lieto Colle;013;CO
1956;CO;013;013093;D369;Drezzo;;CS;10/11/1956;013891;E582;Lieto Colle;013;CO
1956;CO;013;013175;G329;Parè;;CS;10/11/1956;013891;E582;Lieto Colle;013;CO
1956;TN;022;022036;B514;Campitello di Fassa;;CS;04/11/1956;022039;B579;Canazei;022;TN
1956;BS;017;017072;D634;Flero;;CS;07/10/1956;017874;G819;Poncarale Flero;017;BS
1956;BS;017;017147;G818;Poncarale;;CS;07/10/1956;017874;G819;Poncarale Flero;017;BS
1956;BS;017;017012;A661;Barghe;;CS;16/09/1956;017168;H650;Sabbio Chiese;017;BS
1956;BG;016;016125;E524;Lenna;;CS;26/08/1956;016863;I006;San Martino de' Calvi;016;BG
1956;BG;016;016136;F276;Moio de' Calvi;;CS;26/08/1956;016863;I006;San Martino de' Calvi;016;BG
1956;BG;016;016164;G579;Piazza Brembana;;CS;26/08/1956;016863;I006;San Martino de' Calvi;016;BG
1956;BG;016;016227;L642;Valnegra;;CS;26/08/1956;016863;I006;San Martino de' Calvi;016;BG
1956;TE;067;067001;A125;Alba Adriatica;;CS;29/07/1956;067044;L307;Tortoreto;067;TE
1956;PV;018;018042;C414;Cecima;;CS;06/06/1956;018117;G851;Ponte Nizza;018;PV
1956;TO;001;001241;H855;Sangano;;CS;24/05/1956;001038;B216;Bruino;001;TO
1956;NO;003;003137;I619;Seppiana;;CS;20/05/1956;003102;F639;Montescheno;003;NO
1956;NO;003;003160;L864;Viganella;;CS;20/05/1956;003102;F639;Montescheno;003;NO
1956;BG;016;016018;A557;Bagnatica;;CS;20/05/1956;016854;H397;Rocca del Colle;016;BG
1956;BG;016;016042;B223;Brusaporto;;CS;20/05/1956;016854;H397;Rocca del Colle;016;BG
1956;MI;015;015233;L709;Veduggio con Colzano;;CS;08/04/1956;015180;H234;Renate Veduggio;015;MI
1956;PV;018;018170;L659;Valverde;;CS;08/04/1956;018890;M151;Zavattarello Valverde;018;PV
1956;PV;018;018184;M150;Zavattarello;;CS;08/04/1956;018890;M151;Zavattarello Valverde;018;PV
1956;BS;017;017031;B365;Caino;;CS;25/03/1956;017117;F851;Nave;017;BS
1956;VA;012;012023;B219;Brunello;;CS;04/03/1956;012006;A531;Azzate;012;VA
1956;VA;012;012025;B258;Buguggiate;;CS;04/03/1956;012006;A531;Azzate;012;VA
1956;FC;040;040002;A747;Bellaria-Igea Marina;;CS;04/03/1956;040035;H294;Rimini;040;FC
1956;AL;006;006105;F455;Montecastello;;CS;26/01/1956;006129;G619;Pietra Marazzi;006;AL
1956;AL;006;006105;F455;Montecastello;;CS;26/01/1956;006013;A708;Bassignana;006;AL
1956;VA;012;012007;A532;Azzio;;CS;24/01/1956;012876;G106;Orino-Azzio;012;VA
1956;VA;012;012110;G105;Orino;;CS;24/01/1956;012876;G106;Orino-Azzio;012;VA
1956;BS;017;017084;E325;Irma;;CS;06/01/1956;017024;B100;Bovegno;017;BS
1956;BZ;021;021075;H475;Rodengo/Rodeneck;Rodeneck;CS;04/01/1956;021074;H299;Rio di Pusteria/Mühlbach;021;BZ
1955;AL;006;006031;B765;Carentino;;CS;26/11/1955;006015;A793;Bergamasco;006;AL
1955;BS;017;017114;F680;Montirone;;CS;26/11/1955;017021;B040;Borgosatollo;017;BS
1955;VA;012;012097;E929;Marchirolo;;CS;19/08/1955;012059;L637;Val Marchirolo;012;VA
1955;CO;013;013067;C563;Cesana Brianza;;CS;19/08/1955;013855;C572;Cesello Brianza;013;CO
1955;CO;013;013220;I996;Suello;;CS;19/08/1955;013855;C572;Cesello Brianza;013;CO
1955;GO;031;031013;F710;Moraro;;CS;19/08/1955;031001;B712;Capriva del Friuli;031;GO
1955;GO;031;031014;F767;Mossa;;CS;19/08/1955;031001;B712;Capriva del Friuli;031;GO
1955;GO;031;031020;H964;San Lorenzo di Mossa;;CS;19/08/1955;031001;B712;Capriva del Friuli;031;GO
1955;FG;071;071031;F059;Mattinata;;CS;19/08/1955;071033;F631;Monte Sant'Angelo;071;FG
1955;TO;001;001303;L999;Villar Dora;;CS;10/07/1955;001006;A218;Almese;001;TO
1955;BG;016;016026;A846;Bianzano;;CS;10/07/1955;016205;I916;Spinone dei Castelli;016;BG
1955;NO;003;003072;D984;Germagno;;CS;09/06/1955;003151;L651;Valstrona;003;NO
1955;NO;003;003085;E685;Loreglia;;CS;09/06/1955;003151;L651;Valstrona;003;NO
1955;NO;003;003094;F048;Massiola;;CS;09/06/1955;003151;L651;Valstrona;003;NO
1955;BG;016;016139;F547;Monticelli di Borgogna;;CS;14/05/1955;016084;D110;Costa di Monticelli;016;BG
1955;GO;031;031011;F081;Medea;;CS;14/05/1955;031002;D014;Cormons;031;GO
1955;TO;001;001015;A584;Bairo;;CS;29/04/1955;001804;A585;Bairo Torre;001;TO
1955;TO;001;001274;L247;Torre Bairo;;CS;29/04/1955;001804;A585;Bairo Torre;001;TO
1955;NO;003;003090;E880;Mandello Vitta;;CS;19/03/1955;003159;L847;Vicolungo;003;NO
1955;NO;003;003007;A427;Arola;;CS;12/03/1955;003050;C567;Cesara;003;NO
1955;BS;017;017105;E961;Marmentino;;CS;12/03/1955;017183;C698;Tavernole sul Mella;017;BS
1955;CR;019;019082;H316;Ripalta Guerina;;CS;12/03/1955;019081;H315;Ripalta Cremasca;019;CR
1955;BZ;021;021071;H189;Rasun-Anterselva/Rasen-Antholz;Rasen-Antholz;CS;02/03/1955;021872;M307;Rasun Valdaora/Rasen Olang;021;BZ
1955;BZ;021;021106;L552;Valdaora/Olang;Olang;CS;02/03/1955;021872;M307;Rasun Valdaora/Rasen Olang;021;BZ
1955;TN;022;022127;F920;Nogaredo;;CS;02/03/1955;022222;L957;Villa Lagarina;022;TN
1955;TN;022;022216;L886;Vignola-Falesina;;CS;02/03/1955;022139;G452;Pergine Valsugana;022;TN
1955;TP;081;081022;G319;Paparella San Marco;;CS;15/02/1955;081008;D423;Erice;081;TP
1955;AG;084;084037;I185;Santa Elisabetta;;CS;15/02/1955;084003;A351;Aragona;084;AG
1955;CT;087;087026;F214;Milo;;CS;15/02/1955;087046;I216;Sant'Alfio;087;CT
1955;NO;003;003051;C829;Colazza;;CS;04/02/1955;003119;G703;Pisano;003;NO
1955;VC;002;002077;F189;Miagliano;;CS;19/01/1955;002005;A280;Andorno Micca;002;VC
1955;VC;002;002143;L075;Tavigliano;;CS;19/01/1955;002005;A280;Andorno Micca;002;VC
1954;BG;016;016107;D903;Gandellino;;CS;29/10/1954;016118;E189;Gromo;016;BG
1954;BG;016;016225;L579;Valgoglio;;CS;29/10/1954;016118;E189;Gromo;016;BG
1954;TA;073;073028;L294;Torricella;;CS;29/10/1954;073011;E630;Lizzano;073;TA
1954;TO;001;001198;G805;Pomaretto;;CS;17/10/1954;001184;G463;Perosa Argentina;001;TO
1954;IM;008;008050;H328;Riva Ligure;;CS;18/09/1954;008831;H345;Riva Santo Stefano;008;IM
1954;IM;008;008056;I365;Santo Stefano al Mare;;CS;18/09/1954;008831;H345;Riva Santo Stefano;008;IM
1954;TO;001;001209;H120;Quassolo;;CS;24/08/1954;001030;B015;Borgofranco d'Ivrea;001;TO
1954;BS;017;017051;C591;Cevo;;CS;05/08/1954;017906;L648;Valsaviore;017;BS
1954;BS;017;017175;I476;Saviore;;CS;05/08/1954;017906;L648;Valsaviore;017;BS
1954;TN;022;022077;D349;Dorsino;;CS;24/07/1954;022166;H966;San Lorenzo in Banale;022;TN
1954;PA;082;082074;L332;Trappeto;;CS;23/07/1954;082007;A592;Balestrate;082;PA
1954;TN;022;022137;G428;Pellizzano;;CS;17/07/1954;022131;G173;Ossana;022;TN
1954;TO;001;001053;B628;Cantalupa;;CS;15/07/1954;001110;D812;Frossasco;001;TO
1954;TO;001;001167;F927;Nomaglio;;CS;15/07/1954;001010;A282;Andrate;001;TO
1954;TO;001;001222;H498;Roletto;;CS;15/07/1954;001110;D812;Frossasco;001;TO
1954;PV;018;018119;H204;Rea;;CS;15/07/1954;018175;L788;Verrua Po;018;PV
1954;IM;008;008024;D114;Costarainera;;CS;03/07/1954;008021;C718;Cipressa;008;IM
1954;AQ;066;066090;I336;Sant'Eusanio Forconese;;CS;03/07/1954;066087;H819;San Demetrio ne' Vestini;066;AQ
1954;AQ;066;066105;M023;Villa Sant'Angelo;;CS;03/07/1954;066087;H819;San Demetrio ne' Vestini;066;AQ
1954;TO;001;001204;G982;Pramollo;;CS;30/06/1954;001242;H862;San Germano Chisone;001;TO
1954;TO;001;001286;L629;Vallo Torinese;;CS;30/06/1954;001104;D562;Fiano;001;TO
1954;TO;001;001289;L685;Varisella;;CS;30/06/1954;001104;D562;Fiano;001;TO
1954;CO;013;013108;D986;Germasino;;CS;30/06/1954;013944;I944;Stazzona Germasino;013;CO
1954;CO;013;013218;I943;Stazzona;;CS;30/06/1954;013944;I944;Stazzona Germasino;013;CO
1954;GO;031;031025;M043;Villesse;;CS;30/06/1954;031015;H514;Romans d'Isonzo;031;GO
1954;IM;008;008005;A499;Aurigo;;CS;04/06/1954;008010;B020;Borgomaro;008;IM
1954;VA;012;012066;D385;Duno;;CS;04/06/1954;012063;D239;Cuvio;012;VA
1954;VR;023;023056;G297;Palù;;CS;20/05/1954;023097;M172;Zevio;023;VR
1954;AL;006;006054;C274;Castelspina;;CS;24/01/1954;006161;I711;Sezzadio;006;AL
1953;CO;013;013081;D143;Cremella;;CS;06/12/1953;013017;A686;Barzanò;013;CO
1953;CO;013;013214;I761;Sirtori;;CS;06/12/1953;013017;A686;Barzanò;013;CO
1953;CO;013;013244;L866;Viganò;;CS;06/12/1953;013017;A686;Barzanò;013;CO
1953;BZ;021;021083;H989;San Martino in Passiria/St. Martin in Passeier;St. Martin in Passeier;CS;25/11/1953;021080;H952;San Leonardo in Passiria/St. Leonhard in Passeier;021;BZ
1953;VA;012;012117;H723;Saltrio;;CS;15/10/1953;012139;L876;Viggiù;012;VA
1953;CO;013;013039;B396;Calco;;CS;13/09/1953;013166;G027;Olgiate Calco;013;CO
1953;CO;013;013045;B742;Carbonate;;CS;13/09/1953;013941;I620;Seprio;013;CO
1953;CO;013;013159;F788;Mozzate;;CS;13/09/1953;013941;I620;Seprio;013;CO
1953;CO;013;013180;G448;Perego;;CS;13/09/1953;013935;I241;Santa Maria di Rovagnate;013;CO
1953;CO;013;013200;H596;Rovagnate;;CS;13/09/1953;013935;I241;Santa Maria di Rovagnate;013;CO
1953;CO;013;013209;I243;Santa Maria Hoè;;CS;13/09/1953;013935;I241;Santa Maria di Rovagnate;013;CO
1953;TN;022;022021;A968;Bondone;;CS;12/09/1953;022183;I964;Storo;022;TN
1953;TN;022;022031;B386;Calavino;;CS;12/09/1953;022858;E797;Madruzzo;022;TN
1953;TN;022;022101;E461;Lasino;;CS;12/09/1953;022858;E797;Madruzzo;022;TN
1953;TN;022;022121;F341;Monclassico;;CS;12/09/1953;022075;D302;Dimaro;022;TN
1953;VA;012;012019;B150;Brenta;;CS;01/09/1953;012051;C751;Cittiglio;012;VA
1953;CR;019;019011;B498;Campagnola Cremasca;;CS;26/08/1953;019037;D151;Cremosano;019;CR
1953;CR;019;019072;G558;Pianengo;;CS;26/08/1953;019037;D151;Cremosano;019;CR
1953;VA;012;012020;B166;Brezzo di Bedero;;CS;24/07/1953;012092;E734;Luino;012;VA
1953;CO;013;013182;G485;Pescate;;CS;24/07/1953;013105;D926;Garlate;013;CO
1953;VA;012;012102;F154;Mesenzana;;CS;21/07/1953;012022;B191;Brissago-Valtravaglia;012;VA
1953;VA;012;012052;C796;Clivio;;CS;19/07/1953;012139;L876;Viggiù;012;VA
1953;NA;063;063089;M115;Volla;;CS;18/06/1953;063070;I151;San Sebastiano al Vesuvio;063;NA
1953;CO;013;013181;G456;Perledo;;CS;17/06/1953;013235;L680;Varenna;013;CO
1953;BZ;021;021002;A286;Andriano/Andrian;Andrian;CS;23/05/1953;021055;F836;Nalles/Nals;021;BZ
1953;BZ;021;021095;I948;Stelvio/Stilfs;Stilfs;CS;23/05/1953;021067;H004;Prato allo Stelvio/Prad am Stilfserjoch;021;BZ
1953;TN;022;022008;A608;Banco;;CS;04/01/1953;022169;I411;Sanzeno;022;TN
1953;TN;022;022044;B964;Casez;;CS;04/01/1953;022169;I411;Sanzeno;022;TN
1953;TN;022;022068;D188;Croviana;;CS;04/01/1953;022110;E850;Malé;022;TN
1953;TN;022;022080;D457;Faedo;;CS;04/01/1953;022167;I042;San Michele all'Adige;022;TN
1953;TN;022;022159;H552;Ronzone;;CS;04/01/1953;022051;C380;Cavareno;022;TN
1953;TN;022;022162;H634;Ruffrè;;CS;04/01/1953;022051;C380;Cavareno;022;TN
1953;TN;022;022170;I439;Sarnonico;;CS;04/01/1953;022051;C380;Cavareno;022;TN
1953;TN;022;022195;L145;Terzolas;;CS;04/01/1953;022110;E850;Malé;022;TN
1952;ME;083;083031;D885;Gallodoro;;CS;14/12/1952;083038;E556;Letojanni Gallodoro;083;ME
1952;ME;083;083092;I420;Saponara;;CS;14/12/1952;083105;L950;Villafranca Tirrena;083;ME
1952;TN;022;022004;A260;Amblar;;CS;20/09/1952;022155;H517;Romeno;022;TN
1952;TN;022;022012;A808;Bersone;;CS;20/09/1952;022140;G641;Pieve di Bono;022;TN
1952;TN;022;022037;B525;Campodenno;;CS;20/09/1952;022074;D273;Denno;022;TN
1952;TN;022;022065;C944;Concei;;CS;20/09/1952;022014;A839;Bezzecca;022;TN
1952;TN;022;022072;D248;Daone;;CS;20/09/1952;022140;G641;Pieve di Bono;022;TN
1952;TN;022;022076;D336;Don;;CS;20/09/1952;022155;H517;Romeno;022;TN
1952;TN;022;022132;G214;Padergnone;;CS;20/09/1952;022215;L821;Vezzano;022;TN
1952;TN;022;022141;G644;Pieve di Ledro;;CS;20/09/1952;022014;A839;Bezzecca;022;TN
1952;TN;022;022146;G989;Praso;;CS;20/09/1952;022140;G641;Pieve di Bono;022;TN
1952;TN;022;022149;H057;Prezzo;;CS;20/09/1952;022140;G641;Pieve di Bono;022;TN
1952;TN;022;022173;I714;Sfruz;;CS;20/09/1952;022067;C994;Coredo;022;TN
1952;TN;022;022175;I772;Smarano;;CS;20/09/1952;022067;C994;Coredo;022;TN
1952;TP;081;081020;I407;San Vito Lo Capo;;CS;17/08/1952;081008;D423;Erice;081;TP
1952;BZ;021;021025;D075;Cortina all'Adige/Kurtinig;Kurtinig;CS;17/05/1952;021045;E829;Magrè all'Adige/Margreid;021;BZ
1952;TN;022;022019;A933;Bolbeno;;CS;17/05/1952;022199;L174;Tione di Trento;022;TN
1952;TN;022;022042;B783;Carisolo;;CS;17/05/1952;022143;G681;Pinzolo;022;TN
1952;TN;022;022082;D516;Faver;;CS;17/05/1952;022055;C452;Cembra;022;TN
1952;TN;022;022083;D565;Fiavè;;CS;17/05/1952;022107;E658;Lomaso;022;TN
1952;TN;022;022093;E065;Giustino;;CS;17/05/1952;022143;G681;Pinzolo;022;TN
1952;TN;022;022094;E150;Grauno;;CS;17/05/1952;022096;E222;Grumes;022;TN
1952;TN;022;022105;E614;Lisignago;;CS;17/05/1952;022055;C452;Cembra;022;TN
1952;TN;022;022108;E664;Lona-Lases;;CS;17/05/1952;022002;A158;Albiano;022;TN
1952;TN;022;022112;F045;Massimeno;;CS;17/05/1952;022143;G681;Pinzolo;022;TN
1952;TN;022;022113;F068;Mazzin;;CS;17/05/1952;022217;L893;Vigo di Fassa;022;TN
1952;TN;022;022122;F396;Montagne;;CS;17/05/1952;022151;H162;Ragoli;022;TN
1952;TN;022;022145;G950;Pozza;;CS;17/05/1952;022217;L893;Vigo di Fassa;022;TN
1952;TN;022;022148;H039;Preore;;CS;17/05/1952;022151;H162;Ragoli;022;TN
1952;TN;022;022176;I839;Soraga;;CS;17/05/1952;022217;L893;Vigo di Fassa;022;TN
1952;TN;022;022208;L550;Valda;;CS;17/05/1952;022096;E222;Grumes;022;TN
1952;TN;022;022227;M198;Zuclo;;CS;17/05/1952;022199;L174;Tione di Trento;022;TN
1952;CZ;079;079032;C726;Cirò Marina;;CS;24/04/1952;079031;C725;Cirò;079;CZ
1952;AO;007;007029;D839;Gaby;;CS;19/04/1952;007036;E369;Issime;007;AO
1952;PR;034;034810;L870;Vigatto;;CS;29/01/1952;034027;G337;Parma;034;PR
1952;AP;044;044061;G921;Porto Sant'Elpidio;;CS;01/01/1952;044068;I324;Sant'Elpidio a Mare;044;AP
1952;PZ;076;076032;D593;Filiano;;CS;01/01/1952;076007;A519;Avigliano;076;PZ
1951;CT;087;087052;L658;Valverde;;CS;06/05/1951;087005;A029;Aci Sant'Antonio;087;CT
1951;PA;082;082016;B533;Campofelice di Fitalia;;CS;04/03/1951;082047;F184;Mezzojuso;082;PA
1951;GO;031;031019;H845;San Floriano del Collio;;CS;15/02/1951;031001;B712;Capriva di Cormons;031;GO
1951;GO;031;031022;I479;Savogna d'Isonzo;;CS;15/02/1951;031017;H665;Sagrado;031;GO
1951;SS;090;090043;F818;Muros;;CS;12/01/1951;090022;B772;Cargeghe;090;SS
1951;CA;092;092019;A856;Bidonì;;CS;12/01/1951;092139;I861;Sorradile;092;CA
1951;CA;092;092063;F270;Mogorella;;CS;12/01/1951;092093;F271;Ruinas;092;CA
1951;CA;092;092076;F985;Nureci;;CS;12/01/1951;092119;I609;Senis;092;CA
1951;CA;092;092085;G382;Pauli Arbarei;;CS;12/01/1951;092057;E742;Lunamatrona;092;CA
1951;CA;092;092108;I298;Sant'Antonio Ruinas;;CS;12/01/1951;092093;F271;Ruinas;092;CA
1951;CA;092;092127;I717;Siamaggiore;;CS;12/01/1951;092137;I791;Solarussa;092;CA
1951;CA;092;092144;L321;Tramatza;;CS;12/01/1951;092062;F208;Milis;092;CA
1951;CA;092;092160;L991;Villanova Truschedu;;CS;12/01/1951;092040;D695;Fordongianus;092;CA
1950;VA;012;012083;E299;Induno Olona;;CS;24/12/1950;012133;L682;Varese;012;VA
1950;BS;017;017071;D576;Fiesse;;CS;03/08/1950;017073;D891;Gambara;017;BS
1950;TP;081;081002;B288;Buseto Palizzolo;;CS;01/08/1950;081008;D423;Erice;081;TP
1950;VA;012;012075;D981;Gerenzano;;CS;19/07/1950;012119;I441;Saronno;012;VA
1950;VA;012;012130;L480;Uboldo;;CS;19/07/1950;012119;I441;Saronno;012;VA
1950;ME;083;083023;D661;Fondachelli-Fantina;;CS;15/07/1950;083062;F951;Novara di Sicilia;083;ME
1950;CN;004;004063;C530;Cerretto Langhe;;CS;24/06/1950;004219;I659;Serravalle delle Langhe;004;CN
1950;TN;022;022030;B360;Cagnò;;CS;13/05/1950;022152;H254;Revò;022;TN
1950;TN;022;022154;H506;Romallo;;CS;13/05/1950;022152;H254;Revò;022;TN
1950;TN;022;022214;L800;Vervò;;CS;13/05/1950;022206;L385;Tres;022;TN
1950;CO;013;013012;A430;Arosio;;CS;05/04/1950;013839;B852;Carugo Arosio;013;CO
1950;CO;013;013015;A670;Barni;;CS;05/04/1950;013070;C754;Civenna;013;CO
1950;CO;013;013021;A778;Bene Lario;;CS;05/04/1950;013111;E141;Grandola ed Uniti;013;CO
1950;CO;013;013034;B262;Bulgarograsso;;CS;05/04/1950;013010;A333;Appiano Gentile;013;CO
1950;CO;013;013048;B851;Carugo;;CS;05/04/1950;013839;B852;Carugo Arosio;013;CO
1950;CO;013;013074;C902;Colonno;;CS;05/04/1950;013887;E347;Isola Comacina;013;CO
1950;CO;013;013091;D346;Dorio;;CS;05/04/1950;013086;D280;Dervio;013;CO
1950;CO;013;013130;E623;Livo;;CS;05/04/1950;013089;D329;Domaso;013;CO
1950;CO;013;013131;E638;Locate Varesino;;CS;05/04/1950;013941;I620;Seprio;013;CO
1950;CO;013;013139;E830;Magreglio;;CS;05/04/1950;013070;C754;Civenna;013;CO
1950;CO;013;013163;F958;Novedrate;;CS;05/04/1950;013046;B778;Carimate;013;CO
1950;CO;013;013172;G182;Ossuccio;;CS;05/04/1950;013887;E347;Isola Comacina;013;CO
1950;CO;013;013203;H679;Sala Comacina;;CS;05/04/1950;013887;E347;Isola Comacina;013;CO
1950;CO;013;013207;I051;San Nazzaro Val Cavargna;;CS;05/04/1950;013204;H760;San Bartolomeo Val Cavargna;013;CO
1950;CO;013;013238;L737;Veniano;;CS;05/04/1950;013010;A333;Appiano Gentile;013;CO
1950;CO;013;013239;L748;Vercana;;CS;05/04/1950;013089;D329;Domaso;013;CO
1950;PC;033;033009;B479;Caminata;;CS;19/02/1950;018132;H637;Ruino;018;PV
1950;PC;033;033009;B479;Caminata;;CS;19/02/1950;033029;F885;Nibbiano;033;PC
1950;IM;008;008034;F123;Mendatica;;CS;17/02/1950;008821;F124;Mendatica Montegrosso;008;IM
1950;IM;008;008037;F528;Montegrosso Pian Latte;;CS;17/02/1950;008821;F124;Mendatica Montegrosso;008;IM
1950;AL;006;006118;G042;Olivola;;CS;11/02/1950;006072;D778;Frassinello-Olivola;006;AL
1950;AV;064;064026;C576;Cesinali;;CS;11/02/1950;064001;A101;Aiello del Sabato;064;AV
1950;RC;080;080018;B516;Campo Calabro;;CS;11/02/1950;080096;M018;Villa San Giovanni;080;RC
1949;RM;058;058097;I255;Santa Marinella;;CS;16/10/1949;058032;C773;Civitavecchia;058;RM
1949;FI;048;048047;L537;Vaiano;;CS;08/09/1949;048034;G999;Prato;048;FI
1949;BS;017;017027;B124;Braone;;CS;27/08/1949;017028;B149;Breno;017;BS
1949;BS;017;017094;E698;Losine;;CS;27/08/1949;017028;B149;Breno;017;BS
1949;BS;017;017118;F884;Niardo;;CS;27/08/1949;017028;B149;Breno;017;BS
1949;LI;049;049018;I390;San Vincenzo;;CS;04/08/1949;049002;B509;Campiglia Marittima;049;LI
1949;IM;008;008004;A418;Armo;;CS;24/03/1949;008042;G632;Pieve di Teco;008;IM
1948;TP;081;081007;D234;Custonaci;;CS;25/12/1948;081008;D423;Erice;081;TP
1948;ME;083;083061;F901;Nizza di Sicilia;;CS;25/12/1948;083072;H418;Roccalumera;083;ME
1948;ME;083;083103;L561;Valdina;;CS;25/12/1948;083073;H380;Roccavaldina;083;ME
1948;FR;060;060040;D881;Gallinaro;;CS;11/08/1948;060062;H824;San Donato Val di Comino;060;FR
1948;BG;016;016005;A214;Almè;;CS;22/07/1948;016239;M305;Almè con Villa;016;BG
1948;RC;080;080045;E956;Marina di Gioiosa Ionica;;CS;22/07/1948;080039;E044;Gioiosa Ionica;080;RC
1948;BN;062;062055;H087;Puglianello;;CS;11/07/1948;062068;I145;San Salvatore Telesino;062;BN
1948;AV;064;064116;L739;Venticano;;CS;29/06/1948;064072;G611;Pietradefusi;064;AV
1948;ME;083;083085;I215;Sant'Alessio Siculo;;CS;26/06/1948;083024;D733;Forza d'Agrò;083;ME
1948;ME;083;083093;I477;Savoca;;CS;26/06/1948;083089;I311;Santa Teresa di Riva;083;ME
1948;BS;017;017196;L778;Verolavecchia;;CS;12/05/1948;017195;L777;Verolanuova;017;BS
1948;CA;092;092060;E972;Marrubiu;;CS;12/05/1948;092142;L122;Terralba;092;CA
1948;CO;013;013056;C024;Cassina Valsassina;;CS;24/04/1948;013082;D145;Cremeno;013;CO
1948;CO;013;013150;F265;Moggio;;CS;24/04/1948;013082;D145;Cremeno;013;CO
1948;RC;080;080034;D619;Fiumara;;CS;24/04/1948;080096;M018;Villa San Giovanni;080;RC
1948;TO;001;001252;I137;San Raffaele Cimena;;CS;23/04/1948;001064;C045;Castagneto Po;001;TO
1948;TO;001;001252;I137;San Raffaele Cimena;;CS;23/04/1948;001112;D933;Gassino Torinese;001;TO
1948;TO;001;001281;L515;Usseaux;;CS;23/04/1948;001103;D532;Fenestrelle;001;TO
1948;CO;013;013022;A791;Beregazzo con Figliaro;;CS;23/04/1948;013900;D581;Mirabello Comasco;013;CO
1948;CO;013;013059;C220;Castelnuovo Bozzente;;CS;23/04/1948;013900;D581;Mirabello Comasco;013;CO
1948;BG;016;016102;D684;Fonteno;;CS;23/04/1948;016200;I812;Solto Collina;016;BG
1948;CO;013;013115;E287;Imbersago;;CS;22/04/1948;013196;G223;Robbiate;013;CO
1948;CO;013;013236;L715;Veleso;;CS;22/04/1948;013961;M157;Zelbio-Veleso;013;CO
1948;CO;013;013246;M156;Zelbio;;CS;22/04/1948;013961;M157;Zelbio-Veleso;013;CO
1948;BG;016;016035;B112;Bracca;;CS;22/04/1948;016248;B113;Bracca di Costa Serina;016;BG
1948;BG;016;016072;C635;Chignolo d'Isola;;CS;22/04/1948;016817;C473;Centrisola;016;BG
1948;BG;016;016131;E794;Madone;;CS;22/04/1948;016817;C473;Centrisola;016;BG
1948;BG;016;016247;D111;Costa Serina;;CS;22/04/1948;016248;B113;Bracca di Costa Serina;016;BG
1948;PV;018;018157;L256;Torre d'Arese;;CS;22/04/1948;018085;E804;Magherno;018;PV
1948;UD;030;030182;M034;Villa Vicentina;;CS;22/04/1948;030134;H629;Ruda;030;UD
1948;CA;092;092081;G133;Ortacesus;;CS;22/04/1948;092117;I582;Selegas;092;CA
1948;CA;092;092163;I118;San Pietro Pula;;CS;22/04/1948;092090;H088;Pula;092;CA
1948;BS;017;017181;I831;Sonico;;CS;21/04/1948;017068;D391;Edolo;017;BS
1948;CO;013;013030;B172;Brienno;;CS;17/04/1948;013119;E405;Laglio-Brienno;013;CO
1948;CO;013;013076;C965;Consiglio di Rumo;;CS;17/04/1948;013112;E151;Gravedona;013;CO
1948;CO;013;013092;D355;Dosso del Liro;;CS;17/04/1948;013112;E151;Gravedona;013;CO
1948;CO;013;013178;G415;Peglio;;CS;17/04/1948;013112;E151;Gravedona;013;CO
1948;TR;055;055018;F462;Montecchio;;CS;15/04/1948;055007;A691;Baschi;055;TR
1948;CS;078;078132;C717;Cipollina;;CS;15/04/1948;078060;E186;Grisolia Cipollina;078;CS
1948;RI;057;057019;C857;Colle di Tora;;CS;14/04/1948;057013;C098;Castel di Tora;057;RI
1948;CN;004;004200;H704;Sale San Giovanni;;CS;13/04/1948;004199;H695;Sale delle Langhe;004;CN
1948;AV;064;064097;I493;Scampitella;;CS;13/04/1948;064112;L399;Trevico;064;AV
1948;NO;003;003161;L889;Vignone;;CS;08/04/1948;003005;A409;Arizzano;003;NO
1948;AL;006;006022;B080;Bosio;;CS;07/04/1948;006126;G338;Parodi Ligure;006;AL
1948;AL;006;006145;H343;Rivarone;;CS;05/04/1948;006013;A708;Bassignana;006;AL
1948;AN;042;042018;D472;Falconara Marittima;;CS;27/03/1948;042002;A271;Ancona;042;AN
1948;AN;042;042018;D472;Falconara Marittima;;CS;27/03/1948;042014;C615;Chiaravalle;042;AN
1948;BG;016;016244;M144;Zandobbio;;CS;26/03/1948;016218;L388;Trescore Balneario;016;BG
1948;VR;023;023029;C943;Concamarise;;CS;17/03/1948;023072;H944;Sanguinetto;023;VR
1948;BZ;021;021043;E481;Lauregno/Laurein;Laurein;CS;14/03/1948;022163;H639;Rumo;022;TN
1948;BZ;021;021069;H081;Proves/Proveis;Proveis;CS;14/03/1948;022163;H639;Rumo;022;TN
1948;NA;063;063063;H114;Quarto;;CS;11/03/1948;063041;E906;Marano di Napoli;063;NA
1948;VC;002;002124;H662;Sagliano Micca;;CS;06/03/1948;002005;A280;Andorno Micca;002;VC
1948;BG;016;016038;B138;Brembate di Sopra;;CS;06/03/1948;016170;G856;Ponte San Pietro;016;BG
1948;PE;068;068039;I482;Scafa;;CS;06/03/1948;068038;I376;San Valentino in Abruzzo Citeriore;068;PE
1948;PV;018;018097;F638;Montescano;;CS;03/03/1948;018036;C050;Castana;018;PV
1948;TO;001;001187;G477;Pertusio;;CS;02/03/1948;001287;L644;Valperga;001;TO
1948;TN;022;022071;D246;Dambel;;CS;02/03/1948;022169;I411;Sanzeno;022;TN
1948;TN;022;022081;D468;Fai;;CS;02/03/1948;022225;M142;Zambana;022;TN
1948;TN;022;022126;F853;Nave San Rocco;;CS;02/03/1948;022225;M142;Zambana;022;TN
1948;BS;017;017030;B184;Brione;;CS;01/03/1948;017123;G061;Ome;017;BS
1948;PV;018;018002;A134;Albaredo Arnaboldi;;CS;10/02/1948;018815;B568;Campospinoso Albaredo;018;PV
1948;PV;018;018002;A134;Albaredo Arnaboldi;;CS;10/02/1948;018013;A741;Belgioioso;018;PV
1948;PV;018;018026;B567;Campospinoso;;CS;10/02/1948;018815;B568;Campospinoso Albaredo;018;PV
1948;BG;016;016100;D606;Fiorano al Serio;;CS;26/01/1948;016111;D952;Gazzaniga;016;BG
1948;BS;017;017016;A816;Berzo Demo;;CS;21/01/1948;017047;C417;Cedegolo;017;BS
1948;BS;017;017176;I588;Sellero;;CS;21/01/1948;017047;C417;Cedegolo;017;BS
1948;TO;001;001029;B003;Borgiallo;;CS;15/01/1948;001098;D208;Cuorgnè;001;TO
1948;TO;001;001052;B605;Canischio;;CS;15/01/1948;001098;D208;Cuorgnè;001;TO
1948;TO;001;001079;C629;Chiesanuova;;CS;15/01/1948;001098;D208;Cuorgnè;001;TO
1948;TO;001;001091;C867;Colleretto Castelnuovo;;CS;15/01/1948;001098;D208;Cuorgnè;001;TO
1948;TO;001;001206;G988;Prascorsano;;CS;15/01/1948;001098;D208;Cuorgnè;001;TO
1948;TO;001;001238;H804;San Colombano Belmonte;;CS;15/01/1948;001098;D208;Cuorgnè;001;TO
1948;NO;003;003039;B883;Casaleggio Novara;;CS;15/01/1948;003831;B884;Casaleggio Castellazzo;003;NO
1948;NO;003;003042;C149;Castellazzo Novarese;;CS;15/01/1948;003831;B884;Casaleggio Castellazzo;003;NO
1948;AL;006;006060;C962;Coniolo;;CS;15/01/1948;006133;G858;Pontestura;006;AL
1948;VR;023;023066;H610;Roveredo di Guà;;CS;15/01/1948;023061;H048;Pressana;023;VR
1948;MC;043;043040;D566;Poggio San Vicino;;CS;15/01/1948;043002;A329;Apiro;043;MC
1948;TN;022;022085;D573;Fierozzo;;CS;10/01/1948;022168;I354;Sant'Orsola;022;TN
1948;TN;022;022090;D775;Frassilongo;;CS;10/01/1948;022168;I354;Sant'Orsola;022;TN
1948;TN;022;022133;G296;Palù;;CS;10/01/1948;022168;I354;Sant'Orsola;022;TN
1948;NO;003;003014;A733;Bee;;CS;02/01/1948;003005;A409;Arizzano;003;NO
1948;NO;003;003138;I736;Sillavengo;;CS;02/01/1948;003036;B823;Carpignano Sesia;003;NO
1947;NO;003;003015;A742;Belgirate;;CS;23/12/1947;003084;E545;Lesa Belgirate;003;NO
1947;VC;002;002161;L933;Villa del Bosco;;CS;22/12/1947;002116;H365;Roasio;002;VC
1947;CN;004;004100;E182;Grinzane Cavour;;CS;22/12/1947;004003;A124;Alba;004;CN
1947;VA;012;012076;D987;Germignaga;;CS;22/12/1947;012092;E734;Luino;012;VA
1947;BS;017;017054;C691;Cimbergo;;CS;22/12/1947;017826;C692;Cimbergo-Paspardo;017;BS
1947;BS;017;017108;F216;Milzano;;CS;22/12/1947;017152;G977;Pralboino;017;BS
1947;BS;017;017135;G354;Paspardo;;CS;22/12/1947;017826;C692;Cimbergo-Paspardo;017;BS
1947;VI;024;024069;F768;Mossano;;CS;22/12/1947;024011;A627;Barbarano Vicentino;024;VI
1947;VI;024;024117;L952;Villaga;;CS;22/12/1947;024011;A627;Barbarano Vicentino;024;VI
1947;RO;029;029040;H573;Rosolina;;CS;22/12/1947;029030;E689;Loreo;029;RO
1947;AT;005;005006;A527;Azzano d'Asti;;CS;09/12/1947;005093;H392;Rocca d'Arazzo;005;AT
1947;AT;005;005043;C831;Colcavagno;;CS;09/12/1947;005102;I495;Scandeluzza;005;AT
1947;AN;042;042007;B470;Camerata Picena;;CS;29/11/1947;042014;C615;Chiaravalle;042;AN
1947;NO;003;003044;C364;Cavaglietto;;CS;28/11/1947;003045;C365;Cavaglio d'Agogna;003;NO
1947;NO;003;003109;G020;Oleggio Castello;;CS;28/11/1947;003114;G349;Paruzzaro;003;NO
1947;PV;018;018141;I213;Sant'Alessio con Vialone;;CS;28/11/1947;018080;E454;Lardirago;018;PV
1947;CA;092;092128;I719;Siamanna-Siapiccia;;CS;28/11/1947;092167;M030;Villaurbana;092;CA
1947;PV;018;018185;M152;Zeccone;;CS;27/11/1947;018019;B051;Bornasco;018;PV
1947;VC;002;002043;C757;Civiasco;;CS;26/11/1947;002156;L669;Varallo;002;VC
1947;VC;002;002166;M106;Vocca;;CS;26/11/1947;002156;L669;Varallo;002;VC
1947;CN;004;004103;E327;Isasca;;CS;26/11/1947;004237;L729;Venasca;004;CN
1947;AL;006;006080;D941;Gavazzana;;CS;26/11/1947;006042;C005;Cassano Spinola;006;AL
1947;BG;016;016130;E770;Luzzana;;CS;26/11/1947;016094;D411;Entratico;016;BG
1947;BS;017;017093;E673;Longhena;;CS;26/11/1947;017099;E841;Mairano;017;BS
1947;PV;018;018028;B599;Canevino;;CS;26/11/1947;018857;G810;Pometo;018;PV
1947;PV;018;018132;H637;Ruino;;CS;26/11/1947;018857;G810;Pometo;018;PV
1947;PV;018;018158;L262;Torre de' Negri;;CS;25/11/1947;018013;A741;Belgioioso;018;PV
1947;PU;041;041060;I460;Sassofeltrio;;CS;25/11/1947;041035;F524;Monte Grimano;041;PU
1947;PU;041;041060;I460;Sassofeltrio;;CS;25/11/1947;041026;F136;Mercatino Conca;041;PU
1947;CS;078;078063;E417;Laino Borgo;;CS;25/11/1947;078803;E418;Laino Bruzio;078;CS
1947;CS;078;078064;E419;Laino Castello;;CS;25/11/1947;078803;E418;Laino Bruzio;078;CS
1947;AL;006;006172;L143;Terzo;;CS;12/11/1947;006001;A052;Acqui;006;AL
1947;AL;006;006187;M077;Visone;;CS;12/11/1947;006001;A052;Acqui;006;AL
1947;BG;016;016025;A815;Berzo San Fermo;;CS;04/11/1947;016809;B045;Borgounito;016;BG
1947;BG;016;016032;B010;Borgo di Terzo;;CS;04/11/1947;016809;B045;Borgounito;016;BG
1947;BG;016;016119;E192;Grone;;CS;04/11/1947;016809;B045;Borgounito;016;BG
1947;BG;016;016236;L865;Vigano San Martino;;CS;04/11/1947;016809;B045;Borgounito;016;BG
1947;BS;017;017055;C760;Cividate Camuno;;CS;04/11/1947;017827;C761;Cividate Malegno;017;BS
1947;BS;017;017100;E851;Malegno;;CS;04/11/1947;017827;C761;Cividate Malegno;017;BS
1947;AL;006;006098;F320;Momperone;;CS;03/11/1947;006024;B179;Brignano-Frascata;006;AL
1947;CO;013;013032;B218;Brunate;;CS;03/11/1947;013075;C933;Como;013;CO
1947;BS;017;017110;F375;Monno;;CS;03/11/1947;017083;E297;Incudine;017;BS
1947;CR;019;019078;H130;Quintano;;CS;21/10/1947;019073;G603;Pieranica;019;CR
1947;AT;005;005044;D046;Corsione;;CS;20/10/1947;005820;L927;Villa Corsione;005;AT
1947;AT;005;005119;M019;Villa San Secondo;;CS;20/10/1947;005820;L927;Villa Corsione;005;AT
1947;BG;016;016089;D221;Curno;;CS;20/10/1947;016821;D215;Curdomo;016;BG
1947;BG;016;016143;F791;Mozzo;;CS;20/10/1947;016821;D215;Curdomo;016;BG
1947;SA;065;065053;D826;Furore;;CS;12/10/1947;065044;C940;Conca dei Marini;065;SA
1947;SS;090;090060;H095;Putifigari;;CS;12/10/1947;090078;L989;Villanova Monteleone;090;SS
1947;CA;092;092169;M153;Zeddiani;;CS;12/10/1947;092110;I384;San Vero Milis;092;CA
1947;TO;001;001092;C868;Colleretto Parella;;CS;11/10/1947;001847;G401;Pedanea;001;TO
1947;TO;001;001137;E683;Loranzè;;CS;11/10/1947;001847;G401;Pedanea;001;TO
1947;TO;001;001179;G330;Parella;;CS;11/10/1947;001847;G401;Pedanea;001;TO
1947;TO;001;001208;H100;Quagliuzzo;;CS;11/10/1947;001847;G401;Pedanea;001;TO
1947;TO;001;001268;I969;Strambinello;;CS;11/10/1947;001847;G401;Pedanea;001;TO
1947;AT;005;005035;C528;Cerreto d'Asti;;CS;11/10/1947;005086;G692;Piovà Massaia;005;AT
1947;SS;090;090036;E747;Luogosanto;;CS;11/10/1947;090070;L093;Tempio Pausania;090;SS
1947;VR;023;023026;C538;Cerro Veronese;;CS;05/10/1947;023038;E171;Grezzana;023;VR
1947;BS;017;017180;I782;Soiano del Lago;;CS;04/10/1947;017129;G213;Padenghe;017;BS
1947;CA;092;092073;F974;Nughedu Santa Vittoria;;CS;04/10/1947;092139;I861;Sorradile;092;CA
1947;CO;013;013125;E525;Lenno;;CS;03/10/1947;013948;L370;Tremezzina;013;CO
1947;CO;013;013148;F181;Mezzegra;;CS;03/10/1947;013948;L370;Tremezzina;013;CO
1947;CO;013;013225;L371;Tremezzo;;CS;03/10/1947;013948;L370;Tremezzina;013;CO
1947;AT;005;005045;D050;Cortandone;;CS;02/10/1947;005067;F323;Monale;005;AT
1947;AL;006;006093;F131;Merana;;CS;02/10/1947;006165;I901;Spigno Monferrato;006;AL
1947;IM;008;008052;H763;San Bartolomeo del Cervo;;CS;02/10/1947;008017;C559;Cervo;008;IM
1947;IM;008;008067;L943;Villa Faraldi;;CS;02/10/1947;008017;C559;Cervo;008;IM
1947;CO;013;013173;G218;Paderno d'Adda;;CS;02/10/1947;013196;G223;Paderno Robbiate;013;CO
1947;BS;017;017098;E800;Magasa;;CS;02/10/1947;017194;L468;Valvestino;017;BS
1947;PV;018;018043;C484;Ceranova;;CS;02/10/1947;018080;E454;Lardirago;018;PV
1947;CA;092;092038;D585;Figu-Gonnosnò;;CS;02/10/1947;092015;A655;Baressa;092;CA
1947;NO;003;003126;H106;Quarna Sopra;;CS;01/10/1947;003877;H105;Quarna;003;NO
1947;NO;003;003127;H107;Quarna Sotto;;CS;01/10/1947;003877;H105;Quarna;003;NO
1947;AT;005;005041;C804;Coazzolo;;CS;01/10/1947;005022;C049;Castagnole delle Lanze;005;AT
1947;AL;006;006045;C137;Castellania;;CS;01/10/1947;006032;B769;Carezzano;006;AL
1947;CO;013;013037;B355;Caglio;;CS;01/10/1947;013936;I313;Santa Valeria;013;CO
1947;CO;013;013195;H255;Rezzago;;CS;01/10/1947;013936;I313;Santa Valeria;013;CO
1947;CO;013;013217;I860;Sormano;;CS;01/10/1947;013936;I313;Santa Valeria;013;CO
1947;BS;017;017124;G074;Ono San Pietro;;CS;01/10/1947;017035;B664;Capo di Ponte;017;BS
1947;AQ;066;066052;E724;Lucoli;;CS;01/10/1947;066049;A345;L'Aquila;066;AQ
1947;TO;001;001143;E817;Maglione;;CS;30/09/1947;001031;B021;Borgomasino;001;TO
1947;AL;006;006164;I808;Solonghello;;CS;30/09/1947;006097;F313;Mombello Monferrato;006;AL
1947;BG;016;016175;H036;Premolo;;CS;30/09/1947;016168;F941;Nossa;016;BG
1947;CR;019;019090;H918;San Giovanni in Croce;;CS;30/09/1947;019876;G301;Palvareto;019;CR
1947;CR;019;019096;I790;Solarolo Rainerio;;CS;30/09/1947;019876;G301;Palvareto;019;CR
1947;TN;022;022078;D365;Drena;;CS;30/09/1947;022079;D371;Dro;022;TN
1947;VR;023;023008;A837;Bevilacqua;;CS;30/09/1947;023803;A838;Bevilacqua-Boschi;023;VR
1947;VR;023;023010;B070;Boschi Sant'Anna;;CS;30/09/1947;023803;A838;Bevilacqua-Boschi;023;VR
1947;CE;061;061040;E011;Giano Vetusto;;CS;25/09/1947;061060;G661;Pignataro Maggiore;061;CE
1947;CE;061;061085;I261;San Tammaro;;CS;25/09/1947;061015;B715;Capua;061;CE
1947;CE;061;061085;I261;San Tammaro;;CS;25/09/1947;061083;I234;Santa Maria Capua Vetere;061;CE
1947;AL;006;006083;E164;Gremiasco;;CS;24/09/1947;006155;I150;San Sebastiano Curone;006;AL
1947;AL;006;006102;F387;Montacuto;;CS;24/09/1947;006155;I150;San Sebastiano Curone;006;AL
1947;PU;041;041048;G627;Pietrarubbia;;CS;24/09/1947;041023;E785;Macerata Feltria;041;PU
1947;TR;055;055031;I981;Stroncone;;CS;24/09/1947;055032;L117;Terni;055;TR
1947;AV;064;064111;L301;Torrioni;;CS;24/09/1947;064056;F512;Montefusco;064;AV
1947;LE;075;075074;I559;Seclì;;CS;24/09/1947;075006;A350;Aradeo;075;LE
1947;CN;004;004031;B175;Briga Alta;;CS;16/09/1947;004805;B174;Briga Marittima;004;CN
1947;CN;004;004031;B175;Briga Alta;;CS;16/09/1947;004820;L095;Tenda;004;CN
1947;BS;017;017097;E787;Maclodio;;CS;12/09/1947;017091;E654;Lograto;017;BS
1947;BS;017;017109;F373;Moniga;;CS;12/09/1947;017129;G213;Padenghe;017;BS
1947;CN;004;004236;L636;Valmala;;CS;10/09/1947;004122;F114;Melle;004;CN
1947;PU;041;041041;G416;Peglio;;CS;10/09/1947;041066;L498;Urbania;041;PU
1947;AL;006;006002;A146;Albera Ligure;;CS;04/09/1947;006148;H465;Rocchetta Ligure;006;AL
1947;AL;006;006016;A813;Berzano di Tortona;;CS;04/09/1947;006188;M120;Volpedo;006;AL
1947;AL;006;006028;B629;Cantalupo Ligure;;CS;04/09/1947;006148;H465;Rocchetta Ligure;006;AL
1947;AL;006;006046;C142;Castellar Guidobono;;CS;04/09/1947;006181;L904;Viguzzolo;006;AL
1947;AL;006;006101;F374;Monleale;;CS;04/09/1947;006188;M120;Volpedo;006;AL
1947;AL;006;006189;M121;Volpeglino;;CS;04/09/1947;006188;M120;Volpedo;006;AL
1947;PE;068;068041;I922;Spoltore;;CS;30/08/1947;068028;G482;Pescara;068;PE
1947;LT;059;059023;H444;Roccasecca dei Volsci;;CS;20/07/1947;059019;G698;Priverno;059;LT
1947;TO;001;001122;E311;Inverso Pinasca;;CS;19/07/1947;001190;G672;Pinasca;001;TO
1947;TO;001;001173;G151;Osasco;;CS;19/07/1947;001254;I154;San Secondo di Pinerolo;001;TO
1947;NO;003;003004;A325;Anzola d'Ossola;;CS;19/07/1947;003111;G117;Ornavasso;003;NO
1947;NO;003;003145;L187;Toceno;;CS;19/07/1947;003054;D134;Craveggia;003;NO
1947;BS;017;017182;L002;Sulzano;;CS;14/07/1947;017169;H699;Sale Marasino;017;BS
1947;BG;016;016137;F328;Monasterolo del Castello;;CS;11/07/1947;016205;I916;Spinone dei Castelli;016;BG
1947;TO;001;001068;C307;Castiglione Torinese;;CS;10/07/1947;001112;D933;Gassino Torinese;001;TO
1947;TO;001;001258;I465;Sauze di Cesana;;CS;10/07/1947;001263;I692;Sestriere;001;TO
1947;TO;001;001259;I466;Sauze d'Oulx;;CS;10/07/1947;001175;G196;Ulzio;001;TO
1947;PA;082;082024;C135;Castellana Sicula;;CS;26/06/1947;082056;G511;Petralia Sottana;082;PA
1947;NO;003;003105;F932;Nonio;;CS;24/06/1947;003050;C567;Cesara;003;NO
1947;BG;016;016068;C456;Cenate Sopra;;CS;24/06/1947;016816;C455;Cenate d'Argon;016;BG
1947;BG;016;016069;C457;Cenate Sotto;;CS;24/06/1947;016816;C455;Cenate d'Argon;016;BG
1947;BG;016;016189;B310;San Paolo d'Argon;;CS;24/06/1947;016816;C455;Cenate d'Argon;016;BG
1947;TN;022;022013;A821;Besenello;;CS;24/06/1947;022805;A822;Beseno;022;TN
1947;TN;022;022035;B419;Calliano;;CS;24/06/1947;022805;A822;Beseno;022;TN
1947;TN;022;022052;C392;Cavedago;;CS;24/06/1947;022180;I924;Spor;022;TN
1947;TN;022;022181;I925;Sporminore;;CS;24/06/1947;022180;I924;Spor;022;TN
1947;TN;022;022197;L162;Tiarno di Sopra;;CS;24/06/1947;022928;L161;Tiarno;022;TN
1947;TN;022;022198;L163;Tiarno di Sotto;;CS;24/06/1947;022928;L161;Tiarno;022;TN
1947;VI;024;024120;M170;Zermeghedo;;CS;24/06/1947;024060;F442;Montebello Vicentino;024;VI
1947;AT;005;005018;B633;Cantarana;;CS;23/06/1947;005117;L945;Villafranca d'Asti;005;AT
1947;AT;005;005062;E944;Maretto;;CS;23/06/1947;005117;L945;Villafranca d'Asti;005;AT
1947;AT;005;005063;F254;Moasca;;CS;23/06/1947;005812;I020;San Marzano Moasca;005;AT
1947;AT;005;005079;F709;Moransengo;;CS;23/06/1947;005042;C807;Cocconato;005;AT
1947;AT;005;005085;G676;Pino d'Asti;;CS;23/06/1947;005031;C232;Castelnuovo Don Bosco;005;AT
1947;AT;005;005091;H366;Roatto;;CS;23/06/1947;005117;L945;Villafranca d'Asti;005;AT
1947;AT;005;005100;I017;San Marzano Oliveto;;CS;23/06/1947;005812;I020;San Marzano Moasca;005;AT
1947;AL;006;006014;A738;Belforte Monferrato;;CS;23/06/1947;006822;L028;Tagliolo Belforte;006;AL
1947;AL;006;006169;L027;Tagliolo Monferrato;;CS;23/06/1947;006822;L028;Tagliolo Belforte;006;AL
1947;TN;022;022058;C700;Cimone;;CS;23/06/1947;022003;A178;Aldeno;022;TN
1947;TN;022;022091;D928;Garniga;;CS;23/06/1947;022003;A178;Aldeno;022;TN
1947;BS;017;017017;A817;Berzo Inferiore;;CS;18/06/1947;017018;A861;Bienno;017;BS
1947;BS;017;017049;C549;Cerveno;;CS;18/06/1947;017823;C586;Ceto-Cerveno;017;BS
1947;BS;017;017050;C585;Ceto;;CS;18/06/1947;017823;C586;Ceto-Cerveno;017;BS
1947;BS;017;017154;H050;Prestine;;CS;18/06/1947;017018;A861;Bienno;017;BS
1947;CN;004;004070;C738;Cissone;;CS;17/06/1947;004219;I659;Serravalle delle Langhe;004;CN
1947;VA;012;012044;C273;Castelseprio;;CS;17/06/1947;012033;B796;Carnago;012;VA
1947;TN;022;022948;A306;Anterivo/Altrei;Altrei;CS;17/06/1947;022040;B697;Capriana;022;TN
1947;ME;083;083075;H479;Rodi;;CS;17/06/1947;083016;C347;Castroreale;083;ME
1947;NO;003;003022;A953;Bolzano Novarese;;CS;23/05/1947;003076;E120;Gozzano;003;NO
1947;CN;004;004021;A798;Bergolo;;CS;23/05/1947;004073;D062;Cortemilia;004;CN
1947;CN;004;004036;B489;Camo;;CS;23/05/1947;004213;I367;Santo Stefano Belbo;004;CN
1947;CN;004;004107;E539;Lequio Tanaro;;CS;23/05/1947;004169;G697;Piozzo;004;CN
1947;CN;004;004107;E539;Lequio Tanaro;;CS;23/05/1947;004019;A779;Bene Vagienna;004;CN
1947;CN;004;004198;H633;Ruffia;;CS;23/05/1947;004819;I513;Scarnafigi-Ruffia;004;CN
1947;CN;004;004217;I512;Scarnafigi;;CS;23/05/1947;004819;I513;Scarnafigi-Ruffia;004;CN
1947;CN;004;004226;L252;Torre Bormida;;CS;23/05/1947;004073;D062;Cortemilia;004;CN
1947;LT;059;059026;I339;Santi Cosma e Damiano;;CS;23/05/1947;059004;C104;Castelforte;059;LT
1947;CH;069;069009;B268;Buonanotte;;CS;23/05/1947;069102;M022;Villa Santa Maria;069;CH
1947;CH;069;069053;F535;Montelapiano;;CS;23/05/1947;069102;M022;Villa Santa Maria;069;CH
1947;CA;092;092105;I205;Santa Giusta;;CS;23/05/1947;092080;G113;Oristano;092;CA
1947;BG;016;016017;A533;Azzone;;CS;22/05/1947;016824;D288;Dezzo di Scalve;016;BG
1947;BG;016;016078;C835;Colere;;CS;22/05/1947;016824;D288;Dezzo di Scalve;016;BG
1947;BG;016;016099;D604;Fino del Monte;;CS;22/05/1947;016859;H616;Rovetta con Fino;016;BG
1947;BG;016;016187;H615;Rovetta;;CS;22/05/1947;016859;H616;Rovetta con Fino;016;BG
1947;CH;069;069048;E559;Lettopalena;;CS;22/05/1947;069060;G271;Palena;069;CH
1947;CB;070;070041;D550;Ferrazzano;;CS;22/05/1947;070010;B519;Campobasso;070;CB
1947;CB;070;070064;F233;Mirabello Sannitico;;CS;22/05/1947;070010;B519;Campobasso;070;CB
1947;CB;070;070079;G086;Oratino;;CS;22/05/1947;070010;B519;Campobasso;070;CB
1947;ME;083;083015;C210;Castelmola;;CS;20/05/1947;083097;L042;Taormina;083;ME
1947;TN;022;022032;B389;Calcerànica;;CS;17/05/1947;022034;B404;Caldonazzo;022;TN
1947;TN;022;022056;C467;Centa San Nicolò;;CS;17/05/1947;022034;B404;Caldonazzo;022;TN
1947;SA;065;065103;H062;Prignano Cilento;;CS;13/05/1947;065147;L212;Torchiara;065;SA
1947;BS;017;017026;B120;Brandico;;CS;12/05/1947;017099;E841;Mairano;017;BS
1947;BS;017;017132;G248;Paitone;;CS;12/05/1947;017119;F989;Nuvolento;017;BS
1947;PG;054;054059;L653;Valtopina;;CS;12/05/1947;054018;D653;Foligno;054;PG
1947;LE;075;075049;F623;Montesano Salentino;;CS;12/05/1947;075046;F194;Miggiano;075;LE
1947;ME;083;083036;E374;Itala;;CS;12/05/1947;083094;I492;Scaletta Zanglea;083;ME
1947;LT;059;059013;E798;Maenza;;CS;15/04/1947;059019;G698;Priverno;059;LT
1947;CA;092;092116;I580;Selargius;;CS;22/03/1947;092026;B354;Cagliari;092;CA
1947;CA;092;092140;I995;Suelli;;CS;22/03/1947;092120;I615;Senorbì;092;CA
1947;TO;001;001037;B209;Brozolo;;CS;15/03/1947;001039;B226;Brusasco Cavagnolo;001;TO
1947;TO;001;001109;D805;Front;;CS;15/03/1947;001021;A625;Barbania;001;TO
1947;TO;001;001116;E067;Givoletto;;CS;15/03/1947;001860;H874;San Gillio Torinese;001;TO
1947;TO;001;001126;E394;La Cassa;;CS;15/03/1947;001860;H874;San Gillio Torinese;001;TO
1947;TO;001;001151;F164;Meugliano;;CS;15/03/1947;001297;L548;Vico Canavese;001;TO
1947;TO;001;001243;H873;San Gillio;;CS;15/03/1947;001860;H874;San Gillio Torinese;001;TO
1947;TO;001;001277;L338;Trausella;;CS;15/03/1947;001297;L548;Vico Canavese;001;TO
1947;TO;001;001290;L698;Vauda di Front;;CS;15/03/1947;001021;A625;Barbania;001;TO
1947;CN;004;004004;A139;Albaretto della Torre;;CS;15/03/1947;004106;E540;Lequio Berria;004;CN
1947;CN;004;004007;A396;Arguello;;CS;15/03/1947;004106;E540;Lequio Berria;004;CN
1947;CN;004;004054;C214;Castelnuovo di Ceva;;CS;15/03/1947;004814;H060;Priero Montezemolo;004;CN
1947;CN;004;004141;F666;Montezemolo;;CS;15/03/1947;004814;H060;Priero Montezemolo;004;CN
1947;CN;004;004175;H059;Priero;;CS;15/03/1947;004814;H060;Priero Montezemolo;004;CN
1947;CN;004;004206;H770;San Benedetto Belbo;;CS;15/03/1947;004150;F894;Niella Belbo;004;CN
1947;TN;022;022015;A863;Bieno;;CS;15/03/1947;022142;G656;Pieve Tesino;022;TN
1947;TN;022;022023;B078;Bosentino;;CS;15/03/1947;022219;L896;Vigolo Vattaro;022;TN
1947;TN;022;022026;B158;Bresimo;;CS;15/03/1947;022106;E624;Livo;022;TN
1947;TN;022;022059;C712;Cinte Tesino;;CS;15/03/1947;022142;G656;Pieve Tesino;022;TN
1947;TN;022;022060;C727;Cis;;CS;15/03/1947;022106;E624;Livo;022;TN
1947;TN;022;022069;D206;Cunevo;;CS;15/03/1947;022086;D631;Flavon;022;TN
1947;TN;022;022097;E288;Imer;;CS;15/03/1947;022871;F177;Mezzano Imer;022;TN
1947;TN;022;022115;F176;Mezzano;;CS;15/03/1947;022871;F177;Mezzano Imer;022;TN
1947;TN;022;022125;F837;Nanno;;CS;15/03/1947;022187;L060;Tassullo;022;TN
1947;TN;022;022134;G305;Panchià;;CS;15/03/1947;022226;M173;Ziano;022;TN
1947;TN;022;022194;L137;Terres;;CS;15/03/1947;022086;D631;Flavon;022;TN
1947;TN;022;022212;L697;Vattaro;;CS;15/03/1947;022219;L896;Vigolo Vattaro;022;TN
1947;ME;083;083044;E869;Malvagna;;CS;15/03/1947;083804;E442;Lanza;083;ME
1947;ME;083;083053;F277;Moio Alcantara;;CS;15/03/1947;083804;E442;Lanza;083;ME
1947;CA;092;092168;A609;Bannari di Usellus;;CS;15/03/1947;092150;L508;Usellus;092;CA
1947;IM;008;008003;A344;Aquila d'Arroscia;;CS;13/03/1947;008009;A993;Borghetto di Arroscia;008;IM
1947;IM;008;008044;G814;Pompeiana;;CS;13/03/1947;008831;H345;Riva Santo Stefano;008;IM
1947;IM;008;008048;H180;Ranzo;;CS;13/03/1947;008009;A993;Borghetto di Arroscia;008;IM
1947;IM;008;008060;L146;Terzorio;;CS;13/03/1947;008831;H345;Riva Santo Stefano;008;IM
1947;ME;083;083071;H405;Roccafiorita;;CS;13/03/1947;083055;F368;Mongiuffi Melia;083;ME
1947;TN;022;022111;E866;Malosco;;CS;12/03/1947;022088;D663;Fondo;022;TN
1947;TN;022;022488;H837;San Felice/St. Felix;St. Felix;CS;12/03/1947;022088;D663;Fondo;022;TN
1947;TN;022;022637;ND;Senale/Unsere Liebe Frau im Walde;Unsere Liebe Frau im Walde;CS;12/03/1947;022088;D663;Fondo;022;TN
1947;CN;004;004069;C681;Cigliè;;CS;28/02/1947;004188;H391;Rocca Cigliè;004;CN
1947;CN;004;004129;F338;Monchiero;;CS;28/02/1947;004811;F339;Novello Monchiero;004;CN
1947;CN;004;004152;F961;Novello;;CS;28/02/1947;004811;F339;Novello Monchiero;004;CN
1947;CN;004;004193;H462;Rocchetta Belbo;;CS;28/02/1947;004074;D093;Cossano Belbo;004;CN
1947;PU;041;041024;E838;Maiolo;;CS;21/01/1947;041039;F137;Novafeltria;041;PU
1947;TO;001;001095;D092;Cossano Canavese;;CS;15/01/1947;001056;B733;Masino;001;TO
1947;TO;001;001271;L066;Tavagnasco;;CS;15/01/1947;001266;I702;Settimo Tavagnasco;001;TO
1947;TO;001;001301;L982;Villanova Canavese;;CS;15/01/1947;001166;F925;Nole;001;TO
1947;NO;003;003115;G421;Pella;;CS;15/01/1947;003133;C171;Castelli Cusiani;003;NO
1947;NO;003;003120;G775;Pogno;;CS;15/01/1947;003133;C171;Castelli Cusiani;003;NO
1947;CN;004;004184;H363;Roascio;;CS;15/01/1947;004066;C589;Ceva;004;CN
1947;CN;004;004229;L281;Torresina;;CS;15/01/1947;004066;C589;Ceva;004;CN
1947;TN;022;022010;A693;Baselga;;CS;15/01/1947;022192;L107;Terlago;022;TN
1947;TN;022;022018;A916;Bocenago;;CS;15/01/1947;022184;I975;Strembo;022;TN
1947;TN;022;022029;B335;Caderzone;;CS;15/01/1947;022184;I975;Strembo;022;TN
1947;TN;022;022043;B856;Carzano;;CS;15/01/1947;022022;B006;Borgo Valsugana;022;TN
1947;TN;022;022049;C216;Castelnuovo;;CS;15/01/1947;022022;B006;Borgo Valsugana;022;TN
1947;TN;022;022157;H532;Ronchi;;CS;15/01/1947;022022;B006;Borgo Valsugana;022;TN
1947;TN;022;022188;L089;Telve;;CS;15/01/1947;022022;B006;Borgo Valsugana;022;TN
1947;TN;022;022189;L090;Telve di Sopra;;CS;15/01/1947;022022;B006;Borgo Valsugana;022;TN
1947;TN;022;022202;L211;Torcegno;;CS;15/01/1947;022022;B006;Borgo Valsugana;022;TN
1947;TN;022;022218;L895;Vigolo Baselga;;CS;15/01/1947;022192;L107;Terlago;022;TN
1947;TN;022;022099;E378;Ivano-Fracena;;CS;14/01/1947;022185;I979;Strigno;022;TN
1947;TN;022;022165;H754;Samone;;CS;14/01/1947;022185;I979;Strigno;022;TN
1947;TN;022;022171;I554;Scurelle;;CS;14/01/1947;022185;I979;Strigno;022;TN
1947;TN;022;022178;I889;Spera;;CS;14/01/1947;022185;I979;Strigno;022;TN
1947;TN;022;022221;L910;Villa Agnedo;;CS;14/01/1947;022185;I979;Strigno;022;TN
1947;NO;003;003113;G280;Pallanzeno;;CS;13/01/1947;003117;G600;Piedimulera;003;NO
1947;TO;001;001017;A590;Baldissero Canavese;;CS;10/01/1947;001066;C133;Castellamonte;001;TO
1947;TO;001;001083;C679;Ciconio;;CS;10/01/1947;001001;A074;Agliè;001;TO
1947;TO;001;001182;G396;Pecco;;CS;10/01/1947;001005;A199;Alice Superiore;001;TO
1947;CN;004;004015;A716;Battifollo;;CS;10/01/1947;004008;A555;Bagnasco;004;CN
1947;CN;004;004026;B079;Bosia;;CS;10/01/1947;004057;C323;Castino;004;CN
1947;CN;004;004098;E115;Gottasecca;;CS;10/01/1947;004035;B467;Camerana;004;CN
1947;CN;004;004111;E615;Lisio;;CS;10/01/1947;004249;M063;Viola;004;CN
1947;CN;004;004162;G458;Perlo;;CS;10/01/1947;004153;F972;Nucetto;004;CN
1947;CN;004;004167;G625;Pietraporzio;;CS;10/01/1947;004815;H747;Sambuco Pietraporzio;004;CN
1947;CN;004;004204;H746;Sambuco;;CS;10/01/1947;004815;H747;Sambuco Pietraporzio;004;CN
1947;CN;004;004216;I484;Scagnello;;CS;10/01/1947;004125;F312;Mombasiglio;004;CN
1947;AT;005;005026;C154;Castellero;;CS;10/01/1947;005007;A588;Baldichieri d'Asti;005;AT
1947;AT;005;005110;L204;Tonengo;;CS;10/01/1947;005042;C807;Cocconato;005;AT
1947;TN;022;022005;A274;Andalo;;CS;10/01/1947;022120;F307;Molveno;022;TN
1947;TN;022;022016;A901;Bleggio Inferiore;;CS;10/01/1947;022807;A900;Bleggio;022;TN
1947;TN;022;022017;A902;Bleggio Superiore;;CS;10/01/1947;022807;A900;Bleggio;022;TN
1947;TN;022;022046;C103;Castelfondo;;CS;10/01/1947;022027;B165;Brez;022;TN
1947;TN;022;022063;C797;Cloz;;CS;10/01/1947;022027;B165;Brez;022;TN
1947;AQ;066;066086;H773;San Benedetto in Perillis;;CS;10/01/1947;066040;C866;Collepietro;066;AQ
1947;PE;068;068001;A008;Abbateggio;;CS;10/01/1947;068038;I376;San Valentino in Abruzzo Citeriore;068;PE
1947;PZ;076;076031;D497;Fardella;;CS;10/01/1947;076028;C619;Chiaromonte;076;PZ
1947;PZ;076;076087;L082;Teana;;CS;10/01/1947;076028;C619;Chiaromonte;076;PZ
1947;TO;001;001084;C711;Cintano;;CS;09/01/1947;001067;C241;Castelnuovo Nigra;001;TO
1947;TO;001;001119;E203;Grosso;;CS;09/01/1947;001146;F053;Mati;001;TO
1947;TO;001;001140;E759;Lusernetta;;CS;09/01/1947;001139;E758;Luserna San Giovanni;001;TO
1947;TO;001;001153;F315;Mombello di Torino;;CS;09/01/1947;001012;A405;Arignano;001;TO
1947;TO;001;001176;G202;Ozegna;;CS;09/01/1947;001001;A074;Agliè;001;TO
1947;TO;001;001226;H554;Rorà;;CS;09/01/1947;001139;E758;Luserna San Giovanni;001;TO
1947;TO;001;001234;H734;Salza di Pinerolo;;CS;09/01/1947;001145;F041;Massello;001;TO
1947;TO;001;001237;H789;San Carlo Canavese;;CS;09/01/1947;001086;C722;Ciriè;001;TO
1947;TO;001;001304;M004;Villareggia;;CS;09/01/1947;001148;F067;Mazzè;001;TO
1947;TN;022;022084;D572;Fiera di Primiero;;CS;09/01/1947;022895;H066;Primiero;022;TN
1947;TN;022;022164;H666;Sagron Mis;;CS;09/01/1947;022895;H066;Primiero;022;TN
1947;TN;022;022174;I760;Siror;;CS;09/01/1947;022895;H066;Primiero;022;TN
1947;TN;022;022201;L201;Tonadico;;CS;09/01/1947;022895;H066;Primiero;022;TN
1947;TN;022;022204;L329;Transacqua;;CS;09/01/1947;022895;H066;Primiero;022;TN
1947;UD;030;030023;B483;Camino di Codroipo;;CS;09/01/1947;030043;C817;Codroipo;030;UD
1947;UD;030;030048;D027;Corno di Rosazzo;;CS;09/01/1947;030139;H906;San Giovanni al Natisone;030;UD
1947;UD;030;030059;D627;Fiumicello;;CS;09/01/1947;030005;A346;Aquileia;030;UD
1947;UD;030;030087;F574;Montenars;;CS;09/01/1947;030008;A448;Artegna;030;UD
1947;UD;030;030096;G238;Pagnacco;;CS;09/01/1947;030162;L065;Tavagnacco;030;UD
1947;UD;030;030164;L144;Terzo d'Aquileia;;CS;09/01/1947;030005;A346;Aquileia;030;UD
1947;CA;092;092056;E464;Las Plassas;;CS;09/01/1947;092017;A681;Barumini;092;CA
1947;CA;092;092101;A368;San Nicolò d'Arcidano;;CS;09/01/1947;092142;L122;Terralba;092;CA
1947;CA;092;092132;I742;Simala;;CS;09/01/1947;092051;E088;Gonnostramatza;092;CA
1947;TN;022;022020;A967;Bondo;;CS;07/01/1947;022809;A426;Bondo Breguzzo;022;TN
1947;TN;022;022024;B135;Breguzzo;;CS;07/01/1947;022809;A426;Bondo Breguzzo;022;TN
1947;PU;041;041017;D807;Frontino;;CS;04/01/1947;041009;B816;Carpegna;041;PU
1947;PU;041;041045;G514;Petriano;;CS;04/01/1947;041012;C830;Colbordolo;041;PU
1946;CN;004;004060;C441;Celle di Macra;;CS;28/12/1946;004112;E789;Macra;004;CN
1946;CN;004;004087;D511;Faule;;CS;28/12/1946;004171;G800;Polonghera;004;CN
1946;CN;004;004124;F309;Mombarcaro;;CS;28/12/1946;004150;F894;Niella Belbo;004;CN
1946;CN;004;004124;F309;Mombarcaro;;CS;28/12/1946;004131;F355;Monesiglio;004;CN
1946;TO;001;001177;G262;Palazzo Canavese;;CS;26/12/1946;001846;G269;Palazzo Piverone;001;TO
1946;TO;001;001196;G719;Piverone;;CS;26/12/1946;001846;G269;Palazzo Piverone;001;TO
1946;TN;022;022041;B723;Carano;;CS;26/12/1946;022050;C372;Cavalese;022;TN
1946;TN;022;022070;D243;Daiano;;CS;26/12/1946;022050;C372;Cavalese;022;TN
1946;TN;022;022211;L678;Varena;;CS;26/12/1946;022050;C372;Cavalese;022;TN
1946;TO;001;001042;B279;Burolo;;CS;24/12/1946;001027;A941;Bollengo;001;TO
1946;TO;001;001043;B284;Busano;;CS;24/12/1946;001216;H338;Rivara;001;TO
1946;TO;001;001123;E345;Isolabella;;CS;24/12/1946;001197;G777;Poirino;001;TO
1946;TO;001;001150;F140;Mercenasco;;CS;24/12/1946;001865;I971;Strambino Romano;001;TO
1946;TO;001;001185;G462;Perosa Canavese;;CS;24/12/1946;001247;H997;San Martino Canavese;001;TO
1946;TO;001;001223;H511;Romano Canavese;;CS;24/12/1946;001865;I971;Strambino Romano;001;TO
1946;TO;001;001261;I511;Scarmagno;;CS;24/12/1946;001865;I971;Strambino Romano;001;TO
1946;TO;001;001269;I970;Strambino;;CS;24/12/1946;001865;I971;Strambino Romano;001;TO
1946;TO;001;001296;L830;Vialfrè;;CS;24/12/1946;001247;H997;San Martino Canavese;001;TO
1946;SV;009;009011;A931;Boissano;;CS;24/12/1946;009061;L190;Toirano;009;SV
1946;TN;022;022028;B185;Brione;;CS;24/12/1946;022066;C953;Condino;022;TN
1946;TN;022;022045;C183;Castello;;CS;24/12/1946;022066;C953;Condino;022;TN
1946;TN;022;022057;C694;Cimego;;CS;24/12/1946;022066;C953;Condino;022;TN
1946;UD;030;030009;A456;Arzene;;CS;24/12/1946;030177;L657;Valvasone;030;UD
1946;UD;030;030027;B788;Carlino;;CS;24/12/1946;030138;H895;San Giorgio di Nogaro;030;UD
1946;UD;030;030119;H038;Preone;;CS;24/12/1946;030053;D408;Enemonzo;030;UD
1946;UD;030;030141;H999;San Martino al Tagliamento;;CS;24/12/1946;030177;L657;Valvasone;030;UD
1946;UD;030;030147;I405;San Vito di Fagagna;;CS;24/12/1946;030056;D461;Fagagna;030;UD
1946;UD;030;030159;L044;Tapogliano;;CS;24/12/1946;030025;B545;Campolongo al Torre;030;UD
1946;UD;030;030187;M200;Zuglio;;CS;24/12/1946;030007;A447;Arta;030;UD
1946;CZ;079;079026;C501;Cerenzia;;CS;24/12/1946;079015;B319;Caccuri;079;CZ
1946;TO;001;001036;B205;Brosso;;CS;23/12/1946;001297;L548;Vico Canavese;001;TO
1946;TO;001;001251;I126;San Ponso;;CS;23/12/1946;001231;H691;Salassa;001;TO
1946;TO;001;001264;I701;Settimo Rottaro;;CS;23/12/1946;001014;A525;Azeglio;001;TO
1946;IM;008;008058;I796;Soldano;;CS;23/12/1946;008053;H780;San Biagio della Cima;008;IM
1946;CE;061;061077;H978;San Marcellino;;CS;23/12/1946;061094;L379;Trentola;061;CE
1946;CE;061;061077;H978;San Marcellino;;CS;23/12/1946;061037;D800;Frignano Maggiore;061;CE
1946;CE;061;061078;I056;San Nicola la Strada;;CS;23/12/1946;061022;B963;Caserta;061;CE
1946;CE;061;061004;A403;Arienzo;;CS;21/12/1946;061802;A404;Arienzo San Felice;061;CE
1946;CE;061;061020;B916;Casaluce;;CS;21/12/1946;061805;D558;Fertilia;061;CE
1946;CE;061;061075;H834;San Felice a Cancello;;CS;21/12/1946;061082;I233;Santa Maria a Vico;061;CE
1946;CE;061;061075;H834;San Felice a Cancello;;CS;21/12/1946;061802;A404;Arienzo San Felice;061;CE
1946;CE;061;061092;L155;Teverola;;CS;21/12/1946;061805;D558;Fertilia;061;CE
1946;TO;001;001136;E661;Lombriasco;;CS;19/12/1946;001178;G303;Pancalieri;001;TO
1946;TO;001;001162;F651;Monteu da Po;;CS;19/12/1946;001129;E484;Lauriano;001;TO
1946;TO;001;001174;G152;Osasio;;CS;19/12/1946;001178;G303;Pancalieri;001;TO
1946;TO;001;001310;M069;Virle Piemonte;;CS;19/12/1946;001178;G303;Pancalieri;001;TO
1946;GE;010;010004;A922;Bogliasco;;CS;19/12/1946;010803;A923;Bogliasco Pieve;010;GE
1946;GE;010;010043;G646;Pieve Ligure;;CS;19/12/1946;010803;A923;Bogliasco Pieve;010;GE
1946;VA;012;012109;G103;Origgio;;CS;19/12/1946;012119;I441;Saronno;012;VA
1946;PV;018;018007;A550;Bagnaria;;CS;19/12/1946;018171;L690;Varzi;018;PV
1946;PV;018;018105;G032;Oliva Gessi;;CS;19/12/1946;018057;D081;Corvino San Quirico;018;PV
1946;PV;018;018161;L292;Torricella Verzate;;CS;19/12/1946;018057;D081;Corvino San Quirico;018;PV
1946;TN;022;022073;D250;Darè;;CS;19/12/1946;022220;L903;Vigo Rendena;022;TN
1946;TN;022;022138;G429;Pelugo;;CS;19/12/1946;022220;L903;Vigo Rendena;022;TN
1946;RO;029;029013;C215;Castelnovo Bariano;;CS;19/12/1946;029012;C207;Castelmassa;029;RO
1946;CE;061;061021;B935;Casapulla;;CS;19/12/1946;061083;I234;Santa Maria Capua Vetere;061;CE
1946;CE;061;061055;G364;Pastorano;;CS;19/12/1946;061011;B477;Camigliano;061;CE
1946;CE;061;061081;I131;San Prisco;;CS;19/12/1946;061083;I234;Santa Maria Capua Vetere;061;CE
1946;AV;064;064106;L061;Taurano;;CS;19/12/1946;064043;E487;Lauro;064;AV
1946;AL;006;006124;G215;Paderna;;CS;17/12/1946;006166;I911;Spineto Scrivia;006;AL
1946;RI;057;057037;F193;Micigliano;;CS;17/12/1946;057003;A315;Antrodoco;057;RI
1946;CN;004;004127;F329;Monasterolo Cassoto;;CS;05/12/1946;004210;I037;San Michele Mondovì;004;CN
1946;TO;001;001218;H344;Rivarossa;;CS;17/11/1946;001135;E660;Lombardore;001;TO
1946;CN;004;004032;B200;Brondello;;CS;12/11/1946;004158;G240;Pagno;004;CN
1946;CN;004;004048;C140;Castellar;;CS;12/11/1946;004158;G240;Pagno;004;CN
1946;CN;004;004094;D894;Gambasca;;CS;12/11/1946;004121;E988;Martiniana Po;004;CN
1946;CN;004;004160;G339;Paroldo;;CS;12/11/1946;004066;C589;Ceva;004;CN
1946;CN;004;004168;G683;Piobesi d'Alba;;CS;12/11/1946;004072;D022;Corneliano d'Alba;004;CN
1946;CN;004;004228;L278;Torre San Giorgio;;CS;12/11/1946;004143;F723;Moretta;004;CN
1946;AT;005;005019;B707;Capriglio;;CS;12/11/1946;005073;F390;Montafia;005;AT
1946;RI;057;057009;B627;Cantalice;;CS;12/11/1946;057059;H282;Rieti;057;RI
1946;CE;061;061018;B860;Casagiove;;CS;12/11/1946;061022;B963;Caserta;061;CE
1946;CE;061;061032;D228;Curti;;CS;12/11/1946;061083;I234;Santa Maria Capua Vetere;061;CE
1946;BA;072;072008;A874;Binetto;;CS;12/11/1946;072024;E223;Grumo Appula;072;BA
1946;CE;061;061037;D800;Frignano Maggiore;;CS;08/11/1946;061806;D799;Frignano;061;CE
1946;CE;061;061098;D801;Frignano Piccolo;;CS;08/11/1946;061806;D799;Frignano;061;CE
1946;AN;042;042037;G771;Poggio San Marcello;;CS;02/11/1946;042012;C248;Castelplanio;042;AN
1946;AN;042;042048;I758;Sirolo;;CS;02/11/1946;042032;F978;Numana;042;AN
1946;PE;068;068034;H425;Roccamorice;;CS;02/11/1946;068038;I376;San Valentino in Abruzzo Citeriore;068;PE
1946;SS;090;090028;D441;Esporlatu;;CS;02/11/1946;090020;B276;Burgos;090;SS
1946;CB;070;070028;C200;Castelverrino;;CS;12/10/1946;070087;G606;Pietrabbondante;070;CB
1946;AO;007;007013;C593;Challant Saint Anselme;;CS;27/09/1946;007801;C592;Challant Saint Anselme et Challant Saint Victor;007;AO
1946;AO;007;007014;C594;Challant Saint Victor;;CS;27/09/1946;007801;C592;Challant Saint Anselme et Challant Saint Victor;007;AO
1946;CE;061;061013;B667;Capodrise;;CS;24/08/1946;061049;E932;Marcianise;061;CE
1946;CA;092;092072;F934;Norbello;;CS;24/08/1946;092001;A007;Abbasanta;092;CA
1946;NA;063;063021;B946;Casavatore;;CS;30/07/1946;063023;B990;Casoria;063;NA
1946;TO;001;001101;D520;Favria;;CS;18/07/1946;001824;D521;Favria-Oglianico;001;TO
1946;TO;001;001170;G010;Oglianico;;CS;18/07/1946;001824;D521;Favria-Oglianico;001;TO
1946;AL;006;006008;A245;Alzano Scrivia;;CS;18/07/1946;006813;F292;Molino Alzano;006;AL
1946;AL;006;006096;F293;Molino dei Torti;;CS;18/07/1946;006813;F292;Molino Alzano;006;AL
1946;NU;091;091023;D640;Flussio;;CS;18/07/1946;091087;L006;Suni;091;NU
1946;NU;091;091075;H661;Sagama;;CS;18/07/1946;091087;L006;Suni;091;NU
1946;NU;091;091092;L172;Tinnura;;CS;18/07/1946;091087;L006;Suni;091;NU
1946;IM;008;008022;C755;Civezza;;CS;11/07/1946;008054;H957;San Lorenzo al Mare;008;IM
1946;CN;004;004093;D856;Gaiola;;CS;03/07/1946;004807;D857;Gaiola Moiola;004;CN
1946;CN;004;004123;F279;Moiola;;CS;03/07/1946;004807;D857;Gaiola Moiola;004;CN
1946;CN;004;004156;G183;Ostana;;CS;03/07/1946;004077;D172;Crissolo;004;CN
1946;CN;004;004178;H085;Prunetto;;CS;03/07/1946;004131;F355;Monesiglio;004;CN
1946;AL;006;006065;D272;Denice;;CS;03/07/1946;006816;F472;Montechiaro Denice;006;AL
1946;AL;006;006106;F469;Montechiaro d'Acqui;;CS;03/07/1946;006816;F472;Montechiaro Denice;006;AL
1946;CE;061;061016;B779;Carinaro;;CS;03/07/1946;061005;A512;Aversa;061;CE
1946;CE;061;061043;E173;Gricignano di Aversa;;CS;03/07/1946;061005;A512;Aversa;061;CE
1946;CE;061;061046;E754;Lusciano;;CS;03/07/1946;061005;A512;Aversa;061;CE
1946;NA;063;063085;L460;Tufino;;CS;03/07/1946;063065;H433;Roccarainola;063;NA
1946;NA;063;063085;L460;Tufino;;CS;03/07/1946;063018;B922;Casamarciano;063;NA
1946;AO;007;007017;C596;Champdepraz;;CS;15/05/1946;007043;F367;Montjovet;007;AO
1946;AO;007;007019;C598;Charvensod;;CS;15/05/1946;007003;A326;Aosta;007;AO
1946;AO;007;007025;D402;Emarese;;CS;15/05/1946;007043;F367;Montjovet;007;AO
1946;AO;007;007027;D537;Fenis;;CS;15/05/1946;007045;F987;Nus;007;AO
1946;AO;007;007030;E029;Gignod;;CS;15/05/1946;007003;A326;Aosta;007;AO
1946;AO;007;007031;E165;Gressan;;CS;15/05/1946;007003;A326;Aosta;007;AO
1946;AO;007;007032;E167;Gressoney la Trinité;;CS;15/05/1946;007802;E166;Gressoney;007;AO
1946;AO;007;007033;E168;Gressoney Saint Jean;;CS;15/05/1946;007802;E166;Gressoney;007;AO
1946;AO;007;007038;E391;Jovençan;;CS;15/05/1946;007003;A326;Aosta;007;AO
1946;AO;007;007049;G794;Pollein;;CS;15/05/1946;007003;A326;Aosta;007;AO
1946;AO;007;007057;H497;Roisan;;CS;15/05/1946;007003;A326;Aosta;007;AO
1946;AO;007;007058;H669;Saint Christophe;;CS;15/05/1946;007003;A326;Aosta;007;AO
1946;AO;007;007059;H670;Saint Denis;;CS;15/05/1946;007015;C595;Chambave;007;AO
1946;AO;007;007066;I442;Sarre;;CS;15/05/1946;007003;A326;Aosta;007;AO
1946;AO;007;007072;L783;Verrayes;;CS;15/05/1946;007015;C595;Chambave;007;AO
1946;CE;061;061007;A755;Bellona;;CS;27/04/1946;061809;M035;Villa Volturno;061;CE
1946;CE;061;061100;M092;Vitulazio;;CS;27/04/1946;061809;M035;Villa Volturno;061;CE
1946;NU;091;091050;F933;Noragugume;;CS;27/04/1946;091018;D376;Dualchi;091;NU
1946;CN;004;004038;B621;Canosio;;CS;26/04/1946;004119;E963;Marmora;004;CN
1946;CN;004;004170;G742;Pocapaglia;;CS;26/04/1946;004029;B111;Bra;004;CN
1946;CN;004;004183;H362;Roaschia;;CS;26/04/1946;004192;H453;Roccavione;004;CN
1946;RM;058;058089;H441;Rocca Santo Stefano;;CS;26/04/1946;058012;A749;Bellegra;058;RM
1946;CE;061;061047;E784;Macerata Campania;;CS;26/04/1946;061804;B863;Casalba;061;CE
1946;CE;061;061053;G130;Orta di Atella;;CS;26/04/1946;061803;A483;Atella di Napoli;061;CE
1946;CE;061;061062;G903;Portico di Caserta;;CS;26/04/1946;061804;B863;Casalba;061;CE
1946;CE;061;061087;I306;Sant'Arpino;;CS;26/04/1946;061803;A483;Atella di Napoli;061;CE
1946;CE;061;061090;I993;Succivo;;CS;26/04/1946;061803;A483;Atella di Napoli;061;CE
1946;SA;065;065036;C306;Castiglione del Genovesi;;CS;26/04/1946;065118;H800;San Cipriano Picentino;065;SA
1946;SA;065;065130;I317;Sant'Egidio del Monte Albino;;CS;26/04/1946;065007;A294;Angri;065;SA
1946;SA;065;065138;I486;Scala;;CS;26/04/1946;065006;A251;Amalfi;065;SA
1946;SA;065;065138;I486;Scala;;CS;26/04/1946;065104;H198;Ravello;065;SA
1946;CB;070;070002;A051;Acquaviva d'Isernia;;CS;26/04/1946;070043;D703;Forlì del Sannio;070;CB
1946;RC;080;080094;L127;Terranova Sappo Minulio;;CS;26/04/1946;080093;L063;Taurianova;080;RC
1946;NA;063;063046;F162;Meta;;CS;24/04/1946;063080;I862;Sorrento;063;NA
1946;NA;063;063053;G568;Piano di Sorrento;;CS;24/04/1946;063080;I862;Sorrento;063;NA
1946;NA;063;063071;I208;Sant'Agnello;;CS;24/04/1946;063080;I862;Sorrento;063;NA
1946;CB;070;070036;C854;Colle d'Anchise;;CS;24/04/1946;070007;A930;Bojano;070;CB
1946;ME;083;083003;A201;Alì Marina;;CS;24/04/1946;083002;A194;Alì;083;ME
1946;PU;041;041063;L034;Talamello;;CS;17/04/1946;041039;F137;Novafeltria;041;PU
1946;CA;092;092079;G043;Ollastra Simaxis;;CS;13/04/1946;092133;I743;Simaxis;092;CA
1946;CB;070;070061;E780;Macchia Valfortore;;CS;09/04/1946;070121;I320;Sant'Elia a Pianisi;070;CB
1946;NA;063;063004;A268;Anacapri;;CS;02/04/1946;063014;B696;Capri;063;NA
1946;SA;065;065024;B608;Cannalonga;;CS;02/04/1946;065154;L628;Vallo della Lucania;065;SA
1946;SA;065;065080;F967;Novi Velia;;CS;02/04/1946;065154;L628;Vallo della Lucania;065;SA
1946;CB;070;070122;I507;Scapoli;;CS;02/04/1946;070038;C878;Colli a Volturno;070;CB
1946;CA;092;092059;E903;Maracalagonis;;CS;02/04/1946;092135;I752;Sinnai;092;CA
1946;CA;092;092125;I699;Settimo San Pietro;;CS;02/04/1946;092135;I752;Sinnai;092;CA
1946;CE;061;061019;B872;Casal di Principe;;CS;25/03/1946;061801;A133;Albanova;061;CE
1946;CE;061;061074;H798;San Cipriano d'Aversa;;CS;25/03/1946;061801;A133;Albanova;061;CE
1946;CB;070;070107;H867;San Giacomo degli Schiavoni;;CS;25/03/1946;070128;L113;Termoli;070;CB
1946;AG;084;084008;B460;Camastra;;CS;25/03/1946;084026;F845;Naro;084;AG
1946;NU;091;091031;E049;Girasole;;CS;25/03/1946;091095;A355;Tortolì;091;NU
1946;NU;091;091042;E700;Lotzorai;;CS;25/03/1946;091095;A355;Tortolì;091;NU
1946;CA;092;092018;A721;Bauladu;;CS;25/03/1946;092062;F208;Milis;092;CA
1946;CA;092;092052;E234;Guamaggiore;;CS;25/03/1946;092117;I582;Selegas;092;CA
1946;AO;007;007004;A424;Arnaz;;CS;10/03/1946;007073;C282;Verrès;007;AO
1946;AO;007;007006;A521;Avise;;CS;10/03/1946;007005;A452;Arvier;007;AO
1946;AO;007;007011;B192;Brissogne;;CS;10/03/1946;007054;H110;Quart;007;AO
1946;AO;007;007028;D666;Fontainemore;;CS;10/03/1946;007042;E587;Lilliana;007;AO
1946;AO;007;007034;E273;Hône;;CS;10/03/1946;007009;A643;Bard;007;AO
1946;AO;007;007035;E306;Introd;;CS;10/03/1946;007803;H261;Rhemes;007;AO
1946;AO;007;007035;E306;Introd;;CS;10/03/1946;007074;L981;Villeneuve;007;AO
1946;AO;007;007048;G459;Perloz;;CS;10/03/1946;007052;G854;Pont Saint Martin;007;AO
1946;AO;007;007051;G860;Pontey;;CS;10/03/1946;007020;C294;Châtillon;007;AO
1946;AO;007;007055;H262;Rhêmes Notre Dame;;CS;10/03/1946;007803;H261;Rhemes;007;AO
1946;AO;007;007056;H263;Rhêmes Saint Georges;;CS;10/03/1946;007803;H261;Rhemes;007;AO
1946;AO;007;007060;H671;Saint Marcel;;CS;10/03/1946;007054;H110;Quart;007;AO
1946;AO;007;007061;H672;Saint Nicolas;;CS;10/03/1946;007074;L981;Villeneuve;007;AO
1946;AO;007;007063;H674;Saint Pierre;;CS;10/03/1946;007074;L981;Villeneuve;007;AO
1946;RC;080;080021;B718;Caraffa del Bianco;;CS;09/03/1946;080817;H751;Samo di Calabria;080;RC
1946;RC;080;080024;B966;Casignana;;CS;09/03/1946;080817;H751;Samo di Calabria;080;RC
1946;RC;080;080070;H013;Samo;;CS;09/03/1946;080817;H751;Samo di Calabria;080;RC
1946;RC;080;080079;I198;Sant'Agata del Bianco;;CS;09/03/1946;080817;H751;Samo di Calabria;080;RC
1946;CA;092;092158;L986;Villanovaforru;;CS;09/03/1946;092031;C882;Collinas;092;CA
1946;AN;042;042024;F145;Mergo;;CS;08/03/1946;042803;H576;Rosora Mergo;042;AN
1946;AN;042;042040;H575;Rosora;;CS;08/03/1946;042803;H576;Rosora Mergo;042;AN
1946;RI;057;057025;C969;Contigliano;;CS;08/03/1946;057059;H282;Rieti;057;RI
1946;RI;057;057039;F430;Montasola;;CS;08/03/1946;057026;D124;Cottanello;057;RI
1946;RI;057;057072;L525;Vacone;;CS;08/03/1946;057026;D124;Cottanello;057;RI
1946;NU;091;091027;D888;Galtellì;;CS;08/03/1946;091802;E324;Irgoli di Galtelli;091;NU
1946;NU;091;091033;E323;Irgoli;;CS;08/03/1946;091802;E324;Irgoli di Galtelli;091;NU
1946;NU;091;091040;E646;Loculi;;CS;08/03/1946;091802;E324;Irgoli di Galtelli;091;NU
1946;NU;091;091059;G070;Onifai;;CS;08/03/1946;091802;E324;Irgoli di Galtelli;091;NU
1946;CA;092;092147;L473;Turri;;CS;08/03/1946;092146;L463;Tuili;092;CA
1946;MS;045;045003;B832;Carrara;;CS;04/03/1946;045802;A342;Apuania;045;MS
1946;MS;045;045010;F023;Massa;;CS;04/03/1946;045802;A342;Apuania;045;MS
1946;MS;045;045011;F679;Montignoso;;CS;04/03/1946;045802;A342;Apuania;045;MS
1946;NA;063;063008;B076;Boscoreale;;CS;28/02/1946;063083;L245;Torre Annunziata;063;NA
1946;NA;063;063009;B077;Boscotrecase;;CS;28/02/1946;063083;L245;Torre Annunziata;063;NA
1946;SA;065;065059;E365;Ispani;;CS;28/02/1946;065801;B657;Capitello;065;SA
1946;SA;065;065127;I253;Santa Marina;;CS;28/02/1946;065801;B657;Capitello;065;SA
1946;CA;092;092049;E087;Gonnoscodina;;CS;28/02/1946;092051;E088;Gonnostramatza;092;CA
1946;CA;092;092148;L488;Ulà Tirso;;CS;28/02/1946;092024;B281;Busachi;092;CA
1946;CA;092;092152;L513;Ussaramanna;;CS;28/02/1946;092057;E742;Lunamatrona;092;CA
1946;PR;034;034001;A138;Albareto;;CS;27/02/1946;034006;B042;Borgo Val di Taro;034;PR
1946;CA;092;092129;I724;Siddi;;CS;09/02/1946;092057;E742;Lunamatrona;092;CA
1946;CA;092;092010;A477;Assolo;;CS;08/02/1946;092119;I609;Senis;092;CA
1946;CA;092;092084;G379;Pau;;CS;08/02/1946;092003;A180;Ales;092;CA
1946;CA;092;092088;G669;Pimentel;;CS;08/02/1946;092095;H739;Samatzai;092;CA
1946;CA;092;092115;I570;Segariu;;CS;08/02/1946;092041;D827;Furtei;092;CA
1946;CA;092;092170;M168;Zerfaliu;;CS;08/02/1946;092137;I791;Solarussa;092;CA
1946;TP;081;081013;G208;Paceco;;CS;07/02/1946;081021;L331;Trapani;081;TP
1946;NU;091;091008;A880;Birori;;CS;07/02/1946;091044;E788;Macomer;091;NU
1946;CA;092;092014;A621;Baratili San Pietro;;CS;07/02/1946;092092;H301;Riola Sardo;092;CA
1946;CA;092;092047;E084;Goni;;CS;07/02/1946;092097;H766;San Basilio;092;CA
1946;CA;092;092074;F980;Nurachi;;CS;07/02/1946;092092;H301;Riola Sardo;092;CA
1946;CA;092;092134;I749;Sini;;CS;07/02/1946;092015;A655;Baressa;092;CA
1946;PU;041;041018;D808;Frontone;;CS;06/02/1946;041823;D809;Frontone-Serra;041;PU
1946;PU;041;041061;I654;Serra Sant'Abbondio;;CS;06/02/1946;041823;D809;Frontone-Serra;041;PU
1946;AN;042;042042;I071;San Paolo di Jesi;;CS;06/02/1946;042049;I932;Staffolo;042;AN
1945;AQ;066;066085;H772;San Benedetto dei Marsi;;CS;25/10/1945;066069;G492;Pescina;066;AQ
1945;CT;087;087017;E017;Giarre;;CS;25/10/1945;087801;E018;Ionia;087;CT
1945;CT;087;087039;H325;Riposto;;CS;25/10/1945;087801;E018;Ionia;087;CT
1945;NA;063;063007;A617;Barano d'Ischia;;CS;22/09/1945;063037;E329;Ischia;063;NA
1945;NA;063;063019;B924;Casamicciola;;CS;22/09/1945;063037;E329;Ischia;063;NA
1945;NA;063;063031;D702;Forio;;CS;22/09/1945;063037;E329;Ischia;063;NA
1945;NA;063;063038;E396;Lacco Ameno;;CS;22/09/1945;063037;E329;Ischia;063;NA
1945;NA;063;063078;I652;Serrara Fontana;;CS;22/09/1945;063037;E329;Ischia;063;NA
1945;SA;065;065153;G540;Valle dell'Angelo;;CS;22/09/1945;065095;G538;Piaggine;065;SA
1945;VT;056;056046;H913;San Giovanni di Bieda;;CS;15/09/1945;056007;A857;Bieda;056;VT
1945;SA;065;065011;A487;Atrani;;CS;19/07/1945;065006;A251;Amalfi;065;SA
1945;SA;065;065069;F278;Moio della Civitella;;CS;19/07/1945;065154;L628;Vallo della Lucania;065;SA
1945;RM;058;058007;A323;Anzio;;CS;05/06/1945;058802;F879;Nettunia;058;RM
1945;RM;058;058072;F880;Nettuno;;CS;05/06/1945;058802;F879;Nettunia;058;RM
1945;TV;026;026006;B349;Caerano di San Marco;;CS;01/05/1945;026046;F443;Montebelluna;026;TV
1945;TV;026;026011;C073;Castelcucco;;CS;01/05/1945;026003;A471;Asolo;026;TV
1945;TV;026;026045;F360;Monfumo;;CS;01/05/1945;026003;A471;Asolo;026;TV
1945;TV;026;026065;H220;Refrontolo;;CS;01/05/1945;026057;G645;Pieve di Soligo;026;TV
1945;CA;092;092048;E086;Gonnesa;;CS;21/04/1945;092029;B745;Carbonia;092;CA
1945;CA;092;092048;E086;Gonnesa;;CS;21/04/1945;092055;E281;Iglesias;092;CA
1945;CA;092;092089;G922;Portoscuso;;CS;21/04/1945;092029;B745;Carbonia;092;CA
1945;CS;078;078002;A041;Acquappesa;;CS;22/02/1945;078802;E247;Guardia Piemontese Terme;078;CS
1945;CS;078;078061;E242;Guardia Piemontese;;CS;22/02/1945;078802;E247;Guardia Piemontese Terme;078;CS
1944;SA;065;065055;E026;Giffoni Sei Casali;;CS;24/08/1944;065118;H800;San Cipriano Picentino;065;SA
1944;PZ;076;076081;I426;Sarconi;;CS;04/03/1944;076050;F295;Moliterno;076;PZ
1944;AV;064;064071;G519;Petruro;;CS;01/01/1944;064027;C606;Chianche;064;AV
1944;AV;064;064102;I843;Sorbo Serpico;;CS;01/01/1944;064081;H733;Salza Irpina;064;AV
1941;AO;007;007874;H127;Quincinetto;;CS;28/09/1941;007826;B762;Carema;007;AO
1940;UD;030;030167;L309;Torviscosa;;CS;20/12/1940;030013;A553;Bagnaria Arsa;030;UD
1940;UD;030;030167;L309;Torviscosa;;CS;20/12/1940;030138;H895;San Giorgio di Nogaro;030;UD
1940;UD;030;030167;L309;Torviscosa;;CS;20/12/1940;030068;E083;Gonars;030;UD
1940;VI;024;024112;L554;Valdastico;;CS;13/09/1940;024803;D721;Forni di Val d'Astico;024;VI
1940;VI;024;024112;L554;Valdastico;;CS;13/09/1940;024801;B992;Casotto;024;VI
1940;VI;024;024112;L554;Valdastico;;CS;13/09/1940;024089;H594;Rotzo;024;VI
1940;ME;083;083090;I328;San Teodoro;;CS;29/08/1940;083017;C568;Cesarò;083;ME
1940;CN;004;004208;H851;Sanfrè;;CS;23/05/1940;004029;B111;Bra;004;CN
1940;RI;057;057010;B631;Cantalupo in Sabina;;CS;24/01/1940;057012;A472;Aspra Sabina;057;RI
1940;RM;058;058802;F879;Nettunia;;CS;24/01/1940;058072;F880;Nettuno;058;RM
1940;RM;058;058802;F879;Nettunia;;CS;24/01/1940;058007;A323;Anzio;058;RM
1940;ME;083;083104;L735;Venetico;;CS;24/01/1940;083096;I881;Spadafora;083;ME
1939;CT;087;087801;E018;Giarre Riposto;;CS;28/12/1939;087039;H325;Riposto;087;CT
1939;CT;087;087801;E018;Giarre Riposto;;CS;28/12/1939;087017;E017;Giarre;087;CT
1939;CO;013;013202;H602;Rovello Porro;;CS;04/11/1939;013201;H601;Rovi Porro;013;CO
1939;VC;002;002107;H108;Quarona;;CS;04/10/1939;002016;B041;Borgosesia;002;VC
1939;ME;083;083012;B918;Casalvecchio Siculo;;CS;12/07/1939;083089;I311;Santa Teresa di Riva;083;ME
1939;AO;007;007008;A108;Aimavilla;;CS;04/07/1939;007074;L981;Villanova Baltea;007;AO
1939;RI;057;057061;H427;Roccantica;;CS;04/07/1939;057012;A472;Aspra Sabina;057;RI
1939;NO;003;003156;L746;Verbania;;CS;04/06/1939;003859;E303;Intra;003;NO
1939;NO;003;003156;L746;Verbania;;CS;04/06/1939;003874;G279;Pallanza;003;NO
1939;NU;091;091018;D376;Dualchi;;CS;17/02/1939;091011;B056;Borore;091;NU
1938;MS;045;045802;A342;Apuania;;CS;18/12/1938;045003;B832;Carrara;045;MS
1938;MS;045;045802;A342;Apuania;;CS;18/12/1938;045010;F023;Massa;045;MS
1938;MS;045;045802;A342;Apuania;;CS;18/12/1938;045011;F679;Montignoso;045;MS
1938;RM;058;058079;G811;Pomezia;;CS;27/07/1938;058091;H501;Roma;058;RM
1938;RO;029;029016;C967;Contarina;;CS;10/02/1938;029052;G926;Porto Viro;029;RO
1938;RO;029;029020;D337;Donada;;CS;10/02/1938;029052;G926;Porto Viro;029;RO
1938;CO;013;013228;L487;Uggiate-Trevano;;CS;18/01/1938;013949;L395;Trevano;013;CO
1938;CO;013;013228;L487;Uggiate-Trevano;;CS;18/01/1938;013950;L486;Uggiate;013;CO
1938;CA;092;092029;B745;Carbonia;;CS;08/01/1938;092055;E281;Iglesias;092;CA
1938;CA;092;092029;B745;Carbonia;;CS;08/01/1938;092048;E086;Gonnesa;092;CA
1938;CA;092;092029;B745;Carbonia;;CS;08/01/1938;092807;I623;Serbariu;092;CA
1937;PL;702;702703;A442;Arsia;;CS;06/11/1937;702701;A170;Albona;702;PL
1937;PL;702;702703;A442;Arsia;;CS;06/11/1937;702704;A624;Barbana d'Istria;702;PL
1937;RM;058;058047;E263;Guidonia Montecelio;;CS;03/11/1937;058091;H501;Roma;058;RM
1937;RM;058;058047;E263;Guidonia Montecelio;;CS;03/11/1937;058104;L182;Tivoli;058;RM
1937;RM;058;058047;E263;Guidonia Montecelio;;CS;03/11/1937;058801;F466;Montecelio;058;RM
1937;RM;058;058047;E263;Guidonia Montecelio;;CS;03/11/1937;058098;I284;Sant'Angelo Romano;058;RM
1937;CO;013;013053;B977;Casnate con Bernate;;CS;10/10/1937;013817;A803;Bernate Rosales;013;CO
1937;CO;013;013053;B977;Casnate con Bernate;;CS;10/10/1937;013844;B976;Casnate;013;CO
1937;CS;078;078005;A105;Aieta;;CS;18/07/1937;078101;G975;Praia a Mare;078;CS
1937;CS;078;078008;A234;Altilia;;CS;18/07/1937;078072;E859;Malito;078;CS
1937;CS;078;078014;A768;Belsito;;CS;18/07/1937;078072;E859;Malito;078;CS
1937;CS;078;078027;B813;Carpanzano;;CS;18/07/1937;078139;D290;Scigliano;078;CS
1937;CS;078;078038;C554;Cervicati;;CS;18/07/1937;078123;H981;San Marco Argentano;078;CS
1937;CS;078;078047;D184;Crosia;;CS;18/07/1937;078021;B424;Calopezzati;078;CS
1937;CS;078;078067;E677;Longobardi;;CS;18/07/1937;078055;D624;Fiumefreddo Bruzio;078;CS
1937;CS;078;078078;F001;Marzi;;CS;18/07/1937;078105;H490;Rogliano;078;CS
1937;CS;078;078096;G411;Pedivigliano;;CS;18/07/1937;078139;D290;Scigliano;078;CS
1937;CS;078;078112;H774;San Benedetto Ullano;;CS;18/07/1937;078081;F416;Montalto Uffugo;078;CS
1937;CS;078;078126;I108;San Pietro in Amantea;;CS;18/07/1937;078010;A253;Amantea;078;CS
1937;CS;078;078134;I359;Santo Stefano di Rogliano;;CS;18/07/1937;078105;H490;Rogliano;078;CS
1937;CS;078;078135;I388;San Vincenzo La Costa;;CS;18/07/1937;078081;F416;Montalto Uffugo;078;CS
1937;CS;078;078140;I642;Serra d'Aiello;;CS;18/07/1937;078004;A102;Aiello Calabro;078;CS
1937;CS;078;078144;I898;Spezzano Piccolo;;CS;18/07/1937;078143;I896;Spezzano della Sila;078;CS
1937;CS;078;078149;L305;Tortora;;CS;18/07/1937;078101;G975;Praia a Mare;078;CS
1937;PU;041;041016;D791;Fratte Rosa;;CS;11/07/1937;041054;H958;San Lorenzo in Campo;041;PU
1937;CB;070;070039;C941;Conca Casale;;CS;24/02/1937;070135;L725;Venafro;070;CB
1937;CB;070;070059;E778;Macchia d'Isernia;;CS;24/02/1937;070052;E335;Isernia;070;CB
1937;CB;070;070065;F239;Miranda;;CS;24/02/1937;070052;E335;Isernia;070;CB
1937;CB;070;070081;G486;Pesche;;CS;24/02/1937;070052;E335;Isernia;070;CB
1937;CB;070;070086;G523;Pettoranello del Molise;;CS;24/02/1937;070052;E335;Isernia;070;CB
1937;CB;070;070093;G954;Pozzilli;;CS;24/02/1937;070135;L725;Venafro;070;CB
1937;CB;070;070125;I682;Sesto Campano;;CS;24/02/1937;070135;L725;Venafro;070;CB
1936;PV;018;018857;G810;Pometo;;CS;22/10/1936;018132;H637;Ruino;018;PV
1936;PV;018;018857;G810;Pometo;;CS;22/10/1936;018028;B599;Canevino;018;PV
1936;PT;047;047001;A012;Abetone;;CS;26/07/1936;047004;D235;Cutigliano;047;PT
1936;PT;047;047001;A012;Abetone;;CS;26/07/1936;036014;D617;Fiumalbo;036;MO
1936;RC;080;080049;F106;Melicucco;;CS;15/07/1936;080061;G791;Polistena;080;RC
1936;RC;080;080049;F106;Melicucco;;CS;15/07/1936;080069;H558;Rosarno;080;RC
1936;LT;059;059001;A341;Aprilia;;CS;25/04/1936;058091;H501;Roma;058;RM
1935;RM;058;058034;C858;Colleferro;;CS;23/07/1935;058110;L639;Valmontone;058;RM
1935;RM;058;058034;C858;Colleferro;;CS;23/07/1935;058042;D964;Genazzano;058;RM
1935;RM;058;058034;C858;Colleferro;;CS;23/07/1935;058091;H501;Roma;058;RM
1935;LT;059;059017;G865;Pontinia;;CS;18/07/1935;059019;G698;Priverno;059;LT
1935;LT;059;059017;G865;Pontinia;;CS;18/07/1935;059032;L120;Terracina;059;LT
1935;LT;059;059017;G865;Pontinia;;CS;18/07/1935;059028;I712;Sezze;059;LT
1935;PZ;076;076022;C199;Castelluccio Inferiore;;CS;16/06/1935;076801;C196;Castelluccio;076;PZ
1935;PZ;076;076023;C201;Castelluccio Superiore;;CS;16/06/1935;076801;C196;Castelluccio;076;PZ
1935;CZ;079;079120;I334;Sant'Eufemia Lamezia;;CS;06/06/1935;079085;F888;Nicastro;079;CZ
1935;CZ;079;079120;I334;Sant'Eufemia Lamezia;;CS;06/06/1935;079060;E068;Gizzeria;079;CZ
1935;CZ;079;079120;I334;Sant'Eufemia Lamezia;;CS;06/06/1935;079039;D218;Curinga;079;CZ
1935;CZ;079;079120;I334;Sant'Eufemia Lamezia;;CS;06/06/1935;079069;E834;Maida;079;CZ
1935;CZ;079;079120;I334;Sant'Eufemia Lamezia;;CS;06/06/1935;079114;I093;San Pietro a Maida;079;CZ
1935;AO;007;007040;E458;Sala Dora;;CS;05/06/1935;007804;L560;Valdigna d'Aosta;007;AO
1935;AO;007;007044;F726;Valdigna d'Aosta;;CS;05/06/1935;007804;L560;Valdigna d'Aosta;007;AO
1935;AO;007;007856;F906;Noasca;;CS;05/06/1935;007830;C505;Ceresole Reale;007;AO
1935;CB;070;070033;C620;Chiauci;;CS;31/05/1935;070082;G495;Pescolanciano;070;CB
1935;PZ;076;076062;G663;Pignola;;CS;05/03/1935;076063;G942;Potenza;076;PZ
1934;TO;001;001263;I692;Sestrières;;CS;23/11/1934;001074;C564;Cesana Torinese;001;TO
1934;TO;001;001263;I692;Sestrières;;CS;23/11/1934;001201;G973;Pragelato;001;TO
1934;CA;092;092001;A007;Abbasanta;;CS;02/11/1934;092045;E004;Ghilarza;092;CA
1934;AR;051;051032;H008;Pratovecchio;;CS;27/09/1934;051802;H009;Pratovecchio Stia;051;AR
1934;AR;051;051036;I952;Stia;;CS;27/09/1934;051802;H009;Pratovecchio Stia;051;AR
1934;CT;087;087048;I314;Santa Venerina;;CS;07/04/1934;087055;M139;Zafferana Etnea;087;CT
1934;CT;087;087048;I314;Santa Venerina;;CS;07/04/1934;087004;A028;Acireale;087;CT
1934;CT;087;087048;I314;Santa Venerina;;CS;07/04/1934;087017;E017;Giarre;087;CT
1934;BN;062;062074;L086;Telese;;CS;08/03/1934;062073;I809;Solopaca;062;BN
1934;CR;019;019017;B881;Casale Cremasco-Vidolasco;;CS;07/03/1934;019826;B874;Casale Cremasco;019;CR
1934;CR;019;019017;B881;Casale Cremasco-Vidolasco;;CS;07/03/1934;019921;L855;Vidolasco;019;CR
1934;MC;043;043020;D853;Gagliole;;CS;07/03/1934;043009;C251;Castelraimondo;043;MC
1934;CB;070;070006;A761;Belmonte del Sannio;;CS;07/03/1934;070003;A080;Agnone;070;CB
1934;CB;070;070090;G727;Pizzone;;CS;07/03/1934;070027;C270;Castel San Vincenzo;070;CB
1934;CB;070;070102;H458;Rocchetta a Volturno;;CS;07/03/1934;070038;C878;Colli a Volturno;070;CB
1934;CS;078;078022;B426;Caloveto;;CS;07/03/1934;078046;D180;Cropalati;078;CS
1934;CS;078;078042;C795;Cleto;;CS;07/03/1934;078004;A102;Aiello Calabro;078;CS
1934;CS;078;078066;E475;Lattarico;;CS;07/03/1934;078081;F416;Montalto Uffugo;078;CS
1934;CS;078;078073;E872;Malvito;;CS;07/03/1934;078051;D464;Fagnano Castello;078;CS
1934;CS;078;078075;E888;Mangone;;CS;07/03/1934;078105;H490;Rogliano;078;CS
1934;CS;078;078089;G298;Paludi;;CS;07/03/1934;078046;D180;Cropalati;078;CS
1934;CS;078;078093;G331;Parenti;;CS;07/03/1934;078105;H490;Rogliano;078;CS
1934;CS;078;078099;G622;Pietrapaola;;CS;07/03/1934;078074;E878;Mandatoriccio;078;CS
1934;CS;078;078129;I171;Santa Caterina Albanese;;CS;07/03/1934;078051;D464;Fagnano Castello;078;CS
1934;CT;087;087013;C091;Castel di Iudica;;CS;07/03/1934;087037;H168;Ramacca;087;CT
1934;CB;070;070056;E669;Longano;;CS;25/02/1934;070052;E335;Isernia;070;CB
1934;CB;070;070116;I189;Sant'Agapito;;CS;25/02/1934;070052;E335;Isernia;070;CB
1934;TO;001;001188;G505;Pessinetto;;CS;01/02/1934;001152;F182;Mezzenile;001;TO
1934;PL;702;702706;B186;Brioni Maggiore;;CS;26/01/1934;702731;G778;Pola;702;PL
1933;RM;058;058942;H647;Sabaudia;;CS;13/09/1933;058944;H836;San Felice Circeo;058;RM
1933;RM;058;058942;H647;Sabaudia;;CS;13/09/1933;058965;L120;Terracina;058;RM
1933;RM;058;058942;H647;Sabaudia;;CS;13/09/1933;058953;I712;Sezze;058;RM
1933;RM;058;058942;H647;Sabaudia;;CS;13/09/1933;058844;C740;Cisterna di Roma;058;RM
1933;SS;090;090016;B094;Bottidda;;CS;01/08/1933;090012;A977;Bono;090;SS
1933;SV;009;009013;B005;Borgio Verezzi;;CS;24/05/1933;009804;B004;Borgio;009;SV
1933;SV;009;009013;B005;Borgio Verezzi;;CS;24/05/1933;009830;L759;Verezzi;009;SV
1933;CH;069;069052;F498;Monteferrante;;CS;19/05/1933;069026;C856;Colledimezzo;069;CH
1933;CB;070;070119;I289;Sant'Angelo Limosano;;CS;26/04/1933;070055;E599;Limosano;070;CB
1933;ME;083;083050;F210;Militello Rosmarino;;CS;04/02/1933;083084;I199;Sant'Agata di Militello;083;ME
1933;ME;083;083079;H982;San Marco d'Alunzio;;CS;04/02/1933;083084;I199;Sant'Agata di Militello;083;ME
1933;RC;080;080096;M018;Villa San Giovanni;;CS;26/01/1933;080063;H224;Reggio di Calabria;080;RC
1932;RM;058;058884;E472;Littoria;;CS;06/11/1932;058951;I634;Sermoneta;058;RM
1932;RM;058;058884;E472;Littoria;;CS;06/11/1932;058844;C740;Cisterna di Roma;058;RM
1932;VR;023;023071;H924;San Giovanni Lupatoto;;CS;19/08/1932;023091;L781;Verona;023;VR
1932;FG;071;071026;E363;Isole Tremiti;;CS;12/02/1932;;;;;
1932;PZ;076;076024;C209;Castelmezzano;;CS;24/01/1932;076061;G623;Pietrapertosa;076;PZ
1931;FU;701;701701;A009;Abbazia;;CS;22/12/1931;701811;M117;Volosca-Abbazia;701;FU
1931;FU;701;701701;A009;Abbazia;;CS;22/12/1931;701710;F060;Mattuglie;701;FU
1931;FU;701;701701;A009;Abbazia;;CS;22/12/1931;701801;A336;Apriano;701;FU
1931;BZ;021;021107;L564;Val di Vizze/Pfitsch;Pfitsch;CS;06/12/1931;021866;G996;Prati/Wiesen;021;BZ
1931;BZ;021;021107;L564;Val di Vizze/Pfitsch;Pfitsch;CS;06/12/1931;021923;M099;Vizze/Pfitsch;021;BZ
1931;CA;092;092005;A357;Mussolinia di Sardegna;;CS;20/02/1931;092080;G113;Oristano;092;CA
1931;CA;092;092005;A357;Mussolinia di Sardegna;;CS;20/02/1931;092142;L122;Terralba;092;CA
1930;PG;054;054005;B504;Campello sul Clitunno;;CS;14/09/1930;054051;I921;Spoleto;054;PG
1930;PG;054;054008;C252;Castel Ritaldi;;CS;14/09/1930;054051;I921;Spoleto;054;PG
1930;PG;054;054021;E012;Giano dell'Umbria;;CS;14/09/1930;054051;I921;Spoleto;054;PG
1930;PG;054;054045;I263;Sant'Anatolia di Narco;;CS;14/09/1930;054051;I921;Spoleto;054;PG
1930;PG;054;054047;I523;Scheggino;;CS;14/09/1930;054051;I921;Spoleto;054;PG
1930;PG;054;054058;L627;Vallo di Nera;;CS;14/09/1930;054051;I921;Spoleto;054;PG
1929;SV;009;009063;L499;Urbe;;CS;13/06/1929;009819;G014;Olba;009;SV
1929;SV;009;009063;L499;Urbe;;CS;13/06/1929;009818;E985;Martina Olba;009;SV
1929;ME;083;083096;I881;Spadafora;;CS;13/06/1929;083103;L561;Valdina;083;ME
1929;ME;083;083096;I881;Spadafora;;CS;13/06/1929;083808;I882;Spadafora San Martino;083;ME
1929;ME;083;083096;I881;Spadafora;;CS;13/06/1929;083104;L735;Venetico;083;ME
1929;AL;006;006816;F472;Montechiaro Denice;;CS;02/06/1929;006065;D272;Denice;006;AL
1929;AL;006;006816;F472;Montechiaro Denice;;CS;02/06/1929;006106;F469;Montechiaro d'Acqui;006;AL
1929;ME;083;083105;L950;Villafranca Tirrena;;CS;02/06/1929;083802;B438;Calvaruso;083;ME
1929;ME;083;083105;L950;Villafranca Tirrena;;CS;02/06/1929;083801;A723;Bauso;083;ME
1929;ME;083;083105;L950;Villafranca Tirrena;;CS;02/06/1929;083048;F158;Messina;083;ME
1929;ME;083;083105;L950;Villafranca Tirrena;;CS;02/06/1929;083092;I420;Saponara Villafranca;083;ME
1929;CO;013;013242;L792;Vertemate con Minoprio;;CS;30/05/1929;013899;F222;Minoprio;013;CO
1929;CO;013;013242;L792;Vertemate con Minoprio;;CS;30/05/1929;013955;L791;Vertemate;013;CO
1929;AO;007;007804;L560;Valdigna d'Aosta;;CS;28/05/1929;007044;F726;Morgex;007;AO
1929;AO;007;007804;L560;Valdigna d'Aosta;;CS;28/05/1929;007040;E458;La Salle;007;AO
1929;PV;018;018142;I230;Santa Margherita di Staffora;;CS;28/05/1929;018827;C434;Cella di Bobbio;018;PV
1929;PV;018;018142;I230;Santa Margherita di Staffora;;CS;28/05/1929;018866;I227;Santa Margherita di Bobbio;018;PV
1929;PV;018;018142;I230;Santa Margherita di Staffora;;CS;28/05/1929;018089;F122;Menconico;018;PV
1929;AO;007;007861;G269;Palazzo Piverone;;CS;25/05/1929;007868;G719;Piverone;007;AO
1929;AO;007;007861;G269;Palazzo Piverone;;CS;25/05/1929;007860;G262;Palazzo Canavese;007;AO
1929;BG;016;016179;H177;Ranzanico;;CS;23/05/1929;016093;D406;Endine Gaiano;016;BG
1929;VC;002;002005;A280;Andorno Micca;;CS;21/05/1929;002826;H932;San Giuseppe di Casto;002;VC
1929;VC;002;002005;A280;Andorno Micca;;CS;21/05/1929;002143;L075;Tavigliano;002;VC
1929;VC;002;002005;A280;Andorno Micca;;CS;21/05/1929;002124;H662;Sagliano Micca;002;VC
1929;VC;002;002005;A280;Andorno Micca;;CS;21/05/1929;002802;A279;Andorno Cacciorna;002;VC
1929;VC;002;002005;A280;Andorno Micca;;CS;21/05/1929;002077;F189;Miagliano;002;VC
1929;SA;065;065014;A717;Battipaglia;;CS;21/05/1929;065073;F481;Montecorvino Rovella;065;SA
1929;SA;065;065014;A717;Battipaglia;;CS;21/05/1929;065050;D390;Eboli;065;SA
1929;TE;067;067035;F831;Pineto;;CS;21/05/1929;067004;A488;Atri;067;TE
1929;BG;016;016816;C455;Cenate d'Argon;;CS;18/05/1929;016815;C454;Cenate;016;BG
1929;BG;016;016816;C455;Cenate d'Argon;;CS;18/05/1929;016189;B310;San Paolo d'Argon;016;BG
1929;CO;013;013839;B852;Carugo con Arosio;;CS;16/05/1929;013012;A430;Arosio;013;CO
1929;CO;013;013839;B852;Carugo con Arosio;;CS;16/05/1929;013048;B851;Carugo;013;CO
1929;BZ;021;021109;L601;Valle di Casies/Gsies;Gsies;CS;15/05/1929;021816;C861;Colle in Casies/Pichl in Gsies;021;BZ
1929;BZ;021;021109;L601;Valle di Casies/Gsies;Gsies;CS;15/05/1929;021887;I010;San Martino in Casies/St. Martin in Gsies;021;BZ
1929;BZ;021;021109;L601;Valle di Casies/Gsies;Gsies;CS;15/05/1929;021892;I223;Santa Maddalena in Casies/St. Magdalena in Gsies;021;BZ
1929;BG;016;016241;L938;Villa d'Ogna;;CS;14/05/1929;016147;G054;Oltressenda Alta;016;BG
1929;BG;016;016241;L938;Villa d'Ogna;;CS;14/05/1929;016163;G574;Piario;016;BG
1929;BG;016;016241;L938;Villa d'Ogna;;CS;14/05/1929;016845;G055;Oltressenda Bassa;016;BG
1929;BG;016;016859;H616;Rovetta con Fino;;CS;14/05/1929;016099;D604;Fino del Monte;016;BG
1929;BG;016;016859;H616;Rovetta con Fino;;CS;14/05/1929;016187;H615;Rovetta;016;BG
1929;BZ;021;021067;H004;Prato allo Stelvio/Prad am Stilfserjoch;Prad am Stilfserjoch;CS;14/05/1929;021095;I948;Stelvio/Stilfs;021;BZ
1929;BZ;021;021067;H004;Prato allo Stelvio/Prad am Stilfserjoch;Prad am Stilfserjoch;CS;14/05/1929;021868;ND;Prato di Venosta/Prad;021;BZ
1929;BZ;021;021067;H004;Prato allo Stelvio/Prad am Stilfserjoch;Prad am Stilfserjoch;CS;14/05/1929;021855;F470;Montechiaro/Lichtenberg;021;BZ
1929;TE;067;067040;I741;Silvi;;CS;03/05/1929;067004;A488;Atri;067;TE
1929;NA;063;063842;D558;Fertilia;;CS;23/04/1929;063890;L155;Teverola;063;NA
1929;NA;063;063842;D558;Fertilia;;CS;23/04/1929;063832;B916;Casaluce;063;NA
1929;AL;006;006926;I020;San Marzano Moasca;;CS;20/04/1929;006927;I017;San Marzano Oliveto;006;AL
1929;AL;006;006926;I020;San Marzano Moasca;;CS;20/04/1929;006889;F254;Moasca;006;AL
1929;PV;018;018175;L788;Verrua Po;;CS;19/04/1929;018883;L786;Verrua Siccomario;018;PV
1929;PV;018;018175;L788;Verrua Po;;CS;19/04/1929;018119;H204;Rea;018;PV
1929;AL;006;006908;G358;Passerano Marmorito;;CS;13/04/1929;005806;E964;Marmorito;006;AL
1929;AL;006;006908;G358;Passerano Marmorito;;CS;13/04/1929;005809;H065;Primeglio Schierano;006;AL
1929;AL;006;006908;G358;Passerano Marmorito;;CS;13/04/1929;005808;G357;Passerano;006;AL
1929;AO;007;007865;G401;Pedanea;;CS;12/04/1929;007836;C868;Colleretto Parella;007;AO
1929;AO;007;007865;G401;Pedanea;;CS;12/04/1929;007862;G330;Parella;007;AO
1929;AO;007;007865;G401;Pedanea;;CS;12/04/1929;007891;I969;Strambinello;007;AO
1929;AO;007;007865;G401;Pedanea;;CS;12/04/1929;007872;H100;Quagliuzzo;007;AO
1929;AO;007;007865;G401;Pedanea;;CS;12/04/1929;007847;E683;Loranzè;007;AO
1929;NA;063;063846;D799;Frignano;;CS;12/04/1929;063876;H978;San Marcellino;063;NA
1929;NA;063;063846;D799;Frignano;;CS;12/04/1929;063845;D800;Frignano Maggiore;063;NA
1929;NA;063;063846;D799;Frignano;;CS;12/04/1929;063896;D801;Frignano Piccolo;063;NA
1929;CZ;079;079041;D253;Dasà;;CS;11/04/1929;079001;A043;Acquaro;079;CZ
1929;CN;004;004814;H060;Priero Montezemolo;;CS;26/03/1929;004175;H059;Priero;004;CN
1929;CN;004;004814;H060;Priero Montezemolo;;CS;26/03/1929;004141;F666;Montezemolo;004;CN
1929;CN;004;004814;H060;Priero Montezemolo;;CS;26/03/1929;004054;C214;Castelnuovo di Ceva;004;CN
1929;TN;022;022805;A822;Beseno;;CS;26/03/1929;022035;B419;Calliano;022;TN
1929;TN;022;022805;A822;Beseno;;CS;26/03/1929;022013;A821;Besenello;022;TN
1929;BZ;021;021110;L660;Vandoies/Vintl;Vintl;CS;24/03/1929;021829;D820;Fundres/Pfunders;021;BZ
1929;BZ;021;021110;L660;Vandoies/Vintl;Vintl;CS;24/03/1929;021917;L662;Vandoies di Sotto/Niedervintl;021;BZ
1929;BZ;021;021110;L660;Vandoies/Vintl;Vintl;CS;24/03/1929;021916;L661;Vandoies di Sopra/Obervintl;021;BZ
1929;BZ;021;021110;L660;Vandoies/Vintl;Vintl;CS;24/03/1929;021912;L587;Vallarga/Weitental;021;BZ
1929;PV;018;018046;C541;Certosa di Pavia;;CS;21/03/1929;018874;L260;Torre del Mangano;018;PV
1929;PV;018;018046;C541;Certosa di Pavia;;CS;21/03/1929;018015;A989;Borgarello;018;PV
1929;PV;018;018046;C541;Certosa di Pavia;;CS;21/03/1929;018876;L289;Torriano;018;PV
1929;AR;051;051802;H009;Pratovecchio Stia;;CS;12/03/1929;051036;I952;Stia;051;AR
1929;AR;051;051802;H009;Pratovecchio Stia;;CS;12/03/1929;051032;H008;Pratovecchio;051;AR
1929;AO;007;007812;A585;Bairo Torre;;CS;24/02/1929;007811;A584;Bairo;007;AO
1929;AO;007;007812;A585;Bairo Torre;;CS;24/02/1929;007895;L247;Torre Bairo;007;AO
1929;PV;018;018890;M151;Zavattarello Valverde;;CS;24/02/1929;018184;M150;Zavattarello;018;PV
1929;PV;018;018890;M151;Zavattarello Valverde;;CS;24/02/1929;018170;L659;Valverde;018;PV
1929;BZ;021;021108;L595;Valle Aurina/Ahrntal;Ahrntal;CS;21/02/1929;021068;H019;Predoi/Prettau;021;BZ
1929;BZ;021;021108;L595;Valle Aurina/Ahrntal;Ahrntal;CS;21/02/1929;021888;I087;San Pietro/St. Peter in Ahrn;021;BZ
1929;BZ;021;021108;L595;Valle Aurina/Ahrntal;Ahrntal;CS;21/02/1929;021839;E768;Lutago/Luttach;021;BZ
1929;BZ;021;021108;L595;Valle Aurina/Ahrntal;Ahrntal;CS;21/02/1929;021883;H902;San Giovanni/St. Johann in Ahrn;021;BZ
1929;BZ;021;021108;L595;Valle Aurina/Ahrntal;Ahrntal;CS;21/02/1929;021881;H866;San Giacomo/St. Jakob in Ahrn;021;BZ
1929;BZ;021;021018;C062;Castelbello-Ciardes/Kastelbell-Tschars;Kastelbell-Tschars;CS;14/02/1929;021807;C061;Castelbello/Kastelbell;021;BZ
1929;BZ;021;021018;C062;Castelbello-Ciardes/Kastelbell-Tschars;Kastelbell-Tschars;CS;14/02/1929;021856;F505;Montefontana/Tomberg;021;BZ
1929;BZ;021;021018;C062;Castelbello-Ciardes/Kastelbell-Tschars;Kastelbell-Tschars;CS;14/02/1929;021812;C671;Ciardes/Tschars;021;BZ
1929;BZ;021;021018;C062;Castelbello-Ciardes/Kastelbell-Tschars;Kastelbell-Tschars;CS;14/02/1929;021818;C907;Colsano/Galsaun;021;BZ
1929;BZ;021;021018;C062;Castelbello-Ciardes/Kastelbell-Tschars;Kastelbell-Tschars;CS;14/02/1929;021834;E399;Lacinigo/Latschinig;021;BZ
1929;BZ;021;021057;F856;Naz-Sciaves/Natz-Schabs;Natz-Schabs;CS;14/02/1929;021894;I516;Sciaves/Schabs;021;BZ
1929;BZ;021;021057;F856;Naz-Sciaves/Natz-Schabs;Natz-Schabs;CS;14/02/1929;021860;F855;Naz/Natz;021;BZ
1929;SA;065;065095;G538;Piaggine;;CS;10/02/1929;065806;G539;Piaggine Soprane;065;SA
1929;SA;065;065095;G538;Piaggine;;CS;10/02/1929;065153;G540;Valle dell'Angelo;065;SA
1929;CO;013;013948;L370;Tremezzina;;CS;08/02/1929;013225;L371;Tremezzo;013;CO
1929;CO;013;013948;L370;Tremezzina;;CS;08/02/1929;013148;F181;Mezzegra;013;CO
1929;CO;013;013948;L370;Tremezzina;;CS;08/02/1929;013125;E525;Lenno;013;CO
1929;CR;019;019065;G222;Paderno Ossolaro;;CS;24/01/1929;019874;G180;Ossolaro;019;CR
1929;CR;019;019065;G222;Paderno Ossolaro;;CS;24/01/1929;019875;G219;Paderno Cremonese;019;CR
1929;VR;023;023078;I292;Sant'Anna d'Alfaedo;;CS;24/01/1929;023814;H084;Prun;023;VR
1929;VR;023;023078;I292;Sant'Anna d'Alfaedo;;CS;24/01/1929;023805;B155;Breonio;023;VR
1929;UD;030;030121;H089;Pulfero;;CS;24/01/1929;030820;L052;Tarcetta;030;UD
1929;UD;030;030121;H089;Pulfero;;CS;24/01/1929;030817;H471;Rodda;030;UD
1929;AO;007;007899;B510;Valprato Soana;;CS;22/01/1929;001871;L645;Valprato;007;AO
1929;AO;007;007899;B510;Valprato Soana;;CS;22/01/1929;001813;ND;Campiglia Soana;007;AO
1929;RO;029;029052;G926;Taglio di Porto Viro;;CS;13/01/1929;029016;C967;Contarina;029;RO
1929;RO;029;029052;G926;Taglio di Porto Viro;;CS;13/01/1929;029030;E689;Loreo;029;RO
1929;RO;029;029052;G926;Taglio di Porto Viro;;CS;13/01/1929;029020;D337;Donada;029;RO
1929;RO;029;029052;G926;Taglio di Porto Viro;;CS;13/01/1929;029039;G923;Porto Tolle;029;RO
1928;TN;022;022200;L200;Ton;;CS;22/12/1928;022938;L891;Vigo d'Anaunia;022;TN
1928;TN;022;022200;L200;Ton;;CS;22/12/1928;022930;L313;Toss;022;TN
1928;TN;022;022200;L200;Ton;;CS;22/12/1928;022865;F014;Masi di Vigo;022;TN
1928;AO;007;007829;C241;Castelnuovo Nigra;;CS;19/12/1928;001872;L921;Villa Castelnuovo;007;AO
1928;AO;007;007829;C241;Castelnuovo Nigra;;CS;19/12/1928;007834;C711;Cintano;007;AO
1928;AO;007;007829;C241;Castelnuovo Nigra;;CS;19/12/1928;001858;H697;Sale Castelnuovo;007;AO
1928;FI;048;048022;E291;Impruneta;;CS;16/12/1928;048802;D887;Galluzzo;048;FI
1928;CO;013;013043;B653;Salvadera;;CS;15/12/1928;013832;B652;Capiago;013;CO
1928;CO;013;013043;B653;Salvadera;;CS;15/12/1928;013886;E302;Intimiano;013;CO
1928;CR;019;019068;G469;Persico Dosimo;;CS;15/12/1928;019878;G468;Persico;019;CR
1928;CR;019;019068;G469;Persico Dosimo;;CS;15/12/1928;019824;B811;Carpaneta con Dosimo;019;CR
1928;NO;003;003054;D134;Craveggia;;CS;14/12/1928;003136;I249;Santa Maria Maggiore;003;NO
1928;NO;003;003112;G134;Orta San Giulio;;CS;14/12/1928;003873;G132;Orta Novarese;003;NO
1928;NO;003;003112;G134;Orta San Giulio;;CS;14/12/1928;003861;E359;Isola San Giulio;003;NO
1928;NA;063;063831;B863;Casalba;;CS;14/12/1928;063866;G903;Portico di Caserta;063;NA
1928;NA;063;063831;B863;Casalba;;CS;14/12/1928;063852;E784;Macerata Campania;063;NA
1928;BR;074;074014;I045;San Michele Salentino;;CS;13/12/1928;074017;I396;San Vito dei Normanni;074;BR
1928;CO;013;013935;I241;Santa Maria di Rovagnate;;CS;12/12/1928;013209;I243;Santa Maria Hoè;013;CO
1928;CO;013;013935;I241;Santa Maria di Rovagnate;;CS;12/12/1928;013200;H596;Rovagnate;013;CO
1928;PV;018;018038;C157;Castelletto di Branduzzo;;CS;09/12/1928;018805;B122;Branduzzo;018;PV
1928;PV;018;018038;C157;Castelletto di Branduzzo;;CS;09/12/1928;018825;C164;Castelletto Po;018;PV
1928;BZ;021;021016;B529;Campo di Trens/Freienfeld;Freienfeld;CS;09/12/1928;021899;I958;Stilves/Stilfes;021;BZ
1928;BZ;021;021016;B529;Campo di Trens/Freienfeld;Freienfeld;CS;09/12/1928;021859;F803;Mules/Mauls;021;BZ
1928;BZ;021;021016;B529;Campo di Trens/Freienfeld;Freienfeld;CS;09/12/1928;021908;L374;Trens/Trens;021;BZ
1928;BS;017;017140;G475;Pertica Bassa;;CS;01/12/1928;017849;E567;Levrange;017;BS
1928;BS;017;017140;G475;Pertica Bassa;;CS;01/12/1928;017866;G073;Ono Degno;017;BS
1928;BS;017;017140;G475;Pertica Bassa;;CS;01/12/1928;017805;A510;Avenone;017;BS
1928;PV;018;018016;B028;Borgo Priolo;;CS;29/11/1928;018875;L261;Torre del Monte;018;PV
1928;PV;018;018016;B028;Borgo Priolo;;CS;29/11/1928;018869;I933;Staghiglione;018;PV
1928;BS;017;017139;G474;Pertica Alta;;CS;27/11/1928;017850;E619;Livemmo;017;BS
1928;BS;017;017139;G474;Pertica Alta;;CS;27/11/1928;017807;A767;Bel Prato;017;BS
1928;BS;017;017139;G474;Pertica Alta;;CS;27/11/1928;017863;F854;Navono;017;BS
1928;BS;017;017131;G247;Paisco Loveno;;CS;10/11/1928;017851;E701;Loveno Grumello;017;BS
1928;BS;017;017131;G247;Paisco Loveno;;CS;10/11/1928;017869;G246;Paisco;017;BS
1928;PV;018;018815;B568;Campospinoso Albaredo;;CS;10/11/1928;018002;A134;Albaredo Arnaboldi;018;PV
1928;PV;018;018815;B568;Campospinoso Albaredo;;CS;10/11/1928;018026;B567;Campospinoso;018;PV
1928;CO;013;013887;E347;Isola Comacina;;CS;03/11/1928;013172;G182;Ossuccio;013;CO
1928;CO;013;013887;E347;Isola Comacina;;CS;03/11/1928;013074;C902;Colonno;013;CO
1928;CO;013;013887;E347;Isola Comacina;;CS;03/11/1928;013203;H679;Sala Comacina;013;CO
1928;MI;015;015077;C707;Cinisello Balsamo;;CS;03/11/1928;015805;A602;Balsamo;015;MI
1928;MI;015;015077;C707;Cinisello Balsamo;;CS;03/11/1928;015858;C706;Cinisello;015;MI
1928;TN;022;022179;I899;Spiazzo;;CS;30/10/1928;022876;F755;Mortaso;022;TN
1928;TN;022;022179;I899;Spiazzo;;CS;30/10/1928;022841;D616;Fisto;022;TN
1928;TN;022;022179;I899;Spiazzo;;CS;30/10/1928;022811;B065;Borzago;022;TN
1928;NO;003;003132;H777;San Bernardino Verbano;;CS;28/10/1928;003878;H600;Rovegro;003;NO
1928;NO;003;003132;H777;San Bernardino Verbano;;CS;28/10/1928;003815;A862;Bieno;003;NO
1928;NO;003;003132;H777;San Bernardino Verbano;;CS;28/10/1928;003886;I343;Santino;003;NO
1928;BZ;021;021872;M307;Rasun Valdaora/Rasen Olang;Rasen Olang;CS;17/10/1928;021871;H191;Rasun di Sotto/Niederrasen;021;BZ
1928;BZ;021;021872;M307;Rasun Valdaora/Rasen Olang;Rasen Olang;CS;17/10/1928;021870;H190;Rasun di Sopra/Oberrasen;021;BZ
1928;BZ;021;021872;M307;Rasun Valdaora/Rasen Olang;Rasen Olang;CS;17/10/1928;021804;A307;Anterselva/Anthoiz;021;BZ
1928;BZ;021;021872;M307;Rasun Valdaora/Rasen Olang;Rasen Olang;CS;17/10/1928;021106;L552;Valdaora/Olang;021;BZ
1928;VR;023;023013;B152;Brentino Belluno;;CS;17/10/1928;023804;B151;Brentino;023;VR
1928;VR;023;023013;B152;Brentino Belluno;;CS;17/10/1928;023802;A758;Belluno Veronese;023;VR
1928;NO;003;003017;A834;Beura-Cardezza;;CS;16/10/1928;003814;A833;Beura;003;NO
1928;NO;003;003017;A834;Beura-Cardezza;;CS;16/10/1928;003828;B757;Cardezza;003;NO
1928;VA;012;012059;L637;Val Marchirolo;;CS;07/10/1928;012849;D446;Fabiasco;012;VA
1928;VA;012;012059;L637;Val Marchirolo;;CS;07/10/1928;012845;ND;Cugliate;012;VA
1928;VA;012;012059;L637;Val Marchirolo;;CS;07/10/1928;012097;E929;Marchirolo;012;VA
1928;PV;018;018023;B159;Bressana Bottarone;;CS;07/10/1928;018804;B089;Bottarone;018;PV
1928;PV;018;018023;B159;Bressana Bottarone;;CS;07/10/1928;018806;A395;Bressana;018;PV
1928;TN;022;022064;C931;Commezzadura;;CS;07/10/1928;022885;G569;Piano;022;TN
1928;TN;022;022064;C931;Commezzadura;;CS;07/10/1928;022802;A213;Almazzago;022;TN
1928;TN;022;022064;C931;Commezzadura;;CS;07/10/1928;022836;D263;Deggiano;022;TN
1928;TN;022;022064;C931;Commezzadura;;CS;07/10/1928;022870;F160;Mestriago;022;TN
1928;TN;022;022064;C931;Commezzadura;;CS;07/10/1928;022866;F049;Mastellina;022;TN
1928;NO;003;003028;B207;Brovello-Carpugnino;;CS;25/09/1928;003858;E129;Graglia Piana;003;NO
1928;NO;003;003028;B207;Brovello-Carpugnino;;CS;25/09/1928;003821;B206;Brovello;003;NO
1928;NO;003;003028;B207;Brovello-Carpugnino;;CS;25/09/1928;003891;I983;Stropino;003;NO
1928;NO;003;003028;B207;Brovello-Carpugnino;;CS;25/09/1928;003830;B831;Carpugnino;003;NO
1928;VA;012;012899;L732;Venegono;;CS;25/09/1928;012136;L733;Venegono Inferiore;012;VA
1928;VA;012;012899;L732;Venegono;;CS;25/09/1928;012137;L734;Venegono Superiore;012;VA
1928;PU;041;041823;D809;Frontone-Serra;;CS;25/09/1928;041061;I654;Serra Sant'Abbondio;041;PU
1928;PU;041;041823;D809;Frontone-Serra;;CS;25/09/1928;041018;D808;Frontone;041;PU
1928;NA;063;063816;A404;Arienzo San Felice;;CS;25/09/1928;063875;H834;San Felice a Cancello;063;NA
1928;NA;063;063816;A404;Arienzo San Felice;;CS;25/09/1928;063815;A403;Arienzo;063;NA
1928;CO;013;013004;A153;Albese con Cassano;;CS;23/09/1928;013805;A152;Albese;013;CO
1928;CO;013;013004;A153;Albese con Cassano;;CS;23/09/1928;013846;C001;Cassano Albese;013;CO
1928;CO;013;013941;I620;Seprio;;CS;23/09/1928;013131;E638;Locate Varesino;013;CO
1928;CO;013;013941;I620;Seprio;;CS;23/09/1928;013159;F788;Mozzate;013;CO
1928;CO;013;013941;I620;Seprio;;CS;23/09/1928;013045;B742;Carbonate;013;CO
1928;TS;032;032001;D383;Duino Aurisina;;CS;09/09/1928;032804;I078;San Pelagio;032;TS
1928;TS;032;032001;D383;Duino Aurisina;;CS;09/09/1928;032801;A500;Aurisina;032;TS
1928;TS;032;032001;D383;Duino Aurisina;;CS;09/09/1928;032803;E849;Malchina;032;TS
1928;TS;032;032001;D383;Duino Aurisina;;CS;09/09/1928;032805;I770;Slivia;032;TS
1928;TS;032;032001;D383;Duino Aurisina;;CS;09/09/1928;032802;D382;Duino;032;TS
1928;ME;083;083804;E442;Lanza;;CS;09/09/1928;083044;E869;Malvagna;083;ME
1928;ME;083;083804;E442;Lanza;;CS;09/09/1928;083053;F277;Moio Alcantara;083;ME
1928;BS;017;017062;D058;Corte Franca;;CS;04/09/1928;017830;C898;Colombaro;017;BS
1928;BS;017;017062;D058;Corte Franca;;CS;04/09/1928;017809;B022;Borgonato;017;BS
1928;BS;017;017062;D058;Corte Franca;;CS;04/09/1928;017864;F896;Nigoline;017;BS
1928;BS;017;017062;D058;Corte Franca;;CS;04/09/1928;017902;L170;Timoline;017;BS
1928;VA;012;012027;B326;Cadegliano-Viconago;;CS;16/08/1928;012803;A356;Arbizzo;012;VA
1928;VA;012;012027;B326;Cadegliano-Viconago;;CS;16/08/1928;012901;L849;Viconago;012;VA
1928;VA;012;012027;B326;Cadegliano-Viconago;;CS;16/08/1928;012822;B325;Cadegliano;012;VA
1928;BG;016;016037;B137;Brembate;;CS;15/08/1928;016810;B139;Brembate di Sotto;016;BG
1928;BG;016;016037;B137;Brembate;;CS;15/08/1928;016833;E175;Grignano;016;BG
1928;BG;016;016121;E353;Isola di Fondra;;CS;15/08/1928;016879;L318;Trabuchello;016;BG
1928;BG;016;016121;E353;Isola di Fondra;;CS;15/08/1928;016830;D664;Fondra;016;BG
1928;BS;017;017155;H055;Prevalle;;CS;15/08/1928;017845;E075;Goglione Sopra;017;BS
1928;BS;017;017155;H055;Prevalle;;CS;15/08/1928;017846;E076;Goglione Sotto;017;BS
1928;RO;029;029012;C207;Castelmassa;;CS;14/08/1928;029013;C215;Castelnovo Bariano;029;RO
1928;RO;029;029012;C207;Castelmassa;;CS;14/08/1928;029810;F036;Massa Superiore;029;RO
1928;CO;013;013210;I252;Santa Maria Rezzonico;;CS;12/08/1928;013208;I167;Sant'Abbondio;013;CO
1928;CO;013;013210;I252;Santa Maria Rezzonico;;CS;12/08/1928;013926;H260;Rezzonico;013;CO
1928;CO;013;013210;I252;Santa Maria Rezzonico;;CS;12/08/1928;013934;I162;San Siro;013;CO
1928;VA;012;012135;L705;Veddasca;;CS;07/08/1928;012812;A858;Biegno;012;VA
1928;VA;012;012135;L705;Veddasca;;CS;07/08/1928;012806;A416;Armio;012;VA
1928;VA;012;012135;L705;Veddasca;;CS;07/08/1928;012858;E710;Lozzo;012;VA
1928;VA;012;012135;L705;Veddasca;;CS;07/08/1928;012823;B334;Cadero con Graglio;012;VA
1928;PV;018;018117;G851;Ponte Nizza;;CS;07/08/1928;018042;C414;Cecima;018;PV
1928;PV;018;018117;G851;Ponte Nizza;;CS;07/08/1928;018878;L350;Trebbiano Nizza;018;PV
1928;PV;018;018117;G851;Ponte Nizza;;CS;07/08/1928;018856;G723;Pizzocorno;018;PV
1928;PV;018;018117;G851;Ponte Nizza;;CS;07/08/1928;018862;I127;San Ponzo Semola;018;PV
1928;UD;030;030078;E847;Malborghetto Valbruna;;CS;07/08/1928;030821;L481;Ugovizza Valbruna;030;UD
1928;UD;030;030078;E847;Malborghetto Valbruna;;CS;07/08/1928;030810;E846;Malborghetto;030;UD
1928;NO;003;003118;G658;Pieve Vergonte;;CS;29/07/1928;003853;D659;Fomarco;003;NO
1928;NO;003;003118;G658;Pieve Vergonte;;CS;29/07/1928;003879;H638;Rumianca;003;NO
1928;CN;004;004815;H747;Sambuco Pietraporzio;;CS;29/07/1928;004167;G625;Pietraporzio;004;CN
1928;CN;004;004815;H747;Sambuco Pietraporzio;;CS;29/07/1928;004204;H746;Sambuco;004;CN
1928;CO;013;013003;A143;Albavilla;;CS;29/07/1928;013835;B747;Carcano;013;CO
1928;CO;013;013003;A143;Albavilla;;CS;29/07/1928;013956;L960;Vill'Albese;013;CO
1928;BG;016;016093;D406;Endine Gaiano;;CS;29/07/1928;016848;G562;Pian Gaiano;016;BG
1928;BG;016;016093;D406;Endine Gaiano;;CS;29/07/1928;016179;H177;Ranzanico;016;BG
1928;BG;016;016093;D406;Endine Gaiano;;CS;29/07/1928;016826;D405;Endine;016;BG
1928;BG;016;016205;I916;Spinone dei Castelli;;CS;29/07/1928;016026;A846;Bianzano;016;BG
1928;BG;016;016205;I916;Spinone dei Castelli;;CS;29/07/1928;016876;I915;Spinone;016;BG
1928;BG;016;016205;I916;Spinone dei Castelli;;CS;29/07/1928;016137;F328;Monasterolo del Castello;016;BG
1928;BS;017;017187;L312;Toscolano-Maderno;;CS;29/07/1928;017904;L311;Toscolano;017;BS
1928;BS;017;017187;L312;Toscolano-Maderno;;CS;29/07/1928;017856;E792;Maderno;017;BS
1928;CR;019;019034;D141;Credera Rubbiano;;CS;29/07/1928;019846;D140;Credera;019;CR
1928;CR;019;019034;D141;Credera Rubbiano;;CS;29/07/1928;019896;H626;Rubbiano;019;CR
1928;TN;022;022858;E797;Madruzzo;;CS;29/07/1928;022101;E461;Lasino;022;TN
1928;TN;022;022858;E797;Madruzzo;;CS;29/07/1928;022031;B386;Calavino;022;TN
1928;CN;004;004819;I513;Scarnafigi-Ruffia;;CS;28/07/1928;004217;I512;Scarnafigi;004;CN
1928;CN;004;004819;I513;Scarnafigi-Ruffia;;CS;28/07/1928;004198;H633;Ruffia;004;CN
1928;PV;018;018156;L250;Torre Beretti e Castellaro;;CS;28/07/1928;018824;C144;Castellaro de' Giorgi;018;PV
1928;PV;018;018156;L250;Torre Beretti e Castellaro;;CS;28/07/1928;018872;L249;Torre Beretti;018;PV
1928;AN;042;042803;H576;Rosora Mergo;;CS;28/07/1928;042024;F145;Mergo;042;AN
1928;AN;042;042803;H576;Rosora Mergo;;CS;28/07/1928;042040;H575;Rosora;042;AN
1928;RC;080;080817;H751;Samo di Calabria;;CS;28/07/1928;080024;B966;Casignana;080;RC
1928;RC;080;080817;H751;Samo di Calabria;;CS;28/07/1928;080070;H013;Samo;080;RC
1928;RC;080;080817;H751;Samo di Calabria;;CS;28/07/1928;080021;B718;Caraffa del Bianco;080;RC
1928;RC;080;080817;H751;Samo di Calabria;;CS;28/07/1928;080079;I198;Sant'Agata del Bianco;080;RC
1928;AL;006;006944;L927;Villa Corsione;;CS;18/07/1928;006945;M019;Villa San Secondo;006;AL
1928;AL;006;006944;L927;Villa Corsione;;CS;18/07/1928;006870;D046;Corsione;006;AL
1928;IM;008;008821;F124;Mendatica Montegrosso;;CS;18/07/1928;008034;F123;Mendatica;008;IM
1928;IM;008;008821;F124;Mendatica Montegrosso;;CS;18/07/1928;008037;F528;Montegrosso Pian Latte;008;IM
1928;AO;007;007802;E166;Gressoney;;CS;30/06/1928;007033;E168;Gressoney Saint Jean;007;AO
1928;AO;007;007802;E166;Gressoney;;CS;30/06/1928;007032;E167;Gressoney la Trinité;007;AO
1928;CO;013;013233;H259;Rezzo Cavargna;;CS;30/06/1928;013940;I572;Seghebbia;013;CO
1928;CO;013;013233;H259;Rezzo Cavargna;;CS;30/06/1928;013825;B252;Buggiolo;013;CO
1928;BG;016;016809;B045;Borgounito;;CS;30/06/1928;016119;E192;Grone;016;BG
1928;BG;016;016809;B045;Borgounito;;CS;30/06/1928;016236;L865;Vigano San Martino;016;BG
1928;BG;016;016809;B045;Borgounito;;CS;30/06/1928;016032;B010;Borgo di Terzo;016;BG
1928;BG;016;016809;B045;Borgounito;;CS;30/06/1928;016025;A815;Berzo San Fermo;016;BG
1928;BS;017;017171;H838;San Felice del Benaco;;CS;30/06/1928;017876;G901;Portese;017;BS
1928;BS;017;017171;H838;San Felice del Benaco;;CS;30/06/1928;017891;H832;San Felice di Scovolo;017;BS
1928;NO;003;003136;I249;Santa Maria Maggiore;;CS;28/06/1928;003054;D134;Craveggia;003;NO
1928;NO;003;003136;I249;Santa Maria Maggiore;;CS;28/06/1928;003885;I250;Santa Maria Maggiore e Crana;003;NO
1928;NO;003;003136;I249;Santa Maria Maggiore;;CS;28/06/1928;003823;B308;Buttogno;003;NO
1928;NO;003;003136;I249;Santa Maria Maggiore;;CS;28/06/1928;003145;L187;Toceno;003;NO
1928;NO;003;003136;I249;Santa Maria Maggiore;;CS;28/06/1928;003903;M107;Vocogno e Prestinone;003;NO
1928;TN;022;022424;E829;Magrè all'Adige/Margreid;Margreid;CS;27/06/1928;021840;E827;Magrè/Margreid;022;TN
1928;TN;022;022424;E829;Magrè all'Adige/Margreid;Margreid;CS;27/06/1928;022983;D075;Cortina all'Adige/Kurtinig;022;TN
1928;TN;022;022424;E829;Magrè all'Adige/Margreid;Margreid;CS;27/06/1928;021826;D519;Favogna di Sotto/Unterfennberg;022;TN
1928;TN;022;022807;A900;Bleggio;;CS;27/06/1928;022016;A901;Bleggio Inferiore;022;TN
1928;TN;022;022807;A900;Bleggio;;CS;27/06/1928;022017;A902;Bleggio Superiore;022;TN
1928;AL;006;006024;B179;Brignano-Frascata;;CS;19/06/1928;006802;B177;Brignano del Curone;006;AL
1928;AL;006;006024;B179;Brignano-Frascata;;CS;19/06/1928;006810;D772;Frascata;006;AL
1928;AL;006;006813;F292;Molino Alzano;;CS;19/06/1928;006008;A245;Alzano Scrivia;006;AL
1928;AL;006;006813;F292;Molino Alzano;;CS;19/06/1928;006096;F293;Molino dei Torti;006;AL
1928;AO;007;007801;C592;Challant;;CS;15/06/1928;007013;C593;Challant Saint Anselme;007;AO
1928;AO;007;007801;C592;Challant;;CS;15/06/1928;007014;C594;Challant Saint Victor;007;AO
1928;AO;007;007893;I971;Strambino Romano;;CS;15/06/1928;007887;I511;Scarmagno;007;AO
1928;AO;007;007893;I971;Strambino Romano;;CS;15/06/1928;007852;F140;Mercenasco;007;AO
1928;AO;007;007893;I971;Strambino Romano;;CS;15/06/1928;007876;H511;Romano Canavese;007;AO
1928;AO;007;007893;I971;Strambino Romano;;CS;15/06/1928;007892;I970;Strambino;007;AO
1928;AO;007;007893;I971;Strambino Romano;;CS;15/06/1928;007823;B588;Candia Canavese;007;AO
1928;CO;013;013154;F427;Montano Lucino;;CS;15/06/1928;013904;F425;Montano Comasco;013;CO
1928;CO;013;013154;F427;Montano Lucino;;CS;15/06/1928;013896;E721;Lucino;013;CO
1928;BZ;021;021027;D222;Curon Venosta/Graun im Vinschgau;Graun im Vinschgau;CS;15/06/1928;021879;I379;San Valentino alla Mutta/St. Valentin auf der Haide;021;BZ
1928;BZ;021;021027;D222;Curon Venosta/Graun im Vinschgau;Graun im Vinschgau;CS;15/06/1928;021873;H241;Resia/Reschen;021;BZ
1928;BZ;021;021027;D222;Curon Venosta/Graun im Vinschgau;Graun im Vinschgau;CS;15/06/1928;021914;L608;Vallelunga/Langtaufers;021;BZ
1928;BZ;021;021027;D222;Curon Venosta/Graun im Vinschgau;Graun im Vinschgau;CS;15/06/1928;021823;D032;Curon/Graun;021;BZ
1928;CN;004;004807;D857;Gaiola Moiola;;CS;14/06/1928;004093;D856;Gaiola;004;CN
1928;CN;004;004807;D857;Gaiola Moiola;;CS;14/06/1928;004123;F279;Moiola;004;CN
1928;CO;013;013891;E582;Lieto Colle;;CS;14/06/1928;013093;D369;Drezzo;013;CO
1928;CO;013;013891;E582;Lieto Colle;;CS;14/06/1928;013061;C374;Cavallasca;013;CO
1928;CO;013;013891;E582;Lieto Colle;;CS;14/06/1928;013175;G329;Parè;013;CO
1928;BS;017;017157;H077;Provaglio;;CS;14/06/1928;017881;H080;Provaglio Sotto;017;BS
1928;BS;017;017157;H077;Provaglio;;CS;14/06/1928;017880;H079;Provaglio Sopra;017;BS
1928;CA;092;092093;F271;Mogorella Ruinas;;CS;14/06/1928;095814;ND;Ruinas;092;CA
1928;CA;092;092093;F271;Mogorella Ruinas;;CS;14/06/1928;092108;I298;Sant'Antonio Ruinas;092;CA
1928;CA;092;092093;F271;Mogorella Ruinas;;CS;14/06/1928;092063;F270;Mogorella;092;CA
1928;NO;003;003003;A317;Antrona Schieranco;;CS;31/05/1928;003887;I528;Schieranco;003;NO
1928;NO;003;003003;A317;Antrona Schieranco;;CS;31/05/1928;003806;A316;Antronapiana;003;NO
1928;CN;004;004112;E789;Macra;;CS;31/05/1928;004802;A212;Alma;004;CN
1928;CN;004;004112;E789;Macra;;CS;31/05/1928;004060;C441;Celle di Macra;004;CN
1928;CN;004;004112;E789;Macra;;CS;31/05/1928;004801;A140;Albaretto Valle di Macra;004;CN
1928;CO;013;013245;L956;Villa Guardia;;CS;31/05/1928;013897;E781;Maccio;013;CO
1928;CO;013;013245;L956;Villa Guardia;;CS;31/05/1928;013858;C753;Civello;013;CO
1928;CR;019;019081;H315;Ripalta Cremasca;;CS;29/05/1928;019082;H316;Ripalta Guerina;019;CR
1928;CR;019;019081;H315;Ripalta Cremasca;;CS;29/05/1928;019925;M148;Zappello;019;CR
1928;CR;019;019081;H315;Ripalta Cremasca;;CS;29/05/1928;019890;H317;Ripalta Nuova;019;CR
1928;NA;063;063817;A483;Atella di Napoli;;CS;29/05/1928;063888;I993;Succivo;063;NA
1928;NA;063;063817;A483;Atella di Napoli;;CS;29/05/1928;063885;I306;Sant'Arpino;063;NA
1928;NA;063;063817;A483;Atella di Napoli;;CS;29/05/1928;063858;G130;Orta di Atella;063;NA
1928;NA;063;063817;A483;Atella di Napoli;;CS;29/05/1928;063033;D790;Frattaminore;063;NA
1928;CO;013;013188;G847;Pontelezza;;CS;25/05/1928;013890;E568;Lezza;013;CO
1928;CO;013;013188;G847;Pontelezza;;CS;25/05/1928;013919;G828;Ponte Lambro;013;CO
1928;NO;003;003831;B884;Casaleggio Castellazzo;;CS;23/05/1928;003039;B883;Casaleggio Novara;003;NO
1928;NO;003;003831;B884;Casaleggio Castellazzo;;CS;23/05/1928;003042;C149;Castellazzo Novarese;003;NO
1928;NA;063;063814;A133;Albanova;;CS;23/05/1928;063830;B872;Casal di Principe;063;NA
1928;NA;063;063814;A133;Albanova;;CS;23/05/1928;063874;H798;San Cipriano d'Aversa;063;NA
1928;CO;013;013854;C522;Cernusco Montevecchia;;CS;22/05/1928;013066;C521;Cernusco Lombardone;013;CO
1928;CO;013;013854;C522;Cernusco Montevecchia;;CS;22/05/1928;013247;F657;Montevecchia;013;CO
1928;BS;017;017827;C761;Cividate Malegno;;CS;22/05/1928;017100;E851;Malegno;017;BS
1928;BS;017;017827;C761;Cividate Malegno;;CS;22/05/1928;017055;C760;Cividate Camuno;017;BS
1928;BG;016;016224;L545;Valbrembo;;CS;19/05/1928;016867;I502;Scano al Brembo;016;BG
1928;BG;016;016224;L545;Valbrembo;;CS;19/05/1928;016847;G174;Ossanesga;016;BG
1928;CR;019;019046;D841;Gadesco-Pieve Delmona;;CS;19/05/1928;019856;D840;Gadesco;019;CR
1928;CR;019;019046;D841;Gadesco-Pieve Delmona;;CS;19/05/1928;019879;G640;Pieve Delmona;019;CR
1928;CS;078;078004;A102;Aiello Calabro;;CS;19/05/1928;078042;C795;Cleto;078;CS
1928;CS;078;078004;A102;Aiello Calabro;;CS;19/05/1928;078801;A104;Aiello in Calabria;078;CS
1928;CS;078;078004;A102;Aiello Calabro;;CS;19/05/1928;078140;I642;Serra d'Aiello;078;CS
1928;CS;078;078143;I896;Spezzano della Sila;;CS;19/05/1928;078804;I897;Spezzano Grande;078;CS
1928;CS;078;078143;I896;Spezzano della Sila;;CS;19/05/1928;078144;I898;Spezzano Piccolo;078;CS
1928;AO;007;007803;H261;Rhemes;;CS;12/05/1928;007035;E306;Introd;007;AO
1928;AO;007;007803;H261;Rhemes;;CS;12/05/1928;007055;H262;Rhêmes Notre Dame;007;AO
1928;AO;007;007803;H261;Rhemes;;CS;12/05/1928;007056;H263;Rhêmes Saint Georges;007;AO
1928;CO;013;013047;B785;Carlazzo;;CS;12/05/1928;013838;B786;Carlazzo Valsolda;013;CO
1928;CO;013;013047;B785;Carlazzo;;CS;12/05/1928;013880;E117;Gottro;013;CO
1928;CO;013;013047;B785;Carlazzo;;CS;12/05/1928;013917;G567;Piano Porlezza;013;CO
1928;CO;013;013098;D462;Faggeto Lario;;CS;12/05/1928;013913;G256;Palanzo;013;CO
1928;CO;013;013098;D462;Faggeto Lario;;CS;12/05/1928;013902;F285;Molina;013;CO
1928;CO;013;013098;D462;Faggeto Lario;;CS;12/05/1928;013889;E521;Lemna;013;CO
1928;CO;013;013099;D482;Faloppio;;CS;12/05/1928;013830;B488;Camnago Faloppia;013;CO
1928;CO;013;013099;D482;Faloppio;;CS;12/05/1928;013878;D846;Gaggino;013;CO
1928;GO;031;031706;C099;Castel Dobra;;CS;12/05/1928;031817;A868;Bigliana;031;GO
1928;GO;031;031706;C099;Castel Dobra;;CS;12/05/1928;031846;F079;Medana;031;GO
1928;GO;031;031721;H718;Salona d'Isonzo;;CS;12/05/1928;031826;D282;Descla;031;GO
1928;GO;031;031721;H718;Salona d'Isonzo;;CS;12/05/1928;031813;A298;Anicova Corada;031;GO
1928;PZ;076;076801;C196;Castelluccio;;CS;12/05/1928;076040;E474;Latronico;076;PZ
1928;PZ;076;076801;C196;Castelluccio;;CS;12/05/1928;076023;C201;Castelluccio Superiore;076;PZ
1928;PZ;076;076801;C196;Castelluccio;;CS;12/05/1928;076022;C199;Castelluccio Inferiore;076;PZ
1928;CS;078;078101;G975;Praia a Mare;;CS;12/05/1928;078149;L305;Tortora;078;CS
1928;CS;078;078101;G975;Praia a Mare;;CS;12/05/1928;078005;A105;Aieta;078;CS
1928;NU;091;091095;A355;Arbatax di Tortolì;;CS;12/05/1928;091042;E700;Lotzorai;091;NU
1928;NU;091;091095;A355;Arbatax di Tortolì;;CS;12/05/1928;091805;ND;Tortolì;091;NU
1928;NU;091;091095;A355;Arbatax di Tortolì;;CS;12/05/1928;091031;E049;Girasole;091;NU
1928;CO;013;013232;L640;Valmorea;;CS;04/05/1928;013840;B926;Casanova Lanza;013;CO
1928;CO;013;013232;L640;Valmorea;;CS;04/05/1928;013851;C397;Caversaccio;013;CO
1928;CR;019;019876;G301;Palvareto;;CS;04/05/1928;019090;H918;San Giovanni in Croce;019;CR
1928;CR;019;019876;G301;Palvareto;;CS;04/05/1928;019096;I790;Solarolo Rainerio;019;CR
1928;RC;080;080075;I102;San Pietro di Caridà;;CS;04/05/1928;080802;B775;Caridà;080;RC
1928;RC;080;080075;I102;San Pietro di Caridà;;CS;04/05/1928;080818;I083;San Pier Fedele;080;RC
1928;GO;031;031015;H514;Romans d'Isonzo;;CS;02/05/1928;031025;M043;Villesse;031;GO
1928;GO;031;031015;H514;Romans d'Isonzo;;CS;02/05/1928;031806;H513;Romans;031;GO
1928;GO;031;031015;H514;Romans d'Isonzo;;CS;02/05/1928;031810;L789;Versa;031;GO
1928;NA;063;063058;G813;Pompei;;CS;28/04/1928;063083;L245;Torre Annunziata;063;NA
1928;NA;063;063058;G813;Pompei;;CS;28/04/1928;063035;E131;Gragnano;063;NA
1928;NA;063;063058;G813;Pompei;;CS;28/04/1928;065137;I483;Scafati;065;SA
1928;NA;063;063058;G813;Pompei;;CS;28/04/1928;063008;B076;Boscoreale;063;NA
1928;CO;013;013944;I944;Stazzona Germasino;;CS;17/04/1928;013218;I943;Stazzona;013;CO
1928;CO;013;013944;I944;Stazzona Germasino;;CS;17/04/1928;013108;D986;Germasino;013;CO
1928;CB;070;070027;C270;Castel San Vincenzo;;CS;17/04/1928;094802;I387;San Vincenzo a Volturno;070;CB
1928;CB;070;070027;C270;Castel San Vincenzo;;CS;17/04/1928;070090;G727;Pizzone;070;CB
1928;CB;070;070027;C270;Castel San Vincenzo;;CS;17/04/1928;094801;C192;Castellone al Volturno;070;CB
1928;CS;078;078803;E418;Laino Bruzio;;CS;17/04/1928;078064;E419;Laino Castello;078;CS
1928;CS;078;078803;E418;Laino Bruzio;;CS;17/04/1928;078063;E417;Laino Borgo;078;CS
1928;CN;004;004811;F339;Monchiero Novello;;CS;15/04/1928;004152;F961;Novello;004;CN
1928;CN;004;004811;F339;Monchiero Novello;;CS;15/04/1928;004129;F338;Monchiero;004;CN
1928;CO;013;013961;M157;Zelbio-Veleso;;CS;15/04/1928;013236;L715;Veleso;013;CO
1928;CO;013;013961;M157;Zelbio-Veleso;;CS;15/04/1928;013246;M156;Zelbio;013;CO
1928;VR;023;023803;A838;Bevilacqua-Boschi;;CS;15/04/1928;023010;B070;Boschi Sant'Anna;023;VR
1928;VR;023;023803;A838;Bevilacqua-Boschi;;CS;15/04/1928;023008;A837;Bevilacqua;023;VR
1928;CN;004;004164;G532;Pezzolo Valle Uzzone;;CS;07/04/1928;004808;E110;Gorrino;004;CN
1928;CN;004;004164;G532;Pezzolo Valle Uzzone;;CS;07/04/1928;004821;L283;Torre Uzzone;004;CN
1928;CR;019;019045;D834;Gabbioneta-Binanuova;;CS;07/04/1928;019808;A871;Binanuova;019;CR
1928;CR;019;019045;D834;Gabbioneta-Binanuova;;CS;07/04/1928;019855;D833;Gabbioneta;019;CR
1928;BZ;021;021080;H952;San Leonardo in Passiria/St. Leonhard in Passeier;St. Leonhard in Passeier;CS;07/04/1928;021884;H950;San Leonardo/St. Leonhard;021;BZ
1928;BZ;021;021080;H952;San Leonardo in Passiria/St. Leonhard in Passeier;St. Leonhard in Passeier;CS;07/04/1928;021083;H989;San Martino/St. Martin;021;BZ
1928;TO;001;001860;H874;San Gillio Torinese;;CS;03/04/1928;001116;E067;Givoletto;001;TO
1928;TO;001;001860;H874;San Gillio Torinese;;CS;03/04/1928;001126;E394;La Cassa;001;TO
1928;TO;001;001860;H874;San Gillio Torinese;;CS;03/04/1928;001243;H873;San Gillio;001;TO
1928;CO;013;013936;I313;Santa Valeria;;CS;03/04/1928;013195;H255;Rezzago;013;CO
1928;CO;013;013936;I313;Santa Valeria;;CS;03/04/1928;013217;I860;Sormano;013;CO
1928;CO;013;013936;I313;Santa Valeria;;CS;03/04/1928;013037;B355;Caglio;013;CO
1928;BG;016;016181;H351;Riviera d'Adda;;CS;03/04/1928;016250;F085;Medolago;016;BG
1928;BG;016;016181;H351;Riviera d'Adda;;CS;03/04/1928;016251;I813;Solza;016;BG
1928;TN;022;022107;E658;Lomaso;;CS;03/04/1928;022922;I988;Stumiaga;022;TN
1928;TN;022;022107;E658;Lomaso;;CS;03/04/1928;022815;B518;Campo;022;TN
1928;TN;022;022107;E658;Lomaso;;CS;03/04/1928;022856;E744;Lundo;022;TN
1928;TN;022;022107;E658;Lomaso;;CS;03/04/1928;022829;C915;Comano;022;TN
1928;TN;022;022107;E658;Lomaso;;CS;03/04/1928;022083;D565;Fiavè;022;TN
1928;SA;065;065801;B657;Policastro del Golfo;;CS;01/04/1928;065127;I253;Santa Marina;065;SA
1928;SA;065;065801;B657;Policastro del Golfo;;CS;01/04/1928;065059;E365;Ispani;065;SA
1928;BS;017;017023;B091;Botticino;;CS;29/03/1928;017816;B373;Cajonvico;017;BS
1928;BS;017;017023;B091;Botticino;;CS;29/03/1928;017812;B093;Botticino Sera;017;BS
1928;BS;017;017023;B091;Botticino;;CS;29/03/1928;017811;B092;Botticino Mattina;017;BS
1928;RC;080;080093;L063;Taurianova;;CS;27/03/1928;080807;E275;Iatrinoli;080;RC
1928;RC;080;080093;L063;Taurianova;;CS;27/03/1928;080094;L127;Terranova Sappo Minulio;080;RC
1928;RC;080;080093;L063;Taurianova;;CS;27/03/1928;080813;H155;Radicena;080;RC
1928;NA;063;063898;M035;Villa Volturno;;CS;13/03/1928;063820;A755;Bellona;063;NA
1928;NA;063;063898;M035;Villa Volturno;;CS;13/03/1928;063899;M092;Vitulazio;063;NA
1928;NO;003;003087;E795;Madonna del Sasso;;CS;07/03/1928;003812;A450;Artò;003;NO
1928;NO;003;003087;E795;Madonna del Sasso;;CS;07/03/1928;003818;A936;Boleto;003;NO
1928;NO;003;003877;H105;Quarna;;CS;07/03/1928;003126;H106;Quarna Sopra;003;NO
1928;NO;003;003877;H105;Quarna;;CS;07/03/1928;003127;H107;Quarna Sotto;003;NO
1928;IM;008;008831;H345;Riva Santo Stefano;;CS;07/03/1928;008060;L146;Terzorio;008;IM
1928;IM;008;008831;H345;Riva Santo Stefano;;CS;07/03/1928;008050;H328;Riva Ligure;008;IM
1928;IM;008;008831;H345;Riva Santo Stefano;;CS;07/03/1928;008056;I365;Santo Stefano al Mare;008;IM
1928;IM;008;008831;H345;Riva Santo Stefano;;CS;07/03/1928;008044;G814;Pompeiana;008;IM
1928;BG;016;016200;I812;Solto Collina;;CS;07/03/1928;016872;I811;Solto;016;BG
1928;BG;016;016200;I812;Solto Collina;;CS;07/03/1928;016827;D439;Esmate;016;BG
1928;BG;016;016200;I812;Solto Collina;;CS;07/03/1928;016102;D684;Fonteno;016;BG
1928;TN;022;022140;G641;Pieve di Bono;;CS;07/03/1928;022887;G880;Por;022;TN
1928;TN;022;022140;G641;Pieve di Bono;;CS;07/03/1928;022012;A808;Bersone;022;TN
1928;TN;022;022140;G641;Pieve di Bono;;CS;07/03/1928;022072;D248;Daone;022;TN
1928;TN;022;022140;G641;Pieve di Bono;;CS;07/03/1928;022149;H057;Prezzo;022;TN
1928;TN;022;022140;G641;Pieve di Bono;;CS;07/03/1928;022833;D164;Creto;022;TN
1928;TN;022;022140;G641;Pieve di Bono;;CS;07/03/1928;022920;I967;Strada;022;TN
1928;TN;022;022140;G641;Pieve di Bono;;CS;07/03/1928;022827;C892;Cologna in Giudicarie;022;TN
1928;TN;022;022140;G641;Pieve di Bono;;CS;07/03/1928;022146;G989;Praso;022;TN
1928;TN;022;022140;G641;Pieve di Bono;;CS;07/03/1928;022801;A090;Agrone;022;TN
1928;CO;013;013001;A005;Abbadia Lariana;;CS;06/03/1928;013893;E604;Linzanico;013;CO
1928;CO;013;013001;A005;Abbadia Lariana;;CS;06/03/1928;013801;A002;Abbadia Sopra Adda;013;CO
1928;GE;010;010803;A923;Bogliasco Pieve;;CS;24/02/1928;010004;A922;Bogliasco;010;GE
1928;GE;010;010803;A923;Bogliasco Pieve;;CS;24/02/1928;010043;G646;Pieve Ligure;010;GE
1928;TN;022;022809;A426;Bondo Breguzzo;;CS;24/02/1928;022020;A967;Bondo;022;TN
1928;TN;022;022809;A426;Bondo Breguzzo;;CS;24/02/1928;022024;B135;Breguzzo;022;TN
1928;CO;013;013194;H171;Ramponio Verna;;CS;23/02/1928;013922;H170;Ramponio;013;CO
1928;CO;013;013194;H171;Ramponio Verna;;CS;23/02/1928;013954;L770;Verna;013;CO
1928;BG;016;016051;B703;Capriate San Gervasio;;CS;23/02/1928;016813;B702;Capriate d'Adda;016;BG
1928;BG;016;016051;B703;Capriate San Gervasio;;CS;23/02/1928;016862;H864;San Gervasio d'Adda;016;BG
1928;BG;016;016824;D288;Dezzo di Scalve;;CS;23/02/1928;016017;A533;Azzone;016;BG
1928;BG;016;016824;D288;Dezzo di Scalve;;CS;23/02/1928;016078;C835;Colere;016;BG
1928;TN;022;022928;L161;Tiarno;;CS;23/02/1928;022197;L162;Tiarno di Sopra;022;TN
1928;TN;022;022928;L161;Tiarno;;CS;23/02/1928;022198;L163;Tiarno di Sotto;022;TN
1928;AL;006;006878;D388;Dusino San Michele;;CS;21/02/1928;005814;I033;San Michele d'Asti;006;AL
1928;AL;006;006878;D388;Dusino San Michele;;CS;21/02/1928;005805;D387;Dusino;006;AL
1928;AL;006;006928;I076;San Paolo Solbrito;;CS;21/02/1928;005815;I070;San Paolo della Valle;006;AL
1928;AL;006;006928;I076;San Paolo Solbrito;;CS;21/02/1928;005818;I795;Solbrito;006;AL
1928;CO;013;013900;D581;Figliaro;;CS;21/02/1928;013022;A791;Beregazzo con Figliaro;013;CO
1928;CO;013;013900;D581;Figliaro;;CS;21/02/1928;013059;C220;Castelnuovo Bozzente;013;CO
1928;BG;016;016055;B801;Carobbio degli Angeli;;CS;21/02/1928;016814;B800;Carobbio;016;BG
1928;BG;016;016055;B801;Carobbio degli Angeli;;CS;21/02/1928;016866;I358;Santo Stefano del Monte degli Angeli;016;BG
1928;BS;017;017111;F532;Monte Isola;;CS;16/02/1928;017871;G490;Peschiera Maraglio;017;BS
1928;BS;017;017111;F532;Monte Isola;;CS;16/02/1928;017898;I766;Siviano;017;BS
1928;CO;013;013057;C187;Castello di Brianza;;CS;10/02/1928;013861;C889;Cologna;013;CO
1928;CO;013;013057;C187;Castello di Brianza;;CS;10/02/1928;013823;B168;Brianzola;013;CO
1928;CO;013;013073;C851;Colle Brianza;;CS;05/02/1928;013906;F850;Nava;013;CO
1928;CO;013;013073;C851;Colle Brianza;;CS;05/02/1928;013924;H197;Ravellino;013;CO
1928;CO;013;013073;C851;Colle Brianza;;CS;05/02/1928;013828;B353;Cagliano;013;CO
1928;BS;017;017199;L919;Villa Carcina;;CS;05/02/1928;017820;B751;Carcina;017;BS
1928;BS;017;017199;L919;Villa Carcina;;CS;05/02/1928;017908;L925;Villa Cogozzo;017;BS
1928;NU;091;091802;E324;Irgoli di Galtelli;;CS;02/02/1928;091040;E646;Loculi;091;NU
1928;NU;091;091802;E324;Irgoli di Galtelli;;CS;02/02/1928;091059;G070;Onifai;091;NU
1928;NU;091;091802;E324;Irgoli di Galtelli;;CS;02/02/1928;091027;D888;Galtellì;091;NU
1928;NU;091;091802;E324;Irgoli di Galtelli;;CS;02/02/1928;091033;E323;Irgoli;091;NU
1928;AL;006;006822;L028;Tagliolo Belforte;;CS;29/01/1928;006169;L027;Tagliolo Monferrato;006;AL
1928;AL;006;006822;L028;Tagliolo Belforte;;CS;29/01/1928;006014;A738;Belforte Monferrato;006;AL
1928;VA;012;012087;E496;Laveno-Mombello;;CS;28/01/1928;012855;E495;Laveno;012;VA
1928;VA;012;012087;E496;Laveno-Mombello;;CS;28/01/1928;012839;C535;Cerro Lago Maggiore;012;VA
1928;VA;012;012087;E496;Laveno-Mombello;;CS;28/01/1928;012863;F314;Mombello Lago Maggiore;012;VA
1928;TN;022;022871;F177;Mezzano Imer;;CS;28/01/1928;022115;F176;Mezzano;022;TN
1928;TN;022;022871;F177;Mezzano Imer;;CS;28/01/1928;022097;E288;Imer;022;TN
1928;NO;003;003059;D225;Cursolo-Orasso;;CS;26/01/1928;003846;D224;Cursolo;003;NO
1928;NO;003;003059;D225;Cursolo-Orasso;;CS;26/01/1928;003872;G085;Orasso;003;NO
1928;NO;003;003151;L651;Valstrona;;CS;26/01/1928;003854;D716;Fornero;003;NO
1928;NO;003;003151;L651;Valstrona;;CS;26/01/1928;003094;F048;Massiola;003;NO
1928;NO;003;003151;L651;Valstrona;;CS;26/01/1928;003085;E685;Loreglia;003;NO
1928;NO;003;003151;L651;Valstrona;;CS;26/01/1928;003072;D984;Germagno;003;NO
1928;NO;003;003151;L651;Valstrona;;CS;26/01/1928;003881;H748;Sambughetto;003;NO
1928;NO;003;003151;L651;Valstrona;;CS;26/01/1928;003862;E774;Luzzogno;003;NO
1928;NO;003;003151;L651;Valstrona;;CS;26/01/1928;003855;D722;Forno;003;NO
1928;CO;013;013095;D416;Erba;;CS;26/01/1928;013824;B241;Buccinigo;013;CO
1928;CO;013;013095;D416;Erba;;CS;26/01/1928;013874;D417;Erba Incino;013;CO
1928;CO;013;013095;D416;Erba;;CS;26/01/1928;013848;C016;Cassina Mariaga;013;CO
1928;CO;013;013095;D416;Erba;;CS;26/01/1928;013869;D167;Crevenna;013;CO
1928;BZ;021;021046;E862;Malles Venosta/Mals;Mals;CS;26/01/1928;021902;L051;Tarces/Tartsch;021;BZ
1928;BZ;021;021046;E862;Malles Venosta/Mals;Mals;CS;26/01/1928;021896;I769;Slingia/Schlinig;021;BZ
1928;BZ;021;021046;E862;Malles Venosta/Mals;Mals;CS;26/01/1928;021843;E861;Mallas/Mals;021;BZ
1928;BZ;021;021046;E862;Malles Venosta/Mals;Mals;CS;26/01/1928;021847;F062;Mazia/Matsch;021;BZ
1928;BZ;021;021046;E862;Malles Venosta/Mals;Mals;CS;26/01/1928;021836;E477;Laudes/Laatsch;021;BZ
1928;BZ;021;021046;E862;Malles Venosta/Mals;Mals;CS;26/01/1928;021813;C799;Clusio/Schleis;021;BZ
1928;BZ;021;021046;E862;Malles Venosta/Mals;Mals;CS;26/01/1928;021805;B277;Burgusio/Burgeis;021;BZ
1928;BZ;021;021046;E862;Malles Venosta/Mals;Mals;CS;26/01/1928;021864;G730;Planol/Planeil;021;BZ
1928;CS;078;078802;E247;Guardia Piemontese Terme;;CS;26/01/1928;078002;A041;Acquappesa;078;CS
1928;CS;078;078802;E247;Guardia Piemontese Terme;;CS;26/01/1928;078061;E242;Guardia Piemontese;078;CS
1928;VA;012;012103;F526;Montegrino Valtravaglia;;CS;22/01/1928;012081;E144;Grantola;012;VA
1928;VA;012;012103;F526;Montegrino Valtravaglia;;CS;22/01/1928;012819;B072;Bosco Valtravaglia;012;VA
1928;VA;012;012103;F526;Montegrino Valtravaglia;;CS;22/01/1928;012866;F525;Montegrino;012;VA
1928;BS;017;017160;H230;Remedello;;CS;22/01/1928;017886;H232;Remedello Sotto;017;BS
1928;BS;017;017160;H230;Remedello;;CS;22/01/1928;017885;H231;Remedello Sopra;017;BS
1928;BG;016;016817;C473;Centrisola;;CS;18/01/1928;016072;C635;Chignolo d'Isola;016;BG
1928;BG;016;016817;C473;Centrisola;;CS;18/01/1928;016131;E794;Madone;016;BG
1928;NO;003;003005;A409;Arizzano;;CS;07/01/1928;003014;A733;Bee;003;NO
1928;NO;003;003005;A409;Arizzano;;CS;07/01/1928;003811;A411;Arizzano Superiore;003;NO
1928;NO;003;003005;A409;Arizzano;;CS;07/01/1928;003161;L889;Vignone;003;NO
1928;NO;003;003020;A925;Bognanco;;CS;07/01/1928;003816;A926;Bognanco Dentro;003;NO
1928;NO;003;003020;A925;Bognanco;;CS;07/01/1928;003866;F584;Monte Ossolano;003;NO
1928;NO;003;003020;A925;Bognanco;;CS;07/01/1928;003817;A927;Bognanco Fuori;003;NO
1928;VA;012;012022;B191;Brissago-Valtravaglia;;CS;07/01/1928;012881;H487;Roggiano Valtravaglia;012;VA
1928;VA;012;012022;B191;Brissago-Valtravaglia;;CS;07/01/1928;012821;B190;Brissago;012;VA
1928;VA;012;012022;B191;Brissago-Valtravaglia;;CS;07/01/1928;012102;F154;Mesenzana;012;VA
1928;BS;017;017096;E738;Lumezzane;;CS;07/01/1928;017854;E740;Lumezzane San Sebastiano;017;BS
1928;BS;017;017096;E738;Lumezzane;;CS;07/01/1928;017853;E739;Lumezzane Pieve;017;BS
1928;BS;017;017096;E738;Lumezzane;;CS;07/01/1928;017855;E741;Lumezzane Sant'Apollonio;017;BS
1927;NO;003;003046;C367;Cavaglio-Spoccia;;CS;31/12/1927;003833;C366;Cavaglio San Donnino;003;NO
1927;NO;003;003046;C367;Cavaglio-Spoccia;;CS;31/12/1927;003890;I920;Spoccia;003;NO
1927;PI;050;050802;I218;Santa Luce Orciano;;CS;31/12/1927;050034;I217;Santa Luce;050;PI
1927;PI;050;050802;I218;Santa Luce Orciano;;CS;31/12/1927;050023;G090;Orciano Pisano;050;PI
1927;CO;013;013168;G040;Oliveto Lario;;CS;29/12/1927;013952;L695;Vassena;013;CO
1927;CO;013;013168;G040;Oliveto Lario;;CS;29/12/1927;013892;E598;Limonta;013;CO
1927;CO;013;013168;G040;Oliveto Lario;;CS;29/12/1927;013910;G072;Onno;013;CO
1927;BS;017;017874;G819;Poncarale Flero;;CS;27/12/1927;017147;G818;Poncarale;017;BS
1927;BS;017;017874;G819;Poncarale Flero;;CS;27/12/1927;017072;D634;Flero;017;BS
1927;CO;013;013044;B730;Carate Urio;;CS;24/12/1927;013834;B728;Carate Lario;013;CO
1927;CO;013;013044;B730;Carate Urio;;CS;24/12/1927;013951;L504;Urio;013;CO
1927;BS;017;017826;C692;Cimbergo-Paspardo;;CS;24/12/1927;017054;C691;Cimbergo;017;BS
1927;BS;017;017826;C692;Cimbergo-Paspardo;;CS;24/12/1927;017135;G354;Paspardo;017;BS
1927;FU;701;701714;L935;Villa del Nevoso;;CS;16/12/1927;701810;L128;Torrenova di Bisterza;701;FU
1927;FU;701;701714;L935;Villa del Nevoso;;CS;16/12/1927;701804;A890;Bisterza;701;FU
1927;BS;017;017060;C925;Comezzano-Cizzago;;CS;04/12/1927;017828;C786;Cizzago;017;BS
1927;BS;017;017060;C925;Comezzano-Cizzago;;CS;04/12/1927;017832;C924;Comezzano;017;BS
1927;BS;017;017823;C586;Ceto-Cerveno;;CS;04/12/1927;017050;C585;Ceto;017;BS
1927;BS;017;017823;C586;Ceto-Cerveno;;CS;04/12/1927;017049;C549;Cerveno;017;BS
1927;PI;050;050007;A559;Bagni di Casciana;;CS;04/12/1927;050017;E455;Lari;050;PI
1927;BG;016;016815;C454;Cenate;;CS;01/12/1927;016068;C456;Cenate Sopra;016;BG
1927;BG;016;016815;C454;Cenate;;CS;01/12/1927;016069;C457;Cenate Sotto;016;BG
1927;BS;017;017163;H477;Rodengo Saiano;;CS;24/11/1927;017888;H476;Rodengo;017;BS
1927;BS;017;017163;H477;Rodengo Saiano;;CS;24/11/1927;017889;H668;Saiano;017;BS
1927;TN;022;022895;H066;Primiero;;CS;24/11/1927;022174;I760;Siror;022;TN
1927;TN;022;022895;H066;Primiero;;CS;24/11/1927;022084;D572;Fiera di Primiero;022;TN
1927;TN;022;022895;H066;Primiero;;CS;24/11/1927;022164;H666;Sagron Mis;022;TN
1927;TN;022;022895;H066;Primiero;;CS;24/11/1927;022204;L329;Transacqua;022;TN
1927;TN;022;022895;H066;Primiero;;CS;24/11/1927;022201;L201;Tonadico;022;TN
1927;BG;016;016248;A193;Algua di Costa Serina;;CS;20/11/1927;016853;H290;Rigosa;016;BG
1927;BG;016;016248;A193;Algua di Costa Serina;;CS;20/11/1927;016831;D795;Frerola;016;BG
1927;BG;016;016248;A193;Algua di Costa Serina;;CS;20/11/1927;016035;B112;Bracca;016;BG
1927;BG;016;016248;A193;Algua di Costa Serina;;CS;20/11/1927;016247;D111;Costa Serina;016;BG
1927;BG;016;016854;H397;Rocca del Colle;;CS;13/11/1927;016018;A557;Bagnatica;016;BG
1927;BG;016;016854;H397;Rocca del Colle;;CS;13/11/1927;016042;B223;Brusaporto;016;BG
1927;CO;013;013855;C572;Cesello Brianza;;CS;08/11/1927;013067;C563;Cesana Brianza;013;CO
1927;CO;013;013855;C572;Cesello Brianza;;CS;08/11/1927;013220;I996;Suello;013;CO
1927;BA;072;072002;A055;Adelfia;;CS;08/11/1927;072805;F700;Montrone;072;BA
1927;BA;072;072002;A055;Adelfia;;CS;08/11/1927;072801;B611;Canneto di Bari;072;BA
1927;BG;016;016242;M045;Villongo;;CS;03/11/1927;016193;I437;Sarnico;016;BG
1927;BG;016;016242;M045;Villongo;;CS;03/11/1927;016882;M046;Villongo San Filastro;016;BG
1927;BG;016;016242;M045;Villongo;;CS;03/11/1927;016883;M047;Villongo Sant'Alessandro;016;BG
1927;BS;017;017906;L648;Valsaviore;;CS;03/11/1927;017051;C591;Cevo;017;BS
1927;BS;017;017906;L648;Valsaviore;;CS;03/11/1927;017175;I476;Saviore;017;BS
1927;TO;001;001824;D521;Favria-Oglianico;;CS;02/11/1927;001170;G010;Oglianico;001;TO
1927;TO;001;001824;D521;Favria-Oglianico;;CS;02/11/1927;001101;D520;Favria;001;TO
1927;CO;013;013111;E141;Grandola ed Uniti;;CS;13/10/1927;013881;E140;Grandola;013;CO
1927;CO;013;013111;E141;Grandola ed Uniti;;CS;13/10/1927;013882;E190;Grona;013;CO
1927;CO;013;013111;E141;Grandola ed Uniti;;CS;13/10/1927;013021;A778;Bene Lario;013;CO
1927;BG;016;016821;D215;Curdomo;;CS;13/10/1927;016089;D221;Curno;016;BG
1927;BG;016;016821;D215;Curdomo;;CS;13/10/1927;016143;F791;Mozzo;016;BG
1927;BG;016;016223;L544;Valbondione;;CS;11/10/1927;016829;D625;Fiumenero;016;BG
1927;BG;016;016223;L544;Valbondione;;CS;11/10/1927;016806;A966;Bondione;016;BG
1927;CO;013;013096;D436;Esino Lario;;CS;09/10/1927;013875;D435;Esino Inferiore;013;CO
1927;CO;013;013096;D436;Esino Lario;;CS;09/10/1927;013876;D437;Esino Superiore;013;CO
1927;CA;092;092136;I765;Siurgus Donigala;;CS;15/09/1927;092802;D343;Donigala Siurgus;092;CA
1927;CA;092;092136;I765;Siurgus Donigala;;CS;15/09/1927;092811;I764;Siurgus;092;CA
1927;BG;016;016863;I006;San Martino de' Calvi;;CS;14/09/1927;016136;F276;Moio de' Calvi;016;BG
1927;BG;016;016863;I006;San Martino de' Calvi;;CS;14/09/1927;016164;G579;Piazza Brembana;016;BG
1927;BG;016;016863;I006;San Martino de' Calvi;;CS;14/09/1927;016125;E524;Lenna;016;BG
1927;BG;016;016863;I006;San Martino de' Calvi;;CS;14/09/1927;016227;L642;Valnegra;016;BG
1927;CO;013;013014;A594;Ballabio;;CS;11/09/1927;013812;A596;Ballabio Superiore;013;CO
1927;CO;013;013014;A594;Ballabio;;CS;11/09/1927;013811;A595;Ballabio Inferiore;013;CO
1927;VA;012;012128;L342;Travedona-Monate;;CS;04/09/1927;012864;F334;Monate;012;VA
1927;VA;012;012128;L342;Travedona-Monate;;CS;04/09/1927;012894;L341;Travedona;012;VA
1927;BG;016;016091;D245;Dalmine;;CS;20/08/1927;016839;E950;Mariano al Brembo;016;BG
1927;BG;016;016091;D245;Dalmine;;CS;20/08/1927;016871;I713;Sforzatica;016;BG
1927;BG;016;016091;D245;Dalmine;;CS;20/08/1927;016860;H649;Sabbio Bergamasco;016;BG
1927;VA;012;012876;G106;Orino-Azzio;;CS;19/08/1927;012110;G105;Orino;012;VA
1927;VA;012;012876;G106;Orino-Azzio;;CS;19/08/1927;012007;A532;Azzio;012;VA
1927;BG;016;016194;I506;Scanzorosciate;;CS;19/08/1927;016855;H563;Rosciate;016;BG
1927;BG;016;016194;I506;Scanzorosciate;;CS;19/08/1927;016868;I505;Scanzo;016;BG
1927;VA;012;012073;D951;Gazzada Schianno;;CS;06/08/1927;012889;I525;Schianno;012;VA
1927;VA;012;012073;D951;Gazzada Schianno;;CS;06/08/1927;012851;D950;Gazzada;012;VA
1927;BG;016;016062;C079;Castelli Calepio;;CS;05/08/1927;016812;B407;Calepio;016;BG
1927;BG;016;016062;C079;Castelli Calepio;;CS;05/08/1927;016878;L029;Tagliuno;016;BG
1927;BG;016;016192;I349;Sant'Omobono Imagna;;CS;03/08/1927;016841;F071;Mazzoleni e Falghera;016;BG
1927;BG;016;016192;I349;Sant'Omobono Imagna;;CS;03/08/1927;016818;C475;Cepino;016;BG
1927;BG;016;016192;I349;Sant'Omobono Imagna;;CS;03/08/1927;016869;I583;Selino;016;BG
1927;CO;013;013097;D445;Eupilio;;CS;15/07/1927;013915;G440;Penzano;013;CO
1927;CO;013;013097;D445;Eupilio;;CS;15/07/1927;013836;B761;Carella con Mariaga;013;CO
1927;BG;016;016243;M050;Vilminore di Scalve;;CS;15/07/1927;016884;M049;Vilminore;016;BG
1927;BG;016;016243;M050;Vilminore di Scalve;;CS;15/07/1927;016844;G051;Oltrepovo;016;BG
1927;CO;013;013234;C936;Comune della Valsolda;;CS;09/06/1927;013806;A168;Albogasio;013;CO
1927;CO;013;013234;C936;Comune della Valsolda;;CS;09/06/1927;013921;H093;Puria;013;CO
1927;CO;013;013234;C936;Comune della Valsolda;;CS;09/06/1927;013873;D363;Drano;013;CO
1927;CO;013;013234;C936;Comune della Valsolda;;CS;09/06/1927;013868;D163;Cressogno;013;CO
1927;CO;013;013234;C936;Comune della Valsolda;;CS;09/06/1927;013850;C179;Castello Valsolda;013;CO
1927;CO;013;013234;C936;Comune della Valsolda;;CS;09/06/1927;013871;D254;Dasio;013;CO
1927;CO;013;013054;B996;Cassago Brianza;;CS;07/06/1927;013845;B995;Cassago;013;CO
1927;CO;013;013054;B996;Cassago Brianza;;CS;07/06/1927;013911;G100;Oriano di Brianza;013;CO
1927;BG;016;016008;A246;Alzano Lombardo;;CS;07/06/1927;016803;A247;Alzano Maggiore;016;BG
1927;BG;016;016008;A246;Alzano Lombardo;;CS;07/06/1927;016802;A248;Alzano di Sopra;016;BG
1927;BG;016;016186;H584;Rota;;CS;02/06/1927;016857;H586;Rota Dentro;016;BG
1927;BG;016;016186;H584;Rota;;CS;02/06/1927;016858;H587;Rota Fuori;016;BG
1927;VA;012;012053;C810;Cocquio-Trevisago;;CS;27/05/1927;012841;C809;Cocquio;012;VA
1927;VA;012;012053;C810;Cocquio-Trevisago;;CS;27/05/1927;012895;L405;Trevisago;012;VA
1927;BG;016;016045;B423;Calolziocorte;;CS;02/04/1927;016820;D053;Corte;016;BG
1927;BG;016;016045;B423;Calolziocorte;;CS;02/04/1927;016886;B422;Calolzio;016;BG
1927;PR;034;034805;G689;Pione;;CS;27/01/1927;034801;A915;Boccolo de' Tassi;034;PR
1927;SV;009;009029;D600;Finale Ligure;;CS;12/01/1927;009815;D602;Finale Pia;009;SV
1927;SV;009;009029;D600;Finale Ligure;;CS;12/01/1927;009814;D601;Finale Marina;009;SV
1927;SV;009;009029;D600;Finale Ligure;;CS;12/01/1927;009813;D598;Finalborgo;009;SV
1926;LE;075;075844;L920;Villa Castelli;;CS;18/03/1926;075812;D761;Francavilla Fontana;075;LE
1926;VI;024;024803;D721;Forni di Val d'Astico;;CS;06/03/1926;024106;D717;Tonezza;024;VI
1925;FU;701;701704;C788;Clana;;CS;29/10/1925;701710;F060;Mattuglie;701;FU
1925;IM;008;008011;B559;Camporosso;;CS;08/09/1925;008065;L741;Ventimiglia;008;IM
1925;IM;008;008014;C143;Castellaro;;CS;08/09/1925;008056;I365;Santo Stefano al Mare;008;IM
1925;IM;008;008017;C559;Cervo;;CS;08/09/1925;008027;D297;Diano Marina;008;IM
1925;IM;008;008018;C578;Cesio;;CS;08/09/1925;008020;C660;Chiusavecchia;008;IM
1925;IM;008;008025;D293;Diano Arentino;;CS;08/09/1925;008027;D297;Diano Marina;008;IM
1925;IM;008;008026;D296;Diano Castello;;CS;08/09/1925;008027;D297;Diano Marina;008;IM
1925;IM;008;008028;D298;Diano San Pietro;;CS;08/09/1925;008027;D297;Diano Marina;008;IM
1925;IM;008;008034;F123;Mendatica;;CS;08/09/1925;008023;D087;Cosio d'Arroscia;008;IM
1925;IM;008;008037;F528;Montegrosso Pian Latte;;CS;08/09/1925;008023;D087;Cosio d'Arroscia;008;IM
1925;IM;008;008044;G814;Pompeiana;;CS;08/09/1925;008056;I365;Santo Stefano al Mare;008;IM
1925;IM;008;008053;H780;San Biagio della Cima;;CS;08/09/1925;008063;L599;Vallecrosia;008;IM
1925;IM;008;008058;I796;Soldano;;CS;08/09/1925;008063;L599;Vallecrosia;008;IM
1925;IM;008;008060;L146;Terzorio;;CS;08/09/1925;008056;I365;Santo Stefano al Mare;008;IM
1925;IM;008;008801;A457;Arzeno d'Oneglia;;CS;08/09/1925;008020;C660;Chiusavecchia;008;IM
1925;IM;008;008812;C834;Col di Rodi;;CS;08/09/1925;008055;I138;Sanremo;008;IM
1925;IM;008;008823;F303;Moltedo Superiore;;CS;08/09/1925;008031;E290;Imperia;008;IM
1925;IM;008;008824;F302;Montegrazie;;CS;08/09/1925;008031;E290;Imperia;008;IM
1925;IM;008;008837;L288;Torria;;CS;08/09/1925;008020;C660;Chiusavecchia;008;IM
1925;ME;083;083009;B666;Capo d'Orlando;;CS;01/08/1925;083060;F848;Naso;083;ME
1925;TO;001;001061;B953;Cascinette d'Ivrea;;CS;26/07/1925;001077;C624;Chiaverano;001;TO
1925;NA;063;063074;I300;Sant'Antonio Abate;;CS;26/07/1925;063039;E557;Lettere;063;NA
1924;RO;029;029801;A754;Bellombra;;CS;19/03/1924;029804;B095;Bottrighe;029;RO
1924;FU;701;701706;D620;Fiume;;AN;23/02/1924;;;Stato estero;;
1924;CL;085;085010;E618;Milocca;;CS;09/02/1924;085005;B537;Campofranco;085;CL
1924;CL;085;085010;E618;Milocca;;CS;09/02/1924;085020;L016;Sutera;085;CL
1924;CB;070;070084;G506;Petacciato;;CS;07/02/1924;070051;E259;Guglionesi;070;CB
1924;PL;702;702724;F869;Neresine;;CS;07/02/1924;702726;G177;Ossero;702;PL
1924;IM;008;008039;G164;Ospedaletti;;CS;04/02/1924;008812;C834;Col di Rodi;008;IM
1924;CT;087;087046;I216;Sant'Alfio;;CS;29/01/1924;087017;E017;Giarre;087;CT
1924;SO;014;014004;A337;Aprica;;CS;20/01/1924;014065;L084;Teglio;014;SO
1924;CE;061;061838;C836;Colfelice;;CS;13/01/1924;061868;H393;Rocca d'Arce;061;CE
1923;ME;083;083075;H479;Rodi;;CS;28/11/1923;083016;C347;Castroreale;083;ME
1923;ME;083;083098;L271;Torregrotta;;CS;28/11/1923;083073;H380;Roccavaldina;083;ME
1923;AG;084;084019;E390;Joppolo Giancaxio;;CS;28/11/1923;084030;H159;Raffadali;084;AG
1923;PL;702;702713;D425;Erpelle-Cosina;;CS;08/02/1923;801181;D324;San Dorligo della Valle-Dolina;801;Venezia Giulia
1923;PL;702;702713;D425;Erpelle-Cosina;;CS;08/02/1923;801118;F057;Matteria;801;Venezia Giulia
1923;PL;702;702713;D425;Erpelle-Cosina;;CS;08/02/1923;801165;H482;Rodic;801;Venezia Giulia
1923;PL;702;702713;D425;Erpelle-Cosina;;CS;08/02/1923;702802;ND;Occisla-Clanzo;702;PL
1922;FC;040;040034;H274;Riccione;;CS;02/12/1922;040035;H294;Rimini;040;FC
1922;MN;020;020056;H870;San Giacomo delle Segnate;;CS;19/09/1922;020047;H143;Quistello;020;MN
1922;MN;020;020058;H912;San Giovanni del Dosso;;CS;19/09/1922;020047;H143;Quistello;020;MN
1922;TE;067;067821;F647;Montesilvano Marina;;CS;09/07/1922;067820;F646;Montesilvano;067;TE
1922;Venezia Giulia;801;801017;A824;Bersez;;CS;02/02/1922;801236;F763;Moschienizze;801;Venezia Giulia
1922;Venezia Giulia;801;801069;D362;Draguccio;;CS;02/02/1922;801147;G675;Pinguente;801;Venezia Giulia
1922;Venezia Giulia;801;801102;I733;Slum;;CS;02/02/1922;801147;G675;Pinguente;801;Venezia Giulia
1922;Venezia Giulia;801;801234;L553;Susgnevizza;;CS;02/02/1922;801021;A924;Bogliuno;801;Venezia Giulia
1922;Venezia Giulia;801;801234;L553;Susgnevizza;;CS;02/02/1922;801149;G709;Pisino;801;Venezia Giulia
1922;Venezia Giulia;801;801234;L553;Susgnevizza;;CS;02/02/1922;801077;D563;Fianona;801;Venezia Giulia
1922;Venezia Giulia;801;801029;B318;Caccia;;CS;25/01/1922;801129;F577;Montenero d'Idria;801;Venezia Giulia
1922;Venezia Giulia;801;801105;E508;Ledine;;CS;25/01/1922;801097;E279;Idria di Sotto;801;Venezia Giulia
1921;BS;017;017854;E740;Lumezzane San Sebastiano;;CS;12/05/1921;017855;E741;Lumezzane Sant'Apollonio;017;BS
1921;LE;075;075044;F109;Melissano;;CS;12/05/1921;075016;B936;Casarano;075;LE
1921;CS;078;078147;L134;Terravecchia;;CS;12/05/1921;078025;B774;Cariati;078;CS
1921;ME;083;083064;G209;Pace del Mela;;CS;12/05/1921;083086;I220;Santa Lucia del Mela;083;ME
1921;Venezia Giulia;801;801001;A095;Aiba;;AN;05/01/1921;;;Stato estero;;
1921;Venezia Giulia;801;801002;A099;Aidussina;;AN;05/01/1921;;;Stato estero;;
1921;Venezia Giulia;801;801003;A103;Aiello del Friuli;;AN;05/01/1921;;;Stato estero;;
1921;Venezia Giulia;801;801004;A148;Auber;;AN;05/01/1921;;;Stato estero;;
1921;Venezia Giulia;801;801005;A170;Albona;;AN;05/01/1921;;;Stato estero;;
1921;Venezia Giulia;801;801006;A298;Anhovo;;AN;05/01/1921;;;Stato estero;;
1921;Venezia Giulia;801;801007;A311;Antignana;;AN;05/01/1921;;;Stato estero;;
1921;Venezia Giulia;801;801008;A336;Apriano;;AN;05/01/1921;;;Stato estero;;
1921;Venezia Giulia;801;801009;A346;Aquileia;;AN;05/01/1921;;;Stato estero;;
1921;Venezia Giulia;801;801010;A498;Auremo di Sopra;;AN;05/01/1921;;;Stato estero;;
1921;Venezia Giulia;801;801011;A500;Nabresina;;AN;05/01/1921;;;Stato estero;;
1921;Venezia Giulia;801;801012;A505;Auzza;;AN;05/01/1921;;;Stato estero;;
1921;Venezia Giulia;801;801013;A624;Barbana d'Istria;;AN;05/01/1921;;;Stato estero;;
1921;Venezia Giulia;801;801014;A715;Bate;;AN;05/01/1921;;;Stato estero;;
1921;Venezia Giulia;801;801015;A790;Berdo San Giovanni;;AN;05/01/1921;;;Stato estero;;
1921;Venezia Giulia;801;801016;A797;Bergogna;;AN;05/01/1921;;;Stato estero;;
1921;Venezia Giulia;801;801018;A867;Biglia;;AN;05/01/1921;;;Stato estero;;
1921;Venezia Giulia;801;801019;A868;Bigliana;;AN;05/01/1921;;;Stato estero;;
1921;Venezia Giulia;801;801020;A890;Bisterza;;AN;05/01/1921;;;Stato estero;;
1921;Venezia Giulia;801;801021;A924;Bogliuno;;AN;05/01/1921;;;Stato estero;;
1921;Venezia Giulia;801;801022;B047;Berie;;AN;05/01/1921;;;Stato estero;;
1921;Venezia Giulia;801;801023;B125;Brazzano;;AN;05/01/1921;;;Stato estero;;
1921;Venezia Giulia;801;801024;B163;Brestovizza in Valle;;AN;05/01/1921;;;Stato estero;;
1921;Venezia Giulia;801;801025;B164;Loga di Plezzo;;AN;05/01/1921;;;Stato estero;;
1921;Venezia Giulia;801;801026;B244;Bucuie;;AN;05/01/1921;;;Stato estero;;
1921;Venezia Giulia;801;801027;B245;Budagne;;AN;05/01/1921;;;Stato estero;;
1921;Venezia Giulia;801;801028;B260;Buie d'Istria;;AN;05/01/1921;;;Stato estero;;
1921;Venezia Giulia;801;801030;B401;Cal di Canale;;AN;05/01/1921;;;Stato estero;;
1921;Venezia Giulia;801;801031;B793;Camnie;;AN;05/01/1921;;;Stato estero;;
1921;Venezia Giulia;801;801032;B545;Campolongo;;AN;05/01/1921;;;Stato estero;;
1921;Venezia Giulia;801;801033;B560;Camporosso;;AN;05/01/1921;;;Stato estero;;
1921;Venezia Giulia;801;801034;B575;Canale d'Isonzo;;AN;05/01/1921;;;Stato estero;;
1921;Venezia Giulia;801;801035;B601;Canfanaro;;AN;05/01/1921;;;Stato estero;;
1921;Venezia Giulia;801;801036;B665;Capodistria;;AN;05/01/1921;;;Stato estero;;
1921;Venezia Giulia;801;801037;B673;Caporetto;;AN;05/01/1921;;;Stato estero;;
1921;Venezia Giulia;801;801038;B712;Capriva;;AN;05/01/1921;;;Stato estero;;
1921;Venezia Giulia;801;801039;B713;Capriva;;AN;05/01/1921;;;Stato estero;;
1921;Venezia Giulia;801;801040;C124;Iablanizza;;AN;05/01/1921;;;Stato estero;;
1921;Venezia Giulia;801;801041;C238;Castelnuovo d'Istria;;AN;05/01/1921;;;Stato estero;;
1921;Venezia Giulia;801;801042;C391;Britova;;AN;05/01/1921;;;Stato estero;;
1921;Venezia Giulia;801;801043;C416;Ceconico;;AN;05/01/1921;;;Stato estero;;
1921;Venezia Giulia;801;801044;C425;Ceglie;;AN;05/01/1921;;;Stato estero;;
1921;Venezia Giulia;801;801045;C519;Cernizza Goriziana;;AN;05/01/1921;;;Stato estero;;
1921;Venezia Giulia;801;801046;C556;Cervignano;;AN;05/01/1921;;;Stato estero;;
1921;Venezia Giulia;801;801047;C601;Cherso;;AN;05/01/1921;;;Stato estero;;
1921;Venezia Giulia;801;801048;C611;Chiapovano;;AN;05/01/1921;;;Stato estero;;
1921;Venezia Giulia;801;801049;C641;Chiopris-Viscone;;AN;05/01/1921;;;Stato estero;;
1921;Venezia Giulia;801;801050;C720;Circhina;;AN;05/01/1921;;;Stato estero;;
1921;Venezia Giulia;801;801051;C748;Cittanova d'Istria;;AN;05/01/1921;;;Stato estero;;
1921;Venezia Giulia;801;801052;C805;Cobilaglava;;AN;05/01/1921;;;Stato estero;;
1921;Venezia Giulia;801;801053;C921;Comen;;AN;05/01/1921;;;Stato estero;;
1921;Venezia Giulia;801;801054;D002;Corgnale;;AN;05/01/1921;;;Stato estero;;
1921;Venezia Giulia;801;801055;D014;Cormons;;AN;05/01/1921;;;Stato estero;;
1921;Venezia Giulia;801;801056;D031;Corona;;AN;05/01/1921;;;Stato estero;;
1921;Venezia Giulia;801;801057;D084;Cosbana;;AN;05/01/1921;;;Stato estero;;
1921;Venezia Giulia;801;801058;D090;Cossana;;AN;05/01/1921;;;Stato estero;;
1921;Venezia Giulia;801;801059;D138;Creda;;AN;05/01/1921;;;Stato estero;;
1921;Venezia Giulia;801;801060;D153;Crenovizza;;AN;05/01/1921;;;Stato estero;;
1921;Venezia Giulia;801;801061;D282;Descla;;AN;05/01/1921;;;Stato estero;;
1921;Venezia Giulia;801;801062;D301;Dignano d'Istria;;AN;05/01/1921;;;Stato estero;;
1921;Venezia Giulia;801;801063;F834;Nacla San Maurizio;;AN;05/01/1921;;;Stato estero;;
1921;Venezia Giulia;801;801064;D312;Doberdò;;AN;05/01/1921;;;Stato estero;;
1921;Venezia Giulia;801;801065;D322;Valgrande;;AN;05/01/1921;;;Stato estero;;
1921;Venezia Giulia;801;801066;D320;Dole;;AN;05/01/1921;;;Stato estero;;
1921;Venezia Giulia;801;801067;D321;Dolegna;;AN;05/01/1921;;;Stato estero;;
1921;Venezia Giulia;801;801068;D326;Dol-Otliza;;AN;05/01/1921;;;Stato estero;;
1921;Venezia Giulia;801;801070;D368;Dresenza;;AN;05/01/1921;;;Stato estero;;
1921;Venezia Giulia;801;801071;D382;Duino;;AN;05/01/1921;;;Stato estero;;
1921;Venezia Giulia;801;801072;D389;Duttogliano;;AN;05/01/1921;;;Stato estero;;
1921;Venezia Giulia;801;801073;D400;Gelsane;;AN;05/01/1921;;;Stato estero;;
1921;Venezia Giulia;801;801074;D427;Ersel in Monte;;AN;05/01/1921;;;Stato estero;;
1921;Venezia Giulia;801;801075;D485;Famlie;;AN;05/01/1921;;;Stato estero;;
1921;Venezia Giulia;801;801076;D504;Farra;;AN;05/01/1921;;;Stato estero;;
1921;Venezia Giulia;801;801077;D563;Fianona;;AN;05/01/1921;;;Stato estero;;
1921;Venezia Giulia;801;801078;D627;Fiumicello;;AN;05/01/1921;;;Stato estero;;
1921;Venezia Giulia;801;801079;D645;Fogliano;;AN;05/01/1921;;;Stato estero;;
1921;Venezia Giulia;801;801080;D669;Fontana del Conte;;AN;05/01/1921;;;Stato estero;;
1921;Venezia Giulia;801;801081;D831;Roccalba;;AN;05/01/1921;;;Stato estero;;
1921;Venezia Giulia;801;801082;D837;Gaberie;;AN;05/01/1921;;;Stato estero;;
1921;Venezia Giulia;801;801083;D838;Gabrovizza;;AN;05/01/1921;;;Stato estero;;
1921;Venezia Giulia;801;801084;D922;Gargaro;;AN;05/01/1921;;;Stato estero;;
1921;Venezia Giulia;801;801085;E032;Gimino;;AN;05/01/1921;;;Stato estero;;
1921;Venezia Giulia;801;801086;E073;Godovici;;AN;05/01/1921;;;Stato estero;;
1921;Venezia Giulia;801;801087;E042;Goiaze;;AN;05/01/1921;;;Stato estero;;
1921;Venezia Giulia;801;801088;E095;Goriasco;;AN;05/01/1921;;;Stato estero;;
1921;Venezia Giulia;801;801089;E098;Gorizia;;AN;05/01/1921;;;Stato estero;;
1921;Venezia Giulia;801;801090;E119;Gozza;;AN;05/01/1921;;;Stato estero;;
1921;Venezia Giulia;801;801091;E121;Gracova Serravalle;;AN;05/01/1921;;;Stato estero;;
1921;Venezia Giulia;801;801092;E124;Gradisca;;AN;05/01/1921;;;Stato estero;;
1921;Venezia Giulia;801;801093;E125;Grado;;AN;05/01/1921;;;Stato estero;;
1921;Venezia Giulia;801;801094;E183;Grisignana;;AN;05/01/1921;;;Stato estero;;
1921;Venezia Giulia;801;801095;E277;Idresca d'Isonzo;;AN;05/01/1921;;;Stato estero;;
1921;Venezia Giulia;801;801096;E278;Idria;;AN;05/01/1921;;;Stato estero;;
1921;Venezia Giulia;801;801097;E279;Idria di Sotto;;AN;05/01/1921;;;Stato estero;;
1921;Venezia Giulia;801;801098;E319;Joanniz;;AN;05/01/1921;;;Stato estero;;
1921;Venezia Giulia;801;801099;E355;Isola d'Istria;;AN;05/01/1921;;;Stato estero;;
1921;Venezia Giulia;801;801100;E404;San Leopoldo Alaglesie;;AN;05/01/1921;;;Stato estero;;
1921;Venezia Giulia;801;801101;E411;Lagosta;;AN;05/01/1921;;;Stato estero;;
1921;Venezia Giulia;801;801103;E460;Lase;;AN;05/01/1921;;;Stato estero;;
1921;Venezia Giulia;801;801104;E478;Laurana;;AN;05/01/1921;;;Stato estero;;
1921;Venezia Giulia;801;801106;E572;Libussina;;AN;05/01/1921;;;Stato estero;;
1921;Venezia Giulia;801;801107;E641;Locavizza di Aidussina;;AN;05/01/1921;;;Stato estero;;
1921;Venezia Giulia;801;801108;E642;Locavizza di Canale;;AN;05/01/1921;;;Stato estero;;
1921;Venezia Giulia;801;801109;E696;Lose;;AN;05/01/1921;;;Stato estero;;
1921;Venezia Giulia;801;801110;E720;Lucinico;;AN;05/01/1921;;;Stato estero;;
1921;Venezia Giulia;801;801111;E732;Luico;;AN;05/01/1921;;;Stato estero;;
1921;Venezia Giulia;801;801112;E765;Lussingrande;;AN;05/01/1921;;;Stato estero;;
1921;Venezia Giulia;801;801113;E766;Lussinpiccolo;;AN;05/01/1921;;;Stato estero;;
1921;Venezia Giulia;801;801114;E846;Malborghetto;;AN;05/01/1921;;;Stato estero;;
1921;Venezia Giulia;801;801115;E849;Manchinie;;AN;05/01/1921;;;Stato estero;;
1921;Venezia Giulia;801;801116;E942;Maresego;;AN;05/01/1921;;;Stato estero;;
1921;Venezia Giulia;801;801117;E952;Mariano;;AN;05/01/1921;;;Stato estero;;
1921;Venezia Giulia;801;801118;F057;Matteria;;AN;05/01/1921;;;Stato estero;;
1921;Venezia Giulia;801;801119;F060;Mattuglie;;AN;05/01/1921;;;Stato estero;;
1921;Venezia Giulia;801;801120;F079;Medana;;AN;05/01/1921;;;Stato estero;;
1921;Venezia Giulia;801;801121;F081;Medea;;AN;05/01/1921;;;Stato estero;;
1921;Venezia Giulia;801;801122;F150;Merna;;AN;05/01/1921;;;Stato estero;;
1921;Venezia Giulia;801;801123;F356;Monfalcone;;AN;05/01/1921;;;Stato estero;;
1921;Venezia Giulia;801;801124;F378;Repno;;AN;05/01/1921;;;Stato estero;;
1921;Venezia Giulia;801;801125;ND;Montefreddo;;AN;05/01/1921;;;Stato estero;;
1921;Venezia Giulia;801;801126;F485;Paugnano;;AN;05/01/1921;;;Stato estero;;
1921;Venezia Giulia;801;801127;F635;San Vito al Monte;;AN;05/01/1921;;;Stato estero;;
1921;Venezia Giulia;801;801128;F652;Vrabice;;AN;05/01/1921;;;Stato estero;;
1921;Venezia Giulia;801;801129;F577;Montenero d'Idria;;AN;05/01/1921;;;Stato estero;;
1921;Venezia Giulia;801;801130;F649;Dornberg;;AN;05/01/1921;;;Stato estero;;
1921;Venezia Giulia;801;801131;F683;Montona;;AN;05/01/1921;;;Stato estero;;
1921;Venezia Giulia;801;801132;F710;Moraro;;AN;05/01/1921;;;Stato estero;;
1921;Venezia Giulia;801;801133;F767;Mossa;;AN;05/01/1921;;;Stato estero;;
1921;Venezia Giulia;801;801134;F795;Muggia;;AN;05/01/1921;;;Stato estero;;
1921;Venezia Giulia;801;801135;F821;Muscoli Strassoldo;;AN;05/01/1921;;;Stato estero;;
1921;Venezia Giulia;801;801136;ND;Occisla-Clanzo;;AN;05/01/1921;;;Stato estero;;
1921;Venezia Giulia;801;801137;G053;Oltresonzia;;AN;05/01/1921;;;Stato estero;;
1921;Venezia Giulia;801;801138;G077;Opacchiasella;;AN;05/01/1921;;;Stato estero;;
1921;Venezia Giulia;801;801139;G127;Orsera;;AN;05/01/1921;;;Stato estero;;
1921;Venezia Giulia;801;801140;G175;Ossech-Vittuglie;;AN;05/01/1921;;;Stato estero;;
1921;Venezia Giulia;801;801141;G176;Ossegliano San Michele;;AN;05/01/1921;;;Stato estero;;
1921;Venezia Giulia;801;801142;G177;Ossero;;AN;05/01/1921;;;Stato estero;;
1921;Venezia Giulia;801;801143;G310;Paniqua;;AN;05/01/1921;;;Stato estero;;
1921;Venezia Giulia;801;801144;G332;Parenzo;;AN;05/01/1921;;;Stato estero;;
1921;Venezia Giulia;801;801145;G472;Perteole;;AN;05/01/1921;;;Stato estero;;
1921;Venezia Giulia;801;801146;G599;Podgora;;AN;05/01/1921;;;Stato estero;;
1921;Venezia Giulia;801;801147;G675;Pinguente;;AN;05/01/1921;;;Stato estero;;
1921;Venezia Giulia;801;801148;G700;Pirano;;AN;05/01/1921;;;Stato estero;;
1921;Venezia Giulia;801;801149;G709;Pisino;;AN;05/01/1921;;;Stato estero;;
1921;Venezia Giulia;801;801150;G731;Planina;;AN;05/01/1921;;;Stato estero;;
1921;Venezia Giulia;801;801151;G738;Plezzo;;AN;05/01/1921;;;Stato estero;;
1921;Venezia Giulia;801;801152;G739;Pliscovizza della Madonna;;AN;05/01/1921;;;Stato estero;;
1921;Venezia Giulia;801;801153;G744;Podicrai;;AN;05/01/1921;;;Stato estero;;
1921;Venezia Giulia;801;801154;G748;Podraga;;AN;05/01/1921;;;Stato estero;;
1921;Venezia Giulia;801;801155;G778;Pola;;AN;05/01/1921;;;Stato estero;;
1921;Venezia Giulia;801;801156;G832;Pontefella;;AN;05/01/1921;;;Stato estero;;
1921;Venezia Giulia;801;801157;G915;Portole;;AN;05/01/1921;;;Stato estero;;
1921;Venezia Giulia;801;801158;G941;Postumia;;AN;05/01/1921;;;Stato estero;;
1921;Venezia Giulia;801;801159;G946;Povir;;AN;05/01/1921;;;Stato estero;;
1921;Venezia Giulia;801;801160;H054;Pervacina;;AN;05/01/1921;;;Stato estero;;
1921;Venezia Giulia;801;801161;H064;Primano;;AN;05/01/1921;;;Stato estero;;
1921;Venezia Giulia;801;801162;H178;Ranziano;;AN;05/01/1921;;;Stato estero;;
1921;Venezia Giulia;801;801163;H193;Retacevo in Monte;;AN;05/01/1921;;;Stato estero;;
1921;Venezia Giulia;801;801164;H283;Reifemberg;;AN;05/01/1921;;;Stato estero;;
1921;Venezia Giulia;801;801165;H482;Rodic;;AN;05/01/1921;;;Stato estero;;
1921;Venezia Giulia;801;801166;H513;Romans;;AN;05/01/1921;;;Stato estero;;
1921;Venezia Giulia;801;801167;H531;Ronchi;;AN;05/01/1921;;;Stato estero;;
1921;Venezia Giulia;801;801168;H550;Ronzina;;AN;05/01/1921;;;Stato estero;;
1921;Venezia Giulia;801;801169;H619;Rovigno;;AN;05/01/1921;;;Stato estero;;
1921;Venezia Giulia;801;801170;H624;Rozzo;;AN;05/01/1921;;;Stato estero;;
1921;Venezia Giulia;801;801171;H629;Ruda;;AN;05/01/1921;;;Stato estero;;
1921;Venezia Giulia;801;801172;H653;Veliche-Zablie;;AN;05/01/1921;;;Stato estero;;
1921;Venezia Giulia;801;801173;H660;Saga;;AN;05/01/1921;;;Stato estero;;
1921;Venezia Giulia;801;801174;H664;Sagoria San Martino;;AN;05/01/1921;;;Stato estero;;
1921;Venezia Giulia;801;801175;H665;Sagrado;;AN;05/01/1921;;;Stato estero;;
1921;Venezia Giulia;801;801176;H692;Salcano;;AN;05/01/1921;;;Stato estero;;
1921;Venezia Giulia;801;801177;H737;Samaria;;AN;05/01/1921;;;Stato estero;;
1921;Venezia Giulia;801;801178;H740;Sempas;;AN;05/01/1921;;;Stato estero;;
1921;Venezia Giulia;801;801179;H787;San Canziano;;AN;05/01/1921;;;Stato estero;;
1921;Venezia Giulia;801;801180;H817;San Daniele del Carso;;AN;05/01/1921;;;Stato estero;;
1921;Venezia Giulia;801;801181;D324;San Dorligo della Valle-Dolina;Dolina;AN;05/01/1921;;;Stato estero;;
1921;Venezia Giulia;801;801182;H845;San Floriano;;AN;05/01/1921;;;Stato estero;;
1921;Venezia Giulia;801;801183;H871;San Giacomo in Colle;;AN;05/01/1921;;;Stato estero;;
1921;Venezia Giulia;801;801184;H964;San Lorenzo di Mossa;;AN;05/01/1921;;;Stato estero;;
1921;Venezia Giulia;801;801185;I013;San Martino Quisca;;AN;05/01/1921;;;Stato estero;;
1921;Venezia Giulia;801;801186;I044;San Michele di Postumia;;AN;05/01/1921;;;Stato estero;;
1921;Venezia Giulia;801;801187;I078;San Pelagio;;AN;05/01/1921;;;Stato estero;;
1921;Venezia Giulia;801;801188;I082;San Pietro dell'Isonzo;;AN;05/01/1921;;;Stato estero;;
1921;Venezia Giulia;801;801189;I100;San Pietro del Carso;;AN;05/01/1921;;;Stato estero;;
1921;Venezia Giulia;801;801190;I091;San Pietro;;AN;05/01/1921;;;Stato estero;;
1921;Venezia Giulia;801;801191;I404;San Vito al Torre;;AN;05/01/1921;;;Stato estero;;
1921;Venezia Giulia;801;801192;I406;San Vito di Vipacco;;AN;05/01/1921;;;Stato estero;;
1921;Venezia Giulia;801;801193;I180;Santa Croce di Aidussina;;AN;05/01/1921;;;Stato estero;;
1921;Venezia Giulia;801;801194;I222;Santa Lucia di Tolmino;;AN;05/01/1921;;;Stato estero;;
1921;Venezia Giulia;801;801195;I269;Sant'Andrea;;AN;05/01/1921;;;Stato estero;;
1921;Venezia Giulia;801;801196;I355;Bainsizza Santo Spirito;;AN;05/01/1921;;;Stato estero;;
1921;Venezia Giulia;801;801197;I386;Sanvincenti;;AN;05/01/1921;;;Stato estero;;
1921;Venezia Giulia;801;801198;I479;Savogna;;AN;05/01/1921;;;Stato estero;;
1921;Venezia Giulia;801;801199;I524;Scherbina;;AN;05/01/1921;;;Stato estero;;
1921;Venezia Giulia;801;801200;I542;Scodovacca;;AN;05/01/1921;;;Stato estero;;
1921;Venezia Giulia;801;801201;I547;Scoppo;;AN;05/01/1921;;;Stato estero;;
1921;Venezia Giulia;801;801202;I552;Scrilie;;AN;05/01/1921;;;Stato estero;;
1921;Venezia Giulia;801;801203;I557;Sebreghe;;AN;05/01/1921;;;Stato estero;;
1921;Venezia Giulia;801;801204;I568;Sedula;;AN;05/01/1921;;;Stato estero;;
1921;Venezia Giulia;801;801205;I584;Sello;;AN;05/01/1921;;;Stato estero;;
1921;Venezia Giulia;801;801206;I746;Senadole;;AN;05/01/1921;;;Stato estero;;
1921;Venezia Giulia;801;801207;I616;Senosecchia;;AN;05/01/1921;;;Stato estero;;
1921;Venezia Giulia;801;801208;I638;Serpenizza;;AN;05/01/1921;;;Stato estero;;
1921;Venezia Giulia;801;801209;I674;Sesana;;AN;05/01/1921;;;Stato estero;;
1921;Venezia Giulia;801;801210;I715;Sgonico;;AN;05/01/1921;;;Stato estero;;
1921;Venezia Giulia;801;801211;I768;Salto di Vipacco;;AN;05/01/1921;;;Stato estero;;
1921;Venezia Giulia;801;801212;I770;Slivno;;AN;05/01/1921;;;Stato estero;;
1921;Venezia Giulia;801;801213;I773;Smeria;;AN;05/01/1921;;;Stato estero;;
1921;Venezia Giulia;801;801214;I833;Sonzia;;AN;05/01/1921;;;Stato estero;;
1921;Venezia Giulia;801;801215;I939;Staranzano;;AN;05/01/1921;;;Stato estero;;
1921;Venezia Giulia;801;801216;I961;Storie;;AN;05/01/1921;;;Stato estero;;
1921;Venezia Giulia;801;801217;I989;Sturia;;AN;05/01/1921;;;Stato estero;;
1921;Venezia Giulia;801;801218;L044;Tapogliano;;AN;05/01/1921;;;Stato estero;;
1921;Venezia Giulia;801;801219;L053;Ternova;;AN;05/01/1921;;;Stato estero;;
1921;Venezia Giulia;801;801220;L057;Tarvisio;;AN;05/01/1921;;;Stato estero;;
1921;Venezia Giulia;801;801221;L092;Temnizza;;AN;05/01/1921;;;Stato estero;;
1921;Venezia Giulia;801;801222;L119;Ternova d'Isonzo;;AN;05/01/1921;;;Stato estero;;
1921;Venezia Giulia;801;801223;L144;Terzo d'Aquileia;;AN;05/01/1921;;;Stato estero;;
1921;Venezia Giulia;801;801224;L196;Tolmino;;AN;05/01/1921;;;Stato estero;;
1921;Venezia Giulia;801;801225;L198;Tomai;;AN;05/01/1921;;;Stato estero;;
1921;Venezia Giulia;801;801226;L128;Ternovo;;AN;05/01/1921;;;Stato estero;;
1921;Venezia Giulia;801;801227;L376;Trenta d'Isonzo;;AN;05/01/1921;;;Stato estero;;
1921;Venezia Giulia;801;801228;L417;Tribussa;;AN;05/01/1921;;;Stato estero;;
1921;Venezia Giulia;801;801229;L424;Trieste;;AN;05/01/1921;;;Stato estero;;
1921;Venezia Giulia;801;801230;L474;Turriaco;;AN;05/01/1921;;;Stato estero;;
1921;Venezia Giulia;801;801231;L481;Ucovizza;;AN;05/01/1921;;;Stato estero;;
1921;Venezia Giulia;801;801232;L491;Umago;;AN;05/01/1921;;;Stato estero;;
1921;Venezia Giulia;801;801233;L520;Ustie;;AN;05/01/1921;;;Stato estero;;
1921;Venezia Giulia;801;801235;L602;Valle d'Istria;;AN;05/01/1921;;;Stato estero;;
1921;Venezia Giulia;801;801236;F763;Moschienizze;;AN;05/01/1921;;;Stato estero;;
1921;Venezia Giulia;801;801237;L782;Verpogliano;;AN;05/01/1921;;;Stato estero;;
1921;Venezia Giulia;801;801238;L789;Versa;;AN;05/01/1921;;;Stato estero;;
1921;Venezia Giulia;801;801239;L793;Verteneglio;;AN;05/01/1921;;;Stato estero;;
1921;Venezia Giulia;801;801240;L794;Vertoiba;;AN;05/01/1921;;;Stato estero;;
1921;Venezia Giulia;801;801241;L796;Vertovino;;AN;05/01/1921;;;Stato estero;;
1921;Venezia Giulia;801;801242;L932;Decani;;AN;05/01/1921;;;Stato estero;;
1921;Venezia Giulia;801;801243;M024;Slavina;;AN;05/01/1921;;;Stato estero;;
1921;Venezia Giulia;801;801244;M034;Villa Vicentina;;AN;05/01/1921;;;Stato estero;;
1921;Venezia Giulia;801;801245;L914;Bassano;;AN;05/01/1921;;;Stato estero;;
1921;Venezia Giulia;801;801246;M038;Voghersca;;AN;05/01/1921;;;Stato estero;;
1921;Venezia Giulia;801;801247;M043;Villesse;;AN;05/01/1921;;;Stato estero;;
1921;Venezia Giulia;801;801248;M066;Vipacco;;AN;05/01/1921;;;Stato estero;;
1921;Venezia Giulia;801;801249;M073;Visco;;AN;05/01/1921;;;Stato estero;;
1921;Venezia Giulia;801;801250;M074;Visignano;;AN;05/01/1921;;;Stato estero;;
1921;Venezia Giulia;801;801251;M075;Visinada;;AN;05/01/1921;;;Stato estero;;
1921;Venezia Giulia;801;801252;M112;Voischizza;;AN;05/01/1921;;;Stato estero;;
1921;Venezia Giulia;801;801253;M117;Volosca-Abbazia;;AN;05/01/1921;;;Stato estero;;
1921;Venezia Giulia;801;801254;M134;Volzana;;AN;05/01/1921;;;Stato estero;;
1921;Venezia Giulia;801;801255;M135;Voschia;;AN;05/01/1921;;;Stato estero;;
1921;Venezia Giulia;801;801256;M149;Zara;;AN;05/01/1921;;;Stato estero;;
1921;Venezia Giulia;801;801257;M186;Zolla;;AN;05/01/1921;;;Stato estero;;
1920;GR;053;053008;C782;Pari;;CS;03/11/1920;053002;B497;Campagnatico;053;GR
1920;GR;053;053009;D656;Follonica;;CS;03/11/1920;053015;F032;Massa Marittima;053;GR
1920;GR;053;053025;I571;Seggiano;;CS;03/11/1920;053004;C085;Castel del Piano;053;GR
1920;SS;090;090006;A453;Arzachena;;CS;03/11/1920;090070;L093;Tempio Pausania;090;SS
1920;TN;802;802001;A021;Acereto/Ahornach;Ahornach;AN;16/10/1920;;;Stato estero;;
1920;TN;802;802002;A090;Agrone;;AN;16/10/1920;;;Stato estero;;
1920;TN;802;802003;A116;Ala;;AN;16/10/1920;;;Stato estero;;
1920;TN;802;802004;A151;Albes/Albeins;Albeins;AN;16/10/1920;;;Stato estero;;
1920;TN;802;802005;A158;Albiano;;AN;16/10/1920;;;Stato estero;;
1920;TN;802;802006;A178;Aldeno;;AN;16/10/1920;;;Stato estero;;
1920;TN;802;802007;A179;Valdagno/Aldein;Aldein;AN;16/10/1920;;;Stato estero;;
1920;TN;802;802008;A209;Alliz/Allitz;Allitz;AN;16/10/1920;;;Stato estero;;
1920;TN;802;802009;A213;Almazzago;;AN;16/10/1920;;;Stato estero;;
1920;TN;802;802010;A260;Amblar;;AN;16/10/1920;;;Stato estero;;
1920;TN;802;802011;A274;Andalo;;AN;16/10/1920;;;Stato estero;;
1920;TN;802;802012;A276;Andogno;;AN;16/10/1920;;;Stato estero;;
1920;TN;802;802013;A286;Andriano/Andrian;Andrian;AN;16/10/1920;;;Stato estero;;
1920;TN;802;802014;A306;Anterivo/Altrei;Altrei;AN;16/10/1920;;;Stato estero;;
1920;TN;802;802015;A307;Anterselva/Anthoiz;Anthoiz;AN;16/10/1920;;;Stato estero;;
1920;TN;802;802016;A332;Appiano/Eppan;Eppan;AN;16/10/1920;;;Stato estero;;
1920;TN;802;802017;A372;Arco;;AN;16/10/1920;;;Stato estero;;
1920;TN;802;802018;A417;Armo;;AN;16/10/1920;;;Stato estero;;
1920;TN;802;802019;A420;Arnago;;AN;16/10/1920;;;Stato estero;;
1920;TN;802;802020;A507;Aveligna/Hafling;Hafling;AN;16/10/1920;;;Stato estero;;
1920;TN;802;802021;A520;Avio;;AN;16/10/1920;;;Stato estero;;
1920;TN;802;802022;A537;Badia/Abtei;Abtei;AN;16/10/1920;;;Stato estero;;
1920;TN;802;802023;A608;Banco;;AN;16/10/1920;;;Stato estero;;
1920;TN;802;802024;A635;Barbiano/Barbian;Barbian;AN;16/10/1920;;;Stato estero;;
1920;TN;802;802025;A694;Baselga di Pinè;;AN;16/10/1920;;;Stato estero;;
1920;TN;802;802026;A693;Baselga;;AN;16/10/1920;;;Stato estero;;
1920;TN;802;802027;A730;Bedollo;;AN;16/10/1920;;;Stato estero;;
1920;TN;802;802028;A808;Bersone;;AN;16/10/1920;;;Stato estero;;
1920;TN;802;802029;A821;Besenello;;AN;16/10/1920;;;Stato estero;;
1920;TN;802;802030;A839;Bezzecca;;AN;16/10/1920;;;Stato estero;;
1920;TN;802;802031;A840;Biacesa;;AN;16/10/1920;;;Stato estero;;
1920;TN;802;802032;A863;Bieno;;AN;16/10/1920;;;Stato estero;;
1920;TN;802;802033;A901;Bleggio Inferiore;;AN;16/10/1920;;;Stato estero;;
1920;TN;802;802034;A902;Bleggio Superiore;;AN;16/10/1920;;;Stato estero;;
1920;TN;802;802035;A916;Bocenago;;AN;16/10/1920;;;Stato estero;;
1920;TN;802;802036;A933;Bolbeno;;AN;16/10/1920;;;Stato estero;;
1920;TN;802;802037;A935;Bolentina;;AN;16/10/1920;;;Stato estero;;
1920;TN;802;802038;A943;Bollone;;AN;16/10/1920;;;Stato estero;;
1920;TN;802;802039;A952;Bolzano/Bozen;Bozen;AN;16/10/1920;;;Stato estero;;
1920;TN;802;802040;A967;Bondo;;AN;16/10/1920;;;Stato estero;;
1920;TN;802;802041;A968;Bondone;;AN;16/10/1920;;;Stato estero;;
1920;TN;802;802042;A997;Borghetto;;AN;16/10/1920;;;Stato estero;;
1920;TN;802;802043;B006;Borgo Valsugana;;AN;16/10/1920;;;Stato estero;;
1920;TN;802;802044;B065;Borzago;;AN;16/10/1920;;;Stato estero;;
1920;TN;802;802045;B078;Bosentino;;AN;16/10/1920;;;Stato estero;;
1920;TN;802;802046;B108;Bozzana;;AN;16/10/1920;;;Stato estero;;
1920;TN;802;802047;B116;Braies/Prags;Prags;AN;16/10/1920;;;Stato estero;;
1920;TN;802;802048;B135;Breguzzo;;AN;16/10/1920;;;Stato estero;;
1920;TN;802;802049;B145;Colle Isarco/Gossensass;Gossensass;AN;16/10/1920;;;Stato estero;;
1920;TN;802;802050;B153;Brentonico;;AN;16/10/1920;;;Stato estero;;
1920;TN;802;802051;B158;Bresimo;;AN;16/10/1920;;;Stato estero;;
1920;TN;802;802052;B160;Bressanone/Brixen;Brixen;AN;16/10/1920;;;Stato estero;;
1920;TN;802;802053;B165;Brez;;AN;16/10/1920;;;Stato estero;;
1920;TN;802;802054;B185;Brione;;AN;16/10/1920;;;Stato estero;;
1920;TN;802;802055;B203;Bronzolo/Branzoll;Branzoll;AN;16/10/1920;;;Stato estero;;
1920;TN;802;802056;B220;Brunico/Bruneck;Bruneck;AN;16/10/1920;;;Stato estero;;
1920;TN;802;802057;B277;Burgusio/Burgeis;Burgeis;AN;16/10/1920;;;Stato estero;;
1920;TN;802;802058;B335;Caderzone;;AN;16/10/1920;;;Stato estero;;
1920;TN;802;802059;B344;Cadine;;AN;16/10/1920;;;Stato estero;;
1920;TN;802;802060;B360;Cagnò;;AN;16/10/1920;;;Stato estero;;
1920;TN;802;802061;B364;Caines/Kuens;Kuens;AN;16/10/1920;;;Stato estero;;
1920;TN;802;802062;B386;Calavino;;AN;16/10/1920;;;Stato estero;;
1920;TN;802;802063;B389;Calcerànica;;AN;16/10/1920;;;Stato estero;;
1920;TN;802;802064;B397;Caldaro/Kaltern;Kaltern;AN;16/10/1920;;;Stato estero;;
1920;TN;802;802065;B400;Caldes;;AN;16/10/1920;;;Stato estero;;
1920;TN;802;802066;B404;Caldonazzo;;AN;16/10/1920;;;Stato estero;;
1920;TN;802;802067;B419;Calliano;;AN;16/10/1920;;;Stato estero;;
1920;TN;802;802068;B480;Caminata in Tures/Kematen;Kematen;AN;16/10/1920;;;Stato estero;;
1920;TN;802;802069;B514;Campitello;;AN;16/10/1920;;;Stato estero;;
1920;TN;802;802070;B518;Campo;;AN;16/10/1920;;;Stato estero;;
1920;TN;802;802071;B570;Campo Tures/Sand in Taufers;Sand in Taufers;AN;16/10/1920;;;Stato estero;;
1920;TN;802;802072;B525;Campodenno;;AN;16/10/1920;;;Stato estero;;
1920;TN;802;802073;B577;Canal San Bovo;;AN;16/10/1920;;;Stato estero;;
1920;TN;802;802074;B579;Canazei;;AN;16/10/1920;;;Stato estero;;
1920;TN;802;802075;B600;Canezza;;AN;16/10/1920;;;Stato estero;;
1920;TN;802;802076;B697;Capriana;;AN;16/10/1920;;;Stato estero;;
1920;TN;802;802077;B723;Carano;;AN;16/10/1920;;;Stato estero;;
1920;TN;802;802078;B750;Carciato;;AN;16/10/1920;;;Stato estero;;
1920;TN;802;802079;B783;Carisolo;;AN;16/10/1920;;;Stato estero;;
1920;TN;802;802080;B856;Carzano;;AN;16/10/1920;;;Stato estero;;
1920;TN;802;802081;B964;Casez;;AN;16/10/1920;;;Stato estero;;
1920;TN;802;802082;B992;Casotto;;AN;16/10/1920;;;Stato estero;;
1920;TN;802;802083;C043;Castagnè;;AN;16/10/1920;;;Stato estero;;
1920;TN;802;802084;C183;Castello;;AN;16/10/1920;;;Stato estero;;
1920;TN;802;802085;C061;Castelbello/Kastelbell;Kastelbell;AN;16/10/1920;;;Stato estero;;
1920;TN;802;802086;C077;Castello di Pusteria/Ehrenburg;Ehrenburg;AN;16/10/1920;;;Stato estero;;
1920;TN;802;802087;C103;Castelfondo;;AN;16/10/1920;;;Stato estero;;
1920;TN;802;802088;C138;Castellano;;AN;16/10/1920;;;Stato estero;;
1920;TN;802;802089;C182;Castello;;AN;16/10/1920;;;Stato estero;;
1920;TN;802;802090;C194;Castello Tesino;;AN;16/10/1920;;;Stato estero;;
1920;TN;802;802091;C189;Castello di Fiemme;;AN;16/10/1920;;;Stato estero;;
1920;TN;802;802092;C216;Castelnuovo;;AN;16/10/1920;;;Stato estero;;
1920;TN;802;802093;C254;Castelrotto/Kastelruth;Kastelruth;AN;16/10/1920;;;Stato estero;;
1920;TN;802;802094;C358;Cauria/Gfrill;Gfrill;AN;16/10/1920;;;Stato estero;;
1920;TN;802;802095;C372;Cavalese;;AN;16/10/1920;;;Stato estero;;
1920;TN;802;802096;C380;Cavareno;;AN;16/10/1920;;;Stato estero;;
1920;TN;802;802097;C392;Cavedago;;AN;16/10/1920;;;Stato estero;;
1920;TN;802;802098;C393;Cavedine;;AN;16/10/1920;;;Stato estero;;
1920;TN;802;802099;C400;Cavizzana;;AN;16/10/1920;;;Stato estero;;
1920;TN;802;802100;C427;Celentino;;AN;16/10/1920;;;Stato estero;;
1920;TN;802;802101;C445;Celledizzo;;AN;16/10/1920;;;Stato estero;;
1920;TN;802;802102;C452;Cembra;;AN;16/10/1920;;;Stato estero;;
1920;TN;802;802103;C464;Cengles/Tschengls;Tschengls;AN;16/10/1920;;;Stato estero;;
1920;TN;802;802104;C467;Centa San Nicolò;;AN;16/10/1920;;;Stato estero;;
1920;TN;802;802105;A022;Acernes/Tscherms;Tscherms;AN;16/10/1920;;;Stato estero;;
1920;TN;802;802106;C590;Zedes/Tshöfs;Tshöfs;AN;16/10/1920;;;Stato estero;;
1920;TN;802;802107;C625;Chienes/Kiens;Kiens;AN;16/10/1920;;;Stato estero;;
1920;TN;802;802108;C626;Chienis;;AN;16/10/1920;;;Stato estero;;
1920;TN;802;802109;C652;Chiusa all'Isarco/Klausen;Klausen;AN;16/10/1920;;;Stato estero;;
1920;TN;802;802110;C666;Chizzola;;AN;16/10/1920;;;Stato estero;;
1920;TN;802;802111;C667;Ciago;;AN;16/10/1920;;;Stato estero;;
1920;TN;802;802112;C671;Ciars/Tschars;Tschars;AN;16/10/1920;;;Stato estero;;
1920;TN;802;802113;C694;Cimego;;AN;16/10/1920;;;Stato estero;;
1920;TN;802;802114;C700;Cimone;;AN;16/10/1920;;;Stato estero;;
1920;TN;802;802115;C712;Cinte Tesino;;AN;16/10/1920;;;Stato estero;;
1920;TN;802;802116;C727;Cis;;AN;16/10/1920;;;Stato estero;;
1920;TN;802;802117;C756;Civezzano;;AN;16/10/1920;;;Stato estero;;
1920;TN;802;802118;C794;Cles;;AN;16/10/1920;;;Stato estero;;
1920;TN;802;802119;C797;Cloz;;AN;16/10/1920;;;Stato estero;;
1920;TN;802;802120;C799;Clusio/Schleis;Schleis;AN;16/10/1920;;;Stato estero;;
1920;TN;802;802121;C822;Cognola;;AN;16/10/1920;;;Stato estero;;
1920;TN;802;802122;C825;Cogolo;;AN;16/10/1920;;;Stato estero;;
1920;TN;802;802123;C833;Colderano/Goldrain;Goldrain;AN;16/10/1920;;;Stato estero;;
1920;TN;802;802124;C837;Colfosco/Colfosco;Colfosco;AN;16/10/1920;;;Stato estero;;
1920;TN;802;802125;C861;Colle in Casies/Pichl in Gsies;Pichl in Gsies;AN;16/10/1920;;;Stato estero;;
1920;TN;802;802126;C872;Colle Santa Lucia;;AN;16/10/1920;;;Stato estero;;
1920;TN;802;802127;C881;Colli in Pusteria/Pichlern;Pichlern;AN;16/10/1920;;;Stato estero;;
1920;TN;802;802128;C892;Cologna in Giudicarie;;AN;16/10/1920;;;Stato estero;;
1920;TN;802;802129;C891;Cologna-Gavazzo;;AN;16/10/1920;;;Stato estero;;
1920;TN;802;802130;C907;Colsano/Galsaun;Galsaun;AN;16/10/1920;;;Stato estero;;
1920;TN;802;802131;C915;Comano;;AN;16/10/1920;;;Stato estero;;
1920;TN;802;802132;C916;Comasine;;AN;16/10/1920;;;Stato estero;;
1920;TN;802;802133;C953;Condino;;AN;16/10/1920;;;Stato estero;;
1920;TN;802;802134;C994;Coredo;;AN;16/10/1920;;;Stato estero;;
1920;TN;802;802135;B799;Carnedo/Karneid;Karneid;AN;16/10/1920;;;Stato estero;;
1920;TN;802;802136;D048;Cortaccia/Kurtatsch;Kurtatsch;AN;16/10/1920;;;Stato estero;;
1920;TN;802;802137;D059;Corte in Pusteria/Hofern;Hofern;AN;16/10/1920;;;Stato estero;;
1920;TN;802;802138;A266;Ampezzo;;AN;16/10/1920;;;Stato estero;;
1920;TN;802;802139;D075;Cortina all'Adige/Kurtinig;Kurtinig;AN;16/10/1920;;;Stato estero;;
1920;TN;802;802140;D079;Corvara in Badia/Corvara;Corvara;AN;16/10/1920;;;Stato estero;;
1920;TN;802;802141;D080;Corvara in Passiria/Rabenstein;Rabenstein;AN;16/10/1920;;;Stato estero;;
1920;TN;802;802142;D083;Corzes/Kortsch;Kortsch;AN;16/10/1920;;;Stato estero;;
1920;TN;802;802143;D116;Costasavina;;AN;16/10/1920;;;Stato estero;;
1920;TN;802;802144;C401;Cavolano/Göflan;Göflan;AN;16/10/1920;;;Stato estero;;
1920;TN;802;802145;D125;Covelo;;AN;16/10/1920;;;Stato estero;;
1920;TN;802;802146;D164;Creto;;AN;16/10/1920;;;Stato estero;;
1920;TN;802;802147;D188;Croviana;;AN;16/10/1920;;;Stato estero;;
1920;TN;802;802148;D206;Cunevo;;AN;16/10/1920;;;Stato estero;;
1920;TN;802;802149;D032;Corona alla Muta/Graun;Graun;AN;16/10/1920;;;Stato estero;;
1920;TN;802;802150;D243;Daiano;;AN;16/10/1920;;;Stato estero;;
1920;TN;802;802151;D246;Dambel;;AN;16/10/1920;;;Stato estero;;
1920;TN;802;802152;D248;Daone;;AN;16/10/1920;;;Stato estero;;
1920;TN;802;802153;D249;Dardine;;AN;16/10/1920;;;Stato estero;;
1920;TN;802;802154;D250;Darè;;AN;16/10/1920;;;Stato estero;;
1920;TN;802;802155;D252;Darzo;;AN;16/10/1920;;;Stato estero;;
1920;TN;802;802156;D263;Deggiano;;AN;16/10/1920;;;Stato estero;;
1920;TN;802;802157;D273;Denno;;AN;16/10/1920;;;Stato estero;;
1920;TN;802;802158;D274;Dercolo;;AN;16/10/1920;;;Stato estero;;
1920;TN;802;802159;D276;Dermulo;;AN;16/10/1920;;;Stato estero;;
1920;TN;802;802160;D302;Dimaro;;AN;16/10/1920;;;Stato estero;;
1920;TN;802;802161;D311;Dobbiaco/Toblach;Toblach;AN;16/10/1920;;;Stato estero;;
1920;TN;802;802162;D336;Don;;AN;16/10/1920;;;Stato estero;;
1920;TN;802;802163;D349;Dorsino;;AN;16/10/1920;;;Stato estero;;
1920;TN;802;802164;D365;Drena;;AN;16/10/1920;;;Stato estero;;
1920;TN;802;802165;D371;Dro;;AN;16/10/1920;;;Stato estero;;
1920;TN;802;802166;D392;Egna/Neumarkt;Neumarkt;AN;16/10/1920;;;Stato estero;;
1920;TN;802;802167;D396;Elle/Ellen;Ellen;AN;16/10/1920;;;Stato estero;;
1920;TN;802;802168;D409;Enguiso;;AN;16/10/1920;;;Stato estero;;
1920;TN;802;802169;D413;Eores/Afers;Afers;AN;16/10/1920;;;Stato estero;;
1920;TN;802;802170;D457;Faedo;;AN;16/10/1920;;;Stato estero;;
1920;TN;802;802171;D468;Fai;;AN;16/10/1920;;;Stato estero;;
1920;TN;802;802172;D478;Falesina;;AN;16/10/1920;;;Stato estero;;
1920;TN;802;802173;D484;Falzes/Pfalzen;Pfalzen;AN;16/10/1920;;;Stato estero;;
1920;TN;802;802174;D516;Faver;;AN;16/10/1920;;;Stato estero;;
1920;TN;802;802175;D519;Favogna di Sotto/Unterfennberg;Unterfennberg;AN;16/10/1920;;;Stato estero;;
1920;TN;802;802176;D565;Fiavè;;AN;16/10/1920;;;Stato estero;;
1920;TN;802;802177;D571;Fiè/Völs;Völs;AN;16/10/1920;;;Stato estero;;
1920;TN;802;802178;D572;Fiera di Primiero;;AN;16/10/1920;;;Stato estero;;
1920;TN;802;802179;D573;Fierozzo;;AN;16/10/1920;;;Stato estero;;
1920;TN;802;802180;D616;Fisto;;AN;16/10/1920;;;Stato estero;;
1920;TN;802;802181;D631;Flavon;;AN;16/10/1920;;;Stato estero;;
1920;TN;802;802182;D633;Fleres/Pflersch;Pflersch;AN;16/10/1920;;;Stato estero;;
1920;TN;802;802183;D648;Foiana/Völlan;Völlan;AN;16/10/1920;;;Stato estero;;
1920;TN;802;802184;D651;Folgaria;;AN;16/10/1920;;;Stato estero;;
1920;TN;802;802185;D663;Fondo;;AN;16/10/1920;;;Stato estero;;
1920;TN;802;802186;D714;Fornace;;AN;16/10/1920;;;Stato estero;;
1920;TN;802;802187;D723;Forno;;AN;16/10/1920;;;Stato estero;;
1920;TN;802;802188;D731;Mezzaselva all'Isarco/Mittewald Am Eisak;Mittewald Am Eisak;AN;16/10/1920;;;Stato estero;;
1920;TN;802;802189;D775;Frassilongo;;AN;16/10/1920;;;Stato estero;;
1920;TN;802;802190;D792;Fraveggio;;AN;16/10/1920;;;Stato estero;;
1920;TN;802;802191;D820;Fundoles/Pfunders;Pfunders;AN;16/10/1920;;;Stato estero;;
1920;TN;802;802192;D821;Funes/Villnöß;Villnöß;AN;16/10/1920;;;Stato estero;;
1920;TN;802;802193;D860;Gais/Gais;Gais;AN;16/10/1920;;;Stato estero;;
1920;TN;802;802194;D916;Gardolo al Piano;;AN;16/10/1920;;;Stato estero;;
1920;TN;802;802195;D923;Gargazzone/Gargazon;Gargazon;AN;16/10/1920;;;Stato estero;;
1920;TN;802;802196;D928;Garniga;;AN;16/10/1920;;;Stato estero;;
1920;TN;802;802197;E048;Giovo;;AN;16/10/1920;;;Stato estero;;
1920;TN;802;802198;E065;Giustino;;AN;16/10/1920;;;Stato estero;;
1920;TN;802;802199;E069;Glorenza/Glurns;Glurns;AN;16/10/1920;;;Stato estero;;
1920;TN;802;802200;E150;Grauno;;AN;16/10/1920;;;Stato estero;;
1920;TN;802;802201;E174;Grìes di Bolzano/Gries;Gries;AN;16/10/1920;;;Stato estero;;
1920;TN;802;802202;E178;Grigno;;AN;16/10/1920;;;Stato estero;;
1920;TN;802;802203;E181;Villa in Selva/Greinwalden;Greinwalden;AN;16/10/1920;;;Stato estero;;
1920;TN;802;802204;E222;Grumes;;AN;16/10/1920;;;Stato estero;;
1920;TN;802;802205;E225;Grumo;;AN;16/10/1920;;;Stato estero;;
1920;TN;802;802206;E257;Gudon/Gufidaun;Gufidaun;AN;16/10/1920;;;Stato estero;;
1920;TN;802;802207;E276;Iavrè;;AN;16/10/1920;;;Stato estero;;
1920;TN;802;802208;E288;Imer;;AN;16/10/1920;;;Stato estero;;
1920;TN;802;802209;E331;Ischia;;AN;16/10/1920;;;Stato estero;;
1920;TN;802;802210;E334;Isera;;AN;16/10/1920;;;Stato estero;;
1920;TN;802;802211;C737;Cissico/Issing;Issing;AN;16/10/1920;;;Stato estero;;
1920;TN;802;802212;E378;Ivano-Fracena;;AN;16/10/1920;;;Stato estero;;
1920;TN;802;802213;E491;La Valle/Wengen;Wengen;AN;16/10/1920;;;Stato estero;;
1920;TN;802;802214;E398;Laces/Latsch;Latsch;AN;16/10/1920;;;Stato estero;;
1920;TN;802;802215;E399;Lacigno/Latschinig;Latschinig;AN;16/10/1920;;;Stato estero;;
1920;TN;802;802216;E412;Lagundo/Algund;Algund;AN;16/10/1920;;;Stato estero;;
1920;TN;802;802217;E420;Laion/Lajen;Lajen;AN;16/10/1920;;;Stato estero;;
1920;TN;802;802218;E421;Laives/Leifers;Leifers;AN;16/10/1920;;;Stato estero;;
1920;TN;802;802219;E434;Lana/Lana;Lana;AN;16/10/1920;;;Stato estero;;
1920;TN;802;802220;E449;Lappago/Lappach;Lappach;AN;16/10/1920;;;Stato estero;;
1920;TN;802;802221;E452;Lardaro;;AN;16/10/1920;;;Stato estero;;
1920;TN;802;802222;E457;Lasa/Laas;Laas;AN;16/10/1920;;;Stato estero;;
1920;TN;802;802223;E461;Lasino;;AN;16/10/1920;;;Stato estero;;
1920;TN;802;802224;E477;Laudes/Laatsch;Laatsch;AN;16/10/1920;;;Stato estero;;
1920;TN;802;802225;E481;Lauregno/Laurein;Laurein;AN;16/10/1920;;;Stato estero;;
1920;TN;802;802226;E492;Lavarone;;AN;16/10/1920;;;Stato estero;;
1920;TN;802;802227;E500;Lavis;;AN;16/10/1920;;;Stato estero;;
1920;TN;802;802228;E501;Lazfons/Latzfons;Latzfons;AN;16/10/1920;;;Stato estero;;
1920;TN;802;802229;E516;Legos;;AN;16/10/1920;;;Stato estero;;
1920;TN;802;802230;E533;Lenzima;;AN;16/10/1920;;;Stato estero;;
1920;TN;802;802231;E534;Lenzumo;;AN;16/10/1920;;;Stato estero;;
1920;TN;802;802232;E565;Lévico;;AN;16/10/1920;;;Stato estero;;
1920;TN;802;802233;E614;Lisignago;;AN;16/10/1920;;;Stato estero;;
1920;TN;802;802234;E622;Livinallongo;;AN;16/10/1920;;;Stato estero;;
1920;TN;802;802235;E624;Livo;;AN;16/10/1920;;;Stato estero;;
1920;TN;802;802236;E628;Lizzana;;AN;16/10/1920;;;Stato estero;;
1920;TN;802;802237;E643;Locca;;AN;16/10/1920;;;Stato estero;;
1920;TN;802;802238;E653;Lodrone;;AN;16/10/1920;;;Stato estero;;
1920;TN;802;802239;E663;Lon;;AN;16/10/1920;;;Stato estero;;
1920;TN;802;802240;E664;Lona-Lases;;AN;16/10/1920;;;Stato estero;;
1920;TN;802;802241;E676;Longiarù/Campill;Campill;AN;16/10/1920;;;Stato estero;;
1920;TN;802;802242;E703;Lover;;AN;16/10/1920;;;Stato estero;;
1920;TN;802;802243;E744;Lundo;;AN;16/10/1920;;;Stato estero;;
1920;TN;802;802244;E757;Luserna;;AN;16/10/1920;;;Stato estero;;
1920;TN;802;802245;E764;Luson/Lüsen;Lüsen;AN;16/10/1920;;;Stato estero;;
1920;TN;802;802246;E768;Lutago/Luttach;Luttach;AN;16/10/1920;;;Stato estero;;
1920;TN;802;802247;E796;Madrano;;AN;16/10/1920;;;Stato estero;;
1920;TN;802;802248;E800;Magasa;;AN;16/10/1920;;;Stato estero;;
1920;TN;802;802249;E826;Magras;;AN;16/10/1920;;;Stato estero;;
1920;TN;802;802250;E827;Magrè/Margreid;Margreid;AN;16/10/1920;;;Stato estero;;
1920;TN;802;802251;E831;Maia Alta/Obermais;Obermais;AN;16/10/1920;;;Stato estero;;
1920;TN;802;802252;E832;Maia Bassa/Untermais;Untermais;AN;16/10/1920;;;Stato estero;;
1920;TN;802;802253;E850;Malé;;AN;16/10/1920;;;Stato estero;;
1920;TN;802;802254;E857;Salter-Malgolo;;AN;16/10/1920;;;Stato estero;;
1920;TN;802;802255;E861;Malles/Mals;Mals;AN;16/10/1920;;;Stato estero;;
1920;TN;802;802256;E866;Malosco;;AN;16/10/1920;;;Stato estero;;
1920;TN;802;802257;E895;Montale in Pusteria/Monthal;Monthal;AN;16/10/1920;;;Stato estero;;
1920;TN;802;802258;E898;Manzano;;AN;16/10/1920;;;Stato estero;;
1920;TN;802;802259;E909;Marano;;AN;16/10/1920;;;Stato estero;;
1920;TN;802;802260;E916;Maranza in Pusteria/Meransen;Meransen;AN;16/10/1920;;;Stato estero;;
1920;TN;802;802261;E935;Marco;;AN;16/10/1920;;;Stato estero;;
1920;TN;802;802262;E938;Marebbe/Enneberg;Enneberg;AN;16/10/1920;;;Stato estero;;
1920;TN;802;802263;E943;Mareta/Mareit;Mareit;AN;16/10/1920;;;Stato estero;;
1920;TN;802;802264;E948;Margone;;AN;16/10/1920;;;Stato estero;;
1920;TN;802;802265;E959;Marlengo/Marling;Marling;AN;16/10/1920;;;Stato estero;;
1920;TN;802;802266;E981;Martello/Martell;Martell;AN;16/10/1920;;;Stato estero;;
1920;TN;802;802267;F014;Masi di Vigo;;AN;16/10/1920;;;Stato estero;;
1920;TN;802;802268;F045;Massimeno;;AN;16/10/1920;;;Stato estero;;
1920;TN;802;802269;F049;Mastellina;;AN;16/10/1920;;;Stato estero;;
1920;TN;802;802270;F056;Mattarello;;AN;16/10/1920;;;Stato estero;;
1920;TN;802;802271;F062;Mazia/Matsch;Matsch;AN;16/10/1920;;;Stato estero;;
1920;TN;802;802272;F068;Mazzin;;AN;16/10/1920;;;Stato estero;;
1920;TN;802;802273;F076;Meano;;AN;16/10/1920;;;Stato estero;;
1920;TN;802;802274;F077;Mechel;;AN;16/10/1920;;;Stato estero;;
1920;TN;802;802275;F118;Meltina/Mölten;Mölten;AN;16/10/1920;;;Stato estero;;
1920;TN;802;802276;F132;Merano/Meran;Meran;AN;16/10/1920;;;Stato estero;;
1920;TN;802;802277;F160;Mestriago;;AN;16/10/1920;;;Stato estero;;
1920;TN;802;802278;F168;Mezzana;;AN;16/10/1920;;;Stato estero;;
1920;TN;802;802279;F176;Mezzano;;AN;16/10/1920;;;Stato estero;;
1920;TN;802;802280;F183;Mezzocorona;;AN;16/10/1920;;;Stato estero;;
1920;TN;802;802281;F185;Mezzolago;;AN;16/10/1920;;;Stato estero;;
1920;TN;802;802282;F187;Mezzolombardo;;AN;16/10/1920;;;Stato estero;;
1920;TN;802;802283;F211;Millan-Sarnes/Milland-Sarns;Milland-Sarns;AN;16/10/1920;;;Stato estero;;
1920;TN;802;802284;F227;Miola;;AN;16/10/1920;;;Stato estero;;
1920;TN;802;802285;F263;Moena;;AN;16/10/1920;;;Stato estero;;
1920;TN;802;802286;F264;Moerna;;AN;16/10/1920;;;Stato estero;;
1920;TN;802;802287;F286;Molina di Ledro;;AN;16/10/1920;;;Stato estero;;
1920;TN;802;802288;F291;Molini di Tures/Mühlen;Mühlen;AN;16/10/1920;;;Stato estero;;
1920;TN;802;802289;F296;Mollaro;;AN;16/10/1920;;;Stato estero;;
1920;TN;802;802290;F307;Molveno;;AN;16/10/1920;;;Stato estero;;
1920;TN;802;802291;F341;Monclassico;;AN;16/10/1920;;;Stato estero;;
1920;TN;802;802292;F362;Monghezzo Esterno/Getzenberg;Getzenberg;AN;16/10/1920;;;Stato estero;;
1920;TN;802;802293;F371;Monguelfo/Welsberg;Welsberg;AN;16/10/1920;;;Stato estero;;
1920;TN;802;802294;F392;Montagna/Montan;Montan;AN;16/10/1920;;;Stato estero;;
1920;TN;802;802295;F396;Montagne;;AN;16/10/1920;;;Stato estero;;
1920;TN;802;802296;F431;Montassilo/Tesselberg;Tesselberg;AN;16/10/1920;;;Stato estero;;
1920;TN;802;802297;F436;Monte a Mezzodì/Sonnenberg;Sonnenberg;AN;16/10/1920;;;Stato estero;;
1920;TN;802;802298;F438;Monte a Tramontana/Nordersberg;Nordersberg;AN;16/10/1920;;;Stato estero;;
1920;TN;802;802299;F617;Monte San Candido/Innichberg;Innichberg;AN;16/10/1920;;;Stato estero;;
1920;TN;802;802300;F470;Montechiaro/Lichtenberg;Lichtenberg;AN;16/10/1920;;;Stato estero;;
1920;TN;802;802301;F505;Montefontana/Tomberg;Tomberg;AN;16/10/1920;;;Stato estero;;
1920;TN;802;802302;F588;Monteponente/Pfeffersberg;Pfeffersberg;AN;16/10/1920;;;Stato estero;;
1920;TN;802;802303;F615;Montes;;AN;16/10/1920;;;Stato estero;;
1920;TN;802;802304;F728;Mori;;AN;16/10/1920;;;Stato estero;;
1920;TN;802;802305;F755;Mortaso;;AN;16/10/1920;;;Stato estero;;
1920;TN;802;802306;F757;Morter/Morter;Morter;AN;16/10/1920;;;Stato estero;;
1920;TN;802;802307;F766;Piano in Passeria/Moos;Moos;AN;16/10/1920;;;Stato estero;;
1920;TN;802;802308;F803;Mules/Mauls;Mauls;AN;16/10/1920;;;Stato estero;;
1920;TN;802;802309;F835;Nago-Torbole;;AN;16/10/1920;;;Stato estero;;
1920;TN;802;802310;F836;Nalles/Nals;Nals;AN;16/10/1920;;;Stato estero;;
1920;TN;802;802311;F837;Nanno;;AN;16/10/1920;;;Stato estero;;
1920;TN;802;802312;F849;Naturno/Naturns;Naturns;AN;16/10/1920;;;Stato estero;;
1920;TN;802;802313;F853;Nave San Rocco;;AN;16/10/1920;;;Stato estero;;
1920;TN;802;802314;F855;Noci/Natz;Natz;AN;16/10/1920;;;Stato estero;;
1920;TN;802;802315;F905;Noarna;;AN;16/10/1920;;;Stato estero;;
1920;TN;802;802316;F919;Nogarè;;AN;16/10/1920;;;Stato estero;;
1920;TN;802;802317;F920;Nogaredo;;AN;16/10/1920;;;Stato estero;;
1920;TN;802;802318;F928;Nomesino;;AN;16/10/1920;;;Stato estero;;
1920;TN;802;802319;F929;Nomi;;AN;16/10/1920;;;Stato estero;;
1920;TN;802;802320;F936;Noriglio;;AN;16/10/1920;;;Stato estero;;
1920;TN;802;802321;F949;Nova Levante/Welschnofen;Welschnofen;AN;16/10/1920;;;Stato estero;;
1920;TN;802;802322;F950;Nova Ponente/Deutschnofen;Deutschnofen;AN;16/10/1920;;;Stato estero;;
1920;TN;802;802323;F945;Novacella/Neustift;Neustift;AN;16/10/1920;;;Stato estero;;
1920;TN;802;802324;F947;Novaledo;;AN;16/10/1920;;;Stato estero;;
1920;TN;802;802325;G052;Oltresarca;;AN;16/10/1920;;;Stato estero;;
1920;TN;802;802326;G069;Onies/Onach;Onach;AN;16/10/1920;;;Stato estero;;
1920;TN;802;802327;G083;Ora/Auer;Auer;AN;16/10/1920;;;Stato estero;;
1920;TN;802;802328;G112;Oris/Eyrs;Eyrs;AN;16/10/1920;;;Stato estero;;
1920;TN;802;802329;G140;Ortisei/St. Ulrich;St. Ulrich;AN;16/10/1920;;;Stato estero;;
1920;TN;802;802330;G168;Ospedaletto;;AN;16/10/1920;;;Stato estero;;
1920;TN;802;802331;G173;Ossana;;AN;16/10/1920;;;Stato estero;;
1920;TN;802;802332;G214;Padergnone;;AN;16/10/1920;;;Stato estero;;
1920;TN;802;802333;G296;Palù;;AN;16/10/1920;;;Stato estero;;
1920;TN;802;802334;G305;Panchià;;AN;16/10/1920;;;Stato estero;;
1920;TN;802;802335;G328;Parcines/Partschins;Partschins;AN;16/10/1920;;;Stato estero;;
1920;TN;802;802336;G373;Patone;;AN;16/10/1920;;;Stato estero;;
1920;TN;802;802337;G406;Pedemonte;;AN;16/10/1920;;;Stato estero;;
1920;TN;802;802338;G409;Pedersano;;AN;16/10/1920;;;Stato estero;;
1920;TN;802;802339;G419;Peio;;AN;16/10/1920;;;Stato estero;;
1920;TN;802;802340;G428;Pellizzano;;AN;16/10/1920;;;Stato estero;;
1920;TN;802;802341;G429;Pelugo;;AN;16/10/1920;;;Stato estero;;
1920;TN;802;802342;G443;Perga/Percha;Percha;AN;16/10/1920;;;Stato estero;;
1920;TN;802;802343;G452;Pèrgine;;AN;16/10/1920;;;Stato estero;;
1920;TN;802;802344;G464;Perra;;AN;16/10/1920;;;Stato estero;;
1920;TN;802;802345;G470;Persone;;AN;16/10/1920;;;Stato estero;;
1920;TN;802;802346;G569;Piano;;AN;16/10/1920;;;Stato estero;;
1920;TN;802;802347;G644;Pieve di Ledro;;AN;16/10/1920;;;Stato estero;;
1920;TN;802;802348;G656;Pieve Tesino;;AN;16/10/1920;;;Stato estero;;
1920;TN;802;802349;G667;Pilcante;;AN;16/10/1920;;;Stato estero;;
1920;TN;802;802350;G681;Pinzolo;;AN;16/10/1920;;;Stato estero;;
1920;TN;802;802351;G730;Plagnolo/Planeil;Planeil;AN;16/10/1920;;;Stato estero;;
1920;TN;802;802352;G732;Platea/Platt;Platt;AN;16/10/1920;;;Stato estero;;
1920;TN;802;802353;G299;Palus/Plaus;Plaus;AN;16/10/1920;;;Stato estero;;
1920;TN;802;802354;G808;Pomarolo;;AN;16/10/1920;;;Stato estero;;
1920;TN;802;802355;G830;Ponte all'Isarco/Waidbruck;Waidbruck;AN;16/10/1920;;;Stato estero;;
1920;TN;802;802356;G880;Por;;AN;16/10/1920;;;Stato estero;;
1920;TN;802;802357;G936;Postal/Burgstall;Burgstall;AN;16/10/1920;;;Stato estero;;
1920;TN;802;802358;G948;Povo;;AN;16/10/1920;;;Stato estero;;
1920;TN;802;802359;G950;Pozza;;AN;16/10/1920;;;Stato estero;;
1920;TN;802;802360;G984;Pranzo;;AN;16/10/1920;;;Stato estero;;
1920;TN;802;802361;G989;Praso;;AN;16/10/1920;;;Stato estero;;
1920;TN;802;802362;G996;Prati/Wiesen;Wiesen;AN;16/10/1920;;;Stato estero;;
1920;TN;802;802363;H003;Prato alla Drava/Winnebach;Winnebach;AN;16/10/1920;;;Stato estero;;
1920;TN;802;802364;ND;Prato di Venosta/Prad;Prad;AN;16/10/1920;;;Stato estero;;
1920;TN;802;802365;H012;Prè;;AN;16/10/1920;;;Stato estero;;
1920;TN;802;802366;H018;Predazzo;;AN;16/10/1920;;;Stato estero;;
1920;TN;802;802367;H019;San Valentino in Predoi/Prettau;Prettau;AN;16/10/1920;;;Stato estero;;
1920;TN;802;802368;H023;Pregasina;;AN;16/10/1920;;;Stato estero;;
1920;TN;802;802369;H024;Preghena;;AN;16/10/1920;;;Stato estero;;
1920;TN;802;802370;H035;Premione;;AN;16/10/1920;;;Stato estero;;
1920;TN;802;802371;H039;Preore;;AN;16/10/1920;;;Stato estero;;
1920;TN;802;802372;H049;Presson;;AN;16/10/1920;;;Stato estero;;
1920;TN;802;802373;H057;Prezzo;;AN;16/10/1920;;;Stato estero;;
1920;TN;802;802374;H067;Priò;;AN;16/10/1920;;;Stato estero;;
1920;TN;802;802375;H081;Proves/Proveis;Proveis;AN;16/10/1920;;;Stato estero;;
1920;TN;802;802376;D213;Curaces/Gratsch;Gratsch;AN;16/10/1920;;;Stato estero;;
1920;TN;802;802377;H125;Quetta;;AN;16/10/1920;;;Stato estero;;
1920;TN;802;802378;H146;Rabbi;;AN;16/10/1920;;;Stato estero;;
1920;TN;802;802379;H152;Racignes/Ratschings;Ratschings;AN;16/10/1920;;;Stato estero;;
1920;TN;802;802380;H162;Ragoli;;AN;16/10/1920;;;Stato estero;;
1920;TN;802;802381;H181;Ranzo;;AN;16/10/1920;;;Stato estero;;
1920;TN;802;802382;H190;Rasun di Sopra/Oberrasen;Oberrasen;AN;16/10/1920;;;Stato estero;;
1920;TN;802;802383;H191;Rasun di Sotto/Niederrasen;Niederrasen;AN;16/10/1920;;;Stato estero;;
1920;TN;802;802384;H201;Ravina;;AN;16/10/1920;;;Stato estero;;
1920;TN;802;802385;H236;Renon/Ritten;Ritten;AN;16/10/1920;;;Stato estero;;
1920;TN;802;802386;H241;Resia all'Adige/Reschen;Reschen;AN;16/10/1920;;;Stato estero;;
1920;TN;802;802387;H249;Reviano Folas;;AN;16/10/1920;;;Stato estero;;
1920;TN;802;802388;H254;Revò;;AN;16/10/1920;;;Stato estero;;
1920;TN;802;802389;H279;Ridanna/Riednaun;Riednaun;AN;16/10/1920;;;Stato estero;;
1920;TN;802;802390;H284;Rifiano/Riffian;Riffian;AN;16/10/1920;;;Stato estero;;
1920;TN;802;802391;H295;Rinna/Welschellen;Welschellen;AN;16/10/1920;;;Stato estero;;
1920;TN;802;802392;H299;Rio di Pusteria/Mühlbach;Mühlbach;AN;16/10/1920;;;Stato estero;;
1920;TN;802;802393;H306;Riomolino/Mühlbach;Mühlbach;AN;16/10/1920;;;Stato estero;;
1920;TN;802;802394;H167;Raissa/Reischach;Reischach;AN;16/10/1920;;;Stato estero;;
1920;TN;802;802395;H330;Riva;;AN;16/10/1920;;;Stato estero;;
1920;TN;802;802396;H332;Riva in Valle/Rain;Rain;AN;16/10/1920;;;Stato estero;;
1920;TN;802;802397;H475;Rodengo/Rodeneck;Rodeneck;AN;16/10/1920;;;Stato estero;;
1920;TN;802;802398;H504;Romagnano;;AN;16/10/1920;;;Stato estero;;
1920;TN;802;802399;H506;Romallo;;AN;16/10/1920;;;Stato estero;;
1920;TN;802;802400;H515;Romarzolo;;AN;16/10/1920;;;Stato estero;;
1920;TN;802;802401;H517;Romeno;;AN;16/10/1920;;;Stato estero;;
1920;TN;802;802402;H528;Roncegno;;AN;16/10/1920;;;Stato estero;;
1920;TN;802;802403;H532;Ronchi;;AN;16/10/1920;;;Stato estero;;
1920;TN;802;802404;H543;Roncogno;;AN;16/10/1920;;;Stato estero;;
1920;TN;802;802405;H545;Roncone;;AN;16/10/1920;;;Stato estero;;
1920;TN;802;802406;H551;Ronzo;;AN;16/10/1920;;;Stato estero;;
1920;TN;802;802407;G313;Pannone;;AN;16/10/1920;;;Stato estero;;
1920;TN;802;802408;H552;Ronzone;;AN;16/10/1920;;;Stato estero;;
1920;TN;802;802409;H605;Rover Carbonare;;AN;16/10/1920;;;Stato estero;;
1920;TN;802;802410;H607;Roverè della Luna;;AN;16/10/1920;;;Stato estero;;
1920;TN;802;802411;H612;Rovereto;;AN;16/10/1920;;;Stato estero;;
1920;TN;802;802412;H634;Ruffrè;;AN;16/10/1920;;;Stato estero;;
1920;TN;802;802413;H639;Rumo;;AN;16/10/1920;;;Stato estero;;
1920;TN;802;802414;H666;Sagron Mis;;AN;16/10/1920;;;Stato estero;;
1920;TN;802;802415;H719;Salorno/Salurn;Salurn;AN;16/10/1920;;;Stato estero;;
1920;TN;802;802416;H750;Samoclevo;;AN;16/10/1920;;;Stato estero;;
1920;TN;802;802417;H754;Samone;;AN;16/10/1920;;;Stato estero;;
1920;TN;802;802418;H786;San Candido/Innichen;Innichen;AN;16/10/1920;;;Stato estero;;
1920;TN;802;802419;H837;San Felice/St. Felix;St. Felix;AN;16/10/1920;;;Stato estero;;
1920;TN;802;802420;H858;San Genesio/Jenesien;Jenesien;AN;16/10/1920;;;Stato estero;;
1920;TN;802;802421;H866;San Giacomo in Valle Aurina/St. Jakob in Ahrn;St. Jakob in Ahrn;AN;16/10/1920;;;Stato estero;;
1920;TN;802;802422;H869;San Giacomo;;AN;16/10/1920;;;Stato estero;;
1920;TN;802;802423;H879;San Giorgio in Val Tures/St. Georgen;St. Georgen;AN;16/10/1920;;;Stato estero;;
1920;TN;802;802424;H902;San Giovanni in Valle Aurina/St. Johann in Ahrn;St. Johann in Ahrn;AN;16/10/1920;;;Stato estero;;
1920;TN;802;802425;H950;San Leonardo in Passiria/St. Leonhard;St. Leonhard;AN;16/10/1920;;;Stato estero;;
1920;TN;802;802426;H956;San Lorenzo in Pusteria/St. Lorenzen;St. Lorenzen;AN;16/10/1920;;;Stato estero;;
1920;TN;802;802427;H966;San Lorenzo in Banale;;AN;16/10/1920;;;Stato estero;;
1920;TN;802;802428;H972;San Lugano/St. Lugano;St. Lugano;AN;16/10/1920;;;Stato estero;;
1920;TN;802;802429;I001;San Martino al Monte/St. Martin am Vorberg;St. Martin am Vorberg;AN;16/10/1920;;;Stato estero;;
1920;TN;802;802430;H988;San Martino in Badia/St. Martin in Thurn;St. Martin in Thurn;AN;16/10/1920;;;Stato estero;;
1920;TN;802;802431;I010;San Martino in Casies/St. Martin in Gsies;St. Martin in Gsies;AN;16/10/1920;;;Stato estero;;
1920;TN;802;802432;H989;San Martino in Passiria/St. Martin in Passeier;St. Martin in Passeier;AN;16/10/1920;;;Stato estero;;
1920;TN;802;802433;I042;San Michele all'Adige;;AN;16/10/1920;;;Stato estero;;
1920;TN;802;802434;I087;San Pietro in Valle Aurina/St. Peter in Ahrn;St. Peter in Ahrn;AN;16/10/1920;;;Stato estero;;
1920;TN;802;802435;I159;San Sigismondo/St. Sigmund;St. Sigmund;AN;16/10/1920;;;Stato estero;;
1920;TN;802;802436;I378;San Valentino al Brennero/Brenner;Brenner;AN;16/10/1920;;;Stato estero;;
1920;TN;802;802437;I379;San Valentino alla Muta/St. Valentin auf der Haide;St. Valentin auf der Haide;AN;16/10/1920;;;Stato estero;;
1920;TN;802;802438;I173;Santa Cristina in Gardena/St. Christina;St. Christina;AN;16/10/1920;;;Stato estero;;
1920;TN;802;802439;I223;Santa Maddalena in Casies/St. Magdalena in Gsies;St. Magdalena in Gsies;AN;16/10/1920;;;Stato estero;;
1920;TN;802;802440;I229;Santa Margherita;;AN;16/10/1920;;;Stato estero;;
1920;TN;802;802441;I272;Sant'Andrea in Monte/St. Andrä;St. Andrä;AN;16/10/1920;;;Stato estero;;
1920;TN;802;802442;I354;Sant'Orsola;;AN;16/10/1920;;;Stato estero;;
1920;TN;802;802443;I411;Sanzeno;;AN;16/10/1920;;;Stato estero;;
1920;TN;802;802444;I419;Saone;;AN;16/10/1920;;;Stato estero;;
1920;TN;802;802445;I427;Sardagna;;AN;16/10/1920;;;Stato estero;;
1920;TN;802;802446;I431;Sarentino/Sarntal;Sarntal;AN;16/10/1920;;;Stato estero;;
1920;TN;802;802447;I439;Sarnonico;;AN;16/10/1920;;;Stato estero;;
1920;TN;802;802448;I458;Sasso;;AN;16/10/1920;;;Stato estero;;
1920;TN;802;802449;I488;Scale/Schalders;Schalders;AN;16/10/1920;;;Stato estero;;
1920;TN;802;802450;I518;Scelmo;;AN;16/10/1920;;;Stato estero;;
1920;TN;802;802451;I519;Scena/Schenna;Schenna;AN;16/10/1920;;;Stato estero;;
1920;TN;802;802452;I516;Scaves/Schabs;Schabs;AN;16/10/1920;;;Stato estero;;
1920;TN;802;802453;I554;Scurelle;;AN;16/10/1920;;;Stato estero;;
1920;TN;802;802454;I575;Segno;;AN;16/10/1920;;;Stato estero;;
1920;TN;802;802455;I576;Segonzano;;AN;16/10/1920;;;Stato estero;;
1920;TN;802;802456;I579;Seio;;AN;16/10/1920;;;Stato estero;;
1920;TN;802;802457;I593;Selva dei Molini/Mühlwald;Mühlwald;AN;16/10/1920;;;Stato estero;;
1920;TN;802;802458;I591;Selva in Gardena/Wolkenstein;Wolkenstein;AN;16/10/1920;;;Stato estero;;
1920;TN;802;802459;ND;Senale/Unsere Liebe Frau im Walde;Unsere Liebe Frau im Walde;AN;16/10/1920;;;Stato estero;;
1920;TN;802;802460;I604;Senales in Venosta/Schnals;Schnals;AN;16/10/1920;;;Stato estero;;
1920;TN;802;802461;I617;Seo;;AN;16/10/1920;;;Stato estero;;
1920;TN;802;802462;I665;Serravalle all'Adige;;AN;16/10/1920;;;Stato estero;;
1920;TN;802;802463;I672;Serso;;AN;16/10/1920;;;Stato estero;;
1920;TN;802;802464;I687;Sesto/Sexten;Sexten;AN;16/10/1920;;;Stato estero;;
1920;TN;802;802465;I710;Sevignano;;AN;16/10/1920;;;Stato estero;;
1920;TN;802;802466;I714;Sfruz;;AN;16/10/1920;;;Stato estero;;
1920;TN;802;802467;I729;Silandro/Schlanders;Schlanders;AN;16/10/1920;;;Stato estero;;
1920;TN;802;802468;I760;Siror;;AN;16/10/1920;;;Stato estero;;
1920;TN;802;802469;I769;Sliniga/Schlinig;Schlinig;AN;16/10/1920;;;Stato estero;;
1920;TN;802;802470;I771;Sluderno/Schluderns;Schluderns;AN;16/10/1920;;;Stato estero;;
1920;TN;802;802471;I772;Smarano;;AN;16/10/1920;;;Stato estero;;
1920;TN;802;802472;I834;Sopramonte;;AN;16/10/1920;;;Stato estero;;
1920;TN;802;802473;I839;Soraga;;AN;16/10/1920;;;Stato estero;;
1920;TN;802;802474;I871;Sover;;AN;16/10/1920;;;Stato estero;;
1920;TN;802;802475;I889;Spera;;AN;16/10/1920;;;Stato estero;;
1920;TN;802;802476;I900;Spignes/Spinges;Spinges;AN;16/10/1920;;;Stato estero;;
1920;TN;802;802477;I924;Spormaggiore;;AN;16/10/1920;;;Stato estero;;
1920;TN;802;802478;I925;Sporminore;;AN;16/10/1920;;;Stato estero;;
1920;TN;802;802479;I940;Stave/Staben;Staben;AN;16/10/1920;;;Stato estero;;
1920;TN;802;802480;I948;Stelvio/Stilfs;Stilfs;AN;16/10/1920;;;Stato estero;;
1920;TN;802;802481;I949;Stenico;;AN;16/10/1920;;;Stato estero;;
1920;TN;802;802482;I958;Stilves/Stilfes;Stilfes;AN;16/10/1920;;;Stato estero;;
1920;TN;802;802483;I964;Storo;;AN;16/10/1920;;;Stato estero;;
1920;TN;802;802484;I967;Strada;;AN;16/10/1920;;;Stato estero;;
1920;TN;802;802485;I972;Stramentizzo;;AN;16/10/1920;;;Stato estero;;
1920;TN;802;802486;I975;Strembo;;AN;16/10/1920;;;Stato estero;;
1920;TN;802;802487;I979;Strigno;;AN;16/10/1920;;;Stato estero;;
1920;TN;802;802488;I988;Stumiaga;;AN;16/10/1920;;;Stato estero;;
1920;TN;802;802489;L012;Susà;;AN;16/10/1920;;;Stato estero;;
1920;TN;802;802490;L021;Tablà/Tabland;Tabland;AN;16/10/1920;;;Stato estero;;
1920;TN;802;802491;L033;Taio;;AN;16/10/1920;;;Stato estero;;
1920;TN;802;802492;L041;Tanas/Tannas;Tannas;AN;16/10/1920;;;Stato estero;;
1920;TN;802;802493;L051;Tarres di Sopra/Tartsch;Tartsch;AN;16/10/1920;;;Stato estero;;
1920;TN;802;802494;L054;Tarres di Sotto/Tarsch;Tarsch;AN;16/10/1920;;;Stato estero;;
1920;TN;802;802495;L060;Tassullo;;AN;16/10/1920;;;Stato estero;;
1920;TN;802;802496;L076;Tavodo;;AN;16/10/1920;;;Stato estero;;
1920;TN;802;802497;L079;Tavon;;AN;16/10/1920;;;Stato estero;;
1920;TN;802;802498;L089;Telve;;AN;16/10/1920;;;Stato estero;;
1920;TN;802;802499;L090;Telve di Sopra;;AN;16/10/1920;;;Stato estero;;
1920;TN;802;802801;L091;Telves/Telfes;Telfes;AN;16/10/1920;;;Stato estero;;
1920;TN;802;802802;L096;Tenna;;AN;16/10/1920;;;Stato estero;;
1920;TN;802;802803;L097;Tenno;;AN;16/10/1920;;;Stato estero;;
1920;TN;802;802804;L098;Teodona/Dietenheim;Dietenheim;AN;16/10/1920;;;Stato estero;;
1920;TN;802;802805;L106;Terento/Terenten;Terenten;AN;16/10/1920;;;Stato estero;;
1920;TN;802;802806;L107;Terlago;;AN;16/10/1920;;;Stato estero;;
1920;TN;802;802807;L108;Terlano/Terlan;Terlan;AN;16/10/1920;;;Stato estero;;
1920;TN;802;802808;L110;Termenago;;AN;16/10/1920;;;Stato estero;;
1920;TN;802;802809;L111;Termeno/Tramin;Tramin;AN;16/10/1920;;;Stato estero;;
1920;TN;802;802810;L114;Termon;;AN;16/10/1920;;;Stato estero;;
1920;TN;802;802811;L121;Terragnolo;;AN;16/10/1920;;;Stato estero;;
1920;TN;802;802812;L137;Terres;;AN;16/10/1920;;;Stato estero;;
1920;TN;802;802813;L145;Terzolas;;AN;16/10/1920;;;Stato estero;;
1920;TN;802;802814;L147;Tesero;;AN;16/10/1920;;;Stato estero;;
1920;TN;802;802815;L148;Tesido/Taisten;Taisten;AN;16/10/1920;;;Stato estero;;
1920;TN;802;802816;L149;Tesimo/Tisens;Tisens;AN;16/10/1920;;;Stato estero;;
1920;TN;802;802817;L162;Tiarno di Sopra;;AN;16/10/1920;;;Stato estero;;
1920;TN;802;802818;L163;Tiarno di Sotto;;AN;16/10/1920;;;Stato estero;;
1920;TN;802;802819;L174;Tione;;AN;16/10/1920;;;Stato estero;;
1920;TN;802;802820;L176;Tires/Tiers;Tiers;AN;16/10/1920;;;Stato estero;;
1920;TN;802;802821;L178;Tirolo/Tirol;Tirol;AN;16/10/1920;;;Stato estero;;
1920;TN;802;802822;L179;Tisa/Theis;Theis;AN;16/10/1920;;;Stato estero;;
1920;TN;802;802823;L201;Tonadico;;AN;16/10/1920;;;Stato estero;;
1920;TN;802;802824;L211;Torcegno;;AN;16/10/1920;;;Stato estero;;
1920;TN;802;802825;L232;Torra;;AN;16/10/1920;;;Stato estero;;
1920;TN;802;802826;L313;Toss;;AN;16/10/1920;;;Stato estero;;
1920;TN;802;802827;L322;Trambileno;;AN;16/10/1920;;;Stato estero;;
1920;TN;802;802828;L329;Transacqua;;AN;16/10/1920;;;Stato estero;;
1920;TN;802;802829;L374;Trens/Trens;Trens;AN;16/10/1920;;;Stato estero;;
1920;TN;802;802830;L378;Trento;;AN;16/10/1920;;;Stato estero;;
1920;TN;802;802831;L385;Tres;;AN;16/10/1920;;;Stato estero;;
1920;TN;802;802832;L444;Trodena/Truden;Truden;AN;16/10/1920;;;Stato estero;;
1920;TN;802;802833;L455;Tubre/Taufers im Münstertal;Taufers im Münstertal;AN;16/10/1920;;;Stato estero;;
1920;TN;802;802834;L456;Tuenetto;;AN;16/10/1920;;;Stato estero;;
1920;TN;802;802835;L457;Tuenno;;AN;16/10/1920;;;Stato estero;;
1920;TN;802;802836;L465;Tunes/Thuins;Thuins;AN;16/10/1920;;;Stato estero;;
1920;TN;802;802837;L490;Ultimo/Ulten;Ulten;AN;16/10/1920;;;Stato estero;;
1920;TN;802;802838;L527;Vadena/Pfatten;Pfatten;AN;16/10/1920;;;Stato estero;;
1920;TN;802;802839;L543;Velasio/Flaas;Flaas;AN;16/10/1920;;;Stato estero;;
1920;TN;802;802840;L550;Valda;;AN;16/10/1920;;;Stato estero;;
1920;TN;802;802841;L552;Valdaora/Olang;Olang;AN;16/10/1920;;;Stato estero;;
1920;TN;802;802842;L575;Valfloriana;;AN;16/10/1920;;;Stato estero;;
1920;TN;802;802843;L559;Valdigiovo/Jaufenthal;Jaufenthal;AN;16/10/1920;;;Stato estero;;
1920;TN;802;802844;L587;Vallarga/Weitental;Weitental;AN;16/10/1920;;;Stato estero;;
1920;TN;802;802845;L588;Vallarsa;;AN;16/10/1920;;;Stato estero;;
1920;TN;802;802846;L618;Valle San Felice;;AN;16/10/1920;;;Stato estero;;
1920;TN;802;802847;L621;Valle San Silvestro/Wahlen;Wahlen;AN;16/10/1920;;;Stato estero;;
1920;TN;802;802848;L608;Vallelunga Carlino/Langtaufers;Langtaufers;AN;16/10/1920;;;Stato estero;;
1920;TN;802;802849;L615;Valles/Vals;Vals;AN;16/10/1920;;;Stato estero;;
1920;TN;802;802850;L468;Turano;;AN;16/10/1920;;;Stato estero;;
1920;TN;802;802851;L661;Vandoies di Sopra/Obervintl;Obervintl;AN;16/10/1920;;;Stato estero;;
1920;TN;802;802852;L662;Vandoies di Sotto/Niedervintl;Niedervintl;AN;16/10/1920;;;Stato estero;;
1920;TN;802;802853;L663;Vanga/Wangen;Wangen;AN;16/10/1920;;;Stato estero;;
1920;TN;802;802854;L678;Varena;;AN;16/10/1920;;;Stato estero;;
1920;TN;802;802855;L687;Varna/Vahrn;Vahrn;AN;16/10/1920;;;Stato estero;;
1920;TN;802;802856;L694;Vasio;;AN;16/10/1920;;;Stato estero;;
1920;TN;802;802857;L697;Vattaro;;AN;16/10/1920;;;Stato estero;;
1920;TN;802;802858;L724;Velturno/Feldthurns;Feldthurns;AN;16/10/1920;;;Stato estero;;
1920;TN;802;802859;L745;Verano/Vöran;Vöran;AN;16/10/1920;;;Stato estero;;
1920;TN;802;802860;L757;Verdesina;;AN;16/10/1920;;;Stato estero;;
1920;TN;802;802861;L769;Vermiglio;;AN;16/10/1920;;;Stato estero;;
1920;TN;802;802862;L790;Versciaco/Vierschach;Vierschach;AN;16/10/1920;;;Stato estero;;
1920;TN;802;802863;L800;Vervò;;AN;16/10/1920;;;Stato estero;;
1920;TN;802;802864;L818;Vezzano in Venosta/Vezzan;Vezzan;AN;16/10/1920;;;Stato estero;;
1920;TN;802;802865;L821;Vezzano;;AN;16/10/1920;;;Stato estero;;
1920;TN;802;802866;L832;Viarago;;AN;16/10/1920;;;Stato estero;;
1920;TN;802;802867;L863;Vigalzano;;AN;16/10/1920;;;Stato estero;;
1920;TN;802;802868;L884;Vignola;;AN;16/10/1920;;;Stato estero;;
1920;TN;802;802869;L891;Vigo d'Anaunia;;AN;16/10/1920;;;Stato estero;;
1920;TN;802;802870;L893;Vigo di Fassa;;AN;16/10/1920;;;Stato estero;;
1920;TN;802;802871;L903;Vigo Rendena;;AN;16/10/1920;;;Stato estero;;
1920;TN;802;802872;L895;Vigolo Baselga;;AN;16/10/1920;;;Stato estero;;
1920;TN;802;802873;L896;Vigolo Vattaro;;AN;16/10/1920;;;Stato estero;;
1920;TN;802;802874;L910;Villa Agnedo;;AN;16/10/1920;;;Stato estero;;
1920;TN;802;802875;L911;Villa Banale;;AN;16/10/1920;;;Stato estero;;
1920;TN;802;802876;L957;Villa Lagarina;;AN;16/10/1920;;;Stato estero;;
1920;TN;802;802877;L941;Villa d'Uta/Uttenhein;Uttenhein;AN;16/10/1920;;;Stato estero;;
1920;TN;802;802878;M006;Villa Rendena;;AN;16/10/1920;;;Stato estero;;
1920;TN;802;802879;M020;Villa Santa Caterina/Aufhofen;Aufhofen;AN;16/10/1920;;;Stato estero;;
1920;TN;802;802880;L915;Villabassa/Niederdorf;Niederdorf;AN;16/10/1920;;;Stato estero;;
1920;TN;802;802881;L971;Villandro/Villanders;Villanders;AN;16/10/1920;;;Stato estero;;
1920;TN;802;802882;M036;Villazzano;;AN;16/10/1920;;;Stato estero;;
1920;TN;802;802883;M037;Ville del Monte;;AN;16/10/1920;;;Stato estero;;
1920;TN;802;802884;M064;Vion;;AN;16/10/1920;;;Stato estero;;
1920;TN;802;802885;M067;Vipiteno/Sterzing;Sterzing;AN;16/10/1920;;;Stato estero;;
1920;TN;802;802886;M099;Vizze/Pfitsch;Pfitsch;AN;16/10/1920;;;Stato estero;;
1920;TN;802;802887;M113;Volano;;AN;16/10/1920;;;Stato estero;;
1920;TN;802;802888;M142;Zambana;;AN;16/10/1920;;;Stato estero;;
1920;TN;802;802889;M173;Ziano;;AN;16/10/1920;;;Stato estero;;
1920;TN;802;802890;M198;Zuclo;;AN;16/10/1920;;;Stato estero;;
1920;LE;075;075808;D171;Crispiano;;CS;29/01/1920;075841;L049;Taranto;075;LE
1919;PR;034;034005;A987;Metti e Pozzolo;;CS;11/09/1919;034028;G424;Pellegrino Parmense;034;PR
1919;TO;001;001273;L238;Torrazza Piemonte;;CS;03/09/1919;001293;L779;Verolengo;001;TO
1919;MS;045;045005;C914;Comano;;CS;03/09/1919;045007;D629;Fivizzano;045;MS
1919;MI;015;015080;C820;Cogliate;;CS;09/08/1919;015069;C512;Ceriano Laghetto;015;MI
1919;MI;015;015213;I786;Solaro;;CS;09/08/1919;015069;C512;Ceriano Laghetto;015;MI
1919;AP;044;044070;I774;Smerillo;;CS;09/08/1919;044035;F493;Montefalcone Appennino;044;AP
1919;ME;083;083027;D824;Furci Siculo;;CS;09/08/1919;083089;I311;Santa Teresa di Riva;083;ME
1919;PD;028;028057;F529;San Pietro Montagnon;;CS;23/04/1919;028011;A714;Battaglia;028;PD
1919;NA;063;063006;A535;Bacoli;;CS;02/03/1919;063060;G964;Pozzuoli;063;NA
1919;CZ;079;079156;M138;Zaccanopoli;;CS;03/01/1919;079091;G335;Parghelia;079;CZ
1918;GE;010;010048;H258;Rezzoaglio;;CS;01/06/1918;010056;I368;Santo Stefano d'Aveto;010;GE
1917;FI;048;048020;D895;Gambassi;;CS;18/07/1917;048027;F398;Montaione;048;FI
1916;MI;015;015406;E101;Gorla Maggiore;;CS;16/05/1916;015407;E102;Gorla Minore;015;MI
1916;FI;048;048037;H635;Rufina;;CS;22/01/1916;048032;G420;Pelago;048;FI
1915;CR;019;019083;H341;Rivarolo del Re ed Uniti;;CS;28/04/1915;019021;B898;Casalmaggiore;019;CR
1915;GR;053;053005;C147;Castell'Azzara;;CS;11/04/1915;053022;I187;Santa Fiora;053;GR
1914;ME;083;083065;G234;Pagliara;;CS;16/08/1914;083072;H418;Roccalumera;083;ME
1914;LU;046;046013;D730;Forte dei Marmi;;CS;19/05/1914;046024;G628;Pietrasanta;046;LU
1914;TE;067;067833;L922;Villa Celiera;;CS;01/01/1914;067812;C779;Civitella Casanova;067;TE
1913;FI;048;048806;A071;Agliana;;CS;09/11/1913;048817;F410;Montale;048;FI
1913;LE;075;075072;I172;Santa Cesarea;;CS;22/07/1913;075047;F221;Minervino di Lecce;075;LE
1913;LE;075;075072;I172;Santa Cesarea;;CS;22/07/1913;075056;G136;Ortelle;075;LE
1913;LU;046;046026;G882;Porcari;;CS;13/07/1913;046007;B648;Capannori;046;LU
1913;NA;063;063082;L142;Terzigno;;CS;13/07/1913;063051;G190;Ottaiano;063;NA
1913;PZ;076;076805;B391;Calciano;;CS;13/07/1913;076810;D909;Garaguso;076;PZ
1913;BN;062;062053;G827;Ponte;;CS;01/07/1913;062049;G386;Paupisi;062;BN
1913;MC;043;043801;G911;Porto Civitanova;;CS;27/06/1913;043013;C770;Civitanova Marche;043;MC
1913;PD;028;028043;E146;Granze;;CS;14/06/1913;028097;L805;Vescovana;028;PD
1913;NO;003;003078;E153;Gravellona Toce;;CS;03/01/1913;003038;B876;Casale Corte Cerro;003;NO
1913;MI;015;015989;B059;Borsano;;CS;03/01/1913;015416;H656;Sacconago;015;MI
1913;MC;043;043010;C267;Castelsantangelo;;CS;01/01/1913;043057;M078;Visso;043;MC
1913;MC;043;043056;L517;Ussita;;CS;01/01/1913;043057;M078;Visso;043;MC
1912;CS;078;078125;I060;San Nicola Arcella;;CS;01/01/1912;078138;I489;Scalea;078;CS
1911;CB;070;070039;C941;Conca Casale;;CS;28/07/1911;070093;G954;Pozzilli;070;CB
1911;SA;065;065099;G834;Pontecagnano Faiano;;CS;27/07/1911;065072;F480;Montecorvino Pugliano;065;SA
1911;NO;003;003810;A410;Arizzano Inferiore;;CS;04/07/1911;003809;ND;Arizzano;003;NO
1911;NO;003;003811;A411;Arizzano Superiore;;CS;04/07/1911;003809;ND;Arizzano;003;NO
1911;VI;024;024030;C650;Chiuppano;;CS;18/04/1911;024024;B835;Carrè;024;VI
1911;CL;085;085002;A957;Bompensiere;;CS;18/04/1911;085011;F489;Montedoro;085;CL
1910;AP;044;044053;F722;Moresco;;CS;26/07/1910;044047;F614;Monterubbiano;044;AP
1910;AQ;066;066104;M021;Villa Santa Lucia degli Abruzzi;;CS;26/07/1910;066060;G002;Ofena;066;AQ
1910;ME;083;083003;A201;Alì Marina;;CS;26/07/1910;083002;A194;Alì;083;ME
1910;RM;058;058056;E924;Marcellina;;CS;17/02/1910;058096;I125;San Polo dei Cavalieri;058;RM
1910;ME;083;083037;E523;Leni;;CS;23/01/1910;083806;H711;Salina;083;ME
1910;ME;083;083043;E855;Malfa;;CS;23/01/1910;083806;H711;Salina;083;ME
1910;ME;083;083087;I254;Santa Marina Salina;;CS;23/01/1910;083806;H711;Salina;083;ME
1909;MI;015;015164;G181;Ossona;;CS;01/10/1909;015058;B989;Casorezzo;015;MI
1909;RM;058;058085;H401;Rocca di Cave;;CS;22/07/1909;058026;C390;Cave;058;RM
1909;MI;015;015004;A096;Aicurzio;;CS;04/07/1909;015018;A802;Bernareggio;015;MI
1909;MI;015;015049;B798;Carnate;;CS;04/07/1909;015018;A802;Bernareggio;015;MI
1909;MI;015;015187;H537;Ronco Briantino;;CS;04/07/1909;015018;A802;Bernareggio;015;MI
1909;MI;015;015217;I998;Sulbiate;;CS;04/07/1909;015018;A802;Bernareggio;015;MI
1909;VI;024;024010;A467;Asigliano;;CS;23/01/1909;024075;G095;Orgiano;024;VI
1909;FE;038;038002;A806;Berra;;CS;23/01/1909;038007;C980;Copparo;038;FE
1909;FE;038;038009;D713;Formignana;;CS;23/01/1909;038007;C980;Copparo;038;FE
1909;FE;038;038010;E320;Le Venezie;;CS;23/01/1909;038007;C980;Copparo;038;FE
1909;FE;038;038020;H360;Ro;;CS;23/01/1909;038007;C980;Copparo;038;FE
1908;CO;013;013400;B325;Cadegliano;;CS;22/07/1908;013644;L849;Viconago;013;CO
1908;LE;075;075070;I059;Sannicola;;CS;30/04/1908;075031;D883;Gallipoli;075;LE
1908;RC;080;080013;B099;Bova Marina;;CS;24/04/1908;080011;B097;Bova;080;RC
1908;AQ;066;066062;G102;Oricola;;CS;22/01/1908;066067;G449;Pereto;066;AQ
1908;AQ;066;066080;H399;Rocca di Botte;;CS;22/01/1908;066067;G449;Pereto;066;AQ
1907;CE;061;061880;I265;Sant'Andrea;;CS;02/07/1907;060803;I270;Sant'Andrea di Vallefredda;061;CE
1907;CE;061;061894;L605;Vallefredda;;CS;02/07/1907;060803;I270;Sant'Andrea di Vallefredda;061;CE
1907;LE;075;075021;C865;Collepasso;;CS;02/07/1907;075026;D237;Cutrofiano;075;LE
1907;LE;075;075830;G251;Palagianello;;CS;02/07/1907;075831;G252;Palagiano;075;LE
1907;MI;015;015408;E386;Jerago con Orago;;CS;01/07/1907;012854;E385;Jerago con Besnate ed Orago;015;MI
1907;MI;015;015988;A825;Besnate;;CS;01/07/1907;012854;E385;Jerago con Besnate ed Orago;015;MI
1907;CE;061;061084;I247;Santa Maria la Fossa;;CS;01/07/1907;061042;E158;Grazzanise;061;CE
1907;PU;041;041039;F137;Mercatino Marecchia;;CS;20/04/1907;041063;L034;Talamello;041;PU
1907;CE;061;061064;G995;Pratella;;CS;08/03/1907;061063;G991;Prata Sannita;061;CE
1907;NA;063;063047;F488;Monte di Procida;;CS;11/02/1907;063061;H072;Procida;063;NA
1906;CO;013;013874;D417;Erba Incino;;CS;13/11/1906;013884;E293;Incino;013;CO
1906;CO;013;013874;D417;Erba Incino;;CS;13/11/1906;013095;D416;Erba;013;CO
1906;NO;003;003446;H561;Rosazza;;CS;26/08/1906;003420;G594;Piedicavallo;003;NO
1906;AQ;066;066030;C278;Castelvecchio Calvisio;;CS;12/08/1906;066024;B725;Carapelle Calvisio;066;AQ
1906;VI;024;024066;F662;Monteviale;;CS;18/05/1906;024044;D902;Gambugliano;024;VI
1906;VI;024;024806;L387;Treschè Conca;;CS;18/04/1906;024085;H361;Roana;024;VI
1906;LI;049;049004;B669;Capoliveri;;CS;18/04/1906;049013;E680;Porto Longone;049;LI
1906;PI;050;050803;A852;Bibbona;;CS;18/04/1906;050806;C415;Cecina;050;PI
1906;CO;013;013240;L755;Verderio Inferiore;;CS;01/01/1906;013953;L754;Verderio;013;CO
1906;CO;013;013241;L756;Verderio Superiore;;CS;01/01/1906;013953;L754;Verderio;013;CO
1905;RC;080;080043;D976;Gerace Marina;;CS;01/09/1905;080036;D975;Gerace;080;RC
1905;CA;092;092034;D323;Dolianova;;CS;11/08/1905;092806;I069;San Pantaleo;092;CA
1905;CA;092;092034;D323;Dolianova;;CS;11/08/1905;092809;I722;Sicci San Biagio;092;CA
1905;LU;046;046805;A561;Bagni di Montecatini;;CS;30/07/1905;046804;F459;Montecatini di Val di Nievole;046;LU
1905;LU;046;046807;G636;Pieve a Nievole;;CS;30/07/1905;046804;F459;Montecatini di Val di Nievole;046;LU
1905;FG;071;071054;I962;Stornara;;CS;30/07/1905;071055;I963;Stornarella;071;FG
1905;MI;015;015117;E504;Lazzate;;CS;22/07/1905;015147;F247;Misinto;015;MI
1905;MI;015;015420;I793;Solbiate Arno e Monte;;CS;18/05/1905;015986;A167;Albizzate;015;MI
1904;TE;067;067804;B681;Cappelle;;CS;10/08/1904;067820;F646;Montesilvano;067;TE
1904;AQ;066;066018;B624;Cansano;;CS;16/06/1904;066015;B526;Campo di Giove;066;AQ
1904;CZ;079;079019;B771;Carfizzi;;CS;15/06/1904;079113;I057;San Nicola dell'Alto;079;CZ
1904;IM;008;008035;F290;Molini di Triora;;CS;22/01/1904;008061;L430;Triora;008;IM
1902;PI;050;050013;D160;Crespina;;CS;22/08/1902;050014;D510;Fauglia;050;PI
1902;CE;061;061811;A032;Acquafondata;;CS;23/07/1902;060804;M084;Viticuso ed Acquafondata;061;CE
1902;CE;061;061900;M083;Viticuso;;CS;23/07/1902;060804;M084;Viticuso ed Acquafondata;061;CE
1902;CS;078;078047;D184;Crosia;;CS;19/07/1902;078022;B426;Caloveto;078;CS
1902;MI;015;015065;C329;Castiraga Vidardo;;CS;01/07/1902;015135;E994;Marudo;015;MI
1902;TV;026;026025;C670;Crocetta Trevigiana;;CS;01/06/1902;026023;D030;Cornuda;026;TV
1902;FE;038;038022;L868;Vigarano Mainarda;;CS;01/02/1902;038008;D548;Ferrara;038;FE
1902;NO;003;003062;D347;Dormelletto;;CS;24/01/1902;003864;F143;Mercurago;003;NO
1902;CB;070;070073;F569;Montemitro;;CS;22/01/1902;070106;H833;San Felice Slavo;070;CB
1902;CZ;079;079084;F843;Nardodipace;;CS;22/01/1902;079046;D453;Fabrizia;079;CZ
1902;MI;015;015411;F169;Mezzana Superiore;;CS;17/01/1902;015987;A441;Arsago;015;MI
1902;MI;015;015996;B987;Casorate Sempione;;CS;17/01/1902;015987;A441;Arsago;015;MI
1901;MI;015;015013;A668;Barlassina;;CS;28/07/1901;015212;I709;Seveso;015;MI
1901;PZ;076;076009;A612;Banzi;;CS;16/07/1901;076036;D971;Genzano;076;PZ
1901;GE;010;010066;M105;Vobbia;;CS;13/07/1901;010020;D175;Crocefieschi;010;GE
1897;FI;048;048814;E451;Larciano;;CS;01/07/1897;048813;E432;Lamporecchio;048;FI
1897;CE;061;061842;D393;Elena;;CS;01/04/1897;061848;D843;Gaeta;061;CE
1896;AP;044;044801;A232;Alteta;;CS;01/10/1896;044040;F520;Montegiorgio;044;AP
1896;FC;040;040006;C357;Cattolica;;CS;01/01/1896;040040;H921;San Giovanni in Marignano;040;FC
1895;SS;090;090815;E736;Lula;;CS;08/11/1895;090821;G064;Onanì;090;SS
1894;LI;049;049003;B553;Campo nell'Elba;;CS;01/07/1894;049011;E931;Marciana Marina;049;LI
1893;GE;010;010065;L546;Valbrevenna;;CS;27/09/1893;010057;I475;Savignone;010;GE
1893;GE;010;010065;L546;Valbrevenna;;CS;27/09/1893;010012;B956;Casella;010;GE
1893;GE;010;010065;L546;Valbrevenna;;CS;27/09/1893;010039;F682;Montoggio;010;GE
1893;NA;063;063068;H931;San Giuseppe;;CS;01/07/1893;063051;G190;Ottaiano;063;NA
1893;MC;043;043042;G919;Porto Recanati;;CS;01/05/1893;043044;H211;Recanati;043;MC
1893;FI;048;048045;L067;Tavarnelle;;CS;01/05/1893;048003;A633;Barberino Val d'Elsa;048;FI
1884;MI;015;015032;B162;Bresso;;CS;01/11/1884;015801;A063;Affori;015;MI
1884;LI;049;049011;E931;Marciana Marina;;CS;01/06/1884;049010;E930;Marciana;049;LI
1883;LU;046;046808;G833;Ponte Buggianese;;CS;01/06/1883;046801;B251;Buggiano;046;LU
1882;LI;049;049015;H305;Rio Marina;;CS;01/07/1882;049016;H297;Rio nell'Elba;049;LI
1881;LU;046;046001;A241;Altopascio;;CS;01/07/1881;046021;F452;Montecarlo;046;LU
1879;TO;001;001257;I327;Santena;;CS;01/01/1879;001078;C627;Chieri;001;TO
1878;RC;080;080031;D268;Delianuova;;CS;01/05/1878;080809;G326;Paracorio;080;RC
1878;RC;080;080031;D268;Delianuova;;CS;01/05/1878;080810;G405;Pedavoli;080;RC
1877;MN;020;020035;F267;Moglia;;CS;01/02/1877;020027;E089;Gonzaga;020;MN
1877;MN;020;020039;G417;Pegognaga;;CS;01/02/1877;020027;E089;Gonzaga;020;MN
1874;MI;015;015857;C646;Chiosi Uniti con Bottedo;;CS;01/01/1874;015856;C645;Chiosi di Porta Regale;015;MI
1874;MI;015;015857;C646;Chiosi Uniti con Bottedo;;CS;01/01/1874;015819;B090;Bottedo;015;MI
1874;MI;015;015857;C646;Chiosi Uniti con Bottedo;;CS;01/01/1874;015854;C644;Chiosi di Porta Cremonese;015;MI
1872;CO;013;013953;L754;Verderio;;CS;01/04/1872;013241;L756;Verderio Superiore;013;CO
1872;CO;013;013953;L754;Verderio;;CS;01/04/1872;013240;L755;Verderio Inferiore;013;CO
1872;TO;001;001139;E758;Luserna San Giovanni;;CS;01/01/1872;001861;H904;San Giovanni Pellice;001;TO
1872;TO;001;001139;E758;Luserna San Giovanni;;CS;01/01/1872;001832;E756;Luserna;001;TO
1871;GE;010;010943;L823;Vezzi Portio;;CS;01/03/1871;009832;L822;Vezzi;010;GE
1871;GE;010;010943;L823;Vezzi Portio;;CS;01/03/1871;009822;E822;Portio;010;GE
1871;RM;058;058001;A062;Affile;;AN;15/01/1871;;;Stato estero;;
1871;RM;058;058002;A084;Agosta;;AN;15/01/1871;;;Stato estero;;
1871;RM;058;058003;A132;Albano;;AN;15/01/1871;;;Stato estero;;
1871;RM;058;058004;A210;Allumiere;;AN;15/01/1871;;;Stato estero;;
1871;RM;058;058005;A297;Anguillara;;AN;15/01/1871;;;Stato estero;;
1871;RM;058;058006;A309;Anticoli Corrado;;AN;15/01/1871;;;Stato estero;;
1871;RM;058;058007;A323;Anzio;;AN;15/01/1871;;;Stato estero;;
1871;RM;058;058008;A370;Ponza;;AN;15/01/1871;;;Stato estero;;
1871;RM;058;058009;A401;Ariccia;;AN;15/01/1871;;;Stato estero;;
1871;RM;058;058010;A446;Arsoli;;AN;15/01/1871;;;Stato estero;;
1871;RM;058;058011;A449;Montefortino;;AN;15/01/1871;;;Stato estero;;
1871;RM;058;058012;A749;Civitella;;AN;15/01/1871;;;Stato estero;;
1871;RM;058;058013;B114;Bracciano;;AN;15/01/1871;;;Stato estero;;
1871;RM;058;058014;B472;Camerata;;AN;15/01/1871;;;Stato estero;;
1871;RM;058;058015;B496;Campagnano;;AN;15/01/1871;;;Stato estero;;
1871;RM;058;058016;B576;Canale e Monte Virginio;;AN;15/01/1871;;;Stato estero;;
1871;RM;058;058017;B635;Canterano;;AN;15/01/1871;;;Stato estero;;
1871;RM;058;058018;B649;Leprignano;;AN;15/01/1871;;;Stato estero;;
1871;RM;058;058019;B687;Capranica;;AN;15/01/1871;;;Stato estero;;
1871;RM;058;058020;B828;Carpineto;;AN;15/01/1871;;;Stato estero;;
1871;RM;058;058021;B932;Casape;;AN;15/01/1871;;;Stato estero;;
1871;RM;058;058022;C116;Castel Gandolfo;;AN;15/01/1871;;;Stato estero;;
1871;RM;058;058023;C203;Castel Madama;;AN;15/01/1871;;;Stato estero;;
1871;RM;058;058024;C237;Castelnuovo di Porto;;AN;15/01/1871;;;Stato estero;;
1871;RM;058;058025;C266;Castel San Pietro;;AN;15/01/1871;;;Stato estero;;
1871;RM;058;058026;C390;Cave;;AN;15/01/1871;;;Stato estero;;
1871;RM;058;058027;C518;Cerreto;;AN;15/01/1871;;;Stato estero;;
1871;RM;058;058028;C543;Cervara;;AN;15/01/1871;;;Stato estero;;
1871;RM;058;058029;C552;Cerveteri;;AN;15/01/1871;;;Stato estero;;
1871;RM;058;058030;C677;Ciciliano;;AN;15/01/1871;;;Stato estero;;
1871;RM;058;058031;C702;Scarpa;;AN;15/01/1871;;;Stato estero;;
1871;RM;058;058032;C773;Civitavecchia;;AN;15/01/1871;;;Stato estero;;
1871;RM;058;058033;C784;Civitella San Paolo;;AN;15/01/1871;;;Stato estero;;
1871;RM;058;058035;C900;Colonna;;AN;15/01/1871;;;Stato estero;;
1871;RM;058;058036;D561;Fiano;;AN;15/01/1871;;;Stato estero;;
1871;RM;058;058037;D586;Filacciano;;AN;15/01/1871;;;Stato estero;;
1871;RM;058;058038;D707;Formello;;AN;15/01/1871;;;Stato estero;;
1871;RM;058;058039;D773;Frascati;;AN;15/01/1871;;;Stato estero;;
1871;RM;058;058040;D875;Gallicano;;AN;15/01/1871;;;Stato estero;;
1871;RM;058;058041;D945;Gavignano;;AN;15/01/1871;;;Stato estero;;
1871;RM;058;058042;D964;Genazzano;;AN;15/01/1871;;;Stato estero;;
1871;RM;058;058043;D972;Genzano;;AN;15/01/1871;;;Stato estero;;
1871;RM;058;058044;D978;Gerano;;AN;15/01/1871;;;Stato estero;;
1871;RM;058;058045;E091;Gorga;;AN;15/01/1871;;;Stato estero;;
1871;RM;058;058046;E204;Grottaferrata;;AN;15/01/1871;;;Stato estero;;
1871;RM;058;058048;E382;Jenne;;AN;15/01/1871;;;Stato estero;;
1871;RM;058;058049;E392;Lugnano;;AN;15/01/1871;;;Stato estero;;
1871;RM;058;058050;C767;Civita Lavinia;;AN;15/01/1871;;;Stato estero;;
1871;RM;058;058051;E576;Licenza;;AN;15/01/1871;;;Stato estero;;
1871;RM;058;058053;B632;Cantalupo Bardella;;AN;15/01/1871;;;Stato estero;;
1871;RM;058;058054;E900;Manziana;;AN;15/01/1871;;;Stato estero;;
1871;RM;058;058055;E908;Marano;;AN;15/01/1871;;;Stato estero;;
1871;RM;058;058057;E958;Marino;;AN;15/01/1871;;;Stato estero;;
1871;RM;058;058058;F064;Mazzano;;AN;15/01/1871;;;Stato estero;;
1871;RM;058;058059;F127;Mentana;;AN;15/01/1871;;;Stato estero;;
1871;RM;058;058060;F477;Monte Compatri;;AN;15/01/1871;;;Stato estero;;
1871;RM;058;058061;F504;Monteflavio;;AN;15/01/1871;;;Stato estero;;
1871;RM;058;058062;F534;Montelanico;;AN;15/01/1871;;;Stato estero;;
1871;RM;058;058063;F545;Montelibretti;;AN;15/01/1871;;;Stato estero;;
1871;RM;058;058064;F590;Monte Porzio;;AN;15/01/1871;;;Stato estero;;
1871;RM;058;058065;F611;Monterotondo;;AN;15/01/1871;;;Stato estero;;
1871;RM;058;058066;F692;Montorio Romano;;AN;15/01/1871;;;Stato estero;;
1871;RM;058;058067;F730;Moricone;;AN;15/01/1871;;;Stato estero;;
1871;RM;058;058068;F734;Morlupo;;AN;15/01/1871;;;Stato estero;;
1871;RM;058;058069;F857;Nazzano;;AN;15/01/1871;;;Stato estero;;
1871;RM;058;058070;F865;Nemi;;AN;15/01/1871;;;Stato estero;;
1871;RM;058;058071;F871;Nerola;;AN;15/01/1871;;;Stato estero;;
1871;RM;058;058072;F880;Nettuno;;AN;15/01/1871;;;Stato estero;;
1871;RM;058;058073;G022;Olevano;;AN;15/01/1871;;;Stato estero;;
1871;RM;058;058074;G274;Palestrina;;AN;15/01/1871;;;Stato estero;;
1871;RM;058;058075;G293;Palombara;;AN;15/01/1871;;;Stato estero;;
1871;RM;058;058076;G444;Percile;;AN;15/01/1871;;;Stato estero;;
1871;RM;058;058077;G704;Pisciano;;AN;15/01/1871;;;Stato estero;;
1871;RM;058;058078;G784;Poli;;AN;15/01/1871;;;Stato estero;;
1871;RM;058;058080;G874;Ponzano;;AN;15/01/1871;;;Stato estero;;
1871;RM;058;058081;H267;Riano;;AN;15/01/1871;;;Stato estero;;
1871;RM;058;058082;H288;Rignano;;AN;15/01/1871;;;Stato estero;;
1871;RM;058;058083;H300;Riofreddo;;AN;15/01/1871;;;Stato estero;;
1871;RM;058;058084;H387;Rocca Canterano;;AN;15/01/1871;;;Stato estero;;
1871;RM;058;058085;H401;Rocca di Cave;;AN;15/01/1871;;;Stato estero;;
1871;RM;058;058086;H404;Rocca di Papa;;AN;15/01/1871;;;Stato estero;;
1871;RM;058;058087;H411;Roccagiovine;;AN;15/01/1871;;;Stato estero;;
1871;RM;058;058088;H432;Rocca Priora;;AN;15/01/1871;;;Stato estero;;
1871;RM;058;058089;H441;Rocca Santo Stefano;;AN;15/01/1871;;;Stato estero;;
1871;RM;058;058090;H494;Roiate;;AN;15/01/1871;;;Stato estero;;
1871;RM;058;058091;H501;Roma;;AN;15/01/1871;;;Stato estero;;
1871;RM;058;058092;H618;Roviano;;AN;15/01/1871;;;Stato estero;;
1871;RM;058;058093;H658;Scrofano;;AN;15/01/1871;;;Stato estero;;
1871;RM;058;058094;H745;Sambuci;;AN;15/01/1871;;;Stato estero;;
1871;RM;058;058095;H942;San Gregorio;;AN;15/01/1871;;;Stato estero;;
1871;RM;058;058096;I125;San Polo dei Cavalieri;;AN;15/01/1871;;;Stato estero;;
1871;RM;058;058098;I284;Sant'Angelo in Capoccia;;AN;15/01/1871;;;Stato estero;;
1871;RM;058;058099;I352;Sant'Oreste;;AN;15/01/1871;;;Stato estero;;
1871;RM;058;058100;I400;San Vito;;AN;15/01/1871;;;Stato estero;;
1871;RM;058;058101;I424;Saracinesco;;AN;15/01/1871;;;Stato estero;;
1871;RM;058;058102;I573;Segni;;AN;15/01/1871;;;Stato estero;;
1871;RM;058;058103;I992;Subiaco;;AN;15/01/1871;;;Stato estero;;
1871;RM;058;058104;L182;Tivoli;;AN;15/01/1871;;;Stato estero;;
1871;RM;058;058105;L192;Tolfa;;AN;15/01/1871;;;Stato estero;;
1871;RM;058;058106;L302;Torrita;;AN;15/01/1871;;;Stato estero;;
1871;RM;058;058107;L401;Trevignano;;AN;15/01/1871;;;Stato estero;;
1871;RM;058;058108;L611;Vallepietra;;AN;15/01/1871;;;Stato estero;;
1871;RM;058;058109;L625;Vallinfreda;;AN;15/01/1871;;;Stato estero;;
1871;RM;058;058110;L639;Valmontone;;AN;15/01/1871;;;Stato estero;;
1871;RM;058;058111;L719;Velletri;;AN;15/01/1871;;;Stato estero;;
1871;RM;058;058112;L851;Vicovaro;;AN;15/01/1871;;;Stato estero;;
1871;RM;058;058113;M095;Vivaro;;AN;15/01/1871;;;Stato estero;;
1871;RM;058;058114;M141;Zagarolo;;AN;15/01/1871;;;Stato estero;;
1871;RM;058;058801;F466;Monticelli;;AN;15/01/1871;;;Stato estero;;
1871;RM;058;058803;A040;Acquapendente;;AN;15/01/1871;;;Stato estero;;
1871;RM;058;058804;A054;Acuto;;AN;15/01/1871;;;Stato estero;;
1871;RM;058;058805;A123;Alatri;;AN;15/01/1871;;;Stato estero;;
1871;RM;058;058806;A256;San Lorenzo;;AN;15/01/1871;;;Stato estero;;
1871;RM;058;058807;A269;Anagni;;AN;15/01/1871;;;Stato estero;;
1871;RM;058;058808;A412;Arlena;;AN;15/01/1871;;;Stato estero;;
1871;RM;058;058809;A421;Arnara;;AN;15/01/1871;;;Stato estero;;
1871;RM;058;058811;A548;Bagnaja;;AN;15/01/1871;;;Stato estero;;
1871;RM;058;058812;A577;Bagnorea;;AN;15/01/1871;;;Stato estero;;
1871;RM;058;058813;A628;Barbarano;;AN;15/01/1871;;;Stato estero;;
1871;RM;058;058814;A706;Bassano in Teverina;;AN;15/01/1871;;;Stato estero;;
1871;RM;058;058815;A704;Bassano di Sutri;;AN;15/01/1871;;;Stato estero;;
1871;RM;058;058816;A707;Bassiano;;AN;15/01/1871;;;Stato estero;;
1871;RM;058;058818;A857;Bieda;;AN;15/01/1871;;;Stato estero;;
1871;RM;058;058819;A949;Bolsena;;AN;15/01/1871;;;Stato estero;;
1871;RM;058;058820;A955;Bomarzo;;AN;15/01/1871;;;Stato estero;;
1871;RM;058;058821;A720;Bauco;;AN;15/01/1871;;;Stato estero;;
1871;RM;058;058822;B388;Calcata;;AN;15/01/1871;;;Stato estero;;
1871;RM;058;058824;B597;Canepina;;AN;15/01/1871;;;Stato estero;;
1871;RM;058;058825;B604;Canino;;AN;15/01/1871;;;Stato estero;;
1871;RM;058;058827;B663;Capodimonte;;AN;15/01/1871;;;Stato estero;;
1871;RM;058;058828;B688;Capranica;;AN;15/01/1871;;;Stato estero;;
1871;RM;058;058829;B691;Caprarola;;AN;15/01/1871;;;Stato estero;;
1871;RM;058;058830;B735;Carbognano;;AN;15/01/1871;;;Stato estero;;
1871;RM;058;058833;C068;Castel Cellesi;;AN;15/01/1871;;;Stato estero;;
1871;RM;058;058835;C269;Castel Sant'Elia;;AN;15/01/1871;;;Stato estero;;
1871;RM;058;058838;C315;Castiglione in Teverina;;AN;15/01/1871;;;Stato estero;;
1871;RM;058;058839;C338;Castro;;AN;15/01/1871;;;Stato estero;;
1871;RM;058;058840;C413;Ceccano;;AN;15/01/1871;;;Stato estero;;
1871;RM;058;058841;C446;Celleno;;AN;15/01/1871;;;Stato estero;;
1871;RM;058;058842;C447;Cellere;;AN;15/01/1871;;;Stato estero;;
1871;RM;058;058843;C479;Ceprano;;AN;15/01/1871;;;Stato estero;;
1871;RM;058;058844;C740;Cisterna;;AN;15/01/1871;;;Stato estero;;
1871;RM;058;058845;C765;Civita Castellana;;AN;15/01/1871;;;Stato estero;;
1871;RM;058;058846;C780;Civitella d'Agliano;;AN;15/01/1871;;;Stato estero;;
1871;RM;058;058849;C864;Collepardo;;AN;15/01/1871;;;Stato estero;;
1871;RM;058;058854;C988;Corchiano;;AN;15/01/1871;;;Stato estero;;
1871;RM;058;058855;D003;Cori;;AN;15/01/1871;;;Stato estero;;
1871;RM;058;058857;D452;Fabbrica;;AN;15/01/1871;;;Stato estero;;
1871;RM;058;058858;D475;Stabia;;AN;15/01/1871;;;Stato estero;;
1871;RM;058;058859;D483;Falvaterra;;AN;15/01/1871;;;Stato estero;;
1871;RM;058;058861;D503;Farnese;;AN;15/01/1871;;;Stato estero;;
1871;RM;058;058862;D539;Ferentino;;AN;15/01/1871;;;Stato estero;;
1871;RM;058;058863;D591;Filettino;;AN;15/01/1871;;;Stato estero;;
1871;RM;058;058864;A310;Anticoli;;AN;15/01/1871;;;Stato estero;;
1871;RM;058;058869;D810;Frosinone;;AN;15/01/1871;;;Stato estero;;
1871;RM;058;058870;D819;Fumone;;AN;15/01/1871;;;Stato estero;;
1871;RM;058;058872;D870;Gallese;;AN;15/01/1871;;;Stato estero;;
1871;RM;058;058873;E057;Giuliano;;AN;15/01/1871;;;Stato estero;;
1871;RM;058;058874;E126;Gradoli;;AN;15/01/1871;;;Stato estero;;
1871;RM;058;058875;E128;Graffignano;;AN;15/01/1871;;;Stato estero;;
1871;RM;058;058877;E210;Grotte di Castro;;AN;15/01/1871;;;Stato estero;;
1871;RM;058;058878;E211;Grotte Santo Stefano;;AN;15/01/1871;;;Stato estero;;
1871;RM;058;058879;E236;Guarcino;;AN;15/01/1871;;;Stato estero;;
1871;RM;058;058880;E330;Ischia;;AN;15/01/1871;;;Stato estero;;
1871;RM;058;058883;E467;Latera;;AN;15/01/1871;;;Stato estero;;
1871;RM;058;058887;E713;Lubriano;;AN;15/01/1871;;;Stato estero;;
1871;RM;058;058888;E798;Maenza;;AN;15/01/1871;;;Stato estero;;
1871;RM;058;058891;E978;Marta;;AN;15/01/1871;;;Stato estero;;
1871;RM;058;058894;F419;Montalto;;AN;15/01/1871;;;Stato estero;;
1871;RM;058;058896;F603;Monte Romano;;AN;15/01/1871;;;Stato estero;;
1871;RM;058;058898;F620;Monte San Giovanni;;AN;15/01/1871;;;Stato estero;;
1871;RM;058;058901;F499;Montefiascone;;AN;15/01/1871;;;Stato estero;;
1871;RM;058;058904;F606;Monterosi;;AN;15/01/1871;;;Stato estero;;
1871;RM;058;058906;F740;Morolo;;AN;15/01/1871;;;Stato estero;;
1871;RM;058;058908;F868;Nepi;;AN;15/01/1871;;;Stato estero;;
1871;RM;058;058910;F937;Norma;;AN;15/01/1871;;;Stato estero;;
1871;RM;058;058911;G065;Onano;;AN;15/01/1871;;;Stato estero;;
1871;RM;058;058912;G111;Oriolo;;AN;15/01/1871;;;Stato estero;;
1871;RM;058;058913;G135;Orte;;AN;15/01/1871;;;Stato estero;;
1871;RM;058;058916;G276;Paliano;;AN;15/01/1871;;;Stato estero;;
1871;RM;058;058917;G374;Patrica;;AN;15/01/1871;;;Stato estero;;
1871;RM;058;058918;G571;Piansano;;AN;15/01/1871;;;Stato estero;;
1871;RM;058;058919;G659;Piglio;;AN;15/01/1871;;;Stato estero;;
1871;RM;058;058920;G749;Pofi;;AN;15/01/1871;;;Stato estero;;
1871;RM;058;058929;G698;Piperno;;AN;15/01/1871;;;Stato estero;;
1871;RM;058;058930;H071;Proceno;;AN;15/01/1871;;;Stato estero;;
1871;RM;058;058931;H076;Prossedi;;AN;15/01/1871;;;Stato estero;;
1871;RM;058;058933;H324;Ripi;;AN;15/01/1871;;;Stato estero;;
1871;RM;058;058935;H421;Rocca Massima;;AN;15/01/1871;;;Stato estero;;
1871;RM;058;058937;H413;Roccagorga;;AN;15/01/1871;;;Stato estero;;
1871;RM;058;058938;H419;Roccalvecce;;AN;15/01/1871;;;Stato estero;;
1871;RM;058;058940;H444;Roccasecca;;AN;15/01/1871;;;Stato estero;;
1871;RM;058;058941;H534;Ronciglione;;AN;15/01/1871;;;Stato estero;;
1871;RM;058;058944;H836;San Felice;;AN;15/01/1871;;;Stato estero;;
1871;RM;058;058945;H969;San Lorenzo Nuovo;;AN;15/01/1871;;;Stato estero;;
1871;RM;058;058946;H995;San Martino;;AN;15/01/1871;;;Stato estero;;
1871;RM;058;058947;I039;San Michele;;AN;15/01/1871;;;Stato estero;;
1871;RM;058;058951;I634;Sermoneta;;AN;15/01/1871;;;Stato estero;;
1871;RM;058;058952;I669;Serrone;;AN;15/01/1871;;;Stato estero;;
1871;RM;058;058953;I712;Sezze;;AN;15/01/1871;;;Stato estero;;
1871;RM;058;058954;I716;Sgurgola;;AN;15/01/1871;;;Stato estero;;
1871;RM;058;058955;I832;Sonnino;;AN;15/01/1871;;;Stato estero;;
1871;RM;058;058956;I855;Soriano;;AN;15/01/1871;;;Stato estero;;
1871;RM;058;058960;I973;Strangolagalli;;AN;15/01/1871;;;Stato estero;;
1871;RM;058;058961;L009;Supino;;AN;15/01/1871;;;Stato estero;;
1871;RM;058;058962;L017;Sutri;;AN;15/01/1871;;;Stato estero;;
1871;RM;058;058964;D024;Corneto;;AN;15/01/1871;;;Stato estero;;
1871;RM;058;058965;L120;Terracina;;AN;15/01/1871;;;Stato estero;;
1871;RM;058;058966;L150;Tessennano;;AN;15/01/1871;;;Stato estero;;
1871;RM;058;058968;L243;Torre;;AN;15/01/1871;;;Stato estero;;
1871;RM;058;058970;L290;Torrice;;AN;15/01/1871;;;Stato estero;;
1871;RM;058;058972;L398;Trevi;;AN;15/01/1871;;;Stato estero;;
1871;RM;058;058973;L437;Trivigliano;;AN;15/01/1871;;;Stato estero;;
1871;RM;058;058975;L310;Toscanella;;AN;15/01/1871;;;Stato estero;;
1871;RM;058;058977;L569;Valentano;;AN;15/01/1871;;;Stato estero;;
1871;RM;058;058978;L598;Vallecorsa;;AN;15/01/1871;;;Stato estero;;
1871;RM;058;058979;L612;Vallerano;;AN;15/01/1871;;;Stato estero;;
1871;RM;058;058981;A701;Bassanello;;AN;15/01/1871;;;Stato estero;;
1871;RM;058;058982;L713;Viano;;AN;15/01/1871;;;Stato estero;;
1871;RM;058;058983;L780;Veroli;;AN;15/01/1871;;;Stato estero;;
1871;RM;058;058984;L814;Vetralla;;AN;15/01/1871;;;Stato estero;;
1871;RM;058;058985;L843;Vico;;AN;15/01/1871;;;Stato estero;;
1871;RM;058;058986;L882;Vignanello;;AN;15/01/1871;;;Stato estero;;
1871;RM;058;058987;H913;San Giovanni di Bieda;;AN;15/01/1871;;;Stato estero;;
1871;RM;058;058988;I364;Santo Stefano;;AN;15/01/1871;;;Stato estero;;
1871;RM;058;058989;M082;Viterbo;;AN;15/01/1871;;;Stato estero;;
1871;RM;058;058990;M086;Vitorchiano;;AN;15/01/1871;;;Stato estero;;
1870;MI;015;015134;E921;Marcallo con Casone;;CS;01/09/1870;015892;E920;Marcallo;015;MI
1870;MI;015;015134;E921;Marcallo con Casone;;CS;01/09/1870;015834;B986;Casone;015;MI
1870;MI;015;015183;H371;Robecchetto con Induno;;CS;01/09/1870;015936;H370;Robecchetto;015;MI
1870;MI;015;015183;H371;Robecchetto con Induno;;CS;01/09/1870;015885;E300;Induno Ticino;015;MI
1870;MI;015;015853;C642;Chiosi d'Adda Vigadore;;CS;01/09/1870;015973;L861;Vigadore;015;MI
1870;MI;015;015853;C642;Chiosi d'Adda Vigadore;;CS;01/09/1870;015855;C643;Chiosi di Porta d'Adda;015;MI
1870;PR;034;034807;H948;San Lazzaro Parmense;;CS;01/07/1870;034804;E969;Marore;034;PR
1870;PR;034;034807;H948;San Lazzaro Parmense;;CS;01/07/1870;034806;H828;San Donato d'Enza;034;PR
1870;LU;046;046018;F035;Massarosa;;CS;01/05/1870;046033;L833;Viareggio;046;LU
1870;CO;013;013079;D112;Costa Masnaga;;CS;01/03/1870;013852;C468;Centemero;013;CO
1870;CO;013;013079;D112;Costa Masnaga;;CS;01/03/1870;013822;B147;Brenno della Torre;013;CO
1870;CO;013;013079;D112;Costa Masnaga;;CS;01/03/1870;013947;L365;Tregolo;013;CO
1870;MI;015;015007;A375;Arconate;;CS;01/01/1870;015041;B301;Busto Garolfo;015;MI
1869;SI;052;052803;F040;Masse di Siena;;CS;01/05/1869;052801;F038;Masse di Città;052;SI
1869;SI;052;052803;F040;Masse di Siena;;CS;01/05/1869;052802;F039;Masse di San Martino;052;SI
1869;CO;013;013898;E802;Maggianico;;CS;08/02/1869;013815;A748;Belledo;013;CO
1869;CO;013;013898;E802;Maggianico;;CS;08/02/1869;013856;C664;Chiuso;013;CO
1868;TV;026;026067;H253;Revine Lago;;CS;28/07/1868;026804;E408;San Giorgio di Lago;026;TV
1868;TV;026;026067;H253;Revine Lago;;CS;28/07/1868;026803;H252;Revine;026;TV
1868;PC;033;033019;D502;Farini d'Olmo;;CS;01/01/1868;033016;C838;Coli;033;PC
1868;PC;033;033019;D502;Farini d'Olmo;;CS;01/01/1868;033801;B032;Borgo San Bernardino;033;PC
1868;PC;033;033019;D502;Farini d'Olmo;;CS;01/01/1868;033004;A831;Bettola;033;PC
1868;CE;061;061843;D440;Esperia;;CS;01/01/1868;060801;H415;Roccaguglielma;061;CE
1868;CE;061;061843;D440;Esperia;;CS;01/01/1868;060802;I111;San Pietro in Curolis;061;CE
1867;PI;050;050003;B390;Calci;;CS;29/08/1867;050026;G702;Pisa;050;PI
1867;PI;050;050002;B303;Buti;;CS;15/07/1867;050038;L850;Vicopisano;050;PI
1867;ME;083;083806;H711;Salina;;CS;15/03/1867;083041;E606;Lipari;083;ME
1867;MI;015;015034;B212;Brugherio;;CS;14/01/1867;015942;H813;San Damiano di Monza;015;MI
1867;MI;015;015034;B212;Brugherio;;CS;14/01/1867;015902;F345;Moncucco di Monza;015;MI
1867;MI;015;015034;B212;Brugherio;;CS;14/01/1867;015070;C523;Cernusco sul Naviglio;015;MI
1867;MI;015;015034;B212;Brugherio;;CS;14/01/1867;015209;I690;Sesto San Giovanni;015;MI
1867;MI;015;015034;B212;Brugherio;;CS;14/01/1867;015149;F704;Monza;015;MI
1867;MI;015;015034;B212;Brugherio;;CS;14/01/1867;015837;C010;Cassina Baraggia;015;MI
1867;CR;019;019077;B914;Casalsigone ed Uniti;;CS;07/01/1867;019828;B913;Casalsigone;019;CR
1867;CR;019;019077;B914;Casalsigone ed Uniti;;CS;07/01/1867;019835;C239;Castelnuovo Gherardi;019;CR
1867;TV;026;026092;M089;Vittorio;;CS;01/01/1867;026801;C460;Ceneda;026;TV
1867;TV;026;026092;M089;Vittorio;;CS;01/01/1867;026807;I664;Serravalle;026;TV
1866;MN;020;020003;A575;Bagnolo San Vito;;AN;20/11/1866;;;Stato estero;;
1866;MN;020;020004;A866;Bigarello;;AN;20/11/1866;;;Stato estero;;
1866;MN;020;020005;B011;Borgoforte;;AN;20/11/1866;;;Stato estero;;
1866;MN;020;020006;B013;Borgofranco;;AN;20/11/1866;;;Stato estero;;
1866;MN;020;020009;B739;Carbonara;;AN;20/11/1866;;;Stato estero;;
1866;MN;020;020013;C059;Castelbelforte;;AN;20/11/1866;;;Stato estero;;
1866;MN;020;020014;C076;Castellaro;;AN;20/11/1866;;;Stato estero;;
1866;MN;020;020021;D227;Curtatone;;AN;20/11/1866;;;Stato estero;;
1866;MN;020;020023;D529;Felonica;;AN;20/11/1866;;;Stato estero;;
1866;MN;020;020027;E089;Gonzaga;;AN;20/11/1866;;;Stato estero;;
1866;MN;020;020029;E818;Magnacavallo;;AN;20/11/1866;;;Stato estero;;
1866;MN;020;020030;E897;Mantova;;AN;20/11/1866;;;Stato estero;;
1866;MN;020;020033;E962;Marmirolo;;AN;20/11/1866;;;Stato estero;;
1866;MN;020;020037;B012;Borgoforte a Destra;;AN;20/11/1866;;;Stato estero;;
1866;MN;020;020038;G186;Ostiglia;;AN;20/11/1866;;;Stato estero;;
1866;MN;020;020040;G633;Pieve;;AN;20/11/1866;;;Stato estero;;
1866;MN;020;020042;G753;Poggio;;AN;20/11/1866;;;Stato estero;;
1866;MN;020;020045;G917;Porto Mantovano;;AN;20/11/1866;;;Stato estero;;
1866;MN;020;020046;H129;Quingentole;;AN;20/11/1866;;;Stato estero;;
1866;MN;020;020047;H143;Quistello;;AN;20/11/1866;;;Stato estero;;
1866;MN;020;020049;H248;Revere;;AN;20/11/1866;;;Stato estero;;
1866;MN;020;020052;H541;Roncoferraro;;AN;20/11/1866;;;Stato estero;;
1866;MN;020;020053;H604;Roverbella;;AN;20/11/1866;;;Stato estero;;
1866;MN;020;020055;H771;San Benedetto;;AN;20/11/1866;;;Stato estero;;
1866;MN;020;020057;H883;San Giorgio;;AN;20/11/1866;;;Stato estero;;
1866;MN;020;020060;I532;Schivenoglia;;AN;20/11/1866;;;Stato estero;;
1866;MN;020;020061;I632;Sermide;;AN;20/11/1866;;;Stato estero;;
1866;MN;020;020062;I662;Serravalle;;AN;20/11/1866;;;Stato estero;;
1866;MN;020;020064;L015;Sustinente;;AN;20/11/1866;;;Stato estero;;
1866;MN;020;020065;L020;Suzzara;;AN;20/11/1866;;;Stato estero;;
1866;MN;020;020067;F804;Mulo;;AN;20/11/1866;;;Stato estero;;
1866;MN;020;020068;M044;Villimpenta;;AN;20/11/1866;;;Stato estero;;
1866;MN;020;020069;H123;Quattroville;;AN;20/11/1866;;;Stato estero;;
1866;VR;023;023001;A061;Affi;;AN;20/11/1866;;;Stato estero;;
1866;VR;023;023002;A137;Albaredo;;AN;20/11/1866;;;Stato estero;;
1866;VR;023;023003;A292;Angiari;;AN;20/11/1866;;;Stato estero;;
1866;VR;023;023004;A374;Arcole;;AN;20/11/1866;;;Stato estero;;
1866;VR;023;023005;A540;Badia Calavena;;AN;20/11/1866;;;Stato estero;;
1866;VR;023;023006;A650;Bardolino;;AN;20/11/1866;;;Stato estero;;
1866;VR;023;023007;A737;Belfiore di Porcile;;AN;20/11/1866;;;Stato estero;;
1866;VR;023;023008;A837;Bevilacqua;;AN;20/11/1866;;;Stato estero;;
1866;VR;023;023009;A964;Bonavigo;;AN;20/11/1866;;;Stato estero;;
1866;VR;023;023010;B070;Boschi Sant'Anna;;AN;20/11/1866;;;Stato estero;;
1866;VR;023;023011;B073;Bosco Chiesanuova;;AN;20/11/1866;;;Stato estero;;
1866;VR;023;023012;B107;Bovolone;;AN;20/11/1866;;;Stato estero;;
1866;VR;023;023014;B154;Castelletto;;AN;20/11/1866;;;Stato estero;;
1866;VR;023;023015;B296;Bussolengo;;AN;20/11/1866;;;Stato estero;;
1866;VR;023;023016;B304;Buttapietra;;AN;20/11/1866;;;Stato estero;;
1866;VR;023;023017;B402;Caldiero;;AN;20/11/1866;;;Stato estero;;
1866;VR;023;023018;B709;Caprino;;AN;20/11/1866;;;Stato estero;;
1866;VR;023;023019;B886;Casaleone;;AN;20/11/1866;;;Stato estero;;
1866;VR;023;023020;C041;Castagnaro;;AN;20/11/1866;;;Stato estero;;
1866;VR;023;023021;C078;Castel d'Azzano;;AN;20/11/1866;;;Stato estero;;
1866;VR;023;023022;C225;Castelnuovo;;AN;20/11/1866;;;Stato estero;;
1866;VR;023;023023;C370;Cavajon;;AN;20/11/1866;;;Stato estero;;
1866;VR;023;023024;C412;Cazzano;;AN;20/11/1866;;;Stato estero;;
1866;VR;023;023025;C498;Cerea;;AN;20/11/1866;;;Stato estero;;
1866;VR;023;023026;C538;Cerro;;AN;20/11/1866;;;Stato estero;;
1866;VR;023;023027;C890;Cologna;;AN;20/11/1866;;;Stato estero;;
1866;VR;023;023028;C897;Colognola;;AN;20/11/1866;;;Stato estero;;
1866;VR;023;023029;C943;Concamarise;;AN;20/11/1866;;;Stato estero;;
1866;VR;023;023030;D118;Costermano;;AN;20/11/1866;;;Stato estero;;
1866;VR;023;023031;D317;Dolcè;;AN;20/11/1866;;;Stato estero;;
1866;VR;023;023032;D419;Erbè;;AN;20/11/1866;;;Stato estero;;
1866;VR;023;023033;D420;Erbezzo;;AN;20/11/1866;;;Stato estero;;
1866;VR;023;023034;D549;Ferrara di Monte Baldo;;AN;20/11/1866;;;Stato estero;;
1866;VR;023;023035;D818;Fumane;;AN;20/11/1866;;;Stato estero;;
1866;VR;023;023036;D915;Garda;;AN;20/11/1866;;;Stato estero;;
1866;VR;023;023037;D957;Gazzo;;AN;20/11/1866;;;Stato estero;;
1866;VR;023;023038;E171;Grezzana;;AN;20/11/1866;;;Stato estero;;
1866;VR;023;023039;E284;Illasi;;AN;20/11/1866;;;Stato estero;;
1866;VR;023;023040;E349;Isola della Scala;;AN;20/11/1866;;;Stato estero;;
1866;VR;023;023041;E358;Isola Porcarizza;;AN;20/11/1866;;;Stato estero;;
1866;VR;023;023042;E489;Lavagno;;AN;20/11/1866;;;Stato estero;;
1866;VR;023;023043;E502;Lazise;;AN;20/11/1866;;;Stato estero;;
1866;VR;023;023044;E512;Legnago;;AN;20/11/1866;;;Stato estero;;
1866;VR;023;023045;E848;Malcesine;;AN;20/11/1866;;;Stato estero;;
1866;VR;023;023046;E911;Marano;;AN;20/11/1866;;;Stato estero;;
1866;VR;023;023047;F172;Mezzane di Sotto;;AN;20/11/1866;;;Stato estero;;
1866;VR;023;023048;F218;Minerbe;;AN;20/11/1866;;;Stato estero;;
1866;VR;023;023049;F461;Montecchia di Crosara;;AN;20/11/1866;;;Stato estero;;
1866;VR;023;023050;F508;Monteforte;;AN;20/11/1866;;;Stato estero;;
1866;VR;023;023051;F789;Mozzecane;;AN;20/11/1866;;;Stato estero;;
1866;VR;023;023052;F861;Negrar;;AN;20/11/1866;;;Stato estero;;
1866;VR;023;023053;F918;Nogara;;AN;20/11/1866;;;Stato estero;;
1866;VR;023;023054;F921;Nogarole;;AN;20/11/1866;;;Stato estero;;
1866;VR;023;023055;G080;Oppeano;;AN;20/11/1866;;;Stato estero;;
1866;VR;023;023056;G297;Palù;;AN;20/11/1866;;;Stato estero;;
1866;VR;023;023057;G365;Pastrengo;;AN;20/11/1866;;;Stato estero;;
1866;VR;023;023058;G481;Pescantina;;AN;20/11/1866;;;Stato estero;;
1866;VR;023;023059;G489;Peschiera;;AN;20/11/1866;;;Stato estero;;
1866;VR;023;023060;G945;Povegliano Veronese;;AN;20/11/1866;;;Stato estero;;
1866;VR;023;023061;H048;Pressana;;AN;20/11/1866;;;Stato estero;;
1866;VR;023;023062;H356;Rivoli;;AN;20/11/1866;;;Stato estero;;
1866;VR;023;023063;H522;Roncà;;AN;20/11/1866;;;Stato estero;;
1866;VR;023;023064;H540;Ronco;;AN;20/11/1866;;;Stato estero;;
1866;VR;023;023065;H606;Roverchiara;;AN;20/11/1866;;;Stato estero;;
1866;VR;023;023066;H610;Roveredo;;AN;20/11/1866;;;Stato estero;;
1866;VR;023;023067;H608;Roverè di Velo;;AN;20/11/1866;;;Stato estero;;
1866;VR;023;023068;H714;Salizzole;;AN;20/11/1866;;;Stato estero;;
1866;VR;023;023069;H783;San Bonifacio;;AN;20/11/1866;;;Stato estero;;
1866;VR;023;023071;H924;San Giovanni Lupatoto;;AN;20/11/1866;;;Stato estero;;
1866;VR;023;023072;H944;Sanguinetto;;AN;20/11/1866;;;Stato estero;;
1866;VR;023;023073;I003;San Martino Buon Albergo;;AN;20/11/1866;;;Stato estero;;
1866;VR;023;023074;H712;Saline;;AN;20/11/1866;;;Stato estero;;
1866;VR;023;023075;I105;San Pietro di Morubio;;AN;20/11/1866;;;Stato estero;;
1866;VR;023;023076;I109;San Pietro in Cariano;;AN;20/11/1866;;;Stato estero;;
1866;VR;023;023077;I259;Sant'Ambrogio;;AN;20/11/1866;;;Stato estero;;
1866;VR;023;023079;I414;San Zeno di Montagna;;AN;20/11/1866;;;Stato estero;;
1866;VR;023;023080;I594;Selva di Progno;;AN;20/11/1866;;;Stato estero;;
1866;VR;023;023081;I775;Soave;;AN;20/11/1866;;;Stato estero;;
1866;VR;023;023082;I821;Sommacampagna;;AN;20/11/1866;;;Stato estero;;
1866;VR;023;023083;I826;Sona;;AN;20/11/1866;;;Stato estero;;
1866;VR;023;023084;I850;Sorgà;;AN;20/11/1866;;;Stato estero;;
1866;VR;023;023085;L136;Terrazzo;;AN;20/11/1866;;;Stato estero;;
1866;VR;023;023086;L287;Torri;;AN;20/11/1866;;;Stato estero;;
1866;VR;023;023087;L364;Tregnago;;AN;20/11/1866;;;Stato estero;;
1866;VR;023;023088;L396;Trevenzuolo;;AN;20/11/1866;;;Stato estero;;
1866;VR;023;023089;L567;Valeggio;;AN;20/11/1866;;;Stato estero;;
1866;VR;023;023090;L722;Velo;;AN;20/11/1866;;;Stato estero;;
1866;VR;023;023091;L781;Verona;;AN;20/11/1866;;;Stato estero;;
1866;VR;023;023092;D193;Cucca;;AN;20/11/1866;;;Stato estero;;
1866;VR;023;023093;L810;Vestenanova;;AN;20/11/1866;;;Stato estero;;
1866;VR;023;023094;L869;Vigasio;;AN;20/11/1866;;;Stato estero;;
1866;VR;023;023095;L912;Villa Bartolomea;;AN;20/11/1866;;;Stato estero;;
1866;VR;023;023096;L949;Villafranca;;AN;20/11/1866;;;Stato estero;;
1866;VR;023;023097;M172;Zevio;;AN;20/11/1866;;;Stato estero;;
1866;VR;023;023098;M178;Zimella;;AN;20/11/1866;;;Stato estero;;
1866;VR;023;023801;A513;Avesa;;AN;20/11/1866;;;Stato estero;;
1866;VR;023;023802;A758;Belluno Veronese;;AN;20/11/1866;;;Stato estero;;
1866;VR;023;023804;B151;Brentino;;AN;20/11/1866;;;Stato estero;;
1866;VR;023;023805;B155;Breonio;;AN;20/11/1866;;;Stato estero;;
1866;VR;023;023806;B342;Ca' di David;;AN;20/11/1866;;;Stato estero;;
1866;VR;023;023807;C326;Castione;;AN;20/11/1866;;;Stato estero;;
1866;VR;023;023808;D039;Correzzo;;AN;20/11/1866;;;Stato estero;;
1866;VR;023;023809;E926;Marcellise;;AN;20/11/1866;;;Stato estero;;
1866;VR;023;023810;F252;Mizzole;;AN;20/11/1866;;;Stato estero;;
1866;VR;023;023811;F691;Montorio;;AN;20/11/1866;;;Stato estero;;
1866;VR;023;023812;F860;Negarine;;AN;20/11/1866;;;Stato estero;;
1866;VR;023;023813;G341;Parona;;AN;20/11/1866;;;Stato estero;;
1866;VR;023;023814;H084;Prun;;AN;20/11/1866;;;Stato estero;;
1866;VR;023;023815;H133;Quinto;;AN;20/11/1866;;;Stato estero;;
1866;VR;023;023816;H142;Quinzano;;AN;20/11/1866;;;Stato estero;;
1866;VR;023;023817;I022;San Massimo;;AN;20/11/1866;;;Stato estero;;
1866;VR;023;023818;I041;San Michele;;AN;20/11/1866;;;Stato estero;;
1866;VR;023;023819;I246;Santa Maria in Stelle;;AN;20/11/1866;;;Stato estero;;
1866;VR;023;023820;G862;Ponti;;AN;20/11/1866;;;Stato estero;;
1866;VI;024;024001;A093;Agugliaro;;AN;20/11/1866;;;Stato estero;;
1866;VI;024;024002;A154;Albettone;;AN;20/11/1866;;;Stato estero;;
1866;VI;024;024003;A220;Alonte;;AN;20/11/1866;;;Stato estero;;
1866;VI;024;024004;A231;Altavilla;;AN;20/11/1866;;;Stato estero;;
1866;VI;024;024005;A236;Altissimo;;AN;20/11/1866;;;Stato estero;;
1866;VI;024;024006;A377;Arcugnano;;AN;20/11/1866;;;Stato estero;;
1866;VI;024;024007;A444;Arsiero;;AN;20/11/1866;;;Stato estero;;
1866;VI;024;024008;A459;Arzignano;;AN;20/11/1866;;;Stato estero;;
1866;VI;024;024009;A465;Asiago;;AN;20/11/1866;;;Stato estero;;
1866;VI;024;024011;A627;Barbarano;;AN;20/11/1866;;;Stato estero;;
1866;VI;024;024012;A703;Bassano;;AN;20/11/1866;;;Stato estero;;
1866;VI;024;024013;A954;Bolzano;;AN;20/11/1866;;;Stato estero;;
1866;VI;024;024014;B132;Breganze;;AN;20/11/1866;;;Stato estero;;
1866;VI;024;024015;B143;Brendola;;AN;20/11/1866;;;Stato estero;;
1866;VI;024;024016;B161;Bressanvido;;AN;20/11/1866;;;Stato estero;;
1866;VI;024;024017;B196;Brogliano;;AN;20/11/1866;;;Stato estero;;
1866;VI;024;024018;B403;Caldogno;;AN;20/11/1866;;;Stato estero;;
1866;VI;024;024019;B433;Caltrano;;AN;20/11/1866;;;Stato estero;;
1866;VI;024;024020;B441;Calvene;;AN;20/11/1866;;;Stato estero;;
1866;VI;024;024021;B485;Camisano;;AN;20/11/1866;;;Stato estero;;
1866;VI;024;024022;B511;Campiglia;;AN;20/11/1866;;;Stato estero;;
1866;VI;024;024023;B547;Campolongo;;AN;20/11/1866;;;Stato estero;;
1866;VI;024;024024;B835;Carrè;;AN;20/11/1866;;;Stato estero;;
1866;VI;024;024025;B844;Cartigliano;;AN;20/11/1866;;;Stato estero;;
1866;VI;024;024026;C037;Cassola;;AN;20/11/1866;;;Stato estero;;
1866;VI;024;024027;C056;Castegnero;;AN;20/11/1866;;;Stato estero;;
1866;VI;024;024028;C119;Castelgomberto;;AN;20/11/1866;;;Stato estero;;
1866;VI;024;024029;C605;Chiampo;;AN;20/11/1866;;;Stato estero;;
1866;VI;024;024031;C734;Cismon;;AN;20/11/1866;;;Stato estero;;
1866;VI;024;024032;C824;Cogollo;;AN;20/11/1866;;;Stato estero;;
1866;VI;024;024033;C949;Conco;;AN;20/11/1866;;;Stato estero;;
1866;VI;024;024034;D020;Cornedo;;AN;20/11/1866;;;Stato estero;;
1866;VI;024;024035;D107;Costabissara;;AN;20/11/1866;;;Stato estero;;
1866;VI;024;024036;D136;Creazzo;;AN;20/11/1866;;;Stato estero;;
1866;VI;024;024037;D156;Crespadoro;;AN;20/11/1866;;;Stato estero;;
1866;VI;024;024038;D379;Dueville;;AN;20/11/1866;;;Stato estero;;
1866;VI;024;024039;D407;Enego;;AN;20/11/1866;;;Stato estero;;
1866;VI;024;024040;D496;Fara Vicentino;;AN;20/11/1866;;;Stato estero;;
1866;VI;024;024041;D750;Foza;;AN;20/11/1866;;;Stato estero;;
1866;VI;024;024042;D882;Gallio;;AN;20/11/1866;;;Stato estero;;
1866;VI;024;024043;D897;Gambellara;;AN;20/11/1866;;;Stato estero;;
1866;VI;024;024044;D902;Gambugliano;;AN;20/11/1866;;;Stato estero;;
1866;VI;024;024045;E138;Grancona;;AN;20/11/1866;;;Stato estero;;
1866;VI;024;024046;E184;Grisignano;;AN;20/11/1866;;;Stato estero;;
1866;VI;024;024047;E226;Grumolo delle Abbadesse;;AN;20/11/1866;;;Stato estero;;
1866;VI;024;024048;E354;Isola di Malo;;AN;20/11/1866;;;Stato estero;;
1866;VI;024;024049;E403;Laghi;;AN;20/11/1866;;;Stato estero;;
1866;VI;024;024050;E465;Lastebasse;;AN;20/11/1866;;;Stato estero;;
1866;VI;024;024051;E671;Longare;;AN;20/11/1866;;;Stato estero;;
1866;VI;024;024052;E682;Lonigo;;AN;20/11/1866;;;Stato estero;;
1866;VI;024;024053;E731;Lugo;;AN;20/11/1866;;;Stato estero;;
1866;VI;024;024054;E762;Lusiana;;AN;20/11/1866;;;Stato estero;;
1866;VI;024;024055;E864;Malo;;AN;20/11/1866;;;Stato estero;;
1866;VI;024;024056;E912;Marano;;AN;20/11/1866;;;Stato estero;;
1866;VI;024;024057;E970;Marostica;;AN;20/11/1866;;;Stato estero;;
1866;VI;024;024058;F019;Mason;;AN;20/11/1866;;;Stato estero;;
1866;VI;024;024059;F306;Molvena;;AN;20/11/1866;;;Stato estero;;
1866;VI;024;024060;F442;Montebello;;AN;20/11/1866;;;Stato estero;;
1866;VI;024;024061;F464;Montecchio Maggiore;;AN;20/11/1866;;;Stato estero;;
1866;VI;024;024062;F465;Montecchio Precalcino;;AN;20/11/1866;;;Stato estero;;
1866;VI;024;024063;F486;Monte di Malo;;AN;20/11/1866;;;Stato estero;;
1866;VI;024;024064;F514;Montegalda;;AN;20/11/1866;;;Stato estero;;
1866;VI;024;024065;F515;Montegaldella;;AN;20/11/1866;;;Stato estero;;
1866;VI;024;024067;F675;Monticello Conte Otto;;AN;20/11/1866;;;Stato estero;;
1866;VI;024;024068;F696;Montorso Vicentino;;AN;20/11/1866;;;Stato estero;;
1866;VI;024;024069;F768;Mossano;;AN;20/11/1866;;;Stato estero;;
1866;VI;024;024070;F829;Mussolente;;AN;20/11/1866;;;Stato estero;;
1866;VI;024;024071;F838;Nanto;;AN;20/11/1866;;;Stato estero;;
1866;VI;024;024072;F922;Nogarole;;AN;20/11/1866;;;Stato estero;;
1866;VI;024;024073;F957;Nove;;AN;20/11/1866;;;Stato estero;;
1866;VI;024;024074;F964;Noventa Vicentina;;AN;20/11/1866;;;Stato estero;;
1866;VI;024;024075;G095;Orgiano;;AN;20/11/1866;;;Stato estero;;
1866;VI;024;024077;G560;Pianezze;;AN;20/11/1866;;;Stato estero;;
1866;VI;024;024078;G694;Piovene;;AN;20/11/1866;;;Stato estero;;
1866;VI;024;024079;G776;Pojana Maggiore;;AN;20/11/1866;;;Stato estero;;
1866;VI;024;024080;G931;Posina;;AN;20/11/1866;;;Stato estero;;
1866;VI;024;024081;G943;Pove;;AN;20/11/1866;;;Stato estero;;
1866;VI;024;024082;G957;Pozzo;;AN;20/11/1866;;;Stato estero;;
1866;VI;024;024083;H134;Quinto;;AN;20/11/1866;;;Stato estero;;
1866;VI;024;024084;H214;Recoaro;;AN;20/11/1866;;;Stato estero;;
1866;VI;024;024085;H361;Roana;;AN;20/11/1866;;;Stato estero;;
1866;VI;024;024086;H512;Romano;;AN;20/11/1866;;;Stato estero;;
1866;VI;024;024087;H556;Rosà;;AN;20/11/1866;;;Stato estero;;
1866;VI;024;024088;H580;Rossano;;AN;20/11/1866;;;Stato estero;;
1866;VI;024;024089;H594;Rotzo;;AN;20/11/1866;;;Stato estero;;
1866;VI;024;024090;F810;Mure;;AN;20/11/1866;;;Stato estero;;
1866;VI;024;024091;H829;Sandrigo;;AN;20/11/1866;;;Stato estero;;
1866;VI;024;024092;H863;San Germano;;AN;20/11/1866;;;Stato estero;;
1866;VI;024;024093;I047;San Nazario;;AN;20/11/1866;;;Stato estero;;
1866;VI;024;024094;I117;San Pietro Mussolino;;AN;20/11/1866;;;Stato estero;;
1866;VI;024;024095;I353;Santorso;;AN;20/11/1866;;;Stato estero;;
1866;VI;024;024096;I401;San Vito;;AN;20/11/1866;;;Stato estero;;
1866;VI;024;024097;I425;Sarcedo;;AN;20/11/1866;;;Stato estero;;
1866;VI;024;024098;I430;Sarego;;AN;20/11/1866;;;Stato estero;;
1866;VI;024;024099;I527;Schiavon;;AN;20/11/1866;;;Stato estero;;
1866;VI;024;024100;I531;Schio;;AN;20/11/1866;;;Stato estero;;
1866;VI;024;024101;I783;Solagna;;AN;20/11/1866;;;Stato estero;;
1866;VI;024;024102;I867;Sossano;;AN;20/11/1866;;;Stato estero;;
1866;VI;024;024103;I879;Sovizzo;;AN;20/11/1866;;;Stato estero;;
1866;VI;024;024104;L156;Tezze;;AN;20/11/1866;;;Stato estero;;
1866;VI;024;024105;L157;Thiene;;AN;20/11/1866;;;Stato estero;;
1866;VI;024;024106;D717;Forni;;AN;20/11/1866;;;Stato estero;;
1866;VI;024;024107;L248;Torrebelvicino;;AN;20/11/1866;;;Stato estero;;
1866;VI;024;024108;L297;Torri di Quartesolo;;AN;20/11/1866;;;Stato estero;;
1866;VI;024;024109;L394;Tretto;;AN;20/11/1866;;;Stato estero;;
1866;VI;024;024110;L433;Trissino;;AN;20/11/1866;;;Stato estero;;
1866;VI;024;024111;L551;Valdagno;;AN;20/11/1866;;;Stato estero;;
1866;VI;024;024113;L624;Valli dei Signori;;AN;20/11/1866;;;Stato estero;;
1866;VI;024;024114;L650;Valstagna;;AN;20/11/1866;;;Stato estero;;
1866;VI;024;024115;L723;Velo;;AN;20/11/1866;;;Stato estero;;
1866;VI;024;024116;L840;Vicenza;;AN;20/11/1866;;;Stato estero;;
1866;VI;024;024117;L952;Villaga;;AN;20/11/1866;;;Stato estero;;
1866;VI;024;024118;M032;Villaverla;;AN;20/11/1866;;;Stato estero;;
1866;VI;024;024119;M145;Zanè;;AN;20/11/1866;;;Stato estero;;
1866;VI;024;024120;M170;Zermeghedo;;AN;20/11/1866;;;Stato estero;;
1866;VI;024;024121;M194;Zovencedo;;AN;20/11/1866;;;Stato estero;;
1866;VI;024;024122;M199;Zugliano;;AN;20/11/1866;;;Stato estero;;
1866;VI;024;024802;D183;Crosara;;AN;20/11/1866;;;Stato estero;;
1866;VI;024;024804;E828;Magrè;;AN;20/11/1866;;;Stato estero;;
1866;VI;024;024805;F946;Novale;;AN;20/11/1866;;;Stato estero;;
1866;VI;024;024806;L387;Treschè Conca;;AN;20/11/1866;;;Stato estero;;
1866;VI;024;024807;L630;Vallonara;;AN;20/11/1866;;;Stato estero;;
1866;VI;024;024808;L646;Valrovina;;AN;20/11/1866;;;Stato estero;;
1866;VI;024;024809;H916;San Giovanni Ilarione;;AN;20/11/1866;;;Stato estero;;
1866;BL;025;025001;A083;Agordo;;AN;20/11/1866;;;Stato estero;;
1866;BL;025;025002;A121;Alano;;AN;20/11/1866;;;Stato estero;;
1866;BL;025;025003;A206;Alleghe;;AN;20/11/1866;;;Stato estero;;
1866;BL;025;025004;A443;Arsiè;;AN;20/11/1866;;;Stato estero;;
1866;BL;025;025005;A501;Auronzo;;AN;20/11/1866;;;Stato estero;;
1866;BL;025;025006;A757;Belluno;;AN;20/11/1866;;;Stato estero;;
1866;BL;025;025007;A982;Borca;;AN;20/11/1866;;;Stato estero;;
1866;BL;025;025008;B375;Calalzo;;AN;20/11/1866;;;Stato estero;;
1866;BL;025;025009;C146;Castellavazzo;;AN;20/11/1866;;;Stato estero;;
1866;BL;025;025010;C458;Cencenighe;;AN;20/11/1866;;;Stato estero;;
1866;BL;025;025011;C577;Cesio;;AN;20/11/1866;;;Stato estero;;
1866;BL;025;025012;C630;Chies d'Alpago;;AN;20/11/1866;;;Stato estero;;
1866;BL;025;025013;C672;Cibiana;;AN;20/11/1866;;;Stato estero;;
1866;BL;025;025015;C920;Comelico Superiore;;AN;20/11/1866;;;Stato estero;;
1866;BL;025;025017;D247;Danta;;AN;20/11/1866;;;Stato estero;;
1866;BL;025;025018;D330;Domegge;;AN;20/11/1866;;;Stato estero;;
1866;BL;025;025019;D470;Falcade;;AN;20/11/1866;;;Stato estero;;
1866;BL;025;025020;D506;Farra d'Alpago;;AN;20/11/1866;;;Stato estero;;
1866;BL;025;025021;D530;Feltre;;AN;20/11/1866;;;Stato estero;;
1866;BL;025;025022;D686;Fonzaso;;AN;20/11/1866;;;Stato estero;;
1866;BL;025;025023;B574;Forno di Canale;;AN;20/11/1866;;;Stato estero;;
1866;BL;025;025024;D726;Forno di Zoldo;;AN;20/11/1866;;;Stato estero;;
1866;BL;025;025025;E113;Gosaldo;;AN;20/11/1866;;;Stato estero;;
1866;BL;025;025026;E429;Lamon;;AN;20/11/1866;;;Stato estero;;
1866;BL;025;025027;E490;La Valle;;AN;20/11/1866;;;Stato estero;;
1866;BL;025;025028;C562;Cesana;;AN;20/11/1866;;;Stato estero;;
1866;BL;025;025029;E588;Limana;;AN;20/11/1866;;;Stato estero;;
1866;BL;025;025031;E672;Longarone;;AN;20/11/1866;;;Stato estero;;
1866;BL;025;025032;E687;Lorenzago;;AN;20/11/1866;;;Stato estero;;
1866;BL;025;025033;E708;Lozzo;;AN;20/11/1866;;;Stato estero;;
1866;BL;025;025034;F094;Mel;;AN;20/11/1866;;;Stato estero;;
1866;BL;025;025035;G169;Ospitale;;AN;20/11/1866;;;Stato estero;;
1866;BL;025;025036;G404;Pedavena;;AN;20/11/1866;;;Stato estero;;
1866;BL;025;025037;G442;Perarolo;;AN;20/11/1866;;;Stato estero;;
1866;BL;025;025038;G638;Pieve d'Alpago;;AN;20/11/1866;;;Stato estero;;
1866;BL;025;025039;G642;Pieve di Cadore;;AN;20/11/1866;;;Stato estero;;
1866;BL;025;025040;B662;Capodimonte;;AN;20/11/1866;;;Stato estero;;
1866;BL;025;025041;H092;Puos d'Alpago;;AN;20/11/1866;;;Stato estero;;
1866;BL;025;025042;H124;Quero;;AN;20/11/1866;;;Stato estero;;
1866;BL;025;025043;H327;Riva;;AN;20/11/1866;;;Stato estero;;
1866;BL;025;025044;H379;Rocca;;AN;20/11/1866;;;Stato estero;;
1866;BL;025;025045;H938;San Gregorio;;AN;20/11/1866;;;Stato estero;;
1866;BL;025;025046;I063;San Nicolò;;AN;20/11/1866;;;Stato estero;;
1866;BL;025;025047;I088;San Pietro;;AN;20/11/1866;;;Stato estero;;
1866;BL;025;025048;I206;Santa Giustina;;AN;20/11/1866;;;Stato estero;;
1866;BL;025;025049;I347;San Tomaso;;AN;20/11/1866;;;Stato estero;;
1866;BL;025;025050;C919;Comelico Inferiore;;AN;20/11/1866;;;Stato estero;;
1866;BL;025;025051;I392;San Vito;;AN;20/11/1866;;;Stato estero;;
1866;BL;025;025052;I421;Sappada;;AN;20/11/1866;;;Stato estero;;
1866;BL;025;025053;I563;Sedico;;AN;20/11/1866;;;Stato estero;;
1866;BL;025;025054;I592;Selva Bellunese;;AN;20/11/1866;;;Stato estero;;
1866;BL;025;025055;I626;Seren;;AN;20/11/1866;;;Stato estero;;
1866;BL;025;025056;I866;Sospirolo;;AN;20/11/1866;;;Stato estero;;
1866;BL;025;025057;I876;Soverzene;;AN;20/11/1866;;;Stato estero;;
1866;BL;025;025058;I673;Servo;;AN;20/11/1866;;;Stato estero;;
1866;BL;025;025059;L030;Taibon;;AN;20/11/1866;;;Stato estero;;
1866;BL;025;025060;L040;Tambre;;AN;20/11/1866;;;Stato estero;;
1866;BL;025;025061;L422;Trichiana;;AN;20/11/1866;;;Stato estero;;
1866;BL;025;025062;L584;Vallada;;AN;20/11/1866;;;Stato estero;;
1866;BL;025;025063;L590;Valle;;AN;20/11/1866;;;Stato estero;;
1866;BL;025;025064;L692;Vas;;AN;20/11/1866;;;Stato estero;;
1866;BL;025;025065;L890;Vigo;;AN;20/11/1866;;;Stato estero;;
1866;BL;025;025066;M108;Vodo Cadore;;AN;20/11/1866;;;Stato estero;;
1866;BL;025;025067;M124;Voltago;;AN;20/11/1866;;;Stato estero;;
1866;BL;025;025068;I345;San Tiziano di Goimna;;AN;20/11/1866;;;Stato estero;;
1866;BL;025;025069;M189;Zoppè;;AN;20/11/1866;;;Stato estero;;
1866;TV;026;026001;A237;Altivole;;AN;20/11/1866;;;Stato estero;;
1866;TV;026;026002;A360;Arcade;;AN;20/11/1866;;;Stato estero;;
1866;TV;026;026003;A471;Asolo;;AN;20/11/1866;;;Stato estero;;
1866;TV;026;026004;B061;Borso;;AN;20/11/1866;;;Stato estero;;
1866;TV;026;026005;B128;Breda;;AN;20/11/1866;;;Stato estero;;
1866;TV;026;026006;B349;Caerano;;AN;20/11/1866;;;Stato estero;;
1866;TV;026;026007;B678;Cappella;;AN;20/11/1866;;;Stato estero;;
1866;TV;026;026008;B744;Carbonera;;AN;20/11/1866;;;Stato estero;;
1866;TV;026;026009;B879;Casale;;AN;20/11/1866;;;Stato estero;;
1866;TV;026;026010;B965;Casier;;AN;20/11/1866;;;Stato estero;;
1866;TV;026;026011;C073;Castelcucco;;AN;20/11/1866;;;Stato estero;;
1866;TV;026;026012;C111;Castelfranco;;AN;20/11/1866;;;Stato estero;;
1866;TV;026;026013;C190;Godego;;AN;20/11/1866;;;Stato estero;;
1866;TV;026;026014;C384;Cavaso;;AN;20/11/1866;;;Stato estero;;
1866;TV;026;026015;C580;Cessalto;;AN;20/11/1866;;;Stato estero;;
1866;TV;026;026016;C614;Chiarano;;AN;20/11/1866;;;Stato estero;;
1866;TV;026;026017;C689;Cimadolmo;;AN;20/11/1866;;;Stato estero;;
1866;TV;026;026018;C735;Cison;;AN;20/11/1866;;;Stato estero;;
1866;TV;026;026019;C815;Codognè;;AN;20/11/1866;;;Stato estero;;
1866;TV;026;026020;C848;Colle;;AN;20/11/1866;;;Stato estero;;
1866;TV;026;026021;C957;Conegliano;;AN;20/11/1866;;;Stato estero;;
1866;TV;026;026022;C992;Cordignano;;AN;20/11/1866;;;Stato estero;;
1866;TV;026;026023;D030;Cornuda;;AN;20/11/1866;;;Stato estero;;
1866;TV;026;026024;D157;Crespano;;AN;20/11/1866;;;Stato estero;;
1866;TV;026;026026;D505;Farra;;AN;20/11/1866;;;Stato estero;;
1866;TV;026;026027;D654;Follina;;AN;20/11/1866;;;Stato estero;;
1866;TV;026;026028;D674;Fontanelle;;AN;20/11/1866;;;Stato estero;;
1866;TV;026;026029;D680;Fonte;;AN;20/11/1866;;;Stato estero;;
1866;TV;026;026030;D794;Fregona;;AN;20/11/1866;;;Stato estero;;
1866;TV;026;026031;D854;Gaiarine;;AN;20/11/1866;;;Stato estero;;
1866;TV;026;026033;E071;Godega;;AN;20/11/1866;;;Stato estero;;
1866;TV;026;026034;E092;Gorgo;;AN;20/11/1866;;;Stato estero;;
1866;TV;026;026035;E373;Istrana;;AN;20/11/1866;;;Stato estero;;
1866;TV;026;026036;E692;Loria;;AN;20/11/1866;;;Stato estero;;
1866;TV;026;026037;E893;Mansuè;;AN;20/11/1866;;;Stato estero;;
1866;TV;026;026038;E940;Mareno;;AN;20/11/1866;;;Stato estero;;
1866;TV;026;026039;F009;Maser;;AN;20/11/1866;;;Stato estero;;
1866;TV;026;026040;F012;Maserada;;AN;20/11/1866;;;Stato estero;;
1866;TV;026;026041;F088;Meduna;;AN;20/11/1866;;;Stato estero;;
1866;TV;026;026042;F190;Miane;;AN;20/11/1866;;;Stato estero;;
1866;TV;026;026043;F269;Mogliano;;AN;20/11/1866;;;Stato estero;;
1866;TV;026;026044;F332;Monastier;;AN;20/11/1866;;;Stato estero;;
1866;TV;026;026045;F360;Monfumo;;AN;20/11/1866;;;Stato estero;;
1866;TV;026;026046;F443;Montebelluna;;AN;20/11/1866;;;Stato estero;;
1866;TV;026;026047;F725;Morgano;;AN;20/11/1866;;;Stato estero;;
1866;TV;026;026048;F729;Moriago;;AN;20/11/1866;;;Stato estero;;
1866;TV;026;026049;F770;Motta;;AN;20/11/1866;;;Stato estero;;
1866;TV;026;026050;F872;Nervesa;;AN;20/11/1866;;;Stato estero;;
1866;TV;026;026051;F999;Oderzo;;AN;20/11/1866;;;Stato estero;;
1866;TV;026;026052;G115;Ormelle;;AN;20/11/1866;;;Stato estero;;
1866;TV;026;026053;G123;Orsago;;AN;20/11/1866;;;Stato estero;;
1866;TV;026;026054;G221;Paderno;;AN;20/11/1866;;;Stato estero;;
1866;TV;026;026055;G229;Paese;;AN;20/11/1866;;;Stato estero;;
1866;TV;026;026056;G408;Pederobba;;AN;20/11/1866;;;Stato estero;;
1866;TV;026;026057;G645;Pieve di Soligo;;AN;20/11/1866;;;Stato estero;;
1866;TV;026;026058;G846;Ponte di Piave;;AN;20/11/1866;;;Stato estero;;
1866;TV;026;026059;G875;Ponzano;;AN;20/11/1866;;;Stato estero;;
1866;TV;026;026060;G909;Portobuffolè;;AN;20/11/1866;;;Stato estero;;
1866;TV;026;026061;G933;Possagno;;AN;20/11/1866;;;Stato estero;;
1866;TV;026;026062;G944;Povegliano;;AN;20/11/1866;;;Stato estero;;
1866;TV;026;026063;H022;Preganziol;;AN;20/11/1866;;;Stato estero;;
1866;TV;026;026064;H131;Quinto;;AN;20/11/1866;;;Stato estero;;
1866;TV;026;026065;H220;Refrontolo;;AN;20/11/1866;;;Stato estero;;
1866;TV;026;026066;H238;Resana;;AN;20/11/1866;;;Stato estero;;
1866;TV;026;026068;H280;Riese;;AN;20/11/1866;;;Stato estero;;
1866;TV;026;026069;H523;Roncade;;AN;20/11/1866;;;Stato estero;;
1866;TV;026;026070;H706;Salgareda;;AN;20/11/1866;;;Stato estero;;
1866;TV;026;026071;H781;San Biagio di Callalta;;AN;20/11/1866;;;Stato estero;;
1866;TV;026;026072;H843;San Fior;;AN;20/11/1866;;;Stato estero;;
1866;TV;026;026073;I103;San Pietro di Feletto;;AN;20/11/1866;;;Stato estero;;
1866;TV;026;026074;I124;San Polo;;AN;20/11/1866;;;Stato estero;;
1866;TV;026;026075;I221;Santa Lucia;;AN;20/11/1866;;;Stato estero;;
1866;TV;026;026076;I382;San Vendemiano;;AN;20/11/1866;;;Stato estero;;
1866;TV;026;026077;I417;San Zenone;;AN;20/11/1866;;;Stato estero;;
1866;TV;026;026078;I435;Sarmede;;AN;20/11/1866;;;Stato estero;;
1866;TV;026;026079;I578;Segusino;;AN;20/11/1866;;;Stato estero;;
1866;TV;026;026080;I635;Sernaglia;;AN;20/11/1866;;;Stato estero;;
1866;TV;026;026081;F116;Melma;;AN;20/11/1866;;;Stato estero;;
1866;TV;026;026082;I927;Spresiano;;AN;20/11/1866;;;Stato estero;;
1866;TV;026;026083;L014;Susegana;;AN;20/11/1866;;;Stato estero;;
1866;TV;026;026084;L058;Tarzo;;AN;20/11/1866;;;Stato estero;;
1866;TV;026;026085;L402;Trevignano;;AN;20/11/1866;;;Stato estero;;
1866;TV;026;026086;L407;Treviso;;AN;20/11/1866;;;Stato estero;;
1866;TV;026;026087;L565;Valdobbiadene;;AN;20/11/1866;;;Stato estero;;
1866;TV;026;026088;L700;Vazzola;;AN;20/11/1866;;;Stato estero;;
1866;TV;026;026089;L706;Vedelago;;AN;20/11/1866;;;Stato estero;;
1866;TV;026;026090;L856;Vidor;;AN;20/11/1866;;;Stato estero;;
1866;TV;026;026091;M048;Villorba;;AN;20/11/1866;;;Stato estero;;
1866;TV;026;026093;M118;Volpago;;AN;20/11/1866;;;Stato estero;;
1866;TV;026;026094;M163;Zenson di Piave;;AN;20/11/1866;;;Stato estero;;
1866;TV;026;026095;M171;Zero Branco;;AN;20/11/1866;;;Stato estero;;
1866;TV;026;026801;C460;Ceneda;;AN;20/11/1866;;;Stato estero;;
1866;TV;026;026802;G578;Piavon;;AN;20/11/1866;;;Stato estero;;
1866;TV;026;026803;H252;Revine;;AN;20/11/1866;;;Stato estero;;
1866;TV;026;026804;E408;Lago;;AN;20/11/1866;;;Stato estero;;
1866;TV;026;026805;I101;San Pietro di Barbozza;;AN;20/11/1866;;;Stato estero;;
1866;TV;026;026806;A136;Albaredo;;AN;20/11/1866;;;Stato estero;;
1866;TV;026;026807;I664;Serravalle;;AN;20/11/1866;;;Stato estero;;
1866;TV;026;026808;I890;Spercenigo;;AN;20/11/1866;;;Stato estero;;
1866;VE;027;027001;A302;Annone;;AN;20/11/1866;;;Stato estero;;
1866;VE;027;027002;B493;Campagna;;AN;20/11/1866;;;Stato estero;;
1866;VE;027;027003;B546;Campolongo;;AN;20/11/1866;;;Stato estero;;
1866;VE;027;027004;B554;Camponogara;;AN;20/11/1866;;;Stato estero;;
1866;VE;027;027005;B642;Caorle;;AN;20/11/1866;;;Stato estero;;
1866;VE;027;027006;C383;Cavarzere;;AN;20/11/1866;;;Stato estero;;
1866;VE;027;027007;C422;Ceggia;;AN;20/11/1866;;;Stato estero;;
1866;VE;027;027008;C638;Chioggia;;AN;20/11/1866;;;Stato estero;;
1866;VE;027;027009;C714;Cinto;;AN;20/11/1866;;;Stato estero;;
1866;VE;027;027010;C938;Cona;;AN;20/11/1866;;;Stato estero;;
1866;VE;027;027011;C950;Concordia;;AN;20/11/1866;;;Stato estero;;
1866;VE;027;027012;D325;Dolo;;AN;20/11/1866;;;Stato estero;;
1866;VE;027;027013;D415;Grisolera;;AN;20/11/1866;;;Stato estero;;
1866;VE;027;027014;D578;Fiesso;;AN;20/11/1866;;;Stato estero;;
1866;VE;027;027015;D740;Fossalta;;AN;20/11/1866;;;Stato estero;;
1866;VE;027;027016;D741;Fossalta;;AN;20/11/1866;;;Stato estero;;
1866;VE;027;027017;D748;Fossò;;AN;20/11/1866;;;Stato estero;;
1866;VE;027;027018;E215;Gruaro;;AN;20/11/1866;;;Stato estero;;
1866;VE;027;027019;C388;Cavazuccherina;;AN;20/11/1866;;;Stato estero;;
1866;VE;027;027020;E936;Marcon;;AN;20/11/1866;;;Stato estero;;
1866;VE;027;027021;E980;Martellago;;AN;20/11/1866;;;Stato estero;;
1866;VE;027;027022;F130;Meolo;;AN;20/11/1866;;;Stato estero;;
1866;VE;027;027023;F229;Mira;;AN;20/11/1866;;;Stato estero;;
1866;VE;027;027024;F241;Mirano;;AN;20/11/1866;;;Stato estero;;
1866;VE;027;027025;F826;Musile;;AN;20/11/1866;;;Stato estero;;
1866;VE;027;027026;F904;Noale;;AN;20/11/1866;;;Stato estero;;
1866;VE;027;027027;F963;Noventa;;AN;20/11/1866;;;Stato estero;;
1866;VE;027;027028;G565;Pianiga;;AN;20/11/1866;;;Stato estero;;
1866;VE;027;027029;G914;Portogruaro;;AN;20/11/1866;;;Stato estero;;
1866;VE;027;027030;G981;Pramaggiore;;AN;20/11/1866;;;Stato estero;;
1866;VE;027;027031;H117;San Michele del Quarto;;AN;20/11/1866;;;Stato estero;;
1866;VE;027;027032;H735;Salzano;;AN;20/11/1866;;;Stato estero;;
1866;VE;027;027033;H823;San Donà di Piave;;AN;20/11/1866;;;Stato estero;;
1866;VE;027;027034;I040;San Michele;;AN;20/11/1866;;;Stato estero;;
1866;VE;027;027035;I242;Santa Maria di Sala;;AN;20/11/1866;;;Stato estero;;
1866;VE;027;027036;I373;San Stino di Livenza;;AN;20/11/1866;;;Stato estero;;
1866;VE;027;027037;I551;Scorzè;;AN;20/11/1866;;;Stato estero;;
1866;VE;027;027038;I908;Spinea;;AN;20/11/1866;;;Stato estero;;
1866;VE;027;027039;I965;Stra;;AN;20/11/1866;;;Stato estero;;
1866;VE;027;027040;L085;Teglio;;AN;20/11/1866;;;Stato estero;;
1866;VE;027;027041;L267;Torre di Mosto;;AN;20/11/1866;;;Stato estero;;
1866;VE;027;027042;L736;Venezia;;AN;20/11/1866;;;Stato estero;;
1866;VE;027;027043;L899;Vigonovo;;AN;20/11/1866;;;Stato estero;;
1866;VE;027;027801;B273;Burano;;AN;20/11/1866;;;Stato estero;;
1866;VE;027;027802;C647;Chirignago;;AN;20/11/1866;;;Stato estero;;
1866;VE;027;027803;D515;Favaro;;AN;20/11/1866;;;Stato estero;;
1866;VE;027;027804;E845;Malamocco;;AN;20/11/1866;;;Stato estero;;
1866;VE;027;027805;F159;Mestre;;AN;20/11/1866;;;Stato estero;;
1866;VE;027;027806;F807;Murano;;AN;20/11/1866;;;Stato estero;;
1866;VE;027;027807;G425;Pellestrina;;AN;20/11/1866;;;Stato estero;;
1866;VE;027;027808;M154;Zelarino;;AN;20/11/1866;;;Stato estero;;
1866;VE;027;027809;D893;Gambarare;;AN;20/11/1866;;;Stato estero;;
1866;VE;027;027810;ND;Oriago;;AN;20/11/1866;;;Stato estero;;
1866;PD;028;028001;A001;Abano;;AN;20/11/1866;;;Stato estero;;
1866;PD;028;028002;A075;Agna;;AN;20/11/1866;;;Stato estero;;
1866;PD;028;028003;A161;Albignasego;;AN;20/11/1866;;;Stato estero;;
1866;PD;028;028004;A296;Anguillara;;AN;20/11/1866;;;Stato estero;;
1866;PD;028;028005;A434;Arquà;;AN;20/11/1866;;;Stato estero;;
1866;PD;028;028006;A438;Arre;;AN;20/11/1866;;;Stato estero;;
1866;PD;028;028007;A458;Arzergrande;;AN;20/11/1866;;;Stato estero;;
1866;PD;028;028008;A568;Bagnoli;;AN;20/11/1866;;;Stato estero;;
1866;PD;028;028009;A613;Baone;;AN;20/11/1866;;;Stato estero;;
1866;PD;028;028010;A637;Barbona;;AN;20/11/1866;;;Stato estero;;
1866;PD;028;028011;A714;Battaglia;;AN;20/11/1866;;;Stato estero;;
1866;PD;028;028012;A906;Boara;;AN;20/11/1866;;;Stato estero;;
1866;PD;028;028013;B031;Sant'Eufemia;;AN;20/11/1866;;;Stato estero;;
1866;PD;028;028014;B106;Bovolenta;;AN;20/11/1866;;;Stato estero;;
1866;PD;028;028015;B213;Brugine;;AN;20/11/1866;;;Stato estero;;
1866;PD;028;028016;B345;Cadoneghe;;AN;20/11/1866;;;Stato estero;;
1866;PD;028;028017;B524;Campodarsego;;AN;20/11/1866;;;Stato estero;;
1866;PD;028;028018;B531;Campolongo;;AN;20/11/1866;;;Stato estero;;
1866;PD;028;028019;B563;Camposampiero;;AN;20/11/1866;;;Stato estero;;
1866;PD;028;028020;B564;Campo San Martino;;AN;20/11/1866;;;Stato estero;;
1866;PD;028;028021;B589;Pontecasale;;AN;20/11/1866;;;Stato estero;;
1866;PD;028;028022;B749;Carceri;;AN;20/11/1866;;;Stato estero;;
1866;PD;028;028023;B795;Carmignano;;AN;20/11/1866;;;Stato estero;;
1866;PD;028;028024;B833;Carrara San Giorgio;;AN;20/11/1866;;;Stato estero;;
1866;PD;028;028025;B834;Carrara Santo Stefano;;AN;20/11/1866;;;Stato estero;;
1866;PD;028;028026;B848;Cartura;;AN;20/11/1866;;;Stato estero;;
1866;PD;028;028027;B877;Casale;;AN;20/11/1866;;;Stato estero;;
1866;PD;028;028028;B912;Casal Serugo;;AN;20/11/1866;;;Stato estero;;
1866;PD;028;028029;C057;Castelbaldo;;AN;20/11/1866;;;Stato estero;;
1866;PD;028;028030;C544;Cervarese Santa Croce;;AN;20/11/1866;;;Stato estero;;
1866;PD;028;028031;C713;Cinto;;AN;20/11/1866;;;Stato estero;;
1866;PD;028;028032;C743;Cittadella;;AN;20/11/1866;;;Stato estero;;
1866;PD;028;028033;C812;Codevigo;;AN;20/11/1866;;;Stato estero;;
1866;PD;028;028034;C964;Conselve;;AN;20/11/1866;;;Stato estero;;
1866;PD;028;028035;D040;Correzzola;;AN;20/11/1866;;;Stato estero;;
1866;PD;028;028036;D226;Curtarolo;;AN;20/11/1866;;;Stato estero;;
1866;PD;028;028037;D442;Este;;AN;20/11/1866;;;Stato estero;;
1866;PD;028;028038;D679;Fontaniva;;AN;20/11/1866;;;Stato estero;;
1866;PD;028;028039;D879;Galliera;;AN;20/11/1866;;;Stato estero;;
1866;PD;028;028040;D889;Galzignano;;AN;20/11/1866;;;Stato estero;;
1866;PD;028;028041;D956;Gazzo;;AN;20/11/1866;;;Stato estero;;
1866;PD;028;028042;E145;Grantorto;;AN;20/11/1866;;;Stato estero;;
1866;PD;028;028044;E515;Legnaro;;AN;20/11/1866;;;Stato estero;;
1866;PD;028;028045;E592;Limena;;AN;20/11/1866;;;Stato estero;;
1866;PD;028;028046;E684;Loreggia;;AN;20/11/1866;;;Stato estero;;
1866;PD;028;028047;E709;Lozzo;;AN;20/11/1866;;;Stato estero;;
1866;PD;028;028048;F011;Maserà;;AN;20/11/1866;;;Stato estero;;
1866;PD;028;028049;F013;Masi;;AN;20/11/1866;;;Stato estero;;
1866;PD;028;028050;F033;Massanzago;;AN;20/11/1866;;;Stato estero;;
1866;PD;028;028051;F091;Megliadino San Fidenzio;;AN;20/11/1866;;;Stato estero;;
1866;PD;028;028052;F092;Megliadino San Vitale;;AN;20/11/1866;;;Stato estero;;
1866;PD;028;028053;F148;Merlara;;AN;20/11/1866;;;Stato estero;;
1866;PD;028;028054;F161;Mestrino;;AN;20/11/1866;;;Stato estero;;
1866;PD;028;028055;F382;Monselice;;AN;20/11/1866;;;Stato estero;;
1866;PD;028;028056;F394;Montagnana;;AN;20/11/1866;;;Stato estero;;
1866;PD;028;028058;F962;Noventa;;AN;20/11/1866;;;Stato estero;;
1866;PD;028;028059;G167;Ospedaletto;;AN;20/11/1866;;;Stato estero;;
1866;PD;028;028060;G224;Padova;;AN;20/11/1866;;;Stato estero;;
1866;PD;028;028061;G461;Pernumia;;AN;20/11/1866;;;Stato estero;;
1866;PD;028;028062;G534;Piacenza;;AN;20/11/1866;;;Stato estero;;
1866;PD;028;028063;G587;Piazzolo;;AN;20/11/1866;;;Stato estero;;
1866;PD;028;028064;G688;Piombino;;AN;20/11/1866;;;Stato estero;;
1866;PD;028;028065;G693;Piove di Sacco;;AN;20/11/1866;;;Stato estero;;
1866;PD;028;028066;G802;Polverara;;AN;20/11/1866;;;Stato estero;;
1866;PD;028;028067;G823;Ponso;;AN;20/11/1866;;;Stato estero;;
1866;PD;028;028068;G850;Pontelongo;;AN;20/11/1866;;;Stato estero;;
1866;PD;028;028069;G855;Ponte San Nicolò;;AN;20/11/1866;;;Stato estero;;
1866;PD;028;028070;G963;Pozzonovo;;AN;20/11/1866;;;Stato estero;;
1866;PD;028;028071;H622;Rovolon;;AN;20/11/1866;;;Stato estero;;
1866;PD;028;028072;H625;Rubano;;AN;20/11/1866;;;Stato estero;;
1866;PD;028;028073;H655;Saccolongo;;AN;20/11/1866;;;Stato estero;;
1866;PD;028;028074;H705;Saletto;;AN;20/11/1866;;;Stato estero;;
1866;PD;028;028075;H893;San Giorgio delle Pertiche;;AN;20/11/1866;;;Stato estero;;
1866;PD;028;028076;H897;San Giorgio in Bosco;;AN;20/11/1866;;;Stato estero;;
1866;PD;028;028077;I008;San Martino di Lupari;;AN;20/11/1866;;;Stato estero;;
1866;PD;028;028078;I107;San Pietro Engù;;AN;20/11/1866;;;Stato estero;;
1866;PD;028;028079;I120;San Pietro Viminario;;AN;20/11/1866;;;Stato estero;;
1866;PD;028;028080;I207;Santa Giustina in Colle;;AN;20/11/1866;;;Stato estero;;
1866;PD;028;028081;I226;Santa Margherita;;AN;20/11/1866;;;Stato estero;;
1866;PD;028;028082;I275;Sant'Angelo;;AN;20/11/1866;;;Stato estero;;
1866;PD;028;028083;I319;Sant'Elena;;AN;20/11/1866;;;Stato estero;;
1866;PD;028;028084;I375;Sant'Urbano;;AN;20/11/1866;;;Stato estero;;
1866;PD;028;028085;I418;Saonara;;AN;20/11/1866;;;Stato estero;;
1866;PD;028;028086;I595;Selvazzano Dentro;;AN;20/11/1866;;;Stato estero;;
1866;PD;028;028087;I799;Solesino;;AN;20/11/1866;;;Stato estero;;
1866;PD;028;028088;I938;Stanghella;;AN;20/11/1866;;;Stato estero;;
1866;PD;028;028089;L100;Teolo;;AN;20/11/1866;;;Stato estero;;
1866;PD;028;028090;L132;Terrassa;;AN;20/11/1866;;;Stato estero;;
1866;PD;028;028091;L199;Tombolo;;AN;20/11/1866;;;Stato estero;;
1866;PD;028;028092;L270;Torreglia;;AN;20/11/1866;;;Stato estero;;
1866;PD;028;028093;L349;Trebaseleghe;;AN;20/11/1866;;;Stato estero;;
1866;PD;028;028094;L414;Tribano;;AN;20/11/1866;;;Stato estero;;
1866;PD;028;028095;L497;Urbana;;AN;20/11/1866;;;Stato estero;;
1866;PD;028;028096;L710;Veggiano;;AN;20/11/1866;;;Stato estero;;
1866;PD;028;028097;L805;Vescovana;;AN;20/11/1866;;;Stato estero;;
1866;PD;028;028098;L878;Vighizzolo;;AN;20/11/1866;;;Stato estero;;
1866;PD;028;028099;L892;Vigodarzere;;AN;20/11/1866;;;Stato estero;;
1866;PD;028;028100;L900;Vigonza;;AN;20/11/1866;;;Stato estero;;
1866;PD;028;028101;L934;Villa del Conte;;AN;20/11/1866;;;Stato estero;;
1866;PD;028;028102;L937;Villa di Villa;;AN;20/11/1866;;;Stato estero;;
1866;PD;028;028103;L947;Villafranca;;AN;20/11/1866;;;Stato estero;;
1866;PD;028;028104;L979;Villanova;;AN;20/11/1866;;;Stato estero;;
1866;PD;028;028105;M103;Vo';;AN;20/11/1866;;;Stato estero;;
1866;PD;028;028801;I043;San Michele delle Badesse;;AN;20/11/1866;;;Stato estero;;
1866;RO;029;029001;A059;Adria;;AN;20/11/1866;;;Stato estero;;
1866;RO;029;029002;A400;Ariano;;AN;20/11/1866;;;Stato estero;;
1866;RO;029;029003;A435;Arquà;;AN;20/11/1866;;;Stato estero;;
1866;RO;029;029004;A539;Badia;;AN;20/11/1866;;;Stato estero;;
1866;RO;029;029005;A574;Bagnolo;;AN;20/11/1866;;;Stato estero;;
1866;RO;029;029006;A795;Bergantino;;AN;20/11/1866;;;Stato estero;;
1866;RO;029;029007;B069;Bosaro;;AN;20/11/1866;;;Stato estero;;
1866;RO;029;029008;B432;Calto;;AN;20/11/1866;;;Stato estero;;
1866;RO;029;029009;B578;Canaro;;AN;20/11/1866;;;Stato estero;;
1866;RO;029;029010;B582;Canda;;AN;20/11/1866;;;Stato estero;;
1866;RO;029;029011;C122;Castelguglielmo;;AN;20/11/1866;;;Stato estero;;
1866;RO;029;029013;C215;Castelnovo;;AN;20/11/1866;;;Stato estero;;
1866;RO;029;029014;C461;Ceneselli;;AN;20/11/1866;;;Stato estero;;
1866;RO;029;029015;C500;Ceregnano;;AN;20/11/1866;;;Stato estero;;
1866;RO;029;029016;C967;Contarina;;AN;20/11/1866;;;Stato estero;;
1866;RO;029;029017;C987;Corbola;;AN;20/11/1866;;;Stato estero;;
1866;RO;029;029018;D105;Costa;;AN;20/11/1866;;;Stato estero;;
1866;RO;029;029019;D161;Crespino;;AN;20/11/1866;;;Stato estero;;
1866;RO;029;029020;D337;Donada;;AN;20/11/1866;;;Stato estero;;
1866;RO;029;029021;D568;Ficarolo;;AN;20/11/1866;;;Stato estero;;
1866;RO;029;029022;D577;Fiesso;;AN;20/11/1866;;;Stato estero;;
1866;RO;029;029023;D776;Frassinelle;;AN;20/11/1866;;;Stato estero;;
1866;RO;029;029024;D788;Fratta;;AN;20/11/1866;;;Stato estero;;
1866;RO;029;029025;D855;Gaiba;;AN;20/11/1866;;;Stato estero;;
1866;RO;029;029026;D942;Gavello;;AN;20/11/1866;;;Stato estero;;
1866;RO;029;029027;E008;Giacciano con Baruchella;;AN;20/11/1866;;;Stato estero;;
1866;RO;029;029028;E240;Guarda Veneta;;AN;20/11/1866;;;Stato estero;;
1866;RO;029;029029;E522;Lendinara;;AN;20/11/1866;;;Stato estero;;
1866;RO;029;029030;E689;Loreo;;AN;20/11/1866;;;Stato estero;;
1866;RO;029;029031;E761;Lusia;;AN;20/11/1866;;;Stato estero;;
1866;RO;029;029032;F095;Melara;;AN;20/11/1866;;;Stato estero;;
1866;RO;029;029033;F994;Occhiobello;;AN;20/11/1866;;;Stato estero;;
1866;RO;029;029034;G323;Papozze;;AN;20/11/1866;;;Stato estero;;
1866;RO;029;029035;G525;Pettorazza Grimani;;AN;20/11/1866;;;Stato estero;;
1866;RO;029;029036;G673;Pincara;;AN;20/11/1866;;;Stato estero;;
1866;RO;029;029037;G782;Polesella;;AN;20/11/1866;;;Stato estero;;
1866;RO;029;029038;G836;Pontecchio;;AN;20/11/1866;;;Stato estero;;
1866;RO;029;029039;G923;San Niccolò;;AN;20/11/1866;;;Stato estero;;
1866;RO;029;029040;H573;Rosolina;;AN;20/11/1866;;;Stato estero;;
1866;RO;029;029041;H620;Rovigo;;AN;20/11/1866;;;Stato estero;;
1866;RO;029;029042;H689;Salara;;AN;20/11/1866;;;Stato estero;;
1866;RO;029;029043;H768;San Bellino;;AN;20/11/1866;;;Stato estero;;
1866;RO;029;029044;H996;San Martino;;AN;20/11/1866;;;Stato estero;;
1866;RO;029;029045;I953;Stienta;;AN;20/11/1866;;;Stato estero;;
1866;RO;029;029046;L026;Taglio di Po;;AN;20/11/1866;;;Stato estero;;
1866;RO;029;029047;L359;Trecenta;;AN;20/11/1866;;;Stato estero;;
1866;RO;029;029048;L939;Villadose;;AN;20/11/1866;;;Stato estero;;
1866;RO;029;029049;L967;Villamarzana;;AN;20/11/1866;;;Stato estero;;
1866;RO;029;029050;L985;Villanova del Ghebbo;;AN;20/11/1866;;;Stato estero;;
1866;RO;029;029051;L988;Villanova Marchesana;;AN;20/11/1866;;;Stato estero;;
1866;RO;029;029802;A907;Boara;;AN;20/11/1866;;;Stato estero;;
1866;RO;029;029803;B060;Borsea;;AN;20/11/1866;;;Stato estero;;
1866;RO;029;029804;B095;Bottrighe;;AN;20/11/1866;;;Stato estero;;
1866;RO;029;029805;B290;Buso;;AN;20/11/1866;;;Stato estero;;
1866;RO;029;029806;B348;Fasana;;AN;20/11/1866;;;Stato estero;;
1866;RO;029;029807;C942;Concadirame;;AN;20/11/1866;;;Stato estero;;
1866;RO;029;029808;D176;Crocetta;;AN;20/11/1866;;;Stato estero;;
1866;RO;029;029809;E176;Grignano;;AN;20/11/1866;;;Stato estero;;
1866;RO;029;029810;F036;Massa Superiore;;AN;20/11/1866;;;Stato estero;;
1866;RO;029;029811;H169;Ramo di Palo;;AN;20/11/1866;;;Stato estero;;
1866;RO;029;029812;H728;Salvaterra;;AN;20/11/1866;;;Stato estero;;
1866;RO;029;029813;I303;Sant'Apollinare;;AN;20/11/1866;;;Stato estero;;
1866;RO;029;029814;L918;Villabona;;AN;20/11/1866;;;Stato estero;;
1866;RO;029;029815;H667;Saguedo;;AN;20/11/1866;;;Stato estero;;
1866;UD;030;030002;A254;Amaro;;AN;20/11/1866;;;Stato estero;;
1866;UD;030;030003;A267;Ampezzo;;AN;20/11/1866;;;Stato estero;;
1866;UD;030;030004;A283;Andreis;;AN;20/11/1866;;;Stato estero;;
1866;UD;030;030006;A354;Arba;;AN;20/11/1866;;;Stato estero;;
1866;UD;030;030007;A447;Arta;;AN;20/11/1866;;;Stato estero;;
1866;UD;030;030008;A448;Artegna;;AN;20/11/1866;;;Stato estero;;
1866;UD;030;030009;A456;Arzene;;AN;20/11/1866;;;Stato estero;;
1866;UD;030;030010;A491;Attimis;;AN;20/11/1866;;;Stato estero;;
1866;UD;030;030011;A516;Aviano;;AN;20/11/1866;;;Stato estero;;
1866;UD;030;030012;A530;Azzano;;AN;20/11/1866;;;Stato estero;;
1866;UD;030;030013;A553;Bagnaria;;AN;20/11/1866;;;Stato estero;;
1866;UD;030;030014;A640;Barcis;;AN;20/11/1866;;;Stato estero;;
1866;UD;030;030015;A700;Pasian Schiavonesco;;AN;20/11/1866;;;Stato estero;;
1866;UD;030;030016;A810;Bertiolo;;AN;20/11/1866;;;Stato estero;;
1866;UD;030;030017;A855;Bicinicco;;AN;20/11/1866;;;Stato estero;;
1866;UD;030;030018;A983;Bordano;;AN;20/11/1866;;;Stato estero;;
1866;UD;030;030019;B215;Brugnera;;AN;20/11/1866;;;Stato estero;;
1866;UD;030;030020;B247;Budoia;;AN;20/11/1866;;;Stato estero;;
1866;UD;030;030021;B259;Buja;;AN;20/11/1866;;;Stato estero;;
1866;UD;030;030022;B309;Buttrio;;AN;20/11/1866;;;Stato estero;;
1866;UD;030;030023;B483;Camino di Codroipo;;AN;20/11/1866;;;Stato estero;;
1866;UD;030;030024;B536;Campoformido;;AN;20/11/1866;;;Stato estero;;
1866;UD;030;030026;B598;Caneva;;AN;20/11/1866;;;Stato estero;;
1866;UD;030;030027;B788;Carlino;;AN;20/11/1866;;;Stato estero;;
1866;UD;030;030028;B940;Casarsa;;AN;20/11/1866;;;Stato estero;;
1866;UD;030;030029;B994;Cassacco;;AN;20/11/1866;;;Stato estero;;
1866;UD;030;030030;C217;Castelnovo;;AN;20/11/1866;;;Stato estero;;
1866;UD;030;030031;C327;Castions di Strada;;AN;20/11/1866;;;Stato estero;;
1866;UD;030;030032;C385;Cavasso;;AN;20/11/1866;;;Stato estero;;
1866;UD;030;030033;C389;Cavazzo;;AN;20/11/1866;;;Stato estero;;
1866;UD;030;030034;C494;Cercivento;;AN;20/11/1866;;;Stato estero;;
1866;UD;030;030036;C640;Chions;;AN;20/11/1866;;;Stato estero;;
1866;UD;030;030038;C656;Chiusa;;AN;20/11/1866;;;Stato estero;;
1866;UD;030;030039;C699;Cimolais;;AN;20/11/1866;;;Stato estero;;
1866;UD;030;030040;C758;Cividale del Friuli;;AN;20/11/1866;;;Stato estero;;
1866;UD;030;030041;C790;Claut;;AN;20/11/1866;;;Stato estero;;
1866;UD;030;030042;C791;Clauzetto;;AN;20/11/1866;;;Stato estero;;
1866;UD;030;030043;C817;Codroipo;;AN;20/11/1866;;;Stato estero;;
1866;UD;030;030044;C885;Colloredo di Monte Albano;;AN;20/11/1866;;;Stato estero;;
1866;UD;030;030045;C918;Comeglians;;AN;20/11/1866;;;Stato estero;;
1866;UD;030;030046;C991;Cordenons;;AN;20/11/1866;;;Stato estero;;
1866;UD;030;030047;C993;Cordovado;;AN;20/11/1866;;;Stato estero;;
1866;UD;030;030048;D027;Corno di Rosazzo;;AN;20/11/1866;;;Stato estero;;
1866;UD;030;030049;D085;Coseano;;AN;20/11/1866;;;Stato estero;;
1866;UD;030;030050;D300;Dignano;;AN;20/11/1866;;;Stato estero;;
1866;UD;030;030051;D316;Dogna;;AN;20/11/1866;;;Stato estero;;
1866;UD;030;030052;D366;Drenchia;;AN;20/11/1866;;;Stato estero;;
1866;UD;030;030053;D408;Enemonzo;;AN;20/11/1866;;;Stato estero;;
1866;UD;030;030054;D426;Erto e Casso;;AN;20/11/1866;;;Stato estero;;
1866;UD;030;030055;D455;Faedis;;AN;20/11/1866;;;Stato estero;;
1866;UD;030;030056;D461;Fagagna;;AN;20/11/1866;;;Stato estero;;
1866;UD;030;030057;D487;Fanna;;AN;20/11/1866;;;Stato estero;;
1866;UD;030;030058;D621;Fiume;;AN;20/11/1866;;;Stato estero;;
1866;UD;030;030060;D630;Sant'Odorico;;AN;20/11/1866;;;Stato estero;;
1866;UD;030;030061;D670;Fontanafredda;;AN;20/11/1866;;;Stato estero;;
1866;UD;030;030062;D700;Forgaria;;AN;20/11/1866;;;Stato estero;;
1866;UD;030;030063;D718;Forni Avoltri;;AN;20/11/1866;;;Stato estero;;
1866;UD;030;030064;D719;Forni di Sopra;;AN;20/11/1866;;;Stato estero;;
1866;UD;030;030065;D720;Forni di Sotto;;AN;20/11/1866;;;Stato estero;;
1866;UD;030;030066;D804;Frisanco;;AN;20/11/1866;;;Stato estero;;
1866;UD;030;030067;D962;Gemona;;AN;20/11/1866;;;Stato estero;;
1866;UD;030;030068;E083;Gonars;;AN;20/11/1866;;;Stato estero;;
1866;UD;030;030069;E179;Grimacco;;AN;20/11/1866;;;Stato estero;;
1866;UD;030;030070;E473;Latisana;;AN;20/11/1866;;;Stato estero;;
1866;UD;030;030071;E476;Lauco;;AN;20/11/1866;;;Stato estero;;
1866;UD;030;030072;E553;Lestizza;;AN;20/11/1866;;;Stato estero;;
1866;UD;030;030074;E586;Ligosullo;;AN;20/11/1866;;;Stato estero;;
1866;UD;030;030075;E760;Lusevera;;AN;20/11/1866;;;Stato estero;;
1866;UD;030;030076;E820;Magnano;;AN;20/11/1866;;;Stato estero;;
1866;UD;030;030077;E833;Majano;;AN;20/11/1866;;;Stato estero;;
1866;UD;030;030079;E889;Maniago;;AN;20/11/1866;;;Stato estero;;
1866;UD;030;030080;E899;Manzano;;AN;20/11/1866;;;Stato estero;;
1866;UD;030;030081;E910;Marano;;AN;20/11/1866;;;Stato estero;;
1866;UD;030;030082;E982;Martignacco;;AN;20/11/1866;;;Stato estero;;
1866;UD;030;030083;F089;Meduno;;AN;20/11/1866;;;Stato estero;;
1866;UD;030;030084;F144;Meretto di Tomba;;AN;20/11/1866;;;Stato estero;;
1866;UD;030;030085;F266;Moggio Udinese;;AN;20/11/1866;;;Stato estero;;
1866;UD;030;030086;F275;Moimacco;;AN;20/11/1866;;;Stato estero;;
1866;UD;030;030087;F574;Montenars;;AN;20/11/1866;;;Stato estero;;
1866;UD;030;030088;F596;Montereale;;AN;20/11/1866;;;Stato estero;;
1866;UD;030;030089;F750;Morsano al Tagliamento;;AN;20/11/1866;;;Stato estero;;
1866;UD;030;030090;F756;Mortegliano;;AN;20/11/1866;;;Stato estero;;
1866;UD;030;030091;F760;Moruzzo;;AN;20/11/1866;;;Stato estero;;
1866;UD;030;030092;F832;Muzzana;;AN;20/11/1866;;;Stato estero;;
1866;UD;030;030093;F898;Nimis;;AN;20/11/1866;;;Stato estero;;
1866;UD;030;030094;G163;Osoppo;;AN;20/11/1866;;;Stato estero;;
1866;UD;030;030095;G198;Ovaro;;AN;20/11/1866;;;Stato estero;;
1866;UD;030;030096;G238;Pagnacco;;AN;20/11/1866;;;Stato estero;;
1866;UD;030;030097;G268;Palazzolo;;AN;20/11/1866;;;Stato estero;;
1866;UD;030;030098;G284;Palmanova;;AN;20/11/1866;;;Stato estero;;
1866;UD;030;030099;G300;Paluzza;;AN;20/11/1866;;;Stato estero;;
1866;UD;030;030100;G352;Pasian di Prato;;AN;20/11/1866;;;Stato estero;;
1866;UD;030;030101;G353;Pasiano di Pordenone;;AN;20/11/1866;;;Stato estero;;
1866;UD;030;030102;G381;Paularo;;AN;20/11/1866;;;Stato estero;;
1866;UD;030;030103;G389;Pavia;;AN;20/11/1866;;;Stato estero;;
1866;UD;030;030104;G680;Pinzano;;AN;20/11/1866;;;Stato estero;;
1866;UD;030;030105;G743;Pocenia;;AN;20/11/1866;;;Stato estero;;
1866;UD;030;030106;G780;Polcenigo;;AN;20/11/1866;;;Stato estero;;
1866;UD;030;030107;G831;Pontebba;;AN;20/11/1866;;;Stato estero;;
1866;UD;030;030108;G886;Porcia;;AN;20/11/1866;;;Stato estero;;
1866;UD;030;030109;G888;Pordenone;;AN;20/11/1866;;;Stato estero;;
1866;UD;030;030110;G891;Porpetto;;AN;20/11/1866;;;Stato estero;;
1866;UD;030;030111;G949;Povoletto;;AN;20/11/1866;;;Stato estero;;
1866;UD;030;030112;G966;Pozzuolo;;AN;20/11/1866;;;Stato estero;;
1866;UD;030;030113;G969;Pradamano;;AN;20/11/1866;;;Stato estero;;
1866;UD;030;030114;G994;Prata;;AN;20/11/1866;;;Stato estero;;
1866;UD;030;030115;H002;Prato;;AN;20/11/1866;;;Stato estero;;
1866;UD;030;030116;H010;Pravisdomini;;AN;20/11/1866;;;Stato estero;;
1866;UD;030;030117;H014;Precenicco;;AN;20/11/1866;;;Stato estero;;
1866;UD;030;030118;H029;Premariacco;;AN;20/11/1866;;;Stato estero;;
1866;UD;030;030119;H038;Preone;;AN;20/11/1866;;;Stato estero;;
1866;UD;030;030120;H040;Prepotto;;AN;20/11/1866;;;Stato estero;;
1866;UD;030;030122;H161;Ragogna;;AN;20/11/1866;;;Stato estero;;
1866;UD;030;030123;H196;Ravascletto;;AN;20/11/1866;;;Stato estero;;
1866;UD;030;030124;H200;Raveo;;AN;20/11/1866;;;Stato estero;;
1866;UD;030;030125;H206;Reana;;AN;20/11/1866;;;Stato estero;;
1866;UD;030;030126;H229;Remanzacco;;AN;20/11/1866;;;Stato estero;;
1866;UD;030;030127;H242;Resia;;AN;20/11/1866;;;Stato estero;;
1866;UD;030;030128;H244;Resiutta;;AN;20/11/1866;;;Stato estero;;
1866;UD;030;030129;H289;Rigolato;;AN;20/11/1866;;;Stato estero;;
1866;UD;030;030130;H347;Rive d'Arcano;;AN;20/11/1866;;;Stato estero;;
1866;UD;030;030131;H352;Rivignano;;AN;20/11/1866;;;Stato estero;;
1866;UD;030;030132;H533;Ronchis;;AN;20/11/1866;;;Stato estero;;
1866;UD;030;030133;H609;Roveredo;;AN;20/11/1866;;;Stato estero;;
1866;UD;030;030135;H657;Sacile;;AN;20/11/1866;;;Stato estero;;
1866;UD;030;030136;H816;San Daniele;;AN;20/11/1866;;;Stato estero;;
1866;UD;030;030137;H891;San Giorgio;;AN;20/11/1866;;;Stato estero;;
1866;UD;030;030138;H895;San Giorgio di Nogaro;;AN;20/11/1866;;;Stato estero;;
1866;UD;030;030139;H906;San Giovanni di Manzano;;AN;20/11/1866;;;Stato estero;;
1866;UD;030;030140;H951;San Leonardo;;AN;20/11/1866;;;Stato estero;;
1866;UD;030;030141;H999;San Martino;;AN;20/11/1866;;;Stato estero;;
1866;UD;030;030142;I092;San Pietro degli Schiavi;;AN;20/11/1866;;;Stato estero;;
1866;UD;030;030143;I136;San Quirino;;AN;20/11/1866;;;Stato estero;;
1866;UD;030;030144;I248;Santa Maria la Longa;;AN;20/11/1866;;;Stato estero;;
1866;UD;030;030145;I403;San Vito al Tagliamento;;AN;20/11/1866;;;Stato estero;;
1866;UD;030;030147;I405;San Vito di Fagagna;;AN;20/11/1866;;;Stato estero;;
1866;UD;030;030148;I464;Sauris;;AN;20/11/1866;;;Stato estero;;
1866;UD;030;030149;I478;Savogna;;AN;20/11/1866;;;Stato estero;;
1866;UD;030;030150;I562;Sedegliano;;AN;20/11/1866;;;Stato estero;;
1866;UD;030;030151;I621;Sequals;;AN;20/11/1866;;;Stato estero;;
1866;UD;030;030152;I686;Sesto;;AN;20/11/1866;;;Stato estero;;
1866;UD;030;030153;I777;Socchieve;;AN;20/11/1866;;;Stato estero;;
1866;UD;030;030154;I904;Spilimbergo;;AN;20/11/1866;;;Stato estero;;
1866;UD;030;030155;I974;Stregna;;AN;20/11/1866;;;Stato estero;;
1866;UD;030;030156;L018;Sutrio;;AN;20/11/1866;;;Stato estero;;
1866;UD;030;030157;G736;Platischis;;AN;20/11/1866;;;Stato estero;;
1866;UD;030;030158;L039;Talmassons;;AN;20/11/1866;;;Stato estero;;
1866;UD;030;030160;L050;Tarcento;;AN;20/11/1866;;;Stato estero;;
1866;UD;030;030162;L065;Tavagnacco;;AN;20/11/1866;;;Stato estero;;
1866;UD;030;030163;L101;Teor;;AN;20/11/1866;;;Stato estero;;
1866;UD;030;030165;L195;Tolmezzo;;AN;20/11/1866;;;Stato estero;;
1866;UD;030;030166;L246;Torreano;;AN;20/11/1866;;;Stato estero;;
1866;UD;030;030168;L324;Tramonti di Sopra;;AN;20/11/1866;;;Stato estero;;
1866;UD;030;030169;L325;Tramonti di Sotto;;AN;20/11/1866;;;Stato estero;;
1866;UD;030;030170;L335;Trasaghis;;AN;20/11/1866;;;Stato estero;;
1866;UD;030;030171;L347;Travesio;;AN;20/11/1866;;;Stato estero;;
1866;UD;030;030172;L381;Treppo;;AN;20/11/1866;;;Stato estero;;
1866;UD;030;030173;L382;Treppo Grande;;AN;20/11/1866;;;Stato estero;;
1866;UD;030;030174;L421;Tricesimo;;AN;20/11/1866;;;Stato estero;;
1866;UD;030;030175;L438;Trivignano Udinese;;AN;20/11/1866;;;Stato estero;;
1866;UD;030;030176;L483;Udine;;AN;20/11/1866;;;Stato estero;;
1866;UD;030;030177;L657;Valvasone;;AN;20/11/1866;;;Stato estero;;
1866;UD;030;030178;L686;Varmo;;AN;20/11/1866;;;Stato estero;;
1866;UD;030;030179;L743;Venzone;;AN;20/11/1866;;;Stato estero;;
1866;UD;030;030180;L801;Verzegnis;;AN;20/11/1866;;;Stato estero;;
1866;UD;030;030181;L909;Villa;;AN;20/11/1866;;;Stato estero;;
1866;UD;030;030184;M085;Vito d'Asio;;AN;20/11/1866;;;Stato estero;;
1866;UD;030;030185;M096;Vivaro;;AN;20/11/1866;;;Stato estero;;
1866;UD;030;030186;M190;Zoppola;;AN;20/11/1866;;;Stato estero;;
1866;UD;030;030187;M200;Zuglio;;AN;20/11/1866;;;Stato estero;;
1866;UD;030;030802;C084;Castel del Monte Udinese;;AN;20/11/1866;;;Stato estero;;
1866;UD;030;030803;C570;Cesclans;;AN;20/11/1866;;;Stato estero;;
1866;UD;030;030804;C731;Ciseriis;;AN;20/11/1866;;;Stato estero;;
1866;UD;030;030805;D525;Feletto;;AN;20/11/1866;;;Stato estero;;
1866;UD;030;030808;E322;Ipplis;;AN;20/11/1866;;;Stato estero;;
1866;UD;030;030811;F228;Mione;;AN;20/11/1866;;;Stato estero;;
1866;UD;030;030815;H149;Raccolana;;AN;20/11/1866;;;Stato estero;;
1866;UD;030;030816;G356;Passariano;;AN;20/11/1866;;;Stato estero;;
1866;UD;030;030817;H471;Rodda;;AN;20/11/1866;;;Stato estero;;
1866;UD;030;030819;C842;Collalto;;AN;20/11/1866;;;Stato estero;;
1866;UD;030;030820;L052;Tarcetta;;AN;20/11/1866;;;Stato estero;;
1866;UD;030;093801;L610;Vallenoncello;;AN;20/11/1866;;;Stato estero;;
1866;CE;061;061808;H954;San Leucio;;CS;12/07/1866;;;;;
1866;NO;003;003048;C478;Ceppo Morelli;;CS;09/02/1866;003876;H041;Prequartera;003;NO
1866;NO;003;003048;C478;Ceppo Morelli;;CS;09/02/1866;003819;B023;Borgone d'Ossola;003;NO
1866;MI;015;015233;L709;Veduggio con Colzano;;CS;09/02/1866;015861;C909;Colzano;015;MI
1866;MI;015;015233;L709;Veduggio con Colzano;;CS;09/02/1866;015970;L708;Veduggio;015;MI
1866;CR;019;019915;L360;Tredossi;;CS;22/01/1866;019873;G172;Ossalengo;019;CR
1866;CR;019;019915;L360;Tredossi;;CS;22/01/1866;019847;D353;Dosso Baroardo;019;CR
1866;CR;019;019915;L360;Tredossi;;CS;22/01/1866;019867;E996;Marzalengo;019;CR
1866;SR;089;089810;H164;Ragusa Inferiore;;CS;13/01/1866;089809;H163;Ragusa;089;SR
1866;NA;063;063071;I208;Sant'Agnello;;CS;01/01/1866;063053;G568;Piano di Sorrento;063;NA
1865;PA;082;082063;H797;San Cipirello;;CS;04/01/1865;082064;H933;San Giuseppe Jato;082;PA
