territory,preferred_display_cluster,alternative_display_cluster,year,comparison_geometry,changed_display_cluster
ASTI,3,2,1948,aitchison,TRUE
BELLUNO,3,2,1948,aitchison,TRUE
BERGAMO,3,2,1948,aitchison,TRUE
BRESCIA,3,2,1948,aitchison,TRUE
CAGLIARI,4,3,1948,aitchison,TRUE
COMO,3,2,1948,aitchison,TRUE
CUNEO,3,2,1948,aitchison,TRUE
IMPERIA,3,2,1948,aitchison,TRUE
LECCO,3,2,1948,aitchison,TRUE
LUCCA,3,2,1948,aitchison,TRUE
MODENA,1,2,1948,aitchison,TRUE
MONZA E DELLA BRIANZA,3,2,1948,aitchison,TRUE
NUORO,4,3,1948,aitchison,TRUE
ORISTANO,4,3,1948,aitchison,TRUE
PADOVA,3,2,1948,aitchison,TRUE
PARMA,1,2,1948,aitchison,TRUE
PIACENZA,1,2,1948,aitchison,TRUE
PORDENONE,3,2,1948,aitchison,TRUE
REGGIO NELL'EMILIA,1,2,1948,aitchison,TRUE
SASSARI,4,3,1948,aitchison,TRUE
SONDRIO,3,2,1948,aitchison,TRUE
SUD SARDEGNA,4,3,1948,aitchison,TRUE
TERAMO,4,2,1948,aitchison,TRUE
TORINO,3,2,1948,aitchison,TRUE
TREVISO,3,2,1948,aitchison,TRUE
UDINE,3,2,1948,aitchison,TRUE
VARESE,3,2,1948,aitchison,TRUE
VERONA,3,2,1948,aitchison,TRUE
VICENZA,3,2,1948,aitchison,TRUE
AGRIGENTO,4,4,1948,aitchison,FALSE
ALESSANDRIA,2,2,1948,aitchison,FALSE
ANCONA,2,2,1948,aitchison,FALSE
AREZZO,2,2,1948,aitchison,FALSE
ASCOLI PICENO,4,4,1948,aitchison,FALSE
AVELLINO,4,4,1948,aitchison,FALSE
BARI,4,4,1948,aitchison,FALSE
BARLETTA-ANDRIA-TRANI,4,4,1948,aitchison,FALSE
BENEVENTO,4,4,1948,aitchison,FALSE
BIELLA,2,2,1948,aitchison,FALSE
BOLOGNA,1,1,1948,aitchison,FALSE
BOLZANO/BOZEN,3,3,1948,aitchison,FALSE
BRINDISI,4,4,1948,aitchison,FALSE
CALTANISSETTA,4,4,1948,aitchison,FALSE
CAMPOBASSO,4,4,1948,aitchison,FALSE
CASERTA,4,4,1948,aitchison,FALSE
CATANIA,4,4,1948,aitchison,FALSE
CATANZARO,4,4,1948,aitchison,FALSE
CHIETI,4,4,1948,aitchison,FALSE
COSENZA,4,4,1948,aitchison,FALSE
CREMONA,1,1,1948,aitchison,FALSE
CROTONE,4,4,1948,aitchison,FALSE
ENNA,4,4,1948,aitchison,FALSE
FERMO,2,2,1948,aitchison,FALSE
FERRARA,1,1,1948,aitchison,FALSE
FIRENZE,2,2,1948,aitchison,FALSE
FOGGIA,4,4,1948,aitchison,FALSE
FORLÌ-CESENA,1,1,1948,aitchison,FALSE
FROSINONE,4,4,1948,aitchison,FALSE
GENOVA,2,2,1948,aitchison,FALSE
GROSSETO,2,2,1948,aitchison,FALSE
ISERNIA,4,4,1948,aitchison,FALSE
L'AQUILA,4,4,1948,aitchison,FALSE
LA SPEZIA,2,2,1948,aitchison,FALSE
LATINA,4,4,1948,aitchison,FALSE
LECCE,4,4,1948,aitchison,FALSE
LIVORNO,2,2,1948,aitchison,FALSE
LODI,2,2,1948,aitchison,FALSE
MACERATA,2,2,1948,aitchison,FALSE
MANTOVA,1,1,1948,aitchison,FALSE
MASSA-CARRARA,2,2,1948,aitchison,FALSE
MATERA,4,4,1948,aitchison,FALSE
MESSINA,4,4,1948,aitchison,FALSE
MILANO,2,2,1948,aitchison,FALSE
NAPOLI,4,4,1948,aitchison,FALSE
NOVARA,2,2,1948,aitchison,FALSE
PALERMO,4,4,1948,aitchison,FALSE
PAVIA,2,2,1948,aitchison,FALSE
PERUGIA,2,2,1948,aitchison,FALSE
PESARO E URBINO,2,2,1948,aitchison,FALSE
PESCARA,4,4,1948,aitchison,FALSE
PISA,2,2,1948,aitchison,FALSE
PISTOIA,2,2,1948,aitchison,FALSE
POTENZA,4,4,1948,aitchison,FALSE
PRATO,2,2,1948,aitchison,FALSE
RAGUSA,4,4,1948,aitchison,FALSE
RAVENNA,1,1,1948,aitchison,FALSE
REGGIO CALABRIA,4,4,1948,aitchison,FALSE
RIETI,4,4,1948,aitchison,FALSE
RIMINI,2,2,1948,aitchison,FALSE
ROMA,4,4,1948,aitchison,FALSE
ROVIGO,2,2,1948,aitchison,FALSE
SALERNO,4,4,1948,aitchison,FALSE
SAVONA,2,2,1948,aitchison,FALSE
SIENA,2,2,1948,aitchison,FALSE
SIRACUSA,4,4,1948,aitchison,FALSE
TARANTO,4,4,1948,aitchison,FALSE
TERNI,2,2,1948,aitchison,FALSE
TRAPANI,4,4,1948,aitchison,FALSE
TRENTO,3,3,1948,aitchison,FALSE
VENEZIA,2,2,1948,aitchison,FALSE
VERBANO-CUSIO-OSSOLA,2,2,1948,aitchison,FALSE
VERCELLI,2,2,1948,aitchison,FALSE
VIBO VALENTIA,4,4,1948,aitchison,FALSE
VITERBO,4,4,1948,aitchison,FALSE
AREZZO,2,1,1948,euclidean,TRUE
ASCOLI PICENO,4,3,1948,euclidean,TRUE
ASTI,3,4,1948,euclidean,TRUE
BIELLA,2,1,1948,euclidean,TRUE
BOLZANO/BOZEN,3,4,1948,euclidean,TRUE
CATANIA,4,3,1948,euclidean,TRUE
CHIETI,4,3,1948,euclidean,TRUE
CREMONA,1,2,1948,euclidean,TRUE
CROTONE,4,1,1948,euclidean,TRUE
FERMO,2,4,1948,euclidean,TRUE
FIRENZE,2,1,1948,euclidean,TRUE
FOGGIA,4,2,1948,euclidean,TRUE
FROSINONE,4,3,1948,euclidean,TRUE
GROSSETO,2,1,1948,euclidean,TRUE
L'AQUILA,4,3,1948,euclidean,TRUE
LA SPEZIA,2,1,1948,euclidean,TRUE
LIVORNO,2,1,1948,euclidean,TRUE
MACERATA,2,3,1948,euclidean,TRUE
MASSA-CARRARA,2,4,1948,euclidean,TRUE
ORISTANO,4,3,1948,euclidean,TRUE
PARMA,1,2,1948,euclidean,TRUE
PERUGIA,2,1,1948,euclidean,TRUE
PESARO E URBINO,2,1,1948,euclidean,TRUE
PESCARA,4,2,1948,euclidean,TRUE
PIACENZA,1,2,1948,euclidean,TRUE
PISA,2,1,1948,euclidean,TRUE
PISTOIA,2,1,1948,euclidean,TRUE
PRATO,2,1,1948,euclidean,TRUE
RIMINI,2,1,1948,euclidean,TRUE
ROVIGO,2,1,1948,euclidean,TRUE
SIENA,2,1,1948,euclidean,TRUE
TERAMO,4,2,1948,euclidean,TRUE
TERNI,2,1,1948,euclidean,TRUE
TORINO,3,2,1948,euclidean,TRUE
VARESE,3,2,1948,euclidean,TRUE
VIBO VALENTIA,4,3,1948,euclidean,TRUE
VITERBO,4,2,1948,euclidean,TRUE
AGRIGENTO,4,4,1948,euclidean,FALSE
ALESSANDRIA,2,2,1948,euclidean,FALSE
ANCONA,2,2,1948,euclidean,FALSE
AVELLINO,4,4,1948,euclidean,FALSE
BARI,4,4,1948,euclidean,FALSE
BARLETTA-ANDRIA-TRANI,4,4,1948,euclidean,FALSE
BELLUNO,3,3,1948,euclidean,FALSE
BENEVENTO,4,4,1948,euclidean,FALSE
BERGAMO,3,3,1948,euclidean,FALSE
BOLOGNA,1,1,1948,euclidean,FALSE
BRESCIA,3,3,1948,euclidean,FALSE
BRINDISI,4,4,1948,euclidean,FALSE
CAGLIARI,4,4,1948,euclidean,FALSE
CALTANISSETTA,4,4,1948,euclidean,FALSE
CAMPOBASSO,4,4,1948,euclidean,FALSE
CASERTA,4,4,1948,euclidean,FALSE
CATANZARO,4,4,1948,euclidean,FALSE
COMO,3,3,1948,euclidean,FALSE
COSENZA,4,4,1948,euclidean,FALSE
CUNEO,3,3,1948,euclidean,FALSE
ENNA,4,4,1948,euclidean,FALSE
FERRARA,1,1,1948,euclidean,FALSE
FORLÌ-CESENA,1,1,1948,euclidean,FALSE
GENOVA,2,2,1948,euclidean,FALSE
IMPERIA,3,3,1948,euclidean,FALSE
ISERNIA,4,4,1948,euclidean,FALSE
LATINA,4,4,1948,euclidean,FALSE
LECCE,4,4,1948,euclidean,FALSE
LECCO,3,3,1948,euclidean,FALSE
LODI,2,2,1948,euclidean,FALSE
LUCCA,3,3,1948,euclidean,FALSE
MANTOVA,1,1,1948,euclidean,FALSE
MATERA,4,4,1948,euclidean,FALSE
MESSINA,4,4,1948,euclidean,FALSE
MILANO,2,2,1948,euclidean,FALSE
MODENA,1,1,1948,euclidean,FALSE
MONZA E DELLA BRIANZA,3,3,1948,euclidean,FALSE
NAPOLI,4,4,1948,euclidean,FALSE
NOVARA,2,2,1948,euclidean,FALSE
NUORO,4,4,1948,euclidean,FALSE
PADOVA,3,3,1948,euclidean,FALSE
PALERMO,4,4,1948,euclidean,FALSE
PAVIA,2,2,1948,euclidean,FALSE
PORDENONE,3,3,1948,euclidean,FALSE
POTENZA,4,4,1948,euclidean,FALSE
RAGUSA,4,4,1948,euclidean,FALSE
RAVENNA,1,1,1948,euclidean,FALSE
REGGIO CALABRIA,4,4,1948,euclidean,FALSE
REGGIO NELL'EMILIA,1,1,1948,euclidean,FALSE
RIETI,4,4,1948,euclidean,FALSE
ROMA,4,4,1948,euclidean,FALSE
SALERNO,4,4,1948,euclidean,FALSE
SASSARI,4,4,1948,euclidean,FALSE
SAVONA,2,2,1948,euclidean,FALSE
SIRACUSA,4,4,1948,euclidean,FALSE
SONDRIO,3,3,1948,euclidean,FALSE
SUD SARDEGNA,4,4,1948,euclidean,FALSE
TARANTO,4,4,1948,euclidean,FALSE
TRAPANI,4,4,1948,euclidean,FALSE
TRENTO,3,3,1948,euclidean,FALSE
TREVISO,3,3,1948,euclidean,FALSE
UDINE,3,3,1948,euclidean,FALSE
VENEZIA,2,2,1948,euclidean,FALSE
VERBANO-CUSIO-OSSOLA,2,2,1948,euclidean,FALSE
VERCELLI,2,2,1948,euclidean,FALSE
VERONA,3,3,1948,euclidean,FALSE
VICENZA,3,3,1948,euclidean,FALSE
ALESSANDRIA,2,3,1953,aitchison,TRUE
ASCOLI PICENO,2,3,1953,aitchison,TRUE
BIELLA,2,3,1953,aitchison,TRUE
CAGLIARI,4,2,1953,aitchison,TRUE
CAMPOBASSO,3,2,1953,aitchison,TRUE
CREMONA,2,3,1953,aitchison,TRUE
CUNEO,3,4,1953,aitchison,TRUE
FERMO,2,1,1953,aitchison,TRUE
FIRENZE,1,3,1953,aitchison,TRUE
GENOVA,2,1,1953,aitchison,TRUE
GORIZIA,2,1,1953,aitchison,TRUE
IMPERIA,2,1,1953,aitchison,TRUE
ISERNIA,3,2,1953,aitchison,TRUE
LODI,2,3,1953,aitchison,TRUE
LUCCA,2,4,1953,aitchison,TRUE
MACERATA,2,1,1953,aitchison,TRUE
MANTOVA,1,3,1953,aitchison,TRUE
MASSA-CARRARA,2,1,1953,aitchison,TRUE
MILANO,2,3,1953,aitchison,TRUE
MODENA,1,3,1953,aitchison,TRUE
NOVARA,2,3,1953,aitchison,TRUE
NUORO,4,2,1953,aitchison,TRUE
ORISTANO,4,2,1953,aitchison,TRUE
PARMA,1,3,1953,aitchison,TRUE
PAVIA,2,3,1953,aitchison,TRUE
PIACENZA,2,3,1953,aitchison,TRUE
REGGIO NELL'EMILIA,1,3,1953,aitchison,TRUE
ROVIGO,1,3,1953,aitchison,TRUE
SASSARI,4,2,1953,aitchison,TRUE
SAVONA,2,1,1953,aitchison,TRUE
SUD SARDEGNA,4,2,1953,aitchison,TRUE
TORINO,2,3,1953,aitchison,TRUE
VENEZIA,2,3,1953,aitchison,TRUE
VERBANO-CUSIO-OSSOLA,2,3,1953,aitchison,TRUE
VERCELLI,2,3,1953,aitchison,TRUE
AGRIGENTO,4,4,1953,aitchison,FALSE
ANCONA,1,1,1953,aitchison,FALSE
AREZZO,1,1,1953,aitchison,FALSE
ASTI,4,4,1953,aitchison,FALSE
AVELLINO,4,4,1953,aitchison,FALSE
BARI,4,4,1953,aitchison,FALSE
BARLETTA-ANDRIA-TRANI,4,4,1953,aitchison,FALSE
BELLUNO,3,3,1953,aitchison,FALSE
BENEVENTO,4,4,1953,aitchison,FALSE
BERGAMO,3,3,1953,aitchison,FALSE
BOLOGNA,1,1,1953,aitchison,FALSE
BOLZANO/BOZEN,3,3,1953,aitchison,FALSE
BRESCIA,3,3,1953,aitchison,FALSE
BRINDISI,4,4,1953,aitchison,FALSE
CALTANISSETTA,4,4,1953,aitchison,FALSE
CASERTA,4,4,1953,aitchison,FALSE
CATANIA,4,4,1953,aitchison,FALSE
CATANZARO,4,4,1953,aitchison,FALSE
CHIETI,4,4,1953,aitchison,FALSE
COMO,3,3,1953,aitchison,FALSE
COSENZA,4,4,1953,aitchison,FALSE
CROTONE,4,4,1953,aitchison,FALSE
ENNA,4,4,1953,aitchison,FALSE
FERRARA,1,1,1953,aitchison,FALSE
FOGGIA,4,4,1953,aitchison,FALSE
FORLÌ-CESENA,1,1,1953,aitchison,FALSE
FROSINONE,4,4,1953,aitchison,FALSE
GROSSETO,1,1,1953,aitchison,FALSE
L'AQUILA,4,4,1953,aitchison,FALSE
LA SPEZIA,1,1,1953,aitchison,FALSE
LATINA,4,4,1953,aitchison,FALSE
LECCE,4,4,1953,aitchison,FALSE
LECCO,3,3,1953,aitchison,FALSE
LIVORNO,1,1,1953,aitchison,FALSE
MATERA,4,4,1953,aitchison,FALSE
MESSINA,4,4,1953,aitchison,FALSE
MONZA E DELLA BRIANZA,3,3,1953,aitchison,FALSE
NAPOLI,4,4,1953,aitchison,FALSE
PADOVA,3,3,1953,aitchison,FALSE
PALERMO,4,4,1953,aitchison,FALSE
PERUGIA,1,1,1953,aitchison,FALSE
PESARO E URBINO,1,1,1953,aitchison,FALSE
PESCARA,4,4,1953,aitchison,FALSE
PISA,1,1,1953,aitchison,FALSE
PISTOIA,1,1,1953,aitchison,FALSE
PORDENONE,3,3,1953,aitchison,FALSE
POTENZA,4,4,1953,aitchison,FALSE
PRATO,1,1,1953,aitchison,FALSE
RAGUSA,4,4,1953,aitchison,FALSE
RAVENNA,1,1,1953,aitchison,FALSE
REGGIO CALABRIA,4,4,1953,aitchison,FALSE
RIETI,4,4,1953,aitchison,FALSE
RIMINI,1,1,1953,aitchison,FALSE
ROMA,4,4,1953,aitchison,FALSE
SALERNO,4,4,1953,aitchison,FALSE
SIENA,1,1,1953,aitchison,FALSE
SIRACUSA,4,4,1953,aitchison,FALSE
SONDRIO,3,3,1953,aitchison,FALSE
TARANTO,4,4,1953,aitchison,FALSE
TERAMO,4,4,1953,aitchison,FALSE
TERNI,1,1,1953,aitchison,FALSE
TRAPANI,4,4,1953,aitchison,FALSE
TRENTO,3,3,1953,aitchison,FALSE
TREVISO,3,3,1953,aitchison,FALSE
UDINE,3,3,1953,aitchison,FALSE
VARESE,3,3,1953,aitchison,FALSE
VERONA,3,3,1953,aitchison,FALSE
VIBO VALENTIA,4,4,1953,aitchison,FALSE
VICENZA,3,3,1953,aitchison,FALSE
VITERBO,4,4,1953,aitchison,FALSE
ANCONA,1,2,1953,euclidean,TRUE
AREZZO,1,2,1953,euclidean,TRUE
ASCOLI PICENO,2,3,1953,euclidean,TRUE
BOLZANO/BOZEN,3,1,1953,euclidean,TRUE
CAMPOBASSO,3,4,1953,euclidean,TRUE
CROTONE,4,1,1953,euclidean,TRUE
GORIZIA,2,3,1953,euclidean,TRUE
IMPERIA,2,3,1953,euclidean,TRUE
ISERNIA,3,4,1953,euclidean,TRUE
LA SPEZIA,1,2,1953,euclidean,TRUE
LODI,2,3,1953,euclidean,TRUE
LUCCA,2,3,1953,euclidean,TRUE
MACERATA,2,3,1953,euclidean,TRUE
MANTOVA,1,2,1953,euclidean,TRUE
PARMA,1,2,1953,euclidean,TRUE
PERUGIA,1,2,1953,euclidean,TRUE
PESARO E URBINO,1,2,1953,euclidean,TRUE
ROVIGO,1,2,1953,euclidean,TRUE
SUD SARDEGNA,4,2,1953,euclidean,TRUE
VITERBO,4,2,1953,euclidean,TRUE
AGRIGENTO,4,4,1953,euclidean,FALSE
ALESSANDRIA,2,2,1953,euclidean,FALSE
ASTI,4,4,1953,euclidean,FALSE
AVELLINO,4,4,1953,euclidean,FALSE
BARI,4,4,1953,euclidean,FALSE
BARLETTA-ANDRIA-TRANI,4,4,1953,euclidean,FALSE
BELLUNO,3,3,1953,euclidean,FALSE
BENEVENTO,4,4,1953,euclidean,FALSE
BERGAMO,3,3,1953,euclidean,FALSE
BIELLA,2,2,1953,euclidean,FALSE
BOLOGNA,1,1,1953,euclidean,FALSE
BRESCIA,3,3,1953,euclidean,FALSE
BRINDISI,4,4,1953,euclidean,FALSE
CAGLIARI,4,4,1953,euclidean,FALSE
CALTANISSETTA,4,4,1953,euclidean,FALSE
CASERTA,4,4,1953,euclidean,FALSE
CATANIA,4,4,1953,euclidean,FALSE
CATANZARO,4,4,1953,euclidean,FALSE
CHIETI,4,4,1953,euclidean,FALSE
COMO,3,3,1953,euclidean,FALSE
COSENZA,4,4,1953,euclidean,FALSE
CREMONA,2,2,1953,euclidean,FALSE
CUNEO,3,3,1953,euclidean,FALSE
ENNA,4,4,1953,euclidean,FALSE
FERMO,2,2,1953,euclidean,FALSE
FERRARA,1,1,1953,euclidean,FALSE
FIRENZE,1,1,1953,euclidean,FALSE
FOGGIA,4,4,1953,euclidean,FALSE
FORLÌ-CESENA,1,1,1953,euclidean,FALSE
FROSINONE,4,4,1953,euclidean,FALSE
GENOVA,2,2,1953,euclidean,FALSE
GROSSETO,1,1,1953,euclidean,FALSE
L'AQUILA,4,4,1953,euclidean,FALSE
LATINA,4,4,1953,euclidean,FALSE
LECCE,4,4,1953,euclidean,FALSE
LECCO,3,3,1953,euclidean,FALSE
LIVORNO,1,1,1953,euclidean,FALSE
MASSA-CARRARA,2,2,1953,euclidean,FALSE
MATERA,4,4,1953,euclidean,FALSE
MESSINA,4,4,1953,euclidean,FALSE
MILANO,2,2,1953,euclidean,FALSE
MODENA,1,1,1953,euclidean,FALSE
MONZA E DELLA BRIANZA,3,3,1953,euclidean,FALSE
NAPOLI,4,4,1953,euclidean,FALSE
NOVARA,2,2,1953,euclidean,FALSE
NUORO,4,4,1953,euclidean,FALSE
ORISTANO,4,4,1953,euclidean,FALSE
PADOVA,3,3,1953,euclidean,FALSE
PALERMO,4,4,1953,euclidean,FALSE
PAVIA,2,2,1953,euclidean,FALSE
PESCARA,4,4,1953,euclidean,FALSE
PIACENZA,2,2,1953,euclidean,FALSE
PISA,1,1,1953,euclidean,FALSE
PISTOIA,1,1,1953,euclidean,FALSE
PORDENONE,3,3,1953,euclidean,FALSE
POTENZA,4,4,1953,euclidean,FALSE
PRATO,1,1,1953,euclidean,FALSE
RAGUSA,4,4,1953,euclidean,FALSE
RAVENNA,1,1,1953,euclidean,FALSE
REGGIO CALABRIA,4,4,1953,euclidean,FALSE
REGGIO NELL'EMILIA,1,1,1953,euclidean,FALSE
RIETI,4,4,1953,euclidean,FALSE
RIMINI,1,1,1953,euclidean,FALSE
ROMA,4,4,1953,euclidean,FALSE
SALERNO,4,4,1953,euclidean,FALSE
SASSARI,4,4,1953,euclidean,FALSE
SAVONA,2,2,1953,euclidean,FALSE
SIENA,1,1,1953,euclidean,FALSE
SIRACUSA,4,4,1953,euclidean,FALSE
SONDRIO,3,3,1953,euclidean,FALSE
TARANTO,4,4,1953,euclidean,FALSE
TERAMO,4,4,1953,euclidean,FALSE
TERNI,1,1,1953,euclidean,FALSE
TORINO,2,2,1953,euclidean,FALSE
TRAPANI,4,4,1953,euclidean,FALSE
TRENTO,3,3,1953,euclidean,FALSE
TREVISO,3,3,1953,euclidean,FALSE
UDINE,3,3,1953,euclidean,FALSE
VARESE,3,3,1953,euclidean,FALSE
VENEZIA,2,2,1953,euclidean,FALSE
VERBANO-CUSIO-OSSOLA,2,2,1953,euclidean,FALSE
VERCELLI,2,2,1953,euclidean,FALSE
VERONA,3,3,1953,euclidean,FALSE
VIBO VALENTIA,4,4,1953,euclidean,FALSE
VICENZA,3,3,1953,euclidean,FALSE
ASTI,3,2,1958,aitchison,TRUE
BERGAMO,3,2,1958,aitchison,TRUE
BOLZANO/BOZEN,3,2,1958,aitchison,TRUE
CAGLIARI,4,2,1958,aitchison,TRUE
CUNEO,3,2,1958,aitchison,TRUE
FIRENZE,2,3,1958,aitchison,TRUE
GENOVA,2,3,1958,aitchison,TRUE
ISERNIA,1,4,1958,aitchison,TRUE
LA SPEZIA,2,3,1958,aitchison,TRUE
LIVORNO,2,3,1958,aitchison,TRUE
MASSA-CARRARA,2,3,1958,aitchison,TRUE
MATERA,4,2,1958,aitchison,TRUE
MODENA,2,3,1958,aitchison,TRUE
NUORO,4,2,1958,aitchison,TRUE
ORISTANO,4,2,1958,aitchison,TRUE
PARMA,2,3,1958,aitchison,TRUE
PIACENZA,2,3,1958,aitchison,TRUE
PISA,2,3,1958,aitchison,TRUE
PISTOIA,2,3,1958,aitchison,TRUE
POTENZA,4,2,1958,aitchison,TRUE
PRATO,2,3,1958,aitchison,TRUE
REGGIO NELL'EMILIA,2,3,1958,aitchison,TRUE
ROMA,4,2,1958,aitchison,TRUE
ROVIGO,2,3,1958,aitchison,TRUE
SAVONA,2,3,1958,aitchison,TRUE
SUD SARDEGNA,4,2,1958,aitchison,TRUE
TRENTO,3,2,1958,aitchison,TRUE
TREVISO,3,1,1958,aitchison,TRUE
TRIESTE,4,2,1958,aitchison,TRUE
AGRIGENTO,4,4,1958,aitchison,FALSE
ALESSANDRIA,2,2,1958,aitchison,FALSE
ANCONA,1,1,1958,aitchison,FALSE
AREZZO,1,1,1958,aitchison,FALSE
ASCOLI PICENO,1,1,1958,aitchison,FALSE
AVELLINO,4,4,1958,aitchison,FALSE
BARI,1,1,1958,aitchison,FALSE
BARLETTA-ANDRIA-TRANI,1,1,1958,aitchison,FALSE
BELLUNO,3,3,1958,aitchison,FALSE
BENEVENTO,4,4,1958,aitchison,FALSE
BIELLA,2,2,1958,aitchison,FALSE
BOLOGNA,1,1,1958,aitchison,FALSE
BRESCIA,3,3,1958,aitchison,FALSE
BRINDISI,4,4,1958,aitchison,FALSE
CALTANISSETTA,4,4,1958,aitchison,FALSE
CAMPOBASSO,1,1,1958,aitchison,FALSE
CASERTA,4,4,1958,aitchison,FALSE
CATANIA,4,4,1958,aitchison,FALSE
CATANZARO,4,4,1958,aitchison,FALSE
CHIETI,4,4,1958,aitchison,FALSE
COMO,3,3,1958,aitchison,FALSE
COSENZA,4,4,1958,aitchison,FALSE
CREMONA,1,1,1958,aitchison,FALSE
CROTONE,4,4,1958,aitchison,FALSE
ENNA,4,4,1958,aitchison,FALSE
FERMO,1,1,1958,aitchison,FALSE
FERRARA,1,1,1958,aitchison,FALSE
FOGGIA,1,1,1958,aitchison,FALSE
FORLÌ-CESENA,1,1,1958,aitchison,FALSE
FROSINONE,4,4,1958,aitchison,FALSE
GORIZIA,3,3,1958,aitchison,FALSE
GROSSETO,1,1,1958,aitchison,FALSE
IMPERIA,3,3,1958,aitchison,FALSE
L'AQUILA,4,4,1958,aitchison,FALSE
LATINA,4,4,1958,aitchison,FALSE
LECCE,4,4,1958,aitchison,FALSE
LECCO,3,3,1958,aitchison,FALSE
LODI,2,2,1958,aitchison,FALSE
LUCCA,3,3,1958,aitchison,FALSE
MACERATA,1,1,1958,aitchison,FALSE
MANTOVA,1,1,1958,aitchison,FALSE
MESSINA,4,4,1958,aitchison,FALSE
MILANO,2,2,1958,aitchison,FALSE
MONZA E DELLA BRIANZA,3,3,1958,aitchison,FALSE
NAPOLI,4,4,1958,aitchison,FALSE
NOVARA,2,2,1958,aitchison,FALSE
PADOVA,3,3,1958,aitchison,FALSE
PALERMO,4,4,1958,aitchison,FALSE
PAVIA,2,2,1958,aitchison,FALSE
PERUGIA,1,1,1958,aitchison,FALSE
PESARO E URBINO,1,1,1958,aitchison,FALSE
PESCARA,4,4,1958,aitchison,FALSE
PORDENONE,3,3,1958,aitchison,FALSE
RAGUSA,4,4,1958,aitchison,FALSE
RAVENNA,1,1,1958,aitchison,FALSE
REGGIO CALABRIA,4,4,1958,aitchison,FALSE
RIETI,1,1,1958,aitchison,FALSE
RIMINI,1,1,1958,aitchison,FALSE
SALERNO,4,4,1958,aitchison,FALSE
SASSARI,4,4,1958,aitchison,FALSE
SIENA,1,1,1958,aitchison,FALSE
SIRACUSA,4,4,1958,aitchison,FALSE
SONDRIO,3,3,1958,aitchison,FALSE
TARANTO,4,4,1958,aitchison,FALSE
TERAMO,4,4,1958,aitchison,FALSE
TERNI,1,1,1958,aitchison,FALSE
TORINO,2,2,1958,aitchison,FALSE
TRAPANI,4,4,1958,aitchison,FALSE
UDINE,3,3,1958,aitchison,FALSE
VARESE,3,3,1958,aitchison,FALSE
VENEZIA,1,1,1958,aitchison,FALSE
VERBANO-CUSIO-OSSOLA,2,2,1958,aitchison,FALSE
VERCELLI,2,2,1958,aitchison,FALSE
VERONA,3,3,1958,aitchison,FALSE
VIBO VALENTIA,4,4,1958,aitchison,FALSE
VICENZA,3,3,1958,aitchison,FALSE
VITERBO,4,4,1958,aitchison,FALSE
ANCONA,1,2,1958,euclidean,TRUE
AREZZO,1,2,1958,euclidean,TRUE
ASCOLI PICENO,1,4,1958,euclidean,TRUE
ASTI,3,4,1958,euclidean,TRUE
BARI,1,4,1958,euclidean,TRUE
BARLETTA-ANDRIA-TRANI,1,2,1958,euclidean,TRUE
BELLUNO,3,4,1958,euclidean,TRUE
BOLZANO/BOZEN,3,4,1958,euclidean,TRUE
CALTANISSETTA,4,2,1958,euclidean,TRUE
CAMPOBASSO,1,4,1958,euclidean,TRUE
CREMONA,1,2,1958,euclidean,TRUE
CROTONE,4,1,1958,euclidean,TRUE
FERMO,1,2,1958,euclidean,TRUE
FIRENZE,2,1,1958,euclidean,TRUE
FOGGIA,1,2,1958,euclidean,TRUE
GORIZIA,3,4,1958,euclidean,TRUE
IMPERIA,3,4,1958,euclidean,TRUE
ISERNIA,1,4,1958,euclidean,TRUE
LIVORNO,2,1,1958,euclidean,TRUE
MACERATA,1,4,1958,euclidean,TRUE
MANTOVA,1,2,1958,euclidean,TRUE
MATERA,4,2,1958,euclidean,TRUE
MODENA,2,1,1958,euclidean,TRUE
PERUGIA,1,2,1958,euclidean,TRUE
PESARO E URBINO,1,2,1958,euclidean,TRUE
PISA,2,1,1958,euclidean,TRUE
PISTOIA,2,1,1958,euclidean,TRUE
PORDENONE,3,4,1958,euclidean,TRUE
PRATO,2,1,1958,euclidean,TRUE
RAGUSA,4,2,1958,euclidean,TRUE
REGGIO NELL'EMILIA,2,1,1958,euclidean,TRUE
RIETI,1,2,1958,euclidean,TRUE
ROMA,4,2,1958,euclidean,TRUE
SIRACUSA,4,2,1958,euclidean,TRUE
SUD SARDEGNA,4,2,1958,euclidean,TRUE
TARANTO,4,2,1958,euclidean,TRUE
TRAPANI,4,2,1958,euclidean,TRUE
TRIESTE,4,2,1958,euclidean,TRUE
UDINE,3,4,1958,euclidean,TRUE
VENEZIA,1,2,1958,euclidean,TRUE
VITERBO,4,2,1958,euclidean,TRUE
AGRIGENTO,4,4,1958,euclidean,FALSE
ALESSANDRIA,2,2,1958,euclidean,FALSE
AVELLINO,4,4,1958,euclidean,FALSE
BENEVENTO,4,4,1958,euclidean,FALSE
BERGAMO,3,3,1958,euclidean,FALSE
BIELLA,2,2,1958,euclidean,FALSE
BOLOGNA,1,1,1958,euclidean,FALSE
BRESCIA,3,3,1958,euclidean,FALSE
BRINDISI,4,4,1958,euclidean,FALSE
CAGLIARI,4,4,1958,euclidean,FALSE
CASERTA,4,4,1958,euclidean,FALSE
CATANIA,4,4,1958,euclidean,FALSE
CATANZARO,4,4,1958,euclidean,FALSE
CHIETI,4,4,1958,euclidean,FALSE
COMO,3,3,1958,euclidean,FALSE
COSENZA,4,4,1958,euclidean,FALSE
CUNEO,3,3,1958,euclidean,FALSE
ENNA,4,4,1958,euclidean,FALSE
FERRARA,1,1,1958,euclidean,FALSE
FORLÌ-CESENA,1,1,1958,euclidean,FALSE
FROSINONE,4,4,1958,euclidean,FALSE
GENOVA,2,2,1958,euclidean,FALSE
GROSSETO,1,1,1958,euclidean,FALSE
L'AQUILA,4,4,1958,euclidean,FALSE
LA SPEZIA,2,2,1958,euclidean,FALSE
LATINA,4,4,1958,euclidean,FALSE
LECCE,4,4,1958,euclidean,FALSE
LECCO,3,3,1958,euclidean,FALSE
LODI,2,2,1958,euclidean,FALSE
LUCCA,3,3,1958,euclidean,FALSE
MASSA-CARRARA,2,2,1958,euclidean,FALSE
MESSINA,4,4,1958,euclidean,FALSE
MILANO,2,2,1958,euclidean,FALSE
MONZA E DELLA BRIANZA,3,3,1958,euclidean,FALSE
NAPOLI,4,4,1958,euclidean,FALSE
NOVARA,2,2,1958,euclidean,FALSE
NUORO,4,4,1958,euclidean,FALSE
ORISTANO,4,4,1958,euclidean,FALSE
PADOVA,3,3,1958,euclidean,FALSE
PALERMO,4,4,1958,euclidean,FALSE
PARMA,2,2,1958,euclidean,FALSE
PAVIA,2,2,1958,euclidean,FALSE
PESCARA,4,4,1958,euclidean,FALSE
PIACENZA,2,2,1958,euclidean,FALSE
POTENZA,4,4,1958,euclidean,FALSE
RAVENNA,1,1,1958,euclidean,FALSE
REGGIO CALABRIA,4,4,1958,euclidean,FALSE
RIMINI,1,1,1958,euclidean,FALSE
ROVIGO,2,2,1958,euclidean,FALSE
SALERNO,4,4,1958,euclidean,FALSE
SASSARI,4,4,1958,euclidean,FALSE
SAVONA,2,2,1958,euclidean,FALSE
SIENA,1,1,1958,euclidean,FALSE
SONDRIO,3,3,1958,euclidean,FALSE
TERAMO,4,4,1958,euclidean,FALSE
TERNI,1,1,1958,euclidean,FALSE
TORINO,2,2,1958,euclidean,FALSE
TRENTO,3,3,1958,euclidean,FALSE
TREVISO,3,3,1958,euclidean,FALSE
VARESE,3,3,1958,euclidean,FALSE
VERBANO-CUSIO-OSSOLA,2,2,1958,euclidean,FALSE
VERCELLI,2,2,1958,euclidean,FALSE
VERONA,3,3,1958,euclidean,FALSE
VIBO VALENTIA,4,4,1958,euclidean,FALSE
VICENZA,3,3,1958,euclidean,FALSE
ALESSANDRIA,2,3,1963,aitchison,TRUE
ASTI,3,4,1963,aitchison,TRUE
BIELLA,2,3,1963,aitchison,TRUE
BOLZANO/BOZEN,3,4,1963,aitchison,TRUE
CUNEO,3,4,1963,aitchison,TRUE
GENOVA,2,3,1963,aitchison,TRUE
IMPERIA,2,3,1963,aitchison,TRUE
LECCO,3,1,1963,aitchison,TRUE
MATERA,4,3,1963,aitchison,TRUE
MILANO,2,3,1963,aitchison,TRUE
NOVARA,2,3,1963,aitchison,TRUE
PAVIA,2,3,1963,aitchison,TRUE
PESCARA,4,3,1963,aitchison,TRUE
PIACENZA,2,3,1963,aitchison,TRUE
SAVONA,2,3,1963,aitchison,TRUE
TORINO,2,3,1963,aitchison,TRUE
VENEZIA,2,3,1963,aitchison,TRUE
VERBANO-CUSIO-OSSOLA,2,3,1963,aitchison,TRUE
VERCELLI,2,3,1963,aitchison,TRUE
AGRIGENTO,4,4,1963,aitchison,FALSE
ANCONA,1,1,1963,aitchison,FALSE
AREZZO,2,2,1963,aitchison,FALSE
ASCOLI PICENO,1,1,1963,aitchison,FALSE
AVELLINO,4,4,1963,aitchison,FALSE
BARI,4,4,1963,aitchison,FALSE
BARLETTA-ANDRIA-TRANI,4,4,1963,aitchison,FALSE
BELLUNO,1,1,1963,aitchison,FALSE
BENEVENTO,4,4,1963,aitchison,FALSE
BERGAMO,3,3,1963,aitchison,FALSE
BOLOGNA,2,2,1963,aitchison,FALSE
BRESCIA,3,3,1963,aitchison,FALSE
BRINDISI,4,4,1963,aitchison,FALSE
CAGLIARI,4,4,1963,aitchison,FALSE
CALTANISSETTA,4,4,1963,aitchison,FALSE
CAMPOBASSO,1,1,1963,aitchison,FALSE
CASERTA,4,4,1963,aitchison,FALSE
CATANIA,4,4,1963,aitchison,FALSE
CATANZARO,4,4,1963,aitchison,FALSE
CHIETI,4,4,1963,aitchison,FALSE
COMO,1,1,1963,aitchison,FALSE
COSENZA,4,4,1963,aitchison,FALSE
CREMONA,3,3,1963,aitchison,FALSE
CROTONE,4,4,1963,aitchison,FALSE
ENNA,4,4,1963,aitchison,FALSE
FERMO,1,1,1963,aitchison,FALSE
FERRARA,2,2,1963,aitchison,FALSE
FIRENZE,2,2,1963,aitchison,FALSE
FOGGIA,4,4,1963,aitchison,FALSE
FORLÌ-CESENA,2,2,1963,aitchison,FALSE
FROSINONE,4,4,1963,aitchison,FALSE
GORIZIA,1,1,1963,aitchison,FALSE
GROSSETO,2,2,1963,aitchison,FALSE
ISERNIA,1,1,1963,aitchison,FALSE
L'AQUILA,4,4,1963,aitchison,FALSE
LA SPEZIA,2,2,1963,aitchison,FALSE
LATINA,4,4,1963,aitchison,FALSE
LECCE,4,4,1963,aitchison,FALSE
LIVORNO,1,1,1963,aitchison,FALSE
LODI,3,3,1963,aitchison,FALSE
LUCCA,1,1,1963,aitchison,FALSE
MACERATA,1,1,1963,aitchison,FALSE
MANTOVA,2,2,1963,aitchison,FALSE
MASSA-CARRARA,1,1,1963,aitchison,FALSE
MESSINA,4,4,1963,aitchison,FALSE
MODENA,2,2,1963,aitchison,FALSE
MONZA E DELLA BRIANZA,3,3,1963,aitchison,FALSE
NAPOLI,4,4,1963,aitchison,FALSE
NUORO,4,4,1963,aitchison,FALSE
ORISTANO,4,4,1963,aitchison,FALSE
PADOVA,3,3,1963,aitchison,FALSE
PALERMO,4,4,1963,aitchison,FALSE
PARMA,2,2,1963,aitchison,FALSE
PERUGIA,2,2,1963,aitchison,FALSE
PESARO E URBINO,1,1,1963,aitchison,FALSE
PISA,1,1,1963,aitchison,FALSE
PISTOIA,2,2,1963,aitchison,FALSE
PORDENONE,1,1,1963,aitchison,FALSE
POTENZA,4,4,1963,aitchison,FALSE
PRATO,2,2,1963,aitchison,FALSE
RAGUSA,4,4,1963,aitchison,FALSE
RAVENNA,2,2,1963,aitchison,FALSE
REGGIO CALABRIA,4,4,1963,aitchison,FALSE
REGGIO NELL'EMILIA,2,2,1963,aitchison,FALSE
RIETI,4,4,1963,aitchison,FALSE
RIMINI,2,2,1963,aitchison,FALSE
ROMA,4,4,1963,aitchison,FALSE
ROVIGO,2,2,1963,aitchison,FALSE
SALERNO,4,4,1963,aitchison,FALSE
SASSARI,4,4,1963,aitchison,FALSE
SIENA,2,2,1963,aitchison,FALSE
SIRACUSA,4,4,1963,aitchison,FALSE
SONDRIO,1,1,1963,aitchison,FALSE
SUD SARDEGNA,4,4,1963,aitchison,FALSE
TARANTO,4,4,1963,aitchison,FALSE
TERAMO,4,4,1963,aitchison,FALSE
TERNI,2,2,1963,aitchison,FALSE
TRAPANI,4,4,1963,aitchison,FALSE
TRENTO,3,3,1963,aitchison,FALSE
TREVISO,3,3,1963,aitchison,FALSE
TRIESTE,4,4,1963,aitchison,FALSE
UDINE,1,1,1963,aitchison,FALSE
VARESE,1,1,1963,aitchison,FALSE
VERONA,3,3,1963,aitchison,FALSE
VIBO VALENTIA,4,4,1963,aitchison,FALSE
VICENZA,3,3,1963,aitchison,FALSE
VITERBO,4,4,1963,aitchison,FALSE
ANCONA,1,2,1963,euclidean,TRUE
AREZZO,2,1,1963,euclidean,TRUE
ASCOLI PICENO,1,2,1963,euclidean,TRUE
ASTI,3,4,1963,euclidean,TRUE
BARLETTA-ANDRIA-TRANI,4,2,1963,euclidean,TRUE
BELLUNO,1,4,1963,euclidean,TRUE
BOLOGNA,2,1,1963,euclidean,TRUE
BOLZANO/BOZEN,3,4,1963,euclidean,TRUE
CAMPOBASSO,1,4,1963,euclidean,TRUE
COMO,1,3,1963,euclidean,TRUE
CREMONA,3,2,1963,euclidean,TRUE
CROTONE,4,1,1963,euclidean,TRUE
FERMO,1,2,1963,euclidean,TRUE
FERRARA,2,1,1963,euclidean,TRUE
FIRENZE,2,1,1963,euclidean,TRUE
FOGGIA,4,2,1963,euclidean,TRUE
FORLÌ-CESENA,2,1,1963,euclidean,TRUE
GORIZIA,1,4,1963,euclidean,TRUE
GROSSETO,2,1,1963,euclidean,TRUE
ISERNIA,1,4,1963,euclidean,TRUE
LODI,3,2,1963,euclidean,TRUE
LUCCA,1,3,1963,euclidean,TRUE
MACERATA,1,4,1963,euclidean,TRUE
MASSA-CARRARA,1,2,1963,euclidean,TRUE
MATERA,4,2,1963,euclidean,TRUE
MODENA,2,1,1963,euclidean,TRUE
NAPOLI,4,2,1963,euclidean,TRUE
PERUGIA,2,1,1963,euclidean,TRUE
PISTOIA,2,1,1963,euclidean,TRUE
PORDENONE,1,4,1963,euclidean,TRUE
PRATO,2,1,1963,euclidean,TRUE
RAGUSA,4,2,1963,euclidean,TRUE
RAVENNA,2,1,1963,euclidean,TRUE
REGGIO NELL'EMILIA,2,1,1963,euclidean,TRUE
RIMINI,2,1,1963,euclidean,TRUE
ROMA,4,2,1963,euclidean,TRUE
SIENA,2,1,1963,euclidean,TRUE
SIRACUSA,4,2,1963,euclidean,TRUE
SONDRIO,1,3,1963,euclidean,TRUE
SUD SARDEGNA,4,2,1963,euclidean,TRUE
TARANTO,4,2,1963,euclidean,TRUE
TERNI,2,1,1963,euclidean,TRUE
TRAPANI,4,2,1963,euclidean,TRUE
TRIESTE,4,2,1963,euclidean,TRUE
UDINE,1,4,1963,euclidean,TRUE
VARESE,1,3,1963,euclidean,TRUE
VITERBO,4,2,1963,euclidean,TRUE
AGRIGENTO,4,4,1963,euclidean,FALSE
ALESSANDRIA,2,2,1963,euclidean,FALSE
AVELLINO,4,4,1963,euclidean,FALSE
BARI,4,4,1963,euclidean,FALSE
BENEVENTO,4,4,1963,euclidean,FALSE
BERGAMO,3,3,1963,euclidean,FALSE
BIELLA,2,2,1963,euclidean,FALSE
BRESCIA,3,3,1963,euclidean,FALSE
BRINDISI,4,4,1963,euclidean,FALSE
CAGLIARI,4,4,1963,euclidean,FALSE
CALTANISSETTA,4,4,1963,euclidean,FALSE
CASERTA,4,4,1963,euclidean,FALSE
CATANIA,4,4,1963,euclidean,FALSE
CATANZARO,4,4,1963,euclidean,FALSE
CHIETI,4,4,1963,euclidean,FALSE
COSENZA,4,4,1963,euclidean,FALSE
CUNEO,3,3,1963,euclidean,FALSE
ENNA,4,4,1963,euclidean,FALSE
FROSINONE,4,4,1963,euclidean,FALSE
GENOVA,2,2,1963,euclidean,FALSE
IMPERIA,2,2,1963,euclidean,FALSE
L'AQUILA,4,4,1963,euclidean,FALSE
LA SPEZIA,2,2,1963,euclidean,FALSE
LATINA,4,4,1963,euclidean,FALSE
LECCE,4,4,1963,euclidean,FALSE
LECCO,3,3,1963,euclidean,FALSE
LIVORNO,1,1,1963,euclidean,FALSE
MANTOVA,2,2,1963,euclidean,FALSE
MESSINA,4,4,1963,euclidean,FALSE
MILANO,2,2,1963,euclidean,FALSE
MONZA E DELLA BRIANZA,3,3,1963,euclidean,FALSE
NOVARA,2,2,1963,euclidean,FALSE
NUORO,4,4,1963,euclidean,FALSE
ORISTANO,4,4,1963,euclidean,FALSE
PADOVA,3,3,1963,euclidean,FALSE
PALERMO,4,4,1963,euclidean,FALSE
PARMA,2,2,1963,euclidean,FALSE
PAVIA,2,2,1963,euclidean,FALSE
PESARO E URBINO,1,1,1963,euclidean,FALSE
PESCARA,4,4,1963,euclidean,FALSE
PIACENZA,2,2,1963,euclidean,FALSE
PISA,1,1,1963,euclidean,FALSE
POTENZA,4,4,1963,euclidean,FALSE
REGGIO CALABRIA,4,4,1963,euclidean,FALSE
RIETI,4,4,1963,euclidean,FALSE
ROVIGO,2,2,1963,euclidean,FALSE
SALERNO,4,4,1963,euclidean,FALSE
SASSARI,4,4,1963,euclidean,FALSE
SAVONA,2,2,1963,euclidean,FALSE
TERAMO,4,4,1963,euclidean,FALSE
TORINO,2,2,1963,euclidean,FALSE
TRENTO,3,3,1963,euclidean,FALSE
TREVISO,3,3,1963,euclidean,FALSE
VENEZIA,2,2,1963,euclidean,FALSE
VERBANO-CUSIO-OSSOLA,2,2,1963,euclidean,FALSE
VERCELLI,2,2,1963,euclidean,FALSE
VERONA,3,3,1963,euclidean,FALSE
VIBO VALENTIA,4,4,1963,euclidean,FALSE
VICENZA,3,3,1963,euclidean,FALSE
ANCONA,2,4,1968,aitchison,TRUE
ASTI,3,1,1968,aitchison,TRUE
BARLETTA-ANDRIA-TRANI,2,4,1968,aitchison,TRUE
BELLUNO,3,1,1968,aitchison,TRUE
BERGAMO,3,4,1968,aitchison,TRUE
BIELLA,2,4,1968,aitchison,TRUE
BOLOGNA,2,4,1968,aitchison,TRUE
BOLZANO/BOZEN,4,2,1968,aitchison,TRUE
BRESCIA,3,4,1968,aitchison,TRUE
CAMPOBASSO,4,2,1968,aitchison,TRUE
COMO,3,4,1968,aitchison,TRUE
CREMONA,3,1,1968,aitchison,TRUE
CUNEO,3,1,1968,aitchison,TRUE
FERMO,2,4,1968,aitchison,TRUE
FERRARA,2,4,1968,aitchison,TRUE
FORLÌ-CESENA,2,4,1968,aitchison,TRUE
GENOVA,2,4,1968,aitchison,TRUE
GORIZIA,3,1,1968,aitchison,TRUE
IMPERIA,2,4,1968,aitchison,TRUE
ISERNIA,4,2,1968,aitchison,TRUE
LA SPEZIA,2,4,1968,aitchison,TRUE
LECCO,3,4,1968,aitchison,TRUE
LIVORNO,2,4,1968,aitchison,TRUE
LODI,2,4,1968,aitchison,TRUE
MACERATA,2,4,1968,aitchison,TRUE
MATERA,3,1,1968,aitchison,TRUE
MILANO,2,4,1968,aitchison,TRUE
MONZA E DELLA BRIANZA,2,4,1968,aitchison,TRUE
NOVARA,2,4,1968,aitchison,TRUE
PADOVA,3,1,1968,aitchison,TRUE
PAVIA,2,4,1968,aitchison,TRUE
PESARO E URBINO,2,4,1968,aitchison,TRUE
PISA,2,4,1968,aitchison,TRUE
PORDENONE,3,1,1968,aitchison,TRUE
POTENZA,3,1,1968,aitchison,TRUE
RAVENNA,2,4,1968,aitchison,TRUE
RIETI,3,1,1968,aitchison,TRUE
RIMINI,2,4,1968,aitchison,TRUE
ROMA,2,4,1968,aitchison,TRUE
SAVONA,2,4,1968,aitchison,TRUE
SONDRIO,3,4,1968,aitchison,TRUE
TORINO,2,4,1968,aitchison,TRUE
TRENTO,3,4,1968,aitchison,TRUE
UDINE,3,1,1968,aitchison,TRUE
VARESE,2,4,1968,aitchison,TRUE
VENEZIA,2,4,1968,aitchison,TRUE
VERBANO-CUSIO-OSSOLA,2,4,1968,aitchison,TRUE
VERCELLI,2,4,1968,aitchison,TRUE
VERONA,3,1,1968,aitchison,TRUE
VICENZA,3,1,1968,aitchison,TRUE
VITERBO,2,4,1968,aitchison,TRUE
AGRIGENTO,4,4,1968,aitchison,FALSE
ALESSANDRIA,1,1,1968,aitchison,FALSE
AREZZO,2,2,1968,aitchison,FALSE
ASCOLI PICENO,4,4,1968,aitchison,FALSE
AVELLINO,4,4,1968,aitchison,FALSE
BARI,4,4,1968,aitchison,FALSE
BENEVENTO,4,4,1968,aitchison,FALSE
BRINDISI,4,4,1968,aitchison,FALSE
CAGLIARI,3,3,1968,aitchison,FALSE
CALTANISSETTA,4,4,1968,aitchison,FALSE
CASERTA,4,4,1968,aitchison,FALSE
CATANIA,4,4,1968,aitchison,FALSE
CATANZARO,4,4,1968,aitchison,FALSE
CHIETI,4,4,1968,aitchison,FALSE
COSENZA,4,4,1968,aitchison,FALSE
CROTONE,4,4,1968,aitchison,FALSE
ENNA,4,4,1968,aitchison,FALSE
FIRENZE,1,1,1968,aitchison,FALSE
FOGGIA,4,4,1968,aitchison,FALSE
FROSINONE,4,4,1968,aitchison,FALSE
GROSSETO,2,2,1968,aitchison,FALSE
L'AQUILA,4,4,1968,aitchison,FALSE
LATINA,4,4,1968,aitchison,FALSE
LECCE,4,4,1968,aitchison,FALSE
LUCCA,4,4,1968,aitchison,FALSE
MANTOVA,1,1,1968,aitchison,FALSE
MASSA-CARRARA,4,4,1968,aitchison,FALSE
MESSINA,4,4,1968,aitchison,FALSE
MODENA,1,1,1968,aitchison,FALSE
NAPOLI,4,4,1968,aitchison,FALSE
NUORO,3,3,1968,aitchison,FALSE
ORISTANO,3,3,1968,aitchison,FALSE
PALERMO,4,4,1968,aitchison,FALSE
PARMA,1,1,1968,aitchison,FALSE
PERUGIA,1,1,1968,aitchison,FALSE
PESCARA,4,4,1968,aitchison,FALSE
PIACENZA,1,1,1968,aitchison,FALSE
PISTOIA,1,1,1968,aitchison,FALSE
PRATO,1,1,1968,aitchison,FALSE
RAGUSA,4,4,1968,aitchison,FALSE
REGGIO CALABRIA,4,4,1968,aitchison,FALSE
REGGIO NELL'EMILIA,1,1,1968,aitchison,FALSE
ROVIGO,1,1,1968,aitchison,FALSE
SALERNO,4,4,1968,aitchison,FALSE
SASSARI,3,3,1968,aitchison,FALSE
SIENA,2,2,1968,aitchison,FALSE
SIRACUSA,4,4,1968,aitchison,FALSE
SUD SARDEGNA,3,3,1968,aitchison,FALSE
TARANTO,4,4,1968,aitchison,FALSE
TERAMO,4,4,1968,aitchison,FALSE
TERNI,1,1,1968,aitchison,FALSE
TRAPANI,4,4,1968,aitchison,FALSE
TREVISO,4,4,1968,aitchison,FALSE
TRIESTE,4,4,1968,aitchison,FALSE
VIBO VALENTIA,4,4,1968,aitchison,FALSE
ALESSANDRIA,1,2,1968,euclidean,TRUE
AREZZO,2,1,1968,euclidean,TRUE
ASCOLI PICENO,4,2,1968,euclidean,TRUE
ASTI,3,4,1968,euclidean,TRUE
BELLUNO,3,4,1968,euclidean,TRUE
BOLOGNA,2,1,1968,euclidean,TRUE
BRINDISI,4,2,1968,euclidean,TRUE
CAGLIARI,3,2,1968,euclidean,TRUE
CREMONA,3,2,1968,euclidean,TRUE
CROTONE,4,2,1968,euclidean,TRUE
FERRARA,2,1,1968,euclidean,TRUE
FOGGIA,4,2,1968,euclidean,TRUE
FORLÌ-CESENA,2,1,1968,euclidean,TRUE
GORIZIA,3,2,1968,euclidean,TRUE
GROSSETO,2,1,1968,euclidean,TRUE
LATINA,4,2,1968,euclidean,TRUE
LIVORNO,2,1,1968,euclidean,TRUE
MANTOVA,1,2,1968,euclidean,TRUE
MASSA-CARRARA,4,2,1968,euclidean,TRUE
MATERA,3,2,1968,euclidean,TRUE
MONZA E DELLA BRIANZA,2,3,1968,euclidean,TRUE
NAPOLI,4,2,1968,euclidean,TRUE
NUORO,3,4,1968,euclidean,TRUE
ORISTANO,3,4,1968,euclidean,TRUE
PARMA,1,2,1968,euclidean,TRUE
PESARO E URBINO,2,1,1968,euclidean,TRUE
PESCARA,4,2,1968,euclidean,TRUE
PIACENZA,1,2,1968,euclidean,TRUE
PISA,2,1,1968,euclidean,TRUE
PORDENONE,3,4,1968,euclidean,TRUE
POTENZA,3,4,1968,euclidean,TRUE
RAGUSA,4,2,1968,euclidean,TRUE
RAVENNA,2,1,1968,euclidean,TRUE
RIETI,3,2,1968,euclidean,TRUE
RIMINI,2,1,1968,euclidean,TRUE
ROVIGO,1,2,1968,euclidean,TRUE
SASSARI,3,4,1968,euclidean,TRUE
SIENA,2,1,1968,euclidean,TRUE
SIRACUSA,4,2,1968,euclidean,TRUE
SUD SARDEGNA,3,2,1968,euclidean,TRUE
TARANTO,4,2,1968,euclidean,TRUE
TERAMO,4,2,1968,euclidean,TRUE
TREVISO,4,3,1968,euclidean,TRUE
TRIESTE,4,2,1968,euclidean,TRUE
UDINE,3,4,1968,euclidean,TRUE
AGRIGENTO,4,4,1968,euclidean,FALSE
ANCONA,2,2,1968,euclidean,FALSE
AVELLINO,4,4,1968,euclidean,FALSE
BARI,4,4,1968,euclidean,FALSE
BARLETTA-ANDRIA-TRANI,2,2,1968,euclidean,FALSE
BENEVENTO,4,4,1968,euclidean,FALSE
BERGAMO,3,3,1968,euclidean,FALSE
BIELLA,2,2,1968,euclidean,FALSE
BOLZANO/BOZEN,4,4,1968,euclidean,FALSE
BRESCIA,3,3,1968,euclidean,FALSE
CALTANISSETTA,4,4,1968,euclidean,FALSE
CAMPOBASSO,4,4,1968,euclidean,FALSE
CASERTA,4,4,1968,euclidean,FALSE
CATANIA,4,4,1968,euclidean,FALSE
CATANZARO,4,4,1968,euclidean,FALSE
CHIETI,4,4,1968,euclidean,FALSE
COMO,3,3,1968,euclidean,FALSE
COSENZA,4,4,1968,euclidean,FALSE
CUNEO,3,3,1968,euclidean,FALSE
ENNA,4,4,1968,euclidean,FALSE
FERMO,2,2,1968,euclidean,FALSE
FIRENZE,1,1,1968,euclidean,FALSE
FROSINONE,4,4,1968,euclidean,FALSE
GENOVA,2,2,1968,euclidean,FALSE
IMPERIA,2,2,1968,euclidean,FALSE
ISERNIA,4,4,1968,euclidean,FALSE
L'AQUILA,4,4,1968,euclidean,FALSE
LA SPEZIA,2,2,1968,euclidean,FALSE
LECCE,4,4,1968,euclidean,FALSE
LECCO,3,3,1968,euclidean,FALSE
LODI,2,2,1968,euclidean,FALSE
LUCCA,4,4,1968,euclidean,FALSE
MACERATA,2,2,1968,euclidean,FALSE
MESSINA,4,4,1968,euclidean,FALSE
MILANO,2,2,1968,euclidean,FALSE
MODENA,1,1,1968,euclidean,FALSE
NOVARA,2,2,1968,euclidean,FALSE
PADOVA,3,3,1968,euclidean,FALSE
PALERMO,4,4,1968,euclidean,FALSE
PAVIA,2,2,1968,euclidean,FALSE
PERUGIA,1,1,1968,euclidean,FALSE
PISTOIA,1,1,1968,euclidean,FALSE
PRATO,1,1,1968,euclidean,FALSE
REGGIO CALABRIA,4,4,1968,euclidean,FALSE
REGGIO NELL'EMILIA,1,1,1968,euclidean,FALSE
ROMA,2,2,1968,euclidean,FALSE
SALERNO,4,4,1968,euclidean,FALSE
SAVONA,2,2,1968,euclidean,FALSE
SONDRIO,3,3,1968,euclidean,FALSE
TERNI,1,1,1968,euclidean,FALSE
TORINO,2,2,1968,euclidean,FALSE
TRAPANI,4,4,1968,euclidean,FALSE
TRENTO,3,3,1968,euclidean,FALSE
VARESE,2,2,1968,euclidean,FALSE
VENEZIA,2,2,1968,euclidean,FALSE
VERBANO-CUSIO-OSSOLA,2,2,1968,euclidean,FALSE
VERCELLI,2,2,1968,euclidean,FALSE
VERONA,3,3,1968,euclidean,FALSE
VIBO VALENTIA,4,4,1968,euclidean,FALSE
VICENZA,3,3,1968,euclidean,FALSE
VITERBO,2,2,1968,euclidean,FALSE
AGRIGENTO,4,2,1972,aitchison,TRUE
ALESSANDRIA,2,3,1972,aitchison,TRUE
ANCONA,2,1,1972,aitchison,TRUE
AVELLINO,4,2,1972,aitchison,TRUE
BIELLA,2,3,1972,aitchison,TRUE
CALTANISSETTA,4,2,1972,aitchison,TRUE
CHIETI,4,2,1972,aitchison,TRUE
COSENZA,4,2,1972,aitchison,TRUE
CREMONA,2,1,1972,aitchison,TRUE
CROTONE,4,2,1972,aitchison,TRUE
ENNA,4,2,1972,aitchison,TRUE
FERMO,2,1,1972,aitchison,TRUE
FOGGIA,4,2,1972,aitchison,TRUE
GENOVA,2,3,1972,aitchison,TRUE
GORIZIA,2,1,1972,aitchison,TRUE
IMPERIA,2,3,1972,aitchison,TRUE
ISERNIA,4,2,1972,aitchison,TRUE
L'AQUILA,4,2,1972,aitchison,TRUE
LA SPEZIA,2,1,1972,aitchison,TRUE
LODI,2,3,1972,aitchison,TRUE
LUCCA,2,3,1972,aitchison,TRUE
MACERATA,2,1,1972,aitchison,TRUE
MANTOVA,2,1,1972,aitchison,TRUE
MASSA-CARRARA,2,1,1972,aitchison,TRUE
MATERA,4,2,1972,aitchison,TRUE
MILANO,2,3,1972,aitchison,TRUE
MONZA E DELLA BRIANZA,2,3,1972,aitchison,TRUE
NOVARA,2,3,1972,aitchison,TRUE
PARMA,2,1,1972,aitchison,TRUE
PAVIA,2,1,1972,aitchison,TRUE
PIACENZA,2,1,1972,aitchison,TRUE
POTENZA,4,2,1972,aitchison,TRUE
ROVIGO,2,1,1972,aitchison,TRUE
SAVONA,2,3,1972,aitchison,TRUE
SUD SARDEGNA,4,2,1972,aitchison,TRUE
TERAMO,4,2,1972,aitchison,TRUE
TORINO,2,3,1972,aitchison,TRUE
TRIESTE,2,4,1972,aitchison,TRUE
VARESE,2,3,1972,aitchison,TRUE
VENEZIA,2,3,1972,aitchison,TRUE
VERBANO-CUSIO-OSSOLA,2,3,1972,aitchison,TRUE
VERCELLI,2,3,1972,aitchison,TRUE
VIBO VALENTIA,4,2,1972,aitchison,TRUE
VITERBO,2,4,1972,aitchison,TRUE
AREZZO,1,1,1972,aitchison,FALSE
ASCOLI PICENO,4,4,1972,aitchison,FALSE
ASTI,3,3,1972,aitchison,FALSE
BARI,4,4,1972,aitchison,FALSE
BARLETTA-ANDRIA-TRANI,4,4,1972,aitchison,FALSE
BELLUNO,3,3,1972,aitchison,FALSE
BENEVENTO,4,4,1972,aitchison,FALSE
BERGAMO,3,3,1972,aitchison,FALSE
BOLOGNA,1,1,1972,aitchison,FALSE
BOLZANO/BOZEN,3,3,1972,aitchison,FALSE
BRESCIA,3,3,1972,aitchison,FALSE
BRINDISI,4,4,1972,aitchison,FALSE
CAGLIARI,4,4,1972,aitchison,FALSE
CAMPOBASSO,4,4,1972,aitchison,FALSE
CASERTA,4,4,1972,aitchison,FALSE
CATANIA,4,4,1972,aitchison,FALSE
CATANZARO,4,4,1972,aitchison,FALSE
COMO,3,3,1972,aitchison,FALSE
CUNEO,3,3,1972,aitchison,FALSE
FERRARA,1,1,1972,aitchison,FALSE
FIRENZE,1,1,1972,aitchison,FALSE
FORLÌ-CESENA,1,1,1972,aitchison,FALSE
FROSINONE,4,4,1972,aitchison,FALSE
GROSSETO,1,1,1972,aitchison,FALSE
LATINA,4,4,1972,aitchison,FALSE
LECCE,4,4,1972,aitchison,FALSE
LECCO,3,3,1972,aitchison,FALSE
LIVORNO,1,1,1972,aitchison,FALSE
MESSINA,4,4,1972,aitchison,FALSE
MODENA,1,1,1972,aitchison,FALSE
NAPOLI,4,4,1972,aitchison,FALSE
NUORO,4,4,1972,aitchison,FALSE
ORISTANO,4,4,1972,aitchison,FALSE
PADOVA,3,3,1972,aitchison,FALSE
PALERMO,4,4,1972,aitchison,FALSE
PERUGIA,1,1,1972,aitchison,FALSE
PESARO E URBINO,1,1,1972,aitchison,FALSE
PESCARA,4,4,1972,aitchison,FALSE
PISA,1,1,1972,aitchison,FALSE
PISTOIA,1,1,1972,aitchison,FALSE
PORDENONE,3,3,1972,aitchison,FALSE
PRATO,1,1,1972,aitchison,FALSE
RAGUSA,4,4,1972,aitchison,FALSE
RAVENNA,1,1,1972,aitchison,FALSE
REGGIO CALABRIA,4,4,1972,aitchison,FALSE
REGGIO NELL'EMILIA,1,1,1972,aitchison,FALSE
RIETI,4,4,1972,aitchison,FALSE
RIMINI,1,1,1972,aitchison,FALSE
ROMA,4,4,1972,aitchison,FALSE
SALERNO,4,4,1972,aitchison,FALSE
SASSARI,4,4,1972,aitchison,FALSE
SIENA,1,1,1972,aitchison,FALSE
SIRACUSA,4,4,1972,aitchison,FALSE
SONDRIO,3,3,1972,aitchison,FALSE
TARANTO,4,4,1972,aitchison,FALSE
TERNI,1,1,1972,aitchison,FALSE
TRAPANI,4,4,1972,aitchison,FALSE
TRENTO,3,3,1972,aitchison,FALSE
TREVISO,3,3,1972,aitchison,FALSE
UDINE,3,3,1972,aitchison,FALSE
VERONA,3,3,1972,aitchison,FALSE
VICENZA,3,3,1972,aitchison,FALSE
ASCOLI PICENO,4,2,1972,euclidean,TRUE
BARLETTA-ANDRIA-TRANI,4,2,1972,euclidean,TRUE
BELLUNO,3,4,1972,euclidean,TRUE
BOLZANO/BOZEN,3,4,1972,euclidean,TRUE
CROTONE,4,2,1972,euclidean,TRUE
FOGGIA,4,2,1972,euclidean,TRUE
LUCCA,2,3,1972,euclidean,TRUE
MONZA E DELLA BRIANZA,2,3,1972,euclidean,TRUE
PESCARA,4,2,1972,euclidean,TRUE
RIETI,4,2,1972,euclidean,TRUE
ROMA,4,2,1972,euclidean,TRUE
SUD SARDEGNA,4,2,1972,euclidean,TRUE
TARANTO,4,2,1972,euclidean,TRUE
TERAMO,4,2,1972,euclidean,TRUE
AGRIGENTO,4,4,1972,euclidean,FALSE
ALESSANDRIA,2,2,1972,euclidean,FALSE
ANCONA,2,2,1972,euclidean,FALSE
AREZZO,1,1,1972,euclidean,FALSE
ASTI,3,3,1972,euclidean,FALSE
AVELLINO,4,4,1972,euclidean,FALSE
BARI,4,4,1972,euclidean,FALSE
BENEVENTO,4,4,1972,euclidean,FALSE
BERGAMO,3,3,1972,euclidean,FALSE
BIELLA,2,2,1972,euclidean,FALSE
BOLOGNA,1,1,1972,euclidean,FALSE
BRESCIA,3,3,1972,euclidean,FALSE
BRINDISI,4,4,1972,euclidean,FALSE
CAGLIARI,4,4,1972,euclidean,FALSE
CALTANISSETTA,4,4,1972,euclidean,FALSE
CAMPOBASSO,4,4,1972,euclidean,FALSE
CASERTA,4,4,1972,euclidean,FALSE
CATANIA,4,4,1972,euclidean,FALSE
CATANZARO,4,4,1972,euclidean,FALSE
CHIETI,4,4,1972,euclidean,FALSE
COMO,3,3,1972,euclidean,FALSE
COSENZA,4,4,1972,euclidean,FALSE
CREMONA,2,2,1972,euclidean,FALSE
CUNEO,3,3,1972,euclidean,FALSE
ENNA,4,4,1972,euclidean,FALSE
FERMO,2,2,1972,euclidean,FALSE
FERRARA,1,1,1972,euclidean,FALSE
FIRENZE,1,1,1972,euclidean,FALSE
FORLÌ-CESENA,1,1,1972,euclidean,FALSE
FROSINONE,4,4,1972,euclidean,FALSE
GENOVA,2,2,1972,euclidean,FALSE
GORIZIA,2,2,1972,euclidean,FALSE
GROSSETO,1,1,1972,euclidean,FALSE
IMPERIA,2,2,1972,euclidean,FALSE
ISERNIA,4,4,1972,euclidean,FALSE
L'AQUILA,4,4,1972,euclidean,FALSE
LA SPEZIA,2,2,1972,euclidean,FALSE
LATINA,4,4,1972,euclidean,FALSE
LECCE,4,4,1972,euclidean,FALSE
LECCO,3,3,1972,euclidean,FALSE
LIVORNO,1,1,1972,euclidean,FALSE
LODI,2,2,1972,euclidean,FALSE
MACERATA,2,2,1972,euclidean,FALSE
MANTOVA,2,2,1972,euclidean,FALSE
MASSA-CARRARA,2,2,1972,euclidean,FALSE
MATERA,4,4,1972,euclidean,FALSE
MESSINA,4,4,1972,euclidean,FALSE
MILANO,2,2,1972,euclidean,FALSE
MODENA,1,1,1972,euclidean,FALSE
NAPOLI,4,4,1972,euclidean,FALSE
NOVARA,2,2,1972,euclidean,FALSE
NUORO,4,4,1972,euclidean,FALSE
ORISTANO,4,4,1972,euclidean,FALSE
PADOVA,3,3,1972,euclidean,FALSE
PALERMO,4,4,1972,euclidean,FALSE
PARMA,2,2,1972,euclidean,FALSE
PAVIA,2,2,1972,euclidean,FALSE
PERUGIA,1,1,1972,euclidean,FALSE
PESARO E URBINO,1,1,1972,euclidean,FALSE
PIACENZA,2,2,1972,euclidean,FALSE
PISA,1,1,1972,euclidean,FALSE
PISTOIA,1,1,1972,euclidean,FALSE
PORDENONE,3,3,1972,euclidean,FALSE
POTENZA,4,4,1972,euclidean,FALSE
PRATO,1,1,1972,euclidean,FALSE
RAGUSA,4,4,1972,euclidean,FALSE
RAVENNA,1,1,1972,euclidean,FALSE
REGGIO CALABRIA,4,4,1972,euclidean,FALSE
REGGIO NELL'EMILIA,1,1,1972,euclidean,FALSE
RIMINI,1,1,1972,euclidean,FALSE
ROVIGO,2,2,1972,euclidean,FALSE
SALERNO,4,4,1972,euclidean,FALSE
SASSARI,4,4,1972,euclidean,FALSE
SAVONA,2,2,1972,euclidean,FALSE
SIENA,1,1,1972,euclidean,FALSE
SIRACUSA,4,4,1972,euclidean,FALSE
SONDRIO,3,3,1972,euclidean,FALSE
TERNI,1,1,1972,euclidean,FALSE
TORINO,2,2,1972,euclidean,FALSE
TRAPANI,4,4,1972,euclidean,FALSE
TRENTO,3,3,1972,euclidean,FALSE
TREVISO,3,3,1972,euclidean,FALSE
TRIESTE,2,2,1972,euclidean,FALSE
UDINE,3,3,1972,euclidean,FALSE
VARESE,2,2,1972,euclidean,FALSE
VENEZIA,2,2,1972,euclidean,FALSE
VERBANO-CUSIO-OSSOLA,2,2,1972,euclidean,FALSE
VERCELLI,2,2,1972,euclidean,FALSE
VERONA,3,3,1972,euclidean,FALSE
VIBO VALENTIA,4,4,1972,euclidean,FALSE
VICENZA,3,3,1972,euclidean,FALSE
VITERBO,2,2,1972,euclidean,FALSE
ALESSANDRIA,1,3,1976,aitchison,TRUE
ANCONA,1,3,1976,aitchison,TRUE
AREZZO,1,3,1976,aitchison,TRUE
BELLUNO,4,1,1976,aitchison,TRUE
BOLZANO/BOZEN,4,1,1976,aitchison,TRUE
FERMO,1,3,1976,aitchison,TRUE
FIRENZE,1,3,1976,aitchison,TRUE
GORIZIA,4,1,1976,aitchison,TRUE
GROSSETO,1,3,1976,aitchison,TRUE
LIVORNO,1,3,1976,aitchison,TRUE
MANTOVA,1,3,1976,aitchison,TRUE
MASSA-CARRARA,1,3,1976,aitchison,TRUE
MODENA,1,3,1976,aitchison,TRUE
PARMA,1,3,1976,aitchison,TRUE
PERUGIA,2,4,1976,aitchison,TRUE
PESARO E URBINO,1,3,1976,aitchison,TRUE
PISA,1,3,1976,aitchison,TRUE
PISTOIA,1,3,1976,aitchison,TRUE
PORDENONE,4,1,1976,aitchison,TRUE
PRATO,1,3,1976,aitchison,TRUE
REGGIO NELL'EMILIA,1,3,1976,aitchison,TRUE
SIENA,1,3,1976,aitchison,TRUE
TRENTO,4,1,1976,aitchison,TRUE
TREVISO,3,2,1976,aitchison,TRUE
TRIESTE,4,1,1976,aitchison,TRUE
UDINE,4,1,1976,aitchison,TRUE
VICENZA,3,2,1976,aitchison,TRUE
VITERBO,2,4,1976,aitchison,TRUE
AGRIGENTO,4,4,1976,aitchison,FALSE
ASCOLI PICENO,3,3,1976,aitchison,FALSE
ASTI,3,3,1976,aitchison,FALSE
AVELLINO,3,3,1976,aitchison,FALSE
BARI,3,3,1976,aitchison,FALSE
BARLETTA-ANDRIA-TRANI,3,3,1976,aitchison,FALSE
BENEVENTO,3,3,1976,aitchison,FALSE
BERGAMO,3,3,1976,aitchison,FALSE
BIELLA,2,2,1976,aitchison,FALSE
BOLOGNA,2,2,1976,aitchison,FALSE
BRESCIA,3,3,1976,aitchison,FALSE
BRINDISI,4,4,1976,aitchison,FALSE
CAGLIARI,3,3,1976,aitchison,FALSE
CALTANISSETTA,4,4,1976,aitchison,FALSE
CAMPOBASSO,3,3,1976,aitchison,FALSE
CASERTA,4,4,1976,aitchison,FALSE
CATANIA,4,4,1976,aitchison,FALSE
CATANZARO,3,3,1976,aitchison,FALSE
CHIETI,3,3,1976,aitchison,FALSE
COMO,3,3,1976,aitchison,FALSE
COSENZA,3,3,1976,aitchison,FALSE
CREMONA,3,3,1976,aitchison,FALSE
CROTONE,3,3,1976,aitchison,FALSE
CUNEO,3,3,1976,aitchison,FALSE
ENNA,4,4,1976,aitchison,FALSE
FERRARA,2,2,1976,aitchison,FALSE
FOGGIA,3,3,1976,aitchison,FALSE
FORLÌ-CESENA,2,2,1976,aitchison,FALSE
FROSINONE,4,4,1976,aitchison,FALSE
GENOVA,2,2,1976,aitchison,FALSE
IMPERIA,2,2,1976,aitchison,FALSE
ISERNIA,3,3,1976,aitchison,FALSE
L'AQUILA,3,3,1976,aitchison,FALSE
LA SPEZIA,2,2,1976,aitchison,FALSE
LATINA,4,4,1976,aitchison,FALSE
LECCE,4,4,1976,aitchison,FALSE
LECCO,3,3,1976,aitchison,FALSE
LODI,2,2,1976,aitchison,FALSE
LUCCA,3,3,1976,aitchison,FALSE
MACERATA,3,3,1976,aitchison,FALSE
MATERA,4,4,1976,aitchison,FALSE
MESSINA,4,4,1976,aitchison,FALSE
MILANO,2,2,1976,aitchison,FALSE
MONZA E DELLA BRIANZA,2,2,1976,aitchison,FALSE
NAPOLI,4,4,1976,aitchison,FALSE
NOVARA,2,2,1976,aitchison,FALSE
NUORO,3,3,1976,aitchison,FALSE
ORISTANO,3,3,1976,aitchison,FALSE
PADOVA,2,2,1976,aitchison,FALSE
PALERMO,4,4,1976,aitchison,FALSE
PAVIA,2,2,1976,aitchison,FALSE
PESCARA,3,3,1976,aitchison,FALSE
PIACENZA,3,3,1976,aitchison,FALSE
POTENZA,4,4,1976,aitchison,FALSE
RAGUSA,4,4,1976,aitchison,FALSE
RAVENNA,2,2,1976,aitchison,FALSE
REGGIO CALABRIA,3,3,1976,aitchison,FALSE
RIETI,4,4,1976,aitchison,FALSE
RIMINI,2,2,1976,aitchison,FALSE
ROMA,2,2,1976,aitchison,FALSE
ROVIGO,2,2,1976,aitchison,FALSE
SALERNO,3,3,1976,aitchison,FALSE
SASSARI,3,3,1976,aitchison,FALSE
SAVONA,2,2,1976,aitchison,FALSE
SIRACUSA,4,4,1976,aitchison,FALSE
SONDRIO,3,3,1976,aitchison,FALSE
SUD SARDEGNA,3,3,1976,aitchison,FALSE
TARANTO,4,4,1976,aitchison,FALSE
TERAMO,3,3,1976,aitchison,FALSE
TERNI,2,2,1976,aitchison,FALSE
TORINO,2,2,1976,aitchison,FALSE
TRAPANI,4,4,1976,aitchison,FALSE
VARESE,3,3,1976,aitchison,FALSE
VENEZIA,2,2,1976,aitchison,FALSE
VERBANO-CUSIO-OSSOLA,2,2,1976,aitchison,FALSE
VERCELLI,2,2,1976,aitchison,FALSE
VERONA,2,2,1976,aitchison,FALSE
VIBO VALENTIA,3,3,1976,aitchison,FALSE
ALESSANDRIA,1,2,1976,euclidean,TRUE
ANCONA,1,2,1976,euclidean,TRUE
ASCOLI PICENO,3,2,1976,euclidean,TRUE
ASTI,3,4,1976,euclidean,TRUE
AVELLINO,3,4,1976,euclidean,TRUE
BARI,3,4,1976,euclidean,TRUE
BARLETTA-ANDRIA-TRANI,3,2,1976,euclidean,TRUE
BENEVENTO,3,4,1976,euclidean,TRUE
BOLOGNA,2,1,1976,euclidean,TRUE
BOLZANO/BOZEN,4,3,1976,euclidean,TRUE
BRINDISI,4,2,1976,euclidean,TRUE
CAGLIARI,3,2,1976,euclidean,TRUE
CAMPOBASSO,3,4,1976,euclidean,TRUE
CATANZARO,3,4,1976,euclidean,TRUE
CHIETI,3,4,1976,euclidean,TRUE
COSENZA,3,4,1976,euclidean,TRUE
CREMONA,3,2,1976,euclidean,TRUE
CROTONE,3,2,1976,euclidean,TRUE
FERMO,1,2,1976,euclidean,TRUE
FERRARA,2,1,1976,euclidean,TRUE
FOGGIA,3,2,1976,euclidean,TRUE
FORLÌ-CESENA,2,1,1976,euclidean,TRUE
GORIZIA,4,2,1976,euclidean,TRUE
ISERNIA,3,4,1976,euclidean,TRUE
L'AQUILA,3,4,1976,euclidean,TRUE
LATINA,4,2,1976,euclidean,TRUE
MACERATA,3,2,1976,euclidean,TRUE
MANTOVA,1,2,1976,euclidean,TRUE
MASSA-CARRARA,1,2,1976,euclidean,TRUE
MATERA,4,2,1976,euclidean,TRUE
NAPOLI,4,2,1976,euclidean,TRUE
NUORO,3,4,1976,euclidean,TRUE
ORISTANO,3,4,1976,euclidean,TRUE
PADOVA,2,3,1976,euclidean,TRUE
PARMA,1,2,1976,euclidean,TRUE
PERUGIA,2,1,1976,euclidean,TRUE
PESCARA,3,2,1976,euclidean,TRUE
PIACENZA,3,2,1976,euclidean,TRUE
RAGUSA,4,2,1976,euclidean,TRUE
RAVENNA,2,1,1976,euclidean,TRUE
REGGIO CALABRIA,3,4,1976,euclidean,TRUE
RIETI,4,2,1976,euclidean,TRUE
RIMINI,2,1,1976,euclidean,TRUE
SALERNO,3,4,1976,euclidean,TRUE
SASSARI,3,4,1976,euclidean,TRUE
SUD SARDEGNA,3,2,1976,euclidean,TRUE
TARANTO,4,2,1976,euclidean,TRUE
TERAMO,3,2,1976,euclidean,TRUE
TERNI,2,1,1976,euclidean,TRUE
TRENTO,4,3,1976,euclidean,TRUE
TRIESTE,4,2,1976,euclidean,TRUE
UDINE,4,3,1976,euclidean,TRUE
VARESE,3,2,1976,euclidean,TRUE
VERONA,2,3,1976,euclidean,TRUE
VIBO VALENTIA,3,4,1976,euclidean,TRUE
AGRIGENTO,4,4,1976,euclidean,FALSE
AREZZO,1,1,1976,euclidean,FALSE
BELLUNO,4,4,1976,euclidean,FALSE
BERGAMO,3,3,1976,euclidean,FALSE
BIELLA,2,2,1976,euclidean,FALSE
BRESCIA,3,3,1976,euclidean,FALSE
CALTANISSETTA,4,4,1976,euclidean,FALSE
CASERTA,4,4,1976,euclidean,FALSE
CATANIA,4,4,1976,euclidean,FALSE
COMO,3,3,1976,euclidean,FALSE
CUNEO,3,3,1976,euclidean,FALSE
ENNA,4,4,1976,euclidean,FALSE
FIRENZE,1,1,1976,euclidean,FALSE
FROSINONE,4,4,1976,euclidean,FALSE
GENOVA,2,2,1976,euclidean,FALSE
GROSSETO,1,1,1976,euclidean,FALSE
IMPERIA,2,2,1976,euclidean,FALSE
LA SPEZIA,2,2,1976,euclidean,FALSE
LECCE,4,4,1976,euclidean,FALSE
LECCO,3,3,1976,euclidean,FALSE
LIVORNO,1,1,1976,euclidean,FALSE
LODI,2,2,1976,euclidean,FALSE
LUCCA,3,3,1976,euclidean,FALSE
MESSINA,4,4,1976,euclidean,FALSE
MILANO,2,2,1976,euclidean,FALSE
MODENA,1,1,1976,euclidean,FALSE
MONZA E DELLA BRIANZA,2,2,1976,euclidean,FALSE
NOVARA,2,2,1976,euclidean,FALSE
PALERMO,4,4,1976,euclidean,FALSE
PAVIA,2,2,1976,euclidean,FALSE
PESARO E URBINO,1,1,1976,euclidean,FALSE
PISA,1,1,1976,euclidean,FALSE
PISTOIA,1,1,1976,euclidean,FALSE
PORDENONE,4,4,1976,euclidean,FALSE
POTENZA,4,4,1976,euclidean,FALSE
PRATO,1,1,1976,euclidean,FALSE
REGGIO NELL'EMILIA,1,1,1976,euclidean,FALSE
ROMA,2,2,1976,euclidean,FALSE
ROVIGO,2,2,1976,euclidean,FALSE
SAVONA,2,2,1976,euclidean,FALSE
SIENA,1,1,1976,euclidean,FALSE
SIRACUSA,4,4,1976,euclidean,FALSE
SONDRIO,3,3,1976,euclidean,FALSE
TORINO,2,2,1976,euclidean,FALSE
TRAPANI,4,4,1976,euclidean,FALSE
TREVISO,3,3,1976,euclidean,FALSE
VENEZIA,2,2,1976,euclidean,FALSE
VERBANO-CUSIO-OSSOLA,2,2,1976,euclidean,FALSE
VERCELLI,2,2,1976,euclidean,FALSE
VICENZA,3,3,1976,euclidean,FALSE
VITERBO,2,2,1976,euclidean,FALSE
ANCONA,2,1,1979,aitchison,TRUE
ASCOLI PICENO,2,4,1979,aitchison,TRUE
ASTI,3,2,1979,aitchison,TRUE
BARI,4,2,1979,aitchison,TRUE
BERGAMO,3,2,1979,aitchison,TRUE
BOLOGNA,1,2,1979,aitchison,TRUE
BOLZANO/BOZEN,3,2,1979,aitchison,TRUE
BRESCIA,3,2,1979,aitchison,TRUE
COMO,3,2,1979,aitchison,TRUE
CREMONA,2,1,1979,aitchison,TRUE
CUNEO,3,2,1979,aitchison,TRUE
FERMO,2,1,1979,aitchison,TRUE
FIRENZE,1,2,1979,aitchison,TRUE
LECCO,3,2,1979,aitchison,TRUE
LODI,2,1,1979,aitchison,TRUE
LUCCA,2,1,1979,aitchison,TRUE
MACERATA,2,1,1979,aitchison,TRUE
MANTOVA,2,1,1979,aitchison,TRUE
MASSA-CARRARA,2,1,1979,aitchison,TRUE
MESSINA,4,2,1979,aitchison,TRUE
NAPOLI,4,2,1979,aitchison,TRUE
PADOVA,3,2,1979,aitchison,TRUE
PALERMO,4,2,1979,aitchison,TRUE
PARMA,2,1,1979,aitchison,TRUE
PIACENZA,2,1,1979,aitchison,TRUE
RIETI,2,1,1979,aitchison,TRUE
ROVIGO,2,1,1979,aitchison,TRUE
SAVONA,2,1,1979,aitchison,TRUE
SONDRIO,3,2,1979,aitchison,TRUE
TARANTO,2,4,1979,aitchison,TRUE
TRAPANI,4,2,1979,aitchison,TRUE
TRENTO,3,2,1979,aitchison,TRUE
TREVISO,3,2,1979,aitchison,TRUE
VERBANO-CUSIO-OSSOLA,2,1,1979,aitchison,TRUE
VERCELLI,2,1,1979,aitchison,TRUE
VERONA,3,2,1979,aitchison,TRUE
VICENZA,3,2,1979,aitchison,TRUE
VITERBO,2,1,1979,aitchison,TRUE
AGRIGENTO,4,4,1979,aitchison,FALSE
ALESSANDRIA,2,2,1979,aitchison,FALSE
AREZZO,1,1,1979,aitchison,FALSE
AVELLINO,4,4,1979,aitchison,FALSE
BARLETTA-ANDRIA-TRANI,4,4,1979,aitchison,FALSE
BELLUNO,3,3,1979,aitchison,FALSE
BENEVENTO,4,4,1979,aitchison,FALSE
BIELLA,2,2,1979,aitchison,FALSE
BRINDISI,4,4,1979,aitchison,FALSE
CAGLIARI,3,3,1979,aitchison,FALSE
CALTANISSETTA,4,4,1979,aitchison,FALSE
CAMPOBASSO,4,4,1979,aitchison,FALSE
CASERTA,4,4,1979,aitchison,FALSE
CATANIA,4,4,1979,aitchison,FALSE
CATANZARO,4,4,1979,aitchison,FALSE
CHIETI,4,4,1979,aitchison,FALSE
COSENZA,4,4,1979,aitchison,FALSE
CROTONE,4,4,1979,aitchison,FALSE
ENNA,4,4,1979,aitchison,FALSE
FERRARA,1,1,1979,aitchison,FALSE
FOGGIA,4,4,1979,aitchison,FALSE
FORLÌ-CESENA,1,1,1979,aitchison,FALSE
FROSINONE,4,4,1979,aitchison,FALSE
GENOVA,2,2,1979,aitchison,FALSE
GORIZIA,3,3,1979,aitchison,FALSE
GROSSETO,1,1,1979,aitchison,FALSE
IMPERIA,2,2,1979,aitchison,FALSE
ISERNIA,4,4,1979,aitchison,FALSE
L'AQUILA,4,4,1979,aitchison,FALSE
LA SPEZIA,1,1,1979,aitchison,FALSE
LATINA,4,4,1979,aitchison,FALSE
LECCE,4,4,1979,aitchison,FALSE
LIVORNO,1,1,1979,aitchison,FALSE
MATERA,4,4,1979,aitchison,FALSE
MILANO,2,2,1979,aitchison,FALSE
MODENA,1,1,1979,aitchison,FALSE
MONZA E DELLA BRIANZA,2,2,1979,aitchison,FALSE
NOVARA,2,2,1979,aitchison,FALSE
NUORO,3,3,1979,aitchison,FALSE
ORISTANO,3,3,1979,aitchison,FALSE
PAVIA,2,2,1979,aitchison,FALSE
PERUGIA,1,1,1979,aitchison,FALSE
PESARO E URBINO,1,1,1979,aitchison,FALSE
PESCARA,4,4,1979,aitchison,FALSE
PISA,1,1,1979,aitchison,FALSE
PISTOIA,1,1,1979,aitchison,FALSE
PORDENONE,3,3,1979,aitchison,FALSE
POTENZA,4,4,1979,aitchison,FALSE
PRATO,1,1,1979,aitchison,FALSE
RAGUSA,4,4,1979,aitchison,FALSE
RAVENNA,1,1,1979,aitchison,FALSE
REGGIO CALABRIA,4,4,1979,aitchison,FALSE
REGGIO NELL'EMILIA,1,1,1979,aitchison,FALSE
RIMINI,1,1,1979,aitchison,FALSE
ROMA,2,2,1979,aitchison,FALSE
SALERNO,4,4,1979,aitchison,FALSE
SASSARI,3,3,1979,aitchison,FALSE
SIENA,1,1,1979,aitchison,FALSE
SIRACUSA,4,4,1979,aitchison,FALSE
SUD SARDEGNA,3,3,1979,aitchison,FALSE
TERAMO,4,4,1979,aitchison,FALSE
TERNI,1,1,1979,aitchison,FALSE
TORINO,2,2,1979,aitchison,FALSE
TRIESTE,3,3,1979,aitchison,FALSE
UDINE,3,3,1979,aitchison,FALSE
VARESE,2,2,1979,aitchison,FALSE
VENEZIA,2,2,1979,aitchison,FALSE
VIBO VALENTIA,4,4,1979,aitchison,FALSE
BARLETTA-ANDRIA-TRANI,4,2,1979,euclidean,TRUE
BELLUNO,3,4,1979,euclidean,TRUE
BRINDISI,4,2,1979,euclidean,TRUE
CAGLIARI,3,2,1979,euclidean,TRUE
CASERTA,4,3,1979,euclidean,TRUE
CROTONE,4,2,1979,euclidean,TRUE
FOGGIA,4,2,1979,euclidean,TRUE
GORIZIA,3,2,1979,euclidean,TRUE
LATINA,4,2,1979,euclidean,TRUE
LECCE,4,3,1979,euclidean,TRUE
LUCCA,2,3,1979,euclidean,TRUE
MATERA,4,2,1979,euclidean,TRUE
NAPOLI,4,2,1979,euclidean,TRUE
NUORO,3,4,1979,euclidean,TRUE
ORISTANO,3,4,1979,euclidean,TRUE
PESCARA,4,2,1979,euclidean,TRUE
RAGUSA,4,2,1979,euclidean,TRUE
SALERNO,4,3,1979,euclidean,TRUE
SASSARI,3,4,1979,euclidean,TRUE
SUD SARDEGNA,3,2,1979,euclidean,TRUE
TERAMO,4,2,1979,euclidean,TRUE
AGRIGENTO,4,4,1979,euclidean,FALSE
ALESSANDRIA,2,2,1979,euclidean,FALSE
ANCONA,2,2,1979,euclidean,FALSE
AREZZO,1,1,1979,euclidean,FALSE
ASCOLI PICENO,2,2,1979,euclidean,FALSE
ASTI,3,3,1979,euclidean,FALSE
AVELLINO,4,4,1979,euclidean,FALSE
BARI,4,4,1979,euclidean,FALSE
BENEVENTO,4,4,1979,euclidean,FALSE
BERGAMO,3,3,1979,euclidean,FALSE
BIELLA,2,2,1979,euclidean,FALSE
BOLOGNA,1,1,1979,euclidean,FALSE
BOLZANO/BOZEN,3,3,1979,euclidean,FALSE
BRESCIA,3,3,1979,euclidean,FALSE
CALTANISSETTA,4,4,1979,euclidean,FALSE
CAMPOBASSO,4,4,1979,euclidean,FALSE
CATANIA,4,4,1979,euclidean,FALSE
CATANZARO,4,4,1979,euclidean,FALSE
CHIETI,4,4,1979,euclidean,FALSE
COMO,3,3,1979,euclidean,FALSE
COSENZA,4,4,1979,euclidean,FALSE
CREMONA,2,2,1979,euclidean,FALSE
CUNEO,3,3,1979,euclidean,FALSE
ENNA,4,4,1979,euclidean,FALSE
FERMO,2,2,1979,euclidean,FALSE
FERRARA,1,1,1979,euclidean,FALSE
FIRENZE,1,1,1979,euclidean,FALSE
FORLÌ-CESENA,1,1,1979,euclidean,FALSE
FROSINONE,4,4,1979,euclidean,FALSE
GENOVA,2,2,1979,euclidean,FALSE
GROSSETO,1,1,1979,euclidean,FALSE
IMPERIA,2,2,1979,euclidean,FALSE
ISERNIA,4,4,1979,euclidean,FALSE
L'AQUILA,4,4,1979,euclidean,FALSE
LA SPEZIA,1,1,1979,euclidean,FALSE
LECCO,3,3,1979,euclidean,FALSE
LIVORNO,1,1,1979,euclidean,FALSE
LODI,2,2,1979,euclidean,FALSE
MACERATA,2,2,1979,euclidean,FALSE
MANTOVA,2,2,1979,euclidean,FALSE
MASSA-CARRARA,2,2,1979,euclidean,FALSE
MESSINA,4,4,1979,euclidean,FALSE
MILANO,2,2,1979,euclidean,FALSE
MODENA,1,1,1979,euclidean,FALSE
MONZA E DELLA BRIANZA,2,2,1979,euclidean,FALSE
NOVARA,2,2,1979,euclidean,FALSE
PADOVA,3,3,1979,euclidean,FALSE
PALERMO,4,4,1979,euclidean,FALSE
PARMA,2,2,1979,euclidean,FALSE
PAVIA,2,2,1979,euclidean,FALSE
PERUGIA,1,1,1979,euclidean,FALSE
PESARO E URBINO,1,1,1979,euclidean,FALSE
PIACENZA,2,2,1979,euclidean,FALSE
PISA,1,1,1979,euclidean,FALSE
PISTOIA,1,1,1979,euclidean,FALSE
PORDENONE,3,3,1979,euclidean,FALSE
POTENZA,4,4,1979,euclidean,FALSE
PRATO,1,1,1979,euclidean,FALSE
RAVENNA,1,1,1979,euclidean,FALSE
REGGIO CALABRIA,4,4,1979,euclidean,FALSE
REGGIO NELL'EMILIA,1,1,1979,euclidean,FALSE
RIETI,2,2,1979,euclidean,FALSE
RIMINI,1,1,1979,euclidean,FALSE
ROMA,2,2,1979,euclidean,FALSE
ROVIGO,2,2,1979,euclidean,FALSE
SAVONA,2,2,1979,euclidean,FALSE
SIENA,1,1,1979,euclidean,FALSE
SIRACUSA,4,4,1979,euclidean,FALSE
SONDRIO,3,3,1979,euclidean,FALSE
TARANTO,2,2,1979,euclidean,FALSE
TERNI,1,1,1979,euclidean,FALSE
TORINO,2,2,1979,euclidean,FALSE
TRAPANI,4,4,1979,euclidean,FALSE
TRENTO,3,3,1979,euclidean,FALSE
TREVISO,3,3,1979,euclidean,FALSE
TRIESTE,3,3,1979,euclidean,FALSE
UDINE,3,3,1979,euclidean,FALSE
VARESE,2,2,1979,euclidean,FALSE
VENEZIA,2,2,1979,euclidean,FALSE
VERBANO-CUSIO-OSSOLA,2,2,1979,euclidean,FALSE
VERCELLI,2,2,1979,euclidean,FALSE
VERONA,3,3,1979,euclidean,FALSE
VIBO VALENTIA,4,4,1979,euclidean,FALSE
VICENZA,3,3,1979,euclidean,FALSE
VITERBO,2,2,1979,euclidean,FALSE
AGRIGENTO,4,1,1983,aitchison,TRUE
ASCOLI PICENO,4,1,1983,aitchison,TRUE
CALTANISSETTA,4,1,1983,aitchison,TRUE
CASERTA,4,1,1983,aitchison,TRUE
CATANIA,4,1,1983,aitchison,TRUE
CATANZARO,4,1,1983,aitchison,TRUE
CHIETI,4,1,1983,aitchison,TRUE
COMO,4,1,1983,aitchison,TRUE
COSENZA,4,1,1983,aitchison,TRUE
CROTONE,4,1,1983,aitchison,TRUE
ENNA,4,1,1983,aitchison,TRUE
FROSINONE,4,1,1983,aitchison,TRUE
IMPERIA,4,1,1983,aitchison,TRUE
L'AQUILA,4,1,1983,aitchison,TRUE
LATINA,4,1,1983,aitchison,TRUE
LECCO,4,1,1983,aitchison,TRUE
LUCCA,4,1,1983,aitchison,TRUE
MACERATA,4,1,1983,aitchison,TRUE
MESSINA,4,1,1983,aitchison,TRUE
NAPOLI,4,1,1983,aitchison,TRUE
NOVARA,4,1,1983,aitchison,TRUE
PALERMO,4,1,1983,aitchison,TRUE
PERUGIA,1,4,1983,aitchison,TRUE
PESCARA,4,1,1983,aitchison,TRUE
RAGUSA,4,1,1983,aitchison,TRUE
REGGIO CALABRIA,4,1,1983,aitchison,TRUE
ROMA,4,1,1983,aitchison,TRUE
SIRACUSA,4,1,1983,aitchison,TRUE
SONDRIO,4,1,1983,aitchison,TRUE
TERAMO,4,1,1983,aitchison,TRUE
TERNI,1,4,1983,aitchison,TRUE
TRAPANI,4,1,1983,aitchison,TRUE
TRIESTE,4,1,1983,aitchison,TRUE
VARESE,4,1,1983,aitchison,TRUE
VERBANO-CUSIO-OSSOLA,4,1,1983,aitchison,TRUE
VIBO VALENTIA,4,1,1983,aitchison,TRUE
ALESSANDRIA,2,2,1983,aitchison,FALSE
ANCONA,1,1,1983,aitchison,FALSE
AREZZO,1,1,1983,aitchison,FALSE
ASTI,2,2,1983,aitchison,FALSE
AVELLINO,4,4,1983,aitchison,FALSE
BARI,4,4,1983,aitchison,FALSE
BARLETTA-ANDRIA-TRANI,4,4,1983,aitchison,FALSE
BELLUNO,2,2,1983,aitchison,FALSE
BENEVENTO,4,4,1983,aitchison,FALSE
BERGAMO,2,2,1983,aitchison,FALSE
BIELLA,1,1,1983,aitchison,FALSE
BOLOGNA,1,1,1983,aitchison,FALSE
BOLZANO/BOZEN,2,2,1983,aitchison,FALSE
BRESCIA,2,2,1983,aitchison,FALSE
BRINDISI,4,4,1983,aitchison,FALSE
CAGLIARI,3,3,1983,aitchison,FALSE
CAMPOBASSO,2,2,1983,aitchison,FALSE
CREMONA,2,2,1983,aitchison,FALSE
CUNEO,2,2,1983,aitchison,FALSE
FERMO,1,1,1983,aitchison,FALSE
FERRARA,1,1,1983,aitchison,FALSE
FIRENZE,1,1,1983,aitchison,FALSE
FOGGIA,4,4,1983,aitchison,FALSE
FORLÌ-CESENA,1,1,1983,aitchison,FALSE
GENOVA,1,1,1983,aitchison,FALSE
GORIZIA,2,2,1983,aitchison,FALSE
GROSSETO,1,1,1983,aitchison,FALSE
ISERNIA,2,2,1983,aitchison,FALSE
LA SPEZIA,1,1,1983,aitchison,FALSE
LECCE,4,4,1983,aitchison,FALSE
LIVORNO,1,1,1983,aitchison,FALSE
LODI,1,1,1983,aitchison,FALSE
MANTOVA,2,2,1983,aitchison,FALSE
MASSA-CARRARA,1,1,1983,aitchison,FALSE
MATERA,2,2,1983,aitchison,FALSE
MILANO,1,1,1983,aitchison,FALSE
MODENA,2,2,1983,aitchison,FALSE
MONZA E DELLA BRIANZA,1,1,1983,aitchison,FALSE
NUORO,3,3,1983,aitchison,FALSE
ORISTANO,3,3,1983,aitchison,FALSE
PADOVA,3,3,1983,aitchison,FALSE
PARMA,2,2,1983,aitchison,FALSE
PAVIA,1,1,1983,aitchison,FALSE
PESARO E URBINO,1,1,1983,aitchison,FALSE
PIACENZA,2,2,1983,aitchison,FALSE
PISA,1,1,1983,aitchison,FALSE
PISTOIA,1,1,1983,aitchison,FALSE
PORDENONE,2,2,1983,aitchison,FALSE
POTENZA,2,2,1983,aitchison,FALSE
PRATO,1,1,1983,aitchison,FALSE
RAVENNA,1,1,1983,aitchison,FALSE
REGGIO NELL'EMILIA,2,2,1983,aitchison,FALSE
RIETI,4,4,1983,aitchison,FALSE
RIMINI,1,1,1983,aitchison,FALSE
ROVIGO,3,3,1983,aitchison,FALSE
SALERNO,4,4,1983,aitchison,FALSE
SASSARI,3,3,1983,aitchison,FALSE
SAVONA,1,1,1983,aitchison,FALSE
SIENA,1,1,1983,aitchison,FALSE
SUD SARDEGNA,3,3,1983,aitchison,FALSE
TARANTO,4,4,1983,aitchison,FALSE
TORINO,1,1,1983,aitchison,FALSE
TRENTO,2,2,1983,aitchison,FALSE
TREVISO,3,3,1983,aitchison,FALSE
UDINE,2,2,1983,aitchison,FALSE
VENEZIA,3,3,1983,aitchison,FALSE
VERCELLI,1,1,1983,aitchison,FALSE
VERONA,3,3,1983,aitchison,FALSE
VICENZA,3,3,1983,aitchison,FALSE
VITERBO,1,1,1983,aitchison,FALSE
ALESSANDRIA,2,3,1983,euclidean,TRUE
ANCONA,1,3,1983,euclidean,TRUE
ASCOLI PICENO,4,3,1983,euclidean,TRUE
BARI,4,2,1983,euclidean,TRUE
BARLETTA-ANDRIA-TRANI,4,3,1983,euclidean,TRUE
BELLUNO,2,4,1983,euclidean,TRUE
BENEVENTO,4,2,1983,euclidean,TRUE
BIELLA,1,3,1983,euclidean,TRUE
BRINDISI,4,3,1983,euclidean,TRUE
CAMPOBASSO,2,4,1983,euclidean,TRUE
CASERTA,4,2,1983,euclidean,TRUE
CHIETI,4,2,1983,euclidean,TRUE
COMO,4,2,1983,euclidean,TRUE
CREMONA,2,3,1983,euclidean,TRUE
CROTONE,4,3,1983,euclidean,TRUE
FERMO,1,3,1983,euclidean,TRUE
FOGGIA,4,3,1983,euclidean,TRUE
FROSINONE,4,2,1983,euclidean,TRUE
GENOVA,1,3,1983,euclidean,TRUE
GORIZIA,2,3,1983,euclidean,TRUE
IMPERIA,4,3,1983,euclidean,TRUE
ISERNIA,2,4,1983,euclidean,TRUE
LA SPEZIA,1,3,1983,euclidean,TRUE
LATINA,4,2,1983,euclidean,TRUE
LECCE,4,2,1983,euclidean,TRUE
LECCO,4,2,1983,euclidean,TRUE
LODI,1,3,1983,euclidean,TRUE
LUCCA,4,2,1983,euclidean,TRUE
MACERATA,4,2,1983,euclidean,TRUE
MANTOVA,2,3,1983,euclidean,TRUE
MASSA-CARRARA,1,3,1983,euclidean,TRUE
MILANO,1,3,1983,euclidean,TRUE
MODENA,2,1,1983,euclidean,TRUE
MONZA E DELLA BRIANZA,1,2,1983,euclidean,TRUE
NAPOLI,4,3,1983,euclidean,TRUE
NOVARA,4,3,1983,euclidean,TRUE
ORISTANO,3,2,1983,euclidean,TRUE
PADOVA,3,2,1983,euclidean,TRUE
PARMA,2,3,1983,euclidean,TRUE
PAVIA,1,3,1983,euclidean,TRUE
PESCARA,4,3,1983,euclidean,TRUE
PIACENZA,2,3,1983,euclidean,TRUE
RAGUSA,4,3,1983,euclidean,TRUE
REGGIO NELL'EMILIA,2,1,1983,euclidean,TRUE
RIETI,4,2,1983,euclidean,TRUE
ROMA,4,3,1983,euclidean,TRUE
SALERNO,4,2,1983,euclidean,TRUE
SASSARI,3,2,1983,euclidean,TRUE
SAVONA,1,3,1983,euclidean,TRUE
SONDRIO,4,2,1983,euclidean,TRUE
TARANTO,4,3,1983,euclidean,TRUE
TERAMO,4,3,1983,euclidean,TRUE
TORINO,1,3,1983,euclidean,TRUE
TREVISO,3,2,1983,euclidean,TRUE
TRIESTE,4,2,1983,euclidean,TRUE
VARESE,4,3,1983,euclidean,TRUE
VERBANO-CUSIO-OSSOLA,4,3,1983,euclidean,TRUE
VERCELLI,1,3,1983,euclidean,TRUE
VERONA,3,2,1983,euclidean,TRUE
VICENZA,3,2,1983,euclidean,TRUE
VITERBO,1,3,1983,euclidean,TRUE
AGRIGENTO,4,4,1983,euclidean,FALSE
AREZZO,1,1,1983,euclidean,FALSE
ASTI,2,2,1983,euclidean,FALSE
AVELLINO,4,4,1983,euclidean,FALSE
BERGAMO,2,2,1983,euclidean,FALSE
BOLOGNA,1,1,1983,euclidean,FALSE
BOLZANO/BOZEN,2,2,1983,euclidean,FALSE
BRESCIA,2,2,1983,euclidean,FALSE
CAGLIARI,3,3,1983,euclidean,FALSE
CALTANISSETTA,4,4,1983,euclidean,FALSE
CATANIA,4,4,1983,euclidean,FALSE
CATANZARO,4,4,1983,euclidean,FALSE
COSENZA,4,4,1983,euclidean,FALSE
CUNEO,2,2,1983,euclidean,FALSE
ENNA,4,4,1983,euclidean,FALSE
FERRARA,1,1,1983,euclidean,FALSE
FIRENZE,1,1,1983,euclidean,FALSE
FORLÌ-CESENA,1,1,1983,euclidean,FALSE
GROSSETO,1,1,1983,euclidean,FALSE
L'AQUILA,4,4,1983,euclidean,FALSE
LIVORNO,1,1,1983,euclidean,FALSE
MATERA,2,2,1983,euclidean,FALSE
MESSINA,4,4,1983,euclidean,FALSE
NUORO,3,3,1983,euclidean,FALSE
PALERMO,4,4,1983,euclidean,FALSE
PERUGIA,1,1,1983,euclidean,FALSE
PESARO E URBINO,1,1,1983,euclidean,FALSE
PISA,1,1,1983,euclidean,FALSE
PISTOIA,1,1,1983,euclidean,FALSE
PORDENONE,2,2,1983,euclidean,FALSE
POTENZA,2,2,1983,euclidean,FALSE
PRATO,1,1,1983,euclidean,FALSE
RAVENNA,1,1,1983,euclidean,FALSE
REGGIO CALABRIA,4,4,1983,euclidean,FALSE
RIMINI,1,1,1983,euclidean,FALSE
ROVIGO,3,3,1983,euclidean,FALSE
SIENA,1,1,1983,euclidean,FALSE
SIRACUSA,4,4,1983,euclidean,FALSE
SUD SARDEGNA,3,3,1983,euclidean,FALSE
TERNI,1,1,1983,euclidean,FALSE
TRAPANI,4,4,1983,euclidean,FALSE
TRENTO,2,2,1983,euclidean,FALSE
UDINE,2,2,1983,euclidean,FALSE
VENEZIA,3,3,1983,euclidean,FALSE
VIBO VALENTIA,4,4,1983,euclidean,FALSE
ALESSANDRIA,2,1,1987,aitchison,TRUE
ANCONA,1,4,1987,aitchison,TRUE
AREZZO,1,4,1987,aitchison,TRUE
ASTI,2,1,1987,aitchison,TRUE
AVELLINO,4,1,1987,aitchison,TRUE
BENEVENTO,4,1,1987,aitchison,TRUE
BIELLA,2,1,1987,aitchison,TRUE
BOLZANO/BOZEN,2,1,1987,aitchison,TRUE
CASERTA,4,1,1987,aitchison,TRUE
CATANIA,4,1,1987,aitchison,TRUE
CATANZARO,4,1,1987,aitchison,TRUE
COSENZA,4,1,1987,aitchison,TRUE
CROTONE,4,1,1987,aitchison,TRUE
CUNEO,2,1,1987,aitchison,TRUE
ENNA,4,1,1987,aitchison,TRUE
FERMO,1,4,1987,aitchison,TRUE
FROSINONE,4,1,1987,aitchison,TRUE
GENOVA,2,1,1987,aitchison,TRUE
GROSSETO,1,4,1987,aitchison,TRUE
IMPERIA,2,1,1987,aitchison,TRUE
LATINA,4,1,1987,aitchison,TRUE
LODI,2,1,1987,aitchison,TRUE
LUCCA,4,1,1987,aitchison,TRUE
MANTOVA,1,4,1987,aitchison,TRUE
MESSINA,4,1,1987,aitchison,TRUE
MILANO,2,1,1987,aitchison,TRUE
MODENA,1,4,1987,aitchison,TRUE
NAPOLI,4,1,1987,aitchison,TRUE
NOVARA,2,1,1987,aitchison,TRUE
PADOVA,2,1,1987,aitchison,TRUE
PARMA,1,4,1987,aitchison,TRUE
PAVIA,2,1,1987,aitchison,TRUE
PERUGIA,1,4,1987,aitchison,TRUE
PESARO E URBINO,1,4,1987,aitchison,TRUE
PIACENZA,2,4,1987,aitchison,TRUE
RAGUSA,4,1,1987,aitchison,TRUE
REGGIO CALABRIA,4,1,1987,aitchison,TRUE
REGGIO NELL'EMILIA,1,4,1987,aitchison,TRUE
ROMA,2,1,1987,aitchison,TRUE
ROVIGO,2,1,1987,aitchison,TRUE
SALERNO,4,1,1987,aitchison,TRUE
SAVONA,2,1,1987,aitchison,TRUE
SIENA,1,4,1987,aitchison,TRUE
SIRACUSA,4,1,1987,aitchison,TRUE
TERNI,1,4,1987,aitchison,TRUE
TORINO,2,1,1987,aitchison,TRUE
TRENTO,2,1,1987,aitchison,TRUE
TRIESTE,2,1,1987,aitchison,TRUE
VERBANO-CUSIO-OSSOLA,2,1,1987,aitchison,TRUE
VERCELLI,2,1,1987,aitchison,TRUE
VERONA,2,1,1987,aitchison,TRUE
VIBO VALENTIA,4,1,1987,aitchison,TRUE
VICENZA,2,1,1987,aitchison,TRUE
AGRIGENTO,4,4,1987,aitchison,FALSE
ASCOLI PICENO,4,4,1987,aitchison,FALSE
BARI,4,4,1987,aitchison,FALSE
BARLETTA-ANDRIA-TRANI,4,4,1987,aitchison,FALSE
BELLUNO,2,2,1987,aitchison,FALSE
BERGAMO,2,2,1987,aitchison,FALSE
BOLOGNA,1,1,1987,aitchison,FALSE
BRESCIA,2,2,1987,aitchison,FALSE
BRINDISI,4,4,1987,aitchison,FALSE
CAGLIARI,3,3,1987,aitchison,FALSE
CALTANISSETTA,4,4,1987,aitchison,FALSE
CAMPOBASSO,4,4,1987,aitchison,FALSE
CHIETI,4,4,1987,aitchison,FALSE
COMO,2,2,1987,aitchison,FALSE
CREMONA,2,2,1987,aitchison,FALSE
FERRARA,1,1,1987,aitchison,FALSE
FIRENZE,1,1,1987,aitchison,FALSE
FOGGIA,4,4,1987,aitchison,FALSE
FORLÌ-CESENA,1,1,1987,aitchison,FALSE
GORIZIA,2,2,1987,aitchison,FALSE
ISERNIA,4,4,1987,aitchison,FALSE
L'AQUILA,4,4,1987,aitchison,FALSE
LA SPEZIA,1,1,1987,aitchison,FALSE
LECCE,4,4,1987,aitchison,FALSE
LECCO,2,2,1987,aitchison,FALSE
LIVORNO,1,1,1987,aitchison,FALSE
MACERATA,4,4,1987,aitchison,FALSE
MASSA-CARRARA,1,1,1987,aitchison,FALSE
MATERA,4,4,1987,aitchison,FALSE
MONZA E DELLA BRIANZA,2,2,1987,aitchison,FALSE
NUORO,3,3,1987,aitchison,FALSE
ORISTANO,3,3,1987,aitchison,FALSE
PALERMO,4,4,1987,aitchison,FALSE
PESCARA,4,4,1987,aitchison,FALSE
PISA,1,1,1987,aitchison,FALSE
PISTOIA,1,1,1987,aitchison,FALSE
PORDENONE,2,2,1987,aitchison,FALSE
POTENZA,4,4,1987,aitchison,FALSE
PRATO,1,1,1987,aitchison,FALSE
RAVENNA,1,1,1987,aitchison,FALSE
RIETI,4,4,1987,aitchison,FALSE
RIMINI,1,1,1987,aitchison,FALSE
SASSARI,3,3,1987,aitchison,FALSE
SONDRIO,2,2,1987,aitchison,FALSE
SUD SARDEGNA,3,3,1987,aitchison,FALSE
TARANTO,4,4,1987,aitchison,FALSE
TERAMO,4,4,1987,aitchison,FALSE
TRAPANI,4,4,1987,aitchison,FALSE
TREVISO,2,2,1987,aitchison,FALSE
UDINE,2,2,1987,aitchison,FALSE
VARESE,2,2,1987,aitchison,FALSE
VENEZIA,2,2,1987,aitchison,FALSE
VITERBO,1,1,1987,aitchison,FALSE
ANCONA,1,2,1987,euclidean,TRUE
ASCOLI PICENO,4,2,1987,euclidean,TRUE
ASTI,2,3,1987,euclidean,TRUE
BARI,4,3,1987,euclidean,TRUE
BARLETTA-ANDRIA-TRANI,4,2,1987,euclidean,TRUE
BELLUNO,2,4,1987,euclidean,TRUE
BENEVENTO,4,3,1987,euclidean,TRUE
BERGAMO,2,3,1987,euclidean,TRUE
BOLZANO/BOZEN,2,3,1987,euclidean,TRUE
BRESCIA,2,3,1987,euclidean,TRUE
BRINDISI,4,2,1987,euclidean,TRUE
CAGLIARI,3,2,1987,euclidean,TRUE
CASERTA,4,3,1987,euclidean,TRUE
CHIETI,4,3,1987,euclidean,TRUE
COMO,2,3,1987,euclidean,TRUE
CUNEO,2,3,1987,euclidean,TRUE
FERMO,1,2,1987,euclidean,TRUE
FOGGIA,4,2,1987,euclidean,TRUE
FROSINONE,4,3,1987,euclidean,TRUE
LA SPEZIA,1,2,1987,euclidean,TRUE
LATINA,4,3,1987,euclidean,TRUE
LECCE,4,3,1987,euclidean,TRUE
LECCO,2,3,1987,euclidean,TRUE
LUCCA,4,2,1987,euclidean,TRUE
MACERATA,4,2,1987,euclidean,TRUE
MANTOVA,1,2,1987,euclidean,TRUE
MASSA-CARRARA,1,2,1987,euclidean,TRUE
MATERA,4,3,1987,euclidean,TRUE
MESSINA,4,3,1987,euclidean,TRUE
MONZA E DELLA BRIANZA,2,3,1987,euclidean,TRUE
PADOVA,2,3,1987,euclidean,TRUE
PARMA,1,2,1987,euclidean,TRUE
PESCARA,4,2,1987,euclidean,TRUE
PORDENONE,2,3,1987,euclidean,TRUE
POTENZA,4,3,1987,euclidean,TRUE
RAGUSA,4,2,1987,euclidean,TRUE
RIETI,4,2,1987,euclidean,TRUE
SALERNO,4,3,1987,euclidean,TRUE
SONDRIO,2,3,1987,euclidean,TRUE
SUD SARDEGNA,3,2,1987,euclidean,TRUE
TARANTO,4,2,1987,euclidean,TRUE
TERAMO,4,2,1987,euclidean,TRUE
TRENTO,2,3,1987,euclidean,TRUE
TREVISO,2,3,1987,euclidean,TRUE
UDINE,2,3,1987,euclidean,TRUE
VARESE,2,3,1987,euclidean,TRUE
VERONA,2,3,1987,euclidean,TRUE
VICENZA,2,3,1987,euclidean,TRUE
VITERBO,1,2,1987,euclidean,TRUE
AGRIGENTO,4,4,1987,euclidean,FALSE
ALESSANDRIA,2,2,1987,euclidean,FALSE
AREZZO,1,1,1987,euclidean,FALSE
AVELLINO,4,4,1987,euclidean,FALSE
BIELLA,2,2,1987,euclidean,FALSE
BOLOGNA,1,1,1987,euclidean,FALSE
CALTANISSETTA,4,4,1987,euclidean,FALSE
CAMPOBASSO,4,4,1987,euclidean,FALSE
CATANIA,4,4,1987,euclidean,FALSE
CATANZARO,4,4,1987,euclidean,FALSE
COSENZA,4,4,1987,euclidean,FALSE
CREMONA,2,2,1987,euclidean,FALSE
CROTONE,4,4,1987,euclidean,FALSE
ENNA,4,4,1987,euclidean,FALSE
FERRARA,1,1,1987,euclidean,FALSE
FIRENZE,1,1,1987,euclidean,FALSE
FORLÌ-CESENA,1,1,1987,euclidean,FALSE
GENOVA,2,2,1987,euclidean,FALSE
GORIZIA,2,2,1987,euclidean,FALSE
GROSSETO,1,1,1987,euclidean,FALSE
IMPERIA,2,2,1987,euclidean,FALSE
ISERNIA,4,4,1987,euclidean,FALSE
L'AQUILA,4,4,1987,euclidean,FALSE
LIVORNO,1,1,1987,euclidean,FALSE
LODI,2,2,1987,euclidean,FALSE
MILANO,2,2,1987,euclidean,FALSE
MODENA,1,1,1987,euclidean,FALSE
NAPOLI,4,4,1987,euclidean,FALSE
NOVARA,2,2,1987,euclidean,FALSE
NUORO,3,3,1987,euclidean,FALSE
ORISTANO,3,3,1987,euclidean,FALSE
PALERMO,4,4,1987,euclidean,FALSE
PAVIA,2,2,1987,euclidean,FALSE
PERUGIA,1,1,1987,euclidean,FALSE
PESARO E URBINO,1,1,1987,euclidean,FALSE
PIACENZA,2,2,1987,euclidean,FALSE
PISA,1,1,1987,euclidean,FALSE
PISTOIA,1,1,1987,euclidean,FALSE
PRATO,1,1,1987,euclidean,FALSE
RAVENNA,1,1,1987,euclidean,FALSE
REGGIO CALABRIA,4,4,1987,euclidean,FALSE
REGGIO NELL'EMILIA,1,1,1987,euclidean,FALSE
RIMINI,1,1,1987,euclidean,FALSE
ROMA,2,2,1987,euclidean,FALSE
ROVIGO,2,2,1987,euclidean,FALSE
SASSARI,3,3,1987,euclidean,FALSE
SAVONA,2,2,1987,euclidean,FALSE
SIENA,1,1,1987,euclidean,FALSE
SIRACUSA,4,4,1987,euclidean,FALSE
TERNI,1,1,1987,euclidean,FALSE
TORINO,2,2,1987,euclidean,FALSE
TRAPANI,4,4,1987,euclidean,FALSE
TRIESTE,2,2,1987,euclidean,FALSE
VENEZIA,2,2,1987,euclidean,FALSE
VERBANO-CUSIO-OSSOLA,2,2,1987,euclidean,FALSE
VERCELLI,2,2,1987,euclidean,FALSE
VIBO VALENTIA,4,4,1987,euclidean,FALSE
CREMONA,2,3,1992,aitchison,TRUE
MANTOVA,2,3,1992,aitchison,TRUE
ROMA,4,1,1992,aitchison,TRUE
VITERBO,4,1,1992,aitchison,TRUE
AGRIGENTO,4,4,1992,aitchison,FALSE
ALESSANDRIA,2,2,1992,aitchison,FALSE
ANCONA,3,3,1992,aitchison,FALSE
AREZZO,1,1,1992,aitchison,FALSE
ASCOLI PICENO,3,3,1992,aitchison,FALSE
ASTI,2,2,1992,aitchison,FALSE
AVELLINO,3,3,1992,aitchison,FALSE
BARI,4,4,1992,aitchison,FALSE
BARLETTA-ANDRIA-TRANI,4,4,1992,aitchison,FALSE
BELLUNO,2,2,1992,aitchison,FALSE
BENEVENTO,3,3,1992,aitchison,FALSE
BERGAMO,2,2,1992,aitchison,FALSE
BIELLA,2,2,1992,aitchison,FALSE
BOLOGNA,1,1,1992,aitchison,FALSE
BOLZANO/BOZEN,2,2,1992,aitchison,FALSE
BRESCIA,2,2,1992,aitchison,FALSE
BRINDISI,4,4,1992,aitchison,FALSE
CAGLIARI,3,3,1992,aitchison,FALSE
CALTANISSETTA,4,4,1992,aitchison,FALSE
CAMPOBASSO,4,4,1992,aitchison,FALSE
CASERTA,4,4,1992,aitchison,FALSE
CATANIA,4,4,1992,aitchison,FALSE
CATANZARO,3,3,1992,aitchison,FALSE
CHIETI,3,3,1992,aitchison,FALSE
COMO,2,2,1992,aitchison,FALSE
COSENZA,3,3,1992,aitchison,FALSE
CROTONE,3,3,1992,aitchison,FALSE
CUNEO,2,2,1992,aitchison,FALSE
ENNA,4,4,1992,aitchison,FALSE
FERMO,3,3,1992,aitchison,FALSE
FERRARA,1,1,1992,aitchison,FALSE
FIRENZE,1,1,1992,aitchison,FALSE
FOGGIA,4,4,1992,aitchison,FALSE
FORLÌ-CESENA,1,1,1992,aitchison,FALSE
FROSINONE,4,4,1992,aitchison,FALSE
GENOVA,2,2,1992,aitchison,FALSE
GORIZIA,2,2,1992,aitchison,FALSE
GROSSETO,1,1,1992,aitchison,FALSE
IMPERIA,2,2,1992,aitchison,FALSE
ISERNIA,4,4,1992,aitchison,FALSE
L'AQUILA,3,3,1992,aitchison,FALSE
LA SPEZIA,1,1,1992,aitchison,FALSE
LATINA,4,4,1992,aitchison,FALSE
LECCE,4,4,1992,aitchison,FALSE
LECCO,2,2,1992,aitchison,FALSE
LIVORNO,1,1,1992,aitchison,FALSE
LODI,2,2,1992,aitchison,FALSE
LUCCA,1,1,1992,aitchison,FALSE
MACERATA,3,3,1992,aitchison,FALSE
MASSA-CARRARA,1,1,1992,aitchison,FALSE
MATERA,3,3,1992,aitchison,FALSE
MESSINA,4,4,1992,aitchison,FALSE
MILANO,2,2,1992,aitchison,FALSE
MODENA,1,1,1992,aitchison,FALSE
MONZA E DELLA BRIANZA,2,2,1992,aitchison,FALSE
NAPOLI,4,4,1992,aitchison,FALSE
NOVARA,2,2,1992,aitchison,FALSE
NUORO,3,3,1992,aitchison,FALSE
ORISTANO,3,3,1992,aitchison,FALSE
PADOVA,2,2,1992,aitchison,FALSE
PALERMO,4,4,1992,aitchison,FALSE
PARMA,2,2,1992,aitchison,FALSE
PAVIA,2,2,1992,aitchison,FALSE
PERUGIA,3,3,1992,aitchison,FALSE
PESARO E URBINO,3,3,1992,aitchison,FALSE
PESCARA,3,3,1992,aitchison,FALSE
PIACENZA,2,2,1992,aitchison,FALSE
PISA,1,1,1992,aitchison,FALSE
PISTOIA,1,1,1992,aitchison,FALSE
PORDENONE,2,2,1992,aitchison,FALSE
POTENZA,3,3,1992,aitchison,FALSE
PRATO,1,1,1992,aitchison,FALSE
RAGUSA,4,4,1992,aitchison,FALSE
RAVENNA,1,1,1992,aitchison,FALSE
REGGIO CALABRIA,3,3,1992,aitchison,FALSE
REGGIO NELL'EMILIA,1,1,1992,aitchison,FALSE
RIETI,3,3,1992,aitchison,FALSE
RIMINI,1,1,1992,aitchison,FALSE
ROVIGO,2,2,1992,aitchison,FALSE
SALERNO,3,3,1992,aitchison,FALSE
SASSARI,3,3,1992,aitchison,FALSE
SAVONA,2,2,1992,aitchison,FALSE
SIENA,1,1,1992,aitchison,FALSE
SIRACUSA,4,4,1992,aitchison,FALSE
SONDRIO,2,2,1992,aitchison,FALSE
SUD SARDEGNA,3,3,1992,aitchison,FALSE
TARANTO,2,2,1992,aitchison,FALSE
TERAMO,3,3,1992,aitchison,FALSE
TERNI,3,3,1992,aitchison,FALSE
TORINO,2,2,1992,aitchison,FALSE
TRAPANI,4,4,1992,aitchison,FALSE
TRENTO,2,2,1992,aitchison,FALSE
TREVISO,2,2,1992,aitchison,FALSE
TRIESTE,3,3,1992,aitchison,FALSE
UDINE,2,2,1992,aitchison,FALSE
VARESE,2,2,1992,aitchison,FALSE
VENEZIA,2,2,1992,aitchison,FALSE
VERBANO-CUSIO-OSSOLA,2,2,1992,aitchison,FALSE
VERCELLI,2,2,1992,aitchison,FALSE
VERONA,2,2,1992,aitchison,FALSE
VIBO VALENTIA,3,3,1992,aitchison,FALSE
VICENZA,2,2,1992,aitchison,FALSE
AGRIGENTO,4,3,1992,euclidean,TRUE
ANCONA,3,1,1992,euclidean,TRUE
BARI,4,3,1992,euclidean,TRUE
BARLETTA-ANDRIA-TRANI,4,3,1992,euclidean,TRUE
BERGAMO,2,4,1992,euclidean,TRUE
BRESCIA,2,4,1992,euclidean,TRUE
BRINDISI,4,3,1992,euclidean,TRUE
CALTANISSETTA,4,3,1992,euclidean,TRUE
CAMPOBASSO,4,3,1992,euclidean,TRUE
CASERTA,4,3,1992,euclidean,TRUE
CATANIA,4,3,1992,euclidean,TRUE
COMO,2,4,1992,euclidean,TRUE
CREMONA,2,4,1992,euclidean,TRUE
CUNEO,2,4,1992,euclidean,TRUE
ENNA,4,3,1992,euclidean,TRUE
FOGGIA,4,3,1992,euclidean,TRUE
FROSINONE,4,3,1992,euclidean,TRUE
ISERNIA,4,3,1992,euclidean,TRUE
LATINA,4,3,1992,euclidean,TRUE
LECCE,4,3,1992,euclidean,TRUE
LECCO,2,4,1992,euclidean,TRUE
LUCCA,1,3,1992,euclidean,TRUE
MASSA-CARRARA,1,2,1992,euclidean,TRUE
MESSINA,4,3,1992,euclidean,TRUE
MONZA E DELLA BRIANZA,2,4,1992,euclidean,TRUE
NAPOLI,4,3,1992,euclidean,TRUE
PADOVA,2,4,1992,euclidean,TRUE
PALERMO,4,3,1992,euclidean,TRUE
PERUGIA,3,1,1992,euclidean,TRUE
PESARO E URBINO,3,1,1992,euclidean,TRUE
RAGUSA,4,3,1992,euclidean,TRUE
ROMA,4,3,1992,euclidean,TRUE
SIRACUSA,4,3,1992,euclidean,TRUE
SONDRIO,2,4,1992,euclidean,TRUE
TARANTO,2,3,1992,euclidean,TRUE
TERNI,3,1,1992,euclidean,TRUE
TRAPANI,4,3,1992,euclidean,TRUE
TRENTO,2,4,1992,euclidean,TRUE
TREVISO,2,4,1992,euclidean,TRUE
TRIESTE,3,2,1992,euclidean,TRUE
VARESE,2,4,1992,euclidean,TRUE
VERONA,2,4,1992,euclidean,TRUE
VICENZA,2,4,1992,euclidean,TRUE
VITERBO,4,3,1992,euclidean,TRUE
ALESSANDRIA,2,2,1992,euclidean,FALSE
AREZZO,1,1,1992,euclidean,FALSE
ASCOLI PICENO,3,3,1992,euclidean,FALSE
ASTI,2,2,1992,euclidean,FALSE
AVELLINO,3,3,1992,euclidean,FALSE
BELLUNO,2,2,1992,euclidean,FALSE
BENEVENTO,3,3,1992,euclidean,FALSE
BIELLA,2,2,1992,euclidean,FALSE
BOLOGNA,1,1,1992,euclidean,FALSE
BOLZANO/BOZEN,2,2,1992,euclidean,FALSE
CAGLIARI,3,3,1992,euclidean,FALSE
CATANZARO,3,3,1992,euclidean,FALSE
CHIETI,3,3,1992,euclidean,FALSE
COSENZA,3,3,1992,euclidean,FALSE
CROTONE,3,3,1992,euclidean,FALSE
FERMO,3,3,1992,euclidean,FALSE
FERRARA,1,1,1992,euclidean,FALSE
FIRENZE,1,1,1992,euclidean,FALSE
FORLÌ-CESENA,1,1,1992,euclidean,FALSE
GENOVA,2,2,1992,euclidean,FALSE
GORIZIA,2,2,1992,euclidean,FALSE
GROSSETO,1,1,1992,euclidean,FALSE
IMPERIA,2,2,1992,euclidean,FALSE
L'AQUILA,3,3,1992,euclidean,FALSE
LA SPEZIA,1,1,1992,euclidean,FALSE
LIVORNO,1,1,1992,euclidean,FALSE
LODI,2,2,1992,euclidean,FALSE
MACERATA,3,3,1992,euclidean,FALSE
MANTOVA,2,2,1992,euclidean,FALSE
MATERA,3,3,1992,euclidean,FALSE
MILANO,2,2,1992,euclidean,FALSE
MODENA,1,1,1992,euclidean,FALSE
NOVARA,2,2,1992,euclidean,FALSE
NUORO,3,3,1992,euclidean,FALSE
ORISTANO,3,3,1992,euclidean,FALSE
PARMA,2,2,1992,euclidean,FALSE
PAVIA,2,2,1992,euclidean,FALSE
PESCARA,3,3,1992,euclidean,FALSE
PIACENZA,2,2,1992,euclidean,FALSE
PISA,1,1,1992,euclidean,FALSE
PISTOIA,1,1,1992,euclidean,FALSE
PORDENONE,2,2,1992,euclidean,FALSE
POTENZA,3,3,1992,euclidean,FALSE
PRATO,1,1,1992,euclidean,FALSE
RAVENNA,1,1,1992,euclidean,FALSE
REGGIO CALABRIA,3,3,1992,euclidean,FALSE
REGGIO NELL'EMILIA,1,1,1992,euclidean,FALSE
RIETI,3,3,1992,euclidean,FALSE
RIMINI,1,1,1992,euclidean,FALSE
ROVIGO,2,2,1992,euclidean,FALSE
SALERNO,3,3,1992,euclidean,FALSE
SASSARI,3,3,1992,euclidean,FALSE
SAVONA,2,2,1992,euclidean,FALSE
SIENA,1,1,1992,euclidean,FALSE
SUD SARDEGNA,3,3,1992,euclidean,FALSE
TERAMO,3,3,1992,euclidean,FALSE
TORINO,2,2,1992,euclidean,FALSE
UDINE,2,2,1992,euclidean,FALSE
VENEZIA,2,2,1992,euclidean,FALSE
VERBANO-CUSIO-OSSOLA,2,2,1992,euclidean,FALSE
VERCELLI,2,2,1992,euclidean,FALSE
VIBO VALENTIA,3,3,1992,euclidean,FALSE
ASCOLI PICENO,3,2,1994,aitchison,TRUE
CHIETI,3,2,1994,aitchison,TRUE
FERMO,3,2,1994,aitchison,TRUE
FROSINONE,3,2,1994,aitchison,TRUE
L'AQUILA,3,2,1994,aitchison,TRUE
LATINA,3,2,1994,aitchison,TRUE
MACERATA,3,2,1994,aitchison,TRUE
PESARO E URBINO,3,2,1994,aitchison,TRUE
PESCARA,3,2,1994,aitchison,TRUE
RIETI,3,2,1994,aitchison,TRUE
TERAMO,3,2,1994,aitchison,TRUE
VITERBO,3,2,1994,aitchison,TRUE
AGRIGENTO,3,3,1994,aitchison,FALSE
ALESSANDRIA,2,2,1994,aitchison,FALSE
ANCONA,2,2,1994,aitchison,FALSE
AREZZO,1,1,1994,aitchison,FALSE
ASTI,2,2,1994,aitchison,FALSE
AVELLINO,3,3,1994,aitchison,FALSE
BARI,4,4,1994,aitchison,FALSE
BARLETTA-ANDRIA-TRANI,4,4,1994,aitchison,FALSE
BELLUNO,2,2,1994,aitchison,FALSE
BENEVENTO,3,3,1994,aitchison,FALSE
BERGAMO,2,2,1994,aitchison,FALSE
BIELLA,2,2,1994,aitchison,FALSE
BOLOGNA,1,1,1994,aitchison,FALSE
BOLZANO/BOZEN,2,2,1994,aitchison,FALSE
BRESCIA,2,2,1994,aitchison,FALSE
BRINDISI,4,4,1994,aitchison,FALSE
CAGLIARI,3,3,1994,aitchison,FALSE
CALTANISSETTA,3,3,1994,aitchison,FALSE
CAMPOBASSO,3,3,1994,aitchison,FALSE
CASERTA,3,3,1994,aitchison,FALSE
CATANIA,3,3,1994,aitchison,FALSE
CATANZARO,3,3,1994,aitchison,FALSE
COMO,2,2,1994,aitchison,FALSE
COSENZA,3,3,1994,aitchison,FALSE
CREMONA,2,2,1994,aitchison,FALSE
CROTONE,3,3,1994,aitchison,FALSE
CUNEO,2,2,1994,aitchison,FALSE
ENNA,3,3,1994,aitchison,FALSE
FERRARA,1,1,1994,aitchison,FALSE
FIRENZE,1,1,1994,aitchison,FALSE
FOGGIA,4,4,1994,aitchison,FALSE
FORLÌ-CESENA,1,1,1994,aitchison,FALSE
GENOVA,1,1,1994,aitchison,FALSE
GORIZIA,2,2,1994,aitchison,FALSE
GROSSETO,1,1,1994,aitchison,FALSE
IMPERIA,1,1,1994,aitchison,FALSE
ISERNIA,3,3,1994,aitchison,FALSE
LA SPEZIA,1,1,1994,aitchison,FALSE
LECCE,4,4,1994,aitchison,FALSE
LECCO,2,2,1994,aitchison,FALSE
LIVORNO,1,1,1994,aitchison,FALSE
LODI,2,2,1994,aitchison,FALSE
LUCCA,1,1,1994,aitchison,FALSE
MANTOVA,2,2,1994,aitchison,FALSE
MASSA-CARRARA,1,1,1994,aitchison,FALSE
MATERA,2,2,1994,aitchison,FALSE
MESSINA,3,3,1994,aitchison,FALSE
MILANO,1,1,1994,aitchison,FALSE
MODENA,1,1,1994,aitchison,FALSE
MONZA E DELLA BRIANZA,1,1,1994,aitchison,FALSE
NAPOLI,3,3,1994,aitchison,FALSE
NOVARA,2,2,1994,aitchison,FALSE
NUORO,3,3,1994,aitchison,FALSE
ORISTANO,3,3,1994,aitchison,FALSE
PADOVA,2,2,1994,aitchison,FALSE
PALERMO,3,3,1994,aitchison,FALSE
PARMA,1,1,1994,aitchison,FALSE
PAVIA,2,2,1994,aitchison,FALSE
PERUGIA,3,3,1994,aitchison,FALSE
PIACENZA,1,1,1994,aitchison,FALSE
PISA,1,1,1994,aitchison,FALSE
PISTOIA,1,1,1994,aitchison,FALSE
PORDENONE,2,2,1994,aitchison,FALSE
POTENZA,2,2,1994,aitchison,FALSE
PRATO,1,1,1994,aitchison,FALSE
RAGUSA,3,3,1994,aitchison,FALSE
RAVENNA,1,1,1994,aitchison,FALSE
REGGIO CALABRIA,3,3,1994,aitchison,FALSE
REGGIO NELL'EMILIA,1,1,1994,aitchison,FALSE
RIMINI,1,1,1994,aitchison,FALSE
ROMA,3,3,1994,aitchison,FALSE
ROVIGO,2,2,1994,aitchison,FALSE
SALERNO,3,3,1994,aitchison,FALSE
SASSARI,3,3,1994,aitchison,FALSE
SAVONA,1,1,1994,aitchison,FALSE
SIENA,1,1,1994,aitchison,FALSE
SIRACUSA,3,3,1994,aitchison,FALSE
SONDRIO,2,2,1994,aitchison,FALSE
SUD SARDEGNA,3,3,1994,aitchison,FALSE
TARANTO,4,4,1994,aitchison,FALSE
TERNI,3,3,1994,aitchison,FALSE
TORINO,2,2,1994,aitchison,FALSE
TRAPANI,3,3,1994,aitchison,FALSE
TRENTO,2,2,1994,aitchison,FALSE
TREVISO,2,2,1994,aitchison,FALSE
TRIESTE,2,2,1994,aitchison,FALSE
UDINE,2,2,1994,aitchison,FALSE
VARESE,2,2,1994,aitchison,FALSE
VENEZIA,2,2,1994,aitchison,FALSE
VERBANO-CUSIO-OSSOLA,2,2,1994,aitchison,FALSE
VERCELLI,2,2,1994,aitchison,FALSE
VERONA,2,2,1994,aitchison,FALSE
VIBO VALENTIA,3,3,1994,aitchison,FALSE
VICENZA,2,2,1994,aitchison,FALSE
ANCONA,2,1,1994,euclidean,TRUE
ASCOLI PICENO,3,2,1994,euclidean,TRUE
BARI,4,3,1994,euclidean,TRUE
BARLETTA-ANDRIA-TRANI,4,3,1994,euclidean,TRUE
BELLUNO,2,4,1994,euclidean,TRUE
BERGAMO,2,4,1994,euclidean,TRUE
BOLZANO/BOZEN,2,4,1994,euclidean,TRUE
BRESCIA,2,4,1994,euclidean,TRUE
BRINDISI,4,3,1994,euclidean,TRUE
COMO,2,4,1994,euclidean,TRUE
CUNEO,2,4,1994,euclidean,TRUE
FERMO,3,2,1994,euclidean,TRUE
FOGGIA,4,3,1994,euclidean,TRUE
GENOVA,1,2,1994,euclidean,TRUE
IMPERIA,1,2,1994,euclidean,TRUE
LATINA,3,2,1994,euclidean,TRUE
LECCE,4,3,1994,euclidean,TRUE
LECCO,2,4,1994,euclidean,TRUE
LUCCA,1,2,1994,euclidean,TRUE
MACERATA,3,2,1994,euclidean,TRUE
MASSA-CARRARA,1,2,1994,euclidean,TRUE
MATERA,2,3,1994,euclidean,TRUE
MILANO,1,2,1994,euclidean,TRUE
MONZA E DELLA BRIANZA,1,4,1994,euclidean,TRUE
PARMA,1,2,1994,euclidean,TRUE
PERUGIA,3,1,1994,euclidean,TRUE
PESARO E URBINO,3,1,1994,euclidean,TRUE
PIACENZA,1,2,1994,euclidean,TRUE
POTENZA,2,3,1994,euclidean,TRUE
RIETI,3,2,1994,euclidean,TRUE
ROMA,3,2,1994,euclidean,TRUE
SAVONA,1,2,1994,euclidean,TRUE
SONDRIO,2,4,1994,euclidean,TRUE
TARANTO,4,3,1994,euclidean,TRUE
TERNI,3,1,1994,euclidean,TRUE
TRENTO,2,4,1994,euclidean,TRUE
TREVISO,2,4,1994,euclidean,TRUE
VARESE,2,4,1994,euclidean,TRUE
VERONA,2,4,1994,euclidean,TRUE
VICENZA,2,4,1994,euclidean,TRUE
VITERBO,3,2,1994,euclidean,TRUE
AGRIGENTO,3,3,1994,euclidean,FALSE
ALESSANDRIA,2,2,1994,euclidean,FALSE
AREZZO,1,1,1994,euclidean,FALSE
ASTI,2,2,1994,euclidean,FALSE
AVELLINO,3,3,1994,euclidean,FALSE
BENEVENTO,3,3,1994,euclidean,FALSE
BIELLA,2,2,1994,euclidean,FALSE
BOLOGNA,1,1,1994,euclidean,FALSE
CAGLIARI,3,3,1994,euclidean,FALSE
CALTANISSETTA,3,3,1994,euclidean,FALSE
CAMPOBASSO,3,3,1994,euclidean,FALSE
CASERTA,3,3,1994,euclidean,FALSE
CATANIA,3,3,1994,euclidean,FALSE
CATANZARO,3,3,1994,euclidean,FALSE
CHIETI,3,3,1994,euclidean,FALSE
COSENZA,3,3,1994,euclidean,FALSE
CREMONA,2,2,1994,euclidean,FALSE
CROTONE,3,3,1994,euclidean,FALSE
ENNA,3,3,1994,euclidean,FALSE
FERRARA,1,1,1994,euclidean,FALSE
FIRENZE,1,1,1994,euclidean,FALSE
FORLÌ-CESENA,1,1,1994,euclidean,FALSE
FROSINONE,3,3,1994,euclidean,FALSE
GORIZIA,2,2,1994,euclidean,FALSE
GROSSETO,1,1,1994,euclidean,FALSE
ISERNIA,3,3,1994,euclidean,FALSE
L'AQUILA,3,3,1994,euclidean,FALSE
LA SPEZIA,1,1,1994,euclidean,FALSE
LIVORNO,1,1,1994,euclidean,FALSE
LODI,2,2,1994,euclidean,FALSE
MANTOVA,2,2,1994,euclidean,FALSE
MESSINA,3,3,1994,euclidean,FALSE
MODENA,1,1,1994,euclidean,FALSE
NAPOLI,3,3,1994,euclidean,FALSE
NOVARA,2,2,1994,euclidean,FALSE
NUORO,3,3,1994,euclidean,FALSE
ORISTANO,3,3,1994,euclidean,FALSE
PADOVA,2,2,1994,euclidean,FALSE
PALERMO,3,3,1994,euclidean,FALSE
PAVIA,2,2,1994,euclidean,FALSE
PESCARA,3,3,1994,euclidean,FALSE
PISA,1,1,1994,euclidean,FALSE
PISTOIA,1,1,1994,euclidean,FALSE
PORDENONE,2,2,1994,euclidean,FALSE
PRATO,1,1,1994,euclidean,FALSE
RAGUSA,3,3,1994,euclidean,FALSE
RAVENNA,1,1,1994,euclidean,FALSE
REGGIO CALABRIA,3,3,1994,euclidean,FALSE
REGGIO NELL'EMILIA,1,1,1994,euclidean,FALSE
RIMINI,1,1,1994,euclidean,FALSE
ROVIGO,2,2,1994,euclidean,FALSE
SALERNO,3,3,1994,euclidean,FALSE
SASSARI,3,3,1994,euclidean,FALSE
SIENA,1,1,1994,euclidean,FALSE
SIRACUSA,3,3,1994,euclidean,FALSE
SUD SARDEGNA,3,3,1994,euclidean,FALSE
TERAMO,3,3,1994,euclidean,FALSE
TORINO,2,2,1994,euclidean,FALSE
TRAPANI,3,3,1994,euclidean,FALSE
TRIESTE,2,2,1994,euclidean,FALSE
UDINE,2,2,1994,euclidean,FALSE
VENEZIA,2,2,1994,euclidean,FALSE
VERBANO-CUSIO-OSSOLA,2,2,1994,euclidean,FALSE
VERCELLI,2,2,1994,euclidean,FALSE
VIBO VALENTIA,3,3,1994,euclidean,FALSE
AGRIGENTO,4,1,1996,aitchison,TRUE
ALESSANDRIA,2,4,1996,aitchison,TRUE
ASCOLI PICENO,4,1,1996,aitchison,TRUE
ASTI,2,4,1996,aitchison,TRUE
AVELLINO,4,1,1996,aitchison,TRUE
BARI,4,1,1996,aitchison,TRUE
BARLETTA-ANDRIA-TRANI,4,1,1996,aitchison,TRUE
BENEVENTO,4,1,1996,aitchison,TRUE
BIELLA,2,4,1996,aitchison,TRUE
BRINDISI,4,1,1996,aitchison,TRUE
CALTANISSETTA,4,1,1996,aitchison,TRUE
CAMPOBASSO,4,1,1996,aitchison,TRUE
CASERTA,4,1,1996,aitchison,TRUE
CATANIA,4,1,1996,aitchison,TRUE
CUNEO,2,4,1996,aitchison,TRUE
ENNA,4,1,1996,aitchison,TRUE
FOGGIA,4,1,1996,aitchison,TRUE
FROSINONE,3,2,1996,aitchison,TRUE
GORIZIA,2,4,1996,aitchison,TRUE
ISERNIA,4,1,1996,aitchison,TRUE
LATINA,3,2,1996,aitchison,TRUE
LECCE,4,1,1996,aitchison,TRUE
MACERATA,4,1,1996,aitchison,TRUE
MESSINA,4,1,1996,aitchison,TRUE
NOVARA,2,4,1996,aitchison,TRUE
PALERMO,4,1,1996,aitchison,TRUE
PORDENONE,2,4,1996,aitchison,TRUE
RAGUSA,4,1,1996,aitchison,TRUE
RIETI,3,2,1996,aitchison,TRUE
SALERNO,4,1,1996,aitchison,TRUE
SIRACUSA,4,1,1996,aitchison,TRUE
TRAPANI,4,1,1996,aitchison,TRUE
TRIESTE,2,4,1996,aitchison,TRUE
UDINE,2,4,1996,aitchison,TRUE
VERBANO-CUSIO-OSSOLA,2,4,1996,aitchison,TRUE
VERCELLI,2,4,1996,aitchison,TRUE
VITERBO,3,2,1996,aitchison,TRUE
ANCONA,1,1,1996,aitchison,FALSE
AREZZO,1,1,1996,aitchison,FALSE
BELLUNO,2,2,1996,aitchison,FALSE
BERGAMO,1,1,1996,aitchison,FALSE
BOLOGNA,1,1,1996,aitchison,FALSE
BOLZANO/BOZEN,2,2,1996,aitchison,FALSE
BRESCIA,1,1,1996,aitchison,FALSE
CAGLIARI,1,1,1996,aitchison,FALSE
CATANZARO,3,3,1996,aitchison,FALSE
CHIETI,3,3,1996,aitchison,FALSE
COMO,1,1,1996,aitchison,FALSE
COSENZA,3,3,1996,aitchison,FALSE
CREMONA,2,2,1996,aitchison,FALSE
CROTONE,3,3,1996,aitchison,FALSE
FERMO,1,1,1996,aitchison,FALSE
FERRARA,1,1,1996,aitchison,FALSE
FIRENZE,1,1,1996,aitchison,FALSE
FORLÌ-CESENA,1,1,1996,aitchison,FALSE
GENOVA,1,1,1996,aitchison,FALSE
GROSSETO,1,1,1996,aitchison,FALSE
IMPERIA,1,1,1996,aitchison,FALSE
L'AQUILA,3,3,1996,aitchison,FALSE
LA SPEZIA,1,1,1996,aitchison,FALSE
LECCO,1,1,1996,aitchison,FALSE
LIVORNO,1,1,1996,aitchison,FALSE
LODI,2,2,1996,aitchison,FALSE
LUCCA,1,1,1996,aitchison,FALSE
MANTOVA,2,2,1996,aitchison,FALSE
MASSA-CARRARA,1,1,1996,aitchison,FALSE
MATERA,3,3,1996,aitchison,FALSE
MILANO,1,1,1996,aitchison,FALSE
MODENA,1,1,1996,aitchison,FALSE
MONZA E DELLA BRIANZA,1,1,1996,aitchison,FALSE
NAPOLI,3,3,1996,aitchison,FALSE
NUORO,1,1,1996,aitchison,FALSE
ORISTANO,1,1,1996,aitchison,FALSE
PADOVA,1,1,1996,aitchison,FALSE
PARMA,1,1,1996,aitchison,FALSE
PAVIA,2,2,1996,aitchison,FALSE
PERUGIA,2,2,1996,aitchison,FALSE
PESARO E URBINO,1,1,1996,aitchison,FALSE
PESCARA,3,3,1996,aitchison,FALSE
PIACENZA,1,1,1996,aitchison,FALSE
PISA,1,1,1996,aitchison,FALSE
PISTOIA,1,1,1996,aitchison,FALSE
POTENZA,3,3,1996,aitchison,FALSE
PRATO,1,1,1996,aitchison,FALSE
RAVENNA,1,1,1996,aitchison,FALSE
REGGIO CALABRIA,3,3,1996,aitchison,FALSE
REGGIO NELL'EMILIA,1,1,1996,aitchison,FALSE
RIMINI,1,1,1996,aitchison,FALSE
ROMA,3,3,1996,aitchison,FALSE
ROVIGO,1,1,1996,aitchison,FALSE
SASSARI,1,1,1996,aitchison,FALSE
SAVONA,1,1,1996,aitchison,FALSE
SIENA,1,1,1996,aitchison,FALSE
SONDRIO,1,1,1996,aitchison,FALSE
SUD SARDEGNA,1,1,1996,aitchison,FALSE
TARANTO,1,1,1996,aitchison,FALSE
TERAMO,3,3,1996,aitchison,FALSE
TERNI,2,2,1996,aitchison,FALSE
TORINO,1,1,1996,aitchison,FALSE
TRENTO,2,2,1996,aitchison,FALSE
TREVISO,2,2,1996,aitchison,FALSE
VARESE,1,1,1996,aitchison,FALSE
VENEZIA,2,2,1996,aitchison,FALSE
VERONA,1,1,1996,aitchison,FALSE
VIBO VALENTIA,3,3,1996,aitchison,FALSE
VICENZA,1,1,1996,aitchison,FALSE
ASCOLI PICENO,4,2,1996,euclidean,TRUE
BELLUNO,2,3,1996,euclidean,TRUE
BERGAMO,1,3,1996,euclidean,TRUE
BOLZANO/BOZEN,2,3,1996,euclidean,TRUE
BRESCIA,1,3,1996,euclidean,TRUE
CAGLIARI,1,2,1996,euclidean,TRUE
CATANZARO,3,4,1996,euclidean,TRUE
CHIETI,3,4,1996,euclidean,TRUE
COMO,1,3,1996,euclidean,TRUE
COSENZA,3,4,1996,euclidean,TRUE
CROTONE,3,4,1996,euclidean,TRUE
CUNEO,2,3,1996,euclidean,TRUE
FERMO,1,2,1996,euclidean,TRUE
FROSINONE,3,4,1996,euclidean,TRUE
GENOVA,1,2,1996,euclidean,TRUE
IMPERIA,1,2,1996,euclidean,TRUE
L'AQUILA,3,4,1996,euclidean,TRUE
LATINA,3,2,1996,euclidean,TRUE
LECCO,1,3,1996,euclidean,TRUE
LUCCA,1,2,1996,euclidean,TRUE
MACERATA,4,2,1996,euclidean,TRUE
MASSA-CARRARA,1,2,1996,euclidean,TRUE
MATERA,3,4,1996,euclidean,TRUE
MILANO,1,2,1996,euclidean,TRUE
MONZA E DELLA BRIANZA,1,3,1996,euclidean,TRUE
NAPOLI,3,4,1996,euclidean,TRUE
NUORO,1,4,1996,euclidean,TRUE
ORISTANO,1,4,1996,euclidean,TRUE
PADOVA,1,3,1996,euclidean,TRUE
PARMA,1,2,1996,euclidean,TRUE
PERUGIA,2,1,1996,euclidean,TRUE
PESCARA,3,2,1996,euclidean,TRUE
PIACENZA,1,2,1996,euclidean,TRUE
PORDENONE,2,3,1996,euclidean,TRUE
POTENZA,3,4,1996,euclidean,TRUE
REGGIO CALABRIA,3,4,1996,euclidean,TRUE
RIETI,3,2,1996,euclidean,TRUE
ROMA,3,2,1996,euclidean,TRUE
ROVIGO,1,2,1996,euclidean,TRUE
SASSARI,1,2,1996,euclidean,TRUE
SAVONA,1,2,1996,euclidean,TRUE
SONDRIO,1,3,1996,euclidean,TRUE
SUD SARDEGNA,1,4,1996,euclidean,TRUE
TARANTO,1,2,1996,euclidean,TRUE
TERAMO,3,2,1996,euclidean,TRUE
TERNI,2,1,1996,euclidean,TRUE
TORINO,1,2,1996,euclidean,TRUE
TRENTO,2,3,1996,euclidean,TRUE
TREVISO,2,3,1996,euclidean,TRUE
UDINE,2,3,1996,euclidean,TRUE
VARESE,1,3,1996,euclidean,TRUE
VERONA,1,3,1996,euclidean,TRUE
VIBO VALENTIA,3,4,1996,euclidean,TRUE
VICENZA,1,3,1996,euclidean,TRUE
VITERBO,3,2,1996,euclidean,TRUE
AGRIGENTO,4,4,1996,euclidean,FALSE
ALESSANDRIA,2,2,1996,euclidean,FALSE
ANCONA,1,1,1996,euclidean,FALSE
AREZZO,1,1,1996,euclidean,FALSE
ASTI,2,2,1996,euclidean,FALSE
AVELLINO,4,4,1996,euclidean,FALSE
BARI,4,4,1996,euclidean,FALSE
BARLETTA-ANDRIA-TRANI,4,4,1996,euclidean,FALSE
BENEVENTO,4,4,1996,euclidean,FALSE
BIELLA,2,2,1996,euclidean,FALSE
BOLOGNA,1,1,1996,euclidean,FALSE
BRINDISI,4,4,1996,euclidean,FALSE
CALTANISSETTA,4,4,1996,euclidean,FALSE
CAMPOBASSO,4,4,1996,euclidean,FALSE
CASERTA,4,4,1996,euclidean,FALSE
CATANIA,4,4,1996,euclidean,FALSE
CREMONA,2,2,1996,euclidean,FALSE
ENNA,4,4,1996,euclidean,FALSE
FERRARA,1,1,1996,euclidean,FALSE
FIRENZE,1,1,1996,euclidean,FALSE
FOGGIA,4,4,1996,euclidean,FALSE
FORLÌ-CESENA,1,1,1996,euclidean,FALSE
GORIZIA,2,2,1996,euclidean,FALSE
GROSSETO,1,1,1996,euclidean,FALSE
ISERNIA,4,4,1996,euclidean,FALSE
LA SPEZIA,1,1,1996,euclidean,FALSE
LECCE,4,4,1996,euclidean,FALSE
LIVORNO,1,1,1996,euclidean,FALSE
LODI,2,2,1996,euclidean,FALSE
MANTOVA,2,2,1996,euclidean,FALSE
MESSINA,4,4,1996,euclidean,FALSE
MODENA,1,1,1996,euclidean,FALSE
NOVARA,2,2,1996,euclidean,FALSE
PALERMO,4,4,1996,euclidean,FALSE
PAVIA,2,2,1996,euclidean,FALSE
PESARO E URBINO,1,1,1996,euclidean,FALSE
PISA,1,1,1996,euclidean,FALSE
PISTOIA,1,1,1996,euclidean,FALSE
PRATO,1,1,1996,euclidean,FALSE
RAGUSA,4,4,1996,euclidean,FALSE
RAVENNA,1,1,1996,euclidean,FALSE
REGGIO NELL'EMILIA,1,1,1996,euclidean,FALSE
RIMINI,1,1,1996,euclidean,FALSE
SALERNO,4,4,1996,euclidean,FALSE
SIENA,1,1,1996,euclidean,FALSE
SIRACUSA,4,4,1996,euclidean,FALSE
TRAPANI,4,4,1996,euclidean,FALSE
TRIESTE,2,2,1996,euclidean,FALSE
VENEZIA,2,2,1996,euclidean,FALSE
VERBANO-CUSIO-OSSOLA,2,2,1996,euclidean,FALSE
VERCELLI,2,2,1996,euclidean,FALSE
CAGLIARI,4,1,2001,aitchison,TRUE
GENOVA,1,2,2001,aitchison,TRUE
LUCCA,4,1,2001,aitchison,TRUE
MATERA,3,4,2001,aitchison,TRUE
POTENZA,3,4,2001,aitchison,TRUE
SUD SARDEGNA,4,1,2001,aitchison,TRUE
AGRIGENTO,3,3,2001,aitchison,FALSE
ALESSANDRIA,2,2,2001,aitchison,FALSE
ANCONA,3,3,2001,aitchison,FALSE
AREZZO,1,1,2001,aitchison,FALSE
ASCOLI PICENO,3,3,2001,aitchison,FALSE
ASTI,2,2,2001,aitchison,FALSE
AVELLINO,3,3,2001,aitchison,FALSE
BARI,4,4,2001,aitchison,FALSE
BARLETTA-ANDRIA-TRANI,4,4,2001,aitchison,FALSE
BELLUNO,2,2,2001,aitchison,FALSE
BENEVENTO,3,3,2001,aitchison,FALSE
BERGAMO,2,2,2001,aitchison,FALSE
BIELLA,2,2,2001,aitchison,FALSE
BOLOGNA,1,1,2001,aitchison,FALSE
BOLZANO/BOZEN,2,2,2001,aitchison,FALSE
BRESCIA,2,2,2001,aitchison,FALSE
BRINDISI,4,4,2001,aitchison,FALSE
CALTANISSETTA,3,3,2001,aitchison,FALSE
CAMPOBASSO,3,3,2001,aitchison,FALSE
CASERTA,3,3,2001,aitchison,FALSE
CATANIA,4,4,2001,aitchison,FALSE
CATANZARO,3,3,2001,aitchison,FALSE
CHIETI,3,3,2001,aitchison,FALSE
COMO,2,2,2001,aitchison,FALSE
COSENZA,3,3,2001,aitchison,FALSE
CREMONA,2,2,2001,aitchison,FALSE
CROTONE,3,3,2001,aitchison,FALSE
CUNEO,2,2,2001,aitchison,FALSE
ENNA,4,4,2001,aitchison,FALSE
FERMO,3,3,2001,aitchison,FALSE
FERRARA,1,1,2001,aitchison,FALSE
FIRENZE,1,1,2001,aitchison,FALSE
FOGGIA,4,4,2001,aitchison,FALSE
FORLÌ-CESENA,1,1,2001,aitchison,FALSE
FROSINONE,3,3,2001,aitchison,FALSE
GORIZIA,2,2,2001,aitchison,FALSE
GROSSETO,1,1,2001,aitchison,FALSE
IMPERIA,2,2,2001,aitchison,FALSE
ISERNIA,3,3,2001,aitchison,FALSE
L'AQUILA,3,3,2001,aitchison,FALSE
LA SPEZIA,1,1,2001,aitchison,FALSE
LATINA,3,3,2001,aitchison,FALSE
LECCE,4,4,2001,aitchison,FALSE
LECCO,2,2,2001,aitchison,FALSE
LIVORNO,1,1,2001,aitchison,FALSE
LODI,2,2,2001,aitchison,FALSE
MACERATA,3,3,2001,aitchison,FALSE
MANTOVA,2,2,2001,aitchison,FALSE
MASSA-CARRARA,1,1,2001,aitchison,FALSE
MESSINA,4,4,2001,aitchison,FALSE
MILANO,2,2,2001,aitchison,FALSE
MODENA,1,1,2001,aitchison,FALSE
MONZA E DELLA BRIANZA,2,2,2001,aitchison,FALSE
NAPOLI,3,3,2001,aitchison,FALSE
NOVARA,2,2,2001,aitchison,FALSE
NUORO,2,2,2001,aitchison,FALSE
ORISTANO,2,2,2001,aitchison,FALSE
PADOVA,2,2,2001,aitchison,FALSE
PALERMO,3,3,2001,aitchison,FALSE
PARMA,2,2,2001,aitchison,FALSE
PAVIA,2,2,2001,aitchison,FALSE
PERUGIA,3,3,2001,aitchison,FALSE
PESARO E URBINO,3,3,2001,aitchison,FALSE
PESCARA,3,3,2001,aitchison,FALSE
PIACENZA,2,2,2001,aitchison,FALSE
PISA,1,1,2001,aitchison,FALSE
PISTOIA,1,1,2001,aitchison,FALSE
PORDENONE,2,2,2001,aitchison,FALSE
PRATO,1,1,2001,aitchison,FALSE
RAGUSA,4,4,2001,aitchison,FALSE
RAVENNA,1,1,2001,aitchison,FALSE
REGGIO CALABRIA,3,3,2001,aitchison,FALSE
REGGIO NELL'EMILIA,1,1,2001,aitchison,FALSE
RIETI,3,3,2001,aitchison,FALSE
RIMINI,1,1,2001,aitchison,FALSE
ROMA,4,4,2001,aitchison,FALSE
ROVIGO,2,2,2001,aitchison,FALSE
SALERNO,3,3,2001,aitchison,FALSE
SASSARI,2,2,2001,aitchison,FALSE
SAVONA,2,2,2001,aitchison,FALSE
SIENA,1,1,2001,aitchison,FALSE
SIRACUSA,4,4,2001,aitchison,FALSE
SONDRIO,2,2,2001,aitchison,FALSE
TARANTO,2,2,2001,aitchison,FALSE
TERAMO,3,3,2001,aitchison,FALSE
TERNI,3,3,2001,aitchison,FALSE
TORINO,2,2,2001,aitchison,FALSE
TRAPANI,3,3,2001,aitchison,FALSE
TRENTO,2,2,2001,aitchison,FALSE
TREVISO,2,2,2001,aitchison,FALSE
TRIESTE,2,2,2001,aitchison,FALSE
UDINE,2,2,2001,aitchison,FALSE
VARESE,2,2,2001,aitchison,FALSE
VENEZIA,2,2,2001,aitchison,FALSE
VERBANO-CUSIO-OSSOLA,2,2,2001,aitchison,FALSE
VERCELLI,2,2,2001,aitchison,FALSE
VERONA,2,2,2001,aitchison,FALSE
VIBO VALENTIA,3,3,2001,aitchison,FALSE
VICENZA,2,2,2001,aitchison,FALSE
VITERBO,3,3,2001,aitchison,FALSE
ANCONA,3,1,2001,euclidean,TRUE
ASCOLI PICENO,3,4,2001,euclidean,TRUE
BELLUNO,2,3,2001,euclidean,TRUE
CASERTA,3,4,2001,euclidean,TRUE
CHIETI,3,4,2001,euclidean,TRUE
ENNA,4,3,2001,euclidean,TRUE
FERMO,3,4,2001,euclidean,TRUE
FROSINONE,3,4,2001,euclidean,TRUE
IMPERIA,2,4,2001,euclidean,TRUE
L'AQUILA,3,4,2001,euclidean,TRUE
LATINA,3,4,2001,euclidean,TRUE
MACERATA,3,4,2001,euclidean,TRUE
MANTOVA,2,4,2001,euclidean,TRUE
MASSA-CARRARA,1,4,2001,euclidean,TRUE
MESSINA,4,3,2001,euclidean,TRUE
NAPOLI,3,4,2001,euclidean,TRUE
NUORO,2,3,2001,euclidean,TRUE
ORISTANO,2,4,2001,euclidean,TRUE
PARMA,2,4,2001,euclidean,TRUE
PERUGIA,3,1,2001,euclidean,TRUE
PESARO E URBINO,3,1,2001,euclidean,TRUE
PESCARA,3,4,2001,euclidean,TRUE
RIETI,3,4,2001,euclidean,TRUE
SALERNO,3,4,2001,euclidean,TRUE
SASSARI,2,4,2001,euclidean,TRUE
SIRACUSA,4,3,2001,euclidean,TRUE
TARANTO,2,4,2001,euclidean,TRUE
TERAMO,3,4,2001,euclidean,TRUE
TERNI,3,1,2001,euclidean,TRUE
TRIESTE,2,4,2001,euclidean,TRUE
UDINE,2,4,2001,euclidean,TRUE
VERBANO-CUSIO-OSSOLA,2,4,2001,euclidean,TRUE
VITERBO,3,4,2001,euclidean,TRUE
AGRIGENTO,3,3,2001,euclidean,FALSE
ALESSANDRIA,2,2,2001,euclidean,FALSE
AREZZO,1,1,2001,euclidean,FALSE
ASTI,2,2,2001,euclidean,FALSE
AVELLINO,3,3,2001,euclidean,FALSE
BARI,4,4,2001,euclidean,FALSE
BARLETTA-ANDRIA-TRANI,4,4,2001,euclidean,FALSE
BENEVENTO,3,3,2001,euclidean,FALSE
BERGAMO,2,2,2001,euclidean,FALSE
BIELLA,2,2,2001,euclidean,FALSE
BOLOGNA,1,1,2001,euclidean,FALSE
BOLZANO/BOZEN,2,2,2001,euclidean,FALSE
BRESCIA,2,2,2001,euclidean,FALSE
BRINDISI,4,4,2001,euclidean,FALSE
CAGLIARI,4,4,2001,euclidean,FALSE
CALTANISSETTA,3,3,2001,euclidean,FALSE
CAMPOBASSO,3,3,2001,euclidean,FALSE
CATANIA,4,4,2001,euclidean,FALSE
CATANZARO,3,3,2001,euclidean,FALSE
COMO,2,2,2001,euclidean,FALSE
COSENZA,3,3,2001,euclidean,FALSE
CREMONA,2,2,2001,euclidean,FALSE
CROTONE,3,3,2001,euclidean,FALSE
CUNEO,2,2,2001,euclidean,FALSE
FERRARA,1,1,2001,euclidean,FALSE
FIRENZE,1,1,2001,euclidean,FALSE
FOGGIA,4,4,2001,euclidean,FALSE
FORLÌ-CESENA,1,1,2001,euclidean,FALSE
GENOVA,1,1,2001,euclidean,FALSE
GORIZIA,2,2,2001,euclidean,FALSE
GROSSETO,1,1,2001,euclidean,FALSE
ISERNIA,3,3,2001,euclidean,FALSE
LA SPEZIA,1,1,2001,euclidean,FALSE
LECCE,4,4,2001,euclidean,FALSE
LECCO,2,2,2001,euclidean,FALSE
LIVORNO,1,1,2001,euclidean,FALSE
LODI,2,2,2001,euclidean,FALSE
LUCCA,4,4,2001,euclidean,FALSE
MATERA,3,3,2001,euclidean,FALSE
MILANO,2,2,2001,euclidean,FALSE
MODENA,1,1,2001,euclidean,FALSE
MONZA E DELLA BRIANZA,2,2,2001,euclidean,FALSE
NOVARA,2,2,2001,euclidean,FALSE
PADOVA,2,2,2001,euclidean,FALSE
PALERMO,3,3,2001,euclidean,FALSE
PAVIA,2,2,2001,euclidean,FALSE
PIACENZA,2,2,2001,euclidean,FALSE
PISA,1,1,2001,euclidean,FALSE
PISTOIA,1,1,2001,euclidean,FALSE
PORDENONE,2,2,2001,euclidean,FALSE
POTENZA,3,3,2001,euclidean,FALSE
PRATO,1,1,2001,euclidean,FALSE
RAGUSA,4,4,2001,euclidean,FALSE
RAVENNA,1,1,2001,euclidean,FALSE
REGGIO CALABRIA,3,3,2001,euclidean,FALSE
REGGIO NELL'EMILIA,1,1,2001,euclidean,FALSE
RIMINI,1,1,2001,euclidean,FALSE
ROMA,4,4,2001,euclidean,FALSE
ROVIGO,2,2,2001,euclidean,FALSE
SAVONA,2,2,2001,euclidean,FALSE
SIENA,1,1,2001,euclidean,FALSE
SONDRIO,2,2,2001,euclidean,FALSE
SUD SARDEGNA,4,4,2001,euclidean,FALSE
TORINO,2,2,2001,euclidean,FALSE
TRAPANI,3,3,2001,euclidean,FALSE
TRENTO,2,2,2001,euclidean,FALSE
TREVISO,2,2,2001,euclidean,FALSE
VARESE,2,2,2001,euclidean,FALSE
VENEZIA,2,2,2001,euclidean,FALSE
VERCELLI,2,2,2001,euclidean,FALSE
VERONA,2,2,2001,euclidean,FALSE
VIBO VALENTIA,3,3,2001,euclidean,FALSE
VICENZA,2,2,2001,euclidean,FALSE
BOLOGNA,1,2,2006,aitchison,TRUE
BRINDISI,3,1,2006,aitchison,TRUE
CAGLIARI,3,1,2006,aitchison,TRUE
CATANIA,2,4,2006,aitchison,TRUE
FERRARA,1,2,2006,aitchison,TRUE
FORLÌ-CESENA,1,2,2006,aitchison,TRUE
LODI,2,4,2006,aitchison,TRUE
MODENA,1,2,2006,aitchison,TRUE
RAGUSA,3,1,2006,aitchison,TRUE
RAVENNA,1,2,2006,aitchison,TRUE
REGGIO NELL'EMILIA,1,2,2006,aitchison,TRUE
RIMINI,1,2,2006,aitchison,TRUE
UDINE,2,4,2006,aitchison,TRUE
AGRIGENTO,3,3,2006,aitchison,FALSE
ALESSANDRIA,2,2,2006,aitchison,FALSE
ANCONA,1,1,2006,aitchison,FALSE
AREZZO,1,1,2006,aitchison,FALSE
ASCOLI PICENO,1,1,2006,aitchison,FALSE
ASTI,2,2,2006,aitchison,FALSE
AVELLINO,3,3,2006,aitchison,FALSE
BARI,3,3,2006,aitchison,FALSE
BARLETTA-ANDRIA-TRANI,3,3,2006,aitchison,FALSE
BELLUNO,4,4,2006,aitchison,FALSE
BENEVENTO,3,3,2006,aitchison,FALSE
BERGAMO,4,4,2006,aitchison,FALSE
BIELLA,2,2,2006,aitchison,FALSE
BOLZANO/BOZEN,4,4,2006,aitchison,FALSE
BRESCIA,4,4,2006,aitchison,FALSE
CALTANISSETTA,3,3,2006,aitchison,FALSE
CAMPOBASSO,3,3,2006,aitchison,FALSE
CASERTA,3,3,2006,aitchison,FALSE
CATANZARO,3,3,2006,aitchison,FALSE
CHIETI,3,3,2006,aitchison,FALSE
COMO,4,4,2006,aitchison,FALSE
COSENZA,3,3,2006,aitchison,FALSE
CREMONA,4,4,2006,aitchison,FALSE
CROTONE,3,3,2006,aitchison,FALSE
CUNEO,4,4,2006,aitchison,FALSE
ENNA,3,3,2006,aitchison,FALSE
FERMO,1,1,2006,aitchison,FALSE
FIRENZE,1,1,2006,aitchison,FALSE
FOGGIA,3,3,2006,aitchison,FALSE
FROSINONE,3,3,2006,aitchison,FALSE
GENOVA,2,2,2006,aitchison,FALSE
GORIZIA,2,2,2006,aitchison,FALSE
GROSSETO,1,1,2006,aitchison,FALSE
IMPERIA,2,2,2006,aitchison,FALSE
ISERNIA,3,3,2006,aitchison,FALSE
L'AQUILA,3,3,2006,aitchison,FALSE
LA SPEZIA,1,1,2006,aitchison,FALSE
LATINA,3,3,2006,aitchison,FALSE
LECCE,3,3,2006,aitchison,FALSE
LECCO,4,4,2006,aitchison,FALSE
LIVORNO,1,1,2006,aitchison,FALSE
LUCCA,1,1,2006,aitchison,FALSE
MACERATA,1,1,2006,aitchison,FALSE
MANTOVA,2,2,2006,aitchison,FALSE
MASSA-CARRARA,3,3,2006,aitchison,FALSE
MATERA,3,3,2006,aitchison,FALSE
MESSINA,3,3,2006,aitchison,FALSE
MILANO,2,2,2006,aitchison,FALSE
MONZA E DELLA BRIANZA,4,4,2006,aitchison,FALSE
NAPOLI,3,3,2006,aitchison,FALSE
NOVARA,2,2,2006,aitchison,FALSE
NUORO,3,3,2006,aitchison,FALSE
ORISTANO,3,3,2006,aitchison,FALSE
PADOVA,4,4,2006,aitchison,FALSE
PALERMO,3,3,2006,aitchison,FALSE
PARMA,2,2,2006,aitchison,FALSE
PAVIA,2,2,2006,aitchison,FALSE
PERUGIA,1,1,2006,aitchison,FALSE
PESARO E URBINO,1,1,2006,aitchison,FALSE
PESCARA,3,3,2006,aitchison,FALSE
PIACENZA,2,2,2006,aitchison,FALSE
PISA,1,1,2006,aitchison,FALSE
PISTOIA,1,1,2006,aitchison,FALSE
PORDENONE,4,4,2006,aitchison,FALSE
POTENZA,3,3,2006,aitchison,FALSE
PRATO,1,1,2006,aitchison,FALSE
REGGIO CALABRIA,3,3,2006,aitchison,FALSE
RIETI,3,3,2006,aitchison,FALSE
ROMA,3,3,2006,aitchison,FALSE
ROVIGO,2,2,2006,aitchison,FALSE
SALERNO,3,3,2006,aitchison,FALSE
SASSARI,3,3,2006,aitchison,FALSE
SAVONA,2,2,2006,aitchison,FALSE
SIENA,1,1,2006,aitchison,FALSE
SIRACUSA,3,3,2006,aitchison,FALSE
SONDRIO,4,4,2006,aitchison,FALSE
SUD SARDEGNA,3,3,2006,aitchison,FALSE
TARANTO,3,3,2006,aitchison,FALSE
TERAMO,3,3,2006,aitchison,FALSE
TERNI,1,1,2006,aitchison,FALSE
TORINO,2,2,2006,aitchison,FALSE
TRAPANI,3,3,2006,aitchison,FALSE
TRENTO,4,4,2006,aitchison,FALSE
TREVISO,4,4,2006,aitchison,FALSE
TRIESTE,2,2,2006,aitchison,FALSE
VARESE,4,4,2006,aitchison,FALSE
VENEZIA,2,2,2006,aitchison,FALSE
VERBANO-CUSIO-OSSOLA,2,2,2006,aitchison,FALSE
VERCELLI,2,2,2006,aitchison,FALSE
VERONA,4,4,2006,aitchison,FALSE
VIBO VALENTIA,3,3,2006,aitchison,FALSE
VICENZA,4,4,2006,aitchison,FALSE
VITERBO,3,3,2006,aitchison,FALSE
ALESSANDRIA,2,4,2006,euclidean,TRUE
ASCOLI PICENO,1,2,2006,euclidean,TRUE
ASTI,2,4,2006,euclidean,TRUE
BIELLA,2,4,2006,euclidean,TRUE
CATANIA,2,3,2006,euclidean,TRUE
CHIETI,3,2,2006,euclidean,TRUE
FERMO,1,2,2006,euclidean,TRUE
GROSSETO,1,2,2006,euclidean,TRUE
IMPERIA,2,3,2006,euclidean,TRUE
LA SPEZIA,1,2,2006,euclidean,TRUE
LODI,2,4,2006,euclidean,TRUE
LUCCA,1,2,2006,euclidean,TRUE
MACERATA,1,2,2006,euclidean,TRUE
MASSA-CARRARA,3,2,2006,euclidean,TRUE
MILANO,2,4,2006,euclidean,TRUE
NOVARA,2,4,2006,euclidean,TRUE
PAVIA,2,4,2006,euclidean,TRUE
PERUGIA,1,2,2006,euclidean,TRUE
PESCARA,3,2,2006,euclidean,TRUE
PIACENZA,2,4,2006,euclidean,TRUE
PISTOIA,1,2,2006,euclidean,TRUE
RIETI,3,2,2006,euclidean,TRUE
RIMINI,1,2,2006,euclidean,TRUE
ROMA,3,2,2006,euclidean,TRUE
TERAMO,3,2,2006,euclidean,TRUE
TERNI,1,2,2006,euclidean,TRUE
UDINE,2,4,2006,euclidean,TRUE
VENEZIA,2,4,2006,euclidean,TRUE
VERBANO-CUSIO-OSSOLA,2,4,2006,euclidean,TRUE
VERCELLI,2,4,2006,euclidean,TRUE
VITERBO,3,2,2006,euclidean,TRUE
AGRIGENTO,3,3,2006,euclidean,FALSE
ANCONA,1,1,2006,euclidean,FALSE
AREZZO,1,1,2006,euclidean,FALSE
AVELLINO,3,3,2006,euclidean,FALSE
BARI,3,3,2006,euclidean,FALSE
BARLETTA-ANDRIA-TRANI,3,3,2006,euclidean,FALSE
BELLUNO,4,4,2006,euclidean,FALSE
BENEVENTO,3,3,2006,euclidean,FALSE
BERGAMO,4,4,2006,euclidean,FALSE
BOLOGNA,1,1,2006,euclidean,FALSE
BOLZANO/BOZEN,4,4,2006,euclidean,FALSE
BRESCIA,4,4,2006,euclidean,FALSE
BRINDISI,3,3,2006,euclidean,FALSE
CAGLIARI,3,3,2006,euclidean,FALSE
CALTANISSETTA,3,3,2006,euclidean,FALSE
CAMPOBASSO,3,3,2006,euclidean,FALSE
CASERTA,3,3,2006,euclidean,FALSE
CATANZARO,3,3,2006,euclidean,FALSE
COMO,4,4,2006,euclidean,FALSE
COSENZA,3,3,2006,euclidean,FALSE
CREMONA,4,4,2006,euclidean,FALSE
CROTONE,3,3,2006,euclidean,FALSE
CUNEO,4,4,2006,euclidean,FALSE
ENNA,3,3,2006,euclidean,FALSE
FERRARA,1,1,2006,euclidean,FALSE
FIRENZE,1,1,2006,euclidean,FALSE
FOGGIA,3,3,2006,euclidean,FALSE
FORLÌ-CESENA,1,1,2006,euclidean,FALSE
FROSINONE,3,3,2006,euclidean,FALSE
GENOVA,2,2,2006,euclidean,FALSE
GORIZIA,2,2,2006,euclidean,FALSE
ISERNIA,3,3,2006,euclidean,FALSE
L'AQUILA,3,3,2006,euclidean,FALSE
LATINA,3,3,2006,euclidean,FALSE
LECCE,3,3,2006,euclidean,FALSE
LECCO,4,4,2006,euclidean,FALSE
LIVORNO,1,1,2006,euclidean,FALSE
MANTOVA,2,2,2006,euclidean,FALSE
MATERA,3,3,2006,euclidean,FALSE
MESSINA,3,3,2006,euclidean,FALSE
MODENA,1,1,2006,euclidean,FALSE
MONZA E DELLA BRIANZA,4,4,2006,euclidean,FALSE
NAPOLI,3,3,2006,euclidean,FALSE
NUORO,3,3,2006,euclidean,FALSE
ORISTANO,3,3,2006,euclidean,FALSE
PADOVA,4,4,2006,euclidean,FALSE
PALERMO,3,3,2006,euclidean,FALSE
PARMA,2,2,2006,euclidean,FALSE
PESARO E URBINO,1,1,2006,euclidean,FALSE
PISA,1,1,2006,euclidean,FALSE
PORDENONE,4,4,2006,euclidean,FALSE
POTENZA,3,3,2006,euclidean,FALSE
PRATO,1,1,2006,euclidean,FALSE
RAGUSA,3,3,2006,euclidean,FALSE
RAVENNA,1,1,2006,euclidean,FALSE
REGGIO CALABRIA,3,3,2006,euclidean,FALSE
REGGIO NELL'EMILIA,1,1,2006,euclidean,FALSE
ROVIGO,2,2,2006,euclidean,FALSE
SALERNO,3,3,2006,euclidean,FALSE
SASSARI,3,3,2006,euclidean,FALSE
SAVONA,2,2,2006,euclidean,FALSE
SIENA,1,1,2006,euclidean,FALSE
SIRACUSA,3,3,2006,euclidean,FALSE
SONDRIO,4,4,2006,euclidean,FALSE
SUD SARDEGNA,3,3,2006,euclidean,FALSE
TARANTO,3,3,2006,euclidean,FALSE
TORINO,2,2,2006,euclidean,FALSE
TRAPANI,3,3,2006,euclidean,FALSE
TRENTO,4,4,2006,euclidean,FALSE
TREVISO,4,4,2006,euclidean,FALSE
TRIESTE,2,2,2006,euclidean,FALSE
VARESE,4,4,2006,euclidean,FALSE
VERONA,4,4,2006,euclidean,FALSE
VIBO VALENTIA,3,3,2006,euclidean,FALSE
VICENZA,4,4,2006,euclidean,FALSE
CATANIA,3,4,2008,aitchison,TRUE
IMPERIA,3,1,2008,aitchison,TRUE
L'AQUILA,3,1,2008,aitchison,TRUE
TERNI,1,2,2008,aitchison,TRUE
TRIESTE,3,1,2008,aitchison,TRUE
AGRIGENTO,3,3,2008,aitchison,FALSE
ALESSANDRIA,4,4,2008,aitchison,FALSE
ANCONA,1,1,2008,aitchison,FALSE
AREZZO,1,1,2008,aitchison,FALSE
ASCOLI PICENO,2,2,2008,aitchison,FALSE
ASTI,4,4,2008,aitchison,FALSE
AVELLINO,3,3,2008,aitchison,FALSE
BARI,2,2,2008,aitchison,FALSE
BARLETTA-ANDRIA-TRANI,2,2,2008,aitchison,FALSE
BELLUNO,4,4,2008,aitchison,FALSE
BENEVENTO,2,2,2008,aitchison,FALSE
BERGAMO,4,4,2008,aitchison,FALSE
BIELLA,4,4,2008,aitchison,FALSE
BOLOGNA,1,1,2008,aitchison,FALSE
BOLZANO/BOZEN,4,4,2008,aitchison,FALSE
BRESCIA,4,4,2008,aitchison,FALSE
BRINDISI,3,3,2008,aitchison,FALSE
CAGLIARI,3,3,2008,aitchison,FALSE
CALTANISSETTA,3,3,2008,aitchison,FALSE
CAMPOBASSO,3,3,2008,aitchison,FALSE
CASERTA,2,2,2008,aitchison,FALSE
CATANZARO,3,3,2008,aitchison,FALSE
CHIETI,2,2,2008,aitchison,FALSE
COMO,4,4,2008,aitchison,FALSE
COSENZA,2,2,2008,aitchison,FALSE
CREMONA,4,4,2008,aitchison,FALSE
CROTONE,3,3,2008,aitchison,FALSE
CUNEO,4,4,2008,aitchison,FALSE
ENNA,3,3,2008,aitchison,FALSE
FERMO,2,2,2008,aitchison,FALSE
FERRARA,1,1,2008,aitchison,FALSE
FIRENZE,1,1,2008,aitchison,FALSE
FOGGIA,2,2,2008,aitchison,FALSE
FORLÌ-CESENA,1,1,2008,aitchison,FALSE
FROSINONE,2,2,2008,aitchison,FALSE
GENOVA,1,1,2008,aitchison,FALSE
GORIZIA,1,1,2008,aitchison,FALSE
GROSSETO,1,1,2008,aitchison,FALSE
ISERNIA,3,3,2008,aitchison,FALSE
LA SPEZIA,1,1,2008,aitchison,FALSE
LATINA,2,2,2008,aitchison,FALSE
LECCE,2,2,2008,aitchison,FALSE
LECCO,4,4,2008,aitchison,FALSE
LIVORNO,1,1,2008,aitchison,FALSE
LODI,4,4,2008,aitchison,FALSE
LUCCA,1,1,2008,aitchison,FALSE
MACERATA,2,2,2008,aitchison,FALSE
MANTOVA,4,4,2008,aitchison,FALSE
MASSA-CARRARA,1,1,2008,aitchison,FALSE
MATERA,2,2,2008,aitchison,FALSE
MESSINA,3,3,2008,aitchison,FALSE
MILANO,4,4,2008,aitchison,FALSE
MODENA,1,1,2008,aitchison,FALSE
MONZA E DELLA BRIANZA,4,4,2008,aitchison,FALSE
NAPOLI,3,3,2008,aitchison,FALSE
NOVARA,4,4,2008,aitchison,FALSE
NUORO,3,3,2008,aitchison,FALSE
ORISTANO,3,3,2008,aitchison,FALSE
PADOVA,4,4,2008,aitchison,FALSE
PALERMO,3,3,2008,aitchison,FALSE
PARMA,1,1,2008,aitchison,FALSE
PAVIA,4,4,2008,aitchison,FALSE
PERUGIA,1,1,2008,aitchison,FALSE
PESARO E URBINO,1,1,2008,aitchison,FALSE
PESCARA,2,2,2008,aitchison,FALSE
PIACENZA,4,4,2008,aitchison,FALSE
PISA,1,1,2008,aitchison,FALSE
PISTOIA,1,1,2008,aitchison,FALSE
PORDENONE,4,4,2008,aitchison,FALSE
POTENZA,2,2,2008,aitchison,FALSE
PRATO,1,1,2008,aitchison,FALSE
RAGUSA,3,3,2008,aitchison,FALSE
RAVENNA,1,1,2008,aitchison,FALSE
REGGIO CALABRIA,3,3,2008,aitchison,FALSE
REGGIO NELL'EMILIA,1,1,2008,aitchison,FALSE
RIETI,2,2,2008,aitchison,FALSE
RIMINI,1,1,2008,aitchison,FALSE
ROMA,2,2,2008,aitchison,FALSE
ROVIGO,4,4,2008,aitchison,FALSE
SALERNO,3,3,2008,aitchison,FALSE
SASSARI,3,3,2008,aitchison,FALSE
SAVONA,1,1,2008,aitchison,FALSE
SIENA,1,1,2008,aitchison,FALSE
SIRACUSA,3,3,2008,aitchison,FALSE
SONDRIO,4,4,2008,aitchison,FALSE
SUD SARDEGNA,3,3,2008,aitchison,FALSE
TARANTO,3,3,2008,aitchison,FALSE
TERAMO,2,2,2008,aitchison,FALSE
TORINO,1,1,2008,aitchison,FALSE
TRAPANI,3,3,2008,aitchison,FALSE
TRENTO,4,4,2008,aitchison,FALSE
TREVISO,4,4,2008,aitchison,FALSE
UDINE,4,4,2008,aitchison,FALSE
VARESE,4,4,2008,aitchison,FALSE
VENEZIA,4,4,2008,aitchison,FALSE
VERBANO-CUSIO-OSSOLA,4,4,2008,aitchison,FALSE
VERCELLI,4,4,2008,aitchison,FALSE
VERONA,4,4,2008,aitchison,FALSE
VIBO VALENTIA,2,2,2008,aitchison,FALSE
VICENZA,4,4,2008,aitchison,FALSE
VITERBO,2,2,2008,aitchison,FALSE
ALESSANDRIA,4,2,2008,euclidean,TRUE
ASTI,4,2,2008,euclidean,TRUE
BARI,2,3,2008,euclidean,TRUE
BARLETTA-ANDRIA-TRANI,2,3,2008,euclidean,TRUE
BENEVENTO,2,3,2008,euclidean,TRUE
BIELLA,4,2,2008,euclidean,TRUE
CASERTA,2,3,2008,euclidean,TRUE
CHIETI,2,3,2008,euclidean,TRUE
COSENZA,2,3,2008,euclidean,TRUE
CREMONA,4,2,2008,euclidean,TRUE
CUNEO,4,2,2008,euclidean,TRUE
FOGGIA,2,3,2008,euclidean,TRUE
FROSINONE,2,3,2008,euclidean,TRUE
GENOVA,1,2,2008,euclidean,TRUE
GORIZIA,1,2,2008,euclidean,TRUE
LA SPEZIA,1,2,2008,euclidean,TRUE
LATINA,2,3,2008,euclidean,TRUE
LECCE,2,3,2008,euclidean,TRUE
LODI,4,2,2008,euclidean,TRUE
LUCCA,1,2,2008,euclidean,TRUE
MANTOVA,4,2,2008,euclidean,TRUE
MASSA-CARRARA,1,2,2008,euclidean,TRUE
MATERA,2,3,2008,euclidean,TRUE
MILANO,4,2,2008,euclidean,TRUE
MONZA E DELLA BRIANZA,4,2,2008,euclidean,TRUE
NOVARA,4,2,2008,euclidean,TRUE
PARMA,1,2,2008,euclidean,TRUE
PAVIA,4,2,2008,euclidean,TRUE
PIACENZA,4,2,2008,euclidean,TRUE
PORDENONE,4,2,2008,euclidean,TRUE
POTENZA,2,3,2008,euclidean,TRUE
ROVIGO,4,2,2008,euclidean,TRUE
SAVONA,1,2,2008,euclidean,TRUE
TORINO,1,2,2008,euclidean,TRUE
TRENTO,4,2,2008,euclidean,TRUE
UDINE,4,2,2008,euclidean,TRUE
VENEZIA,4,2,2008,euclidean,TRUE
VERBANO-CUSIO-OSSOLA,4,2,2008,euclidean,TRUE
VERCELLI,4,2,2008,euclidean,TRUE
VIBO VALENTIA,2,3,2008,euclidean,TRUE
AGRIGENTO,3,3,2008,euclidean,FALSE
ANCONA,1,1,2008,euclidean,FALSE
AREZZO,1,1,2008,euclidean,FALSE
ASCOLI PICENO,2,2,2008,euclidean,FALSE
AVELLINO,3,3,2008,euclidean,FALSE
BELLUNO,4,4,2008,euclidean,FALSE
BERGAMO,4,4,2008,euclidean,FALSE
BOLOGNA,1,1,2008,euclidean,FALSE
BOLZANO/BOZEN,4,4,2008,euclidean,FALSE
BRESCIA,4,4,2008,euclidean,FALSE
BRINDISI,3,3,2008,euclidean,FALSE
CAGLIARI,3,3,2008,euclidean,FALSE
CALTANISSETTA,3,3,2008,euclidean,FALSE
CAMPOBASSO,3,3,2008,euclidean,FALSE
CATANIA,3,3,2008,euclidean,FALSE
CATANZARO,3,3,2008,euclidean,FALSE
COMO,4,4,2008,euclidean,FALSE
CROTONE,3,3,2008,euclidean,FALSE
ENNA,3,3,2008,euclidean,FALSE
FERMO,2,2,2008,euclidean,FALSE
FERRARA,1,1,2008,euclidean,FALSE
FIRENZE,1,1,2008,euclidean,FALSE
FORLÌ-CESENA,1,1,2008,euclidean,FALSE
GROSSETO,1,1,2008,euclidean,FALSE
IMPERIA,3,3,2008,euclidean,FALSE
ISERNIA,3,3,2008,euclidean,FALSE
L'AQUILA,3,3,2008,euclidean,FALSE
LECCO,4,4,2008,euclidean,FALSE
LIVORNO,1,1,2008,euclidean,FALSE
MACERATA,2,2,2008,euclidean,FALSE
MESSINA,3,3,2008,euclidean,FALSE
MODENA,1,1,2008,euclidean,FALSE
NAPOLI,3,3,2008,euclidean,FALSE
NUORO,3,3,2008,euclidean,FALSE
ORISTANO,3,3,2008,euclidean,FALSE
PADOVA,4,4,2008,euclidean,FALSE
PALERMO,3,3,2008,euclidean,FALSE
PERUGIA,1,1,2008,euclidean,FALSE
PESARO E URBINO,1,1,2008,euclidean,FALSE
PESCARA,2,2,2008,euclidean,FALSE
PISA,1,1,2008,euclidean,FALSE
PISTOIA,1,1,2008,euclidean,FALSE
PRATO,1,1,2008,euclidean,FALSE
RAGUSA,3,3,2008,euclidean,FALSE
RAVENNA,1,1,2008,euclidean,FALSE
REGGIO CALABRIA,3,3,2008,euclidean,FALSE
REGGIO NELL'EMILIA,1,1,2008,euclidean,FALSE
RIETI,2,2,2008,euclidean,FALSE
RIMINI,1,1,2008,euclidean,FALSE
ROMA,2,2,2008,euclidean,FALSE
SALERNO,3,3,2008,euclidean,FALSE
SASSARI,3,3,2008,euclidean,FALSE
SIENA,1,1,2008,euclidean,FALSE
SIRACUSA,3,3,2008,euclidean,FALSE
SONDRIO,4,4,2008,euclidean,FALSE
SUD SARDEGNA,3,3,2008,euclidean,FALSE
TARANTO,3,3,2008,euclidean,FALSE
TERAMO,2,2,2008,euclidean,FALSE
TERNI,1,1,2008,euclidean,FALSE
TRAPANI,3,3,2008,euclidean,FALSE
TREVISO,4,4,2008,euclidean,FALSE
TRIESTE,3,3,2008,euclidean,FALSE
VARESE,4,4,2008,euclidean,FALSE
VERONA,4,4,2008,euclidean,FALSE
VICENZA,4,4,2008,euclidean,FALSE
VITERBO,2,2,2008,euclidean,FALSE
ANCONA,1,2,2013,aitchison,TRUE
AREZZO,1,2,2013,aitchison,TRUE
BOLZANO/BOZEN,4,1,2013,aitchison,TRUE
CAGLIARI,3,2,2013,aitchison,TRUE
FIRENZE,1,2,2013,aitchison,TRUE
IMPERIA,3,1,2013,aitchison,TRUE
LIVORNO,1,2,2013,aitchison,TRUE
PERUGIA,1,2,2013,aitchison,TRUE
PESARO E URBINO,1,2,2013,aitchison,TRUE
PISA,1,2,2013,aitchison,TRUE
PISTOIA,1,2,2013,aitchison,TRUE
PRATO,1,2,2013,aitchison,TRUE
SIENA,1,2,2013,aitchison,TRUE
TRENTO,4,1,2013,aitchison,TRUE
AGRIGENTO,3,3,2013,aitchison,FALSE
ALESSANDRIA,4,4,2013,aitchison,FALSE
ASCOLI PICENO,2,2,2013,aitchison,FALSE
ASTI,4,4,2013,aitchison,FALSE
AVELLINO,3,3,2013,aitchison,FALSE
BARI,2,2,2013,aitchison,FALSE
BARLETTA-ANDRIA-TRANI,2,2,2013,aitchison,FALSE
BELLUNO,4,4,2013,aitchison,FALSE
BENEVENTO,3,3,2013,aitchison,FALSE
BERGAMO,4,4,2013,aitchison,FALSE
BIELLA,4,4,2013,aitchison,FALSE
BOLOGNA,1,1,2013,aitchison,FALSE
BRESCIA,4,4,2013,aitchison,FALSE
BRINDISI,2,2,2013,aitchison,FALSE
CALTANISSETTA,3,3,2013,aitchison,FALSE
CAMPOBASSO,2,2,2013,aitchison,FALSE
CASERTA,3,3,2013,aitchison,FALSE
CATANIA,3,3,2013,aitchison,FALSE
CATANZARO,3,3,2013,aitchison,FALSE
CHIETI,2,2,2013,aitchison,FALSE
COMO,4,4,2013,aitchison,FALSE
COSENZA,3,3,2013,aitchison,FALSE
CREMONA,4,4,2013,aitchison,FALSE
CROTONE,3,3,2013,aitchison,FALSE
CUNEO,4,4,2013,aitchison,FALSE
ENNA,3,3,2013,aitchison,FALSE
FERMO,2,2,2013,aitchison,FALSE
FERRARA,1,1,2013,aitchison,FALSE
FOGGIA,3,3,2013,aitchison,FALSE
FORLÌ-CESENA,1,1,2013,aitchison,FALSE
FROSINONE,2,2,2013,aitchison,FALSE
GENOVA,1,1,2013,aitchison,FALSE
GORIZIA,1,1,2013,aitchison,FALSE
GROSSETO,2,2,2013,aitchison,FALSE
ISERNIA,2,2,2013,aitchison,FALSE
L'AQUILA,2,2,2013,aitchison,FALSE
LA SPEZIA,1,1,2013,aitchison,FALSE
LATINA,2,2,2013,aitchison,FALSE
LECCE,3,3,2013,aitchison,FALSE
LECCO,4,4,2013,aitchison,FALSE
LODI,4,4,2013,aitchison,FALSE
LUCCA,2,2,2013,aitchison,FALSE
MACERATA,2,2,2013,aitchison,FALSE
MANTOVA,4,4,2013,aitchison,FALSE
MASSA-CARRARA,2,2,2013,aitchison,FALSE
MATERA,2,2,2013,aitchison,FALSE
MESSINA,3,3,2013,aitchison,FALSE
MILANO,4,4,2013,aitchison,FALSE
MODENA,1,1,2013,aitchison,FALSE
MONZA E DELLA BRIANZA,4,4,2013,aitchison,FALSE
NAPOLI,3,3,2013,aitchison,FALSE
NOVARA,4,4,2013,aitchison,FALSE
NUORO,3,3,2013,aitchison,FALSE
ORISTANO,3,3,2013,aitchison,FALSE
PADOVA,4,4,2013,aitchison,FALSE
PALERMO,3,3,2013,aitchison,FALSE
PARMA,1,1,2013,aitchison,FALSE
PAVIA,4,4,2013,aitchison,FALSE
PESCARA,2,2,2013,aitchison,FALSE
PIACENZA,4,4,2013,aitchison,FALSE
PORDENONE,4,4,2013,aitchison,FALSE
POTENZA,3,3,2013,aitchison,FALSE
RAGUSA,3,3,2013,aitchison,FALSE
RAVENNA,1,1,2013,aitchison,FALSE
REGGIO CALABRIA,3,3,2013,aitchison,FALSE
REGGIO NELL'EMILIA,1,1,2013,aitchison,FALSE
RIETI,2,2,2013,aitchison,FALSE
RIMINI,1,1,2013,aitchison,FALSE
ROMA,2,2,2013,aitchison,FALSE
ROVIGO,4,4,2013,aitchison,FALSE
SALERNO,2,2,2013,aitchison,FALSE
SASSARI,3,3,2013,aitchison,FALSE
SAVONA,1,1,2013,aitchison,FALSE
SIRACUSA,3,3,2013,aitchison,FALSE
SONDRIO,4,4,2013,aitchison,FALSE
SUD SARDEGNA,3,3,2013,aitchison,FALSE
TARANTO,2,2,2013,aitchison,FALSE
TERAMO,2,2,2013,aitchison,FALSE
TERNI,2,2,2013,aitchison,FALSE
TORINO,1,1,2013,aitchison,FALSE
TRAPANI,3,3,2013,aitchison,FALSE
TREVISO,4,4,2013,aitchison,FALSE
TRIESTE,1,1,2013,aitchison,FALSE
UDINE,4,4,2013,aitchison,FALSE
VARESE,4,4,2013,aitchison,FALSE
VENEZIA,4,4,2013,aitchison,FALSE
VERBANO-CUSIO-OSSOLA,4,4,2013,aitchison,FALSE
VERCELLI,4,4,2013,aitchison,FALSE
VERONA,4,4,2013,aitchison,FALSE
VIBO VALENTIA,3,3,2013,aitchison,FALSE
VICENZA,4,4,2013,aitchison,FALSE
VITERBO,2,2,2013,aitchison,FALSE
ALESSANDRIA,4,2,2013,euclidean,TRUE
ANCONA,1,2,2013,euclidean,TRUE
ASTI,4,2,2013,euclidean,TRUE
BARI,2,3,2013,euclidean,TRUE
BARLETTA-ANDRIA-TRANI,2,3,2013,euclidean,TRUE
BIELLA,4,2,2013,euclidean,TRUE
BRINDISI,2,3,2013,euclidean,TRUE
CAGLIARI,3,2,2013,euclidean,TRUE
FROSINONE,2,3,2013,euclidean,TRUE
GENOVA,1,2,2013,euclidean,TRUE
GORIZIA,1,2,2013,euclidean,TRUE
ISERNIA,2,3,2013,euclidean,TRUE
LA SPEZIA,1,2,2013,euclidean,TRUE
LATINA,2,3,2013,euclidean,TRUE
MATERA,2,3,2013,euclidean,TRUE
PARMA,1,2,2013,euclidean,TRUE
PERUGIA,1,2,2013,euclidean,TRUE
PESARO E URBINO,1,2,2013,euclidean,TRUE
PIACENZA,4,2,2013,euclidean,TRUE
RIMINI,1,2,2013,euclidean,TRUE
SALERNO,2,3,2013,euclidean,TRUE
SAVONA,1,2,2013,euclidean,TRUE
TARANTO,2,3,2013,euclidean,TRUE
TORINO,1,2,2013,euclidean,TRUE
TRIESTE,1,2,2013,euclidean,TRUE
VENEZIA,4,2,2013,euclidean,TRUE
VERBANO-CUSIO-OSSOLA,4,3,2013,euclidean,TRUE
AGRIGENTO,3,3,2013,euclidean,FALSE
AREZZO,1,1,2013,euclidean,FALSE
ASCOLI PICENO,2,2,2013,euclidean,FALSE
AVELLINO,3,3,2013,euclidean,FALSE
BELLUNO,4,4,2013,euclidean,FALSE
BENEVENTO,3,3,2013,euclidean,FALSE
BERGAMO,4,4,2013,euclidean,FALSE
BOLOGNA,1,1,2013,euclidean,FALSE
BOLZANO/BOZEN,4,4,2013,euclidean,FALSE
BRESCIA,4,4,2013,euclidean,FALSE
CALTANISSETTA,3,3,2013,euclidean,FALSE
CAMPOBASSO,2,2,2013,euclidean,FALSE
CASERTA,3,3,2013,euclidean,FALSE
CATANIA,3,3,2013,euclidean,FALSE
CATANZARO,3,3,2013,euclidean,FALSE
CHIETI,2,2,2013,euclidean,FALSE
COMO,4,4,2013,euclidean,FALSE
COSENZA,3,3,2013,euclidean,FALSE
CREMONA,4,4,2013,euclidean,FALSE
CROTONE,3,3,2013,euclidean,FALSE
CUNEO,4,4,2013,euclidean,FALSE
ENNA,3,3,2013,euclidean,FALSE
FERMO,2,2,2013,euclidean,FALSE
FERRARA,1,1,2013,euclidean,FALSE
FIRENZE,1,1,2013,euclidean,FALSE
FOGGIA,3,3,2013,euclidean,FALSE
FORLÌ-CESENA,1,1,2013,euclidean,FALSE
GROSSETO,2,2,2013,euclidean,FALSE
IMPERIA,3,3,2013,euclidean,FALSE
L'AQUILA,2,2,2013,euclidean,FALSE
LECCE,3,3,2013,euclidean,FALSE
LECCO,4,4,2013,euclidean,FALSE
LIVORNO,1,1,2013,euclidean,FALSE
LODI,4,4,2013,euclidean,FALSE
LUCCA,2,2,2013,euclidean,FALSE
MACERATA,2,2,2013,euclidean,FALSE
MANTOVA,4,4,2013,euclidean,FALSE
MASSA-CARRARA,2,2,2013,euclidean,FALSE
MESSINA,3,3,2013,euclidean,FALSE
MILANO,4,4,2013,euclidean,FALSE
MODENA,1,1,2013,euclidean,FALSE
MONZA E DELLA BRIANZA,4,4,2013,euclidean,FALSE
NAPOLI,3,3,2013,euclidean,FALSE
NOVARA,4,4,2013,euclidean,FALSE
NUORO,3,3,2013,euclidean,FALSE
ORISTANO,3,3,2013,euclidean,FALSE
PADOVA,4,4,2013,euclidean,FALSE
PALERMO,3,3,2013,euclidean,FALSE
PAVIA,4,4,2013,euclidean,FALSE
PESCARA,2,2,2013,euclidean,FALSE
PISA,1,1,2013,euclidean,FALSE
PISTOIA,1,1,2013,euclidean,FALSE
PORDENONE,4,4,2013,euclidean,FALSE
POTENZA,3,3,2013,euclidean,FALSE
PRATO,1,1,2013,euclidean,FALSE
RAGUSA,3,3,2013,euclidean,FALSE
RAVENNA,1,1,2013,euclidean,FALSE
REGGIO CALABRIA,3,3,2013,euclidean,FALSE
REGGIO NELL'EMILIA,1,1,2013,euclidean,FALSE
RIETI,2,2,2013,euclidean,FALSE
ROMA,2,2,2013,euclidean,FALSE
ROVIGO,4,4,2013,euclidean,FALSE
SASSARI,3,3,2013,euclidean,FALSE
SIENA,1,1,2013,euclidean,FALSE
SIRACUSA,3,3,2013,euclidean,FALSE
SONDRIO,4,4,2013,euclidean,FALSE
SUD SARDEGNA,3,3,2013,euclidean,FALSE
TERAMO,2,2,2013,euclidean,FALSE
TERNI,2,2,2013,euclidean,FALSE
TRAPANI,3,3,2013,euclidean,FALSE
TRENTO,4,4,2013,euclidean,FALSE
TREVISO,4,4,2013,euclidean,FALSE
UDINE,4,4,2013,euclidean,FALSE
VARESE,4,4,2013,euclidean,FALSE
VERCELLI,4,4,2013,euclidean,FALSE
VERONA,4,4,2013,euclidean,FALSE
VIBO VALENTIA,3,3,2013,euclidean,FALSE
VICENZA,4,4,2013,euclidean,FALSE
VITERBO,2,2,2013,euclidean,FALSE
FROSINONE,1,3,2018,aitchison,TRUE
PORDENONE,4,2,2018,aitchison,TRUE
RAGUSA,3,1,2018,aitchison,TRUE
TERAMO,1,3,2018,aitchison,TRUE
TRENTO,4,2,2018,aitchison,TRUE
AGRIGENTO,3,3,2018,aitchison,FALSE
ALESSANDRIA,1,1,2018,aitchison,FALSE
ANCONA,1,1,2018,aitchison,FALSE
AREZZO,1,1,2018,aitchison,FALSE
ASCOLI PICENO,1,1,2018,aitchison,FALSE
ASTI,1,1,2018,aitchison,FALSE
AVELLINO,3,3,2018,aitchison,FALSE
BARI,3,3,2018,aitchison,FALSE
BARLETTA-ANDRIA-TRANI,3,3,2018,aitchison,FALSE
BELLUNO,4,4,2018,aitchison,FALSE
BENEVENTO,3,3,2018,aitchison,FALSE
BERGAMO,4,4,2018,aitchison,FALSE
BIELLA,1,1,2018,aitchison,FALSE
BOLOGNA,1,1,2018,aitchison,FALSE
BOLZANO/BOZEN,2,2,2018,aitchison,FALSE
BRESCIA,4,4,2018,aitchison,FALSE
BRINDISI,3,3,2018,aitchison,FALSE
CAGLIARI,2,2,2018,aitchison,FALSE
CALTANISSETTA,3,3,2018,aitchison,FALSE
CAMPOBASSO,3,3,2018,aitchison,FALSE
CASERTA,3,3,2018,aitchison,FALSE
CATANIA,3,3,2018,aitchison,FALSE
CATANZARO,3,3,2018,aitchison,FALSE
CHIETI,3,3,2018,aitchison,FALSE
COMO,4,4,2018,aitchison,FALSE
COSENZA,3,3,2018,aitchison,FALSE
CREMONA,1,1,2018,aitchison,FALSE
CROTONE,3,3,2018,aitchison,FALSE
CUNEO,1,1,2018,aitchison,FALSE
ENNA,3,3,2018,aitchison,FALSE
FERMO,1,1,2018,aitchison,FALSE
FERRARA,1,1,2018,aitchison,FALSE
FIRENZE,1,1,2018,aitchison,FALSE
FOGGIA,3,3,2018,aitchison,FALSE
FORLÌ-CESENA,1,1,2018,aitchison,FALSE
GENOVA,1,1,2018,aitchison,FALSE
GORIZIA,4,4,2018,aitchison,FALSE
GROSSETO,1,1,2018,aitchison,FALSE
IMPERIA,1,1,2018,aitchison,FALSE
ISERNIA,3,3,2018,aitchison,FALSE
L'AQUILA,1,1,2018,aitchison,FALSE
LA SPEZIA,1,1,2018,aitchison,FALSE
LATINA,1,1,2018,aitchison,FALSE
LECCE,3,3,2018,aitchison,FALSE
LECCO,4,4,2018,aitchison,FALSE
LIVORNO,1,1,2018,aitchison,FALSE
LODI,1,1,2018,aitchison,FALSE
LUCCA,1,1,2018,aitchison,FALSE
MACERATA,1,1,2018,aitchison,FALSE
MANTOVA,1,1,2018,aitchison,FALSE
MASSA-CARRARA,1,1,2018,aitchison,FALSE
MATERA,3,3,2018,aitchison,FALSE
MESSINA,3,3,2018,aitchison,FALSE
MILANO,1,1,2018,aitchison,FALSE
MODENA,1,1,2018,aitchison,FALSE
MONZA E DELLA BRIANZA,1,1,2018,aitchison,FALSE
NAPOLI,3,3,2018,aitchison,FALSE
NOVARA,1,1,2018,aitchison,FALSE
NUORO,2,2,2018,aitchison,FALSE
ORISTANO,2,2,2018,aitchison,FALSE
PADOVA,4,4,2018,aitchison,FALSE
PALERMO,3,3,2018,aitchison,FALSE
PARMA,1,1,2018,aitchison,FALSE
PAVIA,1,1,2018,aitchison,FALSE
PERUGIA,1,1,2018,aitchison,FALSE
PESARO E URBINO,1,1,2018,aitchison,FALSE
PESCARA,1,1,2018,aitchison,FALSE
PIACENZA,1,1,2018,aitchison,FALSE
PISA,1,1,2018,aitchison,FALSE
PISTOIA,1,1,2018,aitchison,FALSE
POTENZA,3,3,2018,aitchison,FALSE
PRATO,1,1,2018,aitchison,FALSE
RAVENNA,1,1,2018,aitchison,FALSE
REGGIO CALABRIA,3,3,2018,aitchison,FALSE
REGGIO NELL'EMILIA,1,1,2018,aitchison,FALSE
RIETI,1,1,2018,aitchison,FALSE
RIMINI,1,1,2018,aitchison,FALSE
ROMA,1,1,2018,aitchison,FALSE
ROVIGO,4,4,2018,aitchison,FALSE
SALERNO,3,3,2018,aitchison,FALSE
SASSARI,2,2,2018,aitchison,FALSE
SAVONA,1,1,2018,aitchison,FALSE
SIENA,1,1,2018,aitchison,FALSE
SIRACUSA,3,3,2018,aitchison,FALSE
SONDRIO,4,4,2018,aitchison,FALSE
SUD SARDEGNA,2,2,2018,aitchison,FALSE
TARANTO,3,3,2018,aitchison,FALSE
TERNI,1,1,2018,aitchison,FALSE
TORINO,1,1,2018,aitchison,FALSE
TRAPANI,3,3,2018,aitchison,FALSE
TREVISO,4,4,2018,aitchison,FALSE
TRIESTE,4,4,2018,aitchison,FALSE
UDINE,4,4,2018,aitchison,FALSE
VARESE,4,4,2018,aitchison,FALSE
VENEZIA,4,4,2018,aitchison,FALSE
VERBANO-CUSIO-OSSOLA,1,1,2018,aitchison,FALSE
VERCELLI,1,1,2018,aitchison,FALSE
VERONA,4,4,2018,aitchison,FALSE
VIBO VALENTIA,3,3,2018,aitchison,FALSE
VICENZA,4,4,2018,aitchison,FALSE
VITERBO,1,1,2018,aitchison,FALSE
ALESSANDRIA,1,4,2018,euclidean,TRUE
AREZZO,1,2,2018,euclidean,TRUE
ASTI,1,4,2018,euclidean,TRUE
BIELLA,1,4,2018,euclidean,TRUE
BOLOGNA,1,2,2018,euclidean,TRUE
BOLZANO/BOZEN,2,3,2018,euclidean,TRUE
CAGLIARI,2,3,2018,euclidean,TRUE
CHIETI,3,1,2018,euclidean,TRUE
CREMONA,1,4,2018,euclidean,TRUE
CUNEO,1,4,2018,euclidean,TRUE
FERRARA,1,4,2018,euclidean,TRUE
FIRENZE,1,2,2018,euclidean,TRUE
FORLÌ-CESENA,1,2,2018,euclidean,TRUE
GORIZIA,4,1,2018,euclidean,TRUE
LIVORNO,1,2,2018,euclidean,TRUE
LODI,1,4,2018,euclidean,TRUE
MANTOVA,1,4,2018,euclidean,TRUE
MODENA,1,2,2018,euclidean,TRUE
MONZA E DELLA BRIANZA,1,4,2018,euclidean,TRUE
NOVARA,1,4,2018,euclidean,TRUE
NUORO,2,3,2018,euclidean,TRUE
ORISTANO,2,3,2018,euclidean,TRUE
PAVIA,1,4,2018,euclidean,TRUE
PERUGIA,1,2,2018,euclidean,TRUE
PIACENZA,1,4,2018,euclidean,TRUE
PISA,1,2,2018,euclidean,TRUE
PISTOIA,1,2,2018,euclidean,TRUE
PRATO,1,2,2018,euclidean,TRUE
RAVENNA,1,2,2018,euclidean,TRUE
REGGIO NELL'EMILIA,1,2,2018,euclidean,TRUE
SASSARI,2,3,2018,euclidean,TRUE
SIENA,1,2,2018,euclidean,TRUE
SUD SARDEGNA,2,3,2018,euclidean,TRUE
TRIESTE,4,1,2018,euclidean,TRUE
VERBANO-CUSIO-OSSOLA,1,4,2018,euclidean,TRUE
VERCELLI,1,4,2018,euclidean,TRUE
AGRIGENTO,3,3,2018,euclidean,FALSE
ANCONA,1,1,2018,euclidean,FALSE
ASCOLI PICENO,1,1,2018,euclidean,FALSE
AVELLINO,3,3,2018,euclidean,FALSE
BARI,3,3,2018,euclidean,FALSE
BARLETTA-ANDRIA-TRANI,3,3,2018,euclidean,FALSE
BELLUNO,4,4,2018,euclidean,FALSE
BENEVENTO,3,3,2018,euclidean,FALSE
BERGAMO,4,4,2018,euclidean,FALSE
BRESCIA,4,4,2018,euclidean,FALSE
BRINDISI,3,3,2018,euclidean,FALSE
CALTANISSETTA,3,3,2018,euclidean,FALSE
CAMPOBASSO,3,3,2018,euclidean,FALSE
CASERTA,3,3,2018,euclidean,FALSE
CATANIA,3,3,2018,euclidean,FALSE
CATANZARO,3,3,2018,euclidean,FALSE
COMO,4,4,2018,euclidean,FALSE
COSENZA,3,3,2018,euclidean,FALSE
CROTONE,3,3,2018,euclidean,FALSE
ENNA,3,3,2018,euclidean,FALSE
FERMO,1,1,2018,euclidean,FALSE
FOGGIA,3,3,2018,euclidean,FALSE
FROSINONE,1,1,2018,euclidean,FALSE
GENOVA,1,1,2018,euclidean,FALSE
GROSSETO,1,1,2018,euclidean,FALSE
IMPERIA,1,1,2018,euclidean,FALSE
ISERNIA,3,3,2018,euclidean,FALSE
L'AQUILA,1,1,2018,euclidean,FALSE
LA SPEZIA,1,1,2018,euclidean,FALSE
LATINA,1,1,2018,euclidean,FALSE
LECCE,3,3,2018,euclidean,FALSE
LECCO,4,4,2018,euclidean,FALSE
LUCCA,1,1,2018,euclidean,FALSE
MACERATA,1,1,2018,euclidean,FALSE
MASSA-CARRARA,1,1,2018,euclidean,FALSE
MATERA,3,3,2018,euclidean,FALSE
MESSINA,3,3,2018,euclidean,FALSE
MILANO,1,1,2018,euclidean,FALSE
NAPOLI,3,3,2018,euclidean,FALSE
PADOVA,4,4,2018,euclidean,FALSE
PALERMO,3,3,2018,euclidean,FALSE
PARMA,1,1,2018,euclidean,FALSE
PESARO E URBINO,1,1,2018,euclidean,FALSE
PESCARA,1,1,2018,euclidean,FALSE
PORDENONE,4,4,2018,euclidean,FALSE
POTENZA,3,3,2018,euclidean,FALSE
RAGUSA,3,3,2018,euclidean,FALSE
REGGIO CALABRIA,3,3,2018,euclidean,FALSE
RIETI,1,1,2018,euclidean,FALSE
RIMINI,1,1,2018,euclidean,FALSE
ROMA,1,1,2018,euclidean,FALSE
ROVIGO,4,4,2018,euclidean,FALSE
SALERNO,3,3,2018,euclidean,FALSE
SAVONA,1,1,2018,euclidean,FALSE
SIRACUSA,3,3,2018,euclidean,FALSE
SONDRIO,4,4,2018,euclidean,FALSE
TARANTO,3,3,2018,euclidean,FALSE
TERAMO,1,1,2018,euclidean,FALSE
TERNI,1,1,2018,euclidean,FALSE
TORINO,1,1,2018,euclidean,FALSE
TRAPANI,3,3,2018,euclidean,FALSE
TRENTO,4,4,2018,euclidean,FALSE
TREVISO,4,4,2018,euclidean,FALSE
UDINE,4,4,2018,euclidean,FALSE
VARESE,4,4,2018,euclidean,FALSE
VENEZIA,4,4,2018,euclidean,FALSE
VERONA,4,4,2018,euclidean,FALSE
VIBO VALENTIA,3,3,2018,euclidean,FALSE
VICENZA,4,4,2018,euclidean,FALSE
VITERBO,1,1,2018,euclidean,FALSE
ANCONA,1,2,2022,aitchison,TRUE
AREZZO,1,2,2022,aitchison,TRUE
ASCOLI PICENO,1,2,2022,aitchison,TRUE
ASTI,4,2,2022,aitchison,TRUE
BIELLA,4,2,2022,aitchison,TRUE
BOLOGNA,1,2,2022,aitchison,TRUE
CAMPOBASSO,2,1,2022,aitchison,TRUE
CATANZARO,3,1,2022,aitchison,TRUE
CHIETI,3,1,2022,aitchison,TRUE
COSENZA,3,1,2022,aitchison,TRUE
CROTONE,3,1,2022,aitchison,TRUE
FERMO,1,2,2022,aitchison,TRUE
FIRENZE,1,2,2022,aitchison,TRUE
GENOVA,1,2,2022,aitchison,TRUE
GORIZIA,1,2,2022,aitchison,TRUE
GROSSETO,1,2,2022,aitchison,TRUE
IMPERIA,4,2,2022,aitchison,TRUE
ISERNIA,2,1,2022,aitchison,TRUE
L'AQUILA,3,1,2022,aitchison,TRUE
LA SPEZIA,1,2,2022,aitchison,TRUE
LIVORNO,1,2,2022,aitchison,TRUE
LUCCA,1,2,2022,aitchison,TRUE
MACERATA,1,2,2022,aitchison,TRUE
MASSA-CARRARA,1,2,2022,aitchison,TRUE
MILANO,1,4,2022,aitchison,TRUE
MODENA,1,4,2022,aitchison,TRUE
PERUGIA,1,2,2022,aitchison,TRUE
PESARO E URBINO,1,2,2022,aitchison,TRUE
PESCARA,3,1,2022,aitchison,TRUE
PISA,1,2,2022,aitchison,TRUE
PISTOIA,1,2,2022,aitchison,TRUE
PRATO,1,2,2022,aitchison,TRUE
REGGIO CALABRIA,3,1,2022,aitchison,TRUE
RIETI,1,2,2022,aitchison,TRUE
ROMA,1,2,2022,aitchison,TRUE
SAVONA,1,2,2022,aitchison,TRUE
SIENA,1,2,2022,aitchison,TRUE
TERAMO,3,1,2022,aitchison,TRUE
TERNI,1,2,2022,aitchison,TRUE
TORINO,1,4,2022,aitchison,TRUE
TRENTO,1,3,2022,aitchison,TRUE
TRIESTE,1,2,2022,aitchison,TRUE
VERBANO-CUSIO-OSSOLA,4,2,2022,aitchison,TRUE
VERCELLI,4,2,2022,aitchison,TRUE
VIBO VALENTIA,3,1,2022,aitchison,TRUE
VITERBO,1,2,2022,aitchison,TRUE
AGRIGENTO,3,3,2022,aitchison,FALSE
ALESSANDRIA,4,4,2022,aitchison,FALSE
AVELLINO,2,2,2022,aitchison,FALSE
BARI,2,2,2022,aitchison,FALSE
BARLETTA-ANDRIA-TRANI,2,2,2022,aitchison,FALSE
BELLUNO,4,4,2022,aitchison,FALSE
BENEVENTO,2,2,2022,aitchison,FALSE
BERGAMO,4,4,2022,aitchison,FALSE
BOLZANO/BOZEN,3,3,2022,aitchison,FALSE
BRESCIA,4,4,2022,aitchison,FALSE
BRINDISI,2,2,2022,aitchison,FALSE
CAGLIARI,2,2,2022,aitchison,FALSE
CALTANISSETTA,3,3,2022,aitchison,FALSE
CASERTA,2,2,2022,aitchison,FALSE
CATANIA,3,3,2022,aitchison,FALSE
COMO,4,4,2022,aitchison,FALSE
CREMONA,4,4,2022,aitchison,FALSE
CUNEO,4,4,2022,aitchison,FALSE
ENNA,3,3,2022,aitchison,FALSE
FERRARA,1,1,2022,aitchison,FALSE
FOGGIA,2,2,2022,aitchison,FALSE
FORLÌ-CESENA,1,1,2022,aitchison,FALSE
FROSINONE,2,2,2022,aitchison,FALSE
LATINA,2,2,2022,aitchison,FALSE
LECCE,2,2,2022,aitchison,FALSE
LECCO,4,4,2022,aitchison,FALSE
LODI,4,4,2022,aitchison,FALSE
MANTOVA,4,4,2022,aitchison,FALSE
MATERA,2,2,2022,aitchison,FALSE
MESSINA,3,3,2022,aitchison,FALSE
MONZA E DELLA BRIANZA,4,4,2022,aitchison,FALSE
NAPOLI,2,2,2022,aitchison,FALSE
NOVARA,4,4,2022,aitchison,FALSE
NUORO,2,2,2022,aitchison,FALSE
ORISTANO,2,2,2022,aitchison,FALSE
PADOVA,4,4,2022,aitchison,FALSE
PALERMO,3,3,2022,aitchison,FALSE
PARMA,1,1,2022,aitchison,FALSE
PAVIA,4,4,2022,aitchison,FALSE
PIACENZA,1,1,2022,aitchison,FALSE
PORDENONE,4,4,2022,aitchison,FALSE
POTENZA,2,2,2022,aitchison,FALSE
RAGUSA,2,2,2022,aitchison,FALSE
RAVENNA,1,1,2022,aitchison,FALSE
REGGIO NELL'EMILIA,1,1,2022,aitchison,FALSE
RIMINI,1,1,2022,aitchison,FALSE
ROVIGO,4,4,2022,aitchison,FALSE
SALERNO,2,2,2022,aitchison,FALSE
SASSARI,2,2,2022,aitchison,FALSE
SIRACUSA,2,2,2022,aitchison,FALSE
SONDRIO,4,4,2022,aitchison,FALSE
SUD SARDEGNA,2,2,2022,aitchison,FALSE
TARANTO,2,2,2022,aitchison,FALSE
TRAPANI,3,3,2022,aitchison,FALSE
TREVISO,4,4,2022,aitchison,FALSE
UDINE,4,4,2022,aitchison,FALSE
VARESE,4,4,2022,aitchison,FALSE
VENEZIA,4,4,2022,aitchison,FALSE
VERONA,4,4,2022,aitchison,FALSE
VICENZA,4,4,2022,aitchison,FALSE
AGRIGENTO,3,2,2022,euclidean,TRUE
ALESSANDRIA,4,1,2022,euclidean,TRUE
AREZZO,1,3,2022,euclidean,TRUE
ASTI,4,1,2022,euclidean,TRUE
BELLUNO,4,1,2022,euclidean,TRUE
BIELLA,4,1,2022,euclidean,TRUE
BOLOGNA,1,3,2022,euclidean,TRUE
BOLZANO/BOZEN,3,2,2022,euclidean,TRUE
CALTANISSETTA,3,2,2022,euclidean,TRUE
CATANIA,3,2,2022,euclidean,TRUE
CATANZARO,3,2,2022,euclidean,TRUE
CHIETI,3,1,2022,euclidean,TRUE
COSENZA,3,2,2022,euclidean,TRUE
CROTONE,3,2,2022,euclidean,TRUE
ENNA,3,2,2022,euclidean,TRUE
FERRARA,1,3,2022,euclidean,TRUE
FIRENZE,1,3,2022,euclidean,TRUE
FORLÌ-CESENA,1,3,2022,euclidean,TRUE
FROSINONE,2,1,2022,euclidean,TRUE
IMPERIA,4,1,2022,euclidean,TRUE
L'AQUILA,3,1,2022,euclidean,TRUE
LATINA,2,1,2022,euclidean,TRUE
MESSINA,3,2,2022,euclidean,TRUE
MILANO,1,3,2022,euclidean,TRUE
MODENA,1,3,2022,euclidean,TRUE
PALERMO,3,2,2022,euclidean,TRUE
PARMA,1,3,2022,euclidean,TRUE
PESCARA,3,1,2022,euclidean,TRUE
PIACENZA,1,4,2022,euclidean,TRUE
PISA,1,3,2022,euclidean,TRUE
PISTOIA,1,3,2022,euclidean,TRUE
PRATO,1,3,2022,euclidean,TRUE
RAVENNA,1,3,2022,euclidean,TRUE
REGGIO CALABRIA,3,2,2022,euclidean,TRUE
REGGIO NELL'EMILIA,1,3,2022,euclidean,TRUE
RIMINI,1,3,2022,euclidean,TRUE
SIENA,1,3,2022,euclidean,TRUE
TERAMO,3,1,2022,euclidean,TRUE
TRAPANI,3,2,2022,euclidean,TRUE
VERBANO-CUSIO-OSSOLA,4,1,2022,euclidean,TRUE
VERCELLI,4,1,2022,euclidean,TRUE
VIBO VALENTIA,3,2,2022,euclidean,TRUE
ANCONA,1,1,2022,euclidean,FALSE
ASCOLI PICENO,1,1,2022,euclidean,FALSE
AVELLINO,2,2,2022,euclidean,FALSE
BARI,2,2,2022,euclidean,FALSE
BARLETTA-ANDRIA-TRANI,2,2,2022,euclidean,FALSE
BENEVENTO,2,2,2022,euclidean,FALSE
BERGAMO,4,4,2022,euclidean,FALSE
BRESCIA,4,4,2022,euclidean,FALSE
BRINDISI,2,2,2022,euclidean,FALSE
CAGLIARI,2,2,2022,euclidean,FALSE
CAMPOBASSO,2,2,2022,euclidean,FALSE
CASERTA,2,2,2022,euclidean,FALSE
COMO,4,4,2022,euclidean,FALSE
CREMONA,4,4,2022,euclidean,FALSE
CUNEO,4,4,2022,euclidean,FALSE
FERMO,1,1,2022,euclidean,FALSE
FOGGIA,2,2,2022,euclidean,FALSE
GENOVA,1,1,2022,euclidean,FALSE
GORIZIA,1,1,2022,euclidean,FALSE
GROSSETO,1,1,2022,euclidean,FALSE
ISERNIA,2,2,2022,euclidean,FALSE
LA SPEZIA,1,1,2022,euclidean,FALSE
LECCE,2,2,2022,euclidean,FALSE
LECCO,4,4,2022,euclidean,FALSE
LIVORNO,1,1,2022,euclidean,FALSE
LODI,4,4,2022,euclidean,FALSE
LUCCA,1,1,2022,euclidean,FALSE
MACERATA,1,1,2022,euclidean,FALSE
MANTOVA,4,4,2022,euclidean,FALSE
MASSA-CARRARA,1,1,2022,euclidean,FALSE
MATERA,2,2,2022,euclidean,FALSE
MONZA E DELLA BRIANZA,4,4,2022,euclidean,FALSE
NAPOLI,2,2,2022,euclidean,FALSE
NOVARA,4,4,2022,euclidean,FALSE
NUORO,2,2,2022,euclidean,FALSE
ORISTANO,2,2,2022,euclidean,FALSE
PADOVA,4,4,2022,euclidean,FALSE
PAVIA,4,4,2022,euclidean,FALSE
PERUGIA,1,1,2022,euclidean,FALSE
PESARO E URBINO,1,1,2022,euclidean,FALSE
PORDENONE,4,4,2022,euclidean,FALSE
POTENZA,2,2,2022,euclidean,FALSE
RAGUSA,2,2,2022,euclidean,FALSE
RIETI,1,1,2022,euclidean,FALSE
ROMA,1,1,2022,euclidean,FALSE
ROVIGO,4,4,2022,euclidean,FALSE
SALERNO,2,2,2022,euclidean,FALSE
SASSARI,2,2,2022,euclidean,FALSE
SAVONA,1,1,2022,euclidean,FALSE
SIRACUSA,2,2,2022,euclidean,FALSE
SONDRIO,4,4,2022,euclidean,FALSE
SUD SARDEGNA,2,2,2022,euclidean,FALSE
TARANTO,2,2,2022,euclidean,FALSE
TERNI,1,1,2022,euclidean,FALSE
TORINO,1,1,2022,euclidean,FALSE
TRENTO,1,1,2022,euclidean,FALSE
TREVISO,4,4,2022,euclidean,FALSE
TRIESTE,1,1,2022,euclidean,FALSE
UDINE,4,4,2022,euclidean,FALSE
VARESE,4,4,2022,euclidean,FALSE
VENEZIA,4,4,2022,euclidean,FALSE
VERONA,4,4,2022,euclidean,FALSE
VICENZA,4,4,2022,euclidean,FALSE
VITERBO,1,1,2022,euclidean,FALSE
