year,geometry,n_clusters,raw_cluster,display_cluster
1948,greenacre_weighted_power_0175,2,1,1
1948,greenacre_weighted_power_0175,2,2,2
1948,greenacre_weighted_lra,2,1,2
1948,greenacre_weighted_lra,2,2,1
1948,aitchison,2,1,2
1948,aitchison,2,2,1
1948,alpha_0150,2,1,2
1948,alpha_0150,2,2,1
1948,greenacre_unweighted_power_0150,2,1,2
1948,greenacre_unweighted_power_0150,2,2,1
1948,euclidean,2,1,2
1948,euclidean,2,2,1
1953,greenacre_weighted_power_0175,2,1,2
1953,greenacre_weighted_power_0175,2,2,1
1953,greenacre_weighted_lra,2,1,2
1953,greenacre_weighted_lra,2,2,1
1953,aitchison,2,1,1
1953,aitchison,2,2,2
1953,alpha_0150,2,1,2
1953,alpha_0150,2,2,1
1953,greenacre_unweighted_power_0150,2,1,1
1953,greenacre_unweighted_power_0150,2,2,2
1953,euclidean,2,1,1
1953,euclidean,2,2,2
1958,greenacre_weighted_power_0175,2,1,1
1958,greenacre_weighted_power_0175,2,2,2
1958,greenacre_weighted_lra,2,1,2
1958,greenacre_weighted_lra,2,2,1
1958,aitchison,2,1,2
1958,aitchison,2,2,1
1958,alpha_0150,2,1,2
1958,alpha_0150,2,2,1
1958,greenacre_unweighted_power_0150,2,1,2
1958,greenacre_unweighted_power_0150,2,2,1
1958,euclidean,2,1,2
1958,euclidean,2,2,1
1963,greenacre_weighted_power_0175,2,1,1
1963,greenacre_weighted_power_0175,2,2,2
1963,greenacre_weighted_lra,2,1,1
1963,greenacre_weighted_lra,2,2,2
1963,aitchison,2,1,1
1963,aitchison,2,2,2
1963,alpha_0150,2,1,1
1963,alpha_0150,2,2,2
1963,greenacre_unweighted_power_0150,2,1,2
1963,greenacre_unweighted_power_0150,2,2,1
1963,euclidean,2,1,1
1963,euclidean,2,2,2
1968,greenacre_weighted_power_0175,2,1,1
1968,greenacre_weighted_power_0175,2,2,2
1968,greenacre_weighted_lra,2,1,1
1968,greenacre_weighted_lra,2,2,2
1968,aitchison,2,1,2
1968,aitchison,2,2,1
1968,alpha_0150,2,1,2
1968,alpha_0150,2,2,1
1968,greenacre_unweighted_power_0150,2,1,2
1968,greenacre_unweighted_power_0150,2,2,1
1968,euclidean,2,1,2
1968,euclidean,2,2,1
1972,greenacre_weighted_power_0175,2,1,2
1972,greenacre_weighted_power_0175,2,2,1
1972,greenacre_weighted_lra,2,1,2
1972,greenacre_weighted_lra,2,2,1
1972,aitchison,2,1,2
1972,aitchison,2,2,1
1972,alpha_0150,2,1,1
1972,alpha_0150,2,2,2
1972,greenacre_unweighted_power_0150,2,1,1
1972,greenacre_unweighted_power_0150,2,2,2
1972,euclidean,2,1,1
1972,euclidean,2,2,2
1976,greenacre_weighted_power_0175,2,1,1
1976,greenacre_weighted_power_0175,2,2,2
1976,greenacre_weighted_lra,2,1,1
1976,greenacre_weighted_lra,2,2,2
1976,aitchison,2,1,1
1976,aitchison,2,2,2
1976,alpha_0150,2,1,1
1976,alpha_0150,2,2,2
1976,greenacre_unweighted_power_0150,2,1,1
1976,greenacre_unweighted_power_0150,2,2,2
1976,euclidean,2,1,2
1976,euclidean,2,2,1
1979,greenacre_weighted_power_0175,2,1,1
1979,greenacre_weighted_power_0175,2,2,2
1979,greenacre_weighted_lra,2,1,1
1979,greenacre_weighted_lra,2,2,2
1979,aitchison,2,1,1
1979,aitchison,2,2,2
1979,alpha_0150,2,1,2
1979,alpha_0150,2,2,1
1979,greenacre_unweighted_power_0150,2,1,1
1979,greenacre_unweighted_power_0150,2,2,2
1979,euclidean,2,1,2
1979,euclidean,2,2,1
1983,greenacre_weighted_power_0175,2,1,2
1983,greenacre_weighted_power_0175,2,2,1
1983,greenacre_weighted_lra,2,1,1
1983,greenacre_weighted_lra,2,2,2
1983,aitchison,2,1,2
1983,aitchison,2,2,1
1983,alpha_0150,2,1,1
1983,alpha_0150,2,2,2
1983,greenacre_unweighted_power_0150,2,1,1
1983,greenacre_unweighted_power_0150,2,2,2
1983,euclidean,2,1,1
1983,euclidean,2,2,2
1987,greenacre_weighted_power_0175,2,1,1
1987,greenacre_weighted_power_0175,2,2,2
1987,greenacre_weighted_lra,2,1,1
1987,greenacre_weighted_lra,2,2,2
1987,aitchison,2,1,1
1987,aitchison,2,2,2
1987,alpha_0150,2,1,2
1987,alpha_0150,2,2,1
1987,greenacre_unweighted_power_0150,2,1,1
1987,greenacre_unweighted_power_0150,2,2,2
1987,euclidean,2,1,2
1987,euclidean,2,2,1
1992,greenacre_weighted_power_0175,2,1,1
1992,greenacre_weighted_power_0175,2,2,2
1992,greenacre_weighted_lra,2,1,1
1992,greenacre_weighted_lra,2,2,2
1992,aitchison,2,1,2
1992,aitchison,2,2,1
1992,alpha_0150,2,1,1
1992,alpha_0150,2,2,2
1992,greenacre_unweighted_power_0150,2,1,2
1992,greenacre_unweighted_power_0150,2,2,1
1992,euclidean,2,1,2
1992,euclidean,2,2,1
1994,greenacre_weighted_power_0175,2,1,2
1994,greenacre_weighted_power_0175,2,2,1
1994,greenacre_weighted_lra,2,1,2
1994,greenacre_weighted_lra,2,2,1
1994,aitchison,2,1,2
1994,aitchison,2,2,1
1994,alpha_0150,2,1,1
1994,alpha_0150,2,2,2
1994,greenacre_unweighted_power_0150,2,1,1
1994,greenacre_unweighted_power_0150,2,2,2
1994,euclidean,2,1,1
1994,euclidean,2,2,2
1996,greenacre_weighted_power_0175,2,1,1
1996,greenacre_weighted_power_0175,2,2,2
1996,greenacre_weighted_lra,2,1,2
1996,greenacre_weighted_lra,2,2,1
1996,aitchison,2,1,1
1996,aitchison,2,2,2
1996,alpha_0150,2,1,2
1996,alpha_0150,2,2,1
1996,greenacre_unweighted_power_0150,2,1,1
1996,greenacre_unweighted_power_0150,2,2,2
1996,euclidean,2,1,2
1996,euclidean,2,2,1
2001,greenacre_weighted_power_0175,2,1,2
2001,greenacre_weighted_power_0175,2,2,1
2001,greenacre_weighted_lra,2,1,2
2001,greenacre_weighted_lra,2,2,1
2001,aitchison,2,1,1
2001,aitchison,2,2,2
2001,alpha_0150,2,1,2
2001,alpha_0150,2,2,1
2001,greenacre_unweighted_power_0150,2,1,2
2001,greenacre_unweighted_power_0150,2,2,1
2001,euclidean,2,1,2
2001,euclidean,2,2,1
2006,greenacre_weighted_power_0175,2,1,1
2006,greenacre_weighted_power_0175,2,2,2
2006,greenacre_weighted_lra,2,1,1
2006,greenacre_weighted_lra,2,2,2
2006,aitchison,2,1,2
2006,aitchison,2,2,1
2006,alpha_0150,2,1,1
2006,alpha_0150,2,2,2
2006,greenacre_unweighted_power_0150,2,1,2
2006,greenacre_unweighted_power_0150,2,2,1
2006,euclidean,2,1,2
2006,euclidean,2,2,1
2008,greenacre_weighted_power_0175,2,1,2
2008,greenacre_weighted_power_0175,2,2,1
2008,greenacre_weighted_lra,2,1,2
2008,greenacre_weighted_lra,2,2,1
2008,aitchison,2,1,1
2008,aitchison,2,2,2
2008,alpha_0150,2,1,1
2008,alpha_0150,2,2,2
2008,greenacre_unweighted_power_0150,2,1,2
2008,greenacre_unweighted_power_0150,2,2,1
2008,euclidean,2,1,2
2008,euclidean,2,2,1
2013,greenacre_weighted_power_0175,2,1,1
2013,greenacre_weighted_power_0175,2,2,2
2013,greenacre_weighted_lra,2,1,1
2013,greenacre_weighted_lra,2,2,2
2013,aitchison,2,1,1
2013,aitchison,2,2,2
2013,alpha_0150,2,1,2
2013,alpha_0150,2,2,1
2013,greenacre_unweighted_power_0150,2,1,1
2013,greenacre_unweighted_power_0150,2,2,2
2013,euclidean,2,1,2
2013,euclidean,2,2,1
2018,greenacre_weighted_power_0175,2,1,2
2018,greenacre_weighted_power_0175,2,2,1
2018,greenacre_weighted_lra,2,1,2
2018,greenacre_weighted_lra,2,2,1
2018,aitchison,2,1,2
2018,aitchison,2,2,1
2018,alpha_0150,2,1,1
2018,alpha_0150,2,2,2
2018,greenacre_unweighted_power_0150,2,1,1
2018,greenacre_unweighted_power_0150,2,2,2
2018,euclidean,2,1,2
2018,euclidean,2,2,1
2022,greenacre_weighted_power_0175,2,1,2
2022,greenacre_weighted_power_0175,2,2,1
2022,greenacre_weighted_lra,2,1,2
2022,greenacre_weighted_lra,2,2,1
2022,aitchison,2,1,1
2022,aitchison,2,2,2
2022,alpha_0150,2,1,1
2022,alpha_0150,2,2,2
2022,greenacre_unweighted_power_0150,2,1,2
2022,greenacre_unweighted_power_0150,2,2,1
2022,euclidean,2,1,2
2022,euclidean,2,2,1
1948,greenacre_weighted_power_0175,3,1,1
1948,greenacre_weighted_power_0175,3,2,2
1948,greenacre_weighted_power_0175,3,3,3
1948,greenacre_weighted_lra,3,1,1
1948,greenacre_weighted_lra,3,2,3
1948,greenacre_weighted_lra,3,3,2
1948,aitchison,3,1,2
1948,aitchison,3,2,1
1948,aitchison,3,3,3
1948,alpha_0150,3,1,3
1948,alpha_0150,3,2,2
1948,alpha_0150,3,3,1
1948,greenacre_unweighted_power_0150,3,1,3
1948,greenacre_unweighted_power_0150,3,2,2
1948,greenacre_unweighted_power_0150,3,3,1
1948,euclidean,3,1,1
1948,euclidean,3,2,3
1948,euclidean,3,3,2
1953,greenacre_weighted_power_0175,3,1,2
1953,greenacre_weighted_power_0175,3,2,3
1953,greenacre_weighted_power_0175,3,3,1
1953,greenacre_weighted_lra,3,1,1
1953,greenacre_weighted_lra,3,2,2
1953,greenacre_weighted_lra,3,3,3
1953,aitchison,3,1,2
1953,aitchison,3,2,1
1953,aitchison,3,3,3
1953,alpha_0150,3,1,3
1953,alpha_0150,3,2,2
1953,alpha_0150,3,3,1
1953,greenacre_unweighted_power_0150,3,1,2
1953,greenacre_unweighted_power_0150,3,2,1
1953,greenacre_unweighted_power_0150,3,3,3
1953,euclidean,3,1,1
1953,euclidean,3,2,2
1953,euclidean,3,3,3
1958,greenacre_weighted_power_0175,3,1,2
1958,greenacre_weighted_power_0175,3,2,3
1958,greenacre_weighted_power_0175,3,3,1
1958,greenacre_weighted_lra,3,1,1
1958,greenacre_weighted_lra,3,2,3
1958,greenacre_weighted_lra,3,3,2
1958,aitchison,3,1,1
1958,aitchison,3,2,3
1958,aitchison,3,3,2
1958,alpha_0150,3,1,2
1958,alpha_0150,3,2,1
1958,alpha_0150,3,3,3
1958,greenacre_unweighted_power_0150,3,1,1
1958,greenacre_unweighted_power_0150,3,2,2
1958,greenacre_unweighted_power_0150,3,3,3
1958,euclidean,3,1,2
1958,euclidean,3,2,3
1958,euclidean,3,3,1
1963,greenacre_weighted_power_0175,3,1,3
1963,greenacre_weighted_power_0175,3,2,1
1963,greenacre_weighted_power_0175,3,3,2
1963,greenacre_weighted_lra,3,1,3
1963,greenacre_weighted_lra,3,2,1
1963,greenacre_weighted_lra,3,3,2
1963,aitchison,3,1,2
1963,aitchison,3,2,1
1963,aitchison,3,3,3
1963,alpha_0150,3,1,3
1963,alpha_0150,3,2,2
1963,alpha_0150,3,3,1
1963,greenacre_unweighted_power_0150,3,1,1
1963,greenacre_unweighted_power_0150,3,2,3
1963,greenacre_unweighted_power_0150,3,3,2
1963,euclidean,3,1,2
1963,euclidean,3,2,1
1963,euclidean,3,3,3
1968,greenacre_weighted_power_0175,3,1,3
1968,greenacre_weighted_power_0175,3,2,1
1968,greenacre_weighted_power_0175,3,3,2
1968,greenacre_weighted_lra,3,1,3
1968,greenacre_weighted_lra,3,2,2
1968,greenacre_weighted_lra,3,3,1
1968,aitchison,3,1,3
1968,aitchison,3,2,1
1968,aitchison,3,3,2
1968,alpha_0150,3,1,1
1968,alpha_0150,3,2,3
1968,alpha_0150,3,3,2
1968,greenacre_unweighted_power_0150,3,1,3
1968,greenacre_unweighted_power_0150,3,2,2
1968,greenacre_unweighted_power_0150,3,3,1
1968,euclidean,3,1,3
1968,euclidean,3,2,2
1968,euclidean,3,3,1
1972,greenacre_weighted_power_0175,3,1,3
1972,greenacre_weighted_power_0175,3,2,2
1972,greenacre_weighted_power_0175,3,3,1
1972,greenacre_weighted_lra,3,1,3
1972,greenacre_weighted_lra,3,2,2
1972,greenacre_weighted_lra,3,3,1
1972,aitchison,3,1,2
1972,aitchison,3,2,1
1972,aitchison,3,3,3
1972,alpha_0150,3,1,2
1972,alpha_0150,3,2,3
1972,alpha_0150,3,3,1
1972,greenacre_unweighted_power_0150,3,1,1
1972,greenacre_unweighted_power_0150,3,2,2
1972,greenacre_unweighted_power_0150,3,3,3
1972,euclidean,3,1,2
1972,euclidean,3,2,1
1972,euclidean,3,3,3
1976,greenacre_weighted_power_0175,3,1,3
1976,greenacre_weighted_power_0175,3,2,2
1976,greenacre_weighted_power_0175,3,3,1
1976,greenacre_weighted_lra,3,1,1
1976,greenacre_weighted_lra,3,2,2
1976,greenacre_weighted_lra,3,3,3
1976,aitchison,3,1,1
1976,aitchison,3,2,3
1976,aitchison,3,3,2
1976,alpha_0150,3,1,1
1976,alpha_0150,3,2,3
1976,alpha_0150,3,3,2
1976,greenacre_unweighted_power_0150,3,1,3
1976,greenacre_unweighted_power_0150,3,2,1
1976,greenacre_unweighted_power_0150,3,3,2
1976,euclidean,3,1,1
1976,euclidean,3,2,2
1976,euclidean,3,3,3
1979,greenacre_weighted_power_0175,3,1,1
1979,greenacre_weighted_power_0175,3,2,3
1979,greenacre_weighted_power_0175,3,3,2
1979,greenacre_weighted_lra,3,1,1
1979,greenacre_weighted_lra,3,2,2
1979,greenacre_weighted_lra,3,3,3
1979,aitchison,3,1,2
1979,aitchison,3,2,3
1979,aitchison,3,3,1
1979,alpha_0150,3,1,1
1979,alpha_0150,3,2,3
1979,alpha_0150,3,3,2
1979,greenacre_unweighted_power_0150,3,1,3
1979,greenacre_unweighted_power_0150,3,2,2
1979,greenacre_unweighted_power_0150,3,3,1
1979,euclidean,3,1,1
1979,euclidean,3,2,3
1979,euclidean,3,3,2
1983,greenacre_weighted_power_0175,3,1,1
1983,greenacre_weighted_power_0175,3,2,2
1983,greenacre_weighted_power_0175,3,3,3
1983,greenacre_weighted_lra,3,1,1
1983,greenacre_weighted_lra,3,2,3
1983,greenacre_weighted_lra,3,3,2
1983,aitchison,3,1,1
1983,aitchison,3,2,3
1983,aitchison,3,3,2
1983,alpha_0150,3,1,3
1983,alpha_0150,3,2,1
1983,alpha_0150,3,3,2
1983,greenacre_unweighted_power_0150,3,1,1
1983,greenacre_unweighted_power_0150,3,2,2
1983,greenacre_unweighted_power_0150,3,3,3
1983,euclidean,3,1,1
1983,euclidean,3,2,3
1983,euclidean,3,3,2
1987,greenacre_weighted_power_0175,3,1,3
1987,greenacre_weighted_power_0175,3,2,2
1987,greenacre_weighted_power_0175,3,3,1
1987,greenacre_weighted_lra,3,1,2
1987,greenacre_weighted_lra,3,2,1
1987,greenacre_weighted_lra,3,3,3
1987,aitchison,3,1,3
1987,aitchison,3,2,1
1987,aitchison,3,3,2
1987,alpha_0150,3,1,1
1987,alpha_0150,3,2,3
1987,alpha_0150,3,3,2
1987,greenacre_unweighted_power_0150,3,1,3
1987,greenacre_unweighted_power_0150,3,2,2
1987,greenacre_unweighted_power_0150,3,3,1
1987,euclidean,3,1,3
1987,euclidean,3,2,2
1987,euclidean,3,3,1
1992,greenacre_weighted_power_0175,3,1,3
1992,greenacre_weighted_power_0175,3,2,1
1992,greenacre_weighted_power_0175,3,3,2
1992,greenacre_weighted_lra,3,1,1
1992,greenacre_weighted_lra,3,2,3
1992,greenacre_weighted_lra,3,3,2
1992,aitchison,3,1,3
1992,aitchison,3,2,1
1992,aitchison,3,3,2
1992,alpha_0150,3,1,3
1992,alpha_0150,3,2,1
1992,alpha_0150,3,3,2
1992,greenacre_unweighted_power_0150,3,1,3
1992,greenacre_unweighted_power_0150,3,2,1
1992,greenacre_unweighted_power_0150,3,3,2
1992,euclidean,3,1,2
1992,euclidean,3,2,1
1992,euclidean,3,3,3
1994,greenacre_weighted_power_0175,3,1,1
1994,greenacre_weighted_power_0175,3,2,2
1994,greenacre_weighted_power_0175,3,3,3
1994,greenacre_weighted_lra,3,1,2
1994,greenacre_weighted_lra,3,2,1
1994,greenacre_weighted_lra,3,3,3
1994,aitchison,3,1,3
1994,aitchison,3,2,2
1994,aitchison,3,3,1
1994,alpha_0150,3,1,2
1994,alpha_0150,3,2,1
1994,alpha_0150,3,3,3
1994,greenacre_unweighted_power_0150,3,1,1
1994,greenacre_unweighted_power_0150,3,2,2
1994,greenacre_unweighted_power_0150,3,3,3
1994,euclidean,3,1,3
1994,euclidean,3,2,2
1994,euclidean,3,3,1
1996,greenacre_weighted_power_0175,3,1,2
1996,greenacre_weighted_power_0175,3,2,3
1996,greenacre_weighted_power_0175,3,3,1
1996,greenacre_weighted_lra,3,1,2
1996,greenacre_weighted_lra,3,2,3
1996,greenacre_weighted_lra,3,3,1
1996,aitchison,3,1,1
1996,aitchison,3,2,3
1996,aitchison,3,3,2
1996,alpha_0150,3,1,2
1996,alpha_0150,3,2,1
1996,alpha_0150,3,3,3
1996,greenacre_unweighted_power_0150,3,1,2
1996,greenacre_unweighted_power_0150,3,2,1
1996,greenacre_unweighted_power_0150,3,3,3
1996,euclidean,3,1,3
1996,euclidean,3,2,1
1996,euclidean,3,3,2
2001,greenacre_weighted_power_0175,3,1,1
2001,greenacre_weighted_power_0175,3,2,3
2001,greenacre_weighted_power_0175,3,3,2
2001,greenacre_weighted_lra,3,1,2
2001,greenacre_weighted_lra,3,2,1
2001,greenacre_weighted_lra,3,3,3
2001,aitchison,3,1,2
2001,aitchison,3,2,3
2001,aitchison,3,3,1
2001,alpha_0150,3,1,3
2001,alpha_0150,3,2,2
2001,alpha_0150,3,3,1
2001,greenacre_unweighted_power_0150,3,1,3
2001,greenacre_unweighted_power_0150,3,2,1
2001,greenacre_unweighted_power_0150,3,3,2
2001,euclidean,3,1,2
2001,euclidean,3,2,1
2001,euclidean,3,3,3
2006,greenacre_weighted_power_0175,3,1,2
2006,greenacre_weighted_power_0175,3,2,1
2006,greenacre_weighted_power_0175,3,3,3
2006,greenacre_weighted_lra,3,1,2
2006,greenacre_weighted_lra,3,2,3
2006,greenacre_weighted_lra,3,3,1
2006,aitchison,3,1,2
2006,aitchison,3,2,1
2006,aitchison,3,3,3
2006,alpha_0150,3,1,3
2006,alpha_0150,3,2,2
2006,alpha_0150,3,3,1
2006,greenacre_unweighted_power_0150,3,1,1
2006,greenacre_unweighted_power_0150,3,2,3
2006,greenacre_unweighted_power_0150,3,3,2
2006,euclidean,3,1,1
2006,euclidean,3,2,2
2006,euclidean,3,3,3
2008,greenacre_weighted_power_0175,3,1,2
2008,greenacre_weighted_power_0175,3,2,1
2008,greenacre_weighted_power_0175,3,3,3
2008,greenacre_weighted_lra,3,1,1
2008,greenacre_weighted_lra,3,2,3
2008,greenacre_weighted_lra,3,3,2
2008,aitchison,3,1,3
2008,aitchison,3,2,2
2008,aitchison,3,3,1
2008,alpha_0150,3,1,1
2008,alpha_0150,3,2,3
2008,alpha_0150,3,3,2
2008,greenacre_unweighted_power_0150,3,1,1
2008,greenacre_unweighted_power_0150,3,2,2
2008,greenacre_unweighted_power_0150,3,3,3
2008,euclidean,3,1,2
2008,euclidean,3,2,3
2008,euclidean,3,3,1
2013,greenacre_weighted_power_0175,3,1,1
2013,greenacre_weighted_power_0175,3,2,3
2013,greenacre_weighted_power_0175,3,3,2
2013,greenacre_weighted_lra,3,1,1
2013,greenacre_weighted_lra,3,2,3
2013,greenacre_weighted_lra,3,3,2
2013,aitchison,3,1,3
2013,aitchison,3,2,1
2013,aitchison,3,3,2
2013,alpha_0150,3,1,1
2013,alpha_0150,3,2,2
2013,alpha_0150,3,3,3
2013,greenacre_unweighted_power_0150,3,1,2
2013,greenacre_unweighted_power_0150,3,2,3
2013,greenacre_unweighted_power_0150,3,3,1
2013,euclidean,3,1,1
2013,euclidean,3,2,2
2013,euclidean,3,3,3
2018,greenacre_weighted_power_0175,3,1,1
2018,greenacre_weighted_power_0175,3,2,2
2018,greenacre_weighted_power_0175,3,3,3
2018,greenacre_weighted_lra,3,1,3
2018,greenacre_weighted_lra,3,2,1
2018,greenacre_weighted_lra,3,3,2
2018,aitchison,3,1,2
2018,aitchison,3,2,1
2018,aitchison,3,3,3
2018,alpha_0150,3,1,3
2018,alpha_0150,3,2,1
2018,alpha_0150,3,3,2
2018,greenacre_unweighted_power_0150,3,1,2
2018,greenacre_unweighted_power_0150,3,2,3
2018,greenacre_unweighted_power_0150,3,3,1
2018,euclidean,3,1,1
2018,euclidean,3,2,2
2018,euclidean,3,3,3
2022,greenacre_weighted_power_0175,3,1,3
2022,greenacre_weighted_power_0175,3,2,2
2022,greenacre_weighted_power_0175,3,3,1
2022,greenacre_weighted_lra,3,1,2
2022,greenacre_weighted_lra,3,2,3
2022,greenacre_weighted_lra,3,3,1
2022,aitchison,3,1,2
2022,aitchison,3,2,3
2022,aitchison,3,3,1
2022,alpha_0150,3,1,2
2022,alpha_0150,3,2,1
2022,alpha_0150,3,3,3
2022,greenacre_unweighted_power_0150,3,1,1
2022,greenacre_unweighted_power_0150,3,2,2
2022,greenacre_unweighted_power_0150,3,3,3
2022,euclidean,3,1,1
2022,euclidean,3,2,3
2022,euclidean,3,3,2
1948,greenacre_weighted_power_0175,4,1,1
1948,greenacre_weighted_power_0175,4,2,2
1948,greenacre_weighted_power_0175,4,3,3
1948,greenacre_weighted_power_0175,4,4,4
1948,greenacre_weighted_lra,4,1,3
1948,greenacre_weighted_lra,4,2,1
1948,greenacre_weighted_lra,4,3,2
1948,greenacre_weighted_lra,4,4,4
1948,aitchison,4,1,4
1948,aitchison,4,2,3
1948,aitchison,4,3,1
1948,aitchison,4,4,2
1948,alpha_0150,4,1,1
1948,alpha_0150,4,2,4
1948,alpha_0150,4,3,2
1948,alpha_0150,4,4,3
1948,greenacre_unweighted_power_0150,4,1,2
1948,greenacre_unweighted_power_0150,4,2,4
1948,greenacre_unweighted_power_0150,4,3,1
1948,greenacre_unweighted_power_0150,4,4,3
1948,euclidean,4,1,1
1948,euclidean,4,2,2
1948,euclidean,4,3,3
1948,euclidean,4,4,4
1953,greenacre_weighted_power_0175,4,1,3
1953,greenacre_weighted_power_0175,4,2,4
1953,greenacre_weighted_power_0175,4,3,2
1953,greenacre_weighted_power_0175,4,4,1
1953,greenacre_weighted_lra,4,1,4
1953,greenacre_weighted_lra,4,2,2
1953,greenacre_weighted_lra,4,3,3
1953,greenacre_weighted_lra,4,4,1
1953,aitchison,4,1,3
1953,aitchison,4,2,1
1953,aitchison,4,3,2
1953,aitchison,4,4,4
1953,alpha_0150,4,1,3
1953,alpha_0150,4,2,1
1953,alpha_0150,4,3,2
1953,alpha_0150,4,4,4
1953,greenacre_unweighted_power_0150,4,1,4
1953,greenacre_unweighted_power_0150,4,2,1
1953,greenacre_unweighted_power_0150,4,3,2
1953,greenacre_unweighted_power_0150,4,4,3
1953,euclidean,4,1,2
1953,euclidean,4,2,3
1953,euclidean,4,3,4
1953,euclidean,4,4,1
1958,greenacre_weighted_power_0175,4,1,4
1958,greenacre_weighted_power_0175,4,2,1
1958,greenacre_weighted_power_0175,4,3,3
1958,greenacre_weighted_power_0175,4,4,2
1958,greenacre_weighted_lra,4,1,4
1958,greenacre_weighted_lra,4,2,1
1958,greenacre_weighted_lra,4,3,3
1958,greenacre_weighted_lra,4,4,2
1958,aitchison,4,1,3
1958,aitchison,4,2,2
1958,aitchison,4,3,1
1958,aitchison,4,4,4
1958,alpha_0150,4,1,3
1958,alpha_0150,4,2,4
1958,alpha_0150,4,3,2
1958,alpha_0150,4,4,1
1958,greenacre_unweighted_power_0150,4,1,1
1958,greenacre_unweighted_power_0150,4,2,4
1958,greenacre_unweighted_power_0150,4,3,2
1958,greenacre_unweighted_power_0150,4,4,3
1958,euclidean,4,1,3
1958,euclidean,4,2,1
1958,euclidean,4,3,4
1958,euclidean,4,4,2
1963,greenacre_weighted_power_0175,4,1,4
1963,greenacre_weighted_power_0175,4,2,3
1963,greenacre_weighted_power_0175,4,3,2
1963,greenacre_weighted_power_0175,4,4,1
1963,greenacre_weighted_lra,4,1,3
1963,greenacre_weighted_lra,4,2,1
1963,greenacre_weighted_lra,4,3,2
1963,greenacre_weighted_lra,4,4,4
1963,aitchison,4,1,3
1963,aitchison,4,2,2
1963,aitchison,4,3,4
1963,aitchison,4,4,1
1963,alpha_0150,4,1,3
1963,alpha_0150,4,2,1
1963,alpha_0150,4,3,4
1963,alpha_0150,4,4,2
1963,greenacre_unweighted_power_0150,4,1,2
1963,greenacre_unweighted_power_0150,4,2,3
1963,greenacre_unweighted_power_0150,4,3,1
1963,greenacre_unweighted_power_0150,4,4,4
1963,euclidean,4,1,3
1963,euclidean,4,2,2
1963,euclidean,4,3,1
1963,euclidean,4,4,4
1968,greenacre_weighted_power_0175,4,1,2
1968,greenacre_weighted_power_0175,4,2,4
1968,greenacre_weighted_power_0175,4,3,3
1968,greenacre_weighted_power_0175,4,4,1
1968,greenacre_weighted_lra,4,1,4
1968,greenacre_weighted_lra,4,2,3
1968,greenacre_weighted_lra,4,3,1
1968,greenacre_weighted_lra,4,4,2
1968,aitchison,4,1,4
1968,aitchison,4,2,3
1968,aitchison,4,3,2
1968,aitchison,4,4,1
1968,alpha_0150,4,1,3
1968,alpha_0150,4,2,4
1968,alpha_0150,4,3,2
1968,alpha_0150,4,4,1
1968,greenacre_unweighted_power_0150,4,1,4
1968,greenacre_unweighted_power_0150,4,2,1
1968,greenacre_unweighted_power_0150,4,3,3
1968,greenacre_unweighted_power_0150,4,4,2
1968,euclidean,4,1,4
1968,euclidean,4,2,3
1968,euclidean,4,3,1
1968,euclidean,4,4,2
1972,greenacre_weighted_power_0175,4,1,3
1972,greenacre_weighted_power_0175,4,2,1
1972,greenacre_weighted_power_0175,4,3,2
1972,greenacre_weighted_power_0175,4,4,4
1972,greenacre_weighted_lra,4,1,4
1972,greenacre_weighted_lra,4,2,3
1972,greenacre_weighted_lra,4,3,1
1972,greenacre_weighted_lra,4,4,2
1972,aitchison,4,1,1
1972,aitchison,4,2,3
1972,aitchison,4,3,4
1972,aitchison,4,4,2
1972,alpha_0150,4,1,1
1972,alpha_0150,4,2,2
1972,alpha_0150,4,3,3
1972,alpha_0150,4,4,4
1972,greenacre_unweighted_power_0150,4,1,1
1972,greenacre_unweighted_power_0150,4,2,2
1972,greenacre_unweighted_power_0150,4,3,4
1972,greenacre_unweighted_power_0150,4,4,3
1972,euclidean,4,1,1
1972,euclidean,4,2,4
1972,euclidean,4,3,2
1972,euclidean,4,4,3
1976,greenacre_weighted_power_0175,4,1,2
1976,greenacre_weighted_power_0175,4,2,3
1976,greenacre_weighted_power_0175,4,3,1
1976,greenacre_weighted_power_0175,4,4,4
1976,greenacre_weighted_lra,4,1,3
1976,greenacre_weighted_lra,4,2,2
1976,greenacre_weighted_lra,4,3,4
1976,greenacre_weighted_lra,4,4,1
1976,aitchison,4,1,1
1976,aitchison,4,2,4
1976,aitchison,4,3,3
1976,aitchison,4,4,2
1976,alpha_0150,4,1,3
1976,alpha_0150,4,2,2
1976,alpha_0150,4,3,1
1976,alpha_0150,4,4,4
1976,greenacre_unweighted_power_0150,4,1,4
1976,greenacre_unweighted_power_0150,4,2,2
1976,greenacre_unweighted_power_0150,4,3,3
1976,greenacre_unweighted_power_0150,4,4,1
1976,euclidean,4,1,4
1976,euclidean,4,2,1
1976,euclidean,4,3,2
1976,euclidean,4,4,3
1979,greenacre_weighted_power_0175,4,1,2
1979,greenacre_weighted_power_0175,4,2,4
1979,greenacre_weighted_power_0175,4,3,1
1979,greenacre_weighted_power_0175,4,4,3
1979,greenacre_weighted_lra,4,1,2
1979,greenacre_weighted_lra,4,2,3
1979,greenacre_weighted_lra,4,3,1
1979,greenacre_weighted_lra,4,4,4
1979,aitchison,4,1,1
1979,aitchison,4,2,4
1979,aitchison,4,3,3
1979,aitchison,4,4,2
1979,alpha_0150,4,1,3
1979,alpha_0150,4,2,1
1979,alpha_0150,4,3,2
1979,alpha_0150,4,4,4
1979,greenacre_unweighted_power_0150,4,1,3
1979,greenacre_unweighted_power_0150,4,2,2
1979,greenacre_unweighted_power_0150,4,3,1
1979,greenacre_unweighted_power_0150,4,4,4
1979,euclidean,4,1,2
1979,euclidean,4,2,1
1979,euclidean,4,3,4
1979,euclidean,4,4,3
1983,greenacre_weighted_power_0175,4,1,3
1983,greenacre_weighted_power_0175,4,2,1
1983,greenacre_weighted_power_0175,4,3,4
1983,greenacre_weighted_power_0175,4,4,2
1983,greenacre_weighted_lra,4,1,4
1983,greenacre_weighted_lra,4,2,2
1983,greenacre_weighted_lra,4,3,3
1983,greenacre_weighted_lra,4,4,1
1983,aitchison,4,1,3
1983,aitchison,4,2,4
1983,aitchison,4,3,2
1983,aitchison,4,4,1
1983,alpha_0150,4,1,1
1983,alpha_0150,4,2,4
1983,alpha_0150,4,3,2
1983,alpha_0150,4,4,3
1983,greenacre_unweighted_power_0150,4,1,2
1983,greenacre_unweighted_power_0150,4,2,1
1983,greenacre_unweighted_power_0150,4,3,4
1983,greenacre_unweighted_power_0150,4,4,3
1983,euclidean,4,1,4
1983,euclidean,4,2,1
1983,euclidean,4,3,2
1983,euclidean,4,4,3
1987,greenacre_weighted_power_0175,4,1,2
1987,greenacre_weighted_power_0175,4,2,4
1987,greenacre_weighted_power_0175,4,3,1
1987,greenacre_weighted_power_0175,4,4,3
1987,greenacre_weighted_lra,4,1,1
1987,greenacre_weighted_lra,4,2,2
1987,greenacre_weighted_lra,4,3,3
1987,greenacre_weighted_lra,4,4,4
1987,aitchison,4,1,3
1987,aitchison,4,2,2
1987,aitchison,4,3,4
1987,aitchison,4,4,1
1987,alpha_0150,4,1,3
1987,alpha_0150,4,2,1
1987,alpha_0150,4,3,2
1987,alpha_0150,4,4,4
1987,greenacre_unweighted_power_0150,4,1,3
1987,greenacre_unweighted_power_0150,4,2,4
1987,greenacre_unweighted_power_0150,4,3,1
1987,greenacre_unweighted_power_0150,4,4,2
1987,euclidean,4,1,3
1987,euclidean,4,2,4
1987,euclidean,4,3,2
1987,euclidean,4,4,1
1992,greenacre_weighted_power_0175,4,1,2
1992,greenacre_weighted_power_0175,4,2,3
1992,greenacre_weighted_power_0175,4,3,1
1992,greenacre_weighted_power_0175,4,4,4
1992,greenacre_weighted_lra,4,1,4
1992,greenacre_weighted_lra,4,2,2
1992,greenacre_weighted_lra,4,3,3
1992,greenacre_weighted_lra,4,4,1
1992,aitchison,4,1,1
1992,aitchison,4,2,2
1992,aitchison,4,3,4
1992,aitchison,4,4,3
1992,alpha_0150,4,1,2
1992,alpha_0150,4,2,4
1992,alpha_0150,4,3,3
1992,alpha_0150,4,4,1
1992,greenacre_unweighted_power_0150,4,1,3
1992,greenacre_unweighted_power_0150,4,2,1
1992,greenacre_unweighted_power_0150,4,3,4
1992,greenacre_unweighted_power_0150,4,4,2
1992,euclidean,4,1,2
1992,euclidean,4,2,1
1992,euclidean,4,3,3
1992,euclidean,4,4,4
1994,greenacre_weighted_power_0175,4,1,4
1994,greenacre_weighted_power_0175,4,2,1
1994,greenacre_weighted_power_0175,4,3,2
1994,greenacre_weighted_power_0175,4,4,3
1994,greenacre_weighted_lra,4,1,1
1994,greenacre_weighted_lra,4,2,3
1994,greenacre_weighted_lra,4,3,2
1994,greenacre_weighted_lra,4,4,4
1994,aitchison,4,1,1
1994,aitchison,4,2,2
1994,aitchison,4,3,4
1994,aitchison,4,4,3
1994,alpha_0150,4,1,4
1994,alpha_0150,4,2,1
1994,alpha_0150,4,3,3
1994,alpha_0150,4,4,2
1994,greenacre_unweighted_power_0150,4,1,4
1994,greenacre_unweighted_power_0150,4,2,1
1994,greenacre_unweighted_power_0150,4,3,2
1994,greenacre_unweighted_power_0150,4,4,3
1994,euclidean,4,1,4
1994,euclidean,4,2,2
1994,euclidean,4,3,1
1994,euclidean,4,4,3
1996,greenacre_weighted_power_0175,4,1,1
1996,greenacre_weighted_power_0175,4,2,2
1996,greenacre_weighted_power_0175,4,3,3
1996,greenacre_weighted_power_0175,4,4,4
1996,greenacre_weighted_lra,4,1,1
1996,greenacre_weighted_lra,4,2,2
1996,greenacre_weighted_lra,4,3,4
1996,greenacre_weighted_lra,4,4,3
1996,aitchison,4,1,2
1996,aitchison,4,2,3
1996,aitchison,4,3,4
1996,aitchison,4,4,1
1996,alpha_0150,4,1,1
1996,alpha_0150,4,2,3
1996,alpha_0150,4,3,2
1996,alpha_0150,4,4,4
1996,greenacre_unweighted_power_0150,4,1,3
1996,greenacre_unweighted_power_0150,4,2,1
1996,greenacre_unweighted_power_0150,4,3,2
1996,greenacre_unweighted_power_0150,4,4,4
1996,euclidean,4,1,2
1996,euclidean,4,2,4
1996,euclidean,4,3,3
1996,euclidean,4,4,1
2001,greenacre_weighted_power_0175,4,1,4
2001,greenacre_weighted_power_0175,4,2,1
2001,greenacre_weighted_power_0175,4,3,3
2001,greenacre_weighted_power_0175,4,4,2
2001,greenacre_weighted_lra,4,1,2
2001,greenacre_weighted_lra,4,2,1
2001,greenacre_weighted_lra,4,3,4
2001,greenacre_weighted_lra,4,4,3
2001,aitchison,4,1,1
2001,aitchison,4,2,3
2001,aitchison,4,3,4
2001,aitchison,4,4,2
2001,alpha_0150,4,1,1
2001,alpha_0150,4,2,4
2001,alpha_0150,4,3,2
2001,alpha_0150,4,4,3
2001,greenacre_unweighted_power_0150,4,1,4
2001,greenacre_unweighted_power_0150,4,2,1
2001,greenacre_unweighted_power_0150,4,3,2
2001,greenacre_unweighted_power_0150,4,4,3
2001,euclidean,4,1,2
2001,euclidean,4,2,3
2001,euclidean,4,3,4
2001,euclidean,4,4,1
2006,greenacre_weighted_power_0175,4,1,1
2006,greenacre_weighted_power_0175,4,2,4
2006,greenacre_weighted_power_0175,4,3,2
2006,greenacre_weighted_power_0175,4,4,3
2006,greenacre_weighted_lra,4,1,4
2006,greenacre_weighted_lra,4,2,3
2006,greenacre_weighted_lra,4,3,2
2006,greenacre_weighted_lra,4,4,1
2006,aitchison,4,1,2
2006,aitchison,4,2,1
2006,aitchison,4,3,4
2006,aitchison,4,4,3
2006,alpha_0150,4,1,3
2006,alpha_0150,4,2,1
2006,alpha_0150,4,3,2
2006,alpha_0150,4,4,4
2006,greenacre_unweighted_power_0150,4,1,3
2006,greenacre_unweighted_power_0150,4,2,1
2006,greenacre_unweighted_power_0150,4,3,2
2006,greenacre_unweighted_power_0150,4,4,4
2006,euclidean,4,1,4
2006,euclidean,4,2,1
2006,euclidean,4,3,3
2006,euclidean,4,4,2
2008,greenacre_weighted_power_0175,4,1,4
2008,greenacre_weighted_power_0175,4,2,3
2008,greenacre_weighted_power_0175,4,3,2
2008,greenacre_weighted_power_0175,4,4,1
2008,greenacre_weighted_lra,4,1,4
2008,greenacre_weighted_lra,4,2,3
2008,greenacre_weighted_lra,4,3,1
2008,greenacre_weighted_lra,4,4,2
2008,aitchison,4,1,4
2008,aitchison,4,2,3
2008,aitchison,4,3,1
2008,aitchison,4,4,2
2008,alpha_0150,4,1,4
2008,alpha_0150,4,2,3
2008,alpha_0150,4,3,2
2008,alpha_0150,4,4,1
2008,greenacre_unweighted_power_0150,4,1,3
2008,greenacre_unweighted_power_0150,4,2,4
2008,greenacre_unweighted_power_0150,4,3,1
2008,greenacre_unweighted_power_0150,4,4,2
2008,euclidean,4,1,2
2008,euclidean,4,2,4
2008,euclidean,4,3,1
2008,euclidean,4,4,3
2013,greenacre_weighted_power_0175,4,1,3
2013,greenacre_weighted_power_0175,4,2,4
2013,greenacre_weighted_power_0175,4,3,2
2013,greenacre_weighted_power_0175,4,4,1
2013,greenacre_weighted_lra,4,1,1
2013,greenacre_weighted_lra,4,2,4
2013,greenacre_weighted_lra,4,3,2
2013,greenacre_weighted_lra,4,4,3
2013,aitchison,4,1,2
2013,aitchison,4,2,3
2013,aitchison,4,3,4
2013,aitchison,4,4,1
2013,alpha_0150,4,1,2
2013,alpha_0150,4,2,3
2013,alpha_0150,4,3,1
2013,alpha_0150,4,4,4
2013,greenacre_unweighted_power_0150,4,1,3
2013,greenacre_unweighted_power_0150,4,2,4
2013,greenacre_unweighted_power_0150,4,3,2
2013,greenacre_unweighted_power_0150,4,4,1
2013,euclidean,4,1,4
2013,euclidean,4,2,3
2013,euclidean,4,3,2
2013,euclidean,4,4,1
2018,greenacre_weighted_power_0175,4,1,1
2018,greenacre_weighted_power_0175,4,2,4
2018,greenacre_weighted_power_0175,4,3,2
2018,greenacre_weighted_power_0175,4,4,3
2018,greenacre_weighted_lra,4,1,2
2018,greenacre_weighted_lra,4,2,1
2018,greenacre_weighted_lra,4,3,4
2018,greenacre_weighted_lra,4,4,3
2018,aitchison,4,1,4
2018,aitchison,4,2,2
2018,aitchison,4,3,1
2018,aitchison,4,4,3
2018,alpha_0150,4,1,3
2018,alpha_0150,4,2,2
2018,alpha_0150,4,3,1
2018,alpha_0150,4,4,4
2018,greenacre_unweighted_power_0150,4,1,2
2018,greenacre_unweighted_power_0150,4,2,4
2018,greenacre_unweighted_power_0150,4,3,3
2018,greenacre_unweighted_power_0150,4,4,1
2018,euclidean,4,1,4
2018,euclidean,4,2,2
2018,euclidean,4,3,3
2018,euclidean,4,4,1
2022,greenacre_weighted_power_0175,4,1,4
2022,greenacre_weighted_power_0175,4,2,1
2022,greenacre_weighted_power_0175,4,3,2
2022,greenacre_weighted_power_0175,4,4,3
2022,greenacre_weighted_lra,4,1,3
2022,greenacre_weighted_lra,4,2,1
2022,greenacre_weighted_lra,4,3,2
2022,greenacre_weighted_lra,4,4,4
2022,aitchison,4,1,2
2022,aitchison,4,2,3
2022,aitchison,4,3,1
2022,aitchison,4,4,4
2022,alpha_0150,4,1,1
2022,alpha_0150,4,2,2
2022,alpha_0150,4,3,4
2022,alpha_0150,4,4,3
2022,greenacre_unweighted_power_0150,4,1,3
2022,greenacre_unweighted_power_0150,4,2,2
2022,greenacre_unweighted_power_0150,4,3,1
2022,greenacre_unweighted_power_0150,4,4,4
2022,euclidean,4,1,1
2022,euclidean,4,2,2
2022,euclidean,4,3,4
2022,euclidean,4,4,3
1948,greenacre_weighted_power_0175,5,1,1
1948,greenacre_weighted_power_0175,5,2,2
1948,greenacre_weighted_power_0175,5,3,3
1948,greenacre_weighted_power_0175,5,4,4
1948,greenacre_weighted_power_0175,5,5,5
1948,greenacre_weighted_lra,5,1,1
1948,greenacre_weighted_lra,5,2,5
1948,greenacre_weighted_lra,5,3,4
1948,greenacre_weighted_lra,5,4,2
1948,greenacre_weighted_lra,5,5,3
1948,aitchison,5,1,5
1948,aitchison,5,2,3
1948,aitchison,5,3,4
1948,aitchison,5,4,2
1948,aitchison,5,5,1
1948,alpha_0150,5,1,3
1948,alpha_0150,5,2,5
1948,alpha_0150,5,3,1
1948,alpha_0150,5,4,4
1948,alpha_0150,5,5,2
1948,greenacre_unweighted_power_0150,5,1,2
1948,greenacre_unweighted_power_0150,5,2,1
1948,greenacre_unweighted_power_0150,5,3,3
1948,greenacre_unweighted_power_0150,5,4,4
1948,greenacre_unweighted_power_0150,5,5,5
1948,euclidean,5,1,1
1948,euclidean,5,2,3
1948,euclidean,5,3,4
1948,euclidean,5,4,2
1948,euclidean,5,5,5
1953,greenacre_weighted_power_0175,5,1,5
1953,greenacre_weighted_power_0175,5,2,4
1953,greenacre_weighted_power_0175,5,3,2
1953,greenacre_weighted_power_0175,5,4,1
1953,greenacre_weighted_power_0175,5,5,3
1953,greenacre_weighted_lra,5,1,3
1953,greenacre_weighted_lra,5,2,4
1953,greenacre_weighted_lra,5,3,2
1953,greenacre_weighted_lra,5,4,5
1953,greenacre_weighted_lra,5,5,1
1953,aitchison,5,1,4
1953,aitchison,5,2,2
1953,aitchison,5,3,1
1953,aitchison,5,4,5
1953,aitchison,5,5,3
1953,alpha_0150,5,1,3
1953,alpha_0150,5,2,1
1953,alpha_0150,5,3,4
1953,alpha_0150,5,4,5
1953,alpha_0150,5,5,2
1953,greenacre_unweighted_power_0150,5,1,1
1953,greenacre_unweighted_power_0150,5,2,2
1953,greenacre_unweighted_power_0150,5,3,3
1953,greenacre_unweighted_power_0150,5,4,5
1953,greenacre_unweighted_power_0150,5,5,4
1953,euclidean,5,1,1
1953,euclidean,5,2,2
1953,euclidean,5,3,5
1953,euclidean,5,4,4
1953,euclidean,5,5,3
1958,greenacre_weighted_power_0175,5,1,1
1958,greenacre_weighted_power_0175,5,2,5
1958,greenacre_weighted_power_0175,5,3,4
1958,greenacre_weighted_power_0175,5,4,3
1958,greenacre_weighted_power_0175,5,5,2
1958,greenacre_weighted_lra,5,1,4
1958,greenacre_weighted_lra,5,2,3
1958,greenacre_weighted_lra,5,3,2
1958,greenacre_weighted_lra,5,4,1
1958,greenacre_weighted_lra,5,5,5
1958,aitchison,5,1,2
1958,aitchison,5,2,3
1958,aitchison,5,3,5
1958,aitchison,5,4,1
1958,aitchison,5,5,4
1958,alpha_0150,5,1,2
1958,alpha_0150,5,2,4
1958,alpha_0150,5,3,1
1958,alpha_0150,5,4,3
1958,alpha_0150,5,5,5
1958,greenacre_unweighted_power_0150,5,1,5
1958,greenacre_unweighted_power_0150,5,2,4
1958,greenacre_unweighted_power_0150,5,3,2
1958,greenacre_unweighted_power_0150,5,4,1
1958,greenacre_unweighted_power_0150,5,5,3
1958,euclidean,5,1,3
1958,euclidean,5,2,2
1958,euclidean,5,3,4
1958,euclidean,5,4,5
1958,euclidean,5,5,1
1963,greenacre_weighted_power_0175,5,1,2
1963,greenacre_weighted_power_0175,5,2,1
1963,greenacre_weighted_power_0175,5,3,5
1963,greenacre_weighted_power_0175,5,4,4
1963,greenacre_weighted_power_0175,5,5,3
1963,greenacre_weighted_lra,5,1,3
1963,greenacre_weighted_lra,5,2,4
1963,greenacre_weighted_lra,5,3,2
1963,greenacre_weighted_lra,5,4,5
1963,greenacre_weighted_lra,5,5,1
1963,aitchison,5,1,5
1963,aitchison,5,2,2
1963,aitchison,5,3,3
1963,aitchison,5,4,4
1963,aitchison,5,5,1
1963,alpha_0150,5,1,5
1963,alpha_0150,5,2,1
1963,alpha_0150,5,3,4
1963,alpha_0150,5,4,2
1963,alpha_0150,5,5,3
1963,greenacre_unweighted_power_0150,5,1,5
1963,greenacre_unweighted_power_0150,5,2,2
1963,greenacre_unweighted_power_0150,5,3,1
1963,greenacre_unweighted_power_0150,5,4,3
1963,greenacre_unweighted_power_0150,5,5,4
1963,euclidean,5,1,2
1963,euclidean,5,2,1
1963,euclidean,5,3,3
1963,euclidean,5,4,4
1963,euclidean,5,5,5
1968,greenacre_weighted_power_0175,5,1,5
1968,greenacre_weighted_power_0175,5,2,4
1968,greenacre_weighted_power_0175,5,3,1
1968,greenacre_weighted_power_0175,5,4,2
1968,greenacre_weighted_power_0175,5,5,3
1968,greenacre_weighted_lra,5,1,5
1968,greenacre_weighted_lra,5,2,1
1968,greenacre_weighted_lra,5,3,4
1968,greenacre_weighted_lra,5,4,3
1968,greenacre_weighted_lra,5,5,2
1968,aitchison,5,1,5
1968,aitchison,5,2,3
1968,aitchison,5,3,2
1968,aitchison,5,4,1
1968,aitchison,5,5,4
1968,alpha_0150,5,1,3
1968,alpha_0150,5,2,2
1968,alpha_0150,5,3,1
1968,alpha_0150,5,4,4
1968,alpha_0150,5,5,5
1968,greenacre_unweighted_power_0150,5,1,3
1968,greenacre_unweighted_power_0150,5,2,2
1968,greenacre_unweighted_power_0150,5,3,4
1968,greenacre_unweighted_power_0150,5,4,1
1968,greenacre_unweighted_power_0150,5,5,5
1968,euclidean,5,1,4
1968,euclidean,5,2,5
1968,euclidean,5,3,2
1968,euclidean,5,4,3
1968,euclidean,5,5,1
1972,greenacre_weighted_power_0175,5,1,1
1972,greenacre_weighted_power_0175,5,2,5
1972,greenacre_weighted_power_0175,5,3,2
1972,greenacre_weighted_power_0175,5,4,4
1972,greenacre_weighted_power_0175,5,5,3
1972,greenacre_weighted_lra,5,1,2
1972,greenacre_weighted_lra,5,2,5
1972,greenacre_weighted_lra,5,3,4
1972,greenacre_weighted_lra,5,4,3
1972,greenacre_weighted_lra,5,5,1
1972,aitchison,5,1,3
1972,aitchison,5,2,1
1972,aitchison,5,3,2
1972,aitchison,5,4,4
1972,aitchison,5,5,5
1972,alpha_0150,5,1,2
1972,alpha_0150,5,2,5
1972,alpha_0150,5,3,1
1972,alpha_0150,5,4,3
1972,alpha_0150,5,5,4
1972,greenacre_unweighted_power_0150,5,1,1
1972,greenacre_unweighted_power_0150,5,2,5
1972,greenacre_unweighted_power_0150,5,3,2
1972,greenacre_unweighted_power_0150,5,4,4
1972,greenacre_unweighted_power_0150,5,5,3
1972,euclidean,5,1,3
1972,euclidean,5,2,5
1972,euclidean,5,3,1
1972,euclidean,5,4,4
1972,euclidean,5,5,2
1976,greenacre_weighted_power_0175,5,1,5
1976,greenacre_weighted_power_0175,5,2,2
1976,greenacre_weighted_power_0175,5,3,1
1976,greenacre_weighted_power_0175,5,4,3
1976,greenacre_weighted_power_0175,5,5,4
1976,greenacre_weighted_lra,5,1,5
1976,greenacre_weighted_lra,5,2,4
1976,greenacre_weighted_lra,5,3,3
1976,greenacre_weighted_lra,5,4,1
1976,greenacre_weighted_lra,5,5,2
1976,aitchison,5,1,1
1976,aitchison,5,2,5
1976,aitchison,5,3,3
1976,aitchison,5,4,2
1976,aitchison,5,5,4
1976,alpha_0150,5,1,1
1976,alpha_0150,5,2,4
1976,alpha_0150,5,3,3
1976,alpha_0150,5,4,2
1976,alpha_0150,5,5,5
1976,greenacre_unweighted_power_0150,5,1,3
1976,greenacre_unweighted_power_0150,5,2,1
1976,greenacre_unweighted_power_0150,5,3,4
1976,greenacre_unweighted_power_0150,5,4,2
1976,greenacre_unweighted_power_0150,5,5,5
1976,euclidean,5,1,1
1976,euclidean,5,2,4
1976,euclidean,5,3,2
1976,euclidean,5,4,5
1976,euclidean,5,5,3
1979,greenacre_weighted_power_0175,5,1,1
1979,greenacre_weighted_power_0175,5,2,2
1979,greenacre_weighted_power_0175,5,3,4
1979,greenacre_weighted_power_0175,5,4,3
1979,greenacre_weighted_power_0175,5,5,5
1979,greenacre_weighted_lra,5,1,4
1979,greenacre_weighted_lra,5,2,2
1979,greenacre_weighted_lra,5,3,5
1979,greenacre_weighted_lra,5,4,3
1979,greenacre_weighted_lra,5,5,1
1979,aitchison,5,1,2
1979,aitchison,5,2,3
1979,aitchison,5,3,4
1979,aitchison,5,4,5
1979,aitchison,5,5,1
1979,alpha_0150,5,1,5
1979,alpha_0150,5,2,2
1979,alpha_0150,5,3,4
1979,alpha_0150,5,4,3
1979,alpha_0150,5,5,1
1979,greenacre_unweighted_power_0150,5,1,3
1979,greenacre_unweighted_power_0150,5,2,1
1979,greenacre_unweighted_power_0150,5,3,5
1979,greenacre_unweighted_power_0150,5,4,2
1979,greenacre_unweighted_power_0150,5,5,4
1979,euclidean,5,1,5
1979,euclidean,5,2,2
1979,euclidean,5,3,1
1979,euclidean,5,4,3
1979,euclidean,5,5,4
1983,greenacre_weighted_power_0175,5,1,2
1983,greenacre_weighted_power_0175,5,2,4
1983,greenacre_weighted_power_0175,5,3,1
1983,greenacre_weighted_power_0175,5,4,5
1983,greenacre_weighted_power_0175,5,5,3
1983,greenacre_weighted_lra,5,1,5
1983,greenacre_weighted_lra,5,2,1
1983,greenacre_weighted_lra,5,3,3
1983,greenacre_weighted_lra,5,4,4
1983,greenacre_weighted_lra,5,5,2
1983,aitchison,5,1,2
1983,aitchison,5,2,3
1983,aitchison,5,3,5
1983,aitchison,5,4,4
1983,aitchison,5,5,1
1983,alpha_0150,5,1,1
1983,alpha_0150,5,2,4
1983,alpha_0150,5,3,2
1983,alpha_0150,5,4,5
1983,alpha_0150,5,5,3
1983,greenacre_unweighted_power_0150,5,1,4
1983,greenacre_unweighted_power_0150,5,2,1
1983,greenacre_unweighted_power_0150,5,3,5
1983,greenacre_unweighted_power_0150,5,4,2
1983,greenacre_unweighted_power_0150,5,5,3
1983,euclidean,5,1,4
1983,euclidean,5,2,3
1983,euclidean,5,3,2
1983,euclidean,5,4,5
1983,euclidean,5,5,1
1987,greenacre_weighted_power_0175,5,1,4
1987,greenacre_weighted_power_0175,5,2,3
1987,greenacre_weighted_power_0175,5,3,1
1987,greenacre_weighted_power_0175,5,4,5
1987,greenacre_weighted_power_0175,5,5,2
1987,greenacre_weighted_lra,5,1,2
1987,greenacre_weighted_lra,5,2,1
1987,greenacre_weighted_lra,5,3,4
1987,greenacre_weighted_lra,5,4,5
1987,greenacre_weighted_lra,5,5,3
1987,aitchison,5,1,5
1987,aitchison,5,2,2
1987,aitchison,5,3,1
1987,aitchison,5,4,4
1987,aitchison,5,5,3
1987,alpha_0150,5,1,1
1987,alpha_0150,5,2,5
1987,alpha_0150,5,3,3
1987,alpha_0150,5,4,4
1987,alpha_0150,5,5,2
1987,greenacre_unweighted_power_0150,5,1,2
1987,greenacre_unweighted_power_0150,5,2,1
1987,greenacre_unweighted_power_0150,5,3,3
1987,greenacre_unweighted_power_0150,5,4,5
1987,greenacre_unweighted_power_0150,5,5,4
1987,euclidean,5,1,1
1987,euclidean,5,2,3
1987,euclidean,5,3,4
1987,euclidean,5,4,2
1987,euclidean,5,5,5
1992,greenacre_weighted_power_0175,5,1,4
1992,greenacre_weighted_power_0175,5,2,1
1992,greenacre_weighted_power_0175,5,3,3
1992,greenacre_weighted_power_0175,5,4,5
1992,greenacre_weighted_power_0175,5,5,2
1992,greenacre_weighted_lra,5,1,5
1992,greenacre_weighted_lra,5,2,2
1992,greenacre_weighted_lra,5,3,4
1992,greenacre_weighted_lra,5,4,1
1992,greenacre_weighted_lra,5,5,3
1992,aitchison,5,1,2
1992,aitchison,5,2,1
1992,aitchison,5,3,3
1992,aitchison,5,4,4
1992,aitchison,5,5,5
1992,alpha_0150,5,1,3
1992,alpha_0150,5,2,4
1992,alpha_0150,5,3,2
1992,alpha_0150,5,4,1
1992,alpha_0150,5,5,5
1992,greenacre_unweighted_power_0150,5,1,3
1992,greenacre_unweighted_power_0150,5,2,2
1992,greenacre_unweighted_power_0150,5,3,1
1992,greenacre_unweighted_power_0150,5,4,4
1992,greenacre_unweighted_power_0150,5,5,5
1992,euclidean,5,1,4
1992,euclidean,5,2,5
1992,euclidean,5,3,1
1992,euclidean,5,4,2
1992,euclidean,5,5,3
1994,greenacre_weighted_power_0175,5,1,2
1994,greenacre_weighted_power_0175,5,2,5
1994,greenacre_weighted_power_0175,5,3,3
1994,greenacre_weighted_power_0175,5,4,4
1994,greenacre_weighted_power_0175,5,5,1
1994,greenacre_weighted_lra,5,1,1
1994,greenacre_weighted_lra,5,2,3
1994,greenacre_weighted_lra,5,3,5
1994,greenacre_weighted_lra,5,4,2
1994,greenacre_weighted_lra,5,5,4
1994,aitchison,5,1,1
1994,aitchison,5,2,2
1994,aitchison,5,3,5
1994,aitchison,5,4,4
1994,aitchison,5,5,3
1994,alpha_0150,5,1,3
1994,alpha_0150,5,2,2
1994,alpha_0150,5,3,1
1994,alpha_0150,5,4,4
1994,alpha_0150,5,5,5
1994,greenacre_unweighted_power_0150,5,1,5
1994,greenacre_unweighted_power_0150,5,2,2
1994,greenacre_unweighted_power_0150,5,3,3
1994,greenacre_unweighted_power_0150,5,4,4
1994,greenacre_unweighted_power_0150,5,5,1
1994,euclidean,5,1,1
1994,euclidean,5,2,5
1994,euclidean,5,3,2
1994,euclidean,5,4,4
1994,euclidean,5,5,3
1996,greenacre_weighted_power_0175,5,1,3
1996,greenacre_weighted_power_0175,5,2,1
1996,greenacre_weighted_power_0175,5,3,5
1996,greenacre_weighted_power_0175,5,4,2
1996,greenacre_weighted_power_0175,5,5,4
1996,greenacre_weighted_lra,5,1,4
1996,greenacre_weighted_lra,5,2,3
1996,greenacre_weighted_lra,5,3,2
1996,greenacre_weighted_lra,5,4,5
1996,greenacre_weighted_lra,5,5,1
1996,aitchison,5,1,2
1996,aitchison,5,2,3
1996,aitchison,5,3,1
1996,aitchison,5,4,5
1996,aitchison,5,5,4
1996,alpha_0150,5,1,4
1996,alpha_0150,5,2,3
1996,alpha_0150,5,3,1
1996,alpha_0150,5,4,2
1996,alpha_0150,5,5,5
1996,greenacre_unweighted_power_0150,5,1,4
1996,greenacre_unweighted_power_0150,5,2,2
1996,greenacre_unweighted_power_0150,5,3,3
1996,greenacre_unweighted_power_0150,5,4,5
1996,greenacre_unweighted_power_0150,5,5,1
1996,euclidean,5,1,4
1996,euclidean,5,2,3
1996,euclidean,5,3,1
1996,euclidean,5,4,5
1996,euclidean,5,5,2
2001,greenacre_weighted_power_0175,5,1,3
2001,greenacre_weighted_power_0175,5,2,2
2001,greenacre_weighted_power_0175,5,3,5
2001,greenacre_weighted_power_0175,5,4,4
2001,greenacre_weighted_power_0175,5,5,1
2001,greenacre_weighted_lra,5,1,3
2001,greenacre_weighted_lra,5,2,2
2001,greenacre_weighted_lra,5,3,5
2001,greenacre_weighted_lra,5,4,1
2001,greenacre_weighted_lra,5,5,4
2001,aitchison,5,1,1
2001,aitchison,5,2,5
2001,aitchison,5,3,2
2001,aitchison,5,4,4
2001,aitchison,5,5,3
2001,alpha_0150,5,1,4
2001,alpha_0150,5,2,3
2001,alpha_0150,5,3,5
2001,alpha_0150,5,4,2
2001,alpha_0150,5,5,1
2001,greenacre_unweighted_power_0150,5,1,5
2001,greenacre_unweighted_power_0150,5,2,4
2001,greenacre_unweighted_power_0150,5,3,1
2001,greenacre_unweighted_power_0150,5,4,3
2001,greenacre_unweighted_power_0150,5,5,2
2001,euclidean,5,1,5
2001,euclidean,5,2,3
2001,euclidean,5,3,1
2001,euclidean,5,4,2
2001,euclidean,5,5,4
2006,greenacre_weighted_power_0175,5,1,1
2006,greenacre_weighted_power_0175,5,2,4
2006,greenacre_weighted_power_0175,5,3,3
2006,greenacre_weighted_power_0175,5,4,2
2006,greenacre_weighted_power_0175,5,5,5
2006,greenacre_weighted_lra,5,1,5
2006,greenacre_weighted_lra,5,2,3
2006,greenacre_weighted_lra,5,3,2
2006,greenacre_weighted_lra,5,4,1
2006,greenacre_weighted_lra,5,5,4
2006,aitchison,5,1,2
2006,aitchison,5,2,5
2006,aitchison,5,3,1
2006,aitchison,5,4,4
2006,aitchison,5,5,3
2006,alpha_0150,5,1,1
2006,alpha_0150,5,2,2
2006,alpha_0150,5,3,3
2006,alpha_0150,5,4,4
2006,alpha_0150,5,5,5
2006,greenacre_unweighted_power_0150,5,1,2
2006,greenacre_unweighted_power_0150,5,2,4
2006,greenacre_unweighted_power_0150,5,3,3
2006,greenacre_unweighted_power_0150,5,4,1
2006,greenacre_unweighted_power_0150,5,5,5
2006,euclidean,5,1,3
2006,euclidean,5,2,1
2006,euclidean,5,3,4
2006,euclidean,5,4,5
2006,euclidean,5,5,2
2008,greenacre_weighted_power_0175,5,1,4
2008,greenacre_weighted_power_0175,5,2,3
2008,greenacre_weighted_power_0175,5,3,2
2008,greenacre_weighted_power_0175,5,4,1
2008,greenacre_weighted_power_0175,5,5,5
2008,greenacre_weighted_lra,5,1,3
2008,greenacre_weighted_lra,5,2,5
2008,greenacre_weighted_lra,5,3,4
2008,greenacre_weighted_lra,5,4,2
2008,greenacre_weighted_lra,5,5,1
2008,aitchison,5,1,2
2008,aitchison,5,2,3
2008,aitchison,5,3,1
2008,aitchison,5,4,5
2008,aitchison,5,5,4
2008,alpha_0150,5,1,4
2008,alpha_0150,5,2,5
2008,alpha_0150,5,3,3
2008,alpha_0150,5,4,1
2008,alpha_0150,5,5,2
2008,greenacre_unweighted_power_0150,5,1,5
2008,greenacre_unweighted_power_0150,5,2,3
2008,greenacre_unweighted_power_0150,5,3,4
2008,greenacre_unweighted_power_0150,5,4,2
2008,greenacre_unweighted_power_0150,5,5,1
2008,euclidean,5,1,5
2008,euclidean,5,2,2
2008,euclidean,5,3,3
2008,euclidean,5,4,4
2008,euclidean,5,5,1
2013,greenacre_weighted_power_0175,5,1,3
2013,greenacre_weighted_power_0175,5,2,1
2013,greenacre_weighted_power_0175,5,3,5
2013,greenacre_weighted_power_0175,5,4,2
2013,greenacre_weighted_power_0175,5,5,4
2013,greenacre_weighted_lra,5,1,4
2013,greenacre_weighted_lra,5,2,1
2013,greenacre_weighted_lra,5,3,2
2013,greenacre_weighted_lra,5,4,3
2013,greenacre_weighted_lra,5,5,5
2013,aitchison,5,1,1
2013,aitchison,5,2,2
2013,aitchison,5,3,3
2013,aitchison,5,4,4
2013,aitchison,5,5,5
2013,alpha_0150,5,1,3
2013,alpha_0150,5,2,5
2013,alpha_0150,5,3,4
2013,alpha_0150,5,4,1
2013,alpha_0150,5,5,2
2013,greenacre_unweighted_power_0150,5,1,2
2013,greenacre_unweighted_power_0150,5,2,1
2013,greenacre_unweighted_power_0150,5,3,3
2013,greenacre_unweighted_power_0150,5,4,4
2013,greenacre_unweighted_power_0150,5,5,5
2013,euclidean,5,1,5
2013,euclidean,5,2,3
2013,euclidean,5,3,2
2013,euclidean,5,4,4
2013,euclidean,5,5,1
2018,greenacre_weighted_power_0175,5,1,5
2018,greenacre_weighted_power_0175,5,2,2
2018,greenacre_weighted_power_0175,5,3,3
2018,greenacre_weighted_power_0175,5,4,4
2018,greenacre_weighted_power_0175,5,5,1
2018,greenacre_weighted_lra,5,1,1
2018,greenacre_weighted_lra,5,2,4
2018,greenacre_weighted_lra,5,3,2
2018,greenacre_weighted_lra,5,4,5
2018,greenacre_weighted_lra,5,5,3
2018,aitchison,5,1,5
2018,aitchison,5,2,4
2018,aitchison,5,3,1
2018,aitchison,5,4,2
2018,aitchison,5,5,3
2018,alpha_0150,5,1,3
2018,alpha_0150,5,2,5
2018,alpha_0150,5,3,2
2018,alpha_0150,5,4,4
2018,alpha_0150,5,5,1
2018,greenacre_unweighted_power_0150,5,1,3
2018,greenacre_unweighted_power_0150,5,2,1
2018,greenacre_unweighted_power_0150,5,3,4
2018,greenacre_unweighted_power_0150,5,4,2
2018,greenacre_unweighted_power_0150,5,5,5
2018,euclidean,5,1,3
2018,euclidean,5,2,4
2018,euclidean,5,3,1
2018,euclidean,5,4,2
2018,euclidean,5,5,5
2022,greenacre_weighted_power_0175,5,1,3
2022,greenacre_weighted_power_0175,5,2,4
2022,greenacre_weighted_power_0175,5,3,1
2022,greenacre_weighted_power_0175,5,4,5
2022,greenacre_weighted_power_0175,5,5,2
2022,greenacre_weighted_lra,5,1,1
2022,greenacre_weighted_lra,5,2,3
2022,greenacre_weighted_lra,5,3,4
2022,greenacre_weighted_lra,5,4,5
2022,greenacre_weighted_lra,5,5,2
2022,aitchison,5,1,1
2022,aitchison,5,2,3
2022,aitchison,5,3,4
2022,aitchison,5,4,5
2022,aitchison,5,5,2
2022,alpha_0150,5,1,4
2022,alpha_0150,5,2,1
2022,alpha_0150,5,3,5
2022,alpha_0150,5,4,3
2022,alpha_0150,5,5,2
2022,greenacre_unweighted_power_0150,5,1,2
2022,greenacre_unweighted_power_0150,5,2,1
2022,greenacre_unweighted_power_0150,5,3,3
2022,greenacre_unweighted_power_0150,5,4,4
2022,greenacre_unweighted_power_0150,5,5,5
2022,euclidean,5,1,5
2022,euclidean,5,2,4
2022,euclidean,5,3,2
2022,euclidean,5,4,3
2022,euclidean,5,5,1
1948,greenacre_weighted_power_0175,6,1,1
1948,greenacre_weighted_power_0175,6,2,2
1948,greenacre_weighted_power_0175,6,3,3
1948,greenacre_weighted_power_0175,6,4,4
1948,greenacre_weighted_power_0175,6,5,5
1948,greenacre_weighted_power_0175,6,6,6
1948,greenacre_weighted_lra,6,1,5
1948,greenacre_weighted_lra,6,2,6
1948,greenacre_weighted_lra,6,3,1
1948,greenacre_weighted_lra,6,4,2
1948,greenacre_weighted_lra,6,5,3
1948,greenacre_weighted_lra,6,6,4
1948,aitchison,6,1,6
1948,aitchison,6,2,3
1948,aitchison,6,3,1
1948,aitchison,6,4,4
1948,aitchison,6,5,5
1948,aitchison,6,6,2
1948,alpha_0150,6,1,5
1948,alpha_0150,6,2,1
1948,alpha_0150,6,3,4
1948,alpha_0150,6,4,3
1948,alpha_0150,6,5,2
1948,alpha_0150,6,6,6
1948,greenacre_unweighted_power_0150,6,1,4
1948,greenacre_unweighted_power_0150,6,2,1
1948,greenacre_unweighted_power_0150,6,3,2
1948,greenacre_unweighted_power_0150,6,4,6
1948,greenacre_unweighted_power_0150,6,5,5
1948,greenacre_unweighted_power_0150,6,6,3
1948,euclidean,6,1,1
1948,euclidean,6,2,5
1948,euclidean,6,3,6
1948,euclidean,6,4,2
1948,euclidean,6,5,4
1948,euclidean,6,6,3
1953,greenacre_weighted_power_0175,6,1,3
1953,greenacre_weighted_power_0175,6,2,6
1953,greenacre_weighted_power_0175,6,3,4
1953,greenacre_weighted_power_0175,6,4,5
1953,greenacre_weighted_power_0175,6,5,2
1953,greenacre_weighted_power_0175,6,6,1
1953,greenacre_weighted_lra,6,1,4
1953,greenacre_weighted_lra,6,2,6
1953,greenacre_weighted_lra,6,3,2
1953,greenacre_weighted_lra,6,4,3
1953,greenacre_weighted_lra,6,5,1
1953,greenacre_weighted_lra,6,6,5
1953,aitchison,6,1,1
1953,aitchison,6,2,6
1953,aitchison,6,3,2
1953,aitchison,6,4,5
1953,aitchison,6,5,4
1953,aitchison,6,6,3
1953,alpha_0150,6,1,6
1953,alpha_0150,6,2,4
1953,alpha_0150,6,3,5
1953,alpha_0150,6,4,2
1953,alpha_0150,6,5,3
1953,alpha_0150,6,6,1
1953,greenacre_unweighted_power_0150,6,1,6
1953,greenacre_unweighted_power_0150,6,2,3
1953,greenacre_unweighted_power_0150,6,3,4
1953,greenacre_unweighted_power_0150,6,4,1
1953,greenacre_unweighted_power_0150,6,5,5
1953,greenacre_unweighted_power_0150,6,6,2
1953,euclidean,6,1,6
1953,euclidean,6,2,5
1953,euclidean,6,3,2
1953,euclidean,6,4,4
1953,euclidean,6,5,3
1953,euclidean,6,6,1
1958,greenacre_weighted_power_0175,6,1,3
1958,greenacre_weighted_power_0175,6,2,5
1958,greenacre_weighted_power_0175,6,3,6
1958,greenacre_weighted_power_0175,6,4,1
1958,greenacre_weighted_power_0175,6,5,2
1958,greenacre_weighted_power_0175,6,6,4
1958,greenacre_weighted_lra,6,1,6
1958,greenacre_weighted_lra,6,2,1
1958,greenacre_weighted_lra,6,3,3
1958,greenacre_weighted_lra,6,4,4
1958,greenacre_weighted_lra,6,5,2
1958,greenacre_weighted_lra,6,6,5
1958,aitchison,6,1,6
1958,aitchison,6,2,5
1958,aitchison,6,3,4
1958,aitchison,6,4,2
1958,aitchison,6,5,1
1958,aitchison,6,6,3
1958,alpha_0150,6,1,2
1958,alpha_0150,6,2,6
1958,alpha_0150,6,3,4
1958,alpha_0150,6,4,5
1958,alpha_0150,6,5,3
1958,alpha_0150,6,6,1
1958,greenacre_unweighted_power_0150,6,1,4
1958,greenacre_unweighted_power_0150,6,2,3
1958,greenacre_unweighted_power_0150,6,3,6
1958,greenacre_unweighted_power_0150,6,4,5
1958,greenacre_unweighted_power_0150,6,5,1
1958,greenacre_unweighted_power_0150,6,6,2
1958,euclidean,6,1,6
1958,euclidean,6,2,2
1958,euclidean,6,3,3
1958,euclidean,6,4,5
1958,euclidean,6,5,4
1958,euclidean,6,6,1
1963,greenacre_weighted_power_0175,6,1,1
1963,greenacre_weighted_power_0175,6,2,4
1963,greenacre_weighted_power_0175,6,3,2
1963,greenacre_weighted_power_0175,6,4,5
1963,greenacre_weighted_power_0175,6,5,6
1963,greenacre_weighted_power_0175,6,6,3
1963,greenacre_weighted_lra,6,1,3
1963,greenacre_weighted_lra,6,2,1
1963,greenacre_weighted_lra,6,3,4
1963,greenacre_weighted_lra,6,4,6
1963,greenacre_weighted_lra,6,5,5
1963,greenacre_weighted_lra,6,6,2
1963,aitchison,6,1,1
1963,aitchison,6,2,5
1963,aitchison,6,3,3
1963,aitchison,6,4,4
1963,aitchison,6,5,2
1963,aitchison,6,6,6
1963,alpha_0150,6,1,3
1963,alpha_0150,6,2,1
1963,alpha_0150,6,3,6
1963,alpha_0150,6,4,4
1963,alpha_0150,6,5,2
1963,alpha_0150,6,6,5
1963,greenacre_unweighted_power_0150,6,1,5
1963,greenacre_unweighted_power_0150,6,2,2
1963,greenacre_unweighted_power_0150,6,3,6
1963,greenacre_unweighted_power_0150,6,4,1
1963,greenacre_unweighted_power_0150,6,5,4
1963,greenacre_unweighted_power_0150,6,6,3
1963,euclidean,6,1,6
1963,euclidean,6,2,5
1963,euclidean,6,3,1
1963,euclidean,6,4,2
1963,euclidean,6,5,4
1963,euclidean,6,6,3
1968,greenacre_weighted_power_0175,6,1,3
1968,greenacre_weighted_power_0175,6,2,1
1968,greenacre_weighted_power_0175,6,3,5
1968,greenacre_weighted_power_0175,6,4,6
1968,greenacre_weighted_power_0175,6,5,4
1968,greenacre_weighted_power_0175,6,6,2
1968,greenacre_weighted_lra,6,1,5
1968,greenacre_weighted_lra,6,2,3
1968,greenacre_weighted_lra,6,3,2
1968,greenacre_weighted_lra,6,4,6
1968,greenacre_weighted_lra,6,5,1
1968,greenacre_weighted_lra,6,6,4
1968,aitchison,6,1,2
1968,aitchison,6,2,3
1968,aitchison,6,3,4
1968,aitchison,6,4,1
1968,aitchison,6,5,6
1968,aitchison,6,6,5
1968,alpha_0150,6,1,4
1968,alpha_0150,6,2,6
1968,alpha_0150,6,3,5
1968,alpha_0150,6,4,2
1968,alpha_0150,6,5,3
1968,alpha_0150,6,6,1
1968,greenacre_unweighted_power_0150,6,1,6
1968,greenacre_unweighted_power_0150,6,2,3
1968,greenacre_unweighted_power_0150,6,3,2
1968,greenacre_unweighted_power_0150,6,4,1
1968,greenacre_unweighted_power_0150,6,5,4
1968,greenacre_unweighted_power_0150,6,6,5
1968,euclidean,6,1,3
1968,euclidean,6,2,1
1968,euclidean,6,3,4
1968,euclidean,6,4,2
1968,euclidean,6,5,6
1968,euclidean,6,6,5
1972,greenacre_weighted_power_0175,6,1,2
1972,greenacre_weighted_power_0175,6,2,5
1972,greenacre_weighted_power_0175,6,3,3
1972,greenacre_weighted_power_0175,6,4,4
1972,greenacre_weighted_power_0175,6,5,6
1972,greenacre_weighted_power_0175,6,6,1
1972,greenacre_weighted_lra,6,1,4
1972,greenacre_weighted_lra,6,2,3
1972,greenacre_weighted_lra,6,3,6
1972,greenacre_weighted_lra,6,4,5
1972,greenacre_weighted_lra,6,5,2
1972,greenacre_weighted_lra,6,6,1
1972,aitchison,6,1,4
1972,aitchison,6,2,1
1972,aitchison,6,3,2
1972,aitchison,6,4,3
1972,aitchison,6,5,5
1972,aitchison,6,6,6
1972,alpha_0150,6,1,6
1972,alpha_0150,6,2,1
1972,alpha_0150,6,3,2
1972,alpha_0150,6,4,5
1972,alpha_0150,6,5,4
1972,alpha_0150,6,6,3
1972,greenacre_unweighted_power_0150,6,1,4
1972,greenacre_unweighted_power_0150,6,2,1
1972,greenacre_unweighted_power_0150,6,3,3
1972,greenacre_unweighted_power_0150,6,4,2
1972,greenacre_unweighted_power_0150,6,5,6
1972,greenacre_unweighted_power_0150,6,6,5
1972,euclidean,6,1,6
1972,euclidean,6,2,5
1972,euclidean,6,3,2
1972,euclidean,6,4,1
1972,euclidean,6,5,3
1972,euclidean,6,6,4
1976,greenacre_weighted_power_0175,6,1,4
1976,greenacre_weighted_power_0175,6,2,2
1976,greenacre_weighted_power_0175,6,3,5
1976,greenacre_weighted_power_0175,6,4,1
1976,greenacre_weighted_power_0175,6,5,6
1976,greenacre_weighted_power_0175,6,6,3
1976,greenacre_weighted_lra,6,1,2
1976,greenacre_weighted_lra,6,2,4
1976,greenacre_weighted_lra,6,3,6
1976,greenacre_weighted_lra,6,4,1
1976,greenacre_weighted_lra,6,5,3
1976,greenacre_weighted_lra,6,6,5
1976,aitchison,6,1,6
1976,aitchison,6,2,4
1976,aitchison,6,3,3
1976,aitchison,6,4,2
1976,aitchison,6,5,5
1976,aitchison,6,6,1
1976,alpha_0150,6,1,6
1976,alpha_0150,6,2,4
1976,alpha_0150,6,3,5
1976,alpha_0150,6,4,1
1976,alpha_0150,6,5,3
1976,alpha_0150,6,6,2
1976,greenacre_unweighted_power_0150,6,1,5
1976,greenacre_unweighted_power_0150,6,2,2
1976,greenacre_unweighted_power_0150,6,3,4
1976,greenacre_unweighted_power_0150,6,4,3
1976,greenacre_unweighted_power_0150,6,5,6
1976,greenacre_unweighted_power_0150,6,6,1
1976,euclidean,6,1,5
1976,euclidean,6,2,4
1976,euclidean,6,3,2
1976,euclidean,6,4,1
1976,euclidean,6,5,3
1976,euclidean,6,6,6
1979,greenacre_weighted_power_0175,6,1,1
1979,greenacre_weighted_power_0175,6,2,3
1979,greenacre_weighted_power_0175,6,3,2
1979,greenacre_weighted_power_0175,6,4,6
1979,greenacre_weighted_power_0175,6,5,5
1979,greenacre_weighted_power_0175,6,6,4
1979,greenacre_weighted_lra,6,1,5
1979,greenacre_weighted_lra,6,2,6
1979,greenacre_weighted_lra,6,3,1
1979,greenacre_weighted_lra,6,4,3
1979,greenacre_weighted_lra,6,5,2
1979,greenacre_weighted_lra,6,6,4
1979,aitchison,6,1,6
1979,aitchison,6,2,5
1979,aitchison,6,3,3
1979,aitchison,6,4,4
1979,aitchison,6,5,1
1979,aitchison,6,6,2
1979,alpha_0150,6,1,6
1979,alpha_0150,6,2,5
1979,alpha_0150,6,3,3
1979,alpha_0150,6,4,1
1979,alpha_0150,6,5,2
1979,alpha_0150,6,6,4
1979,greenacre_unweighted_power_0150,6,1,3
1979,greenacre_unweighted_power_0150,6,2,4
1979,greenacre_unweighted_power_0150,6,3,5
1979,greenacre_unweighted_power_0150,6,4,1
1979,greenacre_unweighted_power_0150,6,5,6
1979,greenacre_unweighted_power_0150,6,6,2
1979,euclidean,6,1,3
1979,euclidean,6,2,2
1979,euclidean,6,3,4
1979,euclidean,6,4,6
1979,euclidean,6,5,1
1979,euclidean,6,6,5
1983,greenacre_weighted_power_0175,6,1,6
1983,greenacre_weighted_power_0175,6,2,3
1983,greenacre_weighted_power_0175,6,3,1
1983,greenacre_weighted_power_0175,6,4,5
1983,greenacre_weighted_power_0175,6,5,2
1983,greenacre_weighted_power_0175,6,6,4
1983,greenacre_weighted_lra,6,1,6
1983,greenacre_weighted_lra,6,2,2
1983,greenacre_weighted_lra,6,3,4
1983,greenacre_weighted_lra,6,4,1
1983,greenacre_weighted_lra,6,5,5
1983,greenacre_weighted_lra,6,6,3
1983,aitchison,6,1,6
1983,aitchison,6,2,2
1983,aitchison,6,3,1
1983,aitchison,6,4,5
1983,aitchison,6,5,3
1983,aitchison,6,6,4
1983,alpha_0150,6,1,5
1983,alpha_0150,6,2,2
1983,alpha_0150,6,3,3
1983,alpha_0150,6,4,1
1983,alpha_0150,6,5,6
1983,alpha_0150,6,6,4
1983,greenacre_unweighted_power_0150,6,1,6
1983,greenacre_unweighted_power_0150,6,2,2
1983,greenacre_unweighted_power_0150,6,3,5
1983,greenacre_unweighted_power_0150,6,4,4
1983,greenacre_unweighted_power_0150,6,5,3
1983,greenacre_unweighted_power_0150,6,6,1
1983,euclidean,6,1,4
1983,euclidean,6,2,1
1983,euclidean,6,3,6
1983,euclidean,6,4,3
1983,euclidean,6,5,5
1983,euclidean,6,6,2
1987,greenacre_weighted_power_0175,6,1,3
1987,greenacre_weighted_power_0175,6,2,6
1987,greenacre_weighted_power_0175,6,3,5
1987,greenacre_weighted_power_0175,6,4,1
1987,greenacre_weighted_power_0175,6,5,2
1987,greenacre_weighted_power_0175,6,6,4
1987,greenacre_weighted_lra,6,1,4
1987,greenacre_weighted_lra,6,2,1
1987,greenacre_weighted_lra,6,3,6
1987,greenacre_weighted_lra,6,4,3
1987,greenacre_weighted_lra,6,5,2
1987,greenacre_weighted_lra,6,6,5
1987,aitchison,6,1,1
1987,aitchison,6,2,3
1987,aitchison,6,3,4
1987,aitchison,6,4,2
1987,aitchison,6,5,6
1987,aitchison,6,6,5
1987,alpha_0150,6,1,1
1987,alpha_0150,6,2,5
1987,alpha_0150,6,3,6
1987,alpha_0150,6,4,4
1987,alpha_0150,6,5,2
1987,alpha_0150,6,6,3
1987,greenacre_unweighted_power_0150,6,1,1
1987,greenacre_unweighted_power_0150,6,2,4
1987,greenacre_unweighted_power_0150,6,3,2
1987,greenacre_unweighted_power_0150,6,4,6
1987,greenacre_unweighted_power_0150,6,5,3
1987,greenacre_unweighted_power_0150,6,6,5
1987,euclidean,6,1,6
1987,euclidean,6,2,4
1987,euclidean,6,3,5
1987,euclidean,6,4,1
1987,euclidean,6,5,3
1987,euclidean,6,6,2
1992,greenacre_weighted_power_0175,6,1,6
1992,greenacre_weighted_power_0175,6,2,3
1992,greenacre_weighted_power_0175,6,3,5
1992,greenacre_weighted_power_0175,6,4,1
1992,greenacre_weighted_power_0175,6,5,2
1992,greenacre_weighted_power_0175,6,6,4
1992,greenacre_weighted_lra,6,1,2
1992,greenacre_weighted_lra,6,2,3
1992,greenacre_weighted_lra,6,3,4
1992,greenacre_weighted_lra,6,4,1
1992,greenacre_weighted_lra,6,5,5
1992,greenacre_weighted_lra,6,6,6
1992,aitchison,6,1,3
1992,aitchison,6,2,5
1992,aitchison,6,3,2
1992,aitchison,6,4,1
1992,aitchison,6,5,6
1992,aitchison,6,6,4
1992,alpha_0150,6,1,6
1992,alpha_0150,6,2,4
1992,alpha_0150,6,3,2
1992,alpha_0150,6,4,5
1992,alpha_0150,6,5,3
1992,alpha_0150,6,6,1
1992,greenacre_unweighted_power_0150,6,1,4
1992,greenacre_unweighted_power_0150,6,2,6
1992,greenacre_unweighted_power_0150,6,3,2
1992,greenacre_unweighted_power_0150,6,4,1
1992,greenacre_unweighted_power_0150,6,5,3
1992,greenacre_unweighted_power_0150,6,6,5
1992,euclidean,6,1,2
1992,euclidean,6,2,4
1992,euclidean,6,3,1
1992,euclidean,6,4,3
1992,euclidean,6,5,6
1992,euclidean,6,6,5
1994,greenacre_weighted_power_0175,6,1,5
1994,greenacre_weighted_power_0175,6,2,3
1994,greenacre_weighted_power_0175,6,3,6
1994,greenacre_weighted_power_0175,6,4,4
1994,greenacre_weighted_power_0175,6,5,1
1994,greenacre_weighted_power_0175,6,6,2
1994,greenacre_weighted_lra,6,1,2
1994,greenacre_weighted_lra,6,2,6
1994,greenacre_weighted_lra,6,3,3
1994,greenacre_weighted_lra,6,4,4
1994,greenacre_weighted_lra,6,5,5
1994,greenacre_weighted_lra,6,6,1
1994,aitchison,6,1,3
1994,aitchison,6,2,4
1994,aitchison,6,3,5
1994,aitchison,6,4,6
1994,aitchison,6,5,2
1994,aitchison,6,6,1
1994,alpha_0150,6,1,4
1994,alpha_0150,6,2,1
1994,alpha_0150,6,3,2
1994,alpha_0150,6,4,6
1994,alpha_0150,6,5,3
1994,alpha_0150,6,6,5
1994,greenacre_unweighted_power_0150,6,1,4
1994,greenacre_unweighted_power_0150,6,2,6
1994,greenacre_unweighted_power_0150,6,3,1
1994,greenacre_unweighted_power_0150,6,4,2
1994,greenacre_unweighted_power_0150,6,5,5
1994,greenacre_unweighted_power_0150,6,6,3
1994,euclidean,6,1,6
1994,euclidean,6,2,3
1994,euclidean,6,3,5
1994,euclidean,6,4,4
1994,euclidean,6,5,1
1994,euclidean,6,6,2
1996,greenacre_weighted_power_0175,6,1,5
1996,greenacre_weighted_power_0175,6,2,6
1996,greenacre_weighted_power_0175,6,3,2
1996,greenacre_weighted_power_0175,6,4,4
1996,greenacre_weighted_power_0175,6,5,1
1996,greenacre_weighted_power_0175,6,6,3
1996,greenacre_weighted_lra,6,1,4
1996,greenacre_weighted_lra,6,2,3
1996,greenacre_weighted_lra,6,3,1
1996,greenacre_weighted_lra,6,4,2
1996,greenacre_weighted_lra,6,5,5
1996,greenacre_weighted_lra,6,6,6
1996,aitchison,6,1,6
1996,aitchison,6,2,1
1996,aitchison,6,3,2
1996,aitchison,6,4,4
1996,aitchison,6,5,5
1996,aitchison,6,6,3
1996,alpha_0150,6,1,2
1996,alpha_0150,6,2,1
1996,alpha_0150,6,3,3
1996,alpha_0150,6,4,4
1996,alpha_0150,6,5,6
1996,alpha_0150,6,6,5
1996,greenacre_unweighted_power_0150,6,1,6
1996,greenacre_unweighted_power_0150,6,2,1
1996,greenacre_unweighted_power_0150,6,3,3
1996,greenacre_unweighted_power_0150,6,4,5
1996,greenacre_unweighted_power_0150,6,5,4
1996,greenacre_unweighted_power_0150,6,6,2
1996,euclidean,6,1,4
1996,euclidean,6,2,1
1996,euclidean,6,3,6
1996,euclidean,6,4,5
1996,euclidean,6,5,3
1996,euclidean,6,6,2
2001,greenacre_weighted_power_0175,6,1,5
2001,greenacre_weighted_power_0175,6,2,1
2001,greenacre_weighted_power_0175,6,3,6
2001,greenacre_weighted_power_0175,6,4,4
2001,greenacre_weighted_power_0175,6,5,3
2001,greenacre_weighted_power_0175,6,6,2
2001,greenacre_weighted_lra,6,1,4
2001,greenacre_weighted_lra,6,2,3
2001,greenacre_weighted_lra,6,3,5
2001,greenacre_weighted_lra,6,4,6
2001,greenacre_weighted_lra,6,5,1
2001,greenacre_weighted_lra,6,6,2
2001,aitchison,6,1,2
2001,aitchison,6,2,1
2001,aitchison,6,3,6
2001,aitchison,6,4,5
2001,aitchison,6,5,4
2001,aitchison,6,6,3
2001,alpha_0150,6,1,4
2001,alpha_0150,6,2,6
2001,alpha_0150,6,3,5
2001,alpha_0150,6,4,2
2001,alpha_0150,6,5,1
2001,alpha_0150,6,6,3
2001,greenacre_unweighted_power_0150,6,1,2
2001,greenacre_unweighted_power_0150,6,2,3
2001,greenacre_unweighted_power_0150,6,3,4
2001,greenacre_unweighted_power_0150,6,4,5
2001,greenacre_unweighted_power_0150,6,5,6
2001,greenacre_unweighted_power_0150,6,6,1
2001,euclidean,6,1,1
2001,euclidean,6,2,2
2001,euclidean,6,3,4
2001,euclidean,6,4,6
2001,euclidean,6,5,5
2001,euclidean,6,6,3
2006,greenacre_weighted_power_0175,6,1,4
2006,greenacre_weighted_power_0175,6,2,6
2006,greenacre_weighted_power_0175,6,3,5
2006,greenacre_weighted_power_0175,6,4,3
2006,greenacre_weighted_power_0175,6,5,2
2006,greenacre_weighted_power_0175,6,6,1
2006,greenacre_weighted_lra,6,1,5
2006,greenacre_weighted_lra,6,2,2
2006,greenacre_weighted_lra,6,3,4
2006,greenacre_weighted_lra,6,4,3
2006,greenacre_weighted_lra,6,5,6
2006,greenacre_weighted_lra,6,6,1
2006,aitchison,6,1,6
2006,aitchison,6,2,2
2006,aitchison,6,3,3
2006,aitchison,6,4,1
2006,aitchison,6,5,5
2006,aitchison,6,6,4
2006,alpha_0150,6,1,5
2006,alpha_0150,6,2,1
2006,alpha_0150,6,3,6
2006,alpha_0150,6,4,3
2006,alpha_0150,6,5,4
2006,alpha_0150,6,6,2
2006,greenacre_unweighted_power_0150,6,1,3
2006,greenacre_unweighted_power_0150,6,2,4
2006,greenacre_unweighted_power_0150,6,3,2
2006,greenacre_unweighted_power_0150,6,4,1
2006,greenacre_unweighted_power_0150,6,5,5
2006,greenacre_unweighted_power_0150,6,6,6
2006,euclidean,6,1,4
2006,euclidean,6,2,2
2006,euclidean,6,3,3
2006,euclidean,6,4,6
2006,euclidean,6,5,1
2006,euclidean,6,6,5
2008,greenacre_weighted_power_0175,6,1,5
2008,greenacre_weighted_power_0175,6,2,3
2008,greenacre_weighted_power_0175,6,3,2
2008,greenacre_weighted_power_0175,6,4,6
2008,greenacre_weighted_power_0175,6,5,1
2008,greenacre_weighted_power_0175,6,6,4
2008,greenacre_weighted_lra,6,1,2
2008,greenacre_weighted_lra,6,2,6
2008,greenacre_weighted_lra,6,3,4
2008,greenacre_weighted_lra,6,4,3
2008,greenacre_weighted_lra,6,5,1
2008,greenacre_weighted_lra,6,6,5
2008,aitchison,6,1,4
2008,aitchison,6,2,3
2008,aitchison,6,3,5
2008,aitchison,6,4,6
2008,aitchison,6,5,2
2008,aitchison,6,6,1
2008,alpha_0150,6,1,3
2008,alpha_0150,6,2,6
2008,alpha_0150,6,3,2
2008,alpha_0150,6,4,1
2008,alpha_0150,6,5,4
2008,alpha_0150,6,6,5
2008,greenacre_unweighted_power_0150,6,1,1
2008,greenacre_unweighted_power_0150,6,2,5
2008,greenacre_unweighted_power_0150,6,3,6
2008,greenacre_unweighted_power_0150,6,4,2
2008,greenacre_unweighted_power_0150,6,5,4
2008,greenacre_unweighted_power_0150,6,6,3
2008,euclidean,6,1,3
2008,euclidean,6,2,6
2008,euclidean,6,3,2
2008,euclidean,6,4,4
2008,euclidean,6,5,5
2008,euclidean,6,6,1
2013,greenacre_weighted_power_0175,6,1,6
2013,greenacre_weighted_power_0175,6,2,1
2013,greenacre_weighted_power_0175,6,3,4
2013,greenacre_weighted_power_0175,6,4,5
2013,greenacre_weighted_power_0175,6,5,2
2013,greenacre_weighted_power_0175,6,6,3
2013,greenacre_weighted_lra,6,1,4
2013,greenacre_weighted_lra,6,2,6
2013,greenacre_weighted_lra,6,3,2
2013,greenacre_weighted_lra,6,4,3
2013,greenacre_weighted_lra,6,5,1
2013,greenacre_weighted_lra,6,6,5
2013,aitchison,6,1,2
2013,aitchison,6,2,5
2013,aitchison,6,3,1
2013,aitchison,6,4,3
2013,aitchison,6,5,6
2013,aitchison,6,6,4
2013,alpha_0150,6,1,6
2013,alpha_0150,6,2,5
2013,alpha_0150,6,3,2
2013,alpha_0150,6,4,1
2013,alpha_0150,6,5,4
2013,alpha_0150,6,6,3
2013,greenacre_unweighted_power_0150,6,1,3
2013,greenacre_unweighted_power_0150,6,2,4
2013,greenacre_unweighted_power_0150,6,3,1
2013,greenacre_unweighted_power_0150,6,4,2
2013,greenacre_unweighted_power_0150,6,5,5
2013,greenacre_unweighted_power_0150,6,6,6
2013,euclidean,6,1,4
2013,euclidean,6,2,6
2013,euclidean,6,3,3
2013,euclidean,6,4,1
2013,euclidean,6,5,2
2013,euclidean,6,6,5
2018,greenacre_weighted_power_0175,6,1,2
2018,greenacre_weighted_power_0175,6,2,6
2018,greenacre_weighted_power_0175,6,3,3
2018,greenacre_weighted_power_0175,6,4,5
2018,greenacre_weighted_power_0175,6,5,1
2018,greenacre_weighted_power_0175,6,6,4
2018,greenacre_weighted_lra,6,1,5
2018,greenacre_weighted_lra,6,2,1
2018,greenacre_weighted_lra,6,3,6
2018,greenacre_weighted_lra,6,4,2
2018,greenacre_weighted_lra,6,5,4
2018,greenacre_weighted_lra,6,6,3
2018,aitchison,6,1,1
2018,aitchison,6,2,2
2018,aitchison,6,3,6
2018,aitchison,6,4,5
2018,aitchison,6,5,3
2018,aitchison,6,6,4
2018,alpha_0150,6,1,1
2018,alpha_0150,6,2,5
2018,alpha_0150,6,3,2
2018,alpha_0150,6,4,6
2018,alpha_0150,6,5,4
2018,alpha_0150,6,6,3
2018,greenacre_unweighted_power_0150,6,1,2
2018,greenacre_unweighted_power_0150,6,2,4
2018,greenacre_unweighted_power_0150,6,3,3
2018,greenacre_unweighted_power_0150,6,4,1
2018,greenacre_unweighted_power_0150,6,5,5
2018,greenacre_unweighted_power_0150,6,6,6
2018,euclidean,6,1,5
2018,euclidean,6,2,4
2018,euclidean,6,3,6
2018,euclidean,6,4,3
2018,euclidean,6,5,2
2018,euclidean,6,6,1
2022,greenacre_weighted_power_0175,6,1,1
2022,greenacre_weighted_power_0175,6,2,2
2022,greenacre_weighted_power_0175,6,3,4
2022,greenacre_weighted_power_0175,6,4,6
2022,greenacre_weighted_power_0175,6,5,3
2022,greenacre_weighted_power_0175,6,6,5
2022,greenacre_weighted_lra,6,1,3
2022,greenacre_weighted_lra,6,2,1
2022,greenacre_weighted_lra,6,3,4
2022,greenacre_weighted_lra,6,4,6
2022,greenacre_weighted_lra,6,5,2
2022,greenacre_weighted_lra,6,6,5
2022,aitchison,6,1,6
2022,aitchison,6,2,1
2022,aitchison,6,3,5
2022,aitchison,6,4,2
2022,aitchison,6,5,4
2022,aitchison,6,6,3
2022,alpha_0150,6,1,4
2022,alpha_0150,6,2,5
2022,alpha_0150,6,3,1
2022,alpha_0150,6,4,3
2022,alpha_0150,6,5,6
2022,alpha_0150,6,6,2
2022,greenacre_unweighted_power_0150,6,1,5
2022,greenacre_unweighted_power_0150,6,2,6
2022,greenacre_unweighted_power_0150,6,3,1
2022,greenacre_unweighted_power_0150,6,4,3
2022,greenacre_unweighted_power_0150,6,5,2
2022,greenacre_unweighted_power_0150,6,6,4
2022,euclidean,6,1,4
2022,euclidean,6,2,1
2022,euclidean,6,3,5
2022,euclidean,6,4,3
2022,euclidean,6,5,2
2022,euclidean,6,6,6
1948,greenacre_weighted_power_0175,7,1,1
1948,greenacre_weighted_power_0175,7,2,2
1948,greenacre_weighted_power_0175,7,3,3
1948,greenacre_weighted_power_0175,7,4,4
1948,greenacre_weighted_power_0175,7,5,5
1948,greenacre_weighted_power_0175,7,6,6
1948,greenacre_weighted_power_0175,7,7,7
1948,greenacre_weighted_lra,7,1,5
1948,greenacre_weighted_lra,7,2,2
1948,greenacre_weighted_lra,7,3,4
1948,greenacre_weighted_lra,7,4,3
1948,greenacre_weighted_lra,7,5,1
1948,greenacre_weighted_lra,7,6,6
1948,greenacre_weighted_lra,7,7,7
1948,aitchison,7,1,7
1948,aitchison,7,2,4
1948,aitchison,7,3,5
1948,aitchison,7,4,1
1948,aitchison,7,5,3
1948,aitchison,7,6,6
1948,aitchison,7,7,2
1948,alpha_0150,7,1,6
1948,alpha_0150,7,2,7
1948,alpha_0150,7,3,2
1948,alpha_0150,7,4,5
1948,alpha_0150,7,5,4
1948,alpha_0150,7,6,3
1948,alpha_0150,7,7,1
1948,greenacre_unweighted_power_0150,7,1,2
1948,greenacre_unweighted_power_0150,7,2,6
1948,greenacre_unweighted_power_0150,7,3,7
1948,greenacre_unweighted_power_0150,7,4,1
1948,greenacre_unweighted_power_0150,7,5,3
1948,greenacre_unweighted_power_0150,7,6,4
1948,greenacre_unweighted_power_0150,7,7,5
1948,euclidean,7,1,6
1948,euclidean,7,2,2
1948,euclidean,7,3,3
1948,euclidean,7,4,7
1948,euclidean,7,5,5
1948,euclidean,7,6,1
1948,euclidean,7,7,4
1953,greenacre_weighted_power_0175,7,1,2
1953,greenacre_weighted_power_0175,7,2,7
1953,greenacre_weighted_power_0175,7,3,5
1953,greenacre_weighted_power_0175,7,4,4
1953,greenacre_weighted_power_0175,7,5,1
1953,greenacre_weighted_power_0175,7,6,6
1953,greenacre_weighted_power_0175,7,7,3
1953,greenacre_weighted_lra,7,1,3
1953,greenacre_weighted_lra,7,2,5
1953,greenacre_weighted_lra,7,3,7
1953,greenacre_weighted_lra,7,4,6
1953,greenacre_weighted_lra,7,5,2
1953,greenacre_weighted_lra,7,6,1
1953,greenacre_weighted_lra,7,7,4
1953,aitchison,7,1,5
1953,aitchison,7,2,6
1953,aitchison,7,3,2
1953,aitchison,7,4,4
1953,aitchison,7,5,3
1953,aitchison,7,6,1
1953,aitchison,7,7,7
1953,alpha_0150,7,1,3
1953,alpha_0150,7,2,1
1953,alpha_0150,7,3,7
1953,alpha_0150,7,4,6
1953,alpha_0150,7,5,5
1953,alpha_0150,7,6,4
1953,alpha_0150,7,7,2
1953,greenacre_unweighted_power_0150,7,1,5
1953,greenacre_unweighted_power_0150,7,2,1
1953,greenacre_unweighted_power_0150,7,3,3
1953,greenacre_unweighted_power_0150,7,4,4
1953,greenacre_unweighted_power_0150,7,5,6
1953,greenacre_unweighted_power_0150,7,6,2
1953,greenacre_unweighted_power_0150,7,7,7
1953,euclidean,7,1,3
1953,euclidean,7,2,4
1953,euclidean,7,3,2
1953,euclidean,7,4,1
1953,euclidean,7,5,5
1953,euclidean,7,6,7
1953,euclidean,7,7,6
1958,greenacre_weighted_power_0175,7,1,2
1958,greenacre_weighted_power_0175,7,2,5
1958,greenacre_weighted_power_0175,7,3,6
1958,greenacre_weighted_power_0175,7,4,1
1958,greenacre_weighted_power_0175,7,5,3
1958,greenacre_weighted_power_0175,7,6,7
1958,greenacre_weighted_power_0175,7,7,4
1958,greenacre_weighted_lra,7,1,4
1958,greenacre_weighted_lra,7,2,2
1958,greenacre_weighted_lra,7,3,7
1958,greenacre_weighted_lra,7,4,5
1958,greenacre_weighted_lra,7,5,6
1958,greenacre_weighted_lra,7,6,1
1958,greenacre_weighted_lra,7,7,3
1958,aitchison,7,1,3
1958,aitchison,7,2,6
1958,aitchison,7,3,5
1958,aitchison,7,4,7
1958,aitchison,7,5,2
1958,aitchison,7,6,1
1958,aitchison,7,7,4
1958,alpha_0150,7,1,3
1958,alpha_0150,7,2,2
1958,alpha_0150,7,3,5
1958,alpha_0150,7,4,1
1958,alpha_0150,7,5,4
1958,alpha_0150,7,6,6
1958,alpha_0150,7,7,7
1958,greenacre_unweighted_power_0150,7,1,1
1958,greenacre_unweighted_power_0150,7,2,3
1958,greenacre_unweighted_power_0150,7,3,6
1958,greenacre_unweighted_power_0150,7,4,5
1958,greenacre_unweighted_power_0150,7,5,4
1958,greenacre_unweighted_power_0150,7,6,7
1958,greenacre_unweighted_power_0150,7,7,2
1958,euclidean,7,1,5
1958,euclidean,7,2,4
1958,euclidean,7,3,2
1958,euclidean,7,4,7
1958,euclidean,7,5,1
1958,euclidean,7,6,3
1958,euclidean,7,7,6
1963,greenacre_weighted_power_0175,7,1,1
1963,greenacre_weighted_power_0175,7,2,6
1963,greenacre_weighted_power_0175,7,3,3
1963,greenacre_weighted_power_0175,7,4,2
1963,greenacre_weighted_power_0175,7,5,5
1963,greenacre_weighted_power_0175,7,6,4
1963,greenacre_weighted_power_0175,7,7,7
1963,greenacre_weighted_lra,7,1,2
1963,greenacre_weighted_lra,7,2,4
1963,greenacre_weighted_lra,7,3,1
1963,greenacre_weighted_lra,7,4,5
1963,greenacre_weighted_lra,7,5,3
1963,greenacre_weighted_lra,7,6,6
1963,greenacre_weighted_lra,7,7,7
1963,aitchison,7,1,3
1963,aitchison,7,2,5
1963,aitchison,7,3,4
1963,aitchison,7,4,2
1963,aitchison,7,5,1
1963,aitchison,7,6,7
1963,aitchison,7,7,6
1963,alpha_0150,7,1,7
1963,alpha_0150,7,2,6
1963,alpha_0150,7,3,4
1963,alpha_0150,7,4,5
1963,alpha_0150,7,5,3
1963,alpha_0150,7,6,2
1963,alpha_0150,7,7,1
1963,greenacre_unweighted_power_0150,7,1,3
1963,greenacre_unweighted_power_0150,7,2,1
1963,greenacre_unweighted_power_0150,7,3,4
1963,greenacre_unweighted_power_0150,7,4,6
1963,greenacre_unweighted_power_0150,7,5,7
1963,greenacre_unweighted_power_0150,7,6,5
1963,greenacre_unweighted_power_0150,7,7,2
1963,euclidean,7,1,5
1963,euclidean,7,2,4
1963,euclidean,7,3,3
1963,euclidean,7,4,1
1963,euclidean,7,5,2
1963,euclidean,7,6,6
1963,euclidean,7,7,7
1968,greenacre_weighted_power_0175,7,1,6
1968,greenacre_weighted_power_0175,7,2,1
1968,greenacre_weighted_power_0175,7,3,5
1968,greenacre_weighted_power_0175,7,4,2
1968,greenacre_weighted_power_0175,7,5,7
1968,greenacre_weighted_power_0175,7,6,3
1968,greenacre_weighted_power_0175,7,7,4
1968,greenacre_weighted_lra,7,1,2
1968,greenacre_weighted_lra,7,2,6
1968,greenacre_weighted_lra,7,3,1
1968,greenacre_weighted_lra,7,4,7
1968,greenacre_weighted_lra,7,5,4
1968,greenacre_weighted_lra,7,6,5
1968,greenacre_weighted_lra,7,7,3
1968,aitchison,7,1,5
1968,aitchison,7,2,7
1968,aitchison,7,3,6
1968,aitchison,7,4,1
1968,aitchison,7,5,2
1968,aitchison,7,6,4
1968,aitchison,7,7,3
1968,alpha_0150,7,1,3
1968,alpha_0150,7,2,2
1968,alpha_0150,7,3,7
1968,alpha_0150,7,4,5
1968,alpha_0150,7,5,1
1968,alpha_0150,7,6,6
1968,alpha_0150,7,7,4
1968,greenacre_unweighted_power_0150,7,1,5
1968,greenacre_unweighted_power_0150,7,2,7
1968,greenacre_unweighted_power_0150,7,3,4
1968,greenacre_unweighted_power_0150,7,4,2
1968,greenacre_unweighted_power_0150,7,5,1
1968,greenacre_unweighted_power_0150,7,6,6
1968,greenacre_unweighted_power_0150,7,7,3
1968,euclidean,7,1,2
1968,euclidean,7,2,3
1968,euclidean,7,3,1
1968,euclidean,7,4,5
1968,euclidean,7,5,4
1968,euclidean,7,6,6
1968,euclidean,7,7,7
1972,greenacre_weighted_power_0175,7,1,7
1972,greenacre_weighted_power_0175,7,2,2
1972,greenacre_weighted_power_0175,7,3,6
1972,greenacre_weighted_power_0175,7,4,5
1972,greenacre_weighted_power_0175,7,5,1
1972,greenacre_weighted_power_0175,7,6,3
1972,greenacre_weighted_power_0175,7,7,4
1972,greenacre_weighted_lra,7,1,1
1972,greenacre_weighted_lra,7,2,6
1972,greenacre_weighted_lra,7,3,7
1972,greenacre_weighted_lra,7,4,3
1972,greenacre_weighted_lra,7,5,2
1972,greenacre_weighted_lra,7,6,5
1972,greenacre_weighted_lra,7,7,4
1972,aitchison,7,1,3
1972,aitchison,7,2,6
1972,aitchison,7,3,2
1972,aitchison,7,4,4
1972,aitchison,7,5,7
1972,aitchison,7,6,5
1972,aitchison,7,7,1
1972,alpha_0150,7,1,7
1972,alpha_0150,7,2,6
1972,alpha_0150,7,3,4
1972,alpha_0150,7,4,1
1972,alpha_0150,7,5,2
1972,alpha_0150,7,6,5
1972,alpha_0150,7,7,3
1972,greenacre_unweighted_power_0150,7,1,7
1972,greenacre_unweighted_power_0150,7,2,1
1972,greenacre_unweighted_power_0150,7,3,5
1972,greenacre_unweighted_power_0150,7,4,3
1972,greenacre_unweighted_power_0150,7,5,2
1972,greenacre_unweighted_power_0150,7,6,4
1972,greenacre_unweighted_power_0150,7,7,6
1972,euclidean,7,1,3
1972,euclidean,7,2,6
1972,euclidean,7,3,5
1972,euclidean,7,4,2
1972,euclidean,7,5,4
1972,euclidean,7,6,7
1972,euclidean,7,7,1
1976,greenacre_weighted_power_0175,7,1,3
1976,greenacre_weighted_power_0175,7,2,4
1976,greenacre_weighted_power_0175,7,3,1
1976,greenacre_weighted_power_0175,7,4,2
1976,greenacre_weighted_power_0175,7,5,5
1976,greenacre_weighted_power_0175,7,6,6
1976,greenacre_weighted_power_0175,7,7,7
1976,greenacre_weighted_lra,7,1,3
1976,greenacre_weighted_lra,7,2,7
1976,greenacre_weighted_lra,7,3,1
1976,greenacre_weighted_lra,7,4,2
1976,greenacre_weighted_lra,7,5,4
1976,greenacre_weighted_lra,7,6,6
1976,greenacre_weighted_lra,7,7,5
1976,aitchison,7,1,1
1976,aitchison,7,2,4
1976,aitchison,7,3,6
1976,aitchison,7,4,2
1976,aitchison,7,5,3
1976,aitchison,7,6,7
1976,aitchison,7,7,5
1976,alpha_0150,7,1,4
1976,alpha_0150,7,2,3
1976,alpha_0150,7,3,6
1976,alpha_0150,7,4,1
1976,alpha_0150,7,5,2
1976,alpha_0150,7,6,5
1976,alpha_0150,7,7,7
1976,greenacre_unweighted_power_0150,7,1,5
1976,greenacre_unweighted_power_0150,7,2,2
1976,greenacre_unweighted_power_0150,7,3,4
1976,greenacre_unweighted_power_0150,7,4,7
1976,greenacre_unweighted_power_0150,7,5,1
1976,greenacre_unweighted_power_0150,7,6,3
1976,greenacre_unweighted_power_0150,7,7,6
1976,euclidean,7,1,4
1976,euclidean,7,2,3
1976,euclidean,7,3,2
1976,euclidean,7,4,7
1976,euclidean,7,5,6
1976,euclidean,7,6,5
1976,euclidean,7,7,1
1979,greenacre_weighted_power_0175,7,1,6
1979,greenacre_weighted_power_0175,7,2,1
1979,greenacre_weighted_power_0175,7,3,2
1979,greenacre_weighted_power_0175,7,4,4
1979,greenacre_weighted_power_0175,7,5,5
1979,greenacre_weighted_power_0175,7,6,3
1979,greenacre_weighted_power_0175,7,7,7
1979,greenacre_weighted_lra,7,1,4
1979,greenacre_weighted_lra,7,2,5
1979,greenacre_weighted_lra,7,3,3
1979,greenacre_weighted_lra,7,4,7
1979,greenacre_weighted_lra,7,5,1
1979,greenacre_weighted_lra,7,6,6
1979,greenacre_weighted_lra,7,7,2
1979,aitchison,7,1,3
1979,aitchison,7,2,4
1979,aitchison,7,3,7
1979,aitchison,7,4,5
1979,aitchison,7,5,2
1979,aitchison,7,6,1
1979,aitchison,7,7,6
1979,alpha_0150,7,1,7
1979,alpha_0150,7,2,1
1979,alpha_0150,7,3,2
1979,alpha_0150,7,4,4
1979,alpha_0150,7,5,6
1979,alpha_0150,7,6,5
1979,alpha_0150,7,7,3
1979,greenacre_unweighted_power_0150,7,1,1
1979,greenacre_unweighted_power_0150,7,2,5
1979,greenacre_unweighted_power_0150,7,3,3
1979,greenacre_unweighted_power_0150,7,4,6
1979,greenacre_unweighted_power_0150,7,5,2
1979,greenacre_unweighted_power_0150,7,6,4
1979,greenacre_unweighted_power_0150,7,7,7
1979,euclidean,7,1,4
1979,euclidean,7,2,3
1979,euclidean,7,3,1
1979,euclidean,7,4,7
1979,euclidean,7,5,5
1979,euclidean,7,6,6
1979,euclidean,7,7,2
1983,greenacre_weighted_power_0175,7,1,2
1983,greenacre_weighted_power_0175,7,2,7
1983,greenacre_weighted_power_0175,7,3,5
1983,greenacre_weighted_power_0175,7,4,4
1983,greenacre_weighted_power_0175,7,5,6
1983,greenacre_weighted_power_0175,7,6,1
1983,greenacre_weighted_power_0175,7,7,3
1983,greenacre_weighted_lra,7,1,1
1983,greenacre_weighted_lra,7,2,6
1983,greenacre_weighted_lra,7,3,4
1983,greenacre_weighted_lra,7,4,3
1983,greenacre_weighted_lra,7,5,5
1983,greenacre_weighted_lra,7,6,7
1983,greenacre_weighted_lra,7,7,2
1983,aitchison,7,1,2
1983,aitchison,7,2,4
1983,aitchison,7,3,6
1983,aitchison,7,4,3
1983,aitchison,7,5,7
1983,aitchison,7,6,5
1983,aitchison,7,7,1
1983,alpha_0150,7,1,3
1983,alpha_0150,7,2,6
1983,alpha_0150,7,3,7
1983,alpha_0150,7,4,2
1983,alpha_0150,7,5,5
1983,alpha_0150,7,6,1
1983,alpha_0150,7,7,4
1983,greenacre_unweighted_power_0150,7,1,3
1983,greenacre_unweighted_power_0150,7,2,2
1983,greenacre_unweighted_power_0150,7,3,1
1983,greenacre_unweighted_power_0150,7,4,4
1983,greenacre_unweighted_power_0150,7,5,5
1983,greenacre_unweighted_power_0150,7,6,6
1983,greenacre_unweighted_power_0150,7,7,7
1983,euclidean,7,1,6
1983,euclidean,7,2,5
1983,euclidean,7,3,3
1983,euclidean,7,4,4
1983,euclidean,7,5,2
1983,euclidean,7,6,1
1983,euclidean,7,7,7
1987,greenacre_weighted_power_0175,7,1,6
1987,greenacre_weighted_power_0175,7,2,1
1987,greenacre_weighted_power_0175,7,3,3
1987,greenacre_weighted_power_0175,7,4,2
1987,greenacre_weighted_power_0175,7,5,5
1987,greenacre_weighted_power_0175,7,6,7
1987,greenacre_weighted_power_0175,7,7,4
1987,greenacre_weighted_lra,7,1,5
1987,greenacre_weighted_lra,7,2,3
1987,greenacre_weighted_lra,7,3,7
1987,greenacre_weighted_lra,7,4,2
1987,greenacre_weighted_lra,7,5,4
1987,greenacre_weighted_lra,7,6,1
1987,greenacre_weighted_lra,7,7,6
1987,aitchison,7,1,1
1987,aitchison,7,2,4
1987,aitchison,7,3,7
1987,aitchison,7,4,6
1987,aitchison,7,5,2
1987,aitchison,7,6,3
1987,aitchison,7,7,5
1987,alpha_0150,7,1,1
1987,alpha_0150,7,2,4
1987,alpha_0150,7,3,5
1987,alpha_0150,7,4,6
1987,alpha_0150,7,5,3
1987,alpha_0150,7,6,2
1987,alpha_0150,7,7,7
1987,greenacre_unweighted_power_0150,7,1,3
1987,greenacre_unweighted_power_0150,7,2,4
1987,greenacre_unweighted_power_0150,7,3,5
1987,greenacre_unweighted_power_0150,7,4,7
1987,greenacre_unweighted_power_0150,7,5,2
1987,greenacre_unweighted_power_0150,7,6,1
1987,greenacre_unweighted_power_0150,7,7,6
1987,euclidean,7,1,7
1987,euclidean,7,2,6
1987,euclidean,7,3,5
1987,euclidean,7,4,3
1987,euclidean,7,5,4
1987,euclidean,7,6,2
1987,euclidean,7,7,1
1992,greenacre_weighted_power_0175,7,1,3
1992,greenacre_weighted_power_0175,7,2,7
1992,greenacre_weighted_power_0175,7,3,2
1992,greenacre_weighted_power_0175,7,4,4
1992,greenacre_weighted_power_0175,7,5,5
1992,greenacre_weighted_power_0175,7,6,6
1992,greenacre_weighted_power_0175,7,7,1
1992,greenacre_weighted_lra,7,1,5
1992,greenacre_weighted_lra,7,2,2
1992,greenacre_weighted_lra,7,3,4
1992,greenacre_weighted_lra,7,4,1
1992,greenacre_weighted_lra,7,5,7
1992,greenacre_weighted_lra,7,6,6
1992,greenacre_weighted_lra,7,7,3
1992,aitchison,7,1,2
1992,aitchison,7,2,5
1992,aitchison,7,3,4
1992,aitchison,7,4,7
1992,aitchison,7,5,3
1992,aitchison,7,6,1
1992,aitchison,7,7,6
1992,alpha_0150,7,1,6
1992,alpha_0150,7,2,7
1992,alpha_0150,7,3,1
1992,alpha_0150,7,4,5
1992,alpha_0150,7,5,3
1992,alpha_0150,7,6,2
1992,alpha_0150,7,7,4
1992,greenacre_unweighted_power_0150,7,1,2
1992,greenacre_unweighted_power_0150,7,2,7
1992,greenacre_unweighted_power_0150,7,3,3
1992,greenacre_unweighted_power_0150,7,4,1
1992,greenacre_unweighted_power_0150,7,5,6
1992,greenacre_unweighted_power_0150,7,6,5
1992,greenacre_unweighted_power_0150,7,7,4
1992,euclidean,7,1,7
1992,euclidean,7,2,3
1992,euclidean,7,3,6
1992,euclidean,7,4,1
1992,euclidean,7,5,2
1992,euclidean,7,6,4
1992,euclidean,7,7,5
1994,greenacre_weighted_power_0175,7,1,4
1994,greenacre_weighted_power_0175,7,2,7
1994,greenacre_weighted_power_0175,7,3,3
1994,greenacre_weighted_power_0175,7,4,5
1994,greenacre_weighted_power_0175,7,5,6
1994,greenacre_weighted_power_0175,7,6,1
1994,greenacre_weighted_power_0175,7,7,2
1994,greenacre_weighted_lra,7,1,2
1994,greenacre_weighted_lra,7,2,7
1994,greenacre_weighted_lra,7,3,3
1994,greenacre_weighted_lra,7,4,6
1994,greenacre_weighted_lra,7,5,5
1994,greenacre_weighted_lra,7,6,4
1994,greenacre_weighted_lra,7,7,1
1994,aitchison,7,1,3
1994,aitchison,7,2,5
1994,aitchison,7,3,7
1994,aitchison,7,4,4
1994,aitchison,7,5,2
1994,aitchison,7,6,1
1994,aitchison,7,7,6
1994,alpha_0150,7,1,5
1994,alpha_0150,7,2,7
1994,alpha_0150,7,3,2
1994,alpha_0150,7,4,1
1994,alpha_0150,7,5,4
1994,alpha_0150,7,6,6
1994,alpha_0150,7,7,3
1994,greenacre_unweighted_power_0150,7,1,5
1994,greenacre_unweighted_power_0150,7,2,3
1994,greenacre_unweighted_power_0150,7,3,2
1994,greenacre_unweighted_power_0150,7,4,1
1994,greenacre_unweighted_power_0150,7,5,7
1994,greenacre_unweighted_power_0150,7,6,4
1994,greenacre_unweighted_power_0150,7,7,6
1994,euclidean,7,1,4
1994,euclidean,7,2,6
1994,euclidean,7,3,7
1994,euclidean,7,4,2
1994,euclidean,7,5,1
1994,euclidean,7,6,3
1994,euclidean,7,7,5
1996,greenacre_weighted_power_0175,7,1,4
1996,greenacre_weighted_power_0175,7,2,5
1996,greenacre_weighted_power_0175,7,3,6
1996,greenacre_weighted_power_0175,7,4,1
1996,greenacre_weighted_power_0175,7,5,3
1996,greenacre_weighted_power_0175,7,6,2
1996,greenacre_weighted_power_0175,7,7,7
1996,greenacre_weighted_lra,7,1,6
1996,greenacre_weighted_lra,7,2,3
1996,greenacre_weighted_lra,7,3,7
1996,greenacre_weighted_lra,7,4,4
1996,greenacre_weighted_lra,7,5,1
1996,greenacre_weighted_lra,7,6,5
1996,greenacre_weighted_lra,7,7,2
1996,aitchison,7,1,4
1996,aitchison,7,2,2
1996,aitchison,7,3,1
1996,aitchison,7,4,3
1996,aitchison,7,5,7
1996,aitchison,7,6,5
1996,aitchison,7,7,6
1996,alpha_0150,7,1,1
1996,alpha_0150,7,2,3
1996,alpha_0150,7,3,2
1996,alpha_0150,7,4,5
1996,alpha_0150,7,5,4
1996,alpha_0150,7,6,7
1996,alpha_0150,7,7,6
1996,greenacre_unweighted_power_0150,7,1,1
1996,greenacre_unweighted_power_0150,7,2,7
1996,greenacre_unweighted_power_0150,7,3,6
1996,greenacre_unweighted_power_0150,7,4,3
1996,greenacre_unweighted_power_0150,7,5,4
1996,greenacre_unweighted_power_0150,7,6,5
1996,greenacre_unweighted_power_0150,7,7,2
1996,euclidean,7,1,2
1996,euclidean,7,2,6
1996,euclidean,7,3,7
1996,euclidean,7,4,5
1996,euclidean,7,5,3
1996,euclidean,7,6,1
1996,euclidean,7,7,4
2001,greenacre_weighted_power_0175,7,1,5
2001,greenacre_weighted_power_0175,7,2,4
2001,greenacre_weighted_power_0175,7,3,3
2001,greenacre_weighted_power_0175,7,4,1
2001,greenacre_weighted_power_0175,7,5,7
2001,greenacre_weighted_power_0175,7,6,2
2001,greenacre_weighted_power_0175,7,7,6
2001,greenacre_weighted_lra,7,1,5
2001,greenacre_weighted_lra,7,2,6
2001,greenacre_weighted_lra,7,3,1
2001,greenacre_weighted_lra,7,4,4
2001,greenacre_weighted_lra,7,5,3
2001,greenacre_weighted_lra,7,6,7
2001,greenacre_weighted_lra,7,7,2
2001,aitchison,7,1,3
2001,aitchison,7,2,7
2001,aitchison,7,3,6
2001,aitchison,7,4,2
2001,aitchison,7,5,5
2001,aitchison,7,6,4
2001,aitchison,7,7,1
2001,alpha_0150,7,1,5
2001,alpha_0150,7,2,4
2001,alpha_0150,7,3,3
2001,alpha_0150,7,4,1
2001,alpha_0150,7,5,6
2001,alpha_0150,7,6,2
2001,alpha_0150,7,7,7
2001,greenacre_unweighted_power_0150,7,1,7
2001,greenacre_unweighted_power_0150,7,2,2
2001,greenacre_unweighted_power_0150,7,3,5
2001,greenacre_unweighted_power_0150,7,4,1
2001,greenacre_unweighted_power_0150,7,5,3
2001,greenacre_unweighted_power_0150,7,6,6
2001,greenacre_unweighted_power_0150,7,7,4
2001,euclidean,7,1,1
2001,euclidean,7,2,3
2001,euclidean,7,3,4
2001,euclidean,7,4,7
2001,euclidean,7,5,2
2001,euclidean,7,6,6
2001,euclidean,7,7,5
2006,greenacre_weighted_power_0175,7,1,6
2006,greenacre_weighted_power_0175,7,2,4
2006,greenacre_weighted_power_0175,7,3,3
2006,greenacre_weighted_power_0175,7,4,7
2006,greenacre_weighted_power_0175,7,5,1
2006,greenacre_weighted_power_0175,7,6,5
2006,greenacre_weighted_power_0175,7,7,2
2006,greenacre_weighted_lra,7,1,6
2006,greenacre_weighted_lra,7,2,2
2006,greenacre_weighted_lra,7,3,7
2006,greenacre_weighted_lra,7,4,4
2006,greenacre_weighted_lra,7,5,5
2006,greenacre_weighted_lra,7,6,3
2006,greenacre_weighted_lra,7,7,1
2006,aitchison,7,1,4
2006,aitchison,7,2,5
2006,aitchison,7,3,1
2006,aitchison,7,4,3
2006,aitchison,7,5,2
2006,aitchison,7,6,6
2006,aitchison,7,7,7
2006,alpha_0150,7,1,5
2006,alpha_0150,7,2,4
2006,alpha_0150,7,3,3
2006,alpha_0150,7,4,7
2006,alpha_0150,7,5,1
2006,alpha_0150,7,6,6
2006,alpha_0150,7,7,2
2006,greenacre_unweighted_power_0150,7,1,2
2006,greenacre_unweighted_power_0150,7,2,4
2006,greenacre_unweighted_power_0150,7,3,3
2006,greenacre_unweighted_power_0150,7,4,7
2006,greenacre_unweighted_power_0150,7,5,5
2006,greenacre_unweighted_power_0150,7,6,6
2006,greenacre_unweighted_power_0150,7,7,1
2006,euclidean,7,1,6
2006,euclidean,7,2,5
2006,euclidean,7,3,2
2006,euclidean,7,4,7
2006,euclidean,7,5,4
2006,euclidean,7,6,1
2006,euclidean,7,7,3
2008,greenacre_weighted_power_0175,7,1,3
2008,greenacre_weighted_power_0175,7,2,2
2008,greenacre_weighted_power_0175,7,3,7
2008,greenacre_weighted_power_0175,7,4,6
2008,greenacre_weighted_power_0175,7,5,5
2008,greenacre_weighted_power_0175,7,6,4
2008,greenacre_weighted_power_0175,7,7,1
2008,greenacre_weighted_lra,7,1,2
2008,greenacre_weighted_lra,7,2,4
2008,greenacre_weighted_lra,7,3,5
2008,greenacre_weighted_lra,7,4,6
2008,greenacre_weighted_lra,7,5,1
2008,greenacre_weighted_lra,7,6,7
2008,greenacre_weighted_lra,7,7,3
2008,aitchison,7,1,5
2008,aitchison,7,2,1
2008,aitchison,7,3,7
2008,aitchison,7,4,4
2008,aitchison,7,5,3
2008,aitchison,7,6,6
2008,aitchison,7,7,2
2008,alpha_0150,7,1,3
2008,alpha_0150,7,2,2
2008,alpha_0150,7,3,4
2008,alpha_0150,7,4,5
2008,alpha_0150,7,5,1
2008,alpha_0150,7,6,6
2008,alpha_0150,7,7,7
2008,greenacre_unweighted_power_0150,7,1,5
2008,greenacre_unweighted_power_0150,7,2,1
2008,greenacre_unweighted_power_0150,7,3,7
2008,greenacre_unweighted_power_0150,7,4,2
2008,greenacre_unweighted_power_0150,7,5,6
2008,greenacre_unweighted_power_0150,7,6,4
2008,greenacre_unweighted_power_0150,7,7,3
2008,euclidean,7,1,2
2008,euclidean,7,2,1
2008,euclidean,7,3,5
2008,euclidean,7,4,6
2008,euclidean,7,5,4
2008,euclidean,7,6,3
2008,euclidean,7,7,7
2013,greenacre_weighted_power_0175,7,1,6
2013,greenacre_weighted_power_0175,7,2,7
2013,greenacre_weighted_power_0175,7,3,3
2013,greenacre_weighted_power_0175,7,4,4
2013,greenacre_weighted_power_0175,7,5,5
2013,greenacre_weighted_power_0175,7,6,2
2013,greenacre_weighted_power_0175,7,7,1
2013,greenacre_weighted_lra,7,1,6
2013,greenacre_weighted_lra,7,2,4
2013,greenacre_weighted_lra,7,3,1
2013,greenacre_weighted_lra,7,4,2
2013,greenacre_weighted_lra,7,5,5
2013,greenacre_weighted_lra,7,6,3
2013,greenacre_weighted_lra,7,7,7
2013,aitchison,7,1,7
2013,aitchison,7,2,5
2013,aitchison,7,3,3
2013,aitchison,7,4,6
2013,aitchison,7,5,1
2013,aitchison,7,6,2
2013,aitchison,7,7,4
2013,alpha_0150,7,1,5
2013,alpha_0150,7,2,6
2013,alpha_0150,7,3,4
2013,alpha_0150,7,4,1
2013,alpha_0150,7,5,3
2013,alpha_0150,7,6,2
2013,alpha_0150,7,7,7
2013,greenacre_unweighted_power_0150,7,1,4
2013,greenacre_unweighted_power_0150,7,2,3
2013,greenacre_unweighted_power_0150,7,3,6
2013,greenacre_unweighted_power_0150,7,4,2
2013,greenacre_unweighted_power_0150,7,5,1
2013,greenacre_unweighted_power_0150,7,6,7
2013,greenacre_unweighted_power_0150,7,7,5
2013,euclidean,7,1,7
2013,euclidean,7,2,1
2013,euclidean,7,3,3
2013,euclidean,7,4,2
2013,euclidean,7,5,5
2013,euclidean,7,6,4
2013,euclidean,7,7,6
2018,greenacre_weighted_power_0175,7,1,7
2018,greenacre_weighted_power_0175,7,2,6
2018,greenacre_weighted_power_0175,7,3,5
2018,greenacre_weighted_power_0175,7,4,4
2018,greenacre_weighted_power_0175,7,5,2
2018,greenacre_weighted_power_0175,7,6,1
2018,greenacre_weighted_power_0175,7,7,3
2018,greenacre_weighted_lra,7,1,3
2018,greenacre_weighted_lra,7,2,1
2018,greenacre_weighted_lra,7,3,7
2018,greenacre_weighted_lra,7,4,6
2018,greenacre_weighted_lra,7,5,2
2018,greenacre_weighted_lra,7,6,5
2018,greenacre_weighted_lra,7,7,4
2018,aitchison,7,1,1
2018,aitchison,7,2,3
2018,aitchison,7,3,2
2018,aitchison,7,4,5
2018,aitchison,7,5,7
2018,aitchison,7,6,4
2018,aitchison,7,7,6
2018,alpha_0150,7,1,5
2018,alpha_0150,7,2,3
2018,alpha_0150,7,3,2
2018,alpha_0150,7,4,6
2018,alpha_0150,7,5,4
2018,alpha_0150,7,6,7
2018,alpha_0150,7,7,1
2018,greenacre_unweighted_power_0150,7,1,2
2018,greenacre_unweighted_power_0150,7,2,3
2018,greenacre_unweighted_power_0150,7,3,7
2018,greenacre_unweighted_power_0150,7,4,5
2018,greenacre_unweighted_power_0150,7,5,1
2018,greenacre_unweighted_power_0150,7,6,4
2018,greenacre_unweighted_power_0150,7,7,6
2018,euclidean,7,1,3
2018,euclidean,7,2,2
2018,euclidean,7,3,5
2018,euclidean,7,4,6
2018,euclidean,7,5,4
2018,euclidean,7,6,1
2018,euclidean,7,7,7
2022,greenacre_weighted_power_0175,7,1,4
2022,greenacre_weighted_power_0175,7,2,6
2022,greenacre_weighted_power_0175,7,3,3
2022,greenacre_weighted_power_0175,7,4,5
2022,greenacre_weighted_power_0175,7,5,7
2022,greenacre_weighted_power_0175,7,6,1
2022,greenacre_weighted_power_0175,7,7,2
2022,greenacre_weighted_lra,7,1,5
2022,greenacre_weighted_lra,7,2,3
2022,greenacre_weighted_lra,7,3,1
2022,greenacre_weighted_lra,7,4,6
2022,greenacre_weighted_lra,7,5,2
2022,greenacre_weighted_lra,7,6,4
2022,greenacre_weighted_lra,7,7,7
2022,aitchison,7,1,1
2022,aitchison,7,2,2
2022,aitchison,7,3,5
2022,aitchison,7,4,4
2022,aitchison,7,5,7
2022,aitchison,7,6,3
2022,aitchison,7,7,6
2022,alpha_0150,7,1,2
2022,alpha_0150,7,2,4
2022,alpha_0150,7,3,5
2022,alpha_0150,7,4,6
2022,alpha_0150,7,5,1
2022,alpha_0150,7,6,3
2022,alpha_0150,7,7,7
2022,greenacre_unweighted_power_0150,7,1,1
2022,greenacre_unweighted_power_0150,7,2,5
2022,greenacre_unweighted_power_0150,7,3,6
2022,greenacre_unweighted_power_0150,7,4,3
2022,greenacre_unweighted_power_0150,7,5,4
2022,greenacre_unweighted_power_0150,7,6,2
2022,greenacre_unweighted_power_0150,7,7,7
2022,euclidean,7,1,1
2022,euclidean,7,2,5
2022,euclidean,7,3,6
2022,euclidean,7,4,3
2022,euclidean,7,5,2
2022,euclidean,7,6,4
2022,euclidean,7,7,7
1948,greenacre_weighted_power_0175,8,1,1
1948,greenacre_weighted_power_0175,8,2,2
1948,greenacre_weighted_power_0175,8,3,3
1948,greenacre_weighted_power_0175,8,4,4
1948,greenacre_weighted_power_0175,8,5,5
1948,greenacre_weighted_power_0175,8,6,6
1948,greenacre_weighted_power_0175,8,7,7
1948,greenacre_weighted_power_0175,8,8,8
1948,greenacre_weighted_lra,8,1,2
1948,greenacre_weighted_lra,8,2,5
1948,greenacre_weighted_lra,8,3,3
1948,greenacre_weighted_lra,8,4,8
1948,greenacre_weighted_lra,8,5,7
1948,greenacre_weighted_lra,8,6,6
1948,greenacre_weighted_lra,8,7,4
1948,greenacre_weighted_lra,8,8,1
1948,aitchison,8,1,7
1948,aitchison,8,2,3
1948,aitchison,8,3,5
1948,aitchison,8,4,6
1948,aitchison,8,5,8
1948,aitchison,8,6,1
1948,aitchison,8,7,4
1948,aitchison,8,8,2
1948,alpha_0150,8,1,7
1948,alpha_0150,8,2,6
1948,alpha_0150,8,3,4
1948,alpha_0150,8,4,1
1948,alpha_0150,8,5,2
1948,alpha_0150,8,6,8
1948,alpha_0150,8,7,3
1948,alpha_0150,8,8,5
1948,greenacre_unweighted_power_0150,8,1,3
1948,greenacre_unweighted_power_0150,8,2,2
1948,greenacre_unweighted_power_0150,8,3,5
1948,greenacre_unweighted_power_0150,8,4,8
1948,greenacre_unweighted_power_0150,8,5,7
1948,greenacre_unweighted_power_0150,8,6,4
1948,greenacre_unweighted_power_0150,8,7,1
1948,greenacre_unweighted_power_0150,8,8,6
1948,euclidean,8,1,3
1948,euclidean,8,2,6
1948,euclidean,8,3,4
1948,euclidean,8,4,2
1948,euclidean,8,5,7
1948,euclidean,8,6,5
1948,euclidean,8,7,8
1948,euclidean,8,8,1
1953,greenacre_weighted_power_0175,8,1,2
1953,greenacre_weighted_power_0175,8,2,8
1953,greenacre_weighted_power_0175,8,3,3
1953,greenacre_weighted_power_0175,8,4,4
1953,greenacre_weighted_power_0175,8,5,6
1953,greenacre_weighted_power_0175,8,6,5
1953,greenacre_weighted_power_0175,8,7,7
1953,greenacre_weighted_power_0175,8,8,1
1953,greenacre_weighted_lra,8,1,8
1953,greenacre_weighted_lra,8,2,5
1953,greenacre_weighted_lra,8,3,1
1953,greenacre_weighted_lra,8,4,6
1953,greenacre_weighted_lra,8,5,4
1953,greenacre_weighted_lra,8,6,2
1953,greenacre_weighted_lra,8,7,7
1953,greenacre_weighted_lra,8,8,3
1953,aitchison,8,1,3
1953,aitchison,8,2,6
1953,aitchison,8,3,8
1953,aitchison,8,4,5
1953,aitchison,8,5,1
1953,aitchison,8,6,4
1953,aitchison,8,7,7
1953,aitchison,8,8,2
1953,alpha_0150,8,1,7
1953,alpha_0150,8,2,8
1953,alpha_0150,8,3,1
1953,alpha_0150,8,4,3
1953,alpha_0150,8,5,6
1953,alpha_0150,8,6,4
1953,alpha_0150,8,7,2
1953,alpha_0150,8,8,5
1953,greenacre_unweighted_power_0150,8,1,5
1953,greenacre_unweighted_power_0150,8,2,7
1953,greenacre_unweighted_power_0150,8,3,2
1953,greenacre_unweighted_power_0150,8,4,8
1953,greenacre_unweighted_power_0150,8,5,4
1953,greenacre_unweighted_power_0150,8,6,6
1953,greenacre_unweighted_power_0150,8,7,3
1953,greenacre_unweighted_power_0150,8,8,1
1953,euclidean,8,1,1
1953,euclidean,8,2,6
1953,euclidean,8,3,5
1953,euclidean,8,4,7
1953,euclidean,8,5,2
1953,euclidean,8,6,4
1953,euclidean,8,7,3
1953,euclidean,8,8,8
1958,greenacre_weighted_power_0175,8,1,7
1958,greenacre_weighted_power_0175,8,2,2
1958,greenacre_weighted_power_0175,8,3,3
1958,greenacre_weighted_power_0175,8,4,1
1958,greenacre_weighted_power_0175,8,5,4
1958,greenacre_weighted_power_0175,8,6,8
1958,greenacre_weighted_power_0175,8,7,5
1958,greenacre_weighted_power_0175,8,8,6
1958,greenacre_weighted_lra,8,1,2
1958,greenacre_weighted_lra,8,2,4
1958,greenacre_weighted_lra,8,3,3
1958,greenacre_weighted_lra,8,4,7
1958,greenacre_weighted_lra,8,5,1
1958,greenacre_weighted_lra,8,6,6
1958,greenacre_weighted_lra,8,7,8
1958,greenacre_weighted_lra,8,8,5
1958,aitchison,8,1,1
1958,aitchison,8,2,8
1958,aitchison,8,3,4
1958,aitchison,8,4,3
1958,aitchison,8,5,2
1958,aitchison,8,6,7
1958,aitchison,8,7,6
1958,aitchison,8,8,5
1958,alpha_0150,8,1,6
1958,alpha_0150,8,2,3
1958,alpha_0150,8,3,1
1958,alpha_0150,8,4,7
1958,alpha_0150,8,5,2
1958,alpha_0150,8,6,4
1958,alpha_0150,8,7,5
1958,alpha_0150,8,8,8
1958,greenacre_unweighted_power_0150,8,1,3
1958,greenacre_unweighted_power_0150,8,2,1
1958,greenacre_unweighted_power_0150,8,3,6
1958,greenacre_unweighted_power_0150,8,4,8
1958,greenacre_unweighted_power_0150,8,5,2
1958,greenacre_unweighted_power_0150,8,6,7
1958,greenacre_unweighted_power_0150,8,7,4
1958,greenacre_unweighted_power_0150,8,8,5
1958,euclidean,8,1,1
1958,euclidean,8,2,8
1958,euclidean,8,3,2
1958,euclidean,8,4,6
1958,euclidean,8,5,4
1958,euclidean,8,6,3
1958,euclidean,8,7,7
1958,euclidean,8,8,5
1963,greenacre_weighted_power_0175,8,1,2
1963,greenacre_weighted_power_0175,8,2,6
1963,greenacre_weighted_power_0175,8,3,7
1963,greenacre_weighted_power_0175,8,4,3
1963,greenacre_weighted_power_0175,8,5,8
1963,greenacre_weighted_power_0175,8,6,4
1963,greenacre_weighted_power_0175,8,7,5
1963,greenacre_weighted_power_0175,8,8,1
1963,greenacre_weighted_lra,8,1,2
1963,greenacre_weighted_lra,8,2,6
1963,greenacre_weighted_lra,8,3,5
1963,greenacre_weighted_lra,8,4,4
1963,greenacre_weighted_lra,8,5,8
1963,greenacre_weighted_lra,8,6,3
1963,greenacre_weighted_lra,8,7,1
1963,greenacre_weighted_lra,8,8,7
1963,aitchison,8,1,6
1963,aitchison,8,2,1
1963,aitchison,8,3,2
1963,aitchison,8,4,5
1963,aitchison,8,5,4
1963,aitchison,8,6,7
1963,aitchison,8,7,3
1963,aitchison,8,8,8
1963,alpha_0150,8,1,1
1963,alpha_0150,8,2,6
1963,alpha_0150,8,3,2
1963,alpha_0150,8,4,3
1963,alpha_0150,8,5,5
1963,alpha_0150,8,6,7
1963,alpha_0150,8,7,8
1963,alpha_0150,8,8,4
1963,greenacre_unweighted_power_0150,8,1,1
1963,greenacre_unweighted_power_0150,8,2,2
1963,greenacre_unweighted_power_0150,8,3,8
1963,greenacre_unweighted_power_0150,8,4,3
1963,greenacre_unweighted_power_0150,8,5,4
1963,greenacre_unweighted_power_0150,8,6,7
1963,greenacre_unweighted_power_0150,8,7,5
1963,greenacre_unweighted_power_0150,8,8,6
1963,euclidean,8,1,4
1963,euclidean,8,2,3
1963,euclidean,8,3,2
1963,euclidean,8,4,1
1963,euclidean,8,5,7
1963,euclidean,8,6,6
1963,euclidean,8,7,5
1963,euclidean,8,8,8
1968,greenacre_weighted_power_0175,8,1,6
1968,greenacre_weighted_power_0175,8,2,8
1968,greenacre_weighted_power_0175,8,3,4
1968,greenacre_weighted_power_0175,8,4,1
1968,greenacre_weighted_power_0175,8,5,5
1968,greenacre_weighted_power_0175,8,6,3
1968,greenacre_weighted_power_0175,8,7,7
1968,greenacre_weighted_power_0175,8,8,2
1968,greenacre_weighted_lra,8,1,3
1968,greenacre_weighted_lra,8,2,7
1968,greenacre_weighted_lra,8,3,4
1968,greenacre_weighted_lra,8,4,5
1968,greenacre_weighted_lra,8,5,2
1968,greenacre_weighted_lra,8,6,8
1968,greenacre_weighted_lra,8,7,6
1968,greenacre_weighted_lra,8,8,1
1968,aitchison,8,1,8
1968,aitchison,8,2,6
1968,aitchison,8,3,2
1968,aitchison,8,4,7
1968,aitchison,8,5,1
1968,aitchison,8,6,4
1968,aitchison,8,7,5
1968,aitchison,8,8,3
1968,alpha_0150,8,1,4
1968,alpha_0150,8,2,2
1968,alpha_0150,8,3,1
1968,alpha_0150,8,4,7
1968,alpha_0150,8,5,6
1968,alpha_0150,8,6,3
1968,alpha_0150,8,7,8
1968,alpha_0150,8,8,5
1968,greenacre_unweighted_power_0150,8,1,1
1968,greenacre_unweighted_power_0150,8,2,5
1968,greenacre_unweighted_power_0150,8,3,6
1968,greenacre_unweighted_power_0150,8,4,3
1968,greenacre_unweighted_power_0150,8,5,7
1968,greenacre_unweighted_power_0150,8,6,2
1968,greenacre_unweighted_power_0150,8,7,8
1968,greenacre_unweighted_power_0150,8,8,4
1968,euclidean,8,1,3
1968,euclidean,8,2,2
1968,euclidean,8,3,1
1968,euclidean,8,4,5
1968,euclidean,8,5,6
1968,euclidean,8,6,4
1968,euclidean,8,7,7
1968,euclidean,8,8,8
1972,greenacre_weighted_power_0175,8,1,4
1972,greenacre_weighted_power_0175,8,2,2
1972,greenacre_weighted_power_0175,8,3,7
1972,greenacre_weighted_power_0175,8,4,8
1972,greenacre_weighted_power_0175,8,5,6
1972,greenacre_weighted_power_0175,8,6,3
1972,greenacre_weighted_power_0175,8,7,5
1972,greenacre_weighted_power_0175,8,8,1
1972,greenacre_weighted_lra,8,1,4
1972,greenacre_weighted_lra,8,2,5
1972,greenacre_weighted_lra,8,3,6
1972,greenacre_weighted_lra,8,4,7
1972,greenacre_weighted_lra,8,5,2
1972,greenacre_weighted_lra,8,6,1
1972,greenacre_weighted_lra,8,7,8
1972,greenacre_weighted_lra,8,8,3
1972,aitchison,8,1,1
1972,aitchison,8,2,5
1972,aitchison,8,3,7
1972,aitchison,8,4,6
1972,aitchison,8,5,2
1972,aitchison,8,6,8
1972,aitchison,8,7,3
1972,aitchison,8,8,4
1972,alpha_0150,8,1,7
1972,alpha_0150,8,2,6
1972,alpha_0150,8,3,2
1972,alpha_0150,8,4,4
1972,alpha_0150,8,5,1
1972,alpha_0150,8,6,8
1972,alpha_0150,8,7,3
1972,alpha_0150,8,8,5
1972,greenacre_unweighted_power_0150,8,1,8
1972,greenacre_unweighted_power_0150,8,2,5
1972,greenacre_unweighted_power_0150,8,3,4
1972,greenacre_unweighted_power_0150,8,4,1
1972,greenacre_unweighted_power_0150,8,5,7
1972,greenacre_unweighted_power_0150,8,6,3
1972,greenacre_unweighted_power_0150,8,7,2
1972,greenacre_unweighted_power_0150,8,8,6
1972,euclidean,8,1,4
1972,euclidean,8,2,2
1972,euclidean,8,3,8
1972,euclidean,8,4,6
1972,euclidean,8,5,5
1972,euclidean,8,6,7
1972,euclidean,8,7,3
1972,euclidean,8,8,1
1976,greenacre_weighted_power_0175,8,1,4
1976,greenacre_weighted_power_0175,8,2,1
1976,greenacre_weighted_power_0175,8,3,7
1976,greenacre_weighted_power_0175,8,4,8
1976,greenacre_weighted_power_0175,8,5,2
1976,greenacre_weighted_power_0175,8,6,5
1976,greenacre_weighted_power_0175,8,7,6
1976,greenacre_weighted_power_0175,8,8,3
1976,greenacre_weighted_lra,8,1,7
1976,greenacre_weighted_lra,8,2,3
1976,greenacre_weighted_lra,8,3,5
1976,greenacre_weighted_lra,8,4,2
1976,greenacre_weighted_lra,8,5,8
1976,greenacre_weighted_lra,8,6,4
1976,greenacre_weighted_lra,8,7,6
1976,greenacre_weighted_lra,8,8,1
1976,aitchison,8,1,7
1976,aitchison,8,2,6
1976,aitchison,8,3,1
1976,aitchison,8,4,8
1976,aitchison,8,5,4
1976,aitchison,8,6,2
1976,aitchison,8,7,3
1976,aitchison,8,8,5
1976,alpha_0150,8,1,7
1976,alpha_0150,8,2,5
1976,alpha_0150,8,3,1
1976,alpha_0150,8,4,6
1976,alpha_0150,8,5,2
1976,alpha_0150,8,6,3
1976,alpha_0150,8,7,8
1976,alpha_0150,8,8,4
1976,greenacre_unweighted_power_0150,8,1,3
1976,greenacre_unweighted_power_0150,8,2,2
1976,greenacre_unweighted_power_0150,8,3,8
1976,greenacre_unweighted_power_0150,8,4,4
1976,greenacre_unweighted_power_0150,8,5,6
1976,greenacre_unweighted_power_0150,8,6,1
1976,greenacre_unweighted_power_0150,8,7,7
1976,greenacre_unweighted_power_0150,8,8,5
1976,euclidean,8,1,5
1976,euclidean,8,2,1
1976,euclidean,8,3,3
1976,euclidean,8,4,7
1976,euclidean,8,5,6
1976,euclidean,8,6,4
1976,euclidean,8,7,8
1976,euclidean,8,8,2
1979,greenacre_weighted_power_0175,8,1,7
1979,greenacre_weighted_power_0175,8,2,6
1979,greenacre_weighted_power_0175,8,3,8
1979,greenacre_weighted_power_0175,8,4,3
1979,greenacre_weighted_power_0175,8,5,4
1979,greenacre_weighted_power_0175,8,6,2
1979,greenacre_weighted_power_0175,8,7,1
1979,greenacre_weighted_power_0175,8,8,5
1979,greenacre_weighted_lra,8,1,5
1979,greenacre_weighted_lra,8,2,3
1979,greenacre_weighted_lra,8,3,2
1979,greenacre_weighted_lra,8,4,1
1979,greenacre_weighted_lra,8,5,8
1979,greenacre_weighted_lra,8,6,6
1979,greenacre_weighted_lra,8,7,7
1979,greenacre_weighted_lra,8,8,4
1979,aitchison,8,1,7
1979,aitchison,8,2,3
1979,aitchison,8,3,4
1979,aitchison,8,4,1
1979,aitchison,8,5,5
1979,aitchison,8,6,8
1979,aitchison,8,7,6
1979,aitchison,8,8,2
1979,alpha_0150,8,1,2
1979,alpha_0150,8,2,4
1979,alpha_0150,8,3,8
1979,alpha_0150,8,4,6
1979,alpha_0150,8,5,3
1979,alpha_0150,8,6,1
1979,alpha_0150,8,7,5
1979,alpha_0150,8,8,7
1979,greenacre_unweighted_power_0150,8,1,7
1979,greenacre_unweighted_power_0150,8,2,6
1979,greenacre_unweighted_power_0150,8,3,2
1979,greenacre_unweighted_power_0150,8,4,1
1979,greenacre_unweighted_power_0150,8,5,5
1979,greenacre_unweighted_power_0150,8,6,8
1979,greenacre_unweighted_power_0150,8,7,4
1979,greenacre_unweighted_power_0150,8,8,3
1979,euclidean,8,1,4
1979,euclidean,8,2,2
1979,euclidean,8,3,1
1979,euclidean,8,4,8
1979,euclidean,8,5,3
1979,euclidean,8,6,6
1979,euclidean,8,7,5
1979,euclidean,8,8,7
1983,greenacre_weighted_power_0175,8,1,3
1983,greenacre_weighted_power_0175,8,2,2
1983,greenacre_weighted_power_0175,8,3,8
1983,greenacre_weighted_power_0175,8,4,5
1983,greenacre_weighted_power_0175,8,5,6
1983,greenacre_weighted_power_0175,8,6,4
1983,greenacre_weighted_power_0175,8,7,7
1983,greenacre_weighted_power_0175,8,8,1
1983,greenacre_weighted_lra,8,1,2
1983,greenacre_weighted_lra,8,2,6
1983,greenacre_weighted_lra,8,3,5
1983,greenacre_weighted_lra,8,4,3
1983,greenacre_weighted_lra,8,5,4
1983,greenacre_weighted_lra,8,6,8
1983,greenacre_weighted_lra,8,7,7
1983,greenacre_weighted_lra,8,8,1
1983,aitchison,8,1,6
1983,aitchison,8,2,7
1983,aitchison,8,3,2
1983,aitchison,8,4,4
1983,aitchison,8,5,3
1983,aitchison,8,6,1
1983,aitchison,8,7,8
1983,aitchison,8,8,5
1983,alpha_0150,8,1,7
1983,alpha_0150,8,2,1
1983,alpha_0150,8,3,5
1983,alpha_0150,8,4,6
1983,alpha_0150,8,5,8
1983,alpha_0150,8,6,3
1983,alpha_0150,8,7,4
1983,alpha_0150,8,8,2
1983,greenacre_unweighted_power_0150,8,1,7
1983,greenacre_unweighted_power_0150,8,2,3
1983,greenacre_unweighted_power_0150,8,3,8
1983,greenacre_unweighted_power_0150,8,4,2
1983,greenacre_unweighted_power_0150,8,5,6
1983,greenacre_unweighted_power_0150,8,6,1
1983,greenacre_unweighted_power_0150,8,7,5
1983,greenacre_unweighted_power_0150,8,8,4
1983,euclidean,8,1,7
1983,euclidean,8,2,1
1983,euclidean,8,3,2
1983,euclidean,8,4,6
1983,euclidean,8,5,5
1983,euclidean,8,6,4
1983,euclidean,8,7,8
1983,euclidean,8,8,3
1987,greenacre_weighted_power_0175,8,1,5
1987,greenacre_weighted_power_0175,8,2,6
1987,greenacre_weighted_power_0175,8,3,4
1987,greenacre_weighted_power_0175,8,4,3
1987,greenacre_weighted_power_0175,8,5,2
1987,greenacre_weighted_power_0175,8,6,8
1987,greenacre_weighted_power_0175,8,7,7
1987,greenacre_weighted_power_0175,8,8,1
1987,greenacre_weighted_lra,8,1,5
1987,greenacre_weighted_lra,8,2,3
1987,greenacre_weighted_lra,8,3,2
1987,greenacre_weighted_lra,8,4,1
1987,greenacre_weighted_lra,8,5,6
1987,greenacre_weighted_lra,8,6,8
1987,greenacre_weighted_lra,8,7,7
1987,greenacre_weighted_lra,8,8,4
1987,aitchison,8,1,5
1987,aitchison,8,2,8
1987,aitchison,8,3,7
1987,aitchison,8,4,3
1987,aitchison,8,5,2
1987,aitchison,8,6,4
1987,aitchison,8,7,6
1987,aitchison,8,8,1
1987,alpha_0150,8,1,3
1987,alpha_0150,8,2,6
1987,alpha_0150,8,3,1
1987,alpha_0150,8,4,5
1987,alpha_0150,8,5,7
1987,alpha_0150,8,6,2
1987,alpha_0150,8,7,8
1987,alpha_0150,8,8,4
1987,greenacre_unweighted_power_0150,8,1,3
1987,greenacre_unweighted_power_0150,8,2,2
1987,greenacre_unweighted_power_0150,8,3,5
1987,greenacre_unweighted_power_0150,8,4,7
1987,greenacre_unweighted_power_0150,8,5,6
1987,greenacre_unweighted_power_0150,8,6,8
1987,greenacre_unweighted_power_0150,8,7,4
1987,greenacre_unweighted_power_0150,8,8,1
1987,euclidean,8,1,6
1987,euclidean,8,2,2
1987,euclidean,8,3,7
1987,euclidean,8,4,8
1987,euclidean,8,5,3
1987,euclidean,8,6,5
1987,euclidean,8,7,4
1987,euclidean,8,8,1
1992,greenacre_weighted_power_0175,8,1,7
1992,greenacre_weighted_power_0175,8,2,6
1992,greenacre_weighted_power_0175,8,3,1
1992,greenacre_weighted_power_0175,8,4,5
1992,greenacre_weighted_power_0175,8,5,2
1992,greenacre_weighted_power_0175,8,6,8
1992,greenacre_weighted_power_0175,8,7,3
1992,greenacre_weighted_power_0175,8,8,4
1992,greenacre_weighted_lra,8,1,4
1992,greenacre_weighted_lra,8,2,7
1992,greenacre_weighted_lra,8,3,5
1992,greenacre_weighted_lra,8,4,6
1992,greenacre_weighted_lra,8,5,1
1992,greenacre_weighted_lra,8,6,8
1992,greenacre_weighted_lra,8,7,3
1992,greenacre_weighted_lra,8,8,2
1992,aitchison,8,1,5
1992,aitchison,8,2,3
1992,aitchison,8,3,8
1992,aitchison,8,4,4
1992,aitchison,8,5,1
1992,aitchison,8,6,6
1992,aitchison,8,7,7
1992,aitchison,8,8,2
1992,alpha_0150,8,1,4
1992,alpha_0150,8,2,6
1992,alpha_0150,8,3,7
1992,alpha_0150,8,4,3
1992,alpha_0150,8,5,8
1992,alpha_0150,8,6,1
1992,alpha_0150,8,7,5
1992,alpha_0150,8,8,2
1992,greenacre_unweighted_power_0150,8,1,7
1992,greenacre_unweighted_power_0150,8,2,5
1992,greenacre_unweighted_power_0150,8,3,3
1992,greenacre_unweighted_power_0150,8,4,8
1992,greenacre_unweighted_power_0150,8,5,4
1992,greenacre_unweighted_power_0150,8,6,1
1992,greenacre_unweighted_power_0150,8,7,2
1992,greenacre_unweighted_power_0150,8,8,6
1992,euclidean,8,1,6
1992,euclidean,8,2,7
1992,euclidean,8,3,1
1992,euclidean,8,4,3
1992,euclidean,8,5,2
1992,euclidean,8,6,8
1992,euclidean,8,7,4
1992,euclidean,8,8,5
1994,greenacre_weighted_power_0175,8,1,7
1994,greenacre_weighted_power_0175,8,2,5
1994,greenacre_weighted_power_0175,8,3,4
1994,greenacre_weighted_power_0175,8,4,1
1994,greenacre_weighted_power_0175,8,5,2
1994,greenacre_weighted_power_0175,8,6,3
1994,greenacre_weighted_power_0175,8,7,6
1994,greenacre_weighted_power_0175,8,8,8
1994,greenacre_weighted_lra,8,1,5
1994,greenacre_weighted_lra,8,2,4
1994,greenacre_weighted_lra,8,3,2
1994,greenacre_weighted_lra,8,4,7
1994,greenacre_weighted_lra,8,5,1
1994,greenacre_weighted_lra,8,6,6
1994,greenacre_weighted_lra,8,7,3
1994,greenacre_weighted_lra,8,8,8
1994,aitchison,8,1,5
1994,aitchison,8,2,3
1994,aitchison,8,3,1
1994,aitchison,8,4,4
1994,aitchison,8,5,2
1994,aitchison,8,6,8
1994,aitchison,8,7,6
1994,aitchison,8,8,7
1994,alpha_0150,8,1,5
1994,alpha_0150,8,2,6
1994,alpha_0150,8,3,3
1994,alpha_0150,8,4,7
1994,alpha_0150,8,5,4
1994,alpha_0150,8,6,1
1994,alpha_0150,8,7,2
1994,alpha_0150,8,8,8
1994,greenacre_unweighted_power_0150,8,1,1
1994,greenacre_unweighted_power_0150,8,2,2
1994,greenacre_unweighted_power_0150,8,3,6
1994,greenacre_unweighted_power_0150,8,4,7
1994,greenacre_unweighted_power_0150,8,5,4
1994,greenacre_unweighted_power_0150,8,6,3
1994,greenacre_unweighted_power_0150,8,7,5
1994,greenacre_unweighted_power_0150,8,8,8
1994,euclidean,8,1,4
1994,euclidean,8,2,5
1994,euclidean,8,3,1
1994,euclidean,8,4,2
1994,euclidean,8,5,3
1994,euclidean,8,6,8
1994,euclidean,8,7,6
1994,euclidean,8,8,7
1996,greenacre_weighted_power_0175,8,1,7
1996,greenacre_weighted_power_0175,8,2,4
1996,greenacre_weighted_power_0175,8,3,2
1996,greenacre_weighted_power_0175,8,4,1
1996,greenacre_weighted_power_0175,8,5,6
1996,greenacre_weighted_power_0175,8,6,5
1996,greenacre_weighted_power_0175,8,7,8
1996,greenacre_weighted_power_0175,8,8,3
1996,greenacre_weighted_lra,8,1,4
1996,greenacre_weighted_lra,8,2,1
1996,greenacre_weighted_lra,8,3,6
1996,greenacre_weighted_lra,8,4,2
1996,greenacre_weighted_lra,8,5,5
1996,greenacre_weighted_lra,8,6,8
1996,greenacre_weighted_lra,8,7,7
1996,greenacre_weighted_lra,8,8,3
1996,aitchison,8,1,1
1996,aitchison,8,2,7
1996,aitchison,8,3,6
1996,aitchison,8,4,8
1996,aitchison,8,5,5
1996,aitchison,8,6,2
1996,aitchison,8,7,3
1996,aitchison,8,8,4
1996,alpha_0150,8,1,3
1996,alpha_0150,8,2,2
1996,alpha_0150,8,3,7
1996,alpha_0150,8,4,5
1996,alpha_0150,8,5,4
1996,alpha_0150,8,6,1
1996,alpha_0150,8,7,8
1996,alpha_0150,8,8,6
1996,greenacre_unweighted_power_0150,8,1,4
1996,greenacre_unweighted_power_0150,8,2,7
1996,greenacre_unweighted_power_0150,8,3,3
1996,greenacre_unweighted_power_0150,8,4,2
1996,greenacre_unweighted_power_0150,8,5,1
1996,greenacre_unweighted_power_0150,8,6,6
1996,greenacre_unweighted_power_0150,8,7,8
1996,greenacre_unweighted_power_0150,8,8,5
1996,euclidean,8,1,3
1996,euclidean,8,2,2
1996,euclidean,8,3,8
1996,euclidean,8,4,5
1996,euclidean,8,5,1
1996,euclidean,8,6,4
1996,euclidean,8,7,6
1996,euclidean,8,8,7
2001,greenacre_weighted_power_0175,8,1,8
2001,greenacre_weighted_power_0175,8,2,7
2001,greenacre_weighted_power_0175,8,3,1
2001,greenacre_weighted_power_0175,8,4,2
2001,greenacre_weighted_power_0175,8,5,3
2001,greenacre_weighted_power_0175,8,6,5
2001,greenacre_weighted_power_0175,8,7,4
2001,greenacre_weighted_power_0175,8,8,6
2001,greenacre_weighted_lra,8,1,6
2001,greenacre_weighted_lra,8,2,5
2001,greenacre_weighted_lra,8,3,4
2001,greenacre_weighted_lra,8,4,1
2001,greenacre_weighted_lra,8,5,2
2001,greenacre_weighted_lra,8,6,8
2001,greenacre_weighted_lra,8,7,3
2001,greenacre_weighted_lra,8,8,7
2001,aitchison,8,1,8
2001,aitchison,8,2,4
2001,aitchison,8,3,5
2001,aitchison,8,4,7
2001,aitchison,8,5,3
2001,aitchison,8,6,6
2001,aitchison,8,7,1
2001,aitchison,8,8,2
2001,alpha_0150,8,1,1
2001,alpha_0150,8,2,3
2001,alpha_0150,8,3,6
2001,alpha_0150,8,4,5
2001,alpha_0150,8,5,7
2001,alpha_0150,8,6,8
2001,alpha_0150,8,7,2
2001,alpha_0150,8,8,4
2001,greenacre_unweighted_power_0150,8,1,2
2001,greenacre_unweighted_power_0150,8,2,7
2001,greenacre_unweighted_power_0150,8,3,5
2001,greenacre_unweighted_power_0150,8,4,4
2001,greenacre_unweighted_power_0150,8,5,1
2001,greenacre_unweighted_power_0150,8,6,3
2001,greenacre_unweighted_power_0150,8,7,8
2001,greenacre_unweighted_power_0150,8,8,6
2001,euclidean,8,1,8
2001,euclidean,8,2,4
2001,euclidean,8,3,3
2001,euclidean,8,4,5
2001,euclidean,8,5,6
2001,euclidean,8,6,7
2001,euclidean,8,7,2
2001,euclidean,8,8,1
2006,greenacre_weighted_power_0175,8,1,4
2006,greenacre_weighted_power_0175,8,2,3
2006,greenacre_weighted_power_0175,8,3,7
2006,greenacre_weighted_power_0175,8,4,2
2006,greenacre_weighted_power_0175,8,5,6
2006,greenacre_weighted_power_0175,8,6,5
2006,greenacre_weighted_power_0175,8,7,1
2006,greenacre_weighted_power_0175,8,8,8
2006,greenacre_weighted_lra,8,1,7
2006,greenacre_weighted_lra,8,2,8
2006,greenacre_weighted_lra,8,3,1
2006,greenacre_weighted_lra,8,4,4
2006,greenacre_weighted_lra,8,5,2
2006,greenacre_weighted_lra,8,6,6
2006,greenacre_weighted_lra,8,7,3
2006,greenacre_weighted_lra,8,8,5
2006,aitchison,8,1,1
2006,aitchison,8,2,2
2006,aitchison,8,3,7
2006,aitchison,8,4,5
2006,aitchison,8,5,8
2006,aitchison,8,6,3
2006,aitchison,8,7,6
2006,aitchison,8,8,4
2006,alpha_0150,8,1,3
2006,alpha_0150,8,2,2
2006,alpha_0150,8,3,4
2006,alpha_0150,8,4,1
2006,alpha_0150,8,5,6
2006,alpha_0150,8,6,8
2006,alpha_0150,8,7,5
2006,alpha_0150,8,8,7
2006,greenacre_unweighted_power_0150,8,1,6
2006,greenacre_unweighted_power_0150,8,2,3
2006,greenacre_unweighted_power_0150,8,3,4
2006,greenacre_unweighted_power_0150,8,4,2
2006,greenacre_unweighted_power_0150,8,5,7
2006,greenacre_unweighted_power_0150,8,6,8
2006,greenacre_unweighted_power_0150,8,7,5
2006,greenacre_unweighted_power_0150,8,8,1
2006,euclidean,8,1,6
2006,euclidean,8,2,3
2006,euclidean,8,3,1
2006,euclidean,8,4,2
2006,euclidean,8,5,4
2006,euclidean,8,6,7
2006,euclidean,8,7,5
2006,euclidean,8,8,8
2008,greenacre_weighted_power_0175,8,1,1
2008,greenacre_weighted_power_0175,8,2,6
2008,greenacre_weighted_power_0175,8,3,7
2008,greenacre_weighted_power_0175,8,4,4
2008,greenacre_weighted_power_0175,8,5,8
2008,greenacre_weighted_power_0175,8,6,5
2008,greenacre_weighted_power_0175,8,7,3
2008,greenacre_weighted_power_0175,8,8,2
2008,greenacre_weighted_lra,8,1,7
2008,greenacre_weighted_lra,8,2,4
2008,greenacre_weighted_lra,8,3,6
2008,greenacre_weighted_lra,8,4,8
2008,greenacre_weighted_lra,8,5,5
2008,greenacre_weighted_lra,8,6,3
2008,greenacre_weighted_lra,8,7,2
2008,greenacre_weighted_lra,8,8,1
2008,aitchison,8,1,4
2008,aitchison,8,2,3
2008,aitchison,8,3,1
2008,aitchison,8,4,5
2008,aitchison,8,5,2
2008,aitchison,8,6,6
2008,aitchison,8,7,7
2008,aitchison,8,8,8
2008,alpha_0150,8,1,5
2008,alpha_0150,8,2,8
2008,alpha_0150,8,3,7
2008,alpha_0150,8,4,3
2008,alpha_0150,8,5,2
2008,alpha_0150,8,6,6
2008,alpha_0150,8,7,1
2008,alpha_0150,8,8,4
2008,greenacre_unweighted_power_0150,8,1,1
2008,greenacre_unweighted_power_0150,8,2,6
2008,greenacre_unweighted_power_0150,8,3,5
2008,greenacre_unweighted_power_0150,8,4,8
2008,greenacre_unweighted_power_0150,8,5,3
2008,greenacre_unweighted_power_0150,8,6,2
2008,greenacre_unweighted_power_0150,8,7,4
2008,greenacre_unweighted_power_0150,8,8,7
2008,euclidean,8,1,3
2008,euclidean,8,2,5
2008,euclidean,8,3,6
2008,euclidean,8,4,4
2008,euclidean,8,5,7
2008,euclidean,8,6,8
2008,euclidean,8,7,2
2008,euclidean,8,8,1
2013,greenacre_weighted_power_0175,8,1,3
2013,greenacre_weighted_power_0175,8,2,6
2013,greenacre_weighted_power_0175,8,3,7
2013,greenacre_weighted_power_0175,8,4,2
2013,greenacre_weighted_power_0175,8,5,4
2013,greenacre_weighted_power_0175,8,6,8
2013,greenacre_weighted_power_0175,8,7,5
2013,greenacre_weighted_power_0175,8,8,1
2013,greenacre_weighted_lra,8,1,8
2013,greenacre_weighted_lra,8,2,6
2013,greenacre_weighted_lra,8,3,1
2013,greenacre_weighted_lra,8,4,7
2013,greenacre_weighted_lra,8,5,2
2013,greenacre_weighted_lra,8,6,4
2013,greenacre_weighted_lra,8,7,3
2013,greenacre_weighted_lra,8,8,5
2013,aitchison,8,1,8
2013,aitchison,8,2,2
2013,aitchison,8,3,7
2013,aitchison,8,4,6
2013,aitchison,8,5,5
2013,aitchison,8,6,4
2013,aitchison,8,7,1
2013,aitchison,8,8,3
2013,alpha_0150,8,1,5
2013,alpha_0150,8,2,1
2013,alpha_0150,8,3,7
2013,alpha_0150,8,4,2
2013,alpha_0150,8,5,3
2013,alpha_0150,8,6,4
2013,alpha_0150,8,7,8
2013,alpha_0150,8,8,6
2013,greenacre_unweighted_power_0150,8,1,3
2013,greenacre_unweighted_power_0150,8,2,6
2013,greenacre_unweighted_power_0150,8,3,2
2013,greenacre_unweighted_power_0150,8,4,5
2013,greenacre_unweighted_power_0150,8,5,8
2013,greenacre_unweighted_power_0150,8,6,1
2013,greenacre_unweighted_power_0150,8,7,7
2013,greenacre_unweighted_power_0150,8,8,4
2013,euclidean,8,1,4
2013,euclidean,8,2,7
2013,euclidean,8,3,1
2013,euclidean,8,4,6
2013,euclidean,8,5,8
2013,euclidean,8,6,5
2013,euclidean,8,7,2
2013,euclidean,8,8,3
2018,greenacre_weighted_power_0175,8,1,3
2018,greenacre_weighted_power_0175,8,2,4
2018,greenacre_weighted_power_0175,8,3,5
2018,greenacre_weighted_power_0175,8,4,6
2018,greenacre_weighted_power_0175,8,5,7
2018,greenacre_weighted_power_0175,8,6,8
2018,greenacre_weighted_power_0175,8,7,1
2018,greenacre_weighted_power_0175,8,8,2
2018,greenacre_weighted_lra,8,1,5
2018,greenacre_weighted_lra,8,2,1
2018,greenacre_weighted_lra,8,3,8
2018,greenacre_weighted_lra,8,4,6
2018,greenacre_weighted_lra,8,5,3
2018,greenacre_weighted_lra,8,6,4
2018,greenacre_weighted_lra,8,7,2
2018,greenacre_weighted_lra,8,8,7
2018,aitchison,8,1,4
2018,aitchison,8,2,2
2018,aitchison,8,3,8
2018,aitchison,8,4,1
2018,aitchison,8,5,3
2018,aitchison,8,6,5
2018,aitchison,8,7,6
2018,aitchison,8,8,7
2018,alpha_0150,8,1,8
2018,alpha_0150,8,2,2
2018,alpha_0150,8,3,5
2018,alpha_0150,8,4,3
2018,alpha_0150,8,5,1
2018,alpha_0150,8,6,6
2018,alpha_0150,8,7,4
2018,alpha_0150,8,8,7
2018,greenacre_unweighted_power_0150,8,1,6
2018,greenacre_unweighted_power_0150,8,2,2
2018,greenacre_unweighted_power_0150,8,3,5
2018,greenacre_unweighted_power_0150,8,4,7
2018,greenacre_unweighted_power_0150,8,5,1
2018,greenacre_unweighted_power_0150,8,6,3
2018,greenacre_unweighted_power_0150,8,7,8
2018,greenacre_unweighted_power_0150,8,8,4
2018,euclidean,8,1,2
2018,euclidean,8,2,7
2018,euclidean,8,3,3
2018,euclidean,8,4,1
2018,euclidean,8,5,4
2018,euclidean,8,6,5
2018,euclidean,8,7,6
2018,euclidean,8,8,8
2022,greenacre_weighted_power_0175,8,1,2
2022,greenacre_weighted_power_0175,8,2,5
2022,greenacre_weighted_power_0175,8,3,1
2022,greenacre_weighted_power_0175,8,4,3
2022,greenacre_weighted_power_0175,8,5,4
2022,greenacre_weighted_power_0175,8,6,7
2022,greenacre_weighted_power_0175,8,7,6
2022,greenacre_weighted_power_0175,8,8,8
2022,greenacre_weighted_lra,8,1,2
2022,greenacre_weighted_lra,8,2,4
2022,greenacre_weighted_lra,8,3,5
2022,greenacre_weighted_lra,8,4,3
2022,greenacre_weighted_lra,8,5,1
2022,greenacre_weighted_lra,8,6,6
2022,greenacre_weighted_lra,8,7,7
2022,greenacre_weighted_lra,8,8,8
2022,aitchison,8,1,1
2022,aitchison,8,2,7
2022,aitchison,8,3,6
2022,aitchison,8,4,2
2022,aitchison,8,5,3
2022,aitchison,8,6,5
2022,aitchison,8,7,8
2022,aitchison,8,8,4
2022,alpha_0150,8,1,4
2022,alpha_0150,8,2,1
2022,alpha_0150,8,3,8
2022,alpha_0150,8,4,5
2022,alpha_0150,8,5,3
2022,alpha_0150,8,6,7
2022,alpha_0150,8,7,6
2022,alpha_0150,8,8,2
2022,greenacre_unweighted_power_0150,8,1,1
2022,greenacre_unweighted_power_0150,8,2,8
2022,greenacre_unweighted_power_0150,8,3,3
2022,greenacre_unweighted_power_0150,8,4,6
2022,greenacre_unweighted_power_0150,8,5,5
2022,greenacre_unweighted_power_0150,8,6,4
2022,greenacre_unweighted_power_0150,8,7,7
2022,greenacre_unweighted_power_0150,8,8,2
2022,euclidean,8,1,6
2022,euclidean,8,2,8
2022,euclidean,8,3,2
2022,euclidean,8,4,1
2022,euclidean,8,5,7
2022,euclidean,8,6,3
2022,euclidean,8,7,5
2022,euclidean,8,8,4
