territory,previous_display_cluster,current_display_cluster,coassignment_instability,year_previous,year_current,adjusted_rand,changed_display_cluster
ASCOLI PICENO,4,2,1,1948,1953,0.6759054614346339,TRUE
ASTI,3,4,1,1948,1953,0.6759054614346339,TRUE
CAMPOBASSO,4,3,0.9833333333333332,1948,1953,0.6759054614346339,TRUE
ISERNIA,4,3,0.9833333333333332,1948,1953,0.6759054614346339,TRUE
CREMONA,1,2,0.962962962962963,1948,1953,0.6759054614346339,TRUE
PIACENZA,1,2,0.962962962962963,1948,1953,0.6759054614346339,TRUE
IMPERIA,3,2,0.945945945945946,1948,1953,0.6759054614346339,TRUE
LUCCA,3,2,0.945945945945946,1948,1953,0.6759054614346339,TRUE
TORINO,3,2,0.945945945945946,1948,1953,0.6759054614346339,TRUE
BOLOGNA,1,1,0.7083333333333333,1948,1953,0.6759054614346339,FALSE
FERRARA,1,1,0.7083333333333333,1948,1953,0.6759054614346339,FALSE
FORLÌ-CESENA,1,1,0.7083333333333333,1948,1953,0.6759054614346339,FALSE
MANTOVA,1,1,0.7083333333333333,1948,1953,0.6759054614346339,FALSE
MODENA,1,1,0.7083333333333333,1948,1953,0.6759054614346339,FALSE
PARMA,1,1,0.7083333333333333,1948,1953,0.6759054614346339,FALSE
RAVENNA,1,1,0.7083333333333333,1948,1953,0.6759054614346339,FALSE
REGGIO NELL'EMILIA,1,1,0.7083333333333333,1948,1953,0.6759054614346339,FALSE
ALESSANDRIA,2,2,0.6176470588235294,1948,1953,0.6759054614346339,FALSE
BIELLA,2,2,0.6176470588235294,1948,1953,0.6759054614346339,FALSE
FERMO,2,2,0.6176470588235294,1948,1953,0.6759054614346339,FALSE
GENOVA,2,2,0.6176470588235294,1948,1953,0.6759054614346339,FALSE
LODI,2,2,0.6176470588235294,1948,1953,0.6759054614346339,FALSE
MACERATA,2,2,0.6176470588235294,1948,1953,0.6759054614346339,FALSE
MASSA-CARRARA,2,2,0.6176470588235294,1948,1953,0.6759054614346339,FALSE
MILANO,2,2,0.6176470588235294,1948,1953,0.6759054614346339,FALSE
NOVARA,2,2,0.6176470588235294,1948,1953,0.6759054614346339,FALSE
PAVIA,2,2,0.6176470588235294,1948,1953,0.6759054614346339,FALSE
SAVONA,2,2,0.6176470588235294,1948,1953,0.6759054614346339,FALSE
VENEZIA,2,2,0.6176470588235294,1948,1953,0.6759054614346339,FALSE
VERBANO-CUSIO-OSSOLA,2,2,0.6176470588235294,1948,1953,0.6759054614346339,FALSE
VERCELLI,2,2,0.6176470588235294,1948,1953,0.6759054614346339,FALSE
ANCONA,2,1,0.6111111111111112,1948,1953,0.6759054614346339,TRUE
AREZZO,2,1,0.6111111111111112,1948,1953,0.6759054614346339,TRUE
FIRENZE,2,1,0.6111111111111112,1948,1953,0.6759054614346339,TRUE
GROSSETO,2,1,0.6111111111111112,1948,1953,0.6759054614346339,TRUE
LA SPEZIA,2,1,0.6111111111111112,1948,1953,0.6759054614346339,TRUE
LIVORNO,2,1,0.6111111111111112,1948,1953,0.6759054614346339,TRUE
PERUGIA,2,1,0.6111111111111112,1948,1953,0.6759054614346339,TRUE
PESARO E URBINO,2,1,0.6111111111111112,1948,1953,0.6759054614346339,TRUE
PISA,2,1,0.6111111111111112,1948,1953,0.6759054614346339,TRUE
PISTOIA,2,1,0.6111111111111112,1948,1953,0.6759054614346339,TRUE
PRATO,2,1,0.6111111111111112,1948,1953,0.6759054614346339,TRUE
RIMINI,2,1,0.6111111111111112,1948,1953,0.6759054614346339,TRUE
ROVIGO,2,1,0.6111111111111112,1948,1953,0.6759054614346339,TRUE
SIENA,2,1,0.6111111111111112,1948,1953,0.6759054614346339,TRUE
TERNI,2,1,0.6111111111111112,1948,1953,0.6759054614346339,TRUE
BELLUNO,3,3,0.2727272727272727,1948,1953,0.6759054614346339,FALSE
BERGAMO,3,3,0.2727272727272727,1948,1953,0.6759054614346339,FALSE
BOLZANO/BOZEN,3,3,0.2727272727272727,1948,1953,0.6759054614346339,FALSE
BRESCIA,3,3,0.2727272727272727,1948,1953,0.6759054614346339,FALSE
COMO,3,3,0.2727272727272727,1948,1953,0.6759054614346339,FALSE
CUNEO,3,3,0.2727272727272727,1948,1953,0.6759054614346339,FALSE
LECCO,3,3,0.2727272727272727,1948,1953,0.6759054614346339,FALSE
MONZA E DELLA BRIANZA,3,3,0.2727272727272727,1948,1953,0.6759054614346339,FALSE
PADOVA,3,3,0.2727272727272727,1948,1953,0.6759054614346339,FALSE
PORDENONE,3,3,0.2727272727272727,1948,1953,0.6759054614346339,FALSE
SONDRIO,3,3,0.2727272727272727,1948,1953,0.6759054614346339,FALSE
TRENTO,3,3,0.2727272727272727,1948,1953,0.6759054614346339,FALSE
TREVISO,3,3,0.2727272727272727,1948,1953,0.6759054614346339,FALSE
UDINE,3,3,0.2727272727272727,1948,1953,0.6759054614346339,FALSE
VARESE,3,3,0.2727272727272727,1948,1953,0.6759054614346339,FALSE
VERONA,3,3,0.2727272727272727,1948,1953,0.6759054614346339,FALSE
VICENZA,3,3,0.2727272727272727,1948,1953,0.6759054614346339,FALSE
AGRIGENTO,4,4,0.09090909090909094,1948,1953,0.6759054614346339,FALSE
AVELLINO,4,4,0.09090909090909094,1948,1953,0.6759054614346339,FALSE
BARI,4,4,0.09090909090909094,1948,1953,0.6759054614346339,FALSE
BARLETTA-ANDRIA-TRANI,4,4,0.09090909090909094,1948,1953,0.6759054614346339,FALSE
BENEVENTO,4,4,0.09090909090909094,1948,1953,0.6759054614346339,FALSE
BRINDISI,4,4,0.09090909090909094,1948,1953,0.6759054614346339,FALSE
CAGLIARI,4,4,0.09090909090909094,1948,1953,0.6759054614346339,FALSE
CALTANISSETTA,4,4,0.09090909090909094,1948,1953,0.6759054614346339,FALSE
CASERTA,4,4,0.09090909090909094,1948,1953,0.6759054614346339,FALSE
CATANIA,4,4,0.09090909090909094,1948,1953,0.6759054614346339,FALSE
CATANZARO,4,4,0.09090909090909094,1948,1953,0.6759054614346339,FALSE
CHIETI,4,4,0.09090909090909094,1948,1953,0.6759054614346339,FALSE
COSENZA,4,4,0.09090909090909094,1948,1953,0.6759054614346339,FALSE
CROTONE,4,4,0.09090909090909094,1948,1953,0.6759054614346339,FALSE
ENNA,4,4,0.09090909090909094,1948,1953,0.6759054614346339,FALSE
FOGGIA,4,4,0.09090909090909094,1948,1953,0.6759054614346339,FALSE
FROSINONE,4,4,0.09090909090909094,1948,1953,0.6759054614346339,FALSE
L'AQUILA,4,4,0.09090909090909094,1948,1953,0.6759054614346339,FALSE
LATINA,4,4,0.09090909090909094,1948,1953,0.6759054614346339,FALSE
LECCE,4,4,0.09090909090909094,1948,1953,0.6759054614346339,FALSE
MATERA,4,4,0.09090909090909094,1948,1953,0.6759054614346339,FALSE
MESSINA,4,4,0.09090909090909094,1948,1953,0.6759054614346339,FALSE
NAPOLI,4,4,0.09090909090909094,1948,1953,0.6759054614346339,FALSE
NUORO,4,4,0.09090909090909094,1948,1953,0.6759054614346339,FALSE
ORISTANO,4,4,0.09090909090909094,1948,1953,0.6759054614346339,FALSE
PALERMO,4,4,0.09090909090909094,1948,1953,0.6759054614346339,FALSE
PESCARA,4,4,0.09090909090909094,1948,1953,0.6759054614346339,FALSE
POTENZA,4,4,0.09090909090909094,1948,1953,0.6759054614346339,FALSE
RAGUSA,4,4,0.09090909090909094,1948,1953,0.6759054614346339,FALSE
REGGIO CALABRIA,4,4,0.09090909090909094,1948,1953,0.6759054614346339,FALSE
RIETI,4,4,0.09090909090909094,1948,1953,0.6759054614346339,FALSE
ROMA,4,4,0.09090909090909094,1948,1953,0.6759054614346339,FALSE
SALERNO,4,4,0.09090909090909094,1948,1953,0.6759054614346339,FALSE
SASSARI,4,4,0.09090909090909094,1948,1953,0.6759054614346339,FALSE
SIRACUSA,4,4,0.09090909090909094,1948,1953,0.6759054614346339,FALSE
SUD SARDEGNA,4,4,0.09090909090909094,1948,1953,0.6759054614346339,FALSE
TARANTO,4,4,0.09090909090909094,1948,1953,0.6759054614346339,FALSE
TERAMO,4,4,0.09090909090909094,1948,1953,0.6759054614346339,FALSE
TRAPANI,4,4,0.09090909090909094,1948,1953,0.6759054614346339,FALSE
VIBO VALENTIA,4,4,0.09090909090909094,1948,1953,0.6759054614346339,FALSE
VITERBO,4,4,0.09090909090909094,1948,1953,0.6759054614346339,FALSE
ASTI,4,3,1,1953,1958,0.5991730457618595,TRUE
CAMPOBASSO,3,1,0.975,1953,1958,0.5991730457618595,TRUE
ISERNIA,3,1,0.975,1953,1958,0.5991730457618595,TRUE
BARI,4,1,0.9508196721311476,1953,1958,0.5991730457618595,TRUE
BARLETTA-ANDRIA-TRANI,4,1,0.9508196721311476,1953,1958,0.5991730457618595,TRUE
FOGGIA,4,1,0.9508196721311476,1953,1958,0.5991730457618595,TRUE
RIETI,4,1,0.9508196721311476,1953,1958,0.5991730457618595,TRUE
GORIZIA,2,3,0.9473684210526316,1953,1958,0.5991730457618595,TRUE
IMPERIA,2,3,0.9473684210526316,1953,1958,0.5991730457618595,TRUE
LUCCA,2,3,0.9473684210526316,1953,1958,0.5991730457618595,TRUE
ASCOLI PICENO,2,1,0.8974358974358975,1953,1958,0.5991730457618595,TRUE
CREMONA,2,1,0.8974358974358975,1953,1958,0.5991730457618595,TRUE
FERMO,2,1,0.8974358974358975,1953,1958,0.5991730457618595,TRUE
MACERATA,2,1,0.8974358974358975,1953,1958,0.5991730457618595,TRUE
VENEZIA,2,1,0.8974358974358975,1953,1958,0.5991730457618595,TRUE
FIRENZE,1,2,0.7428571428571429,1953,1958,0.5991730457618595,TRUE
LA SPEZIA,1,2,0.7428571428571429,1953,1958,0.5991730457618595,TRUE
LIVORNO,1,2,0.7428571428571429,1953,1958,0.5991730457618595,TRUE
MODENA,1,2,0.7428571428571429,1953,1958,0.5991730457618595,TRUE
PARMA,1,2,0.7428571428571429,1953,1958,0.5991730457618595,TRUE
PISA,1,2,0.7428571428571429,1953,1958,0.5991730457618595,TRUE
PISTOIA,1,2,0.7428571428571429,1953,1958,0.5991730457618595,TRUE
PRATO,1,2,0.7428571428571429,1953,1958,0.5991730457618595,TRUE
REGGIO NELL'EMILIA,1,2,0.7428571428571429,1953,1958,0.5991730457618595,TRUE
ROVIGO,1,2,0.7428571428571429,1953,1958,0.5991730457618595,TRUE
ANCONA,1,1,0.6363636363636364,1953,1958,0.5991730457618595,FALSE
AREZZO,1,1,0.6363636363636364,1953,1958,0.5991730457618595,FALSE
BOLOGNA,1,1,0.6363636363636364,1953,1958,0.5991730457618595,FALSE
FERRARA,1,1,0.6363636363636364,1953,1958,0.5991730457618595,FALSE
FORLÌ-CESENA,1,1,0.6363636363636364,1953,1958,0.5991730457618595,FALSE
GROSSETO,1,1,0.6363636363636364,1953,1958,0.5991730457618595,FALSE
MANTOVA,1,1,0.6363636363636364,1953,1958,0.5991730457618595,FALSE
PERUGIA,1,1,0.6363636363636364,1953,1958,0.5991730457618595,FALSE
PESARO E URBINO,1,1,0.6363636363636364,1953,1958,0.5991730457618595,FALSE
RAVENNA,1,1,0.6363636363636364,1953,1958,0.5991730457618595,FALSE
RIMINI,1,1,0.6363636363636364,1953,1958,0.5991730457618595,FALSE
SIENA,1,1,0.6363636363636364,1953,1958,0.5991730457618595,FALSE
TERNI,1,1,0.6363636363636364,1953,1958,0.5991730457618595,FALSE
ALESSANDRIA,2,2,0.6,1953,1958,0.5991730457618595,FALSE
BIELLA,2,2,0.6,1953,1958,0.5991730457618595,FALSE
GENOVA,2,2,0.6,1953,1958,0.5991730457618595,FALSE
LODI,2,2,0.6,1953,1958,0.5991730457618595,FALSE
MASSA-CARRARA,2,2,0.6,1953,1958,0.5991730457618595,FALSE
MILANO,2,2,0.6,1953,1958,0.5991730457618595,FALSE
NOVARA,2,2,0.6,1953,1958,0.5991730457618595,FALSE
PAVIA,2,2,0.6,1953,1958,0.5991730457618595,FALSE
PIACENZA,2,2,0.6,1953,1958,0.5991730457618595,FALSE
SAVONA,2,2,0.6,1953,1958,0.5991730457618595,FALSE
TORINO,2,2,0.6,1953,1958,0.5991730457618595,FALSE
VERBANO-CUSIO-OSSOLA,2,2,0.6,1953,1958,0.5991730457618595,FALSE
VERCELLI,2,2,0.6,1953,1958,0.5991730457618595,FALSE
BELLUNO,3,3,0.2727272727272727,1953,1958,0.5991730457618595,FALSE
BERGAMO,3,3,0.2727272727272727,1953,1958,0.5991730457618595,FALSE
BOLZANO/BOZEN,3,3,0.2727272727272727,1953,1958,0.5991730457618595,FALSE
BRESCIA,3,3,0.2727272727272727,1953,1958,0.5991730457618595,FALSE
COMO,3,3,0.2727272727272727,1953,1958,0.5991730457618595,FALSE
CUNEO,3,3,0.2727272727272727,1953,1958,0.5991730457618595,FALSE
LECCO,3,3,0.2727272727272727,1953,1958,0.5991730457618595,FALSE
MONZA E DELLA BRIANZA,3,3,0.2727272727272727,1953,1958,0.5991730457618595,FALSE
PADOVA,3,3,0.2727272727272727,1953,1958,0.5991730457618595,FALSE
PORDENONE,3,3,0.2727272727272727,1953,1958,0.5991730457618595,FALSE
SONDRIO,3,3,0.2727272727272727,1953,1958,0.5991730457618595,FALSE
TRENTO,3,3,0.2727272727272727,1953,1958,0.5991730457618595,FALSE
TREVISO,3,3,0.2727272727272727,1953,1958,0.5991730457618595,FALSE
UDINE,3,3,0.2727272727272727,1953,1958,0.5991730457618595,FALSE
VARESE,3,3,0.2727272727272727,1953,1958,0.5991730457618595,FALSE
VERONA,3,3,0.2727272727272727,1953,1958,0.5991730457618595,FALSE
VICENZA,3,3,0.2727272727272727,1953,1958,0.5991730457618595,FALSE
AGRIGENTO,4,4,0.12195121951219512,1953,1958,0.5991730457618595,FALSE
AVELLINO,4,4,0.12195121951219512,1953,1958,0.5991730457618595,FALSE
BENEVENTO,4,4,0.12195121951219512,1953,1958,0.5991730457618595,FALSE
BRINDISI,4,4,0.12195121951219512,1953,1958,0.5991730457618595,FALSE
CAGLIARI,4,4,0.12195121951219512,1953,1958,0.5991730457618595,FALSE
CALTANISSETTA,4,4,0.12195121951219512,1953,1958,0.5991730457618595,FALSE
CASERTA,4,4,0.12195121951219512,1953,1958,0.5991730457618595,FALSE
CATANIA,4,4,0.12195121951219512,1953,1958,0.5991730457618595,FALSE
CATANZARO,4,4,0.12195121951219512,1953,1958,0.5991730457618595,FALSE
CHIETI,4,4,0.12195121951219512,1953,1958,0.5991730457618595,FALSE
COSENZA,4,4,0.12195121951219512,1953,1958,0.5991730457618595,FALSE
CROTONE,4,4,0.12195121951219512,1953,1958,0.5991730457618595,FALSE
ENNA,4,4,0.12195121951219512,1953,1958,0.5991730457618595,FALSE
FROSINONE,4,4,0.12195121951219512,1953,1958,0.5991730457618595,FALSE
L'AQUILA,4,4,0.12195121951219512,1953,1958,0.5991730457618595,FALSE
LATINA,4,4,0.12195121951219512,1953,1958,0.5991730457618595,FALSE
LECCE,4,4,0.12195121951219512,1953,1958,0.5991730457618595,FALSE
MATERA,4,4,0.12195121951219512,1953,1958,0.5991730457618595,FALSE
MESSINA,4,4,0.12195121951219512,1953,1958,0.5991730457618595,FALSE
NAPOLI,4,4,0.12195121951219512,1953,1958,0.5991730457618595,FALSE
NUORO,4,4,0.12195121951219512,1953,1958,0.5991730457618595,FALSE
ORISTANO,4,4,0.12195121951219512,1953,1958,0.5991730457618595,FALSE
PALERMO,4,4,0.12195121951219512,1953,1958,0.5991730457618595,FALSE
PESCARA,4,4,0.12195121951219512,1953,1958,0.5991730457618595,FALSE
POTENZA,4,4,0.12195121951219512,1953,1958,0.5991730457618595,FALSE
RAGUSA,4,4,0.12195121951219512,1953,1958,0.5991730457618595,FALSE
REGGIO CALABRIA,4,4,0.12195121951219512,1953,1958,0.5991730457618595,FALSE
ROMA,4,4,0.12195121951219512,1953,1958,0.5991730457618595,FALSE
SALERNO,4,4,0.12195121951219512,1953,1958,0.5991730457618595,FALSE
SASSARI,4,4,0.12195121951219512,1953,1958,0.5991730457618595,FALSE
SIRACUSA,4,4,0.12195121951219512,1953,1958,0.5991730457618595,FALSE
SUD SARDEGNA,4,4,0.12195121951219512,1953,1958,0.5991730457618595,FALSE
TARANTO,4,4,0.12195121951219512,1953,1958,0.5991730457618595,FALSE
TERAMO,4,4,0.12195121951219512,1953,1958,0.5991730457618595,FALSE
TRAPANI,4,4,0.12195121951219512,1953,1958,0.5991730457618595,FALSE
VIBO VALENTIA,4,4,0.12195121951219512,1953,1958,0.5991730457618595,FALSE
VITERBO,4,4,0.12195121951219512,1953,1958,0.5991730457618595,FALSE
CREMONA,1,3,1,1958,1963,0.5865900420158754,TRUE
IMPERIA,3,2,1,1958,1963,0.5865900420158754,TRUE
LODI,2,3,1,1958,1963,0.5865900420158754,TRUE
BARI,1,4,0.9508196721311476,1958,1963,0.5865900420158754,TRUE
BARLETTA-ANDRIA-TRANI,1,4,0.9508196721311476,1958,1963,0.5865900420158754,TRUE
FOGGIA,1,4,0.9508196721311476,1958,1963,0.5865900420158754,TRUE
RIETI,1,4,0.9508196721311476,1958,1963,0.5865900420158754,TRUE
LIVORNO,2,1,0.945945945945946,1958,1963,0.5865900420158754,TRUE
MASSA-CARRARA,2,1,0.945945945945946,1958,1963,0.5865900420158754,TRUE
PISA,2,1,0.945945945945946,1958,1963,0.5865900420158754,TRUE
ANCONA,1,1,0.8235294117647058,1958,1963,0.5865900420158754,FALSE
ASCOLI PICENO,1,1,0.8235294117647058,1958,1963,0.5865900420158754,FALSE
CAMPOBASSO,1,1,0.8235294117647058,1958,1963,0.5865900420158754,FALSE
FERMO,1,1,0.8235294117647058,1958,1963,0.5865900420158754,FALSE
ISERNIA,1,1,0.8235294117647058,1958,1963,0.5865900420158754,FALSE
MACERATA,1,1,0.8235294117647058,1958,1963,0.5865900420158754,FALSE
PESARO E URBINO,1,1,0.8235294117647058,1958,1963,0.5865900420158754,FALSE
BELLUNO,3,1,0.7666666666666666,1958,1963,0.5865900420158754,TRUE
COMO,3,1,0.7666666666666666,1958,1963,0.5865900420158754,TRUE
GORIZIA,3,1,0.7666666666666666,1958,1963,0.5865900420158754,TRUE
LUCCA,3,1,0.7666666666666666,1958,1963,0.5865900420158754,TRUE
PORDENONE,3,1,0.7666666666666666,1958,1963,0.5865900420158754,TRUE
SONDRIO,3,1,0.7666666666666666,1958,1963,0.5865900420158754,TRUE
UDINE,3,1,0.7666666666666666,1958,1963,0.5865900420158754,TRUE
VARESE,3,1,0.7666666666666666,1958,1963,0.5865900420158754,TRUE
AREZZO,1,2,0.7441860465116279,1958,1963,0.5865900420158754,TRUE
BOLOGNA,1,2,0.7441860465116279,1958,1963,0.5865900420158754,TRUE
FERRARA,1,2,0.7441860465116279,1958,1963,0.5865900420158754,TRUE
FORLÌ-CESENA,1,2,0.7441860465116279,1958,1963,0.5865900420158754,TRUE
GROSSETO,1,2,0.7441860465116279,1958,1963,0.5865900420158754,TRUE
MANTOVA,1,2,0.7441860465116279,1958,1963,0.5865900420158754,TRUE
PERUGIA,1,2,0.7441860465116279,1958,1963,0.5865900420158754,TRUE
RAVENNA,1,2,0.7441860465116279,1958,1963,0.5865900420158754,TRUE
RIMINI,1,2,0.7441860465116279,1958,1963,0.5865900420158754,TRUE
SIENA,1,2,0.7441860465116279,1958,1963,0.5865900420158754,TRUE
TERNI,1,2,0.7441860465116279,1958,1963,0.5865900420158754,TRUE
VENEZIA,1,2,0.7441860465116279,1958,1963,0.5865900420158754,TRUE
ASTI,3,3,0.5,1958,1963,0.5865900420158754,FALSE
BERGAMO,3,3,0.5,1958,1963,0.5865900420158754,FALSE
BOLZANO/BOZEN,3,3,0.5,1958,1963,0.5865900420158754,FALSE
BRESCIA,3,3,0.5,1958,1963,0.5865900420158754,FALSE
CUNEO,3,3,0.5,1958,1963,0.5865900420158754,FALSE
LECCO,3,3,0.5,1958,1963,0.5865900420158754,FALSE
MONZA E DELLA BRIANZA,3,3,0.5,1958,1963,0.5865900420158754,FALSE
PADOVA,3,3,0.5,1958,1963,0.5865900420158754,FALSE
TRENTO,3,3,0.5,1958,1963,0.5865900420158754,FALSE
TREVISO,3,3,0.5,1958,1963,0.5865900420158754,FALSE
VERONA,3,3,0.5,1958,1963,0.5865900420158754,FALSE
VICENZA,3,3,0.5,1958,1963,0.5865900420158754,FALSE
ALESSANDRIA,2,2,0.48571428571428577,1958,1963,0.5865900420158754,FALSE
BIELLA,2,2,0.48571428571428577,1958,1963,0.5865900420158754,FALSE
FIRENZE,2,2,0.48571428571428577,1958,1963,0.5865900420158754,FALSE
GENOVA,2,2,0.48571428571428577,1958,1963,0.5865900420158754,FALSE
LA SPEZIA,2,2,0.48571428571428577,1958,1963,0.5865900420158754,FALSE
MILANO,2,2,0.48571428571428577,1958,1963,0.5865900420158754,FALSE
MODENA,2,2,0.48571428571428577,1958,1963,0.5865900420158754,FALSE
NOVARA,2,2,0.48571428571428577,1958,1963,0.5865900420158754,FALSE
PARMA,2,2,0.48571428571428577,1958,1963,0.5865900420158754,FALSE
PAVIA,2,2,0.48571428571428577,1958,1963,0.5865900420158754,FALSE
PIACENZA,2,2,0.48571428571428577,1958,1963,0.5865900420158754,FALSE
PISTOIA,2,2,0.48571428571428577,1958,1963,0.5865900420158754,FALSE
PRATO,2,2,0.48571428571428577,1958,1963,0.5865900420158754,FALSE
REGGIO NELL'EMILIA,2,2,0.48571428571428577,1958,1963,0.5865900420158754,FALSE
ROVIGO,2,2,0.48571428571428577,1958,1963,0.5865900420158754,FALSE
SAVONA,2,2,0.48571428571428577,1958,1963,0.5865900420158754,FALSE
TORINO,2,2,0.48571428571428577,1958,1963,0.5865900420158754,FALSE
VERBANO-CUSIO-OSSOLA,2,2,0.48571428571428577,1958,1963,0.5865900420158754,FALSE
VERCELLI,2,2,0.48571428571428577,1958,1963,0.5865900420158754,FALSE
AGRIGENTO,4,4,0.09756097560975607,1958,1963,0.5865900420158754,FALSE
AVELLINO,4,4,0.09756097560975607,1958,1963,0.5865900420158754,FALSE
BENEVENTO,4,4,0.09756097560975607,1958,1963,0.5865900420158754,FALSE
BRINDISI,4,4,0.09756097560975607,1958,1963,0.5865900420158754,FALSE
CAGLIARI,4,4,0.09756097560975607,1958,1963,0.5865900420158754,FALSE
CALTANISSETTA,4,4,0.09756097560975607,1958,1963,0.5865900420158754,FALSE
CASERTA,4,4,0.09756097560975607,1958,1963,0.5865900420158754,FALSE
CATANIA,4,4,0.09756097560975607,1958,1963,0.5865900420158754,FALSE
CATANZARO,4,4,0.09756097560975607,1958,1963,0.5865900420158754,FALSE
CHIETI,4,4,0.09756097560975607,1958,1963,0.5865900420158754,FALSE
COSENZA,4,4,0.09756097560975607,1958,1963,0.5865900420158754,FALSE
CROTONE,4,4,0.09756097560975607,1958,1963,0.5865900420158754,FALSE
ENNA,4,4,0.09756097560975607,1958,1963,0.5865900420158754,FALSE
FROSINONE,4,4,0.09756097560975607,1958,1963,0.5865900420158754,FALSE
L'AQUILA,4,4,0.09756097560975607,1958,1963,0.5865900420158754,FALSE
LATINA,4,4,0.09756097560975607,1958,1963,0.5865900420158754,FALSE
LECCE,4,4,0.09756097560975607,1958,1963,0.5865900420158754,FALSE
MATERA,4,4,0.09756097560975607,1958,1963,0.5865900420158754,FALSE
MESSINA,4,4,0.09756097560975607,1958,1963,0.5865900420158754,FALSE
NAPOLI,4,4,0.09756097560975607,1958,1963,0.5865900420158754,FALSE
NUORO,4,4,0.09756097560975607,1958,1963,0.5865900420158754,FALSE
ORISTANO,4,4,0.09756097560975607,1958,1963,0.5865900420158754,FALSE
PALERMO,4,4,0.09756097560975607,1958,1963,0.5865900420158754,FALSE
PESCARA,4,4,0.09756097560975607,1958,1963,0.5865900420158754,FALSE
POTENZA,4,4,0.09756097560975607,1958,1963,0.5865900420158754,FALSE
RAGUSA,4,4,0.09756097560975607,1958,1963,0.5865900420158754,FALSE
REGGIO CALABRIA,4,4,0.09756097560975607,1958,1963,0.5865900420158754,FALSE
ROMA,4,4,0.09756097560975607,1958,1963,0.5865900420158754,FALSE
SALERNO,4,4,0.09756097560975607,1958,1963,0.5865900420158754,FALSE
SASSARI,4,4,0.09756097560975607,1958,1963,0.5865900420158754,FALSE
SIRACUSA,4,4,0.09756097560975607,1958,1963,0.5865900420158754,FALSE
SUD SARDEGNA,4,4,0.09756097560975607,1958,1963,0.5865900420158754,FALSE
TARANTO,4,4,0.09756097560975607,1958,1963,0.5865900420158754,FALSE
TERAMO,4,4,0.09756097560975607,1958,1963,0.5865900420158754,FALSE
TRAPANI,4,4,0.09756097560975607,1958,1963,0.5865900420158754,FALSE
TRIESTE,4,4,0.09756097560975607,1958,1963,0.5865900420158754,FALSE
VIBO VALENTIA,4,4,0.09756097560975607,1958,1963,0.5865900420158754,FALSE
VITERBO,4,4,0.09756097560975607,1958,1963,0.5865900420158754,FALSE
BOLZANO/BOZEN,3,4,0.979591836734694,1963,1968,0.35619365166679046,TRUE
TREVISO,3,4,0.979591836734694,1963,1968,0.35619365166679046,TRUE
LODI,3,2,0.9767441860465116,1963,1968,0.35619365166679046,TRUE
MONZA E DELLA BRIANZA,3,2,0.9767441860465116,1963,1968,0.35619365166679046,TRUE
BARLETTA-ANDRIA-TRANI,4,2,0.9714285714285714,1963,1968,0.35619365166679046,TRUE
ROMA,4,2,0.9714285714285714,1963,1968,0.35619365166679046,TRUE
VITERBO,4,2,0.9714285714285714,1963,1968,0.35619365166679046,TRUE
ASCOLI PICENO,1,4,0.92,1963,1968,0.35619365166679046,TRUE
CAMPOBASSO,1,4,0.92,1963,1968,0.35619365166679046,TRUE
ISERNIA,1,4,0.92,1963,1968,0.35619365166679046,TRUE
LUCCA,1,4,0.92,1963,1968,0.35619365166679046,TRUE
MASSA-CARRARA,1,4,0.92,1963,1968,0.35619365166679046,TRUE
CAGLIARI,4,3,0.8771929824561404,1963,1968,0.35619365166679046,TRUE
MATERA,4,3,0.8771929824561404,1963,1968,0.35619365166679046,TRUE
NUORO,4,3,0.8771929824561404,1963,1968,0.35619365166679046,TRUE
ORISTANO,4,3,0.8771929824561404,1963,1968,0.35619365166679046,TRUE
POTENZA,4,3,0.8771929824561404,1963,1968,0.35619365166679046,TRUE
RIETI,4,3,0.8771929824561404,1963,1968,0.35619365166679046,TRUE
SASSARI,4,3,0.8771929824561404,1963,1968,0.35619365166679046,TRUE
SUD SARDEGNA,4,3,0.8771929824561404,1963,1968,0.35619365166679046,TRUE
ANCONA,1,2,0.8571428571428572,1963,1968,0.35619365166679046,TRUE
BELLUNO,1,3,0.8571428571428572,1963,1968,0.35619365166679046,TRUE
COMO,1,3,0.8571428571428572,1963,1968,0.35619365166679046,TRUE
FERMO,1,2,0.8571428571428572,1963,1968,0.35619365166679046,TRUE
GORIZIA,1,3,0.8571428571428572,1963,1968,0.35619365166679046,TRUE
LIVORNO,1,2,0.8571428571428572,1963,1968,0.35619365166679046,TRUE
MACERATA,1,2,0.8571428571428572,1963,1968,0.35619365166679046,TRUE
PESARO E URBINO,1,2,0.8571428571428572,1963,1968,0.35619365166679046,TRUE
PISA,1,2,0.8571428571428572,1963,1968,0.35619365166679046,TRUE
PORDENONE,1,3,0.8571428571428572,1963,1968,0.35619365166679046,TRUE
SONDRIO,1,3,0.8571428571428572,1963,1968,0.35619365166679046,TRUE
UDINE,1,3,0.8571428571428572,1963,1968,0.35619365166679046,TRUE
VARESE,1,2,0.8571428571428572,1963,1968,0.35619365166679046,TRUE
ASTI,3,3,0.6666666666666667,1963,1968,0.35619365166679046,FALSE
BERGAMO,3,3,0.6666666666666667,1963,1968,0.35619365166679046,FALSE
BRESCIA,3,3,0.6666666666666667,1963,1968,0.35619365166679046,FALSE
CREMONA,3,3,0.6666666666666667,1963,1968,0.35619365166679046,FALSE
CUNEO,3,3,0.6666666666666667,1963,1968,0.35619365166679046,FALSE
LECCO,3,3,0.6666666666666667,1963,1968,0.35619365166679046,FALSE
PADOVA,3,3,0.6666666666666667,1963,1968,0.35619365166679046,FALSE
TRENTO,3,3,0.6666666666666667,1963,1968,0.35619365166679046,FALSE
VERONA,3,3,0.6666666666666667,1963,1968,0.35619365166679046,FALSE
VICENZA,3,3,0.6666666666666667,1963,1968,0.35619365166679046,FALSE
ALESSANDRIA,2,1,0.6451612903225806,1963,1968,0.35619365166679046,TRUE
FIRENZE,2,1,0.6451612903225806,1963,1968,0.35619365166679046,TRUE
MANTOVA,2,1,0.6451612903225806,1963,1968,0.35619365166679046,TRUE
MODENA,2,1,0.6451612903225806,1963,1968,0.35619365166679046,TRUE
PARMA,2,1,0.6451612903225806,1963,1968,0.35619365166679046,TRUE
PERUGIA,2,1,0.6451612903225806,1963,1968,0.35619365166679046,TRUE
PIACENZA,2,1,0.6451612903225806,1963,1968,0.35619365166679046,TRUE
PISTOIA,2,1,0.6451612903225806,1963,1968,0.35619365166679046,TRUE
PRATO,2,1,0.6451612903225806,1963,1968,0.35619365166679046,TRUE
REGGIO NELL'EMILIA,2,1,0.6451612903225806,1963,1968,0.35619365166679046,TRUE
ROVIGO,2,1,0.6451612903225806,1963,1968,0.35619365166679046,TRUE
TERNI,2,1,0.6451612903225806,1963,1968,0.35619365166679046,TRUE
AREZZO,2,2,0.5581395348837209,1963,1968,0.35619365166679046,FALSE
BIELLA,2,2,0.5581395348837209,1963,1968,0.35619365166679046,FALSE
BOLOGNA,2,2,0.5581395348837209,1963,1968,0.35619365166679046,FALSE
FERRARA,2,2,0.5581395348837209,1963,1968,0.35619365166679046,FALSE
FORLÌ-CESENA,2,2,0.5581395348837209,1963,1968,0.35619365166679046,FALSE
GENOVA,2,2,0.5581395348837209,1963,1968,0.35619365166679046,FALSE
GROSSETO,2,2,0.5581395348837209,1963,1968,0.35619365166679046,FALSE
IMPERIA,2,2,0.5581395348837209,1963,1968,0.35619365166679046,FALSE
LA SPEZIA,2,2,0.5581395348837209,1963,1968,0.35619365166679046,FALSE
MILANO,2,2,0.5581395348837209,1963,1968,0.35619365166679046,FALSE
NOVARA,2,2,0.5581395348837209,1963,1968,0.35619365166679046,FALSE
PAVIA,2,2,0.5581395348837209,1963,1968,0.35619365166679046,FALSE
RAVENNA,2,2,0.5581395348837209,1963,1968,0.35619365166679046,FALSE
RIMINI,2,2,0.5581395348837209,1963,1968,0.35619365166679046,FALSE
SAVONA,2,2,0.5581395348837209,1963,1968,0.35619365166679046,FALSE
SIENA,2,2,0.5581395348837209,1963,1968,0.35619365166679046,FALSE
TORINO,2,2,0.5581395348837209,1963,1968,0.35619365166679046,FALSE
VENEZIA,2,2,0.5581395348837209,1963,1968,0.35619365166679046,FALSE
VERBANO-CUSIO-OSSOLA,2,2,0.5581395348837209,1963,1968,0.35619365166679046,FALSE
VERCELLI,2,2,0.5581395348837209,1963,1968,0.35619365166679046,FALSE
AGRIGENTO,4,4,0.375,1963,1968,0.35619365166679046,FALSE
AVELLINO,4,4,0.375,1963,1968,0.35619365166679046,FALSE
BARI,4,4,0.375,1963,1968,0.35619365166679046,FALSE
BENEVENTO,4,4,0.375,1963,1968,0.35619365166679046,FALSE
BRINDISI,4,4,0.375,1963,1968,0.35619365166679046,FALSE
CALTANISSETTA,4,4,0.375,1963,1968,0.35619365166679046,FALSE
CASERTA,4,4,0.375,1963,1968,0.35619365166679046,FALSE
CATANIA,4,4,0.375,1963,1968,0.35619365166679046,FALSE
CATANZARO,4,4,0.375,1963,1968,0.35619365166679046,FALSE
CHIETI,4,4,0.375,1963,1968,0.35619365166679046,FALSE
COSENZA,4,4,0.375,1963,1968,0.35619365166679046,FALSE
CROTONE,4,4,0.375,1963,1968,0.35619365166679046,FALSE
ENNA,4,4,0.375,1963,1968,0.35619365166679046,FALSE
FOGGIA,4,4,0.375,1963,1968,0.35619365166679046,FALSE
FROSINONE,4,4,0.375,1963,1968,0.35619365166679046,FALSE
L'AQUILA,4,4,0.375,1963,1968,0.35619365166679046,FALSE
LATINA,4,4,0.375,1963,1968,0.35619365166679046,FALSE
LECCE,4,4,0.375,1963,1968,0.35619365166679046,FALSE
MESSINA,4,4,0.375,1963,1968,0.35619365166679046,FALSE
NAPOLI,4,4,0.375,1963,1968,0.35619365166679046,FALSE
PALERMO,4,4,0.375,1963,1968,0.35619365166679046,FALSE
PESCARA,4,4,0.375,1963,1968,0.35619365166679046,FALSE
RAGUSA,4,4,0.375,1963,1968,0.35619365166679046,FALSE
REGGIO CALABRIA,4,4,0.375,1963,1968,0.35619365166679046,FALSE
SALERNO,4,4,0.375,1963,1968,0.35619365166679046,FALSE
SIRACUSA,4,4,0.375,1963,1968,0.35619365166679046,FALSE
TARANTO,4,4,0.375,1963,1968,0.35619365166679046,FALSE
TERAMO,4,4,0.375,1963,1968,0.35619365166679046,FALSE
TRAPANI,4,4,0.375,1963,1968,0.35619365166679046,FALSE
TRIESTE,4,4,0.375,1963,1968,0.35619365166679046,FALSE
VIBO VALENTIA,4,4,0.375,1963,1968,0.35619365166679046,FALSE
BARLETTA-ANDRIA-TRANI,2,4,0.9861111111111112,1968,1972,0.4200793504615528,TRUE
ROMA,2,4,0.9861111111111112,1968,1972,0.4200793504615528,TRUE
BOLZANO/BOZEN,4,3,0.9803921568627452,1968,1972,0.4200793504615528,TRUE
TREVISO,4,3,0.9803921568627452,1968,1972,0.4200793504615528,TRUE
CREMONA,3,2,0.98,1968,1972,0.4200793504615528,TRUE
GORIZIA,3,2,0.98,1968,1972,0.4200793504615528,TRUE
LUCCA,4,2,0.9682539682539684,1968,1972,0.4200793504615528,TRUE
MASSA-CARRARA,4,2,0.9682539682539684,1968,1972,0.4200793504615528,TRUE
TRIESTE,4,2,0.9682539682539684,1968,1972,0.4200793504615528,TRUE
ALESSANDRIA,1,2,0.8857142857142857,1968,1972,0.4200793504615528,TRUE
MANTOVA,1,2,0.8857142857142857,1968,1972,0.4200793504615528,TRUE
PARMA,1,2,0.8857142857142857,1968,1972,0.4200793504615528,TRUE
PIACENZA,1,2,0.8857142857142857,1968,1972,0.4200793504615528,TRUE
ROVIGO,1,2,0.8857142857142857,1968,1972,0.4200793504615528,TRUE
CAGLIARI,3,4,0.8793103448275862,1968,1972,0.4200793504615528,TRUE
MATERA,3,4,0.8793103448275862,1968,1972,0.4200793504615528,TRUE
NUORO,3,4,0.8793103448275862,1968,1972,0.4200793504615528,TRUE
ORISTANO,3,4,0.8793103448275862,1968,1972,0.4200793504615528,TRUE
POTENZA,3,4,0.8793103448275862,1968,1972,0.4200793504615528,TRUE
RIETI,3,4,0.8793103448275862,1968,1972,0.4200793504615528,TRUE
SASSARI,3,4,0.8793103448275862,1968,1972,0.4200793504615528,TRUE
SUD SARDEGNA,3,4,0.8793103448275862,1968,1972,0.4200793504615528,TRUE
AREZZO,2,1,0.736842105263158,1968,1972,0.4200793504615528,TRUE
BOLOGNA,2,1,0.736842105263158,1968,1972,0.4200793504615528,TRUE
FERRARA,2,1,0.736842105263158,1968,1972,0.4200793504615528,TRUE
FORLÌ-CESENA,2,1,0.736842105263158,1968,1972,0.4200793504615528,TRUE
GROSSETO,2,1,0.736842105263158,1968,1972,0.4200793504615528,TRUE
LIVORNO,2,1,0.736842105263158,1968,1972,0.4200793504615528,TRUE
PESARO E URBINO,2,1,0.736842105263158,1968,1972,0.4200793504615528,TRUE
PISA,2,1,0.736842105263158,1968,1972,0.4200793504615528,TRUE
RAVENNA,2,1,0.736842105263158,1968,1972,0.4200793504615528,TRUE
RIMINI,2,1,0.736842105263158,1968,1972,0.4200793504615528,TRUE
SIENA,2,1,0.736842105263158,1968,1972,0.4200793504615528,TRUE
FIRENZE,1,1,0.7272727272727273,1968,1972,0.4200793504615528,FALSE
MODENA,1,1,0.7272727272727273,1968,1972,0.4200793504615528,FALSE
PERUGIA,1,1,0.7272727272727273,1968,1972,0.4200793504615528,FALSE
PISTOIA,1,1,0.7272727272727273,1968,1972,0.4200793504615528,FALSE
PRATO,1,1,0.7272727272727273,1968,1972,0.4200793504615528,FALSE
REGGIO NELL'EMILIA,1,1,0.7272727272727273,1968,1972,0.4200793504615528,FALSE
TERNI,1,1,0.7272727272727273,1968,1972,0.4200793504615528,FALSE
ANCONA,2,2,0.5609756097560976,1968,1972,0.4200793504615528,FALSE
BIELLA,2,2,0.5609756097560976,1968,1972,0.4200793504615528,FALSE
FERMO,2,2,0.5609756097560976,1968,1972,0.4200793504615528,FALSE
GENOVA,2,2,0.5609756097560976,1968,1972,0.4200793504615528,FALSE
IMPERIA,2,2,0.5609756097560976,1968,1972,0.4200793504615528,FALSE
LA SPEZIA,2,2,0.5609756097560976,1968,1972,0.4200793504615528,FALSE
LODI,2,2,0.5609756097560976,1968,1972,0.4200793504615528,FALSE
MACERATA,2,2,0.5609756097560976,1968,1972,0.4200793504615528,FALSE
MILANO,2,2,0.5609756097560976,1968,1972,0.4200793504615528,FALSE
MONZA E DELLA BRIANZA,2,2,0.5609756097560976,1968,1972,0.4200793504615528,FALSE
NOVARA,2,2,0.5609756097560976,1968,1972,0.4200793504615528,FALSE
PAVIA,2,2,0.5609756097560976,1968,1972,0.4200793504615528,FALSE
SAVONA,2,2,0.5609756097560976,1968,1972,0.4200793504615528,FALSE
TORINO,2,2,0.5609756097560976,1968,1972,0.4200793504615528,FALSE
VARESE,2,2,0.5609756097560976,1968,1972,0.4200793504615528,FALSE
VENEZIA,2,2,0.5609756097560976,1968,1972,0.4200793504615528,FALSE
VERBANO-CUSIO-OSSOLA,2,2,0.5609756097560976,1968,1972,0.4200793504615528,FALSE
VERCELLI,2,2,0.5609756097560976,1968,1972,0.4200793504615528,FALSE
VITERBO,2,2,0.5609756097560976,1968,1972,0.4200793504615528,FALSE
ASTI,3,3,0.48,1968,1972,0.4200793504615528,FALSE
BELLUNO,3,3,0.48,1968,1972,0.4200793504615528,FALSE
BERGAMO,3,3,0.48,1968,1972,0.4200793504615528,FALSE
BRESCIA,3,3,0.48,1968,1972,0.4200793504615528,FALSE
COMO,3,3,0.48,1968,1972,0.4200793504615528,FALSE
CUNEO,3,3,0.48,1968,1972,0.4200793504615528,FALSE
LECCO,3,3,0.48,1968,1972,0.4200793504615528,FALSE
PADOVA,3,3,0.48,1968,1972,0.4200793504615528,FALSE
PORDENONE,3,3,0.48,1968,1972,0.4200793504615528,FALSE
SONDRIO,3,3,0.48,1968,1972,0.4200793504615528,FALSE
TRENTO,3,3,0.48,1968,1972,0.4200793504615528,FALSE
UDINE,3,3,0.48,1968,1972,0.4200793504615528,FALSE
VERONA,3,3,0.48,1968,1972,0.4200793504615528,FALSE
VICENZA,3,3,0.48,1968,1972,0.4200793504615528,FALSE
AGRIGENTO,4,4,0.3191489361702128,1968,1972,0.4200793504615528,FALSE
ASCOLI PICENO,4,4,0.3191489361702128,1968,1972,0.4200793504615528,FALSE
AVELLINO,4,4,0.3191489361702128,1968,1972,0.4200793504615528,FALSE
BARI,4,4,0.3191489361702128,1968,1972,0.4200793504615528,FALSE
BENEVENTO,4,4,0.3191489361702128,1968,1972,0.4200793504615528,FALSE
BRINDISI,4,4,0.3191489361702128,1968,1972,0.4200793504615528,FALSE
CALTANISSETTA,4,4,0.3191489361702128,1968,1972,0.4200793504615528,FALSE
CAMPOBASSO,4,4,0.3191489361702128,1968,1972,0.4200793504615528,FALSE
CASERTA,4,4,0.3191489361702128,1968,1972,0.4200793504615528,FALSE
CATANIA,4,4,0.3191489361702128,1968,1972,0.4200793504615528,FALSE
CATANZARO,4,4,0.3191489361702128,1968,1972,0.4200793504615528,FALSE
CHIETI,4,4,0.3191489361702128,1968,1972,0.4200793504615528,FALSE
COSENZA,4,4,0.3191489361702128,1968,1972,0.4200793504615528,FALSE
CROTONE,4,4,0.3191489361702128,1968,1972,0.4200793504615528,FALSE
ENNA,4,4,0.3191489361702128,1968,1972,0.4200793504615528,FALSE
FOGGIA,4,4,0.3191489361702128,1968,1972,0.4200793504615528,FALSE
FROSINONE,4,4,0.3191489361702128,1968,1972,0.4200793504615528,FALSE
ISERNIA,4,4,0.3191489361702128,1968,1972,0.4200793504615528,FALSE
L'AQUILA,4,4,0.3191489361702128,1968,1972,0.4200793504615528,FALSE
LATINA,4,4,0.3191489361702128,1968,1972,0.4200793504615528,FALSE
LECCE,4,4,0.3191489361702128,1968,1972,0.4200793504615528,FALSE
MESSINA,4,4,0.3191489361702128,1968,1972,0.4200793504615528,FALSE
NAPOLI,4,4,0.3191489361702128,1968,1972,0.4200793504615528,FALSE
PALERMO,4,4,0.3191489361702128,1968,1972,0.4200793504615528,FALSE
PESCARA,4,4,0.3191489361702128,1968,1972,0.4200793504615528,FALSE
RAGUSA,4,4,0.3191489361702128,1968,1972,0.4200793504615528,FALSE
REGGIO CALABRIA,4,4,0.3191489361702128,1968,1972,0.4200793504615528,FALSE
SALERNO,4,4,0.3191489361702128,1968,1972,0.4200793504615528,FALSE
SIRACUSA,4,4,0.3191489361702128,1968,1972,0.4200793504615528,FALSE
TARANTO,4,4,0.3191489361702128,1968,1972,0.4200793504615528,FALSE
TERAMO,4,4,0.3191489361702128,1968,1972,0.4200793504615528,FALSE
TRAPANI,4,4,0.3191489361702128,1968,1972,0.4200793504615528,FALSE
VIBO VALENTIA,4,4,0.3191489361702128,1968,1972,0.4200793504615528,FALSE
ROMA,4,2,1,1972,1976,0.2537787786932585,TRUE
GORIZIA,2,4,0.9807692307692308,1972,1976,0.2537787786932585,TRUE
TRIESTE,2,4,0.9807692307692308,1972,1976,0.2537787786932585,TRUE
PADOVA,3,2,0.97435897435897445,1972,1976,0.2537787786932585,TRUE
VERONA,3,2,0.97435897435897445,1972,1976,0.2537787786932585,TRUE
CREMONA,2,3,0.9333333333333332,1972,1976,0.2537787786932585,TRUE
LUCCA,2,3,0.9333333333333332,1972,1976,0.2537787786932585,TRUE
MACERATA,2,3,0.9333333333333332,1972,1976,0.2537787786932585,TRUE
PIACENZA,2,3,0.9333333333333332,1972,1976,0.2537787786932585,TRUE
VARESE,2,3,0.9333333333333332,1972,1976,0.2537787786932585,TRUE
BELLUNO,3,4,0.8888888888888888,1972,1976,0.2537787786932585,TRUE
BOLZANO/BOZEN,3,4,0.8888888888888888,1972,1976,0.2537787786932585,TRUE
PORDENONE,3,4,0.8888888888888888,1972,1976,0.2537787786932585,TRUE
TRENTO,3,4,0.8888888888888888,1972,1976,0.2537787786932585,TRUE
UDINE,3,4,0.8888888888888888,1972,1976,0.2537787786932585,TRUE
ALESSANDRIA,2,1,0.8717948717948718,1972,1976,0.2537787786932585,TRUE
ANCONA,2,1,0.8717948717948718,1972,1976,0.2537787786932585,TRUE
FERMO,2,1,0.8717948717948718,1972,1976,0.2537787786932585,TRUE
MANTOVA,2,1,0.8717948717948718,1972,1976,0.2537787786932585,TRUE
MASSA-CARRARA,2,1,0.8717948717948718,1972,1976,0.2537787786932585,TRUE
PARMA,2,1,0.8717948717948718,1972,1976,0.2537787786932585,TRUE
BOLOGNA,1,2,0.8333333333333334,1972,1976,0.2537787786932585,TRUE
FERRARA,1,2,0.8333333333333334,1972,1976,0.2537787786932585,TRUE
FORLÌ-CESENA,1,2,0.8333333333333334,1972,1976,0.2537787786932585,TRUE
PERUGIA,1,2,0.8333333333333334,1972,1976,0.2537787786932585,TRUE
RAVENNA,1,2,0.8333333333333334,1972,1976,0.2537787786932585,TRUE
RIMINI,1,2,0.8333333333333334,1972,1976,0.2537787786932585,TRUE
TERNI,1,2,0.8333333333333334,1972,1976,0.2537787786932585,TRUE
ASTI,3,3,0.813953488372093,1972,1976,0.2537787786932585,FALSE
BERGAMO,3,3,0.813953488372093,1972,1976,0.2537787786932585,FALSE
BRESCIA,3,3,0.813953488372093,1972,1976,0.2537787786932585,FALSE
COMO,3,3,0.813953488372093,1972,1976,0.2537787786932585,FALSE
CUNEO,3,3,0.813953488372093,1972,1976,0.2537787786932585,FALSE
LECCO,3,3,0.813953488372093,1972,1976,0.2537787786932585,FALSE
SONDRIO,3,3,0.813953488372093,1972,1976,0.2537787786932585,FALSE
TREVISO,3,3,0.813953488372093,1972,1976,0.2537787786932585,FALSE
VICENZA,3,3,0.813953488372093,1972,1976,0.2537787786932585,FALSE
AGRIGENTO,4,4,0.6326530612244898,1972,1976,0.2537787786932585,FALSE
BRINDISI,4,4,0.6326530612244898,1972,1976,0.2537787786932585,FALSE
CALTANISSETTA,4,4,0.6326530612244898,1972,1976,0.2537787786932585,FALSE
CASERTA,4,4,0.6326530612244898,1972,1976,0.2537787786932585,FALSE
CATANIA,4,4,0.6326530612244898,1972,1976,0.2537787786932585,FALSE
ENNA,4,4,0.6326530612244898,1972,1976,0.2537787786932585,FALSE
FROSINONE,4,4,0.6326530612244898,1972,1976,0.2537787786932585,FALSE
LATINA,4,4,0.6326530612244898,1972,1976,0.2537787786932585,FALSE
LECCE,4,4,0.6326530612244898,1972,1976,0.2537787786932585,FALSE
MATERA,4,4,0.6326530612244898,1972,1976,0.2537787786932585,FALSE
MESSINA,4,4,0.6326530612244898,1972,1976,0.2537787786932585,FALSE
NAPOLI,4,4,0.6326530612244898,1972,1976,0.2537787786932585,FALSE
PALERMO,4,4,0.6326530612244898,1972,1976,0.2537787786932585,FALSE
POTENZA,4,4,0.6326530612244898,1972,1976,0.2537787786932585,FALSE
RAGUSA,4,4,0.6326530612244898,1972,1976,0.2537787786932585,FALSE
RIETI,4,4,0.6326530612244898,1972,1976,0.2537787786932585,FALSE
SIRACUSA,4,4,0.6326530612244898,1972,1976,0.2537787786932585,FALSE
TARANTO,4,4,0.6326530612244898,1972,1976,0.2537787786932585,FALSE
TRAPANI,4,4,0.6326530612244898,1972,1976,0.2537787786932585,FALSE
ASCOLI PICENO,4,3,0.6071428571428572,1972,1976,0.2537787786932585,TRUE
AVELLINO,4,3,0.6071428571428572,1972,1976,0.2537787786932585,TRUE
BARI,4,3,0.6071428571428572,1972,1976,0.2537787786932585,TRUE
BARLETTA-ANDRIA-TRANI,4,3,0.6071428571428572,1972,1976,0.2537787786932585,TRUE
BENEVENTO,4,3,0.6071428571428572,1972,1976,0.2537787786932585,TRUE
CAGLIARI,4,3,0.6071428571428572,1972,1976,0.2537787786932585,TRUE
CAMPOBASSO,4,3,0.6071428571428572,1972,1976,0.2537787786932585,TRUE
CATANZARO,4,3,0.6071428571428572,1972,1976,0.2537787786932585,TRUE
CHIETI,4,3,0.6071428571428572,1972,1976,0.2537787786932585,TRUE
COSENZA,4,3,0.6071428571428572,1972,1976,0.2537787786932585,TRUE
CROTONE,4,3,0.6071428571428572,1972,1976,0.2537787786932585,TRUE
FOGGIA,4,3,0.6071428571428572,1972,1976,0.2537787786932585,TRUE
ISERNIA,4,3,0.6071428571428572,1972,1976,0.2537787786932585,TRUE
L'AQUILA,4,3,0.6071428571428572,1972,1976,0.2537787786932585,TRUE
NUORO,4,3,0.6071428571428572,1972,1976,0.2537787786932585,TRUE
ORISTANO,4,3,0.6071428571428572,1972,1976,0.2537787786932585,TRUE
PESCARA,4,3,0.6071428571428572,1972,1976,0.2537787786932585,TRUE
REGGIO CALABRIA,4,3,0.6071428571428572,1972,1976,0.2537787786932585,TRUE
SALERNO,4,3,0.6071428571428572,1972,1976,0.2537787786932585,TRUE
SASSARI,4,3,0.6071428571428572,1972,1976,0.2537787786932585,TRUE
SUD SARDEGNA,4,3,0.6071428571428572,1972,1976,0.2537787786932585,TRUE
TERAMO,4,3,0.6071428571428572,1972,1976,0.2537787786932585,TRUE
VIBO VALENTIA,4,3,0.6071428571428572,1972,1976,0.2537787786932585,TRUE
BIELLA,2,2,0.6052631578947368,1972,1976,0.2537787786932585,FALSE
GENOVA,2,2,0.6052631578947368,1972,1976,0.2537787786932585,FALSE
IMPERIA,2,2,0.6052631578947368,1972,1976,0.2537787786932585,FALSE
LA SPEZIA,2,2,0.6052631578947368,1972,1976,0.2537787786932585,FALSE
LODI,2,2,0.6052631578947368,1972,1976,0.2537787786932585,FALSE
MILANO,2,2,0.6052631578947368,1972,1976,0.2537787786932585,FALSE
MONZA E DELLA BRIANZA,2,2,0.6052631578947368,1972,1976,0.2537787786932585,FALSE
NOVARA,2,2,0.6052631578947368,1972,1976,0.2537787786932585,FALSE
PAVIA,2,2,0.6052631578947368,1972,1976,0.2537787786932585,FALSE
ROVIGO,2,2,0.6052631578947368,1972,1976,0.2537787786932585,FALSE
SAVONA,2,2,0.6052631578947368,1972,1976,0.2537787786932585,FALSE
TORINO,2,2,0.6052631578947368,1972,1976,0.2537787786932585,FALSE
VENEZIA,2,2,0.6052631578947368,1972,1976,0.2537787786932585,FALSE
VERBANO-CUSIO-OSSOLA,2,2,0.6052631578947368,1972,1976,0.2537787786932585,FALSE
VERCELLI,2,2,0.6052631578947368,1972,1976,0.2537787786932585,FALSE
VITERBO,2,2,0.6052631578947368,1972,1976,0.2537787786932585,FALSE
AREZZO,1,1,0.5652173913043479,1972,1976,0.2537787786932585,FALSE
FIRENZE,1,1,0.5652173913043479,1972,1976,0.2537787786932585,FALSE
GROSSETO,1,1,0.5652173913043479,1972,1976,0.2537787786932585,FALSE
LIVORNO,1,1,0.5652173913043479,1972,1976,0.2537787786932585,FALSE
MODENA,1,1,0.5652173913043479,1972,1976,0.2537787786932585,FALSE
PESARO E URBINO,1,1,0.5652173913043479,1972,1976,0.2537787786932585,FALSE
PISA,1,1,0.5652173913043479,1972,1976,0.2537787786932585,FALSE
PISTOIA,1,1,0.5652173913043479,1972,1976,0.2537787786932585,FALSE
PRATO,1,1,0.5652173913043479,1972,1976,0.2537787786932585,FALSE
REGGIO NELL'EMILIA,1,1,0.5652173913043479,1972,1976,0.2537787786932585,FALSE
SIENA,1,1,0.5652173913043479,1972,1976,0.2537787786932585,FALSE
RIETI,4,2,0.981132075471698,1976,1979,0.23322286870731093,TRUE
TARANTO,4,2,0.981132075471698,1976,1979,0.23322286870731093,TRUE
PADOVA,2,3,0.9782608695652174,1976,1979,0.23322286870731093,TRUE
VERONA,2,3,0.9782608695652174,1976,1979,0.23322286870731093,TRUE
ASCOLI PICENO,3,2,0.9166666666666666,1976,1979,0.23322286870731093,TRUE
CREMONA,3,2,0.9166666666666666,1976,1979,0.23322286870731093,TRUE
LUCCA,3,2,0.9166666666666666,1976,1979,0.23322286870731093,TRUE
MACERATA,3,2,0.9166666666666666,1976,1979,0.23322286870731093,TRUE
PIACENZA,3,2,0.9166666666666666,1976,1979,0.23322286870731093,TRUE
VARESE,3,2,0.9166666666666666,1976,1979,0.23322286870731093,TRUE
ALESSANDRIA,1,2,0.875,1976,1979,0.23322286870731093,TRUE
ANCONA,1,2,0.875,1976,1979,0.23322286870731093,TRUE
FERMO,1,2,0.875,1976,1979,0.23322286870731093,TRUE
MANTOVA,1,2,0.875,1976,1979,0.23322286870731093,TRUE
MASSA-CARRARA,1,2,0.875,1976,1979,0.23322286870731093,TRUE
PARMA,1,2,0.875,1976,1979,0.23322286870731093,TRUE
BELLUNO,4,3,0.8536585365853658,1976,1979,0.23322286870731093,TRUE
BOLZANO/BOZEN,4,3,0.8536585365853658,1976,1979,0.23322286870731093,TRUE
GORIZIA,4,3,0.8536585365853658,1976,1979,0.23322286870731093,TRUE
PORDENONE,4,3,0.8536585365853658,1976,1979,0.23322286870731093,TRUE
TRENTO,4,3,0.8536585365853658,1976,1979,0.23322286870731093,TRUE
TRIESTE,4,3,0.8536585365853658,1976,1979,0.23322286870731093,TRUE
UDINE,4,3,0.8536585365853658,1976,1979,0.23322286870731093,TRUE
BOLOGNA,2,1,0.8055555555555556,1976,1979,0.23322286870731093,TRUE
FERRARA,2,1,0.8055555555555556,1976,1979,0.23322286870731093,TRUE
FORLÌ-CESENA,2,1,0.8055555555555556,1976,1979,0.23322286870731093,TRUE
LA SPEZIA,2,1,0.8055555555555556,1976,1979,0.23322286870731093,TRUE
PERUGIA,2,1,0.8055555555555556,1976,1979,0.23322286870731093,TRUE
RAVENNA,2,1,0.8055555555555556,1976,1979,0.23322286870731093,TRUE
RIMINI,2,1,0.8055555555555556,1976,1979,0.23322286870731093,TRUE
TERNI,2,1,0.8055555555555556,1976,1979,0.23322286870731093,TRUE
ASTI,3,3,0.7111111111111111,1976,1979,0.23322286870731093,FALSE
BERGAMO,3,3,0.7111111111111111,1976,1979,0.23322286870731093,FALSE
BRESCIA,3,3,0.7111111111111111,1976,1979,0.23322286870731093,FALSE
CAGLIARI,3,3,0.7111111111111111,1976,1979,0.23322286870731093,FALSE
COMO,3,3,0.7111111111111111,1976,1979,0.23322286870731093,FALSE
CUNEO,3,3,0.7111111111111111,1976,1979,0.23322286870731093,FALSE
LECCO,3,3,0.7111111111111111,1976,1979,0.23322286870731093,FALSE
NUORO,3,3,0.7111111111111111,1976,1979,0.23322286870731093,FALSE
ORISTANO,3,3,0.7111111111111111,1976,1979,0.23322286870731093,FALSE
SASSARI,3,3,0.7111111111111111,1976,1979,0.23322286870731093,FALSE
SONDRIO,3,3,0.7111111111111111,1976,1979,0.23322286870731093,FALSE
SUD SARDEGNA,3,3,0.7111111111111111,1976,1979,0.23322286870731093,FALSE
TREVISO,3,3,0.7111111111111111,1976,1979,0.23322286870731093,FALSE
VICENZA,3,3,0.7111111111111111,1976,1979,0.23322286870731093,FALSE
AVELLINO,3,4,0.6981132075471699,1976,1979,0.23322286870731093,TRUE
BARI,3,4,0.6981132075471699,1976,1979,0.23322286870731093,TRUE
BARLETTA-ANDRIA-TRANI,3,4,0.6981132075471699,1976,1979,0.23322286870731093,TRUE
BENEVENTO,3,4,0.6981132075471699,1976,1979,0.23322286870731093,TRUE
CAMPOBASSO,3,4,0.6981132075471699,1976,1979,0.23322286870731093,TRUE
CATANZARO,3,4,0.6981132075471699,1976,1979,0.23322286870731093,TRUE
CHIETI,3,4,0.6981132075471699,1976,1979,0.23322286870731093,TRUE
COSENZA,3,4,0.6981132075471699,1976,1979,0.23322286870731093,TRUE
CROTONE,3,4,0.6981132075471699,1976,1979,0.23322286870731093,TRUE
FOGGIA,3,4,0.6981132075471699,1976,1979,0.23322286870731093,TRUE
ISERNIA,3,4,0.6981132075471699,1976,1979,0.23322286870731093,TRUE
L'AQUILA,3,4,0.6981132075471699,1976,1979,0.23322286870731093,TRUE
PESCARA,3,4,0.6981132075471699,1976,1979,0.23322286870731093,TRUE
REGGIO CALABRIA,3,4,0.6981132075471699,1976,1979,0.23322286870731093,TRUE
SALERNO,3,4,0.6981132075471699,1976,1979,0.23322286870731093,TRUE
TERAMO,3,4,0.6981132075471699,1976,1979,0.23322286870731093,TRUE
VIBO VALENTIA,3,4,0.6981132075471699,1976,1979,0.23322286870731093,TRUE
AGRIGENTO,4,4,0.6190476190476191,1976,1979,0.23322286870731093,FALSE
BRINDISI,4,4,0.6190476190476191,1976,1979,0.23322286870731093,FALSE
CALTANISSETTA,4,4,0.6190476190476191,1976,1979,0.23322286870731093,FALSE
CASERTA,4,4,0.6190476190476191,1976,1979,0.23322286870731093,FALSE
CATANIA,4,4,0.6190476190476191,1976,1979,0.23322286870731093,FALSE
ENNA,4,4,0.6190476190476191,1976,1979,0.23322286870731093,FALSE
FROSINONE,4,4,0.6190476190476191,1976,1979,0.23322286870731093,FALSE
LATINA,4,4,0.6190476190476191,1976,1979,0.23322286870731093,FALSE
LECCE,4,4,0.6190476190476191,1976,1979,0.23322286870731093,FALSE
MATERA,4,4,0.6190476190476191,1976,1979,0.23322286870731093,FALSE
MESSINA,4,4,0.6190476190476191,1976,1979,0.23322286870731093,FALSE
NAPOLI,4,4,0.6190476190476191,1976,1979,0.23322286870731093,FALSE
PALERMO,4,4,0.6190476190476191,1976,1979,0.23322286870731093,FALSE
POTENZA,4,4,0.6190476190476191,1976,1979,0.23322286870731093,FALSE
RAGUSA,4,4,0.6190476190476191,1976,1979,0.23322286870731093,FALSE
SIRACUSA,4,4,0.6190476190476191,1976,1979,0.23322286870731093,FALSE
TRAPANI,4,4,0.6190476190476191,1976,1979,0.23322286870731093,FALSE
BIELLA,2,2,0.6153846153846154,1976,1979,0.23322286870731093,FALSE
GENOVA,2,2,0.6153846153846154,1976,1979,0.23322286870731093,FALSE
IMPERIA,2,2,0.6153846153846154,1976,1979,0.23322286870731093,FALSE
LODI,2,2,0.6153846153846154,1976,1979,0.23322286870731093,FALSE
MILANO,2,2,0.6153846153846154,1976,1979,0.23322286870731093,FALSE
MONZA E DELLA BRIANZA,2,2,0.6153846153846154,1976,1979,0.23322286870731093,FALSE
NOVARA,2,2,0.6153846153846154,1976,1979,0.23322286870731093,FALSE
PAVIA,2,2,0.6153846153846154,1976,1979,0.23322286870731093,FALSE
ROMA,2,2,0.6153846153846154,1976,1979,0.23322286870731093,FALSE
ROVIGO,2,2,0.6153846153846154,1976,1979,0.23322286870731093,FALSE
SAVONA,2,2,0.6153846153846154,1976,1979,0.23322286870731093,FALSE
TORINO,2,2,0.6153846153846154,1976,1979,0.23322286870731093,FALSE
VENEZIA,2,2,0.6153846153846154,1976,1979,0.23322286870731093,FALSE
VERBANO-CUSIO-OSSOLA,2,2,0.6153846153846154,1976,1979,0.23322286870731093,FALSE
VERCELLI,2,2,0.6153846153846154,1976,1979,0.23322286870731093,FALSE
VITERBO,2,2,0.6153846153846154,1976,1979,0.23322286870731093,FALSE
AREZZO,1,1,0.5833333333333333,1976,1979,0.23322286870731093,FALSE
FIRENZE,1,1,0.5833333333333333,1976,1979,0.23322286870731093,FALSE
GROSSETO,1,1,0.5833333333333333,1976,1979,0.23322286870731093,FALSE
LIVORNO,1,1,0.5833333333333333,1976,1979,0.23322286870731093,FALSE
MODENA,1,1,0.5833333333333333,1976,1979,0.23322286870731093,FALSE
PESARO E URBINO,1,1,0.5833333333333333,1976,1979,0.23322286870731093,FALSE
PISA,1,1,0.5833333333333333,1976,1979,0.23322286870731093,FALSE
PISTOIA,1,1,0.5833333333333333,1976,1979,0.23322286870731093,FALSE
PRATO,1,1,0.5833333333333333,1976,1979,0.23322286870731093,FALSE
REGGIO NELL'EMILIA,1,1,0.5833333333333333,1976,1979,0.23322286870731093,FALSE
SIENA,1,1,0.5833333333333333,1976,1979,0.23322286870731093,FALSE
ROVIGO,2,3,0.9736842105263158,1979,1983,0.3405189846338894,TRUE
VENEZIA,2,3,0.9736842105263158,1979,1983,0.3405189846338894,TRUE
MODENA,1,2,0.972972972972973,1979,1983,0.3405189846338894,TRUE
REGGIO NELL'EMILIA,1,2,0.972972972972973,1979,1983,0.3405189846338894,TRUE
COMO,3,4,0.9516129032258064,1979,1983,0.3405189846338894,TRUE
LECCO,3,4,0.9516129032258064,1979,1983,0.3405189846338894,TRUE
SONDRIO,3,4,0.9516129032258064,1979,1983,0.3405189846338894,TRUE
TRIESTE,3,4,0.9516129032258064,1979,1983,0.3405189846338894,TRUE
CAMPOBASSO,4,2,0.94,1979,1983,0.3405189846338894,TRUE
ISERNIA,4,2,0.94,1979,1983,0.3405189846338894,TRUE
MATERA,4,2,0.94,1979,1983,0.3405189846338894,TRUE
POTENZA,4,2,0.94,1979,1983,0.3405189846338894,TRUE
ALESSANDRIA,2,2,0.9111111111111112,1979,1983,0.3405189846338894,FALSE
CREMONA,2,2,0.9111111111111112,1979,1983,0.3405189846338894,FALSE
MANTOVA,2,2,0.9111111111111112,1979,1983,0.3405189846338894,FALSE
PARMA,2,2,0.9111111111111112,1979,1983,0.3405189846338894,FALSE
PIACENZA,2,2,0.9111111111111112,1979,1983,0.3405189846338894,FALSE
ASCOLI PICENO,2,4,0.8571428571428572,1979,1983,0.3405189846338894,TRUE
IMPERIA,2,4,0.8571428571428572,1979,1983,0.3405189846338894,TRUE
LUCCA,2,4,0.8571428571428572,1979,1983,0.3405189846338894,TRUE
MACERATA,2,4,0.8571428571428572,1979,1983,0.3405189846338894,TRUE
NOVARA,2,4,0.8571428571428572,1979,1983,0.3405189846338894,TRUE
RIETI,2,4,0.8571428571428572,1979,1983,0.3405189846338894,TRUE
ROMA,2,4,0.8571428571428572,1979,1983,0.3405189846338894,TRUE
TARANTO,2,4,0.8571428571428572,1979,1983,0.3405189846338894,TRUE
VARESE,2,4,0.8571428571428572,1979,1983,0.3405189846338894,TRUE
VERBANO-CUSIO-OSSOLA,2,4,0.8571428571428572,1979,1983,0.3405189846338894,TRUE
ANCONA,2,1,0.7391304347826086,1979,1983,0.3405189846338894,TRUE
BIELLA,2,1,0.7391304347826086,1979,1983,0.3405189846338894,TRUE
FERMO,2,1,0.7391304347826086,1979,1983,0.3405189846338894,TRUE
GENOVA,2,1,0.7391304347826086,1979,1983,0.3405189846338894,TRUE
LODI,2,1,0.7391304347826086,1979,1983,0.3405189846338894,TRUE
MASSA-CARRARA,2,1,0.7391304347826086,1979,1983,0.3405189846338894,TRUE
MILANO,2,1,0.7391304347826086,1979,1983,0.3405189846338894,TRUE
MONZA E DELLA BRIANZA,2,1,0.7391304347826086,1979,1983,0.3405189846338894,TRUE
PAVIA,2,1,0.7391304347826086,1979,1983,0.3405189846338894,TRUE
SAVONA,2,1,0.7391304347826086,1979,1983,0.3405189846338894,TRUE
TORINO,2,1,0.7391304347826086,1979,1983,0.3405189846338894,TRUE
VERCELLI,2,1,0.7391304347826086,1979,1983,0.3405189846338894,TRUE
VITERBO,2,1,0.7391304347826086,1979,1983,0.3405189846338894,TRUE
ASTI,3,2,0.7272727272727273,1979,1983,0.3405189846338894,TRUE
BELLUNO,3,2,0.7272727272727273,1979,1983,0.3405189846338894,TRUE
BERGAMO,3,2,0.7272727272727273,1979,1983,0.3405189846338894,TRUE
BOLZANO/BOZEN,3,2,0.7272727272727273,1979,1983,0.3405189846338894,TRUE
BRESCIA,3,2,0.7272727272727273,1979,1983,0.3405189846338894,TRUE
CUNEO,3,2,0.7272727272727273,1979,1983,0.3405189846338894,TRUE
GORIZIA,3,2,0.7272727272727273,1979,1983,0.3405189846338894,TRUE
PORDENONE,3,2,0.7272727272727273,1979,1983,0.3405189846338894,TRUE
TRENTO,3,2,0.7272727272727273,1979,1983,0.3405189846338894,TRUE
UDINE,3,2,0.7272727272727273,1979,1983,0.3405189846338894,TRUE
CAGLIARI,3,3,0.6666666666666667,1979,1983,0.3405189846338894,FALSE
NUORO,3,3,0.6666666666666667,1979,1983,0.3405189846338894,FALSE
ORISTANO,3,3,0.6666666666666667,1979,1983,0.3405189846338894,FALSE
PADOVA,3,3,0.6666666666666667,1979,1983,0.3405189846338894,FALSE
SASSARI,3,3,0.6666666666666667,1979,1983,0.3405189846338894,FALSE
SUD SARDEGNA,3,3,0.6666666666666667,1979,1983,0.3405189846338894,FALSE
TREVISO,3,3,0.6666666666666667,1979,1983,0.3405189846338894,FALSE
VERONA,3,3,0.6666666666666667,1979,1983,0.3405189846338894,FALSE
VICENZA,3,3,0.6666666666666667,1979,1983,0.3405189846338894,FALSE
AREZZO,1,1,0.4838709677419355,1979,1983,0.3405189846338894,FALSE
BOLOGNA,1,1,0.4838709677419355,1979,1983,0.3405189846338894,FALSE
FERRARA,1,1,0.4838709677419355,1979,1983,0.3405189846338894,FALSE
FIRENZE,1,1,0.4838709677419355,1979,1983,0.3405189846338894,FALSE
FORLÌ-CESENA,1,1,0.4838709677419355,1979,1983,0.3405189846338894,FALSE
GROSSETO,1,1,0.4838709677419355,1979,1983,0.3405189846338894,FALSE
LA SPEZIA,1,1,0.4838709677419355,1979,1983,0.3405189846338894,FALSE
LIVORNO,1,1,0.4838709677419355,1979,1983,0.3405189846338894,FALSE
PERUGIA,1,1,0.4838709677419355,1979,1983,0.3405189846338894,FALSE
PESARO E URBINO,1,1,0.4838709677419355,1979,1983,0.3405189846338894,FALSE
PISA,1,1,0.4838709677419355,1979,1983,0.3405189846338894,FALSE
PISTOIA,1,1,0.4838709677419355,1979,1983,0.3405189846338894,FALSE
PRATO,1,1,0.4838709677419355,1979,1983,0.3405189846338894,FALSE
RAVENNA,1,1,0.4838709677419355,1979,1983,0.3405189846338894,FALSE
RIMINI,1,1,0.4838709677419355,1979,1983,0.3405189846338894,FALSE
SIENA,1,1,0.4838709677419355,1979,1983,0.3405189846338894,FALSE
TERNI,1,1,0.4838709677419355,1979,1983,0.3405189846338894,FALSE
AGRIGENTO,4,4,0.3829787234042553,1979,1983,0.3405189846338894,FALSE
AVELLINO,4,4,0.3829787234042553,1979,1983,0.3405189846338894,FALSE
BARI,4,4,0.3829787234042553,1979,1983,0.3405189846338894,FALSE
BARLETTA-ANDRIA-TRANI,4,4,0.3829787234042553,1979,1983,0.3405189846338894,FALSE
BENEVENTO,4,4,0.3829787234042553,1979,1983,0.3405189846338894,FALSE
BRINDISI,4,4,0.3829787234042553,1979,1983,0.3405189846338894,FALSE
CALTANISSETTA,4,4,0.3829787234042553,1979,1983,0.3405189846338894,FALSE
CASERTA,4,4,0.3829787234042553,1979,1983,0.3405189846338894,FALSE
CATANIA,4,4,0.3829787234042553,1979,1983,0.3405189846338894,FALSE
CATANZARO,4,4,0.3829787234042553,1979,1983,0.3405189846338894,FALSE
CHIETI,4,4,0.3829787234042553,1979,1983,0.3405189846338894,FALSE
COSENZA,4,4,0.3829787234042553,1979,1983,0.3405189846338894,FALSE
CROTONE,4,4,0.3829787234042553,1979,1983,0.3405189846338894,FALSE
ENNA,4,4,0.3829787234042553,1979,1983,0.3405189846338894,FALSE
FOGGIA,4,4,0.3829787234042553,1979,1983,0.3405189846338894,FALSE
FROSINONE,4,4,0.3829787234042553,1979,1983,0.3405189846338894,FALSE
L'AQUILA,4,4,0.3829787234042553,1979,1983,0.3405189846338894,FALSE
LATINA,4,4,0.3829787234042553,1979,1983,0.3405189846338894,FALSE
LECCE,4,4,0.3829787234042553,1979,1983,0.3405189846338894,FALSE
MESSINA,4,4,0.3829787234042553,1979,1983,0.3405189846338894,FALSE
NAPOLI,4,4,0.3829787234042553,1979,1983,0.3405189846338894,FALSE
PALERMO,4,4,0.3829787234042553,1979,1983,0.3405189846338894,FALSE
PESCARA,4,4,0.3829787234042553,1979,1983,0.3405189846338894,FALSE
RAGUSA,4,4,0.3829787234042553,1979,1983,0.3405189846338894,FALSE
REGGIO CALABRIA,4,4,0.3829787234042553,1979,1983,0.3405189846338894,FALSE
SALERNO,4,4,0.3829787234042553,1979,1983,0.3405189846338894,FALSE
SIRACUSA,4,4,0.3829787234042553,1979,1983,0.3405189846338894,FALSE
TERAMO,4,4,0.3829787234042553,1979,1983,0.3405189846338894,FALSE
TRAPANI,4,4,0.3829787234042553,1979,1983,0.3405189846338894,FALSE
VIBO VALENTIA,4,4,0.3829787234042553,1979,1983,0.3405189846338894,FALSE
CAMPOBASSO,2,4,0.9454545454545454,1983,1987,0.41251680065983143,TRUE
ISERNIA,2,4,0.9454545454545454,1983,1987,0.41251680065983143,TRUE
MATERA,2,4,0.9454545454545454,1983,1987,0.41251680065983143,TRUE
POTENZA,2,4,0.9454545454545454,1983,1987,0.41251680065983143,TRUE
MANTOVA,2,1,0.926829268292683,1983,1987,0.41251680065983143,TRUE
MODENA,2,1,0.926829268292683,1983,1987,0.41251680065983143,TRUE
PARMA,2,1,0.926829268292683,1983,1987,0.41251680065983143,TRUE
REGGIO NELL'EMILIA,2,1,0.926829268292683,1983,1987,0.41251680065983143,TRUE
COMO,4,2,0.8873239436619719,1983,1987,0.41251680065983143,TRUE
IMPERIA,4,2,0.8873239436619719,1983,1987,0.41251680065983143,TRUE
LECCO,4,2,0.8873239436619719,1983,1987,0.41251680065983143,TRUE
NOVARA,4,2,0.8873239436619719,1983,1987,0.41251680065983143,TRUE
ROMA,4,2,0.8873239436619719,1983,1987,0.41251680065983143,TRUE
SONDRIO,4,2,0.8873239436619719,1983,1987,0.41251680065983143,TRUE
TRIESTE,4,2,0.8873239436619719,1983,1987,0.41251680065983143,TRUE
VARESE,4,2,0.8873239436619719,1983,1987,0.41251680065983143,TRUE
VERBANO-CUSIO-OSSOLA,4,2,0.8873239436619719,1983,1987,0.41251680065983143,TRUE
PADOVA,3,2,0.8780487804878049,1983,1987,0.41251680065983143,TRUE
ROVIGO,3,2,0.8780487804878049,1983,1987,0.41251680065983143,TRUE
TREVISO,3,2,0.8780487804878049,1983,1987,0.41251680065983143,TRUE
VENEZIA,3,2,0.8780487804878049,1983,1987,0.41251680065983143,TRUE
VERONA,3,2,0.8780487804878049,1983,1987,0.41251680065983143,TRUE
VICENZA,3,2,0.8780487804878049,1983,1987,0.41251680065983143,TRUE
BIELLA,1,2,0.8596491228070176,1983,1987,0.41251680065983143,TRUE
GENOVA,1,2,0.8596491228070176,1983,1987,0.41251680065983143,TRUE
LODI,1,2,0.8596491228070176,1983,1987,0.41251680065983143,TRUE
MILANO,1,2,0.8596491228070176,1983,1987,0.41251680065983143,TRUE
MONZA E DELLA BRIANZA,1,2,0.8596491228070176,1983,1987,0.41251680065983143,TRUE
PAVIA,1,2,0.8596491228070176,1983,1987,0.41251680065983143,TRUE
SAVONA,1,2,0.8596491228070176,1983,1987,0.41251680065983143,TRUE
TORINO,1,2,0.8596491228070176,1983,1987,0.41251680065983143,TRUE
VERCELLI,1,2,0.8596491228070176,1983,1987,0.41251680065983143,TRUE
ALESSANDRIA,2,2,0.7272727272727273,1983,1987,0.41251680065983143,FALSE
ASTI,2,2,0.7272727272727273,1983,1987,0.41251680065983143,FALSE
BELLUNO,2,2,0.7272727272727273,1983,1987,0.41251680065983143,FALSE
BERGAMO,2,2,0.7272727272727273,1983,1987,0.41251680065983143,FALSE
BOLZANO/BOZEN,2,2,0.7272727272727273,1983,1987,0.41251680065983143,FALSE
BRESCIA,2,2,0.7272727272727273,1983,1987,0.41251680065983143,FALSE
CREMONA,2,2,0.7272727272727273,1983,1987,0.41251680065983143,FALSE
CUNEO,2,2,0.7272727272727273,1983,1987,0.41251680065983143,FALSE
GORIZIA,2,2,0.7272727272727273,1983,1987,0.41251680065983143,FALSE
PIACENZA,2,2,0.7272727272727273,1983,1987,0.41251680065983143,FALSE
PORDENONE,2,2,0.7272727272727273,1983,1987,0.41251680065983143,FALSE
TRENTO,2,2,0.7272727272727273,1983,1987,0.41251680065983143,FALSE
UDINE,2,2,0.7272727272727273,1983,1987,0.41251680065983143,FALSE
CAGLIARI,3,3,0.6,1983,1987,0.41251680065983143,FALSE
NUORO,3,3,0.6,1983,1987,0.41251680065983143,FALSE
ORISTANO,3,3,0.6,1983,1987,0.41251680065983143,FALSE
SASSARI,3,3,0.6,1983,1987,0.41251680065983143,FALSE
SUD SARDEGNA,3,3,0.6,1983,1987,0.41251680065983143,FALSE
ANCONA,1,1,0.3939393939393939,1983,1987,0.41251680065983143,FALSE
AREZZO,1,1,0.3939393939393939,1983,1987,0.41251680065983143,FALSE
BOLOGNA,1,1,0.3939393939393939,1983,1987,0.41251680065983143,FALSE
FERMO,1,1,0.3939393939393939,1983,1987,0.41251680065983143,FALSE
FERRARA,1,1,0.3939393939393939,1983,1987,0.41251680065983143,FALSE
FIRENZE,1,1,0.3939393939393939,1983,1987,0.41251680065983143,FALSE
FORLÌ-CESENA,1,1,0.3939393939393939,1983,1987,0.41251680065983143,FALSE
GROSSETO,1,1,0.3939393939393939,1983,1987,0.41251680065983143,FALSE
LA SPEZIA,1,1,0.3939393939393939,1983,1987,0.41251680065983143,FALSE
LIVORNO,1,1,0.3939393939393939,1983,1987,0.41251680065983143,FALSE
MASSA-CARRARA,1,1,0.3939393939393939,1983,1987,0.41251680065983143,FALSE
PERUGIA,1,1,0.3939393939393939,1983,1987,0.41251680065983143,FALSE
PESARO E URBINO,1,1,0.3939393939393939,1983,1987,0.41251680065983143,FALSE
PISA,1,1,0.3939393939393939,1983,1987,0.41251680065983143,FALSE
PISTOIA,1,1,0.3939393939393939,1983,1987,0.41251680065983143,FALSE
PRATO,1,1,0.3939393939393939,1983,1987,0.41251680065983143,FALSE
RAVENNA,1,1,0.3939393939393939,1983,1987,0.41251680065983143,FALSE
RIMINI,1,1,0.3939393939393939,1983,1987,0.41251680065983143,FALSE
SIENA,1,1,0.3939393939393939,1983,1987,0.41251680065983143,FALSE
TERNI,1,1,0.3939393939393939,1983,1987,0.41251680065983143,FALSE
VITERBO,1,1,0.3939393939393939,1983,1987,0.41251680065983143,FALSE
AGRIGENTO,4,4,0.276595744680851,1983,1987,0.41251680065983143,FALSE
ASCOLI PICENO,4,4,0.276595744680851,1983,1987,0.41251680065983143,FALSE
AVELLINO,4,4,0.276595744680851,1983,1987,0.41251680065983143,FALSE
BARI,4,4,0.276595744680851,1983,1987,0.41251680065983143,FALSE
BARLETTA-ANDRIA-TRANI,4,4,0.276595744680851,1983,1987,0.41251680065983143,FALSE
BENEVENTO,4,4,0.276595744680851,1983,1987,0.41251680065983143,FALSE
BRINDISI,4,4,0.276595744680851,1983,1987,0.41251680065983143,FALSE
CALTANISSETTA,4,4,0.276595744680851,1983,1987,0.41251680065983143,FALSE
CASERTA,4,4,0.276595744680851,1983,1987,0.41251680065983143,FALSE
CATANIA,4,4,0.276595744680851,1983,1987,0.41251680065983143,FALSE
CATANZARO,4,4,0.276595744680851,1983,1987,0.41251680065983143,FALSE
CHIETI,4,4,0.276595744680851,1983,1987,0.41251680065983143,FALSE
COSENZA,4,4,0.276595744680851,1983,1987,0.41251680065983143,FALSE
CROTONE,4,4,0.276595744680851,1983,1987,0.41251680065983143,FALSE
ENNA,4,4,0.276595744680851,1983,1987,0.41251680065983143,FALSE
FOGGIA,4,4,0.276595744680851,1983,1987,0.41251680065983143,FALSE
FROSINONE,4,4,0.276595744680851,1983,1987,0.41251680065983143,FALSE
L'AQUILA,4,4,0.276595744680851,1983,1987,0.41251680065983143,FALSE
LATINA,4,4,0.276595744680851,1983,1987,0.41251680065983143,FALSE
LECCE,4,4,0.276595744680851,1983,1987,0.41251680065983143,FALSE
LUCCA,4,4,0.276595744680851,1983,1987,0.41251680065983143,FALSE
MACERATA,4,4,0.276595744680851,1983,1987,0.41251680065983143,FALSE
MESSINA,4,4,0.276595744680851,1983,1987,0.41251680065983143,FALSE
NAPOLI,4,4,0.276595744680851,1983,1987,0.41251680065983143,FALSE
PALERMO,4,4,0.276595744680851,1983,1987,0.41251680065983143,FALSE
PESCARA,4,4,0.276595744680851,1983,1987,0.41251680065983143,FALSE
RAGUSA,4,4,0.276595744680851,1983,1987,0.41251680065983143,FALSE
REGGIO CALABRIA,4,4,0.276595744680851,1983,1987,0.41251680065983143,FALSE
RIETI,4,4,0.276595744680851,1983,1987,0.41251680065983143,FALSE
SALERNO,4,4,0.276595744680851,1983,1987,0.41251680065983143,FALSE
SIRACUSA,4,4,0.276595744680851,1983,1987,0.41251680065983143,FALSE
TARANTO,4,4,0.276595744680851,1983,1987,0.41251680065983143,FALSE
TERAMO,4,4,0.276595744680851,1983,1987,0.41251680065983143,FALSE
TRAPANI,4,4,0.276595744680851,1983,1987,0.41251680065983143,FALSE
VIBO VALENTIA,4,4,0.276595744680851,1983,1987,0.41251680065983143,FALSE
LUCCA,4,1,1,1987,1992,0.5496031401701661,TRUE
ROMA,2,4,1,1987,1992,0.5496031401701661,TRUE
TARANTO,4,2,1,1987,1992,0.5496031401701661,TRUE
TRIESTE,2,3,1,1987,1992,0.5496031401701661,TRUE
VITERBO,1,4,1,1987,1992,0.5496031401701661,TRUE
MANTOVA,1,2,0.9833333333333332,1987,1992,0.5496031401701661,TRUE
PARMA,1,2,0.9833333333333332,1987,1992,0.5496031401701661,TRUE
ANCONA,1,3,0.9148936170212766,1987,1992,0.5496031401701661,TRUE
FERMO,1,3,0.9148936170212766,1987,1992,0.5496031401701661,TRUE
PERUGIA,1,3,0.9148936170212766,1987,1992,0.5496031401701661,TRUE
PESARO E URBINO,1,3,0.9148936170212766,1987,1992,0.5496031401701661,TRUE
TERNI,1,3,0.9148936170212766,1987,1992,0.5496031401701661,TRUE
CAGLIARI,3,3,0.8518518518518519,1987,1992,0.5496031401701661,FALSE
NUORO,3,3,0.8518518518518519,1987,1992,0.5496031401701661,FALSE
ORISTANO,3,3,0.8518518518518519,1987,1992,0.5496031401701661,FALSE
SASSARI,3,3,0.8518518518518519,1987,1992,0.5496031401701661,FALSE
SUD SARDEGNA,3,3,0.8518518518518519,1987,1992,0.5496031401701661,FALSE
ASCOLI PICENO,4,3,0.6734693877551021,1987,1992,0.5496031401701661,TRUE
AVELLINO,4,3,0.6734693877551021,1987,1992,0.5496031401701661,TRUE
BENEVENTO,4,3,0.6734693877551021,1987,1992,0.5496031401701661,TRUE
CATANZARO,4,3,0.6734693877551021,1987,1992,0.5496031401701661,TRUE
CHIETI,4,3,0.6734693877551021,1987,1992,0.5496031401701661,TRUE
COSENZA,4,3,0.6734693877551021,1987,1992,0.5496031401701661,TRUE
CROTONE,4,3,0.6734693877551021,1987,1992,0.5496031401701661,TRUE
L'AQUILA,4,3,0.6734693877551021,1987,1992,0.5496031401701661,TRUE
MACERATA,4,3,0.6734693877551021,1987,1992,0.5496031401701661,TRUE
MATERA,4,3,0.6734693877551021,1987,1992,0.5496031401701661,TRUE
PESCARA,4,3,0.6734693877551021,1987,1992,0.5496031401701661,TRUE
POTENZA,4,3,0.6734693877551021,1987,1992,0.5496031401701661,TRUE
REGGIO CALABRIA,4,3,0.6734693877551021,1987,1992,0.5496031401701661,TRUE
RIETI,4,3,0.6734693877551021,1987,1992,0.5496031401701661,TRUE
SALERNO,4,3,0.6734693877551021,1987,1992,0.5496031401701661,TRUE
TERAMO,4,3,0.6734693877551021,1987,1992,0.5496031401701661,TRUE
VIBO VALENTIA,4,3,0.6734693877551021,1987,1992,0.5496031401701661,TRUE
AGRIGENTO,4,4,0.525,1987,1992,0.5496031401701661,FALSE
BARI,4,4,0.525,1987,1992,0.5496031401701661,FALSE
BARLETTA-ANDRIA-TRANI,4,4,0.525,1987,1992,0.5496031401701661,FALSE
BRINDISI,4,4,0.525,1987,1992,0.5496031401701661,FALSE
CALTANISSETTA,4,4,0.525,1987,1992,0.5496031401701661,FALSE
CAMPOBASSO,4,4,0.525,1987,1992,0.5496031401701661,FALSE
CASERTA,4,4,0.525,1987,1992,0.5496031401701661,FALSE
CATANIA,4,4,0.525,1987,1992,0.5496031401701661,FALSE
ENNA,4,4,0.525,1987,1992,0.5496031401701661,FALSE
FOGGIA,4,4,0.525,1987,1992,0.5496031401701661,FALSE
FROSINONE,4,4,0.525,1987,1992,0.5496031401701661,FALSE
ISERNIA,4,4,0.525,1987,1992,0.5496031401701661,FALSE
LATINA,4,4,0.525,1987,1992,0.5496031401701661,FALSE
LECCE,4,4,0.525,1987,1992,0.5496031401701661,FALSE
MESSINA,4,4,0.525,1987,1992,0.5496031401701661,FALSE
NAPOLI,4,4,0.525,1987,1992,0.5496031401701661,FALSE
PALERMO,4,4,0.525,1987,1992,0.5496031401701661,FALSE
RAGUSA,4,4,0.525,1987,1992,0.5496031401701661,FALSE
SIRACUSA,4,4,0.525,1987,1992,0.5496031401701661,FALSE
TRAPANI,4,4,0.525,1987,1992,0.5496031401701661,FALSE
AREZZO,1,1,0.36,1987,1992,0.5496031401701661,FALSE
BOLOGNA,1,1,0.36,1987,1992,0.5496031401701661,FALSE
FERRARA,1,1,0.36,1987,1992,0.5496031401701661,FALSE
FIRENZE,1,1,0.36,1987,1992,0.5496031401701661,FALSE
FORLÌ-CESENA,1,1,0.36,1987,1992,0.5496031401701661,FALSE
GROSSETO,1,1,0.36,1987,1992,0.5496031401701661,FALSE
LA SPEZIA,1,1,0.36,1987,1992,0.5496031401701661,FALSE
LIVORNO,1,1,0.36,1987,1992,0.5496031401701661,FALSE
MASSA-CARRARA,1,1,0.36,1987,1992,0.5496031401701661,FALSE
MODENA,1,1,0.36,1987,1992,0.5496031401701661,FALSE
PISA,1,1,0.36,1987,1992,0.5496031401701661,FALSE
PISTOIA,1,1,0.36,1987,1992,0.5496031401701661,FALSE
PRATO,1,1,0.36,1987,1992,0.5496031401701661,FALSE
RAVENNA,1,1,0.36,1987,1992,0.5496031401701661,FALSE
REGGIO NELL'EMILIA,1,1,0.36,1987,1992,0.5496031401701661,FALSE
RIMINI,1,1,0.36,1987,1992,0.5496031401701661,FALSE
SIENA,1,1,0.36,1987,1992,0.5496031401701661,FALSE
ALESSANDRIA,2,2,0.1282051282051282,1987,1992,0.5496031401701661,FALSE
ASTI,2,2,0.1282051282051282,1987,1992,0.5496031401701661,FALSE
BELLUNO,2,2,0.1282051282051282,1987,1992,0.5496031401701661,FALSE
BERGAMO,2,2,0.1282051282051282,1987,1992,0.5496031401701661,FALSE
BIELLA,2,2,0.1282051282051282,1987,1992,0.5496031401701661,FALSE
BOLZANO/BOZEN,2,2,0.1282051282051282,1987,1992,0.5496031401701661,FALSE
BRESCIA,2,2,0.1282051282051282,1987,1992,0.5496031401701661,FALSE
COMO,2,2,0.1282051282051282,1987,1992,0.5496031401701661,FALSE
CREMONA,2,2,0.1282051282051282,1987,1992,0.5496031401701661,FALSE
CUNEO,2,2,0.1282051282051282,1987,1992,0.5496031401701661,FALSE
GENOVA,2,2,0.1282051282051282,1987,1992,0.5496031401701661,FALSE
GORIZIA,2,2,0.1282051282051282,1987,1992,0.5496031401701661,FALSE
IMPERIA,2,2,0.1282051282051282,1987,1992,0.5496031401701661,FALSE
LECCO,2,2,0.1282051282051282,1987,1992,0.5496031401701661,FALSE
LODI,2,2,0.1282051282051282,1987,1992,0.5496031401701661,FALSE
MILANO,2,2,0.1282051282051282,1987,1992,0.5496031401701661,FALSE
MONZA E DELLA BRIANZA,2,2,0.1282051282051282,1987,1992,0.5496031401701661,FALSE
NOVARA,2,2,0.1282051282051282,1987,1992,0.5496031401701661,FALSE
PADOVA,2,2,0.1282051282051282,1987,1992,0.5496031401701661,FALSE
PAVIA,2,2,0.1282051282051282,1987,1992,0.5496031401701661,FALSE
PIACENZA,2,2,0.1282051282051282,1987,1992,0.5496031401701661,FALSE
PORDENONE,2,2,0.1282051282051282,1987,1992,0.5496031401701661,FALSE
ROVIGO,2,2,0.1282051282051282,1987,1992,0.5496031401701661,FALSE
SAVONA,2,2,0.1282051282051282,1987,1992,0.5496031401701661,FALSE
SONDRIO,2,2,0.1282051282051282,1987,1992,0.5496031401701661,FALSE
TORINO,2,2,0.1282051282051282,1987,1992,0.5496031401701661,FALSE
TRENTO,2,2,0.1282051282051282,1987,1992,0.5496031401701661,FALSE
TREVISO,2,2,0.1282051282051282,1987,1992,0.5496031401701661,FALSE
UDINE,2,2,0.1282051282051282,1987,1992,0.5496031401701661,FALSE
VARESE,2,2,0.1282051282051282,1987,1992,0.5496031401701661,FALSE
VENEZIA,2,2,0.1282051282051282,1987,1992,0.5496031401701661,FALSE
VERBANO-CUSIO-OSSOLA,2,2,0.1282051282051282,1987,1992,0.5496031401701661,FALSE
VERCELLI,2,2,0.1282051282051282,1987,1992,0.5496031401701661,FALSE
VERONA,2,2,0.1282051282051282,1987,1992,0.5496031401701661,FALSE
VICENZA,2,2,0.1282051282051282,1987,1992,0.5496031401701661,FALSE
TARANTO,2,4,1,1992,1994,0.5207331667681454,TRUE
ANCONA,3,2,0.9473684210526316,1992,1994,0.5207331667681454,TRUE
MATERA,3,2,0.9473684210526316,1992,1994,0.5207331667681454,TRUE
POTENZA,3,2,0.9473684210526316,1992,1994,0.5207331667681454,TRUE
TRIESTE,3,2,0.9473684210526316,1992,1994,0.5207331667681454,TRUE
GENOVA,2,1,0.8909090909090909,1992,1994,0.5207331667681454,TRUE
IMPERIA,2,1,0.8909090909090909,1992,1994,0.5207331667681454,TRUE
MILANO,2,1,0.8909090909090909,1992,1994,0.5207331667681454,TRUE
MONZA E DELLA BRIANZA,2,1,0.8909090909090909,1992,1994,0.5207331667681454,TRUE
PARMA,2,1,0.8909090909090909,1992,1994,0.5207331667681454,TRUE
PIACENZA,2,1,0.8909090909090909,1992,1994,0.5207331667681454,TRUE
SAVONA,2,1,0.8909090909090909,1992,1994,0.5207331667681454,TRUE
BARI,4,4,0.8181818181818181,1992,1994,0.5207331667681454,FALSE
BARLETTA-ANDRIA-TRANI,4,4,0.8181818181818181,1992,1994,0.5207331667681454,FALSE
BRINDISI,4,4,0.8181818181818181,1992,1994,0.5207331667681454,FALSE
FOGGIA,4,4,0.8181818181818181,1992,1994,0.5207331667681454,FALSE
LECCE,4,4,0.8181818181818181,1992,1994,0.5207331667681454,FALSE
AGRIGENTO,4,3,0.6444444444444444,1992,1994,0.5207331667681454,TRUE
CALTANISSETTA,4,3,0.6444444444444444,1992,1994,0.5207331667681454,TRUE
CAMPOBASSO,4,3,0.6444444444444444,1992,1994,0.5207331667681454,TRUE
CASERTA,4,3,0.6444444444444444,1992,1994,0.5207331667681454,TRUE
CATANIA,4,3,0.6444444444444444,1992,1994,0.5207331667681454,TRUE
ENNA,4,3,0.6444444444444444,1992,1994,0.5207331667681454,TRUE
FROSINONE,4,3,0.6444444444444444,1992,1994,0.5207331667681454,TRUE
ISERNIA,4,3,0.6444444444444444,1992,1994,0.5207331667681454,TRUE
LATINA,4,3,0.6444444444444444,1992,1994,0.5207331667681454,TRUE
MESSINA,4,3,0.6444444444444444,1992,1994,0.5207331667681454,TRUE
NAPOLI,4,3,0.6444444444444444,1992,1994,0.5207331667681454,TRUE
PALERMO,4,3,0.6444444444444444,1992,1994,0.5207331667681454,TRUE
RAGUSA,4,3,0.6444444444444444,1992,1994,0.5207331667681454,TRUE
ROMA,4,3,0.6444444444444444,1992,1994,0.5207331667681454,TRUE
SIRACUSA,4,3,0.6444444444444444,1992,1994,0.5207331667681454,TRUE
TRAPANI,4,3,0.6444444444444444,1992,1994,0.5207331667681454,TRUE
VITERBO,4,3,0.6444444444444444,1992,1994,0.5207331667681454,TRUE
ASCOLI PICENO,3,3,0.4772727272727273,1992,1994,0.5207331667681454,FALSE
AVELLINO,3,3,0.4772727272727273,1992,1994,0.5207331667681454,FALSE
BENEVENTO,3,3,0.4772727272727273,1992,1994,0.5207331667681454,FALSE
CAGLIARI,3,3,0.4772727272727273,1992,1994,0.5207331667681454,FALSE
CATANZARO,3,3,0.4772727272727273,1992,1994,0.5207331667681454,FALSE
CHIETI,3,3,0.4772727272727273,1992,1994,0.5207331667681454,FALSE
COSENZA,3,3,0.4772727272727273,1992,1994,0.5207331667681454,FALSE
CROTONE,3,3,0.4772727272727273,1992,1994,0.5207331667681454,FALSE
FERMO,3,3,0.4772727272727273,1992,1994,0.5207331667681454,FALSE
L'AQUILA,3,3,0.4772727272727273,1992,1994,0.5207331667681454,FALSE
MACERATA,3,3,0.4772727272727273,1992,1994,0.5207331667681454,FALSE
NUORO,3,3,0.4772727272727273,1992,1994,0.5207331667681454,FALSE
ORISTANO,3,3,0.4772727272727273,1992,1994,0.5207331667681454,FALSE
PERUGIA,3,3,0.4772727272727273,1992,1994,0.5207331667681454,FALSE
PESARO E URBINO,3,3,0.4772727272727273,1992,1994,0.5207331667681454,FALSE
PESCARA,3,3,0.4772727272727273,1992,1994,0.5207331667681454,FALSE
REGGIO CALABRIA,3,3,0.4772727272727273,1992,1994,0.5207331667681454,FALSE
RIETI,3,3,0.4772727272727273,1992,1994,0.5207331667681454,FALSE
SALERNO,3,3,0.4772727272727273,1992,1994,0.5207331667681454,FALSE
SASSARI,3,3,0.4772727272727273,1992,1994,0.5207331667681454,FALSE
SUD SARDEGNA,3,3,0.4772727272727273,1992,1994,0.5207331667681454,FALSE
TERAMO,3,3,0.4772727272727273,1992,1994,0.5207331667681454,FALSE
TERNI,3,3,0.4772727272727273,1992,1994,0.5207331667681454,FALSE
VIBO VALENTIA,3,3,0.4772727272727273,1992,1994,0.5207331667681454,FALSE
ALESSANDRIA,2,2,0.29268292682926833,1992,1994,0.5207331667681454,FALSE
ASTI,2,2,0.29268292682926833,1992,1994,0.5207331667681454,FALSE
BELLUNO,2,2,0.29268292682926833,1992,1994,0.5207331667681454,FALSE
BERGAMO,2,2,0.29268292682926833,1992,1994,0.5207331667681454,FALSE
BIELLA,2,2,0.29268292682926833,1992,1994,0.5207331667681454,FALSE
BOLZANO/BOZEN,2,2,0.29268292682926833,1992,1994,0.5207331667681454,FALSE
BRESCIA,2,2,0.29268292682926833,1992,1994,0.5207331667681454,FALSE
COMO,2,2,0.29268292682926833,1992,1994,0.5207331667681454,FALSE
CREMONA,2,2,0.29268292682926833,1992,1994,0.5207331667681454,FALSE
CUNEO,2,2,0.29268292682926833,1992,1994,0.5207331667681454,FALSE
GORIZIA,2,2,0.29268292682926833,1992,1994,0.5207331667681454,FALSE
LECCO,2,2,0.29268292682926833,1992,1994,0.5207331667681454,FALSE
LODI,2,2,0.29268292682926833,1992,1994,0.5207331667681454,FALSE
MANTOVA,2,2,0.29268292682926833,1992,1994,0.5207331667681454,FALSE
NOVARA,2,2,0.29268292682926833,1992,1994,0.5207331667681454,FALSE
PADOVA,2,2,0.29268292682926833,1992,1994,0.5207331667681454,FALSE
PAVIA,2,2,0.29268292682926833,1992,1994,0.5207331667681454,FALSE
PORDENONE,2,2,0.29268292682926833,1992,1994,0.5207331667681454,FALSE
ROVIGO,2,2,0.29268292682926833,1992,1994,0.5207331667681454,FALSE
SONDRIO,2,2,0.29268292682926833,1992,1994,0.5207331667681454,FALSE
TORINO,2,2,0.29268292682926833,1992,1994,0.5207331667681454,FALSE
TRENTO,2,2,0.29268292682926833,1992,1994,0.5207331667681454,FALSE
TREVISO,2,2,0.29268292682926833,1992,1994,0.5207331667681454,FALSE
UDINE,2,2,0.29268292682926833,1992,1994,0.5207331667681454,FALSE
VARESE,2,2,0.29268292682926833,1992,1994,0.5207331667681454,FALSE
VENEZIA,2,2,0.29268292682926833,1992,1994,0.5207331667681454,FALSE
VERBANO-CUSIO-OSSOLA,2,2,0.29268292682926833,1992,1994,0.5207331667681454,FALSE
VERCELLI,2,2,0.29268292682926833,1992,1994,0.5207331667681454,FALSE
VERONA,2,2,0.29268292682926833,1992,1994,0.5207331667681454,FALSE
VICENZA,2,2,0.29268292682926833,1992,1994,0.5207331667681454,FALSE
AREZZO,1,1,0.29166666666666663,1992,1994,0.5207331667681454,FALSE
BOLOGNA,1,1,0.29166666666666663,1992,1994,0.5207331667681454,FALSE
FERRARA,1,1,0.29166666666666663,1992,1994,0.5207331667681454,FALSE
FIRENZE,1,1,0.29166666666666663,1992,1994,0.5207331667681454,FALSE
FORLÌ-CESENA,1,1,0.29166666666666663,1992,1994,0.5207331667681454,FALSE
GROSSETO,1,1,0.29166666666666663,1992,1994,0.5207331667681454,FALSE
LA SPEZIA,1,1,0.29166666666666663,1992,1994,0.5207331667681454,FALSE
LIVORNO,1,1,0.29166666666666663,1992,1994,0.5207331667681454,FALSE
LUCCA,1,1,0.29166666666666663,1992,1994,0.5207331667681454,FALSE
MASSA-CARRARA,1,1,0.29166666666666663,1992,1994,0.5207331667681454,FALSE
MODENA,1,1,0.29166666666666663,1992,1994,0.5207331667681454,FALSE
PISA,1,1,0.29166666666666663,1992,1994,0.5207331667681454,FALSE
PISTOIA,1,1,0.29166666666666663,1992,1994,0.5207331667681454,FALSE
PRATO,1,1,0.29166666666666663,1992,1994,0.5207331667681454,FALSE
RAVENNA,1,1,0.29166666666666663,1992,1994,0.5207331667681454,FALSE
REGGIO NELL'EMILIA,1,1,0.29166666666666663,1992,1994,0.5207331667681454,FALSE
RIMINI,1,1,0.29166666666666663,1992,1994,0.5207331667681454,FALSE
SIENA,1,1,0.29166666666666663,1992,1994,0.5207331667681454,FALSE
TARANTO,4,1,1,1994,1996,0.29881408622135963,TRUE
PERUGIA,3,2,0.9833333333333332,1994,1996,0.29881408622135963,TRUE
TERNI,3,2,0.9833333333333332,1994,1996,0.29881408622135963,TRUE
MATERA,2,3,0.9791666666666666,1994,1996,0.29881408622135963,TRUE
POTENZA,2,3,0.9791666666666666,1994,1996,0.29881408622135963,TRUE
CAGLIARI,3,1,0.9230769230769232,1994,1996,0.29881408622135963,TRUE
FERMO,3,1,0.9230769230769232,1994,1996,0.29881408622135963,TRUE
NUORO,3,1,0.9230769230769232,1994,1996,0.29881408622135963,TRUE
ORISTANO,3,1,0.9230769230769232,1994,1996,0.29881408622135963,TRUE
PESARO E URBINO,3,1,0.9230769230769232,1994,1996,0.29881408622135963,TRUE
SASSARI,3,1,0.9230769230769232,1994,1996,0.29881408622135963,TRUE
SUD SARDEGNA,3,1,0.9230769230769232,1994,1996,0.29881408622135963,TRUE
ANCONA,2,1,0.8333333333333334,1994,1996,0.29881408622135963,TRUE
BERGAMO,2,1,0.8333333333333334,1994,1996,0.29881408622135963,TRUE
BRESCIA,2,1,0.8333333333333334,1994,1996,0.29881408622135963,TRUE
COMO,2,1,0.8333333333333334,1994,1996,0.29881408622135963,TRUE
LECCO,2,1,0.8333333333333334,1994,1996,0.29881408622135963,TRUE
PADOVA,2,1,0.8333333333333334,1994,1996,0.29881408622135963,TRUE
ROVIGO,2,1,0.8333333333333334,1994,1996,0.29881408622135963,TRUE
SONDRIO,2,1,0.8333333333333334,1994,1996,0.29881408622135963,TRUE
TORINO,2,1,0.8333333333333334,1994,1996,0.29881408622135963,TRUE
VARESE,2,1,0.8333333333333334,1994,1996,0.29881408622135963,TRUE
VERONA,2,1,0.8333333333333334,1994,1996,0.29881408622135963,TRUE
VICENZA,2,1,0.8333333333333334,1994,1996,0.29881408622135963,TRUE
BARI,4,4,0.8181818181818181,1994,1996,0.29881408622135963,FALSE
BARLETTA-ANDRIA-TRANI,4,4,0.8181818181818181,1994,1996,0.29881408622135963,FALSE
BRINDISI,4,4,0.8181818181818181,1994,1996,0.29881408622135963,FALSE
FOGGIA,4,4,0.8181818181818181,1994,1996,0.29881408622135963,FALSE
LECCE,4,4,0.8181818181818181,1994,1996,0.29881408622135963,FALSE
CATANZARO,3,3,0.6666666666666667,1994,1996,0.29881408622135963,FALSE
CHIETI,3,3,0.6666666666666667,1994,1996,0.29881408622135963,FALSE
COSENZA,3,3,0.6666666666666667,1994,1996,0.29881408622135963,FALSE
CROTONE,3,3,0.6666666666666667,1994,1996,0.29881408622135963,FALSE
FROSINONE,3,3,0.6666666666666667,1994,1996,0.29881408622135963,FALSE
L'AQUILA,3,3,0.6666666666666667,1994,1996,0.29881408622135963,FALSE
LATINA,3,3,0.6666666666666667,1994,1996,0.29881408622135963,FALSE
NAPOLI,3,3,0.6666666666666667,1994,1996,0.29881408622135963,FALSE
PESCARA,3,3,0.6666666666666667,1994,1996,0.29881408622135963,FALSE
REGGIO CALABRIA,3,3,0.6666666666666667,1994,1996,0.29881408622135963,FALSE
RIETI,3,3,0.6666666666666667,1994,1996,0.29881408622135963,FALSE
ROMA,3,3,0.6666666666666667,1994,1996,0.29881408622135963,FALSE
TERAMO,3,3,0.6666666666666667,1994,1996,0.29881408622135963,FALSE
VIBO VALENTIA,3,3,0.6666666666666667,1994,1996,0.29881408622135963,FALSE
VITERBO,3,3,0.6666666666666667,1994,1996,0.29881408622135963,FALSE
AGRIGENTO,3,4,0.6444444444444444,1994,1996,0.29881408622135963,TRUE
ASCOLI PICENO,3,4,0.6444444444444444,1994,1996,0.29881408622135963,TRUE
AVELLINO,3,4,0.6444444444444444,1994,1996,0.29881408622135963,TRUE
BENEVENTO,3,4,0.6444444444444444,1994,1996,0.29881408622135963,TRUE
CALTANISSETTA,3,4,0.6444444444444444,1994,1996,0.29881408622135963,TRUE
CAMPOBASSO,3,4,0.6444444444444444,1994,1996,0.29881408622135963,TRUE
CASERTA,3,4,0.6444444444444444,1994,1996,0.29881408622135963,TRUE
CATANIA,3,4,0.6444444444444444,1994,1996,0.29881408622135963,TRUE
ENNA,3,4,0.6444444444444444,1994,1996,0.29881408622135963,TRUE
ISERNIA,3,4,0.6444444444444444,1994,1996,0.29881408622135963,TRUE
MACERATA,3,4,0.6444444444444444,1994,1996,0.29881408622135963,TRUE
MESSINA,3,4,0.6444444444444444,1994,1996,0.29881408622135963,TRUE
PALERMO,3,4,0.6444444444444444,1994,1996,0.29881408622135963,TRUE
RAGUSA,3,4,0.6444444444444444,1994,1996,0.29881408622135963,TRUE
SALERNO,3,4,0.6444444444444444,1994,1996,0.29881408622135963,TRUE
SIRACUSA,3,4,0.6444444444444444,1994,1996,0.29881408622135963,TRUE
TRAPANI,3,4,0.6444444444444444,1994,1996,0.29881408622135963,TRUE
ALESSANDRIA,2,2,0.4571428571428572,1994,1996,0.29881408622135963,FALSE
ASTI,2,2,0.4571428571428572,1994,1996,0.29881408622135963,FALSE
BELLUNO,2,2,0.4571428571428572,1994,1996,0.29881408622135963,FALSE
BIELLA,2,2,0.4571428571428572,1994,1996,0.29881408622135963,FALSE
BOLZANO/BOZEN,2,2,0.4571428571428572,1994,1996,0.29881408622135963,FALSE
CREMONA,2,2,0.4571428571428572,1994,1996,0.29881408622135963,FALSE
CUNEO,2,2,0.4571428571428572,1994,1996,0.29881408622135963,FALSE
GORIZIA,2,2,0.4571428571428572,1994,1996,0.29881408622135963,FALSE
LODI,2,2,0.4571428571428572,1994,1996,0.29881408622135963,FALSE
MANTOVA,2,2,0.4571428571428572,1994,1996,0.29881408622135963,FALSE
NOVARA,2,2,0.4571428571428572,1994,1996,0.29881408622135963,FALSE
PAVIA,2,2,0.4571428571428572,1994,1996,0.29881408622135963,FALSE
PORDENONE,2,2,0.4571428571428572,1994,1996,0.29881408622135963,FALSE
TRENTO,2,2,0.4571428571428572,1994,1996,0.29881408622135963,FALSE
TREVISO,2,2,0.4571428571428572,1994,1996,0.29881408622135963,FALSE
TRIESTE,2,2,0.4571428571428572,1994,1996,0.29881408622135963,FALSE
UDINE,2,2,0.4571428571428572,1994,1996,0.29881408622135963,FALSE
VENEZIA,2,2,0.4571428571428572,1994,1996,0.29881408622135963,FALSE
VERBANO-CUSIO-OSSOLA,2,2,0.4571428571428572,1994,1996,0.29881408622135963,FALSE
VERCELLI,2,2,0.4571428571428572,1994,1996,0.29881408622135963,FALSE
AREZZO,1,1,0.4545454545454546,1994,1996,0.29881408622135963,FALSE
BOLOGNA,1,1,0.4545454545454546,1994,1996,0.29881408622135963,FALSE
FERRARA,1,1,0.4545454545454546,1994,1996,0.29881408622135963,FALSE
FIRENZE,1,1,0.4545454545454546,1994,1996,0.29881408622135963,FALSE
FORLÌ-CESENA,1,1,0.4545454545454546,1994,1996,0.29881408622135963,FALSE
GENOVA,1,1,0.4545454545454546,1994,1996,0.29881408622135963,FALSE
GROSSETO,1,1,0.4545454545454546,1994,1996,0.29881408622135963,FALSE
IMPERIA,1,1,0.4545454545454546,1994,1996,0.29881408622135963,FALSE
LA SPEZIA,1,1,0.4545454545454546,1994,1996,0.29881408622135963,FALSE
LIVORNO,1,1,0.4545454545454546,1994,1996,0.29881408622135963,FALSE
LUCCA,1,1,0.4545454545454546,1994,1996,0.29881408622135963,FALSE
MASSA-CARRARA,1,1,0.4545454545454546,1994,1996,0.29881408622135963,FALSE
MILANO,1,1,0.4545454545454546,1994,1996,0.29881408622135963,FALSE
MODENA,1,1,0.4545454545454546,1994,1996,0.29881408622135963,FALSE
MONZA E DELLA BRIANZA,1,1,0.4545454545454546,1994,1996,0.29881408622135963,FALSE
PARMA,1,1,0.4545454545454546,1994,1996,0.29881408622135963,FALSE
PIACENZA,1,1,0.4545454545454546,1994,1996,0.29881408622135963,FALSE
PISA,1,1,0.4545454545454546,1994,1996,0.29881408622135963,FALSE
PISTOIA,1,1,0.4545454545454546,1994,1996,0.29881408622135963,FALSE
PRATO,1,1,0.4545454545454546,1994,1996,0.29881408622135963,FALSE
RAVENNA,1,1,0.4545454545454546,1994,1996,0.29881408622135963,FALSE
REGGIO NELL'EMILIA,1,1,0.4545454545454546,1994,1996,0.29881408622135963,FALSE
RIMINI,1,1,0.4545454545454546,1994,1996,0.29881408622135963,FALSE
SAVONA,1,1,0.4545454545454546,1994,1996,0.29881408622135963,FALSE
SIENA,1,1,0.4545454545454546,1994,1996,0.29881408622135963,FALSE
ROMA,3,4,1,1996,2001,0.2964784326705857,TRUE
PERUGIA,2,3,0.9807692307692308,1996,2001,0.2964784326705857,TRUE
TERNI,2,3,0.9807692307692308,1996,2001,0.2964784326705857,TRUE
ANCONA,1,3,0.972972972972973,1996,2001,0.2964784326705857,TRUE
FERMO,1,3,0.972972972972973,1996,2001,0.2964784326705857,TRUE
PESARO E URBINO,1,3,0.972972972972973,1996,2001,0.2964784326705857,TRUE
CAGLIARI,1,4,0.9636363636363636,1996,2001,0.2964784326705857,TRUE
LUCCA,1,4,0.9636363636363636,1996,2001,0.2964784326705857,TRUE
SUD SARDEGNA,1,4,0.9636363636363636,1996,2001,0.2964784326705857,TRUE
AGRIGENTO,4,3,0.7380952380952381,1996,2001,0.2964784326705857,TRUE
ASCOLI PICENO,4,3,0.7380952380952381,1996,2001,0.2964784326705857,TRUE
AVELLINO,4,3,0.7380952380952381,1996,2001,0.2964784326705857,TRUE
BENEVENTO,4,3,0.7380952380952381,1996,2001,0.2964784326705857,TRUE
CALTANISSETTA,4,3,0.7380952380952381,1996,2001,0.2964784326705857,TRUE
CAMPOBASSO,4,3,0.7380952380952381,1996,2001,0.2964784326705857,TRUE
CASERTA,4,3,0.7380952380952381,1996,2001,0.2964784326705857,TRUE
ISERNIA,4,3,0.7380952380952381,1996,2001,0.2964784326705857,TRUE
MACERATA,4,3,0.7380952380952381,1996,2001,0.2964784326705857,TRUE
PALERMO,4,3,0.7380952380952381,1996,2001,0.2964784326705857,TRUE
SALERNO,4,3,0.7380952380952381,1996,2001,0.2964784326705857,TRUE
TRAPANI,4,3,0.7380952380952381,1996,2001,0.2964784326705857,TRUE
BERGAMO,1,2,0.6875,1996,2001,0.2964784326705857,TRUE
BRESCIA,1,2,0.6875,1996,2001,0.2964784326705857,TRUE
COMO,1,2,0.6875,1996,2001,0.2964784326705857,TRUE
IMPERIA,1,2,0.6875,1996,2001,0.2964784326705857,TRUE
LECCO,1,2,0.6875,1996,2001,0.2964784326705857,TRUE
MILANO,1,2,0.6875,1996,2001,0.2964784326705857,TRUE
MONZA E DELLA BRIANZA,1,2,0.6875,1996,2001,0.2964784326705857,TRUE
NUORO,1,2,0.6875,1996,2001,0.2964784326705857,TRUE
ORISTANO,1,2,0.6875,1996,2001,0.2964784326705857,TRUE
PADOVA,1,2,0.6875,1996,2001,0.2964784326705857,TRUE
PARMA,1,2,0.6875,1996,2001,0.2964784326705857,TRUE
PIACENZA,1,2,0.6875,1996,2001,0.2964784326705857,TRUE
ROVIGO,1,2,0.6875,1996,2001,0.2964784326705857,TRUE
SASSARI,1,2,0.6875,1996,2001,0.2964784326705857,TRUE
SAVONA,1,2,0.6875,1996,2001,0.2964784326705857,TRUE
SONDRIO,1,2,0.6875,1996,2001,0.2964784326705857,TRUE
TARANTO,1,2,0.6875,1996,2001,0.2964784326705857,TRUE
TORINO,1,2,0.6875,1996,2001,0.2964784326705857,TRUE
VARESE,1,2,0.6875,1996,2001,0.2964784326705857,TRUE
VERONA,1,2,0.6875,1996,2001,0.2964784326705857,TRUE
VICENZA,1,2,0.6875,1996,2001,0.2964784326705857,TRUE
BARI,4,4,0.64,1996,2001,0.2964784326705857,FALSE
BARLETTA-ANDRIA-TRANI,4,4,0.64,1996,2001,0.2964784326705857,FALSE
BRINDISI,4,4,0.64,1996,2001,0.2964784326705857,FALSE
CATANIA,4,4,0.64,1996,2001,0.2964784326705857,FALSE
ENNA,4,4,0.64,1996,2001,0.2964784326705857,FALSE
FOGGIA,4,4,0.64,1996,2001,0.2964784326705857,FALSE
LECCE,4,4,0.64,1996,2001,0.2964784326705857,FALSE
MESSINA,4,4,0.64,1996,2001,0.2964784326705857,FALSE
RAGUSA,4,4,0.64,1996,2001,0.2964784326705857,FALSE
SIRACUSA,4,4,0.64,1996,2001,0.2964784326705857,FALSE
AREZZO,1,1,0.6136363636363636,1996,2001,0.2964784326705857,FALSE
BOLOGNA,1,1,0.6136363636363636,1996,2001,0.2964784326705857,FALSE
FERRARA,1,1,0.6136363636363636,1996,2001,0.2964784326705857,FALSE
FIRENZE,1,1,0.6136363636363636,1996,2001,0.2964784326705857,FALSE
FORLÌ-CESENA,1,1,0.6136363636363636,1996,2001,0.2964784326705857,FALSE
GENOVA,1,1,0.6136363636363636,1996,2001,0.2964784326705857,FALSE
GROSSETO,1,1,0.6136363636363636,1996,2001,0.2964784326705857,FALSE
LA SPEZIA,1,1,0.6136363636363636,1996,2001,0.2964784326705857,FALSE
LIVORNO,1,1,0.6136363636363636,1996,2001,0.2964784326705857,FALSE
MASSA-CARRARA,1,1,0.6136363636363636,1996,2001,0.2964784326705857,FALSE
MODENA,1,1,0.6136363636363636,1996,2001,0.2964784326705857,FALSE
PISA,1,1,0.6136363636363636,1996,2001,0.2964784326705857,FALSE
PISTOIA,1,1,0.6136363636363636,1996,2001,0.2964784326705857,FALSE
PRATO,1,1,0.6136363636363636,1996,2001,0.2964784326705857,FALSE
RAVENNA,1,1,0.6136363636363636,1996,2001,0.2964784326705857,FALSE
REGGIO NELL'EMILIA,1,1,0.6136363636363636,1996,2001,0.2964784326705857,FALSE
RIMINI,1,1,0.6136363636363636,1996,2001,0.2964784326705857,FALSE
SIENA,1,1,0.6136363636363636,1996,2001,0.2964784326705857,FALSE
ALESSANDRIA,2,2,0.5476190476190477,1996,2001,0.2964784326705857,FALSE
ASTI,2,2,0.5476190476190477,1996,2001,0.2964784326705857,FALSE
BELLUNO,2,2,0.5476190476190477,1996,2001,0.2964784326705857,FALSE
BIELLA,2,2,0.5476190476190477,1996,2001,0.2964784326705857,FALSE
BOLZANO/BOZEN,2,2,0.5476190476190477,1996,2001,0.2964784326705857,FALSE
CREMONA,2,2,0.5476190476190477,1996,2001,0.2964784326705857,FALSE
CUNEO,2,2,0.5476190476190477,1996,2001,0.2964784326705857,FALSE
GORIZIA,2,2,0.5476190476190477,1996,2001,0.2964784326705857,FALSE
LODI,2,2,0.5476190476190477,1996,2001,0.2964784326705857,FALSE
MANTOVA,2,2,0.5476190476190477,1996,2001,0.2964784326705857,FALSE
NOVARA,2,2,0.5476190476190477,1996,2001,0.2964784326705857,FALSE
PAVIA,2,2,0.5476190476190477,1996,2001,0.2964784326705857,FALSE
PORDENONE,2,2,0.5476190476190477,1996,2001,0.2964784326705857,FALSE
TRENTO,2,2,0.5476190476190477,1996,2001,0.2964784326705857,FALSE
TREVISO,2,2,0.5476190476190477,1996,2001,0.2964784326705857,FALSE
TRIESTE,2,2,0.5476190476190477,1996,2001,0.2964784326705857,FALSE
UDINE,2,2,0.5476190476190477,1996,2001,0.2964784326705857,FALSE
VENEZIA,2,2,0.5476190476190477,1996,2001,0.2964784326705857,FALSE
VERBANO-CUSIO-OSSOLA,2,2,0.5476190476190477,1996,2001,0.2964784326705857,FALSE
VERCELLI,2,2,0.5476190476190477,1996,2001,0.2964784326705857,FALSE
CATANZARO,3,3,0.5454545454545454,1996,2001,0.2964784326705857,FALSE
CHIETI,3,3,0.5454545454545454,1996,2001,0.2964784326705857,FALSE
COSENZA,3,3,0.5454545454545454,1996,2001,0.2964784326705857,FALSE
CROTONE,3,3,0.5454545454545454,1996,2001,0.2964784326705857,FALSE
FROSINONE,3,3,0.5454545454545454,1996,2001,0.2964784326705857,FALSE
L'AQUILA,3,3,0.5454545454545454,1996,2001,0.2964784326705857,FALSE
LATINA,3,3,0.5454545454545454,1996,2001,0.2964784326705857,FALSE
MATERA,3,3,0.5454545454545454,1996,2001,0.2964784326705857,FALSE
NAPOLI,3,3,0.5454545454545454,1996,2001,0.2964784326705857,FALSE
PESCARA,3,3,0.5454545454545454,1996,2001,0.2964784326705857,FALSE
POTENZA,3,3,0.5454545454545454,1996,2001,0.2964784326705857,FALSE
REGGIO CALABRIA,3,3,0.5454545454545454,1996,2001,0.2964784326705857,FALSE
RIETI,3,3,0.5454545454545454,1996,2001,0.2964784326705857,FALSE
TERAMO,3,3,0.5454545454545454,1996,2001,0.2964784326705857,FALSE
VIBO VALENTIA,3,3,0.5454545454545454,1996,2001,0.2964784326705857,FALSE
VITERBO,3,3,0.5454545454545454,1996,2001,0.2964784326705857,FALSE
CATANIA,4,2,1,2001,2006,0.3742955826503332,TRUE
GENOVA,1,2,1,2001,2006,0.3742955826503332,TRUE
LUCCA,4,1,1,2001,2006,0.3742955826503332,TRUE
MASSA-CARRARA,1,3,1,2001,2006,0.3742955826503332,TRUE
NUORO,2,3,0.9620253164556962,2001,2006,0.3742955826503332,TRUE
ORISTANO,2,3,0.9620253164556962,2001,2006,0.3742955826503332,TRUE
SASSARI,2,3,0.9620253164556962,2001,2006,0.3742955826503332,TRUE
TARANTO,2,3,0.9620253164556962,2001,2006,0.3742955826503332,TRUE
ANCONA,3,1,0.8775510204081632,2001,2006,0.3742955826503332,TRUE
ASCOLI PICENO,3,1,0.8775510204081632,2001,2006,0.3742955826503332,TRUE
FERMO,3,1,0.8775510204081632,2001,2006,0.3742955826503332,TRUE
MACERATA,3,1,0.8775510204081632,2001,2006,0.3742955826503332,TRUE
PERUGIA,3,1,0.8775510204081632,2001,2006,0.3742955826503332,TRUE
PESARO E URBINO,3,1,0.8775510204081632,2001,2006,0.3742955826503332,TRUE
TERNI,3,1,0.8775510204081632,2001,2006,0.3742955826503332,TRUE
BARI,4,3,0.75,2001,2006,0.3742955826503332,TRUE
BARLETTA-ANDRIA-TRANI,4,3,0.75,2001,2006,0.3742955826503332,TRUE
BRINDISI,4,3,0.75,2001,2006,0.3742955826503332,TRUE
CAGLIARI,4,3,0.75,2001,2006,0.3742955826503332,TRUE
ENNA,4,3,0.75,2001,2006,0.3742955826503332,TRUE
FOGGIA,4,3,0.75,2001,2006,0.3742955826503332,TRUE
LECCE,4,3,0.75,2001,2006,0.3742955826503332,TRUE
MESSINA,4,3,0.75,2001,2006,0.3742955826503332,TRUE
RAGUSA,4,3,0.75,2001,2006,0.3742955826503332,TRUE
ROMA,4,3,0.75,2001,2006,0.3742955826503332,TRUE
SIRACUSA,4,3,0.75,2001,2006,0.3742955826503332,TRUE
SUD SARDEGNA,4,3,0.75,2001,2006,0.3742955826503332,TRUE
BELLUNO,2,4,0.6,2001,2006,0.3742955826503332,TRUE
BERGAMO,2,4,0.6,2001,2006,0.3742955826503332,TRUE
BOLZANO/BOZEN,2,4,0.6,2001,2006,0.3742955826503332,TRUE
BRESCIA,2,4,0.6,2001,2006,0.3742955826503332,TRUE
COMO,2,4,0.6,2001,2006,0.3742955826503332,TRUE
CREMONA,2,4,0.6,2001,2006,0.3742955826503332,TRUE
CUNEO,2,4,0.6,2001,2006,0.3742955826503332,TRUE
LECCO,2,4,0.6,2001,2006,0.3742955826503332,TRUE
MONZA E DELLA BRIANZA,2,4,0.6,2001,2006,0.3742955826503332,TRUE
PADOVA,2,4,0.6,2001,2006,0.3742955826503332,TRUE
PORDENONE,2,4,0.6,2001,2006,0.3742955826503332,TRUE
SONDRIO,2,4,0.6,2001,2006,0.3742955826503332,TRUE
TRENTO,2,4,0.6,2001,2006,0.3742955826503332,TRUE
TREVISO,2,4,0.6,2001,2006,0.3742955826503332,TRUE
VARESE,2,4,0.6,2001,2006,0.3742955826503332,TRUE
VERONA,2,4,0.6,2001,2006,0.3742955826503332,TRUE
VICENZA,2,4,0.6,2001,2006,0.3742955826503332,TRUE
ALESSANDRIA,2,2,0.5476190476190477,2001,2006,0.3742955826503332,FALSE
ASTI,2,2,0.5476190476190477,2001,2006,0.3742955826503332,FALSE
BIELLA,2,2,0.5476190476190477,2001,2006,0.3742955826503332,FALSE
GORIZIA,2,2,0.5476190476190477,2001,2006,0.3742955826503332,FALSE
IMPERIA,2,2,0.5476190476190477,2001,2006,0.3742955826503332,FALSE
LODI,2,2,0.5476190476190477,2001,2006,0.3742955826503332,FALSE
MANTOVA,2,2,0.5476190476190477,2001,2006,0.3742955826503332,FALSE
MILANO,2,2,0.5476190476190477,2001,2006,0.3742955826503332,FALSE
NOVARA,2,2,0.5476190476190477,2001,2006,0.3742955826503332,FALSE
PARMA,2,2,0.5476190476190477,2001,2006,0.3742955826503332,FALSE
PAVIA,2,2,0.5476190476190477,2001,2006,0.3742955826503332,FALSE
PIACENZA,2,2,0.5476190476190477,2001,2006,0.3742955826503332,FALSE
ROVIGO,2,2,0.5476190476190477,2001,2006,0.3742955826503332,FALSE
SAVONA,2,2,0.5476190476190477,2001,2006,0.3742955826503332,FALSE
TORINO,2,2,0.5476190476190477,2001,2006,0.3742955826503332,FALSE
TRIESTE,2,2,0.5476190476190477,2001,2006,0.3742955826503332,FALSE
UDINE,2,2,0.5476190476190477,2001,2006,0.3742955826503332,FALSE
VENEZIA,2,2,0.5476190476190477,2001,2006,0.3742955826503332,FALSE
VERBANO-CUSIO-OSSOLA,2,2,0.5476190476190477,2001,2006,0.3742955826503332,FALSE
VERCELLI,2,2,0.5476190476190477,2001,2006,0.3742955826503332,FALSE
AGRIGENTO,3,3,0.4897959183673469,2001,2006,0.3742955826503332,FALSE
AVELLINO,3,3,0.4897959183673469,2001,2006,0.3742955826503332,FALSE
BENEVENTO,3,3,0.4897959183673469,2001,2006,0.3742955826503332,FALSE
CALTANISSETTA,3,3,0.4897959183673469,2001,2006,0.3742955826503332,FALSE
CAMPOBASSO,3,3,0.4897959183673469,2001,2006,0.3742955826503332,FALSE
CASERTA,3,3,0.4897959183673469,2001,2006,0.3742955826503332,FALSE
CATANZARO,3,3,0.4897959183673469,2001,2006,0.3742955826503332,FALSE
CHIETI,3,3,0.4897959183673469,2001,2006,0.3742955826503332,FALSE
COSENZA,3,3,0.4897959183673469,2001,2006,0.3742955826503332,FALSE
CROTONE,3,3,0.4897959183673469,2001,2006,0.3742955826503332,FALSE
FROSINONE,3,3,0.4897959183673469,2001,2006,0.3742955826503332,FALSE
ISERNIA,3,3,0.4897959183673469,2001,2006,0.3742955826503332,FALSE
L'AQUILA,3,3,0.4897959183673469,2001,2006,0.3742955826503332,FALSE
LATINA,3,3,0.4897959183673469,2001,2006,0.3742955826503332,FALSE
MATERA,3,3,0.4897959183673469,2001,2006,0.3742955826503332,FALSE
NAPOLI,3,3,0.4897959183673469,2001,2006,0.3742955826503332,FALSE
PALERMO,3,3,0.4897959183673469,2001,2006,0.3742955826503332,FALSE
PESCARA,3,3,0.4897959183673469,2001,2006,0.3742955826503332,FALSE
POTENZA,3,3,0.4897959183673469,2001,2006,0.3742955826503332,FALSE
REGGIO CALABRIA,3,3,0.4897959183673469,2001,2006,0.3742955826503332,FALSE
RIETI,3,3,0.4897959183673469,2001,2006,0.3742955826503332,FALSE
SALERNO,3,3,0.4897959183673469,2001,2006,0.3742955826503332,FALSE
TERAMO,3,3,0.4897959183673469,2001,2006,0.3742955826503332,FALSE
TRAPANI,3,3,0.4897959183673469,2001,2006,0.3742955826503332,FALSE
VIBO VALENTIA,3,3,0.4897959183673469,2001,2006,0.3742955826503332,FALSE
VITERBO,3,3,0.4897959183673469,2001,2006,0.3742955826503332,FALSE
AREZZO,1,1,0.4,2001,2006,0.3742955826503332,FALSE
BOLOGNA,1,1,0.4,2001,2006,0.3742955826503332,FALSE
FERRARA,1,1,0.4,2001,2006,0.3742955826503332,FALSE
FIRENZE,1,1,0.4,2001,2006,0.3742955826503332,FALSE
FORLÌ-CESENA,1,1,0.4,2001,2006,0.3742955826503332,FALSE
GROSSETO,1,1,0.4,2001,2006,0.3742955826503332,FALSE
LA SPEZIA,1,1,0.4,2001,2006,0.3742955826503332,FALSE
LIVORNO,1,1,0.4,2001,2006,0.3742955826503332,FALSE
MODENA,1,1,0.4,2001,2006,0.3742955826503332,FALSE
PISA,1,1,0.4,2001,2006,0.3742955826503332,FALSE
PISTOIA,1,1,0.4,2001,2006,0.3742955826503332,FALSE
PRATO,1,1,0.4,2001,2006,0.3742955826503332,FALSE
RAVENNA,1,1,0.4,2001,2006,0.3742955826503332,FALSE
REGGIO NELL'EMILIA,1,1,0.4,2001,2006,0.3742955826503332,FALSE
RIMINI,1,1,0.4,2001,2006,0.3742955826503332,FALSE
SIENA,1,1,0.4,2001,2006,0.3742955826503332,FALSE
MASSA-CARRARA,3,1,1,2006,2008,0.4629081097204378,TRUE
CATANIA,2,3,0.9555555555555556,2006,2008,0.4629081097204378,TRUE
IMPERIA,2,3,0.9555555555555556,2006,2008,0.4629081097204378,TRUE
TRIESTE,2,3,0.9555555555555556,2006,2008,0.4629081097204378,TRUE
ASCOLI PICENO,1,2,0.951219512195122,2006,2008,0.4629081097204378,TRUE
FERMO,1,2,0.951219512195122,2006,2008,0.4629081097204378,TRUE
MACERATA,1,2,0.951219512195122,2006,2008,0.4629081097204378,TRUE
GENOVA,2,1,0.9069767441860466,2006,2008,0.4629081097204378,TRUE
GORIZIA,2,1,0.9069767441860466,2006,2008,0.4629081097204378,TRUE
PARMA,2,1,0.9069767441860466,2006,2008,0.4629081097204378,TRUE
SAVONA,2,1,0.9069767441860466,2006,2008,0.4629081097204378,TRUE
TORINO,2,1,0.9069767441860466,2006,2008,0.4629081097204378,TRUE
ALESSANDRIA,2,4,0.6578947368421053,2006,2008,0.4629081097204378,TRUE
ASTI,2,4,0.6578947368421053,2006,2008,0.4629081097204378,TRUE
BIELLA,2,4,0.6578947368421053,2006,2008,0.4629081097204378,TRUE
LODI,2,4,0.6578947368421053,2006,2008,0.4629081097204378,TRUE
MANTOVA,2,4,0.6578947368421053,2006,2008,0.4629081097204378,TRUE
MILANO,2,4,0.6578947368421053,2006,2008,0.4629081097204378,TRUE
NOVARA,2,4,0.6578947368421053,2006,2008,0.4629081097204378,TRUE
PAVIA,2,4,0.6578947368421053,2006,2008,0.4629081097204378,TRUE
PIACENZA,2,4,0.6578947368421053,2006,2008,0.4629081097204378,TRUE
ROVIGO,2,4,0.6578947368421053,2006,2008,0.4629081097204378,TRUE
UDINE,2,4,0.6578947368421053,2006,2008,0.4629081097204378,TRUE
VENEZIA,2,4,0.6578947368421053,2006,2008,0.4629081097204378,TRUE
VERBANO-CUSIO-OSSOLA,2,4,0.6578947368421053,2006,2008,0.4629081097204378,TRUE
VERCELLI,2,4,0.6578947368421053,2006,2008,0.4629081097204378,TRUE
BARI,3,2,0.6222222222222222,2006,2008,0.4629081097204378,TRUE
BARLETTA-ANDRIA-TRANI,3,2,0.6222222222222222,2006,2008,0.4629081097204378,TRUE
BENEVENTO,3,2,0.6222222222222222,2006,2008,0.4629081097204378,TRUE
CASERTA,3,2,0.6222222222222222,2006,2008,0.4629081097204378,TRUE
CHIETI,3,2,0.6222222222222222,2006,2008,0.4629081097204378,TRUE
COSENZA,3,2,0.6222222222222222,2006,2008,0.4629081097204378,TRUE
FOGGIA,3,2,0.6222222222222222,2006,2008,0.4629081097204378,TRUE
FROSINONE,3,2,0.6222222222222222,2006,2008,0.4629081097204378,TRUE
LATINA,3,2,0.6222222222222222,2006,2008,0.4629081097204378,TRUE
LECCE,3,2,0.6222222222222222,2006,2008,0.4629081097204378,TRUE
MATERA,3,2,0.6222222222222222,2006,2008,0.4629081097204378,TRUE
PESCARA,3,2,0.6222222222222222,2006,2008,0.4629081097204378,TRUE
POTENZA,3,2,0.6222222222222222,2006,2008,0.4629081097204378,TRUE
RIETI,3,2,0.6222222222222222,2006,2008,0.4629081097204378,TRUE
ROMA,3,2,0.6222222222222222,2006,2008,0.4629081097204378,TRUE
TERAMO,3,2,0.6222222222222222,2006,2008,0.4629081097204378,TRUE
VIBO VALENTIA,3,2,0.6222222222222222,2006,2008,0.4629081097204378,TRUE
VITERBO,3,2,0.6222222222222222,2006,2008,0.4629081097204378,TRUE
AGRIGENTO,3,3,0.488888888888889,2006,2008,0.4629081097204378,FALSE
AVELLINO,3,3,0.488888888888889,2006,2008,0.4629081097204378,FALSE
BRINDISI,3,3,0.488888888888889,2006,2008,0.4629081097204378,FALSE
CAGLIARI,3,3,0.488888888888889,2006,2008,0.4629081097204378,FALSE
CALTANISSETTA,3,3,0.488888888888889,2006,2008,0.4629081097204378,FALSE
CAMPOBASSO,3,3,0.488888888888889,2006,2008,0.4629081097204378,FALSE
CATANZARO,3,3,0.488888888888889,2006,2008,0.4629081097204378,FALSE
CROTONE,3,3,0.488888888888889,2006,2008,0.4629081097204378,FALSE
ENNA,3,3,0.488888888888889,2006,2008,0.4629081097204378,FALSE
ISERNIA,3,3,0.488888888888889,2006,2008,0.4629081097204378,FALSE
L'AQUILA,3,3,0.488888888888889,2006,2008,0.4629081097204378,FALSE
MESSINA,3,3,0.488888888888889,2006,2008,0.4629081097204378,FALSE
NAPOLI,3,3,0.488888888888889,2006,2008,0.4629081097204378,FALSE
NUORO,3,3,0.488888888888889,2006,2008,0.4629081097204378,FALSE
ORISTANO,3,3,0.488888888888889,2006,2008,0.4629081097204378,FALSE
PALERMO,3,3,0.488888888888889,2006,2008,0.4629081097204378,FALSE
RAGUSA,3,3,0.488888888888889,2006,2008,0.4629081097204378,FALSE
REGGIO CALABRIA,3,3,0.488888888888889,2006,2008,0.4629081097204378,FALSE
SALERNO,3,3,0.488888888888889,2006,2008,0.4629081097204378,FALSE
SASSARI,3,3,0.488888888888889,2006,2008,0.4629081097204378,FALSE
SIRACUSA,3,3,0.488888888888889,2006,2008,0.4629081097204378,FALSE
SUD SARDEGNA,3,3,0.488888888888889,2006,2008,0.4629081097204378,FALSE
TARANTO,3,3,0.488888888888889,2006,2008,0.4629081097204378,FALSE
TRAPANI,3,3,0.488888888888889,2006,2008,0.4629081097204378,FALSE
BELLUNO,4,4,0.4666666666666667,2006,2008,0.4629081097204378,FALSE
BERGAMO,4,4,0.4666666666666667,2006,2008,0.4629081097204378,FALSE
BOLZANO/BOZEN,4,4,0.4666666666666667,2006,2008,0.4629081097204378,FALSE
BRESCIA,4,4,0.4666666666666667,2006,2008,0.4629081097204378,FALSE
COMO,4,4,0.4666666666666667,2006,2008,0.4629081097204378,FALSE
CREMONA,4,4,0.4666666666666667,2006,2008,0.4629081097204378,FALSE
CUNEO,4,4,0.4666666666666667,2006,2008,0.4629081097204378,FALSE
LECCO,4,4,0.4666666666666667,2006,2008,0.4629081097204378,FALSE
MONZA E DELLA BRIANZA,4,4,0.4666666666666667,2006,2008,0.4629081097204378,FALSE
PADOVA,4,4,0.4666666666666667,2006,2008,0.4629081097204378,FALSE
PORDENONE,4,4,0.4666666666666667,2006,2008,0.4629081097204378,FALSE
SONDRIO,4,4,0.4666666666666667,2006,2008,0.4629081097204378,FALSE
TRENTO,4,4,0.4666666666666667,2006,2008,0.4629081097204378,FALSE
TREVISO,4,4,0.4666666666666667,2006,2008,0.4629081097204378,FALSE
VARESE,4,4,0.4666666666666667,2006,2008,0.4629081097204378,FALSE
VERONA,4,4,0.4666666666666667,2006,2008,0.4629081097204378,FALSE
VICENZA,4,4,0.4666666666666667,2006,2008,0.4629081097204378,FALSE
ANCONA,1,1,0.31034482758620685,2006,2008,0.4629081097204378,FALSE
AREZZO,1,1,0.31034482758620685,2006,2008,0.4629081097204378,FALSE
BOLOGNA,1,1,0.31034482758620685,2006,2008,0.4629081097204378,FALSE
FERRARA,1,1,0.31034482758620685,2006,2008,0.4629081097204378,FALSE
FIRENZE,1,1,0.31034482758620685,2006,2008,0.4629081097204378,FALSE
FORLÌ-CESENA,1,1,0.31034482758620685,2006,2008,0.4629081097204378,FALSE
GROSSETO,1,1,0.31034482758620685,2006,2008,0.4629081097204378,FALSE
LA SPEZIA,1,1,0.31034482758620685,2006,2008,0.4629081097204378,FALSE
LIVORNO,1,1,0.31034482758620685,2006,2008,0.4629081097204378,FALSE
LUCCA,1,1,0.31034482758620685,2006,2008,0.4629081097204378,FALSE
MODENA,1,1,0.31034482758620685,2006,2008,0.4629081097204378,FALSE
PERUGIA,1,1,0.31034482758620685,2006,2008,0.4629081097204378,FALSE
PESARO E URBINO,1,1,0.31034482758620685,2006,2008,0.4629081097204378,FALSE
PISA,1,1,0.31034482758620685,2006,2008,0.4629081097204378,FALSE
PISTOIA,1,1,0.31034482758620685,2006,2008,0.4629081097204378,FALSE
PRATO,1,1,0.31034482758620685,2006,2008,0.4629081097204378,FALSE
RAVENNA,1,1,0.31034482758620685,2006,2008,0.4629081097204378,FALSE
REGGIO NELL'EMILIA,1,1,0.31034482758620685,2006,2008,0.4629081097204378,FALSE
RIMINI,1,1,0.31034482758620685,2006,2008,0.4629081097204378,FALSE
SIENA,1,1,0.31034482758620685,2006,2008,0.4629081097204378,FALSE
TERNI,1,1,0.31034482758620685,2006,2008,0.4629081097204378,FALSE
TRIESTE,3,1,1,2008,2013,0.6794013061529642,TRUE
GROSSETO,1,2,0.9347826086956522,2008,2013,0.6794013061529642,TRUE
LUCCA,1,2,0.9347826086956522,2008,2013,0.6794013061529642,TRUE
MASSA-CARRARA,1,2,0.9347826086956522,2008,2013,0.6794013061529642,TRUE
TERNI,1,2,0.9347826086956522,2008,2013,0.6794013061529642,TRUE
BRINDISI,3,2,0.8863636363636364,2008,2013,0.6794013061529642,TRUE
CAMPOBASSO,3,2,0.8863636363636364,2008,2013,0.6794013061529642,TRUE
ISERNIA,3,2,0.8863636363636364,2008,2013,0.6794013061529642,TRUE
L'AQUILA,3,2,0.8863636363636364,2008,2013,0.6794013061529642,TRUE
SALERNO,3,2,0.8863636363636364,2008,2013,0.6794013061529642,TRUE
TARANTO,3,2,0.8863636363636364,2008,2013,0.6794013061529642,TRUE
BENEVENTO,2,3,0.85,2008,2013,0.6794013061529642,TRUE
CASERTA,2,3,0.85,2008,2013,0.6794013061529642,TRUE
COSENZA,2,3,0.85,2008,2013,0.6794013061529642,TRUE
FOGGIA,2,3,0.85,2008,2013,0.6794013061529642,TRUE
LECCE,2,3,0.85,2008,2013,0.6794013061529642,TRUE
POTENZA,2,3,0.85,2008,2013,0.6794013061529642,TRUE
VIBO VALENTIA,2,3,0.85,2008,2013,0.6794013061529642,TRUE
ASCOLI PICENO,2,2,0.5666666666666667,2008,2013,0.6794013061529642,FALSE
BARI,2,2,0.5666666666666667,2008,2013,0.6794013061529642,FALSE
BARLETTA-ANDRIA-TRANI,2,2,0.5666666666666667,2008,2013,0.6794013061529642,FALSE
CHIETI,2,2,0.5666666666666667,2008,2013,0.6794013061529642,FALSE
FERMO,2,2,0.5666666666666667,2008,2013,0.6794013061529642,FALSE
FROSINONE,2,2,0.5666666666666667,2008,2013,0.6794013061529642,FALSE
LATINA,2,2,0.5666666666666667,2008,2013,0.6794013061529642,FALSE
MACERATA,2,2,0.5666666666666667,2008,2013,0.6794013061529642,FALSE
MATERA,2,2,0.5666666666666667,2008,2013,0.6794013061529642,FALSE
PESCARA,2,2,0.5666666666666667,2008,2013,0.6794013061529642,FALSE
RIETI,2,2,0.5666666666666667,2008,2013,0.6794013061529642,FALSE
ROMA,2,2,0.5666666666666667,2008,2013,0.6794013061529642,FALSE
TERAMO,2,2,0.5666666666666667,2008,2013,0.6794013061529642,FALSE
VITERBO,2,2,0.5666666666666667,2008,2013,0.6794013061529642,FALSE
AGRIGENTO,3,3,0.4242424242424242,2008,2013,0.6794013061529642,FALSE
AVELLINO,3,3,0.4242424242424242,2008,2013,0.6794013061529642,FALSE
CAGLIARI,3,3,0.4242424242424242,2008,2013,0.6794013061529642,FALSE
CALTANISSETTA,3,3,0.4242424242424242,2008,2013,0.6794013061529642,FALSE
CATANIA,3,3,0.4242424242424242,2008,2013,0.6794013061529642,FALSE
CATANZARO,3,3,0.4242424242424242,2008,2013,0.6794013061529642,FALSE
CROTONE,3,3,0.4242424242424242,2008,2013,0.6794013061529642,FALSE
ENNA,3,3,0.4242424242424242,2008,2013,0.6794013061529642,FALSE
IMPERIA,3,3,0.4242424242424242,2008,2013,0.6794013061529642,FALSE
MESSINA,3,3,0.4242424242424242,2008,2013,0.6794013061529642,FALSE
NAPOLI,3,3,0.4242424242424242,2008,2013,0.6794013061529642,FALSE
NUORO,3,3,0.4242424242424242,2008,2013,0.6794013061529642,FALSE
ORISTANO,3,3,0.4242424242424242,2008,2013,0.6794013061529642,FALSE
PALERMO,3,3,0.4242424242424242,2008,2013,0.6794013061529642,FALSE
RAGUSA,3,3,0.4242424242424242,2008,2013,0.6794013061529642,FALSE
REGGIO CALABRIA,3,3,0.4242424242424242,2008,2013,0.6794013061529642,FALSE
SASSARI,3,3,0.4242424242424242,2008,2013,0.6794013061529642,FALSE
SIRACUSA,3,3,0.4242424242424242,2008,2013,0.6794013061529642,FALSE
SUD SARDEGNA,3,3,0.4242424242424242,2008,2013,0.6794013061529642,FALSE
TRAPANI,3,3,0.4242424242424242,2008,2013,0.6794013061529642,FALSE
ANCONA,1,1,0.18518518518518523,2008,2013,0.6794013061529642,FALSE
AREZZO,1,1,0.18518518518518523,2008,2013,0.6794013061529642,FALSE
BOLOGNA,1,1,0.18518518518518523,2008,2013,0.6794013061529642,FALSE
FERRARA,1,1,0.18518518518518523,2008,2013,0.6794013061529642,FALSE
FIRENZE,1,1,0.18518518518518523,2008,2013,0.6794013061529642,FALSE
FORLÌ-CESENA,1,1,0.18518518518518523,2008,2013,0.6794013061529642,FALSE
GENOVA,1,1,0.18518518518518523,2008,2013,0.6794013061529642,FALSE
GORIZIA,1,1,0.18518518518518523,2008,2013,0.6794013061529642,FALSE
LA SPEZIA,1,1,0.18518518518518523,2008,2013,0.6794013061529642,FALSE
LIVORNO,1,1,0.18518518518518523,2008,2013,0.6794013061529642,FALSE
MODENA,1,1,0.18518518518518523,2008,2013,0.6794013061529642,FALSE
PARMA,1,1,0.18518518518518523,2008,2013,0.6794013061529642,FALSE
PERUGIA,1,1,0.18518518518518523,2008,2013,0.6794013061529642,FALSE
PESARO E URBINO,1,1,0.18518518518518523,2008,2013,0.6794013061529642,FALSE
PISA,1,1,0.18518518518518523,2008,2013,0.6794013061529642,FALSE
PISTOIA,1,1,0.18518518518518523,2008,2013,0.6794013061529642,FALSE
PRATO,1,1,0.18518518518518523,2008,2013,0.6794013061529642,FALSE
RAVENNA,1,1,0.18518518518518523,2008,2013,0.6794013061529642,FALSE
REGGIO NELL'EMILIA,1,1,0.18518518518518523,2008,2013,0.6794013061529642,FALSE
RIMINI,1,1,0.18518518518518523,2008,2013,0.6794013061529642,FALSE
SAVONA,1,1,0.18518518518518523,2008,2013,0.6794013061529642,FALSE
SIENA,1,1,0.18518518518518523,2008,2013,0.6794013061529642,FALSE
TORINO,1,1,0.18518518518518523,2008,2013,0.6794013061529642,FALSE
ALESSANDRIA,4,4,0,2008,2013,0.6794013061529642,FALSE
ASTI,4,4,0,2008,2013,0.6794013061529642,FALSE
BELLUNO,4,4,0,2008,2013,0.6794013061529642,FALSE
BERGAMO,4,4,0,2008,2013,0.6794013061529642,FALSE
BIELLA,4,4,0,2008,2013,0.6794013061529642,FALSE
BOLZANO/BOZEN,4,4,0,2008,2013,0.6794013061529642,FALSE
BRESCIA,4,4,0,2008,2013,0.6794013061529642,FALSE
COMO,4,4,0,2008,2013,0.6794013061529642,FALSE
CREMONA,4,4,0,2008,2013,0.6794013061529642,FALSE
CUNEO,4,4,0,2008,2013,0.6794013061529642,FALSE
LECCO,4,4,0,2008,2013,0.6794013061529642,FALSE
LODI,4,4,0,2008,2013,0.6794013061529642,FALSE
MANTOVA,4,4,0,2008,2013,0.6794013061529642,FALSE
MILANO,4,4,0,2008,2013,0.6794013061529642,FALSE
MONZA E DELLA BRIANZA,4,4,0,2008,2013,0.6794013061529642,FALSE
NOVARA,4,4,0,2008,2013,0.6794013061529642,FALSE
PADOVA,4,4,0,2008,2013,0.6794013061529642,FALSE
PAVIA,4,4,0,2008,2013,0.6794013061529642,FALSE
PIACENZA,4,4,0,2008,2013,0.6794013061529642,FALSE
PORDENONE,4,4,0,2008,2013,0.6794013061529642,FALSE
ROVIGO,4,4,0,2008,2013,0.6794013061529642,FALSE
SONDRIO,4,4,0,2008,2013,0.6794013061529642,FALSE
TRENTO,4,4,0,2008,2013,0.6794013061529642,FALSE
TREVISO,4,4,0,2008,2013,0.6794013061529642,FALSE
UDINE,4,4,0,2008,2013,0.6794013061529642,FALSE
VARESE,4,4,0,2008,2013,0.6794013061529642,FALSE
VENEZIA,4,4,0,2008,2013,0.6794013061529642,FALSE
VERBANO-CUSIO-OSSOLA,4,4,0,2008,2013,0.6794013061529642,FALSE
VERCELLI,4,4,0,2008,2013,0.6794013061529642,FALSE
VERONA,4,4,0,2008,2013,0.6794013061529642,FALSE
VICENZA,4,4,0,2008,2013,0.6794013061529642,FALSE
BOLZANO/BOZEN,4,2,1,2013,2018,0.2808537771935418,TRUE
IMPERIA,3,1,1,2013,2018,0.2808537771935418,TRUE
GORIZIA,1,4,0.97435897435897445,2013,2018,0.2808537771935418,TRUE
TRIESTE,1,4,0.97435897435897445,2013,2018,0.2808537771935418,TRUE
CAGLIARI,3,2,0.8518518518518519,2013,2018,0.2808537771935418,TRUE
NUORO,3,2,0.8518518518518519,2013,2018,0.2808537771935418,TRUE
ORISTANO,3,2,0.8518518518518519,2013,2018,0.2808537771935418,TRUE
SASSARI,3,2,0.8518518518518519,2013,2018,0.2808537771935418,TRUE
SUD SARDEGNA,3,2,0.8518518518518519,2013,2018,0.2808537771935418,TRUE
BARI,2,3,0.8181818181818181,2013,2018,0.2808537771935418,TRUE
BARLETTA-ANDRIA-TRANI,2,3,0.8181818181818181,2013,2018,0.2808537771935418,TRUE
BRINDISI,2,3,0.8181818181818181,2013,2018,0.2808537771935418,TRUE
CAMPOBASSO,2,3,0.8181818181818181,2013,2018,0.2808537771935418,TRUE
CHIETI,2,3,0.8181818181818181,2013,2018,0.2808537771935418,TRUE
ISERNIA,2,3,0.8181818181818181,2013,2018,0.2808537771935418,TRUE
MATERA,2,3,0.8181818181818181,2013,2018,0.2808537771935418,TRUE
SALERNO,2,3,0.8181818181818181,2013,2018,0.2808537771935418,TRUE
TARANTO,2,3,0.8181818181818181,2013,2018,0.2808537771935418,TRUE
ALESSANDRIA,4,1,0.8088235294117647,2013,2018,0.2808537771935418,TRUE
ASTI,4,1,0.8088235294117647,2013,2018,0.2808537771935418,TRUE
BIELLA,4,1,0.8088235294117647,2013,2018,0.2808537771935418,TRUE
CREMONA,4,1,0.8088235294117647,2013,2018,0.2808537771935418,TRUE
CUNEO,4,1,0.8088235294117647,2013,2018,0.2808537771935418,TRUE
LODI,4,1,0.8088235294117647,2013,2018,0.2808537771935418,TRUE
MANTOVA,4,1,0.8088235294117647,2013,2018,0.2808537771935418,TRUE
MILANO,4,1,0.8088235294117647,2013,2018,0.2808537771935418,TRUE
MONZA E DELLA BRIANZA,4,1,0.8088235294117647,2013,2018,0.2808537771935418,TRUE
NOVARA,4,1,0.8088235294117647,2013,2018,0.2808537771935418,TRUE
PAVIA,4,1,0.8088235294117647,2013,2018,0.2808537771935418,TRUE
PIACENZA,4,1,0.8088235294117647,2013,2018,0.2808537771935418,TRUE
VERBANO-CUSIO-OSSOLA,4,1,0.8088235294117647,2013,2018,0.2808537771935418,TRUE
VERCELLI,4,1,0.8088235294117647,2013,2018,0.2808537771935418,TRUE
ASCOLI PICENO,2,1,0.7666666666666666,2013,2018,0.2808537771935418,TRUE
FERMO,2,1,0.7666666666666666,2013,2018,0.2808537771935418,TRUE
FROSINONE,2,1,0.7666666666666666,2013,2018,0.2808537771935418,TRUE
GROSSETO,2,1,0.7666666666666666,2013,2018,0.2808537771935418,TRUE
L'AQUILA,2,1,0.7666666666666666,2013,2018,0.2808537771935418,TRUE
LATINA,2,1,0.7666666666666666,2013,2018,0.2808537771935418,TRUE
LUCCA,2,1,0.7666666666666666,2013,2018,0.2808537771935418,TRUE
MACERATA,2,1,0.7666666666666666,2013,2018,0.2808537771935418,TRUE
MASSA-CARRARA,2,1,0.7666666666666666,2013,2018,0.2808537771935418,TRUE
PESCARA,2,1,0.7666666666666666,2013,2018,0.2808537771935418,TRUE
RIETI,2,1,0.7666666666666666,2013,2018,0.2808537771935418,TRUE
ROMA,2,1,0.7666666666666666,2013,2018,0.2808537771935418,TRUE
TERAMO,2,1,0.7666666666666666,2013,2018,0.2808537771935418,TRUE
TERNI,2,1,0.7666666666666666,2013,2018,0.2808537771935418,TRUE
VITERBO,2,1,0.7666666666666666,2013,2018,0.2808537771935418,TRUE
ANCONA,1,1,0.6037735849056604,2013,2018,0.2808537771935418,FALSE
AREZZO,1,1,0.6037735849056604,2013,2018,0.2808537771935418,FALSE
BOLOGNA,1,1,0.6037735849056604,2013,2018,0.2808537771935418,FALSE
FERRARA,1,1,0.6037735849056604,2013,2018,0.2808537771935418,FALSE
FIRENZE,1,1,0.6037735849056604,2013,2018,0.2808537771935418,FALSE
FORLÌ-CESENA,1,1,0.6037735849056604,2013,2018,0.2808537771935418,FALSE
GENOVA,1,1,0.6037735849056604,2013,2018,0.2808537771935418,FALSE
LA SPEZIA,1,1,0.6037735849056604,2013,2018,0.2808537771935418,FALSE
LIVORNO,1,1,0.6037735849056604,2013,2018,0.2808537771935418,FALSE
MODENA,1,1,0.6037735849056604,2013,2018,0.2808537771935418,FALSE
PARMA,1,1,0.6037735849056604,2013,2018,0.2808537771935418,FALSE
PERUGIA,1,1,0.6037735849056604,2013,2018,0.2808537771935418,FALSE
PESARO E URBINO,1,1,0.6037735849056604,2013,2018,0.2808537771935418,FALSE
PISA,1,1,0.6037735849056604,2013,2018,0.2808537771935418,FALSE
PISTOIA,1,1,0.6037735849056604,2013,2018,0.2808537771935418,FALSE
PRATO,1,1,0.6037735849056604,2013,2018,0.2808537771935418,FALSE
RAVENNA,1,1,0.6037735849056604,2013,2018,0.2808537771935418,FALSE
REGGIO NELL'EMILIA,1,1,0.6037735849056604,2013,2018,0.2808537771935418,FALSE
RIMINI,1,1,0.6037735849056604,2013,2018,0.2808537771935418,FALSE
SAVONA,1,1,0.6037735849056604,2013,2018,0.2808537771935418,FALSE
SIENA,1,1,0.6037735849056604,2013,2018,0.2808537771935418,FALSE
TORINO,1,1,0.6037735849056604,2013,2018,0.2808537771935418,FALSE
BELLUNO,4,4,0.53125,2013,2018,0.2808537771935418,FALSE
BERGAMO,4,4,0.53125,2013,2018,0.2808537771935418,FALSE
BRESCIA,4,4,0.53125,2013,2018,0.2808537771935418,FALSE
COMO,4,4,0.53125,2013,2018,0.2808537771935418,FALSE
LECCO,4,4,0.53125,2013,2018,0.2808537771935418,FALSE
PADOVA,4,4,0.53125,2013,2018,0.2808537771935418,FALSE
PORDENONE,4,4,0.53125,2013,2018,0.2808537771935418,FALSE
ROVIGO,4,4,0.53125,2013,2018,0.2808537771935418,FALSE
SONDRIO,4,4,0.53125,2013,2018,0.2808537771935418,FALSE
TRENTO,4,4,0.53125,2013,2018,0.2808537771935418,FALSE
TREVISO,4,4,0.53125,2013,2018,0.2808537771935418,FALSE
UDINE,4,4,0.53125,2013,2018,0.2808537771935418,FALSE
VARESE,4,4,0.53125,2013,2018,0.2808537771935418,FALSE
VENEZIA,4,4,0.53125,2013,2018,0.2808537771935418,FALSE
VERONA,4,4,0.53125,2013,2018,0.2808537771935418,FALSE
VICENZA,4,4,0.53125,2013,2018,0.2808537771935418,FALSE
AGRIGENTO,3,3,0.4285714285714286,2013,2018,0.2808537771935418,FALSE
AVELLINO,3,3,0.4285714285714286,2013,2018,0.2808537771935418,FALSE
BENEVENTO,3,3,0.4285714285714286,2013,2018,0.2808537771935418,FALSE
CALTANISSETTA,3,3,0.4285714285714286,2013,2018,0.2808537771935418,FALSE
CASERTA,3,3,0.4285714285714286,2013,2018,0.2808537771935418,FALSE
CATANIA,3,3,0.4285714285714286,2013,2018,0.2808537771935418,FALSE
CATANZARO,3,3,0.4285714285714286,2013,2018,0.2808537771935418,FALSE
COSENZA,3,3,0.4285714285714286,2013,2018,0.2808537771935418,FALSE
CROTONE,3,3,0.4285714285714286,2013,2018,0.2808537771935418,FALSE
ENNA,3,3,0.4285714285714286,2013,2018,0.2808537771935418,FALSE
FOGGIA,3,3,0.4285714285714286,2013,2018,0.2808537771935418,FALSE
LECCE,3,3,0.4285714285714286,2013,2018,0.2808537771935418,FALSE
MESSINA,3,3,0.4285714285714286,2013,2018,0.2808537771935418,FALSE
NAPOLI,3,3,0.4285714285714286,2013,2018,0.2808537771935418,FALSE
PALERMO,3,3,0.4285714285714286,2013,2018,0.2808537771935418,FALSE
POTENZA,3,3,0.4285714285714286,2013,2018,0.2808537771935418,FALSE
RAGUSA,3,3,0.4285714285714286,2013,2018,0.2808537771935418,FALSE
REGGIO CALABRIA,3,3,0.4285714285714286,2013,2018,0.2808537771935418,FALSE
SIRACUSA,3,3,0.4285714285714286,2013,2018,0.2808537771935418,FALSE
TRAPANI,3,3,0.4285714285714286,2013,2018,0.2808537771935418,FALSE
VIBO VALENTIA,3,3,0.4285714285714286,2013,2018,0.2808537771935418,FALSE
BOLZANO/BOZEN,2,3,1,2018,2022,0.3959449563726994,TRUE
FROSINONE,1,2,0.9863013698630136,2018,2022,0.3959449563726994,TRUE
LATINA,1,2,0.9863013698630136,2018,2022,0.3959449563726994,TRUE
L'AQUILA,1,3,0.9692307692307692,2018,2022,0.3959449563726994,TRUE
PESCARA,1,3,0.9692307692307692,2018,2022,0.3959449563726994,TRUE
TERAMO,1,3,0.9692307692307692,2018,2022,0.3959449563726994,TRUE
GORIZIA,4,1,0.9607843137254902,2018,2022,0.3959449563726994,TRUE
TRENTO,4,1,0.9607843137254902,2018,2022,0.3959449563726994,TRUE
TRIESTE,4,1,0.9607843137254902,2018,2022,0.3959449563726994,TRUE
CAGLIARI,2,2,0.8333333333333334,2018,2022,0.3959449563726994,FALSE
NUORO,2,2,0.8333333333333334,2018,2022,0.3959449563726994,FALSE
ORISTANO,2,2,0.8333333333333334,2018,2022,0.3959449563726994,FALSE
SASSARI,2,2,0.8333333333333334,2018,2022,0.3959449563726994,FALSE
SUD SARDEGNA,2,2,0.8333333333333334,2018,2022,0.3959449563726994,FALSE
ALESSANDRIA,1,4,0.8181818181818181,2018,2022,0.3959449563726994,TRUE
ASTI,1,4,0.8181818181818181,2018,2022,0.3959449563726994,TRUE
BIELLA,1,4,0.8181818181818181,2018,2022,0.3959449563726994,TRUE
CREMONA,1,4,0.8181818181818181,2018,2022,0.3959449563726994,TRUE
CUNEO,1,4,0.8181818181818181,2018,2022,0.3959449563726994,TRUE
IMPERIA,1,4,0.8181818181818181,2018,2022,0.3959449563726994,TRUE
LODI,1,4,0.8181818181818181,2018,2022,0.3959449563726994,TRUE
MANTOVA,1,4,0.8181818181818181,2018,2022,0.3959449563726994,TRUE
MONZA E DELLA BRIANZA,1,4,0.8181818181818181,2018,2022,0.3959449563726994,TRUE
NOVARA,1,4,0.8181818181818181,2018,2022,0.3959449563726994,TRUE
PAVIA,1,4,0.8181818181818181,2018,2022,0.3959449563726994,TRUE
VERBANO-CUSIO-OSSOLA,1,4,0.8181818181818181,2018,2022,0.3959449563726994,TRUE
VERCELLI,1,4,0.8181818181818181,2018,2022,0.3959449563726994,TRUE
AGRIGENTO,3,3,0.6363636363636364,2018,2022,0.3959449563726994,FALSE
CALTANISSETTA,3,3,0.6363636363636364,2018,2022,0.3959449563726994,FALSE
CATANIA,3,3,0.6363636363636364,2018,2022,0.3959449563726994,FALSE
CATANZARO,3,3,0.6363636363636364,2018,2022,0.3959449563726994,FALSE
CHIETI,3,3,0.6363636363636364,2018,2022,0.3959449563726994,FALSE
COSENZA,3,3,0.6363636363636364,2018,2022,0.3959449563726994,FALSE
CROTONE,3,3,0.6363636363636364,2018,2022,0.3959449563726994,FALSE
ENNA,3,3,0.6363636363636364,2018,2022,0.3959449563726994,FALSE
MESSINA,3,3,0.6363636363636364,2018,2022,0.3959449563726994,FALSE
PALERMO,3,3,0.6363636363636364,2018,2022,0.3959449563726994,FALSE
REGGIO CALABRIA,3,3,0.6363636363636364,2018,2022,0.3959449563726994,FALSE
TRAPANI,3,3,0.6363636363636364,2018,2022,0.3959449563726994,FALSE
VIBO VALENTIA,3,3,0.6363636363636364,2018,2022,0.3959449563726994,FALSE
AVELLINO,3,2,0.5555555555555556,2018,2022,0.3959449563726994,TRUE
BARI,3,2,0.5555555555555556,2018,2022,0.3959449563726994,TRUE
BARLETTA-ANDRIA-TRANI,3,2,0.5555555555555556,2018,2022,0.3959449563726994,TRUE
BENEVENTO,3,2,0.5555555555555556,2018,2022,0.3959449563726994,TRUE
BRINDISI,3,2,0.5555555555555556,2018,2022,0.3959449563726994,TRUE
CAMPOBASSO,3,2,0.5555555555555556,2018,2022,0.3959449563726994,TRUE
CASERTA,3,2,0.5555555555555556,2018,2022,0.3959449563726994,TRUE
FOGGIA,3,2,0.5555555555555556,2018,2022,0.3959449563726994,TRUE
ISERNIA,3,2,0.5555555555555556,2018,2022,0.3959449563726994,TRUE
LECCE,3,2,0.5555555555555556,2018,2022,0.3959449563726994,TRUE
MATERA,3,2,0.5555555555555556,2018,2022,0.3959449563726994,TRUE
NAPOLI,3,2,0.5555555555555556,2018,2022,0.3959449563726994,TRUE
POTENZA,3,2,0.5555555555555556,2018,2022,0.3959449563726994,TRUE
RAGUSA,3,2,0.5555555555555556,2018,2022,0.3959449563726994,TRUE
SALERNO,3,2,0.5555555555555556,2018,2022,0.3959449563726994,TRUE
SIRACUSA,3,2,0.5555555555555556,2018,2022,0.3959449563726994,TRUE
TARANTO,3,2,0.5555555555555556,2018,2022,0.3959449563726994,TRUE
BELLUNO,4,4,0.5333333333333333,2018,2022,0.3959449563726994,FALSE
BERGAMO,4,4,0.5333333333333333,2018,2022,0.3959449563726994,FALSE
BRESCIA,4,4,0.5333333333333333,2018,2022,0.3959449563726994,FALSE
COMO,4,4,0.5333333333333333,2018,2022,0.3959449563726994,FALSE
LECCO,4,4,0.5333333333333333,2018,2022,0.3959449563726994,FALSE
PADOVA,4,4,0.5333333333333333,2018,2022,0.3959449563726994,FALSE
PORDENONE,4,4,0.5333333333333333,2018,2022,0.3959449563726994,FALSE
ROVIGO,4,4,0.5333333333333333,2018,2022,0.3959449563726994,FALSE
SONDRIO,4,4,0.5333333333333333,2018,2022,0.3959449563726994,FALSE
TREVISO,4,4,0.5333333333333333,2018,2022,0.3959449563726994,FALSE
UDINE,4,4,0.5333333333333333,2018,2022,0.3959449563726994,FALSE
VARESE,4,4,0.5333333333333333,2018,2022,0.3959449563726994,FALSE
VENEZIA,4,4,0.5333333333333333,2018,2022,0.3959449563726994,FALSE
VERONA,4,4,0.5333333333333333,2018,2022,0.3959449563726994,FALSE
VICENZA,4,4,0.5333333333333333,2018,2022,0.3959449563726994,FALSE
ANCONA,1,1,0.3888888888888888,2018,2022,0.3959449563726994,FALSE
AREZZO,1,1,0.3888888888888888,2018,2022,0.3959449563726994,FALSE
ASCOLI PICENO,1,1,0.3888888888888888,2018,2022,0.3959449563726994,FALSE
BOLOGNA,1,1,0.3888888888888888,2018,2022,0.3959449563726994,FALSE
FERMO,1,1,0.3888888888888888,2018,2022,0.3959449563726994,FALSE
FERRARA,1,1,0.3888888888888888,2018,2022,0.3959449563726994,FALSE
FIRENZE,1,1,0.3888888888888888,2018,2022,0.3959449563726994,FALSE
FORLÌ-CESENA,1,1,0.3888888888888888,2018,2022,0.3959449563726994,FALSE
GENOVA,1,1,0.3888888888888888,2018,2022,0.3959449563726994,FALSE
GROSSETO,1,1,0.3888888888888888,2018,2022,0.3959449563726994,FALSE
LA SPEZIA,1,1,0.3888888888888888,2018,2022,0.3959449563726994,FALSE
LIVORNO,1,1,0.3888888888888888,2018,2022,0.3959449563726994,FALSE
LUCCA,1,1,0.3888888888888888,2018,2022,0.3959449563726994,FALSE
MACERATA,1,1,0.3888888888888888,2018,2022,0.3959449563726994,FALSE
MASSA-CARRARA,1,1,0.3888888888888888,2018,2022,0.3959449563726994,FALSE
MILANO,1,1,0.3888888888888888,2018,2022,0.3959449563726994,FALSE
MODENA,1,1,0.3888888888888888,2018,2022,0.3959449563726994,FALSE
PARMA,1,1,0.3888888888888888,2018,2022,0.3959449563726994,FALSE
PERUGIA,1,1,0.3888888888888888,2018,2022,0.3959449563726994,FALSE
PESARO E URBINO,1,1,0.3888888888888888,2018,2022,0.3959449563726994,FALSE
PIACENZA,1,1,0.3888888888888888,2018,2022,0.3959449563726994,FALSE
PISA,1,1,0.3888888888888888,2018,2022,0.3959449563726994,FALSE
PISTOIA,1,1,0.3888888888888888,2018,2022,0.3959449563726994,FALSE
PRATO,1,1,0.3888888888888888,2018,2022,0.3959449563726994,FALSE
RAVENNA,1,1,0.3888888888888888,2018,2022,0.3959449563726994,FALSE
REGGIO NELL'EMILIA,1,1,0.3888888888888888,2018,2022,0.3959449563726994,FALSE
RIETI,1,1,0.3888888888888888,2018,2022,0.3959449563726994,FALSE
RIMINI,1,1,0.3888888888888888,2018,2022,0.3959449563726994,FALSE
ROMA,1,1,0.3888888888888888,2018,2022,0.3959449563726994,FALSE
SAVONA,1,1,0.3888888888888888,2018,2022,0.3959449563726994,FALSE
SIENA,1,1,0.3888888888888888,2018,2022,0.3959449563726994,FALSE
TERNI,1,1,0.3888888888888888,2018,2022,0.3959449563726994,FALSE
TORINO,1,1,0.3888888888888888,2018,2022,0.3959449563726994,FALSE
VITERBO,1,1,0.3888888888888888,2018,2022,0.3959449563726994,FALSE
