Codice Ripartizione geografica;Codice Regione;Codice Provincia/Uts;Codice Comune (alfanumerico);Codice Comune (numerico);Comune;Comune (dizione italiana);Comune (dizione straniera);Ripartizione geografica;Regione;Provincia/Uts;Tipologia Provincia/Uts;Capoluogo di regione;Capoluogo di provincia/uts;Sigla automobilistica;Codice catasto
1;01;001;001001;1001;Agliè;Agliè;;Nord-ovest;Piemonte;Torino;1;0;0;TO;A074
1;01;001;001002;1002;Airasca;Airasca;;Nord-ovest;Piemonte;Torino;1;0;0;TO;A109
1;01;001;001003;1003;Ala di Stura;Ala di Stura;;Nord-ovest;Piemonte;Torino;1;0;0;TO;A117
1;01;001;001004;1004;Albiano d'Ivrea;Albiano d'Ivrea;;Nord-ovest;Piemonte;Torino;1;0;0;TO;A157
1;01;001;001005;1005;Alice Superiore;Alice Superiore;;Nord-ovest;Piemonte;Torino;1;0;0;TO;A199
1;01;001;001006;1006;Almese;Almese;;Nord-ovest;Piemonte;Torino;1;0;0;TO;A218
1;01;001;001007;1007;Alpette;Alpette;;Nord-ovest;Piemonte;Torino;1;0;0;TO;A221
1;01;001;001008;1008;Alpignano;Alpignano;;Nord-ovest;Piemonte;Torino;1;0;0;TO;A222
1;01;001;001009;1009;Andezeno;Andezeno;;Nord-ovest;Piemonte;Torino;1;0;0;TO;A275
1;01;001;001010;1010;Andrate;Andrate;;Nord-ovest;Piemonte;Torino;1;0;0;TO;A282
1;01;001;001011;1011;Angrogna;Angrogna;;Nord-ovest;Piemonte;Torino;1;0;0;TO;A295
1;01;001;001012;1012;Arignano;Arignano;;Nord-ovest;Piemonte;Torino;1;0;0;TO;A405
1;01;001;001013;1013;Avigliana;Avigliana;;Nord-ovest;Piemonte;Torino;1;0;0;TO;A518
1;01;001;001014;1014;Azeglio;Azeglio;;Nord-ovest;Piemonte;Torino;1;0;0;TO;A525
1;01;001;001015;1015;Bairo;Bairo;;Nord-ovest;Piemonte;Torino;1;0;0;TO;A584
1;01;001;001016;1016;Balangero;Balangero;;Nord-ovest;Piemonte;Torino;1;0;0;TO;A587
1;01;001;001017;1017;Baldissero Canavese;Baldissero Canavese;;Nord-ovest;Piemonte;Torino;1;0;0;TO;A590
1;01;001;001018;1018;Baldissero Torinese;Baldissero Torinese;;Nord-ovest;Piemonte;Torino;1;0;0;TO;A591
1;01;001;001019;1019;Balme;Balme;;Nord-ovest;Piemonte;Torino;1;0;0;TO;A599
1;01;001;001020;1020;Banchette;Banchette;;Nord-ovest;Piemonte;Torino;1;0;0;TO;A607
1;01;001;001021;1021;Barbania;Barbania;;Nord-ovest;Piemonte;Torino;1;0;0;TO;A625
1;01;001;001022;1022;Bardonecchia;Bardonecchia;;Nord-ovest;Piemonte;Torino;1;0;0;TO;A651
1;01;001;001023;1023;Barone Canavese;Barone Canavese;;Nord-ovest;Piemonte;Torino;1;0;0;TO;A673
1;01;001;001024;1024;Beinasco;Beinasco;;Nord-ovest;Piemonte;Torino;1;0;0;TO;A734
1;01;001;001025;1025;Bibiana;Bibiana;;Nord-ovest;Piemonte;Torino;1;0;0;TO;A853
1;01;001;001026;1026;Bobbio Pellice;Bobbio Pellice;;Nord-ovest;Piemonte;Torino;1;0;0;TO;A910
1;01;001;001027;1027;Bollengo;Bollengo;;Nord-ovest;Piemonte;Torino;1;0;0;TO;A941
1;01;001;001028;1028;Borgaro Torinese;Borgaro Torinese;;Nord-ovest;Piemonte;Torino;1;0;0;TO;A990
1;01;001;001029;1029;Borgiallo;Borgiallo;;Nord-ovest;Piemonte;Torino;1;0;0;TO;B003
1;01;001;001030;1030;Borgofranco d'Ivrea;Borgofranco d'Ivrea;;Nord-ovest;Piemonte;Torino;1;0;0;TO;B015
1;01;001;001031;1031;Borgomasino;Borgomasino;;Nord-ovest;Piemonte;Torino;1;0;0;TO;B021
1;01;001;001032;1032;Borgone Susa;Borgone Susa;;Nord-ovest;Piemonte;Torino;1;0;0;TO;B024
1;01;001;001033;1033;Bosconero;Bosconero;;Nord-ovest;Piemonte;Torino;1;0;0;TO;B075
1;01;001;001034;1034;Brandizzo;Brandizzo;;Nord-ovest;Piemonte;Torino;1;0;0;TO;B121
1;01;001;001035;1035;Bricherasio;Bricherasio;;Nord-ovest;Piemonte;Torino;1;0;0;TO;B171
1;01;001;001036;1036;Brosso;Brosso;;Nord-ovest;Piemonte;Torino;1;0;0;TO;B205
1;01;001;001037;1037;Brozolo;Brozolo;;Nord-ovest;Piemonte;Torino;1;0;0;TO;B209
1;01;001;001038;1038;Bruino;Bruino;;Nord-ovest;Piemonte;Torino;1;0;0;TO;B216
1;01;001;001039;1039;Brusasco;Brusasco;;Nord-ovest;Piemonte;Torino;1;0;0;TO;B225
1;01;001;001040;1040;Bruzolo;Bruzolo;;Nord-ovest;Piemonte;Torino;1;0;0;TO;B232
1;01;001;001041;1041;Buriasco;Buriasco;;Nord-ovest;Piemonte;Torino;1;0;0;TO;B278
1;01;001;001042;1042;Burolo;Burolo;;Nord-ovest;Piemonte;Torino;1;0;0;TO;B279
1;01;001;001043;1043;Busano;Busano;;Nord-ovest;Piemonte;Torino;1;0;0;TO;B284
1;01;001;001044;1044;Bussoleno;Bussoleno;;Nord-ovest;Piemonte;Torino;1;0;0;TO;B297
1;01;001;001045;1045;Buttigliera Alta;Buttigliera Alta;;Nord-ovest;Piemonte;Torino;1;0;0;TO;B305
1;01;001;001046;1046;Cafasse;Cafasse;;Nord-ovest;Piemonte;Torino;1;0;0;TO;B350
1;01;001;001047;1047;Caluso;Caluso;;Nord-ovest;Piemonte;Torino;1;0;0;TO;B435
1;01;001;001048;1048;Cambiano;Cambiano;;Nord-ovest;Piemonte;Torino;1;0;0;TO;B462
1;01;001;001049;1049;Campiglione Fenile;Campiglione Fenile;;Nord-ovest;Piemonte;Torino;1;0;0;TO;B512
1;01;001;001050;1050;Candia Canavese;Candia Canavese;;Nord-ovest;Piemonte;Torino;1;0;0;TO;B588
1;01;001;001051;1051;Candiolo;Candiolo;;Nord-ovest;Piemonte;Torino;1;0;0;TO;B592
1;01;001;001052;1052;Canischio;Canischio;;Nord-ovest;Piemonte;Torino;1;0;0;TO;B605
1;01;001;001053;1053;Cantalupa;Cantalupa;;Nord-ovest;Piemonte;Torino;1;0;0;TO;B628
1;01;001;001054;1054;Cantoira;Cantoira;;Nord-ovest;Piemonte;Torino;1;0;0;TO;B637
1;01;001;001055;1055;Caprie;Caprie;;Nord-ovest;Piemonte;Torino;1;0;0;TO;B705
1;01;001;001056;1056;Caravino;Caravino;;Nord-ovest;Piemonte;Torino;1;0;0;TO;B733
1;01;001;001057;1057;Carema;Carema;;Nord-ovest;Piemonte;Torino;1;0;0;TO;B762
1;01;001;001058;1058;Carignano;Carignano;;Nord-ovest;Piemonte;Torino;1;0;0;TO;B777
1;01;001;001059;1059;Carmagnola;Carmagnola;;Nord-ovest;Piemonte;Torino;1;0;0;TO;B791
1;01;001;001060;1060;Casalborgone;Casalborgone;;Nord-ovest;Piemonte;Torino;1;0;0;TO;B867
1;01;001;001061;1061;Cascinette d'Ivrea;Cascinette d'Ivrea;;Nord-ovest;Piemonte;Torino;1;0;0;TO;B953
1;01;001;001062;1062;Caselette;Caselette;;Nord-ovest;Piemonte;Torino;1;0;0;TO;B955
1;01;001;001063;1063;Caselle Torinese;Caselle Torinese;;Nord-ovest;Piemonte;Torino;1;0;0;TO;B960
1;01;001;001064;1064;Castagneto Po;Castagneto Po;;Nord-ovest;Piemonte;Torino;1;0;0;TO;C045
1;01;001;001065;1065;Castagnole Piemonte;Castagnole Piemonte;;Nord-ovest;Piemonte;Torino;1;0;0;TO;C048
1;01;001;001066;1066;Castellamonte;Castellamonte;;Nord-ovest;Piemonte;Torino;1;0;0;TO;C133
1;01;001;001067;1067;Castelnuovo Nigra;Castelnuovo Nigra;;Nord-ovest;Piemonte;Torino;1;0;0;TO;C241
1;01;001;001068;1068;Castiglione Torinese;Castiglione Torinese;;Nord-ovest;Piemonte;Torino;1;0;0;TO;C307
1;01;001;001069;1069;Cavagnolo;Cavagnolo;;Nord-ovest;Piemonte;Torino;1;0;0;TO;C369
1;01;001;001070;1070;Cavour;Cavour;;Nord-ovest;Piemonte;Torino;1;0;0;TO;C404
1;01;001;001071;1071;Cercenasco;Cercenasco;;Nord-ovest;Piemonte;Torino;1;0;0;TO;C487
1;01;001;001072;1072;Ceres;Ceres;;Nord-ovest;Piemonte;Torino;1;0;0;TO;C497
1;01;001;001073;1073;Ceresole Reale;Ceresole Reale;;Nord-ovest;Piemonte;Torino;1;0;0;TO;C505
1;01;001;001074;1074;Cesana Torinese;Cesana Torinese;;Nord-ovest;Piemonte;Torino;1;0;0;TO;C564
1;01;001;001075;1075;Chialamberto;Chialamberto;;Nord-ovest;Piemonte;Torino;1;0;0;TO;C604
1;01;001;001076;1076;Chianocco;Chianocco;;Nord-ovest;Piemonte;Torino;1;0;0;TO;C610
1;01;001;001077;1077;Chiaverano;Chiaverano;;Nord-ovest;Piemonte;Torino;1;0;0;TO;C624
1;01;001;001078;1078;Chieri;Chieri;;Nord-ovest;Piemonte;Torino;1;0;0;TO;C627
1;01;001;001079;1079;Chiesanuova;Chiesanuova;;Nord-ovest;Piemonte;Torino;1;0;0;TO;C629
1;01;001;001080;1080;Chiomonte;Chiomonte;;Nord-ovest;Piemonte;Torino;1;0;0;TO;C639
1;01;001;001081;1081;Chiusa di San Michele;Chiusa di San Michele;;Nord-ovest;Piemonte;Torino;1;0;0;TO;C655
1;01;001;001082;1082;Chivasso;Chivasso;;Nord-ovest;Piemonte;Torino;1;0;0;TO;C665
1;01;001;001083;1083;Ciconio;Ciconio;;Nord-ovest;Piemonte;Torino;1;0;0;TO;C679
1;01;001;001084;1084;Cintano;Cintano;;Nord-ovest;Piemonte;Torino;1;0;0;TO;C711
1;01;001;001085;1085;Cinzano;Cinzano;;Nord-ovest;Piemonte;Torino;1;0;0;TO;C715
1;01;001;001086;1086;Ciriè;Ciriè;;Nord-ovest;Piemonte;Torino;1;0;0;TO;C722
1;01;001;001087;1087;Claviere;Claviere;;Nord-ovest;Piemonte;Torino;1;0;0;TO;C793
1;01;001;001088;1088;Coassolo Torinese;Coassolo Torinese;;Nord-ovest;Piemonte;Torino;1;0;0;TO;C801
1;01;001;001089;1089;Coazze;Coazze;;Nord-ovest;Piemonte;Torino;1;0;0;TO;C803
1;01;001;001090;1090;Collegno;Collegno;;Nord-ovest;Piemonte;Torino;1;0;0;TO;C860
1;01;001;001091;1091;Colleretto Castelnuovo;Colleretto Castelnuovo;;Nord-ovest;Piemonte;Torino;1;0;0;TO;C867
1;01;001;001092;1092;Colleretto Giacosa;Colleretto Giacosa;;Nord-ovest;Piemonte;Torino;1;0;0;TO;C868
1;01;001;001093;1093;Condove;Condove;;Nord-ovest;Piemonte;Torino;1;0;0;TO;C955
1;01;001;001094;1094;Corio;Corio;;Nord-ovest;Piemonte;Torino;1;0;0;TO;D008
1;01;001;001095;1095;Cossano Canavese;Cossano Canavese;;Nord-ovest;Piemonte;Torino;1;0;0;TO;D092
1;01;001;001096;1096;Cuceglio;Cuceglio;;Nord-ovest;Piemonte;Torino;1;0;0;TO;D197
1;01;001;001097;1097;Cumiana;Cumiana;;Nord-ovest;Piemonte;Torino;1;0;0;TO;D202
1;01;001;001098;1098;Cuorgnè;Cuorgnè;;Nord-ovest;Piemonte;Torino;1;0;0;TO;D208
1;01;001;001099;1099;Druento;Druento;;Nord-ovest;Piemonte;Torino;1;0;0;TO;D373
1;01;001;001100;1100;Exilles;Exilles;;Nord-ovest;Piemonte;Torino;1;0;0;TO;D433
1;01;001;001101;1101;Favria;Favria;;Nord-ovest;Piemonte;Torino;1;0;0;TO;D520
1;01;001;001102;1102;Feletto;Feletto;;Nord-ovest;Piemonte;Torino;1;0;0;TO;D524
1;01;001;001103;1103;Fenestrelle;Fenestrelle;;Nord-ovest;Piemonte;Torino;1;0;0;TO;D532
1;01;001;001104;1104;Fiano;Fiano;;Nord-ovest;Piemonte;Torino;1;0;0;TO;D562
1;01;001;001105;1105;Fiorano Canavese;Fiorano Canavese;;Nord-ovest;Piemonte;Torino;1;0;0;TO;D608
1;01;001;001106;1106;Foglizzo;Foglizzo;;Nord-ovest;Piemonte;Torino;1;0;0;TO;D646
1;01;001;001107;1107;Forno Canavese;Forno Canavese;;Nord-ovest;Piemonte;Torino;1;0;0;TO;D725
1;01;001;001108;1108;Frassinetto;Frassinetto;;Nord-ovest;Piemonte;Torino;1;0;0;TO;D781
1;01;001;001109;1109;Front;Front;;Nord-ovest;Piemonte;Torino;1;0;0;TO;D805
1;01;001;001110;1110;Frossasco;Frossasco;;Nord-ovest;Piemonte;Torino;1;0;0;TO;D812
1;01;001;001111;1111;Garzigliana;Garzigliana;;Nord-ovest;Piemonte;Torino;1;0;0;TO;D931
1;01;001;001112;1112;Gassino Torinese;Gassino Torinese;;Nord-ovest;Piemonte;Torino;1;0;0;TO;D933
1;01;001;001113;1113;Germagnano;Germagnano;;Nord-ovest;Piemonte;Torino;1;0;0;TO;D983
1;01;001;001114;1114;Giaglione;Giaglione;;Nord-ovest;Piemonte;Torino;1;0;0;TO;E009
1;01;001;001115;1115;Giaveno;Giaveno;;Nord-ovest;Piemonte;Torino;1;0;0;TO;E020
1;01;001;001116;1116;Givoletto;Givoletto;;Nord-ovest;Piemonte;Torino;1;0;0;TO;E067
1;01;001;001117;1117;Gravere;Gravere;;Nord-ovest;Piemonte;Torino;1;0;0;TO;E154
1;01;001;001118;1118;Groscavallo;Groscavallo;;Nord-ovest;Piemonte;Torino;1;0;0;TO;E199
1;01;001;001119;1119;Grosso;Grosso;;Nord-ovest;Piemonte;Torino;1;0;0;TO;E203
1;01;001;001120;1120;Grugliasco;Grugliasco;;Nord-ovest;Piemonte;Torino;1;0;0;TO;E216
1;01;001;001121;1121;Ingria;Ingria;;Nord-ovest;Piemonte;Torino;1;0;0;TO;E301
1;01;001;001122;1122;Inverso Pinasca;Inverso Pinasca;;Nord-ovest;Piemonte;Torino;1;0;0;TO;E311
1;01;001;001123;1123;Isolabella;Isolabella;;Nord-ovest;Piemonte;Torino;1;0;0;TO;E345
1;01;001;001124;1124;Issiglio;Issiglio;;Nord-ovest;Piemonte;Torino;1;0;0;TO;E368
1;01;001;001125;1125;Ivrea;Ivrea;;Nord-ovest;Piemonte;Torino;1;0;0;TO;E379
1;01;001;001126;1126;La Cassa;La Cassa;;Nord-ovest;Piemonte;Torino;1;0;0;TO;E394
1;01;001;001127;1127;La Loggia;La Loggia;;Nord-ovest;Piemonte;Torino;1;0;0;TO;E423
1;01;001;001128;1128;Lanzo Torinese;Lanzo Torinese;;Nord-ovest;Piemonte;Torino;1;0;0;TO;E445
1;01;001;001129;1129;Lauriano;Lauriano;;Nord-ovest;Piemonte;Torino;1;0;0;TO;E484
1;01;001;001130;1130;Leini;Leini;;Nord-ovest;Piemonte;Torino;1;0;0;TO;E518
1;01;001;001131;1131;Lemie;Lemie;;Nord-ovest;Piemonte;Torino;1;0;0;TO;E520
1;01;001;001132;1132;Lessolo;Lessolo;;Nord-ovest;Piemonte;Torino;1;0;0;TO;E551
1;01;001;001133;1133;Levone;Levone;;Nord-ovest;Piemonte;Torino;1;0;0;TO;E566
1;01;001;001134;1134;Locana;Locana;;Nord-ovest;Piemonte;Torino;1;0;0;TO;E635
1;01;001;001135;1135;Lombardore;Lombardore;;Nord-ovest;Piemonte;Torino;1;0;0;TO;E660
1;01;001;001136;1136;Lombriasco;Lombriasco;;Nord-ovest;Piemonte;Torino;1;0;0;TO;E661
1;01;001;001137;1137;Loranzè;Loranzè;;Nord-ovest;Piemonte;Torino;1;0;0;TO;E683
1;01;001;001138;1138;Lugnacco;Lugnacco;;Nord-ovest;Piemonte;Torino;1;0;0;TO;E727
1;01;001;001139;1139;Luserna San Giovanni;Luserna San Giovanni;;Nord-ovest;Piemonte;Torino;1;0;0;TO;E758
1;01;001;001140;1140;Lusernetta;Lusernetta;;Nord-ovest;Piemonte;Torino;1;0;0;TO;E759
1;01;001;001141;1141;Lusigliè;Lusigliè;;Nord-ovest;Piemonte;Torino;1;0;0;TO;E763
1;01;001;001142;1142;Macello;Macello;;Nord-ovest;Piemonte;Torino;1;0;0;TO;E782
1;01;001;001143;1143;Maglione;Maglione;;Nord-ovest;Piemonte;Torino;1;0;0;TO;E817
1;01;001;001144;1144;Marentino;Marentino;;Nord-ovest;Piemonte;Torino;1;0;0;TO;E941
1;01;001;001145;1145;Massello;Massello;;Nord-ovest;Piemonte;Torino;1;0;0;TO;F041
1;01;001;001146;1146;Mathi;Mathi;;Nord-ovest;Piemonte;Torino;1;0;0;TO;F053
1;01;001;001147;1147;Mattie;Mattie;;Nord-ovest;Piemonte;Torino;1;0;0;TO;F058
1;01;001;001148;1148;Mazzè;Mazzè;;Nord-ovest;Piemonte;Torino;1;0;0;TO;F067
1;01;001;001149;1149;Meana di Susa;Meana di Susa;;Nord-ovest;Piemonte;Torino;1;0;0;TO;F074
1;01;001;001150;1150;Mercenasco;Mercenasco;;Nord-ovest;Piemonte;Torino;1;0;0;TO;F140
1;01;001;001151;1151;Meugliano;Meugliano;;Nord-ovest;Piemonte;Torino;1;0;0;TO;F164
1;01;001;001152;1152;Mezzenile;Mezzenile;;Nord-ovest;Piemonte;Torino;1;0;0;TO;F182
1;01;001;001153;1153;Mombello di Torino;Mombello di Torino;;Nord-ovest;Piemonte;Torino;1;0;0;TO;F315
1;01;001;001154;1154;Mompantero;Mompantero;;Nord-ovest;Piemonte;Torino;1;0;0;TO;F318
1;01;001;001155;1155;Monastero di Lanzo;Monastero di Lanzo;;Nord-ovest;Piemonte;Torino;1;0;0;TO;F327
1;01;001;001156;1156;Moncalieri;Moncalieri;;Nord-ovest;Piemonte;Torino;1;0;0;TO;F335
1;01;001;001157;1157;Moncenisio;Moncenisio;;Nord-ovest;Piemonte;Torino;1;0;0;TO;D553
1;01;001;001158;1158;Montaldo Torinese;Montaldo Torinese;;Nord-ovest;Piemonte;Torino;1;0;0;TO;F407
1;01;001;001159;1159;Montalenghe;Montalenghe;;Nord-ovest;Piemonte;Torino;1;0;0;TO;F411
1;01;001;001160;1160;Montalto Dora;Montalto Dora;;Nord-ovest;Piemonte;Torino;1;0;0;TO;F420
1;01;001;001161;1161;Montanaro;Montanaro;;Nord-ovest;Piemonte;Torino;1;0;0;TO;F422
1;01;001;001162;1162;Monteu da Po;Monteu da Po;;Nord-ovest;Piemonte;Torino;1;0;0;TO;F651
1;01;001;001163;1163;Moriondo Torinese;Moriondo Torinese;;Nord-ovest;Piemonte;Torino;1;0;0;TO;F733
1;01;001;001164;1164;Nichelino;Nichelino;;Nord-ovest;Piemonte;Torino;1;0;0;TO;F889
1;01;001;001165;1165;Noasca;Noasca;;Nord-ovest;Piemonte;Torino;1;0;0;TO;F906
1;01;001;001166;1166;Nole;Nole;;Nord-ovest;Piemonte;Torino;1;0;0;TO;F925
1;01;001;001167;1167;Nomaglio;Nomaglio;;Nord-ovest;Piemonte;Torino;1;0;0;TO;F927
1;01;001;001168;1168;None;None;;Nord-ovest;Piemonte;Torino;1;0;0;TO;F931
1;01;001;001169;1169;Novalesa;Novalesa;;Nord-ovest;Piemonte;Torino;1;0;0;TO;F948
1;01;001;001170;1170;Oglianico;Oglianico;;Nord-ovest;Piemonte;Torino;1;0;0;TO;G010
1;01;001;001171;1171;Orbassano;Orbassano;;Nord-ovest;Piemonte;Torino;1;0;0;TO;G087
1;01;001;001172;1172;Orio Canavese;Orio Canavese;;Nord-ovest;Piemonte;Torino;1;0;0;TO;G109
1;01;001;001173;1173;Osasco;Osasco;;Nord-ovest;Piemonte;Torino;1;0;0;TO;G151
1;01;001;001174;1174;Osasio;Osasio;;Nord-ovest;Piemonte;Torino;1;0;0;TO;G152
1;01;001;001175;1175;Oulx;Oulx;;Nord-ovest;Piemonte;Torino;1;0;0;TO;G196
1;01;001;001176;1176;Ozegna;Ozegna;;Nord-ovest;Piemonte;Torino;1;0;0;TO;G202
1;01;001;001177;1177;Palazzo Canavese;Palazzo Canavese;;Nord-ovest;Piemonte;Torino;1;0;0;TO;G262
1;01;001;001178;1178;Pancalieri;Pancalieri;;Nord-ovest;Piemonte;Torino;1;0;0;TO;G303
1;01;001;001179;1179;Parella;Parella;;Nord-ovest;Piemonte;Torino;1;0;0;TO;G330
1;01;001;001180;1180;Pavarolo;Pavarolo;;Nord-ovest;Piemonte;Torino;1;0;0;TO;G387
1;01;001;001181;1181;Pavone Canavese;Pavone Canavese;;Nord-ovest;Piemonte;Torino;1;0;0;TO;G392
1;01;001;001182;1182;Pecco;Pecco;;Nord-ovest;Piemonte;Torino;1;0;0;TO;G396
1;01;001;001183;1183;Pecetto Torinese;Pecetto Torinese;;Nord-ovest;Piemonte;Torino;1;0;0;TO;G398
1;01;001;001184;1184;Perosa Argentina;Perosa Argentina;;Nord-ovest;Piemonte;Torino;1;0;0;TO;G463
1;01;001;001185;1185;Perosa Canavese;Perosa Canavese;;Nord-ovest;Piemonte;Torino;1;0;0;TO;G462
1;01;001;001186;1186;Perrero;Perrero;;Nord-ovest;Piemonte;Torino;1;0;0;TO;G465
1;01;001;001187;1187;Pertusio;Pertusio;;Nord-ovest;Piemonte;Torino;1;0;0;TO;G477
1;01;001;001188;1188;Pessinetto;Pessinetto;;Nord-ovest;Piemonte;Torino;1;0;0;TO;G505
1;01;001;001189;1189;Pianezza;Pianezza;;Nord-ovest;Piemonte;Torino;1;0;0;TO;G559
1;01;001;001190;1190;Pinasca;Pinasca;;Nord-ovest;Piemonte;Torino;1;0;0;TO;G672
1;01;001;001191;1191;Pinerolo;Pinerolo;;Nord-ovest;Piemonte;Torino;1;0;0;TO;G674
1;01;001;001192;1192;Pino Torinese;Pino Torinese;;Nord-ovest;Piemonte;Torino;1;0;0;TO;G678
1;01;001;001193;1193;Piobesi Torinese;Piobesi Torinese;;Nord-ovest;Piemonte;Torino;1;0;0;TO;G684
1;01;001;001194;1194;Piossasco;Piossasco;;Nord-ovest;Piemonte;Torino;1;0;0;TO;G691
1;01;001;001195;1195;Piscina;Piscina;;Nord-ovest;Piemonte;Torino;1;0;0;TO;G705
1;01;001;001196;1196;Piverone;Piverone;;Nord-ovest;Piemonte;Torino;1;0;0;TO;G719
1;01;001;001197;1197;Poirino;Poirino;;Nord-ovest;Piemonte;Torino;1;0;0;TO;G777
1;01;001;001198;1198;Pomaretto;Pomaretto;;Nord-ovest;Piemonte;Torino;1;0;0;TO;G805
1;01;001;001199;1199;Pont Canavese;Pont Canavese;;Nord-ovest;Piemonte;Torino;1;0;0;TO;G826
1;01;001;001200;1200;Porte;Porte;;Nord-ovest;Piemonte;Torino;1;0;0;TO;G900
1;01;001;001201;1201;Pragelato;Pragelato;;Nord-ovest;Piemonte;Torino;1;0;0;TO;G973
1;01;001;001202;1202;Prali;Prali;;Nord-ovest;Piemonte;Torino;1;0;0;TO;G978
1;01;001;001203;1203;Pralormo;Pralormo;;Nord-ovest;Piemonte;Torino;1;0;0;TO;G979
1;01;001;001204;1204;Pramollo;Pramollo;;Nord-ovest;Piemonte;Torino;1;0;0;TO;G982
1;01;001;001205;1205;Prarostino;Prarostino;;Nord-ovest;Piemonte;Torino;1;0;0;TO;G986
1;01;001;001206;1206;Prascorsano;Prascorsano;;Nord-ovest;Piemonte;Torino;1;0;0;TO;G988
1;01;001;001207;1207;Pratiglione;Pratiglione;;Nord-ovest;Piemonte;Torino;1;0;0;TO;G997
1;01;001;001208;1208;Quagliuzzo;Quagliuzzo;;Nord-ovest;Piemonte;Torino;1;0;0;TO;H100
1;01;001;001209;1209;Quassolo;Quassolo;;Nord-ovest;Piemonte;Torino;1;0;0;TO;H120
1;01;001;001210;1210;Quincinetto;Quincinetto;;Nord-ovest;Piemonte;Torino;1;0;0;TO;H127
1;01;001;001211;1211;Reano;Reano;;Nord-ovest;Piemonte;Torino;1;0;0;TO;H207
1;01;001;001212;1212;Ribordone;Ribordone;;Nord-ovest;Piemonte;Torino;1;0;0;TO;H270
1;01;001;001213;1213;Rivalba;Rivalba;;Nord-ovest;Piemonte;Torino;1;0;0;TO;H333
1;01;001;001214;1214;Rivalta di Torino;Rivalta di Torino;;Nord-ovest;Piemonte;Torino;1;0;0;TO;H335
1;01;001;001215;1215;Riva presso Chieri;Riva presso Chieri;;Nord-ovest;Piemonte;Torino;1;0;0;TO;H337
1;01;001;001216;1216;Rivara;Rivara;;Nord-ovest;Piemonte;Torino;1;0;0;TO;H338
1;01;001;001217;1217;Rivarolo Canavese;Rivarolo Canavese;;Nord-ovest;Piemonte;Torino;1;0;0;TO;H340
1;01;001;001218;1218;Rivarossa;Rivarossa;;Nord-ovest;Piemonte;Torino;1;0;0;TO;H344
1;01;001;001219;1219;Rivoli;Rivoli;;Nord-ovest;Piemonte;Torino;1;0;0;TO;H355
1;01;001;001220;1220;Robassomero;Robassomero;;Nord-ovest;Piemonte;Torino;1;0;0;TO;H367
1;01;001;001221;1221;Rocca Canavese;Rocca Canavese;;Nord-ovest;Piemonte;Torino;1;0;0;TO;H386
1;01;001;001222;1222;Roletto;Roletto;;Nord-ovest;Piemonte;Torino;1;0;0;TO;H498
1;01;001;001223;1223;Romano Canavese;Romano Canavese;;Nord-ovest;Piemonte;Torino;1;0;0;TO;H511
1;01;001;001224;1224;Ronco Canavese;Ronco Canavese;;Nord-ovest;Piemonte;Torino;1;0;0;TO;H539
1;01;001;001225;1225;Rondissone;Rondissone;;Nord-ovest;Piemonte;Torino;1;0;0;TO;H547
1;01;001;001226;1226;Rorà;Rorà;;Nord-ovest;Piemonte;Torino;1;0;0;TO;H554
1;01;001;001227;1227;Roreto Chisone;Roreto Chisone;;Nord-ovest;Piemonte;Torino;1;0;0;TO;H555
1;01;001;001228;1228;Rosta;Rosta;;Nord-ovest;Piemonte;Torino;1;0;0;TO;H583
1;01;001;001229;1229;Rubiana;Rubiana;;Nord-ovest;Piemonte;Torino;1;0;0;TO;H627
1;01;001;001230;1230;Rueglio;Rueglio;;Nord-ovest;Piemonte;Torino;1;0;0;TO;H631
1;01;001;001231;1231;Salassa;Salassa;;Nord-ovest;Piemonte;Torino;1;0;0;TO;H691
1;01;001;001232;1232;Salbertrand;Salbertrand;;Nord-ovest;Piemonte;Torino;1;0;0;TO;H684
1;01;001;001233;1233;Salerano Canavese;Salerano Canavese;;Nord-ovest;Piemonte;Torino;1;0;0;TO;H702
1;01;001;001234;1234;Salza di Pinerolo;Salza di Pinerolo;;Nord-ovest;Piemonte;Torino;1;0;0;TO;H734
1;01;001;001235;1235;Samone;Samone;;Nord-ovest;Piemonte;Torino;1;0;0;TO;H753
1;01;001;001236;1236;San Benigno Canavese;San Benigno Canavese;;Nord-ovest;Piemonte;Torino;1;0;0;TO;H775
1;01;001;001237;1237;San Carlo Canavese;San Carlo Canavese;;Nord-ovest;Piemonte;Torino;1;0;0;TO;H789
1;01;001;001238;1238;San Colombano Belmonte;San Colombano Belmonte;;Nord-ovest;Piemonte;Torino;1;0;0;TO;H804
1;01;001;001239;1239;San Didero;San Didero;;Nord-ovest;Piemonte;Torino;1;0;0;TO;H820
1;01;001;001240;1240;San Francesco al Campo;San Francesco al Campo;;Nord-ovest;Piemonte;Torino;1;0;0;TO;H847
1;01;001;001241;1241;Sangano;Sangano;;Nord-ovest;Piemonte;Torino;1;0;0;TO;H855
1;01;001;001242;1242;San Germano Chisone;San Germano Chisone;;Nord-ovest;Piemonte;Torino;1;0;0;TO;H862
1;01;001;001243;1243;San Gillio;San Gillio;;Nord-ovest;Piemonte;Torino;1;0;0;TO;H873
1;01;001;001244;1244;San Giorgio Canavese;San Giorgio Canavese;;Nord-ovest;Piemonte;Torino;1;0;0;TO;H890
1;01;001;001245;1245;San Giorio di Susa;San Giorio di Susa;;Nord-ovest;Piemonte;Torino;1;0;0;TO;H900
1;01;001;001246;1246;San Giusto Canavese;San Giusto Canavese;;Nord-ovest;Piemonte;Torino;1;0;0;TO;H936
1;01;001;001247;1247;San Martino Canavese;San Martino Canavese;;Nord-ovest;Piemonte;Torino;1;0;0;TO;H997
1;01;001;001248;1248;San Maurizio Canavese;San Maurizio Canavese;;Nord-ovest;Piemonte;Torino;1;0;0;TO;I024
1;01;001;001249;1249;San Mauro Torinese;San Mauro Torinese;;Nord-ovest;Piemonte;Torino;1;0;0;TO;I030
1;01;001;001250;1250;San Pietro Val Lemina;San Pietro Val Lemina;;Nord-ovest;Piemonte;Torino;1;0;0;TO;I090
1;01;001;001251;1251;San Ponso;San Ponso;;Nord-ovest;Piemonte;Torino;1;0;0;TO;I126
1;01;001;001252;1252;San Raffaele Cimena;San Raffaele Cimena;;Nord-ovest;Piemonte;Torino;1;0;0;TO;I137
1;01;001;001253;1253;San Sebastiano da Po;San Sebastiano da Po;;Nord-ovest;Piemonte;Torino;1;0;0;TO;I152
1;01;001;001254;1254;San Secondo di Pinerolo;San Secondo di Pinerolo;;Nord-ovest;Piemonte;Torino;1;0;0;TO;I154
1;01;001;001255;1255;Sant'Ambrogio di Torino;Sant'Ambrogio di Torino;;Nord-ovest;Piemonte;Torino;1;0;0;TO;I258
1;01;001;001256;1256;Sant'Antonino di Susa;Sant'Antonino di Susa;;Nord-ovest;Piemonte;Torino;1;0;0;TO;I296
1;01;001;001257;1257;Santena;Santena;;Nord-ovest;Piemonte;Torino;1;0;0;TO;I327
1;01;001;001258;1258;Sauze di Cesana;Sauze di Cesana;;Nord-ovest;Piemonte;Torino;1;0;0;TO;I465
1;01;001;001259;1259;Sauze d'Oulx;Sauze d'Oulx;;Nord-ovest;Piemonte;Torino;1;0;0;TO;I466
1;01;001;001260;1260;Scalenghe;Scalenghe;;Nord-ovest;Piemonte;Torino;1;0;0;TO;I490
1;01;001;001261;1261;Scarmagno;Scarmagno;;Nord-ovest;Piemonte;Torino;1;0;0;TO;I511
1;01;001;001262;1262;Sciolze;Sciolze;;Nord-ovest;Piemonte;Torino;1;0;0;TO;I539
1;01;001;001263;1263;Sestriere;Sestriere;;Nord-ovest;Piemonte;Torino;1;0;0;TO;I692
1;01;001;001264;1264;Settimo Rottaro;Settimo Rottaro;;Nord-ovest;Piemonte;Torino;1;0;0;TO;I701
1;01;001;001265;1265;Settimo Torinese;Settimo Torinese;;Nord-ovest;Piemonte;Torino;1;0;0;TO;I703
1;01;001;001266;1266;Settimo Vittone;Settimo Vittone;;Nord-ovest;Piemonte;Torino;1;0;0;TO;I702
1;01;001;001267;1267;Sparone;Sparone;;Nord-ovest;Piemonte;Torino;1;0;0;TO;I886
1;01;001;001268;1268;Strambinello;Strambinello;;Nord-ovest;Piemonte;Torino;1;0;0;TO;I969
1;01;001;001269;1269;Strambino;Strambino;;Nord-ovest;Piemonte;Torino;1;0;0;TO;I970
1;01;001;001270;1270;Susa;Susa;;Nord-ovest;Piemonte;Torino;1;0;0;TO;L013
1;01;001;001271;1271;Tavagnasco;Tavagnasco;;Nord-ovest;Piemonte;Torino;1;0;0;TO;L066
1;01;001;001272;1272;Torino;Torino;;Nord-ovest;Piemonte;Torino;1;1;1;TO;L219
1;01;001;001273;1273;Torrazza Piemonte;Torrazza Piemonte;;Nord-ovest;Piemonte;Torino;1;0;0;TO;L238
1;01;001;001274;1274;Torre Canavese;Torre Canavese;;Nord-ovest;Piemonte;Torino;1;0;0;TO;L247
1;01;001;001275;1275;Torre Pellice;Torre Pellice;;Nord-ovest;Piemonte;Torino;1;0;0;TO;L277
1;01;001;001276;1276;Trana;Trana;;Nord-ovest;Piemonte;Torino;1;0;0;TO;L327
1;01;001;001277;1277;Trausella;Trausella;;Nord-ovest;Piemonte;Torino;1;0;0;TO;L338
1;01;001;001278;1278;Traversella;Traversella;;Nord-ovest;Piemonte;Torino;1;0;0;TO;L345
1;01;001;001279;1279;Traves;Traves;;Nord-ovest;Piemonte;Torino;1;0;0;TO;L340
1;01;001;001280;1280;Trofarello;Trofarello;;Nord-ovest;Piemonte;Torino;1;0;0;TO;L445
1;01;001;001281;1281;Usseaux;Usseaux;;Nord-ovest;Piemonte;Torino;1;0;0;TO;L515
1;01;001;001282;1282;Usseglio;Usseglio;;Nord-ovest;Piemonte;Torino;1;0;0;TO;L516
1;01;001;001283;1283;Vaie;Vaie;;Nord-ovest;Piemonte;Torino;1;0;0;TO;L538
1;01;001;001284;1284;Val della Torre;Val della Torre;;Nord-ovest;Piemonte;Torino;1;0;0;TO;L555
1;01;001;001285;1285;Valgioie;Valgioie;;Nord-ovest;Piemonte;Torino;1;0;0;TO;L578
1;01;001;001286;1286;Vallo Torinese;Vallo Torinese;;Nord-ovest;Piemonte;Torino;1;0;0;TO;L629
1;01;001;001287;1287;Valperga;Valperga;;Nord-ovest;Piemonte;Torino;1;0;0;TO;L644
1;01;001;001288;1288;Valprato Soana;Valprato Soana;;Nord-ovest;Piemonte;Torino;1;0;0;TO;B510
1;01;001;001289;1289;Varisella;Varisella;;Nord-ovest;Piemonte;Torino;1;0;0;TO;L685
1;01;001;001290;1290;Vauda Canavese;Vauda Canavese;;Nord-ovest;Piemonte;Torino;1;0;0;TO;L698
1;01;001;001291;1291;Venalzio;Venalzio;;Nord-ovest;Piemonte;Torino;1;0;0;TO;L726
1;01;001;001292;1292;Venaria Reale;Venaria Reale;;Nord-ovest;Piemonte;Torino;1;0;0;TO;L727
1;01;001;001293;1293;Verolengo;Verolengo;;Nord-ovest;Piemonte;Torino;1;0;0;TO;L779
1;01;001;001294;1294;Verrua Savoia;Verrua Savoia;;Nord-ovest;Piemonte;Torino;1;0;0;TO;L787
1;01;001;001295;1295;Vestignè;Vestignè;;Nord-ovest;Piemonte;Torino;1;0;0;TO;L811
1;01;001;001296;1296;Vialfrè;Vialfrè;;Nord-ovest;Piemonte;Torino;1;0;0;TO;L830
1;01;001;001297;1297;Vico Canavese;Vico Canavese;;Nord-ovest;Piemonte;Torino;1;0;0;TO;L548
1;01;001;001298;1298;Vidracco;Vidracco;;Nord-ovest;Piemonte;Torino;1;0;0;TO;L857
1;01;001;001299;1299;Vigone;Vigone;;Nord-ovest;Piemonte;Torino;1;0;0;TO;L898
1;01;001;001300;1300;Villafranca Piemonte;Villafranca Piemonte;;Nord-ovest;Piemonte;Torino;1;0;0;TO;L948
1;01;001;001301;1301;Villanova Canavese;Villanova Canavese;;Nord-ovest;Piemonte;Torino;1;0;0;TO;L982
1;01;001;001302;1302;Villarbasse;Villarbasse;;Nord-ovest;Piemonte;Torino;1;0;0;TO;M002
1;01;001;001303;1303;Villar Dora;Villar Dora;;Nord-ovest;Piemonte;Torino;1;0;0;TO;L999
1;01;001;001304;1304;Villareggia;Villareggia;;Nord-ovest;Piemonte;Torino;1;0;0;TO;M004
1;01;001;001305;1305;Villar Focchiardo;Villar Focchiardo;;Nord-ovest;Piemonte;Torino;1;0;0;TO;M007
1;01;001;001306;1306;Villar Pellice;Villar Pellice;;Nord-ovest;Piemonte;Torino;1;0;0;TO;M013
1;01;001;001307;1307;Villar Perosa;Villar Perosa;;Nord-ovest;Piemonte;Torino;1;0;0;TO;M014
1;01;001;001308;1308;Villastellone;Villastellone;;Nord-ovest;Piemonte;Torino;1;0;0;TO;M027
1;01;001;001309;1309;Vinovo;Vinovo;;Nord-ovest;Piemonte;Torino;1;0;0;TO;M060
1;01;001;001310;1310;Virle Piemonte;Virle Piemonte;;Nord-ovest;Piemonte;Torino;1;0;0;TO;M069
1;01;001;001311;1311;Vische;Vische;;Nord-ovest;Piemonte;Torino;1;0;0;TO;M071
1;01;001;001312;1312;Vistrorio;Vistrorio;;Nord-ovest;Piemonte;Torino;1;0;0;TO;M080
1;01;001;001313;1313;Viù;Viù;;Nord-ovest;Piemonte;Torino;1;0;0;TO;M094
1;01;001;001314;1314;Volpiano;Volpiano;;Nord-ovest;Piemonte;Torino;1;0;0;TO;M122
1;01;001;001315;1315;Volvera;Volvera;;Nord-ovest;Piemonte;Torino;1;0;0;TO;M133
1;01;002;002001;2001;Ailoche;Ailoche;;Nord-ovest;Piemonte;Vercelli;1;0;0;VC;A107
1;01;002;002002;2002;Alagna Valsesia;Alagna Valsesia;;Nord-ovest;Piemonte;Vercelli;1;0;0;VC;A119
1;01;002;002003;2003;Albano Vercellese;Albano Vercellese;;Nord-ovest;Piemonte;Vercelli;1;0;0;VC;A130
1;01;002;002004;2004;Alice Castello;Alice Castello;;Nord-ovest;Piemonte;Vercelli;1;0;0;VC;A198
1;01;002;002005;2005;Andorno Micca;Andorno Micca;;Nord-ovest;Piemonte;Vercelli;1;0;0;VC;A280
1;01;002;002006;2006;Arborio;Arborio;;Nord-ovest;Piemonte;Vercelli;1;0;0;VC;A358
1;01;002;002007;2007;Asigliano Vercellese;Asigliano Vercellese;;Nord-ovest;Piemonte;Vercelli;1;0;0;VC;A466
1;01;002;002008;2008;Balmuccia;Balmuccia;;Nord-ovest;Piemonte;Vercelli;1;0;0;VC;A600
1;01;002;002009;2009;Balocco;Balocco;;Nord-ovest;Piemonte;Vercelli;1;0;0;VC;A601
1;01;002;002010;2010;Benna;Benna;;Nord-ovest;Piemonte;Vercelli;1;0;0;VC;A784
1;01;002;002011;2011;Bianzè;Bianzè;;Nord-ovest;Piemonte;Vercelli;1;0;0;VC;A847
1;01;002;002012;2012;Biella;Biella;;Nord-ovest;Piemonte;Vercelli;1;0;0;VC;A859
1;01;002;002013;2013;Bioglio;Bioglio;;Nord-ovest;Piemonte;Vercelli;1;0;0;VC;A876
1;01;002;002014;2014;Boccioleto;Boccioleto;;Nord-ovest;Piemonte;Vercelli;1;0;0;VC;A914
1;01;002;002015;2015;Borgo d'Ale;Borgo d'Ale;;Nord-ovest;Piemonte;Vercelli;1;0;0;VC;B009
1;01;002;002016;2016;Borgosesia;Borgosesia;;Nord-ovest;Piemonte;Vercelli;1;0;0;VC;B041
1;01;002;002017;2017;Borgo Vercelli;Borgo Vercelli;;Nord-ovest;Piemonte;Vercelli;1;0;0;VC;B046
1;01;002;002018;2018;Borriana;Borriana;;Nord-ovest;Piemonte;Vercelli;1;0;0;VC;B058
1;01;002;002019;2019;Breia;Breia;;Nord-ovest;Piemonte;Vercelli;1;0;0;VC;B136
1;01;002;002020;2020;Brusnengo;Brusnengo;;Nord-ovest;Piemonte;Vercelli;1;0;0;VC;B229
1;01;002;002021;2021;Buronzo;Buronzo;;Nord-ovest;Piemonte;Vercelli;1;0;0;VC;B280
1;01;002;002022;2022;Callabiana;Callabiana;;Nord-ovest;Piemonte;Vercelli;1;0;0;VC;B417
1;01;002;002023;2023;Camandona;Camandona;;Nord-ovest;Piemonte;Vercelli;1;0;0;VC;B457
1;01;002;002024;2024;Camburzano;Camburzano;;Nord-ovest;Piemonte;Vercelli;1;0;0;VC;B465
1;01;002;002025;2025;Campertogno;Campertogno;;Nord-ovest;Piemonte;Vercelli;1;0;0;VC;B505
1;01;002;002026;2026;Campiglia Cervo;Campiglia Cervo;;Nord-ovest;Piemonte;Vercelli;1;0;0;VC;B508
1;01;002;002027;2027;Candelo;Candelo;;Nord-ovest;Piemonte;Vercelli;1;0;0;VC;B586
1;01;002;002028;2028;Caprile;Caprile;;Nord-ovest;Piemonte;Vercelli;1;0;0;VC;B708
1;01;002;002029;2029;Carcoforo;Carcoforo;;Nord-ovest;Piemonte;Vercelli;1;0;0;VC;B752
1;01;002;002030;2030;Caresana;Caresana;;Nord-ovest;Piemonte;Vercelli;1;0;0;VC;B767
1;01;002;002031;2031;Caresanablot;Caresanablot;;Nord-ovest;Piemonte;Vercelli;1;0;0;VC;B768
1;01;002;002032;2032;Carisio;Carisio;;Nord-ovest;Piemonte;Vercelli;1;0;0;VC;B782
1;01;002;002033;2033;Casanova Elvo;Casanova Elvo;;Nord-ovest;Piemonte;Vercelli;1;0;0;VC;B928
1;01;002;002034;2034;Casapinta;Casapinta;;Nord-ovest;Piemonte;Vercelli;1;0;0;VC;B933
1;01;002;002035;2035;Cascine San Giacomo;Cascine San Giacomo;;Nord-ovest;Piemonte;Vercelli;1;0;0;VC;B952
1;01;002;002036;2036;Castelletto Cervo;Castelletto Cervo;;Nord-ovest;Piemonte;Vercelli;1;0;0;VC;C155
1;01;002;002037;2037;Cavaglià;Cavaglià;;Nord-ovest;Piemonte;Vercelli;1;0;0;VC;C363
1;01;002;002038;2038;Cellio;Cellio;;Nord-ovest;Piemonte;Vercelli;1;0;0;VC;C450
1;01;002;002039;2039;Cerreto Castello;Cerreto Castello;;Nord-ovest;Piemonte;Vercelli;1;0;0;VC;C526
1;01;002;002040;2040;Cerrione;Cerrione;;Nord-ovest;Piemonte;Vercelli;1;0;0;VC;C532
1;01;002;002041;2041;Cervatto;Cervatto;;Nord-ovest;Piemonte;Vercelli;1;0;0;VC;C548
1;01;002;002042;2042;Cigliano;Cigliano;;Nord-ovest;Piemonte;Vercelli;1;0;0;VC;C680
1;01;002;002043;2043;Civiasco;Civiasco;;Nord-ovest;Piemonte;Vercelli;1;0;0;VC;C757
1;01;002;002044;2044;Coggiola;Coggiola;;Nord-ovest;Piemonte;Vercelli;1;0;0;VC;C819
1;01;002;002045;2045;Collobiano;Collobiano;;Nord-ovest;Piemonte;Vercelli;1;0;0;VC;C884
1;01;002;002046;2046;Cossato;Cossato;;Nord-ovest;Piemonte;Vercelli;1;0;0;VC;D094
1;01;002;002047;2047;Costanzana;Costanzana;;Nord-ovest;Piemonte;Vercelli;1;0;0;VC;D113
1;01;002;002048;2048;Cravagliana;Cravagliana;;Nord-ovest;Piemonte;Vercelli;1;0;0;VC;D132
1;01;002;002049;2049;Crescentino;Crescentino;;Nord-ovest;Piemonte;Vercelli;1;0;0;VC;D154
1;01;002;002050;2050;Crevacuore;Crevacuore;;Nord-ovest;Piemonte;Vercelli;1;0;0;VC;D165
1;01;002;002051;2051;Crosa;Crosa;;Nord-ovest;Piemonte;Vercelli;1;0;0;VC;D182
1;01;002;002052;2052;Crova;Crova;;Nord-ovest;Piemonte;Vercelli;1;0;0;VC;D187
1;01;002;002053;2053;Curino;Curino;;Nord-ovest;Piemonte;Vercelli;1;0;0;VC;D219
1;01;002;002054;2054;Desana;Desana;;Nord-ovest;Piemonte;Vercelli;1;0;0;VC;D281
1;01;002;002055;2055;Donato;Donato;;Nord-ovest;Piemonte;Vercelli;1;0;0;VC;D339
1;01;002;002056;2056;Dorzano;Dorzano;;Nord-ovest;Piemonte;Vercelli;1;0;0;VC;D350
1;01;002;002057;2057;Fobello;Fobello;;Nord-ovest;Piemonte;Vercelli;1;0;0;VC;D641
1;01;002;002058;2058;Fontanetto Po;Fontanetto Po;;Nord-ovest;Piemonte;Vercelli;1;0;0;VC;D676
1;01;002;002059;2059;Formigliana;Formigliana;;Nord-ovest;Piemonte;Vercelli;1;0;0;VC;D712
1;01;002;002060;2060;Gaglianico;Gaglianico;;Nord-ovest;Piemonte;Vercelli;1;0;0;VC;D848
1;01;002;002061;2061;Gattinara;Gattinara;;Nord-ovest;Piemonte;Vercelli;1;0;0;VC;D938
1;01;002;002062;2062;Ghislarengo;Ghislarengo;;Nord-ovest;Piemonte;Vercelli;1;0;0;VC;E007
1;01;002;002063;2063;Gifflenga;Gifflenga;;Nord-ovest;Piemonte;Vercelli;1;0;0;VC;E024
1;01;002;002064;2064;Graglia;Graglia;;Nord-ovest;Piemonte;Vercelli;1;0;0;VC;E130
1;01;002;002065;2065;Greggio;Greggio;;Nord-ovest;Piemonte;Vercelli;1;0;0;VC;E163
1;01;002;002066;2066;Guardabosone;Guardabosone;;Nord-ovest;Piemonte;Vercelli;1;0;0;VC;E237
1;01;002;002067;2067;Lamporo;Lamporo;;Nord-ovest;Piemonte;Vercelli;1;0;0;VC;E433
1;01;002;002068;2068;Lenta;Lenta;;Nord-ovest;Piemonte;Vercelli;1;0;0;VC;E528
1;01;002;002069;2069;Lessona;Lessona;;Nord-ovest;Piemonte;Vercelli;1;0;0;VC;E552
1;01;002;002070;2070;Lignana;Lignana;;Nord-ovest;Piemonte;Vercelli;1;0;0;VC;E583
1;01;002;002071;2071;Livorno Ferraris;Livorno Ferraris;;Nord-ovest;Piemonte;Vercelli;1;0;0;VC;E626
1;01;002;002072;2072;Lozzolo;Lozzolo;;Nord-ovest;Piemonte;Vercelli;1;0;0;VC;E711
1;01;002;002073;2073;Magnano;Magnano;;Nord-ovest;Piemonte;Vercelli;1;0;0;VC;E821
1;01;002;002074;2074;Massazza;Massazza;;Nord-ovest;Piemonte;Vercelli;1;0;0;VC;F037
1;01;002;002075;2075;Masserano;Masserano;;Nord-ovest;Piemonte;Vercelli;1;0;0;VC;F042
1;01;002;002076;2076;Mezzana Mortigliengo;Mezzana Mortigliengo;;Nord-ovest;Piemonte;Vercelli;1;0;0;VC;F167
1;01;002;002077;2077;Miagliano;Miagliano;;Nord-ovest;Piemonte;Vercelli;1;0;0;VC;F189
1;01;002;002078;2078;Mollia;Mollia;;Nord-ovest;Piemonte;Vercelli;1;0;0;VC;F297
1;01;002;002079;2079;Moncrivello;Moncrivello;;Nord-ovest;Piemonte;Vercelli;1;0;0;VC;F342
1;01;002;002080;2080;Mongrando;Mongrando;;Nord-ovest;Piemonte;Vercelli;1;0;0;VC;F369
1;01;002;002081;2081;Mosso Santa Maria;Mosso Santa Maria;;Nord-ovest;Piemonte;Vercelli;1;0;0;VC;F769
1;01;002;002082;2082;Motta de' Conti;Motta de' Conti;;Nord-ovest;Piemonte;Vercelli;1;0;0;VC;F774
1;01;002;002083;2083;Mottalciata;Mottalciata;;Nord-ovest;Piemonte;Vercelli;1;0;0;VC;F776
1;01;002;002084;2084;Muzzano;Muzzano;;Nord-ovest;Piemonte;Vercelli;1;0;0;VC;F833
1;01;002;002085;2085;Netro;Netro;;Nord-ovest;Piemonte;Vercelli;1;0;0;VC;F878
1;01;002;002086;2086;Occhieppo Inferiore;Occhieppo Inferiore;;Nord-ovest;Piemonte;Vercelli;1;0;0;VC;F992
1;01;002;002087;2087;Occhieppo Superiore;Occhieppo Superiore;;Nord-ovest;Piemonte;Vercelli;1;0;0;VC;F993
1;01;002;002088;2088;Olcenengo;Olcenengo;;Nord-ovest;Piemonte;Vercelli;1;0;0;VC;G016
1;01;002;002089;2089;Oldenico;Oldenico;;Nord-ovest;Piemonte;Vercelli;1;0;0;VC;G018
1;01;002;002090;2090;Palazzolo Vercellese;Palazzolo Vercellese;;Nord-ovest;Piemonte;Vercelli;1;0;0;VC;G266
1;01;002;002091;2091;Pertengo;Pertengo;;Nord-ovest;Piemonte;Vercelli;1;0;0;VC;G471
1;01;002;002092;2092;Pettinengo;Pettinengo;;Nord-ovest;Piemonte;Vercelli;1;0;0;VC;G521
1;01;002;002093;2093;Pezzana;Pezzana;;Nord-ovest;Piemonte;Vercelli;1;0;0;VC;G528
1;01;002;002094;2094;Piatto;Piatto;;Nord-ovest;Piemonte;Vercelli;1;0;0;VC;G577
1;01;002;002095;2095;Piedicavallo;Piedicavallo;;Nord-ovest;Piemonte;Vercelli;1;0;0;VC;G594
1;01;002;002096;2096;Pila;Pila;;Nord-ovest;Piemonte;Vercelli;1;0;0;VC;G666
1;01;002;002097;2097;Piode;Piode;;Nord-ovest;Piemonte;Vercelli;1;0;0;VC;G685
1;01;002;002098;2098;Pistolesa;Pistolesa;;Nord-ovest;Piemonte;Vercelli;1;0;0;VC;G714
1;01;002;002099;2099;Pollone;Pollone;;Nord-ovest;Piemonte;Vercelli;1;0;0;VC;G798
1;01;002;002100;2100;Ponderano;Ponderano;;Nord-ovest;Piemonte;Vercelli;1;0;0;VC;G820
1;01;002;002101;2101;Portula;Portula;;Nord-ovest;Piemonte;Vercelli;1;0;0;VC;G927
1;01;002;002102;2102;Postua;Postua;;Nord-ovest;Piemonte;Vercelli;1;0;0;VC;G940
1;01;002;002103;2103;Pralungo;Pralungo;;Nord-ovest;Piemonte;Vercelli;1;0;0;VC;G980
1;01;002;002104;2104;Prarolo;Prarolo;;Nord-ovest;Piemonte;Vercelli;1;0;0;VC;G985
1;01;002;002105;2105;Pray;Pray;;Nord-ovest;Piemonte;Vercelli;1;0;0;VC;G974
1;01;002;002106;2106;Quaregna;Quaregna;;Nord-ovest;Piemonte;Vercelli;1;0;0;VC;H103
1;01;002;002107;2107;Quarona;Quarona;;Nord-ovest;Piemonte;Vercelli;1;0;0;VC;H108
1;01;002;002108;2108;Quinto Vercellese;Quinto Vercellese;;Nord-ovest;Piemonte;Vercelli;1;0;0;VC;H132
1;01;002;002109;2109;Quittengo;Quittengo;;Nord-ovest;Piemonte;Vercelli;1;0;0;VC;H145
1;01;002;002110;2110;Rassa;Rassa;;Nord-ovest;Piemonte;Vercelli;1;0;0;VC;H188
1;01;002;002111;2111;Rima San Giuseppe;Rima San Giuseppe;;Nord-ovest;Piemonte;Vercelli;1;0;0;VC;H291
1;01;002;002112;2112;Rimasco;Rimasco;;Nord-ovest;Piemonte;Vercelli;1;0;0;VC;H292
1;01;002;002113;2113;Rimella;Rimella;;Nord-ovest;Piemonte;Vercelli;1;0;0;VC;H293
1;01;002;002114;2114;Riva Valdobbia;Riva Valdobbia;;Nord-ovest;Piemonte;Vercelli;1;0;0;VC;H329
1;01;002;002115;2115;Rive;Rive;;Nord-ovest;Piemonte;Vercelli;1;0;0;VC;H346
1;01;002;002116;2116;Roasio;Roasio;;Nord-ovest;Piemonte;Vercelli;1;0;0;VC;H365
1;01;002;002117;2117;Ronco Biellese;Ronco Biellese;;Nord-ovest;Piemonte;Vercelli;1;0;0;VC;H538
1;01;002;002118;2118;Ronsecco;Ronsecco;;Nord-ovest;Piemonte;Vercelli;1;0;0;VC;H549
1;01;002;002119;2119;Roppolo;Roppolo;;Nord-ovest;Piemonte;Vercelli;1;0;0;VC;H553
1;01;002;002120;2120;Rosazza;Rosazza;;Nord-ovest;Piemonte;Vercelli;1;0;0;VC;H561
1;01;002;002121;2121;Rossa;Rossa;;Nord-ovest;Piemonte;Vercelli;1;0;0;VC;H577
1;01;002;002122;2122;Rovasenda;Rovasenda;;Nord-ovest;Piemonte;Vercelli;1;0;0;VC;H364
1;01;002;002123;2123;Sabbia;Sabbia;;Nord-ovest;Piemonte;Vercelli;1;0;0;VC;H648
1;01;002;002124;2124;Sagliano Micca;Sagliano Micca;;Nord-ovest;Piemonte;Vercelli;1;0;0;VC;H662
1;01;002;002125;2125;Sala Biellese;Sala Biellese;;Nord-ovest;Piemonte;Vercelli;1;0;0;VC;H681
1;01;002;002126;2126;Salasco;Salasco;;Nord-ovest;Piemonte;Vercelli;1;0;0;VC;H690
1;01;002;002127;2127;Sali Vercellese;Sali Vercellese;;Nord-ovest;Piemonte;Vercelli;1;0;0;VC;H707
1;01;002;002128;2128;Saluggia;Saluggia;;Nord-ovest;Piemonte;Vercelli;1;0;0;VC;H725
1;01;002;002129;2129;Salussola;Salussola;;Nord-ovest;Piemonte;Vercelli;1;0;0;VC;H726
1;01;002;002130;2130;Sandigliano;Sandigliano;;Nord-ovest;Piemonte;Vercelli;1;0;0;VC;H821
1;01;002;002131;2131;San Germano Vercellese;San Germano Vercellese;;Nord-ovest;Piemonte;Vercelli;1;0;0;VC;H861
1;01;002;002132;2132;San Paolo Cervo;San Paolo Cervo;;Nord-ovest;Piemonte;Vercelli;1;0;0;VC;I074
1;01;002;002133;2133;Santhià;Santhià;;Nord-ovest;Piemonte;Vercelli;1;0;0;VC;I337
1;01;002;002134;2134;Scopa;Scopa;;Nord-ovest;Piemonte;Vercelli;1;0;0;VC;I544
1;01;002;002135;2135;Scopello;Scopello;;Nord-ovest;Piemonte;Vercelli;1;0;0;VC;I545
1;01;002;002136;2136;Selve Marcone;Selve Marcone;;Nord-ovest;Piemonte;Vercelli;1;0;0;VC;I596
1;01;002;002137;2137;Serravalle Sesia;Serravalle Sesia;;Nord-ovest;Piemonte;Vercelli;1;0;0;VC;I663
1;01;002;002138;2138;Soprana;Soprana;;Nord-ovest;Piemonte;Vercelli;1;0;0;VC;I835
1;01;002;002139;2139;Sordevolo;Sordevolo;;Nord-ovest;Piemonte;Vercelli;1;0;0;VC;I847
1;01;002;002140;2140;Sostegno;Sostegno;;Nord-ovest;Piemonte;Vercelli;1;0;0;VC;I868
1;01;002;002141;2141;Strona;Strona;;Nord-ovest;Piemonte;Vercelli;1;0;0;VC;I980
1;01;002;002142;2142;Stroppiana;Stroppiana;;Nord-ovest;Piemonte;Vercelli;1;0;0;VC;I984
1;01;002;002143;2143;Tavigliano;Tavigliano;;Nord-ovest;Piemonte;Vercelli;1;0;0;VC;L075
1;01;002;002144;2144;Ternengo;Ternengo;;Nord-ovest;Piemonte;Vercelli;1;0;0;VC;L116
1;01;002;002145;2145;Tollegno;Tollegno;;Nord-ovest;Piemonte;Vercelli;1;0;0;VC;L193
1;01;002;002146;2146;Torrazzo;Torrazzo;;Nord-ovest;Piemonte;Vercelli;1;0;0;VC;L239
1;01;002;002147;2147;Tricerro;Tricerro;;Nord-ovest;Piemonte;Vercelli;1;0;0;VC;L420
1;01;002;002148;2148;Trino;Trino;;Nord-ovest;Piemonte;Vercelli;1;0;0;VC;L429
1;01;002;002149;2149;Trivero;Trivero;;Nord-ovest;Piemonte;Vercelli;1;0;0;VC;L436
1;01;002;002150;2150;Tronzano Vercellese;Tronzano Vercellese;;Nord-ovest;Piemonte;Vercelli;1;0;0;VC;L451
1;01;002;002151;2151;Valdengo;Valdengo;;Nord-ovest;Piemonte;Vercelli;1;0;0;VC;L556
1;01;002;002152;2152;Valduggia;Valduggia;;Nord-ovest;Piemonte;Vercelli;1;0;0;VC;L566
1;01;002;002153;2153;Vallanzengo;Vallanzengo;;Nord-ovest;Piemonte;Vercelli;1;0;0;VC;L586
1;01;002;002154;2154;Valle Mosso;Valle Mosso;;Nord-ovest;Piemonte;Vercelli;1;0;0;VC;L606
1;01;002;002155;2155;Valle San Nicolao;Valle San Nicolao;;Nord-ovest;Piemonte;Vercelli;1;0;0;VC;L620
1;01;002;002156;2156;Varallo;Varallo;;Nord-ovest;Piemonte;Vercelli;1;0;0;VC;L669
1;01;002;002157;2157;Veglio;Veglio;;Nord-ovest;Piemonte;Vercelli;1;0;0;VC;L712
1;01;002;002158;2158;Vercelli;Vercelli;;Nord-ovest;Piemonte;Vercelli;1;0;1;VC;L750
1;01;002;002159;2159;Verrone;Verrone;;Nord-ovest;Piemonte;Vercelli;1;0;0;VC;L785
1;01;002;002160;2160;Vigliano Biellese;Vigliano Biellese;;Nord-ovest;Piemonte;Vercelli;1;0;0;VC;L880
1;01;002;002161;2161;Villa del Bosco;Villa del Bosco;;Nord-ovest;Piemonte;Vercelli;1;0;0;VC;L933
1;01;002;002162;2162;Villanova Biellese;Villanova Biellese;;Nord-ovest;Piemonte;Vercelli;1;0;0;VC;L978
1;01;002;002163;2163;Villarboit;Villarboit;;Nord-ovest;Piemonte;Vercelli;1;0;0;VC;M003
1;01;002;002164;2164;Villata;Villata;;Nord-ovest;Piemonte;Vercelli;1;0;0;VC;M028
1;01;002;002165;2165;Viverone;Viverone;;Nord-ovest;Piemonte;Vercelli;1;0;0;VC;M098
1;01;002;002166;2166;Vocca;Vocca;;Nord-ovest;Piemonte;Vercelli;1;0;0;VC;M106
1;01;002;002167;2167;Zimone;Zimone;;Nord-ovest;Piemonte;Vercelli;1;0;0;VC;M179
1;01;002;002168;2168;Zubiena;Zubiena;;Nord-ovest;Piemonte;Vercelli;1;0;0;VC;M196
1;01;002;002169;2169;Zumaglia;Zumaglia;;Nord-ovest;Piemonte;Vercelli;1;0;0;VC;M201
1;01;003;003001;3001;Agrate Conturbia;Agrate Conturbia;;Nord-ovest;Piemonte;Novara;1;0;0;NO;A088
1;01;003;003002;3002;Ameno;Ameno;;Nord-ovest;Piemonte;Novara;1;0;0;NO;A264
1;01;003;003003;3003;Antrona Schieranco;Antrona Schieranco;;Nord-ovest;Piemonte;Novara;1;0;0;NO;A317
1;01;003;003004;3004;Anzola d'Ossola;Anzola d'Ossola;;Nord-ovest;Piemonte;Novara;1;0;0;NO;A325
1;01;003;003005;3005;Arizzano;Arizzano;;Nord-ovest;Piemonte;Novara;1;0;0;NO;A409
1;01;003;003006;3006;Armeno;Armeno;;Nord-ovest;Piemonte;Novara;1;0;0;NO;A414
1;01;003;003007;3007;Arola;Arola;;Nord-ovest;Piemonte;Novara;1;0;0;NO;A427
1;01;003;003008;3008;Arona;Arona;;Nord-ovest;Piemonte;Novara;1;0;0;NO;A429
1;01;003;003009;3009;Aurano;Aurano;;Nord-ovest;Piemonte;Novara;1;0;0;NO;A497
1;01;003;003010;3010;Baceno;Baceno;;Nord-ovest;Piemonte;Novara;1;0;0;NO;A534
1;01;003;003011;3011;Bannio Anzino;Bannio Anzino;;Nord-ovest;Piemonte;Novara;1;0;0;NO;A610
1;01;003;003012;3012;Barengo;Barengo;;Nord-ovest;Piemonte;Novara;1;0;0;NO;A653
1;01;003;003013;3013;Baveno;Baveno;;Nord-ovest;Piemonte;Novara;1;0;0;NO;A725
1;01;003;003014;3014;Bee;Bee;;Nord-ovest;Piemonte;Novara;1;0;0;NO;A733
1;01;003;003015;3015;Belgirate;Belgirate;;Nord-ovest;Piemonte;Novara;1;0;0;NO;A742
1;01;003;003016;3016;Bellinzago Novarese;Bellinzago Novarese;;Nord-ovest;Piemonte;Novara;1;0;0;NO;A752
1;01;003;003017;3017;Beura-Cardezza;Beura-Cardezza;;Nord-ovest;Piemonte;Novara;1;0;0;NO;A834
1;01;003;003018;3018;Biandrate;Biandrate;;Nord-ovest;Piemonte;Novara;1;0;0;NO;A844
1;01;003;003019;3019;Boca;Boca;;Nord-ovest;Piemonte;Novara;1;0;0;NO;A911
1;01;003;003020;3020;Bognanco;Bognanco;;Nord-ovest;Piemonte;Novara;1;0;0;NO;A925
1;01;003;003021;3021;Bogogno;Bogogno;;Nord-ovest;Piemonte;Novara;1;0;0;NO;A929
1;01;003;003022;3022;Bolzano Novarese;Bolzano Novarese;;Nord-ovest;Piemonte;Novara;1;0;0;NO;A953
1;01;003;003023;3023;Borgolavezzaro;Borgolavezzaro;;Nord-ovest;Piemonte;Novara;1;0;0;NO;B016
1;01;003;003024;3024;Borgomanero;Borgomanero;;Nord-ovest;Piemonte;Novara;1;0;0;NO;B019
1;01;003;003025;3025;Borgo Ticino;Borgo Ticino;;Nord-ovest;Piemonte;Novara;1;0;0;NO;B043
1;01;003;003026;3026;Briga Novarese;Briga Novarese;;Nord-ovest;Piemonte;Novara;1;0;0;NO;B176
1;01;003;003027;3027;Briona;Briona;;Nord-ovest;Piemonte;Novara;1;0;0;NO;B183
1;01;003;003028;3028;Brovello-Carpugnino;Brovello-Carpugnino;;Nord-ovest;Piemonte;Novara;1;0;0;NO;B207
1;01;003;003029;3029;Calasca-Castiglione;Calasca-Castiglione;;Nord-ovest;Piemonte;Novara;1;0;0;NO;B380
1;01;003;003030;3030;Caltignaga;Caltignaga;;Nord-ovest;Piemonte;Novara;1;0;0;NO;B431
1;01;003;003031;3031;Cambiasca;Cambiasca;;Nord-ovest;Piemonte;Novara;1;0;0;NO;B463
1;01;003;003032;3032;Cameri;Cameri;;Nord-ovest;Piemonte;Novara;1;0;0;NO;B473
1;01;003;003033;3033;Cannero Riviera;Cannero Riviera;;Nord-ovest;Piemonte;Novara;1;0;0;NO;B610
1;01;003;003034;3034;Cannobio;Cannobio;;Nord-ovest;Piemonte;Novara;1;0;0;NO;B615
1;01;003;003035;3035;Caprezzo;Caprezzo;;Nord-ovest;Piemonte;Novara;1;0;0;NO;B694
1;01;003;003036;3036;Carpignano Sesia;Carpignano Sesia;;Nord-ovest;Piemonte;Novara;1;0;0;NO;B823
1;01;003;003037;3037;Casalbeltrame;Casalbeltrame;;Nord-ovest;Piemonte;Novara;1;0;0;NO;B864
1;01;003;003038;3038;Casale Corte Cerro;Casale Corte Cerro;;Nord-ovest;Piemonte;Novara;1;0;0;NO;B876
1;01;003;003039;3039;Casaleggio Novara;Casaleggio Novara;;Nord-ovest;Piemonte;Novara;1;0;0;NO;B883
1;01;003;003040;3040;Casalino;Casalino;;Nord-ovest;Piemonte;Novara;1;0;0;NO;B897
1;01;003;003041;3041;Casalvolone;Casalvolone;;Nord-ovest;Piemonte;Novara;1;0;0;NO;B920
1;01;003;003042;3042;Castellazzo Novarese;Castellazzo Novarese;;Nord-ovest;Piemonte;Novara;1;0;0;NO;C149
1;01;003;003043;3043;Castelletto sopra Ticino;Castelletto sopra Ticino;;Nord-ovest;Piemonte;Novara;1;0;0;NO;C166
1;01;003;003044;3044;Cavaglietto;Cavaglietto;;Nord-ovest;Piemonte;Novara;1;0;0;NO;C364
1;01;003;003045;3045;Cavaglio d'Agogna;Cavaglio d'Agogna;;Nord-ovest;Piemonte;Novara;1;0;0;NO;C365
1;01;003;003046;3046;Cavaglio-Spoccia;Cavaglio-Spoccia;;Nord-ovest;Piemonte;Novara;1;0;0;NO;C367
1;01;003;003047;3047;Cavallirio;Cavallirio;;Nord-ovest;Piemonte;Novara;1;0;0;NO;C378
1;01;003;003048;3048;Ceppo Morelli;Ceppo Morelli;;Nord-ovest;Piemonte;Novara;1;0;0;NO;C478
1;01;003;003049;3049;Cerano;Cerano;;Nord-ovest;Piemonte;Novara;1;0;0;NO;C483
1;01;003;003050;3050;Cesara;Cesara;;Nord-ovest;Piemonte;Novara;1;0;0;NO;C567
1;01;003;003051;3051;Colazza;Colazza;;Nord-ovest;Piemonte;Novara;1;0;0;NO;C829
1;01;003;003052;3052;Comignago;Comignago;;Nord-ovest;Piemonte;Novara;1;0;0;NO;C926
1;01;003;003053;3053;Cossogno;Cossogno;;Nord-ovest;Piemonte;Novara;1;0;0;NO;D099
1;01;003;003054;3054;Craveggia;Craveggia;;Nord-ovest;Piemonte;Novara;1;0;0;NO;D134
1;01;003;003055;3055;Cressa;Cressa;;Nord-ovest;Piemonte;Novara;1;0;0;NO;D162
1;01;003;003056;3056;Crevoladossola;Crevoladossola;;Nord-ovest;Piemonte;Novara;1;0;0;NO;D168
1;01;003;003057;3057;Crodo;Crodo;;Nord-ovest;Piemonte;Novara;1;0;0;NO;D177
1;01;003;003058;3058;Cureggio;Cureggio;;Nord-ovest;Piemonte;Novara;1;0;0;NO;D216
1;01;003;003059;3059;Cursolo-Orasso;Cursolo-Orasso;;Nord-ovest;Piemonte;Novara;1;0;0;NO;D225
1;01;003;003060;3060;Divignano;Divignano;;Nord-ovest;Piemonte;Novara;1;0;0;NO;D309
1;01;003;003061;3061;Domodossola;Domodossola;;Nord-ovest;Piemonte;Novara;1;0;0;NO;D332
1;01;003;003062;3062;Dormelletto;Dormelletto;;Nord-ovest;Piemonte;Novara;1;0;0;NO;D347
1;01;003;003063;3063;Druogno;Druogno;;Nord-ovest;Piemonte;Novara;1;0;0;NO;D374
1;01;003;003064;3064;Falmenta;Falmenta;;Nord-ovest;Piemonte;Novara;1;0;0;NO;D481
1;01;003;003065;3065;Fara Novarese;Fara Novarese;;Nord-ovest;Piemonte;Novara;1;0;0;NO;D492
1;01;003;003066;3066;Fontaneto d'Agogna;Fontaneto d'Agogna;;Nord-ovest;Piemonte;Novara;1;0;0;NO;D675
1;01;003;003067;3067;Formazza;Formazza;;Nord-ovest;Piemonte;Novara;1;0;0;NO;D706
1;01;003;003068;3068;Galliate;Galliate;;Nord-ovest;Piemonte;Novara;1;0;0;NO;D872
1;01;003;003069;3069;Garbagna Novarese;Garbagna Novarese;;Nord-ovest;Piemonte;Novara;1;0;0;NO;D911
1;01;003;003070;3070;Gargallo;Gargallo;;Nord-ovest;Piemonte;Novara;1;0;0;NO;D921
1;01;003;003071;3071;Gattico;Gattico;;Nord-ovest;Piemonte;Novara;1;0;0;NO;D937
1;01;003;003072;3072;Germagno;Germagno;;Nord-ovest;Piemonte;Novara;1;0;0;NO;D984
1;01;003;003073;3073;Ghemme;Ghemme;;Nord-ovest;Piemonte;Novara;1;0;0;NO;E001
1;01;003;003074;3074;Ghiffa;Ghiffa;;Nord-ovest;Piemonte;Novara;1;0;0;NO;E003
1;01;003;003075;3075;Gignese;Gignese;;Nord-ovest;Piemonte;Novara;1;0;0;NO;E028
1;01;003;003076;3076;Gozzano;Gozzano;;Nord-ovest;Piemonte;Novara;1;0;0;NO;E120
1;01;003;003077;3077;Granozzo con Monticello;Granozzo con Monticello;;Nord-ovest;Piemonte;Novara;1;0;0;NO;E143
1;01;003;003078;3078;Gravellona Toce;Gravellona Toce;;Nord-ovest;Piemonte;Novara;1;0;0;NO;E153
1;01;003;003079;3079;Grignasco;Grignasco;;Nord-ovest;Piemonte;Novara;1;0;0;NO;E177
1;01;003;003080;3080;Gurro;Gurro;;Nord-ovest;Piemonte;Novara;1;0;0;NO;E269
1;01;003;003081;3081;Intragna;Intragna;;Nord-ovest;Piemonte;Novara;1;0;0;NO;E304
1;01;003;003082;3082;Invorio;Invorio;;Nord-ovest;Piemonte;Novara;1;0;0;NO;E314
1;01;003;003083;3083;Landiona;Landiona;;Nord-ovest;Piemonte;Novara;1;0;0;NO;E436
1;01;003;003084;3084;Lesa;Lesa;;Nord-ovest;Piemonte;Novara;1;0;0;NO;E544
1;01;003;003085;3085;Loreglia;Loreglia;;Nord-ovest;Piemonte;Novara;1;0;0;NO;E685
1;01;003;003086;3086;Macugnaga;Macugnaga;;Nord-ovest;Piemonte;Novara;1;0;0;NO;E790
1;01;003;003087;3087;Madonna del Sasso;Madonna del Sasso;;Nord-ovest;Piemonte;Novara;1;0;0;NO;E795
1;01;003;003088;3088;Maggiora;Maggiora;;Nord-ovest;Piemonte;Novara;1;0;0;NO;E803
1;01;003;003089;3089;Malesco;Malesco;;Nord-ovest;Piemonte;Novara;1;0;0;NO;E853
1;01;003;003090;3090;Mandello Vitta;Mandello Vitta;;Nord-ovest;Piemonte;Novara;1;0;0;NO;E880
1;01;003;003091;3091;Marano Ticino;Marano Ticino;;Nord-ovest;Piemonte;Novara;1;0;0;NO;E907
1;01;003;003092;3092;Masera;Masera;;Nord-ovest;Piemonte;Novara;1;0;0;NO;F010
1;01;003;003093;3093;Massino Visconti;Massino Visconti;;Nord-ovest;Piemonte;Novara;1;0;0;NO;F047
1;01;003;003094;3094;Massiola;Massiola;;Nord-ovest;Piemonte;Novara;1;0;0;NO;F048
1;01;003;003095;3095;Meina;Meina;;Nord-ovest;Piemonte;Novara;1;0;0;NO;F093
1;01;003;003096;3096;Mergozzo;Mergozzo;;Nord-ovest;Piemonte;Novara;1;0;0;NO;F146
1;01;003;003097;3097;Mezzomerico;Mezzomerico;;Nord-ovest;Piemonte;Novara;1;0;0;NO;F188
1;01;003;003098;3098;Miasino;Miasino;;Nord-ovest;Piemonte;Novara;1;0;0;NO;F191
1;01;003;003099;3099;Miazzina;Miazzina;;Nord-ovest;Piemonte;Novara;1;0;0;NO;F192
1;01;003;003100;3100;Momo;Momo;;Nord-ovest;Piemonte;Novara;1;0;0;NO;F317
1;01;003;003101;3101;Montecrestese;Montecrestese;;Nord-ovest;Piemonte;Novara;1;0;0;NO;F483
1;01;003;003102;3102;Montescheno;Montescheno;;Nord-ovest;Piemonte;Novara;1;0;0;NO;F639
1;01;003;003103;3103;Nebbiuno;Nebbiuno;;Nord-ovest;Piemonte;Novara;1;0;0;NO;F859
1;01;003;003104;3104;Nibbiola;Nibbiola;;Nord-ovest;Piemonte;Novara;1;0;0;NO;F886
1;01;003;003105;3105;Nonio;Nonio;;Nord-ovest;Piemonte;Novara;1;0;0;NO;F932
1;01;003;003106;3106;Novara;Novara;;Nord-ovest;Piemonte;Novara;1;0;1;NO;F952
1;01;003;003107;3107;Oggebbio;Oggebbio;;Nord-ovest;Piemonte;Novara;1;0;0;NO;G007
1;01;003;003108;3108;Oleggio;Oleggio;;Nord-ovest;Piemonte;Novara;1;0;0;NO;G019
1;01;003;003109;3109;Oleggio Castello;Oleggio Castello;;Nord-ovest;Piemonte;Novara;1;0;0;NO;G020
1;01;003;003110;3110;Omegna;Omegna;;Nord-ovest;Piemonte;Novara;1;0;0;NO;G062
1;01;003;003111;3111;Ornavasso;Ornavasso;;Nord-ovest;Piemonte;Novara;1;0;0;NO;G117
1;01;003;003112;3112;Orta San Giulio;Orta San Giulio;;Nord-ovest;Piemonte;Novara;1;0;0;NO;G134
1;01;003;003113;3113;Pallanzeno;Pallanzeno;;Nord-ovest;Piemonte;Novara;1;0;0;NO;G280
1;01;003;003114;3114;Paruzzaro;Paruzzaro;;Nord-ovest;Piemonte;Novara;1;0;0;NO;G349
1;01;003;003115;3115;Pella;Pella;;Nord-ovest;Piemonte;Novara;1;0;0;NO;G421
1;01;003;003116;3116;Pettenasco;Pettenasco;;Nord-ovest;Piemonte;Novara;1;0;0;NO;G520
1;01;003;003117;3117;Piedimulera;Piedimulera;;Nord-ovest;Piemonte;Novara;1;0;0;NO;G600
1;01;003;003118;3118;Pieve Vergonte;Pieve Vergonte;;Nord-ovest;Piemonte;Novara;1;0;0;NO;G658
1;01;003;003119;3119;Pisano;Pisano;;Nord-ovest;Piemonte;Novara;1;0;0;NO;G703
1;01;003;003120;3120;Pogno;Pogno;;Nord-ovest;Piemonte;Novara;1;0;0;NO;G775
1;01;003;003121;3121;Pombia;Pombia;;Nord-ovest;Piemonte;Novara;1;0;0;NO;G809
1;01;003;003122;3122;Prato Sesia;Prato Sesia;;Nord-ovest;Piemonte;Novara;1;0;0;NO;H001
1;01;003;003123;3123;Premeno;Premeno;;Nord-ovest;Piemonte;Novara;1;0;0;NO;H030
1;01;003;003124;3124;Premia;Premia;;Nord-ovest;Piemonte;Novara;1;0;0;NO;H033
1;01;003;003125;3125;Premosello-Chiovenda;Premosello-Chiovenda;;Nord-ovest;Piemonte;Novara;1;0;0;NO;H037
1;01;003;003126;3126;Quarna Sopra;Quarna Sopra;;Nord-ovest;Piemonte;Novara;1;0;0;NO;H106
1;01;003;003127;3127;Quarna Sotto;Quarna Sotto;;Nord-ovest;Piemonte;Novara;1;0;0;NO;H107
1;01;003;003128;3128;Re;Re;;Nord-ovest;Piemonte;Novara;1;0;0;NO;H203
1;01;003;003129;3129;Recetto;Recetto;;Nord-ovest;Piemonte;Novara;1;0;0;NO;H213
1;01;003;003130;3130;Romagnano Sesia;Romagnano Sesia;;Nord-ovest;Piemonte;Novara;1;0;0;NO;H502
1;01;003;003131;3131;Romentino;Romentino;;Nord-ovest;Piemonte;Novara;1;0;0;NO;H518
1;01;003;003132;3132;San Bernardino Verbano;San Bernardino Verbano;;Nord-ovest;Piemonte;Novara;1;0;0;NO;H777
1;01;003;003133;3133;San Maurizio d'Opaglio;San Maurizio d'Opaglio;;Nord-ovest;Piemonte;Novara;1;0;0;NO;I025
1;01;003;003134;3134;San Nazzaro Sesia;San Nazzaro Sesia;;Nord-ovest;Piemonte;Novara;1;0;0;NO;I052
1;01;003;003135;3135;San Pietro Mosezzo;San Pietro Mosezzo;;Nord-ovest;Piemonte;Novara;1;0;0;NO;I116
1;01;003;003136;3136;Santa Maria Maggiore;Santa Maria Maggiore;;Nord-ovest;Piemonte;Novara;1;0;0;NO;I249
1;01;003;003137;3137;Seppiana;Seppiana;;Nord-ovest;Piemonte;Novara;1;0;0;NO;I619
1;01;003;003138;3138;Sillavengo;Sillavengo;;Nord-ovest;Piemonte;Novara;1;0;0;NO;I736
1;01;003;003139;3139;Sizzano;Sizzano;;Nord-ovest;Piemonte;Novara;1;0;0;NO;I767
1;01;003;003140;3140;Soriso;Soriso;;Nord-ovest;Piemonte;Novara;1;0;0;NO;I857
1;01;003;003141;3141;Sozzago;Sozzago;;Nord-ovest;Piemonte;Novara;1;0;0;NO;I880
1;01;003;003142;3142;Stresa;Stresa;;Nord-ovest;Piemonte;Novara;1;0;0;NO;I976
1;01;003;003143;3143;Suno;Suno;;Nord-ovest;Piemonte;Novara;1;0;0;NO;L007
1;01;003;003144;3144;Terdobbiate;Terdobbiate;;Nord-ovest;Piemonte;Novara;1;0;0;NO;L104
1;01;003;003145;3145;Toceno;Toceno;;Nord-ovest;Piemonte;Novara;1;0;0;NO;L187
1;01;003;003146;3146;Tornaco;Tornaco;;Nord-ovest;Piemonte;Novara;1;0;0;NO;L223
1;01;003;003147;3147;Trarego Viggiona;Trarego Viggiona;;Nord-ovest;Piemonte;Novara;1;0;0;NO;L333
1;01;003;003148;3148;Trasquera;Trasquera;;Nord-ovest;Piemonte;Novara;1;0;0;NO;L336
1;01;003;003149;3149;Trecate;Trecate;;Nord-ovest;Piemonte;Novara;1;0;0;NO;L356
1;01;003;003150;3150;Trontano;Trontano;;Nord-ovest;Piemonte;Novara;1;0;0;NO;L450
1;01;003;003151;3151;Valstrona;Valstrona;;Nord-ovest;Piemonte;Novara;1;0;0;NO;L651
1;01;003;003152;3152;Vanzone con San Carlo;Vanzone con San Carlo;;Nord-ovest;Piemonte;Novara;1;0;0;NO;L666
1;01;003;003153;3153;Vaprio d'Agogna;Vaprio d'Agogna;;Nord-ovest;Piemonte;Novara;1;0;0;NO;L668
1;01;003;003154;3154;Varallo Pombia;Varallo Pombia;;Nord-ovest;Piemonte;Novara;1;0;0;NO;L670
1;01;003;003155;3155;Varzo;Varzo;;Nord-ovest;Piemonte;Novara;1;0;0;NO;L691
1;01;003;003156;3156;Verbania;Verbania;;Nord-ovest;Piemonte;Novara;1;0;0;NO;L746
1;01;003;003157;3157;Veruno;Veruno;;Nord-ovest;Piemonte;Novara;1;0;0;NO;L798
1;01;003;003158;3158;Vespolate;Vespolate;;Nord-ovest;Piemonte;Novara;1;0;0;NO;L808
1;01;003;003159;3159;Vicolungo;Vicolungo;;Nord-ovest;Piemonte;Novara;1;0;0;NO;L847
1;01;003;003160;3160;Viganella;Viganella;;Nord-ovest;Piemonte;Novara;1;0;0;NO;L864
1;01;003;003161;3161;Vignone;Vignone;;Nord-ovest;Piemonte;Novara;1;0;0;NO;L889
1;01;003;003162;3162;Villadossola;Villadossola;;Nord-ovest;Piemonte;Novara;1;0;0;NO;L906
1;01;003;003163;3163;Villette;Villette;;Nord-ovest;Piemonte;Novara;1;0;0;NO;M042
1;01;003;003164;3164;Vinzaglio;Vinzaglio;;Nord-ovest;Piemonte;Novara;1;0;0;NO;M062
1;01;003;003165;3165;Vogogna;Vogogna;;Nord-ovest;Piemonte;Novara;1;0;0;NO;M111
1;01;004;004001;4001;Acceglio;Acceglio;;Nord-ovest;Piemonte;Cuneo;1;0;0;CN;A016
1;01;004;004002;4002;Aisone;Aisone;;Nord-ovest;Piemonte;Cuneo;1;0;0;CN;A113
1;01;004;004003;4003;Alba;Alba;;Nord-ovest;Piemonte;Cuneo;1;0;0;CN;A124
1;01;004;004004;4004;Albaretto della Torre;Albaretto della Torre;;Nord-ovest;Piemonte;Cuneo;1;0;0;CN;A139
1;01;004;004005;4005;Alto;Alto;;Nord-ovest;Piemonte;Cuneo;1;0;0;CN;A238
1;01;004;004006;4006;Argentera;Argentera;;Nord-ovest;Piemonte;Cuneo;1;0;0;CN;A394
1;01;004;004007;4007;Arguello;Arguello;;Nord-ovest;Piemonte;Cuneo;1;0;0;CN;A396
1;01;004;004008;4008;Bagnasco;Bagnasco;;Nord-ovest;Piemonte;Cuneo;1;0;0;CN;A555
1;01;004;004009;4009;Bagnolo Piemonte;Bagnolo Piemonte;;Nord-ovest;Piemonte;Cuneo;1;0;0;CN;A571
1;01;004;004010;4010;Baldissero d'Alba;Baldissero d'Alba;;Nord-ovest;Piemonte;Cuneo;1;0;0;CN;A589
1;01;004;004011;4011;Barbaresco;Barbaresco;;Nord-ovest;Piemonte;Cuneo;1;0;0;CN;A629
1;01;004;004012;4012;Barge;Barge;;Nord-ovest;Piemonte;Cuneo;1;0;0;CN;A660
1;01;004;004013;4013;Barolo;Barolo;;Nord-ovest;Piemonte;Cuneo;1;0;0;CN;A671
1;01;004;004014;4014;Bastia Mondovì;Bastia Mondovì;;Nord-ovest;Piemonte;Cuneo;1;0;0;CN;A709
1;01;004;004015;4015;Battifollo;Battifollo;;Nord-ovest;Piemonte;Cuneo;1;0;0;CN;A716
1;01;004;004016;4016;Beinette;Beinette;;Nord-ovest;Piemonte;Cuneo;1;0;0;CN;A735
1;01;004;004017;4017;Bellino;Bellino;;Nord-ovest;Piemonte;Cuneo;1;0;0;CN;A750
1;01;004;004018;4018;Belvedere Langhe;Belvedere Langhe;;Nord-ovest;Piemonte;Cuneo;1;0;0;CN;A774
1;01;004;004019;4019;Bene Vagienna;Bene Vagienna;;Nord-ovest;Piemonte;Cuneo;1;0;0;CN;A779
1;01;004;004020;4020;Benevello;Benevello;;Nord-ovest;Piemonte;Cuneo;1;0;0;CN;A782
1;01;004;004021;4021;Bergolo;Bergolo;;Nord-ovest;Piemonte;Cuneo;1;0;0;CN;A798
1;01;004;004022;4022;Bernezzo;Bernezzo;;Nord-ovest;Piemonte;Cuneo;1;0;0;CN;A805
1;01;004;004023;4023;Bonvicino;Bonvicino;;Nord-ovest;Piemonte;Cuneo;1;0;0;CN;A979
1;01;004;004024;4024;Borgomale;Borgomale;;Nord-ovest;Piemonte;Cuneo;1;0;0;CN;B018
1;01;004;004025;4025;Borgo San Dalmazzo;Borgo San Dalmazzo;;Nord-ovest;Piemonte;Cuneo;1;0;0;CN;B033
1;01;004;004026;4026;Bosia;Bosia;;Nord-ovest;Piemonte;Cuneo;1;0;0;CN;B079
1;01;004;004027;4027;Bossolasco;Bossolasco;;Nord-ovest;Piemonte;Cuneo;1;0;0;CN;B084
1;01;004;004028;4028;Boves;Boves;;Nord-ovest;Piemonte;Cuneo;1;0;0;CN;B101
1;01;004;004029;4029;Bra;Bra;;Nord-ovest;Piemonte;Cuneo;1;0;0;CN;B111
1;01;004;004030;4030;Briaglia;Briaglia;;Nord-ovest;Piemonte;Cuneo;1;0;0;CN;B167
1;01;004;004031;4031;Briga Alta;Briga Alta;;Nord-ovest;Piemonte;Cuneo;1;0;0;CN;B175
1;01;004;004032;4032;Brondello;Brondello;;Nord-ovest;Piemonte;Cuneo;1;0;0;CN;B200
1;01;004;004033;4033;Brossasco;Brossasco;;Nord-ovest;Piemonte;Cuneo;1;0;0;CN;B204
1;01;004;004034;4034;Busca;Busca;;Nord-ovest;Piemonte;Cuneo;1;0;0;CN;B285
1;01;004;004035;4035;Camerana;Camerana;;Nord-ovest;Piemonte;Cuneo;1;0;0;CN;B467
1;01;004;004036;4036;Camo;Camo;;Nord-ovest;Piemonte;Cuneo;1;0;0;CN;B489
1;01;004;004037;4037;Canale;Canale;;Nord-ovest;Piemonte;Cuneo;1;0;0;CN;B573
1;01;004;004038;4038;Canosio;Canosio;;Nord-ovest;Piemonte;Cuneo;1;0;0;CN;B621
1;01;004;004039;4039;Caprauna;Caprauna;;Nord-ovest;Piemonte;Cuneo;1;0;0;CN;B692
1;01;004;004040;4040;Caraglio;Caraglio;;Nord-ovest;Piemonte;Cuneo;1;0;0;CN;B719
1;01;004;004041;4041;Caramagna Piemonte;Caramagna Piemonte;;Nord-ovest;Piemonte;Cuneo;1;0;0;CN;B720
1;01;004;004042;4042;Cardè;Cardè;;Nord-ovest;Piemonte;Cuneo;1;0;0;CN;B755
1;01;004;004043;4043;Carrù;Carrù;;Nord-ovest;Piemonte;Cuneo;1;0;0;CN;B841
1;01;004;004044;4044;Cartignano;Cartignano;;Nord-ovest;Piemonte;Cuneo;1;0;0;CN;B845
1;01;004;004045;4045;Casalgrasso;Casalgrasso;;Nord-ovest;Piemonte;Cuneo;1;0;0;CN;B894
1;01;004;004046;4046;Castagnito;Castagnito;;Nord-ovest;Piemonte;Cuneo;1;0;0;CN;C046
1;01;004;004047;4047;Casteldelfino;Casteldelfino;;Nord-ovest;Piemonte;Cuneo;1;0;0;CN;C081
1;01;004;004048;4048;Castellar;Castellar;;Nord-ovest;Piemonte;Cuneo;1;0;0;CN;C140
1;01;004;004049;4049;Castelletto Stura;Castelletto Stura;;Nord-ovest;Piemonte;Cuneo;1;0;0;CN;C165
1;01;004;004050;4050;Castelletto Uzzone;Castelletto Uzzone;;Nord-ovest;Piemonte;Cuneo;1;0;0;CN;C167
1;01;004;004051;4051;Castellinaldo;Castellinaldo;;Nord-ovest;Piemonte;Cuneo;1;0;0;CN;C173
1;01;004;004052;4052;Castellino Tanaro;Castellino Tanaro;;Nord-ovest;Piemonte;Cuneo;1;0;0;CN;C176
1;01;004;004053;4053;Castelmagno;Castelmagno;;Nord-ovest;Piemonte;Cuneo;1;0;0;CN;C205
1;01;004;004054;4054;Castelnuovo di Ceva;Castelnuovo di Ceva;;Nord-ovest;Piemonte;Cuneo;1;0;0;CN;C214
1;01;004;004055;4055;Castiglione Falletto;Castiglione Falletto;;Nord-ovest;Piemonte;Cuneo;1;0;0;CN;C314
1;01;004;004056;4056;Castiglione Tinella;Castiglione Tinella;;Nord-ovest;Piemonte;Cuneo;1;0;0;CN;C317
1;01;004;004057;4057;Castino;Castino;;Nord-ovest;Piemonte;Cuneo;1;0;0;CN;C323
1;01;004;004058;4058;Cavallerleone;Cavallerleone;;Nord-ovest;Piemonte;Cuneo;1;0;0;CN;C375
1;01;004;004059;4059;Cavallermaggiore;Cavallermaggiore;;Nord-ovest;Piemonte;Cuneo;1;0;0;CN;C376
1;01;004;004060;4060;Celle di Macra;Celle di Macra;;Nord-ovest;Piemonte;Cuneo;1;0;0;CN;C441
1;01;004;004061;4061;Centallo;Centallo;;Nord-ovest;Piemonte;Cuneo;1;0;0;CN;C466
1;01;004;004062;4062;Ceresole Alba;Ceresole Alba;;Nord-ovest;Piemonte;Cuneo;1;0;0;CN;C504
1;01;004;004063;4063;Cerretto Langhe;Cerretto Langhe;;Nord-ovest;Piemonte;Cuneo;1;0;0;CN;C530
1;01;004;004064;4064;Cervasca;Cervasca;;Nord-ovest;Piemonte;Cuneo;1;0;0;CN;C547
1;01;004;004065;4065;Cervere;Cervere;;Nord-ovest;Piemonte;Cuneo;1;0;0;CN;C550
1;01;004;004066;4066;Ceva;Ceva;;Nord-ovest;Piemonte;Cuneo;1;0;0;CN;C589
1;01;004;004067;4067;Cherasco;Cherasco;;Nord-ovest;Piemonte;Cuneo;1;0;0;CN;C599
1;01;004;004068;4068;Chiusa di Pesio;Chiusa di Pesio;;Nord-ovest;Piemonte;Cuneo;1;0;0;CN;C653
1;01;004;004069;4069;Cigliè;Cigliè;;Nord-ovest;Piemonte;Cuneo;1;0;0;CN;C681
1;01;004;004070;4070;Cissone;Cissone;;Nord-ovest;Piemonte;Cuneo;1;0;0;CN;C738
1;01;004;004071;4071;Clavesana;Clavesana;;Nord-ovest;Piemonte;Cuneo;1;0;0;CN;C792
1;01;004;004072;4072;Corneliano d'Alba;Corneliano d'Alba;;Nord-ovest;Piemonte;Cuneo;1;0;0;CN;D022
1;01;004;004073;4073;Cortemilia;Cortemilia;;Nord-ovest;Piemonte;Cuneo;1;0;0;CN;D062
1;01;004;004074;4074;Cossano Belbo;Cossano Belbo;;Nord-ovest;Piemonte;Cuneo;1;0;0;CN;D093
1;01;004;004075;4075;Costigliole Saluzzo;Costigliole Saluzzo;;Nord-ovest;Piemonte;Cuneo;1;0;0;CN;D120
1;01;004;004076;4076;Cravanzana;Cravanzana;;Nord-ovest;Piemonte;Cuneo;1;0;0;CN;D133
1;01;004;004077;4077;Crissolo;Crissolo;;Nord-ovest;Piemonte;Cuneo;1;0;0;CN;D172
1;01;004;004078;4078;Cuneo;Cuneo;;Nord-ovest;Piemonte;Cuneo;1;0;1;CN;D205
1;01;004;004079;4079;Demonte;Demonte;;Nord-ovest;Piemonte;Cuneo;1;0;0;CN;D271
1;01;004;004080;4080;Diano d'Alba;Diano d'Alba;;Nord-ovest;Piemonte;Cuneo;1;0;0;CN;D291
1;01;004;004081;4081;Dogliani;Dogliani;;Nord-ovest;Piemonte;Cuneo;1;0;0;CN;D314
1;01;004;004082;4082;Dronero;Dronero;;Nord-ovest;Piemonte;Cuneo;1;0;0;CN;D372
1;01;004;004083;4083;Elva;Elva;;Nord-ovest;Piemonte;Cuneo;1;0;0;CN;D401
1;01;004;004084;4084;Entracque;Entracque;;Nord-ovest;Piemonte;Cuneo;1;0;0;CN;D410
1;01;004;004085;4085;Envie;Envie;;Nord-ovest;Piemonte;Cuneo;1;0;0;CN;D412
1;01;004;004086;4086;Farigliano;Farigliano;;Nord-ovest;Piemonte;Cuneo;1;0;0;CN;D499
1;01;004;004087;4087;Faule;Faule;;Nord-ovest;Piemonte;Cuneo;1;0;0;CN;D511
1;01;004;004088;4088;Feisoglio;Feisoglio;;Nord-ovest;Piemonte;Cuneo;1;0;0;CN;D523
1;01;004;004089;4089;Fossano;Fossano;;Nord-ovest;Piemonte;Cuneo;1;0;0;CN;D742
1;01;004;004090;4090;Frabosa Soprana;Frabosa Soprana;;Nord-ovest;Piemonte;Cuneo;1;0;0;CN;D751
1;01;004;004091;4091;Frabosa Sottana;Frabosa Sottana;;Nord-ovest;Piemonte;Cuneo;1;0;0;CN;D752
1;01;004;004092;4092;Frassino;Frassino;;Nord-ovest;Piemonte;Cuneo;1;0;0;CN;D782
1;01;004;004093;4093;Gaiola;Gaiola;;Nord-ovest;Piemonte;Cuneo;1;0;0;CN;D856
1;01;004;004094;4094;Gambasca;Gambasca;;Nord-ovest;Piemonte;Cuneo;1;0;0;CN;D894
1;01;004;004095;4095;Garessio;Garessio;;Nord-ovest;Piemonte;Cuneo;1;0;0;CN;D920
1;01;004;004096;4096;Genola;Genola;;Nord-ovest;Piemonte;Cuneo;1;0;0;CN;D967
1;01;004;004097;4097;Gorzegno;Gorzegno;;Nord-ovest;Piemonte;Cuneo;1;0;0;CN;E111
1;01;004;004098;4098;Gottasecca;Gottasecca;;Nord-ovest;Piemonte;Cuneo;1;0;0;CN;E115
1;01;004;004099;4099;Govone;Govone;;Nord-ovest;Piemonte;Cuneo;1;0;0;CN;E118
1;01;004;004100;4100;Grinzane Cavour;Grinzane Cavour;;Nord-ovest;Piemonte;Cuneo;1;0;0;CN;E182
1;01;004;004101;4101;Guarene;Guarene;;Nord-ovest;Piemonte;Cuneo;1;0;0;CN;E251
1;01;004;004102;4102;Igliano;Igliano;;Nord-ovest;Piemonte;Cuneo;1;0;0;CN;E282
1;01;004;004103;4103;Isasca;Isasca;;Nord-ovest;Piemonte;Cuneo;1;0;0;CN;E327
1;01;004;004104;4104;Lagnasco;Lagnasco;;Nord-ovest;Piemonte;Cuneo;1;0;0;CN;E406
1;01;004;004105;4105;La Morra;La Morra;;Nord-ovest;Piemonte;Cuneo;1;0;0;CN;E430
1;01;004;004106;4106;Lequio Berria;Lequio Berria;;Nord-ovest;Piemonte;Cuneo;1;0;0;CN;E540
1;01;004;004107;4107;Lequio Tanaro;Lequio Tanaro;;Nord-ovest;Piemonte;Cuneo;1;0;0;CN;E539
1;01;004;004108;4108;Lesegno;Lesegno;;Nord-ovest;Piemonte;Cuneo;1;0;0;CN;E546
1;01;004;004109;4109;Levice;Levice;;Nord-ovest;Piemonte;Cuneo;1;0;0;CN;E564
1;01;004;004110;4110;Limone Piemonte;Limone Piemonte;;Nord-ovest;Piemonte;Cuneo;1;0;0;CN;E597
1;01;004;004111;4111;Lisio;Lisio;;Nord-ovest;Piemonte;Cuneo;1;0;0;CN;E615
1;01;004;004112;4112;Macra;Macra;;Nord-ovest;Piemonte;Cuneo;1;0;0;CN;E789
1;01;004;004113;4113;Magliano Alfieri;Magliano Alfieri;;Nord-ovest;Piemonte;Cuneo;1;0;0;CN;E809
1;01;004;004114;4114;Magliano Alpi;Magliano Alpi;;Nord-ovest;Piemonte;Cuneo;1;0;0;CN;E808
1;01;004;004115;4115;Mango;Mango;;Nord-ovest;Piemonte;Cuneo;1;0;0;CN;E887
1;01;004;004116;4116;Manta;Manta;;Nord-ovest;Piemonte;Cuneo;1;0;0;CN;E894
1;01;004;004117;4117;Marene;Marene;;Nord-ovest;Piemonte;Cuneo;1;0;0;CN;E939
1;01;004;004118;4118;Margarita;Margarita;;Nord-ovest;Piemonte;Cuneo;1;0;0;CN;E945
1;01;004;004119;4119;Marmora;Marmora;;Nord-ovest;Piemonte;Cuneo;1;0;0;CN;E963
1;01;004;004120;4120;Marsaglia;Marsaglia;;Nord-ovest;Piemonte;Cuneo;1;0;0;CN;E973
1;01;004;004121;4121;Martiniana Po;Martiniana Po;;Nord-ovest;Piemonte;Cuneo;1;0;0;CN;E988
1;01;004;004122;4122;Melle;Melle;;Nord-ovest;Piemonte;Cuneo;1;0;0;CN;F114
1;01;004;004123;4123;Moiola;Moiola;;Nord-ovest;Piemonte;Cuneo;1;0;0;CN;F279
1;01;004;004124;4124;Mombarcaro;Mombarcaro;;Nord-ovest;Piemonte;Cuneo;1;0;0;CN;F309
1;01;004;004125;4125;Mombasiglio;Mombasiglio;;Nord-ovest;Piemonte;Cuneo;1;0;0;CN;F312
1;01;004;004126;4126;Monastero di Vasco;Monastero di Vasco;;Nord-ovest;Piemonte;Cuneo;1;0;0;CN;F326
1;01;004;004127;4127;Monasterolo Casotto;Monasterolo Casotto;;Nord-ovest;Piemonte;Cuneo;1;0;0;CN;F329
1;01;004;004128;4128;Monasterolo di Savigliano;Monasterolo di Savigliano;;Nord-ovest;Piemonte;Cuneo;1;0;0;CN;F330
1;01;004;004129;4129;Monchiero;Monchiero;;Nord-ovest;Piemonte;Cuneo;1;0;0;CN;F338
1;01;004;004130;4130;Mondovì;Mondovì;;Nord-ovest;Piemonte;Cuneo;1;0;0;CN;F351
1;01;004;004131;4131;Monesiglio;Monesiglio;;Nord-ovest;Piemonte;Cuneo;1;0;0;CN;F355
1;01;004;004132;4132;Monforte d'Alba;Monforte d'Alba;;Nord-ovest;Piemonte;Cuneo;1;0;0;CN;F358
1;01;004;004133;4133;Montà;Montà;;Nord-ovest;Piemonte;Cuneo;1;0;0;CN;F385
1;01;004;004134;4134;Montaldo di Mondovì;Montaldo di Mondovì;;Nord-ovest;Piemonte;Cuneo;1;0;0;CN;F405
1;01;004;004135;4135;Montaldo Roero;Montaldo Roero;;Nord-ovest;Piemonte;Cuneo;1;0;0;CN;F408
1;01;004;004136;4136;Montanera;Montanera;;Nord-ovest;Piemonte;Cuneo;1;0;0;CN;F424
1;01;004;004137;4137;Montelupo Albese;Montelupo Albese;;Nord-ovest;Piemonte;Cuneo;1;0;0;CN;F550
1;01;004;004138;4138;Montemale di Cuneo;Montemale di Cuneo;;Nord-ovest;Piemonte;Cuneo;1;0;0;CN;F558
1;01;004;004139;4139;Monterosso Grana;Monterosso Grana;;Nord-ovest;Piemonte;Cuneo;1;0;0;CN;F608
1;01;004;004140;4140;Monteu Roero;Monteu Roero;;Nord-ovest;Piemonte;Cuneo;1;0;0;CN;F654
1;01;004;004141;4141;Montezemolo;Montezemolo;;Nord-ovest;Piemonte;Cuneo;1;0;0;CN;F666
1;01;004;004142;4142;Monticello d'Alba;Monticello d'Alba;;Nord-ovest;Piemonte;Cuneo;1;0;0;CN;F669
1;01;004;004143;4143;Moretta;Moretta;;Nord-ovest;Piemonte;Cuneo;1;0;0;CN;F723
1;01;004;004144;4144;Morozzo;Morozzo;;Nord-ovest;Piemonte;Cuneo;1;0;0;CN;F743
1;01;004;004145;4145;Murazzano;Murazzano;;Nord-ovest;Piemonte;Cuneo;1;0;0;CN;F809
1;01;004;004146;4146;Murello;Murello;;Nord-ovest;Piemonte;Cuneo;1;0;0;CN;F811
1;01;004;004147;4147;Narzole;Narzole;;Nord-ovest;Piemonte;Cuneo;1;0;0;CN;F846
1;01;004;004148;4148;Neive;Neive;;Nord-ovest;Piemonte;Cuneo;1;0;0;CN;F863
1;01;004;004149;4149;Neviglie;Neviglie;;Nord-ovest;Piemonte;Cuneo;1;0;0;CN;F883
1;01;004;004150;4150;Niella Belbo;Niella Belbo;;Nord-ovest;Piemonte;Cuneo;1;0;0;CN;F894
1;01;004;004151;4151;Niella Tanaro;Niella Tanaro;;Nord-ovest;Piemonte;Cuneo;1;0;0;CN;F895
1;01;004;004152;4152;Novello;Novello;;Nord-ovest;Piemonte;Cuneo;1;0;0;CN;F961
1;01;004;004153;4153;Nucetto;Nucetto;;Nord-ovest;Piemonte;Cuneo;1;0;0;CN;F972
1;01;004;004154;4154;Oncino;Oncino;;Nord-ovest;Piemonte;Cuneo;1;0;0;CN;G066
1;01;004;004155;4155;Ormea;Ormea;;Nord-ovest;Piemonte;Cuneo;1;0;0;CN;G114
1;01;004;004156;4156;Ostana;Ostana;;Nord-ovest;Piemonte;Cuneo;1;0;0;CN;G183
1;01;004;004157;4157;Paesana;Paesana;;Nord-ovest;Piemonte;Cuneo;1;0;0;CN;G228
1;01;004;004158;4158;Pagno;Pagno;;Nord-ovest;Piemonte;Cuneo;1;0;0;CN;G240
1;01;004;004159;4159;Pamparato;Pamparato;;Nord-ovest;Piemonte;Cuneo;1;0;0;CN;G302
1;01;004;004160;4160;Paroldo;Paroldo;;Nord-ovest;Piemonte;Cuneo;1;0;0;CN;G339
1;01;004;004161;4161;Perletto;Perletto;;Nord-ovest;Piemonte;Cuneo;1;0;0;CN;G457
1;01;004;004162;4162;Perlo;Perlo;;Nord-ovest;Piemonte;Cuneo;1;0;0;CN;G458
1;01;004;004163;4163;Peveragno;Peveragno;;Nord-ovest;Piemonte;Cuneo;1;0;0;CN;G526
1;01;004;004164;4164;Pezzolo Valle Uzzone;Pezzolo Valle Uzzone;;Nord-ovest;Piemonte;Cuneo;1;0;0;CN;G532
1;01;004;004165;4165;Pianfei;Pianfei;;Nord-ovest;Piemonte;Cuneo;1;0;0;CN;G561
1;01;004;004166;4166;Piasco;Piasco;;Nord-ovest;Piemonte;Cuneo;1;0;0;CN;G575
1;01;004;004167;4167;Pietraporzio;Pietraporzio;;Nord-ovest;Piemonte;Cuneo;1;0;0;CN;G625
1;01;004;004168;4168;Piobesi d'Alba;Piobesi d'Alba;;Nord-ovest;Piemonte;Cuneo;1;0;0;CN;G683
1;01;004;004169;4169;Piozzo;Piozzo;;Nord-ovest;Piemonte;Cuneo;1;0;0;CN;G697
1;01;004;004170;4170;Pocapaglia;Pocapaglia;;Nord-ovest;Piemonte;Cuneo;1;0;0;CN;G742
1;01;004;004171;4171;Polonghera;Polonghera;;Nord-ovest;Piemonte;Cuneo;1;0;0;CN;G800
1;01;004;004172;4172;Pontechianale;Pontechianale;;Nord-ovest;Piemonte;Cuneo;1;0;0;CN;G837
1;01;004;004173;4173;Pradleves;Pradleves;;Nord-ovest;Piemonte;Cuneo;1;0;0;CN;G970
1;01;004;004174;4174;Prazzo;Prazzo;;Nord-ovest;Piemonte;Cuneo;1;0;0;CN;H011
1;01;004;004175;4175;Priero;Priero;;Nord-ovest;Piemonte;Cuneo;1;0;0;CN;H059
1;01;004;004176;4176;Priocca;Priocca;;Nord-ovest;Piemonte;Cuneo;1;0;0;CN;H068
1;01;004;004177;4177;Priola;Priola;;Nord-ovest;Piemonte;Cuneo;1;0;0;CN;H069
1;01;004;004178;4178;Prunetto;Prunetto;;Nord-ovest;Piemonte;Cuneo;1;0;0;CN;H085
1;01;004;004179;4179;Racconigi;Racconigi;;Nord-ovest;Piemonte;Cuneo;1;0;0;CN;H150
1;01;004;004180;4180;Revello;Revello;;Nord-ovest;Piemonte;Cuneo;1;0;0;CN;H247
1;01;004;004181;4181;Rifreddo;Rifreddo;;Nord-ovest;Piemonte;Cuneo;1;0;0;CN;H285
1;01;004;004182;4182;Rittana;Rittana;;Nord-ovest;Piemonte;Cuneo;1;0;0;CN;H326
1;01;004;004183;4183;Roaschia;Roaschia;;Nord-ovest;Piemonte;Cuneo;1;0;0;CN;H362
1;01;004;004184;4184;Roascio;Roascio;;Nord-ovest;Piemonte;Cuneo;1;0;0;CN;H363
1;01;004;004185;4185;Robilante;Robilante;;Nord-ovest;Piemonte;Cuneo;1;0;0;CN;H377
1;01;004;004186;4186;Roburent;Roburent;;Nord-ovest;Piemonte;Cuneo;1;0;0;CN;H378
1;01;004;004187;4187;Roccabruna;Roccabruna;;Nord-ovest;Piemonte;Cuneo;1;0;0;CN;H385
1;01;004;004188;4188;Rocca Cigliè;Rocca Cigliè;;Nord-ovest;Piemonte;Cuneo;1;0;0;CN;H391
1;01;004;004189;4189;Rocca de' Baldi;Rocca de' Baldi;;Nord-ovest;Piemonte;Cuneo;1;0;0;CN;H395
1;01;004;004190;4190;Roccaforte Mondovì;Roccaforte Mondovì;;Nord-ovest;Piemonte;Cuneo;1;0;0;CN;H407
1;01;004;004191;4191;Roccasparvera;Roccasparvera;;Nord-ovest;Piemonte;Cuneo;1;0;0;CN;H447
1;01;004;004192;4192;Roccavione;Roccavione;;Nord-ovest;Piemonte;Cuneo;1;0;0;CN;H453
1;01;004;004193;4193;Rocchetta Belbo;Rocchetta Belbo;;Nord-ovest;Piemonte;Cuneo;1;0;0;CN;H462
1;01;004;004194;4194;Roddi;Roddi;;Nord-ovest;Piemonte;Cuneo;1;0;0;CN;H472
1;01;004;004195;4195;Roddino;Roddino;;Nord-ovest;Piemonte;Cuneo;1;0;0;CN;H473
1;01;004;004196;4196;Rodello;Rodello;;Nord-ovest;Piemonte;Cuneo;1;0;0;CN;H474
1;01;004;004197;4197;Rossana;Rossana;;Nord-ovest;Piemonte;Cuneo;1;0;0;CN;H578
1;01;004;004198;4198;Ruffia;Ruffia;;Nord-ovest;Piemonte;Cuneo;1;0;0;CN;H633
1;01;004;004199;4199;Sale delle Langhe;Sale delle Langhe;;Nord-ovest;Piemonte;Cuneo;1;0;0;CN;H695
1;01;004;004200;4200;Sale San Giovanni;Sale San Giovanni;;Nord-ovest;Piemonte;Cuneo;1;0;0;CN;H704
1;01;004;004201;4201;Saliceto;Saliceto;;Nord-ovest;Piemonte;Cuneo;1;0;0;CN;H710
1;01;004;004202;4202;Salmour;Salmour;;Nord-ovest;Piemonte;Cuneo;1;0;0;CN;H716
1;01;004;004203;4203;Saluzzo;Saluzzo;;Nord-ovest;Piemonte;Cuneo;1;0;0;CN;H727
1;01;004;004204;4204;Sambuco;Sambuco;;Nord-ovest;Piemonte;Cuneo;1;0;0;CN;H746
1;01;004;004205;4205;Sampeyre;Sampeyre;;Nord-ovest;Piemonte;Cuneo;1;0;0;CN;H755
1;01;004;004206;4206;San Benedetto Belbo;San Benedetto Belbo;;Nord-ovest;Piemonte;Cuneo;1;0;0;CN;H770
1;01;004;004207;4207;San Damiano Macra;San Damiano Macra;;Nord-ovest;Piemonte;Cuneo;1;0;0;CN;H812
1;01;004;004208;4208;Sanfrè;Sanfrè;;Nord-ovest;Piemonte;Cuneo;1;0;0;CN;H851
1;01;004;004209;4209;Sanfront;Sanfront;;Nord-ovest;Piemonte;Cuneo;1;0;0;CN;H852
1;01;004;004210;4210;San Michele Mondovì;San Michele Mondovì;;Nord-ovest;Piemonte;Cuneo;1;0;0;CN;I037
1;01;004;004211;4211;Sant'Albano Stura;Sant'Albano Stura;;Nord-ovest;Piemonte;Cuneo;1;0;0;CN;I210
1;01;004;004212;4212;Santa Vittoria d'Alba;Santa Vittoria d'Alba;;Nord-ovest;Piemonte;Cuneo;1;0;0;CN;I316
1;01;004;004213;4213;Santo Stefano Belbo;Santo Stefano Belbo;;Nord-ovest;Piemonte;Cuneo;1;0;0;CN;I367
1;01;004;004214;4214;Santo Stefano Roero;Santo Stefano Roero;;Nord-ovest;Piemonte;Cuneo;1;0;0;CN;I372
1;01;004;004215;4215;Savigliano;Savigliano;;Nord-ovest;Piemonte;Cuneo;1;0;0;CN;I470
1;01;004;004216;4216;Scagnello;Scagnello;;Nord-ovest;Piemonte;Cuneo;1;0;0;CN;I484
1;01;004;004217;4217;Scarnafigi;Scarnafigi;;Nord-ovest;Piemonte;Cuneo;1;0;0;CN;I512
1;01;004;004218;4218;Serralunga d'Alba;Serralunga d'Alba;;Nord-ovest;Piemonte;Cuneo;1;0;0;CN;I646
1;01;004;004219;4219;Serravalle Langhe;Serravalle Langhe;;Nord-ovest;Piemonte;Cuneo;1;0;0;CN;I659
1;01;004;004220;4220;Sinio;Sinio;;Nord-ovest;Piemonte;Cuneo;1;0;0;CN;I750
1;01;004;004221;4221;Somano;Somano;;Nord-ovest;Piemonte;Cuneo;1;0;0;CN;I817
1;01;004;004222;4222;Sommariva del Bosco;Sommariva del Bosco;;Nord-ovest;Piemonte;Cuneo;1;0;0;CN;I822
1;01;004;004223;4223;Sommariva Perno;Sommariva Perno;;Nord-ovest;Piemonte;Cuneo;1;0;0;CN;I823
1;01;004;004224;4224;Stroppo;Stroppo;;Nord-ovest;Piemonte;Cuneo;1;0;0;CN;I985
1;01;004;004225;4225;Tarantasca;Tarantasca;;Nord-ovest;Piemonte;Cuneo;1;0;0;CN;L048
1;01;004;004226;4226;Torre Bormida;Torre Bormida;;Nord-ovest;Piemonte;Cuneo;1;0;0;CN;L252
1;01;004;004227;4227;Torre Mondovì;Torre Mondovì;;Nord-ovest;Piemonte;Cuneo;1;0;0;CN;L241
1;01;004;004228;4228;Torre San Giorgio;Torre San Giorgio;;Nord-ovest;Piemonte;Cuneo;1;0;0;CN;L278
1;01;004;004229;4229;Torresina;Torresina;;Nord-ovest;Piemonte;Cuneo;1;0;0;CN;L281
1;01;004;004230;4230;Treiso;Treiso;;Nord-ovest;Piemonte;Cuneo;1;0;0;CN;L367
1;01;004;004231;4231;Trezzo Tinella;Trezzo Tinella;;Nord-ovest;Piemonte;Cuneo;1;0;0;CN;L410
1;01;004;004232;4232;Trinità;Trinità;;Nord-ovest;Piemonte;Cuneo;1;0;0;CN;L427
1;01;004;004233;4233;Valdieri;Valdieri;;Nord-ovest;Piemonte;Cuneo;1;0;0;CN;L558
1;01;004;004234;4234;Valgrana;Valgrana;;Nord-ovest;Piemonte;Cuneo;1;0;0;CN;L580
1;01;004;004235;4235;Valloriate;Valloriate;;Nord-ovest;Piemonte;Cuneo;1;0;0;CN;L631
1;01;004;004236;4236;Valmala;Valmala;;Nord-ovest;Piemonte;Cuneo;1;0;0;CN;L636
1;01;004;004237;4237;Venasca;Venasca;;Nord-ovest;Piemonte;Cuneo;1;0;0;CN;L729
1;01;004;004238;4238;Verduno;Verduno;;Nord-ovest;Piemonte;Cuneo;1;0;0;CN;L758
1;01;004;004239;4239;Vernante;Vernante;;Nord-ovest;Piemonte;Cuneo;1;0;0;CN;L771
1;01;004;004240;4240;Verzuolo;Verzuolo;;Nord-ovest;Piemonte;Cuneo;1;0;0;CN;L804
1;01;004;004241;4241;Vezza d'Alba;Vezza d'Alba;;Nord-ovest;Piemonte;Cuneo;1;0;0;CN;L817
1;01;004;004242;4242;Vicoforte;Vicoforte;;Nord-ovest;Piemonte;Cuneo;1;0;0;CN;L841
1;01;004;004243;4243;Vignolo;Vignolo;;Nord-ovest;Piemonte;Cuneo;1;0;0;CN;L888
1;01;004;004244;4244;Villafalletto;Villafalletto;;Nord-ovest;Piemonte;Cuneo;1;0;0;CN;L942
1;01;004;004245;4245;Villanova Mondovì;Villanova Mondovì;;Nord-ovest;Piemonte;Cuneo;1;0;0;CN;L974
1;01;004;004246;4246;Villanova Solaro;Villanova Solaro;;Nord-ovest;Piemonte;Cuneo;1;0;0;CN;L990
1;01;004;004247;4247;Villar San Costanzo;Villar San Costanzo;;Nord-ovest;Piemonte;Cuneo;1;0;0;CN;M015
1;01;004;004248;4248;Vinadio;Vinadio;;Nord-ovest;Piemonte;Cuneo;1;0;0;CN;M055
1;01;004;004249;4249;Viola;Viola;;Nord-ovest;Piemonte;Cuneo;1;0;0;CN;M063
1;01;004;004250;4250;Vottignasco;Vottignasco;;Nord-ovest;Piemonte;Cuneo;1;0;0;CN;M136
1;01;005;005001;5001;Agliano;Agliano;;Nord-ovest;Piemonte;Asti;1;0;0;AT;A072
1;01;005;005002;5002;Albugnano;Albugnano;;Nord-ovest;Piemonte;Asti;1;0;0;AT;A173
1;01;005;005003;5003;Antignano;Antignano;;Nord-ovest;Piemonte;Asti;1;0;0;AT;A312
1;01;005;005004;5004;Aramengo;Aramengo;;Nord-ovest;Piemonte;Asti;1;0;0;AT;A352
1;01;005;005005;5005;Asti;Asti;;Nord-ovest;Piemonte;Asti;1;0;1;AT;A479
1;01;005;005006;5006;Azzano d'Asti;Azzano d'Asti;;Nord-ovest;Piemonte;Asti;1;0;0;AT;A527
1;01;005;005007;5007;Baldichieri d'Asti;Baldichieri d'Asti;;Nord-ovest;Piemonte;Asti;1;0;0;AT;A588
1;01;005;005008;5008;Belveglio;Belveglio;;Nord-ovest;Piemonte;Asti;1;0;0;AT;A770
1;01;005;005009;5009;Berzano di San Pietro;Berzano di San Pietro;;Nord-ovest;Piemonte;Asti;1;0;0;AT;A812
1;01;005;005010;5010;Bruno;Bruno;;Nord-ovest;Piemonte;Asti;1;0;0;AT;B221
1;01;005;005011;5011;Bubbio;Bubbio;;Nord-ovest;Piemonte;Asti;1;0;0;AT;B236
1;01;005;005012;5012;Buttigliera d'Asti;Buttigliera d'Asti;;Nord-ovest;Piemonte;Asti;1;0;0;AT;B306
1;01;005;005013;5013;Calamandrana;Calamandrana;;Nord-ovest;Piemonte;Asti;1;0;0;AT;B376
1;01;005;005014;5014;Calliano;Calliano;;Nord-ovest;Piemonte;Asti;1;0;0;AT;B418
1;01;005;005015;5015;Calosso;Calosso;;Nord-ovest;Piemonte;Asti;1;0;0;AT;B425
1;01;005;005016;5016;Camerano Casasco;Camerano Casasco;;Nord-ovest;Piemonte;Asti;1;0;0;AT;B469
1;01;005;005017;5017;Canelli;Canelli;;Nord-ovest;Piemonte;Asti;1;0;0;AT;B594
1;01;005;005018;5018;Cantarana;Cantarana;;Nord-ovest;Piemonte;Asti;1;0;0;AT;B633
1;01;005;005019;5019;Capriglio;Capriglio;;Nord-ovest;Piemonte;Asti;1;0;0;AT;B707
1;01;005;005020;5020;Casorzo;Casorzo;;Nord-ovest;Piemonte;Asti;1;0;0;AT;B991
1;01;005;005021;5021;Cassinasco;Cassinasco;;Nord-ovest;Piemonte;Asti;1;0;0;AT;C022
1;01;005;005022;5022;Castagnole delle Lanze;Castagnole delle Lanze;;Nord-ovest;Piemonte;Asti;1;0;0;AT;C049
1;01;005;005023;5023;Castagnole Monferrato;Castagnole Monferrato;;Nord-ovest;Piemonte;Asti;1;0;0;AT;C047
1;01;005;005024;5024;Castel Boglione;Castel Boglione;;Nord-ovest;Piemonte;Asti;1;0;0;AT;C064
1;01;005;005025;5025;Castell'Alfero;Castell'Alfero;;Nord-ovest;Piemonte;Asti;1;0;0;AT;C127
1;01;005;005026;5026;Castellero;Castellero;;Nord-ovest;Piemonte;Asti;1;0;0;AT;C154
1;01;005;005027;5027;Castelletto Molina;Castelletto Molina;;Nord-ovest;Piemonte;Asti;1;0;0;AT;C161
1;01;005;005028;5028;Castello di Annone;Castello di Annone;;Nord-ovest;Piemonte;Asti;1;0;0;AT;A300
1;01;005;005029;5029;Castelnuovo Belbo;Castelnuovo Belbo;;Nord-ovest;Piemonte;Asti;1;0;0;AT;C226
1;01;005;005030;5030;Castelnuovo Calcea;Castelnuovo Calcea;;Nord-ovest;Piemonte;Asti;1;0;0;AT;C230
1;01;005;005031;5031;Castelnuovo Don Bosco;Castelnuovo Don Bosco;;Nord-ovest;Piemonte;Asti;1;0;0;AT;C232
1;01;005;005032;5032;Castel Rocchero;Castel Rocchero;;Nord-ovest;Piemonte;Asti;1;0;0;AT;C253
1;01;005;005033;5033;Cellarengo;Cellarengo;;Nord-ovest;Piemonte;Asti;1;0;0;AT;C438
1;01;005;005034;5034;Celle Enomondo;Celle Enomondo;;Nord-ovest;Piemonte;Asti;1;0;0;AT;C440
1;01;005;005035;5035;Cerreto d'Asti;Cerreto d'Asti;;Nord-ovest;Piemonte;Asti;1;0;0;AT;C528
1;01;005;005036;5036;Cerro Tanaro;Cerro Tanaro;;Nord-ovest;Piemonte;Asti;1;0;0;AT;C533
1;01;005;005037;5037;Cessole;Cessole;;Nord-ovest;Piemonte;Asti;1;0;0;AT;C583
1;01;005;005038;5038;Chiusano d'Asti;Chiusano d'Asti;;Nord-ovest;Piemonte;Asti;1;0;0;AT;C658
1;01;005;005039;5039;Cinaglio;Cinaglio;;Nord-ovest;Piemonte;Asti;1;0;0;AT;C701
1;01;005;005040;5040;Cisterna d'Asti;Cisterna d'Asti;;Nord-ovest;Piemonte;Asti;1;0;0;AT;C739
1;01;005;005041;5041;Coazzolo;Coazzolo;;Nord-ovest;Piemonte;Asti;1;0;0;AT;C804
1;01;005;005042;5042;Cocconato;Cocconato;;Nord-ovest;Piemonte;Asti;1;0;0;AT;C807
1;01;005;005043;5043;Colcavagno;Colcavagno;;Nord-ovest;Piemonte;Asti;1;0;0;AT;C831
1;01;005;005044;5044;Corsione;Corsione;;Nord-ovest;Piemonte;Asti;1;0;0;AT;D046
1;01;005;005045;5045;Cortandone;Cortandone;;Nord-ovest;Piemonte;Asti;1;0;0;AT;D050
1;01;005;005046;5046;Cortanze;Cortanze;;Nord-ovest;Piemonte;Asti;1;0;0;AT;D051
1;01;005;005047;5047;Cortazzone;Cortazzone;;Nord-ovest;Piemonte;Asti;1;0;0;AT;D052
1;01;005;005048;5048;Cortiglione;Cortiglione;;Nord-ovest;Piemonte;Asti;1;0;0;AT;D072
1;01;005;005049;5049;Cossombrato;Cossombrato;;Nord-ovest;Piemonte;Asti;1;0;0;AT;D101
1;01;005;005050;5050;Costigliole d'Asti;Costigliole d'Asti;;Nord-ovest;Piemonte;Asti;1;0;0;AT;D119
1;01;005;005051;5051;Cunico;Cunico;;Nord-ovest;Piemonte;Asti;1;0;0;AT;D207
1;01;005;005052;5052;Dusino San Michele;Dusino San Michele;;Nord-ovest;Piemonte;Asti;1;0;0;AT;D388
1;01;005;005053;5053;Ferrere;Ferrere;;Nord-ovest;Piemonte;Asti;1;0;0;AT;D554
1;01;005;005054;5054;Fontanile;Fontanile;;Nord-ovest;Piemonte;Asti;1;0;0;AT;D678
1;01;005;005055;5055;Frinco;Frinco;;Nord-ovest;Piemonte;Asti;1;0;0;AT;D802
1;01;005;005056;5056;Grana;Grana;;Nord-ovest;Piemonte;Asti;1;0;0;AT;E134
1;01;005;005057;5057;Grazzano Badoglio;Grazzano Badoglio;;Nord-ovest;Piemonte;Asti;1;0;0;AT;E159
1;01;005;005058;5058;Incisa Scapaccino;Incisa Scapaccino;;Nord-ovest;Piemonte;Asti;1;0;0;AT;E295
1;01;005;005059;5059;Isola d'Asti;Isola d'Asti;;Nord-ovest;Piemonte;Asti;1;0;0;AT;E338
1;01;005;005060;5060;Loazzolo;Loazzolo;;Nord-ovest;Piemonte;Asti;1;0;0;AT;E633
1;01;005;005061;5061;Maranzana;Maranzana;;Nord-ovest;Piemonte;Asti;1;0;0;AT;E917
1;01;005;005062;5062;Maretto;Maretto;;Nord-ovest;Piemonte;Asti;1;0;0;AT;E944
1;01;005;005063;5063;Moasca;Moasca;;Nord-ovest;Piemonte;Asti;1;0;0;AT;F254
1;01;005;005064;5064;Mombaldone;Mombaldone;;Nord-ovest;Piemonte;Asti;1;0;0;AT;F308
1;01;005;005065;5065;Mombaruzzo;Mombaruzzo;;Nord-ovest;Piemonte;Asti;1;0;0;AT;F311
1;01;005;005066;5066;Mombercelli;Mombercelli;;Nord-ovest;Piemonte;Asti;1;0;0;AT;F316
1;01;005;005067;5067;Monale;Monale;;Nord-ovest;Piemonte;Asti;1;0;0;AT;F323
1;01;005;005068;5068;Monastero Bormida;Monastero Bormida;;Nord-ovest;Piemonte;Asti;1;0;0;AT;F325
1;01;005;005069;5069;Moncalvo;Moncalvo;;Nord-ovest;Piemonte;Asti;1;0;0;AT;F336
1;01;005;005070;5070;Moncucco Torinese;Moncucco Torinese;;Nord-ovest;Piemonte;Asti;1;0;0;AT;F343
1;01;005;005071;5071;Mongardino;Mongardino;;Nord-ovest;Piemonte;Asti;1;0;0;AT;F361
1;01;005;005072;5072;Montabone;Montabone;;Nord-ovest;Piemonte;Asti;1;0;0;AT;F386
1;01;005;005073;5073;Montafia;Montafia;;Nord-ovest;Piemonte;Asti;1;0;0;AT;F390
1;01;005;005074;5074;Montaldo Scarampi;Montaldo Scarampi;;Nord-ovest;Piemonte;Asti;1;0;0;AT;F409
1;01;005;005075;5075;Montechiaro d'Asti;Montechiaro d'Asti;;Nord-ovest;Piemonte;Asti;1;0;0;AT;F468
1;01;005;005076;5076;Montegrosso d'Asti;Montegrosso d'Asti;;Nord-ovest;Piemonte;Asti;1;0;0;AT;F527
1;01;005;005077;5077;Montemagno;Montemagno;;Nord-ovest;Piemonte;Asti;1;0;0;AT;F556
1;01;005;005078;5078;Montiglio;Montiglio;;Nord-ovest;Piemonte;Asti;1;0;0;AT;F678
1;01;005;005079;5079;Moransengo;Moransengo;;Nord-ovest;Piemonte;Asti;1;0;0;AT;F709
1;01;005;005080;5080;Nizza Monferrato;Nizza Monferrato;;Nord-ovest;Piemonte;Asti;1;0;0;AT;F902
1;01;005;005081;5081;Olmo Gentile;Olmo Gentile;;Nord-ovest;Piemonte;Asti;1;0;0;AT;G048
1;01;005;005082;5082;Passerano Marmorito;Passerano Marmorito;;Nord-ovest;Piemonte;Asti;1;0;0;AT;G358
1;01;005;005083;5083;Penango;Penango;;Nord-ovest;Piemonte;Asti;1;0;0;AT;G430
1;01;005;005084;5084;Piea;Piea;;Nord-ovest;Piemonte;Asti;1;0;0;AT;G593
1;01;005;005085;5085;Pino d'Asti;Pino d'Asti;;Nord-ovest;Piemonte;Asti;1;0;0;AT;G676
1;01;005;005086;5086;Piovà Massaia;Piovà Massaia;;Nord-ovest;Piemonte;Asti;1;0;0;AT;G692
1;01;005;005087;5087;Portacomaro;Portacomaro;;Nord-ovest;Piemonte;Asti;1;0;0;AT;G894
1;01;005;005088;5088;Quaranti;Quaranti;;Nord-ovest;Piemonte;Asti;1;0;0;AT;H102
1;01;005;005089;5089;Refrancore;Refrancore;;Nord-ovest;Piemonte;Asti;1;0;0;AT;H219
1;01;005;005090;5090;Revigliasco d'Asti;Revigliasco d'Asti;;Nord-ovest;Piemonte;Asti;1;0;0;AT;H250
1;01;005;005091;5091;Roatto;Roatto;;Nord-ovest;Piemonte;Asti;1;0;0;AT;H366
1;01;005;005092;5092;Robella;Robella;;Nord-ovest;Piemonte;Asti;1;0;0;AT;H376
1;01;005;005093;5093;Rocca d'Arazzo;Rocca d'Arazzo;;Nord-ovest;Piemonte;Asti;1;0;0;AT;H392
1;01;005;005094;5094;Roccaverano;Roccaverano;;Nord-ovest;Piemonte;Asti;1;0;0;AT;H451
1;01;005;005095;5095;Rocchetta Palafea;Rocchetta Palafea;;Nord-ovest;Piemonte;Asti;1;0;0;AT;H466
1;01;005;005096;5096;Rocchetta Tanaro;Rocchetta Tanaro;;Nord-ovest;Piemonte;Asti;1;0;0;AT;H468
1;01;005;005097;5097;San Damiano d'Asti;San Damiano d'Asti;;Nord-ovest;Piemonte;Asti;1;0;0;AT;H811
1;01;005;005098;5098;San Giorgio Scarampi;San Giorgio Scarampi;;Nord-ovest;Piemonte;Asti;1;0;0;AT;H899
1;01;005;005099;5099;San Martino Alfieri;San Martino Alfieri;;Nord-ovest;Piemonte;Asti;1;0;0;AT;H987
1;01;005;005100;5100;San Marzano Oliveto;San Marzano Oliveto;;Nord-ovest;Piemonte;Asti;1;0;0;AT;I017
1;01;005;005101;5101;San Paolo Solbrito;San Paolo Solbrito;;Nord-ovest;Piemonte;Asti;1;0;0;AT;I076
1;01;005;005102;5102;Scandeluzza;Scandeluzza;;Nord-ovest;Piemonte;Asti;1;0;0;AT;I495
1;01;005;005103;5103;Scurzolengo;Scurzolengo;;Nord-ovest;Piemonte;Asti;1;0;0;AT;I555
1;01;005;005104;5104;Serole;Serole;;Nord-ovest;Piemonte;Asti;1;0;0;AT;I637
1;01;005;005105;5105;Sessame;Sessame;;Nord-ovest;Piemonte;Asti;1;0;0;AT;I678
1;01;005;005106;5106;Settime;Settime;;Nord-ovest;Piemonte;Asti;1;0;0;AT;I698
1;01;005;005107;5107;Soglio;Soglio;;Nord-ovest;Piemonte;Asti;1;0;0;AT;I781
1;01;005;005108;5108;Tigliole;Tigliole;;Nord-ovest;Piemonte;Asti;1;0;0;AT;L168
1;01;005;005109;5109;Tonco;Tonco;;Nord-ovest;Piemonte;Asti;1;0;0;AT;L203
1;01;005;005110;5110;Tonengo;Tonengo;;Nord-ovest;Piemonte;Asti;1;0;0;AT;L204
1;01;005;005111;5111;Vaglio Serra;Vaglio Serra;;Nord-ovest;Piemonte;Asti;1;0;0;AT;L531
1;01;005;005112;5112;Valfenera;Valfenera;;Nord-ovest;Piemonte;Asti;1;0;0;AT;L574
1;01;005;005113;5113;Vesime;Vesime;;Nord-ovest;Piemonte;Asti;1;0;0;AT;L807
1;01;005;005114;5114;Viale;Viale;;Nord-ovest;Piemonte;Asti;1;0;0;AT;L829
1;01;005;005115;5115;Viarigi;Viarigi;;Nord-ovest;Piemonte;Asti;1;0;0;AT;L834
1;01;005;005116;5116;Vigliano d'Asti;Vigliano d'Asti;;Nord-ovest;Piemonte;Asti;1;0;0;AT;L879
1;01;005;005117;5117;Villafranca d'Asti;Villafranca d'Asti;;Nord-ovest;Piemonte;Asti;1;0;0;AT;L945
1;01;005;005118;5118;Villanova d'Asti;Villanova d'Asti;;Nord-ovest;Piemonte;Asti;1;0;0;AT;L984
1;01;005;005119;5119;Villa San Secondo;Villa San Secondo;;Nord-ovest;Piemonte;Asti;1;0;0;AT;M019
1;01;005;005120;5120;Vinchio;Vinchio;;Nord-ovest;Piemonte;Asti;1;0;0;AT;M058
1;01;006;006001;6001;Acqui Terme;Acqui Terme;;Nord-ovest;Piemonte;Alessandria;1;0;0;AL;A052
1;01;006;006002;6002;Albera Ligure;Albera Ligure;;Nord-ovest;Piemonte;Alessandria;1;0;0;AL;A146
1;01;006;006003;6003;Alessandria;Alessandria;;Nord-ovest;Piemonte;Alessandria;1;0;1;AL;A182
1;01;006;006004;6004;Alfiano Natta;Alfiano Natta;;Nord-ovest;Piemonte;Alessandria;1;0;0;AL;A189
1;01;006;006005;6005;Alice Bel Colle;Alice Bel Colle;;Nord-ovest;Piemonte;Alessandria;1;0;0;AL;A197
1;01;006;006006;6006;Alluvioni Cambiò;Alluvioni Cambiò;;Nord-ovest;Piemonte;Alessandria;1;0;0;AL;A211
1;01;006;006007;6007;Altavilla Monferrato;Altavilla Monferrato;;Nord-ovest;Piemonte;Alessandria;1;0;0;AL;A227
1;01;006;006008;6008;Alzano Scrivia;Alzano Scrivia;;Nord-ovest;Piemonte;Alessandria;1;0;0;AL;A245
1;01;006;006009;6009;Arquata Scrivia;Arquata Scrivia;;Nord-ovest;Piemonte;Alessandria;1;0;0;AL;A436
1;01;006;006010;6010;Avolasca;Avolasca;;Nord-ovest;Piemonte;Alessandria;1;0;0;AL;A523
1;01;006;006011;6011;Balzola;Balzola;;Nord-ovest;Piemonte;Alessandria;1;0;0;AL;A605
1;01;006;006012;6012;Basaluzzo;Basaluzzo;;Nord-ovest;Piemonte;Alessandria;1;0;0;AL;A689
1;01;006;006013;6013;Bassignana;Bassignana;;Nord-ovest;Piemonte;Alessandria;1;0;0;AL;A708
1;01;006;006014;6014;Belforte Monferrato;Belforte Monferrato;;Nord-ovest;Piemonte;Alessandria;1;0;0;AL;A738
1;01;006;006015;6015;Bergamasco;Bergamasco;;Nord-ovest;Piemonte;Alessandria;1;0;0;AL;A793
1;01;006;006016;6016;Berzano di Tortona;Berzano di Tortona;;Nord-ovest;Piemonte;Alessandria;1;0;0;AL;A813
1;01;006;006017;6017;Bistagno;Bistagno;;Nord-ovest;Piemonte;Alessandria;1;0;0;AL;A889
1;01;006;006018;6018;Borghetto di Borbera;Borghetto di Borbera;;Nord-ovest;Piemonte;Alessandria;1;0;0;AL;A998
1;01;006;006019;6019;Borgoratto Alessandrino;Borgoratto Alessandrino;;Nord-ovest;Piemonte;Alessandria;1;0;0;AL;B029
1;01;006;006020;6020;Borgo San Martino;Borgo San Martino;;Nord-ovest;Piemonte;Alessandria;1;0;0;AL;B037
1;01;006;006021;6021;Bosco Marengo;Bosco Marengo;;Nord-ovest;Piemonte;Alessandria;1;0;0;AL;B071
1;01;006;006022;6022;Bosio;Bosio;;Nord-ovest;Piemonte;Alessandria;1;0;0;AL;B080
1;01;006;006023;6023;Bozzole;Bozzole;;Nord-ovest;Piemonte;Alessandria;1;0;0;AL;B109
1;01;006;006024;6024;Brignano-Frascata;Brignano-Frascata;;Nord-ovest;Piemonte;Alessandria;1;0;0;AL;B179
1;01;006;006025;6025;Cabella Ligure;Cabella Ligure;;Nord-ovest;Piemonte;Alessandria;1;0;0;AL;B311
1;01;006;006026;6026;Camagna Monferrato;Camagna Monferrato;;Nord-ovest;Piemonte;Alessandria;1;0;0;AL;B453
1;01;006;006027;6027;Camino;Camino;;Nord-ovest;Piemonte;Alessandria;1;0;0;AL;B482
1;01;006;006028;6028;Cantalupo Ligure;Cantalupo Ligure;;Nord-ovest;Piemonte;Alessandria;1;0;0;AL;B629
1;01;006;006029;6029;Capriata d'Orba;Capriata d'Orba;;Nord-ovest;Piemonte;Alessandria;1;0;0;AL;B701
1;01;006;006030;6030;Carbonara Scrivia;Carbonara Scrivia;;Nord-ovest;Piemonte;Alessandria;1;0;0;AL;B736
1;01;006;006031;6031;Carentino;Carentino;;Nord-ovest;Piemonte;Alessandria;1;0;0;AL;B765
1;01;006;006032;6032;Carezzano;Carezzano;;Nord-ovest;Piemonte;Alessandria;1;0;0;AL;B769
1;01;006;006033;6033;Carpeneto;Carpeneto;;Nord-ovest;Piemonte;Alessandria;1;0;0;AL;B818
1;01;006;006034;6034;Carrega Ligure;Carrega Ligure;;Nord-ovest;Piemonte;Alessandria;1;0;0;AL;B836
1;01;006;006035;6035;Carrosio;Carrosio;;Nord-ovest;Piemonte;Alessandria;1;0;0;AL;B840
1;01;006;006036;6036;Cartosio;Cartosio;;Nord-ovest;Piemonte;Alessandria;1;0;0;AL;B847
1;01;006;006037;6037;Casal Cermelli;Casal Cermelli;;Nord-ovest;Piemonte;Alessandria;1;0;0;AL;B870
1;01;006;006038;6038;Casaleggio Boiro;Casaleggio Boiro;;Nord-ovest;Piemonte;Alessandria;1;0;0;AL;B882
1;01;006;006039;6039;Casale Monferrato;Casale Monferrato;;Nord-ovest;Piemonte;Alessandria;1;0;0;AL;B885
1;01;006;006040;6040;Casalnoceto;Casalnoceto;;Nord-ovest;Piemonte;Alessandria;1;0;0;AL;B902
1;01;006;006041;6041;Casasco;Casasco;;Nord-ovest;Piemonte;Alessandria;1;0;0;AL;B941
1;01;006;006042;6042;Cassano Spinola;Cassano Spinola;;Nord-ovest;Piemonte;Alessandria;1;0;0;AL;C005
1;01;006;006043;6043;Cassine;Cassine;;Nord-ovest;Piemonte;Alessandria;1;0;0;AL;C027
1;01;006;006044;6044;Cassinelle;Cassinelle;;Nord-ovest;Piemonte;Alessandria;1;0;0;AL;C030
1;01;006;006045;6045;Castellania;Castellania;;Nord-ovest;Piemonte;Alessandria;1;0;0;AL;C137
1;01;006;006046;6046;Castellar Guidobono;Castellar Guidobono;;Nord-ovest;Piemonte;Alessandria;1;0;0;AL;C142
1;01;006;006047;6047;Castellazzo Bormida;Castellazzo Bormida;;Nord-ovest;Piemonte;Alessandria;1;0;0;AL;C148
1;01;006;006048;6048;Castelletto d'Erro;Castelletto d'Erro;;Nord-ovest;Piemonte;Alessandria;1;0;0;AL;C156
1;01;006;006049;6049;Castelletto d'Orba;Castelletto d'Orba;;Nord-ovest;Piemonte;Alessandria;1;0;0;AL;C158
1;01;006;006050;6050;Castelletto Merli;Castelletto Merli;;Nord-ovest;Piemonte;Alessandria;1;0;0;AL;C160
1;01;006;006051;6051;Castelletto Monferrato;Castelletto Monferrato;;Nord-ovest;Piemonte;Alessandria;1;0;0;AL;C162
1;01;006;006052;6052;Castelnuovo Bormida;Castelnuovo Bormida;;Nord-ovest;Piemonte;Alessandria;1;0;0;AL;C229
1;01;006;006053;6053;Castelnuovo Scrivia;Castelnuovo Scrivia;;Nord-ovest;Piemonte;Alessandria;1;0;0;AL;C243
1;01;006;006054;6054;Castelspina;Castelspina;;Nord-ovest;Piemonte;Alessandria;1;0;0;AL;C274
1;01;006;006055;6055;Cavatore;Cavatore;;Nord-ovest;Piemonte;Alessandria;1;0;0;AL;C387
1;01;006;006056;6056;Cella Monte;Cella Monte;;Nord-ovest;Piemonte;Alessandria;1;0;0;AL;C432
1;01;006;006057;6057;Cereseto;Cereseto;;Nord-ovest;Piemonte;Alessandria;1;0;0;AL;C503
1;01;006;006058;6058;Cerreto Grue;Cerreto Grue;;Nord-ovest;Piemonte;Alessandria;1;0;0;AL;C507
1;01;006;006059;6059;Cerrina Monferrato;Cerrina Monferrato;;Nord-ovest;Piemonte;Alessandria;1;0;0;AL;C531
1;01;006;006060;6060;Coniolo;Coniolo;;Nord-ovest;Piemonte;Alessandria;1;0;0;AL;C962
1;01;006;006061;6061;Conzano;Conzano;;Nord-ovest;Piemonte;Alessandria;1;0;0;AL;C977
1;01;006;006062;6062;Costa Vescovato;Costa Vescovato;;Nord-ovest;Piemonte;Alessandria;1;0;0;AL;D102
1;01;006;006063;6063;Cremolino;Cremolino;;Nord-ovest;Piemonte;Alessandria;1;0;0;AL;D149
1;01;006;006064;6064;Cuccaro Monferrato;Cuccaro Monferrato;;Nord-ovest;Piemonte;Alessandria;1;0;0;AL;D194
1;01;006;006065;6065;Denice;Denice;;Nord-ovest;Piemonte;Alessandria;1;0;0;AL;D272
1;01;006;006066;6066;Dernice;Dernice;;Nord-ovest;Piemonte;Alessandria;1;0;0;AL;D277
1;01;006;006067;6067;Fabbrica Curone;Fabbrica Curone;;Nord-ovest;Piemonte;Alessandria;1;0;0;AL;D447
1;01;006;006068;6068;Felizzano;Felizzano;;Nord-ovest;Piemonte;Alessandria;1;0;0;AL;D528
1;01;006;006069;6069;Fraconalto;Fraconalto;;Nord-ovest;Piemonte;Alessandria;1;0;0;AL;D559
1;01;006;006070;6070;Francavilla Bisio;Francavilla Bisio;;Nord-ovest;Piemonte;Alessandria;1;0;0;AL;D759
1;01;006;006071;6071;Frascaro;Frascaro;;Nord-ovest;Piemonte;Alessandria;1;0;0;AL;D770
1;01;006;006072;6072;Frassinello Monferrato;Frassinello Monferrato;;Nord-ovest;Piemonte;Alessandria;1;0;0;AL;D777
1;01;006;006073;6073;Frassineto Po;Frassineto Po;;Nord-ovest;Piemonte;Alessandria;1;0;0;AL;D780
1;01;006;006074;6074;Fresonara;Fresonara;;Nord-ovest;Piemonte;Alessandria;1;0;0;AL;D797
1;01;006;006075;6075;Frugarolo;Frugarolo;;Nord-ovest;Piemonte;Alessandria;1;0;0;AL;D813
1;01;006;006076;6076;Fubine;Fubine;;Nord-ovest;Piemonte;Alessandria;1;0;0;AL;D814
1;01;006;006077;6077;Gabiano;Gabiano;;Nord-ovest;Piemonte;Alessandria;1;0;0;AL;D835
1;01;006;006078;6078;Gamalero;Gamalero;;Nord-ovest;Piemonte;Alessandria;1;0;0;AL;D890
1;01;006;006079;6079;Garbagna;Garbagna;;Nord-ovest;Piemonte;Alessandria;1;0;0;AL;D910
1;01;006;006080;6080;Gavazzana;Gavazzana;;Nord-ovest;Piemonte;Alessandria;1;0;0;AL;D941
1;01;006;006081;6081;Gavi;Gavi;;Nord-ovest;Piemonte;Alessandria;1;0;0;AL;D944
1;01;006;006082;6082;Giarole;Giarole;;Nord-ovest;Piemonte;Alessandria;1;0;0;AL;E015
1;01;006;006083;6083;Gremiasco;Gremiasco;;Nord-ovest;Piemonte;Alessandria;1;0;0;AL;E164
1;01;006;006084;6084;Grognardo;Grognardo;;Nord-ovest;Piemonte;Alessandria;1;0;0;AL;E188
1;01;006;006085;6085;Grondona;Grondona;;Nord-ovest;Piemonte;Alessandria;1;0;0;AL;E191
1;01;006;006086;6086;Guazzora;Guazzora;;Nord-ovest;Piemonte;Alessandria;1;0;0;AL;E255
1;01;006;006087;6087;Isola Sant'Antonio;Isola Sant'Antonio;;Nord-ovest;Piemonte;Alessandria;1;0;0;AL;E360
1;01;006;006088;6088;Lerma;Lerma;;Nord-ovest;Piemonte;Alessandria;1;0;0;AL;E543
1;01;006;006089;6089;Lu;Lu;;Nord-ovest;Piemonte;Alessandria;1;0;0;AL;E712
1;01;006;006090;6090;Malvicino;Malvicino;;Nord-ovest;Piemonte;Alessandria;1;0;0;AL;E870
1;01;006;006091;6091;Masio;Masio;;Nord-ovest;Piemonte;Alessandria;1;0;0;AL;F015
1;01;006;006092;6092;Melazzo;Melazzo;;Nord-ovest;Piemonte;Alessandria;1;0;0;AL;F096
1;01;006;006093;6093;Merana;Merana;;Nord-ovest;Piemonte;Alessandria;1;0;0;AL;F131
1;01;006;006094;6094;Mirabello Monferrato;Mirabello Monferrato;;Nord-ovest;Piemonte;Alessandria;1;0;0;AL;F232
1;01;006;006095;6095;Molare;Molare;;Nord-ovest;Piemonte;Alessandria;1;0;0;AL;F281
1;01;006;006096;6096;Molino dei Torti;Molino dei Torti;;Nord-ovest;Piemonte;Alessandria;1;0;0;AL;F293
1;01;006;006097;6097;Mombello Monferrato;Mombello Monferrato;;Nord-ovest;Piemonte;Alessandria;1;0;0;AL;F313
1;01;006;006098;6098;Momperone;Momperone;;Nord-ovest;Piemonte;Alessandria;1;0;0;AL;F320
1;01;006;006099;6099;Moncestino;Moncestino;;Nord-ovest;Piemonte;Alessandria;1;0;0;AL;F337
1;01;006;006100;6100;Mongiardino Ligure;Mongiardino Ligure;;Nord-ovest;Piemonte;Alessandria;1;0;0;AL;F365
1;01;006;006101;6101;Monleale;Monleale;;Nord-ovest;Piemonte;Alessandria;1;0;0;AL;F374
1;01;006;006102;6102;Montacuto;Montacuto;;Nord-ovest;Piemonte;Alessandria;1;0;0;AL;F387
1;01;006;006103;6103;Montaldeo;Montaldeo;;Nord-ovest;Piemonte;Alessandria;1;0;0;AL;F403
1;01;006;006104;6104;Montaldo Bormida;Montaldo Bormida;;Nord-ovest;Piemonte;Alessandria;1;0;0;AL;F404
1;01;006;006105;6105;Montecastello;Montecastello;;Nord-ovest;Piemonte;Alessandria;1;0;0;AL;F455
1;01;006;006106;6106;Montechiaro d'Acqui;Montechiaro d'Acqui;;Nord-ovest;Piemonte;Alessandria;1;0;0;AL;F469
1;01;006;006107;6107;Montegioco;Montegioco;;Nord-ovest;Piemonte;Alessandria;1;0;0;AL;F518
1;01;006;006108;6108;Montemarzino;Montemarzino;;Nord-ovest;Piemonte;Alessandria;1;0;0;AL;F562
1;01;006;006109;6109;Morano sul Po;Morano sul Po;;Nord-ovest;Piemonte;Alessandria;1;0;0;AL;F707
1;01;006;006110;6110;Morbello;Morbello;;Nord-ovest;Piemonte;Alessandria;1;0;0;AL;F713
1;01;006;006111;6111;Mornese;Mornese;;Nord-ovest;Piemonte;Alessandria;1;0;0;AL;F737
1;01;006;006112;6112;Morsasco;Morsasco;;Nord-ovest;Piemonte;Alessandria;1;0;0;AL;F751
1;01;006;006113;6113;Murisengo;Murisengo;;Nord-ovest;Piemonte;Alessandria;1;0;0;AL;F814
1;01;006;006114;6114;Novi Ligure;Novi Ligure;;Nord-ovest;Piemonte;Alessandria;1;0;0;AL;F965
1;01;006;006115;6115;Occimiano;Occimiano;;Nord-ovest;Piemonte;Alessandria;1;0;0;AL;F995
1;01;006;006116;6116;Odalengo Grande;Odalengo Grande;;Nord-ovest;Piemonte;Alessandria;1;0;0;AL;F997
1;01;006;006117;6117;Odalengo Piccolo;Odalengo Piccolo;;Nord-ovest;Piemonte;Alessandria;1;0;0;AL;F998
1;01;006;006118;6118;Olivola;Olivola;;Nord-ovest;Piemonte;Alessandria;1;0;0;AL;G042
1;01;006;006119;6119;Orsara Bormida;Orsara Bormida;;Nord-ovest;Piemonte;Alessandria;1;0;0;AL;G124
1;01;006;006120;6120;Ottiglio;Ottiglio;;Nord-ovest;Piemonte;Alessandria;1;0;0;AL;G193
1;01;006;006121;6121;Ovada;Ovada;;Nord-ovest;Piemonte;Alessandria;1;0;0;AL;G197
1;01;006;006122;6122;Oviglio;Oviglio;;Nord-ovest;Piemonte;Alessandria;1;0;0;AL;G199
1;01;006;006123;6123;Ozzano Monferrato;Ozzano Monferrato;;Nord-ovest;Piemonte;Alessandria;1;0;0;AL;G204
1;01;006;006124;6124;Paderna;Paderna;;Nord-ovest;Piemonte;Alessandria;1;0;0;AL;G215
1;01;006;006125;6125;Pareto;Pareto;;Nord-ovest;Piemonte;Alessandria;1;0;0;AL;G334
1;01;006;006126;6126;Parodi Ligure;Parodi Ligure;;Nord-ovest;Piemonte;Alessandria;1;0;0;AL;G338
1;01;006;006127;6127;Pasturana;Pasturana;;Nord-ovest;Piemonte;Alessandria;1;0;0;AL;G367
1;01;006;006128;6128;Pecetto di Valenza;Pecetto di Valenza;;Nord-ovest;Piemonte;Alessandria;1;0;0;AL;G397
1;01;006;006129;6129;Pietra Marazzi;Pietra Marazzi;;Nord-ovest;Piemonte;Alessandria;1;0;0;AL;G619
1;01;006;006130;6130;Piovera;Piovera;;Nord-ovest;Piemonte;Alessandria;1;0;0;AL;G695
1;01;006;006131;6131;Pomaro Monferrato;Pomaro Monferrato;;Nord-ovest;Piemonte;Alessandria;1;0;0;AL;G807
1;01;006;006132;6132;Pontecurone;Pontecurone;;Nord-ovest;Piemonte;Alessandria;1;0;0;AL;G839
1;01;006;006133;6133;Pontestura;Pontestura;;Nord-ovest;Piemonte;Alessandria;1;0;0;AL;G858
1;01;006;006134;6134;Ponti;Ponti;;Nord-ovest;Piemonte;Alessandria;1;0;0;AL;G861
1;01;006;006135;6135;Ponzano Monferrato;Ponzano Monferrato;;Nord-ovest;Piemonte;Alessandria;1;0;0;AL;G872
1;01;006;006136;6136;Ponzone;Ponzone;;Nord-ovest;Piemonte;Alessandria;1;0;0;AL;G877
1;01;006;006137;6137;Pozzol Groppo;Pozzol Groppo;;Nord-ovest;Piemonte;Alessandria;1;0;0;AL;G960
1;01;006;006138;6138;Pozzolo Formigaro;Pozzolo Formigaro;;Nord-ovest;Piemonte;Alessandria;1;0;0;AL;G961
1;01;006;006139;6139;Prasco;Prasco;;Nord-ovest;Piemonte;Alessandria;1;0;0;AL;G987
1;01;006;006140;6140;Predosa;Predosa;;Nord-ovest;Piemonte;Alessandria;1;0;0;AL;H021
1;01;006;006141;6141;Quargnento;Quargnento;;Nord-ovest;Piemonte;Alessandria;1;0;0;AL;H104
1;01;006;006142;6142;Quattordio;Quattordio;;Nord-ovest;Piemonte;Alessandria;1;0;0;AL;H121
1;01;006;006143;6143;Ricaldone;Ricaldone;;Nord-ovest;Piemonte;Alessandria;1;0;0;AL;H272
1;01;006;006144;6144;Rivalta Bormida;Rivalta Bormida;;Nord-ovest;Piemonte;Alessandria;1;0;0;AL;H334
1;01;006;006145;6145;Rivarone;Rivarone;;Nord-ovest;Piemonte;Alessandria;1;0;0;AL;H343
1;01;006;006146;6146;Roccaforte Ligure;Roccaforte Ligure;;Nord-ovest;Piemonte;Alessandria;1;0;0;AL;H406
1;01;006;006147;6147;Rocca Grimalda;Rocca Grimalda;;Nord-ovest;Piemonte;Alessandria;1;0;0;AL;H414
1;01;006;006148;6148;Rocchetta Ligure;Rocchetta Ligure;;Nord-ovest;Piemonte;Alessandria;1;0;0;AL;H465
1;01;006;006149;6149;Rosignano Monferrato;Rosignano Monferrato;;Nord-ovest;Piemonte;Alessandria;1;0;0;AL;H569
1;01;006;006150;6150;Sala Monferrato;Sala Monferrato;;Nord-ovest;Piemonte;Alessandria;1;0;0;AL;H677
1;01;006;006151;6151;Sale;Sale;;Nord-ovest;Piemonte;Alessandria;1;0;0;AL;H694
1;01;006;006152;6152;San Cristoforo;San Cristoforo;;Nord-ovest;Piemonte;Alessandria;1;0;0;AL;H810
1;01;006;006153;6153;San Giorgio Monferrato;San Giorgio Monferrato;;Nord-ovest;Piemonte;Alessandria;1;0;0;AL;H878
1;01;006;006154;6154;San Salvatore Monferrato;San Salvatore Monferrato;;Nord-ovest;Piemonte;Alessandria;1;0;0;AL;I144
1;01;006;006155;6155;San Sebastiano Curone;San Sebastiano Curone;;Nord-ovest;Piemonte;Alessandria;1;0;0;AL;I150
1;01;006;006156;6156;Sant'Agata Fossili;Sant'Agata Fossili;;Nord-ovest;Piemonte;Alessandria;1;0;0;AL;I190
1;01;006;006157;6157;Sardigliano;Sardigliano;;Nord-ovest;Piemonte;Alessandria;1;0;0;AL;I429
1;01;006;006158;6158;Sarezzano;Sarezzano;;Nord-ovest;Piemonte;Alessandria;1;0;0;AL;I432
1;01;006;006159;6159;Serralunga di Crea;Serralunga di Crea;;Nord-ovest;Piemonte;Alessandria;1;0;0;AL;I645
1;01;006;006160;6160;Serravalle Scrivia;Serravalle Scrivia;;Nord-ovest;Piemonte;Alessandria;1;0;0;AL;I657
1;01;006;006161;6161;Sezzadio;Sezzadio;;Nord-ovest;Piemonte;Alessandria;1;0;0;AL;I711
1;01;006;006162;6162;Silvano d'Orba;Silvano d'Orba;;Nord-ovest;Piemonte;Alessandria;1;0;0;AL;I738
1;01;006;006163;6163;Solero;Solero;;Nord-ovest;Piemonte;Alessandria;1;0;0;AL;I798
1;01;006;006164;6164;Solonghello;Solonghello;;Nord-ovest;Piemonte;Alessandria;1;0;0;AL;I808
1;01;006;006165;6165;Spigno Monferrato;Spigno Monferrato;;Nord-ovest;Piemonte;Alessandria;1;0;0;AL;I901
1;01;006;006166;6166;Spineto Scrivia;Spineto Scrivia;;Nord-ovest;Piemonte;Alessandria;1;0;0;AL;I911
1;01;006;006167;6167;Stazzano;Stazzano;;Nord-ovest;Piemonte;Alessandria;1;0;0;AL;I941
1;01;006;006168;6168;Strevi;Strevi;;Nord-ovest;Piemonte;Alessandria;1;0;0;AL;I977
1;01;006;006169;6169;Tagliolo Monferrato;Tagliolo Monferrato;;Nord-ovest;Piemonte;Alessandria;1;0;0;AL;L027
1;01;006;006170;6170;Tassarolo;Tassarolo;;Nord-ovest;Piemonte;Alessandria;1;0;0;AL;L059
1;01;006;006171;6171;Terruggia;Terruggia;;Nord-ovest;Piemonte;Alessandria;1;0;0;AL;L139
1;01;006;006172;6172;Terzo;Terzo;;Nord-ovest;Piemonte;Alessandria;1;0;0;AL;L143
1;01;006;006173;6173;Ticineto;Ticineto;;Nord-ovest;Piemonte;Alessandria;1;0;0;AL;L165
1;01;006;006174;6174;Tortona;Tortona;;Nord-ovest;Piemonte;Alessandria;1;0;0;AL;L304
1;01;006;006175;6175;Treville;Treville;;Nord-ovest;Piemonte;Alessandria;1;0;0;AL;L403
1;01;006;006176;6176;Trisobbio;Trisobbio;;Nord-ovest;Piemonte;Alessandria;1;0;0;AL;L432
1;01;006;006177;6177;Valenza;Valenza;;Nord-ovest;Piemonte;Alessandria;1;0;0;AL;L570
1;01;006;006178;6178;Valmacca;Valmacca;;Nord-ovest;Piemonte;Alessandria;1;0;0;AL;L633
1;01;006;006179;6179;Vignale Monferrato;Vignale Monferrato;;Nord-ovest;Piemonte;Alessandria;1;0;0;AL;L881
1;01;006;006180;6180;Vignole Borbera;Vignole Borbera;;Nord-ovest;Piemonte;Alessandria;1;0;0;AL;L887
1;01;006;006181;6181;Viguzzolo;Viguzzolo;;Nord-ovest;Piemonte;Alessandria;1;0;0;AL;L904
1;01;006;006182;6182;Villadeati;Villadeati;;Nord-ovest;Piemonte;Alessandria;1;0;0;AL;L931
1;01;006;006183;6183;Villalvernia;Villalvernia;;Nord-ovest;Piemonte;Alessandria;1;0;0;AL;L963
1;01;006;006184;6184;Villamiroglio;Villamiroglio;;Nord-ovest;Piemonte;Alessandria;1;0;0;AL;L970
1;01;006;006185;6185;Villanova Monferrato;Villanova Monferrato;;Nord-ovest;Piemonte;Alessandria;1;0;0;AL;L972
1;01;006;006186;6186;Villaromagnano;Villaromagnano;;Nord-ovest;Piemonte;Alessandria;1;0;0;AL;M009
1;01;006;006187;6187;Visone;Visone;;Nord-ovest;Piemonte;Alessandria;1;0;0;AL;M077
1;01;006;006188;6188;Volpedo;Volpedo;;Nord-ovest;Piemonte;Alessandria;1;0;0;AL;M120
1;01;006;006189;6189;Volpeglino;Volpeglino;;Nord-ovest;Piemonte;Alessandria;1;0;0;AL;M121
1;01;006;006190;6190;Voltaggio;Voltaggio;;Nord-ovest;Piemonte;Alessandria;1;0;0;AL;M123
1;02;007;007001;7001;Allain;Allain;;Nord-ovest;Valle d'Aosta;Valle d'Aosta;1;0;0;AO;A205
1;02;007;007002;7002;Antey Saint André;Antey Saint André;;Nord-ovest;Valle d'Aosta;Valle d'Aosta;1;0;0;AO;A305
1;02;007;007003;7003;Aosta;Aosta;;Nord-ovest;Valle d'Aosta;Valle d'Aosta;1;1;1;AO;A326
1;02;007;007004;7004;Arnaz;Arnaz;;Nord-ovest;Valle d'Aosta;Valle d'Aosta;1;0;0;AO;A424
1;02;007;007005;7005;Arvier;Arvier;;Nord-ovest;Valle d'Aosta;Valle d'Aosta;1;0;0;AO;A452
1;02;007;007006;7006;Avise;Avise;;Nord-ovest;Valle d'Aosta;Valle d'Aosta;1;0;0;AO;A521
1;02;007;007007;7007;Ayas;Ayas;;Nord-ovest;Valle d'Aosta;Valle d'Aosta;1;0;0;AO;A094
1;02;007;007008;7008;Aymaville;Aymaville;;Nord-ovest;Valle d'Aosta;Valle d'Aosta;1;0;0;AO;A108
1;02;007;007009;7009;Bard;Bard;;Nord-ovest;Valle d'Aosta;Valle d'Aosta;1;0;0;AO;A643
1;02;007;007010;7010;Bionaz;Bionaz;;Nord-ovest;Valle d'Aosta;Valle d'Aosta;1;0;0;AO;A877
1;02;007;007011;7011;Brissogne;Brissogne;;Nord-ovest;Valle d'Aosta;Valle d'Aosta;1;0;0;AO;B192
1;02;007;007012;7012;Brusson;Brusson;;Nord-ovest;Valle d'Aosta;Valle d'Aosta;1;0;0;AO;B230
1;02;007;007013;7013;Challant Saint Anselme;Challant Saint Anselme;;Nord-ovest;Valle d'Aosta;Valle d'Aosta;1;0;0;AO;C593
1;02;007;007014;7014;Challant Saint Victor;Challant Saint Victor;;Nord-ovest;Valle d'Aosta;Valle d'Aosta;1;0;0;AO;C594
1;02;007;007015;7015;Chambave;Chambave;;Nord-ovest;Valle d'Aosta;Valle d'Aosta;1;0;0;AO;C595
1;02;007;007016;7016;Chamois;Chamois;;Nord-ovest;Valle d'Aosta;Valle d'Aosta;1;0;0;AO;B491
1;02;007;007017;7017;Champdepraz;Champdepraz;;Nord-ovest;Valle d'Aosta;Valle d'Aosta;1;0;0;AO;C596
1;02;007;007018;7018;Champorcher;Champorcher;;Nord-ovest;Valle d'Aosta;Valle d'Aosta;1;0;0;AO;B540
1;02;007;007019;7019;Charvensod;Charvensod;;Nord-ovest;Valle d'Aosta;Valle d'Aosta;1;0;0;AO;C598
1;02;007;007020;7020;Châtillon;Châtillon;;Nord-ovest;Valle d'Aosta;Valle d'Aosta;1;0;0;AO;C294
1;02;007;007021;7021;Cogne;Cogne;;Nord-ovest;Valle d'Aosta;Valle d'Aosta;1;0;0;AO;C821
1;02;007;007022;7022;Courmayeur;Courmayeur;;Nord-ovest;Valle d'Aosta;Valle d'Aosta;1;0;0;AO;D012
1;02;007;007023;7023;Donnaz;Donnaz;;Nord-ovest;Valle d'Aosta;Valle d'Aosta;1;0;0;AO;D338
1;02;007;007024;7024;Doues;Doues;;Nord-ovest;Valle d'Aosta;Valle d'Aosta;1;0;0;AO;D356
1;02;007;007025;7025;Emarese;Emarese;;Nord-ovest;Valle d'Aosta;Valle d'Aosta;1;0;0;AO;D402
1;02;007;007026;7026;Etroubles;Etroubles;;Nord-ovest;Valle d'Aosta;Valle d'Aosta;1;0;0;AO;D444
1;02;007;007027;7027;Fenis;Fenis;;Nord-ovest;Valle d'Aosta;Valle d'Aosta;1;0;0;AO;D537
1;02;007;007028;7028;Fontainemore;Fontainemore;;Nord-ovest;Valle d'Aosta;Valle d'Aosta;1;0;0;AO;D666
1;02;007;007029;7029;Gaby;Gaby;;Nord-ovest;Valle d'Aosta;Valle d'Aosta;1;0;0;AO;D839
1;02;007;007030;7030;Gignod;Gignod;;Nord-ovest;Valle d'Aosta;Valle d'Aosta;1;0;0;AO;E029
1;02;007;007031;7031;Gressan;Gressan;;Nord-ovest;Valle d'Aosta;Valle d'Aosta;1;0;0;AO;E165
1;02;007;007032;7032;Gressoney la Trinité;Gressoney la Trinité;;Nord-ovest;Valle d'Aosta;Valle d'Aosta;1;0;0;AO;E167
1;02;007;007033;7033;Gressoney Saint Jean;Gressoney Saint Jean;;Nord-ovest;Valle d'Aosta;Valle d'Aosta;1;0;0;AO;E168
1;02;007;007034;7034;Hône;Hône;;Nord-ovest;Valle d'Aosta;Valle d'Aosta;1;0;0;AO;E273
1;02;007;007035;7035;Introd;Introd;;Nord-ovest;Valle d'Aosta;Valle d'Aosta;1;0;0;AO;E306
1;02;007;007036;7036;Issime;Issime;;Nord-ovest;Valle d'Aosta;Valle d'Aosta;1;0;0;AO;E369
1;02;007;007037;7037;Issogne;Issogne;;Nord-ovest;Valle d'Aosta;Valle d'Aosta;1;0;0;AO;E371
1;02;007;007038;7038;Jovençan;Jovençan;;Nord-ovest;Valle d'Aosta;Valle d'Aosta;1;0;0;AO;E391
1;02;007;007039;7039;La Magdeleine;La Magdeleine;;Nord-ovest;Valle d'Aosta;Valle d'Aosta;1;0;0;AO;A308
1;02;007;007040;7040;La Salle;La Salle;;Nord-ovest;Valle d'Aosta;Valle d'Aosta;1;0;0;AO;E458
1;02;007;007041;7041;La Thuile;La Thuile;;Nord-ovest;Valle d'Aosta;Valle d'Aosta;1;0;0;AO;E470
1;02;007;007042;7042;Lillianes;Lillianes;;Nord-ovest;Valle d'Aosta;Valle d'Aosta;1;0;0;AO;E587
1;02;007;007043;7043;Montjovet;Montjovet;;Nord-ovest;Valle d'Aosta;Valle d'Aosta;1;0;0;AO;F367
1;02;007;007044;7044;Morgex;Morgex;;Nord-ovest;Valle d'Aosta;Valle d'Aosta;1;0;0;AO;F726
1;02;007;007045;7045;Nus;Nus;;Nord-ovest;Valle d'Aosta;Valle d'Aosta;1;0;0;AO;F987
1;02;007;007046;7046;Ollomont;Ollomont;;Nord-ovest;Valle d'Aosta;Valle d'Aosta;1;0;0;AO;G045
1;02;007;007047;7047;Oyace;Oyace;;Nord-ovest;Valle d'Aosta;Valle d'Aosta;1;0;0;AO;G012
1;02;007;007048;7048;Perloz;Perloz;;Nord-ovest;Valle d'Aosta;Valle d'Aosta;1;0;0;AO;G459
1;02;007;007049;7049;Pollein;Pollein;;Nord-ovest;Valle d'Aosta;Valle d'Aosta;1;0;0;AO;G794
1;02;007;007050;7050;Pont Bozet;Pont Bozet;;Nord-ovest;Valle d'Aosta;Valle d'Aosta;1;0;0;AO;G545
1;02;007;007051;7051;Pontey;Pontey;;Nord-ovest;Valle d'Aosta;Valle d'Aosta;1;0;0;AO;G860
1;02;007;007052;7052;Pont Saint Martin;Pont Saint Martin;;Nord-ovest;Valle d'Aosta;Valle d'Aosta;1;0;0;AO;G854
1;02;007;007053;7053;Pré Saint Didier;Pré Saint Didier;;Nord-ovest;Valle d'Aosta;Valle d'Aosta;1;0;0;AO;H042
1;02;007;007054;7054;Quart;Quart;;Nord-ovest;Valle d'Aosta;Valle d'Aosta;1;0;0;AO;H110
1;02;007;007055;7055;Rhêmes Notre Dame;Rhêmes Notre Dame;;Nord-ovest;Valle d'Aosta;Valle d'Aosta;1;0;0;AO;H262
1;02;007;007056;7056;Rhêmes Saint Georges;Rhêmes Saint Georges;;Nord-ovest;Valle d'Aosta;Valle d'Aosta;1;0;0;AO;H263
1;02;007;007057;7057;Roisan;Roisan;;Nord-ovest;Valle d'Aosta;Valle d'Aosta;1;0;0;AO;H497
1;02;007;007058;7058;Saint Christophe;Saint Christophe;;Nord-ovest;Valle d'Aosta;Valle d'Aosta;1;0;0;AO;H669
1;02;007;007059;7059;Saint Denis;Saint Denis;;Nord-ovest;Valle d'Aosta;Valle d'Aosta;1;0;0;AO;H670
1;02;007;007060;7060;Saint Marcel;Saint Marcel;;Nord-ovest;Valle d'Aosta;Valle d'Aosta;1;0;0;AO;H671
1;02;007;007061;7061;Saint Nicolas;Saint Nicolas;;Nord-ovest;Valle d'Aosta;Valle d'Aosta;1;0;0;AO;H672
1;02;007;007062;7062;Saint Oyen;Saint Oyen;;Nord-ovest;Valle d'Aosta;Valle d'Aosta;1;0;0;AO;H673
1;02;007;007063;7063;Saint Pierre;Saint Pierre;;Nord-ovest;Valle d'Aosta;Valle d'Aosta;1;0;0;AO;H674
1;02;007;007064;7064;Saint Rhémy;Saint Rhémy;;Nord-ovest;Valle d'Aosta;Valle d'Aosta;1;0;0;AO;H675
1;02;007;007065;7065;Saint Vincent;Saint Vincent;;Nord-ovest;Valle d'Aosta;Valle d'Aosta;1;0;0;AO;H676
1;02;007;007066;7066;Sarre;Sarre;;Nord-ovest;Valle d'Aosta;Valle d'Aosta;1;0;0;AO;I442
1;02;007;007067;7067;Torgnon;Torgnon;;Nord-ovest;Valle d'Aosta;Valle d'Aosta;1;0;0;AO;L217
1;02;007;007068;7068;Valgrisanche;Valgrisanche;;Nord-ovest;Valle d'Aosta;Valle d'Aosta;1;0;0;AO;L582
1;02;007;007069;7069;Valpelline;Valpelline;;Nord-ovest;Valle d'Aosta;Valle d'Aosta;1;0;0;AO;L643
1;02;007;007070;7070;Valsavaranche;Valsavaranche;;Nord-ovest;Valle d'Aosta;Valle d'Aosta;1;0;0;AO;L647
1;02;007;007071;7071;Valtournanche;Valtournanche;;Nord-ovest;Valle d'Aosta;Valle d'Aosta;1;0;0;AO;L654
1;02;007;007072;7072;Verrayes;Verrayes;;Nord-ovest;Valle d'Aosta;Valle d'Aosta;1;0;0;AO;L783
1;02;007;007073;7073;Verrès;Verrès;;Nord-ovest;Valle d'Aosta;Valle d'Aosta;1;0;0;AO;C282
1;02;007;007074;7074;Villeneuve;Villeneuve;;Nord-ovest;Valle d'Aosta;Valle d'Aosta;1;0;0;AO;L981
1;07;008;008001;8001;Airole;Airole;;Nord-ovest;Liguria;Imperia;1;0;0;IM;A111
1;07;008;008002;8002;Apricale;Apricale;;Nord-ovest;Liguria;Imperia;1;0;0;IM;A338
1;07;008;008003;8003;Aquila d'Arroscia;Aquila d'Arroscia;;Nord-ovest;Liguria;Imperia;1;0;0;IM;A344
1;07;008;008004;8004;Armo;Armo;;Nord-ovest;Liguria;Imperia;1;0;0;IM;A418
1;07;008;008005;8005;Aurigo;Aurigo;;Nord-ovest;Liguria;Imperia;1;0;0;IM;A499
1;07;008;008006;8006;Badalucco;Badalucco;;Nord-ovest;Liguria;Imperia;1;0;0;IM;A536
1;07;008;008007;8007;Bajardo;Bajardo;;Nord-ovest;Liguria;Imperia;1;0;0;IM;A581
1;07;008;008008;8008;Bordighera;Bordighera;;Nord-ovest;Liguria;Imperia;1;0;0;IM;A984
1;07;008;008009;8009;Borghetto d'Arroscia;Borghetto d'Arroscia;;Nord-ovest;Liguria;Imperia;1;0;0;IM;A993
1;07;008;008010;8010;Borgomaro;Borgomaro;;Nord-ovest;Liguria;Imperia;1;0;0;IM;B020
1;07;008;008011;8011;Camporosso;Camporosso;;Nord-ovest;Liguria;Imperia;1;0;0;IM;B559
1;07;008;008012;8012;Caravonica;Caravonica;;Nord-ovest;Liguria;Imperia;1;0;0;IM;B734
1;07;008;008013;8013;Carpasio;Carpasio;;Nord-ovest;Liguria;Imperia;1;0;0;IM;B814
1;07;008;008014;8014;Castellaro;Castellaro;;Nord-ovest;Liguria;Imperia;1;0;0;IM;C143
1;07;008;008015;8015;Castel Vittorio;Castel Vittorio;;Nord-ovest;Liguria;Imperia;1;0;0;IM;C110
1;07;008;008016;8016;Ceriana;Ceriana;;Nord-ovest;Liguria;Imperia;1;0;0;IM;C511
1;07;008;008017;8017;Cervo;Cervo;;Nord-ovest;Liguria;Imperia;1;0;0;IM;C559
1;07;008;008018;8018;Cesio;Cesio;;Nord-ovest;Liguria;Imperia;1;0;0;IM;C578
1;07;008;008019;8019;Chiusanico;Chiusanico;;Nord-ovest;Liguria;Imperia;1;0;0;IM;C657
1;07;008;008020;8020;Chiusavecchia;Chiusavecchia;;Nord-ovest;Liguria;Imperia;1;0;0;IM;C660
1;07;008;008021;8021;Cipressa;Cipressa;;Nord-ovest;Liguria;Imperia;1;0;0;IM;C718
1;07;008;008022;8022;Civezza;Civezza;;Nord-ovest;Liguria;Imperia;1;0;0;IM;C755
1;07;008;008023;8023;Cosio d'Arroscia;Cosio d'Arroscia;;Nord-ovest;Liguria;Imperia;1;0;0;IM;D087
1;07;008;008024;8024;Costarainera;Costarainera;;Nord-ovest;Liguria;Imperia;1;0;0;IM;D114
1;07;008;008025;8025;Diano Arentino;Diano Arentino;;Nord-ovest;Liguria;Imperia;1;0;0;IM;D293
1;07;008;008026;8026;Diano Castello;Diano Castello;;Nord-ovest;Liguria;Imperia;1;0;0;IM;D296
1;07;008;008027;8027;Diano Marina;Diano Marina;;Nord-ovest;Liguria;Imperia;1;0;0;IM;D297
1;07;008;008028;8028;Diano San Pietro;Diano San Pietro;;Nord-ovest;Liguria;Imperia;1;0;0;IM;D298
1;07;008;008029;8029;Dolceacqua;Dolceacqua;;Nord-ovest;Liguria;Imperia;1;0;0;IM;D318
1;07;008;008030;8030;Dolcedo;Dolcedo;;Nord-ovest;Liguria;Imperia;1;0;0;IM;D319
1;07;008;008031;8031;Imperia;Imperia;;Nord-ovest;Liguria;Imperia;1;0;1;IM;E290
1;07;008;008032;8032;Isolabona;Isolabona;;Nord-ovest;Liguria;Imperia;1;0;0;IM;E346
1;07;008;008033;8033;Lucinasco;Lucinasco;;Nord-ovest;Liguria;Imperia;1;0;0;IM;E719
1;07;008;008034;8034;Mendatica;Mendatica;;Nord-ovest;Liguria;Imperia;1;0;0;IM;F123
1;07;008;008035;8035;Molini di Triora;Molini di Triora;;Nord-ovest;Liguria;Imperia;1;0;0;IM;F290
1;07;008;008036;8036;Montalto Ligure;Montalto Ligure;;Nord-ovest;Liguria;Imperia;1;0;0;IM;F406
1;07;008;008037;8037;Montegrosso Pian Latte;Montegrosso Pian Latte;;Nord-ovest;Liguria;Imperia;1;0;0;IM;F528
1;07;008;008038;8038;Olivetta San Michele;Olivetta San Michele;;Nord-ovest;Liguria;Imperia;1;0;0;IM;G041
1;07;008;008039;8039;Ospedaletti;Ospedaletti;;Nord-ovest;Liguria;Imperia;1;0;0;IM;G164
1;07;008;008040;8040;Perinaldo;Perinaldo;;Nord-ovest;Liguria;Imperia;1;0;0;IM;G454
1;07;008;008041;8041;Pietrabruna;Pietrabruna;;Nord-ovest;Liguria;Imperia;1;0;0;IM;G607
1;07;008;008042;8042;Pieve di Teco;Pieve di Teco;;Nord-ovest;Liguria;Imperia;1;0;0;IM;G632
1;07;008;008043;8043;Pigna;Pigna;;Nord-ovest;Liguria;Imperia;1;0;0;IM;G660
1;07;008;008044;8044;Pompeiana;Pompeiana;;Nord-ovest;Liguria;Imperia;1;0;0;IM;G814
1;07;008;008045;8045;Pontedassio;Pontedassio;;Nord-ovest;Liguria;Imperia;1;0;0;IM;G840
1;07;008;008046;8046;Pornassio;Pornassio;;Nord-ovest;Liguria;Imperia;1;0;0;IM;G890
1;07;008;008047;8047;Prelà;Prelà;;Nord-ovest;Liguria;Imperia;1;0;0;IM;H027
1;07;008;008048;8048;Ranzo;Ranzo;;Nord-ovest;Liguria;Imperia;1;0;0;IM;H180
1;07;008;008049;8049;Rezzo;Rezzo;;Nord-ovest;Liguria;Imperia;1;0;0;IM;H257
1;07;008;008050;8050;Riva Ligure;Riva Ligure;;Nord-ovest;Liguria;Imperia;1;0;0;IM;H328
1;07;008;008051;8051;Rocchetta Nervina;Rocchetta Nervina;;Nord-ovest;Liguria;Imperia;1;0;0;IM;H460
1;07;008;008052;8052;San Bartolomeo del Cervo;San Bartolomeo del Cervo;;Nord-ovest;Liguria;Imperia;1;0;0;IM;H763
1;07;008;008053;8053;San Biagio della Cima;San Biagio della Cima;;Nord-ovest;Liguria;Imperia;1;0;0;IM;H780
1;07;008;008054;8054;San Lorenzo al Mare;San Lorenzo al Mare;;Nord-ovest;Liguria;Imperia;1;0;0;IM;H957
1;07;008;008055;8055;Sanremo;Sanremo;;Nord-ovest;Liguria;Imperia;1;0;0;IM;I138
1;07;008;008056;8056;Santo Stefano al Mare;Santo Stefano al Mare;;Nord-ovest;Liguria;Imperia;1;0;0;IM;I365
1;07;008;008057;8057;Seborga;Seborga;;Nord-ovest;Liguria;Imperia;1;0;0;IM;I556
1;07;008;008058;8058;Soldano;Soldano;;Nord-ovest;Liguria;Imperia;1;0;0;IM;I796
1;07;008;008059;8059;Taggia;Taggia;;Nord-ovest;Liguria;Imperia;1;0;0;IM;L024
1;07;008;008060;8060;Terzorio;Terzorio;;Nord-ovest;Liguria;Imperia;1;0;0;IM;L146
1;07;008;008061;8061;Triora;Triora;;Nord-ovest;Liguria;Imperia;1;0;0;IM;L430
1;07;008;008062;8062;Vallebona;Vallebona;;Nord-ovest;Liguria;Imperia;1;0;0;IM;L596
1;07;008;008063;8063;Vallecrosia;Vallecrosia;;Nord-ovest;Liguria;Imperia;1;0;0;IM;L599
1;07;008;008064;8064;Vasia;Vasia;;Nord-ovest;Liguria;Imperia;1;0;0;IM;L693
1;07;008;008065;8065;Ventimiglia;Ventimiglia;;Nord-ovest;Liguria;Imperia;1;0;0;IM;L741
1;07;008;008066;8066;Vessalico;Vessalico;;Nord-ovest;Liguria;Imperia;1;0;0;IM;L809
1;07;008;008067;8067;Villa Faraldi;Villa Faraldi;;Nord-ovest;Liguria;Imperia;1;0;0;IM;L943
1;07;009;009001;9001;Alassio;Alassio;;Nord-ovest;Liguria;Savona;1;0;0;SV;A122
1;07;009;009002;9002;Albenga;Albenga;;Nord-ovest;Liguria;Savona;1;0;0;SV;A145
1;07;009;009003;9003;Albissola Marina;Albissola Marina;;Nord-ovest;Liguria;Savona;1;0;0;SV;A165
1;07;009;009004;9004;Albisola Superiore;Albisola Superiore;;Nord-ovest;Liguria;Savona;1;0;0;SV;A166
1;07;009;009005;9005;Altare;Altare;;Nord-ovest;Liguria;Savona;1;0;0;SV;A226
1;07;009;009006;9006;Andora;Andora;;Nord-ovest;Liguria;Savona;1;0;0;SV;A278
1;07;009;009007;9007;Arnasco;Arnasco;;Nord-ovest;Liguria;Savona;1;0;0;SV;A422
1;07;009;009008;9008;Balestrino;Balestrino;;Nord-ovest;Liguria;Savona;1;0;0;SV;A593
1;07;009;009009;9009;Bardineto;Bardineto;;Nord-ovest;Liguria;Savona;1;0;0;SV;A647
1;07;009;009010;9010;Bergeggi;Bergeggi;;Nord-ovest;Liguria;Savona;1;0;0;SV;A796
1;07;009;009011;9011;Boissano;Boissano;;Nord-ovest;Liguria;Savona;1;0;0;SV;A931
1;07;009;009012;9012;Borghetto Santo Spirito;Borghetto Santo Spirito;;Nord-ovest;Liguria;Savona;1;0;0;SV;A999
1;07;009;009013;9013;Borgio Verezzi;Borgio Verezzi;;Nord-ovest;Liguria;Savona;1;0;0;SV;B005
1;07;009;009014;9014;Bormida;Bormida;;Nord-ovest;Liguria;Savona;1;0;0;SV;B048
1;07;009;009015;9015;Cairo Montenotte;Cairo Montenotte;;Nord-ovest;Liguria;Savona;1;0;0;SV;B369
1;07;009;009016;9016;Calice Ligure;Calice Ligure;;Nord-ovest;Liguria;Savona;1;0;0;SV;B409
1;07;009;009017;9017;Calizzano;Calizzano;;Nord-ovest;Liguria;Savona;1;0;0;SV;B416
1;07;009;009018;9018;Carcare;Carcare;;Nord-ovest;Liguria;Savona;1;0;0;SV;B748
1;07;009;009019;9019;Casanova Lerrone;Casanova Lerrone;;Nord-ovest;Liguria;Savona;1;0;0;SV;B927
1;07;009;009020;9020;Castelbianco;Castelbianco;;Nord-ovest;Liguria;Savona;1;0;0;SV;C063
1;07;009;009021;9021;Castelvecchio di Rocca Barbena;Castelvecchio di Rocca Barbena;;Nord-ovest;Liguria;Savona;1;0;0;SV;C276
1;07;009;009022;9022;Celle Ligure;Celle Ligure;;Nord-ovest;Liguria;Savona;1;0;0;SV;C443
1;07;009;009023;9023;Cengio;Cengio;;Nord-ovest;Liguria;Savona;1;0;0;SV;C463
1;07;009;009024;9024;Ceriale;Ceriale;;Nord-ovest;Liguria;Savona;1;0;0;SV;C510
1;07;009;009025;9025;Cisano sul Neva;Cisano sul Neva;;Nord-ovest;Liguria;Savona;1;0;0;SV;C729
1;07;009;009026;9026;Cosseria;Cosseria;;Nord-ovest;Liguria;Savona;1;0;0;SV;D095
1;07;009;009027;9027;Dego;Dego;;Nord-ovest;Liguria;Savona;1;0;0;SV;D264
1;07;009;009028;9028;Erli;Erli;;Nord-ovest;Liguria;Savona;1;0;0;SV;D424
1;07;009;009029;9029;Finale Ligure;Finale Ligure;;Nord-ovest;Liguria;Savona;1;0;0;SV;D600
1;07;009;009030;9030;Garlenda;Garlenda;;Nord-ovest;Liguria;Savona;1;0;0;SV;D927
1;07;009;009031;9031;Giustenice;Giustenice;;Nord-ovest;Liguria;Savona;1;0;0;SV;E064
1;07;009;009032;9032;Giusvalla;Giusvalla;;Nord-ovest;Liguria;Savona;1;0;0;SV;E066
1;07;009;009033;9033;Laigueglia;Laigueglia;;Nord-ovest;Liguria;Savona;1;0;0;SV;E414
1;07;009;009034;9034;Loano;Loano;;Nord-ovest;Liguria;Savona;1;0;0;SV;E632
1;07;009;009035;9035;Magliolo;Magliolo;;Nord-ovest;Liguria;Savona;1;0;0;SV;E816
1;07;009;009036;9036;Mallare;Mallare;;Nord-ovest;Liguria;Savona;1;0;0;SV;E860
1;07;009;009037;9037;Massimino;Massimino;;Nord-ovest;Liguria;Savona;1;0;0;SV;F046
1;07;009;009038;9038;Millesimo;Millesimo;;Nord-ovest;Liguria;Savona;1;0;0;SV;F213
1;07;009;009039;9039;Mioglia;Mioglia;;Nord-ovest;Liguria;Savona;1;0;0;SV;F226
1;07;009;009040;9040;Murialdo;Murialdo;;Nord-ovest;Liguria;Savona;1;0;0;SV;F813
1;07;009;009041;9041;Nasino;Nasino;;Nord-ovest;Liguria;Savona;1;0;0;SV;F847
1;07;009;009042;9042;Noli;Noli;;Nord-ovest;Liguria;Savona;1;0;0;SV;F926
1;07;009;009043;9043;Onzo;Onzo;;Nord-ovest;Liguria;Savona;1;0;0;SV;G076
1;07;009;009044;9044;Orco Feglino;Orco Feglino;;Nord-ovest;Liguria;Savona;1;0;0;SV;D522
1;07;009;009045;9045;Ortovero;Ortovero;;Nord-ovest;Liguria;Savona;1;0;0;SV;G144
1;07;009;009046;9046;Osiglia;Osiglia;;Nord-ovest;Liguria;Savona;1;0;0;SV;G155
1;07;009;009047;9047;Pallare;Pallare;;Nord-ovest;Liguria;Savona;1;0;0;SV;G281
1;07;009;009048;9048;Piana Crixia;Piana Crixia;;Nord-ovest;Liguria;Savona;1;0;0;SV;G542
1;07;009;009049;9049;Pietra Ligure;Pietra Ligure;;Nord-ovest;Liguria;Savona;1;0;0;SV;G605
1;07;009;009050;9050;Plodio;Plodio;;Nord-ovest;Liguria;Savona;1;0;0;SV;G741
1;07;009;009051;9051;Pontinvrea;Pontinvrea;;Nord-ovest;Liguria;Savona;1;0;0;SV;G866
1;07;009;009052;9052;Quiliano;Quiliano;;Nord-ovest;Liguria;Savona;1;0;0;SV;H126
1;07;009;009053;9053;Rialto;Rialto;;Nord-ovest;Liguria;Savona;1;0;0;SV;H266
1;07;009;009054;9054;Roccavignale;Roccavignale;;Nord-ovest;Liguria;Savona;1;0;0;SV;H452
1;07;009;009055;9055;Sassello;Sassello;;Nord-ovest;Liguria;Savona;1;0;0;SV;I453
1;07;009;009056;9056;Savona;Savona;;Nord-ovest;Liguria;Savona;1;0;1;SV;I480
1;07;009;009057;9057;Spotorno;Spotorno;;Nord-ovest;Liguria;Savona;1;0;0;SV;I926
1;07;009;009058;9058;Stella;Stella;;Nord-ovest;Liguria;Savona;1;0;0;SV;I946
1;07;009;009059;9059;Stellanello;Stellanello;;Nord-ovest;Liguria;Savona;1;0;0;SV;I947
1;07;009;009060;9060;Testico;Testico;;Nord-ovest;Liguria;Savona;1;0;0;SV;L152
1;07;009;009061;9061;Toirano;Toirano;;Nord-ovest;Liguria;Savona;1;0;0;SV;L190
1;07;009;009062;9062;Tovo San Giacomo;Tovo San Giacomo;;Nord-ovest;Liguria;Savona;1;0;0;SV;L315
1;07;009;009063;9063;Urbe;Urbe;;Nord-ovest;Liguria;Savona;1;0;0;SV;L499
1;07;009;009064;9064;Vado Ligure;Vado Ligure;;Nord-ovest;Liguria;Savona;1;0;0;SV;L528
1;07;009;009065;9065;Varazze;Varazze;;Nord-ovest;Liguria;Savona;1;0;0;SV;L675
1;07;009;009066;9066;Vendone;Vendone;;Nord-ovest;Liguria;Savona;1;0;0;SV;L730
1;07;009;009067;9067;Vezzi Portio;Vezzi Portio;;Nord-ovest;Liguria;Savona;1;0;0;SV;L823
1;07;009;009068;9068;Villanova d'Albenga;Villanova d'Albenga;;Nord-ovest;Liguria;Savona;1;0;0;SV;L975
1;07;009;009069;9069;Zuccarello;Zuccarello;;Nord-ovest;Liguria;Savona;1;0;0;SV;M197
1;07;010;010001;10001;Arenzano;Arenzano;;Nord-ovest;Liguria;Genova;1;0;0;GE;A388
1;07;010;010002;10002;Avegno;Avegno;;Nord-ovest;Liguria;Genova;1;0;0;GE;A506
1;07;010;010003;10003;Bargagli;Bargagli;;Nord-ovest;Liguria;Genova;1;0;0;GE;A658
1;07;010;010004;10004;Bogliasco;Bogliasco;;Nord-ovest;Liguria;Genova;1;0;0;GE;A922
1;07;010;010005;10005;Borzonasca;Borzonasca;;Nord-ovest;Liguria;Genova;1;0;0;GE;B067
1;07;010;010006;10006;Busalla;Busalla;;Nord-ovest;Liguria;Genova;1;0;0;GE;B282
1;07;010;010007;10007;Camogli;Camogli;;Nord-ovest;Liguria;Genova;1;0;0;GE;B490
1;07;010;010008;10008;Campo Ligure;Campo Ligure;;Nord-ovest;Liguria;Genova;1;0;0;GE;B538
1;07;010;010009;10009;Campomorone;Campomorone;;Nord-ovest;Liguria;Genova;1;0;0;GE;B551
1;07;010;010010;10010;Carasco;Carasco;;Nord-ovest;Liguria;Genova;1;0;0;GE;B726
1;07;010;010011;10011;Casarza Ligure;Casarza Ligure;;Nord-ovest;Liguria;Genova;1;0;0;GE;B939
1;07;010;010012;10012;Casella;Casella;;Nord-ovest;Liguria;Genova;1;0;0;GE;B956
1;07;010;010013;10013;Castiglione Chiavarese;Castiglione Chiavarese;;Nord-ovest;Liguria;Genova;1;0;0;GE;C302
1;07;010;010014;10014;Ceranesi;Ceranesi;;Nord-ovest;Liguria;Genova;1;0;0;GE;C481
1;07;010;010015;10015;Chiavari;Chiavari;;Nord-ovest;Liguria;Genova;1;0;0;GE;C621
1;07;010;010016;10016;Cicagna;Cicagna;;Nord-ovest;Liguria;Genova;1;0;0;GE;C673
1;07;010;010017;10017;Cogoleto;Cogoleto;;Nord-ovest;Liguria;Genova;1;0;0;GE;C823
1;07;010;010018;10018;Cogorno;Cogorno;;Nord-ovest;Liguria;Genova;1;0;0;GE;C826
1;07;010;010019;10019;Coreglia Ligure;Coreglia Ligure;;Nord-ovest;Liguria;Genova;1;0;0;GE;C995
1;07;010;010020;10020;Crocefieschi;Crocefieschi;;Nord-ovest;Liguria;Genova;1;0;0;GE;D175
1;07;010;010021;10021;Davagna;Davagna;;Nord-ovest;Liguria;Genova;1;0;0;GE;D255
1;07;010;010022;10022;Fascia;Fascia;;Nord-ovest;Liguria;Genova;1;0;0;GE;D509
1;07;010;010023;10023;Favale di Malvaro;Favale di Malvaro;;Nord-ovest;Liguria;Genova;1;0;0;GE;D512
1;07;010;010024;10024;Fontanigorda;Fontanigorda;;Nord-ovest;Liguria;Genova;1;0;0;GE;D677
1;07;010;010025;10025;Genova;Genova;;Nord-ovest;Liguria;Genova;1;1;1;GE;D969
1;07;010;010026;10026;Gorreto;Gorreto;;Nord-ovest;Liguria;Genova;1;0;0;GE;E109
1;07;010;010027;10027;Isola del Cantone;Isola del Cantone;;Nord-ovest;Liguria;Genova;1;0;0;GE;E341
1;07;010;010028;10028;Lavagna;Lavagna;;Nord-ovest;Liguria;Genova;1;0;0;GE;E488
1;07;010;010029;10029;Leivi;Leivi;;Nord-ovest;Liguria;Genova;1;0;0;GE;E519
1;07;010;010030;10030;Lorsica;Lorsica;;Nord-ovest;Liguria;Genova;1;0;0;GE;E695
1;07;010;010031;10031;Lumarzo;Lumarzo;;Nord-ovest;Liguria;Genova;1;0;0;GE;E737
1;07;010;010032;10032;Masone;Masone;;Nord-ovest;Liguria;Genova;1;0;0;GE;F020
1;07;010;010033;10033;Mele;Mele;;Nord-ovest;Liguria;Genova;1;0;0;GE;F098
1;07;010;010034;10034;Mezzanego;Mezzanego;;Nord-ovest;Liguria;Genova;1;0;0;GE;F173
1;07;010;010035;10035;Mignanego;Mignanego;;Nord-ovest;Liguria;Genova;1;0;0;GE;F202
1;07;010;010036;10036;Moconesi;Moconesi;;Nord-ovest;Liguria;Genova;1;0;0;GE;F256
1;07;010;010037;10037;Moneglia;Moneglia;;Nord-ovest;Liguria;Genova;1;0;0;GE;F354
1;07;010;010038;10038;Montebruno;Montebruno;;Nord-ovest;Liguria;Genova;1;0;0;GE;F445
1;07;010;010039;10039;Montoggio;Montoggio;;Nord-ovest;Liguria;Genova;1;0;0;GE;F682
1;07;010;010040;10040;Ne;Ne;;Nord-ovest;Liguria;Genova;1;0;0;GE;F858
1;07;010;010041;10041;Neirone;Neirone;;Nord-ovest;Liguria;Genova;1;0;0;GE;F862
1;07;010;010042;10042;Orero;Orero;;Nord-ovest;Liguria;Genova;1;0;0;GE;G093
1;07;010;010043;10043;Pieve Ligure;Pieve Ligure;;Nord-ovest;Liguria;Genova;1;0;0;GE;G646
1;07;010;010044;10044;Portofino;Portofino;;Nord-ovest;Liguria;Genova;1;0;0;GE;G913
1;07;010;010045;10045;Propata;Propata;;Nord-ovest;Liguria;Genova;1;0;0;GE;H073
1;07;010;010046;10046;Rapallo;Rapallo;;Nord-ovest;Liguria;Genova;1;0;0;GE;H183
1;07;010;010047;10047;Recco;Recco;;Nord-ovest;Liguria;Genova;1;0;0;GE;H212
1;07;010;010048;10048;Rezzoaglio;Rezzoaglio;;Nord-ovest;Liguria;Genova;1;0;0;GE;H258
1;07;010;010049;10049;Ronco Scrivia;Ronco Scrivia;;Nord-ovest;Liguria;Genova;1;0;0;GE;H536
1;07;010;010050;10050;Rondanina;Rondanina;;Nord-ovest;Liguria;Genova;1;0;0;GE;H546
1;07;010;010051;10051;Rossiglione;Rossiglione;;Nord-ovest;Liguria;Genova;1;0;0;GE;H581
1;07;010;010052;10052;Rovegno;Rovegno;;Nord-ovest;Liguria;Genova;1;0;0;GE;H599
1;07;010;010053;10053;San Colombano Certenoli;San Colombano Certenoli;;Nord-ovest;Liguria;Genova;1;0;0;GE;H802
1;07;010;010054;10054;Santa Margherita Ligure;Santa Margherita Ligure;;Nord-ovest;Liguria;Genova;1;0;0;GE;I225
1;07;010;010055;10055;Sant'Olcese;Sant'Olcese;;Nord-ovest;Liguria;Genova;1;0;0;GE;I346
1;07;010;010056;10056;Santo Stefano d'Aveto;Santo Stefano d'Aveto;;Nord-ovest;Liguria;Genova;1;0;0;GE;I368
1;07;010;010057;10057;Savignone;Savignone;;Nord-ovest;Liguria;Genova;1;0;0;GE;I475
1;07;010;010058;10058;Serra Riccò;Serra Riccò;;Nord-ovest;Liguria;Genova;1;0;0;GE;I640
1;07;010;010059;10059;Sestri Levante;Sestri Levante;;Nord-ovest;Liguria;Genova;1;0;0;GE;I693
1;07;010;010060;10060;Sori;Sori;;Nord-ovest;Liguria;Genova;1;0;0;GE;I852
1;07;010;010061;10061;Tiglieto;Tiglieto;;Nord-ovest;Liguria;Genova;1;0;0;GE;L167
1;07;010;010062;10062;Torriglia;Torriglia;;Nord-ovest;Liguria;Genova;1;0;0;GE;L298
1;07;010;010063;10063;Tribogna;Tribogna;;Nord-ovest;Liguria;Genova;1;0;0;GE;L416
1;07;010;010064;10064;Uscio;Uscio;;Nord-ovest;Liguria;Genova;1;0;0;GE;L507
1;07;010;010065;10065;Valbrevenna;Valbrevenna;;Nord-ovest;Liguria;Genova;1;0;0;GE;L546
1;07;010;010066;10066;Vobbia;Vobbia;;Nord-ovest;Liguria;Genova;1;0;0;GE;M105
1;07;010;010067;10067;Zoagli;Zoagli;;Nord-ovest;Liguria;Genova;1;0;0;GE;M182
1;07;011;011001;11001;Ameglia;Ameglia;;Nord-ovest;Liguria;La Spezia;1;0;0;SP;A261
1;07;011;011002;11002;Arcola;Arcola;;Nord-ovest;Liguria;La Spezia;1;0;0;SP;A373
1;07;011;011003;11003;Beverino;Beverino;;Nord-ovest;Liguria;La Spezia;1;0;0;SP;A836
1;07;011;011004;11004;Bolano;Bolano;;Nord-ovest;Liguria;La Spezia;1;0;0;SP;A932
1;07;011;011005;11005;Bonassola;Bonassola;;Nord-ovest;Liguria;La Spezia;1;0;0;SP;A961
1;07;011;011006;11006;Borghetto di Vara;Borghetto di Vara;;Nord-ovest;Liguria;La Spezia;1;0;0;SP;A992
1;07;011;011007;11007;Brugnato;Brugnato;;Nord-ovest;Liguria;La Spezia;1;0;0;SP;B214
1;07;011;011008;11008;Calice al Cornoviglio;Calice al Cornoviglio;;Nord-ovest;Liguria;La Spezia;1;0;0;SP;B410
1;07;011;011009;11009;Carro;Carro;;Nord-ovest;Liguria;La Spezia;1;0;0;SP;B838
1;07;011;011010;11010;Carrodano;Carrodano;;Nord-ovest;Liguria;La Spezia;1;0;0;SP;B839
1;07;011;011011;11011;Castelnuovo Magra;Castelnuovo Magra;;Nord-ovest;Liguria;La Spezia;1;0;0;SP;C240
1;07;011;011012;11012;Deiva Marina;Deiva Marina;;Nord-ovest;Liguria;La Spezia;1;0;0;SP;D265
1;07;011;011013;11013;Follo;Follo;;Nord-ovest;Liguria;La Spezia;1;0;0;SP;D655
1;07;011;011014;11014;Framura;Framura;;Nord-ovest;Liguria;La Spezia;1;0;0;SP;D758
1;07;011;011015;11015;La Spezia;La Spezia;;Nord-ovest;Liguria;La Spezia;1;0;1;SP;E463
1;07;011;011016;11016;Lerici;Lerici;;Nord-ovest;Liguria;La Spezia;1;0;0;SP;E542
1;07;011;011017;11017;Levanto;Levanto;;Nord-ovest;Liguria;La Spezia;1;0;0;SP;E560
1;07;011;011018;11018;Maissana;Maissana;;Nord-ovest;Liguria;La Spezia;1;0;0;SP;E842
1;07;011;011019;11019;Monterosso al Mare;Monterosso al Mare;;Nord-ovest;Liguria;La Spezia;1;0;0;SP;F609
1;07;011;011020;11020;Ortonovo;Ortonovo;;Nord-ovest;Liguria;La Spezia;1;0;0;SP;G143
1;07;011;011021;11021;Pignone;Pignone;;Nord-ovest;Liguria;La Spezia;1;0;0;SP;G664
1;07;011;011022;11022;Portovenere;Portovenere;;Nord-ovest;Liguria;La Spezia;1;0;0;SP;G925
1;07;011;011023;11023;Riccò del Golfo di Spezia;Riccò del Golfo di Spezia;;Nord-ovest;Liguria;La Spezia;1;0;0;SP;H275
1;07;011;011024;11024;Riomaggiore;Riomaggiore;;Nord-ovest;Liguria;La Spezia;1;0;0;SP;H304
1;07;011;011025;11025;Rocchetta di Vara;Rocchetta di Vara;;Nord-ovest;Liguria;La Spezia;1;0;0;SP;H461
1;07;011;011026;11026;Santo Stefano di Magra;Santo Stefano di Magra;;Nord-ovest;Liguria;La Spezia;1;0;0;SP;I363
1;07;011;011027;11027;Sarzana;Sarzana;;Nord-ovest;Liguria;La Spezia;1;0;0;SP;I449
1;07;011;011028;11028;Sesta Godano;Sesta Godano;;Nord-ovest;Liguria;La Spezia;1;0;0;SP;E070
1;07;011;011029;11029;Varese Ligure;Varese Ligure;;Nord-ovest;Liguria;La Spezia;1;0;0;SP;L681
1;07;011;011030;11030;Vernazza;Vernazza;;Nord-ovest;Liguria;La Spezia;1;0;0;SP;L774
1;07;011;011031;11031;Vezzano Ligure;Vezzano Ligure;;Nord-ovest;Liguria;La Spezia;1;0;0;SP;L819
1;07;011;011032;11032;Zignago;Zignago;;Nord-ovest;Liguria;La Spezia;1;0;0;SP;M177
1;03;012;012001;12001;Agra;Agra;;Nord-ovest;Lombardia;Varese;1;0;0;VA;A085
1;03;012;012002;12002;Albizzate;Albizzate;;Nord-ovest;Lombardia;Varese;1;0;0;VA;A167
1;03;012;012003;12003;Angera;Angera;;Nord-ovest;Lombardia;Varese;1;0;0;VA;A290
1;03;012;012004;12004;Arcisate;Arcisate;;Nord-ovest;Lombardia;Varese;1;0;0;VA;A371
1;03;012;012005;12005;Arsago Seprio;Arsago Seprio;;Nord-ovest;Lombardia;Varese;1;0;0;VA;A441
1;03;012;012006;12006;Azzate;Azzate;;Nord-ovest;Lombardia;Varese;1;0;0;VA;A531
1;03;012;012007;12007;Azzio;Azzio;;Nord-ovest;Lombardia;Varese;1;0;0;VA;A532
1;03;012;012008;12008;Barasso;Barasso;;Nord-ovest;Lombardia;Varese;1;0;0;VA;A619
1;03;012;012009;12009;Bardello;Bardello;;Nord-ovest;Lombardia;Varese;1;0;0;VA;A645
1;03;012;012010;12010;Bedero Valcuvia;Bedero Valcuvia;;Nord-ovest;Lombardia;Varese;1;0;0;VA;A728
1;03;012;012011;12011;Besano;Besano;;Nord-ovest;Lombardia;Varese;1;0;0;VA;A819
1;03;012;012012;12012;Besnate;Besnate;;Nord-ovest;Lombardia;Varese;1;0;0;VA;A825
1;03;012;012013;12013;Besozzo;Besozzo;;Nord-ovest;Lombardia;Varese;1;0;0;VA;A826
1;03;012;012014;12014;Biandronno;Biandronno;;Nord-ovest;Lombardia;Varese;1;0;0;VA;A845
1;03;012;012015;12015;Bisuschio;Bisuschio;;Nord-ovest;Lombardia;Varese;1;0;0;VA;A891
1;03;012;012016;12016;Bodio Lomnago;Bodio Lomnago;;Nord-ovest;Lombardia;Varese;1;0;0;VA;A918
1;03;012;012017;12017;Brebbia;Brebbia;;Nord-ovest;Lombardia;Varese;1;0;0;VA;B126
1;03;012;012018;12018;Bregano;Bregano;;Nord-ovest;Lombardia;Varese;1;0;0;VA;B131
1;03;012;012019;12019;Brenta;Brenta;;Nord-ovest;Lombardia;Varese;1;0;0;VA;B150
1;03;012;012020;12020;Brezzo di Bedero;Brezzo di Bedero;;Nord-ovest;Lombardia;Varese;1;0;0;VA;B166
1;03;012;012021;12021;Brinzio;Brinzio;;Nord-ovest;Lombardia;Varese;1;0;0;VA;B182
1;03;012;012022;12022;Brissago-Valtravaglia;Brissago-Valtravaglia;;Nord-ovest;Lombardia;Varese;1;0;0;VA;B191
1;03;012;012023;12023;Brunello;Brunello;;Nord-ovest;Lombardia;Varese;1;0;0;VA;B219
1;03;012;012024;12024;Brusimpiano;Brusimpiano;;Nord-ovest;Lombardia;Varese;1;0;0;VA;B228
1;03;012;012025;12025;Buguggiate;Buguggiate;;Nord-ovest;Lombardia;Varese;1;0;0;VA;B258
1;03;012;012026;12026;Busto Arsizio;Busto Arsizio;;Nord-ovest;Lombardia;Varese;1;0;0;VA;B300
1;03;012;012027;12027;Cadegliano-Viconago;Cadegliano-Viconago;;Nord-ovest;Lombardia;Varese;1;0;0;VA;B326
1;03;012;012028;12028;Cadrezzate;Cadrezzate;;Nord-ovest;Lombardia;Varese;1;0;0;VA;B347
1;03;012;012029;12029;Cairate;Cairate;;Nord-ovest;Lombardia;Varese;1;0;0;VA;B368
1;03;012;012030;12030;Cantello;Cantello;;Nord-ovest;Lombardia;Varese;1;0;0;VA;B634
1;03;012;012031;12031;Caravate;Caravate;;Nord-ovest;Lombardia;Varese;1;0;0;VA;B732
1;03;012;012032;12032;Cardano al Campo;Cardano al Campo;;Nord-ovest;Lombardia;Varese;1;0;0;VA;B754
1;03;012;012033;12033;Carnago;Carnago;;Nord-ovest;Lombardia;Varese;1;0;0;VA;B796
1;03;012;012034;12034;Caronno Pertusella;Caronno Pertusella;;Nord-ovest;Lombardia;Varese;1;0;0;VA;B805
1;03;012;012035;12035;Caronno Varesino;Caronno Varesino;;Nord-ovest;Lombardia;Varese;1;0;0;VA;B807
1;03;012;012036;12036;Casale Litta;Casale Litta;;Nord-ovest;Lombardia;Varese;1;0;0;VA;B875
1;03;012;012037;12037;Casalzuigno;Casalzuigno;;Nord-ovest;Lombardia;Varese;1;0;0;VA;B921
1;03;012;012038;12038;Casciago;Casciago;;Nord-ovest;Lombardia;Varese;1;0;0;VA;B949
1;03;012;012039;12039;Casorate Sempione;Casorate Sempione;;Nord-ovest;Lombardia;Varese;1;0;0;VA;B987
1;03;012;012040;12040;Cassano Magnago;Cassano Magnago;;Nord-ovest;Lombardia;Varese;1;0;0;VA;C004
1;03;012;012041;12041;Cassano Valcuvia;Cassano Valcuvia;;Nord-ovest;Lombardia;Varese;1;0;0;VA;B999
1;03;012;012042;12042;Castellanza;Castellanza;;Nord-ovest;Lombardia;Varese;1;0;0;VA;C139
1;03;012;012043;12043;Castello Cabiaglio;Castello Cabiaglio;;Nord-ovest;Lombardia;Varese;1;0;0;VA;B312
1;03;012;012044;12044;Castelseprio;Castelseprio;;Nord-ovest;Lombardia;Varese;1;0;0;VA;C273
1;03;012;012045;12045;Castelveccana;Castelveccana;;Nord-ovest;Lombardia;Varese;1;0;0;VA;C181
1;03;012;012046;12046;Castiglione Olona;Castiglione Olona;;Nord-ovest;Lombardia;Varese;1;0;0;VA;C300
1;03;012;012047;12047;Castronno;Castronno;;Nord-ovest;Lombardia;Varese;1;0;0;VA;C343
1;03;012;012048;12048;Cavaria con Premezzo;Cavaria con Premezzo;;Nord-ovest;Lombardia;Varese;1;0;0;VA;C382
1;03;012;012049;12049;Cazzago Brabbia;Cazzago Brabbia;;Nord-ovest;Lombardia;Varese;1;0;0;VA;C409
1;03;012;012050;12050;Cislago;Cislago;;Nord-ovest;Lombardia;Varese;1;0;0;VA;C732
1;03;012;012051;12051;Cittiglio;Cittiglio;;Nord-ovest;Lombardia;Varese;1;0;0;VA;C751
1;03;012;012052;12052;Clivio;Clivio;;Nord-ovest;Lombardia;Varese;1;0;0;VA;C796
1;03;012;012053;12053;Cocquio-Trevisago;Cocquio-Trevisago;;Nord-ovest;Lombardia;Varese;1;0;0;VA;C810
1;03;012;012054;12054;Comabbio;Comabbio;;Nord-ovest;Lombardia;Varese;1;0;0;VA;C911
1;03;012;012055;12055;Comerio;Comerio;;Nord-ovest;Lombardia;Varese;1;0;0;VA;C922
1;03;012;012056;12056;Cremenaga;Cremenaga;;Nord-ovest;Lombardia;Varese;1;0;0;VA;D144
1;03;012;012057;12057;Crosio della Valle;Crosio della Valle;;Nord-ovest;Lombardia;Varese;1;0;0;VA;D185
1;03;012;012058;12058;Cuasso al Monte;Cuasso al Monte;;Nord-ovest;Lombardia;Varese;1;0;0;VA;D192
1;03;012;012059;12059;Cugliate-Fabiasco;Cugliate-Fabiasco;;Nord-ovest;Lombardia;Varese;1;0;0;VA;D199
1;03;012;012060;12060;Cunardo;Cunardo;;Nord-ovest;Lombardia;Varese;1;0;0;VA;D204
1;03;012;012061;12061;Curiglia con Monteviasco;Curiglia con Monteviasco;;Nord-ovest;Lombardia;Varese;1;0;0;VA;D217
1;03;012;012062;12062;Cuveglio;Cuveglio;;Nord-ovest;Lombardia;Varese;1;0;0;VA;D238
1;03;012;012063;12063;Cuvio;Cuvio;;Nord-ovest;Lombardia;Varese;1;0;0;VA;D239
1;03;012;012064;12064;Daverio;Daverio;;Nord-ovest;Lombardia;Varese;1;0;0;VA;D256
1;03;012;012065;12065;Dumenza;Dumenza;;Nord-ovest;Lombardia;Varese;1;0;0;VA;D384
1;03;012;012066;12066;Duno;Duno;;Nord-ovest;Lombardia;Varese;1;0;0;VA;D385
1;03;012;012067;12067;Fagnano Olona;Fagnano Olona;;Nord-ovest;Lombardia;Varese;1;0;0;VA;D467
1;03;012;012068;12068;Ferno;Ferno;;Nord-ovest;Lombardia;Varese;1;0;0;VA;D543
1;03;012;012069;12069;Ferrera di Varese;Ferrera di Varese;;Nord-ovest;Lombardia;Varese;1;0;0;VA;D551
1;03;012;012070;12070;Gallarate;Gallarate;;Nord-ovest;Lombardia;Varese;1;0;0;VA;D869
1;03;012;012071;12071;Galliate Lombardo;Galliate Lombardo;;Nord-ovest;Lombardia;Varese;1;0;0;VA;D871
1;03;012;012072;12072;Gavirate;Gavirate;;Nord-ovest;Lombardia;Varese;1;0;0;VA;D946
1;03;012;012073;12073;Gazzada Schianno;Gazzada Schianno;;Nord-ovest;Lombardia;Varese;1;0;0;VA;D951
1;03;012;012074;12074;Gemonio;Gemonio;;Nord-ovest;Lombardia;Varese;1;0;0;VA;D963
1;03;012;012075;12075;Gerenzano;Gerenzano;;Nord-ovest;Lombardia;Varese;1;0;0;VA;D981
1;03;012;012076;12076;Germignaga;Germignaga;;Nord-ovest;Lombardia;Varese;1;0;0;VA;D987
1;03;012;012077;12077;Golasecca;Golasecca;;Nord-ovest;Lombardia;Varese;1;0;0;VA;E079
1;03;012;012078;12078;Gorla Maggiore;Gorla Maggiore;;Nord-ovest;Lombardia;Varese;1;0;0;VA;E101
1;03;012;012079;12079;Gorla Minore;Gorla Minore;;Nord-ovest;Lombardia;Varese;1;0;0;VA;E102
1;03;012;012080;12080;Gornate Olona;Gornate Olona;;Nord-ovest;Lombardia;Varese;1;0;0;VA;E104
1;03;012;012081;12081;Grantola;Grantola;;Nord-ovest;Lombardia;Varese;1;0;0;VA;E144
1;03;012;012082;12082;Inarzo;Inarzo;;Nord-ovest;Lombardia;Varese;1;0;0;VA;E292
1;03;012;012083;12083;Induno Olona;Induno Olona;;Nord-ovest;Lombardia;Varese;1;0;0;VA;E299
1;03;012;012084;12084;Ispra;Ispra;;Nord-ovest;Lombardia;Varese;1;0;0;VA;E367
1;03;012;012085;12085;Jerago con Orago;Jerago con Orago;;Nord-ovest;Lombardia;Varese;1;0;0;VA;E386
1;03;012;012086;12086;Lavena Ponte Tresa;Lavena Ponte Tresa;;Nord-ovest;Lombardia;Varese;1;0;0;VA;E494
1;03;012;012087;12087;Laveno-Mombello;Laveno-Mombello;;Nord-ovest;Lombardia;Varese;1;0;0;VA;E496
1;03;012;012088;12088;Leggiuno-Sangiano;Leggiuno-Sangiano;;Nord-ovest;Lombardia;Varese;1;0;0;VA;E511
1;03;012;012089;12089;Lonate Ceppino;Lonate Ceppino;;Nord-ovest;Lombardia;Varese;1;0;0;VA;E665
1;03;012;012090;12090;Lonate Pozzolo;Lonate Pozzolo;;Nord-ovest;Lombardia;Varese;1;0;0;VA;E666
1;03;012;012091;12091;Lozza;Lozza;;Nord-ovest;Lombardia;Varese;1;0;0;VA;E707
1;03;012;012092;12092;Luino;Luino;;Nord-ovest;Lombardia;Varese;1;0;0;VA;E734
1;03;012;012093;12093;Luvinate;Luvinate;;Nord-ovest;Lombardia;Varese;1;0;0;VA;E769
1;03;012;012094;12094;Maccagno;Maccagno;;Nord-ovest;Lombardia;Varese;1;0;0;VA;E775
1;03;012;012095;12095;Malgesso;Malgesso;;Nord-ovest;Lombardia;Varese;1;0;0;VA;E856
1;03;012;012096;12096;Malnate;Malnate;;Nord-ovest;Lombardia;Varese;1;0;0;VA;E863
1;03;012;012097;12097;Marchirolo;Marchirolo;;Nord-ovest;Lombardia;Varese;1;0;0;VA;E929
1;03;012;012098;12098;Marnate;Marnate;;Nord-ovest;Lombardia;Varese;1;0;0;VA;E965
1;03;012;012099;12099;Marzio;Marzio;;Nord-ovest;Lombardia;Varese;1;0;0;VA;F002
1;03;012;012100;12100;Masciago Primo;Masciago Primo;;Nord-ovest;Lombardia;Varese;1;0;0;VA;F007
1;03;012;012101;12101;Mercallo;Mercallo;;Nord-ovest;Lombardia;Varese;1;0;0;VA;F134
1;03;012;012102;12102;Mesenzana;Mesenzana;;Nord-ovest;Lombardia;Varese;1;0;0;VA;F154
1;03;012;012103;12103;Montegrino Valtravaglia;Montegrino Valtravaglia;;Nord-ovest;Lombardia;Varese;1;0;0;VA;F526
1;03;012;012104;12104;Monvalle;Monvalle;;Nord-ovest;Lombardia;Varese;1;0;0;VA;F703
1;03;012;012105;12105;Morazzone;Morazzone;;Nord-ovest;Lombardia;Varese;1;0;0;VA;F711
1;03;012;012106;12106;Mornago;Mornago;;Nord-ovest;Lombardia;Varese;1;0;0;VA;F736
1;03;012;012107;12107;Oggiona con Santo Stefano;Oggiona con Santo Stefano;;Nord-ovest;Lombardia;Varese;1;0;0;VA;G008
1;03;012;012108;12108;Olgiate Olona;Olgiate Olona;;Nord-ovest;Lombardia;Varese;1;0;0;VA;G028
1;03;012;012109;12109;Origgio;Origgio;;Nord-ovest;Lombardia;Varese;1;0;0;VA;G103
1;03;012;012110;12110;Orino;Orino;;Nord-ovest;Lombardia;Varese;1;0;0;VA;G105
1;03;012;012111;12111;Osmate Lentate;Osmate Lentate;;Nord-ovest;Lombardia;Varese;1;0;0;VA;E529
1;03;012;012112;12112;Pino sulla Sponda del Lago Maggiore;Pino sulla Sponda del Lago Maggiore;;Nord-ovest;Lombardia;Varese;1;0;0;VA;G677
1;03;012;012113;12113;Porto Ceresio;Porto Ceresio;;Nord-ovest;Lombardia;Varese;1;0;0;VA;G906
1;03;012;012114;12114;Porto Valtravaglia;Porto Valtravaglia;;Nord-ovest;Lombardia;Varese;1;0;0;VA;G907
1;03;012;012115;12115;Rancio Valcuvia;Rancio Valcuvia;;Nord-ovest;Lombardia;Varese;1;0;0;VA;H173
1;03;012;012116;12116;Ranco;Ranco;;Nord-ovest;Lombardia;Varese;1;0;0;VA;H174
1;03;012;012117;12117;Saltrio;Saltrio;;Nord-ovest;Lombardia;Varese;1;0;0;VA;H723
1;03;012;012118;12118;Samarate;Samarate;;Nord-ovest;Lombardia;Varese;1;0;0;VA;H736
1;03;012;012119;12119;Saronno;Saronno;;Nord-ovest;Lombardia;Varese;1;0;0;VA;I441
1;03;012;012120;12120;Sesto Calende;Sesto Calende;;Nord-ovest;Lombardia;Varese;1;0;0;VA;I688
1;03;012;012121;12121;Solbiate Arno;Solbiate Arno;;Nord-ovest;Lombardia;Varese;1;0;0;VA;I793
1;03;012;012122;12122;Solbiate Olona;Solbiate Olona;;Nord-ovest;Lombardia;Varese;1;0;0;VA;I794
1;03;012;012123;12123;Somma Lombardo;Somma Lombardo;;Nord-ovest;Lombardia;Varese;1;0;0;VA;I819
1;03;012;012124;12124;Sumirago;Sumirago;;Nord-ovest;Lombardia;Varese;1;0;0;VA;L003
1;03;012;012125;12125;Taino;Taino;;Nord-ovest;Lombardia;Varese;1;0;0;VA;L032
1;03;012;012126;12126;Ternate;Ternate;;Nord-ovest;Lombardia;Varese;1;0;0;VA;L115
1;03;012;012127;12127;Tradate;Tradate;;Nord-ovest;Lombardia;Varese;1;0;0;VA;L319
1;03;012;012128;12128;Travedona-Monate;Travedona-Monate;;Nord-ovest;Lombardia;Varese;1;0;0;VA;L342
1;03;012;012129;12129;Tronzano Lago Maggiore;Tronzano Lago Maggiore;;Nord-ovest;Lombardia;Varese;1;0;0;VA;A705
1;03;012;012130;12130;Uboldo;Uboldo;;Nord-ovest;Lombardia;Varese;1;0;0;VA;L480
1;03;012;012131;12131;Valganna;Valganna;;Nord-ovest;Lombardia;Varese;1;0;0;VA;L577
1;03;012;012132;12132;Varano Borghi;Varano Borghi;;Nord-ovest;Lombardia;Varese;1;0;0;VA;L671
1;03;012;012133;12133;Varese;Varese;;Nord-ovest;Lombardia;Varese;1;0;1;VA;L682
1;03;012;012134;12134;Vedano Olona;Vedano Olona;;Nord-ovest;Lombardia;Varese;1;0;0;VA;L703
1;03;012;012135;12135;Veddasca;Veddasca;;Nord-ovest;Lombardia;Varese;1;0;0;VA;L705
1;03;012;012136;12136;Venegono Inferiore;Venegono Inferiore;;Nord-ovest;Lombardia;Varese;1;0;0;VA;L733
1;03;012;012137;12137;Venegono Superiore;Venegono Superiore;;Nord-ovest;Lombardia;Varese;1;0;0;VA;L734
1;03;012;012138;12138;Vergiate;Vergiate;;Nord-ovest;Lombardia;Varese;1;0;0;VA;L765
1;03;012;012139;12139;Viggiù;Viggiù;;Nord-ovest;Lombardia;Varese;1;0;0;VA;L876
1;03;012;012140;12140;Vizzola Ticino;Vizzola Ticino;;Nord-ovest;Lombardia;Varese;1;0;0;VA;M101
1;03;013;013001;13001;Abbadia Lariana;Abbadia Lariana;;Nord-ovest;Lombardia;Como;1;0;0;CO;A005
1;03;013;013002;13002;Airuno;Airuno;;Nord-ovest;Lombardia;Como;1;0;0;CO;A112
1;03;013;013003;13003;Albavilla;Albavilla;;Nord-ovest;Lombardia;Como;1;0;0;CO;A143
1;03;013;013004;13004;Albese con Cassano;Albese con Cassano;;Nord-ovest;Lombardia;Como;1;0;0;CO;A153
1;03;013;013005;13005;Albiolo;Albiolo;;Nord-ovest;Lombardia;Como;1;0;0;CO;A164
1;03;013;013006;13006;Alserio;Alserio;;Nord-ovest;Lombardia;Como;1;0;0;CO;A224
1;03;013;013007;13007;Alzate Brianza;Alzate Brianza;;Nord-ovest;Lombardia;Como;1;0;0;CO;A249
1;03;013;013008;13008;Annone di Brianza;Annone di Brianza;;Nord-ovest;Lombardia;Como;1;0;0;CO;A301
1;03;013;013009;13009;Anzano del Parco;Anzano del Parco;;Nord-ovest;Lombardia;Como;1;0;0;CO;A319
1;03;013;013010;13010;Appiano Gentile;Appiano Gentile;;Nord-ovest;Lombardia;Como;1;0;0;CO;A333
1;03;013;013011;13011;Argegno;Argegno;;Nord-ovest;Lombardia;Como;1;0;0;CO;A391
1;03;013;013012;13012;Arosio;Arosio;;Nord-ovest;Lombardia;Como;1;0;0;CO;A430
1;03;013;013013;13013;Asso;Asso;;Nord-ovest;Lombardia;Como;1;0;0;CO;A476
1;03;013;013014;13014;Ballabio;Ballabio;;Nord-ovest;Lombardia;Como;1;0;0;CO;A594
1;03;013;013015;13015;Barni;Barni;;Nord-ovest;Lombardia;Como;1;0;0;CO;A670
1;03;013;013016;13016;Barzago;Barzago;;Nord-ovest;Lombardia;Como;1;0;0;CO;A683
1;03;013;013017;13017;Barzanò;Barzanò;;Nord-ovest;Lombardia;Como;1;0;0;CO;A686
1;03;013;013018;13018;Barzio;Barzio;;Nord-ovest;Lombardia;Como;1;0;0;CO;A687
1;03;013;013019;13019;Bellagio;Bellagio;;Nord-ovest;Lombardia;Como;1;0;0;CO;A744
1;03;013;013020;13020;Bellano;Bellano;;Nord-ovest;Lombardia;Como;1;0;0;CO;A745
1;03;013;013021;13021;Bene Lario;Bene Lario;;Nord-ovest;Lombardia;Como;1;0;0;CO;A778
1;03;013;013022;13022;Beregazzo con Figliaro;Beregazzo con Figliaro;;Nord-ovest;Lombardia;Como;1;0;0;CO;A791
1;03;013;013023;13023;Binago;Binago;;Nord-ovest;Lombardia;Como;1;0;0;CO;A870
1;03;013;013024;13024;Bizzarone;Bizzarone;;Nord-ovest;Lombardia;Como;1;0;0;CO;A898
1;03;013;013025;13025;Blessagno;Blessagno;;Nord-ovest;Lombardia;Como;1;0;0;CO;A904
1;03;013;013026;13026;Blevio;Blevio;;Nord-ovest;Lombardia;Como;1;0;0;CO;A905
1;03;013;013027;13027;Bosisio Parini;Bosisio Parini;;Nord-ovest;Lombardia;Como;1;0;0;CO;B081
1;03;013;013028;13028;Bregnano;Bregnano;;Nord-ovest;Lombardia;Como;1;0;0;CO;B134
1;03;013;013029;13029;Brenna;Brenna;;Nord-ovest;Lombardia;Como;1;0;0;CO;B144
1;03;013;013030;13030;Brienno;Brienno;;Nord-ovest;Lombardia;Como;1;0;0;CO;B172
1;03;013;013031;13031;Brivio;Brivio;;Nord-ovest;Lombardia;Como;1;0;0;CO;B194
1;03;013;013032;13032;Brunate;Brunate;;Nord-ovest;Lombardia;Como;1;0;0;CO;B218
1;03;013;013033;13033;Bulciago;Bulciago;;Nord-ovest;Lombardia;Como;1;0;0;CO;B261
1;03;013;013034;13034;Bulgarograsso;Bulgarograsso;;Nord-ovest;Lombardia;Como;1;0;0;CO;B262
1;03;013;013035;13035;Cabiate;Cabiate;;Nord-ovest;Lombardia;Como;1;0;0;CO;B313
1;03;013;013036;13036;Cadorago;Cadorago;;Nord-ovest;Lombardia;Como;1;0;0;CO;B346
1;03;013;013037;13037;Caglio;Caglio;;Nord-ovest;Lombardia;Como;1;0;0;CO;B355
1;03;013;013038;13038;Cagno;Cagno;;Nord-ovest;Lombardia;Como;1;0;0;CO;B359
1;03;013;013039;13039;Calco;Calco;;Nord-ovest;Lombardia;Como;1;0;0;CO;B396
1;03;013;013040;13040;Campione d'Italia;Campione d'Italia;;Nord-ovest;Lombardia;Como;1;0;0;CO;B513
1;03;013;013041;13041;Cantù;Cantù;;Nord-ovest;Lombardia;Como;1;0;0;CO;B639
1;03;013;013042;13042;Canzo;Canzo;;Nord-ovest;Lombardia;Como;1;0;0;CO;B641
1;03;013;013043;13043;Capiago Intimiano;Capiago Intimiano;;Nord-ovest;Lombardia;Como;1;0;0;CO;B653
1;03;013;013044;13044;Carate Urio;Carate Urio;;Nord-ovest;Lombardia;Como;1;0;0;CO;B730
1;03;013;013045;13045;Carbonate;Carbonate;;Nord-ovest;Lombardia;Como;1;0;0;CO;B742
1;03;013;013046;13046;Carimate;Carimate;;Nord-ovest;Lombardia;Como;1;0;0;CO;B778
1;03;013;013047;13047;Carlazzo;Carlazzo;;Nord-ovest;Lombardia;Como;1;0;0;CO;B785
1;03;013;013048;13048;Carugo;Carugo;;Nord-ovest;Lombardia;Como;1;0;0;CO;B851
1;03;013;013049;13049;Casargo;Casargo;;Nord-ovest;Lombardia;Como;1;0;0;CO;B937
1;03;013;013050;13050;Casasco d'Intelvi;Casasco d'Intelvi;;Nord-ovest;Lombardia;Como;1;0;0;CO;B942
1;03;013;013051;13051;Casatenovo;Casatenovo;;Nord-ovest;Lombardia;Como;1;0;0;CO;B943
1;03;013;013052;13052;Caslino d'Erba;Caslino d'Erba;;Nord-ovest;Lombardia;Como;1;0;0;CO;B974
1;03;013;013053;13053;Casnate con Bernate;Casnate con Bernate;;Nord-ovest;Lombardia;Como;1;0;0;CO;B977
1;03;013;013054;13054;Cassago Brianza;Cassago Brianza;;Nord-ovest;Lombardia;Como;1;0;0;CO;B996
1;03;013;013055;13055;Cassina Rizzardi;Cassina Rizzardi;;Nord-ovest;Lombardia;Como;1;0;0;CO;C020
1;03;013;013056;13056;Cassina Valsassina;Cassina Valsassina;;Nord-ovest;Lombardia;Como;1;0;0;CO;C024
1;03;013;013057;13057;Castello di Brianza;Castello di Brianza;;Nord-ovest;Lombardia;Como;1;0;0;CO;C187
1;03;013;013058;13058;Castelmarte;Castelmarte;;Nord-ovest;Lombardia;Como;1;0;0;CO;C206
1;03;013;013059;13059;Castelnuovo Bozzente;Castelnuovo Bozzente;;Nord-ovest;Lombardia;Como;1;0;0;CO;C220
1;03;013;013060;13060;Castiglione d'Intelvi;Castiglione d'Intelvi;;Nord-ovest;Lombardia;Como;1;0;0;CO;C299
1;03;013;013061;13061;Cavallasca;Cavallasca;;Nord-ovest;Lombardia;Como;1;0;0;CO;C374
1;03;013;013062;13062;Cavargna;Cavargna;;Nord-ovest;Lombardia;Como;1;0;0;CO;C381
1;03;013;013063;13063;Cerano d'Intelvi;Cerano d'Intelvi;;Nord-ovest;Lombardia;Como;1;0;0;CO;C482
1;03;013;013064;13064;Cermenate;Cermenate;;Nord-ovest;Lombardia;Como;1;0;0;CO;C516
1;03;013;013065;13065;Cernobbio;Cernobbio;;Nord-ovest;Lombardia;Como;1;0;0;CO;C520
1;03;013;013067;13067;Cesana Brianza;Cesana Brianza;;Nord-ovest;Lombardia;Como;1;0;0;CO;C563
1;03;013;013068;13068;Cirimido;Cirimido;;Nord-ovest;Lombardia;Como;1;0;0;CO;C724
1;03;013;013069;13069;Civate;Civate;;Nord-ovest;Lombardia;Como;1;0;0;CO;C752
1;03;013;013070;13070;Civenna;Civenna;;Nord-ovest;Lombardia;Como;1;0;0;CO;C754
1;03;013;013071;13071;Claino con Osteno;Claino con Osteno;;Nord-ovest;Lombardia;Como;1;0;0;CO;C787
1;03;013;013072;13072;Colico;Colico;;Nord-ovest;Lombardia;Como;1;0;0;CO;C839
1;03;013;013073;13073;Colle Brianza;Colle Brianza;;Nord-ovest;Lombardia;Como;1;0;0;CO;C851
1;03;013;013074;13074;Colonno;Colonno;;Nord-ovest;Lombardia;Como;1;0;0;CO;C902
1;03;013;013075;13075;Como;Como;;Nord-ovest;Lombardia;Como;1;0;1;CO;C933
1;03;013;013076;13076;Consiglio di Rumo;Consiglio di Rumo;;Nord-ovest;Lombardia;Como;1;0;0;CO;C965
1;03;013;013077;13077;Corrido;Corrido;;Nord-ovest;Lombardia;Como;1;0;0;CO;D041
1;03;013;013078;13078;Cortenova;Cortenova;;Nord-ovest;Lombardia;Como;1;0;0;CO;D065
1;03;013;013079;13079;Costa Masnaga;Costa Masnaga;;Nord-ovest;Lombardia;Como;1;0;0;CO;D112
1;03;013;013080;13080;Crandola Valsassina;Crandola Valsassina;;Nord-ovest;Lombardia;Como;1;0;0;CO;D131
1;03;013;013081;13081;Cremella;Cremella;;Nord-ovest;Lombardia;Como;1;0;0;CO;D143
1;03;013;013082;13082;Cremeno;Cremeno;;Nord-ovest;Lombardia;Como;1;0;0;CO;D145
1;03;013;013083;13083;Cremia;Cremia;;Nord-ovest;Lombardia;Como;1;0;0;CO;D147
1;03;013;013084;13084;Cucciago;Cucciago;;Nord-ovest;Lombardia;Como;1;0;0;CO;D196
1;03;013;013085;13085;Cusino;Cusino;;Nord-ovest;Lombardia;Como;1;0;0;CO;D232
1;03;013;013086;13086;Dervio;Dervio;;Nord-ovest;Lombardia;Como;1;0;0;CO;D280
1;03;013;013087;13087;Dizzasco;Dizzasco;;Nord-ovest;Lombardia;Como;1;0;0;CO;D310
1;03;013;013088;13088;Dolzago;Dolzago;;Nord-ovest;Lombardia;Como;1;0;0;CO;D327
1;03;013;013089;13089;Domaso;Domaso;;Nord-ovest;Lombardia;Como;1;0;0;CO;D329
1;03;013;013090;13090;Dongo;Dongo;;Nord-ovest;Lombardia;Como;1;0;0;CO;D341
1;03;013;013091;13091;Dorio;Dorio;;Nord-ovest;Lombardia;Como;1;0;0;CO;D346
1;03;013;013092;13092;Dosso del Liro;Dosso del Liro;;Nord-ovest;Lombardia;Como;1;0;0;CO;D355
1;03;013;013093;13093;Drezzo;Drezzo;;Nord-ovest;Lombardia;Como;1;0;0;CO;D369
1;03;013;013094;13094;Ello;Ello;;Nord-ovest;Lombardia;Como;1;0;0;CO;D398
1;03;013;013095;13095;Erba;Erba;;Nord-ovest;Lombardia;Como;1;0;0;CO;D416
1;03;013;013096;13096;Esino Lario;Esino Lario;;Nord-ovest;Lombardia;Como;1;0;0;CO;D436
1;03;013;013097;13097;Eupilio;Eupilio;;Nord-ovest;Lombardia;Como;1;0;0;CO;D445
1;03;013;013098;13098;Faggeto Lario;Faggeto Lario;;Nord-ovest;Lombardia;Como;1;0;0;CO;D462
1;03;013;013099;13099;Faloppio;Faloppio;;Nord-ovest;Lombardia;Como;1;0;0;CO;D482
1;03;013;013100;13100;Fenegrò;Fenegrò;;Nord-ovest;Lombardia;Como;1;0;0;CO;D531
1;03;013;013101;13101;Figino Serenza;Figino Serenza;;Nord-ovest;Lombardia;Como;1;0;0;CO;D579
1;03;013;013102;13102;Fino Mornasco;Fino Mornasco;;Nord-ovest;Lombardia;Como;1;0;0;CO;D605
1;03;013;013103;13103;Galbiate;Galbiate;;Nord-ovest;Lombardia;Como;1;0;0;CO;D865
1;03;013;013104;13104;Garbagnate Monastero;Garbagnate Monastero;;Nord-ovest;Lombardia;Como;1;0;0;CO;D913
1;03;013;013105;13105;Garlate;Garlate;;Nord-ovest;Lombardia;Como;1;0;0;CO;D926
1;03;013;013106;13106;Garzeno;Garzeno;;Nord-ovest;Lombardia;Como;1;0;0;CO;D930
1;03;013;013107;13107;Gera Lario;Gera Lario;;Nord-ovest;Lombardia;Como;1;0;0;CO;D974
1;03;013;013108;13108;Germasino;Germasino;;Nord-ovest;Lombardia;Como;1;0;0;CO;D986
1;03;013;013109;13109;Gironico;Gironico;;Nord-ovest;Lombardia;Como;1;0;0;CO;E051
1;03;013;013110;13110;Grandate;Grandate;;Nord-ovest;Lombardia;Como;1;0;0;CO;E139
1;03;013;013111;13111;Grandola ed Uniti;Grandola ed Uniti;;Nord-ovest;Lombardia;Como;1;0;0;CO;E141
1;03;013;013112;13112;Gravedona;Gravedona;;Nord-ovest;Lombardia;Como;1;0;0;CO;E151
1;03;013;013113;13113;Griante;Griante;;Nord-ovest;Lombardia;Como;1;0;0;CO;E172
1;03;013;013114;13114;Guanzate;Guanzate;;Nord-ovest;Lombardia;Como;1;0;0;CO;E235
1;03;013;013115;13115;Imbersago;Imbersago;;Nord-ovest;Lombardia;Como;1;0;0;CO;E287
1;03;013;013116;13116;Introbio;Introbio;;Nord-ovest;Lombardia;Como;1;0;0;CO;E305
1;03;013;013117;13117;Introzzo;Introzzo;;Nord-ovest;Lombardia;Como;1;0;0;CO;E308
1;03;013;013118;13118;Inverigo;Inverigo;;Nord-ovest;Lombardia;Como;1;0;0;CO;E309
1;03;013;013119;13119;Laglio;Laglio;;Nord-ovest;Lombardia;Como;1;0;0;CO;E405
1;03;013;013120;13120;Laino;Laino;;Nord-ovest;Lombardia;Como;1;0;0;CO;E416
1;03;013;013121;13121;Lambrugo;Lambrugo;;Nord-ovest;Lombardia;Como;1;0;0;CO;E428
1;03;013;013122;13122;Lanzo d'Intelvi;Lanzo d'Intelvi;;Nord-ovest;Lombardia;Como;1;0;0;CO;E444
1;03;013;013123;13123;Lasnigo;Lasnigo;;Nord-ovest;Lombardia;Como;1;0;0;CO;E462
1;03;013;013124;13124;Lecco;Lecco;;Nord-ovest;Lombardia;Como;1;0;0;CO;E507
1;03;013;013125;13125;Lenno;Lenno;;Nord-ovest;Lombardia;Como;1;0;0;CO;E525
1;03;013;013126;13126;Lezzeno;Lezzeno;;Nord-ovest;Lombardia;Como;1;0;0;CO;E569
1;03;013;013127;13127;Lierna;Lierna;;Nord-ovest;Lombardia;Como;1;0;0;CO;E581
1;03;013;013128;13128;Limido Comasco;Limido Comasco;;Nord-ovest;Lombardia;Como;1;0;0;CO;E593
1;03;013;013129;13129;Lipomo;Lipomo;;Nord-ovest;Lombardia;Como;1;0;0;CO;E607
1;03;013;013130;13130;Livo;Livo;;Nord-ovest;Lombardia;Como;1;0;0;CO;E623
1;03;013;013131;13131;Locate Varesino;Locate Varesino;;Nord-ovest;Lombardia;Como;1;0;0;CO;E638
1;03;013;013132;13132;Lomagna;Lomagna;;Nord-ovest;Lombardia;Como;1;0;0;CO;E656
1;03;013;013133;13133;Lomazzo;Lomazzo;;Nord-ovest;Lombardia;Como;1;0;0;CO;E659
1;03;013;013134;13134;Longone al Segrino;Longone al Segrino;;Nord-ovest;Lombardia;Como;1;0;0;CO;E679
1;03;013;013135;13135;Luisago;Luisago;;Nord-ovest;Lombardia;Como;1;0;0;CO;E735
1;03;013;013136;13136;Lurago d'Erba;Lurago d'Erba;;Nord-ovest;Lombardia;Como;1;0;0;CO;E749
1;03;013;013137;13137;Lurago Marinone;Lurago Marinone;;Nord-ovest;Lombardia;Como;1;0;0;CO;E750
1;03;013;013138;13138;Lurate Caccivio;Lurate Caccivio;;Nord-ovest;Lombardia;Como;1;0;0;CO;E753
1;03;013;013139;13139;Magreglio;Magreglio;;Nord-ovest;Lombardia;Como;1;0;0;CO;E830
1;03;013;013140;13140;Malgrate;Malgrate;;Nord-ovest;Lombardia;Como;1;0;0;CO;E858
1;03;013;013141;13141;Mandello del Lario;Mandello del Lario;;Nord-ovest;Lombardia;Como;1;0;0;CO;E879
1;03;013;013142;13142;Margno;Margno;;Nord-ovest;Lombardia;Como;1;0;0;CO;E947
1;03;013;013143;13143;Mariano Comense;Mariano Comense;;Nord-ovest;Lombardia;Como;1;0;0;CO;E951
1;03;013;013144;13144;Maslianico;Maslianico;;Nord-ovest;Lombardia;Como;1;0;0;CO;F017
1;03;013;013145;13145;Menaggio;Menaggio;;Nord-ovest;Lombardia;Como;1;0;0;CO;F120
1;03;013;013146;13146;Merate;Merate;;Nord-ovest;Lombardia;Como;1;0;0;CO;F133
1;03;013;013147;13147;Merone;Merone;;Nord-ovest;Lombardia;Como;1;0;0;CO;F151
1;03;013;013148;13148;Mezzegra;Mezzegra;;Nord-ovest;Lombardia;Como;1;0;0;CO;F181
1;03;013;013149;13149;Missaglia;Missaglia;;Nord-ovest;Lombardia;Como;1;0;0;CO;F248
1;03;013;013150;13150;Moggio;Moggio;;Nord-ovest;Lombardia;Como;1;0;0;CO;F265
1;03;013;013151;13151;Molteno;Molteno;;Nord-ovest;Lombardia;Como;1;0;0;CO;F304
1;03;013;013152;13152;Moltrasio;Moltrasio;;Nord-ovest;Lombardia;Como;1;0;0;CO;F305
1;03;013;013153;13153;Monguzzo;Monguzzo;;Nord-ovest;Lombardia;Como;1;0;0;CO;F372
1;03;013;013154;13154;Montano Lucino;Montano Lucino;;Nord-ovest;Lombardia;Como;1;0;0;CO;F427
1;03;013;013155;13155;Montemezzo;Montemezzo;;Nord-ovest;Lombardia;Como;1;0;0;CO;F564
1;03;013;013156;13156;Monticello Brianza;Monticello Brianza;;Nord-ovest;Lombardia;Como;1;0;0;CO;F674
1;03;013;013157;13157;Montorfano;Montorfano;;Nord-ovest;Lombardia;Como;1;0;0;CO;F688
1;03;013;013158;13158;Morterone;Morterone;;Nord-ovest;Lombardia;Como;1;0;0;CO;F758
1;03;013;013159;13159;Mozzate;Mozzate;;Nord-ovest;Lombardia;Como;1;0;0;CO;F788
1;03;013;013160;13160;Musso;Musso;;Nord-ovest;Lombardia;Como;1;0;0;CO;F828
1;03;013;013161;13161;Nesso;Nesso;;Nord-ovest;Lombardia;Como;1;0;0;CO;F877
1;03;013;013162;13162;Nibionno;Nibionno;;Nord-ovest;Lombardia;Como;1;0;0;CO;F887
1;03;013;013163;13163;Novedrate;Novedrate;;Nord-ovest;Lombardia;Como;1;0;0;CO;F958
1;03;013;013164;13164;Oggiono;Oggiono;;Nord-ovest;Lombardia;Como;1;0;0;CO;G009
1;03;013;013165;13165;Olgiate Comasco;Olgiate Comasco;;Nord-ovest;Lombardia;Como;1;0;0;CO;G025
1;03;013;013166;13166;Olgiate Molgora;Olgiate Molgora;;Nord-ovest;Lombardia;Como;1;0;0;CO;G026
1;03;013;013167;13167;Olginate;Olginate;;Nord-ovest;Lombardia;Como;1;0;0;CO;G030
1;03;013;013168;13168;Oliveto Lario;Oliveto Lario;;Nord-ovest;Lombardia;Como;1;0;0;CO;G040
1;03;013;013169;13169;Oltrona di San Mamette;Oltrona di San Mamette;;Nord-ovest;Lombardia;Como;1;0;0;CO;G056
1;03;013;013170;13170;Orsenigo;Orsenigo;;Nord-ovest;Lombardia;Como;1;0;0;CO;G126
1;03;013;013171;13171;Osnago;Osnago;;Nord-ovest;Lombardia;Como;1;0;0;CO;G161
1;03;013;013172;13172;Ossuccio;Ossuccio;;Nord-ovest;Lombardia;Como;1;0;0;CO;G182
1;03;013;013173;13173;Paderno d'Adda;Paderno d'Adda;;Nord-ovest;Lombardia;Como;1;0;0;CO;G218
1;03;013;013174;13174;Pagnona;Pagnona;;Nord-ovest;Lombardia;Como;1;0;0;CO;G241
1;03;013;013175;13175;Parè;Parè;;Nord-ovest;Lombardia;Como;1;0;0;CO;G329
1;03;013;013176;13176;Parlasco;Parlasco;;Nord-ovest;Lombardia;Como;1;0;0;CO;G336
1;03;013;013177;13177;Pasturo;Pasturo;;Nord-ovest;Lombardia;Como;1;0;0;CO;G368
1;03;013;013178;13178;Peglio;Peglio;;Nord-ovest;Lombardia;Como;1;0;0;CO;G415
1;03;013;013179;13179;Pellio Intelvi;Pellio Intelvi;;Nord-ovest;Lombardia;Como;1;0;0;CO;G427
1;03;013;013180;13180;Perego;Perego;;Nord-ovest;Lombardia;Como;1;0;0;CO;G448
1;03;013;013181;13181;Perledo;Perledo;;Nord-ovest;Lombardia;Como;1;0;0;CO;G456
1;03;013;013182;13182;Pescate;Pescate;;Nord-ovest;Lombardia;Como;1;0;0;CO;G485
1;03;013;013183;13183;Pianello del Lario;Pianello del Lario;;Nord-ovest;Lombardia;Como;1;0;0;CO;G556
1;03;013;013184;13184;Pigra;Pigra;;Nord-ovest;Lombardia;Como;1;0;0;CO;G665
1;03;013;013185;13185;Plesio;Plesio;;Nord-ovest;Lombardia;Como;1;0;0;CO;G737
1;03;013;013186;13186;Pognana Lario;Pognana Lario;;Nord-ovest;Lombardia;Como;1;0;0;CO;G773
1;03;013;013187;13187;Ponna;Ponna;;Nord-ovest;Lombardia;Como;1;0;0;CO;G821
1;03;013;013188;13188;Ponte Lambro;Ponte Lambro;;Nord-ovest;Lombardia;Como;1;0;0;CO;G847
1;03;013;013189;13189;Porlezza;Porlezza;;Nord-ovest;Lombardia;Como;1;0;0;CO;G889
1;03;013;013190;13190;Premana;Premana;;Nord-ovest;Lombardia;Como;1;0;0;CO;H028
1;03;013;013191;13191;Primaluna;Primaluna;;Nord-ovest;Lombardia;Como;1;0;0;CO;H063
1;03;013;013192;13192;Proserpio;Proserpio;;Nord-ovest;Lombardia;Como;1;0;0;CO;H074
1;03;013;013193;13193;Pusiano;Pusiano;;Nord-ovest;Lombardia;Como;1;0;0;CO;H094
1;03;013;013194;13194;Ramponio Verna;Ramponio Verna;;Nord-ovest;Lombardia;Como;1;0;0;CO;H171
1;03;013;013195;13195;Rezzago;Rezzago;;Nord-ovest;Lombardia;Como;1;0;0;CO;H255
1;03;013;013196;13196;Robbiate;Robbiate;;Nord-ovest;Lombardia;Como;1;0;0;CO;G223
1;03;013;013197;13197;Rodero;Rodero;;Nord-ovest;Lombardia;Como;1;0;0;CO;H478
1;03;013;013198;13198;Rogeno;Rogeno;;Nord-ovest;Lombardia;Como;1;0;0;CO;H486
1;03;013;013199;13199;Ronago;Ronago;;Nord-ovest;Lombardia;Como;1;0;0;CO;H521
1;03;013;013200;13200;Rovagnate;Rovagnate;;Nord-ovest;Lombardia;Como;1;0;0;CO;H596
1;03;013;013201;13201;Rovellasca;Rovellasca;;Nord-ovest;Lombardia;Como;1;0;0;CO;H601
1;03;013;013202;13202;Rovello Porro;Rovello Porro;;Nord-ovest;Lombardia;Como;1;0;0;CO;H602
1;03;013;013203;13203;Sala Comacina;Sala Comacina;;Nord-ovest;Lombardia;Como;1;0;0;CO;H679
1;03;013;013204;13204;San Bartolomeo Val Cavargna;San Bartolomeo Val Cavargna;;Nord-ovest;Lombardia;Como;1;0;0;CO;H760
1;03;013;013205;13205;San Fedele Intelvi;San Fedele Intelvi;;Nord-ovest;Lombardia;Como;1;0;0;CO;H830
1;03;013;013206;13206;San Fermo della Battaglia;San Fermo della Battaglia;;Nord-ovest;Lombardia;Como;1;0;0;CO;H840
1;03;013;013207;13207;San Nazzaro Val Cavargna;San Nazzaro Val Cavargna;;Nord-ovest;Lombardia;Como;1;0;0;CO;I051
1;03;013;013208;13208;Sant'Abbondio;Sant'Abbondio;;Nord-ovest;Lombardia;Como;1;0;0;CO;I167
1;03;013;013209;13209;Santa Maria Hoè;Santa Maria Hoè;;Nord-ovest;Lombardia;Como;1;0;0;CO;I243
1;03;013;013210;13210;Santa Maria Rezzonico;Santa Maria Rezzonico;;Nord-ovest;Lombardia;Como;1;0;0;CO;I252
1;03;013;013211;13211;Schignano;Schignano;;Nord-ovest;Lombardia;Como;1;0;0;CO;I529
1;03;013;013212;13212;Senna Comasco;Senna Comasco;;Nord-ovest;Lombardia;Como;1;0;0;CO;I611
1;03;013;013213;13213;Sirone;Sirone;;Nord-ovest;Lombardia;Como;1;0;0;CO;I759
1;03;013;013214;13214;Sirtori;Sirtori;;Nord-ovest;Lombardia;Como;1;0;0;CO;I761
1;03;013;013215;13215;Solbiate;Solbiate;;Nord-ovest;Lombardia;Como;1;0;0;CO;I792
1;03;013;013216;13216;Sorico;Sorico;;Nord-ovest;Lombardia;Como;1;0;0;CO;I856
1;03;013;013217;13217;Sormano;Sormano;;Nord-ovest;Lombardia;Como;1;0;0;CO;I860
1;03;013;013218;13218;Stazzona;Stazzona;;Nord-ovest;Lombardia;Como;1;0;0;CO;I943
1;03;013;013219;13219;Sueglio;Sueglio;;Nord-ovest;Lombardia;Como;1;0;0;CO;I994
1;03;013;013220;13220;Suello;Suello;;Nord-ovest;Lombardia;Como;1;0;0;CO;I996
1;03;013;013221;13221;Taceno;Taceno;;Nord-ovest;Lombardia;Como;1;0;0;CO;L022
1;03;013;013222;13222;Tavernerio;Tavernerio;;Nord-ovest;Lombardia;Como;1;0;0;CO;L071
1;03;013;013223;13223;Torno;Torno;;Nord-ovest;Lombardia;Como;1;0;0;CO;L228
1;03;013;013224;13224;Tremenico;Tremenico;;Nord-ovest;Lombardia;Como;1;0;0;CO;L368
1;03;013;013225;13225;Tremezzo;Tremezzo;;Nord-ovest;Lombardia;Como;1;0;0;CO;L371
1;03;013;013226;13226;Trezzone;Trezzone;;Nord-ovest;Lombardia;Como;1;0;0;CO;L413
1;03;013;013227;13227;Turate;Turate;;Nord-ovest;Lombardia;Como;1;0;0;CO;L470
1;03;013;013228;13228;Uggiate-Trevano;Uggiate-Trevano;;Nord-ovest;Lombardia;Como;1;0;0;CO;L487
1;03;013;013229;13229;Valbrona;Valbrona;;Nord-ovest;Lombardia;Como;1;0;0;CO;L547
1;03;013;013230;13230;Valgreghentino;Valgreghentino;;Nord-ovest;Lombardia;Como;1;0;0;CO;L581
1;03;013;013231;13231;Valmadrera;Valmadrera;;Nord-ovest;Lombardia;Como;1;0;0;CO;L634
1;03;013;013232;13232;Valmorea;Valmorea;;Nord-ovest;Lombardia;Como;1;0;0;CO;L640
1;03;013;013233;13233;Val Rezzo;Val Rezzo;;Nord-ovest;Lombardia;Como;1;0;0;CO;H259
1;03;013;013234;13234;Valsolda;Valsolda;;Nord-ovest;Lombardia;Como;1;0;0;CO;C936
1;03;013;013235;13235;Varenna;Varenna;;Nord-ovest;Lombardia;Como;1;0;0;CO;L680
1;03;013;013236;13236;Veleso;Veleso;;Nord-ovest;Lombardia;Como;1;0;0;CO;L715
1;03;013;013237;13237;Vendrogno;Vendrogno;;Nord-ovest;Lombardia;Como;1;0;0;CO;L731
1;03;013;013238;13238;Veniano;Veniano;;Nord-ovest;Lombardia;Como;1;0;0;CO;L737
1;03;013;013239;13239;Vercana;Vercana;;Nord-ovest;Lombardia;Como;1;0;0;CO;L748
1;03;013;013240;13240;Verderio Inferiore;Verderio Inferiore;;Nord-ovest;Lombardia;Como;1;0;0;CO;L755
1;03;013;013241;13241;Verderio Superiore;Verderio Superiore;;Nord-ovest;Lombardia;Como;1;0;0;CO;L756
1;03;013;013242;13242;Vertemate con Minoprio;Vertemate con Minoprio;;Nord-ovest;Lombardia;Como;1;0;0;CO;L792
1;03;013;013243;13243;Vestreno;Vestreno;;Nord-ovest;Lombardia;Como;1;0;0;CO;L813
1;03;013;013244;13244;Viganò;Viganò;;Nord-ovest;Lombardia;Como;1;0;0;CO;L866
1;03;013;013245;13245;Villa Guardia;Villa Guardia;;Nord-ovest;Lombardia;Como;1;0;0;CO;L956
1;03;013;013246;13246;Zelbio;Zelbio;;Nord-ovest;Lombardia;Como;1;0;0;CO;M156
1;03;013;013854;13854;Cernusco Montevecchia;Cernusco Montevecchia;;Nord-ovest;Lombardia;Como;1;0;0;CO;C522
1;03;014;014001;14001;Albaredo per San Marco;Albaredo per San Marco;;Nord-ovest;Lombardia;Sondrio;1;0;0;SO;A135
1;03;014;014002;14002;Albosaggia;Albosaggia;;Nord-ovest;Lombardia;Sondrio;1;0;0;SO;A172
1;03;014;014003;14003;Andalo Valtellino;Andalo Valtellino;;Nord-ovest;Lombardia;Sondrio;1;0;0;SO;A273
1;03;014;014004;14004;Aprica;Aprica;;Nord-ovest;Lombardia;Sondrio;1;0;0;SO;A337
1;03;014;014005;14005;Ardenno;Ardenno;;Nord-ovest;Lombardia;Sondrio;1;0;0;SO;A382
1;03;014;014006;14006;Bema;Bema;;Nord-ovest;Lombardia;Sondrio;1;0;0;SO;A777
1;03;014;014007;14007;Berbenno di Valtellina;Berbenno di Valtellina;;Nord-ovest;Lombardia;Sondrio;1;0;0;SO;A787
1;03;014;014008;14008;Bianzone;Bianzone;;Nord-ovest;Lombardia;Sondrio;1;0;0;SO;A848
1;03;014;014009;14009;Bormio;Bormio;;Nord-ovest;Lombardia;Sondrio;1;0;0;SO;B049
1;03;014;014010;14010;Buglio in Monte;Buglio in Monte;;Nord-ovest;Lombardia;Sondrio;1;0;0;SO;B255
1;03;014;014011;14011;Caiolo;Caiolo;;Nord-ovest;Lombardia;Sondrio;1;0;0;SO;B366
1;03;014;014012;14012;Campodolcino;Campodolcino;;Nord-ovest;Lombardia;Sondrio;1;0;0;SO;B530
1;03;014;014013;14013;Caspoggio;Caspoggio;;Nord-ovest;Lombardia;Sondrio;1;0;0;SO;B993
1;03;014;014014;14014;Castello dell'Acqua;Castello dell'Acqua;;Nord-ovest;Lombardia;Sondrio;1;0;0;SO;C186
1;03;014;014015;14015;Castione Andevenno;Castione Andevenno;;Nord-ovest;Lombardia;Sondrio;1;0;0;SO;C325
1;03;014;014016;14016;Cedrasco;Cedrasco;;Nord-ovest;Lombardia;Sondrio;1;0;0;SO;C418
1;03;014;014017;14017;Cercino;Cercino;;Nord-ovest;Lombardia;Sondrio;1;0;0;SO;C493
1;03;014;014018;14018;Chiavenna;Chiavenna;;Nord-ovest;Lombardia;Sondrio;1;0;0;SO;C623
1;03;014;014019;14019;Chiesa in Valmalenco;Chiesa in Valmalenco;;Nord-ovest;Lombardia;Sondrio;1;0;0;SO;C628
1;03;014;014020;14020;Chiuro;Chiuro;;Nord-ovest;Lombardia;Sondrio;1;0;0;SO;C651
1;03;014;014021;14021;Cino;Cino;;Nord-ovest;Lombardia;Sondrio;1;0;0;SO;C709
1;03;014;014022;14022;Civo;Civo;;Nord-ovest;Lombardia;Sondrio;1;0;0;SO;C785
1;03;014;014023;14023;Colorina;Colorina;;Nord-ovest;Lombardia;Sondrio;1;0;0;SO;C903
1;03;014;014024;14024;Cosio Valtellino;Cosio Valtellino;;Nord-ovest;Lombardia;Sondrio;1;0;0;SO;D088
1;03;014;014025;14025;Dazio;Dazio;;Nord-ovest;Lombardia;Sondrio;1;0;0;SO;D258
1;03;014;014026;14026;Delebio;Delebio;;Nord-ovest;Lombardia;Sondrio;1;0;0;SO;D266
1;03;014;014027;14027;Dubino;Dubino;;Nord-ovest;Lombardia;Sondrio;1;0;0;SO;D377
1;03;014;014028;14028;Faedo Valtellino;Faedo Valtellino;;Nord-ovest;Lombardia;Sondrio;1;0;0;SO;D456
1;03;014;014029;14029;Forcola;Forcola;;Nord-ovest;Lombardia;Sondrio;1;0;0;SO;D694
1;03;014;014030;14030;Fusine;Fusine;;Nord-ovest;Lombardia;Sondrio;1;0;0;SO;D830
1;03;014;014031;14031;Gerola Alta;Gerola Alta;;Nord-ovest;Lombardia;Sondrio;1;0;0;SO;D990
1;03;014;014032;14032;Gordona;Gordona;;Nord-ovest;Lombardia;Sondrio;1;0;0;SO;E090
1;03;014;014033;14033;Grosio;Grosio;;Nord-ovest;Lombardia;Sondrio;1;0;0;SO;E200
1;03;014;014034;14034;Grosotto;Grosotto;;Nord-ovest;Lombardia;Sondrio;1;0;0;SO;E201
1;03;014;014035;14035;Isolato;Isolato;;Nord-ovest;Lombardia;Sondrio;1;0;0;SO;E342
1;03;014;014036;14036;Lanzada;Lanzada;;Nord-ovest;Lombardia;Sondrio;1;0;0;SO;E443
1;03;014;014037;14037;Livigno;Livigno;;Nord-ovest;Lombardia;Sondrio;1;0;0;SO;E621
1;03;014;014038;14038;Lovero;Lovero;;Nord-ovest;Lombardia;Sondrio;1;0;0;SO;E705
1;03;014;014039;14039;Mantello;Mantello;;Nord-ovest;Lombardia;Sondrio;1;0;0;SO;E896
1;03;014;014040;14040;Mazzo di Valtellina;Mazzo di Valtellina;;Nord-ovest;Lombardia;Sondrio;1;0;0;SO;F070
1;03;014;014041;14041;Mello;Mello;;Nord-ovest;Lombardia;Sondrio;1;0;0;SO;F115
1;03;014;014042;14042;Menarola;Menarola;;Nord-ovest;Lombardia;Sondrio;1;0;0;SO;F121
1;03;014;014043;14043;Mese;Mese;;Nord-ovest;Lombardia;Sondrio;1;0;0;SO;F153
1;03;014;014044;14044;Montagna in Valtellina;Montagna in Valtellina;;Nord-ovest;Lombardia;Sondrio;1;0;0;SO;F393
1;03;014;014045;14045;Morbegno;Morbegno;;Nord-ovest;Lombardia;Sondrio;1;0;0;SO;F712
1;03;014;014046;14046;Novate Mezzola;Novate Mezzola;;Nord-ovest;Lombardia;Sondrio;1;0;0;SO;F956
1;03;014;014047;14047;Pedesina;Pedesina;;Nord-ovest;Lombardia;Sondrio;1;0;0;SO;G410
1;03;014;014048;14048;Piantedo;Piantedo;;Nord-ovest;Lombardia;Sondrio;1;0;0;SO;G572
1;03;014;014049;14049;Piateda;Piateda;;Nord-ovest;Lombardia;Sondrio;1;0;0;SO;G576
1;03;014;014050;14050;Piuro;Piuro;;Nord-ovest;Lombardia;Sondrio;1;0;0;SO;G718
1;03;014;014051;14051;Poggiridenti;Poggiridenti;;Nord-ovest;Lombardia;Sondrio;1;0;0;SO;G431
1;03;014;014052;14052;Ponte in Valtellina;Ponte in Valtellina;;Nord-ovest;Lombardia;Sondrio;1;0;0;SO;G829
1;03;014;014053;14053;Postalesio;Postalesio;;Nord-ovest;Lombardia;Sondrio;1;0;0;SO;G937
1;03;014;014054;14054;Prata Camportaccio;Prata Camportaccio;;Nord-ovest;Lombardia;Sondrio;1;0;0;SO;G993
1;03;014;014055;14055;Rasura;Rasura;;Nord-ovest;Lombardia;Sondrio;1;0;0;SO;H192
1;03;014;014056;14056;Rogolo;Rogolo;;Nord-ovest;Lombardia;Sondrio;1;0;0;SO;H493
1;03;014;014057;14057;Samolaco;Samolaco;;Nord-ovest;Lombardia;Sondrio;1;0;0;SO;H752
1;03;014;014058;14058;San Giacomo Filippo;San Giacomo Filippo;;Nord-ovest;Lombardia;Sondrio;1;0;0;SO;H868
1;03;014;014059;14059;Sernio;Sernio;;Nord-ovest;Lombardia;Sondrio;1;0;0;SO;I636
1;03;014;014060;14060;Sondalo;Sondalo;;Nord-ovest;Lombardia;Sondrio;1;0;0;SO;I828
1;03;014;014061;14061;Sondrio;Sondrio;;Nord-ovest;Lombardia;Sondrio;1;0;1;SO;I829
1;03;014;014062;14062;Spriana;Spriana;;Nord-ovest;Lombardia;Sondrio;1;0;0;SO;I928
1;03;014;014063;14063;Talamona;Talamona;;Nord-ovest;Lombardia;Sondrio;1;0;0;SO;L035
1;03;014;014064;14064;Tartano;Tartano;;Nord-ovest;Lombardia;Sondrio;1;0;0;SO;L056
1;03;014;014065;14065;Teglio;Teglio;;Nord-ovest;Lombardia;Sondrio;1;0;0;SO;L084
1;03;014;014066;14066;Tirano;Tirano;;Nord-ovest;Lombardia;Sondrio;1;0;0;SO;L175
1;03;014;014067;14067;Torre di Santa Maria;Torre di Santa Maria;;Nord-ovest;Lombardia;Sondrio;1;0;0;SO;L244
1;03;014;014068;14068;Tovo di Sant'Agata;Tovo di Sant'Agata;;Nord-ovest;Lombardia;Sondrio;1;0;0;SO;L316
1;03;014;014069;14069;Traona;Traona;;Nord-ovest;Lombardia;Sondrio;1;0;0;SO;L330
1;03;014;014070;14070;Tresivio;Tresivio;;Nord-ovest;Lombardia;Sondrio;1;0;0;SO;L392
1;03;014;014071;14071;Valdidentro;Valdidentro;;Nord-ovest;Lombardia;Sondrio;1;0;0;SO;L557
1;03;014;014072;14072;Valdisotto;Valdisotto;;Nord-ovest;Lombardia;Sondrio;1;0;0;SO;L563
1;03;014;014073;14073;Valfurva;Valfurva;;Nord-ovest;Lombardia;Sondrio;1;0;0;SO;L576
1;03;014;014074;14074;Val Masino;Val Masino;;Nord-ovest;Lombardia;Sondrio;1;0;0;SO;L638
1;03;014;014075;14075;Verceia;Verceia;;Nord-ovest;Lombardia;Sondrio;1;0;0;SO;L749
1;03;014;014076;14076;Vervio;Vervio;;Nord-ovest;Lombardia;Sondrio;1;0;0;SO;L799
1;03;014;014077;14077;Villa di Chiavenna;Villa di Chiavenna;;Nord-ovest;Lombardia;Sondrio;1;0;0;SO;L907
1;03;014;014078;14078;Villa di Tirano;Villa di Tirano;;Nord-ovest;Lombardia;Sondrio;1;0;0;SO;L908
1;03;015;015001;15001;Abbadia Cerreto;Abbadia Cerreto;;Nord-ovest;Lombardia;Milano;1;0;0;MI;A004
1;03;015;015002;15002;Abbiategrasso;Abbiategrasso;;Nord-ovest;Lombardia;Milano;1;0;0;MI;A010
1;03;015;015003;15003;Agrate Brianza;Agrate Brianza;;Nord-ovest;Lombardia;Milano;1;0;0;MI;A087
1;03;015;015004;15004;Aicurzio;Aicurzio;;Nord-ovest;Lombardia;Milano;1;0;0;MI;A096
1;03;015;015005;15005;Albairate;Albairate;;Nord-ovest;Lombardia;Milano;1;0;0;MI;A127
1;03;015;015006;15006;Albiate;Albiate;;Nord-ovest;Lombardia;Milano;1;0;0;MI;A159
1;03;015;015007;15007;Arconate;Arconate;;Nord-ovest;Lombardia;Milano;1;0;0;MI;A375
1;03;015;015008;15008;Arcore;Arcore;;Nord-ovest;Lombardia;Milano;1;0;0;MI;A376
1;03;015;015009;15009;Arese;Arese;;Nord-ovest;Lombardia;Milano;1;0;0;MI;A389
1;03;015;015010;15010;Arluno;Arluno;;Nord-ovest;Lombardia;Milano;1;0;0;MI;A413
1;03;015;015011;15011;Assago;Assago;;Nord-ovest;Lombardia;Milano;1;0;0;MI;A473
1;03;015;015012;15012;Bareggio;Bareggio;;Nord-ovest;Lombardia;Milano;1;0;0;MI;A652
1;03;015;015013;15013;Barlassina;Barlassina;;Nord-ovest;Lombardia;Milano;1;0;0;MI;A668
1;03;015;015014;15014;Basiano;Basiano;;Nord-ovest;Lombardia;Milano;1;0;0;MI;A697
1;03;015;015015;15015;Basiglio;Basiglio;;Nord-ovest;Lombardia;Milano;1;0;0;MI;A699
1;03;015;015016;15016;Bellinzago Lombardo;Bellinzago Lombardo;;Nord-ovest;Lombardia;Milano;1;0;0;MI;A751
1;03;015;015017;15017;Bellusco;Bellusco;;Nord-ovest;Lombardia;Milano;1;0;0;MI;A759
1;03;015;015018;15018;Bernareggio;Bernareggio;;Nord-ovest;Lombardia;Milano;1;0;0;MI;A802
1;03;015;015019;15019;Bernate Ticino;Bernate Ticino;;Nord-ovest;Lombardia;Milano;1;0;0;MI;A804
1;03;015;015020;15020;Bertonico;Bertonico;;Nord-ovest;Lombardia;Milano;1;0;0;MI;A811
1;03;015;015021;15021;Besana in Brianza;Besana in Brianza;;Nord-ovest;Lombardia;Milano;1;0;0;MI;A818
1;03;015;015022;15022;Besate;Besate;;Nord-ovest;Lombardia;Milano;1;0;0;MI;A820
1;03;015;015023;15023;Biassono;Biassono;;Nord-ovest;Lombardia;Milano;1;0;0;MI;A849
1;03;015;015024;15024;Binasco;Binasco;;Nord-ovest;Lombardia;Milano;1;0;0;MI;A872
1;03;015;015025;15025;Boffalora d'Adda;Boffalora d'Adda;;Nord-ovest;Lombardia;Milano;1;0;0;MI;A919
1;03;015;015026;15026;Boffalora sopra Ticino;Boffalora sopra Ticino;;Nord-ovest;Lombardia;Milano;1;0;0;MI;A920
1;03;015;015027;15027;Bollate;Bollate;;Nord-ovest;Lombardia;Milano;1;0;0;MI;A940
1;03;015;015028;15028;Borghetto Lodigiano;Borghetto Lodigiano;;Nord-ovest;Lombardia;Milano;1;0;0;MI;A995
1;03;015;015029;15029;Borgo San Giovanni;Borgo San Giovanni;;Nord-ovest;Lombardia;Milano;1;0;0;MI;B017
1;03;015;015030;15030;Bovisio-Masciago;Bovisio-Masciago;;Nord-ovest;Lombardia;Milano;1;0;0;MI;B105
1;03;015;015031;15031;Brembio;Brembio;;Nord-ovest;Lombardia;Milano;1;0;0;MI;B141
1;03;015;015032;15032;Bresso;Bresso;;Nord-ovest;Lombardia;Milano;1;0;0;MI;B162
1;03;015;015033;15033;Briosco;Briosco;;Nord-ovest;Lombardia;Milano;1;0;0;MI;B187
1;03;015;015034;15034;Brugherio;Brugherio;;Nord-ovest;Lombardia;Milano;1;0;0;MI;B212
1;03;015;015035;15035;Bubbiano;Bubbiano;;Nord-ovest;Lombardia;Milano;1;0;0;MI;B235
1;03;015;015036;15036;Buccinasco;Buccinasco;;Nord-ovest;Lombardia;Milano;1;0;0;MI;B240
1;03;015;015037;15037;Burago di Molgora;Burago di Molgora;;Nord-ovest;Lombardia;Milano;1;0;0;MI;B272
1;03;015;015038;15038;Buscate;Buscate;;Nord-ovest;Lombardia;Milano;1;0;0;MI;B286
1;03;015;015039;15039;Busnago;Busnago;;Nord-ovest;Lombardia;Milano;1;0;0;MI;B289
1;03;015;015040;15040;Bussero;Bussero;;Nord-ovest;Lombardia;Milano;1;0;0;MI;B292
1;03;015;015041;15041;Busto Garolfo;Busto Garolfo;;Nord-ovest;Lombardia;Milano;1;0;0;MI;B301
1;03;015;015042;15042;Calvignasco;Calvignasco;;Nord-ovest;Lombardia;Milano;1;0;0;MI;B448
1;03;015;015043;15043;Camairago;Camairago;;Nord-ovest;Lombardia;Milano;1;0;0;MI;B456
1;03;015;015044;15044;Cambiago;Cambiago;;Nord-ovest;Lombardia;Milano;1;0;0;MI;B461
1;03;015;015045;15045;Camparada;Camparada;;Nord-ovest;Lombardia;Milano;1;0;0;MI;B501
1;03;015;015046;15046;Canegrate;Canegrate;;Nord-ovest;Lombardia;Milano;1;0;0;MI;B593
1;03;015;015047;15047;Caponago;Caponago;;Nord-ovest;Lombardia;Milano;1;0;0;MI;B671
1;03;015;015048;15048;Carate Brianza;Carate Brianza;;Nord-ovest;Lombardia;Milano;1;0;0;MI;B729
1;03;015;015049;15049;Carnate;Carnate;;Nord-ovest;Lombardia;Milano;1;0;0;MI;B798
1;03;015;015050;15050;Carpiano;Carpiano;;Nord-ovest;Lombardia;Milano;1;0;0;MI;B820
1;03;015;015051;15051;Carugate;Carugate;;Nord-ovest;Lombardia;Milano;1;0;0;MI;B850
1;03;015;015052;15052;Casaletto Lodigiano;Casaletto Lodigiano;;Nord-ovest;Lombardia;Milano;1;0;0;MI;B887
1;03;015;015053;15053;Casalmaiocco;Casalmaiocco;;Nord-ovest;Lombardia;Milano;1;0;0;MI;B899
1;03;015;015054;15054;Casalpusterlengo;Casalpusterlengo;;Nord-ovest;Lombardia;Milano;1;0;0;MI;B910
1;03;015;015055;15055;Casarile;Casarile;;Nord-ovest;Lombardia;Milano;1;0;0;MI;B938
1;03;015;015056;15056;Caselle Landi;Caselle Landi;;Nord-ovest;Lombardia;Milano;1;0;0;MI;B961
1;03;015;015057;15057;Caselle Lurani;Caselle Lurani;;Nord-ovest;Lombardia;Milano;1;0;0;MI;B958
1;03;015;015058;15058;Casorezzo;Casorezzo;;Nord-ovest;Lombardia;Milano;1;0;0;MI;B989
1;03;015;015059;15059;Cassano d'Adda;Cassano d'Adda;;Nord-ovest;Lombardia;Milano;1;0;0;MI;C003
1;03;015;015060;15060;Cassina de' Pecchi;Cassina de' Pecchi;;Nord-ovest;Lombardia;Milano;1;0;0;MI;C014
1;03;015;015061;15061;Cassinetta di Lugagnano;Cassinetta di Lugagnano;;Nord-ovest;Lombardia;Milano;1;0;0;MI;C033
1;03;015;015062;15062;Castano Primo;Castano Primo;;Nord-ovest;Lombardia;Milano;1;0;0;MI;C052
1;03;015;015063;15063;Castelnuovo Bocca d'Adda;Castelnuovo Bocca d'Adda;;Nord-ovest;Lombardia;Milano;1;0;0;MI;C228
1;03;015;015064;15064;Castiglione d'Adda;Castiglione d'Adda;;Nord-ovest;Lombardia;Milano;1;0;0;MI;C304
1;03;015;015065;15065;Castiraga Vidardo;Castiraga Vidardo;;Nord-ovest;Lombardia;Milano;1;0;0;MI;C329
1;03;015;015066;15066;Cavacurta;Cavacurta;;Nord-ovest;Lombardia;Milano;1;0;0;MI;C362
1;03;015;015067;15067;Cavenago d'Adda;Cavenago d'Adda;;Nord-ovest;Lombardia;Milano;1;0;0;MI;C394
1;03;015;015068;15068;Cavenago di Brianza;Cavenago di Brianza;;Nord-ovest;Lombardia;Milano;1;0;0;MI;C395
1;03;015;015069;15069;Ceriano Laghetto;Ceriano Laghetto;;Nord-ovest;Lombardia;Milano;1;0;0;MI;C512
1;03;015;015070;15070;Cernusco sul Naviglio;Cernusco sul Naviglio;;Nord-ovest;Lombardia;Milano;1;0;0;MI;C523
1;03;015;015071;15071;Cerro al Lambro;Cerro al Lambro;;Nord-ovest;Lombardia;Milano;1;0;0;MI;C536
1;03;015;015072;15072;Cerro Maggiore;Cerro Maggiore;;Nord-ovest;Lombardia;Milano;1;0;0;MI;C537
1;03;015;015073;15073;Cervignano d'Adda;Cervignano d'Adda;;Nord-ovest;Lombardia;Milano;1;0;0;MI;C555
1;03;015;015074;15074;Cesano Boscone;Cesano Boscone;;Nord-ovest;Lombardia;Milano;1;0;0;MI;C565
1;03;015;015075;15075;Cesano Maderno;Cesano Maderno;;Nord-ovest;Lombardia;Milano;1;0;0;MI;C566
1;03;015;015076;15076;Cesate;Cesate;;Nord-ovest;Lombardia;Milano;1;0;0;MI;C569
1;03;015;015077;15077;Cinisello Balsamo;Cinisello Balsamo;;Nord-ovest;Lombardia;Milano;1;0;0;MI;C707
1;03;015;015078;15078;Cisliano;Cisliano;;Nord-ovest;Lombardia;Milano;1;0;0;MI;C733
1;03;015;015079;15079;Codogno;Codogno;;Nord-ovest;Lombardia;Milano;1;0;0;MI;C816
1;03;015;015080;15080;Cogliate;Cogliate;;Nord-ovest;Lombardia;Milano;1;0;0;MI;C820
1;03;015;015081;15081;Cologno Monzese;Cologno Monzese;;Nord-ovest;Lombardia;Milano;1;0;0;MI;C895
1;03;015;015082;15082;Colturano;Colturano;;Nord-ovest;Lombardia;Milano;1;0;0;MI;C908
1;03;015;015083;15083;Comazzo;Comazzo;;Nord-ovest;Lombardia;Milano;1;0;0;MI;C917
1;03;015;015084;15084;Concorezzo;Concorezzo;;Nord-ovest;Lombardia;Milano;1;0;0;MI;C952
1;03;015;015085;15085;Corbetta;Corbetta;;Nord-ovest;Lombardia;Milano;1;0;0;MI;C986
1;03;015;015086;15086;Cormano;Cormano;;Nord-ovest;Lombardia;Milano;1;0;0;MI;D013
1;03;015;015087;15087;Cornaredo;Cornaredo;;Nord-ovest;Lombardia;Milano;1;0;0;MI;D018
1;03;015;015088;15088;Cornate d'Adda;Cornate d'Adda;;Nord-ovest;Lombardia;Milano;1;0;0;MI;D019
1;03;015;015089;15089;Cornegliano Laudense;Cornegliano Laudense;;Nord-ovest;Lombardia;Milano;1;0;0;MI;D021
1;03;015;015090;15090;Corno Giovine;Corno Giovine;;Nord-ovest;Lombardia;Milano;1;0;0;MI;D028
1;03;015;015091;15091;Cornovecchio;Cornovecchio;;Nord-ovest;Lombardia;Milano;1;0;0;MI;D029
1;03;015;015092;15092;Correzzana;Correzzana;;Nord-ovest;Lombardia;Milano;1;0;0;MI;D038
1;03;015;015093;15093;Corsico;Corsico;;Nord-ovest;Lombardia;Milano;1;0;0;MI;D045
1;03;015;015094;15094;Corte Palasio;Corte Palasio;;Nord-ovest;Lombardia;Milano;1;0;0;MI;D068
1;03;015;015095;15095;Crespiatica;Crespiatica;;Nord-ovest;Lombardia;Milano;1;0;0;MI;D159
1;03;015;015096;15096;Cuggiono;Cuggiono;;Nord-ovest;Lombardia;Milano;1;0;0;MI;D198
1;03;015;015097;15097;Cusago;Cusago;;Nord-ovest;Lombardia;Milano;1;0;0;MI;D229
1;03;015;015098;15098;Cusano Milanino;Cusano Milanino;;Nord-ovest;Lombardia;Milano;1;0;0;MI;D231
1;03;015;015099;15099;Dairago;Dairago;;Nord-ovest;Lombardia;Milano;1;0;0;MI;D244
1;03;015;015100;15100;Desio;Desio;;Nord-ovest;Lombardia;Milano;1;0;0;MI;D286
1;03;015;015101;15101;Dresano;Dresano;;Nord-ovest;Lombardia;Milano;1;0;0;MI;D367
1;03;015;015102;15102;Fombio;Fombio;;Nord-ovest;Lombardia;Milano;1;0;0;MI;D660
1;03;015;015103;15103;Gaggiano;Gaggiano;;Nord-ovest;Lombardia;Milano;1;0;0;MI;D845
1;03;015;015104;15104;Galgagnano;Galgagnano;;Nord-ovest;Lombardia;Milano;1;0;0;MI;D868
1;03;015;015105;15105;Garbagnate Milanese;Garbagnate Milanese;;Nord-ovest;Lombardia;Milano;1;0;0;MI;D912
1;03;015;015106;15106;Gessate;Gessate;;Nord-ovest;Lombardia;Milano;1;0;0;MI;D995
1;03;015;015107;15107;Giussano;Giussano;;Nord-ovest;Lombardia;Milano;1;0;0;MI;E063
1;03;015;015108;15108;Gorgonzola;Gorgonzola;;Nord-ovest;Lombardia;Milano;1;0;0;MI;E094
1;03;015;015109;15109;Graffignana;Graffignana;;Nord-ovest;Lombardia;Milano;1;0;0;MI;E127
1;03;015;015110;15110;Grezzago;Grezzago;;Nord-ovest;Lombardia;Milano;1;0;0;MI;E170
1;03;015;015111;15111;Guardamiglio;Guardamiglio;;Nord-ovest;Lombardia;Milano;1;0;0;MI;E238
1;03;015;015112;15112;Gudo Visconti;Gudo Visconti;;Nord-ovest;Lombardia;Milano;1;0;0;MI;E258
1;03;015;015113;15113;Inveruno;Inveruno;;Nord-ovest;Lombardia;Milano;1;0;0;MI;E313
1;03;015;015114;15114;Inzago;Inzago;;Nord-ovest;Lombardia;Milano;1;0;0;MI;E317
1;03;015;015115;15115;Lacchiarella;Lacchiarella;;Nord-ovest;Lombardia;Milano;1;0;0;MI;E395
1;03;015;015116;15116;Lainate;Lainate;;Nord-ovest;Lombardia;Milano;1;0;0;MI;E415
1;03;015;015117;15117;Lazzate;Lazzate;;Nord-ovest;Lombardia;Milano;1;0;0;MI;E504
1;03;015;015118;15118;Legnano;Legnano;;Nord-ovest;Lombardia;Milano;1;0;0;MI;E514
1;03;015;015119;15119;Lentate sul Seveso;Lentate sul Seveso;;Nord-ovest;Lombardia;Milano;1;0;0;MI;E530
1;03;015;015120;15120;Lesmo;Lesmo;;Nord-ovest;Lombardia;Milano;1;0;0;MI;E550
1;03;015;015121;15121;Limbiate;Limbiate;;Nord-ovest;Lombardia;Milano;1;0;0;MI;E591
1;03;015;015122;15122;Liscate;Liscate;;Nord-ovest;Lombardia;Milano;1;0;0;MI;E610
1;03;015;015123;15123;Lissone;Lissone;;Nord-ovest;Lombardia;Milano;1;0;0;MI;E617
1;03;015;015124;15124;Livraga;Livraga;;Nord-ovest;Lombardia;Milano;1;0;0;MI;E627
1;03;015;015125;15125;Locate di Triulzi;Locate di Triulzi;;Nord-ovest;Lombardia;Milano;1;0;0;MI;E639
1;03;015;015126;15126;Lodi;Lodi;;Nord-ovest;Lombardia;Milano;1;0;0;MI;E648
1;03;015;015127;15127;Lodi Vecchio;Lodi Vecchio;;Nord-ovest;Lombardia;Milano;1;0;0;MI;E651
1;03;015;015128;15128;Maccastorna;Maccastorna;;Nord-ovest;Lombardia;Milano;1;0;0;MI;E777
1;03;015;015129;15129;Macherio;Macherio;;Nord-ovest;Lombardia;Milano;1;0;0;MI;E786
1;03;015;015130;15130;Magenta;Magenta;;Nord-ovest;Lombardia;Milano;1;0;0;MI;E801
1;03;015;015131;15131;Magnago;Magnago;;Nord-ovest;Lombardia;Milano;1;0;0;MI;E819
1;03;015;015132;15132;Mairago;Mairago;;Nord-ovest;Lombardia;Milano;1;0;0;MI;E840
1;03;015;015133;15133;Maleo;Maleo;;Nord-ovest;Lombardia;Milano;1;0;0;MI;E852
1;03;015;015134;15134;Marcallo con Casone;Marcallo con Casone;;Nord-ovest;Lombardia;Milano;1;0;0;MI;E921
1;03;015;015135;15135;Marudo;Marudo;;Nord-ovest;Lombardia;Milano;1;0;0;MI;E994
1;03;015;015136;15136;Masate;Masate;;Nord-ovest;Lombardia;Milano;1;0;0;MI;F003
1;03;015;015137;15137;Massalengo;Massalengo;;Nord-ovest;Lombardia;Milano;1;0;0;MI;F028
1;03;015;015138;15138;Meda;Meda;;Nord-ovest;Lombardia;Milano;1;0;0;MI;F078
1;03;015;015139;15139;Mediglia;Mediglia;;Nord-ovest;Lombardia;Milano;1;0;0;MI;F084
1;03;015;015140;15140;Melegnano;Melegnano;;Nord-ovest;Lombardia;Milano;1;0;0;MI;F100
1;03;015;015141;15141;Meleti;Meleti;;Nord-ovest;Lombardia;Milano;1;0;0;MI;F102
1;03;015;015142;15142;Melzo;Melzo;;Nord-ovest;Lombardia;Milano;1;0;0;MI;F119
1;03;015;015143;15143;Merlino;Merlino;;Nord-ovest;Lombardia;Milano;1;0;0;MI;F149
1;03;015;015144;15144;Mesero;Mesero;;Nord-ovest;Lombardia;Milano;1;0;0;MI;F155
1;03;015;015145;15145;Mezzago;Mezzago;;Nord-ovest;Lombardia;Milano;1;0;0;MI;F165
1;03;015;015146;15146;Milano;Milano;;Nord-ovest;Lombardia;Milano;1;1;1;MI;F205
1;03;015;015147;15147;Misinto;Misinto;;Nord-ovest;Lombardia;Milano;1;0;0;MI;F247
1;03;015;015148;15148;Montanaso Lombardo;Montanaso Lombardo;;Nord-ovest;Lombardia;Milano;1;0;0;MI;F423
1;03;015;015149;15149;Monza;Monza;;Nord-ovest;Lombardia;Milano;1;0;0;MI;F704
1;03;015;015150;15150;Morimondo;Morimondo;;Nord-ovest;Lombardia;Milano;1;0;0;MI;D033
1;03;015;015151;15151;Motta Visconti;Motta Visconti;;Nord-ovest;Lombardia;Milano;1;0;0;MI;F783
1;03;015;015152;15152;Muggiò;Muggiò;;Nord-ovest;Lombardia;Milano;1;0;0;MI;F797
1;03;015;015153;15153;Mulazzano;Mulazzano;;Nord-ovest;Lombardia;Milano;1;0;0;MI;F801
1;03;015;015154;15154;Nerviano;Nerviano;;Nord-ovest;Lombardia;Milano;1;0;0;MI;F874
1;03;015;015155;15155;Nosate;Nosate;;Nord-ovest;Lombardia;Milano;1;0;0;MI;F939
1;03;015;015156;15156;Nova Milanese;Nova Milanese;;Nord-ovest;Lombardia;Milano;1;0;0;MI;F944
1;03;015;015157;15157;Novate Milanese;Novate Milanese;;Nord-ovest;Lombardia;Milano;1;0;0;MI;F955
1;03;015;015158;15158;Noviglio;Noviglio;;Nord-ovest;Lombardia;Milano;1;0;0;MI;F968
1;03;015;015159;15159;Opera;Opera;;Nord-ovest;Lombardia;Milano;1;0;0;MI;G078
1;03;015;015160;15160;Orio Litta;Orio Litta;;Nord-ovest;Lombardia;Milano;1;0;0;MI;G107
1;03;015;015161;15161;Ornago;Ornago;;Nord-ovest;Lombardia;Milano;1;0;0;MI;G116
1;03;015;015162;15162;Ospedaletto Lodigiano;Ospedaletto Lodigiano;;Nord-ovest;Lombardia;Milano;1;0;0;MI;G166
1;03;015;015163;15163;Ossago Lodigiano;Ossago Lodigiano;;Nord-ovest;Lombardia;Milano;1;0;0;MI;G171
1;03;015;015164;15164;Ossona;Ossona;;Nord-ovest;Lombardia;Milano;1;0;0;MI;G181
1;03;015;015165;15165;Ozzero;Ozzero;;Nord-ovest;Lombardia;Milano;1;0;0;MI;G206
1;03;015;015166;15166;Paderno Dugnano;Paderno Dugnano;;Nord-ovest;Lombardia;Milano;1;0;0;MI;G220
1;03;015;015167;15167;Pantigliate;Pantigliate;;Nord-ovest;Lombardia;Milano;1;0;0;MI;G316
1;03;015;015168;15168;Parabiago;Parabiago;;Nord-ovest;Lombardia;Milano;1;0;0;MI;G324
1;03;015;015169;15169;Paullo;Paullo;;Nord-ovest;Lombardia;Milano;1;0;0;MI;G385
1;03;015;015170;15170;Pero;Pero;;Nord-ovest;Lombardia;Milano;1;0;0;MI;C013
1;03;015;015171;15171;Peschiera Borromeo;Peschiera Borromeo;;Nord-ovest;Lombardia;Milano;1;0;0;MI;G488
1;03;015;015172;15172;Pessano con Bornago;Pessano con Bornago;;Nord-ovest;Lombardia;Milano;1;0;0;MI;G502
1;03;015;015173;15173;Pieve Emanuele;Pieve Emanuele;;Nord-ovest;Lombardia;Milano;1;0;0;MI;G634
1;03;015;015174;15174;Pieve Fissiraga;Pieve Fissiraga;;Nord-ovest;Lombardia;Milano;1;0;0;MI;G096
1;03;015;015175;15175;Pioltello;Pioltello;;Nord-ovest;Lombardia;Milano;1;0;0;MI;G686
1;03;015;015176;15176;Pogliano Milanese;Pogliano Milanese;;Nord-ovest;Lombardia;Milano;1;0;0;MI;G772
1;03;015;015177;15177;Pozzo d'Adda;Pozzo d'Adda;;Nord-ovest;Lombardia;Milano;1;0;0;MI;G955
1;03;015;015178;15178;Pozzuolo Martesana;Pozzuolo Martesana;;Nord-ovest;Lombardia;Milano;1;0;0;MI;G965
1;03;015;015179;15179;Pregnana Milanese;Pregnana Milanese;;Nord-ovest;Lombardia;Milano;1;0;0;MI;H026
1;03;015;015180;15180;Renate;Renate;;Nord-ovest;Lombardia;Milano;1;0;0;MI;H233
1;03;015;015181;15181;Rescaldina;Rescaldina;;Nord-ovest;Lombardia;Milano;1;0;0;MI;H240
1;03;015;015182;15182;Rho;Rho;;Nord-ovest;Lombardia;Milano;1;0;0;MI;H264
1;03;015;015183;15183;Robecchetto con Induno;Robecchetto con Induno;;Nord-ovest;Lombardia;Milano;1;0;0;MI;H371
1;03;015;015184;15184;Robecco sul Naviglio;Robecco sul Naviglio;;Nord-ovest;Lombardia;Milano;1;0;0;MI;H373
1;03;015;015185;15185;Rodano;Rodano;;Nord-ovest;Lombardia;Milano;1;0;0;MI;H470
1;03;015;015186;15186;Roncello;Roncello;;Nord-ovest;Lombardia;Milano;1;0;0;MI;H529
1;03;015;015187;15187;Ronco Briantino;Ronco Briantino;;Nord-ovest;Lombardia;Milano;1;0;0;MI;H537
1;03;015;015188;15188;Rosate;Rosate;;Nord-ovest;Lombardia;Milano;1;0;0;MI;H560
1;03;015;015189;15189;Rozzano;Rozzano;;Nord-ovest;Lombardia;Milano;1;0;0;MI;H623
1;03;015;015190;15190;Salerano sul Lambro;Salerano sul Lambro;;Nord-ovest;Lombardia;Milano;1;0;0;MI;H701
1;03;015;015191;15191;San Colombano al Lambro;San Colombano al Lambro;;Nord-ovest;Lombardia;Milano;1;0;0;MI;H803
1;03;015;015192;15192;San Donato Milanese;San Donato Milanese;;Nord-ovest;Lombardia;Milano;1;0;0;MI;H827
1;03;015;015193;15193;San Fiorano;San Fiorano;;Nord-ovest;Lombardia;Milano;1;0;0;MI;H844
1;03;015;015194;15194;San Giorgio su Legnano;San Giorgio su Legnano;;Nord-ovest;Lombardia;Milano;1;0;0;MI;H884
1;03;015;015195;15195;San Giuliano Milanese;San Giuliano Milanese;;Nord-ovest;Lombardia;Milano;1;0;0;MI;H930
1;03;015;015196;15196;San Martino in Strada;San Martino in Strada;;Nord-ovest;Lombardia;Milano;1;0;0;MI;I012
1;03;015;015197;15197;San Rocco al Porto;San Rocco al Porto;;Nord-ovest;Lombardia;Milano;1;0;0;MI;I140
1;03;015;015198;15198;Sant'Angelo Lodigiano;Sant'Angelo Lodigiano;;Nord-ovest;Lombardia;Milano;1;0;0;MI;I274
1;03;015;015199;15199;Santo Stefano Lodigiano;Santo Stefano Lodigiano;;Nord-ovest;Lombardia;Milano;1;0;0;MI;I362
1;03;015;015200;15200;Santo Stefano Ticino;Santo Stefano Ticino;;Nord-ovest;Lombardia;Milano;1;0;0;MI;I361
1;03;015;015201;15201;San Vittore Olona;San Vittore Olona;;Nord-ovest;Lombardia;Milano;1;0;0;MI;I409
1;03;015;015202;15202;San Zenone al Lambro;San Zenone al Lambro;;Nord-ovest;Lombardia;Milano;1;0;0;MI;I415
1;03;015;015203;15203;Secugnago;Secugnago;;Nord-ovest;Lombardia;Milano;1;0;0;MI;I561
1;03;015;015204;15204;Sedriano;Sedriano;;Nord-ovest;Lombardia;Milano;1;0;0;MI;I566
1;03;015;015205;15205;Segrate;Segrate;;Nord-ovest;Lombardia;Milano;1;0;0;MI;I577
1;03;015;015206;15206;Senago;Senago;;Nord-ovest;Lombardia;Milano;1;0;0;MI;I602
1;03;015;015207;15207;Senna Lodigiana;Senna Lodigiana;;Nord-ovest;Lombardia;Milano;1;0;0;MI;I612
1;03;015;015208;15208;Seregno;Seregno;;Nord-ovest;Lombardia;Milano;1;0;0;MI;I625
1;03;015;015209;15209;Sesto San Giovanni;Sesto San Giovanni;;Nord-ovest;Lombardia;Milano;1;0;0;MI;I690
1;03;015;015210;15210;Settala;Settala;;Nord-ovest;Lombardia;Milano;1;0;0;MI;I696
1;03;015;015211;15211;Settimo Milanese;Settimo Milanese;;Nord-ovest;Lombardia;Milano;1;0;0;MI;I700
1;03;015;015212;15212;Seveso;Seveso;;Nord-ovest;Lombardia;Milano;1;0;0;MI;I709
1;03;015;015213;15213;Solaro;Solaro;;Nord-ovest;Lombardia;Milano;1;0;0;MI;I786
1;03;015;015214;15214;Somaglia;Somaglia;;Nord-ovest;Lombardia;Milano;1;0;0;MI;I815
1;03;015;015215;15215;Sordio;Sordio;;Nord-ovest;Lombardia;Milano;1;0;0;MI;I848
1;03;015;015216;15216;Sovico;Sovico;;Nord-ovest;Lombardia;Milano;1;0;0;MI;I878
1;03;015;015217;15217;Sulbiate;Sulbiate;;Nord-ovest;Lombardia;Milano;1;0;0;MI;I998
1;03;015;015218;15218;Terranova dei Passerini;Terranova dei Passerini;;Nord-ovest;Lombardia;Milano;1;0;0;MI;L125
1;03;015;015219;15219;Trezzano Rosa;Trezzano Rosa;;Nord-ovest;Lombardia;Milano;1;0;0;MI;L408
1;03;015;015220;15220;Trezzano sul Naviglio;Trezzano sul Naviglio;;Nord-ovest;Lombardia;Milano;1;0;0;MI;L409
1;03;015;015221;15221;Trezzo sull'Adda;Trezzo sull'Adda;;Nord-ovest;Lombardia;Milano;1;0;0;MI;L411
1;03;015;015222;15222;Tribiano;Tribiano;;Nord-ovest;Lombardia;Milano;1;0;0;MI;L415
1;03;015;015223;15223;Triuggio;Triuggio;;Nord-ovest;Lombardia;Milano;1;0;0;MI;L434
1;03;015;015224;15224;Truccazzano;Truccazzano;;Nord-ovest;Lombardia;Milano;1;0;0;MI;L454
1;03;015;015225;15225;Turano Lodigiano;Turano Lodigiano;;Nord-ovest;Lombardia;Milano;1;0;0;MI;L469
1;03;015;015226;15226;Turbigo;Turbigo;;Nord-ovest;Lombardia;Milano;1;0;0;MI;L471
1;03;015;015227;15227;Usmate Velate;Usmate Velate;;Nord-ovest;Lombardia;Milano;1;0;0;MI;L511
1;03;015;015228;15228;Valera Fratta;Valera Fratta;;Nord-ovest;Lombardia;Milano;1;0;0;MI;L572
1;03;015;015229;15229;Vanzago;Vanzago;;Nord-ovest;Lombardia;Milano;1;0;0;MI;L665
1;03;015;015230;15230;Vaprio d'Adda;Vaprio d'Adda;;Nord-ovest;Lombardia;Milano;1;0;0;MI;L667
1;03;015;015231;15231;Varedo;Varedo;;Nord-ovest;Lombardia;Milano;1;0;0;MI;L677
1;03;015;015232;15232;Vedano al Lambro;Vedano al Lambro;;Nord-ovest;Lombardia;Milano;1;0;0;MI;L704
1;03;015;015233;15233;Veduggio con Colzano;Veduggio con Colzano;;Nord-ovest;Lombardia;Milano;1;0;0;MI;L709
1;03;015;015234;15234;Verano Brianza;Verano Brianza;;Nord-ovest;Lombardia;Milano;1;0;0;MI;L744
1;03;015;015235;15235;Vermezzo;Vermezzo;;Nord-ovest;Lombardia;Milano;1;0;0;MI;L768
1;03;015;015236;15236;Vernate;Vernate;;Nord-ovest;Lombardia;Milano;1;0;0;MI;L773
1;03;015;015237;15237;Vignate;Vignate;;Nord-ovest;Lombardia;Milano;1;0;0;MI;L883
1;03;015;015238;15238;Villanova del Sillaro;Villanova del Sillaro;;Nord-ovest;Lombardia;Milano;1;0;0;MI;L977
1;03;015;015239;15239;Villasanta;Villasanta;;Nord-ovest;Lombardia;Milano;1;0;0;MI;M017
1;03;015;015240;15240;Villavesco;Villavesco;;Nord-ovest;Lombardia;Milano;1;0;0;MI;F260
1;03;015;015241;15241;Vimercate;Vimercate;;Nord-ovest;Lombardia;Milano;1;0;0;MI;M052
1;03;015;015242;15242;Vimodrone;Vimodrone;;Nord-ovest;Lombardia;Milano;1;0;0;MI;M053
1;03;015;015243;15243;Vittuone;Vittuone;;Nord-ovest;Lombardia;Milano;1;0;0;MI;M091
1;03;015;015244;15244;Vizzolo Predabissi;Vizzolo Predabissi;;Nord-ovest;Lombardia;Milano;1;0;0;MI;M102
1;03;015;015245;15245;Zelo Buon Persico;Zelo Buon Persico;;Nord-ovest;Lombardia;Milano;1;0;0;MI;M158
1;03;015;015246;15246;Zelo Surrigone;Zelo Surrigone;;Nord-ovest;Lombardia;Milano;1;0;0;MI;M160
1;03;015;015247;15247;Zibido San Giacomo;Zibido San Giacomo;;Nord-ovest;Lombardia;Milano;1;0;0;MI;M176
1;03;016;016001;16001;Adrara San Martino;Adrara San Martino;;Nord-ovest;Lombardia;Bergamo;1;0;0;BG;A057
1;03;016;016002;16002;Adrara San Rocco;Adrara San Rocco;;Nord-ovest;Lombardia;Bergamo;1;0;0;BG;A058
1;03;016;016003;16003;Albano Sant'Alessandro;Albano Sant'Alessandro;;Nord-ovest;Lombardia;Bergamo;1;0;0;BG;A129
1;03;016;016004;16004;Albino;Albino;;Nord-ovest;Lombardia;Bergamo;1;0;0;BG;A163
1;03;016;016005;16005;Almè;Almè;;Nord-ovest;Lombardia;Bergamo;1;0;0;BG;A214
1;03;016;016006;16006;Almenno San Bartolomeo;Almenno San Bartolomeo;;Nord-ovest;Lombardia;Bergamo;1;0;0;BG;A216
1;03;016;016007;16007;Almenno San Salvatore;Almenno San Salvatore;;Nord-ovest;Lombardia;Bergamo;1;0;0;BG;A217
1;03;016;016008;16008;Alzano Lombardo;Alzano Lombardo;;Nord-ovest;Lombardia;Bergamo;1;0;0;BG;A246
1;03;016;016009;16009;Ambivere;Ambivere;;Nord-ovest;Lombardia;Bergamo;1;0;0;BG;A259
1;03;016;016010;16010;Antegnate;Antegnate;;Nord-ovest;Lombardia;Bergamo;1;0;0;BG;A304
1;03;016;016011;16011;Arcene;Arcene;;Nord-ovest;Lombardia;Bergamo;1;0;0;BG;A365
1;03;016;016012;16012;Ardesio;Ardesio;;Nord-ovest;Lombardia;Bergamo;1;0;0;BG;A383
1;03;016;016013;16013;Arzago d'Adda;Arzago d'Adda;;Nord-ovest;Lombardia;Bergamo;1;0;0;BG;A440
1;03;016;016014;16014;Averara;Averara;;Nord-ovest;Lombardia;Bergamo;1;0;0;BG;A511
1;03;016;016015;16015;Aviatico;Aviatico;;Nord-ovest;Lombardia;Bergamo;1;0;0;BG;A517
1;03;016;016016;16016;Azzano San Paolo;Azzano San Paolo;;Nord-ovest;Lombardia;Bergamo;1;0;0;BG;A528
1;03;016;016017;16017;Azzone;Azzone;;Nord-ovest;Lombardia;Bergamo;1;0;0;BG;A533
1;03;016;016018;16018;Bagnatica;Bagnatica;;Nord-ovest;Lombardia;Bergamo;1;0;0;BG;A557
1;03;016;016019;16019;Barbata;Barbata;;Nord-ovest;Lombardia;Bergamo;1;0;0;BG;A631
1;03;016;016020;16020;Bariano;Bariano;;Nord-ovest;Lombardia;Bergamo;1;0;0;BG;A664
1;03;016;016021;16021;Barzana;Barzana;;Nord-ovest;Lombardia;Bergamo;1;0;0;BG;A684
1;03;016;016022;16022;Bedulita;Bedulita;;Nord-ovest;Lombardia;Bergamo;1;0;0;BG;A732
1;03;016;016023;16023;Berbenno;Berbenno;;Nord-ovest;Lombardia;Bergamo;1;0;0;BG;A786
1;03;016;016024;16024;Bergamo;Bergamo;;Nord-ovest;Lombardia;Bergamo;1;0;1;BG;A794
1;03;016;016025;16025;Berzo San Fermo;Berzo San Fermo;;Nord-ovest;Lombardia;Bergamo;1;0;0;BG;A815
1;03;016;016026;16026;Bianzano;Bianzano;;Nord-ovest;Lombardia;Bergamo;1;0;0;BG;A846
1;03;016;016027;16027;Blello;Blello;;Nord-ovest;Lombardia;Bergamo;1;0;0;BG;A903
1;03;016;016028;16028;Bolgare;Bolgare;;Nord-ovest;Lombardia;Bergamo;1;0;0;BG;A937
1;03;016;016029;16029;Boltiere;Boltiere;;Nord-ovest;Lombardia;Bergamo;1;0;0;BG;A950
1;03;016;016030;16030;Bonate Sopra;Bonate Sopra;;Nord-ovest;Lombardia;Bergamo;1;0;0;BG;A963
1;03;016;016031;16031;Bonate Sotto;Bonate Sotto;;Nord-ovest;Lombardia;Bergamo;1;0;0;BG;A962
1;03;016;016032;16032;Borgo di Terzo;Borgo di Terzo;;Nord-ovest;Lombardia;Bergamo;1;0;0;BG;B010
1;03;016;016033;16033;Bossico;Bossico;;Nord-ovest;Lombardia;Bergamo;1;0;0;BG;B083
1;03;016;016034;16034;Bottanuco;Bottanuco;;Nord-ovest;Lombardia;Bergamo;1;0;0;BG;B088
1;03;016;016035;16035;Bracca;Bracca;;Nord-ovest;Lombardia;Bergamo;1;0;0;BG;B112
1;03;016;016036;16036;Branzi;Branzi;;Nord-ovest;Lombardia;Bergamo;1;0;0;BG;B123
1;03;016;016037;16037;Brembate;Brembate;;Nord-ovest;Lombardia;Bergamo;1;0;0;BG;B137
1;03;016;016038;16038;Brembate di Sopra;Brembate di Sopra;;Nord-ovest;Lombardia;Bergamo;1;0;0;BG;B138
1;03;016;016039;16039;Brembilla;Brembilla;;Nord-ovest;Lombardia;Bergamo;1;0;0;BG;B140
1;03;016;016040;16040;Brignano Gera d'Adda;Brignano Gera d'Adda;;Nord-ovest;Lombardia;Bergamo;1;0;0;BG;B178
1;03;016;016041;16041;Brumano;Brumano;;Nord-ovest;Lombardia;Bergamo;1;0;0;BG;B217
1;03;016;016042;16042;Brusaporto;Brusaporto;;Nord-ovest;Lombardia;Bergamo;1;0;0;BG;B223
1;03;016;016043;16043;Calcinate;Calcinate;;Nord-ovest;Lombardia;Bergamo;1;0;0;BG;B393
1;03;016;016044;16044;Calcio;Calcio;;Nord-ovest;Lombardia;Bergamo;1;0;0;BG;B395
1;03;016;016045;16045;Calolziocorte;Calolziocorte;;Nord-ovest;Lombardia;Bergamo;1;0;0;BG;B423
1;03;016;016046;16046;Calusco d'Adda;Calusco d'Adda;;Nord-ovest;Lombardia;Bergamo;1;0;0;BG;B434
1;03;016;016047;16047;Calvenzano;Calvenzano;;Nord-ovest;Lombardia;Bergamo;1;0;0;BG;B442
1;03;016;016048;16048;Camerata Cornello;Camerata Cornello;;Nord-ovest;Lombardia;Bergamo;1;0;0;BG;B471
1;03;016;016049;16049;Canonica d'Adda;Canonica d'Adda;;Nord-ovest;Lombardia;Bergamo;1;0;0;BG;B618
1;03;016;016050;16050;Capizzone;Capizzone;;Nord-ovest;Lombardia;Bergamo;1;0;0;BG;B661
1;03;016;016051;16051;Capriate San Gervasio;Capriate San Gervasio;;Nord-ovest;Lombardia;Bergamo;1;0;0;BG;B703
1;03;016;016052;16052;Caprino Bergamasco;Caprino Bergamasco;;Nord-ovest;Lombardia;Bergamo;1;0;0;BG;B710
1;03;016;016053;16053;Caravaggio;Caravaggio;;Nord-ovest;Lombardia;Bergamo;1;0;0;BG;B731
1;03;016;016054;16054;Carenno;Carenno;;Nord-ovest;Lombardia;Bergamo;1;0;0;BG;B763
1;03;016;016055;16055;Carobbio degli Angeli;Carobbio degli Angeli;;Nord-ovest;Lombardia;Bergamo;1;0;0;BG;B801
1;03;016;016056;16056;Carona;Carona;;Nord-ovest;Lombardia;Bergamo;1;0;0;BG;B803
1;03;016;016057;16057;Carvico;Carvico;;Nord-ovest;Lombardia;Bergamo;1;0;0;BG;B854
1;03;016;016058;16058;Casazza;Casazza;;Nord-ovest;Lombardia;Bergamo;1;0;0;BG;B947
1;03;016;016059;16059;Casirate d'Adda;Casirate d'Adda;;Nord-ovest;Lombardia;Bergamo;1;0;0;BG;B971
1;03;016;016060;16060;Casnigo;Casnigo;;Nord-ovest;Lombardia;Bergamo;1;0;0;BG;B978
1;03;016;016061;16061;Cassiglio;Cassiglio;;Nord-ovest;Lombardia;Bergamo;1;0;0;BG;C007
1;03;016;016062;16062;Castelli Calepio;Castelli Calepio;;Nord-ovest;Lombardia;Bergamo;1;0;0;BG;C079
1;03;016;016063;16063;Castel Rozzone;Castel Rozzone;;Nord-ovest;Lombardia;Bergamo;1;0;0;BG;C255
1;03;016;016064;16064;Castione della Presolana;Castione della Presolana;;Nord-ovest;Lombardia;Bergamo;1;0;0;BG;C324
1;03;016;016065;16065;Castro;Castro;;Nord-ovest;Lombardia;Bergamo;1;0;0;BG;C337
1;03;016;016066;16066;Cavernago;Cavernago;;Nord-ovest;Lombardia;Bergamo;1;0;0;BG;C396
1;03;016;016067;16067;Cazzano Sant'Andrea;Cazzano Sant'Andrea;;Nord-ovest;Lombardia;Bergamo;1;0;0;BG;C410
1;03;016;016068;16068;Cenate Sopra;Cenate Sopra;;Nord-ovest;Lombardia;Bergamo;1;0;0;BG;C456
1;03;016;016069;16069;Cenate Sotto;Cenate Sotto;;Nord-ovest;Lombardia;Bergamo;1;0;0;BG;C457
1;03;016;016070;16070;Cene;Cene;;Nord-ovest;Lombardia;Bergamo;1;0;0;BG;C459
1;03;016;016071;16071;Cerete;Cerete;;Nord-ovest;Lombardia;Bergamo;1;0;0;BG;C506
1;03;016;016072;16072;Chignolo d'Isola;Chignolo d'Isola;;Nord-ovest;Lombardia;Bergamo;1;0;0;BG;C635
1;03;016;016073;16073;Chiuduno;Chiuduno;;Nord-ovest;Lombardia;Bergamo;1;0;0;BG;C649
1;03;016;016074;16074;Cisano Bergamasco;Cisano Bergamasco;;Nord-ovest;Lombardia;Bergamo;1;0;0;BG;C728
1;03;016;016075;16075;Ciserano;Ciserano;;Nord-ovest;Lombardia;Bergamo;1;0;0;BG;C730
1;03;016;016076;16076;Cividate al Piano;Cividate al Piano;;Nord-ovest;Lombardia;Bergamo;1;0;0;BG;C759
1;03;016;016077;16077;Clusone;Clusone;;Nord-ovest;Lombardia;Bergamo;1;0;0;BG;C800
1;03;016;016078;16078;Colere;Colere;;Nord-ovest;Lombardia;Bergamo;1;0;0;BG;C835
1;03;016;016079;16079;Cologno al Serio;Cologno al Serio;;Nord-ovest;Lombardia;Bergamo;1;0;0;BG;C894
1;03;016;016080;16080;Colzate;Colzate;;Nord-ovest;Lombardia;Bergamo;1;0;0;BG;C910
1;03;016;016081;16081;Comun Nuovo;Comun Nuovo;;Nord-ovest;Lombardia;Bergamo;1;0;0;BG;C937
1;03;016;016082;16082;Corna Imagna;Corna Imagna;;Nord-ovest;Lombardia;Bergamo;1;0;0;BG;D015
1;03;016;016083;16083;Cortenuova;Cortenuova;;Nord-ovest;Lombardia;Bergamo;1;0;0;BG;D066
1;03;016;016084;16084;Costa di Monticelli;Costa di Monticelli;;Nord-ovest;Lombardia;Bergamo;1;0;0;BG;D110
1;03;016;016085;16085;Costa Valle Imagna;Costa Valle Imagna;;Nord-ovest;Lombardia;Bergamo;1;0;0;BG;D103
1;03;016;016086;16086;Costa Volpino;Costa Volpino;;Nord-ovest;Lombardia;Bergamo;1;0;0;BG;D117
1;03;016;016087;16087;Covo;Covo;;Nord-ovest;Lombardia;Bergamo;1;0;0;BG;D126
1;03;016;016088;16088;Credaro;Credaro;;Nord-ovest;Lombardia;Bergamo;1;0;0;BG;D139
1;03;016;016089;16089;Curno;Curno;;Nord-ovest;Lombardia;Bergamo;1;0;0;BG;D221
1;03;016;016090;16090;Cusio;Cusio;;Nord-ovest;Lombardia;Bergamo;1;0;0;BG;D233
1;03;016;016091;16091;Dalmine;Dalmine;;Nord-ovest;Lombardia;Bergamo;1;0;0;BG;D245
1;03;016;016092;16092;Dossena;Dossena;;Nord-ovest;Lombardia;Bergamo;1;0;0;BG;D352
1;03;016;016093;16093;Endine Gaiano;Endine Gaiano;;Nord-ovest;Lombardia;Bergamo;1;0;0;BG;D406
1;03;016;016094;16094;Entratico;Entratico;;Nord-ovest;Lombardia;Bergamo;1;0;0;BG;D411
1;03;016;016095;16095;Erve;Erve;;Nord-ovest;Lombardia;Bergamo;1;0;0;BG;D428
1;03;016;016096;16096;Fara Gera d'Adda;Fara Gera d'Adda;;Nord-ovest;Lombardia;Bergamo;1;0;0;BG;D490
1;03;016;016097;16097;Fara Olivana con Sola;Fara Olivana con Sola;;Nord-ovest;Lombardia;Bergamo;1;0;0;BG;D491
1;03;016;016098;16098;Filago;Filago;;Nord-ovest;Lombardia;Bergamo;1;0;0;BG;D588
1;03;016;016099;16099;Fino del Monte;Fino del Monte;;Nord-ovest;Lombardia;Bergamo;1;0;0;BG;D604
1;03;016;016100;16100;Fiorano al Serio;Fiorano al Serio;;Nord-ovest;Lombardia;Bergamo;1;0;0;BG;D606
1;03;016;016101;16101;Fontanella;Fontanella;;Nord-ovest;Lombardia;Bergamo;1;0;0;BG;D672
1;03;016;016102;16102;Fonteno;Fonteno;;Nord-ovest;Lombardia;Bergamo;1;0;0;BG;D684
1;03;016;016103;16103;Foppolo;Foppolo;;Nord-ovest;Lombardia;Bergamo;1;0;0;BG;D688
1;03;016;016104;16104;Foresto Sparso;Foresto Sparso;;Nord-ovest;Lombardia;Bergamo;1;0;0;BG;D697
1;03;016;016105;16105;Fornovo di San Giovanni;Fornovo di San Giovanni;;Nord-ovest;Lombardia;Bergamo;1;0;0;BG;D727
1;03;016;016106;16106;Fuipiano Valle Imagna;Fuipiano Valle Imagna;;Nord-ovest;Lombardia;Bergamo;1;0;0;BG;D817
1;03;016;016107;16107;Gandellino;Gandellino;;Nord-ovest;Lombardia;Bergamo;1;0;0;BG;D903
1;03;016;016108;16108;Gandino;Gandino;;Nord-ovest;Lombardia;Bergamo;1;0;0;BG;D905
1;03;016;016109;16109;Gandosso;Gandosso;;Nord-ovest;Lombardia;Bergamo;1;0;0;BG;D906
1;03;016;016110;16110;Gaverina;Gaverina;;Nord-ovest;Lombardia;Bergamo;1;0;0;BG;D943
1;03;016;016111;16111;Gazzaniga;Gazzaniga;;Nord-ovest;Lombardia;Bergamo;1;0;0;BG;D952
1;03;016;016112;16112;Gerosa;Gerosa;;Nord-ovest;Lombardia;Bergamo;1;0;0;BG;D991
1;03;016;016113;16113;Ghisalba;Ghisalba;;Nord-ovest;Lombardia;Bergamo;1;0;0;BG;E006
1;03;016;016114;16114;Gorlago;Gorlago;;Nord-ovest;Lombardia;Bergamo;1;0;0;BG;E100
1;03;016;016115;16115;Gorle;Gorle;;Nord-ovest;Lombardia;Bergamo;1;0;0;BG;E103
1;03;016;016116;16116;Gorno;Gorno;;Nord-ovest;Lombardia;Bergamo;1;0;0;BG;E106
1;03;016;016117;16117;Grassobbio;Grassobbio;;Nord-ovest;Lombardia;Bergamo;1;0;0;BG;E148
1;03;016;016118;16118;Gromo;Gromo;;Nord-ovest;Lombardia;Bergamo;1;0;0;BG;E189
1;03;016;016119;16119;Grone;Grone;;Nord-ovest;Lombardia;Bergamo;1;0;0;BG;E192
1;03;016;016120;16120;Grumello del Monte;Grumello del Monte;;Nord-ovest;Lombardia;Bergamo;1;0;0;BG;E219
1;03;016;016121;16121;Isola di Fondra;Isola di Fondra;;Nord-ovest;Lombardia;Bergamo;1;0;0;BG;E353
1;03;016;016122;16122;Isso;Isso;;Nord-ovest;Lombardia;Bergamo;1;0;0;BG;E370
1;03;016;016123;16123;Lallio;Lallio;;Nord-ovest;Lombardia;Bergamo;1;0;0;BG;E422
1;03;016;016124;16124;Leffe;Leffe;;Nord-ovest;Lombardia;Bergamo;1;0;0;BG;E509
1;03;016;016125;16125;Lenna;Lenna;;Nord-ovest;Lombardia;Bergamo;1;0;0;BG;E524
1;03;016;016126;16126;Levate;Levate;;Nord-ovest;Lombardia;Bergamo;1;0;0;BG;E562
1;03;016;016127;16127;Locatello;Locatello;;Nord-ovest;Lombardia;Bergamo;1;0;0;BG;E640
1;03;016;016128;16128;Lovere;Lovere;;Nord-ovest;Lombardia;Bergamo;1;0;0;BG;E704
1;03;016;016129;16129;Lurano;Lurano;;Nord-ovest;Lombardia;Bergamo;1;0;0;BG;E751
1;03;016;016130;16130;Luzzana;Luzzana;;Nord-ovest;Lombardia;Bergamo;1;0;0;BG;E770
1;03;016;016131;16131;Madone;Madone;;Nord-ovest;Lombardia;Bergamo;1;0;0;BG;E794
1;03;016;016132;16132;Mapello;Mapello;;Nord-ovest;Lombardia;Bergamo;1;0;0;BG;E901
1;03;016;016133;16133;Martinengo;Martinengo;;Nord-ovest;Lombardia;Bergamo;1;0;0;BG;E987
1;03;016;016134;16134;Mezzoldo;Mezzoldo;;Nord-ovest;Lombardia;Bergamo;1;0;0;BG;F186
1;03;016;016135;16135;Misano di Gera d'Adda;Misano di Gera d'Adda;;Nord-ovest;Lombardia;Bergamo;1;0;0;BG;F243
1;03;016;016136;16136;Moio de' Calvi;Moio de' Calvi;;Nord-ovest;Lombardia;Bergamo;1;0;0;BG;F276
1;03;016;016137;16137;Monasterolo del Castello;Monasterolo del Castello;;Nord-ovest;Lombardia;Bergamo;1;0;0;BG;F328
1;03;016;016138;16138;Monte Marenzo;Monte Marenzo;;Nord-ovest;Lombardia;Bergamo;1;0;0;BG;F561
1;03;016;016139;16139;Montello;Montello;;Nord-ovest;Lombardia;Bergamo;1;0;0;BG;F547
1;03;016;016140;16140;Morengo;Morengo;;Nord-ovest;Lombardia;Bergamo;1;0;0;BG;F720
1;03;016;016141;16141;Mornico al Serio;Mornico al Serio;;Nord-ovest;Lombardia;Bergamo;1;0;0;BG;F738
1;03;016;016142;16142;Mozzanica;Mozzanica;;Nord-ovest;Lombardia;Bergamo;1;0;0;BG;F786
1;03;016;016143;16143;Mozzo;Mozzo;;Nord-ovest;Lombardia;Bergamo;1;0;0;BG;F791
1;03;016;016144;16144;Nembro;Nembro;;Nord-ovest;Lombardia;Bergamo;1;0;0;BG;F864
1;03;016;016145;16145;Olmo al Brembo;Olmo al Brembo;;Nord-ovest;Lombardia;Bergamo;1;0;0;BG;G049
1;03;016;016146;16146;Oltre il Colle;Oltre il Colle;;Nord-ovest;Lombardia;Bergamo;1;0;0;BG;G050
1;03;016;016147;16147;Oltressenda Alta;Oltressenda Alta;;Nord-ovest;Lombardia;Bergamo;1;0;0;BG;G054
1;03;016;016148;16148;Oneta;Oneta;;Nord-ovest;Lombardia;Bergamo;1;0;0;BG;G068
1;03;016;016149;16149;Onore;Onore;;Nord-ovest;Lombardia;Bergamo;1;0;0;BG;G075
1;03;016;016150;16150;Orio al Serio;Orio al Serio;;Nord-ovest;Lombardia;Bergamo;1;0;0;BG;G108
1;03;016;016151;16151;Ornica;Ornica;;Nord-ovest;Lombardia;Bergamo;1;0;0;BG;G118
1;03;016;016152;16152;Osio Sopra;Osio Sopra;;Nord-ovest;Lombardia;Bergamo;1;0;0;BG;G159
1;03;016;016153;16153;Osio Sotto;Osio Sotto;;Nord-ovest;Lombardia;Bergamo;1;0;0;BG;G160
1;03;016;016154;16154;Pagazzano;Pagazzano;;Nord-ovest;Lombardia;Bergamo;1;0;0;BG;G233
1;03;016;016155;16155;Paladina;Paladina;;Nord-ovest;Lombardia;Bergamo;1;0;0;BG;G249
1;03;016;016156;16156;Palazzago;Palazzago;;Nord-ovest;Lombardia;Bergamo;1;0;0;BG;G259
1;03;016;016157;16157;Palosco;Palosco;;Nord-ovest;Lombardia;Bergamo;1;0;0;BG;G295
1;03;016;016158;16158;Parre;Parre;;Nord-ovest;Lombardia;Bergamo;1;0;0;BG;G346
1;03;016;016159;16159;Parzanica;Parzanica;;Nord-ovest;Lombardia;Bergamo;1;0;0;BG;G350
1;03;016;016160;16160;Pedrengo;Pedrengo;;Nord-ovest;Lombardia;Bergamo;1;0;0;BG;G412
1;03;016;016161;16161;Peia;Peia;;Nord-ovest;Lombardia;Bergamo;1;0;0;BG;G418
1;03;016;016162;16162;Pianico;Pianico;;Nord-ovest;Lombardia;Bergamo;1;0;0;BG;G564
1;03;016;016163;16163;Piario;Piario;;Nord-ovest;Lombardia;Bergamo;1;0;0;BG;G574
1;03;016;016164;16164;Piazza Brembana;Piazza Brembana;;Nord-ovest;Lombardia;Bergamo;1;0;0;BG;G579
1;03;016;016165;16165;Piazzatorre;Piazzatorre;;Nord-ovest;Lombardia;Bergamo;1;0;0;BG;G583
1;03;016;016166;16166;Piazzolo;Piazzolo;;Nord-ovest;Lombardia;Bergamo;1;0;0;BG;G588
1;03;016;016167;16167;Pognano;Pognano;;Nord-ovest;Lombardia;Bergamo;1;0;0;BG;G774
1;03;016;016168;16168;Ponte Nossa;Ponte Nossa;;Nord-ovest;Lombardia;Bergamo;1;0;0;BG;F941
1;03;016;016169;16169;Ponteranica;Ponteranica;;Nord-ovest;Lombardia;Bergamo;1;0;0;BG;G853
1;03;016;016170;16170;Ponte San Pietro;Ponte San Pietro;;Nord-ovest;Lombardia;Bergamo;1;0;0;BG;G856
1;03;016;016171;16171;Pontida;Pontida;;Nord-ovest;Lombardia;Bergamo;1;0;0;BG;G864
1;03;016;016172;16172;Pontirolo Nuovo;Pontirolo Nuovo;;Nord-ovest;Lombardia;Bergamo;1;0;0;BG;G867
1;03;016;016173;16173;Pradalunga;Pradalunga;;Nord-ovest;Lombardia;Bergamo;1;0;0;BG;G968
1;03;016;016174;16174;Predore;Predore;;Nord-ovest;Lombardia;Bergamo;1;0;0;BG;H020
1;03;016;016175;16175;Premolo;Premolo;;Nord-ovest;Lombardia;Bergamo;1;0;0;BG;H036
1;03;016;016176;16176;Presezzo;Presezzo;;Nord-ovest;Lombardia;Bergamo;1;0;0;BG;H046
1;03;016;016177;16177;Pumenengo;Pumenengo;;Nord-ovest;Lombardia;Bergamo;1;0;0;BG;H091
1;03;016;016178;16178;Ranica;Ranica;;Nord-ovest;Lombardia;Bergamo;1;0;0;BG;H176
1;03;016;016179;16179;Ranzanico;Ranzanico;;Nord-ovest;Lombardia;Bergamo;1;0;0;BG;H177
1;03;016;016180;16180;Riva di Solto;Riva di Solto;;Nord-ovest;Lombardia;Bergamo;1;0;0;BG;H331
1;03;016;016181;16181;Riviera d'Adda;Riviera d'Adda;;Nord-ovest;Lombardia;Bergamo;1;0;0;BG;H351
1;03;016;016182;16182;Rogno;Rogno;;Nord-ovest;Lombardia;Bergamo;1;0;0;BG;H492
1;03;016;016183;16183;Romano di Lombardia;Romano di Lombardia;;Nord-ovest;Lombardia;Bergamo;1;0;0;BG;H509
1;03;016;016184;16184;Roncobello;Roncobello;;Nord-ovest;Lombardia;Bergamo;1;0;0;BG;H535
1;03;016;016185;16185;Roncola;Roncola;;Nord-ovest;Lombardia;Bergamo;1;0;0;BG;H544
1;03;016;016186;16186;Rota d'Imagna;Rota d'Imagna;;Nord-ovest;Lombardia;Bergamo;1;0;0;BG;H584
1;03;016;016187;16187;Rovetta;Rovetta;;Nord-ovest;Lombardia;Bergamo;1;0;0;BG;H615
1;03;016;016188;16188;San Giovanni Bianco;San Giovanni Bianco;;Nord-ovest;Lombardia;Bergamo;1;0;0;BG;H910
1;03;016;016189;16189;San Paolo d'Argon;San Paolo d'Argon;;Nord-ovest;Lombardia;Bergamo;1;0;0;BG;B310
1;03;016;016190;16190;San Pellegrino Terme;San Pellegrino Terme;;Nord-ovest;Lombardia;Bergamo;1;0;0;BG;I079
1;03;016;016191;16191;Santa Brigida;Santa Brigida;;Nord-ovest;Lombardia;Bergamo;1;0;0;BG;I168
1;03;016;016192;16192;Sant'Omobono Imagna;Sant'Omobono Imagna;;Nord-ovest;Lombardia;Bergamo;1;0;0;BG;I349
1;03;016;016193;16193;Sarnico;Sarnico;;Nord-ovest;Lombardia;Bergamo;1;0;0;BG;I437
1;03;016;016194;16194;Scanzorosciate;Scanzorosciate;;Nord-ovest;Lombardia;Bergamo;1;0;0;BG;I506
1;03;016;016195;16195;Schilpario;Schilpario;;Nord-ovest;Lombardia;Bergamo;1;0;0;BG;I530
1;03;016;016196;16196;Sedrina;Sedrina;;Nord-ovest;Lombardia;Bergamo;1;0;0;BG;I567
1;03;016;016197;16197;Selvino;Selvino;;Nord-ovest;Lombardia;Bergamo;1;0;0;BG;I597
1;03;016;016198;16198;Seriate;Seriate;;Nord-ovest;Lombardia;Bergamo;1;0;0;BG;I628
1;03;016;016199;16199;Serina;Serina;;Nord-ovest;Lombardia;Bergamo;1;0;0;BG;I629
1;03;016;016200;16200;Solto Collina;Solto Collina;;Nord-ovest;Lombardia;Bergamo;1;0;0;BG;I812
1;03;016;016201;16201;Songavazzo;Songavazzo;;Nord-ovest;Lombardia;Bergamo;1;0;0;BG;I830
1;03;016;016202;16202;Sorisole;Sorisole;;Nord-ovest;Lombardia;Bergamo;1;0;0;BG;I858
1;03;016;016203;16203;Sotto il Monte;Sotto il Monte;;Nord-ovest;Lombardia;Bergamo;1;0;0;BG;I869
1;03;016;016204;16204;Sovere;Sovere;;Nord-ovest;Lombardia;Bergamo;1;0;0;BG;I873
1;03;016;016205;16205;Spinone al Lago;Spinone al Lago;;Nord-ovest;Lombardia;Bergamo;1;0;0;BG;I916
1;03;016;016206;16206;Spirano;Spirano;;Nord-ovest;Lombardia;Bergamo;1;0;0;BG;I919
1;03;016;016207;16207;Stezzano;Stezzano;;Nord-ovest;Lombardia;Bergamo;1;0;0;BG;I951
1;03;016;016208;16208;Strozza;Strozza;;Nord-ovest;Lombardia;Bergamo;1;0;0;BG;I986
1;03;016;016209;16209;Suisio;Suisio;;Nord-ovest;Lombardia;Bergamo;1;0;0;BG;I997
1;03;016;016210;16210;Taleggio;Taleggio;;Nord-ovest;Lombardia;Bergamo;1;0;0;BG;L037
1;03;016;016211;16211;Tavernola Bergamasca;Tavernola Bergamasca;;Nord-ovest;Lombardia;Bergamo;1;0;0;BG;L073
1;03;016;016212;16212;Telgate;Telgate;;Nord-ovest;Lombardia;Bergamo;1;0;0;BG;L087
1;03;016;016213;16213;Terno d'Isola;Terno d'Isola;;Nord-ovest;Lombardia;Bergamo;1;0;0;BG;L118
1;03;016;016214;16214;Torre Boldone;Torre Boldone;;Nord-ovest;Lombardia;Bergamo;1;0;0;BG;L251
1;03;016;016215;16215;Torre de' Busi;Torre de' Busi;;Nord-ovest;Lombardia;Bergamo;1;0;0;BG;L257
1;03;016;016216;16216;Torre de' Roveri;Torre de' Roveri;;Nord-ovest;Lombardia;Bergamo;1;0;0;BG;L265
1;03;016;016217;16217;Torre Pallavicina;Torre Pallavicina;;Nord-ovest;Lombardia;Bergamo;1;0;0;BG;L276
1;03;016;016218;16218;Trescore Balneario;Trescore Balneario;;Nord-ovest;Lombardia;Bergamo;1;0;0;BG;L388
1;03;016;016219;16219;Treviglio;Treviglio;;Nord-ovest;Lombardia;Bergamo;1;0;0;BG;L400
1;03;016;016220;16220;Treviolo;Treviolo;;Nord-ovest;Lombardia;Bergamo;1;0;0;BG;L404
1;03;016;016221;16221;Ubiale Clanezzo;Ubiale Clanezzo;;Nord-ovest;Lombardia;Bergamo;1;0;0;BG;C789
1;03;016;016222;16222;Urgnano;Urgnano;;Nord-ovest;Lombardia;Bergamo;1;0;0;BG;L502
1;03;016;016223;16223;Valbondione;Valbondione;;Nord-ovest;Lombardia;Bergamo;1;0;0;BG;L544
1;03;016;016224;16224;Valbrembo;Valbrembo;;Nord-ovest;Lombardia;Bergamo;1;0;0;BG;L545
1;03;016;016225;16225;Valgoglio;Valgoglio;;Nord-ovest;Lombardia;Bergamo;1;0;0;BG;L579
1;03;016;016226;16226;Valleve;Valleve;;Nord-ovest;Lombardia;Bergamo;1;0;0;BG;L623
1;03;016;016227;16227;Valnegra;Valnegra;;Nord-ovest;Lombardia;Bergamo;1;0;0;BG;L642
1;03;016;016228;16228;Valsecca;Valsecca;;Nord-ovest;Lombardia;Bergamo;1;0;0;BG;L649
1;03;016;016229;16229;Valtorta;Valtorta;;Nord-ovest;Lombardia;Bergamo;1;0;0;BG;L655
1;03;016;016230;16230;Vedeseta;Vedeseta;;Nord-ovest;Lombardia;Bergamo;1;0;0;BG;L707
1;03;016;016231;16231;Vercurago;Vercurago;;Nord-ovest;Lombardia;Bergamo;1;0;0;BG;L751
1;03;016;016232;16232;Verdellino;Verdellino;;Nord-ovest;Lombardia;Bergamo;1;0;0;BG;L752
1;03;016;016233;16233;Verdello;Verdello;;Nord-ovest;Lombardia;Bergamo;1;0;0;BG;L753
1;03;016;016234;16234;Vertova;Vertova;;Nord-ovest;Lombardia;Bergamo;1;0;0;BG;L795
1;03;016;016235;16235;Viadanica;Viadanica;;Nord-ovest;Lombardia;Bergamo;1;0;0;BG;L827
1;03;016;016236;16236;Vigano San Martino;Vigano San Martino;;Nord-ovest;Lombardia;Bergamo;1;0;0;BG;L865
1;03;016;016237;16237;Vigolo;Vigolo;;Nord-ovest;Lombardia;Bergamo;1;0;0;BG;L894
1;03;016;016238;16238;Villa d'Adda;Villa d'Adda;;Nord-ovest;Lombardia;Bergamo;1;0;0;BG;L929
1;03;016;016239;16239;Villa d'Almè;Villa d'Almè;;Nord-ovest;Lombardia;Bergamo;1;0;0;BG;A215
1;03;016;016240;16240;Villa di Serio;Villa di Serio;;Nord-ovest;Lombardia;Bergamo;1;0;0;BG;L936
1;03;016;016241;16241;Villa d'Ogna;Villa d'Ogna;;Nord-ovest;Lombardia;Bergamo;1;0;0;BG;L938
1;03;016;016242;16242;Villongo;Villongo;;Nord-ovest;Lombardia;Bergamo;1;0;0;BG;M045
1;03;016;016243;16243;Vilminore di Scalve;Vilminore di Scalve;;Nord-ovest;Lombardia;Bergamo;1;0;0;BG;M050
1;03;016;016244;16244;Zandobbio;Zandobbio;;Nord-ovest;Lombardia;Bergamo;1;0;0;BG;M144
1;03;016;016245;16245;Zanica;Zanica;;Nord-ovest;Lombardia;Bergamo;1;0;0;BG;M147
1;03;016;016246;16246;Zogno;Zogno;;Nord-ovest;Lombardia;Bergamo;1;0;0;BG;M184
1;03;016;016247;16247;Costa Serina;Costa Serina;;Nord-ovest;Lombardia;Bergamo;1;0;0;BG;D111
1;03;016;016248;16248;Algua di Costa Serina;Algua di Costa Serina;;Nord-ovest;Lombardia;Bergamo;1;0;0;BG;A193
1;03;017;017001;17001;Acquafredda;Acquafredda;;Nord-ovest;Lombardia;Brescia;1;0;0;BS;A034
1;03;017;017002;17002;Adro;Adro;;Nord-ovest;Lombardia;Brescia;1;0;0;BS;A060
1;03;017;017003;17003;Agnosine;Agnosine;;Nord-ovest;Lombardia;Brescia;1;0;0;BS;A082
1;03;017;017004;17004;Alfianello;Alfianello;;Nord-ovest;Lombardia;Brescia;1;0;0;BS;A188
1;03;017;017005;17005;Anfo;Anfo;;Nord-ovest;Lombardia;Brescia;1;0;0;BS;A288
1;03;017;017006;17006;Angolo;Angolo;;Nord-ovest;Lombardia;Brescia;1;0;0;BS;A293
1;03;017;017007;17007;Artogne;Artogne;;Nord-ovest;Lombardia;Brescia;1;0;0;BS;A451
1;03;017;017008;17008;Azzano Mella;Azzano Mella;;Nord-ovest;Lombardia;Brescia;1;0;0;BS;A529
1;03;017;017009;17009;Bagnolo Mella;Bagnolo Mella;;Nord-ovest;Lombardia;Brescia;1;0;0;BS;A569
1;03;017;017010;17010;Bagolino;Bagolino;;Nord-ovest;Lombardia;Brescia;1;0;0;BS;A578
1;03;017;017011;17011;Barbariga;Barbariga;;Nord-ovest;Lombardia;Brescia;1;0;0;BS;A630
1;03;017;017012;17012;Barghe;Barghe;;Nord-ovest;Lombardia;Brescia;1;0;0;BS;A661
1;03;017;017013;17013;Bassano Bresciano;Bassano Bresciano;;Nord-ovest;Lombardia;Brescia;1;0;0;BS;A702
1;03;017;017014;17014;Bedizzole;Bedizzole;;Nord-ovest;Lombardia;Brescia;1;0;0;BS;A729
1;03;017;017015;17015;Berlingo;Berlingo;;Nord-ovest;Lombardia;Brescia;1;0;0;BS;A799
1;03;017;017016;17016;Berzo Demo;Berzo Demo;;Nord-ovest;Lombardia;Brescia;1;0;0;BS;A816
1;03;017;017017;17017;Berzo Inferiore;Berzo Inferiore;;Nord-ovest;Lombardia;Brescia;1;0;0;BS;A817
1;03;017;017018;17018;Bienno;Bienno;;Nord-ovest;Lombardia;Brescia;1;0;0;BS;A861
1;03;017;017019;17019;Bione;Bione;;Nord-ovest;Lombardia;Brescia;1;0;0;BS;A878
1;03;017;017020;17020;Borgo San Giacomo;Borgo San Giacomo;;Nord-ovest;Lombardia;Brescia;1;0;0;BS;B035
1;03;017;017021;17021;Borgosatollo;Borgosatollo;;Nord-ovest;Lombardia;Brescia;1;0;0;BS;B040
1;03;017;017022;17022;Borno;Borno;;Nord-ovest;Lombardia;Brescia;1;0;0;BS;B054
1;03;017;017023;17023;Botticino;Botticino;;Nord-ovest;Lombardia;Brescia;1;0;0;BS;B091
1;03;017;017024;17024;Bovegno;Bovegno;;Nord-ovest;Lombardia;Brescia;1;0;0;BS;B100
1;03;017;017025;17025;Bovezzo;Bovezzo;;Nord-ovest;Lombardia;Brescia;1;0;0;BS;B102
1;03;017;017026;17026;Brandico;Brandico;;Nord-ovest;Lombardia;Brescia;1;0;0;BS;B120
1;03;017;017027;17027;Braone;Braone;;Nord-ovest;Lombardia;Brescia;1;0;0;BS;B124
1;03;017;017028;17028;Breno;Breno;;Nord-ovest;Lombardia;Brescia;1;0;0;BS;B149
1;03;017;017029;17029;Brescia;Brescia;;Nord-ovest;Lombardia;Brescia;1;0;1;BS;B157
1;03;017;017030;17030;Brione;Brione;;Nord-ovest;Lombardia;Brescia;1;0;0;BS;B184
1;03;017;017031;17031;Caino;Caino;;Nord-ovest;Lombardia;Brescia;1;0;0;BS;B365
1;03;017;017032;17032;Calcinato;Calcinato;;Nord-ovest;Lombardia;Brescia;1;0;0;BS;B394
1;03;017;017033;17033;Calvagese della Riviera;Calvagese della Riviera;;Nord-ovest;Lombardia;Brescia;1;0;0;BS;B436
1;03;017;017034;17034;Calvisano;Calvisano;;Nord-ovest;Lombardia;Brescia;1;0;0;BS;B450
1;03;017;017035;17035;Capo di Ponte;Capo di Ponte;;Nord-ovest;Lombardia;Brescia;1;0;0;BS;B664
1;03;017;017036;17036;Capovalle;Capovalle;;Nord-ovest;Lombardia;Brescia;1;0;0;BS;B676
1;03;017;017037;17037;Capriano del Colle;Capriano del Colle;;Nord-ovest;Lombardia;Brescia;1;0;0;BS;B698
1;03;017;017038;17038;Capriolo;Capriolo;;Nord-ovest;Lombardia;Brescia;1;0;0;BS;B711
1;03;017;017039;17039;Carpenedolo;Carpenedolo;;Nord-ovest;Lombardia;Brescia;1;0;0;BS;B817
1;03;017;017040;17040;Castegnato;Castegnato;;Nord-ovest;Lombardia;Brescia;1;0;0;BS;C055
1;03;017;017041;17041;Castelcovati;Castelcovati;;Nord-ovest;Lombardia;Brescia;1;0;0;BS;C072
1;03;017;017042;17042;Castel Mella;Castel Mella;;Nord-ovest;Lombardia;Brescia;1;0;0;BS;C208
1;03;017;017043;17043;Castenedolo;Castenedolo;;Nord-ovest;Lombardia;Brescia;1;0;0;BS;C293
1;03;017;017044;17044;Casto;Casto;;Nord-ovest;Lombardia;Brescia;1;0;0;BS;C330
1;03;017;017045;17045;Castrezzato;Castrezzato;;Nord-ovest;Lombardia;Brescia;1;0;0;BS;C332
1;03;017;017046;17046;Cazzago San Martino;Cazzago San Martino;;Nord-ovest;Lombardia;Brescia;1;0;0;BS;C408
1;03;017;017047;17047;Cedegolo;Cedegolo;;Nord-ovest;Lombardia;Brescia;1;0;0;BS;C417
1;03;017;017048;17048;Cellatica;Cellatica;;Nord-ovest;Lombardia;Brescia;1;0;0;BS;C439
1;03;017;017049;17049;Cerveno;Cerveno;;Nord-ovest;Lombardia;Brescia;1;0;0;BS;C549
1;03;017;017050;17050;Ceto;Ceto;;Nord-ovest;Lombardia;Brescia;1;0;0;BS;C585
1;03;017;017051;17051;Cevo;Cevo;;Nord-ovest;Lombardia;Brescia;1;0;0;BS;C591
1;03;017;017052;17052;Chiari;Chiari;;Nord-ovest;Lombardia;Brescia;1;0;0;BS;C618
1;03;017;017053;17053;Cigole;Cigole;;Nord-ovest;Lombardia;Brescia;1;0;0;BS;C685
1;03;017;017054;17054;Cimbergo;Cimbergo;;Nord-ovest;Lombardia;Brescia;1;0;0;BS;C691
1;03;017;017055;17055;Cividate Camuno;Cividate Camuno;;Nord-ovest;Lombardia;Brescia;1;0;0;BS;C760
1;03;017;017056;17056;Coccaglio;Coccaglio;;Nord-ovest;Lombardia;Brescia;1;0;0;BS;C806
1;03;017;017057;17057;Collebeato;Collebeato;;Nord-ovest;Lombardia;Brescia;1;0;0;BS;C850
1;03;017;017058;17058;Collio;Collio;;Nord-ovest;Lombardia;Brescia;1;0;0;BS;C883
1;03;017;017059;17059;Cologne;Cologne;;Nord-ovest;Lombardia;Brescia;1;0;0;BS;C893
1;03;017;017060;17060;Comezzano-Cizzago;Comezzano-Cizzago;;Nord-ovest;Lombardia;Brescia;1;0;0;BS;C925
1;03;017;017061;17061;Concesio;Concesio;;Nord-ovest;Lombardia;Brescia;1;0;0;BS;C948
1;03;017;017062;17062;Corte Franca;Corte Franca;;Nord-ovest;Lombardia;Brescia;1;0;0;BS;D058
1;03;017;017063;17063;Corteno Golgi;Corteno Golgi;;Nord-ovest;Lombardia;Brescia;1;0;0;BS;D064
1;03;017;017064;17064;Corzano;Corzano;;Nord-ovest;Lombardia;Brescia;1;0;0;BS;D082
1;03;017;017065;17065;Darfo;Darfo;;Nord-ovest;Lombardia;Brescia;1;0;0;BS;D251
1;03;017;017066;17066;Dello;Dello;;Nord-ovest;Lombardia;Brescia;1;0;0;BS;D270
1;03;017;017067;17067;Desenzano del Garda;Desenzano del Garda;;Nord-ovest;Lombardia;Brescia;1;0;0;BS;D284
1;03;017;017068;17068;Edolo;Edolo;;Nord-ovest;Lombardia;Brescia;1;0;0;BS;D391
1;03;017;017069;17069;Erbusco;Erbusco;;Nord-ovest;Lombardia;Brescia;1;0;0;BS;D421
1;03;017;017070;17070;Esine;Esine;;Nord-ovest;Lombardia;Brescia;1;0;0;BS;D434
1;03;017;017071;17071;Fiesse;Fiesse;;Nord-ovest;Lombardia;Brescia;1;0;0;BS;D576
1;03;017;017072;17072;Flero;Flero;;Nord-ovest;Lombardia;Brescia;1;0;0;BS;D634
1;03;017;017073;17073;Gambara;Gambara;;Nord-ovest;Lombardia;Brescia;1;0;0;BS;D891
1;03;017;017074;17074;Gardone Riviera;Gardone Riviera;;Nord-ovest;Lombardia;Brescia;1;0;0;BS;D917
1;03;017;017075;17075;Gardone Val Trompia;Gardone Val Trompia;;Nord-ovest;Lombardia;Brescia;1;0;0;BS;D918
1;03;017;017076;17076;Gargnano;Gargnano;;Nord-ovest;Lombardia;Brescia;1;0;0;BS;D924
1;03;017;017077;17077;Gavardo;Gavardo;;Nord-ovest;Lombardia;Brescia;1;0;0;BS;D940
1;03;017;017078;17078;Ghedi;Ghedi;;Nord-ovest;Lombardia;Brescia;1;0;0;BS;D999
1;03;017;017079;17079;Gianico;Gianico;;Nord-ovest;Lombardia;Brescia;1;0;0;BS;E010
1;03;017;017080;17080;Gottolengo;Gottolengo;;Nord-ovest;Lombardia;Brescia;1;0;0;BS;E116
1;03;017;017081;17081;Gussago;Gussago;;Nord-ovest;Lombardia;Brescia;1;0;0;BS;E271
1;03;017;017082;17082;Idro;Idro;;Nord-ovest;Lombardia;Brescia;1;0;0;BS;E280
1;03;017;017083;17083;Incudine;Incudine;;Nord-ovest;Lombardia;Brescia;1;0;0;BS;E297
1;03;017;017084;17084;Irma;Irma;;Nord-ovest;Lombardia;Brescia;1;0;0;BS;E325
1;03;017;017085;17085;Iseo;Iseo;;Nord-ovest;Lombardia;Brescia;1;0;0;BS;E333
1;03;017;017086;17086;Isorella;Isorella;;Nord-ovest;Lombardia;Brescia;1;0;0;BS;E364
1;03;017;017087;17087;Lavenone;Lavenone;;Nord-ovest;Lombardia;Brescia;1;0;0;BS;E497
1;03;017;017088;17088;Leno;Leno;;Nord-ovest;Lombardia;Brescia;1;0;0;BS;E526
1;03;017;017089;17089;Limone sul Garda;Limone sul Garda;;Nord-ovest;Lombardia;Brescia;1;0;0;BS;E596
1;03;017;017090;17090;Lodrino;Lodrino;;Nord-ovest;Lombardia;Brescia;1;0;0;BS;E652
1;03;017;017091;17091;Lograto;Lograto;;Nord-ovest;Lombardia;Brescia;1;0;0;BS;E654
1;03;017;017092;17092;Lonato;Lonato;;Nord-ovest;Lombardia;Brescia;1;0;0;BS;E667
1;03;017;017093;17093;Longhena;Longhena;;Nord-ovest;Lombardia;Brescia;1;0;0;BS;E673
1;03;017;017094;17094;Losine;Losine;;Nord-ovest;Lombardia;Brescia;1;0;0;BS;E698
1;03;017;017095;17095;Lozio;Lozio;;Nord-ovest;Lombardia;Brescia;1;0;0;BS;E706
1;03;017;017096;17096;Lumezzane;Lumezzane;;Nord-ovest;Lombardia;Brescia;1;0;0;BS;E738
1;03;017;017097;17097;Maclodio;Maclodio;;Nord-ovest;Lombardia;Brescia;1;0;0;BS;E787
1;03;017;017098;17098;Magasa;Magasa;;Nord-ovest;Lombardia;Brescia;1;0;0;BS;E800
1;03;017;017099;17099;Mairano;Mairano;;Nord-ovest;Lombardia;Brescia;1;0;0;BS;E841
1;03;017;017100;17100;Malegno;Malegno;;Nord-ovest;Lombardia;Brescia;1;0;0;BS;E851
1;03;017;017101;17101;Malonno;Malonno;;Nord-ovest;Lombardia;Brescia;1;0;0;BS;E865
1;03;017;017102;17102;Manerba del Garda;Manerba del Garda;;Nord-ovest;Lombardia;Brescia;1;0;0;BS;E883
1;03;017;017103;17103;Manerbio;Manerbio;;Nord-ovest;Lombardia;Brescia;1;0;0;BS;E884
1;03;017;017104;17104;Marcheno;Marcheno;;Nord-ovest;Lombardia;Brescia;1;0;0;BS;E928
1;03;017;017105;17105;Marmentino;Marmentino;;Nord-ovest;Lombardia;Brescia;1;0;0;BS;E961
1;03;017;017106;17106;Marone;Marone;;Nord-ovest;Lombardia;Brescia;1;0;0;BS;E967
1;03;017;017107;17107;Mazzano;Mazzano;;Nord-ovest;Lombardia;Brescia;1;0;0;BS;F063
1;03;017;017108;17108;Milzano;Milzano;;Nord-ovest;Lombardia;Brescia;1;0;0;BS;F216
1;03;017;017109;17109;Moniga del Garda;Moniga del Garda;;Nord-ovest;Lombardia;Brescia;1;0;0;BS;F373
1;03;017;017110;17110;Monno;Monno;;Nord-ovest;Lombardia;Brescia;1;0;0;BS;F375
1;03;017;017111;17111;Monte Isola;Monte Isola;;Nord-ovest;Lombardia;Brescia;1;0;0;BS;F532
1;03;017;017112;17112;Monticelli Brusati;Monticelli Brusati;;Nord-ovest;Lombardia;Brescia;1;0;0;BS;F672
1;03;017;017113;17113;Montichiari;Montichiari;;Nord-ovest;Lombardia;Brescia;1;0;0;BS;F471
1;03;017;017114;17114;Montirone;Montirone;;Nord-ovest;Lombardia;Brescia;1;0;0;BS;F680
1;03;017;017115;17115;Mura;Mura;;Nord-ovest;Lombardia;Brescia;1;0;0;BS;F806
1;03;017;017116;17116;Muscoline;Muscoline;;Nord-ovest;Lombardia;Brescia;1;0;0;BS;F820
1;03;017;017117;17117;Nave;Nave;;Nord-ovest;Lombardia;Brescia;1;0;0;BS;F851
1;03;017;017118;17118;Niardo;Niardo;;Nord-ovest;Lombardia;Brescia;1;0;0;BS;F884
1;03;017;017119;17119;Nuvolento;Nuvolento;;Nord-ovest;Lombardia;Brescia;1;0;0;BS;F989
1;03;017;017120;17120;Nuvolera;Nuvolera;;Nord-ovest;Lombardia;Brescia;1;0;0;BS;F990
1;03;017;017121;17121;Odolo;Odolo;;Nord-ovest;Lombardia;Brescia;1;0;0;BS;G001
1;03;017;017122;17122;Offlaga;Offlaga;;Nord-ovest;Lombardia;Brescia;1;0;0;BS;G006
1;03;017;017123;17123;Ome;Ome;;Nord-ovest;Lombardia;Brescia;1;0;0;BS;G061
1;03;017;017124;17124;Ono San Pietro;Ono San Pietro;;Nord-ovest;Lombardia;Brescia;1;0;0;BS;G074
1;03;017;017125;17125;Orzinuovi;Orzinuovi;;Nord-ovest;Lombardia;Brescia;1;0;0;BS;G149
1;03;017;017126;17126;Orzivecchi;Orzivecchi;;Nord-ovest;Lombardia;Brescia;1;0;0;BS;G150
1;03;017;017127;17127;Ospitaletto;Ospitaletto;;Nord-ovest;Lombardia;Brescia;1;0;0;BS;G170
1;03;017;017128;17128;Ossimo;Ossimo;;Nord-ovest;Lombardia;Brescia;1;0;0;BS;G179
1;03;017;017129;17129;Padenghe sul Garda;Padenghe sul Garda;;Nord-ovest;Lombardia;Brescia;1;0;0;BS;G213
1;03;017;017130;17130;Paderno Franciacorta;Paderno Franciacorta;;Nord-ovest;Lombardia;Brescia;1;0;0;BS;G217
1;03;017;017131;17131;Paisco Loveno;Paisco Loveno;;Nord-ovest;Lombardia;Brescia;1;0;0;BS;G247
1;03;017;017132;17132;Paitone;Paitone;;Nord-ovest;Lombardia;Brescia;1;0;0;BS;G248
1;03;017;017133;17133;Palazzolo sull'Oglio;Palazzolo sull'Oglio;;Nord-ovest;Lombardia;Brescia;1;0;0;BS;G264
1;03;017;017134;17134;Paratico;Paratico;;Nord-ovest;Lombardia;Brescia;1;0;0;BS;G327
1;03;017;017135;17135;Paspardo;Paspardo;;Nord-ovest;Lombardia;Brescia;1;0;0;BS;G354
1;03;017;017136;17136;Passirano;Passirano;;Nord-ovest;Lombardia;Brescia;1;0;0;BS;G361
1;03;017;017137;17137;Pavone del Mella;Pavone del Mella;;Nord-ovest;Lombardia;Brescia;1;0;0;BS;G391
1;03;017;017138;17138;Pedergnaga Oriano;Pedergnaga Oriano;;Nord-ovest;Lombardia;Brescia;1;0;0;BS;G407
1;03;017;017139;17139;Pertica Alta;Pertica Alta;;Nord-ovest;Lombardia;Brescia;1;0;0;BS;G474
1;03;017;017140;17140;Pertica Bassa;Pertica Bassa;;Nord-ovest;Lombardia;Brescia;1;0;0;BS;G475
1;03;017;017141;17141;Pezzaze;Pezzaze;;Nord-ovest;Lombardia;Brescia;1;0;0;BS;G529
1;03;017;017142;17142;Pian Camuno;Pian Camuno;;Nord-ovest;Lombardia;Brescia;1;0;0;BS;G546
1;03;017;017143;17143;Pisogne;Pisogne;;Nord-ovest;Lombardia;Brescia;1;0;0;BS;G710
1;03;017;017144;17144;Polaveno;Polaveno;;Nord-ovest;Lombardia;Brescia;1;0;0;BS;G779
1;03;017;017145;17145;Polpenazze;Polpenazze;;Nord-ovest;Lombardia;Brescia;1;0;0;BS;G801
1;03;017;017146;17146;Pompiano;Pompiano;;Nord-ovest;Lombardia;Brescia;1;0;0;BS;G815
1;03;017;017147;17147;Poncarale;Poncarale;;Nord-ovest;Lombardia;Brescia;1;0;0;BS;G818
1;03;017;017148;17148;Ponte di Legno;Ponte di Legno;;Nord-ovest;Lombardia;Brescia;1;0;0;BS;G844
1;03;017;017149;17149;Pontevico;Pontevico;;Nord-ovest;Lombardia;Brescia;1;0;0;BS;G859
1;03;017;017150;17150;Pontoglio;Pontoglio;;Nord-ovest;Lombardia;Brescia;1;0;0;BS;G869
1;03;017;017151;17151;Pozzolengo;Pozzolengo;;Nord-ovest;Lombardia;Brescia;1;0;0;BS;G959
1;03;017;017152;17152;Pralboino;Pralboino;;Nord-ovest;Lombardia;Brescia;1;0;0;BS;G977
1;03;017;017153;17153;Preseglie;Preseglie;;Nord-ovest;Lombardia;Brescia;1;0;0;BS;H043
1;03;017;017154;17154;Prestine;Prestine;;Nord-ovest;Lombardia;Brescia;1;0;0;BS;H050
1;03;017;017155;17155;Prevalle;Prevalle;;Nord-ovest;Lombardia;Brescia;1;0;0;BS;H055
1;03;017;017156;17156;Provaglio d'Iseo;Provaglio d'Iseo;;Nord-ovest;Lombardia;Brescia;1;0;0;BS;H078
1;03;017;017157;17157;Provaglio Val Sabbia;Provaglio Val Sabbia;;Nord-ovest;Lombardia;Brescia;1;0;0;BS;H077
1;03;017;017158;17158;Puegnago;Puegnago;;Nord-ovest;Lombardia;Brescia;1;0;0;BS;H086
1;03;017;017159;17159;Quinzano d'Oglio;Quinzano d'Oglio;;Nord-ovest;Lombardia;Brescia;1;0;0;BS;H140
1;03;017;017160;17160;Remedello;Remedello;;Nord-ovest;Lombardia;Brescia;1;0;0;BS;H230
1;03;017;017161;17161;Rezzato;Rezzato;;Nord-ovest;Lombardia;Brescia;1;0;0;BS;H256
1;03;017;017162;17162;Roccafranca;Roccafranca;;Nord-ovest;Lombardia;Brescia;1;0;0;BS;H410
1;03;017;017163;17163;Rodengo Saiano;Rodengo Saiano;;Nord-ovest;Lombardia;Brescia;1;0;0;BS;H477
1;03;017;017164;17164;Roè Volciano;Roè Volciano;;Nord-ovest;Lombardia;Brescia;1;0;0;BS;H484
1;03;017;017165;17165;Roncadelle;Roncadelle;;Nord-ovest;Lombardia;Brescia;1;0;0;BS;H525
1;03;017;017166;17166;Rovato;Rovato;;Nord-ovest;Lombardia;Brescia;1;0;0;BS;H598
1;03;017;017167;17167;Rudiano;Rudiano;;Nord-ovest;Lombardia;Brescia;1;0;0;BS;H630
1;03;017;017168;17168;Sabbio Chiese;Sabbio Chiese;;Nord-ovest;Lombardia;Brescia;1;0;0;BS;H650
1;03;017;017169;17169;Sale Marasino;Sale Marasino;;Nord-ovest;Lombardia;Brescia;1;0;0;BS;H699
1;03;017;017170;17170;Salò;Salò;;Nord-ovest;Lombardia;Brescia;1;0;0;BS;H717
1;03;017;017171;17171;San Felice del Benaco;San Felice del Benaco;;Nord-ovest;Lombardia;Brescia;1;0;0;BS;H838
1;03;017;017172;17172;San Gervasio Bresciano;San Gervasio Bresciano;;Nord-ovest;Lombardia;Brescia;1;0;0;BS;H865
1;03;017;017173;17173;San Zeno Naviglio;San Zeno Naviglio;;Nord-ovest;Lombardia;Brescia;1;0;0;BS;I412
1;03;017;017174;17174;Sarezzo;Sarezzo;;Nord-ovest;Lombardia;Brescia;1;0;0;BS;I433
1;03;017;017175;17175;Saviore dell'Adamello;Saviore dell'Adamello;;Nord-ovest;Lombardia;Brescia;1;0;0;BS;I476
1;03;017;017176;17176;Sellero;Sellero;;Nord-ovest;Lombardia;Brescia;1;0;0;BS;I588
1;03;017;017177;17177;Seniga;Seniga;;Nord-ovest;Lombardia;Brescia;1;0;0;BS;I607
1;03;017;017178;17178;Serle;Serle;;Nord-ovest;Lombardia;Brescia;1;0;0;BS;I631
1;03;017;017179;17179;Sirmione;Sirmione;;Nord-ovest;Lombardia;Brescia;1;0;0;BS;I633
1;03;017;017180;17180;Soiano del Lago;Soiano del Lago;;Nord-ovest;Lombardia;Brescia;1;0;0;BS;I782
1;03;017;017181;17181;Sonico;Sonico;;Nord-ovest;Lombardia;Brescia;1;0;0;BS;I831
1;03;017;017182;17182;Sulzano;Sulzano;;Nord-ovest;Lombardia;Brescia;1;0;0;BS;L002
1;03;017;017183;17183;Tavernole sul Mella;Tavernole sul Mella;;Nord-ovest;Lombardia;Brescia;1;0;0;BS;C698
1;03;017;017184;17184;Temù;Temù;;Nord-ovest;Lombardia;Brescia;1;0;0;BS;L094
1;03;017;017185;17185;Tignale;Tignale;;Nord-ovest;Lombardia;Brescia;1;0;0;BS;L169
1;03;017;017186;17186;Torbole Casaglia;Torbole Casaglia;;Nord-ovest;Lombardia;Brescia;1;0;0;BS;L210
1;03;017;017187;17187;Toscolano-Maderno;Toscolano-Maderno;;Nord-ovest;Lombardia;Brescia;1;0;0;BS;L312
1;03;017;017188;17188;Travagliato;Travagliato;;Nord-ovest;Lombardia;Brescia;1;0;0;BS;L339
1;03;017;017189;17189;Tremosine;Tremosine;;Nord-ovest;Lombardia;Brescia;1;0;0;BS;L372
1;03;017;017190;17190;Trenzano;Trenzano;;Nord-ovest;Lombardia;Brescia;1;0;0;BS;L380
1;03;017;017191;17191;Treviso Bresciano;Treviso Bresciano;;Nord-ovest;Lombardia;Brescia;1;0;0;BS;L406
1;03;017;017192;17192;Urago d'Oglio;Urago d'Oglio;;Nord-ovest;Lombardia;Brescia;1;0;0;BS;L494
1;03;017;017193;17193;Vallio;Vallio;;Nord-ovest;Lombardia;Brescia;1;0;0;BS;L626
1;03;017;017194;17194;Valvestino;Valvestino;;Nord-ovest;Lombardia;Brescia;1;0;0;BS;L468
1;03;017;017195;17195;Verolanuova;Verolanuova;;Nord-ovest;Lombardia;Brescia;1;0;0;BS;L777
1;03;017;017196;17196;Verolavecchia;Verolavecchia;;Nord-ovest;Lombardia;Brescia;1;0;0;BS;L778
1;03;017;017197;17197;Vestone;Vestone;;Nord-ovest;Lombardia;Brescia;1;0;0;BS;L812
1;03;017;017198;17198;Vezza d'Oglio;Vezza d'Oglio;;Nord-ovest;Lombardia;Brescia;1;0;0;BS;L816
1;03;017;017199;17199;Villa Carcina;Villa Carcina;;Nord-ovest;Lombardia;Brescia;1;0;0;BS;L919
1;03;017;017200;17200;Villachiara;Villachiara;;Nord-ovest;Lombardia;Brescia;1;0;0;BS;L923
1;03;017;017201;17201;Villanuova sul Clisi;Villanuova sul Clisi;;Nord-ovest;Lombardia;Brescia;1;0;0;BS;L995
1;03;017;017202;17202;Vione;Vione;;Nord-ovest;Lombardia;Brescia;1;0;0;BS;M065
1;03;017;017203;17203;Visano;Visano;;Nord-ovest;Lombardia;Brescia;1;0;0;BS;M070
1;03;017;017204;17204;Vobarno;Vobarno;;Nord-ovest;Lombardia;Brescia;1;0;0;BS;M104
1;03;017;017205;17205;Zone;Zone;;Nord-ovest;Lombardia;Brescia;1;0;0;BS;M188
1;03;017;017206;17206;Piancogno;Piancogno;;Nord-ovest;Lombardia;Brescia;1;0;0;BS;G549
1;03;018;018001;18001;Alagna;Alagna;;Nord-ovest;Lombardia;Pavia;1;0;0;PV;A118
1;03;018;018002;18002;Albaredo Arnaboldi;Albaredo Arnaboldi;;Nord-ovest;Lombardia;Pavia;1;0;0;PV;A134
1;03;018;018003;18003;Albonese;Albonese;;Nord-ovest;Lombardia;Pavia;1;0;0;PV;A171
1;03;018;018004;18004;Albuzzano;Albuzzano;;Nord-ovest;Lombardia;Pavia;1;0;0;PV;A175
1;03;018;018005;18005;Arena Po;Arena Po;;Nord-ovest;Lombardia;Pavia;1;0;0;PV;A387
1;03;018;018006;18006;Badia Pavese;Badia Pavese;;Nord-ovest;Lombardia;Pavia;1;0;0;PV;A538
1;03;018;018007;18007;Bagnaria;Bagnaria;;Nord-ovest;Lombardia;Pavia;1;0;0;PV;A550
1;03;018;018008;18008;Barbianello;Barbianello;;Nord-ovest;Lombardia;Pavia;1;0;0;PV;A634
1;03;018;018009;18009;Bascapè;Bascapè;;Nord-ovest;Lombardia;Pavia;1;0;0;PV;A690
1;03;018;018010;18010;Bastida de' Dossi;Bastida de' Dossi;;Nord-ovest;Lombardia;Pavia;1;0;0;PV;A711
1;03;018;018011;18011;Bastida Pancarana;Bastida Pancarana;;Nord-ovest;Lombardia;Pavia;1;0;0;PV;A712
1;03;018;018012;18012;Battuda;Battuda;;Nord-ovest;Lombardia;Pavia;1;0;0;PV;A718
1;03;018;018013;18013;Belgioioso;Belgioioso;;Nord-ovest;Lombardia;Pavia;1;0;0;PV;A741
1;03;018;018014;18014;Bereguardo;Bereguardo;;Nord-ovest;Lombardia;Pavia;1;0;0;PV;A792
1;03;018;018015;18015;Borgarello;Borgarello;;Nord-ovest;Lombardia;Pavia;1;0;0;PV;A989
1;03;018;018016;18016;Borgo Priolo;Borgo Priolo;;Nord-ovest;Lombardia;Pavia;1;0;0;PV;B028
1;03;018;018017;18017;Borgoratto Mormorolo;Borgoratto Mormorolo;;Nord-ovest;Lombardia;Pavia;1;0;0;PV;B030
1;03;018;018018;18018;Borgo San Siro;Borgo San Siro;;Nord-ovest;Lombardia;Pavia;1;0;0;PV;B038
1;03;018;018019;18019;Bornasco;Bornasco;;Nord-ovest;Lombardia;Pavia;1;0;0;PV;B051
1;03;018;018020;18020;Bosnasco;Bosnasco;;Nord-ovest;Lombardia;Pavia;1;0;0;PV;B082
1;03;018;018021;18021;Brallo di Pregola;Brallo di Pregola;;Nord-ovest;Lombardia;Pavia;1;0;0;PV;B117
1;03;018;018022;18022;Breme;Breme;;Nord-ovest;Lombardia;Pavia;1;0;0;PV;B142
1;03;018;018023;18023;Bressana Bottarone;Bressana Bottarone;;Nord-ovest;Lombardia;Pavia;1;0;0;PV;B159
1;03;018;018024;18024;Broni;Broni;;Nord-ovest;Lombardia;Pavia;1;0;0;PV;B201
1;03;018;018025;18025;Calvignano;Calvignano;;Nord-ovest;Lombardia;Pavia;1;0;0;PV;B447
1;03;018;018026;18026;Campospinoso;Campospinoso;;Nord-ovest;Lombardia;Pavia;1;0;0;PV;B567
1;03;018;018027;18027;Candia Lomellina;Candia Lomellina;;Nord-ovest;Lombardia;Pavia;1;0;0;PV;B587
1;03;018;018028;18028;Canevino;Canevino;;Nord-ovest;Lombardia;Pavia;1;0;0;PV;B599
1;03;018;018029;18029;Canneto Pavese;Canneto Pavese;;Nord-ovest;Lombardia;Pavia;1;0;0;PV;B613
1;03;018;018030;18030;Carbonara al Ticino;Carbonara al Ticino;;Nord-ovest;Lombardia;Pavia;1;0;0;PV;B741
1;03;018;018031;18031;Casanova Lonati;Casanova Lonati;;Nord-ovest;Lombardia;Pavia;1;0;0;PV;B929
1;03;018;018032;18032;Casatisma;Casatisma;;Nord-ovest;Lombardia;Pavia;1;0;0;PV;B945
1;03;018;018033;18033;Casei Gerola;Casei Gerola;;Nord-ovest;Lombardia;Pavia;1;0;0;PV;B954
1;03;018;018034;18034;Casorate Primo;Casorate Primo;;Nord-ovest;Lombardia;Pavia;1;0;0;PV;B988
1;03;018;018035;18035;Cassolnovo;Cassolnovo;;Nord-ovest;Lombardia;Pavia;1;0;0;PV;C038
1;03;018;018036;18036;Castana;Castana;;Nord-ovest;Lombardia;Pavia;1;0;0;PV;C050
1;03;018;018037;18037;Casteggio;Casteggio;;Nord-ovest;Lombardia;Pavia;1;0;0;PV;C053
1;03;018;018038;18038;Castelletto di Branduzzo;Castelletto di Branduzzo;;Nord-ovest;Lombardia;Pavia;1;0;0;PV;C157
1;03;018;018039;18039;Castello d'Agogna;Castello d'Agogna;;Nord-ovest;Lombardia;Pavia;1;0;0;PV;C184
1;03;018;018040;18040;Castelnovetto;Castelnovetto;;Nord-ovest;Lombardia;Pavia;1;0;0;PV;C213
1;03;018;018041;18041;Cava Manara;Cava Manara;;Nord-ovest;Lombardia;Pavia;1;0;0;PV;C360
1;03;018;018042;18042;Cecima;Cecima;;Nord-ovest;Lombardia;Pavia;1;0;0;PV;C414
1;03;018;018043;18043;Ceranova;Ceranova;;Nord-ovest;Lombardia;Pavia;1;0;0;PV;C484
1;03;018;018044;18044;Ceretto Lomellina;Ceretto Lomellina;;Nord-ovest;Lombardia;Pavia;1;0;0;PV;C508
1;03;018;018045;18045;Cergnago;Cergnago;;Nord-ovest;Lombardia;Pavia;1;0;0;PV;C509
1;03;018;018046;18046;Certosa di Pavia;Certosa di Pavia;;Nord-ovest;Lombardia;Pavia;1;0;0;PV;C541
1;03;018;018047;18047;Cervesina;Cervesina;;Nord-ovest;Lombardia;Pavia;1;0;0;PV;C551
1;03;018;018048;18048;Chignolo Po;Chignolo Po;;Nord-ovest;Lombardia;Pavia;1;0;0;PV;C637
1;03;018;018049;18049;Cigognola;Cigognola;;Nord-ovest;Lombardia;Pavia;1;0;0;PV;C684
1;03;018;018050;18050;Cilavegna;Cilavegna;;Nord-ovest;Lombardia;Pavia;1;0;0;PV;C686
1;03;018;018051;18051;Codevilla;Codevilla;;Nord-ovest;Lombardia;Pavia;1;0;0;PV;C813
1;03;018;018052;18052;Confienza;Confienza;;Nord-ovest;Lombardia;Pavia;1;0;0;PV;C958
1;03;018;018053;18053;Copiano;Copiano;;Nord-ovest;Lombardia;Pavia;1;0;0;PV;C979
1;03;018;018054;18054;Corana;Corana;;Nord-ovest;Lombardia;Pavia;1;0;0;PV;C982
1;03;018;018055;18055;Cornale;Cornale;;Nord-ovest;Lombardia;Pavia;1;0;0;PV;D017
1;03;018;018056;18056;Corteolona;Corteolona;;Nord-ovest;Lombardia;Pavia;1;0;0;PV;D067
1;03;018;018057;18057;Corvino San Quirico;Corvino San Quirico;;Nord-ovest;Lombardia;Pavia;1;0;0;PV;D081
1;03;018;018058;18058;Costa de' Nobili;Costa de' Nobili;;Nord-ovest;Lombardia;Pavia;1;0;0;PV;D109
1;03;018;018059;18059;Cozzo;Cozzo;;Nord-ovest;Lombardia;Pavia;1;0;0;PV;D127
1;03;018;018060;18060;Cura Carpignano;Cura Carpignano;;Nord-ovest;Lombardia;Pavia;1;0;0;PV;B824
1;03;018;018061;18061;Dorno;Dorno;;Nord-ovest;Lombardia;Pavia;1;0;0;PV;D348
1;03;018;018062;18062;Ferrera Erbognone;Ferrera Erbognone;;Nord-ovest;Lombardia;Pavia;1;0;0;PV;D552
1;03;018;018063;18063;Filighera;Filighera;;Nord-ovest;Lombardia;Pavia;1;0;0;PV;D594
1;03;018;018064;18064;Fortunago;Fortunago;;Nord-ovest;Lombardia;Pavia;1;0;0;PV;D732
1;03;018;018065;18065;Frascarolo;Frascarolo;;Nord-ovest;Lombardia;Pavia;1;0;0;PV;D771
1;03;018;018066;18066;Galliavola;Galliavola;;Nord-ovest;Lombardia;Pavia;1;0;0;PV;D873
1;03;018;018067;18067;Gambarana;Gambarana;;Nord-ovest;Lombardia;Pavia;1;0;0;PV;D892
1;03;018;018068;18068;Gambolò;Gambolò;;Nord-ovest;Lombardia;Pavia;1;0;0;PV;D901
1;03;018;018069;18069;Garlasco;Garlasco;;Nord-ovest;Lombardia;Pavia;1;0;0;PV;D925
1;03;018;018070;18070;Genzone;Genzone;;Nord-ovest;Lombardia;Pavia;1;0;0;PV;D973
1;03;018;018071;18071;Gerenzago;Gerenzago;;Nord-ovest;Lombardia;Pavia;1;0;0;PV;D980
1;03;018;018072;18072;Giussago;Giussago;;Nord-ovest;Lombardia;Pavia;1;0;0;PV;E062
1;03;018;018073;18073;Godiasco;Godiasco;;Nord-ovest;Lombardia;Pavia;1;0;0;PV;E072
1;03;018;018074;18074;Golferenzo;Golferenzo;;Nord-ovest;Lombardia;Pavia;1;0;0;PV;E081
1;03;018;018075;18075;Gravellona Lomellina;Gravellona Lomellina;;Nord-ovest;Lombardia;Pavia;1;0;0;PV;E152
1;03;018;018076;18076;Gropello Cairoli;Gropello Cairoli;;Nord-ovest;Lombardia;Pavia;1;0;0;PV;E195
1;03;018;018077;18077;Inverno e Monteleone;Inverno e Monteleone;;Nord-ovest;Lombardia;Pavia;1;0;0;PV;E310
1;03;018;018078;18078;Landriano;Landriano;;Nord-ovest;Lombardia;Pavia;1;0;0;PV;E437
1;03;018;018079;18079;Langosco;Langosco;;Nord-ovest;Lombardia;Pavia;1;0;0;PV;E439
1;03;018;018080;18080;Lardirago;Lardirago;;Nord-ovest;Lombardia;Pavia;1;0;0;PV;E454
1;03;018;018081;18081;Linarolo;Linarolo;;Nord-ovest;Lombardia;Pavia;1;0;0;PV;E600
1;03;018;018082;18082;Lirio;Lirio;;Nord-ovest;Lombardia;Pavia;1;0;0;PV;E608
1;03;018;018083;18083;Lomello;Lomello;;Nord-ovest;Lombardia;Pavia;1;0;0;PV;E662
1;03;018;018084;18084;Lungavilla;Lungavilla;;Nord-ovest;Lombardia;Pavia;1;0;0;PV;B387
1;03;018;018085;18085;Magherno;Magherno;;Nord-ovest;Lombardia;Pavia;1;0;0;PV;E804
1;03;018;018086;18086;Marcignago;Marcignago;;Nord-ovest;Lombardia;Pavia;1;0;0;PV;E934
1;03;018;018087;18087;Marzano;Marzano;;Nord-ovest;Lombardia;Pavia;1;0;0;PV;E999
1;03;018;018088;18088;Mede;Mede;;Nord-ovest;Lombardia;Pavia;1;0;0;PV;F080
1;03;018;018089;18089;Menconico;Menconico;;Nord-ovest;Lombardia;Pavia;1;0;0;PV;F122
1;03;018;018090;18090;Mezzana Bigli;Mezzana Bigli;;Nord-ovest;Lombardia;Pavia;1;0;0;PV;F170
1;03;018;018091;18091;Mezzana Rabattone;Mezzana Rabattone;;Nord-ovest;Lombardia;Pavia;1;0;0;PV;F171
1;03;018;018092;18092;Mezzanino;Mezzanino;;Nord-ovest;Lombardia;Pavia;1;0;0;PV;F175
1;03;018;018093;18093;Miradolo Terme;Miradolo Terme;;Nord-ovest;Lombardia;Pavia;1;0;0;PV;F238
1;03;018;018094;18094;Montalto Pavese;Montalto Pavese;;Nord-ovest;Lombardia;Pavia;1;0;0;PV;F417
1;03;018;018095;18095;Montebello della Battaglia;Montebello della Battaglia;;Nord-ovest;Lombardia;Pavia;1;0;0;PV;F440
1;03;018;018096;18096;Montecalvo Versiggia;Montecalvo Versiggia;;Nord-ovest;Lombardia;Pavia;1;0;0;PV;F449
1;03;018;018097;18097;Montescano;Montescano;;Nord-ovest;Lombardia;Pavia;1;0;0;PV;F638
1;03;018;018098;18098;Montesegale;Montesegale;;Nord-ovest;Lombardia;Pavia;1;0;0;PV;F644
1;03;018;018099;18099;Monticelli Pavese;Monticelli Pavese;;Nord-ovest;Lombardia;Pavia;1;0;0;PV;F670
1;03;018;018100;18100;Montù Beccaria;Montù Beccaria;;Nord-ovest;Lombardia;Pavia;1;0;0;PV;F701
1;03;018;018101;18101;Mornico Losana;Mornico Losana;;Nord-ovest;Lombardia;Pavia;1;0;0;PV;F739
1;03;018;018102;18102;Mortara;Mortara;;Nord-ovest;Lombardia;Pavia;1;0;0;PV;F754
1;03;018;018103;18103;Nicorvo;Nicorvo;;Nord-ovest;Lombardia;Pavia;1;0;0;PV;F891
1;03;018;018104;18104;Olevano di Lomellina;Olevano di Lomellina;;Nord-ovest;Lombardia;Pavia;1;0;0;PV;G021
1;03;018;018105;18105;Oliva Gessi;Oliva Gessi;;Nord-ovest;Lombardia;Pavia;1;0;0;PV;G032
1;03;018;018106;18106;Ottobiano;Ottobiano;;Nord-ovest;Lombardia;Pavia;1;0;0;PV;G194
1;03;018;018107;18107;Palestro;Palestro;;Nord-ovest;Lombardia;Pavia;1;0;0;PV;G275
1;03;018;018108;18108;Pancarana;Pancarana;;Nord-ovest;Lombardia;Pavia;1;0;0;PV;G304
1;03;018;018109;18109;Parona;Parona;;Nord-ovest;Lombardia;Pavia;1;0;0;PV;G342
1;03;018;018110;18110;Pavia;Pavia;;Nord-ovest;Lombardia;Pavia;1;0;1;PV;G388
1;03;018;018111;18111;Pietra de' Giorgi;Pietra de' Giorgi;;Nord-ovest;Lombardia;Pavia;1;0;0;PV;G612
1;03;018;018112;18112;Pieve Albignola;Pieve Albignola;;Nord-ovest;Lombardia;Pavia;1;0;0;PV;G635
1;03;018;018113;18113;Pieve del Cairo;Pieve del Cairo;;Nord-ovest;Lombardia;Pavia;1;0;0;PV;G639
1;03;018;018114;18114;Pieve Porto Morone;Pieve Porto Morone;;Nord-ovest;Lombardia;Pavia;1;0;0;PV;G650
1;03;018;018115;18115;Pinarolo Po;Pinarolo Po;;Nord-ovest;Lombardia;Pavia;1;0;0;PV;G671
1;03;018;018116;18116;Pizzale;Pizzale;;Nord-ovest;Lombardia;Pavia;1;0;0;PV;G720
1;03;018;018117;18117;Ponte Nizza;Ponte Nizza;;Nord-ovest;Lombardia;Pavia;1;0;0;PV;G851
1;03;018;018118;18118;Portalbera;Portalbera;;Nord-ovest;Lombardia;Pavia;1;0;0;PV;G895
1;03;018;018119;18119;Rea;Rea;;Nord-ovest;Lombardia;Pavia;1;0;0;PV;H204
1;03;018;018120;18120;Redavalle;Redavalle;;Nord-ovest;Lombardia;Pavia;1;0;0;PV;H216
1;03;018;018121;18121;Retorbido;Retorbido;;Nord-ovest;Lombardia;Pavia;1;0;0;PV;H246
1;03;018;018122;18122;Rivanazzano;Rivanazzano;;Nord-ovest;Lombardia;Pavia;1;0;0;PV;H336
1;03;018;018123;18123;Robbio;Robbio;;Nord-ovest;Lombardia;Pavia;1;0;0;PV;H369
1;03;018;018124;18124;Robecco Pavese;Robecco Pavese;;Nord-ovest;Lombardia;Pavia;1;0;0;PV;H375
1;03;018;018125;18125;Rocca de' Giorgi;Rocca de' Giorgi;;Nord-ovest;Lombardia;Pavia;1;0;0;PV;H396
1;03;018;018126;18126;Rocca Susella;Rocca Susella;;Nord-ovest;Lombardia;Pavia;1;0;0;PV;H450
1;03;018;018127;18127;Rognano;Rognano;;Nord-ovest;Lombardia;Pavia;1;0;0;PV;H491
1;03;018;018128;18128;Romagnese;Romagnese;;Nord-ovest;Lombardia;Pavia;1;0;0;PV;H505
1;03;018;018129;18129;Roncaro;Roncaro;;Nord-ovest;Lombardia;Pavia;1;0;0;PV;H527
1;03;018;018130;18130;Rosasco;Rosasco;;Nord-ovest;Lombardia;Pavia;1;0;0;PV;H559
1;03;018;018131;18131;Rovescala;Rovescala;;Nord-ovest;Lombardia;Pavia;1;0;0;PV;H614
1;03;018;018132;18132;Ruino;Ruino;;Nord-ovest;Lombardia;Pavia;1;0;0;PV;H637
1;03;018;018133;18133;San Cipriano Po;San Cipriano Po;;Nord-ovest;Lombardia;Pavia;1;0;0;PV;H799
1;03;018;018134;18134;San Damiano al Colle;San Damiano al Colle;;Nord-ovest;Lombardia;Pavia;1;0;0;PV;H814
1;03;018;018135;18135;San Genesio ed Uniti;San Genesio ed Uniti;;Nord-ovest;Lombardia;Pavia;1;0;0;PV;H859
1;03;018;018136;18136;San Giorgio di Lomellina;San Giorgio di Lomellina;;Nord-ovest;Lombardia;Pavia;1;0;0;PV;H885
1;03;018;018137;18137;San Martino Siccomario;San Martino Siccomario;;Nord-ovest;Lombardia;Pavia;1;0;0;PV;I014
1;03;018;018138;18138;Sannazzaro de' Burgondi;Sannazzaro de' Burgondi;;Nord-ovest;Lombardia;Pavia;1;0;0;PV;I048
1;03;018;018139;18139;Santa Cristina e Bissone;Santa Cristina e Bissone;;Nord-ovest;Lombardia;Pavia;1;0;0;PV;I175
1;03;018;018140;18140;Santa Giuletta;Santa Giuletta;;Nord-ovest;Lombardia;Pavia;1;0;0;PV;I203
1;03;018;018141;18141;Sant'Alessio con Vialone;Sant'Alessio con Vialone;;Nord-ovest;Lombardia;Pavia;1;0;0;PV;I213
1;03;018;018142;18142;Santa Margherita di Staffora;Santa Margherita di Staffora;;Nord-ovest;Lombardia;Pavia;1;0;0;PV;I230
1;03;018;018143;18143;Santa Maria della Versa;Santa Maria della Versa;;Nord-ovest;Lombardia;Pavia;1;0;0;PV;I237
1;03;018;018144;18144;Sant'Angelo Lomellina;Sant'Angelo Lomellina;;Nord-ovest;Lombardia;Pavia;1;0;0;PV;I276
1;03;018;018145;18145;San Zenone al Po;San Zenone al Po;;Nord-ovest;Lombardia;Pavia;1;0;0;PV;I416
1;03;018;018146;18146;Sartirana Lomellina;Sartirana Lomellina;;Nord-ovest;Lombardia;Pavia;1;0;0;PV;I447
1;03;018;018147;18147;Scaldasole;Scaldasole;;Nord-ovest;Lombardia;Pavia;1;0;0;PV;I487
1;03;018;018148;18148;Semiana;Semiana;;Nord-ovest;Lombardia;Pavia;1;0;0;PV;I599
1;03;018;018149;18149;Silvano Pietra;Silvano Pietra;;Nord-ovest;Lombardia;Pavia;1;0;0;PV;I739
1;03;018;018150;18150;Siziano;Siziano;;Nord-ovest;Lombardia;Pavia;1;0;0;PV;E265
1;03;018;018151;18151;Sommo;Sommo;;Nord-ovest;Lombardia;Pavia;1;0;0;PV;I825
1;03;018;018152;18152;Spessa;Spessa;;Nord-ovest;Lombardia;Pavia;1;0;0;PV;I894
1;03;018;018153;18153;Stradella;Stradella;;Nord-ovest;Lombardia;Pavia;1;0;0;PV;I968
1;03;018;018154;18154;Suardi;Suardi;;Nord-ovest;Lombardia;Pavia;1;0;0;PV;B014
1;03;018;018155;18155;Torrazza Coste;Torrazza Coste;;Nord-ovest;Lombardia;Pavia;1;0;0;PV;L237
1;03;018;018156;18156;Torre Beretti e Castellaro;Torre Beretti e Castellaro;;Nord-ovest;Lombardia;Pavia;1;0;0;PV;L250
1;03;018;018157;18157;Torre d'Arese;Torre d'Arese;;Nord-ovest;Lombardia;Pavia;1;0;0;PV;L256
1;03;018;018158;18158;Torre de' Negri;Torre de' Negri;;Nord-ovest;Lombardia;Pavia;1;0;0;PV;L262
1;03;018;018159;18159;Torre d'Isola;Torre d'Isola;;Nord-ovest;Lombardia;Pavia;1;0;0;PV;L269
1;03;018;018160;18160;Torrevecchia Pia;Torrevecchia Pia;;Nord-ovest;Lombardia;Pavia;1;0;0;PV;L285
1;03;018;018161;18161;Torricella Verzate;Torricella Verzate;;Nord-ovest;Lombardia;Pavia;1;0;0;PV;L292
1;03;018;018162;18162;Travacò Siccomario;Travacò Siccomario;;Nord-ovest;Lombardia;Pavia;1;0;0;PV;I236
1;03;018;018163;18163;Trivolzio;Trivolzio;;Nord-ovest;Lombardia;Pavia;1;0;0;PV;L440
1;03;018;018164;18164;Tromello;Tromello;;Nord-ovest;Lombardia;Pavia;1;0;0;PV;L449
1;03;018;018165;18165;Trovo;Trovo;;Nord-ovest;Lombardia;Pavia;1;0;0;PV;L453
1;03;018;018166;18166;Val di Nizza;Val di Nizza;;Nord-ovest;Lombardia;Pavia;1;0;0;PV;L562
1;03;018;018167;18167;Valeggio;Valeggio;;Nord-ovest;Lombardia;Pavia;1;0;0;PV;L568
1;03;018;018168;18168;Valle Lomellina;Valle Lomellina;;Nord-ovest;Lombardia;Pavia;1;0;0;PV;L593
1;03;018;018169;18169;Valle Salimbene;Valle Salimbene;;Nord-ovest;Lombardia;Pavia;1;0;0;PV;L617
1;03;018;018170;18170;Valverde;Valverde;;Nord-ovest;Lombardia;Pavia;1;0;0;PV;L659
1;03;018;018171;18171;Varzi;Varzi;;Nord-ovest;Lombardia;Pavia;1;0;0;PV;L690
1;03;018;018172;18172;Velezzo Lomellina;Velezzo Lomellina;;Nord-ovest;Lombardia;Pavia;1;0;0;PV;L716
1;03;018;018173;18173;Vellezzo Bellini;Vellezzo Bellini;;Nord-ovest;Lombardia;Pavia;1;0;0;PV;L720
1;03;018;018174;18174;Verretto;Verretto;;Nord-ovest;Lombardia;Pavia;1;0;0;PV;L784
1;03;018;018175;18175;Verrua Po;Verrua Po;;Nord-ovest;Lombardia;Pavia;1;0;0;PV;L788
1;03;018;018176;18176;Vidigulfo;Vidigulfo;;Nord-ovest;Lombardia;Pavia;1;0;0;PV;L854
1;03;018;018177;18177;Vigevano;Vigevano;;Nord-ovest;Lombardia;Pavia;1;0;0;PV;L872
1;03;018;018178;18178;Villa Biscossi;Villa Biscossi;;Nord-ovest;Lombardia;Pavia;1;0;0;PV;L917
1;03;018;018179;18179;Villanova d'Ardenghi;Villanova d'Ardenghi;;Nord-ovest;Lombardia;Pavia;1;0;0;PV;L983
1;03;018;018180;18180;Villanterio;Villanterio;;Nord-ovest;Lombardia;Pavia;1;0;0;PV;L994
1;03;018;018181;18181;Vistarino;Vistarino;;Nord-ovest;Lombardia;Pavia;1;0;0;PV;M079
1;03;018;018182;18182;Voghera;Voghera;;Nord-ovest;Lombardia;Pavia;1;0;0;PV;M109
1;03;018;018183;18183;Volpara;Volpara;;Nord-ovest;Lombardia;Pavia;1;0;0;PV;M119
1;03;018;018184;18184;Zavattarello;Zavattarello;;Nord-ovest;Lombardia;Pavia;1;0;0;PV;M150
1;03;018;018185;18185;Zeccone;Zeccone;;Nord-ovest;Lombardia;Pavia;1;0;0;PV;M152
1;03;018;018186;18186;Zeme;Zeme;;Nord-ovest;Lombardia;Pavia;1;0;0;PV;M161
1;03;018;018187;18187;Zenevredo;Zenevredo;;Nord-ovest;Lombardia;Pavia;1;0;0;PV;M162
1;03;018;018188;18188;Zerbo;Zerbo;;Nord-ovest;Lombardia;Pavia;1;0;0;PV;M166
1;03;018;018189;18189;Zerbolò;Zerbolò;;Nord-ovest;Lombardia;Pavia;1;0;0;PV;M167
1;03;018;018190;18190;Zinasco;Zinasco;;Nord-ovest;Lombardia;Pavia;1;0;0;PV;M180
1;03;019;019001;19001;Acquanegra Cremonese;Acquanegra Cremonese;;Nord-ovest;Lombardia;Cremona;1;0;0;CR;A039
1;03;019;019002;19002;Agnadello;Agnadello;;Nord-ovest;Lombardia;Cremona;1;0;0;CR;A076
1;03;019;019003;19003;Annicco;Annicco;;Nord-ovest;Lombardia;Cremona;1;0;0;CR;A299
1;03;019;019004;19004;Azzanello;Azzanello;;Nord-ovest;Lombardia;Cremona;1;0;0;CR;A526
1;03;019;019005;19005;Bagnolo Cremasco;Bagnolo Cremasco;;Nord-ovest;Lombardia;Cremona;1;0;0;CR;A570
1;03;019;019006;19006;Bonemerse;Bonemerse;;Nord-ovest;Lombardia;Cremona;1;0;0;CR;A972
1;03;019;019007;19007;Bordolano;Bordolano;;Nord-ovest;Lombardia;Cremona;1;0;0;CR;A986
1;03;019;019008;19008;Ca' d'Andrea;Ca' d'Andrea;;Nord-ovest;Lombardia;Cremona;1;0;0;CR;B320
1;03;019;019009;19009;Calvatone;Calvatone;;Nord-ovest;Lombardia;Cremona;1;0;0;CR;B439
1;03;019;019010;19010;Camisano;Camisano;;Nord-ovest;Lombardia;Cremona;1;0;0;CR;B484
1;03;019;019011;19011;Campagnola Cremasca;Campagnola Cremasca;;Nord-ovest;Lombardia;Cremona;1;0;0;CR;B498
1;03;019;019012;19012;Capergnanica;Capergnanica;;Nord-ovest;Lombardia;Cremona;1;0;0;CR;B650
1;03;019;019013;19013;Cappella Cantone;Cappella Cantone;;Nord-ovest;Lombardia;Cremona;1;0;0;CR;B679
1;03;019;019014;19014;Cappella de' Picenardi;Cappella de' Picenardi;;Nord-ovest;Lombardia;Cremona;1;0;0;CR;B680
1;03;019;019015;19015;Capralba;Capralba;;Nord-ovest;Lombardia;Cremona;1;0;0;CR;B686
1;03;019;019016;19016;Casalbuttano ed Uniti;Casalbuttano ed Uniti;;Nord-ovest;Lombardia;Cremona;1;0;0;CR;B869
1;03;019;019017;19017;Casale Cremasco-Vidolasco;Casale Cremasco-Vidolasco;;Nord-ovest;Lombardia;Cremona;1;0;0;CR;B881
1;03;019;019018;19018;Casaletto Ceredano;Casaletto Ceredano;;Nord-ovest;Lombardia;Cremona;1;0;0;CR;B889
1;03;019;019019;19019;Casaletto di Sopra;Casaletto di Sopra;;Nord-ovest;Lombardia;Cremona;1;0;0;CR;B890
1;03;019;019020;19020;Casaletto Vaprio;Casaletto Vaprio;;Nord-ovest;Lombardia;Cremona;1;0;0;CR;B891
1;03;019;019021;19021;Casalmaggiore;Casalmaggiore;;Nord-ovest;Lombardia;Cremona;1;0;0;CR;B898
1;03;019;019022;19022;Casalmorano;Casalmorano;;Nord-ovest;Lombardia;Cremona;1;0;0;CR;B900
1;03;019;019023;19023;Casteldidone;Casteldidone;;Nord-ovest;Lombardia;Cremona;1;0;0;CR;C089
1;03;019;019024;19024;Castel Gabbiano;Castel Gabbiano;;Nord-ovest;Lombardia;Cremona;1;0;0;CR;C115
1;03;019;019025;19025;Castelleone;Castelleone;;Nord-ovest;Lombardia;Cremona;1;0;0;CR;C153
1;03;019;019026;19026;Castelverde;Castelverde;;Nord-ovest;Lombardia;Cremona;1;0;0;CR;B129
1;03;019;019027;19027;Castelvisconti;Castelvisconti;;Nord-ovest;Lombardia;Cremona;1;0;0;CR;C290
1;03;019;019028;19028;Cella Dati;Cella Dati;;Nord-ovest;Lombardia;Cremona;1;0;0;CR;C435
1;03;019;019029;19029;Chieve;Chieve;;Nord-ovest;Lombardia;Cremona;1;0;0;CR;C634
1;03;019;019030;19030;Cicognolo;Cicognolo;;Nord-ovest;Lombardia;Cremona;1;0;0;CR;C678
1;03;019;019031;19031;Cingia de' Botti;Cingia de' Botti;;Nord-ovest;Lombardia;Cremona;1;0;0;CR;C703
1;03;019;019032;19032;Corte de' Cortesi con Cignone;Corte de' Cortesi con Cignone;;Nord-ovest;Lombardia;Cremona;1;0;0;CR;D056
1;03;019;019033;19033;Corte de' Frati;Corte de' Frati;;Nord-ovest;Lombardia;Cremona;1;0;0;CR;D057
1;03;019;019034;19034;Credera Rubbiano;Credera Rubbiano;;Nord-ovest;Lombardia;Cremona;1;0;0;CR;D141
1;03;019;019035;19035;Crema;Crema;;Nord-ovest;Lombardia;Cremona;1;0;0;CR;D142
1;03;019;019036;19036;Cremona;Cremona;;Nord-ovest;Lombardia;Cremona;1;0;1;CR;D150
1;03;019;019037;19037;Cremosano;Cremosano;;Nord-ovest;Lombardia;Cremona;1;0;0;CR;D151
1;03;019;019038;19038;Crotta d'Adda;Crotta d'Adda;;Nord-ovest;Lombardia;Cremona;1;0;0;CR;D186
1;03;019;019039;19039;Cumignano sul Naviglio;Cumignano sul Naviglio;;Nord-ovest;Lombardia;Cremona;1;0;0;CR;D203
1;03;019;019040;19040;Derovere;Derovere;;Nord-ovest;Lombardia;Cremona;1;0;0;CR;D278
1;03;019;019041;19041;Dovera;Dovera;;Nord-ovest;Lombardia;Cremona;1;0;0;CR;D358
1;03;019;019042;19042;Drizzona;Drizzona;;Nord-ovest;Lombardia;Cremona;1;0;0;CR;D370
1;03;019;019043;19043;Fiesco;Fiesco;;Nord-ovest;Lombardia;Cremona;1;0;0;CR;D574
1;03;019;019044;19044;Formigara;Formigara;;Nord-ovest;Lombardia;Cremona;1;0;0;CR;D710
1;03;019;019045;19045;Gabbioneta-Binanuova;Gabbioneta-Binanuova;;Nord-ovest;Lombardia;Cremona;1;0;0;CR;D834
1;03;019;019046;19046;Gadesco-Pieve Delmona;Gadesco-Pieve Delmona;;Nord-ovest;Lombardia;Cremona;1;0;0;CR;D841
1;03;019;019047;19047;Genivolta;Genivolta;;Nord-ovest;Lombardia;Cremona;1;0;0;CR;D966
1;03;019;019048;19048;Gerre de' Caprioli;Gerre de' Caprioli;;Nord-ovest;Lombardia;Cremona;1;0;0;CR;D993
1;03;019;019049;19049;Gombito;Gombito;;Nord-ovest;Lombardia;Cremona;1;0;0;CR;E082
1;03;019;019050;19050;Grontardo;Grontardo;;Nord-ovest;Lombardia;Cremona;1;0;0;CR;E193
1;03;019;019051;19051;Grumello Cremonese ed Uniti;Grumello Cremonese ed Uniti;;Nord-ovest;Lombardia;Cremona;1;0;0;CR;E217
1;03;019;019052;19052;Gussola;Gussola;;Nord-ovest;Lombardia;Cremona;1;0;0;CR;E272
1;03;019;019053;19053;Isola Dovarese;Isola Dovarese;;Nord-ovest;Lombardia;Cremona;1;0;0;CR;E356
1;03;019;019054;19054;Izano;Izano;;Nord-ovest;Lombardia;Cremona;1;0;0;CR;E380
1;03;019;019055;19055;Madignano;Madignano;;Nord-ovest;Lombardia;Cremona;1;0;0;CR;E793
1;03;019;019056;19056;Malagnino;Malagnino;;Nord-ovest;Lombardia;Cremona;1;0;0;CR;E843
1;03;019;019057;19057;Martignana di Po;Martignana di Po;;Nord-ovest;Lombardia;Cremona;1;0;0;CR;E983
1;03;019;019058;19058;Monte Cremasco;Monte Cremasco;;Nord-ovest;Lombardia;Cremona;1;0;0;CR;F434
1;03;019;019059;19059;Montodine;Montodine;;Nord-ovest;Lombardia;Cremona;1;0;0;CR;F681
1;03;019;019060;19060;Moscazzano;Moscazzano;;Nord-ovest;Lombardia;Cremona;1;0;0;CR;F761
1;03;019;019061;19061;Motta Baluffi;Motta Baluffi;;Nord-ovest;Lombardia;Cremona;1;0;0;CR;F771
1;03;019;019062;19062;Offanengo;Offanengo;;Nord-ovest;Lombardia;Cremona;1;0;0;CR;G004
1;03;019;019063;19063;Olmeneta;Olmeneta;;Nord-ovest;Lombardia;Cremona;1;0;0;CR;G047
1;03;019;019064;19064;Ostiano;Ostiano;;Nord-ovest;Lombardia;Cremona;1;0;0;CR;G185
1;03;019;019065;19065;Paderno Ponchielli;Paderno Ponchielli;;Nord-ovest;Lombardia;Cremona;1;0;0;CR;G222
1;03;019;019066;19066;Palazzo Pignano;Palazzo Pignano;;Nord-ovest;Lombardia;Cremona;1;0;0;CR;G260
1;03;019;019067;19067;Pandino;Pandino;;Nord-ovest;Lombardia;Cremona;1;0;0;CR;G306
1;03;019;019068;19068;Persico Dosimo;Persico Dosimo;;Nord-ovest;Lombardia;Cremona;1;0;0;CR;G469
1;03;019;019069;19069;Pescarolo ed Uniti;Pescarolo ed Uniti;;Nord-ovest;Lombardia;Cremona;1;0;0;CR;G483
1;03;019;019070;19070;Pessina Cremonese;Pessina Cremonese;;Nord-ovest;Lombardia;Cremona;1;0;0;CR;G504
1;03;019;019071;19071;Piadena;Piadena;;Nord-ovest;Lombardia;Cremona;1;0;0;CR;G536
1;03;019;019072;19072;Pianengo;Pianengo;;Nord-ovest;Lombardia;Cremona;1;0;0;CR;G558
1;03;019;019073;19073;Pieranica;Pieranica;;Nord-ovest;Lombardia;Cremona;1;0;0;CR;G603
1;03;019;019074;19074;Pieve d'Olmi;Pieve d'Olmi;;Nord-ovest;Lombardia;Cremona;1;0;0;CR;G647
1;03;019;019075;19075;Pieve San Giacomo;Pieve San Giacomo;;Nord-ovest;Lombardia;Cremona;1;0;0;CR;G651
1;03;019;019076;19076;Pizzighettone;Pizzighettone;;Nord-ovest;Lombardia;Cremona;1;0;0;CR;G721
1;03;019;019077;19077;Pozzaglio ed Uniti;Pozzaglio ed Uniti;;Nord-ovest;Lombardia;Cremona;1;0;0;CR;B914
1;03;019;019078;19078;Quintano;Quintano;;Nord-ovest;Lombardia;Cremona;1;0;0;CR;H130
1;03;019;019079;19079;Ricengo;Ricengo;;Nord-ovest;Lombardia;Cremona;1;0;0;CR;H276
1;03;019;019080;19080;Ripalta Arpina;Ripalta Arpina;;Nord-ovest;Lombardia;Cremona;1;0;0;CR;H314
1;03;019;019081;19081;Ripalta Cremasca;Ripalta Cremasca;;Nord-ovest;Lombardia;Cremona;1;0;0;CR;H315
1;03;019;019082;19082;Ripalta Guerina;Ripalta Guerina;;Nord-ovest;Lombardia;Cremona;1;0;0;CR;H316
1;03;019;019083;19083;Rivarolo del Re ed Uniti;Rivarolo del Re ed Uniti;;Nord-ovest;Lombardia;Cremona;1;0;0;CR;H341
1;03;019;019084;19084;Rivolta d'Adda;Rivolta d'Adda;;Nord-ovest;Lombardia;Cremona;1;0;0;CR;H357
1;03;019;019085;19085;Robecco d'Oglio;Robecco d'Oglio;;Nord-ovest;Lombardia;Cremona;1;0;0;CR;H372
1;03;019;019086;19086;Romanengo;Romanengo;;Nord-ovest;Lombardia;Cremona;1;0;0;CR;H508
1;03;019;019087;19087;Salvirola;Salvirola;;Nord-ovest;Lombardia;Cremona;1;0;0;CR;H731
1;03;019;019088;19088;San Bassano;San Bassano;;Nord-ovest;Lombardia;Cremona;1;0;0;CR;H767
1;03;019;019089;19089;San Daniele Po;San Daniele Po;;Nord-ovest;Lombardia;Cremona;1;0;0;CR;H815
1;03;019;019090;19090;San Giovanni in Croce;San Giovanni in Croce;;Nord-ovest;Lombardia;Cremona;1;0;0;CR;H918
1;03;019;019091;19091;San Martino del Lago;San Martino del Lago;;Nord-ovest;Lombardia;Cremona;1;0;0;CR;I007
1;03;019;019092;19092;Scandolara Ravara;Scandolara Ravara;;Nord-ovest;Lombardia;Cremona;1;0;0;CR;I497
1;03;019;019093;19093;Scandolara Ripa d'Oglio;Scandolara Ripa d'Oglio;;Nord-ovest;Lombardia;Cremona;1;0;0;CR;I498
1;03;019;019094;19094;Sergnano;Sergnano;;Nord-ovest;Lombardia;Cremona;1;0;0;CR;I627
1;03;019;019095;19095;Sesto ed Uniti;Sesto ed Uniti;;Nord-ovest;Lombardia;Cremona;1;0;0;CR;I683
1;03;019;019096;19096;Solarolo Rainerio;Solarolo Rainerio;;Nord-ovest;Lombardia;Cremona;1;0;0;CR;I790
1;03;019;019097;19097;Soncino;Soncino;;Nord-ovest;Lombardia;Cremona;1;0;0;CR;I827
1;03;019;019098;19098;Soresina;Soresina;;Nord-ovest;Lombardia;Cremona;1;0;0;CR;I849
1;03;019;019099;19099;Sospiro;Sospiro;;Nord-ovest;Lombardia;Cremona;1;0;0;CR;I865
1;03;019;019100;19100;Spinadesco;Spinadesco;;Nord-ovest;Lombardia;Cremona;1;0;0;CR;I906
1;03;019;019101;19101;Spineda;Spineda;;Nord-ovest;Lombardia;Cremona;1;0;0;CR;I909
1;03;019;019102;19102;Spino d'Adda;Spino d'Adda;;Nord-ovest;Lombardia;Cremona;1;0;0;CR;I914
1;03;019;019103;19103;Stagno Lombardo;Stagno Lombardo;;Nord-ovest;Lombardia;Cremona;1;0;0;CR;I935
1;03;019;019104;19104;Ticengo;Ticengo;;Nord-ovest;Lombardia;Cremona;1;0;0;CR;L164
1;03;019;019105;19105;Torlino Vimercati;Torlino Vimercati;;Nord-ovest;Lombardia;Cremona;1;0;0;CR;L221
1;03;019;019106;19106;Tornata;Tornata;;Nord-ovest;Lombardia;Cremona;1;0;0;CR;L225
1;03;019;019107;19107;Torre de' Picenardi;Torre de' Picenardi;;Nord-ovest;Lombardia;Cremona;1;0;0;CR;L258
1;03;019;019108;19108;Torricella del Pizzo;Torricella del Pizzo;;Nord-ovest;Lombardia;Cremona;1;0;0;CR;L296
1;03;019;019109;19109;Trescore Cremasco;Trescore Cremasco;;Nord-ovest;Lombardia;Cremona;1;0;0;CR;L389
1;03;019;019110;19110;Trigolo;Trigolo;;Nord-ovest;Lombardia;Cremona;1;0;0;CR;L426
1;03;019;019111;19111;Vaiano Cremasco;Vaiano Cremasco;;Nord-ovest;Lombardia;Cremona;1;0;0;CR;L535
1;03;019;019112;19112;Vailate;Vailate;;Nord-ovest;Lombardia;Cremona;1;0;0;CR;L539
1;03;019;019113;19113;Vescovato;Vescovato;;Nord-ovest;Lombardia;Cremona;1;0;0;CR;L806
1;03;019;019114;19114;Volongo;Volongo;;Nord-ovest;Lombardia;Cremona;1;0;0;CR;M116
1;03;019;019115;19115;Voltido;Voltido;;Nord-ovest;Lombardia;Cremona;1;0;0;CR;M127
1;03;020;020001;20001;Acquanegra sul Chiese;Acquanegra sul Chiese;;Nord-ovest;Lombardia;Mantova;1;0;0;MN;A038
1;03;020;020002;20002;Asola;Asola;;Nord-ovest;Lombardia;Mantova;1;0;0;MN;A470
1;03;020;020003;20003;Bagnolo San Vito;Bagnolo San Vito;;Nord-ovest;Lombardia;Mantova;1;0;0;MN;A575
1;03;020;020004;20004;Bigarello;Bigarello;;Nord-ovest;Lombardia;Mantova;1;0;0;MN;A866
1;03;020;020005;20005;Borgoforte;Borgoforte;;Nord-ovest;Lombardia;Mantova;1;0;0;MN;B011
1;03;020;020006;20006;Borgofranco sul Po;Borgofranco sul Po;;Nord-ovest;Lombardia;Mantova;1;0;0;MN;B013
1;03;020;020007;20007;Bozzolo;Bozzolo;;Nord-ovest;Lombardia;Mantova;1;0;0;MN;B110
1;03;020;020008;20008;Canneto sull'Oglio;Canneto sull'Oglio;;Nord-ovest;Lombardia;Mantova;1;0;0;MN;B612
1;03;020;020009;20009;Carbonara di Po;Carbonara di Po;;Nord-ovest;Lombardia;Mantova;1;0;0;MN;B739
1;03;020;020010;20010;Casalmoro;Casalmoro;;Nord-ovest;Lombardia;Mantova;1;0;0;MN;B901
1;03;020;020011;20011;Casaloldo;Casaloldo;;Nord-ovest;Lombardia;Mantova;1;0;0;MN;B907
1;03;020;020012;20012;Casalromano;Casalromano;;Nord-ovest;Lombardia;Mantova;1;0;0;MN;B911
1;03;020;020013;20013;Castelbelforte;Castelbelforte;;Nord-ovest;Lombardia;Mantova;1;0;0;MN;C059
1;03;020;020014;20014;Castel d'Ario;Castel d'Ario;;Nord-ovest;Lombardia;Mantova;1;0;0;MN;C076
1;03;020;020015;20015;Castel Goffredo;Castel Goffredo;;Nord-ovest;Lombardia;Mantova;1;0;0;MN;C118
1;03;020;020016;20016;Castellucchio;Castellucchio;;Nord-ovest;Lombardia;Mantova;1;0;0;MN;C195
1;03;020;020017;20017;Castiglione delle Stiviere;Castiglione delle Stiviere;;Nord-ovest;Lombardia;Mantova;1;0;0;MN;C312
1;03;020;020018;20018;Cavriana;Cavriana;;Nord-ovest;Lombardia;Mantova;1;0;0;MN;C406
1;03;020;020019;20019;Ceresara;Ceresara;;Nord-ovest;Lombardia;Mantova;1;0;0;MN;C502
1;03;020;020020;20020;Commessaggio;Commessaggio;;Nord-ovest;Lombardia;Mantova;1;0;0;MN;C930
1;03;020;020021;20021;Curtatone;Curtatone;;Nord-ovest;Lombardia;Mantova;1;0;0;MN;D227
1;03;020;020022;20022;Dosolo;Dosolo;;Nord-ovest;Lombardia;Mantova;1;0;0;MN;D351
1;03;020;020023;20023;Felonica;Felonica;;Nord-ovest;Lombardia;Mantova;1;0;0;MN;D529
1;03;020;020024;20024;Gazoldo degli Ippoliti;Gazoldo degli Ippoliti;;Nord-ovest;Lombardia;Mantova;1;0;0;MN;D949
1;03;020;020025;20025;Gazzuolo;Gazzuolo;;Nord-ovest;Lombardia;Mantova;1;0;0;MN;D959
1;03;020;020026;20026;Goito;Goito;;Nord-ovest;Lombardia;Mantova;1;0;0;MN;E078
1;03;020;020027;20027;Gonzaga;Gonzaga;;Nord-ovest;Lombardia;Mantova;1;0;0;MN;E089
1;03;020;020028;20028;Guidizzolo;Guidizzolo;;Nord-ovest;Lombardia;Mantova;1;0;0;MN;E261
1;03;020;020029;20029;Magnacavallo;Magnacavallo;;Nord-ovest;Lombardia;Mantova;1;0;0;MN;E818
1;03;020;020030;20030;Mantova;Mantova;;Nord-ovest;Lombardia;Mantova;1;0;1;MN;E897
1;03;020;020031;20031;Marcaria;Marcaria;;Nord-ovest;Lombardia;Mantova;1;0;0;MN;E922
1;03;020;020032;20032;Mariana Mantovana;Mariana Mantovana;;Nord-ovest;Lombardia;Mantova;1;0;0;MN;E949
1;03;020;020033;20033;Marmirolo;Marmirolo;;Nord-ovest;Lombardia;Mantova;1;0;0;MN;E962
1;03;020;020034;20034;Medole;Medole;;Nord-ovest;Lombardia;Mantova;1;0;0;MN;F086
1;03;020;020035;20035;Moglia;Moglia;;Nord-ovest;Lombardia;Mantova;1;0;0;MN;F267
1;03;020;020036;20036;Monzambano;Monzambano;;Nord-ovest;Lombardia;Mantova;1;0;0;MN;F705
1;03;020;020037;20037;Motteggiana;Motteggiana;;Nord-ovest;Lombardia;Mantova;1;0;0;MN;B012
1;03;020;020038;20038;Ostiglia;Ostiglia;;Nord-ovest;Lombardia;Mantova;1;0;0;MN;G186
1;03;020;020039;20039;Pegognaga;Pegognaga;;Nord-ovest;Lombardia;Mantova;1;0;0;MN;G417
1;03;020;020040;20040;Pieve di Coriano;Pieve di Coriano;;Nord-ovest;Lombardia;Mantova;1;0;0;MN;G633
1;03;020;020041;20041;Piubega;Piubega;;Nord-ovest;Lombardia;Mantova;1;0;0;MN;G717
1;03;020;020042;20042;Poggio Rusco;Poggio Rusco;;Nord-ovest;Lombardia;Mantova;1;0;0;MN;G753
1;03;020;020043;20043;Pomponesco;Pomponesco;;Nord-ovest;Lombardia;Mantova;1;0;0;MN;G816
1;03;020;020044;20044;Ponti sul Mincio;Ponti sul Mincio;;Nord-ovest;Lombardia;Mantova;1;0;0;MN;G862
1;03;020;020045;20045;Porto Mantovano;Porto Mantovano;;Nord-ovest;Lombardia;Mantova;1;0;0;MN;G917
1;03;020;020046;20046;Quingentole;Quingentole;;Nord-ovest;Lombardia;Mantova;1;0;0;MN;H129
1;03;020;020047;20047;Quistello;Quistello;;Nord-ovest;Lombardia;Mantova;1;0;0;MN;H143
1;03;020;020048;20048;Redondesco;Redondesco;;Nord-ovest;Lombardia;Mantova;1;0;0;MN;H218
1;03;020;020049;20049;Revere;Revere;;Nord-ovest;Lombardia;Mantova;1;0;0;MN;H248
1;03;020;020050;20050;Rivarolo Mantovano;Rivarolo Mantovano;;Nord-ovest;Lombardia;Mantova;1;0;0;MN;H342
1;03;020;020051;20051;Rodigo;Rodigo;;Nord-ovest;Lombardia;Mantova;1;0;0;MN;H481
1;03;020;020052;20052;Roncoferraro;Roncoferraro;;Nord-ovest;Lombardia;Mantova;1;0;0;MN;H541
1;03;020;020053;20053;Roverbella;Roverbella;;Nord-ovest;Lombardia;Mantova;1;0;0;MN;H604
1;03;020;020054;20054;Sabbioneta;Sabbioneta;;Nord-ovest;Lombardia;Mantova;1;0;0;MN;H652
1;03;020;020055;20055;San Benedetto Po;San Benedetto Po;;Nord-ovest;Lombardia;Mantova;1;0;0;MN;H771
1;03;020;020056;20056;San Giacomo delle Segnate;San Giacomo delle Segnate;;Nord-ovest;Lombardia;Mantova;1;0;0;MN;H870
1;03;020;020057;20057;San Giorgio di Mantova;San Giorgio di Mantova;;Nord-ovest;Lombardia;Mantova;1;0;0;MN;H883
1;03;020;020058;20058;San Giovanni del Dosso;San Giovanni del Dosso;;Nord-ovest;Lombardia;Mantova;1;0;0;MN;H912
1;03;020;020059;20059;San Martino dall'Argine;San Martino dall'Argine;;Nord-ovest;Lombardia;Mantova;1;0;0;MN;I005
1;03;020;020060;20060;Schivenoglia;Schivenoglia;;Nord-ovest;Lombardia;Mantova;1;0;0;MN;I532
1;03;020;020061;20061;Sermide;Sermide;;Nord-ovest;Lombardia;Mantova;1;0;0;MN;I632
1;03;020;020062;20062;Serravalle a Po;Serravalle a Po;;Nord-ovest;Lombardia;Mantova;1;0;0;MN;I662
1;03;020;020063;20063;Solferino;Solferino;;Nord-ovest;Lombardia;Mantova;1;0;0;MN;I801
1;03;020;020064;20064;Sustinente;Sustinente;;Nord-ovest;Lombardia;Mantova;1;0;0;MN;L015
1;03;020;020065;20065;Suzzara;Suzzara;;Nord-ovest;Lombardia;Mantova;1;0;0;MN;L020
1;03;020;020066;20066;Viadana;Viadana;;Nord-ovest;Lombardia;Mantova;1;0;0;MN;L826
1;03;020;020067;20067;Villa Poma;Villa Poma;;Nord-ovest;Lombardia;Mantova;1;0;0;MN;F804
1;03;020;020068;20068;Villimpenta;Villimpenta;;Nord-ovest;Lombardia;Mantova;1;0;0;MN;M044
1;03;020;020069;20069;Virgilio;Virgilio;;Nord-ovest;Lombardia;Mantova;1;0;0;MN;H123
1;03;020;020070;20070;Volta Mantovana;Volta Mantovana;;Nord-ovest;Lombardia;Mantova;1;0;0;MN;M125
2;04;021;021001;21001;Aldino/Aldein;Aldino;Aldein;Nord-est;Trentino-Alto Adige/Südtirol;Bolzano/Bozen;1;0;0;BZ;A179
2;04;021;021002;21002;Andriano/Andrian;Andriano;Andrian;Nord-est;Trentino-Alto Adige/Südtirol;Bolzano/Bozen;1;0;0;BZ;A286
2;04;021;021003;21003;Anterivo/Altrei;Anterivo;Altrei;Nord-est;Trentino-Alto Adige/Südtirol;Bolzano/Bozen;1;0;0;BZ;A306
2;04;021;021004;21004;Appiano/Eppan;Appiano;Eppan;Nord-est;Trentino-Alto Adige/Südtirol;Bolzano/Bozen;1;0;0;BZ;A332
2;04;021;021005;21005;Avelengo/Hafling;Avelengo;Hafling;Nord-est;Trentino-Alto Adige/Südtirol;Bolzano/Bozen;1;0;0;BZ;A507
2;04;021;021006;21006;Badia/Abtei;Badia;Abtei;Nord-est;Trentino-Alto Adige/Südtirol;Bolzano/Bozen;1;0;0;BZ;A537
2;04;021;021007;21007;Barbiano/Barbian;Barbiano;Barbian;Nord-est;Trentino-Alto Adige/Südtirol;Bolzano/Bozen;1;0;0;BZ;A635
2;04;021;021008;21008;Bolzano/Bozen;Bolzano;Bozen;Nord-est;Trentino-Alto Adige/Südtirol;Bolzano/Bozen;1;0;1;BZ;A952
2;04;021;021009;21009;Braies/Prags;Braies;Prags;Nord-est;Trentino-Alto Adige/Südtirol;Bolzano/Bozen;1;0;0;BZ;B116
2;04;021;021010;21010;Brennero/Brenner;Brennero;Brenner;Nord-est;Trentino-Alto Adige/Südtirol;Bolzano/Bozen;1;0;0;BZ;B145
2;04;021;021011;21011;Bressanone/Brixen;Bressanone;Brixen;Nord-est;Trentino-Alto Adige/Südtirol;Bolzano/Bozen;1;0;0;BZ;B160
2;04;021;021012;21012;Bronzolo/Branzoll;Bronzolo;Branzoll;Nord-est;Trentino-Alto Adige/Südtirol;Bolzano/Bozen;1;0;0;BZ;B203
2;04;021;021013;21013;Brunico/Bruneck;Brunico;Bruneck;Nord-est;Trentino-Alto Adige/Südtirol;Bolzano/Bozen;1;0;0;BZ;B220
2;04;021;021014;21014;Caines/Kuens;Caines;Kuens;Nord-est;Trentino-Alto Adige/Südtirol;Bolzano/Bozen;1;0;0;BZ;B364
2;04;021;021015;21015;Caldaro/Kaltern;Caldaro;Kaltern;Nord-est;Trentino-Alto Adige/Südtirol;Bolzano/Bozen;1;0;0;BZ;B397
2;04;021;021016;21016;Campo di Trens/Freienfeld;Campo di Trens;Freienfeld;Nord-est;Trentino-Alto Adige/Südtirol;Bolzano/Bozen;1;0;0;BZ;B529
2;04;021;021017;21017;Campo Tures/Sand in Taufers;Campo Tures;Sand in Taufers;Nord-est;Trentino-Alto Adige/Südtirol;Bolzano/Bozen;1;0;0;BZ;B570
2;04;021;021018;21018;Castelbello-Ciardes/Kastelbell-Tschars;Castelbello-Ciardes;Kastelbell-Tschars;Nord-est;Trentino-Alto Adige/Südtirol;Bolzano/Bozen;1;0;0;BZ;C062
2;04;021;021019;21019;Castelrotto/Kastelruth;Castelrotto;Kastelruth;Nord-est;Trentino-Alto Adige/Südtirol;Bolzano/Bozen;1;0;0;BZ;C254
2;04;021;021020;21020;Cermes/Tscherms;Cermes;Tscherms;Nord-est;Trentino-Alto Adige/Südtirol;Bolzano/Bozen;1;0;0;BZ;A022
2;04;021;021021;21021;Chienes/Kiens;Chienes;Kiens;Nord-est;Trentino-Alto Adige/Südtirol;Bolzano/Bozen;1;0;0;BZ;C625
2;04;021;021022;21022;Chiusa/Klausen;Chiusa;Klausen;Nord-est;Trentino-Alto Adige/Südtirol;Bolzano/Bozen;1;0;0;BZ;C652
2;04;021;021023;21023;Cornedo all'Isarco/Karneid;Cornedo all'Isarco;Karneid;Nord-est;Trentino-Alto Adige/Südtirol;Bolzano/Bozen;1;0;0;BZ;B799
2;04;021;021024;21024;Cortaccia/Kurtatsch;Cortaccia;Kurtatsch;Nord-est;Trentino-Alto Adige/Südtirol;Bolzano/Bozen;1;0;0;BZ;D048
2;04;021;021025;21025;Cortina all'Adige/Kurtinig;Cortina all'Adige;Kurtinig;Nord-est;Trentino-Alto Adige/Südtirol;Bolzano/Bozen;1;0;0;BZ;D075
2;04;021;021026;21026;Corvara in Badia/Corvara;Corvara in Badia;Corvara;Nord-est;Trentino-Alto Adige/Südtirol;Bolzano/Bozen;1;0;0;BZ;D079
2;04;021;021027;21027;Curon Venosta/Graun im Vinschgau;Curon Venosta;Graun im Vinschgau;Nord-est;Trentino-Alto Adige/Südtirol;Bolzano/Bozen;1;0;0;BZ;D222
2;04;021;021028;21028;Dobbiaco/Toblach;Dobbiaco;Toblach;Nord-est;Trentino-Alto Adige/Südtirol;Bolzano/Bozen;1;0;0;BZ;D311
2;04;021;021029;21029;Egna/Neumarkt;Egna;Neumarkt;Nord-est;Trentino-Alto Adige/Südtirol;Bolzano/Bozen;1;0;0;BZ;D392
2;04;021;021030;21030;Falzes/Pfalzen;Falzes;Pfalzen;Nord-est;Trentino-Alto Adige/Südtirol;Bolzano/Bozen;1;0;0;BZ;D484
2;04;021;021031;21031;Fiè/Völs;Fiè;Völs;Nord-est;Trentino-Alto Adige/Südtirol;Bolzano/Bozen;1;0;0;BZ;D571
2;04;021;021032;21032;Fortezza/Franzensfeste;Fortezza;Franzensfeste;Nord-est;Trentino-Alto Adige/Südtirol;Bolzano/Bozen;1;0;0;BZ;D731
2;04;021;021033;21033;Funes/Villnöß;Funes;Villnöß;Nord-est;Trentino-Alto Adige/Südtirol;Bolzano/Bozen;1;0;0;BZ;D821
2;04;021;021034;21034;Gais/Gais;Gais;Gais;Nord-est;Trentino-Alto Adige/Südtirol;Bolzano/Bozen;1;0;0;BZ;D860
2;04;021;021035;21035;Gargazzone/Gargazon;Gargazzone;Gargazon;Nord-est;Trentino-Alto Adige/Südtirol;Bolzano/Bozen;1;0;0;BZ;D923
2;04;021;021036;21036;Glorenza/Glurns;Glorenza;Glurns;Nord-est;Trentino-Alto Adige/Südtirol;Bolzano/Bozen;1;0;0;BZ;E069
2;04;021;021037;21037;Laces/Latsch;Laces;Latsch;Nord-est;Trentino-Alto Adige/Südtirol;Bolzano/Bozen;1;0;0;BZ;E398
2;04;021;021038;21038;Lagundo/Algund;Lagundo;Algund;Nord-est;Trentino-Alto Adige/Südtirol;Bolzano/Bozen;1;0;0;BZ;E412
2;04;021;021039;21039;Laion/Lajen;Laion;Lajen;Nord-est;Trentino-Alto Adige/Südtirol;Bolzano/Bozen;1;0;0;BZ;E420
2;04;021;021040;21040;Laives/Leifers;Laives;Leifers;Nord-est;Trentino-Alto Adige/Südtirol;Bolzano/Bozen;1;0;0;BZ;E421
2;04;021;021041;21041;Lana/Lana;Lana;Lana;Nord-est;Trentino-Alto Adige/Südtirol;Bolzano/Bozen;1;0;0;BZ;E434
2;04;021;021042;21042;Lasa/Laas;Lasa;Laas;Nord-est;Trentino-Alto Adige/Südtirol;Bolzano/Bozen;1;0;0;BZ;E457
2;04;021;021043;21043;Lauregno/Laurein;Lauregno;Laurein;Nord-est;Trentino-Alto Adige/Südtirol;Bolzano/Bozen;1;0;0;BZ;E481
2;04;021;021044;21044;Luson/Lüsen;Luson;Lüsen;Nord-est;Trentino-Alto Adige/Südtirol;Bolzano/Bozen;1;0;0;BZ;E764
2;04;021;021045;21045;Magrè all'Adige/Margreid;Magrè all'Adige;Margreid;Nord-est;Trentino-Alto Adige/Südtirol;Bolzano/Bozen;1;0;0;BZ;E829
2;04;021;021046;21046;Malles Venosta/Mals;Malles Venosta;Mals;Nord-est;Trentino-Alto Adige/Südtirol;Bolzano/Bozen;1;0;0;BZ;E862
2;04;021;021047;21047;Marebbe/Enneberg;Marebbe;Enneberg;Nord-est;Trentino-Alto Adige/Südtirol;Bolzano/Bozen;1;0;0;BZ;E938
2;04;021;021048;21048;Marlengo/Marling;Marlengo;Marling;Nord-est;Trentino-Alto Adige/Südtirol;Bolzano/Bozen;1;0;0;BZ;E959
2;04;021;021049;21049;Martello/Martell;Martello;Martell;Nord-est;Trentino-Alto Adige/Südtirol;Bolzano/Bozen;1;0;0;BZ;E981
2;04;021;021050;21050;Meltina/Mölten;Meltina;Mölten;Nord-est;Trentino-Alto Adige/Südtirol;Bolzano/Bozen;1;0;0;BZ;F118
2;04;021;021051;21051;Merano/Meran;Merano;Meran;Nord-est;Trentino-Alto Adige/Südtirol;Bolzano/Bozen;1;0;0;BZ;F132
2;04;021;021052;21052;Monguelfo/Welsberg;Monguelfo;Welsberg;Nord-est;Trentino-Alto Adige/Südtirol;Bolzano/Bozen;1;0;0;BZ;F371
2;04;021;021053;21053;Montagna/Montan;Montagna;Montan;Nord-est;Trentino-Alto Adige/Südtirol;Bolzano/Bozen;1;0;0;BZ;F392
2;04;021;021054;21054;Moso in Passiria/Moos in Passeier;Moso in Passiria;Moos in Passeier;Nord-est;Trentino-Alto Adige/Südtirol;Bolzano/Bozen;1;0;0;BZ;F766
2;04;021;021055;21055;Nalles/Nals;Nalles;Nals;Nord-est;Trentino-Alto Adige/Südtirol;Bolzano/Bozen;1;0;0;BZ;F836
2;04;021;021056;21056;Naturno/Naturns;Naturno;Naturns;Nord-est;Trentino-Alto Adige/Südtirol;Bolzano/Bozen;1;0;0;BZ;F849
2;04;021;021057;21057;Naz-Sciaves/Natz-Schabs;Naz-Sciaves;Natz-Schabs;Nord-est;Trentino-Alto Adige/Südtirol;Bolzano/Bozen;1;0;0;BZ;F856
2;04;021;021058;21058;Nova Levante/Welschnofen;Nova Levante;Welschnofen;Nord-est;Trentino-Alto Adige/Südtirol;Bolzano/Bozen;1;0;0;BZ;F949
2;04;021;021059;21059;Nova Ponente/Deutschnofen;Nova Ponente;Deutschnofen;Nord-est;Trentino-Alto Adige/Südtirol;Bolzano/Bozen;1;0;0;BZ;F950
2;04;021;021060;21060;Ora/Auer;Ora;Auer;Nord-est;Trentino-Alto Adige/Südtirol;Bolzano/Bozen;1;0;0;BZ;G083
2;04;021;021061;21061;Ortisei/St. Ulrich;Ortisei;St. Ulrich;Nord-est;Trentino-Alto Adige/Südtirol;Bolzano/Bozen;1;0;0;BZ;G140
2;04;021;021062;21062;Parcines/Partschins;Parcines;Partschins;Nord-est;Trentino-Alto Adige/Südtirol;Bolzano/Bozen;1;0;0;BZ;G328
2;04;021;021063;21063;Perca/Percha;Perca;Percha;Nord-est;Trentino-Alto Adige/Südtirol;Bolzano/Bozen;1;0;0;BZ;G443
2;04;021;021064;21064;Plaus/Plaus;Plaus;Plaus;Nord-est;Trentino-Alto Adige/Südtirol;Bolzano/Bozen;1;0;0;BZ;G299
2;04;021;021065;21065;Ponte Gardena/Waidbruck;Ponte Gardena;Waidbruck;Nord-est;Trentino-Alto Adige/Südtirol;Bolzano/Bozen;1;0;0;BZ;G830
2;04;021;021066;21066;Postal/Burgstall;Postal;Burgstall;Nord-est;Trentino-Alto Adige/Südtirol;Bolzano/Bozen;1;0;0;BZ;G936
2;04;021;021067;21067;Prato allo Stelvio/Prad am Stilfserjoch;Prato allo Stelvio;Prad am Stilfserjoch;Nord-est;Trentino-Alto Adige/Südtirol;Bolzano/Bozen;1;0;0;BZ;H004
2;04;021;021068;21068;Predoi/Prettau;Predoi;Prettau;Nord-est;Trentino-Alto Adige/Südtirol;Bolzano/Bozen;1;0;0;BZ;H019
2;04;021;021069;21069;Proves/Proveis;Proves;Proveis;Nord-est;Trentino-Alto Adige/Südtirol;Bolzano/Bozen;1;0;0;BZ;H081
2;04;021;021070;21070;Racines/Ratschings;Racines;Ratschings;Nord-est;Trentino-Alto Adige/Südtirol;Bolzano/Bozen;1;0;0;BZ;H152
2;04;021;021071;21071;Rasun-Anterselva/Rasen-Antholz;Rasun-Anterselva;Rasen-Antholz;Nord-est;Trentino-Alto Adige/Südtirol;Bolzano/Bozen;1;0;0;BZ;H189
2;04;021;021072;21072;Renon/Ritten;Renon;Ritten;Nord-est;Trentino-Alto Adige/Südtirol;Bolzano/Bozen;1;0;0;BZ;H236
2;04;021;021073;21073;Rifiano/Riffian;Rifiano;Riffian;Nord-est;Trentino-Alto Adige/Südtirol;Bolzano/Bozen;1;0;0;BZ;H284
2;04;021;021074;21074;Rio di Pusteria/Mühlbach;Rio di Pusteria;Mühlbach;Nord-est;Trentino-Alto Adige/Südtirol;Bolzano/Bozen;1;0;0;BZ;H299
2;04;021;021075;21075;Rodengo/Rodeneck;Rodengo;Rodeneck;Nord-est;Trentino-Alto Adige/Südtirol;Bolzano/Bozen;1;0;0;BZ;H475
2;04;021;021076;21076;Salorno/Salurn;Salorno;Salurn;Nord-est;Trentino-Alto Adige/Südtirol;Bolzano/Bozen;1;0;0;BZ;H719
2;04;021;021077;21077;San Candido/Innichen;San Candido;Innichen;Nord-est;Trentino-Alto Adige/Südtirol;Bolzano/Bozen;1;0;0;BZ;H786
2;04;021;021078;21078;San Felice/St. Felix;San Felice;St. Felix;Nord-est;Trentino-Alto Adige/Südtirol;Bolzano/Bozen;1;0;0;BZ;H837
2;04;021;021079;21079;San Genesio Atesino/Jenesien;San Genesio Atesino;Jenesien;Nord-est;Trentino-Alto Adige/Südtirol;Bolzano/Bozen;1;0;0;BZ;H858
2;04;021;021080;21080;San Leonardo in Passiria/St. Leonhard in Passeier;San Leonardo in Passiria;St. Leonhard in Passeier;Nord-est;Trentino-Alto Adige/Südtirol;Bolzano/Bozen;1;0;0;BZ;H952
2;04;021;021081;21081;San Lorenzo di Sebato/St. Lorenzen;San Lorenzo di Sebato;St. Lorenzen;Nord-est;Trentino-Alto Adige/Südtirol;Bolzano/Bozen;1;0;0;BZ;H956
2;04;021;021082;21082;San Martino in Badia/St. Martin in Thurn;San Martino in Badia;St. Martin in Thurn;Nord-est;Trentino-Alto Adige/Südtirol;Bolzano/Bozen;1;0;0;BZ;H988
2;04;021;021083;21083;San Martino in Passiria/St. Martin in Passeier;San Martino in Passiria;St. Martin in Passeier;Nord-est;Trentino-Alto Adige/Südtirol;Bolzano/Bozen;1;0;0;BZ;H989
2;04;021;021084;21084;San Pancrazio/St. Pankraz;San Pancrazio;St. Pankraz;Nord-est;Trentino-Alto Adige/Südtirol;Bolzano/Bozen;1;0;0;BZ;I065
2;04;021;021085;21085;Santa Cristina Valgardena/St. Christina in Gröden;Santa Cristina Valgardena;St. Christina in Gröden;Nord-est;Trentino-Alto Adige/Südtirol;Bolzano/Bozen;1;0;0;BZ;I173
2;04;021;021086;21086;Sarentino/Sarntal;Sarentino;Sarntal;Nord-est;Trentino-Alto Adige/Südtirol;Bolzano/Bozen;1;0;0;BZ;I431
2;04;021;021087;21087;Scena/Schenna;Scena;Schenna;Nord-est;Trentino-Alto Adige/Südtirol;Bolzano/Bozen;1;0;0;BZ;I519
2;04;021;021088;21088;Selva dei Molini/Mühlwald;Selva dei Molini;Mühlwald;Nord-est;Trentino-Alto Adige/Südtirol;Bolzano/Bozen;1;0;0;BZ;I593
2;04;021;021089;21089;Selva di Val Gardena/Wolkenstein in Gröden;Selva di Val Gardena;Wolkenstein in Gröden;Nord-est;Trentino-Alto Adige/Südtirol;Bolzano/Bozen;1;0;0;BZ;I591
2;04;021;021090;21090;Senale/Unsere Liebe Frau im Walde;Senale;Unsere Liebe Frau im Walde;Nord-est;Trentino-Alto Adige/Südtirol;Bolzano/Bozen;1;0;0;BZ;ND
2;04;021;021091;21091;Senales/Schnals;Senales;Schnals;Nord-est;Trentino-Alto Adige/Südtirol;Bolzano/Bozen;1;0;0;BZ;I604
2;04;021;021092;21092;Sesto/Sexten;Sesto;Sexten;Nord-est;Trentino-Alto Adige/Südtirol;Bolzano/Bozen;1;0;0;BZ;I687
2;04;021;021093;21093;Silandro/Schlanders;Silandro;Schlanders;Nord-est;Trentino-Alto Adige/Südtirol;Bolzano/Bozen;1;0;0;BZ;I729
2;04;021;021094;21094;Sluderno/Schluderns;Sluderno;Schluderns;Nord-est;Trentino-Alto Adige/Südtirol;Bolzano/Bozen;1;0;0;BZ;I771
2;04;021;021095;21095;Stelvio/Stilfs;Stelvio;Stilfs;Nord-est;Trentino-Alto Adige/Südtirol;Bolzano/Bozen;1;0;0;BZ;I948
2;04;021;021096;21096;Terento/Terenten;Terento;Terenten;Nord-est;Trentino-Alto Adige/Südtirol;Bolzano/Bozen;1;0;0;BZ;L106
2;04;021;021097;21097;Terlano/Terlan;Terlano;Terlan;Nord-est;Trentino-Alto Adige/Südtirol;Bolzano/Bozen;1;0;0;BZ;L108
2;04;021;021098;21098;Termeno/Tramin;Termeno;Tramin;Nord-est;Trentino-Alto Adige/Südtirol;Bolzano/Bozen;1;0;0;BZ;L111
2;04;021;021099;21099;Tesimo/Tisens;Tesimo;Tisens;Nord-est;Trentino-Alto Adige/Südtirol;Bolzano/Bozen;1;0;0;BZ;L149
2;04;021;021100;21100;Tires/Tiers;Tires;Tiers;Nord-est;Trentino-Alto Adige/Südtirol;Bolzano/Bozen;1;0;0;BZ;L176
2;04;021;021101;21101;Tirolo/Tirol;Tirolo;Tirol;Nord-est;Trentino-Alto Adige/Südtirol;Bolzano/Bozen;1;0;0;BZ;L178
2;04;021;021102;21102;Trodena/Truden;Trodena;Truden;Nord-est;Trentino-Alto Adige/Südtirol;Bolzano/Bozen;1;0;0;BZ;L444
2;04;021;021103;21103;Tubre/Taufers im Münstertal;Tubre;Taufers im Münstertal;Nord-est;Trentino-Alto Adige/Südtirol;Bolzano/Bozen;1;0;0;BZ;L455
2;04;021;021104;21104;Ultimo/Ulten;Ultimo;Ulten;Nord-est;Trentino-Alto Adige/Südtirol;Bolzano/Bozen;1;0;0;BZ;L490
2;04;021;021105;21105;Vadena/Pfatten;Vadena;Pfatten;Nord-est;Trentino-Alto Adige/Südtirol;Bolzano/Bozen;1;0;0;BZ;L527
2;04;021;021106;21106;Valdaora/Olang;Valdaora;Olang;Nord-est;Trentino-Alto Adige/Südtirol;Bolzano/Bozen;1;0;0;BZ;L552
2;04;021;021107;21107;Val di Vizze/Pfitsch;Val di Vizze;Pfitsch;Nord-est;Trentino-Alto Adige/Südtirol;Bolzano/Bozen;1;0;0;BZ;L564
2;04;021;021108;21108;Valle Aurina/Ahrntal;Valle Aurina;Ahrntal;Nord-est;Trentino-Alto Adige/Südtirol;Bolzano/Bozen;1;0;0;BZ;L595
2;04;021;021109;21109;Valle di Casies/Gsies;Valle di Casies;Gsies;Nord-est;Trentino-Alto Adige/Südtirol;Bolzano/Bozen;1;0;0;BZ;L601
2;04;021;021110;21110;Vandoies/Vintl;Vandoies;Vintl;Nord-est;Trentino-Alto Adige/Südtirol;Bolzano/Bozen;1;0;0;BZ;L660
2;04;021;021111;21111;Varna/Vahrn;Varna;Vahrn;Nord-est;Trentino-Alto Adige/Südtirol;Bolzano/Bozen;1;0;0;BZ;L687
2;04;021;021112;21112;Verano/Vöran;Verano;Vöran;Nord-est;Trentino-Alto Adige/Südtirol;Bolzano/Bozen;1;0;0;BZ;L745
2;04;021;021113;21113;Villabassa/Niederdorf;Villabassa;Niederdorf;Nord-est;Trentino-Alto Adige/Südtirol;Bolzano/Bozen;1;0;0;BZ;L915
2;04;021;021114;21114;Villandro/Villanders;Villandro;Villanders;Nord-est;Trentino-Alto Adige/Südtirol;Bolzano/Bozen;1;0;0;BZ;L971
2;04;021;021115;21115;Vipiteno/Sterzing;Vipiteno;Sterzing;Nord-est;Trentino-Alto Adige/Südtirol;Bolzano/Bozen;1;0;0;BZ;M067
2;04;021;021116;21116;Velturno/Feldthurns;Velturno;Feldthurns;Nord-est;Trentino-Alto Adige/Südtirol;Bolzano/Bozen;1;0;0;BZ;L724
2;04;022;022001;22001;Ala;Ala;;Nord-est;Trentino-Alto Adige/Südtirol;Trento;1;0;0;TN;A116
2;04;022;022002;22002;Albiano;Albiano;;Nord-est;Trentino-Alto Adige/Südtirol;Trento;1;0;0;TN;A158
2;04;022;022003;22003;Aldeno;Aldeno;;Nord-est;Trentino-Alto Adige/Südtirol;Trento;1;0;0;TN;A178
2;04;022;022004;22004;Amblar;Amblar;;Nord-est;Trentino-Alto Adige/Südtirol;Trento;1;0;0;TN;A260
2;04;022;022005;22005;Andalo;Andalo;;Nord-est;Trentino-Alto Adige/Südtirol;Trento;1;0;0;TN;A274
2;04;022;022006;22006;Arco;Arco;;Nord-est;Trentino-Alto Adige/Südtirol;Trento;1;0;0;TN;A372
2;04;022;022007;22007;Avio;Avio;;Nord-est;Trentino-Alto Adige/Südtirol;Trento;1;0;0;TN;A520
2;04;022;022008;22008;Banco;Banco;;Nord-est;Trentino-Alto Adige/Südtirol;Trento;1;0;0;TN;A608
2;04;022;022009;22009;Baselga di Pinè;Baselga di Pinè;;Nord-est;Trentino-Alto Adige/Südtirol;Trento;1;0;0;TN;A694
2;04;022;022010;22010;Baselga di Vezzano;Baselga di Vezzano;;Nord-est;Trentino-Alto Adige/Südtirol;Trento;1;0;0;TN;A693
2;04;022;022011;22011;Bedollo;Bedollo;;Nord-est;Trentino-Alto Adige/Südtirol;Trento;1;0;0;TN;A730
2;04;022;022012;22012;Bersone;Bersone;;Nord-est;Trentino-Alto Adige/Südtirol;Trento;1;0;0;TN;A808
2;04;022;022013;22013;Besenello;Besenello;;Nord-est;Trentino-Alto Adige/Südtirol;Trento;1;0;0;TN;A821
2;04;022;022014;22014;Bezzecca;Bezzecca;;Nord-est;Trentino-Alto Adige/Südtirol;Trento;1;0;0;TN;A839
2;04;022;022015;22015;Bieno;Bieno;;Nord-est;Trentino-Alto Adige/Südtirol;Trento;1;0;0;TN;A863
2;04;022;022016;22016;Bleggio Inferiore;Bleggio Inferiore;;Nord-est;Trentino-Alto Adige/Südtirol;Trento;1;0;0;TN;A901
2;04;022;022017;22017;Bleggio Superiore;Bleggio Superiore;;Nord-est;Trentino-Alto Adige/Südtirol;Trento;1;0;0;TN;A902
2;04;022;022018;22018;Bocenago;Bocenago;;Nord-est;Trentino-Alto Adige/Südtirol;Trento;1;0;0;TN;A916
2;04;022;022019;22019;Bolbeno;Bolbeno;;Nord-est;Trentino-Alto Adige/Südtirol;Trento;1;0;0;TN;A933
2;04;022;022020;22020;Bondo;Bondo;;Nord-est;Trentino-Alto Adige/Südtirol;Trento;1;0;0;TN;A967
2;04;022;022021;22021;Bondone;Bondone;;Nord-est;Trentino-Alto Adige/Südtirol;Trento;1;0;0;TN;A968
2;04;022;022022;22022;Borgo Valsugana;Borgo Valsugana;;Nord-est;Trentino-Alto Adige/Südtirol;Trento;1;0;0;TN;B006
2;04;022;022023;22023;Bosentino;Bosentino;;Nord-est;Trentino-Alto Adige/Südtirol;Trento;1;0;0;TN;B078
2;04;022;022024;22024;Breguzzo;Breguzzo;;Nord-est;Trentino-Alto Adige/Südtirol;Trento;1;0;0;TN;B135
2;04;022;022025;22025;Brentonico;Brentonico;;Nord-est;Trentino-Alto Adige/Südtirol;Trento;1;0;0;TN;B153
2;04;022;022026;22026;Bresimo;Bresimo;;Nord-est;Trentino-Alto Adige/Südtirol;Trento;1;0;0;TN;B158
2;04;022;022027;22027;Brez;Brez;;Nord-est;Trentino-Alto Adige/Südtirol;Trento;1;0;0;TN;B165
2;04;022;022028;22028;Brione;Brione;;Nord-est;Trentino-Alto Adige/Südtirol;Trento;1;0;0;TN;B185
2;04;022;022029;22029;Caderzone;Caderzone;;Nord-est;Trentino-Alto Adige/Südtirol;Trento;1;0;0;TN;B335
2;04;022;022030;22030;Cagnò;Cagnò;;Nord-est;Trentino-Alto Adige/Südtirol;Trento;1;0;0;TN;B360
2;04;022;022031;22031;Calavino;Calavino;;Nord-est;Trentino-Alto Adige/Südtirol;Trento;1;0;0;TN;B386
2;04;022;022032;22032;Calceranica al Lago;Calceranica al Lago;;Nord-est;Trentino-Alto Adige/Südtirol;Trento;1;0;0;TN;B389
2;04;022;022033;22033;Caldes;Caldes;;Nord-est;Trentino-Alto Adige/Südtirol;Trento;1;0;0;TN;B400
2;04;022;022034;22034;Caldonazzo;Caldonazzo;;Nord-est;Trentino-Alto Adige/Südtirol;Trento;1;0;0;TN;B404
2;04;022;022035;22035;Calliano;Calliano;;Nord-est;Trentino-Alto Adige/Südtirol;Trento;1;0;0;TN;B419
2;04;022;022036;22036;Campitello di Fassa;Campitello di Fassa;;Nord-est;Trentino-Alto Adige/Südtirol;Trento;1;0;0;TN;B514
2;04;022;022037;22037;Campodenno;Campodenno;;Nord-est;Trentino-Alto Adige/Südtirol;Trento;1;0;0;TN;B525
2;04;022;022038;22038;Canal San Bovo;Canal San Bovo;;Nord-est;Trentino-Alto Adige/Südtirol;Trento;1;0;0;TN;B577
2;04;022;022039;22039;Canazei;Canazei;;Nord-est;Trentino-Alto Adige/Südtirol;Trento;1;0;0;TN;B579
2;04;022;022040;22040;Capriana;Capriana;;Nord-est;Trentino-Alto Adige/Südtirol;Trento;1;0;0;TN;B697
2;04;022;022041;22041;Carano;Carano;;Nord-est;Trentino-Alto Adige/Südtirol;Trento;1;0;0;TN;B723
2;04;022;022042;22042;Carisolo;Carisolo;;Nord-est;Trentino-Alto Adige/Südtirol;Trento;1;0;0;TN;B783
2;04;022;022043;22043;Carzano;Carzano;;Nord-est;Trentino-Alto Adige/Südtirol;Trento;1;0;0;TN;B856
2;04;022;022044;22044;Casez;Casez;;Nord-est;Trentino-Alto Adige/Südtirol;Trento;1;0;0;TN;B964
2;04;022;022045;22045;Castel Condino;Castel Condino;;Nord-est;Trentino-Alto Adige/Südtirol;Trento;1;0;0;TN;C183
2;04;022;022046;22046;Castelfondo;Castelfondo;;Nord-est;Trentino-Alto Adige/Südtirol;Trento;1;0;0;TN;C103
2;04;022;022047;22047;Castello di Fiemme;Castello di Fiemme;;Nord-est;Trentino-Alto Adige/Südtirol;Trento;1;0;0;TN;C189
2;04;022;022048;22048;Castello Tesino;Castello Tesino;;Nord-est;Trentino-Alto Adige/Südtirol;Trento;1;0;0;TN;C194
2;04;022;022049;22049;Castelnuovo;Castelnuovo;;Nord-est;Trentino-Alto Adige/Südtirol;Trento;1;0;0;TN;C216
2;04;022;022050;22050;Cavalese;Cavalese;;Nord-est;Trentino-Alto Adige/Südtirol;Trento;1;0;0;TN;C372
2;04;022;022051;22051;Cavareno;Cavareno;;Nord-est;Trentino-Alto Adige/Südtirol;Trento;1;0;0;TN;C380
2;04;022;022052;22052;Cavedago;Cavedago;;Nord-est;Trentino-Alto Adige/Südtirol;Trento;1;0;0;TN;C392
2;04;022;022053;22053;Cavedine;Cavedine;;Nord-est;Trentino-Alto Adige/Südtirol;Trento;1;0;0;TN;C393
2;04;022;022054;22054;Cavizzana;Cavizzana;;Nord-est;Trentino-Alto Adige/Südtirol;Trento;1;0;0;TN;C400
2;04;022;022055;22055;Cembra;Cembra;;Nord-est;Trentino-Alto Adige/Südtirol;Trento;1;0;0;TN;C452
2;04;022;022056;22056;Centa San Nicolò;Centa San Nicolò;;Nord-est;Trentino-Alto Adige/Südtirol;Trento;1;0;0;TN;C467
2;04;022;022057;22057;Cimego;Cimego;;Nord-est;Trentino-Alto Adige/Südtirol;Trento;1;0;0;TN;C694
2;04;022;022058;22058;Cimone;Cimone;;Nord-est;Trentino-Alto Adige/Südtirol;Trento;1;0;0;TN;C700
2;04;022;022059;22059;Cinte Tesino;Cinte Tesino;;Nord-est;Trentino-Alto Adige/Südtirol;Trento;1;0;0;TN;C712
2;04;022;022060;22060;Cis;Cis;;Nord-est;Trentino-Alto Adige/Südtirol;Trento;1;0;0;TN;C727
2;04;022;022061;22061;Civezzano;Civezzano;;Nord-est;Trentino-Alto Adige/Südtirol;Trento;1;0;0;TN;C756
2;04;022;022062;22062;Cles;Cles;;Nord-est;Trentino-Alto Adige/Südtirol;Trento;1;0;0;TN;C794
2;04;022;022063;22063;Cloz;Cloz;;Nord-est;Trentino-Alto Adige/Südtirol;Trento;1;0;0;TN;C797
2;04;022;022064;22064;Commezzadura;Commezzadura;;Nord-est;Trentino-Alto Adige/Südtirol;Trento;1;0;0;TN;C931
2;04;022;022065;22065;Concei;Concei;;Nord-est;Trentino-Alto Adige/Südtirol;Trento;1;0;0;TN;C944
2;04;022;022066;22066;Condino;Condino;;Nord-est;Trentino-Alto Adige/Südtirol;Trento;1;0;0;TN;C953
2;04;022;022067;22067;Coredo;Coredo;;Nord-est;Trentino-Alto Adige/Südtirol;Trento;1;0;0;TN;C994
2;04;022;022068;22068;Croviana;Croviana;;Nord-est;Trentino-Alto Adige/Südtirol;Trento;1;0;0;TN;D188
2;04;022;022069;22069;Cunevo;Cunevo;;Nord-est;Trentino-Alto Adige/Südtirol;Trento;1;0;0;TN;D206
2;04;022;022070;22070;Daiano;Daiano;;Nord-est;Trentino-Alto Adige/Südtirol;Trento;1;0;0;TN;D243
2;04;022;022071;22071;Dambel;Dambel;;Nord-est;Trentino-Alto Adige/Südtirol;Trento;1;0;0;TN;D246
2;04;022;022072;22072;Daone;Daone;;Nord-est;Trentino-Alto Adige/Südtirol;Trento;1;0;0;TN;D248
2;04;022;022073;22073;Darè;Darè;;Nord-est;Trentino-Alto Adige/Südtirol;Trento;1;0;0;TN;D250
2;04;022;022074;22074;Denno;Denno;;Nord-est;Trentino-Alto Adige/Südtirol;Trento;1;0;0;TN;D273
2;04;022;022075;22075;Dimaro;Dimaro;;Nord-est;Trentino-Alto Adige/Südtirol;Trento;1;0;0;TN;D302
2;04;022;022076;22076;Don;Don;;Nord-est;Trentino-Alto Adige/Südtirol;Trento;1;0;0;TN;D336
2;04;022;022077;22077;Dorsino;Dorsino;;Nord-est;Trentino-Alto Adige/Südtirol;Trento;1;0;0;TN;D349
2;04;022;022078;22078;Drena;Drena;;Nord-est;Trentino-Alto Adige/Südtirol;Trento;1;0;0;TN;D365
2;04;022;022079;22079;Dro;Dro;;Nord-est;Trentino-Alto Adige/Südtirol;Trento;1;0;0;TN;D371
2;04;022;022080;22080;Faedo;Faedo;;Nord-est;Trentino-Alto Adige/Südtirol;Trento;1;0;0;TN;D457
2;04;022;022081;22081;Fai della Paganella;Fai della Paganella;;Nord-est;Trentino-Alto Adige/Südtirol;Trento;1;0;0;TN;D468
2;04;022;022082;22082;Faver;Faver;;Nord-est;Trentino-Alto Adige/Südtirol;Trento;1;0;0;TN;D516
2;04;022;022083;22083;Fiavè;Fiavè;;Nord-est;Trentino-Alto Adige/Südtirol;Trento;1;0;0;TN;D565
2;04;022;022084;22084;Fiera di Primiero;Fiera di Primiero;;Nord-est;Trentino-Alto Adige/Südtirol;Trento;1;0;0;TN;D572
2;04;022;022085;22085;Fierozzo;Fierozzo;;Nord-est;Trentino-Alto Adige/Südtirol;Trento;1;0;0;TN;D573
2;04;022;022086;22086;Flavon;Flavon;;Nord-est;Trentino-Alto Adige/Südtirol;Trento;1;0;0;TN;D631
2;04;022;022087;22087;Folgaria;Folgaria;;Nord-est;Trentino-Alto Adige/Südtirol;Trento;1;0;0;TN;D651
2;04;022;022088;22088;Fondo;Fondo;;Nord-est;Trentino-Alto Adige/Südtirol;Trento;1;0;0;TN;D663
2;04;022;022089;22089;Fornace;Fornace;;Nord-est;Trentino-Alto Adige/Südtirol;Trento;1;0;0;TN;D714
2;04;022;022090;22090;Frassilongo;Frassilongo;;Nord-est;Trentino-Alto Adige/Südtirol;Trento;1;0;0;TN;D775
2;04;022;022091;22091;Garniga;Garniga;;Nord-est;Trentino-Alto Adige/Südtirol;Trento;1;0;0;TN;D928
2;04;022;022092;22092;Giovo;Giovo;;Nord-est;Trentino-Alto Adige/Südtirol;Trento;1;0;0;TN;E048
2;04;022;022093;22093;Giustino;Giustino;;Nord-est;Trentino-Alto Adige/Südtirol;Trento;1;0;0;TN;E065
2;04;022;022094;22094;Grauno;Grauno;;Nord-est;Trentino-Alto Adige/Südtirol;Trento;1;0;0;TN;E150
2;04;022;022095;22095;Grigno;Grigno;;Nord-est;Trentino-Alto Adige/Südtirol;Trento;1;0;0;TN;E178
2;04;022;022096;22096;Grumes;Grumes;;Nord-est;Trentino-Alto Adige/Südtirol;Trento;1;0;0;TN;E222
2;04;022;022097;22097;Imer;Imer;;Nord-est;Trentino-Alto Adige/Südtirol;Trento;1;0;0;TN;E288
2;04;022;022098;22098;Isera;Isera;;Nord-est;Trentino-Alto Adige/Südtirol;Trento;1;0;0;TN;E334
2;04;022;022099;22099;Ivano-Fracena;Ivano-Fracena;;Nord-est;Trentino-Alto Adige/Südtirol;Trento;1;0;0;TN;E378
2;04;022;022100;22100;Lardaro;Lardaro;;Nord-est;Trentino-Alto Adige/Südtirol;Trento;1;0;0;TN;E452
2;04;022;022101;22101;Lasino;Lasino;;Nord-est;Trentino-Alto Adige/Südtirol;Trento;1;0;0;TN;E461
2;04;022;022102;22102;Lavarone;Lavarone;;Nord-est;Trentino-Alto Adige/Südtirol;Trento;1;0;0;TN;E492
2;04;022;022103;22103;Lavis;Lavis;;Nord-est;Trentino-Alto Adige/Südtirol;Trento;1;0;0;TN;E500
2;04;022;022104;22104;Lévico;Lévico;;Nord-est;Trentino-Alto Adige/Südtirol;Trento;1;0;0;TN;E565
2;04;022;022105;22105;Lisignago;Lisignago;;Nord-est;Trentino-Alto Adige/Südtirol;Trento;1;0;0;TN;E614
2;04;022;022106;22106;Livo;Livo;;Nord-est;Trentino-Alto Adige/Südtirol;Trento;1;0;0;TN;E624
2;04;022;022107;22107;Lomaso;Lomaso;;Nord-est;Trentino-Alto Adige/Südtirol;Trento;1;0;0;TN;E658
2;04;022;022108;22108;Lona-Lases;Lona-Lases;;Nord-est;Trentino-Alto Adige/Südtirol;Trento;1;0;0;TN;E664
2;04;022;022109;22109;Luserna;Luserna;;Nord-est;Trentino-Alto Adige/Südtirol;Trento;1;0;0;TN;E757
2;04;022;022110;22110;Malé;Malé;;Nord-est;Trentino-Alto Adige/Südtirol;Trento;1;0;0;TN;E850
2;04;022;022111;22111;Malosco;Malosco;;Nord-est;Trentino-Alto Adige/Südtirol;Trento;1;0;0;TN;E866
2;04;022;022112;22112;Massimeno;Massimeno;;Nord-est;Trentino-Alto Adige/Südtirol;Trento;1;0;0;TN;F045
2;04;022;022113;22113;Mazzin;Mazzin;;Nord-est;Trentino-Alto Adige/Südtirol;Trento;1;0;0;TN;F068
2;04;022;022114;22114;Mezzana;Mezzana;;Nord-est;Trentino-Alto Adige/Südtirol;Trento;1;0;0;TN;F168
2;04;022;022115;22115;Mezzano;Mezzano;;Nord-est;Trentino-Alto Adige/Südtirol;Trento;1;0;0;TN;F176
2;04;022;022116;22116;Mezzocorona;Mezzocorona;;Nord-est;Trentino-Alto Adige/Südtirol;Trento;1;0;0;TN;F183
2;04;022;022117;22117;Mezzolombardo;Mezzolombardo;;Nord-est;Trentino-Alto Adige/Südtirol;Trento;1;0;0;TN;F187
2;04;022;022118;22118;Moena;Moena;;Nord-est;Trentino-Alto Adige/Südtirol;Trento;1;0;0;TN;F263
2;04;022;022119;22119;Molina di Ledro;Molina di Ledro;;Nord-est;Trentino-Alto Adige/Südtirol;Trento;1;0;0;TN;F286
2;04;022;022120;22120;Molveno;Molveno;;Nord-est;Trentino-Alto Adige/Südtirol;Trento;1;0;0;TN;F307
2;04;022;022121;22121;Monclassico;Monclassico;;Nord-est;Trentino-Alto Adige/Südtirol;Trento;1;0;0;TN;F341
2;04;022;022122;22122;Montagne;Montagne;;Nord-est;Trentino-Alto Adige/Südtirol;Trento;1;0;0;TN;F396
2;04;022;022123;22123;Mori;Mori;;Nord-est;Trentino-Alto Adige/Südtirol;Trento;1;0;0;TN;F728
2;04;022;022124;22124;Nago-Torbole;Nago-Torbole;;Nord-est;Trentino-Alto Adige/Südtirol;Trento;1;0;0;TN;F835
2;04;022;022125;22125;Nanno;Nanno;;Nord-est;Trentino-Alto Adige/Südtirol;Trento;1;0;0;TN;F837
2;04;022;022126;22126;Nave San Rocco;Nave San Rocco;;Nord-est;Trentino-Alto Adige/Südtirol;Trento;1;0;0;TN;F853
2;04;022;022127;22127;Nogaredo;Nogaredo;;Nord-est;Trentino-Alto Adige/Südtirol;Trento;1;0;0;TN;F920
2;04;022;022128;22128;Nomi;Nomi;;Nord-est;Trentino-Alto Adige/Südtirol;Trento;1;0;0;TN;F929
2;04;022;022129;22129;Novaledo;Novaledo;;Nord-est;Trentino-Alto Adige/Südtirol;Trento;1;0;0;TN;F947
2;04;022;022130;22130;Ospedaletto;Ospedaletto;;Nord-est;Trentino-Alto Adige/Südtirol;Trento;1;0;0;TN;G168
2;04;022;022131;22131;Ossana;Ossana;;Nord-est;Trentino-Alto Adige/Südtirol;Trento;1;0;0;TN;G173
2;04;022;022132;22132;Padergnone;Padergnone;;Nord-est;Trentino-Alto Adige/Südtirol;Trento;1;0;0;TN;G214
2;04;022;022133;22133;Palù del Fersina;Palù del Fersina;;Nord-est;Trentino-Alto Adige/Südtirol;Trento;1;0;0;TN;G296
2;04;022;022134;22134;Panchià;Panchià;;Nord-est;Trentino-Alto Adige/Südtirol;Trento;1;0;0;TN;G305
2;04;022;022135;22135;Pannone;Pannone;;Nord-est;Trentino-Alto Adige/Südtirol;Trento;1;0;0;TN;G313
2;04;022;022136;22136;Peio;Peio;;Nord-est;Trentino-Alto Adige/Südtirol;Trento;1;0;0;TN;G419
2;04;022;022137;22137;Pellizzano;Pellizzano;;Nord-est;Trentino-Alto Adige/Südtirol;Trento;1;0;0;TN;G428
2;04;022;022138;22138;Pelugo;Pelugo;;Nord-est;Trentino-Alto Adige/Südtirol;Trento;1;0;0;TN;G429
2;04;022;022139;22139;Pergine Valsugana;Pergine Valsugana;;Nord-est;Trentino-Alto Adige/Südtirol;Trento;1;0;0;TN;G452
2;04;022;022140;22140;Pieve di Bono;Pieve di Bono;;Nord-est;Trentino-Alto Adige/Südtirol;Trento;1;0;0;TN;G641
2;04;022;022141;22141;Pieve di Ledro;Pieve di Ledro;;Nord-est;Trentino-Alto Adige/Südtirol;Trento;1;0;0;TN;G644
2;04;022;022142;22142;Pieve Tesino;Pieve Tesino;;Nord-est;Trentino-Alto Adige/Südtirol;Trento;1;0;0;TN;G656
2;04;022;022143;22143;Pinzolo;Pinzolo;;Nord-est;Trentino-Alto Adige/Südtirol;Trento;1;0;0;TN;G681
2;04;022;022144;22144;Pomarolo;Pomarolo;;Nord-est;Trentino-Alto Adige/Südtirol;Trento;1;0;0;TN;G808
2;04;022;022145;22145;Pozza di Fassa;Pozza di Fassa;;Nord-est;Trentino-Alto Adige/Südtirol;Trento;1;0;0;TN;G950
2;04;022;022146;22146;Praso;Praso;;Nord-est;Trentino-Alto Adige/Südtirol;Trento;1;0;0;TN;G989
2;04;022;022147;22147;Predazzo;Predazzo;;Nord-est;Trentino-Alto Adige/Südtirol;Trento;1;0;0;TN;H018
2;04;022;022148;22148;Preore;Preore;;Nord-est;Trentino-Alto Adige/Südtirol;Trento;1;0;0;TN;H039
2;04;022;022149;22149;Prezzo;Prezzo;;Nord-est;Trentino-Alto Adige/Südtirol;Trento;1;0;0;TN;H057
2;04;022;022150;22150;Rabbi;Rabbi;;Nord-est;Trentino-Alto Adige/Südtirol;Trento;1;0;0;TN;H146
2;04;022;022151;22151;Ragoli;Ragoli;;Nord-est;Trentino-Alto Adige/Südtirol;Trento;1;0;0;TN;H162
2;04;022;022152;22152;Revò;Revò;;Nord-est;Trentino-Alto Adige/Südtirol;Trento;1;0;0;TN;H254
2;04;022;022153;22153;Riva;Riva;;Nord-est;Trentino-Alto Adige/Südtirol;Trento;1;0;0;TN;H330
2;04;022;022154;22154;Romallo;Romallo;;Nord-est;Trentino-Alto Adige/Südtirol;Trento;1;0;0;TN;H506
2;04;022;022155;22155;Romeno;Romeno;;Nord-est;Trentino-Alto Adige/Südtirol;Trento;1;0;0;TN;H517
2;04;022;022156;22156;Roncegno;Roncegno;;Nord-est;Trentino-Alto Adige/Südtirol;Trento;1;0;0;TN;H528
2;04;022;022157;22157;Ronchi Valsugana;Ronchi Valsugana;;Nord-est;Trentino-Alto Adige/Südtirol;Trento;1;0;0;TN;H532
2;04;022;022158;22158;Roncone;Roncone;;Nord-est;Trentino-Alto Adige/Südtirol;Trento;1;0;0;TN;H545
2;04;022;022159;22159;Ronzone;Ronzone;;Nord-est;Trentino-Alto Adige/Südtirol;Trento;1;0;0;TN;H552
2;04;022;022160;22160;Roverè della Luna;Roverè della Luna;;Nord-est;Trentino-Alto Adige/Südtirol;Trento;1;0;0;TN;H607
2;04;022;022161;22161;Rovereto;Rovereto;;Nord-est;Trentino-Alto Adige/Südtirol;Trento;1;0;0;TN;H612
2;04;022;022162;22162;Ruffrè;Ruffrè;;Nord-est;Trentino-Alto Adige/Südtirol;Trento;1;0;0;TN;H634
2;04;022;022163;22163;Rumo;Rumo;;Nord-est;Trentino-Alto Adige/Südtirol;Trento;1;0;0;TN;H639
2;04;022;022164;22164;Sagron Mis;Sagron Mis;;Nord-est;Trentino-Alto Adige/Südtirol;Trento;1;0;0;TN;H666
2;04;022;022165;22165;Samone;Samone;;Nord-est;Trentino-Alto Adige/Südtirol;Trento;1;0;0;TN;H754
2;04;022;022166;22166;San Lorenzo in Banale;San Lorenzo in Banale;;Nord-est;Trentino-Alto Adige/Südtirol;Trento;1;0;0;TN;H966
2;04;022;022167;22167;San Michele all'Adige;San Michele all'Adige;;Nord-est;Trentino-Alto Adige/Südtirol;Trento;1;0;0;TN;I042
2;04;022;022168;22168;Sant'Orsola;Sant'Orsola;;Nord-est;Trentino-Alto Adige/Südtirol;Trento;1;0;0;TN;I354
2;04;022;022169;22169;Sanzeno;Sanzeno;;Nord-est;Trentino-Alto Adige/Südtirol;Trento;1;0;0;TN;I411
2;04;022;022170;22170;Sarnonico;Sarnonico;;Nord-est;Trentino-Alto Adige/Südtirol;Trento;1;0;0;TN;I439
2;04;022;022171;22171;Scurelle;Scurelle;;Nord-est;Trentino-Alto Adige/Südtirol;Trento;1;0;0;TN;I554
2;04;022;022172;22172;Segonzano;Segonzano;;Nord-est;Trentino-Alto Adige/Südtirol;Trento;1;0;0;TN;I576
2;04;022;022173;22173;Sfruz;Sfruz;;Nord-est;Trentino-Alto Adige/Südtirol;Trento;1;0;0;TN;I714
2;04;022;022174;22174;Siror;Siror;;Nord-est;Trentino-Alto Adige/Südtirol;Trento;1;0;0;TN;I760
2;04;022;022175;22175;Smarano;Smarano;;Nord-est;Trentino-Alto Adige/Südtirol;Trento;1;0;0;TN;I772
2;04;022;022176;22176;Soraga;Soraga;;Nord-est;Trentino-Alto Adige/Südtirol;Trento;1;0;0;TN;I839
2;04;022;022177;22177;Sover;Sover;;Nord-est;Trentino-Alto Adige/Südtirol;Trento;1;0;0;TN;I871
2;04;022;022178;22178;Spera;Spera;;Nord-est;Trentino-Alto Adige/Südtirol;Trento;1;0;0;TN;I889
2;04;022;022179;22179;Spiazzo;Spiazzo;;Nord-est;Trentino-Alto Adige/Südtirol;Trento;1;0;0;TN;I899
2;04;022;022180;22180;Spormaggiore;Spormaggiore;;Nord-est;Trentino-Alto Adige/Südtirol;Trento;1;0;0;TN;I924
2;04;022;022181;22181;Sporminore;Sporminore;;Nord-est;Trentino-Alto Adige/Südtirol;Trento;1;0;0;TN;I925
2;04;022;022182;22182;Stenico;Stenico;;Nord-est;Trentino-Alto Adige/Südtirol;Trento;1;0;0;TN;I949
2;04;022;022183;22183;Storo;Storo;;Nord-est;Trentino-Alto Adige/Südtirol;Trento;1;0;0;TN;I964
2;04;022;022184;22184;Strembo;Strembo;;Nord-est;Trentino-Alto Adige/Südtirol;Trento;1;0;0;TN;I975
2;04;022;022185;22185;Strigno;Strigno;;Nord-est;Trentino-Alto Adige/Südtirol;Trento;1;0;0;TN;I979
2;04;022;022186;22186;Taio;Taio;;Nord-est;Trentino-Alto Adige/Südtirol;Trento;1;0;0;TN;L033
2;04;022;022187;22187;Tassullo;Tassullo;;Nord-est;Trentino-Alto Adige/Südtirol;Trento;1;0;0;TN;L060
2;04;022;022188;22188;Telve;Telve;;Nord-est;Trentino-Alto Adige/Südtirol;Trento;1;0;0;TN;L089
2;04;022;022189;22189;Telve di Sopra;Telve di Sopra;;Nord-est;Trentino-Alto Adige/Südtirol;Trento;1;0;0;TN;L090
2;04;022;022190;22190;Tenna;Tenna;;Nord-est;Trentino-Alto Adige/Südtirol;Trento;1;0;0;TN;L096
2;04;022;022191;22191;Tenno;Tenno;;Nord-est;Trentino-Alto Adige/Südtirol;Trento;1;0;0;TN;L097
2;04;022;022192;22192;Terlago;Terlago;;Nord-est;Trentino-Alto Adige/Südtirol;Trento;1;0;0;TN;L107
2;04;022;022193;22193;Terragnolo;Terragnolo;;Nord-est;Trentino-Alto Adige/Südtirol;Trento;1;0;0;TN;L121
2;04;022;022194;22194;Terres;Terres;;Nord-est;Trentino-Alto Adige/Südtirol;Trento;1;0;0;TN;L137
2;04;022;022195;22195;Terzolas;Terzolas;;Nord-est;Trentino-Alto Adige/Südtirol;Trento;1;0;0;TN;L145
2;04;022;022196;22196;Tesero;Tesero;;Nord-est;Trentino-Alto Adige/Südtirol;Trento;1;0;0;TN;L147
2;04;022;022197;22197;Tiarno di Sopra;Tiarno di Sopra;;Nord-est;Trentino-Alto Adige/Südtirol;Trento;1;0;0;TN;L162
2;04;022;022198;22198;Tiarno di Sotto;Tiarno di Sotto;;Nord-est;Trentino-Alto Adige/Südtirol;Trento;1;0;0;TN;L163
2;04;022;022199;22199;Tione di Trento;Tione di Trento;;Nord-est;Trentino-Alto Adige/Südtirol;Trento;1;0;0;TN;L174
2;04;022;022200;22200;Ton;Ton;;Nord-est;Trentino-Alto Adige/Südtirol;Trento;1;0;0;TN;L200
2;04;022;022201;22201;Tonadico;Tonadico;;Nord-est;Trentino-Alto Adige/Südtirol;Trento;1;0;0;TN;L201
2;04;022;022202;22202;Torcegno;Torcegno;;Nord-est;Trentino-Alto Adige/Südtirol;Trento;1;0;0;TN;L211
2;04;022;022203;22203;Trambileno;Trambileno;;Nord-est;Trentino-Alto Adige/Südtirol;Trento;1;0;0;TN;L322
2;04;022;022204;22204;Transacqua;Transacqua;;Nord-est;Trentino-Alto Adige/Südtirol;Trento;1;0;0;TN;L329
2;04;022;022205;22205;Trento;Trento;;Nord-est;Trentino-Alto Adige/Südtirol;Trento;1;1;1;TN;L378
2;04;022;022206;22206;Tres;Tres;;Nord-est;Trentino-Alto Adige/Südtirol;Trento;1;0;0;TN;L385
2;04;022;022207;22207;Tuenno;Tuenno;;Nord-est;Trentino-Alto Adige/Südtirol;Trento;1;0;0;TN;L457
2;04;022;022208;22208;Valda;Valda;;Nord-est;Trentino-Alto Adige/Südtirol;Trento;1;0;0;TN;L550
2;04;022;022209;22209;Valfloriana;Valfloriana;;Nord-est;Trentino-Alto Adige/Südtirol;Trento;1;0;0;TN;L575
2;04;022;022210;22210;Vallarsa;Vallarsa;;Nord-est;Trentino-Alto Adige/Südtirol;Trento;1;0;0;TN;L588
2;04;022;022211;22211;Varena;Varena;;Nord-est;Trentino-Alto Adige/Südtirol;Trento;1;0;0;TN;L678
2;04;022;022212;22212;Vattaro;Vattaro;;Nord-est;Trentino-Alto Adige/Südtirol;Trento;1;0;0;TN;L697
2;04;022;022213;22213;Vermiglio;Vermiglio;;Nord-est;Trentino-Alto Adige/Südtirol;Trento;1;0;0;TN;L769
2;04;022;022214;22214;Vervò;Vervò;;Nord-est;Trentino-Alto Adige/Südtirol;Trento;1;0;0;TN;L800
2;04;022;022215;22215;Vezzano;Vezzano;;Nord-est;Trentino-Alto Adige/Südtirol;Trento;1;0;0;TN;L821
2;04;022;022216;22216;Vignola-Falesina;Vignola-Falesina;;Nord-est;Trentino-Alto Adige/Südtirol;Trento;1;0;0;TN;L886
2;04;022;022217;22217;Vigo di Fassa;Vigo di Fassa;;Nord-est;Trentino-Alto Adige/Südtirol;Trento;1;0;0;TN;L893
2;04;022;022218;22218;Vigolo Baselga;Vigolo Baselga;;Nord-est;Trentino-Alto Adige/Südtirol;Trento;1;0;0;TN;L895
2;04;022;022219;22219;Vigolo Vattaro;Vigolo Vattaro;;Nord-est;Trentino-Alto Adige/Südtirol;Trento;1;0;0;TN;L896
2;04;022;022220;22220;Vigo Rendena;Vigo Rendena;;Nord-est;Trentino-Alto Adige/Südtirol;Trento;1;0;0;TN;L903
2;04;022;022221;22221;Villa Agnedo;Villa Agnedo;;Nord-est;Trentino-Alto Adige/Südtirol;Trento;1;0;0;TN;L910
2;04;022;022222;22222;Villa Lagarina;Villa Lagarina;;Nord-est;Trentino-Alto Adige/Südtirol;Trento;1;0;0;TN;L957
2;04;022;022223;22223;Villa Rendena;Villa Rendena;;Nord-est;Trentino-Alto Adige/Südtirol;Trento;1;0;0;TN;M006
2;04;022;022224;22224;Volano;Volano;;Nord-est;Trentino-Alto Adige/Südtirol;Trento;1;0;0;TN;M113
2;04;022;022225;22225;Zambana;Zambana;;Nord-est;Trentino-Alto Adige/Südtirol;Trento;1;0;0;TN;M142
2;04;022;022226;22226;Ziano di Fiemme;Ziano di Fiemme;;Nord-est;Trentino-Alto Adige/Südtirol;Trento;1;0;0;TN;M173
2;04;022;022227;22227;Zuclo;Zuclo;;Nord-est;Trentino-Alto Adige/Südtirol;Trento;1;0;0;TN;M198
2;05;023;023001;23001;Affi;Affi;;Nord-est;Veneto;Verona;1;0;0;VR;A061
2;05;023;023002;23002;Albaredo d'Adige;Albaredo d'Adige;;Nord-est;Veneto;Verona;1;0;0;VR;A137
2;05;023;023003;23003;Angiari;Angiari;;Nord-est;Veneto;Verona;1;0;0;VR;A292
2;05;023;023004;23004;Arcole;Arcole;;Nord-est;Veneto;Verona;1;0;0;VR;A374
2;05;023;023005;23005;Badia Calavena;Badia Calavena;;Nord-est;Veneto;Verona;1;0;0;VR;A540
2;05;023;023006;23006;Bardolino;Bardolino;;Nord-est;Veneto;Verona;1;0;0;VR;A650
2;05;023;023007;23007;Belfiore;Belfiore;;Nord-est;Veneto;Verona;1;0;0;VR;A737
2;05;023;023008;23008;Bevilacqua;Bevilacqua;;Nord-est;Veneto;Verona;1;0;0;VR;A837
2;05;023;023009;23009;Bonavigo;Bonavigo;;Nord-est;Veneto;Verona;1;0;0;VR;A964
2;05;023;023010;23010;Boschi Sant'Anna;Boschi Sant'Anna;;Nord-est;Veneto;Verona;1;0;0;VR;B070
2;05;023;023011;23011;Bosco Chiesanuova;Bosco Chiesanuova;;Nord-est;Veneto;Verona;1;0;0;VR;B073
2;05;023;023012;23012;Bovolone;Bovolone;;Nord-est;Veneto;Verona;1;0;0;VR;B107
2;05;023;023013;23013;Brentino Belluno;Brentino Belluno;;Nord-est;Veneto;Verona;1;0;0;VR;B152
2;05;023;023014;23014;Brenzone;Brenzone;;Nord-est;Veneto;Verona;1;0;0;VR;B154
2;05;023;023015;23015;Bussolengo;Bussolengo;;Nord-est;Veneto;Verona;1;0;0;VR;B296
2;05;023;023016;23016;Buttapietra;Buttapietra;;Nord-est;Veneto;Verona;1;0;0;VR;B304
2;05;023;023017;23017;Caldiero;Caldiero;;Nord-est;Veneto;Verona;1;0;0;VR;B402
2;05;023;023018;23018;Caprino Veronese;Caprino Veronese;;Nord-est;Veneto;Verona;1;0;0;VR;B709
2;05;023;023019;23019;Casaleone;Casaleone;;Nord-est;Veneto;Verona;1;0;0;VR;B886
2;05;023;023020;23020;Castagnaro;Castagnaro;;Nord-est;Veneto;Verona;1;0;0;VR;C041
2;05;023;023021;23021;Castel d'Azzano;Castel d'Azzano;;Nord-est;Veneto;Verona;1;0;0;VR;C078
2;05;023;023022;23022;Castelnuovo di Verona;Castelnuovo di Verona;;Nord-est;Veneto;Verona;1;0;0;VR;C225
2;05;023;023023;23023;Cavaion Veronese;Cavaion Veronese;;Nord-est;Veneto;Verona;1;0;0;VR;C370
2;05;023;023024;23024;Cazzano di Tramigna;Cazzano di Tramigna;;Nord-est;Veneto;Verona;1;0;0;VR;C412
2;05;023;023025;23025;Cerea;Cerea;;Nord-est;Veneto;Verona;1;0;0;VR;C498
2;05;023;023026;23026;Cerro Veronese;Cerro Veronese;;Nord-est;Veneto;Verona;1;0;0;VR;C538
2;05;023;023027;23027;Cologna Veneta;Cologna Veneta;;Nord-est;Veneto;Verona;1;0;0;VR;C890
2;05;023;023028;23028;Colognola ai Colli;Colognola ai Colli;;Nord-est;Veneto;Verona;1;0;0;VR;C897
2;05;023;023029;23029;Concamarise;Concamarise;;Nord-est;Veneto;Verona;1;0;0;VR;C943
2;05;023;023030;23030;Costermano;Costermano;;Nord-est;Veneto;Verona;1;0;0;VR;D118
2;05;023;023031;23031;Dolcè;Dolcè;;Nord-est;Veneto;Verona;1;0;0;VR;D317
2;05;023;023032;23032;Erbè;Erbè;;Nord-est;Veneto;Verona;1;0;0;VR;D419
2;05;023;023033;23033;Erbezzo;Erbezzo;;Nord-est;Veneto;Verona;1;0;0;VR;D420
2;05;023;023034;23034;Ferrara di Monte Baldo;Ferrara di Monte Baldo;;Nord-est;Veneto;Verona;1;0;0;VR;D549
2;05;023;023035;23035;Fumane;Fumane;;Nord-est;Veneto;Verona;1;0;0;VR;D818
2;05;023;023036;23036;Garda;Garda;;Nord-est;Veneto;Verona;1;0;0;VR;D915
2;05;023;023037;23037;Gazzo Veronese;Gazzo Veronese;;Nord-est;Veneto;Verona;1;0;0;VR;D957
2;05;023;023038;23038;Grezzana;Grezzana;;Nord-est;Veneto;Verona;1;0;0;VR;E171
2;05;023;023039;23039;Illasi;Illasi;;Nord-est;Veneto;Verona;1;0;0;VR;E284
2;05;023;023040;23040;Isola della Scala;Isola della Scala;;Nord-est;Veneto;Verona;1;0;0;VR;E349
2;05;023;023041;23041;Isola Rizza;Isola Rizza;;Nord-est;Veneto;Verona;1;0;0;VR;E358
2;05;023;023042;23042;Lavagno;Lavagno;;Nord-est;Veneto;Verona;1;0;0;VR;E489
2;05;023;023043;23043;Lazise;Lazise;;Nord-est;Veneto;Verona;1;0;0;VR;E502
2;05;023;023044;23044;Legnago;Legnago;;Nord-est;Veneto;Verona;1;0;0;VR;E512
2;05;023;023045;23045;Malcesine;Malcesine;;Nord-est;Veneto;Verona;1;0;0;VR;E848
2;05;023;023046;23046;Marano di Valpolicella;Marano di Valpolicella;;Nord-est;Veneto;Verona;1;0;0;VR;E911
2;05;023;023047;23047;Mezzane di Sotto;Mezzane di Sotto;;Nord-est;Veneto;Verona;1;0;0;VR;F172
2;05;023;023048;23048;Minerbe;Minerbe;;Nord-est;Veneto;Verona;1;0;0;VR;F218
2;05;023;023049;23049;Montecchia di Crosara;Montecchia di Crosara;;Nord-est;Veneto;Verona;1;0;0;VR;F461
2;05;023;023050;23050;Monteforte d'Alpone;Monteforte d'Alpone;;Nord-est;Veneto;Verona;1;0;0;VR;F508
2;05;023;023051;23051;Mozzecane;Mozzecane;;Nord-est;Veneto;Verona;1;0;0;VR;F789
2;05;023;023052;23052;Negrar;Negrar;;Nord-est;Veneto;Verona;1;0;0;VR;F861
2;05;023;023053;23053;Nogara;Nogara;;Nord-est;Veneto;Verona;1;0;0;VR;F918
2;05;023;023054;23054;Nogarole Rocca;Nogarole Rocca;;Nord-est;Veneto;Verona;1;0;0;VR;F921
2;05;023;023055;23055;Oppeano;Oppeano;;Nord-est;Veneto;Verona;1;0;0;VR;G080
2;05;023;023056;23056;Palù;Palù;;Nord-est;Veneto;Verona;1;0;0;VR;G297
2;05;023;023057;23057;Pastrengo;Pastrengo;;Nord-est;Veneto;Verona;1;0;0;VR;G365
2;05;023;023058;23058;Pescantina;Pescantina;;Nord-est;Veneto;Verona;1;0;0;VR;G481
2;05;023;023059;23059;Peschiera del Garda;Peschiera del Garda;;Nord-est;Veneto;Verona;1;0;0;VR;G489
2;05;023;023060;23060;Povegliano Veronese;Povegliano Veronese;;Nord-est;Veneto;Verona;1;0;0;VR;G945
2;05;023;023061;23061;Pressana;Pressana;;Nord-est;Veneto;Verona;1;0;0;VR;H048
2;05;023;023062;23062;Rivoli Veronese;Rivoli Veronese;;Nord-est;Veneto;Verona;1;0;0;VR;H356
2;05;023;023063;23063;Roncà;Roncà;;Nord-est;Veneto;Verona;1;0;0;VR;H522
2;05;023;023064;23064;Ronco all'Adige;Ronco all'Adige;;Nord-est;Veneto;Verona;1;0;0;VR;H540
2;05;023;023065;23065;Roverchiara;Roverchiara;;Nord-est;Veneto;Verona;1;0;0;VR;H606
2;05;023;023066;23066;Roveredo di Guà;Roveredo di Guà;;Nord-est;Veneto;Verona;1;0;0;VR;H610
2;05;023;023067;23067;Roverè Veronese;Roverè Veronese;;Nord-est;Veneto;Verona;1;0;0;VR;H608
2;05;023;023068;23068;Salizzole;Salizzole;;Nord-est;Veneto;Verona;1;0;0;VR;H714
2;05;023;023069;23069;San Bonifacio;San Bonifacio;;Nord-est;Veneto;Verona;1;0;0;VR;H783
2;05;023;023070;23070;San Giovanni Ilarione;San Giovanni Ilarione;;Nord-est;Veneto;Verona;1;0;0;VR;H916
2;05;023;023071;23071;San Giovanni Lupatoto;San Giovanni Lupatoto;;Nord-est;Veneto;Verona;1;0;0;VR;H924
2;05;023;023072;23072;Sanguinetto;Sanguinetto;;Nord-est;Veneto;Verona;1;0;0;VR;H944
2;05;023;023073;23073;San Martino Buon Albergo;San Martino Buon Albergo;;Nord-est;Veneto;Verona;1;0;0;VR;I003
2;05;023;023074;23074;San Mauro di Saline;San Mauro di Saline;;Nord-est;Veneto;Verona;1;0;0;VR;H712
2;05;023;023075;23075;San Pietro di Morubio;San Pietro di Morubio;;Nord-est;Veneto;Verona;1;0;0;VR;I105
2;05;023;023076;23076;San Pietro in Cariano;San Pietro in Cariano;;Nord-est;Veneto;Verona;1;0;0;VR;I109
2;05;023;023077;23077;Sant'Ambrogio di Valpolicella;Sant'Ambrogio di Valpolicella;;Nord-est;Veneto;Verona;1;0;0;VR;I259
2;05;023;023078;23078;Sant'Anna d'Alfaedo;Sant'Anna d'Alfaedo;;Nord-est;Veneto;Verona;1;0;0;VR;I292
2;05;023;023079;23079;San Zeno di Montagna;San Zeno di Montagna;;Nord-est;Veneto;Verona;1;0;0;VR;I414
2;05;023;023080;23080;Selva di Progno;Selva di Progno;;Nord-est;Veneto;Verona;1;0;0;VR;I594
2;05;023;023081;23081;Soave;Soave;;Nord-est;Veneto;Verona;1;0;0;VR;I775
2;05;023;023082;23082;Sommacampagna;Sommacampagna;;Nord-est;Veneto;Verona;1;0;0;VR;I821
2;05;023;023083;23083;Sona;Sona;;Nord-est;Veneto;Verona;1;0;0;VR;I826
2;05;023;023084;23084;Sorgà;Sorgà;;Nord-est;Veneto;Verona;1;0;0;VR;I850
2;05;023;023085;23085;Terrazzo;Terrazzo;;Nord-est;Veneto;Verona;1;0;0;VR;L136
2;05;023;023086;23086;Torri del Benaco;Torri del Benaco;;Nord-est;Veneto;Verona;1;0;0;VR;L287
2;05;023;023087;23087;Tregnago;Tregnago;;Nord-est;Veneto;Verona;1;0;0;VR;L364
2;05;023;023088;23088;Trevenzuolo;Trevenzuolo;;Nord-est;Veneto;Verona;1;0;0;VR;L396
2;05;023;023089;23089;Valeggio sul Mincio;Valeggio sul Mincio;;Nord-est;Veneto;Verona;1;0;0;VR;L567
2;05;023;023090;23090;Velo Veronese;Velo Veronese;;Nord-est;Veneto;Verona;1;0;0;VR;L722
2;05;023;023091;23091;Verona;Verona;;Nord-est;Veneto;Verona;1;0;1;VR;L781
2;05;023;023092;23092;Veronella;Veronella;;Nord-est;Veneto;Verona;1;0;0;VR;D193
2;05;023;023093;23093;Vestenanova;Vestenanova;;Nord-est;Veneto;Verona;1;0;0;VR;L810
2;05;023;023094;23094;Vigasio;Vigasio;;Nord-est;Veneto;Verona;1;0;0;VR;L869
2;05;023;023095;23095;Villa Bartolomea;Villa Bartolomea;;Nord-est;Veneto;Verona;1;0;0;VR;L912
2;05;023;023096;23096;Villafranca di Verona;Villafranca di Verona;;Nord-est;Veneto;Verona;1;0;0;VR;L949
2;05;023;023097;23097;Zevio;Zevio;;Nord-est;Veneto;Verona;1;0;0;VR;M172
2;05;023;023098;23098;Zimella;Zimella;;Nord-est;Veneto;Verona;1;0;0;VR;M178
2;05;024;024001;24001;Agugliaro;Agugliaro;;Nord-est;Veneto;Vicenza;1;0;0;VI;A093
2;05;024;024002;24002;Albettone;Albettone;;Nord-est;Veneto;Vicenza;1;0;0;VI;A154
2;05;024;024003;24003;Alonte;Alonte;;Nord-est;Veneto;Vicenza;1;0;0;VI;A220
2;05;024;024004;24004;Altavilla Vicentina;Altavilla Vicentina;;Nord-est;Veneto;Vicenza;1;0;0;VI;A231
2;05;024;024005;24005;Altissimo;Altissimo;;Nord-est;Veneto;Vicenza;1;0;0;VI;A236
2;05;024;024006;24006;Arcugnano;Arcugnano;;Nord-est;Veneto;Vicenza;1;0;0;VI;A377
2;05;024;024007;24007;Arsiero;Arsiero;;Nord-est;Veneto;Vicenza;1;0;0;VI;A444
2;05;024;024008;24008;Arzignano;Arzignano;;Nord-est;Veneto;Vicenza;1;0;0;VI;A459
2;05;024;024009;24009;Asiago;Asiago;;Nord-est;Veneto;Vicenza;1;0;0;VI;A465
2;05;024;024010;24010;Asigliano Veneto;Asigliano Veneto;;Nord-est;Veneto;Vicenza;1;0;0;VI;A467
2;05;024;024011;24011;Barbarano Vicentino;Barbarano Vicentino;;Nord-est;Veneto;Vicenza;1;0;0;VI;A627
2;05;024;024012;24012;Bassano del Grappa;Bassano del Grappa;;Nord-est;Veneto;Vicenza;1;0;0;VI;A703
2;05;024;024013;24013;Bolzano Vicentino;Bolzano Vicentino;;Nord-est;Veneto;Vicenza;1;0;0;VI;A954
2;05;024;024014;24014;Breganze;Breganze;;Nord-est;Veneto;Vicenza;1;0;0;VI;B132
2;05;024;024015;24015;Brendola;Brendola;;Nord-est;Veneto;Vicenza;1;0;0;VI;B143
2;05;024;024016;24016;Bressanvido;Bressanvido;;Nord-est;Veneto;Vicenza;1;0;0;VI;B161
2;05;024;024017;24017;Brogliano;Brogliano;;Nord-est;Veneto;Vicenza;1;0;0;VI;B196
2;05;024;024018;24018;Caldogno;Caldogno;;Nord-est;Veneto;Vicenza;1;0;0;VI;B403
2;05;024;024019;24019;Caltrano;Caltrano;;Nord-est;Veneto;Vicenza;1;0;0;VI;B433
2;05;024;024020;24020;Calvene;Calvene;;Nord-est;Veneto;Vicenza;1;0;0;VI;B441
2;05;024;024021;24021;Camisano Vicentino;Camisano Vicentino;;Nord-est;Veneto;Vicenza;1;0;0;VI;B485
2;05;024;024022;24022;Campiglia dei Berici;Campiglia dei Berici;;Nord-est;Veneto;Vicenza;1;0;0;VI;B511
2;05;024;024023;24023;Campolongo sul Brenta;Campolongo sul Brenta;;Nord-est;Veneto;Vicenza;1;0;0;VI;B547
2;05;024;024024;24024;Carrè;Carrè;;Nord-est;Veneto;Vicenza;1;0;0;VI;B835
2;05;024;024025;24025;Cartigliano;Cartigliano;;Nord-est;Veneto;Vicenza;1;0;0;VI;B844
2;05;024;024026;24026;Cassola;Cassola;;Nord-est;Veneto;Vicenza;1;0;0;VI;C037
2;05;024;024027;24027;Castegnero;Castegnero;;Nord-est;Veneto;Vicenza;1;0;0;VI;C056
2;05;024;024028;24028;Castelgomberto;Castelgomberto;;Nord-est;Veneto;Vicenza;1;0;0;VI;C119
2;05;024;024029;24029;Chiampo;Chiampo;;Nord-est;Veneto;Vicenza;1;0;0;VI;C605
2;05;024;024030;24030;Chiuppano;Chiuppano;;Nord-est;Veneto;Vicenza;1;0;0;VI;C650
2;05;024;024031;24031;Cismon del Grappa;Cismon del Grappa;;Nord-est;Veneto;Vicenza;1;0;0;VI;C734
2;05;024;024032;24032;Cogollo del Cengio;Cogollo del Cengio;;Nord-est;Veneto;Vicenza;1;0;0;VI;C824
2;05;024;024033;24033;Conco;Conco;;Nord-est;Veneto;Vicenza;1;0;0;VI;C949
2;05;024;024034;24034;Cornedo Vicentino;Cornedo Vicentino;;Nord-est;Veneto;Vicenza;1;0;0;VI;D020
2;05;024;024035;24035;Costabissara;Costabissara;;Nord-est;Veneto;Vicenza;1;0;0;VI;D107
2;05;024;024036;24036;Creazzo;Creazzo;;Nord-est;Veneto;Vicenza;1;0;0;VI;D136
2;05;024;024037;24037;Crespadoro;Crespadoro;;Nord-est;Veneto;Vicenza;1;0;0;VI;D156
2;05;024;024038;24038;Dueville;Dueville;;Nord-est;Veneto;Vicenza;1;0;0;VI;D379
2;05;024;024039;24039;Enego;Enego;;Nord-est;Veneto;Vicenza;1;0;0;VI;D407
2;05;024;024040;24040;Fara Vicentino;Fara Vicentino;;Nord-est;Veneto;Vicenza;1;0;0;VI;D496
2;05;024;024041;24041;Foza;Foza;;Nord-est;Veneto;Vicenza;1;0;0;VI;D750
2;05;024;024042;24042;Gallio;Gallio;;Nord-est;Veneto;Vicenza;1;0;0;VI;D882
2;05;024;024043;24043;Gambellara;Gambellara;;Nord-est;Veneto;Vicenza;1;0;0;VI;D897
2;05;024;024044;24044;Gambugliano;Gambugliano;;Nord-est;Veneto;Vicenza;1;0;0;VI;D902
2;05;024;024045;24045;Grancona;Grancona;;Nord-est;Veneto;Vicenza;1;0;0;VI;E138
2;05;024;024046;24046;Grisignano di Zocco;Grisignano di Zocco;;Nord-est;Veneto;Vicenza;1;0;0;VI;E184
2;05;024;024047;24047;Grumolo delle Abbadesse;Grumolo delle Abbadesse;;Nord-est;Veneto;Vicenza;1;0;0;VI;E226
2;05;024;024048;24048;Isola Vicentina;Isola Vicentina;;Nord-est;Veneto;Vicenza;1;0;0;VI;E354
2;05;024;024049;24049;Laghi;Laghi;;Nord-est;Veneto;Vicenza;1;0;0;VI;E403
2;05;024;024050;24050;Lastebasse;Lastebasse;;Nord-est;Veneto;Vicenza;1;0;0;VI;E465
2;05;024;024051;24051;Longare;Longare;;Nord-est;Veneto;Vicenza;1;0;0;VI;E671
2;05;024;024052;24052;Lonigo;Lonigo;;Nord-est;Veneto;Vicenza;1;0;0;VI;E682
2;05;024;024053;24053;Lugo di Vicenza;Lugo di Vicenza;;Nord-est;Veneto;Vicenza;1;0;0;VI;E731
2;05;024;024054;24054;Lusiana;Lusiana;;Nord-est;Veneto;Vicenza;1;0;0;VI;E762
2;05;024;024055;24055;Malo;Malo;;Nord-est;Veneto;Vicenza;1;0;0;VI;E864
2;05;024;024056;24056;Marano Vicentino;Marano Vicentino;;Nord-est;Veneto;Vicenza;1;0;0;VI;E912
2;05;024;024057;24057;Marostica;Marostica;;Nord-est;Veneto;Vicenza;1;0;0;VI;E970
2;05;024;024058;24058;Mason Vicentino;Mason Vicentino;;Nord-est;Veneto;Vicenza;1;0;0;VI;F019
2;05;024;024059;24059;Molvena;Molvena;;Nord-est;Veneto;Vicenza;1;0;0;VI;F306
2;05;024;024060;24060;Montebello Vicentino;Montebello Vicentino;;Nord-est;Veneto;Vicenza;1;0;0;VI;F442
2;05;024;024061;24061;Montecchio Maggiore;Montecchio Maggiore;;Nord-est;Veneto;Vicenza;1;0;0;VI;F464
2;05;024;024062;24062;Montecchio Precalcino;Montecchio Precalcino;;Nord-est;Veneto;Vicenza;1;0;0;VI;F465
2;05;024;024063;24063;Monte di Malo;Monte di Malo;;Nord-est;Veneto;Vicenza;1;0;0;VI;F486
2;05;024;024064;24064;Montegalda;Montegalda;;Nord-est;Veneto;Vicenza;1;0;0;VI;F514
2;05;024;024065;24065;Montegaldella;Montegaldella;;Nord-est;Veneto;Vicenza;1;0;0;VI;F515
2;05;024;024066;24066;Monteviale;Monteviale;;Nord-est;Veneto;Vicenza;1;0;0;VI;F662
2;05;024;024067;24067;Monticello Conte Otto;Monticello Conte Otto;;Nord-est;Veneto;Vicenza;1;0;0;VI;F675
2;05;024;024068;24068;Montorso Vicentino;Montorso Vicentino;;Nord-est;Veneto;Vicenza;1;0;0;VI;F696
2;05;024;024069;24069;Mossano;Mossano;;Nord-est;Veneto;Vicenza;1;0;0;VI;F768
2;05;024;024070;24070;Mussolente;Mussolente;;Nord-est;Veneto;Vicenza;1;0;0;VI;F829
2;05;024;024071;24071;Nanto;Nanto;;Nord-est;Veneto;Vicenza;1;0;0;VI;F838
2;05;024;024072;24072;Nogarole Vicentino;Nogarole Vicentino;;Nord-est;Veneto;Vicenza;1;0;0;VI;F922
2;05;024;024073;24073;Nove;Nove;;Nord-est;Veneto;Vicenza;1;0;0;VI;F957
2;05;024;024074;24074;Noventa Vicentina;Noventa Vicentina;;Nord-est;Veneto;Vicenza;1;0;0;VI;F964
2;05;024;024075;24075;Orgiano;Orgiano;;Nord-est;Veneto;Vicenza;1;0;0;VI;G095
2;05;024;024076;24076;Pedemonte;Pedemonte;;Nord-est;Veneto;Vicenza;1;0;0;VI;G406
2;05;024;024077;24077;Pianezze;Pianezze;;Nord-est;Veneto;Vicenza;1;0;0;VI;G560
2;05;024;024078;24078;Piovene Rocchette;Piovene Rocchette;;Nord-est;Veneto;Vicenza;1;0;0;VI;G694
2;05;024;024079;24079;Pojana Maggiore;Pojana Maggiore;;Nord-est;Veneto;Vicenza;1;0;0;VI;G776
2;05;024;024080;24080;Posina;Posina;;Nord-est;Veneto;Vicenza;1;0;0;VI;G931
2;05;024;024081;24081;Pove del Grappa;Pove del Grappa;;Nord-est;Veneto;Vicenza;1;0;0;VI;G943
2;05;024;024082;24082;Pozzoleone;Pozzoleone;;Nord-est;Veneto;Vicenza;1;0;0;VI;G957
2;05;024;024083;24083;Quinto Vicentino;Quinto Vicentino;;Nord-est;Veneto;Vicenza;1;0;0;VI;H134
2;05;024;024084;24084;Recoaro Terme;Recoaro Terme;;Nord-est;Veneto;Vicenza;1;0;0;VI;H214
2;05;024;024085;24085;Roana;Roana;;Nord-est;Veneto;Vicenza;1;0;0;VI;H361
2;05;024;024086;24086;Romano d'Ezzelino;Romano d'Ezzelino;;Nord-est;Veneto;Vicenza;1;0;0;VI;H512
2;05;024;024087;24087;Rosà;Rosà;;Nord-est;Veneto;Vicenza;1;0;0;VI;H556
2;05;024;024088;24088;Rossano Veneto;Rossano Veneto;;Nord-est;Veneto;Vicenza;1;0;0;VI;H580
2;05;024;024089;24089;Rotzo;Rotzo;;Nord-est;Veneto;Vicenza;1;0;0;VI;H594
2;05;024;024090;24090;Salcedo;Salcedo;;Nord-est;Veneto;Vicenza;1;0;0;VI;F810
2;05;024;024091;24091;Sandrigo;Sandrigo;;Nord-est;Veneto;Vicenza;1;0;0;VI;H829
2;05;024;024092;24092;San Germano dei Berici;San Germano dei Berici;;Nord-est;Veneto;Vicenza;1;0;0;VI;H863
2;05;024;024093;24093;San Nazario;San Nazario;;Nord-est;Veneto;Vicenza;1;0;0;VI;I047
2;05;024;024094;24094;San Pietro Mussolino;San Pietro Mussolino;;Nord-est;Veneto;Vicenza;1;0;0;VI;I117
2;05;024;024095;24095;Santorso;Santorso;;Nord-est;Veneto;Vicenza;1;0;0;VI;I353
2;05;024;024096;24096;San Vito di Leguzzano;San Vito di Leguzzano;;Nord-est;Veneto;Vicenza;1;0;0;VI;I401
2;05;024;024097;24097;Sarcedo;Sarcedo;;Nord-est;Veneto;Vicenza;1;0;0;VI;I425
2;05;024;024098;24098;Sarego;Sarego;;Nord-est;Veneto;Vicenza;1;0;0;VI;I430
2;05;024;024099;24099;Schiavon;Schiavon;;Nord-est;Veneto;Vicenza;1;0;0;VI;I527
2;05;024;024100;24100;Schio;Schio;;Nord-est;Veneto;Vicenza;1;0;0;VI;I531
2;05;024;024101;24101;Solagna;Solagna;;Nord-est;Veneto;Vicenza;1;0;0;VI;I783
2;05;024;024102;24102;Sossano;Sossano;;Nord-est;Veneto;Vicenza;1;0;0;VI;I867
2;05;024;024103;24103;Sovizzo;Sovizzo;;Nord-est;Veneto;Vicenza;1;0;0;VI;I879
2;05;024;024104;24104;Tezze sul Brenta;Tezze sul Brenta;;Nord-est;Veneto;Vicenza;1;0;0;VI;L156
2;05;024;024105;24105;Thiene;Thiene;;Nord-est;Veneto;Vicenza;1;0;0;VI;L157
2;05;024;024106;24106;Tonezza del Cimone;Tonezza del Cimone;;Nord-est;Veneto;Vicenza;1;0;0;VI;D717
2;05;024;024107;24107;Torrebelvicino;Torrebelvicino;;Nord-est;Veneto;Vicenza;1;0;0;VI;L248
2;05;024;024108;24108;Torri di Quartesolo;Torri di Quartesolo;;Nord-est;Veneto;Vicenza;1;0;0;VI;L297
2;05;024;024109;24109;Tretto;Tretto;;Nord-est;Veneto;Vicenza;1;0;0;VI;L394
2;05;024;024110;24110;Trissino;Trissino;;Nord-est;Veneto;Vicenza;1;0;0;VI;L433
2;05;024;024111;24111;Valdagno;Valdagno;;Nord-est;Veneto;Vicenza;1;0;0;VI;L551
2;05;024;024112;24112;Valdastico;Valdastico;;Nord-est;Veneto;Vicenza;1;0;0;VI;L554
2;05;024;024113;24113;Valli del Pasubio;Valli del Pasubio;;Nord-est;Veneto;Vicenza;1;0;0;VI;L624
2;05;024;024114;24114;Valstagna;Valstagna;;Nord-est;Veneto;Vicenza;1;0;0;VI;L650
2;05;024;024115;24115;Velo d'Astico;Velo d'Astico;;Nord-est;Veneto;Vicenza;1;0;0;VI;L723
2;05;024;024116;24116;Vicenza;Vicenza;;Nord-est;Veneto;Vicenza;1;0;1;VI;L840
2;05;024;024117;24117;Villaga;Villaga;;Nord-est;Veneto;Vicenza;1;0;0;VI;L952
2;05;024;024118;24118;Villaverla;Villaverla;;Nord-est;Veneto;Vicenza;1;0;0;VI;M032
2;05;024;024119;24119;Zanè;Zanè;;Nord-est;Veneto;Vicenza;1;0;0;VI;M145
2;05;024;024120;24120;Zermeghedo;Zermeghedo;;Nord-est;Veneto;Vicenza;1;0;0;VI;M170
2;05;024;024121;24121;Zovencedo;Zovencedo;;Nord-est;Veneto;Vicenza;1;0;0;VI;M194
2;05;024;024122;24122;Zugliano;Zugliano;;Nord-est;Veneto;Vicenza;1;0;0;VI;M199
2;05;025;025001;25001;Agordo;Agordo;;Nord-est;Veneto;Belluno;1;0;0;BL;A083
2;05;025;025002;25002;Alano di Piave;Alano di Piave;;Nord-est;Veneto;Belluno;1;0;0;BL;A121
2;05;025;025003;25003;Alleghe;Alleghe;;Nord-est;Veneto;Belluno;1;0;0;BL;A206
2;05;025;025004;25004;Arsiè;Arsiè;;Nord-est;Veneto;Belluno;1;0;0;BL;A443
2;05;025;025005;25005;Auronzo di Cadore;Auronzo di Cadore;;Nord-est;Veneto;Belluno;1;0;0;BL;A501
2;05;025;025006;25006;Belluno;Belluno;;Nord-est;Veneto;Belluno;1;0;1;BL;A757
2;05;025;025007;25007;Borca di Cadore;Borca di Cadore;;Nord-est;Veneto;Belluno;1;0;0;BL;A982
2;05;025;025008;25008;Calalzo di Cadore;Calalzo di Cadore;;Nord-est;Veneto;Belluno;1;0;0;BL;B375
2;05;025;025009;25009;Castellavazzo;Castellavazzo;;Nord-est;Veneto;Belluno;1;0;0;BL;C146
2;05;025;025010;25010;Cencenighe;Cencenighe;;Nord-est;Veneto;Belluno;1;0;0;BL;C458
2;05;025;025011;25011;Cesiomaggiore;Cesiomaggiore;;Nord-est;Veneto;Belluno;1;0;0;BL;C577
2;05;025;025012;25012;Chies d'Alpago;Chies d'Alpago;;Nord-est;Veneto;Belluno;1;0;0;BL;C630
2;05;025;025013;25013;Cibiana;Cibiana;;Nord-est;Veneto;Belluno;1;0;0;BL;C672
2;05;025;025014;25014;Colle Santa Lucia;Colle Santa Lucia;;Nord-est;Veneto;Belluno;1;0;0;BL;C872
2;05;025;025015;25015;Comelico Superiore;Comelico Superiore;;Nord-est;Veneto;Belluno;1;0;0;BL;C920
2;05;025;025016;25016;Cortina d'Ampezzo;Cortina d'Ampezzo;;Nord-est;Veneto;Belluno;1;0;0;BL;A266
2;05;025;025017;25017;Danta;Danta;;Nord-est;Veneto;Belluno;1;0;0;BL;D247
2;05;025;025018;25018;Domegge di Cadore;Domegge di Cadore;;Nord-est;Veneto;Belluno;1;0;0;BL;D330
2;05;025;025019;25019;Falcade;Falcade;;Nord-est;Veneto;Belluno;1;0;0;BL;D470
2;05;025;025020;25020;Farra d'Alpago;Farra d'Alpago;;Nord-est;Veneto;Belluno;1;0;0;BL;D506
2;05;025;025021;25021;Feltre;Feltre;;Nord-est;Veneto;Belluno;1;0;0;BL;D530
2;05;025;025022;25022;Fonzaso;Fonzaso;;Nord-est;Veneto;Belluno;1;0;0;BL;D686
2;05;025;025023;25023;Forno di Canale;Forno di Canale;;Nord-est;Veneto;Belluno;1;0;0;BL;B574
2;05;025;025024;25024;Forno di Zoldo;Forno di Zoldo;;Nord-est;Veneto;Belluno;1;0;0;BL;D726
2;05;025;025025;25025;Gosaldo;Gosaldo;;Nord-est;Veneto;Belluno;1;0;0;BL;E113
2;05;025;025026;25026;Lamon;Lamon;;Nord-est;Veneto;Belluno;1;0;0;BL;E429
2;05;025;025027;25027;La Valle;La Valle;;Nord-est;Veneto;Belluno;1;0;0;BL;E490
2;05;025;025028;25028;Lentiai;Lentiai;;Nord-est;Veneto;Belluno;1;0;0;BL;C562
2;05;025;025029;25029;Limana;Limana;;Nord-est;Veneto;Belluno;1;0;0;BL;E588
2;05;025;025030;25030;Livinallongo del Col di Lana;Livinallongo del Col di Lana;;Nord-est;Veneto;Belluno;1;0;0;BL;E622
2;05;025;025031;25031;Longarone;Longarone;;Nord-est;Veneto;Belluno;1;0;0;BL;E672
2;05;025;025032;25032;Lorenzago di Cadore;Lorenzago di Cadore;;Nord-est;Veneto;Belluno;1;0;0;BL;E687
2;05;025;025033;25033;Lozzo di Cadore;Lozzo di Cadore;;Nord-est;Veneto;Belluno;1;0;0;BL;E708
2;05;025;025034;25034;Mel;Mel;;Nord-est;Veneto;Belluno;1;0;0;BL;F094
2;05;025;025035;25035;Ospitale di Cadore;Ospitale di Cadore;;Nord-est;Veneto;Belluno;1;0;0;BL;G169
2;05;025;025036;25036;Pedavena;Pedavena;;Nord-est;Veneto;Belluno;1;0;0;BL;G404
2;05;025;025037;25037;Perarolo di Cadore;Perarolo di Cadore;;Nord-est;Veneto;Belluno;1;0;0;BL;G442
2;05;025;025038;25038;Pieve d'Alpago;Pieve d'Alpago;;Nord-est;Veneto;Belluno;1;0;0;BL;G638
2;05;025;025039;25039;Pieve di Cadore;Pieve di Cadore;;Nord-est;Veneto;Belluno;1;0;0;BL;G642
2;05;025;025040;25040;Ponte nelle Alpi;Ponte nelle Alpi;;Nord-est;Veneto;Belluno;1;0;0;BL;B662
2;05;025;025041;25041;Puos d'Alpago;Puos d'Alpago;;Nord-est;Veneto;Belluno;1;0;0;BL;H092
2;05;025;025042;25042;Quero;Quero;;Nord-est;Veneto;Belluno;1;0;0;BL;H124
2;05;025;025043;25043;Rivamonte;Rivamonte;;Nord-est;Veneto;Belluno;1;0;0;BL;H327
2;05;025;025044;25044;Rocca Pietore;Rocca Pietore;;Nord-est;Veneto;Belluno;1;0;0;BL;H379
2;05;025;025045;25045;San Gregorio nelle Alpi;San Gregorio nelle Alpi;;Nord-est;Veneto;Belluno;1;0;0;BL;H938
2;05;025;025046;25046;San Nicolò di Comelico;San Nicolò di Comelico;;Nord-est;Veneto;Belluno;1;0;0;BL;I063
2;05;025;025047;25047;San Pietro di Cadore;San Pietro di Cadore;;Nord-est;Veneto;Belluno;1;0;0;BL;I088
2;05;025;025048;25048;Santa Giustina;Santa Giustina;;Nord-est;Veneto;Belluno;1;0;0;BL;I206
2;05;025;025049;25049;San Tomaso;San Tomaso;;Nord-est;Veneto;Belluno;1;0;0;BL;I347
2;05;025;025050;25050;Santo Stefano di Cadore;Santo Stefano di Cadore;;Nord-est;Veneto;Belluno;1;0;0;BL;C919
2;05;025;025051;25051;San Vito di Cadore;San Vito di Cadore;;Nord-est;Veneto;Belluno;1;0;0;BL;I392
2;05;025;025052;25052;Sappada;Sappada;;Nord-est;Veneto;Belluno;1;0;0;BL;I421
2;05;025;025053;25053;Sedico;Sedico;;Nord-est;Veneto;Belluno;1;0;0;BL;I563
2;05;025;025054;25054;Selva di Cadore;Selva di Cadore;;Nord-est;Veneto;Belluno;1;0;0;BL;I592
2;05;025;025055;25055;Seren del Grappa;Seren del Grappa;;Nord-est;Veneto;Belluno;1;0;0;BL;I626
2;05;025;025056;25056;Sospirolo;Sospirolo;;Nord-est;Veneto;Belluno;1;0;0;BL;I866
2;05;025;025057;25057;Soverzene;Soverzene;;Nord-est;Veneto;Belluno;1;0;0;BL;I876
2;05;025;025058;25058;Sovramonte;Sovramonte;;Nord-est;Veneto;Belluno;1;0;0;BL;I673
2;05;025;025059;25059;Taibon;Taibon;;Nord-est;Veneto;Belluno;1;0;0;BL;L030
2;05;025;025060;25060;Tambre;Tambre;;Nord-est;Veneto;Belluno;1;0;0;BL;L040
2;05;025;025061;25061;Trichiana;Trichiana;;Nord-est;Veneto;Belluno;1;0;0;BL;L422
2;05;025;025062;25062;Vallada;Vallada;;Nord-est;Veneto;Belluno;1;0;0;BL;L584
2;05;025;025063;25063;Valle di Cadore;Valle di Cadore;;Nord-est;Veneto;Belluno;1;0;0;BL;L590
2;05;025;025064;25064;Vas;Vas;;Nord-est;Veneto;Belluno;1;0;0;BL;L692
2;05;025;025065;25065;Vigo di Cadore;Vigo di Cadore;;Nord-est;Veneto;Belluno;1;0;0;BL;L890
2;05;025;025066;25066;Vodo Cadore;Vodo Cadore;;Nord-est;Veneto;Belluno;1;0;0;BL;M108
2;05;025;025067;25067;Voltago;Voltago;;Nord-est;Veneto;Belluno;1;0;0;BL;M124
2;05;025;025068;25068;Zoldo Alto;Zoldo Alto;;Nord-est;Veneto;Belluno;1;0;0;BL;I345
2;05;025;025069;25069;Zoppè di Cadore;Zoppè di Cadore;;Nord-est;Veneto;Belluno;1;0;0;BL;M189
2;05;026;026001;26001;Altivole;Altivole;;Nord-est;Veneto;Treviso;1;0;0;TV;A237
2;05;026;026002;26002;Arcade;Arcade;;Nord-est;Veneto;Treviso;1;0;0;TV;A360
2;05;026;026003;26003;Asolo;Asolo;;Nord-est;Veneto;Treviso;1;0;0;TV;A471
2;05;026;026004;26004;Borso del Grappa;Borso del Grappa;;Nord-est;Veneto;Treviso;1;0;0;TV;B061
2;05;026;026005;26005;Breda di Piave;Breda di Piave;;Nord-est;Veneto;Treviso;1;0;0;TV;B128
2;05;026;026006;26006;Caerano di San Marco;Caerano di San Marco;;Nord-est;Veneto;Treviso;1;0;0;TV;B349
2;05;026;026007;26007;Cappella Maggiore;Cappella Maggiore;;Nord-est;Veneto;Treviso;1;0;0;TV;B678
2;05;026;026008;26008;Carbonera;Carbonera;;Nord-est;Veneto;Treviso;1;0;0;TV;B744
2;05;026;026009;26009;Casale sul Sile;Casale sul Sile;;Nord-est;Veneto;Treviso;1;0;0;TV;B879
2;05;026;026010;26010;Casier;Casier;;Nord-est;Veneto;Treviso;1;0;0;TV;B965
2;05;026;026011;26011;Castelcucco;Castelcucco;;Nord-est;Veneto;Treviso;1;0;0;TV;C073
2;05;026;026012;26012;Castelfranco Veneto;Castelfranco Veneto;;Nord-est;Veneto;Treviso;1;0;0;TV;C111
2;05;026;026013;26013;Castello di Godego;Castello di Godego;;Nord-est;Veneto;Treviso;1;0;0;TV;C190
2;05;026;026014;26014;Cavaso del Tomba;Cavaso del Tomba;;Nord-est;Veneto;Treviso;1;0;0;TV;C384
2;05;026;026015;26015;Cessalto;Cessalto;;Nord-est;Veneto;Treviso;1;0;0;TV;C580
2;05;026;026016;26016;Chiarano;Chiarano;;Nord-est;Veneto;Treviso;1;0;0;TV;C614
2;05;026;026017;26017;Cimadolmo;Cimadolmo;;Nord-est;Veneto;Treviso;1;0;0;TV;C689
2;05;026;026018;26018;Cison di Valmarino;Cison di Valmarino;;Nord-est;Veneto;Treviso;1;0;0;TV;C735
2;05;026;026019;26019;Codognè;Codognè;;Nord-est;Veneto;Treviso;1;0;0;TV;C815
2;05;026;026020;26020;Colle Umberto;Colle Umberto;;Nord-est;Veneto;Treviso;1;0;0;TV;C848
2;05;026;026021;26021;Conegliano;Conegliano;;Nord-est;Veneto;Treviso;1;0;0;TV;C957
2;05;026;026022;26022;Cordignano;Cordignano;;Nord-est;Veneto;Treviso;1;0;0;TV;C992
2;05;026;026023;26023;Cornuda;Cornuda;;Nord-est;Veneto;Treviso;1;0;0;TV;D030
2;05;026;026024;26024;Crespano del Grappa;Crespano del Grappa;;Nord-est;Veneto;Treviso;1;0;0;TV;D157
2;05;026;026025;26025;Crocetta del Montello;Crocetta del Montello;;Nord-est;Veneto;Treviso;1;0;0;TV;C670
2;05;026;026026;26026;Farra di Soligo;Farra di Soligo;;Nord-est;Veneto;Treviso;1;0;0;TV;D505
2;05;026;026027;26027;Follina;Follina;;Nord-est;Veneto;Treviso;1;0;0;TV;D654
2;05;026;026028;26028;Fontanelle;Fontanelle;;Nord-est;Veneto;Treviso;1;0;0;TV;D674
2;05;026;026029;26029;Fonte;Fonte;;Nord-est;Veneto;Treviso;1;0;0;TV;D680
2;05;026;026030;26030;Fregona;Fregona;;Nord-est;Veneto;Treviso;1;0;0;TV;D794
2;05;026;026031;26031;Gaiarine;Gaiarine;;Nord-est;Veneto;Treviso;1;0;0;TV;D854
2;05;026;026032;26032;Giavera del Montello;Giavera del Montello;;Nord-est;Veneto;Treviso;1;0;0;TV;E021
2;05;026;026033;26033;Godega di Sant'Urbano;Godega di Sant'Urbano;;Nord-est;Veneto;Treviso;1;0;0;TV;E071
2;05;026;026034;26034;Gorgo al Monticano;Gorgo al Monticano;;Nord-est;Veneto;Treviso;1;0;0;TV;E092
2;05;026;026035;26035;Istrana;Istrana;;Nord-est;Veneto;Treviso;1;0;0;TV;E373
2;05;026;026036;26036;Loria;Loria;;Nord-est;Veneto;Treviso;1;0;0;TV;E692
2;05;026;026037;26037;Mansuè;Mansuè;;Nord-est;Veneto;Treviso;1;0;0;TV;E893
2;05;026;026038;26038;Mareno di Piave;Mareno di Piave;;Nord-est;Veneto;Treviso;1;0;0;TV;E940
2;05;026;026039;26039;Maser;Maser;;Nord-est;Veneto;Treviso;1;0;0;TV;F009
2;05;026;026040;26040;Maserada sul Piave;Maserada sul Piave;;Nord-est;Veneto;Treviso;1;0;0;TV;F012
2;05;026;026041;26041;Meduna di Livenza;Meduna di Livenza;;Nord-est;Veneto;Treviso;1;0;0;TV;F088
2;05;026;026042;26042;Miane;Miane;;Nord-est;Veneto;Treviso;1;0;0;TV;F190
2;05;026;026043;26043;Mogliano Veneto;Mogliano Veneto;;Nord-est;Veneto;Treviso;1;0;0;TV;F269
2;05;026;026044;26044;Monastier di Treviso;Monastier di Treviso;;Nord-est;Veneto;Treviso;1;0;0;TV;F332
2;05;026;026045;26045;Monfumo;Monfumo;;Nord-est;Veneto;Treviso;1;0;0;TV;F360
2;05;026;026046;26046;Montebelluna;Montebelluna;;Nord-est;Veneto;Treviso;1;0;0;TV;F443
2;05;026;026047;26047;Morgano;Morgano;;Nord-est;Veneto;Treviso;1;0;0;TV;F725
2;05;026;026048;26048;Moriago della Battaglia;Moriago della Battaglia;;Nord-est;Veneto;Treviso;1;0;0;TV;F729
2;05;026;026049;26049;Motta di Livenza;Motta di Livenza;;Nord-est;Veneto;Treviso;1;0;0;TV;F770
2;05;026;026050;26050;Nervesa della Battaglia;Nervesa della Battaglia;;Nord-est;Veneto;Treviso;1;0;0;TV;F872
2;05;026;026051;26051;Oderzo;Oderzo;;Nord-est;Veneto;Treviso;1;0;0;TV;F999
2;05;026;026052;26052;Ormelle;Ormelle;;Nord-est;Veneto;Treviso;1;0;0;TV;G115
2;05;026;026053;26053;Orsago;Orsago;;Nord-est;Veneto;Treviso;1;0;0;TV;G123
2;05;026;026054;26054;Paderno del Grappa;Paderno del Grappa;;Nord-est;Veneto;Treviso;1;0;0;TV;G221
2;05;026;026055;26055;Paese;Paese;;Nord-est;Veneto;Treviso;1;0;0;TV;G229
2;05;026;026056;26056;Pederobba;Pederobba;;Nord-est;Veneto;Treviso;1;0;0;TV;G408
2;05;026;026057;26057;Pieve di Soligo;Pieve di Soligo;;Nord-est;Veneto;Treviso;1;0;0;TV;G645
2;05;026;026058;26058;Ponte di Piave;Ponte di Piave;;Nord-est;Veneto;Treviso;1;0;0;TV;G846
2;05;026;026059;26059;Ponzano Veneto;Ponzano Veneto;;Nord-est;Veneto;Treviso;1;0;0;TV;G875
2;05;026;026060;26060;Portobuffolè;Portobuffolè;;Nord-est;Veneto;Treviso;1;0;0;TV;G909
2;05;026;026061;26061;Possagno;Possagno;;Nord-est;Veneto;Treviso;1;0;0;TV;G933
2;05;026;026062;26062;Povegliano;Povegliano;;Nord-est;Veneto;Treviso;1;0;0;TV;G944
2;05;026;026063;26063;Preganziol;Preganziol;;Nord-est;Veneto;Treviso;1;0;0;TV;H022
2;05;026;026064;26064;Quinto di Treviso;Quinto di Treviso;;Nord-est;Veneto;Treviso;1;0;0;TV;H131
2;05;026;026065;26065;Refrontolo;Refrontolo;;Nord-est;Veneto;Treviso;1;0;0;TV;H220
2;05;026;026066;26066;Resana;Resana;;Nord-est;Veneto;Treviso;1;0;0;TV;H238
2;05;026;026067;26067;Revine Lago;Revine Lago;;Nord-est;Veneto;Treviso;1;0;0;TV;H253
2;05;026;026068;26068;Riese Pio X;Riese Pio X;;Nord-est;Veneto;Treviso;1;0;0;TV;H280
2;05;026;026069;26069;Roncade;Roncade;;Nord-est;Veneto;Treviso;1;0;0;TV;H523
2;05;026;026070;26070;Salgareda;Salgareda;;Nord-est;Veneto;Treviso;1;0;0;TV;H706
2;05;026;026071;26071;San Biagio di Callalta;San Biagio di Callalta;;Nord-est;Veneto;Treviso;1;0;0;TV;H781
2;05;026;026072;26072;San Fior;San Fior;;Nord-est;Veneto;Treviso;1;0;0;TV;H843
2;05;026;026073;26073;San Pietro di Feletto;San Pietro di Feletto;;Nord-est;Veneto;Treviso;1;0;0;TV;I103
2;05;026;026074;26074;San Polo di Piave;San Polo di Piave;;Nord-est;Veneto;Treviso;1;0;0;TV;I124
2;05;026;026075;26075;Santa Lucia di Piave;Santa Lucia di Piave;;Nord-est;Veneto;Treviso;1;0;0;TV;I221
2;05;026;026076;26076;San Vendemiano;San Vendemiano;;Nord-est;Veneto;Treviso;1;0;0;TV;I382
2;05;026;026077;26077;San Zenone degli Ezzelini;San Zenone degli Ezzelini;;Nord-est;Veneto;Treviso;1;0;0;TV;I417
2;05;026;026078;26078;Sarmede;Sarmede;;Nord-est;Veneto;Treviso;1;0;0;TV;I435
2;05;026;026079;26079;Segusino;Segusino;;Nord-est;Veneto;Treviso;1;0;0;TV;I578
2;05;026;026080;26080;Sernaglia della Battaglia;Sernaglia della Battaglia;;Nord-est;Veneto;Treviso;1;0;0;TV;I635
2;05;026;026081;26081;Silea;Silea;;Nord-est;Veneto;Treviso;1;0;0;TV;F116
2;05;026;026082;26082;Spresiano;Spresiano;;Nord-est;Veneto;Treviso;1;0;0;TV;I927
2;05;026;026083;26083;Susegana;Susegana;;Nord-est;Veneto;Treviso;1;0;0;TV;L014
2;05;026;026084;26084;Tarzo;Tarzo;;Nord-est;Veneto;Treviso;1;0;0;TV;L058
2;05;026;026085;26085;Trevignano;Trevignano;;Nord-est;Veneto;Treviso;1;0;0;TV;L402
2;05;026;026086;26086;Treviso;Treviso;;Nord-est;Veneto;Treviso;1;0;1;TV;L407
2;05;026;026087;26087;Valdobbiadene;Valdobbiadene;;Nord-est;Veneto;Treviso;1;0;0;TV;L565
2;05;026;026088;26088;Vazzola;Vazzola;;Nord-est;Veneto;Treviso;1;0;0;TV;L700
2;05;026;026089;26089;Vedelago;Vedelago;;Nord-est;Veneto;Treviso;1;0;0;TV;L706
2;05;026;026090;26090;Vidor;Vidor;;Nord-est;Veneto;Treviso;1;0;0;TV;L856
2;05;026;026091;26091;Villorba;Villorba;;Nord-est;Veneto;Treviso;1;0;0;TV;M048
2;05;026;026092;26092;Vittorio Veneto;Vittorio Veneto;;Nord-est;Veneto;Treviso;1;0;0;TV;M089
2;05;026;026093;26093;Volpago del Montello;Volpago del Montello;;Nord-est;Veneto;Treviso;1;0;0;TV;M118
2;05;026;026094;26094;Zenson di Piave;Zenson di Piave;;Nord-est;Veneto;Treviso;1;0;0;TV;M163
2;05;026;026095;26095;Zero Branco;Zero Branco;;Nord-est;Veneto;Treviso;1;0;0;TV;M171
2;05;027;027001;27001;Annone Veneto;Annone Veneto;;Nord-est;Veneto;Venezia;1;0;0;VE;A302
2;05;027;027002;27002;Campagna Lupia;Campagna Lupia;;Nord-est;Veneto;Venezia;1;0;0;VE;B493
2;05;027;027003;27003;Campolongo Maggiore;Campolongo Maggiore;;Nord-est;Veneto;Venezia;1;0;0;VE;B546
2;05;027;027004;27004;Camponogara;Camponogara;;Nord-est;Veneto;Venezia;1;0;0;VE;B554
2;05;027;027005;27005;Caorle;Caorle;;Nord-est;Veneto;Venezia;1;0;0;VE;B642
2;05;027;027006;27006;Cavarzere;Cavarzere;;Nord-est;Veneto;Venezia;1;0;0;VE;C383
2;05;027;027007;27007;Ceggia;Ceggia;;Nord-est;Veneto;Venezia;1;0;0;VE;C422
2;05;027;027008;27008;Chioggia;Chioggia;;Nord-est;Veneto;Venezia;1;0;0;VE;C638
2;05;027;027009;27009;Cinto Caomaggiore;Cinto Caomaggiore;;Nord-est;Veneto;Venezia;1;0;0;VE;C714
2;05;027;027010;27010;Cona;Cona;;Nord-est;Veneto;Venezia;1;0;0;VE;C938
2;05;027;027011;27011;Concordia Sagitaria;Concordia Sagitaria;;Nord-est;Veneto;Venezia;1;0;0;VE;C950
2;05;027;027012;27012;Dolo;Dolo;;Nord-est;Veneto;Venezia;1;0;0;VE;D325
2;05;027;027013;27013;Eraclea;Eraclea;;Nord-est;Veneto;Venezia;1;0;0;VE;D415
2;05;027;027014;27014;Fiesso d'Artico;Fiesso d'Artico;;Nord-est;Veneto;Venezia;1;0;0;VE;D578
2;05;027;027015;27015;Fossalta di Piave;Fossalta di Piave;;Nord-est;Veneto;Venezia;1;0;0;VE;D740
2;05;027;027016;27016;Fossalta di Portogruaro;Fossalta di Portogruaro;;Nord-est;Veneto;Venezia;1;0;0;VE;D741
2;05;027;027017;27017;Fossò;Fossò;;Nord-est;Veneto;Venezia;1;0;0;VE;D748
2;05;027;027018;27018;Gruaro;Gruaro;;Nord-est;Veneto;Venezia;1;0;0;VE;E215
2;05;027;027019;27019;Jesolo;Jesolo;;Nord-est;Veneto;Venezia;1;0;0;VE;C388
2;05;027;027020;27020;Marcon;Marcon;;Nord-est;Veneto;Venezia;1;0;0;VE;E936
2;05;027;027021;27021;Martellago;Martellago;;Nord-est;Veneto;Venezia;1;0;0;VE;E980
2;05;027;027022;27022;Meolo;Meolo;;Nord-est;Veneto;Venezia;1;0;0;VE;F130
2;05;027;027023;27023;Mira;Mira;;Nord-est;Veneto;Venezia;1;0;0;VE;F229
2;05;027;027024;27024;Mirano;Mirano;;Nord-est;Veneto;Venezia;1;0;0;VE;F241
2;05;027;027025;27025;Musile di Piave;Musile di Piave;;Nord-est;Veneto;Venezia;1;0;0;VE;F826
2;05;027;027026;27026;Noale;Noale;;Nord-est;Veneto;Venezia;1;0;0;VE;F904
2;05;027;027027;27027;Noventa di Piave;Noventa di Piave;;Nord-est;Veneto;Venezia;1;0;0;VE;F963
2;05;027;027028;27028;Pianiga;Pianiga;;Nord-est;Veneto;Venezia;1;0;0;VE;G565
2;05;027;027029;27029;Portogruaro;Portogruaro;;Nord-est;Veneto;Venezia;1;0;0;VE;G914
2;05;027;027030;27030;Pramaggiore;Pramaggiore;;Nord-est;Veneto;Venezia;1;0;0;VE;G981
2;05;027;027031;27031;Quarto d'Altino;Quarto d'Altino;;Nord-est;Veneto;Venezia;1;0;0;VE;H117
2;05;027;027032;27032;Salzano;Salzano;;Nord-est;Veneto;Venezia;1;0;0;VE;H735
2;05;027;027033;27033;San Donà di Piave;San Donà di Piave;;Nord-est;Veneto;Venezia;1;0;0;VE;H823
2;05;027;027034;27034;San Michele al Tagliamento;San Michele al Tagliamento;;Nord-est;Veneto;Venezia;1;0;0;VE;I040
2;05;027;027035;27035;Santa Maria di Sala;Santa Maria di Sala;;Nord-est;Veneto;Venezia;1;0;0;VE;I242
2;05;027;027036;27036;San Stino di Livenza;San Stino di Livenza;;Nord-est;Veneto;Venezia;1;0;0;VE;I373
2;05;027;027037;27037;Scorzè;Scorzè;;Nord-est;Veneto;Venezia;1;0;0;VE;I551
2;05;027;027038;27038;Spinea;Spinea;;Nord-est;Veneto;Venezia;1;0;0;VE;I908
2;05;027;027039;27039;Stra;Stra;;Nord-est;Veneto;Venezia;1;0;0;VE;I965
2;05;027;027040;27040;Teglio Veneto;Teglio Veneto;;Nord-est;Veneto;Venezia;1;0;0;VE;L085
2;05;027;027041;27041;Torre di Mosto;Torre di Mosto;;Nord-est;Veneto;Venezia;1;0;0;VE;L267
2;05;027;027042;27042;Venezia;Venezia;;Nord-est;Veneto;Venezia;1;1;1;VE;L736
2;05;027;027043;27043;Vigonovo;Vigonovo;;Nord-est;Veneto;Venezia;1;0;0;VE;L899
2;05;028;028001;28001;Abano Terme;Abano Terme;;Nord-est;Veneto;Padova;1;0;0;PD;A001
2;05;028;028002;28002;Agna;Agna;;Nord-est;Veneto;Padova;1;0;0;PD;A075
2;05;028;028003;28003;Albignasego;Albignasego;;Nord-est;Veneto;Padova;1;0;0;PD;A161
2;05;028;028004;28004;Anguillara Veneta;Anguillara Veneta;;Nord-est;Veneto;Padova;1;0;0;PD;A296
2;05;028;028005;28005;Arquà Petrarca;Arquà Petrarca;;Nord-est;Veneto;Padova;1;0;0;PD;A434
2;05;028;028006;28006;Arre;Arre;;Nord-est;Veneto;Padova;1;0;0;PD;A438
2;05;028;028007;28007;Arzergrande;Arzergrande;;Nord-est;Veneto;Padova;1;0;0;PD;A458
2;05;028;028008;28008;Bagnoli di Sopra;Bagnoli di Sopra;;Nord-est;Veneto;Padova;1;0;0;PD;A568
2;05;028;028009;28009;Baone;Baone;;Nord-est;Veneto;Padova;1;0;0;PD;A613
2;05;028;028010;28010;Barbona;Barbona;;Nord-est;Veneto;Padova;1;0;0;PD;A637
2;05;028;028011;28011;Battaglia Terme;Battaglia Terme;;Nord-est;Veneto;Padova;1;0;0;PD;A714
2;05;028;028012;28012;Boara Pisani;Boara Pisani;;Nord-est;Veneto;Padova;1;0;0;PD;A906
2;05;028;028013;28013;Borgoricco;Borgoricco;;Nord-est;Veneto;Padova;1;0;0;PD;B031
2;05;028;028014;28014;Bovolenta;Bovolenta;;Nord-est;Veneto;Padova;1;0;0;PD;B106
2;05;028;028015;28015;Brugine;Brugine;;Nord-est;Veneto;Padova;1;0;0;PD;B213
2;05;028;028016;28016;Cadoneghe;Cadoneghe;;Nord-est;Veneto;Padova;1;0;0;PD;B345
2;05;028;028017;28017;Campodarsego;Campodarsego;;Nord-est;Veneto;Padova;1;0;0;PD;B524
2;05;028;028018;28018;Campodoro;Campodoro;;Nord-est;Veneto;Padova;1;0;0;PD;B531
2;05;028;028019;28019;Camposampiero;Camposampiero;;Nord-est;Veneto;Padova;1;0;0;PD;B563
2;05;028;028020;28020;Campo San Martino;Campo San Martino;;Nord-est;Veneto;Padova;1;0;0;PD;B564
2;05;028;028021;28021;Candiana;Candiana;;Nord-est;Veneto;Padova;1;0;0;PD;B589
2;05;028;028022;28022;Carceri;Carceri;;Nord-est;Veneto;Padova;1;0;0;PD;B749
2;05;028;028023;28023;Carmignano di Brenta;Carmignano di Brenta;;Nord-est;Veneto;Padova;1;0;0;PD;B795
2;05;028;028024;28024;Carrara San Giorgio;Carrara San Giorgio;;Nord-est;Veneto;Padova;1;0;0;PD;B833
2;05;028;028025;28025;Carrara Santo Stefano;Carrara Santo Stefano;;Nord-est;Veneto;Padova;1;0;0;PD;B834
2;05;028;028026;28026;Cartura;Cartura;;Nord-est;Veneto;Padova;1;0;0;PD;B848
2;05;028;028027;28027;Casale di Scodosia;Casale di Scodosia;;Nord-est;Veneto;Padova;1;0;0;PD;B877
2;05;028;028028;28028;Casalserugo;Casalserugo;;Nord-est;Veneto;Padova;1;0;0;PD;B912
2;05;028;028029;28029;Castelbaldo;Castelbaldo;;Nord-est;Veneto;Padova;1;0;0;PD;C057
2;05;028;028030;28030;Cervarese Santa Croce;Cervarese Santa Croce;;Nord-est;Veneto;Padova;1;0;0;PD;C544
2;05;028;028031;28031;Cinto Euganeo;Cinto Euganeo;;Nord-est;Veneto;Padova;1;0;0;PD;C713
2;05;028;028032;28032;Cittadella;Cittadella;;Nord-est;Veneto;Padova;1;0;0;PD;C743
2;05;028;028033;28033;Codevigo;Codevigo;;Nord-est;Veneto;Padova;1;0;0;PD;C812
2;05;028;028034;28034;Conselve;Conselve;;Nord-est;Veneto;Padova;1;0;0;PD;C964
2;05;028;028035;28035;Correzzola;Correzzola;;Nord-est;Veneto;Padova;1;0;0;PD;D040
2;05;028;028036;28036;Curtarolo;Curtarolo;;Nord-est;Veneto;Padova;1;0;0;PD;D226
2;05;028;028037;28037;Este;Este;;Nord-est;Veneto;Padova;1;0;0;PD;D442
2;05;028;028038;28038;Fontaniva;Fontaniva;;Nord-est;Veneto;Padova;1;0;0;PD;D679
2;05;028;028039;28039;Galliera Veneta;Galliera Veneta;;Nord-est;Veneto;Padova;1;0;0;PD;D879
2;05;028;028040;28040;Galzignano;Galzignano;;Nord-est;Veneto;Padova;1;0;0;PD;D889
2;05;028;028041;28041;Gazzo;Gazzo;;Nord-est;Veneto;Padova;1;0;0;PD;D956
2;05;028;028042;28042;Grantorto;Grantorto;;Nord-est;Veneto;Padova;1;0;0;PD;E145
2;05;028;028043;28043;Granze;Granze;;Nord-est;Veneto;Padova;1;0;0;PD;E146
2;05;028;028044;28044;Legnaro;Legnaro;;Nord-est;Veneto;Padova;1;0;0;PD;E515
2;05;028;028045;28045;Limena;Limena;;Nord-est;Veneto;Padova;1;0;0;PD;E592
2;05;028;028046;28046;Loreggia;Loreggia;;Nord-est;Veneto;Padova;1;0;0;PD;E684
2;05;028;028047;28047;Lozzo Atestino;Lozzo Atestino;;Nord-est;Veneto;Padova;1;0;0;PD;E709
2;05;028;028048;28048;Maserà di Padova;Maserà di Padova;;Nord-est;Veneto;Padova;1;0;0;PD;F011
2;05;028;028049;28049;Masi;Masi;;Nord-est;Veneto;Padova;1;0;0;PD;F013
2;05;028;028050;28050;Massanzago;Massanzago;;Nord-est;Veneto;Padova;1;0;0;PD;F033
2;05;028;028051;28051;Megliadino San Fidenzio;Megliadino San Fidenzio;;Nord-est;Veneto;Padova;1;0;0;PD;F091
2;05;028;028052;28052;Megliadino San Vitale;Megliadino San Vitale;;Nord-est;Veneto;Padova;1;0;0;PD;F092
2;05;028;028053;28053;Merlara;Merlara;;Nord-est;Veneto;Padova;1;0;0;PD;F148
2;05;028;028054;28054;Mestrino;Mestrino;;Nord-est;Veneto;Padova;1;0;0;PD;F161
2;05;028;028055;28055;Monselice;Monselice;;Nord-est;Veneto;Padova;1;0;0;PD;F382
2;05;028;028056;28056;Montagnana;Montagnana;;Nord-est;Veneto;Padova;1;0;0;PD;F394
2;05;028;028057;28057;Montegrotto Terme;Montegrotto Terme;;Nord-est;Veneto;Padova;1;0;0;PD;F529
2;05;028;028058;28058;Noventa Padovana;Noventa Padovana;;Nord-est;Veneto;Padova;1;0;0;PD;F962
2;05;028;028059;28059;Ospedaletto Euganeo;Ospedaletto Euganeo;;Nord-est;Veneto;Padova;1;0;0;PD;G167
2;05;028;028060;28060;Padova;Padova;;Nord-est;Veneto;Padova;1;0;1;PD;G224
2;05;028;028061;28061;Pernumia;Pernumia;;Nord-est;Veneto;Padova;1;0;0;PD;G461
2;05;028;028062;28062;Piacenza d'Adige;Piacenza d'Adige;;Nord-est;Veneto;Padova;1;0;0;PD;G534
2;05;028;028063;28063;Piazzola sul Brenta;Piazzola sul Brenta;;Nord-est;Veneto;Padova;1;0;0;PD;G587
2;05;028;028064;28064;Piombino Dese;Piombino Dese;;Nord-est;Veneto;Padova;1;0;0;PD;G688
2;05;028;028065;28065;Piove di Sacco;Piove di Sacco;;Nord-est;Veneto;Padova;1;0;0;PD;G693
2;05;028;028066;28066;Polverara;Polverara;;Nord-est;Veneto;Padova;1;0;0;PD;G802
2;05;028;028067;28067;Ponso;Ponso;;Nord-est;Veneto;Padova;1;0;0;PD;G823
2;05;028;028068;28068;Pontelongo;Pontelongo;;Nord-est;Veneto;Padova;1;0;0;PD;G850
2;05;028;028069;28069;Ponte San Nicolò;Ponte San Nicolò;;Nord-est;Veneto;Padova;1;0;0;PD;G855
2;05;028;028070;28070;Pozzonovo;Pozzonovo;;Nord-est;Veneto;Padova;1;0;0;PD;G963
2;05;028;028071;28071;Rovolon;Rovolon;;Nord-est;Veneto;Padova;1;0;0;PD;H622
2;05;028;028072;28072;Rubano;Rubano;;Nord-est;Veneto;Padova;1;0;0;PD;H625
2;05;028;028073;28073;Saccolongo;Saccolongo;;Nord-est;Veneto;Padova;1;0;0;PD;H655
2;05;028;028074;28074;Saletto;Saletto;;Nord-est;Veneto;Padova;1;0;0;PD;H705
2;05;028;028075;28075;San Giorgio delle Pertiche;San Giorgio delle Pertiche;;Nord-est;Veneto;Padova;1;0;0;PD;H893
2;05;028;028076;28076;San Giorgio in Bosco;San Giorgio in Bosco;;Nord-est;Veneto;Padova;1;0;0;PD;H897
2;05;028;028077;28077;San Martino di Lupari;San Martino di Lupari;;Nord-est;Veneto;Padova;1;0;0;PD;I008
2;05;028;028078;28078;San Pietro in Gu;San Pietro in Gu;;Nord-est;Veneto;Padova;1;0;0;PD;I107
2;05;028;028079;28079;San Pietro Viminario;San Pietro Viminario;;Nord-est;Veneto;Padova;1;0;0;PD;I120
2;05;028;028080;28080;Santa Giustina in Colle;Santa Giustina in Colle;;Nord-est;Veneto;Padova;1;0;0;PD;I207
2;05;028;028081;28081;Santa Margherita d'Adige;Santa Margherita d'Adige;;Nord-est;Veneto;Padova;1;0;0;PD;I226
2;05;028;028082;28082;Sant'Angelo di Piove di Sacco;Sant'Angelo di Piove di Sacco;;Nord-est;Veneto;Padova;1;0;0;PD;I275
2;05;028;028083;28083;Sant'Elena;Sant'Elena;;Nord-est;Veneto;Padova;1;0;0;PD;I319
2;05;028;028084;28084;Sant'Urbano;Sant'Urbano;;Nord-est;Veneto;Padova;1;0;0;PD;I375
2;05;028;028085;28085;Saonara;Saonara;;Nord-est;Veneto;Padova;1;0;0;PD;I418
2;05;028;028086;28086;Selvazzano Dentro;Selvazzano Dentro;;Nord-est;Veneto;Padova;1;0;0;PD;I595
2;05;028;028087;28087;Solesino;Solesino;;Nord-est;Veneto;Padova;1;0;0;PD;I799
2;05;028;028088;28088;Stanghella;Stanghella;;Nord-est;Veneto;Padova;1;0;0;PD;I938
2;05;028;028089;28089;Teolo;Teolo;;Nord-est;Veneto;Padova;1;0;0;PD;L100
2;05;028;028090;28090;Terrassa Padovana;Terrassa Padovana;;Nord-est;Veneto;Padova;1;0;0;PD;L132
2;05;028;028091;28091;Tombolo;Tombolo;;Nord-est;Veneto;Padova;1;0;0;PD;L199
2;05;028;028092;28092;Torreglia;Torreglia;;Nord-est;Veneto;Padova;1;0;0;PD;L270
2;05;028;028093;28093;Trebaseleghe;Trebaseleghe;;Nord-est;Veneto;Padova;1;0;0;PD;L349
2;05;028;028094;28094;Tribano;Tribano;;Nord-est;Veneto;Padova;1;0;0;PD;L414
2;05;028;028095;28095;Urbana;Urbana;;Nord-est;Veneto;Padova;1;0;0;PD;L497
2;05;028;028096;28096;Veggiano;Veggiano;;Nord-est;Veneto;Padova;1;0;0;PD;L710
2;05;028;028097;28097;Vescovana;Vescovana;;Nord-est;Veneto;Padova;1;0;0;PD;L805
2;05;028;028098;28098;Vighizzolo d'Este;Vighizzolo d'Este;;Nord-est;Veneto;Padova;1;0;0;PD;L878
2;05;028;028099;28099;Vigodarzere;Vigodarzere;;Nord-est;Veneto;Padova;1;0;0;PD;L892
2;05;028;028100;28100;Vigonza;Vigonza;;Nord-est;Veneto;Padova;1;0;0;PD;L900
2;05;028;028101;28101;Villa del Conte;Villa del Conte;;Nord-est;Veneto;Padova;1;0;0;PD;L934
2;05;028;028102;28102;Villa Estense;Villa Estense;;Nord-est;Veneto;Padova;1;0;0;PD;L937
2;05;028;028103;28103;Villafranca Padovana;Villafranca Padovana;;Nord-est;Veneto;Padova;1;0;0;PD;L947
2;05;028;028104;28104;Villanova di Camposampiero;Villanova di Camposampiero;;Nord-est;Veneto;Padova;1;0;0;PD;L979
2;05;028;028105;28105;Vo';Vo';;Nord-est;Veneto;Padova;1;0;0;PD;M103
2;05;029;029001;29001;Adria;Adria;;Nord-est;Veneto;Rovigo;1;0;0;RO;A059
2;05;029;029002;29002;Ariano nel Polesine;Ariano nel Polesine;;Nord-est;Veneto;Rovigo;1;0;0;RO;A400
2;05;029;029003;29003;Arquà Polesine;Arquà Polesine;;Nord-est;Veneto;Rovigo;1;0;0;RO;A435
2;05;029;029004;29004;Badia Polesine;Badia Polesine;;Nord-est;Veneto;Rovigo;1;0;0;RO;A539
2;05;029;029005;29005;Bagnolo di Po;Bagnolo di Po;;Nord-est;Veneto;Rovigo;1;0;0;RO;A574
2;05;029;029006;29006;Bergantino;Bergantino;;Nord-est;Veneto;Rovigo;1;0;0;RO;A795
2;05;029;029007;29007;Bosaro;Bosaro;;Nord-est;Veneto;Rovigo;1;0;0;RO;B069
2;05;029;029008;29008;Calto;Calto;;Nord-est;Veneto;Rovigo;1;0;0;RO;B432
2;05;029;029009;29009;Canaro;Canaro;;Nord-est;Veneto;Rovigo;1;0;0;RO;B578
2;05;029;029010;29010;Canda;Canda;;Nord-est;Veneto;Rovigo;1;0;0;RO;B582
2;05;029;029011;29011;Castelguglielmo;Castelguglielmo;;Nord-est;Veneto;Rovigo;1;0;0;RO;C122
2;05;029;029012;29012;Castelmassa;Castelmassa;;Nord-est;Veneto;Rovigo;1;0;0;RO;C207
2;05;029;029013;29013;Castelnovo Bariano;Castelnovo Bariano;;Nord-est;Veneto;Rovigo;1;0;0;RO;C215
2;05;029;029014;29014;Ceneselli;Ceneselli;;Nord-est;Veneto;Rovigo;1;0;0;RO;C461
2;05;029;029015;29015;Ceregnano;Ceregnano;;Nord-est;Veneto;Rovigo;1;0;0;RO;C500
2;05;029;029016;29016;Contarina;Contarina;;Nord-est;Veneto;Rovigo;1;0;0;RO;C967
2;05;029;029017;29017;Corbola;Corbola;;Nord-est;Veneto;Rovigo;1;0;0;RO;C987
2;05;029;029018;29018;Costa di Rovigo;Costa di Rovigo;;Nord-est;Veneto;Rovigo;1;0;0;RO;D105
2;05;029;029019;29019;Crespino;Crespino;;Nord-est;Veneto;Rovigo;1;0;0;RO;D161
2;05;029;029020;29020;Donada;Donada;;Nord-est;Veneto;Rovigo;1;0;0;RO;D337
2;05;029;029021;29021;Ficarolo;Ficarolo;;Nord-est;Veneto;Rovigo;1;0;0;RO;D568
2;05;029;029022;29022;Fiesso Umbertiano;Fiesso Umbertiano;;Nord-est;Veneto;Rovigo;1;0;0;RO;D577
2;05;029;029023;29023;Frassinelle Polesine;Frassinelle Polesine;;Nord-est;Veneto;Rovigo;1;0;0;RO;D776
2;05;029;029024;29024;Fratta Polesine;Fratta Polesine;;Nord-est;Veneto;Rovigo;1;0;0;RO;D788
2;05;029;029025;29025;Gaiba;Gaiba;;Nord-est;Veneto;Rovigo;1;0;0;RO;D855
2;05;029;029026;29026;Gavello;Gavello;;Nord-est;Veneto;Rovigo;1;0;0;RO;D942
2;05;029;029027;29027;Giacciano con Baruchella;Giacciano con Baruchella;;Nord-est;Veneto;Rovigo;1;0;0;RO;E008
2;05;029;029028;29028;Guarda Veneta;Guarda Veneta;;Nord-est;Veneto;Rovigo;1;0;0;RO;E240
2;05;029;029029;29029;Lendinara;Lendinara;;Nord-est;Veneto;Rovigo;1;0;0;RO;E522
2;05;029;029030;29030;Loreo;Loreo;;Nord-est;Veneto;Rovigo;1;0;0;RO;E689
2;05;029;029031;29031;Lusia;Lusia;;Nord-est;Veneto;Rovigo;1;0;0;RO;E761
2;05;029;029032;29032;Melara;Melara;;Nord-est;Veneto;Rovigo;1;0;0;RO;F095
2;05;029;029033;29033;Occhiobello;Occhiobello;;Nord-est;Veneto;Rovigo;1;0;0;RO;F994
2;05;029;029034;29034;Papozze;Papozze;;Nord-est;Veneto;Rovigo;1;0;0;RO;G323
2;05;029;029035;29035;Pettorazza Grimani;Pettorazza Grimani;;Nord-est;Veneto;Rovigo;1;0;0;RO;G525
2;05;029;029036;29036;Pincara;Pincara;;Nord-est;Veneto;Rovigo;1;0;0;RO;G673
2;05;029;029037;29037;Polesella;Polesella;;Nord-est;Veneto;Rovigo;1;0;0;RO;G782
2;05;029;029038;29038;Pontecchio Polesine;Pontecchio Polesine;;Nord-est;Veneto;Rovigo;1;0;0;RO;G836
2;05;029;029039;29039;Porto Tolle;Porto Tolle;;Nord-est;Veneto;Rovigo;1;0;0;RO;G923
2;05;029;029040;29040;Rosolina;Rosolina;;Nord-est;Veneto;Rovigo;1;0;0;RO;H573
2;05;029;029041;29041;Rovigo;Rovigo;;Nord-est;Veneto;Rovigo;1;0;1;RO;H620
2;05;029;029042;29042;Salara;Salara;;Nord-est;Veneto;Rovigo;1;0;0;RO;H689
2;05;029;029043;29043;San Bellino;San Bellino;;Nord-est;Veneto;Rovigo;1;0;0;RO;H768
2;05;029;029044;29044;San Martino di Venezze;San Martino di Venezze;;Nord-est;Veneto;Rovigo;1;0;0;RO;H996
2;05;029;029045;29045;Stienta;Stienta;;Nord-est;Veneto;Rovigo;1;0;0;RO;I953
2;05;029;029046;29046;Taglio di Po;Taglio di Po;;Nord-est;Veneto;Rovigo;1;0;0;RO;L026
2;05;029;029047;29047;Trecenta;Trecenta;;Nord-est;Veneto;Rovigo;1;0;0;RO;L359
2;05;029;029048;29048;Villadose;Villadose;;Nord-est;Veneto;Rovigo;1;0;0;RO;L939
2;05;029;029049;29049;Villamarzana;Villamarzana;;Nord-est;Veneto;Rovigo;1;0;0;RO;L967
2;05;029;029050;29050;Villanova del Ghebbo;Villanova del Ghebbo;;Nord-est;Veneto;Rovigo;1;0;0;RO;L985
2;05;029;029051;29051;Villanova Marchesana;Villanova Marchesana;;Nord-est;Veneto;Rovigo;1;0;0;RO;L988
2;06;030;030001;30001;Aiello del Friuli;Aiello del Friuli;;Nord-est;Friuli-Venezia Giulia;Udine;1;0;0;UD;A103
2;06;030;030002;30002;Amaro;Amaro;;Nord-est;Friuli-Venezia Giulia;Udine;1;0;0;UD;A254
2;06;030;030003;30003;Ampezzo;Ampezzo;;Nord-est;Friuli-Venezia Giulia;Udine;1;0;0;UD;A267
2;06;030;030004;30004;Andreis;Andreis;;Nord-est;Friuli-Venezia Giulia;Udine;1;0;0;UD;A283
2;06;030;030005;30005;Aquileia;Aquileia;;Nord-est;Friuli-Venezia Giulia;Udine;1;0;0;UD;A346
2;06;030;030006;30006;Arba;Arba;;Nord-est;Friuli-Venezia Giulia;Udine;1;0;0;UD;A354
2;06;030;030007;30007;Arta;Arta;;Nord-est;Friuli-Venezia Giulia;Udine;1;0;0;UD;A447
2;06;030;030008;30008;Artegna;Artegna;;Nord-est;Friuli-Venezia Giulia;Udine;1;0;0;UD;A448
2;06;030;030009;30009;Arzene;Arzene;;Nord-est;Friuli-Venezia Giulia;Udine;1;0;0;UD;A456
2;06;030;030010;30010;Attimis;Attimis;;Nord-est;Friuli-Venezia Giulia;Udine;1;0;0;UD;A491
2;06;030;030011;30011;Aviano;Aviano;;Nord-est;Friuli-Venezia Giulia;Udine;1;0;0;UD;A516
2;06;030;030012;30012;Azzano Decimo;Azzano Decimo;;Nord-est;Friuli-Venezia Giulia;Udine;1;0;0;UD;A530
2;06;030;030013;30013;Bagnaria Arsa;Bagnaria Arsa;;Nord-est;Friuli-Venezia Giulia;Udine;1;0;0;UD;A553
2;06;030;030014;30014;Barcis;Barcis;;Nord-est;Friuli-Venezia Giulia;Udine;1;0;0;UD;A640
2;06;030;030015;30015;Basiliano;Basiliano;;Nord-est;Friuli-Venezia Giulia;Udine;1;0;0;UD;A700
2;06;030;030016;30016;Bertiolo;Bertiolo;;Nord-est;Friuli-Venezia Giulia;Udine;1;0;0;UD;A810
2;06;030;030017;30017;Bicinicco;Bicinicco;;Nord-est;Friuli-Venezia Giulia;Udine;1;0;0;UD;A855
2;06;030;030018;30018;Bordano;Bordano;;Nord-est;Friuli-Venezia Giulia;Udine;1;0;0;UD;A983
2;06;030;030019;30019;Brugnera;Brugnera;;Nord-est;Friuli-Venezia Giulia;Udine;1;0;0;UD;B215
2;06;030;030020;30020;Budoia;Budoia;;Nord-est;Friuli-Venezia Giulia;Udine;1;0;0;UD;B247
2;06;030;030021;30021;Buja;Buja;;Nord-est;Friuli-Venezia Giulia;Udine;1;0;0;UD;B259
2;06;030;030022;30022;Buttrio;Buttrio;;Nord-est;Friuli-Venezia Giulia;Udine;1;0;0;UD;B309
2;06;030;030023;30023;Camino al Tagliamento;Camino al Tagliamento;;Nord-est;Friuli-Venezia Giulia;Udine;1;0;0;UD;B483
2;06;030;030024;30024;Campoformido;Campoformido;;Nord-est;Friuli-Venezia Giulia;Udine;1;0;0;UD;B536
2;06;030;030025;30025;Campolongo al Torre;Campolongo al Torre;;Nord-est;Friuli-Venezia Giulia;Udine;1;0;0;UD;B545
2;06;030;030026;30026;Caneva;Caneva;;Nord-est;Friuli-Venezia Giulia;Udine;1;0;0;UD;B598
2;06;030;030027;30027;Carlino;Carlino;;Nord-est;Friuli-Venezia Giulia;Udine;1;0;0;UD;B788
2;06;030;030028;30028;Casarsa della Delizia;Casarsa della Delizia;;Nord-est;Friuli-Venezia Giulia;Udine;1;0;0;UD;B940
2;06;030;030029;30029;Cassacco;Cassacco;;Nord-est;Friuli-Venezia Giulia;Udine;1;0;0;UD;B994
2;06;030;030030;30030;Castelnovo del Friuli;Castelnovo del Friuli;;Nord-est;Friuli-Venezia Giulia;Udine;1;0;0;UD;C217
2;06;030;030031;30031;Castions di Strada;Castions di Strada;;Nord-est;Friuli-Venezia Giulia;Udine;1;0;0;UD;C327
2;06;030;030032;30032;Cavasso Nuovo;Cavasso Nuovo;;Nord-est;Friuli-Venezia Giulia;Udine;1;0;0;UD;C385
2;06;030;030033;30033;Cavazzo Carnico;Cavazzo Carnico;;Nord-est;Friuli-Venezia Giulia;Udine;1;0;0;UD;C389
2;06;030;030034;30034;Cercivento;Cercivento;;Nord-est;Friuli-Venezia Giulia;Udine;1;0;0;UD;C494
2;06;030;030035;30035;Cervignano del Friuli;Cervignano del Friuli;;Nord-est;Friuli-Venezia Giulia;Udine;1;0;0;UD;C556
2;06;030;030036;30036;Chions;Chions;;Nord-est;Friuli-Venezia Giulia;Udine;1;0;0;UD;C640
2;06;030;030037;30037;Chiopris-Viscone;Chiopris-Viscone;;Nord-est;Friuli-Venezia Giulia;Udine;1;0;0;UD;C641
2;06;030;030038;30038;Chiusaforte;Chiusaforte;;Nord-est;Friuli-Venezia Giulia;Udine;1;0;0;UD;C656
2;06;030;030039;30039;Cimolais;Cimolais;;Nord-est;Friuli-Venezia Giulia;Udine;1;0;0;UD;C699
2;06;030;030040;30040;Cividale del Friuli;Cividale del Friuli;;Nord-est;Friuli-Venezia Giulia;Udine;1;0;0;UD;C758
2;06;030;030041;30041;Claut;Claut;;Nord-est;Friuli-Venezia Giulia;Udine;1;0;0;UD;C790
2;06;030;030042;30042;Clauzetto;Clauzetto;;Nord-est;Friuli-Venezia Giulia;Udine;1;0;0;UD;C791
2;06;030;030043;30043;Codroipo;Codroipo;;Nord-est;Friuli-Venezia Giulia;Udine;1;0;0;UD;C817
2;06;030;030044;30044;Colloredo di Monte Albano;Colloredo di Monte Albano;;Nord-est;Friuli-Venezia Giulia;Udine;1;0;0;UD;C885
2;06;030;030045;30045;Comeglians;Comeglians;;Nord-est;Friuli-Venezia Giulia;Udine;1;0;0;UD;C918
2;06;030;030046;30046;Cordenons;Cordenons;;Nord-est;Friuli-Venezia Giulia;Udine;1;0;0;UD;C991
2;06;030;030047;30047;Cordovado;Cordovado;;Nord-est;Friuli-Venezia Giulia;Udine;1;0;0;UD;C993
2;06;030;030048;30048;Corno di Rosazzo;Corno di Rosazzo;;Nord-est;Friuli-Venezia Giulia;Udine;1;0;0;UD;D027
2;06;030;030049;30049;Coseano;Coseano;;Nord-est;Friuli-Venezia Giulia;Udine;1;0;0;UD;D085
2;06;030;030050;30050;Dignano;Dignano;;Nord-est;Friuli-Venezia Giulia;Udine;1;0;0;UD;D300
2;06;030;030051;30051;Dogna;Dogna;;Nord-est;Friuli-Venezia Giulia;Udine;1;0;0;UD;D316
2;06;030;030052;30052;Drenchia;Drenchia;;Nord-est;Friuli-Venezia Giulia;Udine;1;0;0;UD;D366
2;06;030;030053;30053;Enemonzo;Enemonzo;;Nord-est;Friuli-Venezia Giulia;Udine;1;0;0;UD;D408
2;06;030;030054;30054;Erto e Casso;Erto e Casso;;Nord-est;Friuli-Venezia Giulia;Udine;1;0;0;UD;D426
2;06;030;030055;30055;Faedis;Faedis;;Nord-est;Friuli-Venezia Giulia;Udine;1;0;0;UD;D455
2;06;030;030056;30056;Fagagna;Fagagna;;Nord-est;Friuli-Venezia Giulia;Udine;1;0;0;UD;D461
2;06;030;030057;30057;Fanna;Fanna;;Nord-est;Friuli-Venezia Giulia;Udine;1;0;0;UD;D487
2;06;030;030058;30058;Fiume Veneto;Fiume Veneto;;Nord-est;Friuli-Venezia Giulia;Udine;1;0;0;UD;D621
2;06;030;030059;30059;Fiumicello;Fiumicello;;Nord-est;Friuli-Venezia Giulia;Udine;1;0;0;UD;D627
2;06;030;030060;30060;Flaibano;Flaibano;;Nord-est;Friuli-Venezia Giulia;Udine;1;0;0;UD;D630
2;06;030;030061;30061;Fontanafredda;Fontanafredda;;Nord-est;Friuli-Venezia Giulia;Udine;1;0;0;UD;D670
2;06;030;030062;30062;Forgaria nel Friuli;Forgaria nel Friuli;;Nord-est;Friuli-Venezia Giulia;Udine;1;0;0;UD;D700
2;06;030;030063;30063;Forni Avoltri;Forni Avoltri;;Nord-est;Friuli-Venezia Giulia;Udine;1;0;0;UD;D718
2;06;030;030064;30064;Forni di Sopra;Forni di Sopra;;Nord-est;Friuli-Venezia Giulia;Udine;1;0;0;UD;D719
2;06;030;030065;30065;Forni di Sotto;Forni di Sotto;;Nord-est;Friuli-Venezia Giulia;Udine;1;0;0;UD;D720
2;06;030;030066;30066;Frisanco;Frisanco;;Nord-est;Friuli-Venezia Giulia;Udine;1;0;0;UD;D804
2;06;030;030067;30067;Gemona del Friuli;Gemona del Friuli;;Nord-est;Friuli-Venezia Giulia;Udine;1;0;0;UD;D962
2;06;030;030068;30068;Gonars;Gonars;;Nord-est;Friuli-Venezia Giulia;Udine;1;0;0;UD;E083
2;06;030;030069;30069;Grimacco;Grimacco;;Nord-est;Friuli-Venezia Giulia;Udine;1;0;0;UD;E179
2;06;030;030070;30070;Latisana;Latisana;;Nord-est;Friuli-Venezia Giulia;Udine;1;0;0;UD;E473
2;06;030;030071;30071;Lauco;Lauco;;Nord-est;Friuli-Venezia Giulia;Udine;1;0;0;UD;E476
2;06;030;030072;30072;Lestizza;Lestizza;;Nord-est;Friuli-Venezia Giulia;Udine;1;0;0;UD;E553
2;06;030;030073;30073;Lignano Sabbiadoro;Lignano Sabbiadoro;;Nord-est;Friuli-Venezia Giulia;Udine;1;0;0;UD;E584
2;06;030;030074;30074;Ligosullo;Ligosullo;;Nord-est;Friuli-Venezia Giulia;Udine;1;0;0;UD;E586
2;06;030;030075;30075;Lusevera;Lusevera;;Nord-est;Friuli-Venezia Giulia;Udine;1;0;0;UD;E760
2;06;030;030076;30076;Magnano in Riviera;Magnano in Riviera;;Nord-est;Friuli-Venezia Giulia;Udine;1;0;0;UD;E820
2;06;030;030077;30077;Majano;Majano;;Nord-est;Friuli-Venezia Giulia;Udine;1;0;0;UD;E833
2;06;030;030078;30078;Malborghetto Valbruna;Malborghetto Valbruna;;Nord-est;Friuli-Venezia Giulia;Udine;1;0;0;UD;E847
2;06;030;030079;30079;Maniago;Maniago;;Nord-est;Friuli-Venezia Giulia;Udine;1;0;0;UD;E889
2;06;030;030080;30080;Manzano;Manzano;;Nord-est;Friuli-Venezia Giulia;Udine;1;0;0;UD;E899
2;06;030;030081;30081;Marano Lagunare;Marano Lagunare;;Nord-est;Friuli-Venezia Giulia;Udine;1;0;0;UD;E910
2;06;030;030082;30082;Martignacco;Martignacco;;Nord-est;Friuli-Venezia Giulia;Udine;1;0;0;UD;E982
2;06;030;030083;30083;Meduno;Meduno;;Nord-est;Friuli-Venezia Giulia;Udine;1;0;0;UD;F089
2;06;030;030084;30084;Mereto di Tomba;Mereto di Tomba;;Nord-est;Friuli-Venezia Giulia;Udine;1;0;0;UD;F144
2;06;030;030085;30085;Moggio Udinese;Moggio Udinese;;Nord-est;Friuli-Venezia Giulia;Udine;1;0;0;UD;F266
2;06;030;030086;30086;Moimacco;Moimacco;;Nord-est;Friuli-Venezia Giulia;Udine;1;0;0;UD;F275
2;06;030;030087;30087;Montenars;Montenars;;Nord-est;Friuli-Venezia Giulia;Udine;1;0;0;UD;F574
2;06;030;030088;30088;Montereale Valcellina;Montereale Valcellina;;Nord-est;Friuli-Venezia Giulia;Udine;1;0;0;UD;F596
2;06;030;030089;30089;Morsano al Tagliamento;Morsano al Tagliamento;;Nord-est;Friuli-Venezia Giulia;Udine;1;0;0;UD;F750
2;06;030;030090;30090;Mortegliano;Mortegliano;;Nord-est;Friuli-Venezia Giulia;Udine;1;0;0;UD;F756
2;06;030;030091;30091;Moruzzo;Moruzzo;;Nord-est;Friuli-Venezia Giulia;Udine;1;0;0;UD;F760
2;06;030;030092;30092;Muzzana del Turgnano;Muzzana del Turgnano;;Nord-est;Friuli-Venezia Giulia;Udine;1;0;0;UD;F832
2;06;030;030093;30093;Nimis;Nimis;;Nord-est;Friuli-Venezia Giulia;Udine;1;0;0;UD;F898
2;06;030;030094;30094;Osoppo;Osoppo;;Nord-est;Friuli-Venezia Giulia;Udine;1;0;0;UD;G163
2;06;030;030095;30095;Ovaro;Ovaro;;Nord-est;Friuli-Venezia Giulia;Udine;1;0;0;UD;G198
2;06;030;030096;30096;Pagnacco;Pagnacco;;Nord-est;Friuli-Venezia Giulia;Udine;1;0;0;UD;G238
2;06;030;030097;30097;Palazzolo dello Stella;Palazzolo dello Stella;;Nord-est;Friuli-Venezia Giulia;Udine;1;0;0;UD;G268
2;06;030;030098;30098;Palmanova;Palmanova;;Nord-est;Friuli-Venezia Giulia;Udine;1;0;0;UD;G284
2;06;030;030099;30099;Paluzza;Paluzza;;Nord-est;Friuli-Venezia Giulia;Udine;1;0;0;UD;G300
2;06;030;030100;30100;Pasian di Prato;Pasian di Prato;;Nord-est;Friuli-Venezia Giulia;Udine;1;0;0;UD;G352
2;06;030;030101;30101;Pasiano di Pordenone;Pasiano di Pordenone;;Nord-est;Friuli-Venezia Giulia;Udine;1;0;0;UD;G353
2;06;030;030102;30102;Paularo;Paularo;;Nord-est;Friuli-Venezia Giulia;Udine;1;0;0;UD;G381
2;06;030;030103;30103;Pavia di Udine;Pavia di Udine;;Nord-est;Friuli-Venezia Giulia;Udine;1;0;0;UD;G389
2;06;030;030104;30104;Pinzano al Tagliamento;Pinzano al Tagliamento;;Nord-est;Friuli-Venezia Giulia;Udine;1;0;0;UD;G680
2;06;030;030105;30105;Pocenia;Pocenia;;Nord-est;Friuli-Venezia Giulia;Udine;1;0;0;UD;G743
2;06;030;030106;30106;Polcenigo;Polcenigo;;Nord-est;Friuli-Venezia Giulia;Udine;1;0;0;UD;G780
2;06;030;030107;30107;Pontebba;Pontebba;;Nord-est;Friuli-Venezia Giulia;Udine;1;0;0;UD;G831
2;06;030;030108;30108;Porcia;Porcia;;Nord-est;Friuli-Venezia Giulia;Udine;1;0;0;UD;G886
2;06;030;030109;30109;Pordenone;Pordenone;;Nord-est;Friuli-Venezia Giulia;Udine;1;0;0;UD;G888
2;06;030;030110;30110;Porpetto;Porpetto;;Nord-est;Friuli-Venezia Giulia;Udine;1;0;0;UD;G891
2;06;030;030111;30111;Povoletto;Povoletto;;Nord-est;Friuli-Venezia Giulia;Udine;1;0;0;UD;G949
2;06;030;030112;30112;Pozzuolo del Friuli;Pozzuolo del Friuli;;Nord-est;Friuli-Venezia Giulia;Udine;1;0;0;UD;G966
2;06;030;030113;30113;Pradamano;Pradamano;;Nord-est;Friuli-Venezia Giulia;Udine;1;0;0;UD;G969
2;06;030;030114;30114;Prata di Pordenone;Prata di Pordenone;;Nord-est;Friuli-Venezia Giulia;Udine;1;0;0;UD;G994
2;06;030;030115;30115;Prato Carnico;Prato Carnico;;Nord-est;Friuli-Venezia Giulia;Udine;1;0;0;UD;H002
2;06;030;030116;30116;Pravisdomini;Pravisdomini;;Nord-est;Friuli-Venezia Giulia;Udine;1;0;0;UD;H010
2;06;030;030117;30117;Precenicco;Precenicco;;Nord-est;Friuli-Venezia Giulia;Udine;1;0;0;UD;H014
2;06;030;030118;30118;Premariacco;Premariacco;;Nord-est;Friuli-Venezia Giulia;Udine;1;0;0;UD;H029
2;06;030;030119;30119;Preone;Preone;;Nord-est;Friuli-Venezia Giulia;Udine;1;0;0;UD;H038
2;06;030;030120;30120;Prepotto;Prepotto;;Nord-est;Friuli-Venezia Giulia;Udine;1;0;0;UD;H040
2;06;030;030121;30121;Pulfero;Pulfero;;Nord-est;Friuli-Venezia Giulia;Udine;1;0;0;UD;H089
2;06;030;030122;30122;Ragogna;Ragogna;;Nord-est;Friuli-Venezia Giulia;Udine;1;0;0;UD;H161
2;06;030;030123;30123;Ravascletto;Ravascletto;;Nord-est;Friuli-Venezia Giulia;Udine;1;0;0;UD;H196
2;06;030;030124;30124;Raveo;Raveo;;Nord-est;Friuli-Venezia Giulia;Udine;1;0;0;UD;H200
2;06;030;030125;30125;Reana del Rojale;Reana del Rojale;;Nord-est;Friuli-Venezia Giulia;Udine;1;0;0;UD;H206
2;06;030;030126;30126;Remanzacco;Remanzacco;;Nord-est;Friuli-Venezia Giulia;Udine;1;0;0;UD;H229
2;06;030;030127;30127;Resia;Resia;;Nord-est;Friuli-Venezia Giulia;Udine;1;0;0;UD;H242
2;06;030;030128;30128;Resiutta;Resiutta;;Nord-est;Friuli-Venezia Giulia;Udine;1;0;0;UD;H244
2;06;030;030129;30129;Rigolato;Rigolato;;Nord-est;Friuli-Venezia Giulia;Udine;1;0;0;UD;H289
2;06;030;030130;30130;Rive d'Arcano;Rive d'Arcano;;Nord-est;Friuli-Venezia Giulia;Udine;1;0;0;UD;H347
2;06;030;030131;30131;Rivignano;Rivignano;;Nord-est;Friuli-Venezia Giulia;Udine;1;0;0;UD;H352
2;06;030;030132;30132;Ronchis;Ronchis;;Nord-est;Friuli-Venezia Giulia;Udine;1;0;0;UD;H533
2;06;030;030133;30133;Roveredo in Piano;Roveredo in Piano;;Nord-est;Friuli-Venezia Giulia;Udine;1;0;0;UD;H609
2;06;030;030134;30134;Ruda;Ruda;;Nord-est;Friuli-Venezia Giulia;Udine;1;0;0;UD;H629
2;06;030;030135;30135;Sacile;Sacile;;Nord-est;Friuli-Venezia Giulia;Udine;1;0;0;UD;H657
2;06;030;030136;30136;San Daniele del Friuli;San Daniele del Friuli;;Nord-est;Friuli-Venezia Giulia;Udine;1;0;0;UD;H816
2;06;030;030137;30137;San Giorgio della Richinvelda;San Giorgio della Richinvelda;;Nord-est;Friuli-Venezia Giulia;Udine;1;0;0;UD;H891
2;06;030;030138;30138;San Giorgio di Nogaro;San Giorgio di Nogaro;;Nord-est;Friuli-Venezia Giulia;Udine;1;0;0;UD;H895
2;06;030;030139;30139;San Giovanni al Natisone;San Giovanni al Natisone;;Nord-est;Friuli-Venezia Giulia;Udine;1;0;0;UD;H906
2;06;030;030140;30140;San Leonardo;San Leonardo;;Nord-est;Friuli-Venezia Giulia;Udine;1;0;0;UD;H951
2;06;030;030141;30141;San Martino al Tagliamento;San Martino al Tagliamento;;Nord-est;Friuli-Venezia Giulia;Udine;1;0;0;UD;H999
2;06;030;030142;30142;San Pietro al Natisone;San Pietro al Natisone;;Nord-est;Friuli-Venezia Giulia;Udine;1;0;0;UD;I092
2;06;030;030143;30143;San Quirino;San Quirino;;Nord-est;Friuli-Venezia Giulia;Udine;1;0;0;UD;I136
2;06;030;030144;30144;Santa Maria la Longa;Santa Maria la Longa;;Nord-est;Friuli-Venezia Giulia;Udine;1;0;0;UD;I248
2;06;030;030145;30145;San Vito al Tagliamento;San Vito al Tagliamento;;Nord-est;Friuli-Venezia Giulia;Udine;1;0;0;UD;I403
2;06;030;030146;30146;San Vito al Torre;San Vito al Torre;;Nord-est;Friuli-Venezia Giulia;Udine;1;0;0;UD;I404
2;06;030;030147;30147;San Vito di Fagagna;San Vito di Fagagna;;Nord-est;Friuli-Venezia Giulia;Udine;1;0;0;UD;I405
2;06;030;030148;30148;Sauris;Sauris;;Nord-est;Friuli-Venezia Giulia;Udine;1;0;0;UD;I464
2;06;030;030149;30149;Savogna;Savogna;;Nord-est;Friuli-Venezia Giulia;Udine;1;0;0;UD;I478
2;06;030;030150;30150;Sedegliano;Sedegliano;;Nord-est;Friuli-Venezia Giulia;Udine;1;0;0;UD;I562
2;06;030;030151;30151;Sequals;Sequals;;Nord-est;Friuli-Venezia Giulia;Udine;1;0;0;UD;I621
2;06;030;030152;30152;Sesto al Reghena;Sesto al Reghena;;Nord-est;Friuli-Venezia Giulia;Udine;1;0;0;UD;I686
2;06;030;030153;30153;Socchieve;Socchieve;;Nord-est;Friuli-Venezia Giulia;Udine;1;0;0;UD;I777
2;06;030;030154;30154;Spilimbergo;Spilimbergo;;Nord-est;Friuli-Venezia Giulia;Udine;1;0;0;UD;I904
2;06;030;030155;30155;Stregna;Stregna;;Nord-est;Friuli-Venezia Giulia;Udine;1;0;0;UD;I974
2;06;030;030156;30156;Sutrio;Sutrio;;Nord-est;Friuli-Venezia Giulia;Udine;1;0;0;UD;L018
2;06;030;030157;30157;Taipana;Taipana;;Nord-est;Friuli-Venezia Giulia;Udine;1;0;0;UD;G736
2;06;030;030158;30158;Talmassons;Talmassons;;Nord-est;Friuli-Venezia Giulia;Udine;1;0;0;UD;L039
2;06;030;030159;30159;Tapogliano;Tapogliano;;Nord-est;Friuli-Venezia Giulia;Udine;1;0;0;UD;L044
2;06;030;030160;30160;Tarcento;Tarcento;;Nord-est;Friuli-Venezia Giulia;Udine;1;0;0;UD;L050
2;06;030;030161;30161;Tarvisio;Tarvisio;;Nord-est;Friuli-Venezia Giulia;Udine;1;0;0;UD;L057
2;06;030;030162;30162;Tavagnacco;Tavagnacco;;Nord-est;Friuli-Venezia Giulia;Udine;1;0;0;UD;L065
2;06;030;030163;30163;Teor;Teor;;Nord-est;Friuli-Venezia Giulia;Udine;1;0;0;UD;L101
2;06;030;030164;30164;Terzo d'Aquileia;Terzo d'Aquileia;;Nord-est;Friuli-Venezia Giulia;Udine;1;0;0;UD;L144
2;06;030;030165;30165;Tolmezzo;Tolmezzo;;Nord-est;Friuli-Venezia Giulia;Udine;1;0;0;UD;L195
2;06;030;030166;30166;Torreano;Torreano;;Nord-est;Friuli-Venezia Giulia;Udine;1;0;0;UD;L246
2;06;030;030167;30167;Torviscosa;Torviscosa;;Nord-est;Friuli-Venezia Giulia;Udine;1;0;0;UD;L309
2;06;030;030168;30168;Tramonti di Sopra;Tramonti di Sopra;;Nord-est;Friuli-Venezia Giulia;Udine;1;0;0;UD;L324
2;06;030;030169;30169;Tramonti di Sotto;Tramonti di Sotto;;Nord-est;Friuli-Venezia Giulia;Udine;1;0;0;UD;L325
2;06;030;030170;30170;Trasaghis;Trasaghis;;Nord-est;Friuli-Venezia Giulia;Udine;1;0;0;UD;L335
2;06;030;030171;30171;Travesio;Travesio;;Nord-est;Friuli-Venezia Giulia;Udine;1;0;0;UD;L347
2;06;030;030172;30172;Treppo Carnico;Treppo Carnico;;Nord-est;Friuli-Venezia Giulia;Udine;1;0;0;UD;L381
2;06;030;030173;30173;Treppo Grande;Treppo Grande;;Nord-est;Friuli-Venezia Giulia;Udine;1;0;0;UD;L382
2;06;030;030174;30174;Tricesimo;Tricesimo;;Nord-est;Friuli-Venezia Giulia;Udine;1;0;0;UD;L421
2;06;030;030175;30175;Trivignano Udinese;Trivignano Udinese;;Nord-est;Friuli-Venezia Giulia;Udine;1;0;0;UD;L438
2;06;030;030176;30176;Udine;Udine;;Nord-est;Friuli-Venezia Giulia;Udine;1;0;1;UD;L483
2;06;030;030177;30177;Valvasone;Valvasone;;Nord-est;Friuli-Venezia Giulia;Udine;1;0;0;UD;L657
2;06;030;030178;30178;Varmo;Varmo;;Nord-est;Friuli-Venezia Giulia;Udine;1;0;0;UD;L686
2;06;030;030179;30179;Venzone;Venzone;;Nord-est;Friuli-Venezia Giulia;Udine;1;0;0;UD;L743
2;06;030;030180;30180;Verzegnis;Verzegnis;;Nord-est;Friuli-Venezia Giulia;Udine;1;0;0;UD;L801
2;06;030;030181;30181;Villa Santina;Villa Santina;;Nord-est;Friuli-Venezia Giulia;Udine;1;0;0;UD;L909
2;06;030;030182;30182;Villa Vicentina;Villa Vicentina;;Nord-est;Friuli-Venezia Giulia;Udine;1;0;0;UD;M034
2;06;030;030183;30183;Visco;Visco;;Nord-est;Friuli-Venezia Giulia;Udine;1;0;0;UD;M073
2;06;030;030184;30184;Vito d'Asio;Vito d'Asio;;Nord-est;Friuli-Venezia Giulia;Udine;1;0;0;UD;M085
2;06;030;030185;30185;Vivaro;Vivaro;;Nord-est;Friuli-Venezia Giulia;Udine;1;0;0;UD;M096
2;06;030;030186;30186;Zoppola;Zoppola;;Nord-est;Friuli-Venezia Giulia;Udine;1;0;0;UD;M190
2;06;030;030187;30187;Zuglio;Zuglio;;Nord-est;Friuli-Venezia Giulia;Udine;1;0;0;UD;M200
2;06;031;031001;31001;Capriva del Friuli;Capriva del Friuli;;Nord-est;Friuli-Venezia Giulia;Gorizia;1;0;0;GO;B712
2;06;031;031002;31002;Cormons;Cormons;;Nord-est;Friuli-Venezia Giulia;Gorizia;1;0;0;GO;D014
2;06;031;031003;31003;Doberdò del Lago;Doberdò del Lago;;Nord-est;Friuli-Venezia Giulia;Gorizia;1;0;0;GO;D312
2;06;031;031004;31004;Dolegna del Collio;Dolegna del Collio;;Nord-est;Friuli-Venezia Giulia;Gorizia;1;0;0;GO;D321
2;06;031;031005;31005;Farra d'Isonzo;Farra d'Isonzo;;Nord-est;Friuli-Venezia Giulia;Gorizia;1;0;0;GO;D504
2;06;031;031006;31006;Fogliano Redipuglia;Fogliano Redipuglia;;Nord-est;Friuli-Venezia Giulia;Gorizia;1;0;0;GO;D645
2;06;031;031007;31007;Gorizia;Gorizia;;Nord-est;Friuli-Venezia Giulia;Gorizia;1;0;1;GO;E098
2;06;031;031008;31008;Gradisca d'Isonzo;Gradisca d'Isonzo;;Nord-est;Friuli-Venezia Giulia;Gorizia;1;0;0;GO;E124
2;06;031;031009;31009;Grado;Grado;;Nord-est;Friuli-Venezia Giulia;Gorizia;1;0;0;GO;E125
2;06;031;031010;31010;Mariano del Friuli;Mariano del Friuli;;Nord-est;Friuli-Venezia Giulia;Gorizia;1;0;0;GO;E952
2;06;031;031011;31011;Medea;Medea;;Nord-est;Friuli-Venezia Giulia;Gorizia;1;0;0;GO;F081
2;06;031;031012;31012;Monfalcone;Monfalcone;;Nord-est;Friuli-Venezia Giulia;Gorizia;1;0;0;GO;F356
2;06;031;031013;31013;Moraro;Moraro;;Nord-est;Friuli-Venezia Giulia;Gorizia;1;0;0;GO;F710
2;06;031;031014;31014;Mossa;Mossa;;Nord-est;Friuli-Venezia Giulia;Gorizia;1;0;0;GO;F767
2;06;031;031015;31015;Romans d'Isonzo;Romans d'Isonzo;;Nord-est;Friuli-Venezia Giulia;Gorizia;1;0;0;GO;H514
2;06;031;031016;31016;Ronchi dei Legionari;Ronchi dei Legionari;;Nord-est;Friuli-Venezia Giulia;Gorizia;1;0;0;GO;H531
2;06;031;031017;31017;Sagrado;Sagrado;;Nord-est;Friuli-Venezia Giulia;Gorizia;1;0;0;GO;H665
2;06;031;031018;31018;San Canzian d'Isonzo;San Canzian d'Isonzo;;Nord-est;Friuli-Venezia Giulia;Gorizia;1;0;0;GO;H787
2;06;031;031019;31019;San Floriano del Collio;San Floriano del Collio;;Nord-est;Friuli-Venezia Giulia;Gorizia;1;0;0;GO;H845
2;06;031;031020;31020;San Lorenzo di Mossa;San Lorenzo di Mossa;;Nord-est;Friuli-Venezia Giulia;Gorizia;1;0;0;GO;H964
2;06;031;031021;31021;San Pier d'Isonzo;San Pier d'Isonzo;;Nord-est;Friuli-Venezia Giulia;Gorizia;1;0;0;GO;I082
2;06;031;031022;31022;Savogna d'Isonzo;Savogna d'Isonzo;;Nord-est;Friuli-Venezia Giulia;Gorizia;1;0;0;GO;I479
2;06;031;031023;31023;Staranzano;Staranzano;;Nord-est;Friuli-Venezia Giulia;Gorizia;1;0;0;GO;I939
2;06;031;031024;31024;Turriaco;Turriaco;;Nord-est;Friuli-Venezia Giulia;Gorizia;1;0;0;GO;L474
2;06;031;031025;31025;Villesse;Villesse;;Nord-est;Friuli-Venezia Giulia;Gorizia;1;0;0;GO;M043
2;06;032;032001;32001;Duino Aurisina;Duino Aurisina;;Nord-est;Friuli-Venezia Giulia;Trieste;1;0;0;TS;D383
2;06;032;032002;32002;Monrupino;Monrupino;;Nord-est;Friuli-Venezia Giulia;Trieste;1;0;0;TS;F378
2;06;032;032003;32003;Muggia;Muggia;;Nord-est;Friuli-Venezia Giulia;Trieste;1;0;0;TS;F795
2;06;032;032004;32004;San Dorligo della Valle-Dolina;San Dorligo della Valle;Dolina;Nord-est;Friuli-Venezia Giulia;Trieste;1;0;0;TS;D324
2;06;032;032005;32005;Sgonico;Sgonico;;Nord-est;Friuli-Venezia Giulia;Trieste;1;0;0;TS;I715
2;06;032;032006;32006;Trieste;Trieste;;Nord-est;Friuli-Venezia Giulia;Trieste;1;1;1;TS;L424
2;08;033;033001;33001;Agazzano;Agazzano;;Nord-est;Emilia-Romagna;Piacenza;1;0;0;PC;A067
2;08;033;033002;33002;Alseno;Alseno;;Nord-est;Emilia-Romagna;Piacenza;1;0;0;PC;A223
2;08;033;033003;33003;Besenzone;Besenzone;;Nord-est;Emilia-Romagna;Piacenza;1;0;0;PC;A823
2;08;033;033004;33004;Bettola;Bettola;;Nord-est;Emilia-Romagna;Piacenza;1;0;0;PC;A831
2;08;033;033005;33005;Bobbio;Bobbio;;Nord-est;Emilia-Romagna;Piacenza;1;0;0;PC;A909
2;08;033;033006;33006;Borgonovo Val Tidone;Borgonovo Val Tidone;;Nord-est;Emilia-Romagna;Piacenza;1;0;0;PC;B025
2;08;033;033007;33007;Cadeo;Cadeo;;Nord-est;Emilia-Romagna;Piacenza;1;0;0;PC;B332
2;08;033;033008;33008;Calendasco;Calendasco;;Nord-est;Emilia-Romagna;Piacenza;1;0;0;PC;B405
2;08;033;033009;33009;Caminata;Caminata;;Nord-est;Emilia-Romagna;Piacenza;1;0;0;PC;B479
2;08;033;033010;33010;Caorso;Caorso;;Nord-est;Emilia-Romagna;Piacenza;1;0;0;PC;B643
2;08;033;033011;33011;Carpaneto Piacentino;Carpaneto Piacentino;;Nord-est;Emilia-Romagna;Piacenza;1;0;0;PC;B812
2;08;033;033012;33012;Castell'Arquato;Castell'Arquato;;Nord-est;Emilia-Romagna;Piacenza;1;0;0;PC;C145
2;08;033;033013;33013;Castel San Giovanni;Castel San Giovanni;;Nord-est;Emilia-Romagna;Piacenza;1;0;0;PC;C261
2;08;033;033014;33014;Castelvetro Piacentino;Castelvetro Piacentino;;Nord-est;Emilia-Romagna;Piacenza;1;0;0;PC;C288
2;08;033;033015;33015;Cerignale;Cerignale;;Nord-est;Emilia-Romagna;Piacenza;1;0;0;PC;C513
2;08;033;033016;33016;Coli;Coli;;Nord-est;Emilia-Romagna;Piacenza;1;0;0;PC;C838
2;08;033;033017;33017;Corte Brugnatella;Corte Brugnatella;;Nord-est;Emilia-Romagna;Piacenza;1;0;0;PC;D054
2;08;033;033018;33018;Cortemaggiore;Cortemaggiore;;Nord-est;Emilia-Romagna;Piacenza;1;0;0;PC;D061
2;08;033;033019;33019;Farini d'Olmo;Farini d'Olmo;;Nord-est;Emilia-Romagna;Piacenza;1;0;0;PC;D502
2;08;033;033020;33020;Ferriere;Ferriere;;Nord-est;Emilia-Romagna;Piacenza;1;0;0;PC;D555
2;08;033;033021;33021;Fiorenzuola d'Arda;Fiorenzuola d'Arda;;Nord-est;Emilia-Romagna;Piacenza;1;0;0;PC;D611
2;08;033;033022;33022;Gazzola;Gazzola;;Nord-est;Emilia-Romagna;Piacenza;1;0;0;PC;D958
2;08;033;033023;33023;Gossolengo;Gossolengo;;Nord-est;Emilia-Romagna;Piacenza;1;0;0;PC;E114
2;08;033;033024;33024;Gragnano Trebbiense;Gragnano Trebbiense;;Nord-est;Emilia-Romagna;Piacenza;1;0;0;PC;E132
2;08;033;033025;33025;Gropparello;Gropparello;;Nord-est;Emilia-Romagna;Piacenza;1;0;0;PC;E196
2;08;033;033026;33026;Lugagnano Val d'Arda;Lugagnano Val d'Arda;;Nord-est;Emilia-Romagna;Piacenza;1;0;0;PC;E726
2;08;033;033027;33027;Monticelli d'Ongina;Monticelli d'Ongina;;Nord-est;Emilia-Romagna;Piacenza;1;0;0;PC;F671
2;08;033;033028;33028;Morfasso;Morfasso;;Nord-est;Emilia-Romagna;Piacenza;1;0;0;PC;F724
2;08;033;033029;33029;Nibbiano;Nibbiano;;Nord-est;Emilia-Romagna;Piacenza;1;0;0;PC;F885
2;08;033;033030;33030;Ottone;Ottone;;Nord-est;Emilia-Romagna;Piacenza;1;0;0;PC;G195
2;08;033;033031;33031;Pecorara;Pecorara;;Nord-est;Emilia-Romagna;Piacenza;1;0;0;PC;G399
2;08;033;033032;33032;Piacenza;Piacenza;;Nord-est;Emilia-Romagna;Piacenza;1;0;1;PC;G535
2;08;033;033033;33033;Pianello Val Tidone;Pianello Val Tidone;;Nord-est;Emilia-Romagna;Piacenza;1;0;0;PC;G557
2;08;033;033034;33034;Piozzano;Piozzano;;Nord-est;Emilia-Romagna;Piacenza;1;0;0;PC;G696
2;08;033;033035;33035;Podenzano;Podenzano;;Nord-est;Emilia-Romagna;Piacenza;1;0;0;PC;G747
2;08;033;033036;33036;Ponte dell'Olio;Ponte dell'Olio;;Nord-est;Emilia-Romagna;Piacenza;1;0;0;PC;G842
2;08;033;033037;33037;Pontenure;Pontenure;;Nord-est;Emilia-Romagna;Piacenza;1;0;0;PC;G852
2;08;033;033038;33038;Rivergaro;Rivergaro;;Nord-est;Emilia-Romagna;Piacenza;1;0;0;PC;H350
2;08;033;033039;33039;Rottofreno;Rottofreno;;Nord-est;Emilia-Romagna;Piacenza;1;0;0;PC;H593
2;08;033;033040;33040;San Giorgio Piacentino;San Giorgio Piacentino;;Nord-est;Emilia-Romagna;Piacenza;1;0;0;PC;H887
2;08;033;033041;33041;San Pietro in Cerro;San Pietro in Cerro;;Nord-est;Emilia-Romagna;Piacenza;1;0;0;PC;G788
2;08;033;033042;33042;Sarmato;Sarmato;;Nord-est;Emilia-Romagna;Piacenza;1;0;0;PC;I434
2;08;033;033043;33043;Travo;Travo;;Nord-est;Emilia-Romagna;Piacenza;1;0;0;PC;L348
2;08;033;033044;33044;Vernasca;Vernasca;;Nord-est;Emilia-Romagna;Piacenza;1;0;0;PC;L772
2;08;033;033045;33045;Vigolzone;Vigolzone;;Nord-est;Emilia-Romagna;Piacenza;1;0;0;PC;L897
2;08;033;033046;33046;Villanova sull'Arda;Villanova sull'Arda;;Nord-est;Emilia-Romagna;Piacenza;1;0;0;PC;L980
2;08;033;033047;33047;Zerba;Zerba;;Nord-est;Emilia-Romagna;Piacenza;1;0;0;PC;M165
2;08;033;033048;33048;Ziano Piacentino;Ziano Piacentino;;Nord-est;Emilia-Romagna;Piacenza;1;0;0;PC;L848
2;08;034;034001;34001;Albareto;Albareto;;Nord-est;Emilia-Romagna;Parma;1;0;0;PR;A138
2;08;034;034002;34002;Bardi;Bardi;;Nord-est;Emilia-Romagna;Parma;1;0;0;PR;A646
2;08;034;034003;34003;Bedonia;Bedonia;;Nord-est;Emilia-Romagna;Parma;1;0;0;PR;A731
2;08;034;034004;34004;Berceto;Berceto;;Nord-est;Emilia-Romagna;Parma;1;0;0;PR;A788
2;08;034;034005;34005;Bore;Bore;;Nord-est;Emilia-Romagna;Parma;1;0;0;PR;A987
2;08;034;034006;34006;Borgo Val di Taro;Borgo Val di Taro;;Nord-est;Emilia-Romagna;Parma;1;0;0;PR;B042
2;08;034;034007;34007;Busseto;Busseto;;Nord-est;Emilia-Romagna;Parma;1;0;0;PR;B293
2;08;034;034008;34008;Calestano;Calestano;;Nord-est;Emilia-Romagna;Parma;1;0;0;PR;B408
2;08;034;034009;34009;Collecchio;Collecchio;;Nord-est;Emilia-Romagna;Parma;1;0;0;PR;C852
2;08;034;034010;34010;Colorno;Colorno;;Nord-est;Emilia-Romagna;Parma;1;0;0;PR;C904
2;08;034;034011;34011;Compiano;Compiano;;Nord-est;Emilia-Romagna;Parma;1;0;0;PR;C934
2;08;034;034012;34012;Corniglio;Corniglio;;Nord-est;Emilia-Romagna;Parma;1;0;0;PR;D026
2;08;034;034013;34013;Felino;Felino;;Nord-est;Emilia-Romagna;Parma;1;0;0;PR;D526
2;08;034;034014;34014;Fidenza;Fidenza;;Nord-est;Emilia-Romagna;Parma;1;0;0;PR;B034
2;08;034;034015;34015;Fontanellato;Fontanellato;;Nord-est;Emilia-Romagna;Parma;1;0;0;PR;D673
2;08;034;034016;34016;Fontevivo;Fontevivo;;Nord-est;Emilia-Romagna;Parma;1;0;0;PR;D685
2;08;034;034017;34017;Fornovo di Taro;Fornovo di Taro;;Nord-est;Emilia-Romagna;Parma;1;0;0;PR;D728
2;08;034;034018;34018;Langhirano;Langhirano;;Nord-est;Emilia-Romagna;Parma;1;0;0;PR;E438
2;08;034;034019;34019;Lesignano de' Bagni;Lesignano de' Bagni;;Nord-est;Emilia-Romagna;Parma;1;0;0;PR;E547
2;08;034;034020;34020;Medesano;Medesano;;Nord-est;Emilia-Romagna;Parma;1;0;0;PR;F082
2;08;034;034021;34021;Mezzani;Mezzani;;Nord-est;Emilia-Romagna;Parma;1;0;0;PR;F174
2;08;034;034022;34022;Monchio delle Corti;Monchio delle Corti;;Nord-est;Emilia-Romagna;Parma;1;0;0;PR;F340
2;08;034;034023;34023;Montechiarugolo;Montechiarugolo;;Nord-est;Emilia-Romagna;Parma;1;0;0;PR;F473
2;08;034;034024;34024;Neviano degli Arduini;Neviano degli Arduini;;Nord-est;Emilia-Romagna;Parma;1;0;0;PR;F882
2;08;034;034025;34025;Noceto;Noceto;;Nord-est;Emilia-Romagna;Parma;1;0;0;PR;F914
2;08;034;034026;34026;Palanzano;Palanzano;;Nord-est;Emilia-Romagna;Parma;1;0;0;PR;G255
2;08;034;034027;34027;Parma;Parma;;Nord-est;Emilia-Romagna;Parma;1;0;1;PR;G337
2;08;034;034028;34028;Pellegrino Parmense;Pellegrino Parmense;;Nord-est;Emilia-Romagna;Parma;1;0;0;PR;G424
2;08;034;034029;34029;Polesine Parmense;Polesine Parmense;;Nord-est;Emilia-Romagna;Parma;1;0;0;PR;G783
2;08;034;034030;34030;Roccabianca;Roccabianca;;Nord-est;Emilia-Romagna;Parma;1;0;0;PR;H384
2;08;034;034031;34031;Sala Baganza;Sala Baganza;;Nord-est;Emilia-Romagna;Parma;1;0;0;PR;H682
2;08;034;034032;34032;Salsomaggiore Terme;Salsomaggiore Terme;;Nord-est;Emilia-Romagna;Parma;1;0;0;PR;H720
2;08;034;034033;34033;San Secondo Parmense;San Secondo Parmense;;Nord-est;Emilia-Romagna;Parma;1;0;0;PR;I153
2;08;034;034034;34034;Sissa;Sissa;;Nord-est;Emilia-Romagna;Parma;1;0;0;PR;I763
2;08;034;034035;34035;Solignano;Solignano;;Nord-est;Emilia-Romagna;Parma;1;0;0;PR;I803
2;08;034;034036;34036;Soragna;Soragna;;Nord-est;Emilia-Romagna;Parma;1;0;0;PR;I840
2;08;034;034037;34037;Sorbolo;Sorbolo;;Nord-est;Emilia-Romagna;Parma;1;0;0;PR;I845
2;08;034;034038;34038;Terenzo;Terenzo;;Nord-est;Emilia-Romagna;Parma;1;0;0;PR;E548
2;08;034;034039;34039;Tizzano Val Parma;Tizzano Val Parma;;Nord-est;Emilia-Romagna;Parma;1;0;0;PR;L183
2;08;034;034040;34040;Tornolo;Tornolo;;Nord-est;Emilia-Romagna;Parma;1;0;0;PR;L229
2;08;034;034041;34041;Torrile;Torrile;;Nord-est;Emilia-Romagna;Parma;1;0;0;PR;L299
2;08;034;034042;34042;Traversetolo;Traversetolo;;Nord-est;Emilia-Romagna;Parma;1;0;0;PR;L346
2;08;034;034043;34043;Trecasali;Trecasali;;Nord-est;Emilia-Romagna;Parma;1;0;0;PR;L354
2;08;034;034044;34044;Valmozzola;Valmozzola;;Nord-est;Emilia-Romagna;Parma;1;0;0;PR;L641
2;08;034;034045;34045;Varano de' Melegari;Varano de' Melegari;;Nord-est;Emilia-Romagna;Parma;1;0;0;PR;L672
2;08;034;034046;34046;Varsi;Varsi;;Nord-est;Emilia-Romagna;Parma;1;0;0;PR;L689
2;08;034;034048;34048;Zibello;Zibello;;Nord-est;Emilia-Romagna;Parma;1;0;0;PR;M174
2;08;035;035001;35001;Albinea;Albinea;;Nord-est;Emilia-Romagna;Reggio nell'Emilia;1;0;0;RE;A162
2;08;035;035002;35002;Bagnolo in Piano;Bagnolo in Piano;;Nord-est;Emilia-Romagna;Reggio nell'Emilia;1;0;0;RE;A573
2;08;035;035003;35003;Baiso;Baiso;;Nord-est;Emilia-Romagna;Reggio nell'Emilia;1;0;0;RE;A586
2;08;035;035004;35004;Bibbiano;Bibbiano;;Nord-est;Emilia-Romagna;Reggio nell'Emilia;1;0;0;RE;A850
2;08;035;035005;35005;Boretto;Boretto;;Nord-est;Emilia-Romagna;Reggio nell'Emilia;1;0;0;RE;A988
2;08;035;035006;35006;Brescello;Brescello;;Nord-est;Emilia-Romagna;Reggio nell'Emilia;1;0;0;RE;B156
2;08;035;035007;35007;Busana;Busana;;Nord-est;Emilia-Romagna;Reggio nell'Emilia;1;0;0;RE;B283
2;08;035;035008;35008;Cadelbosco di Sopra;Cadelbosco di Sopra;;Nord-est;Emilia-Romagna;Reggio nell'Emilia;1;0;0;RE;B328
2;08;035;035009;35009;Campagnola Emilia;Campagnola Emilia;;Nord-est;Emilia-Romagna;Reggio nell'Emilia;1;0;0;RE;B499
2;08;035;035010;35010;Campegine;Campegine;;Nord-est;Emilia-Romagna;Reggio nell'Emilia;1;0;0;RE;B502
2;08;035;035011;35011;Carpineti;Carpineti;;Nord-est;Emilia-Romagna;Reggio nell'Emilia;1;0;0;RE;B825
2;08;035;035012;35012;Casalgrande;Casalgrande;;Nord-est;Emilia-Romagna;Reggio nell'Emilia;1;0;0;RE;B893
2;08;035;035013;35013;Casina;Casina;;Nord-est;Emilia-Romagna;Reggio nell'Emilia;1;0;0;RE;B967
2;08;035;035014;35014;Castellarano;Castellarano;;Nord-est;Emilia-Romagna;Reggio nell'Emilia;1;0;0;RE;C141
2;08;035;035015;35015;Castelnovo di Sotto;Castelnovo di Sotto;;Nord-est;Emilia-Romagna;Reggio nell'Emilia;1;0;0;RE;C218
2;08;035;035016;35016;Castelnovo ne' Monti;Castelnovo ne' Monti;;Nord-est;Emilia-Romagna;Reggio nell'Emilia;1;0;0;RE;C219
2;08;035;035017;35017;Cavriago;Cavriago;;Nord-est;Emilia-Romagna;Reggio nell'Emilia;1;0;0;RE;C405
2;08;035;035018;35018;Ciano d'Enza;Ciano d'Enza;;Nord-est;Emilia-Romagna;Reggio nell'Emilia;1;0;0;RE;C669
2;08;035;035019;35019;Collagna;Collagna;;Nord-est;Emilia-Romagna;Reggio nell'Emilia;1;0;0;RE;C840
2;08;035;035020;35020;Correggio;Correggio;;Nord-est;Emilia-Romagna;Reggio nell'Emilia;1;0;0;RE;D037
2;08;035;035021;35021;Fabbrico;Fabbrico;;Nord-est;Emilia-Romagna;Reggio nell'Emilia;1;0;0;RE;D450
2;08;035;035022;35022;Gattatico;Gattatico;;Nord-est;Emilia-Romagna;Reggio nell'Emilia;1;0;0;RE;D934
2;08;035;035023;35023;Gualtieri;Gualtieri;;Nord-est;Emilia-Romagna;Reggio nell'Emilia;1;0;0;RE;E232
2;08;035;035024;35024;Guastalla;Guastalla;;Nord-est;Emilia-Romagna;Reggio nell'Emilia;1;0;0;RE;E253
2;08;035;035025;35025;Ligonchio;Ligonchio;;Nord-est;Emilia-Romagna;Reggio nell'Emilia;1;0;0;RE;E585
2;08;035;035026;35026;Luzzara;Luzzara;;Nord-est;Emilia-Romagna;Reggio nell'Emilia;1;0;0;RE;E772
2;08;035;035027;35027;Montecchio Emilia;Montecchio Emilia;;Nord-est;Emilia-Romagna;Reggio nell'Emilia;1;0;0;RE;F463
2;08;035;035028;35028;Novellara;Novellara;;Nord-est;Emilia-Romagna;Reggio nell'Emilia;1;0;0;RE;F960
2;08;035;035029;35029;Poviglio;Poviglio;;Nord-est;Emilia-Romagna;Reggio nell'Emilia;1;0;0;RE;G947
2;08;035;035030;35030;Quattro Castella;Quattro Castella;;Nord-est;Emilia-Romagna;Reggio nell'Emilia;1;0;0;RE;H122
2;08;035;035031;35031;Ramiseto;Ramiseto;;Nord-est;Emilia-Romagna;Reggio nell'Emilia;1;0;0;RE;G654
2;08;035;035032;35032;Reggiolo;Reggiolo;;Nord-est;Emilia-Romagna;Reggio nell'Emilia;1;0;0;RE;H225
2;08;035;035033;35033;Reggio nell'Emilia;Reggio nell'Emilia;;Nord-est;Emilia-Romagna;Reggio nell'Emilia;1;0;1;RE;H223
2;08;035;035034;35034;Rio Saliceto;Rio Saliceto;;Nord-est;Emilia-Romagna;Reggio nell'Emilia;1;0;0;RE;H298
2;08;035;035035;35035;Rolo;Rolo;;Nord-est;Emilia-Romagna;Reggio nell'Emilia;1;0;0;RE;H500
2;08;035;035036;35036;Rubiera;Rubiera;;Nord-est;Emilia-Romagna;Reggio nell'Emilia;1;0;0;RE;H628
2;08;035;035037;35037;San Martino in Rio;San Martino in Rio;;Nord-est;Emilia-Romagna;Reggio nell'Emilia;1;0;0;RE;I011
2;08;035;035038;35038;San Polo d'Enza;San Polo d'Enza;;Nord-est;Emilia-Romagna;Reggio nell'Emilia;1;0;0;RE;I123
2;08;035;035039;35039;Sant'Ilario d'Enza;Sant'Ilario d'Enza;;Nord-est;Emilia-Romagna;Reggio nell'Emilia;1;0;0;RE;I342
2;08;035;035040;35040;Scandiano;Scandiano;;Nord-est;Emilia-Romagna;Reggio nell'Emilia;1;0;0;RE;I496
2;08;035;035041;35041;Toano;Toano;;Nord-est;Emilia-Romagna;Reggio nell'Emilia;1;0;0;RE;L184
2;08;035;035042;35042;Vetto;Vetto;;Nord-est;Emilia-Romagna;Reggio nell'Emilia;1;0;0;RE;L815
2;08;035;035043;35043;Vezzano sul Crostolo;Vezzano sul Crostolo;;Nord-est;Emilia-Romagna;Reggio nell'Emilia;1;0;0;RE;L820
2;08;035;035044;35044;Viano;Viano;;Nord-est;Emilia-Romagna;Reggio nell'Emilia;1;0;0;RE;L831
2;08;035;035045;35045;Villa Minozzo;Villa Minozzo;;Nord-est;Emilia-Romagna;Reggio nell'Emilia;1;0;0;RE;L969
2;08;036;036001;36001;Bastiglia;Bastiglia;;Nord-est;Emilia-Romagna;Modena;1;0;0;MO;A713
2;08;036;036002;36002;Bomporto;Bomporto;;Nord-est;Emilia-Romagna;Modena;1;0;0;MO;A959
2;08;036;036003;36003;Campogalliano;Campogalliano;;Nord-est;Emilia-Romagna;Modena;1;0;0;MO;B539
2;08;036;036004;36004;Camposanto;Camposanto;;Nord-est;Emilia-Romagna;Modena;1;0;0;MO;B566
2;08;036;036005;36005;Carpi;Carpi;;Nord-est;Emilia-Romagna;Modena;1;0;0;MO;B819
2;08;036;036006;36006;Castelfranco Emilia;Castelfranco Emilia;;Nord-est;Emilia-Romagna;Modena;1;0;0;MO;C107
2;08;036;036007;36007;Castelnuovo Rangone;Castelnuovo Rangone;;Nord-est;Emilia-Romagna;Modena;1;0;0;MO;C242
2;08;036;036008;36008;Castelvetro di Modena;Castelvetro di Modena;;Nord-est;Emilia-Romagna;Modena;1;0;0;MO;C287
2;08;036;036009;36009;Cavezzo;Cavezzo;;Nord-est;Emilia-Romagna;Modena;1;0;0;MO;C398
2;08;036;036010;36010;Concordia sulla Secchia;Concordia sulla Secchia;;Nord-est;Emilia-Romagna;Modena;1;0;0;MO;C951
2;08;036;036011;36011;Fanano;Fanano;;Nord-est;Emilia-Romagna;Modena;1;0;0;MO;D486
2;08;036;036012;36012;Finale Emilia;Finale Emilia;;Nord-est;Emilia-Romagna;Modena;1;0;0;MO;D599
2;08;036;036013;36013;Fiorano Modenese;Fiorano Modenese;;Nord-est;Emilia-Romagna;Modena;1;0;0;MO;D607
2;08;036;036014;36014;Fiumalbo;Fiumalbo;;Nord-est;Emilia-Romagna;Modena;1;0;0;MO;D617
2;08;036;036015;36015;Formigine;Formigine;;Nord-est;Emilia-Romagna;Modena;1;0;0;MO;D711
2;08;036;036016;36016;Frassinoro;Frassinoro;;Nord-est;Emilia-Romagna;Modena;1;0;0;MO;D783
2;08;036;036017;36017;Guiglia;Guiglia;;Nord-est;Emilia-Romagna;Modena;1;0;0;MO;E264
2;08;036;036018;36018;Lama Mocogno;Lama Mocogno;;Nord-est;Emilia-Romagna;Modena;1;0;0;MO;E426
2;08;036;036019;36019;Maranello;Maranello;;Nord-est;Emilia-Romagna;Modena;1;0;0;MO;E904
2;08;036;036020;36020;Marano sul Panaro;Marano sul Panaro;;Nord-est;Emilia-Romagna;Modena;1;0;0;MO;E905
2;08;036;036021;36021;Medolla;Medolla;;Nord-est;Emilia-Romagna;Modena;1;0;0;MO;F087
2;08;036;036022;36022;Mirandola;Mirandola;;Nord-est;Emilia-Romagna;Modena;1;0;0;MO;F240
2;08;036;036023;36023;Modena;Modena;;Nord-est;Emilia-Romagna;Modena;1;0;1;MO;F257
2;08;036;036024;36024;Montecreto;Montecreto;;Nord-est;Emilia-Romagna;Modena;1;0;0;MO;F484
2;08;036;036025;36025;Montefiorino;Montefiorino;;Nord-est;Emilia-Romagna;Modena;1;0;0;MO;F503
2;08;036;036026;36026;Montese;Montese;;Nord-est;Emilia-Romagna;Modena;1;0;0;MO;F642
2;08;036;036027;36027;Nonantola;Nonantola;;Nord-est;Emilia-Romagna;Modena;1;0;0;MO;F930
2;08;036;036028;36028;Novi di Modena;Novi di Modena;;Nord-est;Emilia-Romagna;Modena;1;0;0;MO;F966
2;08;036;036029;36029;Palagano;Palagano;;Nord-est;Emilia-Romagna;Modena;1;0;0;MO;G250
2;08;036;036030;36030;Pavullo nel Frignano;Pavullo nel Frignano;;Nord-est;Emilia-Romagna;Modena;1;0;0;MO;G393
2;08;036;036031;36031;Pievepelago;Pievepelago;;Nord-est;Emilia-Romagna;Modena;1;0;0;MO;G649
2;08;036;036032;36032;Polinago;Polinago;;Nord-est;Emilia-Romagna;Modena;1;0;0;MO;G789
2;08;036;036033;36033;Prignano sulla Secchia;Prignano sulla Secchia;;Nord-est;Emilia-Romagna;Modena;1;0;0;MO;H061
2;08;036;036034;36034;Ravarino;Ravarino;;Nord-est;Emilia-Romagna;Modena;1;0;0;MO;H195
2;08;036;036035;36035;Riolunato;Riolunato;;Nord-est;Emilia-Romagna;Modena;1;0;0;MO;H303
2;08;036;036036;36036;San Cesario sul Panaro;San Cesario sul Panaro;;Nord-est;Emilia-Romagna;Modena;1;0;0;MO;H794
2;08;036;036037;36037;San Felice sul Panaro;San Felice sul Panaro;;Nord-est;Emilia-Romagna;Modena;1;0;0;MO;H835
2;08;036;036038;36038;San Possidonio;San Possidonio;;Nord-est;Emilia-Romagna;Modena;1;0;0;MO;I128
2;08;036;036039;36039;San Prospero;San Prospero;;Nord-est;Emilia-Romagna;Modena;1;0;0;MO;I133
2;08;036;036040;36040;Sassuolo;Sassuolo;;Nord-est;Emilia-Romagna;Modena;1;0;0;MO;I462
2;08;036;036041;36041;Savignano sul Panaro;Savignano sul Panaro;;Nord-est;Emilia-Romagna;Modena;1;0;0;MO;I473
2;08;036;036042;36042;Serramazzoni;Serramazzoni;;Nord-est;Emilia-Romagna;Modena;1;0;0;MO;F357
2;08;036;036043;36043;Sestola;Sestola;;Nord-est;Emilia-Romagna;Modena;1;0;0;MO;I689
2;08;036;036044;36044;Soliera;Soliera;;Nord-est;Emilia-Romagna;Modena;1;0;0;MO;I802
2;08;036;036045;36045;Spilamberto;Spilamberto;;Nord-est;Emilia-Romagna;Modena;1;0;0;MO;I903
2;08;036;036046;36046;Vignola;Vignola;;Nord-est;Emilia-Romagna;Modena;1;0;0;MO;L885
2;08;036;036047;36047;Zocca;Zocca;;Nord-est;Emilia-Romagna;Modena;1;0;0;MO;M183
2;08;037;037001;37001;Anzola dell'Emilia;Anzola dell'Emilia;;Nord-est;Emilia-Romagna;Bologna;1;0;0;BO;A324
2;08;037;037002;37002;Argelato;Argelato;;Nord-est;Emilia-Romagna;Bologna;1;0;0;BO;A392
2;08;037;037003;37003;Baricella;Baricella;;Nord-est;Emilia-Romagna;Bologna;1;0;0;BO;A665
2;08;037;037004;37004;Bazzano;Bazzano;;Nord-est;Emilia-Romagna;Bologna;1;0;0;BO;A726
2;08;037;037005;37005;Bentivoglio;Bentivoglio;;Nord-est;Emilia-Romagna;Bologna;1;0;0;BO;A785
2;08;037;037006;37006;Bologna;Bologna;;Nord-est;Emilia-Romagna;Bologna;1;1;1;BO;A944
2;08;037;037007;37007;Borgo Tossignano;Borgo Tossignano;;Nord-est;Emilia-Romagna;Bologna;1;0;0;BO;B044
2;08;037;037008;37008;Budrio;Budrio;;Nord-est;Emilia-Romagna;Bologna;1;0;0;BO;B249
2;08;037;037009;37009;Calderara di Reno;Calderara di Reno;;Nord-est;Emilia-Romagna;Bologna;1;0;0;BO;B399
2;08;037;037010;37010;Camugnano;Camugnano;;Nord-est;Emilia-Romagna;Bologna;1;0;0;BO;B572
2;08;037;037011;37011;Casalecchio di Reno;Casalecchio di Reno;;Nord-est;Emilia-Romagna;Bologna;1;0;0;BO;B880
2;08;037;037012;37012;Casalfiumanese;Casalfiumanese;;Nord-est;Emilia-Romagna;Bologna;1;0;0;BO;B892
2;08;037;037013;37013;Castel d'Aiano;Castel d'Aiano;;Nord-est;Emilia-Romagna;Bologna;1;0;0;BO;C075
2;08;037;037014;37014;Castel del Rio;Castel del Rio;;Nord-est;Emilia-Romagna;Bologna;1;0;0;BO;C086
2;08;037;037015;37015;Castel di Casio;Castel di Casio;;Nord-est;Emilia-Romagna;Bologna;1;0;0;BO;B969
2;08;037;037016;37016;Castel Guelfo di Bologna;Castel Guelfo di Bologna;;Nord-est;Emilia-Romagna;Bologna;1;0;0;BO;C121
2;08;037;037017;37017;Castello d'Argile;Castello d'Argile;;Nord-est;Emilia-Romagna;Bologna;1;0;0;BO;C185
2;08;037;037018;37018;Castello di Serravalle;Castello di Serravalle;;Nord-est;Emilia-Romagna;Bologna;1;0;0;BO;C191
2;08;037;037019;37019;Castel Maggiore;Castel Maggiore;;Nord-est;Emilia-Romagna;Bologna;1;0;0;BO;C204
2;08;037;037020;37020;Castel San Pietro Terme;Castel San Pietro Terme;;Nord-est;Emilia-Romagna;Bologna;1;0;0;BO;C265
2;08;037;037021;37021;Castenaso;Castenaso;;Nord-est;Emilia-Romagna;Bologna;1;0;0;BO;C292
2;08;037;037022;37022;Castiglione dei Pepoli;Castiglione dei Pepoli;;Nord-est;Emilia-Romagna;Bologna;1;0;0;BO;C296
2;08;037;037023;37023;Crespellano;Crespellano;;Nord-est;Emilia-Romagna;Bologna;1;0;0;BO;D158
2;08;037;037024;37024;Crevalcore;Crevalcore;;Nord-est;Emilia-Romagna;Bologna;1;0;0;BO;D166
2;08;037;037025;37025;Dozza;Dozza;;Nord-est;Emilia-Romagna;Bologna;1;0;0;BO;D360
2;08;037;037026;37026;Fontanelice;Fontanelice;;Nord-est;Emilia-Romagna;Bologna;1;0;0;BO;D668
2;08;037;037027;37027;Gaggio Montano;Gaggio Montano;;Nord-est;Emilia-Romagna;Bologna;1;0;0;BO;D847
2;08;037;037028;37028;Galliera;Galliera;;Nord-est;Emilia-Romagna;Bologna;1;0;0;BO;D878
2;08;037;037029;37029;Granaglione;Granaglione;;Nord-est;Emilia-Romagna;Bologna;1;0;0;BO;E135
2;08;037;037030;37030;Granarolo dell'Emilia;Granarolo dell'Emilia;;Nord-est;Emilia-Romagna;Bologna;1;0;0;BO;E136
2;08;037;037031;37031;Grizzana;Grizzana;;Nord-est;Emilia-Romagna;Bologna;1;0;0;BO;E187
2;08;037;037032;37032;Imola;Imola;;Nord-est;Emilia-Romagna;Bologna;1;0;0;BO;E289
2;08;037;037033;37033;Lizzano in Belvedere;Lizzano in Belvedere;;Nord-est;Emilia-Romagna;Bologna;1;0;0;BO;A771
2;08;037;037034;37034;Loiano;Loiano;;Nord-est;Emilia-Romagna;Bologna;1;0;0;BO;E655
2;08;037;037035;37035;Malalbergo;Malalbergo;;Nord-est;Emilia-Romagna;Bologna;1;0;0;BO;E844
2;08;037;037036;37036;Marzabotto;Marzabotto;;Nord-est;Emilia-Romagna;Bologna;1;0;0;BO;B689
2;08;037;037037;37037;Medicina;Medicina;;Nord-est;Emilia-Romagna;Bologna;1;0;0;BO;F083
2;08;037;037038;37038;Minerbio;Minerbio;;Nord-est;Emilia-Romagna;Bologna;1;0;0;BO;F219
2;08;037;037039;37039;Molinella;Molinella;;Nord-est;Emilia-Romagna;Bologna;1;0;0;BO;F288
2;08;037;037040;37040;Monghidoro;Monghidoro;;Nord-est;Emilia-Romagna;Bologna;1;0;0;BO;F363
2;08;037;037041;37041;Monterenzio;Monterenzio;;Nord-est;Emilia-Romagna;Bologna;1;0;0;BO;F597
2;08;037;037042;37042;Monte San Pietro;Monte San Pietro;;Nord-est;Emilia-Romagna;Bologna;1;0;0;BO;F627
2;08;037;037043;37043;Monteveglio;Monteveglio;;Nord-est;Emilia-Romagna;Bologna;1;0;0;BO;F659
2;08;037;037044;37044;Monzuno;Monzuno;;Nord-est;Emilia-Romagna;Bologna;1;0;0;BO;F706
2;08;037;037045;37045;Mordano;Mordano;;Nord-est;Emilia-Romagna;Bologna;1;0;0;BO;F718
2;08;037;037046;37046;Ozzano dell'Emilia;Ozzano dell'Emilia;;Nord-est;Emilia-Romagna;Bologna;1;0;0;BO;G205
2;08;037;037047;37047;Pianoro;Pianoro;;Nord-est;Emilia-Romagna;Bologna;1;0;0;BO;G570
2;08;037;037048;37048;Pieve di Cento;Pieve di Cento;;Nord-est;Emilia-Romagna;Bologna;1;0;0;BO;G643
2;08;037;037049;37049;Porretta Terme;Porretta Terme;;Nord-est;Emilia-Romagna;Bologna;1;0;0;BO;A558
2;08;037;037050;37050;Sala Bolognese;Sala Bolognese;;Nord-est;Emilia-Romagna;Bologna;1;0;0;BO;H678
2;08;037;037051;37051;San Benedetto Val di Sambro;San Benedetto Val di Sambro;;Nord-est;Emilia-Romagna;Bologna;1;0;0;BO;G566
2;08;037;037052;37052;San Giorgio di Piano;San Giorgio di Piano;;Nord-est;Emilia-Romagna;Bologna;1;0;0;BO;H896
2;08;037;037053;37053;San Giovanni in Persiceto;San Giovanni in Persiceto;;Nord-est;Emilia-Romagna;Bologna;1;0;0;BO;G467
2;08;037;037054;37054;San Lazzaro di Savena;San Lazzaro di Savena;;Nord-est;Emilia-Romagna;Bologna;1;0;0;BO;H945
2;08;037;037055;37055;San Pietro in Casale;San Pietro in Casale;;Nord-est;Emilia-Romagna;Bologna;1;0;0;BO;I110
2;08;037;037056;37056;Sant'Agata Bolognese;Sant'Agata Bolognese;;Nord-est;Emilia-Romagna;Bologna;1;0;0;BO;I191
2;08;037;037057;37057;Sasso Marconi;Sasso Marconi;;Nord-est;Emilia-Romagna;Bologna;1;0;0;BO;G972
2;08;037;037058;37058;Savigno;Savigno;;Nord-est;Emilia-Romagna;Bologna;1;0;0;BO;I474
2;08;037;037059;37059;Vergato;Vergato;;Nord-est;Emilia-Romagna;Bologna;1;0;0;BO;L762
2;08;037;037060;37060;Zola Predosa;Zola Predosa;;Nord-est;Emilia-Romagna;Bologna;1;0;0;BO;M185
2;08;038;038001;38001;Argenta;Argenta;;Nord-est;Emilia-Romagna;Ferrara;1;0;0;FE;A393
2;08;038;038002;38002;Berra;Berra;;Nord-est;Emilia-Romagna;Ferrara;1;0;0;FE;A806
2;08;038;038003;38003;Bondeno;Bondeno;;Nord-est;Emilia-Romagna;Ferrara;1;0;0;FE;A965
2;08;038;038004;38004;Cento;Cento;;Nord-est;Emilia-Romagna;Ferrara;1;0;0;FE;C469
2;08;038;038005;38005;Codigoro;Codigoro;;Nord-est;Emilia-Romagna;Ferrara;1;0;0;FE;C814
2;08;038;038006;38006;Comacchio;Comacchio;;Nord-est;Emilia-Romagna;Ferrara;1;0;0;FE;C912
2;08;038;038007;38007;Copparo;Copparo;;Nord-est;Emilia-Romagna;Ferrara;1;0;0;FE;C980
2;08;038;038008;38008;Ferrara;Ferrara;;Nord-est;Emilia-Romagna;Ferrara;1;0;1;FE;D548
2;08;038;038009;38009;Formignana;Formignana;;Nord-est;Emilia-Romagna;Ferrara;1;0;0;FE;D713
2;08;038;038010;38010;Jolanda di Savoia;Jolanda di Savoia;;Nord-est;Emilia-Romagna;Ferrara;1;0;0;FE;E320
2;08;038;038011;38011;Lagosanto;Lagosanto;;Nord-est;Emilia-Romagna;Ferrara;1;0;0;FE;E410
2;08;038;038012;38012;Masi Torello;Masi Torello;;Nord-est;Emilia-Romagna;Ferrara;1;0;0;FE;F016
2;08;038;038013;38013;Massa Fiscaglia;Massa Fiscaglia;;Nord-est;Emilia-Romagna;Ferrara;1;0;0;FE;F026
2;08;038;038014;38014;Mesola;Mesola;;Nord-est;Emilia-Romagna;Ferrara;1;0;0;FE;F156
2;08;038;038015;38015;Migliarino;Migliarino;;Nord-est;Emilia-Romagna;Ferrara;1;0;0;FE;F198
2;08;038;038016;38016;Mirabello;Mirabello;;Nord-est;Emilia-Romagna;Ferrara;1;0;0;FE;F235
2;08;038;038017;38017;Ostellato;Ostellato;;Nord-est;Emilia-Romagna;Ferrara;1;0;0;FE;G184
2;08;038;038018;38018;Poggio Renatico;Poggio Renatico;;Nord-est;Emilia-Romagna;Ferrara;1;0;0;FE;G768
2;08;038;038019;38019;Portomaggiore;Portomaggiore;;Nord-est;Emilia-Romagna;Ferrara;1;0;0;FE;G916
2;08;038;038020;38020;Ro;Ro;;Nord-est;Emilia-Romagna;Ferrara;1;0;0;FE;H360
2;08;038;038021;38021;Sant'Agostino;Sant'Agostino;;Nord-est;Emilia-Romagna;Ferrara;1;0;0;FE;I209
2;08;038;038022;38022;Vigarano Mainarda;Vigarano Mainarda;;Nord-est;Emilia-Romagna;Ferrara;1;0;0;FE;L868
2;08;038;038023;38023;Voghiera;Voghiera;;Nord-est;Emilia-Romagna;Ferrara;1;0;0;FE;M110
2;08;038;038024;38024;Tresigallo;Tresigallo;;Nord-est;Emilia-Romagna;Ferrara;1;0;0;FE;L390
2;08;038;038025;38025;Goro;Goro;;Nord-est;Emilia-Romagna;Ferrara;1;0;0;FE;E107
2;08;039;039001;39001;Alfonsine;Alfonsine;;Nord-est;Emilia-Romagna;Ravenna;1;0;0;RA;A191
2;08;039;039002;39002;Bagnacavallo;Bagnacavallo;;Nord-est;Emilia-Romagna;Ravenna;1;0;0;RA;A547
2;08;039;039003;39003;Bagnara di Romagna;Bagnara di Romagna;;Nord-est;Emilia-Romagna;Ravenna;1;0;0;RA;A551
2;08;039;039004;39004;Brisighella;Brisighella;;Nord-est;Emilia-Romagna;Ravenna;1;0;0;RA;B188
2;08;039;039005;39005;Casola Valsenio;Casola Valsenio;;Nord-est;Emilia-Romagna;Ravenna;1;0;0;RA;B982
2;08;039;039006;39006;Castel Bolognese;Castel Bolognese;;Nord-est;Emilia-Romagna;Ravenna;1;0;0;RA;C065
2;08;039;039007;39007;Cervia;Cervia;;Nord-est;Emilia-Romagna;Ravenna;1;0;0;RA;C553
2;08;039;039008;39008;Conselice;Conselice;;Nord-est;Emilia-Romagna;Ravenna;1;0;0;RA;C963
2;08;039;039009;39009;Cotignola;Cotignola;;Nord-est;Emilia-Romagna;Ravenna;1;0;0;RA;D121
2;08;039;039010;39010;Faenza;Faenza;;Nord-est;Emilia-Romagna;Ravenna;1;0;0;RA;D458
2;08;039;039011;39011;Fusignano;Fusignano;;Nord-est;Emilia-Romagna;Ravenna;1;0;0;RA;D829
2;08;039;039012;39012;Lugo;Lugo;;Nord-est;Emilia-Romagna;Ravenna;1;0;0;RA;E730
2;08;039;039013;39013;Massa Lombarda;Massa Lombarda;;Nord-est;Emilia-Romagna;Ravenna;1;0;0;RA;F029
2;08;039;039014;39014;Ravenna;Ravenna;;Nord-est;Emilia-Romagna;Ravenna;1;0;1;RA;H199
2;08;039;039015;39015;Riolo Terme;Riolo Terme;;Nord-est;Emilia-Romagna;Ravenna;1;0;0;RA;H302
2;08;039;039016;39016;Russi;Russi;;Nord-est;Emilia-Romagna;Ravenna;1;0;0;RA;H642
2;08;039;039017;39017;Sant'Agata sul Santerno;Sant'Agata sul Santerno;;Nord-est;Emilia-Romagna;Ravenna;1;0;0;RA;I196
2;08;039;039018;39018;Solarolo;Solarolo;;Nord-est;Emilia-Romagna;Ravenna;1;0;0;RA;I787
2;08;040;040001;40001;Bagno di Romagna;Bagno di Romagna;;Nord-est;Emilia-Romagna;Forli;1;0;0;FC;A565
2;08;040;040002;40002;Bellaria-Igea Marina;Bellaria-Igea Marina;;Nord-est;Emilia-Romagna;Forli;1;0;0;FC;A747
2;08;040;040003;40003;Bertinoro;Bertinoro;;Nord-est;Emilia-Romagna;Forli;1;0;0;FC;A809
2;08;040;040004;40004;Borghi;Borghi;;Nord-est;Emilia-Romagna;Forli;1;0;0;FC;B001
2;08;040;040005;40005;Castrocaro Terme e Terra del Sole;Castrocaro Terme e Terra del Sole;;Nord-est;Emilia-Romagna;Forli;1;0;0;FC;C339
2;08;040;040006;40006;Cattolica;Cattolica;;Nord-est;Emilia-Romagna;Forli;1;0;0;FC;C357
2;08;040;040007;40007;Cesena;Cesena;;Nord-est;Emilia-Romagna;Forli;1;0;0;FC;C573
2;08;040;040008;40008;Cesenatico;Cesenatico;;Nord-est;Emilia-Romagna;Forli;1;0;0;FC;C574
2;08;040;040009;40009;Civitella di Romagna;Civitella di Romagna;;Nord-est;Emilia-Romagna;Forli;1;0;0;FC;C777
2;08;040;040010;40010;Coriano;Coriano;;Nord-est;Emilia-Romagna;Forli;1;0;0;FC;D004
2;08;040;040011;40011;Dovadola;Dovadola;;Nord-est;Emilia-Romagna;Forli;1;0;0;FC;D357
2;08;040;040012;40012;Forlì;Forlì;;Nord-est;Emilia-Romagna;Forli;1;0;1;FC;D704
2;08;040;040013;40013;Forlimpopoli;Forlimpopoli;;Nord-est;Emilia-Romagna;Forli;1;0;0;FC;D705
2;08;040;040014;40014;Galeata;Galeata;;Nord-est;Emilia-Romagna;Forli;1;0;0;FC;D867
2;08;040;040015;40015;Gambettola;Gambettola;;Nord-est;Emilia-Romagna;Forli;1;0;0;FC;D899
2;08;040;040016;40016;Gatteo;Gatteo;;Nord-est;Emilia-Romagna;Forli;1;0;0;FC;D935
2;08;040;040017;40017;Gemmano;Gemmano;;Nord-est;Emilia-Romagna;Forli;1;0;0;FC;D961
2;08;040;040018;40018;Longiano;Longiano;;Nord-est;Emilia-Romagna;Forli;1;0;0;FC;E675
2;08;040;040019;40019;Meldola;Meldola;;Nord-est;Emilia-Romagna;Forli;1;0;0;FC;F097
2;08;040;040020;40020;Mercato Saraceno;Mercato Saraceno;;Nord-est;Emilia-Romagna;Forli;1;0;0;FC;F139
2;08;040;040021;40021;Misano Adriatico;Misano Adriatico;;Nord-est;Emilia-Romagna;Forli;1;0;0;FC;F244
2;08;040;040022;40022;Modigliana;Modigliana;;Nord-est;Emilia-Romagna;Forli;1;0;0;FC;F259
2;08;040;040023;40023;Mondaino;Mondaino;;Nord-est;Emilia-Romagna;Forli;1;0;0;FC;F346
2;08;040;040024;40024;Monte Colombo;Monte Colombo;;Nord-est;Emilia-Romagna;Forli;1;0;0;FC;F476
2;08;040;040025;40025;Montefiore Conca;Montefiore Conca;;Nord-est;Emilia-Romagna;Forli;1;0;0;FC;F502
2;08;040;040026;40026;Montegridolfo;Montegridolfo;;Nord-est;Emilia-Romagna;Forli;1;0;0;FC;F523
2;08;040;040027;40027;Montescudo;Montescudo;;Nord-est;Emilia-Romagna;Forli;1;0;0;FC;F641
2;08;040;040028;40028;Montiano;Montiano;;Nord-est;Emilia-Romagna;Forli;1;0;0;FC;F668
2;08;040;040029;40029;Morciano di Romagna;Morciano di Romagna;;Nord-est;Emilia-Romagna;Forli;1;0;0;FC;F715
2;08;040;040030;40030;Poggio Berni;Poggio Berni;;Nord-est;Emilia-Romagna;Forli;1;0;0;FC;G755
2;08;040;040031;40031;Portico e San Benedetto;Portico e San Benedetto;;Nord-est;Emilia-Romagna;Forli;1;0;0;FC;G904
2;08;040;040032;40032;Predappio;Predappio;;Nord-est;Emilia-Romagna;Forli;1;0;0;FC;H017
2;08;040;040033;40033;Premilcuore;Premilcuore;;Nord-est;Emilia-Romagna;Forli;1;0;0;FC;H034
2;08;040;040034;40034;Riccione;Riccione;;Nord-est;Emilia-Romagna;Forli;1;0;0;FC;H274
2;08;040;040035;40035;Rimini;Rimini;;Nord-est;Emilia-Romagna;Forli;1;0;0;FC;H294
2;08;040;040036;40036;Rocca San Casciano;Rocca San Casciano;;Nord-est;Emilia-Romagna;Forli;1;0;0;FC;H437
2;08;040;040037;40037;Roncofreddo;Roncofreddo;;Nord-est;Emilia-Romagna;Forli;1;0;0;FC;H542
2;08;040;040038;40038;Saludecio;Saludecio;;Nord-est;Emilia-Romagna;Forli;1;0;0;FC;H724
2;08;040;040039;40039;San Clemente;San Clemente;;Nord-est;Emilia-Romagna;Forli;1;0;0;FC;H801
2;08;040;040040;40040;San Giovanni in Marignano;San Giovanni in Marignano;;Nord-est;Emilia-Romagna;Forli;1;0;0;FC;H921
2;08;040;040041;40041;San Mauro Pascoli;San Mauro Pascoli;;Nord-est;Emilia-Romagna;Forli;1;0;0;FC;I027
2;08;040;040042;40042;Santarcangelo di Romagna;Santarcangelo di Romagna;;Nord-est;Emilia-Romagna;Forli;1;0;0;FC;I304
2;08;040;040043;40043;Santa Sofia;Santa Sofia;;Nord-est;Emilia-Romagna;Forli;1;0;0;FC;I310
2;08;040;040044;40044;Sarsina;Sarsina;;Nord-est;Emilia-Romagna;Forli;1;0;0;FC;I444
2;08;040;040045;40045;Savignano sul Rubicone;Savignano sul Rubicone;;Nord-est;Emilia-Romagna;Forli;1;0;0;FC;I472
2;08;040;040046;40046;Sogliano al Rubicone;Sogliano al Rubicone;;Nord-est;Emilia-Romagna;Forli;1;0;0;FC;I779
2;08;040;040048;40048;Torriana;Torriana;;Nord-est;Emilia-Romagna;Forli;1;0;0;FC;I550
2;08;040;040049;40049;Tredozio;Tredozio;;Nord-est;Emilia-Romagna;Forli;1;0;0;FC;L361
2;08;040;040050;40050;Verghereto;Verghereto;;Nord-est;Emilia-Romagna;Forli;1;0;0;FC;L764
2;08;040;040051;40051;Verucchio;Verucchio;;Nord-est;Emilia-Romagna;Forli;1;0;0;FC;L797
2;08;040;040804;40804;Sorbano;Sorbano;;Nord-est;Emilia-Romagna;Forli;1;0;0;FC;I842
3;11;041;041001;41001;Acqualagna;Acqualagna;;Centro;Marche;Pesaro e Urbino;1;0;0;PU;A035
3;11;041;041002;41002;Apecchio;Apecchio;;Centro;Marche;Pesaro e Urbino;1;0;0;PU;A327
3;11;041;041003;41003;Auditore;Auditore;;Centro;Marche;Pesaro e Urbino;1;0;0;PU;A493
3;11;041;041004;41004;Barchi;Barchi;;Centro;Marche;Pesaro e Urbino;1;0;0;PU;A639
3;11;041;041005;41005;Belforte all'Isauro;Belforte all'Isauro;;Centro;Marche;Pesaro e Urbino;1;0;0;PU;A740
3;11;041;041006;41006;Borgo Pace;Borgo Pace;;Centro;Marche;Pesaro e Urbino;1;0;0;PU;B026
3;11;041;041007;41007;Cagli;Cagli;;Centro;Marche;Pesaro e Urbino;1;0;0;PU;B352
3;11;041;041008;41008;Cantiano;Cantiano;;Centro;Marche;Pesaro e Urbino;1;0;0;PU;B636
3;11;041;041009;41009;Carpegna;Carpegna;;Centro;Marche;Pesaro e Urbino;1;0;0;PU;B816
3;11;041;041010;41010;Cartoceto;Cartoceto;;Centro;Marche;Pesaro e Urbino;1;0;0;PU;B846
3;11;041;041011;41011;Casteldelci;Casteldelci;;Centro;Marche;Pesaro e Urbino;1;0;0;PU;C080
3;11;041;041012;41012;Colbordolo;Colbordolo;;Centro;Marche;Pesaro e Urbino;1;0;0;PU;C830
3;11;041;041013;41013;Fano;Fano;;Centro;Marche;Pesaro e Urbino;1;0;0;PU;D488
3;11;041;041014;41014;Fermignano;Fermignano;;Centro;Marche;Pesaro e Urbino;1;0;0;PU;D541
3;11;041;041015;41015;Fossombrone;Fossombrone;;Centro;Marche;Pesaro e Urbino;1;0;0;PU;D749
3;11;041;041016;41016;Fratte Rosa;Fratte Rosa;;Centro;Marche;Pesaro e Urbino;1;0;0;PU;D791
3;11;041;041017;41017;Frontino;Frontino;;Centro;Marche;Pesaro e Urbino;1;0;0;PU;D807
3;11;041;041018;41018;Frontone;Frontone;;Centro;Marche;Pesaro e Urbino;1;0;0;PU;D808
3;11;041;041019;41019;Gabicce Mare;Gabicce Mare;;Centro;Marche;Pesaro e Urbino;1;0;0;PU;D836
3;11;041;041020;41020;Gradara;Gradara;;Centro;Marche;Pesaro e Urbino;1;0;0;PU;E122
3;11;041;041021;41021;Isola del Piano;Isola del Piano;;Centro;Marche;Pesaro e Urbino;1;0;0;PU;E351
3;11;041;041022;41022;Lunano;Lunano;;Centro;Marche;Pesaro e Urbino;1;0;0;PU;E743
3;11;041;041023;41023;Macerata Feltria;Macerata Feltria;;Centro;Marche;Pesaro e Urbino;1;0;0;PU;E785
3;11;041;041024;41024;Maiolo;Maiolo;;Centro;Marche;Pesaro e Urbino;1;0;0;PU;E838
3;11;041;041025;41025;Mercatello sul Metauro;Mercatello sul Metauro;;Centro;Marche;Pesaro e Urbino;1;0;0;PU;F135
3;11;041;041026;41026;Mercatino Conca;Mercatino Conca;;Centro;Marche;Pesaro e Urbino;1;0;0;PU;F136
3;11;041;041027;41027;Mombaroccio;Mombaroccio;;Centro;Marche;Pesaro e Urbino;1;0;0;PU;F310
3;11;041;041028;41028;Mondavio;Mondavio;;Centro;Marche;Pesaro e Urbino;1;0;0;PU;F347
3;11;041;041029;41029;Mondolfo;Mondolfo;;Centro;Marche;Pesaro e Urbino;1;0;0;PU;F348
3;11;041;041030;41030;Montecalvo in Foglia;Montecalvo in Foglia;;Centro;Marche;Pesaro e Urbino;1;0;0;PU;F450
3;11;041;041031;41031;Monte Cerignone;Monte Cerignone;;Centro;Marche;Pesaro e Urbino;1;0;0;PU;F467
3;11;041;041032;41032;Monteciccardo;Monteciccardo;;Centro;Marche;Pesaro e Urbino;1;0;0;PU;F474
3;11;041;041033;41033;Montecopiolo;Montecopiolo;;Centro;Marche;Pesaro e Urbino;1;0;0;PU;F478
3;11;041;041034;41034;Montefelcino;Montefelcino;;Centro;Marche;Pesaro e Urbino;1;0;0;PU;F497
3;11;041;041035;41035;Monte Grimano;Monte Grimano;;Centro;Marche;Pesaro e Urbino;1;0;0;PU;F524
3;11;041;041036;41036;Montelabbate;Montelabbate;;Centro;Marche;Pesaro e Urbino;1;0;0;PU;F533
3;11;041;041037;41037;Montemaggiore al Metauro;Montemaggiore al Metauro;;Centro;Marche;Pesaro e Urbino;1;0;0;PU;F555
3;11;041;041038;41038;Monte Porzio;Monte Porzio;;Centro;Marche;Pesaro e Urbino;1;0;0;PU;F589
3;11;041;041039;41039;Novafeltria;Novafeltria;;Centro;Marche;Pesaro e Urbino;1;0;0;PU;F137
3;11;041;041040;41040;Orciano di Pesaro;Orciano di Pesaro;;Centro;Marche;Pesaro e Urbino;1;0;0;PU;G089
3;11;041;041041;41041;Peglio;Peglio;;Centro;Marche;Pesaro e Urbino;1;0;0;PU;G416
3;11;041;041042;41042;Pennabilli;Pennabilli;;Centro;Marche;Pesaro e Urbino;1;0;0;PU;G433
3;11;041;041043;41043;Pergola;Pergola;;Centro;Marche;Pesaro e Urbino;1;0;0;PU;G453
3;11;041;041044;41044;Pesaro;Pesaro;;Centro;Marche;Pesaro e Urbino;1;0;1;PU;G479
3;11;041;041045;41045;Petriano;Petriano;;Centro;Marche;Pesaro e Urbino;1;0;0;PU;G514
3;11;041;041046;41046;Piagge;Piagge;;Centro;Marche;Pesaro e Urbino;1;0;0;PU;G537
3;11;041;041047;41047;Piandimeleto;Piandimeleto;;Centro;Marche;Pesaro e Urbino;1;0;0;PU;G551
3;11;041;041048;41048;Pietrarubbia;Pietrarubbia;;Centro;Marche;Pesaro e Urbino;1;0;0;PU;G627
3;11;041;041049;41049;Piobbico;Piobbico;;Centro;Marche;Pesaro e Urbino;1;0;0;PU;G682
3;11;041;041050;41050;Saltara;Saltara;;Centro;Marche;Pesaro e Urbino;1;0;0;PU;H721
3;11;041;041051;41051;San Costanzo;San Costanzo;;Centro;Marche;Pesaro e Urbino;1;0;0;PU;H809
3;11;041;041052;41052;San Giorgio di Pesaro;San Giorgio di Pesaro;;Centro;Marche;Pesaro e Urbino;1;0;0;PU;H886
3;11;041;041053;41053;San Leo;San Leo;;Centro;Marche;Pesaro e Urbino;1;0;0;PU;H949
3;11;041;041054;41054;San Lorenzo in Campo;San Lorenzo in Campo;;Centro;Marche;Pesaro e Urbino;1;0;0;PU;H958
3;11;041;041055;41055;Sant'Agata Feltria;Sant'Agata Feltria;;Centro;Marche;Pesaro e Urbino;1;0;0;PU;I201
3;11;041;041056;41056;Sant'Angelo in Lizzola;Sant'Angelo in Lizzola;;Centro;Marche;Pesaro e Urbino;1;0;0;PU;I285
3;11;041;041057;41057;Sant'Angelo in Vado;Sant'Angelo in Vado;;Centro;Marche;Pesaro e Urbino;1;0;0;PU;I287
3;11;041;041058;41058;Sant'Ippolito;Sant'Ippolito;;Centro;Marche;Pesaro e Urbino;1;0;0;PU;I344
3;11;041;041059;41059;Sassocorvaro;Sassocorvaro;;Centro;Marche;Pesaro e Urbino;1;0;0;PU;I459
3;11;041;041060;41060;Sassofeltrio;Sassofeltrio;;Centro;Marche;Pesaro e Urbino;1;0;0;PU;I460
3;11;041;041061;41061;Serra Sant'Abbondio;Serra Sant'Abbondio;;Centro;Marche;Pesaro e Urbino;1;0;0;PU;I654
3;11;041;041062;41062;Serrungarina;Serrungarina;;Centro;Marche;Pesaro e Urbino;1;0;0;PU;I670
3;11;041;041063;41063;Talamello;Talamello;;Centro;Marche;Pesaro e Urbino;1;0;0;PU;L034
3;11;041;041064;41064;Tavoleto;Tavoleto;;Centro;Marche;Pesaro e Urbino;1;0;0;PU;L078
3;11;041;041065;41065;Tavullia;Tavullia;;Centro;Marche;Pesaro e Urbino;1;0;0;PU;L081
3;11;041;041066;41066;Urbania;Urbania;;Centro;Marche;Pesaro e Urbino;1;0;0;PU;L498
3;11;041;041067;41067;Urbino;Urbino;;Centro;Marche;Pesaro e Urbino;1;0;0;PU;L500
3;11;042;042001;42001;Agugliano;Agugliano;;Centro;Marche;Ancona;1;0;0;AN;A092
3;11;042;042002;42002;Ancona;Ancona;;Centro;Marche;Ancona;1;1;1;AN;A271
3;11;042;042003;42003;Arcevia;Arcevia;;Centro;Marche;Ancona;1;0;0;AN;A366
3;11;042;042004;42004;Barbara;Barbara;;Centro;Marche;Ancona;1;0;0;AN;A626
3;11;042;042005;42005;Belvedere Ostrense;Belvedere Ostrense;;Centro;Marche;Ancona;1;0;0;AN;A769
3;11;042;042006;42006;Camerano;Camerano;;Centro;Marche;Ancona;1;0;0;AN;B468
3;11;042;042007;42007;Camerata Picena;Camerata Picena;;Centro;Marche;Ancona;1;0;0;AN;B470
3;11;042;042008;42008;Castelbellino;Castelbellino;;Centro;Marche;Ancona;1;0;0;AN;C060
3;11;042;042009;42009;Castel Colonna;Castel Colonna;;Centro;Marche;Ancona;1;0;0;AN;C071
3;11;042;042010;42010;Castelfidardo;Castelfidardo;;Centro;Marche;Ancona;1;0;0;AN;C100
3;11;042;042011;42011;Castelleone di Suasa;Castelleone di Suasa;;Centro;Marche;Ancona;1;0;0;AN;C152
3;11;042;042012;42012;Castelplanio;Castelplanio;;Centro;Marche;Ancona;1;0;0;AN;C248
3;11;042;042013;42013;Cerreto d'Esi;Cerreto d'Esi;;Centro;Marche;Ancona;1;0;0;AN;C524
3;11;042;042014;42014;Chiaravalle;Chiaravalle;;Centro;Marche;Ancona;1;0;0;AN;C615
3;11;042;042015;42015;Corinaldo;Corinaldo;;Centro;Marche;Ancona;1;0;0;AN;D007
3;11;042;042016;42016;Cupramontana;Cupramontana;;Centro;Marche;Ancona;1;0;0;AN;D211
3;11;042;042017;42017;Fabriano;Fabriano;;Centro;Marche;Ancona;1;0;0;AN;D451
3;11;042;042018;42018;Falconara Marittima;Falconara Marittima;;Centro;Marche;Ancona;1;0;0;AN;D472
3;11;042;042019;42019;Filottrano;Filottrano;;Centro;Marche;Ancona;1;0;0;AN;D597
3;11;042;042020;42020;Genga;Genga;;Centro;Marche;Ancona;1;0;0;AN;D965
3;11;042;042021;42021;Jesi;Jesi;;Centro;Marche;Ancona;1;0;0;AN;E388
3;11;042;042022;42022;Loreto;Loreto;;Centro;Marche;Ancona;1;0;0;AN;E690
3;11;042;042023;42023;Maiolati Spontini;Maiolati Spontini;;Centro;Marche;Ancona;1;0;0;AN;E837
3;11;042;042024;42024;Mergo;Mergo;;Centro;Marche;Ancona;1;0;0;AN;F145
3;11;042;042025;42025;Monsano;Monsano;;Centro;Marche;Ancona;1;0;0;AN;F381
3;11;042;042026;42026;Montecarotto;Montecarotto;;Centro;Marche;Ancona;1;0;0;AN;F453
3;11;042;042027;42027;Montemarciano;Montemarciano;;Centro;Marche;Ancona;1;0;0;AN;F560
3;11;042;042028;42028;Monterado;Monterado;;Centro;Marche;Ancona;1;0;0;AN;F593
3;11;042;042029;42029;Monte Roberto;Monte Roberto;;Centro;Marche;Ancona;1;0;0;AN;F600
3;11;042;042030;42030;Monte San Vito;Monte San Vito;;Centro;Marche;Ancona;1;0;0;AN;F634
3;11;042;042031;42031;Morro d'Alba;Morro d'Alba;;Centro;Marche;Ancona;1;0;0;AN;F745
3;11;042;042032;42032;Numana;Numana;;Centro;Marche;Ancona;1;0;0;AN;F978
3;11;042;042033;42033;Offagna;Offagna;;Centro;Marche;Ancona;1;0;0;AN;G003
3;11;042;042034;42034;Osimo;Osimo;;Centro;Marche;Ancona;1;0;0;AN;G157
3;11;042;042035;42035;Ostra;Ostra;;Centro;Marche;Ancona;1;0;0;AN;F401
3;11;042;042036;42036;Ostra Vetere;Ostra Vetere;;Centro;Marche;Ancona;1;0;0;AN;F581
3;11;042;042037;42037;Poggio San Marcello;Poggio San Marcello;;Centro;Marche;Ancona;1;0;0;AN;G771
3;11;042;042038;42038;Polverigi;Polverigi;;Centro;Marche;Ancona;1;0;0;AN;G803
3;11;042;042039;42039;Ripe;Ripe;;Centro;Marche;Ancona;1;0;0;AN;H322
3;11;042;042040;42040;Rosora;Rosora;;Centro;Marche;Ancona;1;0;0;AN;H575
3;11;042;042041;42041;San Marcello;San Marcello;;Centro;Marche;Ancona;1;0;0;AN;H979
3;11;042;042042;42042;San Paolo di Jesi;San Paolo di Jesi;;Centro;Marche;Ancona;1;0;0;AN;I071
3;11;042;042043;42043;Santa Maria Nuova;Santa Maria Nuova;;Centro;Marche;Ancona;1;0;0;AN;I251
3;11;042;042044;42044;Sassoferrato;Sassoferrato;;Centro;Marche;Ancona;1;0;0;AN;I461
3;11;042;042045;42045;Senigallia;Senigallia;;Centro;Marche;Ancona;1;0;0;AN;I608
3;11;042;042046;42046;Serra de' Conti;Serra de' Conti;;Centro;Marche;Ancona;1;0;0;AN;I643
3;11;042;042047;42047;Serra San Quirico;Serra San Quirico;;Centro;Marche;Ancona;1;0;0;AN;I653
3;11;042;042048;42048;Sirolo;Sirolo;;Centro;Marche;Ancona;1;0;0;AN;I758
3;11;042;042049;42049;Staffolo;Staffolo;;Centro;Marche;Ancona;1;0;0;AN;I932
3;11;043;043001;43001;Acquacanina;Acquacanina;;Centro;Marche;Macerata;1;0;0;MC;A031
3;11;043;043002;43002;Apiro;Apiro;;Centro;Marche;Macerata;1;0;0;MC;A329
3;11;043;043003;43003;Appignano;Appignano;;Centro;Marche;Macerata;1;0;0;MC;A334
3;11;043;043004;43004;Belforte del Chienti;Belforte del Chienti;;Centro;Marche;Macerata;1;0;0;MC;A739
3;11;043;043005;43005;Bolognola;Bolognola;;Centro;Marche;Macerata;1;0;0;MC;A947
3;11;043;043006;43006;Caldarola;Caldarola;;Centro;Marche;Macerata;1;0;0;MC;B398
3;11;043;043007;43007;Camerino;Camerino;;Centro;Marche;Macerata;1;0;0;MC;B474
3;11;043;043008;43008;Camporotondo di Fiastrone;Camporotondo di Fiastrone;;Centro;Marche;Macerata;1;0;0;MC;B562
3;11;043;043009;43009;Castelraimondo;Castelraimondo;;Centro;Marche;Macerata;1;0;0;MC;C251
3;11;043;043010;43010;Castelsantangelo sul Nera;Castelsantangelo sul Nera;;Centro;Marche;Macerata;1;0;0;MC;C267
3;11;043;043011;43011;Cessapalombo;Cessapalombo;;Centro;Marche;Macerata;1;0;0;MC;C582
3;11;043;043012;43012;Cingoli;Cingoli;;Centro;Marche;Macerata;1;0;0;MC;C704
3;11;043;043013;43013;Civitanova Marche;Civitanova Marche;;Centro;Marche;Macerata;1;0;0;MC;C770
3;11;043;043014;43014;Colmurano;Colmurano;;Centro;Marche;Macerata;1;0;0;MC;C886
3;11;043;043015;43015;Corridonia;Corridonia;;Centro;Marche;Macerata;1;0;0;MC;D042
3;11;043;043016;43016;Esanatoglia;Esanatoglia;;Centro;Marche;Macerata;1;0;0;MC;D429
3;11;043;043017;43017;Fiastra;Fiastra;;Centro;Marche;Macerata;1;0;0;MC;D564
3;11;043;043018;43018;Fiordimonte;Fiordimonte;;Centro;Marche;Macerata;1;0;0;MC;D609
3;11;043;043019;43019;Fiuminata;Fiuminata;;Centro;Marche;Macerata;1;0;0;MC;D628
3;11;043;043020;43020;Gagliole;Gagliole;;Centro;Marche;Macerata;1;0;0;MC;D853
3;11;043;043021;43021;Gualdo;Gualdo;;Centro;Marche;Macerata;1;0;0;MC;E228
3;11;043;043022;43022;Loro Piceno;Loro Piceno;;Centro;Marche;Macerata;1;0;0;MC;E694
3;11;043;043023;43023;Macerata;Macerata;;Centro;Marche;Macerata;1;0;1;MC;E783
3;11;043;043024;43024;Matelica;Matelica;;Centro;Marche;Macerata;1;0;0;MC;F051
3;11;043;043025;43025;Mogliano;Mogliano;;Centro;Marche;Macerata;1;0;0;MC;F268
3;11;043;043026;43026;Montecassiano;Montecassiano;;Centro;Marche;Macerata;1;0;0;MC;F454
3;11;043;043027;43027;Monte Cavallo;Monte Cavallo;;Centro;Marche;Macerata;1;0;0;MC;F460
3;11;043;043028;43028;Montecosaro;Montecosaro;;Centro;Marche;Macerata;1;0;0;MC;F482
3;11;043;043029;43029;Montefano;Montefano;;Centro;Marche;Macerata;1;0;0;MC;F496
3;11;043;043030;43030;Montelupone;Montelupone;;Centro;Marche;Macerata;1;0;0;MC;F552
3;11;043;043031;43031;Monte San Giusto;Monte San Giusto;;Centro;Marche;Macerata;1;0;0;MC;F621
3;11;043;043032;43032;Monte San Martino;Monte San Martino;;Centro;Marche;Macerata;1;0;0;MC;F622
3;11;043;043033;43033;Morrovalle;Morrovalle;;Centro;Marche;Macerata;1;0;0;MC;F749
3;11;043;043034;43034;Muccia;Muccia;;Centro;Marche;Macerata;1;0;0;MC;F793
3;11;043;043035;43035;Penna San Giovanni;Penna San Giovanni;;Centro;Marche;Macerata;1;0;0;MC;G436
3;11;043;043036;43036;Petriolo;Petriolo;;Centro;Marche;Macerata;1;0;0;MC;G515
3;11;043;043037;43037;Pievebovigliana;Pievebovigliana;;Centro;Marche;Macerata;1;0;0;MC;G637
3;11;043;043038;43038;Pieve Torina;Pieve Torina;;Centro;Marche;Macerata;1;0;0;MC;G657
3;11;043;043039;43039;Pioraco;Pioraco;;Centro;Marche;Macerata;1;0;0;MC;G690
3;11;043;043040;43040;Poggio San Vicino;Poggio San Vicino;;Centro;Marche;Macerata;1;0;0;MC;D566
3;11;043;043041;43041;Pollenza;Pollenza;;Centro;Marche;Macerata;1;0;0;MC;F567
3;11;043;043042;43042;Porto Recanati;Porto Recanati;;Centro;Marche;Macerata;1;0;0;MC;G919
3;11;043;043043;43043;Potenza Picena;Potenza Picena;;Centro;Marche;Macerata;1;0;0;MC;F632
3;11;043;043044;43044;Recanati;Recanati;;Centro;Marche;Macerata;1;0;0;MC;H211
3;11;043;043045;43045;Ripe San Ginesio;Ripe San Ginesio;;Centro;Marche;Macerata;1;0;0;MC;H323
3;11;043;043046;43046;San Ginesio;San Ginesio;;Centro;Marche;Macerata;1;0;0;MC;H876
3;11;043;043047;43047;San Severino Marche;San Severino Marche;;Centro;Marche;Macerata;1;0;0;MC;I156
3;11;043;043048;43048;Sant'Angelo in Pontano;Sant'Angelo in Pontano;;Centro;Marche;Macerata;1;0;0;MC;I286
3;11;043;043049;43049;Sarnano;Sarnano;;Centro;Marche;Macerata;1;0;0;MC;I436
3;11;043;043050;43050;Sefro;Sefro;;Centro;Marche;Macerata;1;0;0;MC;I569
3;11;043;043051;43051;Serrapetrona;Serrapetrona;;Centro;Marche;Macerata;1;0;0;MC;I651
3;11;043;043052;43052;Serravalle di Chienti;Serravalle di Chienti;;Centro;Marche;Macerata;1;0;0;MC;I661
3;11;043;043053;43053;Tolentino;Tolentino;;Centro;Marche;Macerata;1;0;0;MC;L191
3;11;043;043054;43054;Treia;Treia;;Centro;Marche;Macerata;1;0;0;MC;L366
3;11;043;043055;43055;Urbisaglia;Urbisaglia;;Centro;Marche;Macerata;1;0;0;MC;L501
3;11;043;043056;43056;Ussita;Ussita;;Centro;Marche;Macerata;1;0;0;MC;L517
3;11;043;043057;43057;Visso;Visso;;Centro;Marche;Macerata;1;0;0;MC;M078
3;11;044;044001;44001;Acquasanta Terme;Acquasanta Terme;;Centro;Marche;Ascoli Piceno;1;0;0;AP;A044
3;11;044;044002;44002;Acquaviva Picena;Acquaviva Picena;;Centro;Marche;Ascoli Piceno;1;0;0;AP;A047
3;11;044;044003;44003;Altidona;Altidona;;Centro;Marche;Ascoli Piceno;1;0;0;AP;A233
3;11;044;044004;44004;Amandola;Amandola;;Centro;Marche;Ascoli Piceno;1;0;0;AP;A252
3;11;044;044005;44005;Appignano del Tronto;Appignano del Tronto;;Centro;Marche;Ascoli Piceno;1;0;0;AP;A335
3;11;044;044006;44006;Arquata del Tronto;Arquata del Tronto;;Centro;Marche;Ascoli Piceno;1;0;0;AP;A437
3;11;044;044007;44007;Ascoli Piceno;Ascoli Piceno;;Centro;Marche;Ascoli Piceno;1;0;1;AP;A462
3;11;044;044008;44008;Belmonte Piceno;Belmonte Piceno;;Centro;Marche;Ascoli Piceno;1;0;0;AP;A760
3;11;044;044009;44009;Campofilone;Campofilone;;Centro;Marche;Ascoli Piceno;1;0;0;AP;B534
3;11;044;044010;44010;Carassai;Carassai;;Centro;Marche;Ascoli Piceno;1;0;0;AP;B727
3;11;044;044011;44011;Castel di Lama;Castel di Lama;;Centro;Marche;Ascoli Piceno;1;0;0;AP;C093
3;11;044;044012;44012;Castignano;Castignano;;Centro;Marche;Ascoli Piceno;1;0;0;AP;C321
3;11;044;044013;44013;Castorano;Castorano;;Centro;Marche;Ascoli Piceno;1;0;0;AP;C331
3;11;044;044014;44014;Colli del Tronto;Colli del Tronto;;Centro;Marche;Ascoli Piceno;1;0;0;AP;C877
3;11;044;044015;44015;Comunanza;Comunanza;;Centro;Marche;Ascoli Piceno;1;0;0;AP;C935
3;11;044;044016;44016;Cossignano;Cossignano;;Centro;Marche;Ascoli Piceno;1;0;0;AP;D096
3;11;044;044017;44017;Cupra Marittima;Cupra Marittima;;Centro;Marche;Ascoli Piceno;1;0;0;AP;D210
3;11;044;044018;44018;Falerone;Falerone;;Centro;Marche;Ascoli Piceno;1;0;0;AP;D477
3;11;044;044019;44019;Fermo;Fermo;;Centro;Marche;Ascoli Piceno;1;0;0;AP;D542
3;11;044;044020;44020;Folignano;Folignano;;Centro;Marche;Ascoli Piceno;1;0;0;AP;D652
3;11;044;044021;44021;Force;Force;;Centro;Marche;Ascoli Piceno;1;0;0;AP;D691
3;11;044;044022;44022;Francavilla d'Ete;Francavilla d'Ete;;Centro;Marche;Ascoli Piceno;1;0;0;AP;D760
3;11;044;044023;44023;Grottammare;Grottammare;;Centro;Marche;Ascoli Piceno;1;0;0;AP;E207
3;11;044;044024;44024;Grottazzolina;Grottazzolina;;Centro;Marche;Ascoli Piceno;1;0;0;AP;E208
3;11;044;044025;44025;Lapedona;Lapedona;;Centro;Marche;Ascoli Piceno;1;0;0;AP;E447
3;11;044;044026;44026;Magliano di Tenna;Magliano di Tenna;;Centro;Marche;Ascoli Piceno;1;0;0;AP;E807
3;11;044;044027;44027;Maltignano;Maltignano;;Centro;Marche;Ascoli Piceno;1;0;0;AP;E868
3;11;044;044028;44028;Massa Fermana;Massa Fermana;;Centro;Marche;Ascoli Piceno;1;0;0;AP;F021
3;11;044;044029;44029;Massignano;Massignano;;Centro;Marche;Ascoli Piceno;1;0;0;AP;F044
3;11;044;044030;44030;Monsampietro Morico;Monsampietro Morico;;Centro;Marche;Ascoli Piceno;1;0;0;AP;F379
3;11;044;044031;44031;Monsampolo del Tronto;Monsampolo del Tronto;;Centro;Marche;Ascoli Piceno;1;0;0;AP;F380
3;11;044;044032;44032;Montalto delle Marche;Montalto delle Marche;;Centro;Marche;Ascoli Piceno;1;0;0;AP;F415
3;11;044;044033;44033;Montappone;Montappone;;Centro;Marche;Ascoli Piceno;1;0;0;AP;F428
3;11;044;044034;44034;Montedinove;Montedinove;;Centro;Marche;Ascoli Piceno;1;0;0;AP;F487
3;11;044;044035;44035;Montefalcone Appennino;Montefalcone Appennino;;Centro;Marche;Ascoli Piceno;1;0;0;AP;F493
3;11;044;044036;44036;Montefiore dell'Aso;Montefiore dell'Aso;;Centro;Marche;Ascoli Piceno;1;0;0;AP;F501
3;11;044;044037;44037;Montefortino;Montefortino;;Centro;Marche;Ascoli Piceno;1;0;0;AP;F509
3;11;044;044038;44038;Montegallo;Montegallo;;Centro;Marche;Ascoli Piceno;1;0;0;AP;F516
3;11;044;044039;44039;Monte Giberto;Monte Giberto;;Centro;Marche;Ascoli Piceno;1;0;0;AP;F517
3;11;044;044040;44040;Montegiorgio;Montegiorgio;;Centro;Marche;Ascoli Piceno;1;0;0;AP;F520
3;11;044;044041;44041;Montegranaro;Montegranaro;;Centro;Marche;Ascoli Piceno;1;0;0;AP;F522
3;11;044;044042;44042;Monteleone di Fermo;Monteleone di Fermo;;Centro;Marche;Ascoli Piceno;1;0;0;AP;F536
3;11;044;044043;44043;Montelparo;Montelparo;;Centro;Marche;Ascoli Piceno;1;0;0;AP;F549
3;11;044;044044;44044;Montemonaco;Montemonaco;;Centro;Marche;Ascoli Piceno;1;0;0;AP;F570
3;11;044;044045;44045;Monteprandone;Monteprandone;;Centro;Marche;Ascoli Piceno;1;0;0;AP;F591
3;11;044;044046;44046;Monte Rinaldo;Monte Rinaldo;;Centro;Marche;Ascoli Piceno;1;0;0;AP;F599
3;11;044;044047;44047;Monterubbiano;Monterubbiano;;Centro;Marche;Ascoli Piceno;1;0;0;AP;F614
3;11;044;044048;44048;Monte San Pietrangeli;Monte San Pietrangeli;;Centro;Marche;Ascoli Piceno;1;0;0;AP;F626
3;11;044;044049;44049;Monte Urano;Monte Urano;;Centro;Marche;Ascoli Piceno;1;0;0;AP;F653
3;11;044;044050;44050;Monte Vidon Combatte;Monte Vidon Combatte;;Centro;Marche;Ascoli Piceno;1;0;0;AP;F664
3;11;044;044051;44051;Monte Vidon Corrado;Monte Vidon Corrado;;Centro;Marche;Ascoli Piceno;1;0;0;AP;F665
3;11;044;044052;44052;Montottone;Montottone;;Centro;Marche;Ascoli Piceno;1;0;0;AP;F697
3;11;044;044053;44053;Moresco;Moresco;;Centro;Marche;Ascoli Piceno;1;0;0;AP;F722
3;11;044;044054;44054;Offida;Offida;;Centro;Marche;Ascoli Piceno;1;0;0;AP;G005
3;11;044;044055;44055;Ortezzano;Ortezzano;;Centro;Marche;Ascoli Piceno;1;0;0;AP;G137
3;11;044;044056;44056;Palmiano;Palmiano;;Centro;Marche;Ascoli Piceno;1;0;0;AP;G289
3;11;044;044057;44057;Pedaso;Pedaso;;Centro;Marche;Ascoli Piceno;1;0;0;AP;G403
3;11;044;044058;44058;Petritoli;Petritoli;;Centro;Marche;Ascoli Piceno;1;0;0;AP;G516
3;11;044;044059;44059;Ponzano di Fermo;Ponzano di Fermo;;Centro;Marche;Ascoli Piceno;1;0;0;AP;G873
3;11;044;044060;44060;Porto San Giorgio;Porto San Giorgio;;Centro;Marche;Ascoli Piceno;1;0;0;AP;G920
3;11;044;044061;44061;Porto Sant'Elpidio;Porto Sant'Elpidio;;Centro;Marche;Ascoli Piceno;1;0;0;AP;G921
3;11;044;044062;44062;Rapagnano;Rapagnano;;Centro;Marche;Ascoli Piceno;1;0;0;AP;H182
3;11;044;044063;44063;Ripatransone;Ripatransone;;Centro;Marche;Ascoli Piceno;1;0;0;AP;H321
3;11;044;044064;44064;Roccafluvione;Roccafluvione;;Centro;Marche;Ascoli Piceno;1;0;0;AP;H390
3;11;044;044065;44065;Rotella;Rotella;;Centro;Marche;Ascoli Piceno;1;0;0;AP;H588
3;11;044;044066;44066;San Benedetto del Tronto;San Benedetto del Tronto;;Centro;Marche;Ascoli Piceno;1;0;0;AP;H769
3;11;044;044067;44067;Santa Vittoria in Matenano;Santa Vittoria in Matenano;;Centro;Marche;Ascoli Piceno;1;0;0;AP;I315
3;11;044;044068;44068;Sant'Elpidio a Mare;Sant'Elpidio a Mare;;Centro;Marche;Ascoli Piceno;1;0;0;AP;I324
3;11;044;044069;44069;Servigliano;Servigliano;;Centro;Marche;Ascoli Piceno;1;0;0;AP;C070
3;11;044;044070;44070;Smerillo;Smerillo;;Centro;Marche;Ascoli Piceno;1;0;0;AP;I774
3;11;044;044071;44071;Spinetoli;Spinetoli;;Centro;Marche;Ascoli Piceno;1;0;0;AP;I912
3;11;044;044072;44072;Torre San Patrizio;Torre San Patrizio;;Centro;Marche;Ascoli Piceno;1;0;0;AP;L279
3;11;044;044073;44073;Venarotta;Venarotta;;Centro;Marche;Ascoli Piceno;1;0;0;AP;L728
3;09;045;045001;45001;Aulla;Aulla;;Centro;Toscana;Massa-Carrara;1;0;0;MS;A496
3;09;045;045002;45002;Bagnone;Bagnone;;Centro;Toscana;Massa-Carrara;1;0;0;MS;A576
3;09;045;045003;45003;Carrara;Carrara;;Centro;Toscana;Massa-Carrara;1;0;0;MS;B832
3;09;045;045004;45004;Casola in Lunigiana;Casola in Lunigiana;;Centro;Toscana;Massa-Carrara;1;0;0;MS;B979
3;09;045;045005;45005;Comano;Comano;;Centro;Toscana;Massa-Carrara;1;0;0;MS;C914
3;09;045;045006;45006;Filattiera;Filattiera;;Centro;Toscana;Massa-Carrara;1;0;0;MS;D590
3;09;045;045007;45007;Fivizzano;Fivizzano;;Centro;Toscana;Massa-Carrara;1;0;0;MS;D629
3;09;045;045008;45008;Fosdinovo;Fosdinovo;;Centro;Toscana;Massa-Carrara;1;0;0;MS;D735
3;09;045;045009;45009;Licciana Nardi;Licciana Nardi;;Centro;Toscana;Massa-Carrara;1;0;0;MS;E574
3;09;045;045010;45010;Massa;Massa;;Centro;Toscana;Massa-Carrara;1;0;1;MS;F023
3;09;045;045011;45011;Montignoso;Montignoso;;Centro;Toscana;Massa-Carrara;1;0;0;MS;F679
3;09;045;045012;45012;Mulazzo;Mulazzo;;Centro;Toscana;Massa-Carrara;1;0;0;MS;F802
3;09;045;045013;45013;Podenzana;Podenzana;;Centro;Toscana;Massa-Carrara;1;0;0;MS;G746
3;09;045;045014;45014;Pontremoli;Pontremoli;;Centro;Toscana;Massa-Carrara;1;0;0;MS;G870
3;09;045;045015;45015;Tresana;Tresana;;Centro;Toscana;Massa-Carrara;1;0;0;MS;L386
3;09;045;045016;45016;Villafranca in Lunigiana;Villafranca in Lunigiana;;Centro;Toscana;Massa-Carrara;1;0;0;MS;L946
3;09;045;045017;45017;Zeri;Zeri;;Centro;Toscana;Massa-Carrara;1;0;0;MS;M169
3;09;046;046001;46001;Altopascio;Altopascio;;Centro;Toscana;Lucca;1;0;0;LU;A241
3;09;046;046002;46002;Bagni di Lucca;Bagni di Lucca;;Centro;Toscana;Lucca;1;0;0;LU;A560
3;09;046;046003;46003;Barga;Barga;;Centro;Toscana;Lucca;1;0;0;LU;A657
3;09;046;046004;46004;Borgo a Mozzano;Borgo a Mozzano;;Centro;Toscana;Lucca;1;0;0;LU;B007
3;09;046;046005;46005;Camaiore;Camaiore;;Centro;Toscana;Lucca;1;0;0;LU;B455
3;09;046;046006;46006;Camporgiano;Camporgiano;;Centro;Toscana;Lucca;1;0;0;LU;B557
3;09;046;046007;46007;Capannori;Capannori;;Centro;Toscana;Lucca;1;0;0;LU;B648
3;09;046;046008;46008;Careggine;Careggine;;Centro;Toscana;Lucca;1;0;0;LU;B760
3;09;046;046009;46009;Castelnuovo di Garfagnana;Castelnuovo di Garfagnana;;Centro;Toscana;Lucca;1;0;0;LU;C236
3;09;046;046010;46010;Castiglione di Garfagnana;Castiglione di Garfagnana;;Centro;Toscana;Lucca;1;0;0;LU;C303
3;09;046;046011;46011;Coreglia Antelminelli;Coreglia Antelminelli;;Centro;Toscana;Lucca;1;0;0;LU;C996
3;09;046;046012;46012;Fabbriche di Vallico;Fabbriche di Vallico;;Centro;Toscana;Lucca;1;0;0;LU;D449
3;09;046;046013;46013;Forte dei Marmi;Forte dei Marmi;;Centro;Toscana;Lucca;1;0;0;LU;D730
3;09;046;046014;46014;Fosciandora;Fosciandora;;Centro;Toscana;Lucca;1;0;0;LU;D734
3;09;046;046015;46015;Gallicano;Gallicano;;Centro;Toscana;Lucca;1;0;0;LU;D874
3;09;046;046016;46016;Giuncugnano;Giuncugnano;;Centro;Toscana;Lucca;1;0;0;LU;E059
3;09;046;046017;46017;Lucca;Lucca;;Centro;Toscana;Lucca;1;0;1;LU;E715
3;09;046;046018;46018;Massarosa;Massarosa;;Centro;Toscana;Lucca;1;0;0;LU;F035
3;09;046;046019;46019;Minucciano;Minucciano;;Centro;Toscana;Lucca;1;0;0;LU;F225
3;09;046;046020;46020;Molazzana;Molazzana;;Centro;Toscana;Lucca;1;0;0;LU;F283
3;09;046;046021;46021;Montecarlo;Montecarlo;;Centro;Toscana;Lucca;1;0;0;LU;F452
3;09;046;046022;46022;Pescaglia;Pescaglia;;Centro;Toscana;Lucca;1;0;0;LU;G480
3;09;046;046023;46023;Piazza al Serchio;Piazza al Serchio;;Centro;Toscana;Lucca;1;0;0;LU;G582
3;09;046;046024;46024;Pietrasanta;Pietrasanta;;Centro;Toscana;Lucca;1;0;0;LU;G628
3;09;046;046025;46025;Pieve Fosciana;Pieve Fosciana;;Centro;Toscana;Lucca;1;0;0;LU;G648
3;09;046;046026;46026;Porcari;Porcari;;Centro;Toscana;Lucca;1;0;0;LU;G882
3;09;046;046027;46027;San Romano in Garfagnana;San Romano in Garfagnana;;Centro;Toscana;Lucca;1;0;0;LU;I142
3;09;046;046028;46028;Seravezza;Seravezza;;Centro;Toscana;Lucca;1;0;0;LU;I622
3;09;046;046029;46029;Sillano;Sillano;;Centro;Toscana;Lucca;1;0;0;LU;I737
3;09;046;046030;46030;Stazzema;Stazzema;;Centro;Toscana;Lucca;1;0;0;LU;I942
3;09;046;046031;46031;Vagli Sotto;Vagli Sotto;;Centro;Toscana;Lucca;1;0;0;LU;L533
3;09;046;046032;46032;Vergemoli;Vergemoli;;Centro;Toscana;Lucca;1;0;0;LU;L763
3;09;046;046033;46033;Viareggio;Viareggio;;Centro;Toscana;Lucca;1;0;0;LU;L833
3;09;046;046034;46034;Villa Basilica;Villa Basilica;;Centro;Toscana;Lucca;1;0;0;LU;L913
3;09;046;046035;46035;Villa Collemandina;Villa Collemandina;;Centro;Toscana;Lucca;1;0;0;LU;L926
3;09;047;047001;47001;Abetone;Abetone;;Centro;Toscana;Pistoia;1;0;0;PT;A012
3;09;047;047002;47002;Agliana;Agliana;;Centro;Toscana;Pistoia;1;0;0;PT;A071
3;09;047;047003;47003;Buggiano;Buggiano;;Centro;Toscana;Pistoia;1;0;0;PT;B251
3;09;047;047004;47004;Cutigliano;Cutigliano;;Centro;Toscana;Pistoia;1;0;0;PT;D235
3;09;047;047005;47005;Lamporecchio;Lamporecchio;;Centro;Toscana;Pistoia;1;0;0;PT;E432
3;09;047;047006;47006;Larciano;Larciano;;Centro;Toscana;Pistoia;1;0;0;PT;E451
3;09;047;047007;47007;Marliana;Marliana;;Centro;Toscana;Pistoia;1;0;0;PT;E960
3;09;047;047008;47008;Massa e Cozzile;Massa e Cozzile;;Centro;Toscana;Pistoia;1;0;0;PT;F025
3;09;047;047009;47009;Monsummano Terme;Monsummano Terme;;Centro;Toscana;Pistoia;1;0;0;PT;F384
3;09;047;047010;47010;Montale;Montale;;Centro;Toscana;Pistoia;1;0;0;PT;F410
3;09;047;047011;47011;Montecatini-Terme;Montecatini-Terme;;Centro;Toscana;Pistoia;1;0;0;PT;A561
3;09;047;047012;47012;Pescia;Pescia;;Centro;Toscana;Pistoia;1;0;0;PT;G491
3;09;047;047013;47013;Pieve a Nievole;Pieve a Nievole;;Centro;Toscana;Pistoia;1;0;0;PT;G636
3;09;047;047014;47014;Pistoia;Pistoia;;Centro;Toscana;Pistoia;1;0;1;PT;G713
3;09;047;047015;47015;Piteglio;Piteglio;;Centro;Toscana;Pistoia;1;0;0;PT;G715
3;09;047;047016;47016;Ponte Buggianese;Ponte Buggianese;;Centro;Toscana;Pistoia;1;0;0;PT;G833
3;09;047;047017;47017;Quarrata;Quarrata;;Centro;Toscana;Pistoia;1;0;0;PT;H109
3;09;047;047018;47018;Sambuca Pistoiese;Sambuca Pistoiese;;Centro;Toscana;Pistoia;1;0;0;PT;H744
3;09;047;047019;47019;San Marcello Pistoiese;San Marcello Pistoiese;;Centro;Toscana;Pistoia;1;0;0;PT;H980
3;09;047;047020;47020;Serravalle Pistoiese;Serravalle Pistoiese;;Centro;Toscana;Pistoia;1;0;0;PT;I660
3;09;047;047021;47021;Uzzano;Uzzano;;Centro;Toscana;Pistoia;1;0;0;PT;L522
3;09;047;047022;47022;Chiesina Uzzanese;Chiesina Uzzanese;;Centro;Toscana;Pistoia;1;0;0;PT;C631
3;09;048;048001;48001;Bagno a Ripoli;Bagno a Ripoli;;Centro;Toscana;Firenze;1;0;0;FI;A564
3;09;048;048002;48002;Barberino di Mugello;Barberino di Mugello;;Centro;Toscana;Firenze;1;0;0;FI;A632
3;09;048;048003;48003;Barberino Val d'Elsa;Barberino Val d'Elsa;;Centro;Toscana;Firenze;1;0;0;FI;A633
3;09;048;048004;48004;Borgo San Lorenzo;Borgo San Lorenzo;;Centro;Toscana;Firenze;1;0;0;FI;B036
3;09;048;048005;48005;Calenzano;Calenzano;;Centro;Toscana;Firenze;1;0;0;FI;B406
3;09;048;048006;48006;Campi Bisenzio;Campi Bisenzio;;Centro;Toscana;Firenze;1;0;0;FI;B507
3;09;048;048007;48007;Cantagallo;Cantagallo;;Centro;Toscana;Firenze;1;0;0;FI;B626
3;09;048;048008;48008;Capraia e Limite;Capraia e Limite;;Centro;Toscana;Firenze;1;0;0;FI;B684
3;09;048;048009;48009;Carmignano;Carmignano;;Centro;Toscana;Firenze;1;0;0;FI;B794
3;09;048;048010;48010;Castelfiorentino;Castelfiorentino;;Centro;Toscana;Firenze;1;0;0;FI;C101
3;09;048;048011;48011;Cerreto Guidi;Cerreto Guidi;;Centro;Toscana;Firenze;1;0;0;FI;C529
3;09;048;048012;48012;Certaldo;Certaldo;;Centro;Toscana;Firenze;1;0;0;FI;C540
3;09;048;048013;48013;Dicomano;Dicomano;;Centro;Toscana;Firenze;1;0;0;FI;D299
3;09;048;048014;48014;Empoli;Empoli;;Centro;Toscana;Firenze;1;0;0;FI;D403
3;09;048;048015;48015;Fiesole;Fiesole;;Centro;Toscana;Firenze;1;0;0;FI;D575
3;09;048;048016;48016;Figline Valdarno;Figline Valdarno;;Centro;Toscana;Firenze;1;0;0;FI;D583
3;09;048;048017;48017;Firenze;Firenze;;Centro;Toscana;Firenze;1;1;1;FI;D612
3;09;048;048018;48018;Firenzuola;Firenzuola;;Centro;Toscana;Firenze;1;0;0;FI;D613
3;09;048;048019;48019;Fucecchio;Fucecchio;;Centro;Toscana;Firenze;1;0;0;FI;D815
3;09;048;048020;48020;Gambassi;Gambassi;;Centro;Toscana;Firenze;1;0;0;FI;D895
3;09;048;048021;48021;Greve;Greve;;Centro;Toscana;Firenze;1;0;0;FI;E169
3;09;048;048022;48022;Impruneta;Impruneta;;Centro;Toscana;Firenze;1;0;0;FI;E291
3;09;048;048023;48023;Incisa in Val d'Arno;Incisa in Val d'Arno;;Centro;Toscana;Firenze;1;0;0;FI;E296
3;09;048;048024;48024;Lastra a Signa;Lastra a Signa;;Centro;Toscana;Firenze;1;0;0;FI;E466
3;09;048;048025;48025;Londa;Londa;;Centro;Toscana;Firenze;1;0;0;FI;E668
3;09;048;048026;48026;Marradi;Marradi;;Centro;Toscana;Firenze;1;0;0;FI;E971
3;09;048;048027;48027;Montaione;Montaione;;Centro;Toscana;Firenze;1;0;0;FI;F398
3;09;048;048028;48028;Montelupo Fiorentino;Montelupo Fiorentino;;Centro;Toscana;Firenze;1;0;0;FI;F551
3;09;048;048029;48029;Montemurlo;Montemurlo;;Centro;Toscana;Firenze;1;0;0;FI;F572
3;09;048;048030;48030;Montespertoli;Montespertoli;;Centro;Toscana;Firenze;1;0;0;FI;F648
3;09;048;048031;48031;Palazzuolo sul Senio;Palazzuolo sul Senio;;Centro;Toscana;Firenze;1;0;0;FI;G270
3;09;048;048032;48032;Pelago;Pelago;;Centro;Toscana;Firenze;1;0;0;FI;G420
3;09;048;048033;48033;Pontassieve;Pontassieve;;Centro;Toscana;Firenze;1;0;0;FI;G825
3;09;048;048034;48034;Prato;Prato;;Centro;Toscana;Firenze;1;0;0;FI;G999
3;09;048;048035;48035;Reggello;Reggello;;Centro;Toscana;Firenze;1;0;0;FI;H222
3;09;048;048036;48036;Rignano sull'Arno;Rignano sull'Arno;;Centro;Toscana;Firenze;1;0;0;FI;H286
3;09;048;048037;48037;Rufina;Rufina;;Centro;Toscana;Firenze;1;0;0;FI;H635
3;09;048;048038;48038;San Casciano in Val di Pesa;San Casciano in Val di Pesa;;Centro;Toscana;Firenze;1;0;0;FI;H791
3;09;048;048039;48039;San Godenzo;San Godenzo;;Centro;Toscana;Firenze;1;0;0;FI;H937
3;09;048;048040;48040;San Piero a Sieve;San Piero a Sieve;;Centro;Toscana;Firenze;1;0;0;FI;I085
3;09;048;048041;48041;Scandicci;Scandicci;;Centro;Toscana;Firenze;1;0;0;FI;B962
3;09;048;048042;48042;Scarperia;Scarperia;;Centro;Toscana;Firenze;1;0;0;FI;I514
3;09;048;048043;48043;Sesto Fiorentino;Sesto Fiorentino;;Centro;Toscana;Firenze;1;0;0;FI;I684
3;09;048;048044;48044;Signa;Signa;;Centro;Toscana;Firenze;1;0;0;FI;I728
3;09;048;048045;48045;Tavarnelle Val di Pesa;Tavarnelle Val di Pesa;;Centro;Toscana;Firenze;1;0;0;FI;L067
3;09;048;048046;48046;Vaglia;Vaglia;;Centro;Toscana;Firenze;1;0;0;FI;L529
3;09;048;048047;48047;Vaiano;Vaiano;;Centro;Toscana;Firenze;1;0;0;FI;L537
3;09;048;048048;48048;Vernio;Vernio;;Centro;Toscana;Firenze;1;0;0;FI;L775
3;09;048;048049;48049;Vicchio;Vicchio;;Centro;Toscana;Firenze;1;0;0;FI;L838
3;09;048;048050;48050;Vinci;Vinci;;Centro;Toscana;Firenze;1;0;0;FI;M059
3;09;048;048051;48051;Poggio a Caiano;Poggio a Caiano;;Centro;Toscana;Firenze;1;0;0;FI;G754
3;09;049;049001;49001;Bibbona;Bibbona;;Centro;Toscana;Livorno;1;0;0;LI;A852
3;09;049;049002;49002;Campiglia Marittima;Campiglia Marittima;;Centro;Toscana;Livorno;1;0;0;LI;B509
3;09;049;049003;49003;Campo nell'Elba;Campo nell'Elba;;Centro;Toscana;Livorno;1;0;0;LI;B553
3;09;049;049004;49004;Capoliveri;Capoliveri;;Centro;Toscana;Livorno;1;0;0;LI;B669
3;09;049;049005;49005;Capraia Isola;Capraia Isola;;Centro;Toscana;Livorno;1;0;0;LI;B685
3;09;049;049006;49006;Castagneto Carducci;Castagneto Carducci;;Centro;Toscana;Livorno;1;0;0;LI;C044
3;09;049;049007;49007;Cecina;Cecina;;Centro;Toscana;Livorno;1;0;0;LI;C415
3;09;049;049008;49008;Collesalvetti;Collesalvetti;;Centro;Toscana;Livorno;1;0;0;LI;C869
3;09;049;049009;49009;Livorno;Livorno;;Centro;Toscana;Livorno;1;0;1;LI;E625
3;09;049;049010;49010;Marciana;Marciana;;Centro;Toscana;Livorno;1;0;0;LI;E930
3;09;049;049011;49011;Marciana Marina;Marciana Marina;;Centro;Toscana;Livorno;1;0;0;LI;E931
3;09;049;049012;49012;Piombino;Piombino;;Centro;Toscana;Livorno;1;0;0;LI;G687
3;09;049;049013;49013;Porto Azzurro;Porto Azzurro;;Centro;Toscana;Livorno;1;0;0;LI;E680
3;09;049;049014;49014;Portoferraio;Portoferraio;;Centro;Toscana;Livorno;1;0;0;LI;G912
3;09;049;049015;49015;Rio Marina;Rio Marina;;Centro;Toscana;Livorno;1;0;0;LI;H305
3;09;049;049016;49016;Rio nell'Elba;Rio nell'Elba;;Centro;Toscana;Livorno;1;0;0;LI;H297
3;09;049;049017;49017;Rosignano Marittimo;Rosignano Marittimo;;Centro;Toscana;Livorno;1;0;0;LI;H570
3;09;049;049018;49018;San Vincenzo;San Vincenzo;;Centro;Toscana;Livorno;1;0;0;LI;I390
3;09;049;049019;49019;Sassetta;Sassetta;;Centro;Toscana;Livorno;1;0;0;LI;I454
3;09;049;049020;49020;Suvereto;Suvereto;;Centro;Toscana;Livorno;1;0;0;LI;L019
3;09;050;050001;50001;Bientina;Bientina;;Centro;Toscana;Pisa;1;0;0;PI;A864
3;09;050;050002;50002;Buti;Buti;;Centro;Toscana;Pisa;1;0;0;PI;B303
3;09;050;050003;50003;Calci;Calci;;Centro;Toscana;Pisa;1;0;0;PI;B390
3;09;050;050004;50004;Calcinaia;Calcinaia;;Centro;Toscana;Pisa;1;0;0;PI;B392
3;09;050;050005;50005;Capannoli;Capannoli;;Centro;Toscana;Pisa;1;0;0;PI;B647
3;09;050;050006;50006;Casale Marittimo;Casale Marittimo;;Centro;Toscana;Pisa;1;0;0;PI;B878
3;09;050;050007;50007;Casciana Terme;Casciana Terme;;Centro;Toscana;Pisa;1;0;0;PI;A559
3;09;050;050008;50008;Cascina;Cascina;;Centro;Toscana;Pisa;1;0;0;PI;B950
3;09;050;050009;50009;Castelfranco di Sotto;Castelfranco di Sotto;;Centro;Toscana;Pisa;1;0;0;PI;C113
3;09;050;050010;50010;Castellina Marittima;Castellina Marittima;;Centro;Toscana;Pisa;1;0;0;PI;C174
3;09;050;050011;50011;Castelnuovo di Val di Cecina;Castelnuovo di Val di Cecina;;Centro;Toscana;Pisa;1;0;0;PI;C244
3;09;050;050012;50012;Chianni;Chianni;;Centro;Toscana;Pisa;1;0;0;PI;C609
3;09;050;050013;50013;Crespina;Crespina;;Centro;Toscana;Pisa;1;0;0;PI;D160
3;09;050;050014;50014;Fauglia;Fauglia;;Centro;Toscana;Pisa;1;0;0;PI;D510
3;09;050;050015;50015;Guardistallo;Guardistallo;;Centro;Toscana;Pisa;1;0;0;PI;E250
3;09;050;050016;50016;Lajatico;Lajatico;;Centro;Toscana;Pisa;1;0;0;PI;E413
3;09;050;050017;50017;Lari;Lari;;Centro;Toscana;Pisa;1;0;0;PI;E455
3;09;050;050018;50018;Lorenzana;Lorenzana;;Centro;Toscana;Pisa;1;0;0;PI;E688
3;09;050;050019;50019;Montecatini Val di Cecina;Montecatini Val di Cecina;;Centro;Toscana;Pisa;1;0;0;PI;F458
3;09;050;050020;50020;Montescudaio;Montescudaio;;Centro;Toscana;Pisa;1;0;0;PI;F640
3;09;050;050021;50021;Monteverdi Marittimo;Monteverdi Marittimo;;Centro;Toscana;Pisa;1;0;0;PI;F661
3;09;050;050022;50022;Montopoli in Val d'Arno;Montopoli in Val d'Arno;;Centro;Toscana;Pisa;1;0;0;PI;F686
3;09;050;050023;50023;Orciano Pisano;Orciano Pisano;;Centro;Toscana;Pisa;1;0;0;PI;G090
3;09;050;050024;50024;Palaia;Palaia;;Centro;Toscana;Pisa;1;0;0;PI;G254
3;09;050;050025;50025;Peccioli;Peccioli;;Centro;Toscana;Pisa;1;0;0;PI;G395
3;09;050;050026;50026;Pisa;Pisa;;Centro;Toscana;Pisa;1;0;1;PI;G702
3;09;050;050027;50027;Pomarance;Pomarance;;Centro;Toscana;Pisa;1;0;0;PI;G804
3;09;050;050028;50028;Ponsacco;Ponsacco;;Centro;Toscana;Pisa;1;0;0;PI;G822
3;09;050;050029;50029;Pontedera;Pontedera;;Centro;Toscana;Pisa;1;0;0;PI;G843
3;09;050;050030;50030;Riparbella;Riparbella;;Centro;Toscana;Pisa;1;0;0;PI;H319
3;09;050;050031;50031;San Giuliano Terme;San Giuliano Terme;;Centro;Toscana;Pisa;1;0;0;PI;A562
3;09;050;050032;50032;San Miniato;San Miniato;;Centro;Toscana;Pisa;1;0;0;PI;I046
3;09;050;050033;50033;Santa Croce sull'Arno;Santa Croce sull'Arno;;Centro;Toscana;Pisa;1;0;0;PI;I177
3;09;050;050034;50034;Santa Luce;Santa Luce;;Centro;Toscana;Pisa;1;0;0;PI;I217
3;09;050;050035;50035;Santa Maria a Monte;Santa Maria a Monte;;Centro;Toscana;Pisa;1;0;0;PI;I232
3;09;050;050036;50036;Terricciola;Terricciola;;Centro;Toscana;Pisa;1;0;0;PI;L138
3;09;050;050037;50037;Vecchiano;Vecchiano;;Centro;Toscana;Pisa;1;0;0;PI;L702
3;09;050;050038;50038;Vicopisano;Vicopisano;;Centro;Toscana;Pisa;1;0;0;PI;L850
3;09;050;050039;50039;Volterra;Volterra;;Centro;Toscana;Pisa;1;0;0;PI;M126
3;09;051;051001;51001;Anghiari;Anghiari;;Centro;Toscana;Arezzo;1;0;0;AR;A291
3;09;051;051002;51002;Arezzo;Arezzo;;Centro;Toscana;Arezzo;1;0;1;AR;A390
3;09;051;051003;51003;Badia Tedalda;Badia Tedalda;;Centro;Toscana;Arezzo;1;0;0;AR;A541
3;09;051;051004;51004;Bibbiena;Bibbiena;;Centro;Toscana;Arezzo;1;0;0;AR;A851
3;09;051;051005;51005;Bucine;Bucine;;Centro;Toscana;Arezzo;1;0;0;AR;B243
3;09;051;051006;51006;Capolona;Capolona;;Centro;Toscana;Arezzo;1;0;0;AR;B670
3;09;051;051007;51007;Caprese Michelangelo;Caprese Michelangelo;;Centro;Toscana;Arezzo;1;0;0;AR;B693
3;09;051;051008;51008;Castel Focognano;Castel Focognano;;Centro;Toscana;Arezzo;1;0;0;AR;C102
3;09;051;051009;51009;Castelfranco di Sopra;Castelfranco di Sopra;;Centro;Toscana;Arezzo;1;0;0;AR;C112
3;09;051;051010;51010;Castel San Niccolò;Castel San Niccolò;;Centro;Toscana;Arezzo;1;0;0;AR;C263
3;09;051;051011;51011;Castiglion Fibocchi;Castiglion Fibocchi;;Centro;Toscana;Arezzo;1;0;0;AR;C318
3;09;051;051012;51012;Castiglion Fiorentino;Castiglion Fiorentino;;Centro;Toscana;Arezzo;1;0;0;AR;C319
3;09;051;051013;51013;Cavriglia;Cavriglia;;Centro;Toscana;Arezzo;1;0;0;AR;C407
3;09;051;051014;51014;Chitignano;Chitignano;;Centro;Toscana;Arezzo;1;0;0;AR;C648
3;09;051;051015;51015;Chiusi della Verna;Chiusi della Verna;;Centro;Toscana;Arezzo;1;0;0;AR;C663
3;09;051;051016;51016;Civitella in Val di Chiana;Civitella in Val di Chiana;;Centro;Toscana;Arezzo;1;0;0;AR;C774
3;09;051;051017;51017;Cortona;Cortona;;Centro;Toscana;Arezzo;1;0;0;AR;D077
3;09;051;051018;51018;Foiano della Chiana;Foiano della Chiana;;Centro;Toscana;Arezzo;1;0;0;AR;D649
3;09;051;051019;51019;Laterina;Laterina;;Centro;Toscana;Arezzo;1;0;0;AR;E468
3;09;051;051020;51020;Loro Ciuffenna;Loro Ciuffenna;;Centro;Toscana;Arezzo;1;0;0;AR;E693
3;09;051;051021;51021;Lucignano;Lucignano;;Centro;Toscana;Arezzo;1;0;0;AR;E718
3;09;051;051022;51022;Marciano della Chiana;Marciano della Chiana;;Centro;Toscana;Arezzo;1;0;0;AR;E933
3;09;051;051023;51023;Montemignaio;Montemignaio;;Centro;Toscana;Arezzo;1;0;0;AR;F565
3;09;051;051024;51024;Monterchi;Monterchi;;Centro;Toscana;Arezzo;1;0;0;AR;F594
3;09;051;051025;51025;Monte San Savino;Monte San Savino;;Centro;Toscana;Arezzo;1;0;0;AR;F628
3;09;051;051026;51026;Montevarchi;Montevarchi;;Centro;Toscana;Arezzo;1;0;0;AR;F656
3;09;051;051027;51027;Ortignano Raggiolo;Ortignano Raggiolo;;Centro;Toscana;Arezzo;1;0;0;AR;G139
3;09;051;051028;51028;Pergine Valdarno;Pergine Valdarno;;Centro;Toscana;Arezzo;1;0;0;AR;G451
3;09;051;051029;51029;Pian di Sco;Pian di Sco;;Centro;Toscana;Arezzo;1;0;0;AR;G552
3;09;051;051030;51030;Pieve Santo Stefano;Pieve Santo Stefano;;Centro;Toscana;Arezzo;1;0;0;AR;G653
3;09;051;051031;51031;Poppi;Poppi;;Centro;Toscana;Arezzo;1;0;0;AR;G879
3;09;051;051032;51032;Pratovecchio;Pratovecchio;;Centro;Toscana;Arezzo;1;0;0;AR;H008
3;09;051;051033;51033;San Giovanni Valdarno;San Giovanni Valdarno;;Centro;Toscana;Arezzo;1;0;0;AR;H901
3;09;051;051034;51034;Sansepolcro;Sansepolcro;;Centro;Toscana;Arezzo;1;0;0;AR;I155
3;09;051;051035;51035;Sestino;Sestino;;Centro;Toscana;Arezzo;1;0;0;AR;I681
3;09;051;051036;51036;Stia;Stia;;Centro;Toscana;Arezzo;1;0;0;AR;I952
3;09;051;051037;51037;Subbiano;Subbiano;;Centro;Toscana;Arezzo;1;0;0;AR;I991
3;09;051;051038;51038;Talla;Talla;;Centro;Toscana;Arezzo;1;0;0;AR;L038
3;09;051;051039;51039;Terranuova Bracciolini;Terranuova Bracciolini;;Centro;Toscana;Arezzo;1;0;0;AR;L123
3;09;052;052001;52001;Abbadia San Salvatore;Abbadia San Salvatore;;Centro;Toscana;Siena;1;0;0;SI;A006
3;09;052;052002;52002;Asciano;Asciano;;Centro;Toscana;Siena;1;0;0;SI;A461
3;09;052;052003;52003;Buonconvento;Buonconvento;;Centro;Toscana;Siena;1;0;0;SI;B269
3;09;052;052004;52004;Casole d'Elsa;Casole d'Elsa;;Centro;Toscana;Siena;1;0;0;SI;B984
3;09;052;052005;52005;Castellina in Chianti;Castellina in Chianti;;Centro;Toscana;Siena;1;0;0;SI;C172
3;09;052;052006;52006;Castelnuovo Berardenga;Castelnuovo Berardenga;;Centro;Toscana;Siena;1;0;0;SI;C227
3;09;052;052007;52007;Castiglione d'Orcia;Castiglione d'Orcia;;Centro;Toscana;Siena;1;0;0;SI;C313
3;09;052;052008;52008;Cetona;Cetona;;Centro;Toscana;Siena;1;0;0;SI;C587
3;09;052;052009;52009;Chianciano Terme;Chianciano Terme;;Centro;Toscana;Siena;1;0;0;SI;C608
3;09;052;052010;52010;Chiusdino;Chiusdino;;Centro;Toscana;Siena;1;0;0;SI;C661
3;09;052;052011;52011;Chiusi;Chiusi;;Centro;Toscana;Siena;1;0;0;SI;C662
3;09;052;052012;52012;Colle di Val d'Elsa;Colle di Val d'Elsa;;Centro;Toscana;Siena;1;0;0;SI;C847
3;09;052;052013;52013;Gaiole in Chianti;Gaiole in Chianti;;Centro;Toscana;Siena;1;0;0;SI;D858
3;09;052;052014;52014;Montalcino;Montalcino;;Centro;Toscana;Siena;1;0;0;SI;F402
3;09;052;052015;52015;Montepulciano;Montepulciano;;Centro;Toscana;Siena;1;0;0;SI;F592
3;09;052;052016;52016;Monteriggioni;Monteriggioni;;Centro;Toscana;Siena;1;0;0;SI;F598
3;09;052;052017;52017;Monteroni d'Arbia;Monteroni d'Arbia;;Centro;Toscana;Siena;1;0;0;SI;F605
3;09;052;052018;52018;Monticiano;Monticiano;;Centro;Toscana;Siena;1;0;0;SI;F676
3;09;052;052019;52019;Murlo;Murlo;;Centro;Toscana;Siena;1;0;0;SI;F815
3;09;052;052020;52020;Piancastagnaio;Piancastagnaio;;Centro;Toscana;Siena;1;0;0;SI;G547
3;09;052;052021;52021;Pienza;Pienza;;Centro;Toscana;Siena;1;0;0;SI;G602
3;09;052;052022;52022;Poggibonsi;Poggibonsi;;Centro;Toscana;Siena;1;0;0;SI;G752
3;09;052;052023;52023;Radda in Chianti;Radda in Chianti;;Centro;Toscana;Siena;1;0;0;SI;H153
3;09;052;052024;52024;Radicofani;Radicofani;;Centro;Toscana;Siena;1;0;0;SI;H156
3;09;052;052025;52025;Radicondoli;Radicondoli;;Centro;Toscana;Siena;1;0;0;SI;H157
3;09;052;052026;52026;Rapolano Terme;Rapolano Terme;;Centro;Toscana;Siena;1;0;0;SI;H185
3;09;052;052027;52027;San Casciano dei Bagni;San Casciano dei Bagni;;Centro;Toscana;Siena;1;0;0;SI;H790
3;09;052;052028;52028;San Gimignano;San Gimignano;;Centro;Toscana;Siena;1;0;0;SI;H875
3;09;052;052029;52029;San Giovanni d'Asso;San Giovanni d'Asso;;Centro;Toscana;Siena;1;0;0;SI;H911
3;09;052;052030;52030;San Quirico d'Orcia;San Quirico d'Orcia;;Centro;Toscana;Siena;1;0;0;SI;I135
3;09;052;052031;52031;Sarteano;Sarteano;;Centro;Toscana;Siena;1;0;0;SI;I445
3;09;052;052032;52032;Siena;Siena;;Centro;Toscana;Siena;1;0;1;SI;I726
3;09;052;052033;52033;Sinalunga;Sinalunga;;Centro;Toscana;Siena;1;0;0;SI;A468
3;09;052;052034;52034;Sovicille;Sovicille;;Centro;Toscana;Siena;1;0;0;SI;I877
3;09;052;052035;52035;Torrita di Siena;Torrita di Siena;;Centro;Toscana;Siena;1;0;0;SI;L303
3;09;052;052036;52036;Trequanda;Trequanda;;Centro;Toscana;Siena;1;0;0;SI;L384
3;09;053;053001;53001;Arcidosso;Arcidosso;;Centro;Toscana;Grosseto;1;0;0;GR;A369
3;09;053;053002;53002;Campagnatico;Campagnatico;;Centro;Toscana;Grosseto;1;0;0;GR;B497
3;09;053;053003;53003;Capalbio;Capalbio;;Centro;Toscana;Grosseto;1;0;0;GR;B646
3;09;053;053004;53004;Castel del Piano;Castel del Piano;;Centro;Toscana;Grosseto;1;0;0;GR;C085
3;09;053;053005;53005;Castell'Azzara;Castell'Azzara;;Centro;Toscana;Grosseto;1;0;0;GR;C147
3;09;053;053006;53006;Castiglione della Pescaia;Castiglione della Pescaia;;Centro;Toscana;Grosseto;1;0;0;GR;C310
3;09;053;053007;53007;Cinigiano;Cinigiano;;Centro;Toscana;Grosseto;1;0;0;GR;C705
3;09;053;053008;53008;Civitella Paganico;Civitella Paganico;;Centro;Toscana;Grosseto;1;0;0;GR;C782
3;09;053;053009;53009;Follonica;Follonica;;Centro;Toscana;Grosseto;1;0;0;GR;D656
3;09;053;053010;53010;Gavorrano;Gavorrano;;Centro;Toscana;Grosseto;1;0;0;GR;D948
3;09;053;053011;53011;Grosseto;Grosseto;;Centro;Toscana;Grosseto;1;0;1;GR;E202
3;09;053;053012;53012;Isola del Giglio;Isola del Giglio;;Centro;Toscana;Grosseto;1;0;0;GR;E348
3;09;053;053013;53013;Magliano in Toscana;Magliano in Toscana;;Centro;Toscana;Grosseto;1;0;0;GR;E810
3;09;053;053014;53014;Manciano;Manciano;;Centro;Toscana;Grosseto;1;0;0;GR;E875
3;09;053;053015;53015;Massa Marittima;Massa Marittima;;Centro;Toscana;Grosseto;1;0;0;GR;F032
3;09;053;053016;53016;Monte Argentario;Monte Argentario;;Centro;Toscana;Grosseto;1;0;0;GR;F437
3;09;053;053017;53017;Montieri;Montieri;;Centro;Toscana;Grosseto;1;0;0;GR;F677
3;09;053;053018;53018;Orbetello;Orbetello;;Centro;Toscana;Grosseto;1;0;0;GR;G088
3;09;053;053019;53019;Pitigliano;Pitigliano;;Centro;Toscana;Grosseto;1;0;0;GR;G716
3;09;053;053020;53020;Roccalbegna;Roccalbegna;;Centro;Toscana;Grosseto;1;0;0;GR;H417
3;09;053;053021;53021;Roccastrada;Roccastrada;;Centro;Toscana;Grosseto;1;0;0;GR;H449
3;09;053;053022;53022;Santa Fiora;Santa Fiora;;Centro;Toscana;Grosseto;1;0;0;GR;I187
3;09;053;053023;53023;Scansano;Scansano;;Centro;Toscana;Grosseto;1;0;0;GR;I504
3;09;053;053024;53024;Scarlino;Scarlino;;Centro;Toscana;Grosseto;1;0;0;GR;I510
3;09;053;053025;53025;Seggiano;Seggiano;;Centro;Toscana;Grosseto;1;0;0;GR;I571
3;09;053;053026;53026;Sorano;Sorano;;Centro;Toscana;Grosseto;1;0;0;GR;I841
3;09;053;053027;53027;Monterotondo Marittimo;Monterotondo Marittimo;;Centro;Toscana;Grosseto;1;0;0;GR;F612
3;09;053;053028;53028;Semproniano;Semproniano;;Centro;Toscana;Grosseto;1;0;0;GR;I601
3;10;054;054001;54001;Assisi;Assisi;;Centro;Umbria;Perugia;1;0;0;PG;A475
3;10;054;054002;54002;Bastia Umbra;Bastia Umbra;;Centro;Umbria;Perugia;1;0;0;PG;A710
3;10;054;054003;54003;Bettona;Bettona;;Centro;Umbria;Perugia;1;0;0;PG;A832
3;10;054;054004;54004;Bevagna;Bevagna;;Centro;Umbria;Perugia;1;0;0;PG;A835
3;10;054;054005;54005;Campello sul Clitunno;Campello sul Clitunno;;Centro;Umbria;Perugia;1;0;0;PG;B504
3;10;054;054006;54006;Cannara;Cannara;;Centro;Umbria;Perugia;1;0;0;PG;B609
3;10;054;054007;54007;Cascia;Cascia;;Centro;Umbria;Perugia;1;0;0;PG;B948
3;10;054;054008;54008;Castel Ritaldi;Castel Ritaldi;;Centro;Umbria;Perugia;1;0;0;PG;C252
3;10;054;054009;54009;Castiglione del Lago;Castiglione del Lago;;Centro;Umbria;Perugia;1;0;0;PG;C309
3;10;054;054010;54010;Cerreto di Spoleto;Cerreto di Spoleto;;Centro;Umbria;Perugia;1;0;0;PG;C527
3;10;054;054011;54011;Citerna;Citerna;;Centro;Umbria;Perugia;1;0;0;PG;C742
3;10;054;054012;54012;Città della Pieve;Città della Pieve;;Centro;Umbria;Perugia;1;0;0;PG;C744
3;10;054;054013;54013;Città di Castello;Città di Castello;;Centro;Umbria;Perugia;1;0;0;PG;C745
3;10;054;054014;54014;Collazzone;Collazzone;;Centro;Umbria;Perugia;1;0;0;PG;C845
3;10;054;054015;54015;Corciano;Corciano;;Centro;Umbria;Perugia;1;0;0;PG;C990
3;10;054;054016;54016;Costacciaro;Costacciaro;;Centro;Umbria;Perugia;1;0;0;PG;D108
3;10;054;054017;54017;Deruta;Deruta;;Centro;Umbria;Perugia;1;0;0;PG;D279
3;10;054;054018;54018;Foligno;Foligno;;Centro;Umbria;Perugia;1;0;0;PG;D653
3;10;054;054019;54019;Fossato di Vico;Fossato di Vico;;Centro;Umbria;Perugia;1;0;0;PG;D745
3;10;054;054020;54020;Fratta Todina;Fratta Todina;;Centro;Umbria;Perugia;1;0;0;PG;D787
3;10;054;054021;54021;Giano dell'Umbria;Giano dell'Umbria;;Centro;Umbria;Perugia;1;0;0;PG;E012
3;10;054;054022;54022;Gualdo Cattaneo;Gualdo Cattaneo;;Centro;Umbria;Perugia;1;0;0;PG;E229
3;10;054;054023;54023;Gualdo Tadino;Gualdo Tadino;;Centro;Umbria;Perugia;1;0;0;PG;E230
3;10;054;054024;54024;Gubbio;Gubbio;;Centro;Umbria;Perugia;1;0;0;PG;E256
3;10;054;054025;54025;Lisciano Niccone;Lisciano Niccone;;Centro;Umbria;Perugia;1;0;0;PG;E613
3;10;054;054026;54026;Magione;Magione;;Centro;Umbria;Perugia;1;0;0;PG;E805
3;10;054;054027;54027;Marsciano;Marsciano;;Centro;Umbria;Perugia;1;0;0;PG;E975
3;10;054;054028;54028;Massa Martana;Massa Martana;;Centro;Umbria;Perugia;1;0;0;PG;F024
3;10;054;054029;54029;Monte Castello di Vibio;Monte Castello di Vibio;;Centro;Umbria;Perugia;1;0;0;PG;F456
3;10;054;054030;54030;Montefalco;Montefalco;;Centro;Umbria;Perugia;1;0;0;PG;F492
3;10;054;054031;54031;Monteleone di Spoleto;Monteleone di Spoleto;;Centro;Umbria;Perugia;1;0;0;PG;F540
3;10;054;054032;54032;Monte Santa Maria Tiberina;Monte Santa Maria Tiberina;;Centro;Umbria;Perugia;1;0;0;PG;F629
3;10;054;054033;54033;Montone;Montone;;Centro;Umbria;Perugia;1;0;0;PG;F685
3;10;054;054034;54034;Nocera Umbra;Nocera Umbra;;Centro;Umbria;Perugia;1;0;0;PG;F911
3;10;054;054035;54035;Norcia;Norcia;;Centro;Umbria;Perugia;1;0;0;PG;F935
3;10;054;054036;54036;Paciano;Paciano;;Centro;Umbria;Perugia;1;0;0;PG;G212
3;10;054;054037;54037;Panicale;Panicale;;Centro;Umbria;Perugia;1;0;0;PG;G308
3;10;054;054038;54038;Passignano sul Trasimeno;Passignano sul Trasimeno;;Centro;Umbria;Perugia;1;0;0;PG;G359
3;10;054;054039;54039;Perugia;Perugia;;Centro;Umbria;Perugia;1;1;1;PG;G478
3;10;054;054040;54040;Piegaro;Piegaro;;Centro;Umbria;Perugia;1;0;0;PG;G601
3;10;054;054041;54041;Pietralunga;Pietralunga;;Centro;Umbria;Perugia;1;0;0;PG;G618
3;10;054;054042;54042;Poggiodomo;Poggiodomo;;Centro;Umbria;Perugia;1;0;0;PG;G758
3;10;054;054043;54043;Preci;Preci;;Centro;Umbria;Perugia;1;0;0;PG;H015
3;10;054;054044;54044;San Giustino;San Giustino;;Centro;Umbria;Perugia;1;0;0;PG;H935
3;10;054;054045;54045;Sant'Anatolia di Narco;Sant'Anatolia di Narco;;Centro;Umbria;Perugia;1;0;0;PG;I263
3;10;054;054046;54046;Scheggia e Pascelupo;Scheggia e Pascelupo;;Centro;Umbria;Perugia;1;0;0;PG;I522
3;10;054;054047;54047;Scheggino;Scheggino;;Centro;Umbria;Perugia;1;0;0;PG;I523
3;10;054;054048;54048;Sellano;Sellano;;Centro;Umbria;Perugia;1;0;0;PG;I585
3;10;054;054049;54049;Sigillo;Sigillo;;Centro;Umbria;Perugia;1;0;0;PG;I727
3;10;054;054050;54050;Spello;Spello;;Centro;Umbria;Perugia;1;0;0;PG;I888
3;10;054;054051;54051;Spoleto;Spoleto;;Centro;Umbria;Perugia;1;0;0;PG;I921
3;10;054;054052;54052;Todi;Todi;;Centro;Umbria;Perugia;1;0;0;PG;L188
3;10;054;054053;54053;Torgiano;Torgiano;;Centro;Umbria;Perugia;1;0;0;PG;L216
3;10;054;054054;54054;Trevi;Trevi;;Centro;Umbria;Perugia;1;0;0;PG;L397
3;10;054;054055;54055;Tuoro sul Trasimeno;Tuoro sul Trasimeno;;Centro;Umbria;Perugia;1;0;0;PG;L466
3;10;054;054056;54056;Umbertide;Umbertide;;Centro;Umbria;Perugia;1;0;0;PG;D786
3;10;054;054057;54057;Valfabbrica;Valfabbrica;;Centro;Umbria;Perugia;1;0;0;PG;L573
3;10;054;054058;54058;Vallo di Nera;Vallo di Nera;;Centro;Umbria;Perugia;1;0;0;PG;L627
3;10;054;054059;54059;Valtopina;Valtopina;;Centro;Umbria;Perugia;1;0;0;PG;L653
3;10;055;055001;55001;Acquasparta;Acquasparta;;Centro;Umbria;Terni;1;0;0;TR;A045
3;10;055;055002;55002;Allerona;Allerona;;Centro;Umbria;Terni;1;0;0;TR;A207
3;10;055;055003;55003;Alviano;Alviano;;Centro;Umbria;Terni;1;0;0;TR;A242
3;10;055;055004;55004;Amelia;Amelia;;Centro;Umbria;Terni;1;0;0;TR;A262
3;10;055;055005;55005;Arrone;Arrone;;Centro;Umbria;Terni;1;0;0;TR;A439
3;10;055;055006;55006;Attigliano;Attigliano;;Centro;Umbria;Terni;1;0;0;TR;A490
3;10;055;055007;55007;Baschi;Baschi;;Centro;Umbria;Terni;1;0;0;TR;A691
3;10;055;055008;55008;Calvi dell'Umbria;Calvi dell'Umbria;;Centro;Umbria;Terni;1;0;0;TR;B446
3;10;055;055009;55009;Castel Giorgio;Castel Giorgio;;Centro;Umbria;Terni;1;0;0;TR;C117
3;10;055;055010;55010;Castel Viscardo;Castel Viscardo;;Centro;Umbria;Terni;1;0;0;TR;C289
3;10;055;055011;55011;Fabro;Fabro;;Centro;Umbria;Terni;1;0;0;TR;D454
3;10;055;055012;55012;Ferentillo;Ferentillo;;Centro;Umbria;Terni;1;0;0;TR;D538
3;10;055;055013;55013;Ficulle;Ficulle;;Centro;Umbria;Terni;1;0;0;TR;D570
3;10;055;055014;55014;Giove;Giove;;Centro;Umbria;Terni;1;0;0;TR;E045
3;10;055;055015;55015;Guardea;Guardea;;Centro;Umbria;Terni;1;0;0;TR;E241
3;10;055;055016;55016;Lugnano in Teverina;Lugnano in Teverina;;Centro;Umbria;Terni;1;0;0;TR;E729
3;10;055;055017;55017;Montecastrilli;Montecastrilli;;Centro;Umbria;Terni;1;0;0;TR;F457
3;10;055;055018;55018;Montecchio;Montecchio;;Centro;Umbria;Terni;1;0;0;TR;F462
3;10;055;055019;55019;Montefranco;Montefranco;;Centro;Umbria;Terni;1;0;0;TR;F510
3;10;055;055020;55020;Montegabbione;Montegabbione;;Centro;Umbria;Terni;1;0;0;TR;F513
3;10;055;055021;55021;Monteleone d'Orvieto;Monteleone d'Orvieto;;Centro;Umbria;Terni;1;0;0;TR;F543
3;10;055;055022;55022;Narni;Narni;;Centro;Umbria;Terni;1;0;0;TR;F844
3;10;055;055023;55023;Orvieto;Orvieto;;Centro;Umbria;Terni;1;0;0;TR;G148
3;10;055;055024;55024;Otricoli;Otricoli;;Centro;Umbria;Terni;1;0;0;TR;G189
3;10;055;055025;55025;Parrano;Parrano;;Centro;Umbria;Terni;1;0;0;TR;G344
3;10;055;055026;55026;Penna in Teverina;Penna in Teverina;;Centro;Umbria;Terni;1;0;0;TR;G432
3;10;055;055027;55027;Polino;Polino;;Centro;Umbria;Terni;1;0;0;TR;G790
3;10;055;055028;55028;Porano;Porano;;Centro;Umbria;Terni;1;0;0;TR;G881
3;10;055;055029;55029;San Gemini;San Gemini;;Centro;Umbria;Terni;1;0;0;TR;H857
3;10;055;055030;55030;San Venanzo;San Venanzo;;Centro;Umbria;Terni;1;0;0;TR;I381
3;10;055;055031;55031;Stroncone;Stroncone;;Centro;Umbria;Terni;1;0;0;TR;I981
3;10;055;055032;55032;Terni;Terni;;Centro;Umbria;Terni;1;0;1;TR;L117
3;12;056;056001;56001;Acquapendente;Acquapendente;;Centro;Lazio;Viterbo;1;0;0;VT;A040
3;12;056;056002;56002;Arlena di Castro;Arlena di Castro;;Centro;Lazio;Viterbo;1;0;0;VT;A412
3;12;056;056003;56003;Bagnoregio;Bagnoregio;;Centro;Lazio;Viterbo;1;0;0;VT;A577
3;12;056;056004;56004;Barbarano Romano;Barbarano Romano;;Centro;Lazio;Viterbo;1;0;0;VT;A628
3;12;056;056005;56005;Bassano di Sutri;Bassano di Sutri;;Centro;Lazio;Viterbo;1;0;0;VT;A704
3;12;056;056006;56006;Bassano in Teverina;Bassano in Teverina;;Centro;Lazio;Viterbo;1;0;0;VT;A706
3;12;056;056007;56007;Blera;Blera;;Centro;Lazio;Viterbo;1;0;0;VT;A857
3;12;056;056008;56008;Bolsena;Bolsena;;Centro;Lazio;Viterbo;1;0;0;VT;A949
3;12;056;056009;56009;Bomarzo;Bomarzo;;Centro;Lazio;Viterbo;1;0;0;VT;A955
3;12;056;056010;56010;Calcata;Calcata;;Centro;Lazio;Viterbo;1;0;0;VT;B388
3;12;056;056011;56011;Canepina;Canepina;;Centro;Lazio;Viterbo;1;0;0;VT;B597
3;12;056;056012;56012;Canino;Canino;;Centro;Lazio;Viterbo;1;0;0;VT;B604
3;12;056;056013;56013;Capodimonte;Capodimonte;;Centro;Lazio;Viterbo;1;0;0;VT;B663
3;12;056;056014;56014;Capranica;Capranica;;Centro;Lazio;Viterbo;1;0;0;VT;B688
3;12;056;056015;56015;Caprarola;Caprarola;;Centro;Lazio;Viterbo;1;0;0;VT;B691
3;12;056;056016;56016;Carbognano;Carbognano;;Centro;Lazio;Viterbo;1;0;0;VT;B735
3;12;056;056017;56017;Castel Sant'Elia;Castel Sant'Elia;;Centro;Lazio;Viterbo;1;0;0;VT;C269
3;12;056;056018;56018;Castiglione in Teverina;Castiglione in Teverina;;Centro;Lazio;Viterbo;1;0;0;VT;C315
3;12;056;056019;56019;Celleno;Celleno;;Centro;Lazio;Viterbo;1;0;0;VT;C446
3;12;056;056020;56020;Cellere;Cellere;;Centro;Lazio;Viterbo;1;0;0;VT;C447
3;12;056;056021;56021;Civita Castellana;Civita Castellana;;Centro;Lazio;Viterbo;1;0;0;VT;C765
3;12;056;056022;56022;Civitella d'Agliano;Civitella d'Agliano;;Centro;Lazio;Viterbo;1;0;0;VT;C780
3;12;056;056023;56023;Corchiano;Corchiano;;Centro;Lazio;Viterbo;1;0;0;VT;C988
3;12;056;056024;56024;Fabrica di Roma;Fabrica di Roma;;Centro;Lazio;Viterbo;1;0;0;VT;D452
3;12;056;056025;56025;Faleria;Faleria;;Centro;Lazio;Viterbo;1;0;0;VT;D475
3;12;056;056026;56026;Farnese;Farnese;;Centro;Lazio;Viterbo;1;0;0;VT;D503
3;12;056;056027;56027;Gallese;Gallese;;Centro;Lazio;Viterbo;1;0;0;VT;D870
3;12;056;056028;56028;Gradoli;Gradoli;;Centro;Lazio;Viterbo;1;0;0;VT;E126
3;12;056;056029;56029;Graffignano;Graffignano;;Centro;Lazio;Viterbo;1;0;0;VT;E128
3;12;056;056030;56030;Grotte di Castro;Grotte di Castro;;Centro;Lazio;Viterbo;1;0;0;VT;E210
3;12;056;056031;56031;Ischia di Castro;Ischia di Castro;;Centro;Lazio;Viterbo;1;0;0;VT;E330
3;12;056;056032;56032;Latera;Latera;;Centro;Lazio;Viterbo;1;0;0;VT;E467
3;12;056;056033;56033;Lubriano;Lubriano;;Centro;Lazio;Viterbo;1;0;0;VT;E713
3;12;056;056034;56034;Marta;Marta;;Centro;Lazio;Viterbo;1;0;0;VT;E978
3;12;056;056035;56035;Montalto di Castro;Montalto di Castro;;Centro;Lazio;Viterbo;1;0;0;VT;F419
3;12;056;056036;56036;Montefiascone;Montefiascone;;Centro;Lazio;Viterbo;1;0;0;VT;F499
3;12;056;056037;56037;Monte Romano;Monte Romano;;Centro;Lazio;Viterbo;1;0;0;VT;F603
3;12;056;056038;56038;Monterosi;Monterosi;;Centro;Lazio;Viterbo;1;0;0;VT;F606
3;12;056;056039;56039;Nepi;Nepi;;Centro;Lazio;Viterbo;1;0;0;VT;F868
3;12;056;056040;56040;Onano;Onano;;Centro;Lazio;Viterbo;1;0;0;VT;G065
3;12;056;056041;56041;Oriolo Romano;Oriolo Romano;;Centro;Lazio;Viterbo;1;0;0;VT;G111
3;12;056;056042;56042;Orte;Orte;;Centro;Lazio;Viterbo;1;0;0;VT;G135
3;12;056;056043;56043;Piansano;Piansano;;Centro;Lazio;Viterbo;1;0;0;VT;G571
3;12;056;056044;56044;Proceno;Proceno;;Centro;Lazio;Viterbo;1;0;0;VT;H071
3;12;056;056045;56045;Ronciglione;Ronciglione;;Centro;Lazio;Viterbo;1;0;0;VT;H534
3;12;056;056046;56046;Villa San Giovanni in Tuscia;Villa San Giovanni in Tuscia;;Centro;Lazio;Viterbo;1;0;0;VT;H913
3;12;056;056047;56047;San Lorenzo Nuovo;San Lorenzo Nuovo;;Centro;Lazio;Viterbo;1;0;0;VT;H969
3;12;056;056048;56048;Soriano nel Cimino;Soriano nel Cimino;;Centro;Lazio;Viterbo;1;0;0;VT;I855
3;12;056;056049;56049;Sutri;Sutri;;Centro;Lazio;Viterbo;1;0;0;VT;L017
3;12;056;056050;56050;Tarquinia;Tarquinia;;Centro;Lazio;Viterbo;1;0;0;VT;D024
3;12;056;056051;56051;Tessennano;Tessennano;;Centro;Lazio;Viterbo;1;0;0;VT;L150
3;12;056;056052;56052;Tuscania;Tuscania;;Centro;Lazio;Viterbo;1;0;0;VT;L310
3;12;056;056053;56053;Valentano;Valentano;;Centro;Lazio;Viterbo;1;0;0;VT;L569
3;12;056;056054;56054;Vallerano;Vallerano;;Centro;Lazio;Viterbo;1;0;0;VT;L612
3;12;056;056055;56055;Vasanello;Vasanello;;Centro;Lazio;Viterbo;1;0;0;VT;A701
3;12;056;056056;56056;Vejano;Vejano;;Centro;Lazio;Viterbo;1;0;0;VT;L713
3;12;056;056057;56057;Vetralla;Vetralla;;Centro;Lazio;Viterbo;1;0;0;VT;L814
3;12;056;056058;56058;Vignanello;Vignanello;;Centro;Lazio;Viterbo;1;0;0;VT;L882
3;12;056;056059;56059;Viterbo;Viterbo;;Centro;Lazio;Viterbo;1;0;1;VT;M082
3;12;056;056060;56060;Vitorchiano;Vitorchiano;;Centro;Lazio;Viterbo;1;0;0;VT;M086
3;12;057;057001;57001;Accumoli;Accumoli;;Centro;Lazio;Rieti;1;0;0;RI;A019
3;12;057;057002;57002;Amatrice;Amatrice;;Centro;Lazio;Rieti;1;0;0;RI;A258
3;12;057;057003;57003;Antrodoco;Antrodoco;;Centro;Lazio;Rieti;1;0;0;RI;A315
3;12;057;057004;57004;Ascrea;Ascrea;;Centro;Lazio;Rieti;1;0;0;RI;A464
3;12;057;057005;57005;Belmonte in Sabina;Belmonte in Sabina;;Centro;Lazio;Rieti;1;0;0;RI;A765
3;12;057;057006;57006;Borbona;Borbona;;Centro;Lazio;Rieti;1;0;0;RI;A981
3;12;057;057007;57007;Borgorose;Borgorose;;Centro;Lazio;Rieti;1;0;0;RI;B008
3;12;057;057008;57008;Borgo Velino;Borgo Velino;;Centro;Lazio;Rieti;1;0;0;RI;A996
3;12;057;057009;57009;Cantalice;Cantalice;;Centro;Lazio;Rieti;1;0;0;RI;B627
3;12;057;057010;57010;Cantalupo in Sabina;Cantalupo in Sabina;;Centro;Lazio;Rieti;1;0;0;RI;B631
3;12;057;057011;57011;Casaprota;Casaprota;;Centro;Lazio;Rieti;1;0;0;RI;B934
3;12;057;057012;57012;Casperia;Casperia;;Centro;Lazio;Rieti;1;0;0;RI;A472
3;12;057;057013;57013;Castel di Tora;Castel di Tora;;Centro;Lazio;Rieti;1;0;0;RI;C098
3;12;057;057014;57014;Castelnuovo di Farfa;Castelnuovo di Farfa;;Centro;Lazio;Rieti;1;0;0;RI;C224
3;12;057;057015;57015;Castel Sant'Angelo;Castel Sant'Angelo;;Centro;Lazio;Rieti;1;0;0;RI;C268
3;12;057;057016;57016;Cittaducale;Cittaducale;;Centro;Lazio;Rieti;1;0;0;RI;C746
3;12;057;057017;57017;Cittareale;Cittareale;;Centro;Lazio;Rieti;1;0;0;RI;C749
3;12;057;057018;57018;Collalto Sabino;Collalto Sabino;;Centro;Lazio;Rieti;1;0;0;RI;C841
3;12;057;057019;57019;Colle di Tora;Colle di Tora;;Centro;Lazio;Rieti;1;0;0;RI;C857
3;12;057;057020;57020;Collegiove;Collegiove;;Centro;Lazio;Rieti;1;0;0;RI;C859
3;12;057;057021;57021;Collevecchio;Collevecchio;;Centro;Lazio;Rieti;1;0;0;RI;C876
3;12;057;057022;57022;Colli sul Velino;Colli sul Velino;;Centro;Lazio;Rieti;1;0;0;RI;C880
3;12;057;057023;57023;Concerviano;Concerviano;;Centro;Lazio;Rieti;1;0;0;RI;C946
3;12;057;057024;57024;Configni;Configni;;Centro;Lazio;Rieti;1;0;0;RI;C959
3;12;057;057025;57025;Contigliano;Contigliano;;Centro;Lazio;Rieti;1;0;0;RI;C969
3;12;057;057026;57026;Cottanello;Cottanello;;Centro;Lazio;Rieti;1;0;0;RI;D124
3;12;057;057027;57027;Fara in Sabina;Fara in Sabina;;Centro;Lazio;Rieti;1;0;0;RI;D493
3;12;057;057028;57028;Fiamignano;Fiamignano;;Centro;Lazio;Rieti;1;0;0;RI;D560
3;12;057;057029;57029;Forano;Forano;;Centro;Lazio;Rieti;1;0;0;RI;D689
3;12;057;057030;57030;Frasso Sabino;Frasso Sabino;;Centro;Lazio;Rieti;1;0;0;RI;D785
3;12;057;057031;57031;Greccio;Greccio;;Centro;Lazio;Rieti;1;0;0;RI;E160
3;12;057;057032;57032;Labro;Labro;;Centro;Lazio;Rieti;1;0;0;RI;E393
3;12;057;057033;57033;Leonessa;Leonessa;;Centro;Lazio;Rieti;1;0;0;RI;E535
3;12;057;057034;57034;Longone Sabino;Longone Sabino;;Centro;Lazio;Rieti;1;0;0;RI;E681
3;12;057;057035;57035;Magliano Sabina;Magliano Sabina;;Centro;Lazio;Rieti;1;0;0;RI;E812
3;12;057;057036;57036;Marcetelli;Marcetelli;;Centro;Lazio;Rieti;1;0;0;RI;E927
3;12;057;057037;57037;Micigliano;Micigliano;;Centro;Lazio;Rieti;1;0;0;RI;F193
3;12;057;057038;57038;Mompeo;Mompeo;;Centro;Lazio;Rieti;1;0;0;RI;F319
3;12;057;057039;57039;Montasola;Montasola;;Centro;Lazio;Rieti;1;0;0;RI;F430
3;12;057;057040;57040;Montebuono;Montebuono;;Centro;Lazio;Rieti;1;0;0;RI;F446
3;12;057;057041;57041;Monteleone Sabino;Monteleone Sabino;;Centro;Lazio;Rieti;1;0;0;RI;F541
3;12;057;057042;57042;Montenero Sabino;Montenero Sabino;;Centro;Lazio;Rieti;1;0;0;RI;F579
3;12;057;057043;57043;Monte San Giovanni in Sabina;Monte San Giovanni in Sabina;;Centro;Lazio;Rieti;1;0;0;RI;F619
3;12;057;057044;57044;Montopoli di Sabina;Montopoli di Sabina;;Centro;Lazio;Rieti;1;0;0;RI;F687
3;12;057;057045;57045;Morro Reatino;Morro Reatino;;Centro;Lazio;Rieti;1;0;0;RI;F746
3;12;057;057046;57046;Nespolo;Nespolo;;Centro;Lazio;Rieti;1;0;0;RI;F876
3;12;057;057047;57047;Orvinio;Orvinio;;Centro;Lazio;Rieti;1;0;0;RI;B595
3;12;057;057048;57048;Paganico Sabino;Paganico Sabino;;Centro;Lazio;Rieti;1;0;0;RI;G232
3;12;057;057049;57049;Pescorocchiano;Pescorocchiano;;Centro;Lazio;Rieti;1;0;0;RI;G498
3;12;057;057050;57050;Petrella Salto;Petrella Salto;;Centro;Lazio;Rieti;1;0;0;RI;G513
3;12;057;057051;57051;Poggio Bustone;Poggio Bustone;;Centro;Lazio;Rieti;1;0;0;RI;G756
3;12;057;057052;57052;Poggio Catino;Poggio Catino;;Centro;Lazio;Rieti;1;0;0;RI;G757
3;12;057;057053;57053;Poggio Mirteto;Poggio Mirteto;;Centro;Lazio;Rieti;1;0;0;RI;G763
3;12;057;057054;57054;Poggio Moiano;Poggio Moiano;;Centro;Lazio;Rieti;1;0;0;RI;G764
3;12;057;057055;57055;Poggio Nativo;Poggio Nativo;;Centro;Lazio;Rieti;1;0;0;RI;G765
3;12;057;057056;57056;Poggio San Lorenzo;Poggio San Lorenzo;;Centro;Lazio;Rieti;1;0;0;RI;G770
3;12;057;057057;57057;Posta;Posta;;Centro;Lazio;Rieti;1;0;0;RI;G934
3;12;057;057058;57058;Pozzaglia Sabino;Pozzaglia Sabino;;Centro;Lazio;Rieti;1;0;0;RI;G951
3;12;057;057059;57059;Rieti;Rieti;;Centro;Lazio;Rieti;1;0;1;RI;H282
3;12;057;057060;57060;Rivodutri;Rivodutri;;Centro;Lazio;Rieti;1;0;0;RI;H354
3;12;057;057061;57061;Roccantica;Roccantica;;Centro;Lazio;Rieti;1;0;0;RI;H427
3;12;057;057062;57062;Rocca Sinibalda;Rocca Sinibalda;;Centro;Lazio;Rieti;1;0;0;RI;H446
3;12;057;057063;57063;Salisano;Salisano;;Centro;Lazio;Rieti;1;0;0;RI;H713
3;12;057;057064;57064;Scandriglia;Scandriglia;;Centro;Lazio;Rieti;1;0;0;RI;I499
3;12;057;057065;57065;Selci;Selci;;Centro;Lazio;Rieti;1;0;0;RI;I581
3;12;057;057066;57066;Stimigliano;Stimigliano;;Centro;Lazio;Rieti;1;0;0;RI;I959
3;12;057;057067;57067;Tarano;Tarano;;Centro;Lazio;Rieti;1;0;0;RI;L046
3;12;057;057068;57068;Toffia;Toffia;;Centro;Lazio;Rieti;1;0;0;RI;L189
3;12;057;057069;57069;Torricella in Sabina;Torricella in Sabina;;Centro;Lazio;Rieti;1;0;0;RI;L293
3;12;057;057070;57070;Torri in Sabina;Torri in Sabina;;Centro;Lazio;Rieti;1;0;0;RI;L286
3;12;057;057071;57071;Turania;Turania;;Centro;Lazio;Rieti;1;0;0;RI;G507
3;12;057;057072;57072;Vacone;Vacone;;Centro;Lazio;Rieti;1;0;0;RI;L525
3;12;057;057073;57073;Varco Sabino;Varco Sabino;;Centro;Lazio;Rieti;1;0;0;RI;L676
3;12;058;058001;58001;Affile;Affile;;Centro;Lazio;Roma;1;0;0;RM;A062
3;12;058;058002;58002;Agosta;Agosta;;Centro;Lazio;Roma;1;0;0;RM;A084
3;12;058;058003;58003;Albano Laziale;Albano Laziale;;Centro;Lazio;Roma;1;0;0;RM;A132
3;12;058;058004;58004;Allumiere;Allumiere;;Centro;Lazio;Roma;1;0;0;RM;A210
3;12;058;058005;58005;Anguillara Sabazia;Anguillara Sabazia;;Centro;Lazio;Roma;1;0;0;RM;A297
3;12;058;058006;58006;Anticoli Corrado;Anticoli Corrado;;Centro;Lazio;Roma;1;0;0;RM;A309
3;12;058;058007;58007;Anzio;Anzio;;Centro;Lazio;Roma;1;0;0;RM;A323
3;12;058;058008;58008;Arcinazzo Romano;Arcinazzo Romano;;Centro;Lazio;Roma;1;0;0;RM;A370
3;12;058;058009;58009;Ariccia;Ariccia;;Centro;Lazio;Roma;1;0;0;RM;A401
3;12;058;058010;58010;Arsoli;Arsoli;;Centro;Lazio;Roma;1;0;0;RM;A446
3;12;058;058011;58011;Artena;Artena;;Centro;Lazio;Roma;1;0;0;RM;A449
3;12;058;058012;58012;Bellegra;Bellegra;;Centro;Lazio;Roma;1;0;0;RM;A749
3;12;058;058013;58013;Bracciano;Bracciano;;Centro;Lazio;Roma;1;0;0;RM;B114
3;12;058;058014;58014;Camerata Nuova;Camerata Nuova;;Centro;Lazio;Roma;1;0;0;RM;B472
3;12;058;058015;58015;Campagnano di Roma;Campagnano di Roma;;Centro;Lazio;Roma;1;0;0;RM;B496
3;12;058;058016;58016;Canale Monterano;Canale Monterano;;Centro;Lazio;Roma;1;0;0;RM;B576
3;12;058;058017;58017;Canterano;Canterano;;Centro;Lazio;Roma;1;0;0;RM;B635
3;12;058;058018;58018;Capena;Capena;;Centro;Lazio;Roma;1;0;0;RM;B649
3;12;058;058019;58019;Capranica Prenestina;Capranica Prenestina;;Centro;Lazio;Roma;1;0;0;RM;B687
3;12;058;058020;58020;Carpineto Romano;Carpineto Romano;;Centro;Lazio;Roma;1;0;0;RM;B828
3;12;058;058021;58021;Casape;Casape;;Centro;Lazio;Roma;1;0;0;RM;B932
3;12;058;058022;58022;Castel Gandolfo;Castel Gandolfo;;Centro;Lazio;Roma;1;0;0;RM;C116
3;12;058;058023;58023;Castel Madama;Castel Madama;;Centro;Lazio;Roma;1;0;0;RM;C203
3;12;058;058024;58024;Castelnuovo di Porto;Castelnuovo di Porto;;Centro;Lazio;Roma;1;0;0;RM;C237
3;12;058;058025;58025;Castel San Pietro Romano;Castel San Pietro Romano;;Centro;Lazio;Roma;1;0;0;RM;C266
3;12;058;058026;58026;Cave;Cave;;Centro;Lazio;Roma;1;0;0;RM;C390
3;12;058;058027;58027;Cerreto Laziale;Cerreto Laziale;;Centro;Lazio;Roma;1;0;0;RM;C518
3;12;058;058028;58028;Cervara di Roma;Cervara di Roma;;Centro;Lazio;Roma;1;0;0;RM;C543
3;12;058;058029;58029;Cerveteri;Cerveteri;;Centro;Lazio;Roma;1;0;0;RM;C552
3;12;058;058030;58030;Ciciliano;Ciciliano;;Centro;Lazio;Roma;1;0;0;RM;C677
3;12;058;058031;58031;Cineto Romano;Cineto Romano;;Centro;Lazio;Roma;1;0;0;RM;C702
3;12;058;058032;58032;Civitavecchia;Civitavecchia;;Centro;Lazio;Roma;1;0;0;RM;C773
3;12;058;058033;58033;Civitella San Paolo;Civitella San Paolo;;Centro;Lazio;Roma;1;0;0;RM;C784
3;12;058;058034;58034;Colleferro;Colleferro;;Centro;Lazio;Roma;1;0;0;RM;C858
3;12;058;058035;58035;Colonna;Colonna;;Centro;Lazio;Roma;1;0;0;RM;C900
3;12;058;058036;58036;Fiano Romano;Fiano Romano;;Centro;Lazio;Roma;1;0;0;RM;D561
3;12;058;058037;58037;Filacciano;Filacciano;;Centro;Lazio;Roma;1;0;0;RM;D586
3;12;058;058038;58038;Formello;Formello;;Centro;Lazio;Roma;1;0;0;RM;D707
3;12;058;058039;58039;Frascati;Frascati;;Centro;Lazio;Roma;1;0;0;RM;D773
3;12;058;058040;58040;Gallicano nel Lazio;Gallicano nel Lazio;;Centro;Lazio;Roma;1;0;0;RM;D875
3;12;058;058041;58041;Gavignano;Gavignano;;Centro;Lazio;Roma;1;0;0;RM;D945
3;12;058;058042;58042;Genazzano;Genazzano;;Centro;Lazio;Roma;1;0;0;RM;D964
3;12;058;058043;58043;Genzano di Roma;Genzano di Roma;;Centro;Lazio;Roma;1;0;0;RM;D972
3;12;058;058044;58044;Gerano;Gerano;;Centro;Lazio;Roma;1;0;0;RM;D978
3;12;058;058045;58045;Gorga;Gorga;;Centro;Lazio;Roma;1;0;0;RM;E091
3;12;058;058046;58046;Grottaferrata;Grottaferrata;;Centro;Lazio;Roma;1;0;0;RM;E204
3;12;058;058047;58047;Guidonia Montecelio;Guidonia Montecelio;;Centro;Lazio;Roma;1;0;0;RM;E263
3;12;058;058048;58048;Jenne;Jenne;;Centro;Lazio;Roma;1;0;0;RM;E382
3;12;058;058049;58049;Labico;Labico;;Centro;Lazio;Roma;1;0;0;RM;E392
3;12;058;058050;58050;Lanuvio;Lanuvio;;Centro;Lazio;Roma;1;0;0;RM;C767
3;12;058;058051;58051;Licenza;Licenza;;Centro;Lazio;Roma;1;0;0;RM;E576
3;12;058;058052;58052;Magliano Romano;Magliano Romano;;Centro;Lazio;Roma;1;0;0;RM;E813
3;12;058;058053;58053;Mandela;Mandela;;Centro;Lazio;Roma;1;0;0;RM;B632
3;12;058;058054;58054;Manziana;Manziana;;Centro;Lazio;Roma;1;0;0;RM;E900
3;12;058;058055;58055;Marano Equo;Marano Equo;;Centro;Lazio;Roma;1;0;0;RM;E908
3;12;058;058056;58056;Marcellina;Marcellina;;Centro;Lazio;Roma;1;0;0;RM;E924
3;12;058;058057;58057;Marino;Marino;;Centro;Lazio;Roma;1;0;0;RM;E958
3;12;058;058058;58058;Mazzano Romano;Mazzano Romano;;Centro;Lazio;Roma;1;0;0;RM;F064
3;12;058;058059;58059;Mentana;Mentana;;Centro;Lazio;Roma;1;0;0;RM;F127
3;12;058;058060;58060;Monte Compatri;Monte Compatri;;Centro;Lazio;Roma;1;0;0;RM;F477
3;12;058;058061;58061;Monteflavio;Monteflavio;;Centro;Lazio;Roma;1;0;0;RM;F504
3;12;058;058062;58062;Montelanico;Montelanico;;Centro;Lazio;Roma;1;0;0;RM;F534
3;12;058;058063;58063;Montelibretti;Montelibretti;;Centro;Lazio;Roma;1;0;0;RM;F545
3;12;058;058064;58064;Monte Porzio Catone;Monte Porzio Catone;;Centro;Lazio;Roma;1;0;0;RM;F590
3;12;058;058065;58065;Monterotondo;Monterotondo;;Centro;Lazio;Roma;1;0;0;RM;F611
3;12;058;058066;58066;Montorio Romano;Montorio Romano;;Centro;Lazio;Roma;1;0;0;RM;F692
3;12;058;058067;58067;Moricone;Moricone;;Centro;Lazio;Roma;1;0;0;RM;F730
3;12;058;058068;58068;Morlupo;Morlupo;;Centro;Lazio;Roma;1;0;0;RM;F734
3;12;058;058069;58069;Nazzano;Nazzano;;Centro;Lazio;Roma;1;0;0;RM;F857
3;12;058;058070;58070;Nemi;Nemi;;Centro;Lazio;Roma;1;0;0;RM;F865
3;12;058;058071;58071;Nerola;Nerola;;Centro;Lazio;Roma;1;0;0;RM;F871
3;12;058;058072;58072;Nettuno;Nettuno;;Centro;Lazio;Roma;1;0;0;RM;F880
3;12;058;058073;58073;Olevano Romano;Olevano Romano;;Centro;Lazio;Roma;1;0;0;RM;G022
3;12;058;058074;58074;Palestrina;Palestrina;;Centro;Lazio;Roma;1;0;0;RM;G274
3;12;058;058075;58075;Palombara Sabina;Palombara Sabina;;Centro;Lazio;Roma;1;0;0;RM;G293
3;12;058;058076;58076;Percile;Percile;;Centro;Lazio;Roma;1;0;0;RM;G444
3;12;058;058077;58077;Pisoniano;Pisoniano;;Centro;Lazio;Roma;1;0;0;RM;G704
3;12;058;058078;58078;Poli;Poli;;Centro;Lazio;Roma;1;0;0;RM;G784
3;12;058;058079;58079;Pomezia;Pomezia;;Centro;Lazio;Roma;1;0;0;RM;G811
3;12;058;058080;58080;Ponzano Romano;Ponzano Romano;;Centro;Lazio;Roma;1;0;0;RM;G874
3;12;058;058081;58081;Riano;Riano;;Centro;Lazio;Roma;1;0;0;RM;H267
3;12;058;058082;58082;Rignano Flaminio;Rignano Flaminio;;Centro;Lazio;Roma;1;0;0;RM;H288
3;12;058;058083;58083;Riofreddo;Riofreddo;;Centro;Lazio;Roma;1;0;0;RM;H300
3;12;058;058084;58084;Rocca Canterano;Rocca Canterano;;Centro;Lazio;Roma;1;0;0;RM;H387
3;12;058;058085;58085;Rocca di Cave;Rocca di Cave;;Centro;Lazio;Roma;1;0;0;RM;H401
3;12;058;058086;58086;Rocca di Papa;Rocca di Papa;;Centro;Lazio;Roma;1;0;0;RM;H404
3;12;058;058087;58087;Roccagiovine;Roccagiovine;;Centro;Lazio;Roma;1;0;0;RM;H411
3;12;058;058088;58088;Rocca Priora;Rocca Priora;;Centro;Lazio;Roma;1;0;0;RM;H432
3;12;058;058089;58089;Rocca Santo Stefano;Rocca Santo Stefano;;Centro;Lazio;Roma;1;0;0;RM;H441
3;12;058;058090;58090;Roiate;Roiate;;Centro;Lazio;Roma;1;0;0;RM;H494
3;12;058;058091;58091;Roma;Roma;;Centro;Lazio;Roma;1;1;1;RM;H501
3;12;058;058092;58092;Roviano;Roviano;;Centro;Lazio;Roma;1;0;0;RM;H618
3;12;058;058093;58093;Sacrofano;Sacrofano;;Centro;Lazio;Roma;1;0;0;RM;H658
3;12;058;058094;58094;Sambuci;Sambuci;;Centro;Lazio;Roma;1;0;0;RM;H745
3;12;058;058095;58095;San Gregorio da Sassola;San Gregorio da Sassola;;Centro;Lazio;Roma;1;0;0;RM;H942
3;12;058;058096;58096;San Polo dei Cavalieri;San Polo dei Cavalieri;;Centro;Lazio;Roma;1;0;0;RM;I125
3;12;058;058097;58097;Santa Marinella;Santa Marinella;;Centro;Lazio;Roma;1;0;0;RM;I255
3;12;058;058098;58098;Sant'Angelo Romano;Sant'Angelo Romano;;Centro;Lazio;Roma;1;0;0;RM;I284
3;12;058;058099;58099;Sant'Oreste;Sant'Oreste;;Centro;Lazio;Roma;1;0;0;RM;I352
3;12;058;058100;58100;San Vito Romano;San Vito Romano;;Centro;Lazio;Roma;1;0;0;RM;I400
3;12;058;058101;58101;Saracinesco;Saracinesco;;Centro;Lazio;Roma;1;0;0;RM;I424
3;12;058;058102;58102;Segni;Segni;;Centro;Lazio;Roma;1;0;0;RM;I573
3;12;058;058103;58103;Subiaco;Subiaco;;Centro;Lazio;Roma;1;0;0;RM;I992
3;12;058;058104;58104;Tivoli;Tivoli;;Centro;Lazio;Roma;1;0;0;RM;L182
3;12;058;058105;58105;Tolfa;Tolfa;;Centro;Lazio;Roma;1;0;0;RM;L192
3;12;058;058106;58106;Torrita Tiberina;Torrita Tiberina;;Centro;Lazio;Roma;1;0;0;RM;L302
3;12;058;058107;58107;Trevignano Romano;Trevignano Romano;;Centro;Lazio;Roma;1;0;0;RM;L401
3;12;058;058108;58108;Vallepietra;Vallepietra;;Centro;Lazio;Roma;1;0;0;RM;L611
3;12;058;058109;58109;Vallinfreda;Vallinfreda;;Centro;Lazio;Roma;1;0;0;RM;L625
3;12;058;058110;58110;Valmontone;Valmontone;;Centro;Lazio;Roma;1;0;0;RM;L639
3;12;058;058111;58111;Velletri;Velletri;;Centro;Lazio;Roma;1;0;0;RM;L719
3;12;058;058112;58112;Vicovaro;Vicovaro;;Centro;Lazio;Roma;1;0;0;RM;L851
3;12;058;058113;58113;Vivaro Romano;Vivaro Romano;;Centro;Lazio;Roma;1;0;0;RM;M095
3;12;058;058114;58114;Zagarolo;Zagarolo;;Centro;Lazio;Roma;1;0;0;RM;M141
3;12;059;059001;59001;Aprilia;Aprilia;;Centro;Lazio;Latina;1;0;0;LT;A341
3;12;059;059002;59002;Bassiano;Bassiano;;Centro;Lazio;Latina;1;0;0;LT;A707
3;12;059;059003;59003;Campodimele;Campodimele;;Centro;Lazio;Latina;1;0;0;LT;B527
3;12;059;059004;59004;Castelforte;Castelforte;;Centro;Lazio;Latina;1;0;0;LT;C104
3;12;059;059005;59005;Cisterna di Latina;Cisterna di Latina;;Centro;Lazio;Latina;1;0;0;LT;C740
3;12;059;059006;59006;Cori;Cori;;Centro;Lazio;Latina;1;0;0;LT;D003
3;12;059;059007;59007;Fondi;Fondi;;Centro;Lazio;Latina;1;0;0;LT;D662
3;12;059;059008;59008;Formia;Formia;;Centro;Lazio;Latina;1;0;0;LT;D708
3;12;059;059009;59009;Gaeta;Gaeta;;Centro;Lazio;Latina;1;0;0;LT;D843
3;12;059;059010;59010;Itri;Itri;;Centro;Lazio;Latina;1;0;0;LT;E375
3;12;059;059011;59011;Latina;Latina;;Centro;Lazio;Latina;1;0;1;LT;E472
3;12;059;059012;59012;Lenola;Lenola;;Centro;Lazio;Latina;1;0;0;LT;E527
3;12;059;059013;59013;Maenza;Maenza;;Centro;Lazio;Latina;1;0;0;LT;E798
3;12;059;059014;59014;Minturno;Minturno;;Centro;Lazio;Latina;1;0;0;LT;F224
3;12;059;059015;59015;Monte San Biagio;Monte San Biagio;;Centro;Lazio;Latina;1;0;0;LT;F616
3;12;059;059016;59016;Norma;Norma;;Centro;Lazio;Latina;1;0;0;LT;F937
3;12;059;059017;59017;Pontinia;Pontinia;;Centro;Lazio;Latina;1;0;0;LT;G865
3;12;059;059018;59018;Ponza;Ponza;;Centro;Lazio;Latina;1;0;0;LT;G871
3;12;059;059019;59019;Priverno;Priverno;;Centro;Lazio;Latina;1;0;0;LT;G698
3;12;059;059020;59020;Prossedi;Prossedi;;Centro;Lazio;Latina;1;0;0;LT;H076
3;12;059;059021;59021;Roccagorga;Roccagorga;;Centro;Lazio;Latina;1;0;0;LT;H413
3;12;059;059022;59022;Rocca Massima;Rocca Massima;;Centro;Lazio;Latina;1;0;0;LT;H421
3;12;059;059023;59023;Roccasecca dei Volsci;Roccasecca dei Volsci;;Centro;Lazio;Latina;1;0;0;LT;H444
3;12;059;059024;59024;Sabaudia;Sabaudia;;Centro;Lazio;Latina;1;0;0;LT;H647
3;12;059;059025;59025;San Felice Circeo;San Felice Circeo;;Centro;Lazio;Latina;1;0;0;LT;H836
3;12;059;059026;59026;Santi Cosma e Damiano;Santi Cosma e Damiano;;Centro;Lazio;Latina;1;0;0;LT;I339
3;12;059;059027;59027;Sermoneta;Sermoneta;;Centro;Lazio;Latina;1;0;0;LT;I634
3;12;059;059028;59028;Sezze;Sezze;;Centro;Lazio;Latina;1;0;0;LT;I712
3;12;059;059029;59029;Sonnino;Sonnino;;Centro;Lazio;Latina;1;0;0;LT;I832
3;12;059;059030;59030;Sperlonga;Sperlonga;;Centro;Lazio;Latina;1;0;0;LT;I892
3;12;059;059031;59031;Spigno Saturnia;Spigno Saturnia;;Centro;Lazio;Latina;1;0;0;LT;I902
3;12;059;059032;59032;Terracina;Terracina;;Centro;Lazio;Latina;1;0;0;LT;L120
3;12;059;059033;59033;Ventotene;Ventotene;;Centro;Lazio;Latina;1;0;0;LT;L742
3;12;060;060001;60001;Acquafondata;Acquafondata;;Centro;Lazio;Frosinone;1;0;0;FR;A032
3;12;060;060002;60002;Acuto;Acuto;;Centro;Lazio;Frosinone;1;0;0;FR;A054
3;12;060;060003;60003;Alatri;Alatri;;Centro;Lazio;Frosinone;1;0;0;FR;A123
3;12;060;060004;60004;Alvito;Alvito;;Centro;Lazio;Frosinone;1;0;0;FR;A244
3;12;060;060005;60005;Amaseno;Amaseno;;Centro;Lazio;Frosinone;1;0;0;FR;A256
3;12;060;060006;60006;Anagni;Anagni;;Centro;Lazio;Frosinone;1;0;0;FR;A269
3;12;060;060007;60007;Aquino;Aquino;;Centro;Lazio;Frosinone;1;0;0;FR;A348
3;12;060;060008;60008;Arce;Arce;;Centro;Lazio;Frosinone;1;0;0;FR;A363
3;12;060;060009;60009;Arnara;Arnara;;Centro;Lazio;Frosinone;1;0;0;FR;A421
3;12;060;060010;60010;Arpino;Arpino;;Centro;Lazio;Frosinone;1;0;0;FR;A433
3;12;060;060011;60011;Atina;Atina;;Centro;Lazio;Frosinone;1;0;0;FR;A486
3;12;060;060012;60012;Ausonia;Ausonia;;Centro;Lazio;Frosinone;1;0;0;FR;A502
3;12;060;060013;60013;Belmonte Castello;Belmonte Castello;;Centro;Lazio;Frosinone;1;0;0;FR;A763
3;12;060;060014;60014;Boville Ernica;Boville Ernica;;Centro;Lazio;Frosinone;1;0;0;FR;A720
3;12;060;060015;60015;Broccostella;Broccostella;;Centro;Lazio;Frosinone;1;0;0;FR;B195
3;12;060;060016;60016;Campoli Appennino;Campoli Appennino;;Centro;Lazio;Frosinone;1;0;0;FR;B543
3;12;060;060017;60017;Casalattico;Casalattico;;Centro;Lazio;Frosinone;1;0;0;FR;B862
3;12;060;060018;60018;Casalvieri;Casalvieri;;Centro;Lazio;Frosinone;1;0;0;FR;B919
3;12;060;060019;60019;Cassino;Cassino;;Centro;Lazio;Frosinone;1;0;0;FR;C034
3;12;060;060020;60020;Castelliri;Castelliri;;Centro;Lazio;Frosinone;1;0;0;FR;C177
3;12;060;060021;60021;Castelnuovo Parano;Castelnuovo Parano;;Centro;Lazio;Frosinone;1;0;0;FR;C223
3;12;060;060022;60022;Castrocielo;Castrocielo;;Centro;Lazio;Frosinone;1;0;0;FR;C340
3;12;060;060023;60023;Castro dei Volsci;Castro dei Volsci;;Centro;Lazio;Frosinone;1;0;0;FR;C338
3;12;060;060024;60024;Ceccano;Ceccano;;Centro;Lazio;Frosinone;1;0;0;FR;C413
3;12;060;060025;60025;Ceprano;Ceprano;;Centro;Lazio;Frosinone;1;0;0;FR;C479
3;12;060;060026;60026;Cervaro;Cervaro;;Centro;Lazio;Frosinone;1;0;0;FR;C545
3;12;060;060027;60027;Colfelice;Colfelice;;Centro;Lazio;Frosinone;1;0;0;FR;C836
3;12;060;060028;60028;Collepardo;Collepardo;;Centro;Lazio;Frosinone;1;0;0;FR;C864
3;12;060;060029;60029;Colle San Magno;Colle San Magno;;Centro;Lazio;Frosinone;1;0;0;FR;C870
3;12;060;060030;60030;Coreno Ausonio;Coreno Ausonio;;Centro;Lazio;Frosinone;1;0;0;FR;C998
3;12;060;060031;60031;Esperia;Esperia;;Centro;Lazio;Frosinone;1;0;0;FR;D440
3;12;060;060032;60032;Falvaterra;Falvaterra;;Centro;Lazio;Frosinone;1;0;0;FR;D483
3;12;060;060033;60033;Ferentino;Ferentino;;Centro;Lazio;Frosinone;1;0;0;FR;D539
3;12;060;060034;60034;Filettino;Filettino;;Centro;Lazio;Frosinone;1;0;0;FR;D591
3;12;060;060035;60035;Fiuggi;Fiuggi;;Centro;Lazio;Frosinone;1;0;0;FR;A310
3;12;060;060036;60036;Fontana Liri;Fontana Liri;;Centro;Lazio;Frosinone;1;0;0;FR;D667
3;12;060;060037;60037;Fontechiari;Fontechiari;;Centro;Lazio;Frosinone;1;0;0;FR;D682
3;12;060;060038;60038;Frosinone;Frosinone;;Centro;Lazio;Frosinone;1;0;1;FR;D810
3;12;060;060039;60039;Fumone;Fumone;;Centro;Lazio;Frosinone;1;0;0;FR;D819
3;12;060;060040;60040;Gallinaro;Gallinaro;;Centro;Lazio;Frosinone;1;0;0;FR;D881
3;12;060;060041;60041;Giuliano di Roma;Giuliano di Roma;;Centro;Lazio;Frosinone;1;0;0;FR;E057
3;12;060;060042;60042;Guarcino;Guarcino;;Centro;Lazio;Frosinone;1;0;0;FR;E236
3;12;060;060043;60043;Isola del Liri;Isola del Liri;;Centro;Lazio;Frosinone;1;0;0;FR;E340
3;12;060;060044;60044;Monte San Giovanni Campano;Monte San Giovanni Campano;;Centro;Lazio;Frosinone;1;0;0;FR;F620
3;12;060;060045;60045;Morolo;Morolo;;Centro;Lazio;Frosinone;1;0;0;FR;F740
3;12;060;060046;60046;Paliano;Paliano;;Centro;Lazio;Frosinone;1;0;0;FR;G276
3;12;060;060047;60047;Pastena;Pastena;;Centro;Lazio;Frosinone;1;0;0;FR;G362
3;12;060;060048;60048;Patrica;Patrica;;Centro;Lazio;Frosinone;1;0;0;FR;G374
3;12;060;060049;60049;Pescosolido;Pescosolido;;Centro;Lazio;Frosinone;1;0;0;FR;G500
3;12;060;060050;60050;Picinisco;Picinisco;;Centro;Lazio;Frosinone;1;0;0;FR;G591
3;12;060;060051;60051;Pico;Pico;;Centro;Lazio;Frosinone;1;0;0;FR;G592
3;12;060;060052;60052;Piedimonte San Germano;Piedimonte San Germano;;Centro;Lazio;Frosinone;1;0;0;FR;G598
3;12;060;060053;60053;Piglio;Piglio;;Centro;Lazio;Frosinone;1;0;0;FR;G659
3;12;060;060054;60054;Pignataro Interamna;Pignataro Interamna;;Centro;Lazio;Frosinone;1;0;0;FR;G662
3;12;060;060055;60055;Pofi;Pofi;;Centro;Lazio;Frosinone;1;0;0;FR;G749
3;12;060;060056;60056;Pontecorvo;Pontecorvo;;Centro;Lazio;Frosinone;1;0;0;FR;G838
3;12;060;060057;60057;Posta Fibreno;Posta Fibreno;;Centro;Lazio;Frosinone;1;0;0;FR;G935
3;12;060;060058;60058;Ripi;Ripi;;Centro;Lazio;Frosinone;1;0;0;FR;H324
3;12;060;060059;60059;Rocca d'Arce;Rocca d'Arce;;Centro;Lazio;Frosinone;1;0;0;FR;H393
3;12;060;060060;60060;Roccasecca;Roccasecca;;Centro;Lazio;Frosinone;1;0;0;FR;H443
3;12;060;060061;60061;San Biagio Saracinisco;San Biagio Saracinisco;;Centro;Lazio;Frosinone;1;0;0;FR;H779
3;12;060;060062;60062;San Donato Val di Comino;San Donato Val di Comino;;Centro;Lazio;Frosinone;1;0;0;FR;H824
3;12;060;060063;60063;San Giorgio a Liri;San Giorgio a Liri;;Centro;Lazio;Frosinone;1;0;0;FR;H880
3;12;060;060064;60064;San Giovanni Incarico;San Giovanni Incarico;;Centro;Lazio;Frosinone;1;0;0;FR;H917
3;12;060;060065;60065;Sant'Ambrogio sul Garigliano;Sant'Ambrogio sul Garigliano;;Centro;Lazio;Frosinone;1;0;0;FR;I256
3;12;060;060066;60066;Sant'Andrea del Garigliano;Sant'Andrea del Garigliano;;Centro;Lazio;Frosinone;1;0;0;FR;I265
3;12;060;060067;60067;Sant'Apollinare;Sant'Apollinare;;Centro;Lazio;Frosinone;1;0;0;FR;I302
3;12;060;060068;60068;Sant'Elia Fiumerapido;Sant'Elia Fiumerapido;;Centro;Lazio;Frosinone;1;0;0;FR;I321
3;12;060;060069;60069;Santopadre;Santopadre;;Centro;Lazio;Frosinone;1;0;0;FR;I351
3;12;060;060070;60070;San Vittore del Lazio;San Vittore del Lazio;;Centro;Lazio;Frosinone;1;0;0;FR;I408
3;12;060;060071;60071;Serrone;Serrone;;Centro;Lazio;Frosinone;1;0;0;FR;I669
3;12;060;060072;60072;Settefrati;Settefrati;;Centro;Lazio;Frosinone;1;0;0;FR;I697
3;12;060;060073;60073;Sgurgola;Sgurgola;;Centro;Lazio;Frosinone;1;0;0;FR;I716
3;12;060;060074;60074;Sora;Sora;;Centro;Lazio;Frosinone;1;0;0;FR;I838
3;12;060;060075;60075;Strangolagalli;Strangolagalli;;Centro;Lazio;Frosinone;1;0;0;FR;I973
3;12;060;060076;60076;Supino;Supino;;Centro;Lazio;Frosinone;1;0;0;FR;L009
3;12;060;060077;60077;Terelle;Terelle;;Centro;Lazio;Frosinone;1;0;0;FR;L105
3;12;060;060078;60078;Torre Cajetani;Torre Cajetani;;Centro;Lazio;Frosinone;1;0;0;FR;L243
3;12;060;060079;60079;Torrice;Torrice;;Centro;Lazio;Frosinone;1;0;0;FR;L290
3;12;060;060080;60080;Trevi nel Lazio;Trevi nel Lazio;;Centro;Lazio;Frosinone;1;0;0;FR;L398
3;12;060;060081;60081;Trivigliano;Trivigliano;;Centro;Lazio;Frosinone;1;0;0;FR;L437
3;12;060;060082;60082;Vallecorsa;Vallecorsa;;Centro;Lazio;Frosinone;1;0;0;FR;L598
3;12;060;060083;60083;Vallemaio;Vallemaio;;Centro;Lazio;Frosinone;1;0;0;FR;L605
3;12;060;060084;60084;Vallerotonda;Vallerotonda;;Centro;Lazio;Frosinone;1;0;0;FR;L614
3;12;060;060085;60085;Veroli;Veroli;;Centro;Lazio;Frosinone;1;0;0;FR;L780
3;12;060;060086;60086;Vicalvi;Vicalvi;;Centro;Lazio;Frosinone;1;0;0;FR;L836
3;12;060;060087;60087;Vico nel Lazio;Vico nel Lazio;;Centro;Lazio;Frosinone;1;0;0;FR;L843
3;12;060;060088;60088;Villa Latina;Villa Latina;;Centro;Lazio;Frosinone;1;0;0;FR;A081
3;12;060;060089;60089;Villa Santa Lucia;Villa Santa Lucia;;Centro;Lazio;Frosinone;1;0;0;FR;L905
3;12;060;060090;60090;Villa Santo Stefano;Villa Santo Stefano;;Centro;Lazio;Frosinone;1;0;0;FR;I364
3;12;060;060091;60091;Viticuso;Viticuso;;Centro;Lazio;Frosinone;1;0;0;FR;M083
4;15;061;061001;61001;Ailano;Ailano;;Sud;Campania;Caserta;1;0;0;CE;A106
4;15;061;061002;61002;Alife;Alife;;Sud;Campania;Caserta;1;0;0;CE;A200
4;15;061;061003;61003;Alvignano;Alvignano;;Sud;Campania;Caserta;1;0;0;CE;A243
4;15;061;061004;61004;Arienzo;Arienzo;;Sud;Campania;Caserta;1;0;0;CE;A403
4;15;061;061005;61005;Aversa;Aversa;;Sud;Campania;Caserta;1;0;0;CE;A512
4;15;061;061006;61006;Baia e Latina;Baia e Latina;;Sud;Campania;Caserta;1;0;0;CE;A579
4;15;061;061007;61007;Bellona;Bellona;;Sud;Campania;Caserta;1;0;0;CE;A755
4;15;061;061008;61008;Caianello;Caianello;;Sud;Campania;Caserta;1;0;0;CE;B361
4;15;061;061009;61009;Caiazzo;Caiazzo;;Sud;Campania;Caserta;1;0;0;CE;B362
4;15;061;061010;61010;Calvi Risorta;Calvi Risorta;;Sud;Campania;Caserta;1;0;0;CE;B445
4;15;061;061011;61011;Camigliano;Camigliano;;Sud;Campania;Caserta;1;0;0;CE;B477
4;15;061;061012;61012;Cancello ed Arnone;Cancello ed Arnone;;Sud;Campania;Caserta;1;0;0;CE;B581
4;15;061;061013;61013;Capodrise;Capodrise;;Sud;Campania;Caserta;1;0;0;CE;B667
4;15;061;061014;61014;Capriati a Volturno;Capriati a Volturno;;Sud;Campania;Caserta;1;0;0;CE;B704
4;15;061;061015;61015;Capua;Capua;;Sud;Campania;Caserta;1;0;0;CE;B715
4;15;061;061016;61016;Carinaro;Carinaro;;Sud;Campania;Caserta;1;0;0;CE;B779
4;15;061;061017;61017;Carinola;Carinola;;Sud;Campania;Caserta;1;0;0;CE;B781
4;15;061;061018;61018;Casagiove;Casagiove;;Sud;Campania;Caserta;1;0;0;CE;B860
4;15;061;061019;61019;Casal di Principe;Casal di Principe;;Sud;Campania;Caserta;1;0;0;CE;B872
4;15;061;061020;61020;Casaluce;Casaluce;;Sud;Campania;Caserta;1;0;0;CE;B916
4;15;061;061021;61021;Casapulla;Casapulla;;Sud;Campania;Caserta;1;0;0;CE;B935
4;15;061;061022;61022;Caserta;Caserta;;Sud;Campania;Caserta;1;0;1;CE;B963
4;15;061;061023;61023;Castel Campagnano;Castel Campagnano;;Sud;Campania;Caserta;1;0;0;CE;B494
4;15;061;061024;61024;Castel di Sasso;Castel di Sasso;;Sud;Campania;Caserta;1;0;0;CE;C097
4;15;061;061025;61025;Castello d'Alife;Castello d'Alife;;Sud;Campania;Caserta;1;0;0;CE;C178
4;15;061;061026;61026;Castel Morrone;Castel Morrone;;Sud;Campania;Caserta;1;0;0;CE;C211
4;15;061;061027;61027;Castel Volturno;Castel Volturno;;Sud;Campania;Caserta;1;0;0;CE;C291
4;15;061;061028;61028;Cervino;Cervino;;Sud;Campania;Caserta;1;0;0;CE;C558
4;15;061;061029;61029;Cesa;Cesa;;Sud;Campania;Caserta;1;0;0;CE;C561
4;15;061;061030;61030;Ciorlano;Ciorlano;;Sud;Campania;Caserta;1;0;0;CE;C716
4;15;061;061031;61031;Conca della Campania;Conca della Campania;;Sud;Campania;Caserta;1;0;0;CE;C939
4;15;061;061032;61032;Curti;Curti;;Sud;Campania;Caserta;1;0;0;CE;D228
4;15;061;061033;61033;Dragoni;Dragoni;;Sud;Campania;Caserta;1;0;0;CE;D361
4;15;061;061034;61034;Fontegreca;Fontegreca;;Sud;Campania;Caserta;1;0;0;CE;D683
4;15;061;061035;61035;Formicola;Formicola;;Sud;Campania;Caserta;1;0;0;CE;D709
4;15;061;061036;61036;Francolise;Francolise;;Sud;Campania;Caserta;1;0;0;CE;D769
4;15;061;061037;61037;Frignano;Frignano;;Sud;Campania;Caserta;1;0;0;CE;D799
4;15;061;061038;61038;Gallo;Gallo;;Sud;Campania;Caserta;1;0;0;CE;D884
4;15;061;061039;61039;Galluccio;Galluccio;;Sud;Campania;Caserta;1;0;0;CE;D886
4;15;061;061040;61040;Giano Vetusto;Giano Vetusto;;Sud;Campania;Caserta;1;0;0;CE;E011
4;15;061;061041;61041;Gioia Sannitica;Gioia Sannitica;;Sud;Campania;Caserta;1;0;0;CE;E039
4;15;061;061042;61042;Grazzanise;Grazzanise;;Sud;Campania;Caserta;1;0;0;CE;E158
4;15;061;061043;61043;Gricignano di Aversa;Gricignano di Aversa;;Sud;Campania;Caserta;1;0;0;CE;E173
4;15;061;061044;61044;Letino;Letino;;Sud;Campania;Caserta;1;0;0;CE;E554
4;15;061;061045;61045;Liberi;Liberi;;Sud;Campania;Caserta;1;0;0;CE;E570
4;15;061;061046;61046;Lusciano;Lusciano;;Sud;Campania;Caserta;1;0;0;CE;E754
4;15;061;061047;61047;Macerata Campania;Macerata Campania;;Sud;Campania;Caserta;1;0;0;CE;E784
4;15;061;061048;61048;Maddaloni;Maddaloni;;Sud;Campania;Caserta;1;0;0;CE;E791
4;15;061;061049;61049;Marcianise;Marcianise;;Sud;Campania;Caserta;1;0;0;CE;E932
4;15;061;061050;61050;Marzano Appio;Marzano Appio;;Sud;Campania;Caserta;1;0;0;CE;E998
4;15;061;061051;61051;Mignano Monte Lungo;Mignano Monte Lungo;;Sud;Campania;Caserta;1;0;0;CE;F203
4;15;061;061052;61052;Mondragone;Mondragone;;Sud;Campania;Caserta;1;0;0;CE;F352
4;15;061;061053;61053;Orta di Atella;Orta di Atella;;Sud;Campania;Caserta;1;0;0;CE;G130
4;15;061;061054;61054;Parete;Parete;;Sud;Campania;Caserta;1;0;0;CE;G333
4;15;061;061055;61055;Pastorano;Pastorano;;Sud;Campania;Caserta;1;0;0;CE;G364
4;15;061;061056;61056;Piana di Caiazzo;Piana di Caiazzo;;Sud;Campania;Caserta;1;0;0;CE;G541
4;15;061;061057;61057;Piedimonte d'Alife;Piedimonte d'Alife;;Sud;Campania;Caserta;1;0;0;CE;G596
4;15;061;061058;61058;Pietramelara;Pietramelara;;Sud;Campania;Caserta;1;0;0;CE;G620
4;15;061;061059;61059;Pietravairano;Pietravairano;;Sud;Campania;Caserta;1;0;0;CE;G630
4;15;061;061060;61060;Pignataro Maggiore;Pignataro Maggiore;;Sud;Campania;Caserta;1;0;0;CE;G661
4;15;061;061061;61061;Pontelatone;Pontelatone;;Sud;Campania;Caserta;1;0;0;CE;G849
4;15;061;061062;61062;Portico di Caserta;Portico di Caserta;;Sud;Campania;Caserta;1;0;0;CE;G903
4;15;061;061063;61063;Prata Sannita;Prata Sannita;;Sud;Campania;Caserta;1;0;0;CE;G991
4;15;061;061064;61064;Pratella;Pratella;;Sud;Campania;Caserta;1;0;0;CE;G995
4;15;061;061065;61065;Presenzano;Presenzano;;Sud;Campania;Caserta;1;0;0;CE;H045
4;15;061;061066;61066;Raviscanina;Raviscanina;;Sud;Campania;Caserta;1;0;0;CE;H202
4;15;061;061067;61067;Recale;Recale;;Sud;Campania;Caserta;1;0;0;CE;H210
4;15;061;061068;61068;Riardo;Riardo;;Sud;Campania;Caserta;1;0;0;CE;H268
4;15;061;061069;61069;Rocca d'Evandro;Rocca d'Evandro;;Sud;Campania;Caserta;1;0;0;CE;H398
4;15;061;061070;61070;Roccamonfina;Roccamonfina;;Sud;Campania;Caserta;1;0;0;CE;H423
4;15;061;061071;61071;Roccaromana;Roccaromana;;Sud;Campania;Caserta;1;0;0;CE;H436
4;15;061;061072;61072;Rocchetta e Croce;Rocchetta e Croce;;Sud;Campania;Caserta;1;0;0;CE;H459
4;15;061;061073;61073;Ruviano;Ruviano;;Sud;Campania;Caserta;1;0;0;CE;H165
4;15;061;061074;61074;San Cipriano d'Aversa;San Cipriano d'Aversa;;Sud;Campania;Caserta;1;0;0;CE;H798
4;15;061;061075;61075;San Felice a Cancello;San Felice a Cancello;;Sud;Campania;Caserta;1;0;0;CE;H834
4;15;061;061076;61076;San Gregorio Matese;San Gregorio Matese;;Sud;Campania;Caserta;1;0;0;CE;H939
4;15;061;061077;61077;San Marcellino;San Marcellino;;Sud;Campania;Caserta;1;0;0;CE;H978
4;15;061;061078;61078;San Nicola la Strada;San Nicola la Strada;;Sud;Campania;Caserta;1;0;0;CE;I056
4;15;061;061079;61079;San Pietro Infine;San Pietro Infine;;Sud;Campania;Caserta;1;0;0;CE;I113
4;15;061;061080;61080;San Potito Sannitico;San Potito Sannitico;;Sud;Campania;Caserta;1;0;0;CE;I130
4;15;061;061081;61081;San Prisco;San Prisco;;Sud;Campania;Caserta;1;0;0;CE;I131
4;15;061;061082;61082;Santa Maria a Vico;Santa Maria a Vico;;Sud;Campania;Caserta;1;0;0;CE;I233
4;15;061;061083;61083;Santa Maria Capua Vetere;Santa Maria Capua Vetere;;Sud;Campania;Caserta;1;0;0;CE;I234
4;15;061;061084;61084;Santa Maria la Fossa;Santa Maria la Fossa;;Sud;Campania;Caserta;1;0;0;CE;I247
4;15;061;061085;61085;San Tammaro;San Tammaro;;Sud;Campania;Caserta;1;0;0;CE;I261
4;15;061;061086;61086;Sant'Angelo d'Alife;Sant'Angelo d'Alife;;Sud;Campania;Caserta;1;0;0;CE;I273
4;15;061;061087;61087;Sant'Arpino;Sant'Arpino;;Sud;Campania;Caserta;1;0;0;CE;I306
4;15;061;061088;61088;Sessa Aurunca;Sessa Aurunca;;Sud;Campania;Caserta;1;0;0;CE;I676
4;15;061;061089;61089;Sparanise;Sparanise;;Sud;Campania;Caserta;1;0;0;CE;I885
4;15;061;061090;61090;Succivo;Succivo;;Sud;Campania;Caserta;1;0;0;CE;I993
4;15;061;061091;61091;Teano;Teano;;Sud;Campania;Caserta;1;0;0;CE;L083
4;15;061;061092;61092;Teverola;Teverola;;Sud;Campania;Caserta;1;0;0;CE;L155
4;15;061;061093;61093;Tora e Piccilli;Tora e Piccilli;;Sud;Campania;Caserta;1;0;0;CE;L205
4;15;061;061094;61094;Trentola Ducenta;Trentola Ducenta;;Sud;Campania;Caserta;1;0;0;CE;L379
4;15;061;061095;61095;Vairano Patenora;Vairano Patenora;;Sud;Campania;Caserta;1;0;0;CE;L540
4;15;061;061096;61096;Valle Agricola;Valle Agricola;;Sud;Campania;Caserta;1;0;0;CE;L594
4;15;061;061097;61097;Valle di Maddaloni;Valle di Maddaloni;;Sud;Campania;Caserta;1;0;0;CE;L591
4;15;061;061098;61098;Villa di Briano;Villa di Briano;;Sud;Campania;Caserta;1;0;0;CE;D801
4;15;061;061099;61099;Villa Literno;Villa Literno;;Sud;Campania;Caserta;1;0;0;CE;L844
4;15;061;061100;61100;Vitulazio;Vitulazio;;Sud;Campania;Caserta;1;0;0;CE;M092
4;15;062;062001;62001;Airola;Airola;;Sud;Campania;Benevento;1;0;0;BN;A110
4;15;062;062002;62002;Amorosi;Amorosi;;Sud;Campania;Benevento;1;0;0;BN;A265
4;15;062;062003;62003;Apice;Apice;;Sud;Campania;Benevento;1;0;0;BN;A328
4;15;062;062004;62004;Apollosa;Apollosa;;Sud;Campania;Benevento;1;0;0;BN;A330
4;15;062;062005;62005;Arpaia;Arpaia;;Sud;Campania;Benevento;1;0;0;BN;A431
4;15;062;062006;62006;Arpaise;Arpaise;;Sud;Campania;Benevento;1;0;0;BN;A432
4;15;062;062007;62007;Baselice;Baselice;;Sud;Campania;Benevento;1;0;0;BN;A696
4;15;062;062008;62008;Benevento;Benevento;;Sud;Campania;Benevento;1;0;1;BN;A783
4;15;062;062009;62009;Bonea;Bonea;;Sud;Campania;Benevento;1;0;0;BN;A970
4;15;062;062010;62010;Bucciano;Bucciano;;Sud;Campania;Benevento;1;0;0;BN;B239
4;15;062;062011;62011;Buonalbergo;Buonalbergo;;Sud;Campania;Benevento;1;0;0;BN;B267
4;15;062;062012;62012;Calvi;Calvi;;Sud;Campania;Benevento;1;0;0;BN;B444
4;15;062;062013;62013;Campolattaro;Campolattaro;;Sud;Campania;Benevento;1;0;0;BN;B541
4;15;062;062014;62014;Campoli del Monte Taburno;Campoli del Monte Taburno;;Sud;Campania;Benevento;1;0;0;BN;B542
4;15;062;062015;62015;Casalduni;Casalduni;;Sud;Campania;Benevento;1;0;0;BN;B873
4;15;062;062016;62016;Castelfranco in Miscano;Castelfranco in Miscano;;Sud;Campania;Benevento;1;0;0;BN;C106
4;15;062;062017;62017;Castelpagano;Castelpagano;;Sud;Campania;Benevento;1;0;0;BN;C245
4;15;062;062018;62018;Castelpoto;Castelpoto;;Sud;Campania;Benevento;1;0;0;BN;C250
4;15;062;062019;62019;Castelvenere;Castelvenere;;Sud;Campania;Benevento;1;0;0;BN;C280
4;15;062;062020;62020;Castelvetere in Val Fortore;Castelvetere in Val Fortore;;Sud;Campania;Benevento;1;0;0;BN;C284
4;15;062;062021;62021;Cautano;Cautano;;Sud;Campania;Benevento;1;0;0;BN;C359
4;15;062;062022;62022;Ceppaloni;Ceppaloni;;Sud;Campania;Benevento;1;0;0;BN;C476
4;15;062;062023;62023;Cerreto Sannita;Cerreto Sannita;;Sud;Campania;Benevento;1;0;0;BN;C525
4;15;062;062024;62024;Circello;Circello;;Sud;Campania;Benevento;1;0;0;BN;C719
4;15;062;062025;62025;Colle Sannita;Colle Sannita;;Sud;Campania;Benevento;1;0;0;BN;C846
4;15;062;062026;62026;Cusano Mutri;Cusano Mutri;;Sud;Campania;Benevento;1;0;0;BN;D230
4;15;062;062027;62027;Dugenta;Dugenta;;Sud;Campania;Benevento;1;0;0;BN;D380
4;15;062;062028;62028;Durazzano;Durazzano;;Sud;Campania;Benevento;1;0;0;BN;D386
4;15;062;062029;62029;Faicchio;Faicchio;;Sud;Campania;Benevento;1;0;0;BN;D469
4;15;062;062030;62030;Foglianise;Foglianise;;Sud;Campania;Benevento;1;0;0;BN;D644
4;15;062;062031;62031;Foiano di Val Fortore;Foiano di Val Fortore;;Sud;Campania;Benevento;1;0;0;BN;D650
4;15;062;062032;62032;Forchia;Forchia;;Sud;Campania;Benevento;1;0;0;BN;D693
4;15;062;062033;62033;Fragneto l'Abate;Fragneto l'Abate;;Sud;Campania;Benevento;1;0;0;BN;D755
4;15;062;062034;62034;Fragneto Monforte;Fragneto Monforte;;Sud;Campania;Benevento;1;0;0;BN;D756
4;15;062;062035;62035;Frasso Telesino;Frasso Telesino;;Sud;Campania;Benevento;1;0;0;BN;D784
4;15;062;062036;62036;Ginestra degli Schiavoni;Ginestra degli Schiavoni;;Sud;Campania;Benevento;1;0;0;BN;E034
4;15;062;062037;62037;Guardia Sanframondi;Guardia Sanframondi;;Sud;Campania;Benevento;1;0;0;BN;E249
4;15;062;062038;62038;Limatola;Limatola;;Sud;Campania;Benevento;1;0;0;BN;E589
4;15;062;062039;62039;Melizzano;Melizzano;;Sud;Campania;Benevento;1;0;0;BN;F113
4;15;062;062040;62040;Moiano;Moiano;;Sud;Campania;Benevento;1;0;0;BN;F274
4;15;062;062041;62041;Molinara;Molinara;;Sud;Campania;Benevento;1;0;0;BN;F287
4;15;062;062042;62042;Montefalcone di Val Fortore;Montefalcone di Val Fortore;;Sud;Campania;Benevento;1;0;0;BN;F494
4;15;062;062043;62043;Montesarchio;Montesarchio;;Sud;Campania;Benevento;1;0;0;BN;F636
4;15;062;062044;62044;Morcone;Morcone;;Sud;Campania;Benevento;1;0;0;BN;F717
4;15;062;062045;62045;Paduli;Paduli;;Sud;Campania;Benevento;1;0;0;BN;G227
4;15;062;062046;62046;Pago Veiano;Pago Veiano;;Sud;Campania;Benevento;1;0;0;BN;G243
4;15;062;062047;62047;Pannarano;Pannarano;;Sud;Campania;Benevento;1;0;0;BN;G311
4;15;062;062048;62048;Paolisi;Paolisi;;Sud;Campania;Benevento;1;0;0;BN;G318
4;15;062;062049;62049;Paupisi;Paupisi;;Sud;Campania;Benevento;1;0;0;BN;G386
4;15;062;062050;62050;Pesco Sannita;Pesco Sannita;;Sud;Campania;Benevento;1;0;0;BN;G494
4;15;062;062051;62051;Pietraroja;Pietraroja;;Sud;Campania;Benevento;1;0;0;BN;G626
4;15;062;062052;62052;Pietrelcina;Pietrelcina;;Sud;Campania;Benevento;1;0;0;BN;G631
4;15;062;062053;62053;Ponte;Ponte;;Sud;Campania;Benevento;1;0;0;BN;G827
4;15;062;062054;62054;Pontelandolfo;Pontelandolfo;;Sud;Campania;Benevento;1;0;0;BN;G848
4;15;062;062055;62055;Puglianello;Puglianello;;Sud;Campania;Benevento;1;0;0;BN;H087
4;15;062;062056;62056;Reino;Reino;;Sud;Campania;Benevento;1;0;0;BN;H227
4;15;062;062057;62057;San Bartolomeo in Galdo;San Bartolomeo in Galdo;;Sud;Campania;Benevento;1;0;0;BN;H764
4;15;062;062058;62058;San Giorgio del Sannio;San Giorgio del Sannio;;Sud;Campania;Benevento;1;0;0;BN;H894
4;15;062;062059;62059;San Giorgio La Molara;San Giorgio La Molara;;Sud;Campania;Benevento;1;0;0;BN;H898
4;15;062;062060;62060;San Leucio del Sannio;San Leucio del Sannio;;Sud;Campania;Benevento;1;0;0;BN;H953
4;15;062;062061;62061;San Lorenzello;San Lorenzello;;Sud;Campania;Benevento;1;0;0;BN;H955
4;15;062;062062;62062;San Lorenzo Maggiore;San Lorenzo Maggiore;;Sud;Campania;Benevento;1;0;0;BN;H967
4;15;062;062063;62063;San Lupo;San Lupo;;Sud;Campania;Benevento;1;0;0;BN;H973
4;15;062;062064;62064;San Marco dei Cavoti;San Marco dei Cavoti;;Sud;Campania;Benevento;1;0;0;BN;H984
4;15;062;062065;62065;San Martino Sannita;San Martino Sannita;;Sud;Campania;Benevento;1;0;0;BN;I002
4;15;062;062066;62066;San Nazzaro;San Nazzaro;;Sud;Campania;Benevento;1;0;0;BN;I049
4;15;062;062067;62067;San Nicola Manfredi;San Nicola Manfredi;;Sud;Campania;Benevento;1;0;0;BN;I062
4;15;062;062068;62068;San Salvatore Telesino;San Salvatore Telesino;;Sud;Campania;Benevento;1;0;0;BN;I145
4;15;062;062069;62069;Santa Croce del Sannio;Santa Croce del Sannio;;Sud;Campania;Benevento;1;0;0;BN;I179
4;15;062;062070;62070;Sant'Agata de' Goti;Sant'Agata de' Goti;;Sud;Campania;Benevento;1;0;0;BN;I197
4;15;062;062071;62071;Sant'Angelo a Cupolo;Sant'Angelo a Cupolo;;Sud;Campania;Benevento;1;0;0;BN;I277
4;15;062;062072;62072;Sassinoro;Sassinoro;;Sud;Campania;Benevento;1;0;0;BN;I455
4;15;062;062073;62073;Solopaca;Solopaca;;Sud;Campania;Benevento;1;0;0;BN;I809
4;15;062;062074;62074;Telese;Telese;;Sud;Campania;Benevento;1;0;0;BN;L086
4;15;062;062075;62075;Tocco Caudio;Tocco Caudio;;Sud;Campania;Benevento;1;0;0;BN;L185
4;15;062;062076;62076;Torrecuso;Torrecuso;;Sud;Campania;Benevento;1;0;0;BN;L254
4;15;062;062077;62077;Vitulano;Vitulano;;Sud;Campania;Benevento;1;0;0;BN;M093
4;15;063;063001;63001;Acerra;Acerra;;Sud;Campania;Napoli;1;0;0;NA;A024
4;15;063;063002;63002;Afragola;Afragola;;Sud;Campania;Napoli;1;0;0;NA;A064
4;15;063;063003;63003;Agerola;Agerola;;Sud;Campania;Napoli;1;0;0;NA;A068
4;15;063;063004;63004;Anacapri;Anacapri;;Sud;Campania;Napoli;1;0;0;NA;A268
4;15;063;063005;63005;Arzano;Arzano;;Sud;Campania;Napoli;1;0;0;NA;A455
4;15;063;063006;63006;Bacoli;Bacoli;;Sud;Campania;Napoli;1;0;0;NA;A535
4;15;063;063007;63007;Barano d'Ischia;Barano d'Ischia;;Sud;Campania;Napoli;1;0;0;NA;A617
4;15;063;063008;63008;Boscoreale;Boscoreale;;Sud;Campania;Napoli;1;0;0;NA;B076
4;15;063;063009;63009;Boscotrecase;Boscotrecase;;Sud;Campania;Napoli;1;0;0;NA;B077
4;15;063;063010;63010;Brusciano;Brusciano;;Sud;Campania;Napoli;1;0;0;NA;B227
4;15;063;063011;63011;Caivano;Caivano;;Sud;Campania;Napoli;1;0;0;NA;B371
4;15;063;063012;63012;Calvizzano;Calvizzano;;Sud;Campania;Napoli;1;0;0;NA;B452
4;15;063;063013;63013;Camposano;Camposano;;Sud;Campania;Napoli;1;0;0;NA;B565
4;15;063;063014;63014;Capri;Capri;;Sud;Campania;Napoli;1;0;0;NA;B696
4;15;063;063015;63015;Carbonara di Nola;Carbonara di Nola;;Sud;Campania;Napoli;1;0;0;NA;B740
4;15;063;063016;63016;Cardito;Cardito;;Sud;Campania;Napoli;1;0;0;NA;B759
4;15;063;063017;63017;Casalnuovo di Napoli;Casalnuovo di Napoli;;Sud;Campania;Napoli;1;0;0;NA;B905
4;15;063;063018;63018;Casamarciano;Casamarciano;;Sud;Campania;Napoli;1;0;0;NA;B922
4;15;063;063019;63019;Casamicciola Terme;Casamicciola Terme;;Sud;Campania;Napoli;1;0;0;NA;B924
4;15;063;063020;63020;Casandrino;Casandrino;;Sud;Campania;Napoli;1;0;0;NA;B925
4;15;063;063021;63021;Casavatore;Casavatore;;Sud;Campania;Napoli;1;0;0;NA;B946
4;15;063;063022;63022;Casola di Napoli;Casola di Napoli;;Sud;Campania;Napoli;1;0;0;NA;B980
4;15;063;063023;63023;Casoria;Casoria;;Sud;Campania;Napoli;1;0;0;NA;B990
4;15;063;063024;63024;Castellammare di Stabia;Castellammare di Stabia;;Sud;Campania;Napoli;1;0;0;NA;C129
4;15;063;063025;63025;Castello di Cisterna;Castello di Cisterna;;Sud;Campania;Napoli;1;0;0;NA;C188
4;15;063;063026;63026;Cercola;Cercola;;Sud;Campania;Napoli;1;0;0;NA;C495
4;15;063;063027;63027;Cicciano;Cicciano;;Sud;Campania;Napoli;1;0;0;NA;C675
4;15;063;063028;63028;Cimitile;Cimitile;;Sud;Campania;Napoli;1;0;0;NA;C697
4;15;063;063029;63029;Comiziano;Comiziano;;Sud;Campania;Napoli;1;0;0;NA;C929
4;15;063;063030;63030;Crispano;Crispano;;Sud;Campania;Napoli;1;0;0;NA;D170
4;15;063;063031;63031;Forio;Forio;;Sud;Campania;Napoli;1;0;0;NA;D702
4;15;063;063032;63032;Frattamaggiore;Frattamaggiore;;Sud;Campania;Napoli;1;0;0;NA;D789
4;15;063;063033;63033;Frattaminore;Frattaminore;;Sud;Campania;Napoli;1;0;0;NA;D790
4;15;063;063034;63034;Giugliano in Campania;Giugliano in Campania;;Sud;Campania;Napoli;1;0;0;NA;E054
4;15;063;063035;63035;Gragnano;Gragnano;;Sud;Campania;Napoli;1;0;0;NA;E131
4;15;063;063036;63036;Grumo Nevano;Grumo Nevano;;Sud;Campania;Napoli;1;0;0;NA;E224
4;15;063;063037;63037;Ischia;Ischia;;Sud;Campania;Napoli;1;0;0;NA;E329
4;15;063;063038;63038;Lacco Ameno;Lacco Ameno;;Sud;Campania;Napoli;1;0;0;NA;E396
4;15;063;063039;63039;Lettere;Lettere;;Sud;Campania;Napoli;1;0;0;NA;E557
4;15;063;063040;63040;Liveri;Liveri;;Sud;Campania;Napoli;1;0;0;NA;E620
4;15;063;063041;63041;Marano di Napoli;Marano di Napoli;;Sud;Campania;Napoli;1;0;0;NA;E906
4;15;063;063042;63042;Mariglianella;Mariglianella;;Sud;Campania;Napoli;1;0;0;NA;E954
4;15;063;063043;63043;Marigliano;Marigliano;;Sud;Campania;Napoli;1;0;0;NA;E955
4;15;063;063044;63044;Massa Lubrense;Massa Lubrense;;Sud;Campania;Napoli;1;0;0;NA;F030
4;15;063;063045;63045;Melito di Napoli;Melito di Napoli;;Sud;Campania;Napoli;1;0;0;NA;F111
4;15;063;063046;63046;Meta;Meta;;Sud;Campania;Napoli;1;0;0;NA;F162
4;15;063;063047;63047;Monte di Procida;Monte di Procida;;Sud;Campania;Napoli;1;0;0;NA;F488
4;15;063;063048;63048;Mugnano di Napoli;Mugnano di Napoli;;Sud;Campania;Napoli;1;0;0;NA;F799
4;15;063;063049;63049;Napoli;Napoli;;Sud;Campania;Napoli;1;1;1;NA;F839
4;15;063;063050;63050;Nola;Nola;;Sud;Campania;Napoli;1;0;0;NA;F924
4;15;063;063051;63051;Ottaviano;Ottaviano;;Sud;Campania;Napoli;1;0;0;NA;G190
4;15;063;063052;63052;Palma Campania;Palma Campania;;Sud;Campania;Napoli;1;0;0;NA;G283
4;15;063;063053;63053;Piano di Sorrento;Piano di Sorrento;;Sud;Campania;Napoli;1;0;0;NA;G568
4;15;063;063054;63054;Pimonte;Pimonte;;Sud;Campania;Napoli;1;0;0;NA;G670
4;15;063;063055;63055;Poggiomarino;Poggiomarino;;Sud;Campania;Napoli;1;0;0;NA;G762
4;15;063;063056;63056;Pollena Trocchia;Pollena Trocchia;;Sud;Campania;Napoli;1;0;0;NA;G795
4;15;063;063057;63057;Pomigliano d'Arco;Pomigliano d'Arco;;Sud;Campania;Napoli;1;0;0;NA;G812
4;15;063;063058;63058;Pompei;Pompei;;Sud;Campania;Napoli;1;0;0;NA;G813
4;15;063;063059;63059;Portici;Portici;;Sud;Campania;Napoli;1;0;0;NA;G902
4;15;063;063060;63060;Pozzuoli;Pozzuoli;;Sud;Campania;Napoli;1;0;0;NA;G964
4;15;063;063061;63061;Procida;Procida;;Sud;Campania;Napoli;1;0;0;NA;H072
4;15;063;063062;63062;Qualiano;Qualiano;;Sud;Campania;Napoli;1;0;0;NA;H101
4;15;063;063063;63063;Quarto;Quarto;;Sud;Campania;Napoli;1;0;0;NA;H114
4;15;063;063064;63064;Resina;Resina;;Sud;Campania;Napoli;1;0;0;NA;H243
4;15;063;063065;63065;Roccarainola;Roccarainola;;Sud;Campania;Napoli;1;0;0;NA;H433
4;15;063;063066;63066;San Gennaro Vesuviano;San Gennaro Vesuviano;;Sud;Campania;Napoli;1;0;0;NA;H860
4;15;063;063067;63067;San Giorgio a Cremano;San Giorgio a Cremano;;Sud;Campania;Napoli;1;0;0;NA;H892
4;15;063;063068;63068;San Giuseppe Vesuviano;San Giuseppe Vesuviano;;Sud;Campania;Napoli;1;0;0;NA;H931
4;15;063;063069;63069;San Paolo Bel Sito;San Paolo Bel Sito;;Sud;Campania;Napoli;1;0;0;NA;I073
4;15;063;063070;63070;San Sebastiano al Vesuvio;San Sebastiano al Vesuvio;;Sud;Campania;Napoli;1;0;0;NA;I151
4;15;063;063071;63071;Sant'Agnello;Sant'Agnello;;Sud;Campania;Napoli;1;0;0;NA;I208
4;15;063;063072;63072;Sant'Anastasia;Sant'Anastasia;;Sud;Campania;Napoli;1;0;0;NA;I262
4;15;063;063073;63073;Sant'Antimo;Sant'Antimo;;Sud;Campania;Napoli;1;0;0;NA;I293
4;15;063;063074;63074;Sant'Antonio Abate;Sant'Antonio Abate;;Sud;Campania;Napoli;1;0;0;NA;I300
4;15;063;063075;63075;San Vitaliano;San Vitaliano;;Sud;Campania;Napoli;1;0;0;NA;I391
4;15;063;063076;63076;Saviano;Saviano;;Sud;Campania;Napoli;1;0;0;NA;I469
4;15;063;063077;63077;Scisciano;Scisciano;;Sud;Campania;Napoli;1;0;0;NA;I540
4;15;063;063078;63078;Serrara Fontana;Serrara Fontana;;Sud;Campania;Napoli;1;0;0;NA;I652
4;15;063;063079;63079;Somma Vesuviana;Somma Vesuviana;;Sud;Campania;Napoli;1;0;0;NA;I820
4;15;063;063080;63080;Sorrento;Sorrento;;Sud;Campania;Napoli;1;0;0;NA;I862
4;15;063;063081;63081;Striano;Striano;;Sud;Campania;Napoli;1;0;0;NA;I978
4;15;063;063082;63082;Terzigno;Terzigno;;Sud;Campania;Napoli;1;0;0;NA;L142
4;15;063;063083;63083;Torre Annunziata;Torre Annunziata;;Sud;Campania;Napoli;1;0;0;NA;L245
4;15;063;063084;63084;Torre del Greco;Torre del Greco;;Sud;Campania;Napoli;1;0;0;NA;L259
4;15;063;063085;63085;Tufino;Tufino;;Sud;Campania;Napoli;1;0;0;NA;L460
4;15;063;063086;63086;Vico Equense;Vico Equense;;Sud;Campania;Napoli;1;0;0;NA;L845
4;15;063;063087;63087;Villaricca;Villaricca;;Sud;Campania;Napoli;1;0;0;NA;G309
4;15;063;063088;63088;Visciano;Visciano;;Sud;Campania;Napoli;1;0;0;NA;M072
4;15;063;063089;63089;Volla;Volla;;Sud;Campania;Napoli;1;0;0;NA;M115
4;15;064;064001;64001;Aiello del Sabato;Aiello del Sabato;;Sud;Campania;Avellino;1;0;0;AV;A101
4;15;064;064002;64002;Altavilla Irpina;Altavilla Irpina;;Sud;Campania;Avellino;1;0;0;AV;A228
4;15;064;064003;64003;Andretta;Andretta;;Sud;Campania;Avellino;1;0;0;AV;A284
4;15;064;064004;64004;Aquilonia;Aquilonia;;Sud;Campania;Avellino;1;0;0;AV;A347
4;15;064;064005;64005;Ariano Irpino;Ariano Irpino;;Sud;Campania;Avellino;1;0;0;AV;A399
4;15;064;064006;64006;Atripalda;Atripalda;;Sud;Campania;Avellino;1;0;0;AV;A489
4;15;064;064007;64007;Avella;Avella;;Sud;Campania;Avellino;1;0;0;AV;A508
4;15;064;064008;64008;Avellino;Avellino;;Sud;Campania;Avellino;1;0;1;AV;A509
4;15;064;064009;64009;Bagnoli Irpino;Bagnoli Irpino;;Sud;Campania;Avellino;1;0;0;AV;A566
4;15;064;064010;64010;Baiano;Baiano;;Sud;Campania;Avellino;1;0;0;AV;A580
4;15;064;064011;64011;Bisaccia;Bisaccia;;Sud;Campania;Avellino;1;0;0;AV;A881
4;15;064;064012;64012;Bonito;Bonito;;Sud;Campania;Avellino;1;0;0;AV;A975
4;15;064;064013;64013;Cairano;Cairano;;Sud;Campania;Avellino;1;0;0;AV;B367
4;15;064;064014;64014;Calabritto;Calabritto;;Sud;Campania;Avellino;1;0;0;AV;B374
4;15;064;064015;64015;Calitri;Calitri;;Sud;Campania;Avellino;1;0;0;AV;B415
4;15;064;064016;64016;Candida;Candida;;Sud;Campania;Avellino;1;0;0;AV;B590
4;15;064;064017;64017;Caposele;Caposele;;Sud;Campania;Avellino;1;0;0;AV;B674
4;15;064;064018;64018;Capriglia Irpina;Capriglia Irpina;;Sud;Campania;Avellino;1;0;0;AV;B706
4;15;064;064019;64019;Carife;Carife;;Sud;Campania;Avellino;1;0;0;AV;B776
4;15;064;064020;64020;Casalbore;Casalbore;;Sud;Campania;Avellino;1;0;0;AV;B866
4;15;064;064021;64021;Cassano Irpino;Cassano Irpino;;Sud;Campania;Avellino;1;0;0;AV;B997
4;15;064;064022;64022;Castel Baronia;Castel Baronia;;Sud;Campania;Avellino;1;0;0;AV;C058
4;15;064;064023;64023;Castelfranci;Castelfranci;;Sud;Campania;Avellino;1;0;0;AV;C105
4;15;064;064024;64024;Castelvetere sul Calore;Castelvetere sul Calore;;Sud;Campania;Avellino;1;0;0;AV;C283
4;15;064;064025;64025;Cervinara;Cervinara;;Sud;Campania;Avellino;1;0;0;AV;C557
4;15;064;064026;64026;Cesinali;Cesinali;;Sud;Campania;Avellino;1;0;0;AV;C576
4;15;064;064027;64027;Chianche;Chianche;;Sud;Campania;Avellino;1;0;0;AV;C606
4;15;064;064028;64028;Chiusano di San Domenico;Chiusano di San Domenico;;Sud;Campania;Avellino;1;0;0;AV;C659
4;15;064;064029;64029;Contrada;Contrada;;Sud;Campania;Avellino;1;0;0;AV;C971
4;15;064;064030;64030;Conza della Campania;Conza della Campania;;Sud;Campania;Avellino;1;0;0;AV;C976
4;15;064;064031;64031;Domicella;Domicella;;Sud;Campania;Avellino;1;0;0;AV;D331
4;15;064;064032;64032;Flumeri;Flumeri;;Sud;Campania;Avellino;1;0;0;AV;D638
4;15;064;064033;64033;Fontanarosa;Fontanarosa;;Sud;Campania;Avellino;1;0;0;AV;D671
4;15;064;064034;64034;Forino;Forino;;Sud;Campania;Avellino;1;0;0;AV;D701
4;15;064;064035;64035;Frigento;Frigento;;Sud;Campania;Avellino;1;0;0;AV;D798
4;15;064;064036;64036;Gesualdo;Gesualdo;;Sud;Campania;Avellino;1;0;0;AV;D998
4;15;064;064037;64037;Greci;Greci;;Sud;Campania;Avellino;1;0;0;AV;E161
4;15;064;064038;64038;Grottaminarda;Grottaminarda;;Sud;Campania;Avellino;1;0;0;AV;E206
4;15;064;064039;64039;Grottolella;Grottolella;;Sud;Campania;Avellino;1;0;0;AV;E214
4;15;064;064040;64040;Guardia Lombardi;Guardia Lombardi;;Sud;Campania;Avellino;1;0;0;AV;E245
4;15;064;064041;64041;Lacedonia;Lacedonia;;Sud;Campania;Avellino;1;0;0;AV;E397
4;15;064;064042;64042;Lapio;Lapio;;Sud;Campania;Avellino;1;0;0;AV;E448
4;15;064;064043;64043;Lauro;Lauro;;Sud;Campania;Avellino;1;0;0;AV;E487
4;15;064;064044;64044;Lioni;Lioni;;Sud;Campania;Avellino;1;0;0;AV;E605
4;15;064;064045;64045;Luogosano;Luogosano;;Sud;Campania;Avellino;1;0;0;AV;E746
4;15;064;064046;64046;Manocalzati;Manocalzati;;Sud;Campania;Avellino;1;0;0;AV;E891
4;15;064;064047;64047;Marzano di Nola;Marzano di Nola;;Sud;Campania;Avellino;1;0;0;AV;E997
4;15;064;064048;64048;Melito Irpino;Melito Irpino;;Sud;Campania;Avellino;1;0;0;AV;F110
4;15;064;064049;64049;Mercogliano;Mercogliano;;Sud;Campania;Avellino;1;0;0;AV;F141
4;15;064;064050;64050;Mirabella Eclano;Mirabella Eclano;;Sud;Campania;Avellino;1;0;0;AV;F230
4;15;064;064051;64051;Montaguto;Montaguto;;Sud;Campania;Avellino;1;0;0;AV;F397
4;15;064;064052;64052;Montecalvo Irpino;Montecalvo Irpino;;Sud;Campania;Avellino;1;0;0;AV;F448
4;15;064;064053;64053;Montefalcione;Montefalcione;;Sud;Campania;Avellino;1;0;0;AV;F491
4;15;064;064054;64054;Monteforte Irpino;Monteforte Irpino;;Sud;Campania;Avellino;1;0;0;AV;F506
4;15;064;064055;64055;Montefredane;Montefredane;;Sud;Campania;Avellino;1;0;0;AV;F511
4;15;064;064056;64056;Montefusco;Montefusco;;Sud;Campania;Avellino;1;0;0;AV;F512
4;15;064;064057;64057;Montella;Montella;;Sud;Campania;Avellino;1;0;0;AV;F546
4;15;064;064058;64058;Montemarano;Montemarano;;Sud;Campania;Avellino;1;0;0;AV;F559
4;15;064;064059;64059;Montemiletto;Montemiletto;;Sud;Campania;Avellino;1;0;0;AV;F566
4;15;064;064060;64060;Monteverde;Monteverde;;Sud;Campania;Avellino;1;0;0;AV;F660
4;15;064;064061;64061;Montoro Inferiore;Montoro Inferiore;;Sud;Campania;Avellino;1;0;0;AV;F693
4;15;064;064062;64062;Montoro Superiore;Montoro Superiore;;Sud;Campania;Avellino;1;0;0;AV;F694
4;15;064;064063;64063;Morra De Sanctis;Morra De Sanctis;;Sud;Campania;Avellino;1;0;0;AV;F744
4;15;064;064064;64064;Moschiano;Moschiano;;Sud;Campania;Avellino;1;0;0;AV;F762
4;15;064;064065;64065;Mugnano del Cardinale;Mugnano del Cardinale;;Sud;Campania;Avellino;1;0;0;AV;F798
4;15;064;064066;64066;Nusco;Nusco;;Sud;Campania;Avellino;1;0;0;AV;F988
4;15;064;064067;64067;Ospedaletto d'Alpinolo;Ospedaletto d'Alpinolo;;Sud;Campania;Avellino;1;0;0;AV;G165
4;15;064;064068;64068;Pago del Vallo di Lauro;Pago del Vallo di Lauro;;Sud;Campania;Avellino;1;0;0;AV;G242
4;15;064;064069;64069;Parolise;Parolise;;Sud;Campania;Avellino;1;0;0;AV;G340
4;15;064;064070;64070;Paternopoli;Paternopoli;;Sud;Campania;Avellino;1;0;0;AV;G370
4;15;064;064071;64071;Petruro Irpino;Petruro Irpino;;Sud;Campania;Avellino;1;0;0;AV;G519
4;15;064;064072;64072;Pietradefusi;Pietradefusi;;Sud;Campania;Avellino;1;0;0;AV;G611
4;15;064;064073;64073;Pietrastornina;Pietrastornina;;Sud;Campania;Avellino;1;0;0;AV;G629
4;15;064;064074;64074;Prata di Principato Ultra;Prata di Principato Ultra;;Sud;Campania;Avellino;1;0;0;AV;G990
4;15;064;064075;64075;Pratola Serra;Pratola Serra;;Sud;Campania;Avellino;1;0;0;AV;H006
4;15;064;064076;64076;Quadrelle;Quadrelle;;Sud;Campania;Avellino;1;0;0;AV;H097
4;15;064;064077;64077;Quindici;Quindici;;Sud;Campania;Avellino;1;0;0;AV;H128
4;15;064;064078;64078;Roccabascerana;Roccabascerana;;Sud;Campania;Avellino;1;0;0;AV;H382
4;15;064;064079;64079;Rocca San Felice;Rocca San Felice;;Sud;Campania;Avellino;1;0;0;AV;H438
4;15;064;064080;64080;Rotondi;Rotondi;;Sud;Campania;Avellino;1;0;0;AV;H592
4;15;064;064081;64081;Salza Irpina;Salza Irpina;;Sud;Campania;Avellino;1;0;0;AV;H733
4;15;064;064082;64082;San Mango sul Calore;San Mango sul Calore;;Sud;Campania;Avellino;1;0;0;AV;H975
4;15;064;064083;64083;San Martino Valle Caudina;San Martino Valle Caudina;;Sud;Campania;Avellino;1;0;0;AV;I016
4;15;064;064084;64084;San Michele di Serino;San Michele di Serino;;Sud;Campania;Avellino;1;0;0;AV;I034
4;15;064;064085;64085;San Nicola Baronia;San Nicola Baronia;;Sud;Campania;Avellino;1;0;0;AV;I061
4;15;064;064086;64086;San Potito Ultra;San Potito Ultra;;Sud;Campania;Avellino;1;0;0;AV;I129
4;15;064;064087;64087;San Sossio Baronia;San Sossio Baronia;;Sud;Campania;Avellino;1;0;0;AV;I163
4;15;064;064088;64088;Santa Lucia di Serino;Santa Lucia di Serino;;Sud;Campania;Avellino;1;0;0;AV;I219
4;15;064;064089;64089;Sant'Andrea di Conza;Sant'Andrea di Conza;;Sud;Campania;Avellino;1;0;0;AV;I264
4;15;064;064090;64090;Sant'Angelo all'Esca;Sant'Angelo all'Esca;;Sud;Campania;Avellino;1;0;0;AV;I279
4;15;064;064091;64091;Sant'Angelo a Scala;Sant'Angelo a Scala;;Sud;Campania;Avellino;1;0;0;AV;I280
4;15;064;064092;64092;Sant'Angelo dei Lombardi;Sant'Angelo dei Lombardi;;Sud;Campania;Avellino;1;0;0;AV;I281
4;15;064;064093;64093;Santa Paolina;Santa Paolina;;Sud;Campania;Avellino;1;0;0;AV;I301
4;15;064;064094;64094;Sant'Arcangelo Trimonte;Sant'Arcangelo Trimonte;;Sud;Campania;Avellino;1;0;0;AV;F557
4;15;064;064095;64095;Santo Stefano del Sole;Santo Stefano del Sole;;Sud;Campania;Avellino;1;0;0;AV;I357
4;15;064;064096;64096;Savignano di Puglia;Savignano di Puglia;;Sud;Campania;Avellino;1;0;0;AV;I471
4;15;064;064097;64097;Scampitella;Scampitella;;Sud;Campania;Avellino;1;0;0;AV;I493
4;15;064;064098;64098;Senerchia;Senerchia;;Sud;Campania;Avellino;1;0;0;AV;I606
4;15;064;064099;64099;Serino;Serino;;Sud;Campania;Avellino;1;0;0;AV;I630
4;15;064;064100;64100;Sirignano;Sirignano;;Sud;Campania;Avellino;1;0;0;AV;I756
4;15;064;064101;64101;Solofra;Solofra;;Sud;Campania;Avellino;1;0;0;AV;I805
4;15;064;064102;64102;Sorbo Serpico;Sorbo Serpico;;Sud;Campania;Avellino;1;0;0;AV;I843
4;15;064;064103;64103;Sperone;Sperone;;Sud;Campania;Avellino;1;0;0;AV;I893
4;15;064;064104;64104;Sturno;Sturno;;Sud;Campania;Avellino;1;0;0;AV;I990
4;15;064;064105;64105;Summonte;Summonte;;Sud;Campania;Avellino;1;0;0;AV;L004
4;15;064;064106;64106;Taurano;Taurano;;Sud;Campania;Avellino;1;0;0;AV;L061
4;15;064;064107;64107;Taurasi;Taurasi;;Sud;Campania;Avellino;1;0;0;AV;L062
4;15;064;064108;64108;Teora;Teora;;Sud;Campania;Avellino;1;0;0;AV;L102
4;15;064;064109;64109;Torella dei Lombardi;Torella dei Lombardi;;Sud;Campania;Avellino;1;0;0;AV;L214
4;15;064;064110;64110;Torre Le Nocelle;Torre Le Nocelle;;Sud;Campania;Avellino;1;0;0;AV;L272
4;15;064;064111;64111;Torrioni;Torrioni;;Sud;Campania;Avellino;1;0;0;AV;L301
4;15;064;064112;64112;Trevico;Trevico;;Sud;Campania;Avellino;1;0;0;AV;L399
4;15;064;064113;64113;Tufo;Tufo;;Sud;Campania;Avellino;1;0;0;AV;L461
4;15;064;064114;64114;Vallata;Vallata;;Sud;Campania;Avellino;1;0;0;AV;L589
4;15;064;064115;64115;Vallesaccarda;Vallesaccarda;;Sud;Campania;Avellino;1;0;0;AV;L616
4;15;064;064116;64116;Venticano;Venticano;;Sud;Campania;Avellino;1;0;0;AV;L739
4;15;064;064117;64117;Villamaina;Villamaina;;Sud;Campania;Avellino;1;0;0;AV;L965
4;15;064;064118;64118;Villanova del Battista;Villanova del Battista;;Sud;Campania;Avellino;1;0;0;AV;L973
4;15;064;064119;64119;Volturara Irpina;Volturara Irpina;;Sud;Campania;Avellino;1;0;0;AV;M130
4;15;064;064120;64120;Zungoli;Zungoli;;Sud;Campania;Avellino;1;0;0;AV;M203
4;15;065;065001;65001;Acerno;Acerno;;Sud;Campania;Salerno;1;0;0;SA;A023
4;15;065;065002;65002;Agropoli;Agropoli;;Sud;Campania;Salerno;1;0;0;SA;A091
4;15;065;065003;65003;Albanella;Albanella;;Sud;Campania;Salerno;1;0;0;SA;A128
4;15;065;065004;65004;Alfano;Alfano;;Sud;Campania;Salerno;1;0;0;SA;A186
4;15;065;065005;65005;Altavilla Silentina;Altavilla Silentina;;Sud;Campania;Salerno;1;0;0;SA;A230
4;15;065;065006;65006;Amalfi;Amalfi;;Sud;Campania;Salerno;1;0;0;SA;A251
4;15;065;065007;65007;Angri;Angri;;Sud;Campania;Salerno;1;0;0;SA;A294
4;15;065;065008;65008;Aquara;Aquara;;Sud;Campania;Salerno;1;0;0;SA;A343
4;15;065;065009;65009;Ascea;Ascea;;Sud;Campania;Salerno;1;0;0;SA;A460
4;15;065;065010;65010;Atena Lucana;Atena Lucana;;Sud;Campania;Salerno;1;0;0;SA;A484
4;15;065;065011;65011;Atrani;Atrani;;Sud;Campania;Salerno;1;0;0;SA;A487
4;15;065;065012;65012;Auletta;Auletta;;Sud;Campania;Salerno;1;0;0;SA;A495
4;15;065;065013;65013;Baronissi;Baronissi;;Sud;Campania;Salerno;1;0;0;SA;A674
4;15;065;065014;65014;Battipaglia;Battipaglia;;Sud;Campania;Salerno;1;0;0;SA;A717
4;15;065;065015;65015;Bellosguardo;Bellosguardo;;Sud;Campania;Salerno;1;0;0;SA;A756
4;15;065;065016;65016;Bracigliano;Bracigliano;;Sud;Campania;Salerno;1;0;0;SA;B115
4;15;065;065017;65017;Buccino;Buccino;;Sud;Campania;Salerno;1;0;0;SA;B242
4;15;065;065018;65018;Buonabitacolo;Buonabitacolo;;Sud;Campania;Salerno;1;0;0;SA;B266
4;15;065;065019;65019;Caggiano;Caggiano;;Sud;Campania;Salerno;1;0;0;SA;B351
4;15;065;065020;65020;Calvanico;Calvanico;;Sud;Campania;Salerno;1;0;0;SA;B437
4;15;065;065021;65021;Camerota;Camerota;;Sud;Campania;Salerno;1;0;0;SA;B476
4;15;065;065022;65022;Campagna;Campagna;;Sud;Campania;Salerno;1;0;0;SA;B492
4;15;065;065023;65023;Campora;Campora;;Sud;Campania;Salerno;1;0;0;SA;B555
4;15;065;065024;65024;Cannalonga;Cannalonga;;Sud;Campania;Salerno;1;0;0;SA;B608
4;15;065;065025;65025;Capaccio;Capaccio;;Sud;Campania;Salerno;1;0;0;SA;B644
4;15;065;065026;65026;Casalbuono;Casalbuono;;Sud;Campania;Salerno;1;0;0;SA;B868
4;15;065;065027;65027;Casaletto Spartano;Casaletto Spartano;;Sud;Campania;Salerno;1;0;0;SA;B888
4;15;065;065028;65028;Casal Velino;Casal Velino;;Sud;Campania;Salerno;1;0;0;SA;B895
4;15;065;065029;65029;Caselle in Pittari;Caselle in Pittari;;Sud;Campania;Salerno;1;0;0;SA;B959
4;15;065;065030;65030;Castelcivita;Castelcivita;;Sud;Campania;Salerno;1;0;0;SA;C069
4;15;065;065031;65031;Castellabate;Castellabate;;Sud;Campania;Salerno;1;0;0;SA;C125
4;15;065;065032;65032;Castelnuovo Cilento;Castelnuovo Cilento;;Sud;Campania;Salerno;1;0;0;SA;C231
4;15;065;065033;65033;Castelnuovo di Conza;Castelnuovo di Conza;;Sud;Campania;Salerno;1;0;0;SA;C235
4;15;065;065034;65034;Castel San Giorgio;Castel San Giorgio;;Sud;Campania;Salerno;1;0;0;SA;C259
4;15;065;065035;65035;Castel San Lorenzo;Castel San Lorenzo;;Sud;Campania;Salerno;1;0;0;SA;C262
4;15;065;065036;65036;Castiglione del Genovesi;Castiglione del Genovesi;;Sud;Campania;Salerno;1;0;0;SA;C306
4;15;065;065037;65037;Cava de' Tirreni;Cava de' Tirreni;;Sud;Campania;Salerno;1;0;0;SA;C361
4;15;065;065038;65038;Celle di Bulgheria;Celle di Bulgheria;;Sud;Campania;Salerno;1;0;0;SA;C444
4;15;065;065039;65039;Centola;Centola;;Sud;Campania;Salerno;1;0;0;SA;C470
4;15;065;065040;65040;Ceraso;Ceraso;;Sud;Campania;Salerno;1;0;0;SA;C485
4;15;065;065041;65041;Cetara;Cetara;;Sud;Campania;Salerno;1;0;0;SA;C584
4;15;065;065042;65042;Cicerale;Cicerale;;Sud;Campania;Salerno;1;0;0;SA;C676
4;15;065;065043;65043;Colliano;Colliano;;Sud;Campania;Salerno;1;0;0;SA;C879
4;15;065;065044;65044;Conca dei Marini;Conca dei Marini;;Sud;Campania;Salerno;1;0;0;SA;C940
4;15;065;065045;65045;Controne;Controne;;Sud;Campania;Salerno;1;0;0;SA;C973
4;15;065;065046;65046;Contursi;Contursi;;Sud;Campania;Salerno;1;0;0;SA;C974
4;15;065;065047;65047;Corbara;Corbara;;Sud;Campania;Salerno;1;0;0;SA;C984
4;15;065;065048;65048;Corleto Monforte;Corleto Monforte;;Sud;Campania;Salerno;1;0;0;SA;D011
4;15;065;065049;65049;Cuccaro Vetere;Cuccaro Vetere;;Sud;Campania;Salerno;1;0;0;SA;D195
4;15;065;065050;65050;Eboli;Eboli;;Sud;Campania;Salerno;1;0;0;SA;D390
4;15;065;065051;65051;Felitto;Felitto;;Sud;Campania;Salerno;1;0;0;SA;D527
4;15;065;065052;65052;Fisciano;Fisciano;;Sud;Campania;Salerno;1;0;0;SA;D615
4;15;065;065053;65053;Furore;Furore;;Sud;Campania;Salerno;1;0;0;SA;D826
4;15;065;065054;65054;Futani;Futani;;Sud;Campania;Salerno;1;0;0;SA;D832
4;15;065;065055;65055;Giffoni Sei Casali;Giffoni Sei Casali;;Sud;Campania;Salerno;1;0;0;SA;E026
4;15;065;065056;65056;Giffoni Valle Piana;Giffoni Valle Piana;;Sud;Campania;Salerno;1;0;0;SA;E027
4;15;065;065057;65057;Gioi;Gioi;;Sud;Campania;Salerno;1;0;0;SA;E037
4;15;065;065058;65058;Giungano;Giungano;;Sud;Campania;Salerno;1;0;0;SA;E060
4;15;065;065059;65059;Ispani;Ispani;;Sud;Campania;Salerno;1;0;0;SA;E365
4;15;065;065060;65060;Laureana Cilento;Laureana Cilento;;Sud;Campania;Salerno;1;0;0;SA;E480
4;15;065;065061;65061;Laurino;Laurino;;Sud;Campania;Salerno;1;0;0;SA;E485
4;15;065;065062;65062;Laurito;Laurito;;Sud;Campania;Salerno;1;0;0;SA;E486
4;15;065;065063;65063;Laviano;Laviano;;Sud;Campania;Salerno;1;0;0;SA;E498
4;15;065;065064;65064;Lustra;Lustra;;Sud;Campania;Salerno;1;0;0;SA;E767
4;15;065;065065;65065;Magliano Vetere;Magliano Vetere;;Sud;Campania;Salerno;1;0;0;SA;E814
4;15;065;065066;65066;Maiori;Maiori;;Sud;Campania;Salerno;1;0;0;SA;E839
4;15;065;065067;65067;Mercato San Severino;Mercato San Severino;;Sud;Campania;Salerno;1;0;0;SA;F138
4;15;065;065068;65068;Minori;Minori;;Sud;Campania;Salerno;1;0;0;SA;F223
4;15;065;065069;65069;Moio della Civitella;Moio della Civitella;;Sud;Campania;Salerno;1;0;0;SA;F278
4;15;065;065070;65070;Montano Antilia;Montano Antilia;;Sud;Campania;Salerno;1;0;0;SA;F426
4;15;065;065071;65071;Montecorice;Montecorice;;Sud;Campania;Salerno;1;0;0;SA;F479
4;15;065;065072;65072;Montecorvino Pugliano;Montecorvino Pugliano;;Sud;Campania;Salerno;1;0;0;SA;F480
4;15;065;065073;65073;Montecorvino Rovella;Montecorvino Rovella;;Sud;Campania;Salerno;1;0;0;SA;F481
4;15;065;065074;65074;Monteforte Cilento;Monteforte Cilento;;Sud;Campania;Salerno;1;0;0;SA;F507
4;15;065;065075;65075;Monte San Giacomo;Monte San Giacomo;;Sud;Campania;Salerno;1;0;0;SA;F618
4;15;065;065076;65076;Montesano sulla Marcellana;Montesano sulla Marcellana;;Sud;Campania;Salerno;1;0;0;SA;F625
4;15;065;065077;65077;Morigerati;Morigerati;;Sud;Campania;Salerno;1;0;0;SA;F731
4;15;065;065078;65078;Nocera Inferiore;Nocera Inferiore;;Sud;Campania;Salerno;1;0;0;SA;F912
4;15;065;065079;65079;Nocera Superiore;Nocera Superiore;;Sud;Campania;Salerno;1;0;0;SA;F913
4;15;065;065080;65080;Novi Velia;Novi Velia;;Sud;Campania;Salerno;1;0;0;SA;F967
4;15;065;065081;65081;Ogliastro Cilento;Ogliastro Cilento;;Sud;Campania;Salerno;1;0;0;SA;G011
4;15;065;065082;65082;Olevano sul Tusciano;Olevano sul Tusciano;;Sud;Campania;Salerno;1;0;0;SA;G023
4;15;065;065083;65083;Oliveto Citra;Oliveto Citra;;Sud;Campania;Salerno;1;0;0;SA;G039
4;15;065;065084;65084;Omignano;Omignano;;Sud;Campania;Salerno;1;0;0;SA;G063
4;15;065;065085;65085;Orria;Orria;;Sud;Campania;Salerno;1;0;0;SA;G121
4;15;065;065086;65086;Ottati;Ottati;;Sud;Campania;Salerno;1;0;0;SA;G192
4;15;065;065087;65087;Padula;Padula;;Sud;Campania;Salerno;1;0;0;SA;G226
4;15;065;065088;65088;Pagani;Pagani;;Sud;Campania;Salerno;1;0;0;SA;G230
4;15;065;065089;65089;Palomonte;Palomonte;;Sud;Campania;Salerno;1;0;0;SA;G292
4;15;065;065090;65090;Pellezzano;Pellezzano;;Sud;Campania;Salerno;1;0;0;SA;G426
4;15;065;065091;65091;Perdifumo;Perdifumo;;Sud;Campania;Salerno;1;0;0;SA;G447
4;15;065;065092;65092;Perito;Perito;;Sud;Campania;Salerno;1;0;0;SA;G455
4;15;065;065093;65093;Pertosa;Pertosa;;Sud;Campania;Salerno;1;0;0;SA;G476
4;15;065;065094;65094;Petina;Petina;;Sud;Campania;Salerno;1;0;0;SA;G509
4;15;065;065095;65095;Piaggine;Piaggine;;Sud;Campania;Salerno;1;0;0;SA;G538
4;15;065;065096;65096;Pisciotta;Pisciotta;;Sud;Campania;Salerno;1;0;0;SA;G707
4;15;065;065097;65097;Polla;Polla;;Sud;Campania;Salerno;1;0;0;SA;G793
4;15;065;065098;65098;Pollica;Pollica;;Sud;Campania;Salerno;1;0;0;SA;G796
4;15;065;065099;65099;Pontecagnano Faiano;Pontecagnano Faiano;;Sud;Campania;Salerno;1;0;0;SA;G834
4;15;065;065100;65100;Positano;Positano;;Sud;Campania;Salerno;1;0;0;SA;G932
4;15;065;065101;65101;Postiglione;Postiglione;;Sud;Campania;Salerno;1;0;0;SA;G939
4;15;065;065102;65102;Praiano;Praiano;;Sud;Campania;Salerno;1;0;0;SA;G976
4;15;065;065103;65103;Prignano Cilento;Prignano Cilento;;Sud;Campania;Salerno;1;0;0;SA;H062
4;15;065;065104;65104;Ravello;Ravello;;Sud;Campania;Salerno;1;0;0;SA;H198
4;15;065;065105;65105;Ricigliano;Ricigliano;;Sud;Campania;Salerno;1;0;0;SA;H277
4;15;065;065106;65106;Roccadaspide;Roccadaspide;;Sud;Campania;Salerno;1;0;0;SA;H394
4;15;065;065107;65107;Roccagloriosa;Roccagloriosa;;Sud;Campania;Salerno;1;0;0;SA;H412
4;15;065;065108;65108;Roccapiemonte;Roccapiemonte;;Sud;Campania;Salerno;1;0;0;SA;H431
4;15;065;065109;65109;Rofrano;Rofrano;;Sud;Campania;Salerno;1;0;0;SA;H485
4;15;065;065110;65110;Romagnano al Monte;Romagnano al Monte;;Sud;Campania;Salerno;1;0;0;SA;H503
4;15;065;065111;65111;Roscigno;Roscigno;;Sud;Campania;Salerno;1;0;0;SA;H564
4;15;065;065112;65112;Rutino;Rutino;;Sud;Campania;Salerno;1;0;0;SA;H644
4;15;065;065113;65113;Sacco;Sacco;;Sud;Campania;Salerno;1;0;0;SA;H654
4;15;065;065114;65114;Sala Consilina;Sala Consilina;;Sud;Campania;Salerno;1;0;0;SA;H683
4;15;065;065115;65115;Salento;Salento;;Sud;Campania;Salerno;1;0;0;SA;H686
4;15;065;065116;65116;Salerno;Salerno;;Sud;Campania;Salerno;1;0;1;SA;H703
4;15;065;065117;65117;Salvitelle;Salvitelle;;Sud;Campania;Salerno;1;0;0;SA;H732
4;15;065;065118;65118;San Cipriano Picentino;San Cipriano Picentino;;Sud;Campania;Salerno;1;0;0;SA;H800
4;15;065;065119;65119;San Giovanni a Piro;San Giovanni a Piro;;Sud;Campania;Salerno;1;0;0;SA;H907
4;15;065;065120;65120;San Gregorio Magno;San Gregorio Magno;;Sud;Campania;Salerno;1;0;0;SA;H943
4;15;065;065121;65121;San Mango Piemonte;San Mango Piemonte;;Sud;Campania;Salerno;1;0;0;SA;H977
4;15;065;065122;65122;San Marzano sul Sarno;San Marzano sul Sarno;;Sud;Campania;Salerno;1;0;0;SA;I019
4;15;065;065123;65123;San Mauro Cilento;San Mauro Cilento;;Sud;Campania;Salerno;1;0;0;SA;I031
4;15;065;065124;65124;San Mauro la Bruca;San Mauro la Bruca;;Sud;Campania;Salerno;1;0;0;SA;I032
4;15;065;065125;65125;San Pietro al Tanagro;San Pietro al Tanagro;;Sud;Campania;Salerno;1;0;0;SA;I089
4;15;065;065126;65126;San Rufo;San Rufo;;Sud;Campania;Salerno;1;0;0;SA;I143
4;15;065;065127;65127;Santa Marina;Santa Marina;;Sud;Campania;Salerno;1;0;0;SA;I253
4;15;065;065128;65128;Sant'Angelo a Fasanella;Sant'Angelo a Fasanella;;Sud;Campania;Salerno;1;0;0;SA;I278
4;15;065;065129;65129;Sant'Arsenio;Sant'Arsenio;;Sud;Campania;Salerno;1;0;0;SA;I307
4;15;065;065130;65130;Sant'Egidio del Monte Albino;Sant'Egidio del Monte Albino;;Sud;Campania;Salerno;1;0;0;SA;I317
4;15;065;065131;65131;Santomenna;Santomenna;;Sud;Campania;Salerno;1;0;0;SA;I260
4;15;065;065132;65132;San Valentino Torio;San Valentino Torio;;Sud;Campania;Salerno;1;0;0;SA;I377
4;15;065;065133;65133;Sanza;Sanza;;Sud;Campania;Salerno;1;0;0;SA;I410
4;15;065;065134;65134;Sapri;Sapri;;Sud;Campania;Salerno;1;0;0;SA;I422
4;15;065;065135;65135;Sarno;Sarno;;Sud;Campania;Salerno;1;0;0;SA;I438
4;15;065;065136;65136;Sassano;Sassano;;Sud;Campania;Salerno;1;0;0;SA;I451
4;15;065;065137;65137;Scafati;Scafati;;Sud;Campania;Salerno;1;0;0;SA;I483
4;15;065;065138;65138;Scala;Scala;;Sud;Campania;Salerno;1;0;0;SA;I486
4;15;065;065139;65139;Serramezzana;Serramezzana;;Sud;Campania;Salerno;1;0;0;SA;I648
4;15;065;065140;65140;Serre;Serre;;Sud;Campania;Salerno;1;0;0;SA;I666
4;15;065;065141;65141;Sessa Cilento;Sessa Cilento;;Sud;Campania;Salerno;1;0;0;SA;I677
4;15;065;065142;65142;Siano;Siano;;Sud;Campania;Salerno;1;0;0;SA;I720
4;15;065;065143;65143;Sicignano degli Alburni;Sicignano degli Alburni;;Sud;Campania;Salerno;1;0;0;SA;M253
4;15;065;065144;65144;Stella Cilento;Stella Cilento;;Sud;Campania;Salerno;1;0;0;SA;G887
4;15;065;065145;65145;Stio;Stio;;Sud;Campania;Salerno;1;0;0;SA;I960
4;15;065;065146;65146;Teggiano;Teggiano;;Sud;Campania;Salerno;1;0;0;SA;D292
4;15;065;065147;65147;Torchiara;Torchiara;;Sud;Campania;Salerno;1;0;0;SA;L212
4;15;065;065148;65148;Torraca;Torraca;;Sud;Campania;Salerno;1;0;0;SA;L233
4;15;065;065149;65149;Torre Orsaia;Torre Orsaia;;Sud;Campania;Salerno;1;0;0;SA;L274
4;15;065;065150;65150;Tortorella;Tortorella;;Sud;Campania;Salerno;1;0;0;SA;L306
4;15;065;065151;65151;Tramonti;Tramonti;;Sud;Campania;Salerno;1;0;0;SA;L323
4;15;065;065152;65152;Trentinara;Trentinara;;Sud;Campania;Salerno;1;0;0;SA;L377
4;15;065;065153;65153;Valle dell'Angelo;Valle dell'Angelo;;Sud;Campania;Salerno;1;0;0;SA;G540
4;15;065;065154;65154;Vallo della Lucania;Vallo della Lucania;;Sud;Campania;Salerno;1;0;0;SA;L628
4;15;065;065155;65155;Valva;Valva;;Sud;Campania;Salerno;1;0;0;SA;L656
4;15;065;065156;65156;Vibonati;Vibonati;;Sud;Campania;Salerno;1;0;0;SA;L835
4;15;065;065157;65157;Vietri sul Mare;Vietri sul Mare;;Sud;Campania;Salerno;1;0;0;SA;L860
4;13;066;066001;66001;Acciano;Acciano;;Sud;Abruzzi e Molise;L'Aquila;1;0;0;AQ;A018
4;13;066;066002;66002;Aielli;Aielli;;Sud;Abruzzi e Molise;L'Aquila;1;0;0;AQ;A100
4;13;066;066003;66003;Alfedena;Alfedena;;Sud;Abruzzi e Molise;L'Aquila;1;0;0;AQ;A187
4;13;066;066004;66004;Anversa degli Abruzzi;Anversa degli Abruzzi;;Sud;Abruzzi e Molise;L'Aquila;1;0;0;AQ;A318
4;13;066;066005;66005;Ateleta;Ateleta;;Sud;Abruzzi e Molise;L'Aquila;1;0;0;AQ;A481
4;13;066;066006;66006;Avezzano;Avezzano;;Sud;Abruzzi e Molise;L'Aquila;1;0;0;AQ;A515
4;13;066;066007;66007;Balsorano;Balsorano;;Sud;Abruzzi e Molise;L'Aquila;1;0;0;AQ;A603
4;13;066;066008;66008;Barete;Barete;;Sud;Abruzzi e Molise;L'Aquila;1;0;0;AQ;A656
4;13;066;066009;66009;Barisciano;Barisciano;;Sud;Abruzzi e Molise;L'Aquila;1;0;0;AQ;A667
4;13;066;066010;66010;Barrea;Barrea;;Sud;Abruzzi e Molise;L'Aquila;1;0;0;AQ;A678
4;13;066;066011;66011;Bisegna;Bisegna;;Sud;Abruzzi e Molise;L'Aquila;1;0;0;AQ;A884
4;13;066;066012;66012;Bugnara;Bugnara;;Sud;Abruzzi e Molise;L'Aquila;1;0;0;AQ;B256
4;13;066;066013;66013;Cagnano Amiterno;Cagnano Amiterno;;Sud;Abruzzi e Molise;L'Aquila;1;0;0;AQ;B358
4;13;066;066014;66014;Calascio;Calascio;;Sud;Abruzzi e Molise;L'Aquila;1;0;0;AQ;B382
4;13;066;066015;66015;Campo di Giove;Campo di Giove;;Sud;Abruzzi e Molise;L'Aquila;1;0;0;AQ;B526
4;13;066;066016;66016;Campotosto;Campotosto;;Sud;Abruzzi e Molise;L'Aquila;1;0;0;AQ;B569
4;13;066;066017;66017;Canistro;Canistro;;Sud;Abruzzi e Molise;L'Aquila;1;0;0;AQ;B606
4;13;066;066018;66018;Cansano;Cansano;;Sud;Abruzzi e Molise;L'Aquila;1;0;0;AQ;B624
4;13;066;066019;66019;Capestrano;Capestrano;;Sud;Abruzzi e Molise;L'Aquila;1;0;0;AQ;B651
4;13;066;066020;66020;Capistrello;Capistrello;;Sud;Abruzzi e Molise;L'Aquila;1;0;0;AQ;B656
4;13;066;066021;66021;Capitignano;Capitignano;;Sud;Abruzzi e Molise;L'Aquila;1;0;0;AQ;B658
4;13;066;066022;66022;Caporciano;Caporciano;;Sud;Abruzzi e Molise;L'Aquila;1;0;0;AQ;B672
4;13;066;066023;66023;Cappadocia;Cappadocia;;Sud;Abruzzi e Molise;L'Aquila;1;0;0;AQ;B677
4;13;066;066024;66024;Carapelle Calvisio;Carapelle Calvisio;;Sud;Abruzzi e Molise;L'Aquila;1;0;0;AQ;B725
4;13;066;066025;66025;Carsoli;Carsoli;;Sud;Abruzzi e Molise;L'Aquila;1;0;0;AQ;B842
4;13;066;066026;66026;Castel del Monte;Castel del Monte;;Sud;Abruzzi e Molise;L'Aquila;1;0;0;AQ;C083
4;13;066;066027;66027;Castel di Ieri;Castel di Ieri;;Sud;Abruzzi e Molise;L'Aquila;1;0;0;AQ;C090
4;13;066;066028;66028;Castel di Sangro;Castel di Sangro;;Sud;Abruzzi e Molise;L'Aquila;1;0;0;AQ;C096
4;13;066;066029;66029;Castellafiume;Castellafiume;;Sud;Abruzzi e Molise;L'Aquila;1;0;0;AQ;C126
4;13;066;066030;66030;Castelvecchio Calvisio;Castelvecchio Calvisio;;Sud;Abruzzi e Molise;L'Aquila;1;0;0;AQ;C278
4;13;066;066031;66031;Castelvecchio Subequo;Castelvecchio Subequo;;Sud;Abruzzi e Molise;L'Aquila;1;0;0;AQ;C279
4;13;066;066032;66032;Celano;Celano;;Sud;Abruzzi e Molise;L'Aquila;1;0;0;AQ;C426
4;13;066;066033;66033;Cerchio;Cerchio;;Sud;Abruzzi e Molise;L'Aquila;1;0;0;AQ;C492
4;13;066;066034;66034;Civita d'Antino;Civita d'Antino;;Sud;Abruzzi e Molise;L'Aquila;1;0;0;AQ;C766
4;13;066;066035;66035;Civitella Alfedena;Civitella Alfedena;;Sud;Abruzzi e Molise;L'Aquila;1;0;0;AQ;C778
4;13;066;066036;66036;Civitella Roveto;Civitella Roveto;;Sud;Abruzzi e Molise;L'Aquila;1;0;0;AQ;C783
4;13;066;066037;66037;Cocullo;Cocullo;;Sud;Abruzzi e Molise;L'Aquila;1;0;0;AQ;C811
4;13;066;066038;66038;Collarmele;Collarmele;;Sud;Abruzzi e Molise;L'Aquila;1;0;0;AQ;C844
4;13;066;066039;66039;Collelongo;Collelongo;;Sud;Abruzzi e Molise;L'Aquila;1;0;0;AQ;C862
4;13;066;066040;66040;Collepietro;Collepietro;;Sud;Abruzzi e Molise;L'Aquila;1;0;0;AQ;C866
4;13;066;066041;66041;Corfinio;Corfinio;;Sud;Abruzzi e Molise;L'Aquila;1;0;0;AQ;C999
4;13;066;066042;66042;Fagnano Alto;Fagnano Alto;;Sud;Abruzzi e Molise;L'Aquila;1;0;0;AQ;D465
4;13;066;066043;66043;Fontecchio;Fontecchio;;Sud;Abruzzi e Molise;L'Aquila;1;0;0;AQ;D681
4;13;066;066044;66044;Fossa;Fossa;;Sud;Abruzzi e Molise;L'Aquila;1;0;0;AQ;D736
4;13;066;066045;66045;Gagliano Aterno;Gagliano Aterno;;Sud;Abruzzi e Molise;L'Aquila;1;0;0;AQ;D850
4;13;066;066046;66046;Gioia dei Marsi;Gioia dei Marsi;;Sud;Abruzzi e Molise;L'Aquila;1;0;0;AQ;E040
4;13;066;066047;66047;Goriano Sicoli;Goriano Sicoli;;Sud;Abruzzi e Molise;L'Aquila;1;0;0;AQ;E096
4;13;066;066048;66048;Introdacqua;Introdacqua;;Sud;Abruzzi e Molise;L'Aquila;1;0;0;AQ;E307
4;13;066;066049;66049;L'Aquila;L'Aquila;;Sud;Abruzzi e Molise;L'Aquila;1;1;1;AQ;A345
4;13;066;066050;66050;Lecce nei Marsi;Lecce nei Marsi;;Sud;Abruzzi e Molise;L'Aquila;1;0;0;AQ;E505
4;13;066;066051;66051;Luco dei Marsi;Luco dei Marsi;;Sud;Abruzzi e Molise;L'Aquila;1;0;0;AQ;E723
4;13;066;066052;66052;Lucoli;Lucoli;;Sud;Abruzzi e Molise;L'Aquila;1;0;0;AQ;E724
4;13;066;066053;66053;Magliano de' Marsi;Magliano de' Marsi;;Sud;Abruzzi e Molise;L'Aquila;1;0;0;AQ;E811
4;13;066;066054;66054;Massa d'Albe;Massa d'Albe;;Sud;Abruzzi e Molise;L'Aquila;1;0;0;AQ;F022
4;13;066;066055;66055;Molina Aterno;Molina Aterno;;Sud;Abruzzi e Molise;L'Aquila;1;0;0;AQ;M255
4;13;066;066056;66056;Montereale;Montereale;;Sud;Abruzzi e Molise;L'Aquila;1;0;0;AQ;F595
4;13;066;066057;66057;Morino;Morino;;Sud;Abruzzi e Molise;L'Aquila;1;0;0;AQ;F732
4;13;066;066058;66058;Navelli;Navelli;;Sud;Abruzzi e Molise;L'Aquila;1;0;0;AQ;F852
4;13;066;066059;66059;Ocre;Ocre;;Sud;Abruzzi e Molise;L'Aquila;1;0;0;AQ;F996
4;13;066;066060;66060;Ofena;Ofena;;Sud;Abruzzi e Molise;L'Aquila;1;0;0;AQ;G002
4;13;066;066061;66061;Opi;Opi;;Sud;Abruzzi e Molise;L'Aquila;1;0;0;AQ;G079
4;13;066;066062;66062;Oricola;Oricola;;Sud;Abruzzi e Molise;L'Aquila;1;0;0;AQ;G102
4;13;066;066063;66063;Ortona dei Marsi;Ortona dei Marsi;;Sud;Abruzzi e Molise;L'Aquila;1;0;0;AQ;G142
4;13;066;066064;66064;Ortucchio;Ortucchio;;Sud;Abruzzi e Molise;L'Aquila;1;0;0;AQ;G145
4;13;066;066065;66065;Ovindoli;Ovindoli;;Sud;Abruzzi e Molise;L'Aquila;1;0;0;AQ;G200
4;13;066;066066;66066;Pacentro;Pacentro;;Sud;Abruzzi e Molise;L'Aquila;1;0;0;AQ;G210
4;13;066;066067;66067;Pereto;Pereto;;Sud;Abruzzi e Molise;L'Aquila;1;0;0;AQ;G449
4;13;066;066068;66068;Pescasseroli;Pescasseroli;;Sud;Abruzzi e Molise;L'Aquila;1;0;0;AQ;G484
4;13;066;066069;66069;Pescina;Pescina;;Sud;Abruzzi e Molise;L'Aquila;1;0;0;AQ;G492
4;13;066;066070;66070;Pescocostanzo;Pescocostanzo;;Sud;Abruzzi e Molise;L'Aquila;1;0;0;AQ;G493
4;13;066;066071;66071;Pettorano sul Gizio;Pettorano sul Gizio;;Sud;Abruzzi e Molise;L'Aquila;1;0;0;AQ;G524
4;13;066;066072;66072;Pizzoli;Pizzoli;;Sud;Abruzzi e Molise;L'Aquila;1;0;0;AQ;G726
4;13;066;066073;66073;Poggio Picenze;Poggio Picenze;;Sud;Abruzzi e Molise;L'Aquila;1;0;0;AQ;G766
4;13;066;066074;66074;Prata d'Ansidonia;Prata d'Ansidonia;;Sud;Abruzzi e Molise;L'Aquila;1;0;0;AQ;G992
4;13;066;066075;66075;Pratola Peligna;Pratola Peligna;;Sud;Abruzzi e Molise;L'Aquila;1;0;0;AQ;H007
4;13;066;066076;66076;Prezza;Prezza;;Sud;Abruzzi e Molise;L'Aquila;1;0;0;AQ;H056
4;13;066;066077;66077;Raiano;Raiano;;Sud;Abruzzi e Molise;L'Aquila;1;0;0;AQ;H166
4;13;066;066078;66078;Rivisondoli;Rivisondoli;;Sud;Abruzzi e Molise;L'Aquila;1;0;0;AQ;H353
4;13;066;066079;66079;Roccacasale;Roccacasale;;Sud;Abruzzi e Molise;L'Aquila;1;0;0;AQ;H389
4;13;066;066080;66080;Rocca di Botte;Rocca di Botte;;Sud;Abruzzi e Molise;L'Aquila;1;0;0;AQ;H399
4;13;066;066081;66081;Rocca di Cambio;Rocca di Cambio;;Sud;Abruzzi e Molise;L'Aquila;1;0;0;AQ;H400
4;13;066;066082;66082;Rocca di Mezzo;Rocca di Mezzo;;Sud;Abruzzi e Molise;L'Aquila;1;0;0;AQ;H402
4;13;066;066083;66083;Rocca Pia;Rocca Pia;;Sud;Abruzzi e Molise;L'Aquila;1;0;0;AQ;H429
4;13;066;066084;66084;Roccaraso;Roccaraso;;Sud;Abruzzi e Molise;L'Aquila;1;0;0;AQ;H434
4;13;066;066085;66085;San Benedetto dei Marsi;San Benedetto dei Marsi;;Sud;Abruzzi e Molise;L'Aquila;1;0;0;AQ;H772
4;13;066;066086;66086;San Benedetto in Perillis;San Benedetto in Perillis;;Sud;Abruzzi e Molise;L'Aquila;1;0;0;AQ;H773
4;13;066;066087;66087;San Demetrio ne' Vestini;San Demetrio ne' Vestini;;Sud;Abruzzi e Molise;L'Aquila;1;0;0;AQ;H819
4;13;066;066088;66088;San Pio delle Camere;San Pio delle Camere;;Sud;Abruzzi e Molise;L'Aquila;1;0;0;AQ;I121
4;13;066;066089;66089;Sante Marie;Sante Marie;;Sud;Abruzzi e Molise;L'Aquila;1;0;0;AQ;I326
4;13;066;066090;66090;Sant'Eusanio Forconese;Sant'Eusanio Forconese;;Sud;Abruzzi e Molise;L'Aquila;1;0;0;AQ;I336
4;13;066;066091;66091;Santo Stefano di Sessanio;Santo Stefano di Sessanio;;Sud;Abruzzi e Molise;L'Aquila;1;0;0;AQ;I360
4;13;066;066092;66092;San Vincenzo Valle Roveto;San Vincenzo Valle Roveto;;Sud;Abruzzi e Molise;L'Aquila;1;0;0;AQ;I389
4;13;066;066093;66093;Scanno;Scanno;;Sud;Abruzzi e Molise;L'Aquila;1;0;0;AQ;I501
4;13;066;066094;66094;Scontrone;Scontrone;;Sud;Abruzzi e Molise;L'Aquila;1;0;0;AQ;I543
4;13;066;066095;66095;Scoppito;Scoppito;;Sud;Abruzzi e Molise;L'Aquila;1;0;0;AQ;I546
4;13;066;066096;66096;Scurcola Marsicana;Scurcola Marsicana;;Sud;Abruzzi e Molise;L'Aquila;1;0;0;AQ;I553
4;13;066;066097;66097;Secinaro;Secinaro;;Sud;Abruzzi e Molise;L'Aquila;1;0;0;AQ;I558
4;13;066;066098;66098;Sulmona;Sulmona;;Sud;Abruzzi e Molise;L'Aquila;1;0;0;AQ;I804
4;13;066;066099;66099;Tagliacozzo;Tagliacozzo;;Sud;Abruzzi e Molise;L'Aquila;1;0;0;AQ;L025
4;13;066;066100;66100;Tione degli Abruzzi;Tione degli Abruzzi;;Sud;Abruzzi e Molise;L'Aquila;1;0;0;AQ;L173
4;13;066;066101;66101;Tornimparte;Tornimparte;;Sud;Abruzzi e Molise;L'Aquila;1;0;0;AQ;L227
4;13;066;066102;66102;Trasacco;Trasacco;;Sud;Abruzzi e Molise;L'Aquila;1;0;0;AQ;L334
4;13;066;066103;66103;Villalago;Villalago;;Sud;Abruzzi e Molise;L'Aquila;1;0;0;AQ;L958
4;13;066;066104;66104;Villa Santa Lucia degli Abruzzi;Villa Santa Lucia degli Abruzzi;;Sud;Abruzzi e Molise;L'Aquila;1;0;0;AQ;M021
4;13;066;066105;66105;Villa Sant'Angelo;Villa Sant'Angelo;;Sud;Abruzzi e Molise;L'Aquila;1;0;0;AQ;M023
4;13;066;066106;66106;Villavallelonga;Villavallelonga;;Sud;Abruzzi e Molise;L'Aquila;1;0;0;AQ;M031
4;13;066;066107;66107;Villetta Barrea;Villetta Barrea;;Sud;Abruzzi e Molise;L'Aquila;1;0;0;AQ;M041
4;13;066;066108;66108;Vittorito;Vittorito;;Sud;Abruzzi e Molise;L'Aquila;1;0;0;AQ;M090
4;13;067;067001;67001;Alba Adriatica;Alba Adriatica;;Sud;Abruzzi e Molise;Teramo;1;0;0;TE;A125
4;13;067;067002;67002;Ancarano;Ancarano;;Sud;Abruzzi e Molise;Teramo;1;0;0;TE;A270
4;13;067;067003;67003;Arsita;Arsita;;Sud;Abruzzi e Molise;Teramo;1;0;0;TE;A445
4;13;067;067004;67004;Atri;Atri;;Sud;Abruzzi e Molise;Teramo;1;0;0;TE;A488
4;13;067;067005;67005;Basciano;Basciano;;Sud;Abruzzi e Molise;Teramo;1;0;0;TE;A692
4;13;067;067006;67006;Bellante;Bellante;;Sud;Abruzzi e Molise;Teramo;1;0;0;TE;A746
4;13;067;067007;67007;Bisenti;Bisenti;;Sud;Abruzzi e Molise;Teramo;1;0;0;TE;A885
4;13;067;067008;67008;Campli;Campli;;Sud;Abruzzi e Molise;Teramo;1;0;0;TE;B515
4;13;067;067009;67009;Canzano;Canzano;;Sud;Abruzzi e Molise;Teramo;1;0;0;TE;B640
4;13;067;067010;67010;Castel Castagna;Castel Castagna;;Sud;Abruzzi e Molise;Teramo;1;0;0;TE;C040
4;13;067;067011;67011;Castellalto;Castellalto;;Sud;Abruzzi e Molise;Teramo;1;0;0;TE;C128
4;13;067;067012;67012;Castelli;Castelli;;Sud;Abruzzi e Molise;Teramo;1;0;0;TE;C169
4;13;067;067013;67013;Castiglione Messer Raimondo;Castiglione Messer Raimondo;;Sud;Abruzzi e Molise;Teramo;1;0;0;TE;C316
4;13;067;067014;67014;Castilenti;Castilenti;;Sud;Abruzzi e Molise;Teramo;1;0;0;TE;C322
4;13;067;067015;67015;Cellino Attanasio;Cellino Attanasio;;Sud;Abruzzi e Molise;Teramo;1;0;0;TE;C449
4;13;067;067016;67016;Cermignano;Cermignano;;Sud;Abruzzi e Molise;Teramo;1;0;0;TE;C517
4;13;067;067017;67017;Civitella del Tronto;Civitella del Tronto;;Sud;Abruzzi e Molise;Teramo;1;0;0;TE;C781
4;13;067;067018;67018;Colledara;Colledara;;Sud;Abruzzi e Molise;Teramo;1;0;0;TE;C311
4;13;067;067019;67019;Colonnella;Colonnella;;Sud;Abruzzi e Molise;Teramo;1;0;0;TE;C901
4;13;067;067020;67020;Controguerra;Controguerra;;Sud;Abruzzi e Molise;Teramo;1;0;0;TE;C972
4;13;067;067021;67021;Corropoli;Corropoli;;Sud;Abruzzi e Molise;Teramo;1;0;0;TE;D043
4;13;067;067022;67022;Cortino;Cortino;;Sud;Abruzzi e Molise;Teramo;1;0;0;TE;D076
4;13;067;067023;67023;Crognaleto;Crognaleto;;Sud;Abruzzi e Molise;Teramo;1;0;0;TE;D179
4;13;067;067024;67024;Fano Adriano;Fano Adriano;;Sud;Abruzzi e Molise;Teramo;1;0;0;TE;D489
4;13;067;067025;67025;Giulianova;Giulianova;;Sud;Abruzzi e Molise;Teramo;1;0;0;TE;E058
4;13;067;067026;67026;Isola del Gran Sasso d'Italia;Isola del Gran Sasso d'Italia;;Sud;Abruzzi e Molise;Teramo;1;0;0;TE;E343
4;13;067;067027;67027;Montefino;Montefino;;Sud;Abruzzi e Molise;Teramo;1;0;0;TE;F500
4;13;067;067028;67028;Montorio al Vomano;Montorio al Vomano;;Sud;Abruzzi e Molise;Teramo;1;0;0;TE;F690
4;13;067;067029;67029;Morro d'Oro;Morro d'Oro;;Sud;Abruzzi e Molise;Teramo;1;0;0;TE;F747
4;13;067;067030;67030;Mosciano Sant'Angelo;Mosciano Sant'Angelo;;Sud;Abruzzi e Molise;Teramo;1;0;0;TE;F764
4;13;067;067031;67031;Nereto;Nereto;;Sud;Abruzzi e Molise;Teramo;1;0;0;TE;F870
4;13;067;067032;67032;Notaresco;Notaresco;;Sud;Abruzzi e Molise;Teramo;1;0;0;TE;F942
4;13;067;067033;67033;Penna Sant'Andrea;Penna Sant'Andrea;;Sud;Abruzzi e Molise;Teramo;1;0;0;TE;G437
4;13;067;067034;67034;Pietracamela;Pietracamela;;Sud;Abruzzi e Molise;Teramo;1;0;0;TE;G608
4;13;067;067035;67035;Pineto;Pineto;;Sud;Abruzzi e Molise;Teramo;1;0;0;TE;F831
4;13;067;067036;67036;Rocca Santa Maria;Rocca Santa Maria;;Sud;Abruzzi e Molise;Teramo;1;0;0;TE;H440
4;13;067;067037;67037;Roseto degli Abruzzi;Roseto degli Abruzzi;;Sud;Abruzzi e Molise;Teramo;1;0;0;TE;F585
4;13;067;067038;67038;Sant'Egidio alla Vibrata;Sant'Egidio alla Vibrata;;Sud;Abruzzi e Molise;Teramo;1;0;0;TE;I318
4;13;067;067039;67039;Sant'Omero;Sant'Omero;;Sud;Abruzzi e Molise;Teramo;1;0;0;TE;I348
4;13;067;067040;67040;Silvi;Silvi;;Sud;Abruzzi e Molise;Teramo;1;0;0;TE;I741
4;13;067;067041;67041;Teramo;Teramo;;Sud;Abruzzi e Molise;Teramo;1;0;1;TE;L103
4;13;067;067042;67042;Torano Nuovo;Torano Nuovo;;Sud;Abruzzi e Molise;Teramo;1;0;0;TE;L207
4;13;067;067043;67043;Torricella Sicura;Torricella Sicura;;Sud;Abruzzi e Molise;Teramo;1;0;0;TE;L295
4;13;067;067044;67044;Tortoreto;Tortoreto;;Sud;Abruzzi e Molise;Teramo;1;0;0;TE;L307
4;13;067;067045;67045;Tossicia;Tossicia;;Sud;Abruzzi e Molise;Teramo;1;0;0;TE;L314
4;13;067;067046;67046;Valle Castellana;Valle Castellana;;Sud;Abruzzi e Molise;Teramo;1;0;0;TE;L597
4;13;067;067047;67047;Martinsicuro;Martinsicuro;;Sud;Abruzzi e Molise;Teramo;1;0;0;TE;E989
4;13;068;068001;68001;Abbateggio;Abbateggio;;Sud;Abruzzi e Molise;Pescara;1;0;0;PE;A008
4;13;068;068002;68002;Alanno;Alanno;;Sud;Abruzzi e Molise;Pescara;1;0;0;PE;A120
4;13;068;068003;68003;Bolognano;Bolognano;;Sud;Abruzzi e Molise;Pescara;1;0;0;PE;A945
4;13;068;068004;68004;Brittoli;Brittoli;;Sud;Abruzzi e Molise;Pescara;1;0;0;PE;B193
4;13;068;068005;68005;Bussi sul Tirino;Bussi sul Tirino;;Sud;Abruzzi e Molise;Pescara;1;0;0;PE;B294
4;13;068;068006;68006;Cappelle sul Tavo;Cappelle sul Tavo;;Sud;Abruzzi e Molise;Pescara;1;0;0;PE;B681
4;13;068;068007;68007;Caramanico Terme;Caramanico Terme;;Sud;Abruzzi e Molise;Pescara;1;0;0;PE;B722
4;13;068;068008;68008;Carpineto della Nora;Carpineto della Nora;;Sud;Abruzzi e Molise;Pescara;1;0;0;PE;B827
4;13;068;068009;68009;Castiglione a Casauria;Castiglione a Casauria;;Sud;Abruzzi e Molise;Pescara;1;0;0;PE;C308
4;13;068;068010;68010;Catignano;Catignano;;Sud;Abruzzi e Molise;Pescara;1;0;0;PE;C354
4;13;068;068011;68011;Cepagatti;Cepagatti;;Sud;Abruzzi e Molise;Pescara;1;0;0;PE;C474
4;13;068;068012;68012;Città Sant'Angelo;Città Sant'Angelo;;Sud;Abruzzi e Molise;Pescara;1;0;0;PE;C750
4;13;068;068013;68013;Civitaquana;Civitaquana;;Sud;Abruzzi e Molise;Pescara;1;0;0;PE;C771
4;13;068;068014;68014;Civitella Casanova;Civitella Casanova;;Sud;Abruzzi e Molise;Pescara;1;0;0;PE;C779
4;13;068;068015;68015;Collecorvino;Collecorvino;;Sud;Abruzzi e Molise;Pescara;1;0;0;PE;C853
4;13;068;068016;68016;Corvara;Corvara;;Sud;Abruzzi e Molise;Pescara;1;0;0;PE;D078
4;13;068;068017;68017;Cugnoli;Cugnoli;;Sud;Abruzzi e Molise;Pescara;1;0;0;PE;D201
4;13;068;068018;68018;Elice;Elice;;Sud;Abruzzi e Molise;Pescara;1;0;0;PE;D394
4;13;068;068019;68019;Farindola;Farindola;;Sud;Abruzzi e Molise;Pescara;1;0;0;PE;D501
4;13;068;068020;68020;Lettomanoppello;Lettomanoppello;;Sud;Abruzzi e Molise;Pescara;1;0;0;PE;E558
4;13;068;068021;68021;Loreto Aprutino;Loreto Aprutino;;Sud;Abruzzi e Molise;Pescara;1;0;0;PE;E691
4;13;068;068022;68022;Manoppello;Manoppello;;Sud;Abruzzi e Molise;Pescara;1;0;0;PE;E892
4;13;068;068023;68023;Montebello di Bertona;Montebello di Bertona;;Sud;Abruzzi e Molise;Pescara;1;0;0;PE;F441
4;13;068;068024;68024;Montesilvano;Montesilvano;;Sud;Abruzzi e Molise;Pescara;1;0;0;PE;F646
4;13;068;068025;68025;Moscufo;Moscufo;;Sud;Abruzzi e Molise;Pescara;1;0;0;PE;F765
4;13;068;068026;68026;Nocciano;Nocciano;;Sud;Abruzzi e Molise;Pescara;1;0;0;PE;F908
4;13;068;068027;68027;Penne;Penne;;Sud;Abruzzi e Molise;Pescara;1;0;0;PE;G438
4;13;068;068028;68028;Pescara;Pescara;;Sud;Abruzzi e Molise;Pescara;1;0;1;PE;G482
4;13;068;068029;68029;Pescosansonesco;Pescosansonesco;;Sud;Abruzzi e Molise;Pescara;1;0;0;PE;G499
4;13;068;068030;68030;Pianella;Pianella;;Sud;Abruzzi e Molise;Pescara;1;0;0;PE;G555
4;13;068;068031;68031;Picciano;Picciano;;Sud;Abruzzi e Molise;Pescara;1;0;0;PE;G589
4;13;068;068032;68032;Pietranico;Pietranico;;Sud;Abruzzi e Molise;Pescara;1;0;0;PE;G621
4;13;068;068033;68033;Popoli;Popoli;;Sud;Abruzzi e Molise;Pescara;1;0;0;PE;G878
4;13;068;068034;68034;Roccamorice;Roccamorice;;Sud;Abruzzi e Molise;Pescara;1;0;0;PE;H425
4;13;068;068035;68035;Rosciano;Rosciano;;Sud;Abruzzi e Molise;Pescara;1;0;0;PE;H562
4;13;068;068036;68036;Salle;Salle;;Sud;Abruzzi e Molise;Pescara;1;0;0;PE;H715
4;13;068;068037;68037;Sant'Eufemia a Maiella;Sant'Eufemia a Maiella;;Sud;Abruzzi e Molise;Pescara;1;0;0;PE;I332
4;13;068;068038;68038;San Valentino in Abruzzo Citeriore;San Valentino in Abruzzo Citeriore;;Sud;Abruzzi e Molise;Pescara;1;0;0;PE;I376
4;13;068;068039;68039;Scafa;Scafa;;Sud;Abruzzi e Molise;Pescara;1;0;0;PE;I482
4;13;068;068040;68040;Serramonacesca;Serramonacesca;;Sud;Abruzzi e Molise;Pescara;1;0;0;PE;I649
4;13;068;068041;68041;Spoltore;Spoltore;;Sud;Abruzzi e Molise;Pescara;1;0;0;PE;I922
4;13;068;068042;68042;Tocco da Casauria;Tocco da Casauria;;Sud;Abruzzi e Molise;Pescara;1;0;0;PE;L186
4;13;068;068043;68043;Torre de' Passeri;Torre de' Passeri;;Sud;Abruzzi e Molise;Pescara;1;0;0;PE;L263
4;13;068;068044;68044;Turrivalignani;Turrivalignani;;Sud;Abruzzi e Molise;Pescara;1;0;0;PE;L475
4;13;068;068045;68045;Vicoli;Vicoli;;Sud;Abruzzi e Molise;Pescara;1;0;0;PE;L846
4;13;068;068046;68046;Villa Celiera;Villa Celiera;;Sud;Abruzzi e Molise;Pescara;1;0;0;PE;L922
4;13;069;069001;69001;Altino;Altino;;Sud;Abruzzi e Molise;Chieti;1;0;0;CH;A235
4;13;069;069002;69002;Archi;Archi;;Sud;Abruzzi e Molise;Chieti;1;0;0;CH;A367
4;13;069;069003;69003;Ari;Ari;;Sud;Abruzzi e Molise;Chieti;1;0;0;CH;A398
4;13;069;069004;69004;Arielli;Arielli;;Sud;Abruzzi e Molise;Chieti;1;0;0;CH;A402
4;13;069;069005;69005;Atessa;Atessa;;Sud;Abruzzi e Molise;Chieti;1;0;0;CH;A485
4;13;069;069006;69006;Bomba;Bomba;;Sud;Abruzzi e Molise;Chieti;1;0;0;CH;A956
4;13;069;069007;69007;Borrello;Borrello;;Sud;Abruzzi e Molise;Chieti;1;0;0;CH;B057
4;13;069;069008;69008;Bucchianico;Bucchianico;;Sud;Abruzzi e Molise;Chieti;1;0;0;CH;B238
4;13;069;069009;69009;Buonanotte;Buonanotte;;Sud;Abruzzi e Molise;Chieti;1;0;0;CH;B268
4;13;069;069010;69010;Canosa Sannita;Canosa Sannita;;Sud;Abruzzi e Molise;Chieti;1;0;0;CH;B620
4;13;069;069011;69011;Carpineto Sinello;Carpineto Sinello;;Sud;Abruzzi e Molise;Chieti;1;0;0;CH;B826
4;13;069;069012;69012;Carunchio;Carunchio;;Sud;Abruzzi e Molise;Chieti;1;0;0;CH;B853
4;13;069;069013;69013;Casacanditella;Casacanditella;;Sud;Abruzzi e Molise;Chieti;1;0;0;CH;B859
4;13;069;069014;69014;Casalanguida;Casalanguida;;Sud;Abruzzi e Molise;Chieti;1;0;0;CH;B861
4;13;069;069015;69015;Casalbordino;Casalbordino;;Sud;Abruzzi e Molise;Chieti;1;0;0;CH;B865
4;13;069;069016;69016;Casalincontrada;Casalincontrada;;Sud;Abruzzi e Molise;Chieti;1;0;0;CH;B896
4;13;069;069017;69017;Casoli;Casoli;;Sud;Abruzzi e Molise;Chieti;1;0;0;CH;B985
4;13;069;069018;69018;Castel Frentano;Castel Frentano;;Sud;Abruzzi e Molise;Chieti;1;0;0;CH;C114
4;13;069;069019;69019;Castelguidone;Castelguidone;;Sud;Abruzzi e Molise;Chieti;1;0;0;CH;C123
4;13;069;069020;69020;Castiglione Messer Marino;Castiglione Messer Marino;;Sud;Abruzzi e Molise;Chieti;1;0;0;CH;C298
4;13;069;069021;69021;Celenza sul Trigno;Celenza sul Trigno;;Sud;Abruzzi e Molise;Chieti;1;0;0;CH;C428
4;13;069;069022;69022;Chieti;Chieti;;Sud;Abruzzi e Molise;Chieti;1;0;1;CH;C632
4;13;069;069023;69023;Civitaluparella;Civitaluparella;;Sud;Abruzzi e Molise;Chieti;1;0;0;CH;C768
4;13;069;069024;69024;Civitella Messer Raimondo;Civitella Messer Raimondo;;Sud;Abruzzi e Molise;Chieti;1;0;0;CH;C776
4;13;069;069025;69025;Colledimacine;Colledimacine;;Sud;Abruzzi e Molise;Chieti;1;0;0;CH;C855
4;13;069;069026;69026;Colledimezzo;Colledimezzo;;Sud;Abruzzi e Molise;Chieti;1;0;0;CH;C856
4;13;069;069027;69027;Crecchio;Crecchio;;Sud;Abruzzi e Molise;Chieti;1;0;0;CH;D137
4;13;069;069028;69028;Cupello;Cupello;;Sud;Abruzzi e Molise;Chieti;1;0;0;CH;D209
4;13;069;069029;69029;Dogliola;Dogliola;;Sud;Abruzzi e Molise;Chieti;1;0;0;CH;D315
4;13;069;069030;69030;Fara Filiorum Petri;Fara Filiorum Petri;;Sud;Abruzzi e Molise;Chieti;1;0;0;CH;D494
4;13;069;069031;69031;Fara San Martino;Fara San Martino;;Sud;Abruzzi e Molise;Chieti;1;0;0;CH;D495
4;13;069;069032;69032;Filetto;Filetto;;Sud;Abruzzi e Molise;Chieti;1;0;0;CH;D592
4;13;069;069033;69033;Fossacesia;Fossacesia;;Sud;Abruzzi e Molise;Chieti;1;0;0;CH;D738
4;13;069;069034;69034;Fraine;Fraine;;Sud;Abruzzi e Molise;Chieti;1;0;0;CH;D757
4;13;069;069035;69035;Francavilla al Mare;Francavilla al Mare;;Sud;Abruzzi e Molise;Chieti;1;0;0;CH;D763
4;13;069;069036;69036;Fresagrandinaria;Fresagrandinaria;;Sud;Abruzzi e Molise;Chieti;1;0;0;CH;D796
4;13;069;069037;69037;Frisa;Frisa;;Sud;Abruzzi e Molise;Chieti;1;0;0;CH;D803
4;13;069;069038;69038;Furci;Furci;;Sud;Abruzzi e Molise;Chieti;1;0;0;CH;D823
4;13;069;069039;69039;Gamberale;Gamberale;;Sud;Abruzzi e Molise;Chieti;1;0;0;CH;D898
4;13;069;069040;69040;Gessopalena;Gessopalena;;Sud;Abruzzi e Molise;Chieti;1;0;0;CH;D996
4;13;069;069041;69041;Gissi;Gissi;;Sud;Abruzzi e Molise;Chieti;1;0;0;CH;E052
4;13;069;069042;69042;Giuliano Teatino;Giuliano Teatino;;Sud;Abruzzi e Molise;Chieti;1;0;0;CH;E056
4;13;069;069043;69043;Guardiagrele;Guardiagrele;;Sud;Abruzzi e Molise;Chieti;1;0;0;CH;E243
4;13;069;069044;69044;Guilmi;Guilmi;;Sud;Abruzzi e Molise;Chieti;1;0;0;CH;E266
4;13;069;069045;69045;Lama dei Peligni;Lama dei Peligni;;Sud;Abruzzi e Molise;Chieti;1;0;0;CH;E424
4;13;069;069046;69046;Lanciano;Lanciano;;Sud;Abruzzi e Molise;Chieti;1;0;0;CH;E435
4;13;069;069047;69047;Lentella;Lentella;;Sud;Abruzzi e Molise;Chieti;1;0;0;CH;E531
4;13;069;069048;69048;Lettopalena;Lettopalena;;Sud;Abruzzi e Molise;Chieti;1;0;0;CH;E559
4;13;069;069049;69049;Liscia;Liscia;;Sud;Abruzzi e Molise;Chieti;1;0;0;CH;E611
4;13;069;069050;69050;Miglianico;Miglianico;;Sud;Abruzzi e Molise;Chieti;1;0;0;CH;F196
4;13;069;069051;69051;Montazzoli;Montazzoli;;Sud;Abruzzi e Molise;Chieti;1;0;0;CH;F433
4;13;069;069052;69052;Monteferrante;Monteferrante;;Sud;Abruzzi e Molise;Chieti;1;0;0;CH;F498
4;13;069;069053;69053;Montelapiano;Montelapiano;;Sud;Abruzzi e Molise;Chieti;1;0;0;CH;F535
4;13;069;069054;69054;Montenerodomo;Montenerodomo;;Sud;Abruzzi e Molise;Chieti;1;0;0;CH;F578
4;13;069;069055;69055;Monteodorisio;Monteodorisio;;Sud;Abruzzi e Molise;Chieti;1;0;0;CH;F582
4;13;069;069056;69056;Mozzagrogna;Mozzagrogna;;Sud;Abruzzi e Molise;Chieti;1;0;0;CH;F785
4;13;069;069057;69057;Orsogna;Orsogna;;Sud;Abruzzi e Molise;Chieti;1;0;0;CH;G128
4;13;069;069058;69058;Ortona;Ortona;;Sud;Abruzzi e Molise;Chieti;1;0;0;CH;G141
4;13;069;069059;69059;Paglieta;Paglieta;;Sud;Abruzzi e Molise;Chieti;1;0;0;CH;G237
4;13;069;069060;69060;Palena;Palena;;Sud;Abruzzi e Molise;Chieti;1;0;0;CH;G271
4;13;069;069061;69061;Palmoli;Palmoli;;Sud;Abruzzi e Molise;Chieti;1;0;0;CH;G290
4;13;069;069062;69062;Palombaro;Palombaro;;Sud;Abruzzi e Molise;Chieti;1;0;0;CH;G294
4;13;069;069063;69063;Pennadomo;Pennadomo;;Sud;Abruzzi e Molise;Chieti;1;0;0;CH;G434
4;13;069;069064;69064;Pennapiedimonte;Pennapiedimonte;;Sud;Abruzzi e Molise;Chieti;1;0;0;CH;G435
4;13;069;069065;69065;Perano;Perano;;Sud;Abruzzi e Molise;Chieti;1;0;0;CH;G441
4;13;069;069066;69066;Pizzoferrato;Pizzoferrato;;Sud;Abruzzi e Molise;Chieti;1;0;0;CH;G724
4;13;069;069067;69067;Poggiofiorito;Poggiofiorito;;Sud;Abruzzi e Molise;Chieti;1;0;0;CH;G760
4;13;069;069068;69068;Pollutri;Pollutri;;Sud;Abruzzi e Molise;Chieti;1;0;0;CH;G799
4;13;069;069069;69069;Pretoro;Pretoro;;Sud;Abruzzi e Molise;Chieti;1;0;0;CH;H052
4;13;069;069070;69070;Quadri;Quadri;;Sud;Abruzzi e Molise;Chieti;1;0;0;CH;H098
4;13;069;069071;69071;Rapino;Rapino;;Sud;Abruzzi e Molise;Chieti;1;0;0;CH;H184
4;13;069;069072;69072;Ripa Teatina;Ripa Teatina;;Sud;Abruzzi e Molise;Chieti;1;0;0;CH;H320
4;13;069;069073;69073;Roccamontepiano;Roccamontepiano;;Sud;Abruzzi e Molise;Chieti;1;0;0;CH;H424
4;13;069;069074;69074;Rocca San Giovanni;Rocca San Giovanni;;Sud;Abruzzi e Molise;Chieti;1;0;0;CH;H439
4;13;069;069075;69075;Roccascalegna;Roccascalegna;;Sud;Abruzzi e Molise;Chieti;1;0;0;CH;H442
4;13;069;069076;69076;Roccaspinalveti;Roccaspinalveti;;Sud;Abruzzi e Molise;Chieti;1;0;0;CH;H448
4;13;069;069077;69077;Roio del Sangro;Roio del Sangro;;Sud;Abruzzi e Molise;Chieti;1;0;0;CH;H495
4;13;069;069078;69078;Rosello;Rosello;;Sud;Abruzzi e Molise;Chieti;1;0;0;CH;H566
4;13;069;069079;69079;San Buono;San Buono;;Sud;Abruzzi e Molise;Chieti;1;0;0;CH;H784
4;13;069;069080;69080;San Giovanni Lipioni;San Giovanni Lipioni;;Sud;Abruzzi e Molise;Chieti;1;0;0;CH;H923
4;13;069;069081;69081;San Giovanni Teatino;San Giovanni Teatino;;Sud;Abruzzi e Molise;Chieti;1;0;0;CH;D690
4;13;069;069082;69082;San Martino sulla Marrucina;San Martino sulla Marrucina;;Sud;Abruzzi e Molise;Chieti;1;0;0;CH;H991
4;13;069;069083;69083;San Salvo;San Salvo;;Sud;Abruzzi e Molise;Chieti;1;0;0;CH;I148
4;13;069;069084;69084;Santa Maria Imbaro;Santa Maria Imbaro;;Sud;Abruzzi e Molise;Chieti;1;0;0;CH;I244
4;13;069;069085;69085;Sant'Eusanio del Sangro;Sant'Eusanio del Sangro;;Sud;Abruzzi e Molise;Chieti;1;0;0;CH;I335
4;13;069;069086;69086;San Vito Chietino;San Vito Chietino;;Sud;Abruzzi e Molise;Chieti;1;0;0;CH;I394
4;13;069;069087;69087;Scerni;Scerni;;Sud;Abruzzi e Molise;Chieti;1;0;0;CH;I520
4;13;069;069088;69088;Schiavi di Abruzzo;Schiavi di Abruzzo;;Sud;Abruzzi e Molise;Chieti;1;0;0;CH;I526
4;13;069;069089;69089;Taranta Peligna;Taranta Peligna;;Sud;Abruzzi e Molise;Chieti;1;0;0;CH;L047
4;13;069;069090;69090;Tollo;Tollo;;Sud;Abruzzi e Molise;Chieti;1;0;0;CH;L194
4;13;069;069091;69091;Torino di Sangro;Torino di Sangro;;Sud;Abruzzi e Molise;Chieti;1;0;0;CH;L218
4;13;069;069092;69092;Tornareccio;Tornareccio;;Sud;Abruzzi e Molise;Chieti;1;0;0;CH;L224
4;13;069;069093;69093;Torrebruna;Torrebruna;;Sud;Abruzzi e Molise;Chieti;1;0;0;CH;L253
4;13;069;069094;69094;Torrevecchia Teatina;Torrevecchia Teatina;;Sud;Abruzzi e Molise;Chieti;1;0;0;CH;L284
4;13;069;069095;69095;Torricella Peligna;Torricella Peligna;;Sud;Abruzzi e Molise;Chieti;1;0;0;CH;L291
4;13;069;069096;69096;Treglio;Treglio;;Sud;Abruzzi e Molise;Chieti;1;0;0;CH;L363
4;13;069;069097;69097;Tufillo;Tufillo;;Sud;Abruzzi e Molise;Chieti;1;0;0;CH;L459
4;13;069;069098;69098;Vacri;Vacri;;Sud;Abruzzi e Molise;Chieti;1;0;0;CH;L526
4;13;069;069099;69099;Vasto;Vasto;;Sud;Abruzzi e Molise;Chieti;1;0;0;CH;E372
4;13;069;069100;69100;Villalfonsina;Villalfonsina;;Sud;Abruzzi e Molise;Chieti;1;0;0;CH;L961
4;13;069;069101;69101;Villamagna;Villamagna;;Sud;Abruzzi e Molise;Chieti;1;0;0;CH;L964
4;13;069;069102;69102;Villa Santa Maria;Villa Santa Maria;;Sud;Abruzzi e Molise;Chieti;1;0;0;CH;M022
4;13;069;069103;69103;Pietraferrazzana;Pietraferrazzana;;Sud;Abruzzi e Molise;Chieti;1;0;0;CH;G613
4;13;070;070001;70001;Acquaviva Collecroce;Acquaviva Collecroce;;Sud;Abruzzi e Molise;Campobasso;1;0;0;CB;A050
4;13;070;070002;70002;Acquaviva d'Isernia;Acquaviva d'Isernia;;Sud;Abruzzi e Molise;Campobasso;1;0;0;CB;A051
4;13;070;070003;70003;Agnone;Agnone;;Sud;Abruzzi e Molise;Campobasso;1;0;0;CB;A080
4;13;070;070004;70004;Bagnoli del Trigno;Bagnoli del Trigno;;Sud;Abruzzi e Molise;Campobasso;1;0;0;CB;A567
4;13;070;070005;70005;Baranello;Baranello;;Sud;Abruzzi e Molise;Campobasso;1;0;0;CB;A616
4;13;070;070006;70006;Belmonte del Sannio;Belmonte del Sannio;;Sud;Abruzzi e Molise;Campobasso;1;0;0;CB;A761
4;13;070;070007;70007;Bojano;Bojano;;Sud;Abruzzi e Molise;Campobasso;1;0;0;CB;A930
4;13;070;070008;70008;Bonefro;Bonefro;;Sud;Abruzzi e Molise;Campobasso;1;0;0;CB;A971
4;13;070;070009;70009;Busso;Busso;;Sud;Abruzzi e Molise;Campobasso;1;0;0;CB;B295
4;13;070;070010;70010;Campobasso;Campobasso;;Sud;Abruzzi e Molise;Campobasso;1;0;1;CB;B519
4;13;070;070011;70011;Campochiaro;Campochiaro;;Sud;Abruzzi e Molise;Campobasso;1;0;0;CB;B522
4;13;070;070012;70012;Campodipietra;Campodipietra;;Sud;Abruzzi e Molise;Campobasso;1;0;0;CB;B528
4;13;070;070013;70013;Campolieto;Campolieto;;Sud;Abruzzi e Molise;Campobasso;1;0;0;CB;B544
4;13;070;070014;70014;Campomarino;Campomarino;;Sud;Abruzzi e Molise;Campobasso;1;0;0;CB;B550
4;13;070;070015;70015;Cantalupo nel Sannio;Cantalupo nel Sannio;;Sud;Abruzzi e Molise;Campobasso;1;0;0;CB;B630
4;13;070;070016;70016;Capracotta;Capracotta;;Sud;Abruzzi e Molise;Campobasso;1;0;0;CB;B682
4;13;070;070017;70017;Carovilli;Carovilli;;Sud;Abruzzi e Molise;Campobasso;1;0;0;CB;B810
4;13;070;070018;70018;Carpinone;Carpinone;;Sud;Abruzzi e Molise;Campobasso;1;0;0;CB;B830
4;13;070;070019;70019;Casacalenda;Casacalenda;;Sud;Abruzzi e Molise;Campobasso;1;0;0;CB;B858
4;13;070;070020;70020;Casalciprano;Casalciprano;;Sud;Abruzzi e Molise;Campobasso;1;0;0;CB;B871
4;13;070;070021;70021;Castelbottaccio;Castelbottaccio;;Sud;Abruzzi e Molise;Campobasso;1;0;0;CB;C066
4;13;070;070022;70022;Castel del Giudice;Castel del Giudice;;Sud;Abruzzi e Molise;Campobasso;1;0;0;CB;C082
4;13;070;070023;70023;Castellino del Biferno;Castellino del Biferno;;Sud;Abruzzi e Molise;Campobasso;1;0;0;CB;C175
4;13;070;070024;70024;Castelmauro;Castelmauro;;Sud;Abruzzi e Molise;Campobasso;1;0;0;CB;C197
4;13;070;070025;70025;Castelpetroso;Castelpetroso;;Sud;Abruzzi e Molise;Campobasso;1;0;0;CB;C246
4;13;070;070026;70026;Castelpizzuto;Castelpizzuto;;Sud;Abruzzi e Molise;Campobasso;1;0;0;CB;C247
4;13;070;070027;70027;Castel San Vincenzo;Castel San Vincenzo;;Sud;Abruzzi e Molise;Campobasso;1;0;0;CB;C270
4;13;070;070028;70028;Castelverrino;Castelverrino;;Sud;Abruzzi e Molise;Campobasso;1;0;0;CB;C200
4;13;070;070029;70029;Castropignano;Castropignano;;Sud;Abruzzi e Molise;Campobasso;1;0;0;CB;C346
4;13;070;070030;70030;Cercemaggiore;Cercemaggiore;;Sud;Abruzzi e Molise;Campobasso;1;0;0;CB;C486
4;13;070;070031;70031;Cercepiccola;Cercepiccola;;Sud;Abruzzi e Molise;Campobasso;1;0;0;CB;C488
4;13;070;070032;70032;Cerro al Volturno;Cerro al Volturno;;Sud;Abruzzi e Molise;Campobasso;1;0;0;CB;C534
4;13;070;070033;70033;Chiauci;Chiauci;;Sud;Abruzzi e Molise;Campobasso;1;0;0;CB;C620
4;13;070;070034;70034;Civitacampomarano;Civitacampomarano;;Sud;Abruzzi e Molise;Campobasso;1;0;0;CB;C764
4;13;070;070035;70035;Civitanova del Sannio;Civitanova del Sannio;;Sud;Abruzzi e Molise;Campobasso;1;0;0;CB;C769
4;13;070;070036;70036;Colle d'Anchise;Colle d'Anchise;;Sud;Abruzzi e Molise;Campobasso;1;0;0;CB;C854
4;13;070;070037;70037;Colletorto;Colletorto;;Sud;Abruzzi e Molise;Campobasso;1;0;0;CB;C875
4;13;070;070038;70038;Colli a Volturno;Colli a Volturno;;Sud;Abruzzi e Molise;Campobasso;1;0;0;CB;C878
4;13;070;070039;70039;Conca Casale;Conca Casale;;Sud;Abruzzi e Molise;Campobasso;1;0;0;CB;C941
4;13;070;070040;70040;Duronia;Duronia;;Sud;Abruzzi e Molise;Campobasso;1;0;0;CB;C772
4;13;070;070041;70041;Ferrazzano;Ferrazzano;;Sud;Abruzzi e Molise;Campobasso;1;0;0;CB;D550
4;13;070;070042;70042;Filignano;Filignano;;Sud;Abruzzi e Molise;Campobasso;1;0;0;CB;D595
4;13;070;070043;70043;Forlì del Sannio;Forlì del Sannio;;Sud;Abruzzi e Molise;Campobasso;1;0;0;CB;D703
4;13;070;070044;70044;Fornelli;Fornelli;;Sud;Abruzzi e Molise;Campobasso;1;0;0;CB;D715
4;13;070;070045;70045;Fossalto;Fossalto;;Sud;Abruzzi e Molise;Campobasso;1;0;0;CB;D737
4;13;070;070046;70046;Frosolone;Frosolone;;Sud;Abruzzi e Molise;Campobasso;1;0;0;CB;D811
4;13;070;070047;70047;Gambatesa;Gambatesa;;Sud;Abruzzi e Molise;Campobasso;1;0;0;CB;D896
4;13;070;070048;70048;Gildone;Gildone;;Sud;Abruzzi e Molise;Campobasso;1;0;0;CB;E030
4;13;070;070049;70049;Guardialfiera;Guardialfiera;;Sud;Abruzzi e Molise;Campobasso;1;0;0;CB;E244
4;13;070;070050;70050;Guardiaregia;Guardiaregia;;Sud;Abruzzi e Molise;Campobasso;1;0;0;CB;E248
4;13;070;070051;70051;Guglionesi;Guglionesi;;Sud;Abruzzi e Molise;Campobasso;1;0;0;CB;E259
4;13;070;070052;70052;Isernia;Isernia;;Sud;Abruzzi e Molise;Campobasso;1;0;0;CB;E335
4;13;070;070053;70053;Jelsi;Jelsi;;Sud;Abruzzi e Molise;Campobasso;1;0;0;CB;E381
4;13;070;070054;70054;Larino;Larino;;Sud;Abruzzi e Molise;Campobasso;1;0;0;CB;E456
4;13;070;070055;70055;Limosano;Limosano;;Sud;Abruzzi e Molise;Campobasso;1;0;0;CB;E599
4;13;070;070056;70056;Longano;Longano;;Sud;Abruzzi e Molise;Campobasso;1;0;0;CB;E669
4;13;070;070057;70057;Lucito;Lucito;;Sud;Abruzzi e Molise;Campobasso;1;0;0;CB;E722
4;13;070;070058;70058;Lupara;Lupara;;Sud;Abruzzi e Molise;Campobasso;1;0;0;CB;E748
4;13;070;070059;70059;Macchia d'Isernia;Macchia d'Isernia;;Sud;Abruzzi e Molise;Campobasso;1;0;0;CB;E778
4;13;070;070060;70060;Macchiagodena;Macchiagodena;;Sud;Abruzzi e Molise;Campobasso;1;0;0;CB;E779
4;13;070;070061;70061;Macchia Valfortore;Macchia Valfortore;;Sud;Abruzzi e Molise;Campobasso;1;0;0;CB;E780
4;13;070;070062;70062;Mafalda;Mafalda;;Sud;Abruzzi e Molise;Campobasso;1;0;0;CB;E799
4;13;070;070063;70063;Matrice;Matrice;;Sud;Abruzzi e Molise;Campobasso;1;0;0;CB;F055
4;13;070;070064;70064;Mirabello Sannitico;Mirabello Sannitico;;Sud;Abruzzi e Molise;Campobasso;1;0;0;CB;F233
4;13;070;070065;70065;Miranda;Miranda;;Sud;Abruzzi e Molise;Campobasso;1;0;0;CB;F239
4;13;070;070066;70066;Molise;Molise;;Sud;Abruzzi e Molise;Campobasso;1;0;0;CB;F294
4;13;070;070067;70067;Monacilioni;Monacilioni;;Sud;Abruzzi e Molise;Campobasso;1;0;0;CB;F322
4;13;070;070068;70068;Montagano;Montagano;;Sud;Abruzzi e Molise;Campobasso;1;0;0;CB;F391
4;13;070;070069;70069;Montaquila;Montaquila;;Sud;Abruzzi e Molise;Campobasso;1;0;0;CB;F429
4;13;070;070070;70070;Montecilfone;Montecilfone;;Sud;Abruzzi e Molise;Campobasso;1;0;0;CB;F475
4;13;070;070071;70071;Montefalcone nel Sannio;Montefalcone nel Sannio;;Sud;Abruzzi e Molise;Campobasso;1;0;0;CB;F495
4;13;070;070072;70072;Montelongo;Montelongo;;Sud;Abruzzi e Molise;Campobasso;1;0;0;CB;F548
4;13;070;070073;70073;Montemitro;Montemitro;;Sud;Abruzzi e Molise;Campobasso;1;0;0;CB;F569
4;13;070;070074;70074;Montenero di Bisaccia;Montenero di Bisaccia;;Sud;Abruzzi e Molise;Campobasso;1;0;0;CB;F576
4;13;070;070075;70075;Montenero Val Cocchiara;Montenero Val Cocchiara;;Sud;Abruzzi e Molise;Campobasso;1;0;0;CB;F580
4;13;070;070076;70076;Monteroduni;Monteroduni;;Sud;Abruzzi e Molise;Campobasso;1;0;0;CB;F601
4;13;070;070077;70077;Montorio nei Frentani;Montorio nei Frentani;;Sud;Abruzzi e Molise;Campobasso;1;0;0;CB;F689
4;13;070;070078;70078;Morrone del Sannio;Morrone del Sannio;;Sud;Abruzzi e Molise;Campobasso;1;0;0;CB;F748
4;13;070;070079;70079;Oratino;Oratino;;Sud;Abruzzi e Molise;Campobasso;1;0;0;CB;G086
4;13;070;070080;70080;Palata;Palata;;Sud;Abruzzi e Molise;Campobasso;1;0;0;CB;G257
4;13;070;070081;70081;Pesche;Pesche;;Sud;Abruzzi e Molise;Campobasso;1;0;0;CB;G486
4;13;070;070082;70082;Pescolanciano;Pescolanciano;;Sud;Abruzzi e Molise;Campobasso;1;0;0;CB;G495
4;13;070;070083;70083;Pescopennataro;Pescopennataro;;Sud;Abruzzi e Molise;Campobasso;1;0;0;CB;G497
4;13;070;070084;70084;Petacciato;Petacciato;;Sud;Abruzzi e Molise;Campobasso;1;0;0;CB;G506
4;13;070;070085;70085;Petrella Tifernina;Petrella Tifernina;;Sud;Abruzzi e Molise;Campobasso;1;0;0;CB;G512
4;13;070;070086;70086;Pettoranello del Molise;Pettoranello del Molise;;Sud;Abruzzi e Molise;Campobasso;1;0;0;CB;G523
4;13;070;070087;70087;Pietrabbondante;Pietrabbondante;;Sud;Abruzzi e Molise;Campobasso;1;0;0;CB;G606
4;13;070;070088;70088;Pietracatella;Pietracatella;;Sud;Abruzzi e Molise;Campobasso;1;0;0;CB;G609
4;13;070;070089;70089;Pietracupa;Pietracupa;;Sud;Abruzzi e Molise;Campobasso;1;0;0;CB;G610
4;13;070;070090;70090;Pizzone;Pizzone;;Sud;Abruzzi e Molise;Campobasso;1;0;0;CB;G727
4;13;070;070091;70091;Poggio Sannita;Poggio Sannita;;Sud;Abruzzi e Molise;Campobasso;1;0;0;CB;B317
4;13;070;070092;70092;Portocannone;Portocannone;;Sud;Abruzzi e Molise;Campobasso;1;0;0;CB;G910
4;13;070;070093;70093;Pozzilli;Pozzilli;;Sud;Abruzzi e Molise;Campobasso;1;0;0;CB;G954
4;13;070;070094;70094;Provvidenti;Provvidenti;;Sud;Abruzzi e Molise;Campobasso;1;0;0;CB;H083
4;13;070;070095;70095;Riccia;Riccia;;Sud;Abruzzi e Molise;Campobasso;1;0;0;CB;H273
4;13;070;070096;70096;Rionero Sannitico;Rionero Sannitico;;Sud;Abruzzi e Molise;Campobasso;1;0;0;CB;H308
4;13;070;070097;70097;Ripabottoni;Ripabottoni;;Sud;Abruzzi e Molise;Campobasso;1;0;0;CB;H311
4;13;070;070098;70098;Ripalimosano;Ripalimosano;;Sud;Abruzzi e Molise;Campobasso;1;0;0;CB;H313
4;13;070;070099;70099;Roccamandolfi;Roccamandolfi;;Sud;Abruzzi e Molise;Campobasso;1;0;0;CB;H420
4;13;070;070100;70100;Roccasicura;Roccasicura;;Sud;Abruzzi e Molise;Campobasso;1;0;0;CB;H445
4;13;070;070101;70101;Roccavivara;Roccavivara;;Sud;Abruzzi e Molise;Campobasso;1;0;0;CB;H454
4;13;070;070102;70102;Rocchetta a Volturno;Rocchetta a Volturno;;Sud;Abruzzi e Molise;Campobasso;1;0;0;CB;H458
4;13;070;070103;70103;Rotello;Rotello;;Sud;Abruzzi e Molise;Campobasso;1;0;0;CB;H589
4;13;070;070104;70104;Salcito;Salcito;;Sud;Abruzzi e Molise;Campobasso;1;0;0;CB;H693
4;13;070;070105;70105;San Biase;San Biase;;Sud;Abruzzi e Molise;Campobasso;1;0;0;CB;H782
4;13;070;070106;70106;San Felice del Molise;San Felice del Molise;;Sud;Abruzzi e Molise;Campobasso;1;0;0;CB;H833
4;13;070;070107;70107;San Giacomo degli Schiavoni;San Giacomo degli Schiavoni;;Sud;Abruzzi e Molise;Campobasso;1;0;0;CB;H867
4;13;070;070108;70108;San Giovanni in Galdo;San Giovanni in Galdo;;Sud;Abruzzi e Molise;Campobasso;1;0;0;CB;H920
4;13;070;070109;70109;San Giuliano del Sannio;San Giuliano del Sannio;;Sud;Abruzzi e Molise;Campobasso;1;0;0;CB;H928
4;13;070;070110;70110;San Giuliano di Puglia;San Giuliano di Puglia;;Sud;Abruzzi e Molise;Campobasso;1;0;0;CB;H929
4;13;070;070111;70111;San Martino in Pensilis;San Martino in Pensilis;;Sud;Abruzzi e Molise;Campobasso;1;0;0;CB;H990
4;13;070;070112;70112;San Massimo;San Massimo;;Sud;Abruzzi e Molise;Campobasso;1;0;0;CB;I023
4;13;070;070113;70113;San Pietro Avellana;San Pietro Avellana;;Sud;Abruzzi e Molise;Campobasso;1;0;0;CB;I096
4;13;070;070114;70114;San Polomatese;San Polomatese;;Sud;Abruzzi e Molise;Campobasso;1;0;0;CB;I122
4;13;070;070115;70115;Santa Croce di Magliano;Santa Croce di Magliano;;Sud;Abruzzi e Molise;Campobasso;1;0;0;CB;I181
4;13;070;070116;70116;Sant'Agapito;Sant'Agapito;;Sud;Abruzzi e Molise;Campobasso;1;0;0;CB;I189
4;13;070;070117;70117;Santa Maria del Molise;Santa Maria del Molise;;Sud;Abruzzi e Molise;Campobasso;1;0;0;CB;I238
4;13;070;070118;70118;Sant'Angelo del Pesco;Sant'Angelo del Pesco;;Sud;Abruzzi e Molise;Campobasso;1;0;0;CB;I282
4;13;070;070119;70119;Sant'Angelo Limosano;Sant'Angelo Limosano;;Sud;Abruzzi e Molise;Campobasso;1;0;0;CB;I289
4;13;070;070120;70120;Sant'Elena Sannita;Sant'Elena Sannita;;Sud;Abruzzi e Molise;Campobasso;1;0;0;CB;B466
4;13;070;070121;70121;Sant'Elia a Pianisi;Sant'Elia a Pianisi;;Sud;Abruzzi e Molise;Campobasso;1;0;0;CB;I320
4;13;070;070122;70122;Scapoli;Scapoli;;Sud;Abruzzi e Molise;Campobasso;1;0;0;CB;I507
4;13;070;070123;70123;Sepino;Sepino;;Sud;Abruzzi e Molise;Campobasso;1;0;0;CB;I618
4;13;070;070124;70124;Sessano;Sessano;;Sud;Abruzzi e Molise;Campobasso;1;0;0;CB;I679
4;13;070;070125;70125;Sesto Campano;Sesto Campano;;Sud;Abruzzi e Molise;Campobasso;1;0;0;CB;I682
4;13;070;070126;70126;Spinete;Spinete;;Sud;Abruzzi e Molise;Campobasso;1;0;0;CB;I910
4;13;070;070127;70127;Tavenna;Tavenna;;Sud;Abruzzi e Molise;Campobasso;1;0;0;CB;L069
4;13;070;070128;70128;Termoli;Termoli;;Sud;Abruzzi e Molise;Campobasso;1;0;0;CB;L113
4;13;070;070129;70129;Torella del Sannio;Torella del Sannio;;Sud;Abruzzi e Molise;Campobasso;1;0;0;CB;L215
4;13;070;070130;70130;Toro;Toro;;Sud;Abruzzi e Molise;Campobasso;1;0;0;CB;L230
4;13;070;070131;70131;Trivento;Trivento;;Sud;Abruzzi e Molise;Campobasso;1;0;0;CB;L435
4;13;070;070132;70132;Tufara;Tufara;;Sud;Abruzzi e Molise;Campobasso;1;0;0;CB;L458
4;13;070;070133;70133;Ururi;Ururi;;Sud;Abruzzi e Molise;Campobasso;1;0;0;CB;L505
4;13;070;070134;70134;Vastogirardi;Vastogirardi;;Sud;Abruzzi e Molise;Campobasso;1;0;0;CB;L696
4;13;070;070135;70135;Venafro;Venafro;;Sud;Abruzzi e Molise;Campobasso;1;0;0;CB;L725
4;13;070;070136;70136;Vinchiaturo;Vinchiaturo;;Sud;Abruzzi e Molise;Campobasso;1;0;0;CB;M057
4;16;071;071001;71001;Accadia;Accadia;;Sud;Puglia;Foggia;1;0;0;FG;A015
4;16;071;071002;71002;Alberona;Alberona;;Sud;Puglia;Foggia;1;0;0;FG;A150
4;16;071;071003;71003;Anzano di Puglia;Anzano di Puglia;;Sud;Puglia;Foggia;1;0;0;FG;A320
4;16;071;071004;71004;Apricena;Apricena;;Sud;Puglia;Foggia;1;0;0;FG;A339
4;16;071;071005;71005;Ascoli Satriano;Ascoli Satriano;;Sud;Puglia;Foggia;1;0;0;FG;A463
4;16;071;071006;71006;Biccari;Biccari;;Sud;Puglia;Foggia;1;0;0;FG;A854
4;16;071;071007;71007;Bovino;Bovino;;Sud;Puglia;Foggia;1;0;0;FG;B104
4;16;071;071008;71008;Cagnano Varano;Cagnano Varano;;Sud;Puglia;Foggia;1;0;0;FG;B357
4;16;071;071009;71009;Candela;Candela;;Sud;Puglia;Foggia;1;0;0;FG;B584
4;16;071;071010;71010;Carapelle;Carapelle;;Sud;Puglia;Foggia;1;0;0;FG;B724
4;16;071;071011;71011;Carlantino;Carlantino;;Sud;Puglia;Foggia;1;0;0;FG;B784
4;16;071;071012;71012;Carpino;Carpino;;Sud;Puglia;Foggia;1;0;0;FG;B829
4;16;071;071013;71013;Casalnuovo Monterotaro;Casalnuovo Monterotaro;;Sud;Puglia;Foggia;1;0;0;FG;B904
4;16;071;071014;71014;Casalvecchio di Puglia;Casalvecchio di Puglia;;Sud;Puglia;Foggia;1;0;0;FG;B917
4;16;071;071015;71015;Castelluccio dei Sauri;Castelluccio dei Sauri;;Sud;Puglia;Foggia;1;0;0;FG;C198
4;16;071;071016;71016;Castelluccio Valmaggiore;Castelluccio Valmaggiore;;Sud;Puglia;Foggia;1;0;0;FG;C202
4;16;071;071017;71017;Castelnuovo della Daunia;Castelnuovo della Daunia;;Sud;Puglia;Foggia;1;0;0;FG;C222
4;16;071;071018;71018;Celenza Valfortore;Celenza Valfortore;;Sud;Puglia;Foggia;1;0;0;FG;C429
4;16;071;071019;71019;Celle di San Vito;Celle di San Vito;;Sud;Puglia;Foggia;1;0;0;FG;C442
4;16;071;071020;71020;Cerignola;Cerignola;;Sud;Puglia;Foggia;1;0;0;FG;C514
4;16;071;071021;71021;Chieuti;Chieuti;;Sud;Puglia;Foggia;1;0;0;FG;C633
4;16;071;071022;71022;Deliceto;Deliceto;;Sud;Puglia;Foggia;1;0;0;FG;D269
4;16;071;071023;71023;Faeto;Faeto;;Sud;Puglia;Foggia;1;0;0;FG;D459
4;16;071;071024;71024;Foggia;Foggia;;Sud;Puglia;Foggia;1;0;1;FG;D643
4;16;071;071025;71025;Ischitella;Ischitella;;Sud;Puglia;Foggia;1;0;0;FG;E332
4;16;071;071026;71026;Isole Tremiti;Isole Tremiti;;Sud;Puglia;Foggia;1;0;0;FG;E363
4;16;071;071027;71027;Lesina;Lesina;;Sud;Puglia;Foggia;1;0;0;FG;E549
4;16;071;071028;71028;Lucera;Lucera;;Sud;Puglia;Foggia;1;0;0;FG;E716
4;16;071;071029;71029;Manfredonia;Manfredonia;;Sud;Puglia;Foggia;1;0;0;FG;E885
4;16;071;071030;71030;Margherita di Savoia;Margherita di Savoia;;Sud;Puglia;Foggia;1;0;0;FG;E946
4;16;071;071031;71031;Mattinata;Mattinata;;Sud;Puglia;Foggia;1;0;0;FG;F059
4;16;071;071032;71032;Monteleone di Puglia;Monteleone di Puglia;;Sud;Puglia;Foggia;1;0;0;FG;F538
4;16;071;071033;71033;Monte Sant'Angelo;Monte Sant'Angelo;;Sud;Puglia;Foggia;1;0;0;FG;F631
4;16;071;071034;71034;Motta Montecorvino;Motta Montecorvino;;Sud;Puglia;Foggia;1;0;0;FG;F777
4;16;071;071035;71035;Orsara di Puglia;Orsara di Puglia;;Sud;Puglia;Foggia;1;0;0;FG;G125
4;16;071;071036;71036;Orta Nova;Orta Nova;;Sud;Puglia;Foggia;1;0;0;FG;G131
4;16;071;071037;71037;Panni;Panni;;Sud;Puglia;Foggia;1;0;0;FG;G312
4;16;071;071038;71038;Peschici;Peschici;;Sud;Puglia;Foggia;1;0;0;FG;G487
4;16;071;071039;71039;Pietramontecorvino;Pietramontecorvino;;Sud;Puglia;Foggia;1;0;0;FG;G604
4;16;071;071040;71040;Poggio Imperiale;Poggio Imperiale;;Sud;Puglia;Foggia;1;0;0;FG;G761
4;16;071;071041;71041;Rignano Garganico;Rignano Garganico;;Sud;Puglia;Foggia;1;0;0;FG;H287
4;16;071;071042;71042;Rocchetta Sant'Antonio;Rocchetta Sant'Antonio;;Sud;Puglia;Foggia;1;0;0;FG;H467
4;16;071;071043;71043;Rodi Garganico;Rodi Garganico;;Sud;Puglia;Foggia;1;0;0;FG;H480
4;16;071;071044;71044;Roseto Valfortore;Roseto Valfortore;;Sud;Puglia;Foggia;1;0;0;FG;H568
4;16;071;071045;71045;San Ferdinando di Puglia;San Ferdinando di Puglia;;Sud;Puglia;Foggia;1;0;0;FG;H839
4;16;071;071046;71046;San Giovanni Rotondo;San Giovanni Rotondo;;Sud;Puglia;Foggia;1;0;0;FG;H926
4;16;071;071047;71047;San Marco in Lamis;San Marco in Lamis;;Sud;Puglia;Foggia;1;0;0;FG;H985
4;16;071;071048;71048;San Marco la Catola;San Marco la Catola;;Sud;Puglia;Foggia;1;0;0;FG;H986
4;16;071;071049;71049;Sannicandro Garganico;Sannicandro Garganico;;Sud;Puglia;Foggia;1;0;0;FG;I054
4;16;071;071050;71050;San Paolo di Civitate;San Paolo di Civitate;;Sud;Puglia;Foggia;1;0;0;FG;I072
4;16;071;071051;71051;San Severo;San Severo;;Sud;Puglia;Foggia;1;0;0;FG;I158
4;16;071;071052;71052;Sant'Agata di Puglia;Sant'Agata di Puglia;;Sud;Puglia;Foggia;1;0;0;FG;I193
4;16;071;071053;71053;Serracapriola;Serracapriola;;Sud;Puglia;Foggia;1;0;0;FG;I641
4;16;071;071054;71054;Stornara;Stornara;;Sud;Puglia;Foggia;1;0;0;FG;I962
4;16;071;071055;71055;Stornarella;Stornarella;;Sud;Puglia;Foggia;1;0;0;FG;I963
4;16;071;071056;71056;Torremaggiore;Torremaggiore;;Sud;Puglia;Foggia;1;0;0;FG;L273
4;16;071;071057;71057;Trinitapoli;Trinitapoli;;Sud;Puglia;Foggia;1;0;0;FG;B915
4;16;071;071058;71058;Troia;Troia;;Sud;Puglia;Foggia;1;0;0;FG;L447
4;16;071;071059;71059;Vico del Gargano;Vico del Gargano;;Sud;Puglia;Foggia;1;0;0;FG;L842
4;16;071;071060;71060;Vieste;Vieste;;Sud;Puglia;Foggia;1;0;0;FG;L858
4;16;071;071061;71061;Volturara Appula;Volturara Appula;;Sud;Puglia;Foggia;1;0;0;FG;M131
4;16;071;071062;71062;Volturino;Volturino;;Sud;Puglia;Foggia;1;0;0;FG;M132
4;16;072;072001;72001;Acquaviva delle Fonti;Acquaviva delle Fonti;;Sud;Puglia;Bari;1;0;0;BA;A048
4;16;072;072002;72002;Adelfia;Adelfia;;Sud;Puglia;Bari;1;0;0;BA;A055
4;16;072;072003;72003;Alberobello;Alberobello;;Sud;Puglia;Bari;1;0;0;BA;A149
4;16;072;072004;72004;Altamura;Altamura;;Sud;Puglia;Bari;1;0;0;BA;A225
4;16;072;072005;72005;Andria;Andria;;Sud;Puglia;Bari;1;0;0;BA;A285
4;16;072;072006;72006;Bari;Bari;;Sud;Puglia;Bari;1;1;1;BA;A662
4;16;072;072007;72007;Barletta;Barletta;;Sud;Puglia;Bari;1;0;0;BA;A669
4;16;072;072008;72008;Binetto;Binetto;;Sud;Puglia;Bari;1;0;0;BA;A874
4;16;072;072009;72009;Bisceglie;Bisceglie;;Sud;Puglia;Bari;1;0;0;BA;A883
4;16;072;072010;72010;Bitetto;Bitetto;;Sud;Puglia;Bari;1;0;0;BA;A892
4;16;072;072011;72011;Bitonto;Bitonto;;Sud;Puglia;Bari;1;0;0;BA;A893
4;16;072;072012;72012;Bitritto;Bitritto;;Sud;Puglia;Bari;1;0;0;BA;A894
4;16;072;072013;72013;Canosa di Puglia;Canosa di Puglia;;Sud;Puglia;Bari;1;0;0;BA;B619
4;16;072;072014;72014;Capurso;Capurso;;Sud;Puglia;Bari;1;0;0;BA;B716
4;16;072;072015;72015;Casamassima;Casamassima;;Sud;Puglia;Bari;1;0;0;BA;B923
4;16;072;072016;72016;Cassano delle Murge;Cassano delle Murge;;Sud;Puglia;Bari;1;0;0;BA;B998
4;16;072;072017;72017;Castellana Grotte;Castellana Grotte;;Sud;Puglia;Bari;1;0;0;BA;C134
4;16;072;072018;72018;Cellamare;Cellamare;;Sud;Puglia;Bari;1;0;0;BA;C436
4;16;072;072019;72019;Conversano;Conversano;;Sud;Puglia;Bari;1;0;0;BA;C975
4;16;072;072020;72020;Corato;Corato;;Sud;Puglia;Bari;1;0;0;BA;C983
4;16;072;072021;72021;Gioia del Colle;Gioia del Colle;;Sud;Puglia;Bari;1;0;0;BA;E038
4;16;072;072022;72022;Giovinazzo;Giovinazzo;;Sud;Puglia;Bari;1;0;0;BA;E047
4;16;072;072023;72023;Gravina in Puglia;Gravina in Puglia;;Sud;Puglia;Bari;1;0;0;BA;E155
4;16;072;072024;72024;Grumo Appula;Grumo Appula;;Sud;Puglia;Bari;1;0;0;BA;E223
4;16;072;072025;72025;Locorotondo;Locorotondo;;Sud;Puglia;Bari;1;0;0;BA;E645
4;16;072;072026;72026;Minervino Murge;Minervino Murge;;Sud;Puglia;Bari;1;0;0;BA;F220
4;16;072;072027;72027;Modugno;Modugno;;Sud;Puglia;Bari;1;0;0;BA;F262
4;16;072;072028;72028;Mola di Bari;Mola di Bari;;Sud;Puglia;Bari;1;0;0;BA;F280
4;16;072;072029;72029;Molfetta;Molfetta;;Sud;Puglia;Bari;1;0;0;BA;F284
4;16;072;072030;72030;Monopoli;Monopoli;;Sud;Puglia;Bari;1;0;0;BA;F376
4;16;072;072031;72031;Noci;Noci;;Sud;Puglia;Bari;1;0;0;BA;F915
4;16;072;072032;72032;Noicattaro;Noicattaro;;Sud;Puglia;Bari;1;0;0;BA;F923
4;16;072;072033;72033;Palo del Colle;Palo del Colle;;Sud;Puglia;Bari;1;0;0;BA;G291
4;16;072;072034;72034;Poggiorsini;Poggiorsini;;Sud;Puglia;Bari;1;0;0;BA;G769
4;16;072;072035;72035;Polignano a Mare;Polignano a Mare;;Sud;Puglia;Bari;1;0;0;BA;G787
4;16;072;072036;72036;Putignano;Putignano;;Sud;Puglia;Bari;1;0;0;BA;H096
4;16;072;072037;72037;Rutigliano;Rutigliano;;Sud;Puglia;Bari;1;0;0;BA;H643
4;16;072;072038;72038;Ruvo di Puglia;Ruvo di Puglia;;Sud;Puglia;Bari;1;0;0;BA;H645
4;16;072;072039;72039;Sammichele di Bari;Sammichele di Bari;;Sud;Puglia;Bari;1;0;0;BA;H749
4;16;072;072040;72040;Sannicandro di Bari;Sannicandro di Bari;;Sud;Puglia;Bari;1;0;0;BA;I053
4;16;072;072041;72041;Santeramo in Colle;Santeramo in Colle;;Sud;Puglia;Bari;1;0;0;BA;I330
4;16;072;072042;72042;Spinazzola;Spinazzola;;Sud;Puglia;Bari;1;0;0;BA;I907
4;16;072;072043;72043;Terlizzi;Terlizzi;;Sud;Puglia;Bari;1;0;0;BA;L109
4;16;072;072044;72044;Toritto;Toritto;;Sud;Puglia;Bari;1;0;0;BA;L220
4;16;072;072045;72045;Trani;Trani;;Sud;Puglia;Bari;1;0;0;BA;L328
4;16;072;072046;72046;Triggiano;Triggiano;;Sud;Puglia;Bari;1;0;0;BA;L425
4;16;072;072047;72047;Turi;Turi;;Sud;Puglia;Bari;1;0;0;BA;L472
4;16;072;072048;72048;Valenzano;Valenzano;;Sud;Puglia;Bari;1;0;0;BA;L571
4;16;073;073001;73001;Avetrana;Avetrana;;Sud;Puglia;Taranto;1;0;0;TA;A514
4;16;073;073002;73002;Carosino;Carosino;;Sud;Puglia;Taranto;1;0;0;TA;B808
4;16;073;073003;73003;Castellaneta;Castellaneta;;Sud;Puglia;Taranto;1;0;0;TA;C136
4;16;073;073004;73004;Crispiano;Crispiano;;Sud;Puglia;Taranto;1;0;0;TA;D171
4;16;073;073005;73005;Faggiano;Faggiano;;Sud;Puglia;Taranto;1;0;0;TA;D463
4;16;073;073006;73006;Fragagnano;Fragagnano;;Sud;Puglia;Taranto;1;0;0;TA;D754
4;16;073;073007;73007;Ginosa;Ginosa;;Sud;Puglia;Taranto;1;0;0;TA;E036
4;16;073;073008;73008;Grottaglie;Grottaglie;;Sud;Puglia;Taranto;1;0;0;TA;E205
4;16;073;073009;73009;Laterza;Laterza;;Sud;Puglia;Taranto;1;0;0;TA;E469
4;16;073;073010;73010;Leporano;Leporano;;Sud;Puglia;Taranto;1;0;0;TA;E537
4;16;073;073011;73011;Lizzano;Lizzano;;Sud;Puglia;Taranto;1;0;0;TA;E630
4;16;073;073012;73012;Manduria;Manduria;;Sud;Puglia;Taranto;1;0;0;TA;E882
4;16;073;073013;73013;Martina Franca;Martina Franca;;Sud;Puglia;Taranto;1;0;0;TA;E986
4;16;073;073014;73014;Maruggio;Maruggio;;Sud;Puglia;Taranto;1;0;0;TA;E995
4;16;073;073015;73015;Massafra;Massafra;;Sud;Puglia;Taranto;1;0;0;TA;F027
4;16;073;073016;73016;Monteiasi;Monteiasi;;Sud;Puglia;Taranto;1;0;0;TA;F531
4;16;073;073017;73017;Montemesola;Montemesola;;Sud;Puglia;Taranto;1;0;0;TA;F563
4;16;073;073018;73018;Monteparano;Monteparano;;Sud;Puglia;Taranto;1;0;0;TA;F587
4;16;073;073019;73019;Mottola;Mottola;;Sud;Puglia;Taranto;1;0;0;TA;F784
4;16;073;073020;73020;Palagianello;Palagianello;;Sud;Puglia;Taranto;1;0;0;TA;G251
4;16;073;073021;73021;Palagiano;Palagiano;;Sud;Puglia;Taranto;1;0;0;TA;G252
4;16;073;073022;73022;Pulsano;Pulsano;;Sud;Puglia;Taranto;1;0;0;TA;H090
4;16;073;073023;73023;Roccaforzata;Roccaforzata;;Sud;Puglia;Taranto;1;0;0;TA;H409
4;16;073;073024;73024;San Giorgio Ionico;San Giorgio Ionico;;Sud;Puglia;Taranto;1;0;0;TA;H882
4;16;073;073025;73025;San Marzano di San Giuseppe;San Marzano di San Giuseppe;;Sud;Puglia;Taranto;1;0;0;TA;I018
4;16;073;073026;73026;Sava;Sava;;Sud;Puglia;Taranto;1;0;0;TA;I467
4;16;073;073027;73027;Taranto;Taranto;;Sud;Puglia;Taranto;1;0;1;TA;L049
4;16;073;073028;73028;Torricella;Torricella;;Sud;Puglia;Taranto;1;0;0;TA;L294
4;16;074;074001;74001;Brindisi;Brindisi;;Sud;Puglia;Brindisi;1;0;1;BR;B180
4;16;074;074002;74002;Carovigno;Carovigno;;Sud;Puglia;Brindisi;1;0;0;BR;B809
4;16;074;074003;74003;Ceglie Messapico;Ceglie Messapico;;Sud;Puglia;Brindisi;1;0;0;BR;C424
4;16;074;074004;74004;Cellino San Marco;Cellino San Marco;;Sud;Puglia;Brindisi;1;0;0;BR;C448
4;16;074;074005;74005;Cisternino;Cisternino;;Sud;Puglia;Brindisi;1;0;0;BR;C741
4;16;074;074006;74006;Erchie;Erchie;;Sud;Puglia;Brindisi;1;0;0;BR;D422
4;16;074;074007;74007;Fasano;Fasano;;Sud;Puglia;Brindisi;1;0;0;BR;D508
4;16;074;074008;74008;Francavilla Fontana;Francavilla Fontana;;Sud;Puglia;Brindisi;1;0;0;BR;D761
4;16;074;074009;74009;Latiano;Latiano;;Sud;Puglia;Brindisi;1;0;0;BR;E471
4;16;074;074010;74010;Mesagne;Mesagne;;Sud;Puglia;Brindisi;1;0;0;BR;F152
4;16;074;074011;74011;Oria;Oria;;Sud;Puglia;Brindisi;1;0;0;BR;G098
4;16;074;074012;74012;Ostuni;Ostuni;;Sud;Puglia;Brindisi;1;0;0;BR;G187
4;16;074;074013;74013;San Donaci;San Donaci;;Sud;Puglia;Brindisi;1;0;0;BR;H822
4;16;074;074014;74014;San Michele Salentino;San Michele Salentino;;Sud;Puglia;Brindisi;1;0;0;BR;I045
4;16;074;074015;74015;San Pancrazio Salentino;San Pancrazio Salentino;;Sud;Puglia;Brindisi;1;0;0;BR;I066
4;16;074;074016;74016;San Pietro Vernotico;San Pietro Vernotico;;Sud;Puglia;Brindisi;1;0;0;BR;I119
4;16;074;074017;74017;San Vito dei Normanni;San Vito dei Normanni;;Sud;Puglia;Brindisi;1;0;0;BR;I396
4;16;074;074018;74018;Torchiarolo;Torchiarolo;;Sud;Puglia;Brindisi;1;0;0;BR;L213
4;16;074;074019;74019;Torre Santa Susanna;Torre Santa Susanna;;Sud;Puglia;Brindisi;1;0;0;BR;L280
4;16;074;074020;74020;Villa Castelli;Villa Castelli;;Sud;Puglia;Brindisi;1;0;0;BR;L920
4;16;075;075001;75001;Acquarica del Capo;Acquarica del Capo;;Sud;Puglia;Lecce;1;0;0;LE;A042
4;16;075;075002;75002;Alessano;Alessano;;Sud;Puglia;Lecce;1;0;0;LE;A184
4;16;075;075003;75003;Alezio;Alezio;;Sud;Puglia;Lecce;1;0;0;LE;A185
4;16;075;075004;75004;Alliste;Alliste;;Sud;Puglia;Lecce;1;0;0;LE;A208
4;16;075;075005;75005;Andrano;Andrano;;Sud;Puglia;Lecce;1;0;0;LE;A281
4;16;075;075006;75006;Aradeo;Aradeo;;Sud;Puglia;Lecce;1;0;0;LE;A350
4;16;075;075007;75007;Arnesano;Arnesano;;Sud;Puglia;Lecce;1;0;0;LE;A425
4;16;075;075008;75008;Bagnolo del Salento;Bagnolo del Salento;;Sud;Puglia;Lecce;1;0;0;LE;A572
4;16;075;075009;75009;Botrugno;Botrugno;;Sud;Puglia;Lecce;1;0;0;LE;B086
4;16;075;075010;75010;Calimera;Calimera;;Sud;Puglia;Lecce;1;0;0;LE;B413
4;16;075;075011;75011;Campi Salentina;Campi Salentina;;Sud;Puglia;Lecce;1;0;0;LE;B506
4;16;075;075012;75012;Cannole;Cannole;;Sud;Puglia;Lecce;1;0;0;LE;B616
4;16;075;075013;75013;Caprarica di Lecce;Caprarica di Lecce;;Sud;Puglia;Lecce;1;0;0;LE;B690
4;16;075;075014;75014;Carmiano;Carmiano;;Sud;Puglia;Lecce;1;0;0;LE;B792
4;16;075;075015;75015;Carpignano Salentino;Carpignano Salentino;;Sud;Puglia;Lecce;1;0;0;LE;B822
4;16;075;075016;75016;Casarano;Casarano;;Sud;Puglia;Lecce;1;0;0;LE;B936
4;16;075;075017;75017;Castri di Lecce;Castri di Lecce;;Sud;Puglia;Lecce;1;0;0;LE;C334
4;16;075;075018;75018;Castrignano de' Greci;Castrignano de' Greci;;Sud;Puglia;Lecce;1;0;0;LE;C335
4;16;075;075019;75019;Castrignano del Capo;Castrignano del Capo;;Sud;Puglia;Lecce;1;0;0;LE;C336
4;16;075;075020;75020;Cavallino;Cavallino;;Sud;Puglia;Lecce;1;0;0;LE;C377
4;16;075;075021;75021;Collepasso;Collepasso;;Sud;Puglia;Lecce;1;0;0;LE;C865
4;16;075;075022;75022;Copertino;Copertino;;Sud;Puglia;Lecce;1;0;0;LE;C978
4;16;075;075023;75023;Corigliano d'Otranto;Corigliano d'Otranto;;Sud;Puglia;Lecce;1;0;0;LE;D006
4;16;075;075024;75024;Corsano;Corsano;;Sud;Puglia;Lecce;1;0;0;LE;D044
4;16;075;075025;75025;Cursi;Cursi;;Sud;Puglia;Lecce;1;0;0;LE;D223
4;16;075;075026;75026;Cutrofiano;Cutrofiano;;Sud;Puglia;Lecce;1;0;0;LE;D237
4;16;075;075027;75027;Diso;Diso;;Sud;Puglia;Lecce;1;0;0;LE;D305
4;16;075;075028;75028;Gagliano del Capo;Gagliano del Capo;;Sud;Puglia;Lecce;1;0;0;LE;D851
4;16;075;075029;75029;Galatina;Galatina;;Sud;Puglia;Lecce;1;0;0;LE;D862
4;16;075;075030;75030;Galatone;Galatone;;Sud;Puglia;Lecce;1;0;0;LE;D863
4;16;075;075031;75031;Gallipoli;Gallipoli;;Sud;Puglia;Lecce;1;0;0;LE;D883
4;16;075;075032;75032;Giuggianello;Giuggianello;;Sud;Puglia;Lecce;1;0;0;LE;E053
4;16;075;075033;75033;Giurdignano;Giurdignano;;Sud;Puglia;Lecce;1;0;0;LE;E061
4;16;075;075034;75034;Guagnano;Guagnano;;Sud;Puglia;Lecce;1;0;0;LE;E227
4;16;075;075035;75035;Lecce;Lecce;;Sud;Puglia;Lecce;1;0;1;LE;E506
4;16;075;075036;75036;Lequile;Lequile;;Sud;Puglia;Lecce;1;0;0;LE;E538
4;16;075;075037;75037;Leverano;Leverano;;Sud;Puglia;Lecce;1;0;0;LE;E563
4;16;075;075038;75038;Lizzanello;Lizzanello;;Sud;Puglia;Lecce;1;0;0;LE;E629
4;16;075;075039;75039;Maglie;Maglie;;Sud;Puglia;Lecce;1;0;0;LE;E815
4;16;075;075040;75040;Martano;Martano;;Sud;Puglia;Lecce;1;0;0;LE;E979
4;16;075;075041;75041;Martignano;Martignano;;Sud;Puglia;Lecce;1;0;0;LE;E984
4;16;075;075042;75042;Matino;Matino;;Sud;Puglia;Lecce;1;0;0;LE;F054
4;16;075;075043;75043;Melendugno;Melendugno;;Sud;Puglia;Lecce;1;0;0;LE;F101
4;16;075;075044;75044;Melissano;Melissano;;Sud;Puglia;Lecce;1;0;0;LE;F109
4;16;075;075045;75045;Melpignano;Melpignano;;Sud;Puglia;Lecce;1;0;0;LE;F117
4;16;075;075046;75046;Miggiano;Miggiano;;Sud;Puglia;Lecce;1;0;0;LE;F194
4;16;075;075047;75047;Minervino di Lecce;Minervino di Lecce;;Sud;Puglia;Lecce;1;0;0;LE;F221
4;16;075;075048;75048;Monteroni di Lecce;Monteroni di Lecce;;Sud;Puglia;Lecce;1;0;0;LE;F604
4;16;075;075049;75049;Montesano Salentino;Montesano Salentino;;Sud;Puglia;Lecce;1;0;0;LE;F623
4;16;075;075050;75050;Morciano di Leuca;Morciano di Leuca;;Sud;Puglia;Lecce;1;0;0;LE;F716
4;16;075;075051;75051;Muro Leccese;Muro Leccese;;Sud;Puglia;Lecce;1;0;0;LE;F816
4;16;075;075052;75052;Nardò;Nardò;;Sud;Puglia;Lecce;1;0;0;LE;F842
4;16;075;075053;75053;Neviano;Neviano;;Sud;Puglia;Lecce;1;0;0;LE;F881
4;16;075;075054;75054;Nociglia;Nociglia;;Sud;Puglia;Lecce;1;0;0;LE;F916
4;16;075;075055;75055;Novoli;Novoli;;Sud;Puglia;Lecce;1;0;0;LE;F970
4;16;075;075056;75056;Ortelle;Ortelle;;Sud;Puglia;Lecce;1;0;0;LE;G136
4;16;075;075057;75057;Otranto;Otranto;;Sud;Puglia;Lecce;1;0;0;LE;G188
4;16;075;075058;75058;Palmariggi;Palmariggi;;Sud;Puglia;Lecce;1;0;0;LE;G285
4;16;075;075059;75059;Parabita;Parabita;;Sud;Puglia;Lecce;1;0;0;LE;G325
4;16;075;075060;75060;Patù;Patù;;Sud;Puglia;Lecce;1;0;0;LE;G378
4;16;075;075061;75061;Poggiardo;Poggiardo;;Sud;Puglia;Lecce;1;0;0;LE;G751
4;16;075;075062;75062;Presicce;Presicce;;Sud;Puglia;Lecce;1;0;0;LE;H047
4;16;075;075063;75063;Racale;Racale;;Sud;Puglia;Lecce;1;0;0;LE;H147
4;16;075;075064;75064;Ruffano;Ruffano;;Sud;Puglia;Lecce;1;0;0;LE;H632
4;16;075;075065;75065;Salice Salentino;Salice Salentino;;Sud;Puglia;Lecce;1;0;0;LE;H708
4;16;075;075066;75066;Salve;Salve;;Sud;Puglia;Lecce;1;0;0;LE;H729
4;16;075;075067;75067;Sanarica;Sanarica;;Sud;Puglia;Lecce;1;0;0;LE;H757
4;16;075;075068;75068;San Cesario di Lecce;San Cesario di Lecce;;Sud;Puglia;Lecce;1;0;0;LE;H793
4;16;075;075069;75069;San Donato di Lecce;San Donato di Lecce;;Sud;Puglia;Lecce;1;0;0;LE;H826
4;16;075;075070;75070;Sannicola;Sannicola;;Sud;Puglia;Lecce;1;0;0;LE;I059
4;16;075;075071;75071;San Pietro in Lama;San Pietro in Lama;;Sud;Puglia;Lecce;1;0;0;LE;I115
4;16;075;075072;75072;Santa Cesarea Terme;Santa Cesarea Terme;;Sud;Puglia;Lecce;1;0;0;LE;I172
4;16;075;075073;75073;Scorrano;Scorrano;;Sud;Puglia;Lecce;1;0;0;LE;I549
4;16;075;075074;75074;Seclì;Seclì;;Sud;Puglia;Lecce;1;0;0;LE;I559
4;16;075;075075;75075;Sogliano Cavour;Sogliano Cavour;;Sud;Puglia;Lecce;1;0;0;LE;I780
4;16;075;075076;75076;Soleto;Soleto;;Sud;Puglia;Lecce;1;0;0;LE;I800
4;16;075;075077;75077;Specchia;Specchia;;Sud;Puglia;Lecce;1;0;0;LE;I887
4;16;075;075078;75078;Spongano;Spongano;;Sud;Puglia;Lecce;1;0;0;LE;I923
4;16;075;075079;75079;Squinzano;Squinzano;;Sud;Puglia;Lecce;1;0;0;LE;I930
4;16;075;075080;75080;Sternatia;Sternatia;;Sud;Puglia;Lecce;1;0;0;LE;I950
4;16;075;075081;75081;Supersano;Supersano;;Sud;Puglia;Lecce;1;0;0;LE;L008
4;16;075;075082;75082;Surano;Surano;;Sud;Puglia;Lecce;1;0;0;LE;L010
4;16;075;075083;75083;Surbo;Surbo;;Sud;Puglia;Lecce;1;0;0;LE;L011
4;16;075;075084;75084;Taurisano;Taurisano;;Sud;Puglia;Lecce;1;0;0;LE;L064
4;16;075;075085;75085;Taviano;Taviano;;Sud;Puglia;Lecce;1;0;0;LE;L074
4;16;075;075086;75086;Tiggiano;Tiggiano;;Sud;Puglia;Lecce;1;0;0;LE;L166
4;16;075;075087;75087;Trepuzzi;Trepuzzi;;Sud;Puglia;Lecce;1;0;0;LE;L383
4;16;075;075088;75088;Tricase;Tricase;;Sud;Puglia;Lecce;1;0;0;LE;L419
4;16;075;075089;75089;Tuglie;Tuglie;;Sud;Puglia;Lecce;1;0;0;LE;L462
4;16;075;075090;75090;Ugento;Ugento;;Sud;Puglia;Lecce;1;0;0;LE;L484
4;16;075;075091;75091;Uggiano la Chiesa;Uggiano la Chiesa;;Sud;Puglia;Lecce;1;0;0;LE;L485
4;16;075;075092;75092;Veglie;Veglie;;Sud;Puglia;Lecce;1;0;0;LE;L711
4;16;075;075093;75093;Vernole;Vernole;;Sud;Puglia;Lecce;1;0;0;LE;L776
4;16;075;075094;75094;Zollino;Zollino;;Sud;Puglia;Lecce;1;0;0;LE;M187
4;17;076;076001;76001;Abriola;Abriola;;Sud;Basilicata;Potenza;1;0;0;PZ;A013
4;17;076;076002;76002;Acerenza;Acerenza;;Sud;Basilicata;Potenza;1;0;0;PZ;A020
4;17;076;076003;76003;Albano di Lucania;Albano di Lucania;;Sud;Basilicata;Potenza;1;0;0;PZ;A131
4;17;076;076004;76004;Anzi;Anzi;;Sud;Basilicata;Potenza;1;0;0;PZ;A321
4;17;076;076005;76005;Armento;Armento;;Sud;Basilicata;Potenza;1;0;0;PZ;A415
4;17;076;076006;76006;Atella;Atella;;Sud;Basilicata;Potenza;1;0;0;PZ;A482
4;17;076;076007;76007;Avigliano;Avigliano;;Sud;Basilicata;Potenza;1;0;0;PZ;A519
4;17;076;076008;76008;Balvano;Balvano;;Sud;Basilicata;Potenza;1;0;0;PZ;A604
4;17;076;076009;76009;Banzi;Banzi;;Sud;Basilicata;Potenza;1;0;0;PZ;A612
4;17;076;076010;76010;Baragiano;Baragiano;;Sud;Basilicata;Potenza;1;0;0;PZ;A615
4;17;076;076011;76011;Barile;Barile;;Sud;Basilicata;Potenza;1;0;0;PZ;A666
4;17;076;076012;76012;Bella;Bella;;Sud;Basilicata;Potenza;1;0;0;PZ;A743
4;17;076;076013;76013;Brienza;Brienza;;Sud;Basilicata;Potenza;1;0;0;PZ;B173
4;17;076;076014;76014;Brindisi Montagna;Brindisi Montagna;;Sud;Basilicata;Potenza;1;0;0;PZ;B181
4;17;076;076015;76015;Calvello;Calvello;;Sud;Basilicata;Potenza;1;0;0;PZ;B440
4;17;076;076016;76016;Calvera;Calvera;;Sud;Basilicata;Potenza;1;0;0;PZ;B443
4;17;076;076017;76017;Campomaggiore;Campomaggiore;;Sud;Basilicata;Potenza;1;0;0;PZ;B549
4;17;076;076018;76018;Cancellara;Cancellara;;Sud;Basilicata;Potenza;1;0;0;PZ;B580
4;17;076;076019;76019;Carbone;Carbone;;Sud;Basilicata;Potenza;1;0;0;PZ;B743
4;17;076;076020;76020;San Paolo Albanese;San Paolo Albanese;;Sud;Basilicata;Potenza;1;0;0;PZ;B906
4;17;076;076021;76021;Castelgrande;Castelgrande;;Sud;Basilicata;Potenza;1;0;0;PZ;C120
4;17;076;076022;76022;Castelluccio Inferiore;Castelluccio Inferiore;;Sud;Basilicata;Potenza;1;0;0;PZ;C199
4;17;076;076023;76023;Castelluccio Superiore;Castelluccio Superiore;;Sud;Basilicata;Potenza;1;0;0;PZ;C201
4;17;076;076024;76024;Castelmezzano;Castelmezzano;;Sud;Basilicata;Potenza;1;0;0;PZ;C209
4;17;076;076025;76025;Castelsaraceno;Castelsaraceno;;Sud;Basilicata;Potenza;1;0;0;PZ;C271
4;17;076;076026;76026;Castronuovo di Sant'Andrea;Castronuovo di Sant'Andrea;;Sud;Basilicata;Potenza;1;0;0;PZ;C345
4;17;076;076027;76027;Cersosimo;Cersosimo;;Sud;Basilicata;Potenza;1;0;0;PZ;C539
4;17;076;076028;76028;Chiaromonte;Chiaromonte;;Sud;Basilicata;Potenza;1;0;0;PZ;C619
4;17;076;076029;76029;Corleto Perticara;Corleto Perticara;;Sud;Basilicata;Potenza;1;0;0;PZ;D010
4;17;076;076030;76030;Episcopia;Episcopia;;Sud;Basilicata;Potenza;1;0;0;PZ;D414
4;17;076;076031;76031;Fardella;Fardella;;Sud;Basilicata;Potenza;1;0;0;PZ;D497
4;17;076;076032;76032;Filiano;Filiano;;Sud;Basilicata;Potenza;1;0;0;PZ;D593
4;17;076;076033;76033;Forenza;Forenza;;Sud;Basilicata;Potenza;1;0;0;PZ;D696
4;17;076;076034;76034;Francavilla in Sinni;Francavilla in Sinni;;Sud;Basilicata;Potenza;1;0;0;PZ;D766
4;17;076;076035;76035;Gallicchio;Gallicchio;;Sud;Basilicata;Potenza;1;0;0;PZ;D876
4;17;076;076036;76036;Genzano di Lucania;Genzano di Lucania;;Sud;Basilicata;Potenza;1;0;0;PZ;D971
4;17;076;076037;76037;Grumento Nova;Grumento Nova;;Sud;Basilicata;Potenza;1;0;0;PZ;E221
4;17;076;076038;76038;Guardia Perticara;Guardia Perticara;;Sud;Basilicata;Potenza;1;0;0;PZ;E246
4;17;076;076039;76039;Lagonegro;Lagonegro;;Sud;Basilicata;Potenza;1;0;0;PZ;E409
4;17;076;076040;76040;Latronico;Latronico;;Sud;Basilicata;Potenza;1;0;0;PZ;E474
4;17;076;076041;76041;Laurenzana;Laurenzana;;Sud;Basilicata;Potenza;1;0;0;PZ;E482
4;17;076;076042;76042;Lauria;Lauria;;Sud;Basilicata;Potenza;1;0;0;PZ;E483
4;17;076;076043;76043;Lavello;Lavello;;Sud;Basilicata;Potenza;1;0;0;PZ;E493
4;17;076;076044;76044;Maratea;Maratea;;Sud;Basilicata;Potenza;1;0;0;PZ;E919
4;17;076;076045;76045;Marsico Nuovo;Marsico Nuovo;;Sud;Basilicata;Potenza;1;0;0;PZ;E976
4;17;076;076046;76046;Marsicovetere;Marsicovetere;;Sud;Basilicata;Potenza;1;0;0;PZ;E977
4;17;076;076047;76047;Maschito;Maschito;;Sud;Basilicata;Potenza;1;0;0;PZ;F006
4;17;076;076048;76048;Melfi;Melfi;;Sud;Basilicata;Potenza;1;0;0;PZ;F104
4;17;076;076049;76049;Missanello;Missanello;;Sud;Basilicata;Potenza;1;0;0;PZ;F249
4;17;076;076050;76050;Moliterno;Moliterno;;Sud;Basilicata;Potenza;1;0;0;PZ;F295
4;17;076;076051;76051;Montemilone;Montemilone;;Sud;Basilicata;Potenza;1;0;0;PZ;F568
4;17;076;076052;76052;Montemurro;Montemurro;;Sud;Basilicata;Potenza;1;0;0;PZ;F573
4;17;076;076053;76053;Muro Lucano;Muro Lucano;;Sud;Basilicata;Potenza;1;0;0;PZ;F817
4;17;076;076054;76054;Nemoli;Nemoli;;Sud;Basilicata;Potenza;1;0;0;PZ;F866
4;17;076;076055;76055;Noepoli;Noepoli;;Sud;Basilicata;Potenza;1;0;0;PZ;F917
4;17;076;076056;76056;Oppido Lucano;Oppido Lucano;;Sud;Basilicata;Potenza;1;0;0;PZ;G081
4;17;076;076057;76057;Palazzo San Gervasio;Palazzo San Gervasio;;Sud;Basilicata;Potenza;1;0;0;PZ;G261
4;17;076;076058;76058;Pescopagano;Pescopagano;;Sud;Basilicata;Potenza;1;0;0;PZ;G496
4;17;076;076059;76059;Picerno;Picerno;;Sud;Basilicata;Potenza;1;0;0;PZ;G590
4;17;076;076060;76060;Pietragalla;Pietragalla;;Sud;Basilicata;Potenza;1;0;0;PZ;G616
4;17;076;076061;76061;Pietrapertosa;Pietrapertosa;;Sud;Basilicata;Potenza;1;0;0;PZ;G623
4;17;076;076062;76062;Pignola;Pignola;;Sud;Basilicata;Potenza;1;0;0;PZ;G663
4;17;076;076063;76063;Potenza;Potenza;;Sud;Basilicata;Potenza;1;1;1;PZ;G942
4;17;076;076064;76064;Rapolla;Rapolla;;Sud;Basilicata;Potenza;1;0;0;PZ;H186
4;17;076;076065;76065;Rapone;Rapone;;Sud;Basilicata;Potenza;1;0;0;PZ;H187
4;17;076;076066;76066;Rionero in Vulture;Rionero in Vulture;;Sud;Basilicata;Potenza;1;0;0;PZ;H307
4;17;076;076067;76067;Ripacandida;Ripacandida;;Sud;Basilicata;Potenza;1;0;0;PZ;H312
4;17;076;076068;76068;Rivello;Rivello;;Sud;Basilicata;Potenza;1;0;0;PZ;H348
4;17;076;076069;76069;Roccanova;Roccanova;;Sud;Basilicata;Potenza;1;0;0;PZ;H426
4;17;076;076070;76070;Rotonda;Rotonda;;Sud;Basilicata;Potenza;1;0;0;PZ;H590
4;17;076;076071;76071;Ruoti;Ruoti;;Sud;Basilicata;Potenza;1;0;0;PZ;H641
4;17;076;076072;76072;Ruvo del Monte;Ruvo del Monte;;Sud;Basilicata;Potenza;1;0;0;PZ;H646
4;17;076;076073;76073;San Chirico Nuovo;San Chirico Nuovo;;Sud;Basilicata;Potenza;1;0;0;PZ;H795
4;17;076;076074;76074;San Chirico Raparo;San Chirico Raparo;;Sud;Basilicata;Potenza;1;0;0;PZ;H796
4;17;076;076075;76075;San Costantino Albanese;San Costantino Albanese;;Sud;Basilicata;Potenza;1;0;0;PZ;H808
4;17;076;076076;76076;San Fele;San Fele;;Sud;Basilicata;Potenza;1;0;0;PZ;H831
4;17;076;076077;76077;San Martino d'Agri;San Martino d'Agri;;Sud;Basilicata;Potenza;1;0;0;PZ;H994
4;17;076;076078;76078;San Severino Lucano;San Severino Lucano;;Sud;Basilicata;Potenza;1;0;0;PZ;I157
4;17;076;076079;76079;Sant'Angelo Le Fratte;Sant'Angelo Le Fratte;;Sud;Basilicata;Potenza;1;0;0;PZ;I288
4;17;076;076080;76080;Sant'Arcangelo;Sant'Arcangelo;;Sud;Basilicata;Potenza;1;0;0;PZ;I305
4;17;076;076081;76081;Sarconi;Sarconi;;Sud;Basilicata;Potenza;1;0;0;PZ;I426
4;17;076;076082;76082;Sasso di Castalda;Sasso di Castalda;;Sud;Basilicata;Potenza;1;0;0;PZ;I457
4;17;076;076083;76083;Satriano di Lucania;Satriano di Lucania;;Sud;Basilicata;Potenza;1;0;0;PZ;G614
4;17;076;076084;76084;Savoia di Lucania;Savoia di Lucania;;Sud;Basilicata;Potenza;1;0;0;PZ;H730
4;17;076;076085;76085;Senise;Senise;;Sud;Basilicata;Potenza;1;0;0;PZ;I610
4;17;076;076086;76086;Spinoso;Spinoso;;Sud;Basilicata;Potenza;1;0;0;PZ;I917
4;17;076;076087;76087;Teana;Teana;;Sud;Basilicata;Potenza;1;0;0;PZ;L082
4;17;076;076088;76088;Terranova di Pollino;Terranova di Pollino;;Sud;Basilicata;Potenza;1;0;0;PZ;L126
4;17;076;076089;76089;Tito;Tito;;Sud;Basilicata;Potenza;1;0;0;PZ;L181
4;17;076;076090;76090;Tolve;Tolve;;Sud;Basilicata;Potenza;1;0;0;PZ;L197
4;17;076;076091;76091;Tramutola;Tramutola;;Sud;Basilicata;Potenza;1;0;0;PZ;L326
4;17;076;076092;76092;Trecchina;Trecchina;;Sud;Basilicata;Potenza;1;0;0;PZ;L357
4;17;076;076093;76093;Trivigno;Trivigno;;Sud;Basilicata;Potenza;1;0;0;PZ;L439
4;17;076;076094;76094;Vaglio Basilicata;Vaglio Basilicata;;Sud;Basilicata;Potenza;1;0;0;PZ;L532
4;17;076;076095;76095;Venosa;Venosa;;Sud;Basilicata;Potenza;1;0;0;PZ;L738
4;17;076;076096;76096;Vietri di Potenza;Vietri di Potenza;;Sud;Basilicata;Potenza;1;0;0;PZ;L859
4;17;076;076097;76097;Viggianello;Viggianello;;Sud;Basilicata;Potenza;1;0;0;PZ;L873
4;17;076;076098;76098;Viggiano;Viggiano;;Sud;Basilicata;Potenza;1;0;0;PZ;L874
4;17;077;077001;77001;Accettura;Accettura;;Sud;Basilicata;Matera;1;0;0;MT;A017
4;17;077;077002;77002;Aliano;Aliano;;Sud;Basilicata;Matera;1;0;0;MT;A196
4;17;077;077003;77003;Bernalda;Bernalda;;Sud;Basilicata;Matera;1;0;0;MT;A801
4;17;077;077004;77004;Calciano;Calciano;;Sud;Basilicata;Matera;1;0;0;MT;B391
4;17;077;077005;77005;Cirigliano;Cirigliano;;Sud;Basilicata;Matera;1;0;0;MT;C723
4;17;077;077006;77006;Colobraro;Colobraro;;Sud;Basilicata;Matera;1;0;0;MT;C888
4;17;077;077007;77007;Craco;Craco;;Sud;Basilicata;Matera;1;0;0;MT;D128
4;17;077;077008;77008;Ferrandina;Ferrandina;;Sud;Basilicata;Matera;1;0;0;MT;D547
4;17;077;077009;77009;Garaguso;Garaguso;;Sud;Basilicata;Matera;1;0;0;MT;D909
4;17;077;077010;77010;Gorgoglione;Gorgoglione;;Sud;Basilicata;Matera;1;0;0;MT;E093
4;17;077;077011;77011;Grassano;Grassano;;Sud;Basilicata;Matera;1;0;0;MT;E147
4;17;077;077012;77012;Grottole;Grottole;;Sud;Basilicata;Matera;1;0;0;MT;E213
4;17;077;077013;77013;Irsina;Irsina;;Sud;Basilicata;Matera;1;0;0;MT;E326
4;17;077;077014;77014;Matera;Matera;;Sud;Basilicata;Matera;1;0;1;MT;F052
4;17;077;077015;77015;Miglionico;Miglionico;;Sud;Basilicata;Matera;1;0;0;MT;F201
4;17;077;077016;77016;Montalbano Jonico;Montalbano Jonico;;Sud;Basilicata;Matera;1;0;0;MT;F399
4;17;077;077017;77017;Montescaglioso;Montescaglioso;;Sud;Basilicata;Matera;1;0;0;MT;F637
4;17;077;077018;77018;Nova Siri;Nova Siri;;Sud;Basilicata;Matera;1;0;0;MT;A942
4;17;077;077019;77019;Oliveto Lucano;Oliveto Lucano;;Sud;Basilicata;Matera;1;0;0;MT;G037
4;17;077;077020;77020;Pisticci;Pisticci;;Sud;Basilicata;Matera;1;0;0;MT;G712
4;17;077;077021;77021;Policoro;Policoro;;Sud;Basilicata;Matera;1;0;0;MT;G786
4;17;077;077022;77022;Pomarico;Pomarico;;Sud;Basilicata;Matera;1;0;0;MT;G806
4;17;077;077023;77023;Rotondella;Rotondella;;Sud;Basilicata;Matera;1;0;0;MT;H591
4;17;077;077024;77024;Salandra;Salandra;;Sud;Basilicata;Matera;1;0;0;MT;H687
4;17;077;077025;77025;San Giorgio Lucano;San Giorgio Lucano;;Sud;Basilicata;Matera;1;0;0;MT;H888
4;17;077;077026;77026;San Mauro Forte;San Mauro Forte;;Sud;Basilicata;Matera;1;0;0;MT;I029
4;17;077;077027;77027;Stigliano;Stigliano;;Sud;Basilicata;Matera;1;0;0;MT;I954
4;17;077;077028;77028;Tricarico;Tricarico;;Sud;Basilicata;Matera;1;0;0;MT;L418
4;17;077;077029;77029;Tursi;Tursi;;Sud;Basilicata;Matera;1;0;0;MT;L477
4;17;077;077030;77030;Valsinni;Valsinni;;Sud;Basilicata;Matera;1;0;0;MT;D513
4;18;078;078001;78001;Acquaformosa;Acquaformosa;;Sud;Calabria;Cosenza;1;0;0;CS;A033
4;18;078;078002;78002;Acquappesa;Acquappesa;;Sud;Calabria;Cosenza;1;0;0;CS;A041
4;18;078;078003;78003;Acri;Acri;;Sud;Calabria;Cosenza;1;0;0;CS;A053
4;18;078;078004;78004;Aiello Calabro;Aiello Calabro;;Sud;Calabria;Cosenza;1;0;0;CS;A102
4;18;078;078005;78005;Aieta;Aieta;;Sud;Calabria;Cosenza;1;0;0;CS;A105
4;18;078;078006;78006;Albidona;Albidona;;Sud;Calabria;Cosenza;1;0;0;CS;A160
4;18;078;078007;78007;Alessandria del Carretto;Alessandria del Carretto;;Sud;Calabria;Cosenza;1;0;0;CS;A183
4;18;078;078008;78008;Altilia;Altilia;;Sud;Calabria;Cosenza;1;0;0;CS;A234
4;18;078;078009;78009;Altomonte;Altomonte;;Sud;Calabria;Cosenza;1;0;0;CS;A240
4;18;078;078010;78010;Amantea;Amantea;;Sud;Calabria;Cosenza;1;0;0;CS;A253
4;18;078;078011;78011;Amendolara;Amendolara;;Sud;Calabria;Cosenza;1;0;0;CS;A263
4;18;078;078012;78012;Aprigliano;Aprigliano;;Sud;Calabria;Cosenza;1;0;0;CS;A340
4;18;078;078013;78013;Belmonte Calabro;Belmonte Calabro;;Sud;Calabria;Cosenza;1;0;0;CS;A762
4;18;078;078014;78014;Belsito;Belsito;;Sud;Calabria;Cosenza;1;0;0;CS;A768
4;18;078;078015;78015;Belvedere Marittimo;Belvedere Marittimo;;Sud;Calabria;Cosenza;1;0;0;CS;A773
4;18;078;078016;78016;Bianchi;Bianchi;;Sud;Calabria;Cosenza;1;0;0;CS;A842
4;18;078;078017;78017;Bisignano;Bisignano;;Sud;Calabria;Cosenza;1;0;0;CS;A887
4;18;078;078018;78018;Bocchigliero;Bocchigliero;;Sud;Calabria;Cosenza;1;0;0;CS;A912
4;18;078;078019;78019;Bonifati;Bonifati;;Sud;Calabria;Cosenza;1;0;0;CS;A973
4;18;078;078020;78020;Buonvicino;Buonvicino;;Sud;Calabria;Cosenza;1;0;0;CS;B270
4;18;078;078021;78021;Calopezzati;Calopezzati;;Sud;Calabria;Cosenza;1;0;0;CS;B424
4;18;078;078022;78022;Caloveto;Caloveto;;Sud;Calabria;Cosenza;1;0;0;CS;B426
4;18;078;078023;78023;Campana;Campana;;Sud;Calabria;Cosenza;1;0;0;CS;B500
4;18;078;078024;78024;Canna;Canna;;Sud;Calabria;Cosenza;1;0;0;CS;B607
4;18;078;078025;78025;Cariati;Cariati;;Sud;Calabria;Cosenza;1;0;0;CS;B774
4;18;078;078026;78026;Carolei;Carolei;;Sud;Calabria;Cosenza;1;0;0;CS;B802
4;18;078;078027;78027;Carpanzano;Carpanzano;;Sud;Calabria;Cosenza;1;0;0;CS;B813
4;18;078;078028;78028;Casole Bruzio;Casole Bruzio;;Sud;Calabria;Cosenza;1;0;0;CS;B983
4;18;078;078029;78029;Cassano all'Ionio;Cassano all'Ionio;;Sud;Calabria;Cosenza;1;0;0;CS;C002
4;18;078;078030;78030;Castiglione Cosentino;Castiglione Cosentino;;Sud;Calabria;Cosenza;1;0;0;CS;C301
4;18;078;078031;78031;Castrolibero;Castrolibero;;Sud;Calabria;Cosenza;1;0;0;CS;C108
4;18;078;078032;78032;Castroregio;Castroregio;;Sud;Calabria;Cosenza;1;0;0;CS;C348
4;18;078;078033;78033;Castrovillari;Castrovillari;;Sud;Calabria;Cosenza;1;0;0;CS;C349
4;18;078;078034;78034;Celico;Celico;;Sud;Calabria;Cosenza;1;0;0;CS;C430
4;18;078;078035;78035;Cellara;Cellara;;Sud;Calabria;Cosenza;1;0;0;CS;C437
4;18;078;078036;78036;Cerchiara di Calabria;Cerchiara di Calabria;;Sud;Calabria;Cosenza;1;0;0;CS;C489
4;18;078;078037;78037;Cerisano;Cerisano;;Sud;Calabria;Cosenza;1;0;0;CS;C515
4;18;078;078038;78038;Cervicati;Cervicati;;Sud;Calabria;Cosenza;1;0;0;CS;C554
4;18;078;078039;78039;Cerzeto;Cerzeto;;Sud;Calabria;Cosenza;1;0;0;CS;C560
4;18;078;078040;78040;Cetraro;Cetraro;;Sud;Calabria;Cosenza;1;0;0;CS;C588
4;18;078;078041;78041;Civita;Civita;;Sud;Calabria;Cosenza;1;0;0;CS;C763
4;18;078;078042;78042;Cleto;Cleto;;Sud;Calabria;Cosenza;1;0;0;CS;C795
4;18;078;078043;78043;Colosimi;Colosimi;;Sud;Calabria;Cosenza;1;0;0;CS;C905
4;18;078;078044;78044;Corigliano Calabro;Corigliano Calabro;;Sud;Calabria;Cosenza;1;0;0;CS;D005
4;18;078;078045;78045;Cosenza;Cosenza;;Sud;Calabria;Cosenza;1;0;1;CS;D086
4;18;078;078046;78046;Cropalati;Cropalati;;Sud;Calabria;Cosenza;1;0;0;CS;D180
4;18;078;078047;78047;Crosia;Crosia;;Sud;Calabria;Cosenza;1;0;0;CS;D184
4;18;078;078048;78048;Diamante;Diamante;;Sud;Calabria;Cosenza;1;0;0;CS;D289
4;18;078;078049;78049;Dipignano;Dipignano;;Sud;Calabria;Cosenza;1;0;0;CS;D304
4;18;078;078050;78050;Domanico;Domanico;;Sud;Calabria;Cosenza;1;0;0;CS;D328
4;18;078;078051;78051;Fagnano Castello;Fagnano Castello;;Sud;Calabria;Cosenza;1;0;0;CS;D464
4;18;078;078052;78052;Falconara Albanese;Falconara Albanese;;Sud;Calabria;Cosenza;1;0;0;CS;D473
4;18;078;078053;78053;Figline Vegliaturo;Figline Vegliaturo;;Sud;Calabria;Cosenza;1;0;0;CS;D582
4;18;078;078054;78054;Firmo;Firmo;;Sud;Calabria;Cosenza;1;0;0;CS;D614
4;18;078;078055;78055;Fiumefreddo Bruzio;Fiumefreddo Bruzio;;Sud;Calabria;Cosenza;1;0;0;CS;D624
4;18;078;078056;78056;Francavilla Marittima;Francavilla Marittima;;Sud;Calabria;Cosenza;1;0;0;CS;D764
4;18;078;078057;78057;Frascineto;Frascineto;;Sud;Calabria;Cosenza;1;0;0;CS;D774
4;18;078;078058;78058;Fuscaldo;Fuscaldo;;Sud;Calabria;Cosenza;1;0;0;CS;D828
4;18;078;078059;78059;Grimaldi;Grimaldi;;Sud;Calabria;Cosenza;1;0;0;CS;E180
4;18;078;078060;78060;Grisolia;Grisolia;;Sud;Calabria;Cosenza;1;0;0;CS;E185
4;18;078;078061;78061;Guardia Piemontese;Guardia Piemontese;;Sud;Calabria;Cosenza;1;0;0;CS;E242
4;18;078;078062;78062;Lago;Lago;;Sud;Calabria;Cosenza;1;0;0;CS;E407
4;18;078;078063;78063;Laino Borgo;Laino Borgo;;Sud;Calabria;Cosenza;1;0;0;CS;E417
4;18;078;078064;78064;Laino Castello;Laino Castello;;Sud;Calabria;Cosenza;1;0;0;CS;E419
4;18;078;078065;78065;Lappano;Lappano;;Sud;Calabria;Cosenza;1;0;0;CS;E450
4;18;078;078066;78066;Lattarico;Lattarico;;Sud;Calabria;Cosenza;1;0;0;CS;E475
4;18;078;078067;78067;Longobardi;Longobardi;;Sud;Calabria;Cosenza;1;0;0;CS;E677
4;18;078;078068;78068;Longobucco;Longobucco;;Sud;Calabria;Cosenza;1;0;0;CS;E678
4;18;078;078069;78069;Lungro;Lungro;;Sud;Calabria;Cosenza;1;0;0;CS;E745
4;18;078;078070;78070;Luzzi;Luzzi;;Sud;Calabria;Cosenza;1;0;0;CS;E773
4;18;078;078071;78071;Maierà;Maierà;;Sud;Calabria;Cosenza;1;0;0;CS;E835
4;18;078;078072;78072;Malito;Malito;;Sud;Calabria;Cosenza;1;0;0;CS;E859
4;18;078;078073;78073;Malvito;Malvito;;Sud;Calabria;Cosenza;1;0;0;CS;E872
4;18;078;078074;78074;Mandatoriccio;Mandatoriccio;;Sud;Calabria;Cosenza;1;0;0;CS;E878
4;18;078;078075;78075;Mangone;Mangone;;Sud;Calabria;Cosenza;1;0;0;CS;E888
4;18;078;078076;78076;Marano Marchesato;Marano Marchesato;;Sud;Calabria;Cosenza;1;0;0;CS;E914
4;18;078;078077;78077;Marano Principato;Marano Principato;;Sud;Calabria;Cosenza;1;0;0;CS;E915
4;18;078;078078;78078;Marzi;Marzi;;Sud;Calabria;Cosenza;1;0;0;CS;F001
4;18;078;078079;78079;Mendicino;Mendicino;;Sud;Calabria;Cosenza;1;0;0;CS;F125
4;18;078;078080;78080;Mongrassano;Mongrassano;;Sud;Calabria;Cosenza;1;0;0;CS;F370
4;18;078;078081;78081;Montalto Uffugo;Montalto Uffugo;;Sud;Calabria;Cosenza;1;0;0;CS;F416
4;18;078;078082;78082;Montegiordano;Montegiordano;;Sud;Calabria;Cosenza;1;0;0;CS;F519
4;18;078;078083;78083;Morano Calabro;Morano Calabro;;Sud;Calabria;Cosenza;1;0;0;CS;F708
4;18;078;078084;78084;Mormanno;Mormanno;;Sud;Calabria;Cosenza;1;0;0;CS;F735
4;18;078;078085;78085;Mottafollone;Mottafollone;;Sud;Calabria;Cosenza;1;0;0;CS;F775
4;18;078;078086;78086;Nocara;Nocara;;Sud;Calabria;Cosenza;1;0;0;CS;F907
4;18;078;078087;78087;Oriolo;Oriolo;;Sud;Calabria;Cosenza;1;0;0;CS;G110
4;18;078;078088;78088;Orsomarso;Orsomarso;;Sud;Calabria;Cosenza;1;0;0;CS;G129
4;18;078;078089;78089;Paludi;Paludi;;Sud;Calabria;Cosenza;1;0;0;CS;G298
4;18;078;078090;78090;Panettieri;Panettieri;;Sud;Calabria;Cosenza;1;0;0;CS;G307
4;18;078;078091;78091;Paola;Paola;;Sud;Calabria;Cosenza;1;0;0;CS;G317
4;18;078;078092;78092;Papasidero;Papasidero;;Sud;Calabria;Cosenza;1;0;0;CS;G320
4;18;078;078093;78093;Parenti;Parenti;;Sud;Calabria;Cosenza;1;0;0;CS;G331
4;18;078;078094;78094;Paterno Calabro;Paterno Calabro;;Sud;Calabria;Cosenza;1;0;0;CS;G372
4;18;078;078095;78095;Pedace;Pedace;;Sud;Calabria;Cosenza;1;0;0;CS;G400
4;18;078;078096;78096;Pedivigliano;Pedivigliano;;Sud;Calabria;Cosenza;1;0;0;CS;G411
4;18;078;078097;78097;Piane Crati;Piane Crati;;Sud;Calabria;Cosenza;1;0;0;CS;G553
4;18;078;078098;78098;Pietrafitta;Pietrafitta;;Sud;Calabria;Cosenza;1;0;0;CS;G615
4;18;078;078099;78099;Pietrapaola;Pietrapaola;;Sud;Calabria;Cosenza;1;0;0;CS;G622
4;18;078;078100;78100;Plataci;Plataci;;Sud;Calabria;Cosenza;1;0;0;CS;G733
4;18;078;078101;78101;Praia a Mare;Praia a Mare;;Sud;Calabria;Cosenza;1;0;0;CS;G975
4;18;078;078102;78102;Rende;Rende;;Sud;Calabria;Cosenza;1;0;0;CS;H235
4;18;078;078103;78103;Rocca Imperiale;Rocca Imperiale;;Sud;Calabria;Cosenza;1;0;0;CS;H416
4;18;078;078104;78104;Roggiano Gravina;Roggiano Gravina;;Sud;Calabria;Cosenza;1;0;0;CS;H488
4;18;078;078105;78105;Rogliano;Rogliano;;Sud;Calabria;Cosenza;1;0;0;CS;H490
4;18;078;078106;78106;Rose;Rose;;Sud;Calabria;Cosenza;1;0;0;CS;H565
4;18;078;078107;78107;Rosito Capo Spulico;Rosito Capo Spulico;;Sud;Calabria;Cosenza;1;0;0;CS;H572
4;18;078;078108;78108;Rossano;Rossano;;Sud;Calabria;Cosenza;1;0;0;CS;H579
4;18;078;078109;78109;Rota Greca;Rota Greca;;Sud;Calabria;Cosenza;1;0;0;CS;H585
4;18;078;078110;78110;Rovito;Rovito;;Sud;Calabria;Cosenza;1;0;0;CS;H621
4;18;078;078111;78111;San Basile;San Basile;;Sud;Calabria;Cosenza;1;0;0;CS;H765
4;18;078;078112;78112;San Benedetto Ullano;San Benedetto Ullano;;Sud;Calabria;Cosenza;1;0;0;CS;H774
4;18;078;078113;78113;San Cosmo Albanese;San Cosmo Albanese;;Sud;Calabria;Cosenza;1;0;0;CS;H806
4;18;078;078114;78114;San Demetrio Corone;San Demetrio Corone;;Sud;Calabria;Cosenza;1;0;0;CS;H818
4;18;078;078115;78115;San Donato di Ninea;San Donato di Ninea;;Sud;Calabria;Cosenza;1;0;0;CS;H825
4;18;078;078116;78116;San Fili;San Fili;;Sud;Calabria;Cosenza;1;0;0;CS;H841
4;18;078;078117;78117;Sangineto;Sangineto;;Sud;Calabria;Cosenza;1;0;0;CS;H877
4;18;078;078118;78118;San Giorgio Albanese;San Giorgio Albanese;;Sud;Calabria;Cosenza;1;0;0;CS;H881
4;18;078;078119;78119;San Giovanni in Fiore;San Giovanni in Fiore;;Sud;Calabria;Cosenza;1;0;0;CS;H919
4;18;078;078120;78120;San Lorenzo Bellizzi;San Lorenzo Bellizzi;;Sud;Calabria;Cosenza;1;0;0;CS;H961
4;18;078;078121;78121;San Lorenzo del Vallo;San Lorenzo del Vallo;;Sud;Calabria;Cosenza;1;0;0;CS;H962
4;18;078;078122;78122;San Lucido;San Lucido;;Sud;Calabria;Cosenza;1;0;0;CS;H971
4;18;078;078123;78123;San Marco Argentano;San Marco Argentano;;Sud;Calabria;Cosenza;1;0;0;CS;H981
4;18;078;078124;78124;San Martino di Finita;San Martino di Finita;;Sud;Calabria;Cosenza;1;0;0;CS;H992
4;18;078;078125;78125;San Nicola Arcella;San Nicola Arcella;;Sud;Calabria;Cosenza;1;0;0;CS;I060
4;18;078;078126;78126;San Pietro in Amantea;San Pietro in Amantea;;Sud;Calabria;Cosenza;1;0;0;CS;I108
4;18;078;078127;78127;San Pietro in Guarano;San Pietro in Guarano;;Sud;Calabria;Cosenza;1;0;0;CS;I114
4;18;078;078128;78128;San Sosti;San Sosti;;Sud;Calabria;Cosenza;1;0;0;CS;I165
4;18;078;078129;78129;Santa Caterina Albanese;Santa Caterina Albanese;;Sud;Calabria;Cosenza;1;0;0;CS;I171
4;18;078;078130;78130;Santa Domenica Talao;Santa Domenica Talao;;Sud;Calabria;Cosenza;1;0;0;CS;I183
4;18;078;078131;78131;Sant'Agata di Esaro;Sant'Agata di Esaro;;Sud;Calabria;Cosenza;1;0;0;CS;I192
4;18;078;078132;78132;Santa Maria;Santa Maria;;Sud;Calabria;Cosenza;1;0;0;CS;C717
4;18;078;078133;78133;Santa Sofia d'Epiro;Santa Sofia d'Epiro;;Sud;Calabria;Cosenza;1;0;0;CS;I309
4;18;078;078134;78134;Santo Stefano di Rogliano;Santo Stefano di Rogliano;;Sud;Calabria;Cosenza;1;0;0;CS;I359
4;18;078;078135;78135;San Vincenzo La Costa;San Vincenzo La Costa;;Sud;Calabria;Cosenza;1;0;0;CS;I388
4;18;078;078136;78136;Saracena;Saracena;;Sud;Calabria;Cosenza;1;0;0;CS;I423
4;18;078;078137;78137;Scala Coeli;Scala Coeli;;Sud;Calabria;Cosenza;1;0;0;CS;I485
4;18;078;078138;78138;Scalea;Scalea;;Sud;Calabria;Cosenza;1;0;0;CS;I489
4;18;078;078139;78139;Scigliano;Scigliano;;Sud;Calabria;Cosenza;1;0;0;CS;D290
4;18;078;078140;78140;Serra d'Aiello;Serra d'Aiello;;Sud;Calabria;Cosenza;1;0;0;CS;I642
4;18;078;078141;78141;Serra Pedace;Serra Pedace;;Sud;Calabria;Cosenza;1;0;0;CS;I650
4;18;078;078142;78142;Spezzano Albanese;Spezzano Albanese;;Sud;Calabria;Cosenza;1;0;0;CS;I895
4;18;078;078143;78143;Spezzano della Sila;Spezzano della Sila;;Sud;Calabria;Cosenza;1;0;0;CS;I896
4;18;078;078144;78144;Spezzano Piccolo;Spezzano Piccolo;;Sud;Calabria;Cosenza;1;0;0;CS;I898
4;18;078;078145;78145;Tarsia;Tarsia;;Sud;Calabria;Cosenza;1;0;0;CS;L055
4;18;078;078146;78146;Terranova da Sibari;Terranova da Sibari;;Sud;Calabria;Cosenza;1;0;0;CS;L124
4;18;078;078147;78147;Terravecchia;Terravecchia;;Sud;Calabria;Cosenza;1;0;0;CS;L134
4;18;078;078148;78148;Torano Castello;Torano Castello;;Sud;Calabria;Cosenza;1;0;0;CS;L206
4;18;078;078149;78149;Tortora;Tortora;;Sud;Calabria;Cosenza;1;0;0;CS;L305
4;18;078;078150;78150;Trebisacce;Trebisacce;;Sud;Calabria;Cosenza;1;0;0;CS;L353
4;18;078;078151;78151;Trenta;Trenta;;Sud;Calabria;Cosenza;1;0;0;CS;L375
4;18;078;078152;78152;Vaccarizzo Albanese;Vaccarizzo Albanese;;Sud;Calabria;Cosenza;1;0;0;CS;L524
4;18;078;078153;78153;Verbicaro;Verbicaro;;Sud;Calabria;Cosenza;1;0;0;CS;L747
4;18;078;078154;78154;Villapiana;Villapiana;;Sud;Calabria;Cosenza;1;0;0;CS;B903
4;18;078;078155;78155;Zumpano;Zumpano;;Sud;Calabria;Cosenza;1;0;0;CS;M202
4;18;079;079001;79001;Acquaro;Acquaro;;Sud;Calabria;Catanzaro;1;0;0;CZ;A043
4;18;079;079002;79002;Albi;Albi;;Sud;Calabria;Catanzaro;1;0;0;CZ;A155
4;18;079;079003;79003;Amaroni;Amaroni;;Sud;Calabria;Catanzaro;1;0;0;CZ;A255
4;18;079;079004;79004;Amato;Amato;;Sud;Calabria;Catanzaro;1;0;0;CZ;A257
4;18;079;079005;79005;Andali;Andali;;Sud;Calabria;Catanzaro;1;0;0;CZ;A272
4;18;079;079006;79006;Arena;Arena;;Sud;Calabria;Catanzaro;1;0;0;CZ;A386
4;18;079;079007;79007;Argusto;Argusto;;Sud;Calabria;Catanzaro;1;0;0;CZ;A397
4;18;079;079008;79008;Badolato;Badolato;;Sud;Calabria;Catanzaro;1;0;0;CZ;A542
4;18;079;079009;79009;Belcastro;Belcastro;;Sud;Calabria;Catanzaro;1;0;0;CZ;A736
4;18;079;079010;79010;Belvedere di Spinello;Belvedere di Spinello;;Sud;Calabria;Catanzaro;1;0;0;CZ;A772
4;18;079;079011;79011;Borgia;Borgia;;Sud;Calabria;Catanzaro;1;0;0;CZ;B002
4;18;079;079012;79012;Botricello;Botricello;;Sud;Calabria;Catanzaro;1;0;0;CZ;B085
4;18;079;079013;79013;Briatico;Briatico;;Sud;Calabria;Catanzaro;1;0;0;CZ;B169
4;18;079;079014;79014;Brognaturo;Brognaturo;;Sud;Calabria;Catanzaro;1;0;0;CZ;B197
4;18;079;079015;79015;Caccuri;Caccuri;;Sud;Calabria;Catanzaro;1;0;0;CZ;B319
4;18;079;079016;79016;Capistrano;Capistrano;;Sud;Calabria;Catanzaro;1;0;0;CZ;B655
4;18;079;079017;79017;Caraffa di Catanzaro;Caraffa di Catanzaro;;Sud;Calabria;Catanzaro;1;0;0;CZ;B717
4;18;079;079018;79018;Cardinale;Cardinale;;Sud;Calabria;Catanzaro;1;0;0;CZ;B758
4;18;079;079019;79019;Carfizzi;Carfizzi;;Sud;Calabria;Catanzaro;1;0;0;CZ;B771
4;18;079;079020;79020;Carlopoli;Carlopoli;;Sud;Calabria;Catanzaro;1;0;0;CZ;B790
4;18;079;079021;79021;Casabona;Casabona;;Sud;Calabria;Catanzaro;1;0;0;CZ;B857
4;18;079;079022;79022;Castelsilano;Castelsilano;;Sud;Calabria;Catanzaro;1;0;0;CZ;B968
4;18;079;079023;79023;Catanzaro;Catanzaro;;Sud;Calabria;Catanzaro;1;1;1;CZ;C352
4;18;079;079024;79024;Cenadi;Cenadi;;Sud;Calabria;Catanzaro;1;0;0;CZ;C453
4;18;079;079025;79025;Centrache;Centrache;;Sud;Calabria;Catanzaro;1;0;0;CZ;C472
4;18;079;079026;79026;Cerenzia;Cerenzia;;Sud;Calabria;Catanzaro;1;0;0;CZ;C501
4;18;079;079027;79027;Cerva;Cerva;;Sud;Calabria;Catanzaro;1;0;0;CZ;C542
4;18;079;079028;79028;Cessaniti;Cessaniti;;Sud;Calabria;Catanzaro;1;0;0;CZ;C581
4;18;079;079029;79029;Chiaravalle Centrale;Chiaravalle Centrale;;Sud;Calabria;Catanzaro;1;0;0;CZ;C616
4;18;079;079030;79030;Cicala;Cicala;;Sud;Calabria;Catanzaro;1;0;0;CZ;C674
4;18;079;079031;79031;Cirò;Cirò;;Sud;Calabria;Catanzaro;1;0;0;CZ;C725
4;18;079;079032;79032;Cirò Marina;Cirò Marina;;Sud;Calabria;Catanzaro;1;0;0;CZ;C726
4;18;079;079033;79033;Conflenti;Conflenti;;Sud;Calabria;Catanzaro;1;0;0;CZ;C960
4;18;079;079034;79034;Cortale;Cortale;;Sud;Calabria;Catanzaro;1;0;0;CZ;D049
4;18;079;079035;79035;Cotronei;Cotronei;;Sud;Calabria;Catanzaro;1;0;0;CZ;D123
4;18;079;079036;79036;Cropani;Cropani;;Sud;Calabria;Catanzaro;1;0;0;CZ;D181
4;18;079;079037;79037;Crotone;Crotone;;Sud;Calabria;Catanzaro;1;0;0;CZ;D122
4;18;079;079038;79038;Crucoli;Crucoli;;Sud;Calabria;Catanzaro;1;0;0;CZ;D189
4;18;079;079039;79039;Curinga;Curinga;;Sud;Calabria;Catanzaro;1;0;0;CZ;D218
4;18;079;079040;79040;Cutro;Cutro;;Sud;Calabria;Catanzaro;1;0;0;CZ;D236
4;18;079;079041;79041;Dasà;Dasà;;Sud;Calabria;Catanzaro;1;0;0;CZ;D253
4;18;079;079042;79042;Davoli;Davoli;;Sud;Calabria;Catanzaro;1;0;0;CZ;D257
4;18;079;079043;79043;Decollatura;Decollatura;;Sud;Calabria;Catanzaro;1;0;0;CZ;D261
4;18;079;079044;79044;Dinami;Dinami;;Sud;Calabria;Catanzaro;1;0;0;CZ;D303
4;18;079;079045;79045;Drapia;Drapia;;Sud;Calabria;Catanzaro;1;0;0;CZ;D364
4;18;079;079046;79046;Fabrizia;Fabrizia;;Sud;Calabria;Catanzaro;1;0;0;CZ;D453
4;18;079;079047;79047;Falerna;Falerna;;Sud;Calabria;Catanzaro;1;0;0;CZ;D476
4;18;079;079048;79048;Feroleto Antico;Feroleto Antico;;Sud;Calabria;Catanzaro;1;0;0;CZ;D544
4;18;079;079049;79049;Filadelfia;Filadelfia;;Sud;Calabria;Catanzaro;1;0;0;CZ;D587
4;18;079;079050;79050;Filandari;Filandari;;Sud;Calabria;Catanzaro;1;0;0;CZ;D589
4;18;079;079051;79051;Filogaso;Filogaso;;Sud;Calabria;Catanzaro;1;0;0;CZ;D596
4;18;079;079052;79052;Fossato Serralta;Fossato Serralta;;Sud;Calabria;Catanzaro;1;0;0;CZ;D744
4;18;079;079053;79053;Francavilla Angitola;Francavilla Angitola;;Sud;Calabria;Catanzaro;1;0;0;CZ;D762
4;18;079;079054;79054;Francica;Francica;;Sud;Calabria;Catanzaro;1;0;0;CZ;D767
4;18;079;079055;79055;Gagliato;Gagliato;;Sud;Calabria;Catanzaro;1;0;0;CZ;D852
4;18;079;079056;79056;Gasperina;Gasperina;;Sud;Calabria;Catanzaro;1;0;0;CZ;D932
4;18;079;079057;79057;Gerocarne;Gerocarne;;Sud;Calabria;Catanzaro;1;0;0;CZ;D988
4;18;079;079058;79058;Gimigliano;Gimigliano;;Sud;Calabria;Catanzaro;1;0;0;CZ;E031
4;18;079;079059;79059;Girifalco;Girifalco;;Sud;Calabria;Catanzaro;1;0;0;CZ;E050
4;18;079;079060;79060;Gizzeria;Gizzeria;;Sud;Calabria;Catanzaro;1;0;0;CZ;E068
4;18;079;079061;79061;Guardavalle;Guardavalle;;Sud;Calabria;Catanzaro;1;0;0;CZ;E239
4;18;079;079062;79062;Jonadi;Jonadi;;Sud;Calabria;Catanzaro;1;0;0;CZ;E321
4;18;079;079063;79063;Isca sullo Ionio;Isca sullo Ionio;;Sud;Calabria;Catanzaro;1;0;0;CZ;E328
4;18;079;079064;79064;Isola di Capo Rizzuto;Isola di Capo Rizzuto;;Sud;Calabria;Catanzaro;1;0;0;CZ;E339
4;18;079;079065;79065;Jacurso;Jacurso;;Sud;Calabria;Catanzaro;1;0;0;CZ;E274
4;18;079;079066;79066;Joppolo;Joppolo;;Sud;Calabria;Catanzaro;1;0;0;CZ;E389
4;18;079;079067;79067;Limbadi;Limbadi;;Sud;Calabria;Catanzaro;1;0;0;CZ;E590
4;18;079;079068;79068;Magisano;Magisano;;Sud;Calabria;Catanzaro;1;0;0;CZ;E806
4;18;079;079069;79069;Maida;Maida;;Sud;Calabria;Catanzaro;1;0;0;CZ;E834
4;18;079;079070;79070;Maierato;Maierato;;Sud;Calabria;Catanzaro;1;0;0;CZ;E836
4;18;079;079071;79071;Marcedusa;Marcedusa;;Sud;Calabria;Catanzaro;1;0;0;CZ;E923
4;18;079;079072;79072;Marcellinara;Marcellinara;;Sud;Calabria;Catanzaro;1;0;0;CZ;E925
4;18;079;079073;79073;Martirano;Martirano;;Sud;Calabria;Catanzaro;1;0;0;CZ;E990
4;18;079;079074;79074;Martirano Lombardo;Martirano Lombardo;;Sud;Calabria;Catanzaro;1;0;0;CZ;E991
4;18;079;079075;79075;Melissa;Melissa;;Sud;Calabria;Catanzaro;1;0;0;CZ;F108
4;18;079;079076;79076;Mesoraca;Mesoraca;;Sud;Calabria;Catanzaro;1;0;0;CZ;F157
4;18;079;079077;79077;Miglierina;Miglierina;;Sud;Calabria;Catanzaro;1;0;0;CZ;F200
4;18;079;079078;79078;Mileto;Mileto;;Sud;Calabria;Catanzaro;1;0;0;CZ;F207
4;18;079;079079;79079;Mongiana;Mongiana;;Sud;Calabria;Catanzaro;1;0;0;CZ;F364
4;18;079;079080;79080;Montauro;Montauro;;Sud;Calabria;Catanzaro;1;0;0;CZ;F432
4;18;079;079081;79081;Montepaone;Montepaone;;Sud;Calabria;Catanzaro;1;0;0;CZ;F586
4;18;079;079082;79082;Monterosso Calabro;Monterosso Calabro;;Sud;Calabria;Catanzaro;1;0;0;CZ;F607
4;18;079;079083;79083;Motta Santa Lucia;Motta Santa Lucia;;Sud;Calabria;Catanzaro;1;0;0;CZ;F780
4;18;079;079084;79084;Nardodipace;Nardodipace;;Sud;Calabria;Catanzaro;1;0;0;CZ;F843
4;18;079;079085;79085;Nicastro;Nicastro;;Sud;Calabria;Catanzaro;1;0;0;CZ;F888
4;18;079;079086;79086;Nicotera;Nicotera;;Sud;Calabria;Catanzaro;1;0;0;CZ;F893
4;18;079;079087;79087;Nocera Terinese;Nocera Terinese;;Sud;Calabria;Catanzaro;1;0;0;CZ;F910
4;18;079;079088;79088;Olivadi;Olivadi;;Sud;Calabria;Catanzaro;1;0;0;CZ;G034
4;18;079;079089;79089;Palermiti;Palermiti;;Sud;Calabria;Catanzaro;1;0;0;CZ;G272
4;18;079;079090;79090;Pallagorio;Pallagorio;;Sud;Calabria;Catanzaro;1;0;0;CZ;G278
4;18;079;079091;79091;Parghelia;Parghelia;;Sud;Calabria;Catanzaro;1;0;0;CZ;G335
4;18;079;079092;79092;Pentone;Pentone;;Sud;Calabria;Catanzaro;1;0;0;CZ;G439
4;18;079;079093;79093;Petilia Policastro;Petilia Policastro;;Sud;Calabria;Catanzaro;1;0;0;CZ;G508
4;18;079;079094;79094;Petrizzi;Petrizzi;;Sud;Calabria;Catanzaro;1;0;0;CZ;G517
4;18;079;079095;79095;Petronà;Petronà;;Sud;Calabria;Catanzaro;1;0;0;CZ;G518
4;18;079;079096;79096;Pianopoli;Pianopoli;;Sud;Calabria;Catanzaro;1;0;0;CZ;D546
4;18;079;079097;79097;Pizzo;Pizzo;;Sud;Calabria;Catanzaro;1;0;0;CZ;G722
4;18;079;079098;79098;Pizzoni;Pizzoni;;Sud;Calabria;Catanzaro;1;0;0;CZ;G728
4;18;079;079099;79099;Platania;Platania;;Sud;Calabria;Catanzaro;1;0;0;CZ;G734
4;18;079;079100;79100;Polia;Polia;;Sud;Calabria;Catanzaro;1;0;0;CZ;G785
4;18;079;079101;79101;Ricadi;Ricadi;;Sud;Calabria;Catanzaro;1;0;0;CZ;H271
4;18;079;079102;79102;Roccabernarda;Roccabernarda;;Sud;Calabria;Catanzaro;1;0;0;CZ;H383
4;18;079;079103;79103;Rocca di Neto;Rocca di Neto;;Sud;Calabria;Catanzaro;1;0;0;CZ;H403
4;18;079;079104;79104;Rombiolo;Rombiolo;;Sud;Calabria;Catanzaro;1;0;0;CZ;H516
4;18;079;079105;79105;Sambiase;Sambiase;;Sud;Calabria;Catanzaro;1;0;0;CZ;H742
4;18;079;079106;79106;San Calogero;San Calogero;;Sud;Calabria;Catanzaro;1;0;0;CZ;H785
4;18;079;079107;79107;San Costantino Calabro;San Costantino Calabro;;Sud;Calabria;Catanzaro;1;0;0;CZ;H807
4;18;079;079108;79108;San Floro;San Floro;;Sud;Calabria;Catanzaro;1;0;0;CZ;H846
4;18;079;079109;79109;San Gregorio d'Ippona;San Gregorio d'Ippona;;Sud;Calabria;Catanzaro;1;0;0;CZ;H941
4;18;079;079110;79110;San Mango d'Aquino;San Mango d'Aquino;;Sud;Calabria;Catanzaro;1;0;0;CZ;H976
4;18;079;079111;79111;San Mauro Marchesato;San Mauro Marchesato;;Sud;Calabria;Catanzaro;1;0;0;CZ;I026
4;18;079;079112;79112;San Nicola da Crissa;San Nicola da Crissa;;Sud;Calabria;Catanzaro;1;0;0;CZ;I058
4;18;079;079113;79113;San Nicola dell'Alto;San Nicola dell'Alto;;Sud;Calabria;Catanzaro;1;0;0;CZ;I057
4;18;079;079114;79114;San Pietro a Maida;San Pietro a Maida;;Sud;Calabria;Catanzaro;1;0;0;CZ;I093
4;18;079;079115;79115;San Pietro Apostolo;San Pietro Apostolo;;Sud;Calabria;Catanzaro;1;0;0;CZ;I095
4;18;079;079116;79116;San Sostene;San Sostene;;Sud;Calabria;Catanzaro;1;0;0;CZ;I164
4;18;079;079117;79117;Santa Caterina dello Ionio;Santa Caterina dello Ionio;;Sud;Calabria;Catanzaro;1;0;0;CZ;I170
4;18;079;079118;79118;Sant'Andrea Apostolo dello Ionio;Sant'Andrea Apostolo dello Ionio;;Sud;Calabria;Catanzaro;1;0;0;CZ;I266
4;18;079;079119;79119;Santa Severina;Santa Severina;;Sud;Calabria;Catanzaro;1;0;0;CZ;I308
4;18;079;079120;79120;Sant'Eufemia Lamezia;Sant'Eufemia Lamezia;;Sud;Calabria;Catanzaro;1;0;0;CZ;I334
4;18;079;079121;79121;Sant'Onofrio;Sant'Onofrio;;Sud;Calabria;Catanzaro;1;0;0;CZ;I350
4;18;079;079122;79122;San Vito sullo Ionio;San Vito sullo Ionio;;Sud;Calabria;Catanzaro;1;0;0;CZ;I393
4;18;079;079123;79123;Satriano;Satriano;;Sud;Calabria;Catanzaro;1;0;0;CZ;I463
4;18;079;079124;79124;Savelli;Savelli;;Sud;Calabria;Catanzaro;1;0;0;CZ;I468
4;18;079;079125;79125;Scandale;Scandale;;Sud;Calabria;Catanzaro;1;0;0;CZ;I494
4;18;079;079126;79126;Sellia;Sellia;;Sud;Calabria;Catanzaro;1;0;0;CZ;I589
4;18;079;079127;79127;Sellia Marina;Sellia Marina;;Sud;Calabria;Catanzaro;1;0;0;CZ;I590
4;18;079;079128;79128;Serra San Bruno;Serra San Bruno;;Sud;Calabria;Catanzaro;1;0;0;CZ;I639
4;18;079;079129;79129;Serrastretta;Serrastretta;;Sud;Calabria;Catanzaro;1;0;0;CZ;I655
4;18;079;079130;79130;Sersale;Sersale;;Sud;Calabria;Catanzaro;1;0;0;CZ;I671
4;18;079;079131;79131;Settingiano;Settingiano;;Sud;Calabria;Catanzaro;1;0;0;CZ;I704
4;18;079;079132;79132;Simbario;Simbario;;Sud;Calabria;Catanzaro;1;0;0;CZ;I744
4;18;079;079133;79133;Simeri Crichi;Simeri Crichi;;Sud;Calabria;Catanzaro;1;0;0;CZ;I745
4;18;079;079134;79134;Sorbo San Basile;Sorbo San Basile;;Sud;Calabria;Catanzaro;1;0;0;CZ;I844
4;18;079;079135;79135;Sorianello;Sorianello;;Sud;Calabria;Catanzaro;1;0;0;CZ;I853
4;18;079;079136;79136;Soriano Calabro;Soriano Calabro;;Sud;Calabria;Catanzaro;1;0;0;CZ;I854
4;18;079;079137;79137;Soverato;Soverato;;Sud;Calabria;Catanzaro;1;0;0;CZ;I872
4;18;079;079138;79138;Soveria Mannelli;Soveria Mannelli;;Sud;Calabria;Catanzaro;1;0;0;CZ;I874
4;18;079;079139;79139;Soveria Simeri;Soveria Simeri;;Sud;Calabria;Catanzaro;1;0;0;CZ;I875
4;18;079;079140;79140;Spadola;Spadola;;Sud;Calabria;Catanzaro;1;0;0;CZ;I884
4;18;079;079141;79141;Spilinga;Spilinga;;Sud;Calabria;Catanzaro;1;0;0;CZ;I905
4;18;079;079142;79142;Squillace;Squillace;;Sud;Calabria;Catanzaro;1;0;0;CZ;I929
4;18;079;079143;79143;Stalettì;Stalettì;;Sud;Calabria;Catanzaro;1;0;0;CZ;I937
4;18;079;079144;79144;Stefanaconi;Stefanaconi;;Sud;Calabria;Catanzaro;1;0;0;CZ;I945
4;18;079;079145;79145;Strongoli;Strongoli;;Sud;Calabria;Catanzaro;1;0;0;CZ;I982
4;18;079;079146;79146;Taverna;Taverna;;Sud;Calabria;Catanzaro;1;0;0;CZ;L070
4;18;079;079147;79147;Tiriolo;Tiriolo;;Sud;Calabria;Catanzaro;1;0;0;CZ;L177
4;18;079;079148;79148;Torre di Ruggiero;Torre di Ruggiero;;Sud;Calabria;Catanzaro;1;0;0;CZ;L240
4;18;079;079149;79149;Tropea;Tropea;;Sud;Calabria;Catanzaro;1;0;0;CZ;L452
4;18;079;079150;79150;Umbriatico;Umbriatico;;Sud;Calabria;Catanzaro;1;0;0;CZ;L492
4;18;079;079151;79151;Vallefiorita;Vallefiorita;;Sud;Calabria;Catanzaro;1;0;0;CZ;I322
4;18;079;079152;79152;Vallelonga;Vallelonga;;Sud;Calabria;Catanzaro;1;0;0;CZ;L607
4;18;079;079153;79153;Vazzano;Vazzano;;Sud;Calabria;Catanzaro;1;0;0;CZ;L699
4;18;079;079154;79154;Verzino;Verzino;;Sud;Calabria;Catanzaro;1;0;0;CZ;L802
4;18;079;079155;79155;Vibo Valentia;Vibo Valentia;;Sud;Calabria;Catanzaro;1;0;0;CZ;F537
4;18;079;079156;79156;Zaccanopoli;Zaccanopoli;;Sud;Calabria;Catanzaro;1;0;0;CZ;M138
4;18;079;079157;79157;Zagarise;Zagarise;;Sud;Calabria;Catanzaro;1;0;0;CZ;M140
4;18;079;079158;79158;Zambrone;Zambrone;;Sud;Calabria;Catanzaro;1;0;0;CZ;M143
4;18;079;079159;79159;Zungri;Zungri;;Sud;Calabria;Catanzaro;1;0;0;CZ;M204
4;18;080;080001;80001;Africo;Africo;;Sud;Calabria;Reggio di Calabria;1;0;0;RC;A065
4;18;080;080002;80002;Agnana Calabra;Agnana Calabra;;Sud;Calabria;Reggio di Calabria;1;0;0;RC;A077
4;18;080;080003;80003;Anoia;Anoia;;Sud;Calabria;Reggio di Calabria;1;0;0;RC;A303
4;18;080;080004;80004;Antonimina;Antonimina;;Sud;Calabria;Reggio di Calabria;1;0;0;RC;A314
4;18;080;080005;80005;Ardore;Ardore;;Sud;Calabria;Reggio di Calabria;1;0;0;RC;A385
4;18;080;080006;80006;Bagaladi;Bagaladi;;Sud;Calabria;Reggio di Calabria;1;0;0;RC;A544
4;18;080;080007;80007;Bagnara Calabra;Bagnara Calabra;;Sud;Calabria;Reggio di Calabria;1;0;0;RC;A552
4;18;080;080008;80008;Benestare;Benestare;;Sud;Calabria;Reggio di Calabria;1;0;0;RC;A780
4;18;080;080009;80009;Bianco;Bianco;;Sud;Calabria;Reggio di Calabria;1;0;0;RC;A843
4;18;080;080010;80010;Bivongi;Bivongi;;Sud;Calabria;Reggio di Calabria;1;0;0;RC;A897
4;18;080;080011;80011;Bova;Bova;;Sud;Calabria;Reggio di Calabria;1;0;0;RC;B097
4;18;080;080012;80012;Bovalino;Bovalino;;Sud;Calabria;Reggio di Calabria;1;0;0;RC;B098
4;18;080;080013;80013;Bova Marina;Bova Marina;;Sud;Calabria;Reggio di Calabria;1;0;0;RC;B099
4;18;080;080014;80014;Brancaleone;Brancaleone;;Sud;Calabria;Reggio di Calabria;1;0;0;RC;B118
4;18;080;080015;80015;Bruzzano Zeffirio;Bruzzano Zeffirio;;Sud;Calabria;Reggio di Calabria;1;0;0;RC;B234
4;18;080;080016;80016;Calanna;Calanna;;Sud;Calabria;Reggio di Calabria;1;0;0;RC;B379
4;18;080;080017;80017;Camini;Camini;;Sud;Calabria;Reggio di Calabria;1;0;0;RC;B481
4;18;080;080018;80018;Campo Calabro;Campo Calabro;;Sud;Calabria;Reggio di Calabria;1;0;0;RC;B516
4;18;080;080019;80019;Candidoni;Candidoni;;Sud;Calabria;Reggio di Calabria;1;0;0;RC;B591
4;18;080;080020;80020;Canolo;Canolo;;Sud;Calabria;Reggio di Calabria;1;0;0;RC;B617
4;18;080;080021;80021;Caraffa del Bianco;Caraffa del Bianco;;Sud;Calabria;Reggio di Calabria;1;0;0;RC;B718
4;18;080;080022;80022;Cardeto;Cardeto;;Sud;Calabria;Reggio di Calabria;1;0;0;RC;B756
4;18;080;080023;80023;Careri;Careri;;Sud;Calabria;Reggio di Calabria;1;0;0;RC;B766
4;18;080;080024;80024;Casignana;Casignana;;Sud;Calabria;Reggio di Calabria;1;0;0;RC;B966
4;18;080;080025;80025;Caulonia;Caulonia;;Sud;Calabria;Reggio di Calabria;1;0;0;RC;C285
4;18;080;080026;80026;Ciminà;Ciminà;;Sud;Calabria;Reggio di Calabria;1;0;0;RC;C695
4;18;080;080027;80027;Cinquefrondi;Cinquefrondi;;Sud;Calabria;Reggio di Calabria;1;0;0;RC;C710
4;18;080;080028;80028;Cittanova;Cittanova;;Sud;Calabria;Reggio di Calabria;1;0;0;RC;C747
4;18;080;080029;80029;Condofuri;Condofuri;;Sud;Calabria;Reggio di Calabria;1;0;0;RC;C954
4;18;080;080030;80030;Cosoleto;Cosoleto;;Sud;Calabria;Reggio di Calabria;1;0;0;RC;D089
4;18;080;080031;80031;Delianuova;Delianuova;;Sud;Calabria;Reggio di Calabria;1;0;0;RC;D268
4;18;080;080032;80032;Feroleto della Chiesa;Feroleto della Chiesa;;Sud;Calabria;Reggio di Calabria;1;0;0;RC;D545
4;18;080;080033;80033;Ferruzzano;Ferruzzano;;Sud;Calabria;Reggio di Calabria;1;0;0;RC;D557
4;18;080;080034;80034;Fiumara;Fiumara;;Sud;Calabria;Reggio di Calabria;1;0;0;RC;D619
4;18;080;080035;80035;Galatro;Galatro;;Sud;Calabria;Reggio di Calabria;1;0;0;RC;D864
4;18;080;080036;80036;Gerace;Gerace;;Sud;Calabria;Reggio di Calabria;1;0;0;RC;D975
4;18;080;080037;80037;Giffone;Giffone;;Sud;Calabria;Reggio di Calabria;1;0;0;RC;E025
4;18;080;080038;80038;Gioia Tauro;Gioia Tauro;;Sud;Calabria;Reggio di Calabria;1;0;0;RC;E041
4;18;080;080039;80039;Gioiosa Ionica;Gioiosa Ionica;;Sud;Calabria;Reggio di Calabria;1;0;0;RC;E044
4;18;080;080040;80040;Grotteria;Grotteria;;Sud;Calabria;Reggio di Calabria;1;0;0;RC;E212
4;18;080;080041;80041;Laganadi;Laganadi;;Sud;Calabria;Reggio di Calabria;1;0;0;RC;E402
4;18;080;080042;80042;Laureana di Borrello;Laureana di Borrello;;Sud;Calabria;Reggio di Calabria;1;0;0;RC;E479
4;18;080;080043;80043;Locri;Locri;;Sud;Calabria;Reggio di Calabria;1;0;0;RC;D976
4;18;080;080044;80044;Mammola;Mammola;;Sud;Calabria;Reggio di Calabria;1;0;0;RC;E873
4;18;080;080045;80045;Marina di Gioiosa Ionica;Marina di Gioiosa Ionica;;Sud;Calabria;Reggio di Calabria;1;0;0;RC;E956
4;18;080;080046;80046;Maropati;Maropati;;Sud;Calabria;Reggio di Calabria;1;0;0;RC;E968
4;18;080;080047;80047;Martone;Martone;;Sud;Calabria;Reggio di Calabria;1;0;0;RC;E993
4;18;080;080048;80048;Melicuccà;Melicuccà;;Sud;Calabria;Reggio di Calabria;1;0;0;RC;F105
4;18;080;080049;80049;Melicucco;Melicucco;;Sud;Calabria;Reggio di Calabria;1;0;0;RC;F106
4;18;080;080050;80050;Melito di Porto Salvo;Melito di Porto Salvo;;Sud;Calabria;Reggio di Calabria;1;0;0;RC;F112
4;18;080;080051;80051;Molochio;Molochio;;Sud;Calabria;Reggio di Calabria;1;0;0;RC;F301
4;18;080;080052;80052;Monasterace;Monasterace;;Sud;Calabria;Reggio di Calabria;1;0;0;RC;F324
4;18;080;080053;80053;Montebello Jonico;Montebello Jonico;;Sud;Calabria;Reggio di Calabria;1;0;0;RC;D746
4;18;080;080054;80054;Motta San Giovanni;Motta San Giovanni;;Sud;Calabria;Reggio di Calabria;1;0;0;RC;F779
4;18;080;080055;80055;Oppido Mamertina;Oppido Mamertina;;Sud;Calabria;Reggio di Calabria;1;0;0;RC;G082
4;18;080;080056;80056;Palizzi;Palizzi;;Sud;Calabria;Reggio di Calabria;1;0;0;RC;G277
4;18;080;080057;80057;Palmi;Palmi;;Sud;Calabria;Reggio di Calabria;1;0;0;RC;G288
4;18;080;080058;80058;Pazzano;Pazzano;;Sud;Calabria;Reggio di Calabria;1;0;0;RC;G394
4;18;080;080059;80059;Placanica;Placanica;;Sud;Calabria;Reggio di Calabria;1;0;0;RC;G729
4;18;080;080060;80060;Platì;Platì;;Sud;Calabria;Reggio di Calabria;1;0;0;RC;G735
4;18;080;080061;80061;Polistena;Polistena;;Sud;Calabria;Reggio di Calabria;1;0;0;RC;G791
4;18;080;080062;80062;Portigliola;Portigliola;;Sud;Calabria;Reggio di Calabria;1;0;0;RC;G905
4;18;080;080063;80063;Reggio di Calabria;Reggio di Calabria;;Sud;Calabria;Reggio di Calabria;1;0;1;RC;H224
4;18;080;080064;80064;Riace;Riace;;Sud;Calabria;Reggio di Calabria;1;0;0;RC;H265
4;18;080;080065;80065;Rizziconi;Rizziconi;;Sud;Calabria;Reggio di Calabria;1;0;0;RC;H359
4;18;080;080066;80066;Roccaforte del Greco;Roccaforte del Greco;;Sud;Calabria;Reggio di Calabria;1;0;0;RC;H408
4;18;080;080067;80067;Roccella Ionica;Roccella Ionica;;Sud;Calabria;Reggio di Calabria;1;0;0;RC;H456
4;18;080;080068;80068;Roghudi;Roghudi;;Sud;Calabria;Reggio di Calabria;1;0;0;RC;H489
4;18;080;080069;80069;Rosarno;Rosarno;;Sud;Calabria;Reggio di Calabria;1;0;0;RC;H558
4;18;080;080070;80070;Samo;Samo;;Sud;Calabria;Reggio di Calabria;1;0;0;RC;H013
4;18;080;080071;80071;San Giorgio Morgeto;San Giorgio Morgeto;;Sud;Calabria;Reggio di Calabria;1;0;0;RC;H889
4;18;080;080072;80072;San Giovanni di Gerace;San Giovanni di Gerace;;Sud;Calabria;Reggio di Calabria;1;0;0;RC;H903
4;18;080;080073;80073;San Lorenzo;San Lorenzo;;Sud;Calabria;Reggio di Calabria;1;0;0;RC;H959
4;18;080;080074;80074;San Luca;San Luca;;Sud;Calabria;Reggio di Calabria;1;0;0;RC;H970
4;18;080;080075;80075;San Pietro di Caridà;San Pietro di Caridà;;Sud;Calabria;Reggio di Calabria;1;0;0;RC;I102
4;18;080;080076;80076;San Procopio;San Procopio;;Sud;Calabria;Reggio di Calabria;1;0;0;RC;I132
4;18;080;080077;80077;San Roberto;San Roberto;;Sud;Calabria;Reggio di Calabria;1;0;0;RC;I139
4;18;080;080078;80078;Santa Cristina d'Aspromonte;Santa Cristina d'Aspromonte;;Sud;Calabria;Reggio di Calabria;1;0;0;RC;I176
4;18;080;080079;80079;Sant'Agata del Bianco;Sant'Agata del Bianco;;Sud;Calabria;Reggio di Calabria;1;0;0;RC;I198
4;18;080;080080;80080;Sant'Alessio in Aspromonte;Sant'Alessio in Aspromonte;;Sud;Calabria;Reggio di Calabria;1;0;0;RC;I214
4;18;080;080081;80081;Sant'Eufemia d'Aspromonte;Sant'Eufemia d'Aspromonte;;Sud;Calabria;Reggio di Calabria;1;0;0;RC;I333
4;18;080;080082;80082;Sant'Ilario dello Ionio;Sant'Ilario dello Ionio;;Sud;Calabria;Reggio di Calabria;1;0;0;RC;I341
4;18;080;080083;80083;Santo Stefano in Aspromonte;Santo Stefano in Aspromonte;;Sud;Calabria;Reggio di Calabria;1;0;0;RC;I371
4;18;080;080084;80084;Scido;Scido;;Sud;Calabria;Reggio di Calabria;1;0;0;RC;I536
4;18;080;080085;80085;Scilla;Scilla;;Sud;Calabria;Reggio di Calabria;1;0;0;RC;I537
4;18;080;080086;80086;Seminara;Seminara;;Sud;Calabria;Reggio di Calabria;1;0;0;RC;I600
4;18;080;080087;80087;Serrata;Serrata;;Sud;Calabria;Reggio di Calabria;1;0;0;RC;I656
4;18;080;080088;80088;Siderno;Siderno;;Sud;Calabria;Reggio di Calabria;1;0;0;RC;I725
4;18;080;080089;80089;Sinopoli;Sinopoli;;Sud;Calabria;Reggio di Calabria;1;0;0;RC;I753
4;18;080;080090;80090;Staiti;Staiti;;Sud;Calabria;Reggio di Calabria;1;0;0;RC;I936
4;18;080;080091;80091;Stignano;Stignano;;Sud;Calabria;Reggio di Calabria;1;0;0;RC;I955
4;18;080;080092;80092;Stilo;Stilo;;Sud;Calabria;Reggio di Calabria;1;0;0;RC;I956
4;18;080;080093;80093;Taurianova;Taurianova;;Sud;Calabria;Reggio di Calabria;1;0;0;RC;L063
4;18;080;080094;80094;Terranova Sappo Minulio;Terranova Sappo Minulio;;Sud;Calabria;Reggio di Calabria;1;0;0;RC;L127
4;18;080;080095;80095;Varapodio;Varapodio;;Sud;Calabria;Reggio di Calabria;1;0;0;RC;L673
4;18;080;080096;80096;Villa San Giovanni;Villa San Giovanni;;Sud;Calabria;Reggio di Calabria;1;0;0;RC;M018
5;19;081;081001;81001;Alcamo;Alcamo;;Isole;Sicilia;Trapani;1;0;0;TP;A176
5;19;081;081002;81002;Buseto Palizzolo;Buseto Palizzolo;;Isole;Sicilia;Trapani;1;0;0;TP;B288
5;19;081;081003;81003;Calatafimi;Calatafimi;;Isole;Sicilia;Trapani;1;0;0;TP;B385
5;19;081;081004;81004;Campobello di Mazara;Campobello di Mazara;;Isole;Sicilia;Trapani;1;0;0;TP;B521
5;19;081;081005;81005;Castellammare del Golfo;Castellammare del Golfo;;Isole;Sicilia;Trapani;1;0;0;TP;C130
5;19;081;081006;81006;Castelvetrano;Castelvetrano;;Isole;Sicilia;Trapani;1;0;0;TP;C286
5;19;081;081007;81007;Custonaci;Custonaci;;Isole;Sicilia;Trapani;1;0;0;TP;D234
5;19;081;081008;81008;Erice;Erice;;Isole;Sicilia;Trapani;1;0;0;TP;D423
5;19;081;081009;81009;Favignana;Favignana;;Isole;Sicilia;Trapani;1;0;0;TP;D518
5;19;081;081010;81010;Gibellina;Gibellina;;Isole;Sicilia;Trapani;1;0;0;TP;E023
5;19;081;081011;81011;Marsala;Marsala;;Isole;Sicilia;Trapani;1;0;0;TP;E974
5;19;081;081012;81012;Mazara del Vallo;Mazara del Vallo;;Isole;Sicilia;Trapani;1;0;0;TP;F061
5;19;081;081013;81013;Paceco;Paceco;;Isole;Sicilia;Trapani;1;0;0;TP;G208
5;19;081;081014;81014;Pantelleria;Pantelleria;;Isole;Sicilia;Trapani;1;0;0;TP;G315
5;19;081;081015;81015;Partanna;Partanna;;Isole;Sicilia;Trapani;1;0;0;TP;G347
5;19;081;081016;81016;Poggioreale;Poggioreale;;Isole;Sicilia;Trapani;1;0;0;TP;G767
5;19;081;081017;81017;Salaparuta;Salaparuta;;Isole;Sicilia;Trapani;1;0;0;TP;H688
5;19;081;081018;81018;Salemi;Salemi;;Isole;Sicilia;Trapani;1;0;0;TP;H700
5;19;081;081019;81019;Santa Ninfa;Santa Ninfa;;Isole;Sicilia;Trapani;1;0;0;TP;I291
5;19;081;081020;81020;San Vito Lo Capo;San Vito Lo Capo;;Isole;Sicilia;Trapani;1;0;0;TP;I407
5;19;081;081021;81021;Trapani;Trapani;;Isole;Sicilia;Trapani;1;0;1;TP;L331
5;19;081;081022;81022;Valderice;Valderice;;Isole;Sicilia;Trapani;1;0;0;TP;G319
5;19;081;081023;81023;Vita;Vita;;Isole;Sicilia;Trapani;1;0;0;TP;M081
5;19;082;082001;82001;Alia;Alia;;Isole;Sicilia;Palermo;1;0;0;PA;A195
5;19;082;082002;82002;Alimena;Alimena;;Isole;Sicilia;Palermo;1;0;0;PA;A202
5;19;082;082003;82003;Aliminusa;Aliminusa;;Isole;Sicilia;Palermo;1;0;0;PA;A203
5;19;082;082004;82004;Altavilla Milicia;Altavilla Milicia;;Isole;Sicilia;Palermo;1;0;0;PA;A229
5;19;082;082005;82005;Altofonte;Altofonte;;Isole;Sicilia;Palermo;1;0;0;PA;A239
5;19;082;082006;82006;Bagheria;Bagheria;;Isole;Sicilia;Palermo;1;0;0;PA;A546
5;19;082;082007;82007;Balestrate;Balestrate;;Isole;Sicilia;Palermo;1;0;0;PA;A592
5;19;082;082008;82008;Baucina;Baucina;;Isole;Sicilia;Palermo;1;0;0;PA;A719
5;19;082;082009;82009;Belmonte Mezzagno;Belmonte Mezzagno;;Isole;Sicilia;Palermo;1;0;0;PA;A764
5;19;082;082010;82010;Bisacquino;Bisacquino;;Isole;Sicilia;Palermo;1;0;0;PA;A882
5;19;082;082011;82011;Bolognetta;Bolognetta;;Isole;Sicilia;Palermo;1;0;0;PA;A946
5;19;082;082012;82012;Bompietro;Bompietro;;Isole;Sicilia;Palermo;1;0;0;PA;A958
5;19;082;082013;82013;Borgetto;Borgetto;;Isole;Sicilia;Palermo;1;0;0;PA;A991
5;19;082;082014;82014;Caccamo;Caccamo;;Isole;Sicilia;Palermo;1;0;0;PA;B315
5;19;082;082015;82015;Caltavuturo;Caltavuturo;;Isole;Sicilia;Palermo;1;0;0;PA;B430
5;19;082;082016;82016;Campofelice di Fitalia;Campofelice di Fitalia;;Isole;Sicilia;Palermo;1;0;0;PA;B533
5;19;082;082017;82017;Campofelice di Roccella;Campofelice di Roccella;;Isole;Sicilia;Palermo;1;0;0;PA;B532
5;19;082;082018;82018;Campofiorito;Campofiorito;;Isole;Sicilia;Palermo;1;0;0;PA;B535
5;19;082;082019;82019;Camporeale;Camporeale;;Isole;Sicilia;Palermo;1;0;0;PA;B556
5;19;082;082020;82020;Capaci;Capaci;;Isole;Sicilia;Palermo;1;0;0;PA;B645
5;19;082;082021;82021;Carini;Carini;;Isole;Sicilia;Palermo;1;0;0;PA;B780
5;19;082;082022;82022;Castelbuono;Castelbuono;;Isole;Sicilia;Palermo;1;0;0;PA;C067
5;19;082;082023;82023;Casteldaccia;Casteldaccia;;Isole;Sicilia;Palermo;1;0;0;PA;C074
5;19;082;082024;82024;Castellana Sicula;Castellana Sicula;;Isole;Sicilia;Palermo;1;0;0;PA;C135
5;19;082;082025;82025;Castronovo di Sicilia;Castronovo di Sicilia;;Isole;Sicilia;Palermo;1;0;0;PA;C344
5;19;082;082026;82026;Cefalà Diana;Cefalà Diana;;Isole;Sicilia;Palermo;1;0;0;PA;C420
5;19;082;082027;82027;Cefalù;Cefalù;;Isole;Sicilia;Palermo;1;0;0;PA;C421
5;19;082;082028;82028;Cerda;Cerda;;Isole;Sicilia;Palermo;1;0;0;PA;C496
5;19;082;082029;82029;Chiusa Sclafani;Chiusa Sclafani;;Isole;Sicilia;Palermo;1;0;0;PA;C654
5;19;082;082030;82030;Ciminna;Ciminna;;Isole;Sicilia;Palermo;1;0;0;PA;C696
5;19;082;082031;82031;Cinisi;Cinisi;;Isole;Sicilia;Palermo;1;0;0;PA;C708
5;19;082;082032;82032;Collesano;Collesano;;Isole;Sicilia;Palermo;1;0;0;PA;C871
5;19;082;082033;82033;Contessa Entellina;Contessa Entellina;;Isole;Sicilia;Palermo;1;0;0;PA;C968
5;19;082;082034;82034;Corleone;Corleone;;Isole;Sicilia;Palermo;1;0;0;PA;D009
5;19;082;082035;82035;Ficarazzi;Ficarazzi;;Isole;Sicilia;Palermo;1;0;0;PA;D567
5;19;082;082036;82036;Gangi;Gangi;;Isole;Sicilia;Palermo;1;0;0;PA;D907
5;19;082;082037;82037;Geraci Siculo;Geraci Siculo;;Isole;Sicilia;Palermo;1;0;0;PA;D977
5;19;082;082038;82038;Giardinello;Giardinello;;Isole;Sicilia;Palermo;1;0;0;PA;E013
5;19;082;082039;82039;Giuliana;Giuliana;;Isole;Sicilia;Palermo;1;0;0;PA;E055
5;19;082;082040;82040;Godrano;Godrano;;Isole;Sicilia;Palermo;1;0;0;PA;E074
5;19;082;082041;82041;Gratteri;Gratteri;;Isole;Sicilia;Palermo;1;0;0;PA;E149
5;19;082;082042;82042;Isnello;Isnello;;Isole;Sicilia;Palermo;1;0;0;PA;E337
5;19;082;082043;82043;Isola delle Femmine;Isola delle Femmine;;Isole;Sicilia;Palermo;1;0;0;PA;E350
5;19;082;082044;82044;Lascari;Lascari;;Isole;Sicilia;Palermo;1;0;0;PA;E459
5;19;082;082045;82045;Lercara Friddi;Lercara Friddi;;Isole;Sicilia;Palermo;1;0;0;PA;E541
5;19;082;082046;82046;Marineo;Marineo;;Isole;Sicilia;Palermo;1;0;0;PA;E957
5;19;082;082047;82047;Mezzojuso;Mezzojuso;;Isole;Sicilia;Palermo;1;0;0;PA;F184
5;19;082;082048;82048;Misilmeri;Misilmeri;;Isole;Sicilia;Palermo;1;0;0;PA;F246
5;19;082;082049;82049;Monreale;Monreale;;Isole;Sicilia;Palermo;1;0;0;PA;F377
5;19;082;082050;82050;Montelepre;Montelepre;;Isole;Sicilia;Palermo;1;0;0;PA;F544
5;19;082;082051;82051;Montemaggiore Belsito;Montemaggiore Belsito;;Isole;Sicilia;Palermo;1;0;0;PA;F553
5;19;082;082052;82052;Palazzo Adriano;Palazzo Adriano;;Isole;Sicilia;Palermo;1;0;0;PA;G263
5;19;082;082053;82053;Palermo;Palermo;;Isole;Sicilia;Palermo;1;1;1;PA;G273
5;19;082;082054;82054;Partinico;Partinico;;Isole;Sicilia;Palermo;1;0;0;PA;G348
5;19;082;082055;82055;Petralia Soprana;Petralia Soprana;;Isole;Sicilia;Palermo;1;0;0;PA;G510
5;19;082;082056;82056;Petralia Sottana;Petralia Sottana;;Isole;Sicilia;Palermo;1;0;0;PA;G511
5;19;082;082057;82057;Piana degli Albanesi;Piana degli Albanesi;;Isole;Sicilia;Palermo;1;0;0;PA;G543
5;19;082;082058;82058;Polizzi Generosa;Polizzi Generosa;;Isole;Sicilia;Palermo;1;0;0;PA;G792
5;19;082;082059;82059;Pollina;Pollina;;Isole;Sicilia;Palermo;1;0;0;PA;G797
5;19;082;082060;82060;Prizzi;Prizzi;;Isole;Sicilia;Palermo;1;0;0;PA;H070
5;19;082;082061;82061;Roccamena;Roccamena;;Isole;Sicilia;Palermo;1;0;0;PA;H422
5;19;082;082062;82062;Roccapalumba;Roccapalumba;;Isole;Sicilia;Palermo;1;0;0;PA;H428
5;19;082;082063;82063;San Cipirello;San Cipirello;;Isole;Sicilia;Palermo;1;0;0;PA;H797
5;19;082;082064;82064;San Giuseppe Jato;San Giuseppe Jato;;Isole;Sicilia;Palermo;1;0;0;PA;H933
5;19;082;082065;82065;San Mauro Castelverde;San Mauro Castelverde;;Isole;Sicilia;Palermo;1;0;0;PA;I028
5;19;082;082066;82066;Santa Cristina Gela;Santa Cristina Gela;;Isole;Sicilia;Palermo;1;0;0;PA;I174
5;19;082;082067;82067;Santa Flavia;Santa Flavia;;Isole;Sicilia;Palermo;1;0;0;PA;I188
5;19;082;082068;82068;Sciara;Sciara;;Isole;Sicilia;Palermo;1;0;0;PA;I534
5;19;082;082069;82069;Sclafani Bagni;Sclafani Bagni;;Isole;Sicilia;Palermo;1;0;0;PA;I541
5;19;082;082070;82070;Termini Imerese;Termini Imerese;;Isole;Sicilia;Palermo;1;0;0;PA;L112
5;19;082;082071;82071;Terrasini;Terrasini;;Isole;Sicilia;Palermo;1;0;0;PA;L131
5;19;082;082072;82072;Torretta;Torretta;;Isole;Sicilia;Palermo;1;0;0;PA;L282
5;19;082;082073;82073;Trabia;Trabia;;Isole;Sicilia;Palermo;1;0;0;PA;L317
5;19;082;082074;82074;Trappeto;Trappeto;;Isole;Sicilia;Palermo;1;0;0;PA;L332
5;19;082;082075;82075;Ustica;Ustica;;Isole;Sicilia;Palermo;1;0;0;PA;L519
5;19;082;082076;82076;Valledolmo;Valledolmo;;Isole;Sicilia;Palermo;1;0;0;PA;L603
5;19;082;082077;82077;Ventimiglia di Sicilia;Ventimiglia di Sicilia;;Isole;Sicilia;Palermo;1;0;0;PA;L740
5;19;082;082078;82078;Vicari;Vicari;;Isole;Sicilia;Palermo;1;0;0;PA;L837
5;19;082;082079;82079;Villabate;Villabate;;Isole;Sicilia;Palermo;1;0;0;PA;L916
5;19;082;082080;82080;Villafrati;Villafrati;;Isole;Sicilia;Palermo;1;0;0;PA;L951
5;19;082;082081;82081;Scillato;Scillato;;Isole;Sicilia;Palermo;1;0;0;PA;I538
5;19;083;083001;83001;Alcara li Fusi;Alcara li Fusi;;Isole;Sicilia;Messina;1;0;0;ME;A177
5;19;083;083002;83002;Alì;Alì;;Isole;Sicilia;Messina;1;0;0;ME;A194
5;19;083;083003;83003;Alì Terme;Alì Terme;;Isole;Sicilia;Messina;1;0;0;ME;A201
5;19;083;083004;83004;Antillo;Antillo;;Isole;Sicilia;Messina;1;0;0;ME;A313
5;19;083;083005;83005;Barcellona Pozzo di Gotto;Barcellona Pozzo di Gotto;;Isole;Sicilia;Messina;1;0;0;ME;A638
5;19;083;083006;83006;Basicò;Basicò;;Isole;Sicilia;Messina;1;0;0;ME;A698
5;19;083;083007;83007;Brolo;Brolo;;Isole;Sicilia;Messina;1;0;0;ME;B198
5;19;083;083008;83008;Capizzi;Capizzi;;Isole;Sicilia;Messina;1;0;0;ME;B660
5;19;083;083009;83009;Capo d'Orlando;Capo d'Orlando;;Isole;Sicilia;Messina;1;0;0;ME;B666
5;19;083;083010;83010;Capri Leone;Capri Leone;;Isole;Sicilia;Messina;1;0;0;ME;B695
5;19;083;083011;83011;Caronia;Caronia;;Isole;Sicilia;Messina;1;0;0;ME;B804
5;19;083;083012;83012;Casalvecchio Siculo;Casalvecchio Siculo;;Isole;Sicilia;Messina;1;0;0;ME;B918
5;19;083;083013;83013;Castel di Lucio;Castel di Lucio;;Isole;Sicilia;Messina;1;0;0;ME;C094
5;19;083;083014;83014;Castell'Umberto;Castell'Umberto;;Isole;Sicilia;Messina;1;0;0;ME;C051
5;19;083;083015;83015;Castelmola;Castelmola;;Isole;Sicilia;Messina;1;0;0;ME;C210
5;19;083;083016;83016;Castroreale;Castroreale;;Isole;Sicilia;Messina;1;0;0;ME;C347
5;19;083;083017;83017;Cesarò;Cesarò;;Isole;Sicilia;Messina;1;0;0;ME;C568
5;19;083;083018;83018;Condrò;Condrò;;Isole;Sicilia;Messina;1;0;0;ME;C956
5;19;083;083019;83019;Falcone;Falcone;;Isole;Sicilia;Messina;1;0;0;ME;D474
5;19;083;083020;83020;Ficarra;Ficarra;;Isole;Sicilia;Messina;1;0;0;ME;D569
5;19;083;083021;83021;Fiumedinisi;Fiumedinisi;;Isole;Sicilia;Messina;1;0;0;ME;D622
5;19;083;083022;83022;Floresta;Floresta;;Isole;Sicilia;Messina;1;0;0;ME;D635
5;19;083;083023;83023;Fondachelli-Fantina;Fondachelli-Fantina;;Isole;Sicilia;Messina;1;0;0;ME;D661
5;19;083;083024;83024;Forza d'Agrò;Forza d'Agrò;;Isole;Sicilia;Messina;1;0;0;ME;D733
5;19;083;083025;83025;Francavilla di Sicilia;Francavilla di Sicilia;;Isole;Sicilia;Messina;1;0;0;ME;D765
5;19;083;083026;83026;Frazzanò;Frazzanò;;Isole;Sicilia;Messina;1;0;0;ME;D793
5;19;083;083027;83027;Furci Siculo;Furci Siculo;;Isole;Sicilia;Messina;1;0;0;ME;D824
5;19;083;083028;83028;Furnari;Furnari;;Isole;Sicilia;Messina;1;0;0;ME;D825
5;19;083;083029;83029;Gaggi;Gaggi;;Isole;Sicilia;Messina;1;0;0;ME;D844
5;19;083;083030;83030;Galati Mamertino;Galati Mamertino;;Isole;Sicilia;Messina;1;0;0;ME;D861
5;19;083;083031;83031;Gallodoro;Gallodoro;;Isole;Sicilia;Messina;1;0;0;ME;D885
5;19;083;083032;83032;Giardini;Giardini;;Isole;Sicilia;Messina;1;0;0;ME;E014
5;19;083;083033;83033;Gioiosa Marea;Gioiosa Marea;;Isole;Sicilia;Messina;1;0;0;ME;E043
5;19;083;083034;83034;Graniti;Graniti;;Isole;Sicilia;Messina;1;0;0;ME;E142
5;19;083;083035;83035;Gualtieri Sicaminò;Gualtieri Sicaminò;;Isole;Sicilia;Messina;1;0;0;ME;E233
5;19;083;083036;83036;Itala;Itala;;Isole;Sicilia;Messina;1;0;0;ME;E374
5;19;083;083037;83037;Leni;Leni;;Isole;Sicilia;Messina;1;0;0;ME;E523
5;19;083;083038;83038;Letojanni;Letojanni;;Isole;Sicilia;Messina;1;0;0;ME;E555
5;19;083;083039;83039;Librizzi;Librizzi;;Isole;Sicilia;Messina;1;0;0;ME;E571
5;19;083;083040;83040;Limina;Limina;;Isole;Sicilia;Messina;1;0;0;ME;E594
5;19;083;083041;83041;Lipari;Lipari;;Isole;Sicilia;Messina;1;0;0;ME;E606
5;19;083;083042;83042;Longi;Longi;;Isole;Sicilia;Messina;1;0;0;ME;E674
5;19;083;083043;83043;Malfa;Malfa;;Isole;Sicilia;Messina;1;0;0;ME;E855
5;19;083;083044;83044;Malvagna;Malvagna;;Isole;Sicilia;Messina;1;0;0;ME;E869
5;19;083;083045;83045;Mandanici;Mandanici;;Isole;Sicilia;Messina;1;0;0;ME;E876
5;19;083;083046;83046;Mazzarrà Sant'Andrea;Mazzarrà Sant'Andrea;;Isole;Sicilia;Messina;1;0;0;ME;F066
5;19;083;083047;83047;Merì;Merì;;Isole;Sicilia;Messina;1;0;0;ME;F147
5;19;083;083048;83048;Messina;Messina;;Isole;Sicilia;Messina;1;0;1;ME;F158
5;19;083;083049;83049;Milazzo;Milazzo;;Isole;Sicilia;Messina;1;0;0;ME;F206
5;19;083;083050;83050;Militello Rosmarino;Militello Rosmarino;;Isole;Sicilia;Messina;1;0;0;ME;F210
5;19;083;083051;83051;Mirto;Mirto;;Isole;Sicilia;Messina;1;0;0;ME;F242
5;19;083;083052;83052;Mistretta;Mistretta;;Isole;Sicilia;Messina;1;0;0;ME;F251
5;19;083;083053;83053;Moio Alcantara;Moio Alcantara;;Isole;Sicilia;Messina;1;0;0;ME;F277
5;19;083;083054;83054;Monforte San Giorgio;Monforte San Giorgio;;Isole;Sicilia;Messina;1;0;0;ME;F359
5;19;083;083055;83055;Mongiuffi Melia;Mongiuffi Melia;;Isole;Sicilia;Messina;1;0;0;ME;F368
5;19;083;083056;83056;Montagnareale;Montagnareale;;Isole;Sicilia;Messina;1;0;0;ME;F395
5;19;083;083057;83057;Montalbano Elicona;Montalbano Elicona;;Isole;Sicilia;Messina;1;0;0;ME;F400
5;19;083;083058;83058;Motta Camastra;Motta Camastra;;Isole;Sicilia;Messina;1;0;0;ME;F772
5;19;083;083059;83059;Motta d'Affermo;Motta d'Affermo;;Isole;Sicilia;Messina;1;0;0;ME;F773
5;19;083;083060;83060;Naso;Naso;;Isole;Sicilia;Messina;1;0;0;ME;F848
5;19;083;083061;83061;Nizza di Sicilia;Nizza di Sicilia;;Isole;Sicilia;Messina;1;0;0;ME;F901
5;19;083;083062;83062;Novara di Sicilia;Novara di Sicilia;;Isole;Sicilia;Messina;1;0;0;ME;F951
5;19;083;083063;83063;Oliveri;Oliveri;;Isole;Sicilia;Messina;1;0;0;ME;G036
5;19;083;083064;83064;Pace del Mela;Pace del Mela;;Isole;Sicilia;Messina;1;0;0;ME;G209
5;19;083;083065;83065;Pagliara;Pagliara;;Isole;Sicilia;Messina;1;0;0;ME;G234
5;19;083;083066;83066;Patti;Patti;;Isole;Sicilia;Messina;1;0;0;ME;G377
5;19;083;083067;83067;Pettineo;Pettineo;;Isole;Sicilia;Messina;1;0;0;ME;G522
5;19;083;083068;83068;Piraino;Piraino;;Isole;Sicilia;Messina;1;0;0;ME;G699
5;19;083;083069;83069;Raccuja;Raccuja;;Isole;Sicilia;Messina;1;0;0;ME;H151
5;19;083;083070;83070;Reitano;Reitano;;Isole;Sicilia;Messina;1;0;0;ME;H228
5;19;083;083071;83071;Roccafiorita;Roccafiorita;;Isole;Sicilia;Messina;1;0;0;ME;H405
5;19;083;083072;83072;Roccalumera;Roccalumera;;Isole;Sicilia;Messina;1;0;0;ME;H418
5;19;083;083073;83073;Roccavaldina;Roccavaldina;;Isole;Sicilia;Messina;1;0;0;ME;H380
5;19;083;083074;83074;Roccella Valdemone;Roccella Valdemone;;Isole;Sicilia;Messina;1;0;0;ME;H455
5;19;083;083075;83075;Rodì Milici;Rodì Milici;;Isole;Sicilia;Messina;1;0;0;ME;H479
5;19;083;083076;83076;Rometta;Rometta;;Isole;Sicilia;Messina;1;0;0;ME;H519
5;19;083;083077;83077;San Filippo del Mela;San Filippo del Mela;;Isole;Sicilia;Messina;1;0;0;ME;H842
5;19;083;083078;83078;San Fratello;San Fratello;;Isole;Sicilia;Messina;1;0;0;ME;H850
5;19;083;083079;83079;San Marco d'Alunzio;San Marco d'Alunzio;;Isole;Sicilia;Messina;1;0;0;ME;H982
5;19;083;083080;83080;San Pier Niceto;San Pier Niceto;;Isole;Sicilia;Messina;1;0;0;ME;I084
5;19;083;083081;83081;San Piero Patti;San Piero Patti;;Isole;Sicilia;Messina;1;0;0;ME;I086
5;19;083;083082;83082;San Salvatore di Fitalia;San Salvatore di Fitalia;;Isole;Sicilia;Messina;1;0;0;ME;I147
5;19;083;083083;83083;Santa Domenica Vittoria;Santa Domenica Vittoria;;Isole;Sicilia;Messina;1;0;0;ME;I184
5;19;083;083084;83084;Sant'Agata di Militello;Sant'Agata di Militello;;Isole;Sicilia;Messina;1;0;0;ME;I199
5;19;083;083085;83085;Sant'Alessio Siculo;Sant'Alessio Siculo;;Isole;Sicilia;Messina;1;0;0;ME;I215
5;19;083;083086;83086;Santa Lucia del Mela;Santa Lucia del Mela;;Isole;Sicilia;Messina;1;0;0;ME;I220
5;19;083;083087;83087;Santa Marina Salina;Santa Marina Salina;;Isole;Sicilia;Messina;1;0;0;ME;I254
5;19;083;083088;83088;Sant'Angelo di Brolo;Sant'Angelo di Brolo;;Isole;Sicilia;Messina;1;0;0;ME;I283
5;19;083;083089;83089;Santa Teresa di Riva;Santa Teresa di Riva;;Isole;Sicilia;Messina;1;0;0;ME;I311
5;19;083;083090;83090;San Teodoro;San Teodoro;;Isole;Sicilia;Messina;1;0;0;ME;I328
5;19;083;083091;83091;Santo Stefano di Camastra;Santo Stefano di Camastra;;Isole;Sicilia;Messina;1;0;0;ME;I370
5;19;083;083092;83092;Saponara;Saponara;;Isole;Sicilia;Messina;1;0;0;ME;I420
5;19;083;083093;83093;Savoca;Savoca;;Isole;Sicilia;Messina;1;0;0;ME;I477
5;19;083;083094;83094;Scaletta Zanglea;Scaletta Zanglea;;Isole;Sicilia;Messina;1;0;0;ME;I492
5;19;083;083095;83095;Sinagra;Sinagra;;Isole;Sicilia;Messina;1;0;0;ME;I747
5;19;083;083096;83096;Spadafora;Spadafora;;Isole;Sicilia;Messina;1;0;0;ME;I881
5;19;083;083097;83097;Taormina;Taormina;;Isole;Sicilia;Messina;1;0;0;ME;L042
5;19;083;083098;83098;Torregrotta;Torregrotta;;Isole;Sicilia;Messina;1;0;0;ME;L271
5;19;083;083099;83099;Tortorici;Tortorici;;Isole;Sicilia;Messina;1;0;0;ME;L308
5;19;083;083100;83100;Tripi;Tripi;;Isole;Sicilia;Messina;1;0;0;ME;L431
5;19;083;083101;83101;Tusa;Tusa;;Isole;Sicilia;Messina;1;0;0;ME;L478
5;19;083;083102;83102;Ucria;Ucria;;Isole;Sicilia;Messina;1;0;0;ME;L482
5;19;083;083103;83103;Valdina;Valdina;;Isole;Sicilia;Messina;1;0;0;ME;L561
5;19;083;083104;83104;Venetico;Venetico;;Isole;Sicilia;Messina;1;0;0;ME;L735
5;19;083;083105;83105;Villafranca Tirrena;Villafranca Tirrena;;Isole;Sicilia;Messina;1;0;0;ME;L950
5;19;084;084001;84001;Agrigento;Agrigento;;Isole;Sicilia;Agrigento;1;0;1;AG;A089
5;19;084;084002;84002;Alessandria della Rocca;Alessandria della Rocca;;Isole;Sicilia;Agrigento;1;0;0;AG;A181
5;19;084;084003;84003;Aragona;Aragona;;Isole;Sicilia;Agrigento;1;0;0;AG;A351
5;19;084;084004;84004;Bivona;Bivona;;Isole;Sicilia;Agrigento;1;0;0;AG;A896
5;19;084;084005;84005;Burgio;Burgio;;Isole;Sicilia;Agrigento;1;0;0;AG;B275
5;19;084;084006;84006;Calamonaci;Calamonaci;;Isole;Sicilia;Agrigento;1;0;0;AG;B377
5;19;084;084007;84007;Caltabellotta;Caltabellotta;;Isole;Sicilia;Agrigento;1;0;0;AG;B427
5;19;084;084008;84008;Camastra;Camastra;;Isole;Sicilia;Agrigento;1;0;0;AG;B460
5;19;084;084009;84009;Cammarata;Cammarata;;Isole;Sicilia;Agrigento;1;0;0;AG;B486
5;19;084;084010;84010;Campobello di Licata;Campobello di Licata;;Isole;Sicilia;Agrigento;1;0;0;AG;B520
5;19;084;084011;84011;Canicattì;Canicattì;;Isole;Sicilia;Agrigento;1;0;0;AG;B602
5;19;084;084012;84012;Casteltermini;Casteltermini;;Isole;Sicilia;Agrigento;1;0;0;AG;C275
5;19;084;084013;84013;Castrofilippo;Castrofilippo;;Isole;Sicilia;Agrigento;1;0;0;AG;C341
5;19;084;084014;84014;Cattolica Eraclea;Cattolica Eraclea;;Isole;Sicilia;Agrigento;1;0;0;AG;C356
5;19;084;084015;84015;Cianciana;Cianciana;;Isole;Sicilia;Agrigento;1;0;0;AG;C668
5;19;084;084016;84016;Comitini;Comitini;;Isole;Sicilia;Agrigento;1;0;0;AG;C928
5;19;084;084017;84017;Favara;Favara;;Isole;Sicilia;Agrigento;1;0;0;AG;D514
5;19;084;084018;84018;Grotte;Grotte;;Isole;Sicilia;Agrigento;1;0;0;AG;E209
5;19;084;084019;84019;Joppolo Giancaxio;Joppolo Giancaxio;;Isole;Sicilia;Agrigento;1;0;0;AG;E390
5;19;084;084020;84020;Lampedusa e Linosa;Lampedusa e Linosa;;Isole;Sicilia;Agrigento;1;0;0;AG;E431
5;19;084;084021;84021;Licata;Licata;;Isole;Sicilia;Agrigento;1;0;0;AG;E573
5;19;084;084022;84022;Lucca Sicula;Lucca Sicula;;Isole;Sicilia;Agrigento;1;0;0;AG;E714
5;19;084;084023;84023;Menfi;Menfi;;Isole;Sicilia;Agrigento;1;0;0;AG;F126
5;19;084;084024;84024;Montallegro;Montallegro;;Isole;Sicilia;Agrigento;1;0;0;AG;F414
5;19;084;084025;84025;Montevago;Montevago;;Isole;Sicilia;Agrigento;1;0;0;AG;F655
5;19;084;084026;84026;Naro;Naro;;Isole;Sicilia;Agrigento;1;0;0;AG;F845
5;19;084;084027;84027;Palma di Montechiaro;Palma di Montechiaro;;Isole;Sicilia;Agrigento;1;0;0;AG;G282
5;19;084;084028;84028;Porto Empedocle;Porto Empedocle;;Isole;Sicilia;Agrigento;1;0;0;AG;F299
5;19;084;084029;84029;Racalmuto;Racalmuto;;Isole;Sicilia;Agrigento;1;0;0;AG;H148
5;19;084;084030;84030;Raffadali;Raffadali;;Isole;Sicilia;Agrigento;1;0;0;AG;H159
5;19;084;084031;84031;Ravanusa;Ravanusa;;Isole;Sicilia;Agrigento;1;0;0;AG;H194
5;19;084;084032;84032;Realmonte;Realmonte;;Isole;Sicilia;Agrigento;1;0;0;AG;H205
5;19;084;084033;84033;Ribera;Ribera;;Isole;Sicilia;Agrigento;1;0;0;AG;H269
5;19;084;084034;84034;Sambuca di Sicilia;Sambuca di Sicilia;;Isole;Sicilia;Agrigento;1;0;0;AG;H743
5;19;084;084035;84035;San Biagio Platani;San Biagio Platani;;Isole;Sicilia;Agrigento;1;0;0;AG;H778
5;19;084;084036;84036;San Giovanni Gemini;San Giovanni Gemini;;Isole;Sicilia;Agrigento;1;0;0;AG;H914
5;19;084;084037;84037;Santa Elisabetta;Santa Elisabetta;;Isole;Sicilia;Agrigento;1;0;0;AG;I185
5;19;084;084038;84038;Santa Margherita di Belice;Santa Margherita di Belice;;Isole;Sicilia;Agrigento;1;0;0;AG;I224
5;19;084;084039;84039;Sant'Angelo Muxaro;Sant'Angelo Muxaro;;Isole;Sicilia;Agrigento;1;0;0;AG;I290
5;19;084;084040;84040;Santo Stefano Quisquina;Santo Stefano Quisquina;;Isole;Sicilia;Agrigento;1;0;0;AG;I356
5;19;084;084041;84041;Sciacca;Sciacca;;Isole;Sicilia;Agrigento;1;0;0;AG;I533
5;19;084;084042;84042;Siculiana;Siculiana;;Isole;Sicilia;Agrigento;1;0;0;AG;I723
5;19;084;084043;84043;Villafranca Sicula;Villafranca Sicula;;Isole;Sicilia;Agrigento;1;0;0;AG;L944
5;19;085;085001;85001;Acquaviva Platani;Acquaviva Platani;;Isole;Sicilia;Caltanissetta;1;0;0;CL;A049
5;19;085;085002;85002;Bompensiere;Bompensiere;;Isole;Sicilia;Caltanissetta;1;0;0;CL;A957
5;19;085;085003;85003;Butera;Butera;;Isole;Sicilia;Caltanissetta;1;0;0;CL;B302
5;19;085;085004;85004;Caltanissetta;Caltanissetta;;Isole;Sicilia;Caltanissetta;1;0;1;CL;B429
5;19;085;085005;85005;Campofranco;Campofranco;;Isole;Sicilia;Caltanissetta;1;0;0;CL;B537
5;19;085;085006;85006;Delia;Delia;;Isole;Sicilia;Caltanissetta;1;0;0;CL;D267
5;19;085;085007;85007;Gela;Gela;;Isole;Sicilia;Caltanissetta;1;0;0;CL;D960
5;19;085;085008;85008;Marianopoli;Marianopoli;;Isole;Sicilia;Caltanissetta;1;0;0;CL;E953
5;19;085;085009;85009;Mazzarino;Mazzarino;;Isole;Sicilia;Caltanissetta;1;0;0;CL;F065
5;19;085;085010;85010;Milena;Milena;;Isole;Sicilia;Caltanissetta;1;0;0;CL;E618
5;19;085;085011;85011;Montedoro;Montedoro;;Isole;Sicilia;Caltanissetta;1;0;0;CL;F489
5;19;085;085012;85012;Mussomeli;Mussomeli;;Isole;Sicilia;Caltanissetta;1;0;0;CL;F830
5;19;085;085013;85013;Niscemi;Niscemi;;Isole;Sicilia;Caltanissetta;1;0;0;CL;F899
5;19;085;085014;85014;Resuttano;Resuttano;;Isole;Sicilia;Caltanissetta;1;0;0;CL;H245
5;19;085;085015;85015;Riesi;Riesi;;Isole;Sicilia;Caltanissetta;1;0;0;CL;H281
5;19;085;085016;85016;San Cataldo;San Cataldo;;Isole;Sicilia;Caltanissetta;1;0;0;CL;H792
5;19;085;085017;85017;Santa Caterina Villarmosa;Santa Caterina Villarmosa;;Isole;Sicilia;Caltanissetta;1;0;0;CL;I169
5;19;085;085018;85018;Serradifalco;Serradifalco;;Isole;Sicilia;Caltanissetta;1;0;0;CL;I644
5;19;085;085019;85019;Sommatino;Sommatino;;Isole;Sicilia;Caltanissetta;1;0;0;CL;I824
5;19;085;085020;85020;Sutera;Sutera;;Isole;Sicilia;Caltanissetta;1;0;0;CL;L016
5;19;085;085021;85021;Vallelunga Pratameno;Vallelunga Pratameno;;Isole;Sicilia;Caltanissetta;1;0;0;CL;L609
5;19;085;085022;85022;Villalba;Villalba;;Isole;Sicilia;Caltanissetta;1;0;0;CL;L959
5;19;086;086001;86001;Agira;Agira;;Isole;Sicilia;Enna;1;0;0;EN;A070
5;19;086;086002;86002;Aidone;Aidone;;Isole;Sicilia;Enna;1;0;0;EN;A098
5;19;086;086003;86003;Assoro;Assoro;;Isole;Sicilia;Enna;1;0;0;EN;A478
5;19;086;086004;86004;Barrafranca;Barrafranca;;Isole;Sicilia;Enna;1;0;0;EN;A676
5;19;086;086005;86005;Calascibetta;Calascibetta;;Isole;Sicilia;Enna;1;0;0;EN;B381
5;19;086;086006;86006;Catenanuova;Catenanuova;;Isole;Sicilia;Enna;1;0;0;EN;C353
5;19;086;086007;86007;Centuripe;Centuripe;;Isole;Sicilia;Enna;1;0;0;EN;C471
5;19;086;086008;86008;Cerami;Cerami;;Isole;Sicilia;Enna;1;0;0;EN;C480
5;19;086;086009;86009;Enna;Enna;;Isole;Sicilia;Enna;1;0;1;EN;C342
5;19;086;086010;86010;Gagliano Castelferrato;Gagliano Castelferrato;;Isole;Sicilia;Enna;1;0;0;EN;D849
5;19;086;086011;86011;Leonforte;Leonforte;;Isole;Sicilia;Enna;1;0;0;EN;E536
5;19;086;086012;86012;Nicosia;Nicosia;;Isole;Sicilia;Enna;1;0;0;EN;F892
5;19;086;086013;86013;Nissoria;Nissoria;;Isole;Sicilia;Enna;1;0;0;EN;F900
5;19;086;086014;86014;Piazza Armerina;Piazza Armerina;;Isole;Sicilia;Enna;1;0;0;EN;G580
5;19;086;086015;86015;Pietraperzia;Pietraperzia;;Isole;Sicilia;Enna;1;0;0;EN;G624
5;19;086;086016;86016;Regalbuto;Regalbuto;;Isole;Sicilia;Enna;1;0;0;EN;H221
5;19;086;086017;86017;Sperlinga;Sperlinga;;Isole;Sicilia;Enna;1;0;0;EN;I891
5;19;086;086018;86018;Troina;Troina;;Isole;Sicilia;Enna;1;0;0;EN;L448
5;19;086;086019;86019;Valguarnera Caropepe;Valguarnera Caropepe;;Isole;Sicilia;Enna;1;0;0;EN;L583
5;19;086;086020;86020;Villarosa;Villarosa;;Isole;Sicilia;Enna;1;0;0;EN;M011
5;19;087;087001;87001;Aci Bonaccorsi;Aci Bonaccorsi;;Isole;Sicilia;Catania;1;0;0;CT;A025
5;19;087;087002;87002;Aci Castello;Aci Castello;;Isole;Sicilia;Catania;1;0;0;CT;A026
5;19;087;087003;87003;Aci Catena;Aci Catena;;Isole;Sicilia;Catania;1;0;0;CT;A027
5;19;087;087004;87004;Acireale;Acireale;;Isole;Sicilia;Catania;1;0;0;CT;A028
5;19;087;087005;87005;Aci Sant'Antonio;Aci Sant'Antonio;;Isole;Sicilia;Catania;1;0;0;CT;A029
5;19;087;087006;87006;Adrano;Adrano;;Isole;Sicilia;Catania;1;0;0;CT;A056
5;19;087;087007;87007;Belpasso;Belpasso;;Isole;Sicilia;Catania;1;0;0;CT;A766
5;19;087;087008;87008;Biancavilla;Biancavilla;;Isole;Sicilia;Catania;1;0;0;CT;A841
5;19;087;087009;87009;Bronte;Bronte;;Isole;Sicilia;Catania;1;0;0;CT;B202
5;19;087;087010;87010;Calatabiano;Calatabiano;;Isole;Sicilia;Catania;1;0;0;CT;B384
5;19;087;087011;87011;Caltagirone;Caltagirone;;Isole;Sicilia;Catania;1;0;0;CT;B428
5;19;087;087012;87012;Camporotondo Etneo;Camporotondo Etneo;;Isole;Sicilia;Catania;1;0;0;CT;B561
5;19;087;087013;87013;Castel di Iudica;Castel di Iudica;;Isole;Sicilia;Catania;1;0;0;CT;C091
5;19;087;087014;87014;Castiglione di Sicilia;Castiglione di Sicilia;;Isole;Sicilia;Catania;1;0;0;CT;C297
5;19;087;087015;87015;Catania;Catania;;Isole;Sicilia;Catania;1;0;1;CT;C351
5;19;087;087016;87016;Fiumefreddo di Sicilia;Fiumefreddo di Sicilia;;Isole;Sicilia;Catania;1;0;0;CT;D623
5;19;087;087017;87017;Giarre;Giarre;;Isole;Sicilia;Catania;1;0;0;CT;E017
5;19;087;087018;87018;Grammichele;Grammichele;;Isole;Sicilia;Catania;1;0;0;CT;E133
5;19;087;087019;87019;Gravina di Catania;Gravina di Catania;;Isole;Sicilia;Catania;1;0;0;CT;E156
5;19;087;087020;87020;Licodia Eubea;Licodia Eubea;;Isole;Sicilia;Catania;1;0;0;CT;E578
5;19;087;087021;87021;Linguaglossa;Linguaglossa;;Isole;Sicilia;Catania;1;0;0;CT;E602
5;19;087;087022;87022;Maletto;Maletto;;Isole;Sicilia;Catania;1;0;0;CT;E854
5;19;087;087023;87023;Mascali;Mascali;;Isole;Sicilia;Catania;1;0;0;CT;F004
5;19;087;087024;87024;Mascalucia;Mascalucia;;Isole;Sicilia;Catania;1;0;0;CT;F005
5;19;087;087025;87025;Militello in Val di Catania;Militello in Val di Catania;;Isole;Sicilia;Catania;1;0;0;CT;F209
5;19;087;087026;87026;Milo;Milo;;Isole;Sicilia;Catania;1;0;0;CT;F214
5;19;087;087027;87027;Mineo;Mineo;;Isole;Sicilia;Catania;1;0;0;CT;F217
5;19;087;087028;87028;Mirabella Imbaccari;Mirabella Imbaccari;;Isole;Sicilia;Catania;1;0;0;CT;F231
5;19;087;087029;87029;Misterbianco;Misterbianco;;Isole;Sicilia;Catania;1;0;0;CT;F250
5;19;087;087030;87030;Motta Sant'Anastasia;Motta Sant'Anastasia;;Isole;Sicilia;Catania;1;0;0;CT;F781
5;19;087;087031;87031;Nicolosi;Nicolosi;;Isole;Sicilia;Catania;1;0;0;CT;F890
5;19;087;087032;87032;Palagonia;Palagonia;;Isole;Sicilia;Catania;1;0;0;CT;G253
5;19;087;087033;87033;Paternò;Paternò;;Isole;Sicilia;Catania;1;0;0;CT;G371
5;19;087;087034;87034;Pedara;Pedara;;Isole;Sicilia;Catania;1;0;0;CT;G402
5;19;087;087035;87035;Piedimonte Etneo;Piedimonte Etneo;;Isole;Sicilia;Catania;1;0;0;CT;G597
5;19;087;087036;87036;Raddusa;Raddusa;;Isole;Sicilia;Catania;1;0;0;CT;H154
5;19;087;087037;87037;Ramacca;Ramacca;;Isole;Sicilia;Catania;1;0;0;CT;H168
5;19;087;087038;87038;Randazzo;Randazzo;;Isole;Sicilia;Catania;1;0;0;CT;H175
5;19;087;087039;87039;Riposto;Riposto;;Isole;Sicilia;Catania;1;0;0;CT;H325
5;19;087;087040;87040;San Cono;San Cono;;Isole;Sicilia;Catania;1;0;0;CT;H805
5;19;087;087041;87041;San Giovanni la Punta;San Giovanni la Punta;;Isole;Sicilia;Catania;1;0;0;CT;H922
5;19;087;087042;87042;San Gregorio di Catania;San Gregorio di Catania;;Isole;Sicilia;Catania;1;0;0;CT;H940
5;19;087;087043;87043;San Michele di Ganzaria;San Michele di Ganzaria;;Isole;Sicilia;Catania;1;0;0;CT;I035
5;19;087;087044;87044;San Pietro Clarenza;San Pietro Clarenza;;Isole;Sicilia;Catania;1;0;0;CT;I098
5;19;087;087045;87045;Sant'Agata li Battiati;Sant'Agata li Battiati;;Isole;Sicilia;Catania;1;0;0;CT;I202
5;19;087;087046;87046;Sant'Alfio;Sant'Alfio;;Isole;Sicilia;Catania;1;0;0;CT;I216
5;19;087;087047;87047;Santa Maria di Licodia;Santa Maria di Licodia;;Isole;Sicilia;Catania;1;0;0;CT;I240
5;19;087;087048;87048;Santa Venerina;Santa Venerina;;Isole;Sicilia;Catania;1;0;0;CT;I314
5;19;087;087049;87049;Scordia;Scordia;;Isole;Sicilia;Catania;1;0;0;CT;I548
5;19;087;087050;87050;Trecastagni;Trecastagni;;Isole;Sicilia;Catania;1;0;0;CT;L355
5;19;087;087051;87051;Tremestieri Etneo;Tremestieri Etneo;;Isole;Sicilia;Catania;1;0;0;CT;L369
5;19;087;087052;87052;Valverde;Valverde;;Isole;Sicilia;Catania;1;0;0;CT;L658
5;19;087;087053;87053;Viagrande;Viagrande;;Isole;Sicilia;Catania;1;0;0;CT;L828
5;19;087;087054;87054;Vizzini;Vizzini;;Isole;Sicilia;Catania;1;0;0;CT;M100
5;19;087;087055;87055;Zafferana Etnea;Zafferana Etnea;;Isole;Sicilia;Catania;1;0;0;CT;M139
5;19;088;088001;88001;Acate;Acate;;Isole;Sicilia;Ragusa;1;0;0;RG;A014
5;19;088;088002;88002;Chiaramonte Gulfi;Chiaramonte Gulfi;;Isole;Sicilia;Ragusa;1;0;0;RG;C612
5;19;088;088003;88003;Comiso;Comiso;;Isole;Sicilia;Ragusa;1;0;0;RG;C927
5;19;088;088004;88004;Giarratana;Giarratana;;Isole;Sicilia;Ragusa;1;0;0;RG;E016
5;19;088;088005;88005;Ispica;Ispica;;Isole;Sicilia;Ragusa;1;0;0;RG;E366
5;19;088;088006;88006;Modica;Modica;;Isole;Sicilia;Ragusa;1;0;0;RG;F258
5;19;088;088007;88007;Monterosso Almo;Monterosso Almo;;Isole;Sicilia;Ragusa;1;0;0;RG;F610
5;19;088;088008;88008;Pozzallo;Pozzallo;;Isole;Sicilia;Ragusa;1;0;0;RG;G953
5;19;088;088009;88009;Ragusa;Ragusa;;Isole;Sicilia;Ragusa;1;0;1;RG;H163
5;19;088;088010;88010;Santa Croce Camerina;Santa Croce Camerina;;Isole;Sicilia;Ragusa;1;0;0;RG;I178
5;19;088;088011;88011;Scicli;Scicli;;Isole;Sicilia;Ragusa;1;0;0;RG;I535
5;19;088;088012;88012;Vittoria;Vittoria;;Isole;Sicilia;Ragusa;1;0;0;RG;M088
5;19;089;089001;89001;Augusta;Augusta;;Isole;Sicilia;Siracusa;1;0;0;SR;A494
5;19;089;089002;89002;Avola;Avola;;Isole;Sicilia;Siracusa;1;0;0;SR;A522
5;19;089;089003;89003;Buccheri;Buccheri;;Isole;Sicilia;Siracusa;1;0;0;SR;B237
5;19;089;089004;89004;Buscemi;Buscemi;;Isole;Sicilia;Siracusa;1;0;0;SR;B287
5;19;089;089005;89005;Canicattini Bagni;Canicattini Bagni;;Isole;Sicilia;Siracusa;1;0;0;SR;B603
5;19;089;089006;89006;Carlentini;Carlentini;;Isole;Sicilia;Siracusa;1;0;0;SR;B787
5;19;089;089007;89007;Cassaro;Cassaro;;Isole;Sicilia;Siracusa;1;0;0;SR;C006
5;19;089;089008;89008;Ferla;Ferla;;Isole;Sicilia;Siracusa;1;0;0;SR;D540
5;19;089;089009;89009;Floridia;Floridia;;Isole;Sicilia;Siracusa;1;0;0;SR;D636
5;19;089;089010;89010;Francofonte;Francofonte;;Isole;Sicilia;Siracusa;1;0;0;SR;D768
5;19;089;089011;89011;Lentini;Lentini;;Isole;Sicilia;Siracusa;1;0;0;SR;E532
5;19;089;089012;89012;Melilli;Melilli;;Isole;Sicilia;Siracusa;1;0;0;SR;F107
5;19;089;089013;89013;Noto;Noto;;Isole;Sicilia;Siracusa;1;0;0;SR;F943
5;19;089;089014;89014;Pachino;Pachino;;Isole;Sicilia;Siracusa;1;0;0;SR;G211
5;19;089;089015;89015;Palazzolo Acreide;Palazzolo Acreide;;Isole;Sicilia;Siracusa;1;0;0;SR;G267
5;19;089;089016;89016;Rosolini;Rosolini;;Isole;Sicilia;Siracusa;1;0;0;SR;H574
5;19;089;089017;89017;Siracusa;Siracusa;;Isole;Sicilia;Siracusa;1;0;1;SR;I754
5;19;089;089018;89018;Solarino;Solarino;;Isole;Sicilia;Siracusa;1;0;0;SR;I785
5;19;089;089019;89019;Sortino;Sortino;;Isole;Sicilia;Siracusa;1;0;0;SR;I864
5;20;090;090001;90001;Aggius;Aggius;;Isole;Sardegna;Sassari;1;0;0;SS;A069
5;20;090;090002;90002;Alà dei Sardi;Alà dei Sardi;;Isole;Sardegna;Sassari;1;0;0;SS;A115
5;20;090;090003;90003;Alghero;Alghero;;Isole;Sardegna;Sassari;1;0;0;SS;A192
5;20;090;090004;90004;Anela;Anela;;Isole;Sardegna;Sassari;1;0;0;SS;A287
5;20;090;090005;90005;Ardara;Ardara;;Isole;Sardegna;Sassari;1;0;0;SS;A379
5;20;090;090006;90006;Arzachena;Arzachena;;Isole;Sardegna;Sassari;1;0;0;SS;A453
5;20;090;090007;90007;Banari;Banari;;Isole;Sardegna;Sassari;1;0;0;SS;A606
5;20;090;090008;90008;Benetutti;Benetutti;;Isole;Sardegna;Sassari;1;0;0;SS;A781
5;20;090;090009;90009;Berchidda;Berchidda;;Isole;Sardegna;Sassari;1;0;0;SS;A789
5;20;090;090010;90010;Bessude;Bessude;;Isole;Sardegna;Sassari;1;0;0;SS;A827
5;20;090;090011;90011;Bonnanaro;Bonnanaro;;Isole;Sardegna;Sassari;1;0;0;SS;A976
5;20;090;090012;90012;Bono;Bono;;Isole;Sardegna;Sassari;1;0;0;SS;A977
5;20;090;090013;90013;Bonorva;Bonorva;;Isole;Sardegna;Sassari;1;0;0;SS;A978
5;20;090;090014;90014;Bortigiadas;Bortigiadas;;Isole;Sardegna;Sassari;1;0;0;SS;B063
5;20;090;090015;90015;Borutta;Borutta;;Isole;Sardegna;Sassari;1;0;0;SS;B064
5;20;090;090016;90016;Bottidda;Bottidda;;Isole;Sardegna;Sassari;1;0;0;SS;B094
5;20;090;090017;90017;Buddusò;Buddusò;;Isole;Sardegna;Sassari;1;0;0;SS;B246
5;20;090;090018;90018;Bultei;Bultei;;Isole;Sardegna;Sassari;1;0;0;SS;B264
5;20;090;090019;90019;Bulzi;Bulzi;;Isole;Sardegna;Sassari;1;0;0;SS;B265
5;20;090;090020;90020;Burgos;Burgos;;Isole;Sardegna;Sassari;1;0;0;SS;B276
5;20;090;090021;90021;Calangianus;Calangianus;;Isole;Sardegna;Sassari;1;0;0;SS;B378
5;20;090;090022;90022;Cargeghe;Cargeghe;;Isole;Sardegna;Sassari;1;0;0;SS;B772
5;20;090;090023;90023;Castelsardo;Castelsardo;;Isole;Sardegna;Sassari;1;0;0;SS;C272
5;20;090;090024;90024;Cheremule;Cheremule;;Isole;Sardegna;Sassari;1;0;0;SS;C600
5;20;090;090025;90025;Chiaramonti;Chiaramonti;;Isole;Sardegna;Sassari;1;0;0;SS;C613
5;20;090;090026;90026;Codrongianos;Codrongianos;;Isole;Sardegna;Sassari;1;0;0;SS;C818
5;20;090;090027;90027;Cossoine;Cossoine;;Isole;Sardegna;Sassari;1;0;0;SS;D100
5;20;090;090028;90028;Esporlatu;Esporlatu;;Isole;Sardegna;Sassari;1;0;0;SS;D441
5;20;090;090029;90029;Florinas;Florinas;;Isole;Sardegna;Sassari;1;0;0;SS;D637
5;20;090;090030;90030;Giave;Giave;;Isole;Sardegna;Sassari;1;0;0;SS;E019
5;20;090;090031;90031;Illorai;Illorai;;Isole;Sardegna;Sassari;1;0;0;SS;E285
5;20;090;090032;90032;Ittireddu;Ittireddu;;Isole;Sardegna;Sassari;1;0;0;SS;E376
5;20;090;090033;90033;Ittiri;Ittiri;;Isole;Sardegna;Sassari;1;0;0;SS;E377
5;20;090;090034;90034;Laerru;Laerru;;Isole;Sardegna;Sassari;1;0;0;SS;E401
5;20;090;090035;90035;La Maddalena;La Maddalena;;Isole;Sardegna;Sassari;1;0;0;SS;E425
5;20;090;090036;90036;Luogosanto;Luogosanto;;Isole;Sardegna;Sassari;1;0;0;SS;E747
5;20;090;090037;90037;Luras;Luras;;Isole;Sardegna;Sassari;1;0;0;SS;E752
5;20;090;090038;90038;Mara;Mara;;Isole;Sardegna;Sassari;1;0;0;SS;E902
5;20;090;090039;90039;Martis;Martis;;Isole;Sardegna;Sassari;1;0;0;SS;E992
5;20;090;090040;90040;Monteleone Rocca Doria;Monteleone Rocca Doria;;Isole;Sardegna;Sassari;1;0;0;SS;F542
5;20;090;090041;90041;Monti;Monti;;Isole;Sardegna;Sassari;1;0;0;SS;F667
5;20;090;090042;90042;Mores;Mores;;Isole;Sardegna;Sassari;1;0;0;SS;F721
5;20;090;090043;90043;Muros;Muros;;Isole;Sardegna;Sassari;1;0;0;SS;F818
5;20;090;090044;90044;Nughedu di San Nicolò;Nughedu di San Nicolò;;Isole;Sardegna;Sassari;1;0;0;SS;F975
5;20;090;090045;90045;Nule;Nule;;Isole;Sardegna;Sassari;1;0;0;SS;F976
5;20;090;090046;90046;Nulvi;Nulvi;;Isole;Sardegna;Sassari;1;0;0;SS;F977
5;20;090;090047;90047;Olbia;Olbia;;Isole;Sardegna;Sassari;1;0;0;SS;G015
5;20;090;090048;90048;Olmedo;Olmedo;;Isole;Sardegna;Sassari;1;0;0;SS;G046
5;20;090;090049;90049;Oschiri;Oschiri;;Isole;Sardegna;Sassari;1;0;0;SS;G153
5;20;090;090050;90050;Osilo;Osilo;;Isole;Sardegna;Sassari;1;0;0;SS;G156
5;20;090;090051;90051;Ossi;Ossi;;Isole;Sardegna;Sassari;1;0;0;SS;G178
5;20;090;090052;90052;Ozieri;Ozieri;;Isole;Sardegna;Sassari;1;0;0;SS;G203
5;20;090;090053;90053;Padria;Padria;;Isole;Sardegna;Sassari;1;0;0;SS;G225
5;20;090;090054;90054;Palau;Palau;;Isole;Sardegna;Sassari;1;0;0;SS;G258
5;20;090;090055;90055;Pattada;Pattada;;Isole;Sardegna;Sassari;1;0;0;SS;G376
5;20;090;090056;90056;Perfugas;Perfugas;;Isole;Sardegna;Sassari;1;0;0;SS;G450
5;20;090;090057;90057;Ploaghe;Ploaghe;;Isole;Sardegna;Sassari;1;0;0;SS;G740
5;20;090;090058;90058;Porto Torres;Porto Torres;;Isole;Sardegna;Sassari;1;0;0;SS;G924
5;20;090;090059;90059;Pozzomaggiore;Pozzomaggiore;;Isole;Sardegna;Sassari;1;0;0;SS;G962
5;20;090;090060;90060;Putifigari;Putifigari;;Isole;Sardegna;Sassari;1;0;0;SS;H095
5;20;090;090061;90061;Romana;Romana;;Isole;Sardegna;Sassari;1;0;0;SS;H507
5;20;090;090062;90062;San Francesco d'Aglientu;San Francesco d'Aglientu;;Isole;Sardegna;Sassari;1;0;0;SS;H848
5;20;090;090063;90063;Santa Teresa Gallura;Santa Teresa Gallura;;Isole;Sardegna;Sassari;1;0;0;SS;I312
5;20;090;090064;90064;Sassari;Sassari;;Isole;Sardegna;Sassari;1;0;1;SS;I452
5;20;090;090065;90065;Sedini;Sedini;;Isole;Sardegna;Sassari;1;0;0;SS;I565
5;20;090;090066;90066;Semestene;Semestene;;Isole;Sardegna;Sassari;1;0;0;SS;I598
5;20;090;090067;90067;Sennori;Sennori;;Isole;Sardegna;Sassari;1;0;0;SS;I614
5;20;090;090068;90068;Siligo;Siligo;;Isole;Sardegna;Sassari;1;0;0;SS;I732
5;20;090;090069;90069;Sorso;Sorso;;Isole;Sardegna;Sassari;1;0;0;SS;I863
5;20;090;090070;90070;Tempio Pausania;Tempio Pausania;;Isole;Sardegna;Sassari;1;0;0;SS;L093
5;20;090;090071;90071;Thiesi;Thiesi;;Isole;Sardegna;Sassari;1;0;0;SS;L158
5;20;090;090072;90072;Tissi;Tissi;;Isole;Sardegna;Sassari;1;0;0;SS;L180
5;20;090;090073;90073;Torralba;Torralba;;Isole;Sardegna;Sassari;1;0;0;SS;L235
5;20;090;090074;90074;Trinità d'Agultu e Vignola;Trinità d'Agultu e Vignola;;Isole;Sardegna;Sassari;1;0;0;SS;L428
5;20;090;090075;90075;Tula;Tula;;Isole;Sardegna;Sassari;1;0;0;SS;L464
5;20;090;090076;90076;Uri;Uri;;Isole;Sardegna;Sassari;1;0;0;SS;L503
5;20;090;090077;90077;Usini;Usini;;Isole;Sardegna;Sassari;1;0;0;SS;L509
5;20;090;090078;90078;Villanova Monteleone;Villanova Monteleone;;Isole;Sardegna;Sassari;1;0;0;SS;L989
5;20;090;090079;90079;Valledoria;Valledoria;;Isole;Sardegna;Sassari;1;0;0;SS;L604
5;20;091;091001;91001;Aritzo;Aritzo;;Isole;Sardegna;Nuoro;1;0;0;NU;A407
5;20;091;091002;91002;Arzana;Arzana;;Isole;Sardegna;Nuoro;1;0;0;NU;A454
5;20;091;091003;91003;Atzara;Atzara;;Isole;Sardegna;Nuoro;1;0;0;NU;A492
5;20;091;091004;91004;Austis;Austis;;Isole;Sardegna;Nuoro;1;0;0;NU;A503
5;20;091;091005;91005;Bari Sardo;Bari Sardo;;Isole;Sardegna;Nuoro;1;0;0;NU;A663
5;20;091;091006;91006;Baunei;Baunei;;Isole;Sardegna;Nuoro;1;0;0;NU;A722
5;20;091;091007;91007;Belvì;Belvì;;Isole;Sardegna;Nuoro;1;0;0;NU;A776
5;20;091;091008;91008;Birori;Birori;;Isole;Sardegna;Nuoro;1;0;0;NU;A880
5;20;091;091009;91009;Bitti;Bitti;;Isole;Sardegna;Nuoro;1;0;0;NU;A895
5;20;091;091010;91010;Bolotana;Bolotana;;Isole;Sardegna;Nuoro;1;0;0;NU;A948
5;20;091;091011;91011;Borore;Borore;;Isole;Sardegna;Nuoro;1;0;0;NU;B056
5;20;091;091012;91012;Bortigali;Bortigali;;Isole;Sardegna;Nuoro;1;0;0;NU;B062
5;20;091;091013;91013;Bosa;Bosa;;Isole;Sardegna;Nuoro;1;0;0;NU;B068
5;20;091;091014;91014;Budoni;Budoni;;Isole;Sardegna;Nuoro;1;0;0;NU;B248
5;20;091;091015;91015;Cuglieri;Cuglieri;;Isole;Sardegna;Nuoro;1;0;0;NU;D200
5;20;091;091016;91016;Desulo;Desulo;;Isole;Sardegna;Nuoro;1;0;0;NU;D287
5;20;091;091017;91017;Dorgali;Dorgali;;Isole;Sardegna;Nuoro;1;0;0;NU;D345
5;20;091;091018;91018;Dualchi;Dualchi;;Isole;Sardegna;Nuoro;1;0;0;NU;D376
5;20;091;091019;91019;Elini;Elini;;Isole;Sardegna;Nuoro;1;0;0;NU;D395
5;20;091;091020;91020;Escalaplano;Escalaplano;;Isole;Sardegna;Nuoro;1;0;0;NU;D430
5;20;091;091021;91021;Escolca;Escolca;;Isole;Sardegna;Nuoro;1;0;0;NU;D431
5;20;091;091022;91022;Esterzili;Esterzili;;Isole;Sardegna;Nuoro;1;0;0;NU;D443
5;20;091;091023;91023;Flussio;Flussio;;Isole;Sardegna;Nuoro;1;0;0;NU;D640
5;20;091;091024;91024;Fonni;Fonni;;Isole;Sardegna;Nuoro;1;0;0;NU;D665
5;20;091;091025;91025;Gadoni;Gadoni;;Isole;Sardegna;Nuoro;1;0;0;NU;D842
5;20;091;091026;91026;Gairo;Gairo;;Isole;Sardegna;Nuoro;1;0;0;NU;D859
5;20;091;091027;91027;Galtellì;Galtellì;;Isole;Sardegna;Nuoro;1;0;0;NU;D888
5;20;091;091028;91028;Gavoi;Gavoi;;Isole;Sardegna;Nuoro;1;0;0;NU;D947
5;20;091;091029;91029;Genoni;Genoni;;Isole;Sardegna;Nuoro;1;0;0;NU;D968
5;20;091;091030;91030;Gergei;Gergei;;Isole;Sardegna;Nuoro;1;0;0;NU;D982
5;20;091;091031;91031;Girasole;Girasole;;Isole;Sardegna;Nuoro;1;0;0;NU;E049
5;20;091;091032;91032;Ilbono;Ilbono;;Isole;Sardegna;Nuoro;1;0;0;NU;E283
5;20;091;091033;91033;Irgoli;Irgoli;;Isole;Sardegna;Nuoro;1;0;0;NU;E323
5;20;091;091034;91034;Isili;Isili;;Isole;Sardegna;Nuoro;1;0;0;NU;E336
5;20;091;091035;91035;Jerzu;Jerzu;;Isole;Sardegna;Nuoro;1;0;0;NU;E387
5;20;091;091036;91036;Laconi;Laconi;;Isole;Sardegna;Nuoro;1;0;0;NU;E400
5;20;091;091037;91037;Lanusei;Lanusei;;Isole;Sardegna;Nuoro;1;0;0;NU;E441
5;20;091;091038;91038;Lei;Lei;;Isole;Sardegna;Nuoro;1;0;0;NU;E517
5;20;091;091039;91039;Loceri;Loceri;;Isole;Sardegna;Nuoro;1;0;0;NU;E644
5;20;091;091040;91040;Loculi;Loculi;;Isole;Sardegna;Nuoro;1;0;0;NU;E646
5;20;091;091041;91041;Lodè;Lodè;;Isole;Sardegna;Nuoro;1;0;0;NU;E647
5;20;091;091042;91042;Lotzorai;Lotzorai;;Isole;Sardegna;Nuoro;1;0;0;NU;E700
5;20;091;091043;91043;Lula;Lula;;Isole;Sardegna;Nuoro;1;0;0;NU;E736
5;20;091;091044;91044;Macomer;Macomer;;Isole;Sardegna;Nuoro;1;0;0;NU;E788
5;20;091;091045;91045;Magomadas;Magomadas;;Isole;Sardegna;Nuoro;1;0;0;NU;E825
5;20;091;091046;91046;Mamoiada;Mamoiada;;Isole;Sardegna;Nuoro;1;0;0;NU;E874
5;20;091;091047;91047;Meana Sardo;Meana Sardo;;Isole;Sardegna;Nuoro;1;0;0;NU;F073
5;20;091;091048;91048;Modolo;Modolo;;Isole;Sardegna;Nuoro;1;0;0;NU;F261
5;20;091;091049;91049;Montresta;Montresta;;Isole;Sardegna;Nuoro;1;0;0;NU;F698
5;20;091;091050;91050;Noragugume;Noragugume;;Isole;Sardegna;Nuoro;1;0;0;NU;F933
5;20;091;091051;91051;Nuoro;Nuoro;;Isole;Sardegna;Nuoro;1;0;1;NU;F979
5;20;091;091052;91052;Nuragus;Nuragus;;Isole;Sardegna;Nuoro;1;0;0;NU;F981
5;20;091;091053;91053;Nurallao;Nurallao;;Isole;Sardegna;Nuoro;1;0;0;NU;F982
5;20;091;091054;91054;Nurri;Nurri;;Isole;Sardegna;Nuoro;1;0;0;NU;F986
5;20;091;091055;91055;Oliena;Oliena;;Isole;Sardegna;Nuoro;1;0;0;NU;G031
5;20;091;091056;91056;Ollolai;Ollolai;;Isole;Sardegna;Nuoro;1;0;0;NU;G044
5;20;091;091057;91057;Olzai;Olzai;;Isole;Sardegna;Nuoro;1;0;0;NU;G058
5;20;091;091058;91058;Onanì;Onanì;;Isole;Sardegna;Nuoro;1;0;0;NU;G064
5;20;091;091059;91059;Onifai;Onifai;;Isole;Sardegna;Nuoro;1;0;0;NU;G070
5;20;091;091060;91060;Oniferi;Oniferi;;Isole;Sardegna;Nuoro;1;0;0;NU;G071
5;20;091;091061;91061;Orani;Orani;;Isole;Sardegna;Nuoro;1;0;0;NU;G084
5;20;091;091062;91062;Orgosolo;Orgosolo;;Isole;Sardegna;Nuoro;1;0;0;NU;G097
5;20;091;091063;91063;Orosei;Orosei;;Isole;Sardegna;Nuoro;1;0;0;NU;G119
5;20;091;091064;91064;Orotelli;Orotelli;;Isole;Sardegna;Nuoro;1;0;0;NU;G120
5;20;091;091065;91065;Orroli;Orroli;;Isole;Sardegna;Nuoro;1;0;0;NU;G122
5;20;091;091066;91066;Ortueri;Ortueri;;Isole;Sardegna;Nuoro;1;0;0;NU;G146
5;20;091;091067;91067;Orune;Orune;;Isole;Sardegna;Nuoro;1;0;0;NU;G147
5;20;091;091068;91068;Osidda;Osidda;;Isole;Sardegna;Nuoro;1;0;0;NU;G154
5;20;091;091069;91069;Osini;Osini;;Isole;Sardegna;Nuoro;1;0;0;NU;G158
5;20;091;091070;91070;Ottana;Ottana;;Isole;Sardegna;Nuoro;1;0;0;NU;G191
5;20;091;091071;91071;Ovodda;Ovodda;;Isole;Sardegna;Nuoro;1;0;0;NU;G201
5;20;091;091072;91072;Perdasdefogu;Perdasdefogu;;Isole;Sardegna;Nuoro;1;0;0;NU;G445
5;20;091;091073;91073;Posada;Posada;;Isole;Sardegna;Nuoro;1;0;0;NU;G929
5;20;091;091074;91074;Sadali;Sadali;;Isole;Sardegna;Nuoro;1;0;0;NU;H659
5;20;091;091075;91075;Sagama;Sagama;;Isole;Sardegna;Nuoro;1;0;0;NU;H661
5;20;091;091076;91076;San Teodoro;San Teodoro;;Isole;Sardegna;Nuoro;1;0;0;NU;I329
5;20;091;091077;91077;Sarule;Sarule;;Isole;Sardegna;Nuoro;1;0;0;NU;I448
5;20;091;091078;91078;Scano di Montiferro;Scano di Montiferro;;Isole;Sardegna;Nuoro;1;0;0;NU;I503
5;20;091;091079;91079;Sennariolo;Sennariolo;;Isole;Sardegna;Nuoro;1;0;0;NU;I613
5;20;091;091080;91080;Serri;Serri;;Isole;Sardegna;Nuoro;1;0;0;NU;I668
5;20;091;091081;91081;Seui;Seui;;Isole;Sardegna;Nuoro;1;0;0;NU;I706
5;20;091;091082;91082;Seulo;Seulo;;Isole;Sardegna;Nuoro;1;0;0;NU;I707
5;20;091;091083;91083;Silanus;Silanus;;Isole;Sardegna;Nuoro;1;0;0;NU;I730
5;20;091;091084;91084;Sindia;Sindia;;Isole;Sardegna;Nuoro;1;0;0;NU;I748
5;20;091;091085;91085;Siniscola;Siniscola;;Isole;Sardegna;Nuoro;1;0;0;NU;I751
5;20;091;091086;91086;Sorgono;Sorgono;;Isole;Sardegna;Nuoro;1;0;0;NU;I851
5;20;091;091087;91087;Suni;Suni;;Isole;Sardegna;Nuoro;1;0;0;NU;L006
5;20;091;091088;91088;Talana;Talana;;Isole;Sardegna;Nuoro;1;0;0;NU;L036
5;20;091;091089;91089;Tertenia;Tertenia;;Isole;Sardegna;Nuoro;1;0;0;NU;L140
5;20;091;091090;91090;Teti;Teti;;Isole;Sardegna;Nuoro;1;0;0;NU;L153
5;20;091;091091;91091;Tiana;Tiana;;Isole;Sardegna;Nuoro;1;0;0;NU;L160
5;20;091;091092;91092;Tinnura;Tinnura;;Isole;Sardegna;Nuoro;1;0;0;NU;L172
5;20;091;091093;91093;Tonara;Tonara;;Isole;Sardegna;Nuoro;1;0;0;NU;L202
5;20;091;091094;91094;Torpè;Torpè;;Isole;Sardegna;Nuoro;1;0;0;NU;L231
5;20;091;091095;91095;Tortolì;Tortolì;;Isole;Sardegna;Nuoro;1;0;0;NU;A355
5;20;091;091096;91096;Tresnuraghes;Tresnuraghes;;Isole;Sardegna;Nuoro;1;0;0;NU;L393
5;20;091;091097;91097;Triei;Triei;;Isole;Sardegna;Nuoro;1;0;0;NU;L423
5;20;091;091098;91098;Ulassai;Ulassai;;Isole;Sardegna;Nuoro;1;0;0;NU;L489
5;20;091;091099;91099;Urzulei;Urzulei;;Isole;Sardegna;Nuoro;1;0;0;NU;L506
5;20;091;091100;91100;Ussassai;Ussassai;;Isole;Sardegna;Nuoro;1;0;0;NU;L514
5;20;091;091101;91101;Villagrande Strisaili;Villagrande Strisaili;;Isole;Sardegna;Nuoro;1;0;0;NU;L953
5;20;091;091102;91102;Villanova Tulo;Villanova Tulo;;Isole;Sardegna;Nuoro;1;0;0;NU;L992
5;20;092;092001;92001;Abbasanta;Abbasanta;;Isole;Sardegna;Cagliari;1;0;0;CA;A007
5;20;092;092002;92002;Aidomaggiore;Aidomaggiore;;Isole;Sardegna;Cagliari;1;0;0;CA;A097
5;20;092;092003;92003;Ales;Ales;;Isole;Sardegna;Cagliari;1;0;0;CA;A180
5;20;092;092004;92004;Allai;Allai;;Isole;Sardegna;Cagliari;1;0;0;CA;A204
5;20;092;092005;92005;Arborea;Arborea;;Isole;Sardegna;Cagliari;1;0;0;CA;A357
5;20;092;092006;92006;Arbus;Arbus;;Isole;Sardegna;Cagliari;1;0;0;CA;A359
5;20;092;092007;92007;Ardauli;Ardauli;;Isole;Sardegna;Cagliari;1;0;0;CA;A380
5;20;092;092008;92008;Armungia;Armungia;;Isole;Sardegna;Cagliari;1;0;0;CA;A419
5;20;092;092009;92009;Assemini;Assemini;;Isole;Sardegna;Cagliari;1;0;0;CA;A474
5;20;092;092010;92010;Assolo;Assolo;;Isole;Sardegna;Cagliari;1;0;0;CA;A477
5;20;092;092011;92011;Asuni;Asuni;;Isole;Sardegna;Cagliari;1;0;0;CA;A480
5;20;092;092012;92012;Ballao;Ballao;;Isole;Sardegna;Cagliari;1;0;0;CA;A597
5;20;092;092013;92013;Baradili;Baradili;;Isole;Sardegna;Cagliari;1;0;0;CA;A614
5;20;092;092014;92014;Baratili San Pietro;Baratili San Pietro;;Isole;Sardegna;Cagliari;1;0;0;CA;A621
5;20;092;092015;92015;Baressa;Baressa;;Isole;Sardegna;Cagliari;1;0;0;CA;A655
5;20;092;092016;92016;Barrali;Barrali;;Isole;Sardegna;Cagliari;1;0;0;CA;A677
5;20;092;092017;92017;Barumini;Barumini;;Isole;Sardegna;Cagliari;1;0;0;CA;A681
5;20;092;092018;92018;Bauladu;Bauladu;;Isole;Sardegna;Cagliari;1;0;0;CA;A721
5;20;092;092019;92019;Bidonì;Bidonì;;Isole;Sardegna;Cagliari;1;0;0;CA;A856
5;20;092;092020;92020;Bonarcado;Bonarcado;;Isole;Sardegna;Cagliari;1;0;0;CA;A960
5;20;092;092021;92021;Boroneddu;Boroneddu;;Isole;Sardegna;Cagliari;1;0;0;CA;B055
5;20;092;092022;92022;Buggerru;Buggerru;;Isole;Sardegna;Cagliari;1;0;0;CA;B250
5;20;092;092023;92023;Burcei;Burcei;;Isole;Sardegna;Cagliari;1;0;0;CA;B274
5;20;092;092024;92024;Busachi;Busachi;;Isole;Sardegna;Cagliari;1;0;0;CA;B281
5;20;092;092025;92025;Cabras;Cabras;;Isole;Sardegna;Cagliari;1;0;0;CA;B314
5;20;092;092026;92026;Cagliari;Cagliari;;Isole;Sardegna;Cagliari;1;1;1;CA;B354
5;20;092;092027;92027;Calasetta;Calasetta;;Isole;Sardegna;Cagliari;1;0;0;CA;B383
5;20;092;092028;92028;Capoterra;Capoterra;;Isole;Sardegna;Cagliari;1;0;0;CA;B675
5;20;092;092029;92029;Carbonia;Carbonia;;Isole;Sardegna;Cagliari;1;0;0;CA;B745
5;20;092;092030;92030;Carloforte;Carloforte;;Isole;Sardegna;Cagliari;1;0;0;CA;B789
5;20;092;092031;92031;Collinas;Collinas;;Isole;Sardegna;Cagliari;1;0;0;CA;C882
5;20;092;092032;92032;Decimomannu;Decimomannu;;Isole;Sardegna;Cagliari;1;0;0;CA;D259
5;20;092;092033;92033;Decimoputzu;Decimoputzu;;Isole;Sardegna;Cagliari;1;0;0;CA;D260
5;20;092;092034;92034;Dolianova;Dolianova;;Isole;Sardegna;Cagliari;1;0;0;CA;D323
5;20;092;092035;92035;Domus de Maria;Domus de Maria;;Isole;Sardegna;Cagliari;1;0;0;CA;D333
5;20;092;092036;92036;Domusnovas;Domusnovas;;Isole;Sardegna;Cagliari;1;0;0;CA;D334
5;20;092;092037;92037;Donori;Donori;;Isole;Sardegna;Cagliari;1;0;0;CA;D344
5;20;092;092038;92038;Figu-Gonnosnò;Figu-Gonnosnò;;Isole;Sardegna;Cagliari;1;0;0;CA;D585
5;20;092;092039;92039;Fluminimaggiore;Fluminimaggiore;;Isole;Sardegna;Cagliari;1;0;0;CA;D639
5;20;092;092040;92040;Fordongianus;Fordongianus;;Isole;Sardegna;Cagliari;1;0;0;CA;D695
5;20;092;092041;92041;Furtei;Furtei;;Isole;Sardegna;Cagliari;1;0;0;CA;D827
5;20;092;092042;92042;Genuri;Genuri;;Isole;Sardegna;Cagliari;1;0;0;CA;D970
5;20;092;092043;92043;Gesico;Gesico;;Isole;Sardegna;Cagliari;1;0;0;CA;D994
5;20;092;092044;92044;Gesturi;Gesturi;;Isole;Sardegna;Cagliari;1;0;0;CA;D997
5;20;092;092045;92045;Ghilarza;Ghilarza;;Isole;Sardegna;Cagliari;1;0;0;CA;E004
5;20;092;092046;92046;Giba;Giba;;Isole;Sardegna;Cagliari;1;0;0;CA;E022
5;20;092;092047;92047;Goni;Goni;;Isole;Sardegna;Cagliari;1;0;0;CA;E084
5;20;092;092048;92048;Gonnesa;Gonnesa;;Isole;Sardegna;Cagliari;1;0;0;CA;E086
5;20;092;092049;92049;Gonnoscodina;Gonnoscodina;;Isole;Sardegna;Cagliari;1;0;0;CA;E087
5;20;092;092050;92050;Gonnosfanadiga;Gonnosfanadiga;;Isole;Sardegna;Cagliari;1;0;0;CA;E085
5;20;092;092051;92051;Gonnostramatza;Gonnostramatza;;Isole;Sardegna;Cagliari;1;0;0;CA;E088
5;20;092;092052;92052;Guamaggiore;Guamaggiore;;Isole;Sardegna;Cagliari;1;0;0;CA;E234
5;20;092;092053;92053;Guasila;Guasila;;Isole;Sardegna;Cagliari;1;0;0;CA;E252
5;20;092;092054;92054;Guspini;Guspini;;Isole;Sardegna;Cagliari;1;0;0;CA;E270
5;20;092;092055;92055;Iglesias;Iglesias;;Isole;Sardegna;Cagliari;1;0;0;CA;E281
5;20;092;092056;92056;Las Plassas;Las Plassas;;Isole;Sardegna;Cagliari;1;0;0;CA;E464
5;20;092;092057;92057;Lunamatrona;Lunamatrona;;Isole;Sardegna;Cagliari;1;0;0;CA;E742
5;20;092;092058;92058;Mandas;Mandas;;Isole;Sardegna;Cagliari;1;0;0;CA;E877
5;20;092;092059;92059;Maracalagonis;Maracalagonis;;Isole;Sardegna;Cagliari;1;0;0;CA;E903
5;20;092;092060;92060;Marrubiu;Marrubiu;;Isole;Sardegna;Cagliari;1;0;0;CA;E972
5;20;092;092061;92061;Masullas;Masullas;;Isole;Sardegna;Cagliari;1;0;0;CA;F050
5;20;092;092062;92062;Milis;Milis;;Isole;Sardegna;Cagliari;1;0;0;CA;F208
5;20;092;092063;92063;Mogorella;Mogorella;;Isole;Sardegna;Cagliari;1;0;0;CA;F270
5;20;092;092064;92064;Mogoro;Mogoro;;Isole;Sardegna;Cagliari;1;0;0;CA;F272
5;20;092;092065;92065;Monastir;Monastir;;Isole;Sardegna;Cagliari;1;0;0;CA;F333
5;20;092;092066;92066;Morgongiori;Morgongiori;;Isole;Sardegna;Cagliari;1;0;0;CA;F727
5;20;092;092067;92067;Muravera;Muravera;;Isole;Sardegna;Cagliari;1;0;0;CA;F808
5;20;092;092068;92068;Musei;Musei;;Isole;Sardegna;Cagliari;1;0;0;CA;F822
5;20;092;092069;92069;Narbolia;Narbolia;;Isole;Sardegna;Cagliari;1;0;0;CA;F840
5;20;092;092070;92070;Narcao;Narcao;;Isole;Sardegna;Cagliari;1;0;0;CA;F841
5;20;092;092071;92071;Neoneli;Neoneli;;Isole;Sardegna;Cagliari;1;0;0;CA;F867
5;20;092;092072;92072;Norbello;Norbello;;Isole;Sardegna;Cagliari;1;0;0;CA;F934
5;20;092;092073;92073;Nughedu Santa Vittoria;Nughedu Santa Vittoria;;Isole;Sardegna;Cagliari;1;0;0;CA;F974
5;20;092;092074;92074;Nurachi;Nurachi;;Isole;Sardegna;Cagliari;1;0;0;CA;F980
5;20;092;092075;92075;Nuraminis;Nuraminis;;Isole;Sardegna;Cagliari;1;0;0;CA;F983
5;20;092;092076;92076;Nureci;Nureci;;Isole;Sardegna;Cagliari;1;0;0;CA;F985
5;20;092;092077;92077;Nuxis;Nuxis;;Isole;Sardegna;Cagliari;1;0;0;CA;F991
5;20;092;092078;92078;Ollasta;Ollasta;;Isole;Sardegna;Cagliari;1;0;0;CA;A126
5;20;092;092079;92079;Ollastra Simaxis;Ollastra Simaxis;;Isole;Sardegna;Cagliari;1;0;0;CA;G043
5;20;092;092080;92080;Oristano;Oristano;;Isole;Sardegna;Cagliari;1;0;0;CA;G113
5;20;092;092081;92081;Ortacesus;Ortacesus;;Isole;Sardegna;Cagliari;1;0;0;CA;G133
5;20;092;092082;92082;Pabillonis;Pabillonis;;Isole;Sardegna;Cagliari;1;0;0;CA;G207
5;20;092;092083;92083;Palmas Arborea;Palmas Arborea;;Isole;Sardegna;Cagliari;1;0;0;CA;G286
5;20;092;092084;92084;Pau;Pau;;Isole;Sardegna;Cagliari;1;0;0;CA;G379
5;20;092;092085;92085;Pauli Arbarei;Pauli Arbarei;;Isole;Sardegna;Cagliari;1;0;0;CA;G382
5;20;092;092086;92086;Paulilatino;Paulilatino;;Isole;Sardegna;Cagliari;1;0;0;CA;G384
5;20;092;092087;92087;Perdaxius;Perdaxius;;Isole;Sardegna;Cagliari;1;0;0;CA;G446
5;20;092;092088;92088;Pimentel;Pimentel;;Isole;Sardegna;Cagliari;1;0;0;CA;G669
5;20;092;092089;92089;Portoscuso;Portoscuso;;Isole;Sardegna;Cagliari;1;0;0;CA;G922
5;20;092;092090;92090;Pula;Pula;;Isole;Sardegna;Cagliari;1;0;0;CA;H088
5;20;092;092091;92091;Quartu Sant'Elena;Quartu Sant'Elena;;Isole;Sardegna;Cagliari;1;0;0;CA;H118
5;20;092;092092;92092;Riola Sardo;Riola Sardo;;Isole;Sardegna;Cagliari;1;0;0;CA;H301
5;20;092;092093;92093;Ruinas;Ruinas;;Isole;Sardegna;Cagliari;1;0;0;CA;F271
5;20;092;092094;92094;Samassi;Samassi;;Isole;Sardegna;Cagliari;1;0;0;CA;H738
5;20;092;092095;92095;Samatzai;Samatzai;;Isole;Sardegna;Cagliari;1;0;0;CA;H739
5;20;092;092096;92096;Samugheo;Samugheo;;Isole;Sardegna;Cagliari;1;0;0;CA;H756
5;20;092;092097;92097;San Basilio;San Basilio;;Isole;Sardegna;Cagliari;1;0;0;CA;H766
5;20;092;092098;92098;San Gavino Monreale;San Gavino Monreale;;Isole;Sardegna;Cagliari;1;0;0;CA;H856
5;20;092;092099;92099;San Giovanni Suergiu;San Giovanni Suergiu;;Isole;Sardegna;Cagliari;1;0;0;CA;G287
5;20;092;092100;92100;Sanluri;Sanluri;;Isole;Sardegna;Cagliari;1;0;0;CA;H974
5;20;092;092101;92101;San Nicolò d'Arcidano;San Nicolò d'Arcidano;;Isole;Sardegna;Cagliari;1;0;0;CA;A368
5;20;092;092102;92102;San Nicolò Gerrei;San Nicolò Gerrei;;Isole;Sardegna;Cagliari;1;0;0;CA;G383
5;20;092;092104;92104;Santadi;Santadi;;Isole;Sardegna;Cagliari;1;0;0;CA;I182
5;20;092;092105;92105;Santa Giusta;Santa Giusta;;Isole;Sardegna;Cagliari;1;0;0;CA;I205
5;20;092;092106;92106;Sant'Andrea Frius;Sant'Andrea Frius;;Isole;Sardegna;Cagliari;1;0;0;CA;I271
5;20;092;092107;92107;Sant'Antioco;Sant'Antioco;;Isole;Sardegna;Cagliari;1;0;0;CA;I294
5;20;092;092108;92108;Sant'Antonio Ruinas;Sant'Antonio Ruinas;;Isole;Sardegna;Cagliari;1;0;0;CA;I298
5;20;092;092109;92109;Santu Lussurgiu;Santu Lussurgiu;;Isole;Sardegna;Cagliari;1;0;0;CA;I374
5;20;092;092110;92110;San Vero Milis;San Vero Milis;;Isole;Sardegna;Cagliari;1;0;0;CA;I384
5;20;092;092111;92111;San Vito;San Vito;;Isole;Sardegna;Cagliari;1;0;0;CA;I402
5;20;092;092112;92112;Sardara;Sardara;;Isole;Sardegna;Cagliari;1;0;0;CA;I428
5;20;092;092113;92113;Sarroch;Sarroch;;Isole;Sardegna;Cagliari;1;0;0;CA;I443
5;20;092;092114;92114;Sedilo;Sedilo;;Isole;Sardegna;Cagliari;1;0;0;CA;I564
5;20;092;092115;92115;Segariu;Segariu;;Isole;Sardegna;Cagliari;1;0;0;CA;I570
5;20;092;092116;92116;Selargius;Selargius;;Isole;Sardegna;Cagliari;1;0;0;CA;I580
5;20;092;092117;92117;Selegas;Selegas;;Isole;Sardegna;Cagliari;1;0;0;CA;I582
5;20;092;092118;92118;Seneghe;Seneghe;;Isole;Sardegna;Cagliari;1;0;0;CA;I605
5;20;092;092119;92119;Senis;Senis;;Isole;Sardegna;Cagliari;1;0;0;CA;I609
5;20;092;092120;92120;Senorbì;Senorbì;;Isole;Sardegna;Cagliari;1;0;0;CA;I615
5;20;092;092121;92121;Serdiana;Serdiana;;Isole;Sardegna;Cagliari;1;0;0;CA;I624
5;20;092;092122;92122;Serramanna;Serramanna;;Isole;Sardegna;Cagliari;1;0;0;CA;I647
5;20;092;092123;92123;Serrenti;Serrenti;;Isole;Sardegna;Cagliari;1;0;0;CA;I667
5;20;092;092124;92124;Sestu;Sestu;;Isole;Sardegna;Cagliari;1;0;0;CA;I695
5;20;092;092125;92125;Settimo San Pietro;Settimo San Pietro;;Isole;Sardegna;Cagliari;1;0;0;CA;I699
5;20;092;092126;92126;Setzu;Setzu;;Isole;Sardegna;Cagliari;1;0;0;CA;I705
5;20;092;092127;92127;Siamaggiore;Siamaggiore;;Isole;Sardegna;Cagliari;1;0;0;CA;I717
5;20;092;092128;92128;Siamanna-Siapiccia;Siamanna-Siapiccia;;Isole;Sardegna;Cagliari;1;0;0;CA;I719
5;20;092;092129;92129;Siddi;Siddi;;Isole;Sardegna;Cagliari;1;0;0;CA;I724
5;20;092;092130;92130;Siliqua;Siliqua;;Isole;Sardegna;Cagliari;1;0;0;CA;I734
5;20;092;092131;92131;Silius;Silius;;Isole;Sardegna;Cagliari;1;0;0;CA;I735
5;20;092;092132;92132;Simala;Simala;;Isole;Sardegna;Cagliari;1;0;0;CA;I742
5;20;092;092133;92133;Simaxis;Simaxis;;Isole;Sardegna;Cagliari;1;0;0;CA;I743
5;20;092;092134;92134;Sini;Sini;;Isole;Sardegna;Cagliari;1;0;0;CA;I749
5;20;092;092135;92135;Sinnai;Sinnai;;Isole;Sardegna;Cagliari;1;0;0;CA;I752
5;20;092;092136;92136;Siurgus Donigala;Siurgus Donigala;;Isole;Sardegna;Cagliari;1;0;0;CA;I765
5;20;092;092137;92137;Solarussa;Solarussa;;Isole;Sardegna;Cagliari;1;0;0;CA;I791
5;20;092;092138;92138;Soleminis;Soleminis;;Isole;Sardegna;Cagliari;1;0;0;CA;I797
5;20;092;092139;92139;Sorradile;Sorradile;;Isole;Sardegna;Cagliari;1;0;0;CA;I861
5;20;092;092140;92140;Suelli;Suelli;;Isole;Sardegna;Cagliari;1;0;0;CA;I995
5;20;092;092141;92141;Tadasuni;Tadasuni;;Isole;Sardegna;Cagliari;1;0;0;CA;L023
5;20;092;092142;92142;Terralba;Terralba;;Isole;Sardegna;Cagliari;1;0;0;CA;L122
5;20;092;092143;92143;Teulada;Teulada;;Isole;Sardegna;Cagliari;1;0;0;CA;L154
5;20;092;092144;92144;Tramatza;Tramatza;;Isole;Sardegna;Cagliari;1;0;0;CA;L321
5;20;092;092145;92145;Tratalias;Tratalias;;Isole;Sardegna;Cagliari;1;0;0;CA;L337
5;20;092;092146;92146;Tuili;Tuili;;Isole;Sardegna;Cagliari;1;0;0;CA;L463
5;20;092;092147;92147;Turri;Turri;;Isole;Sardegna;Cagliari;1;0;0;CA;L473
5;20;092;092148;92148;Ulà Tirso;Ulà Tirso;;Isole;Sardegna;Cagliari;1;0;0;CA;L488
5;20;092;092149;92149;Uras;Uras;;Isole;Sardegna;Cagliari;1;0;0;CA;L496
5;20;092;092150;92150;Usellus;Usellus;;Isole;Sardegna;Cagliari;1;0;0;CA;L508
5;20;092;092151;92151;Ussana;Ussana;;Isole;Sardegna;Cagliari;1;0;0;CA;L512
5;20;092;092152;92152;Ussaramanna;Ussaramanna;;Isole;Sardegna;Cagliari;1;0;0;CA;L513
5;20;092;092153;92153;Uta;Uta;;Isole;Sardegna;Cagliari;1;0;0;CA;L521
5;20;092;092154;92154;Vallermosa;Vallermosa;;Isole;Sardegna;Cagliari;1;0;0;CA;L613
5;20;092;092155;92155;Villacidro;Villacidro;;Isole;Sardegna;Cagliari;1;0;0;CA;L924
5;20;092;092156;92156;Villamar;Villamar;;Isole;Sardegna;Cagliari;1;0;0;CA;L966
5;20;092;092157;92157;Villamassargia;Villamassargia;;Isole;Sardegna;Cagliari;1;0;0;CA;L968
5;20;092;092158;92158;Villanovaforru;Villanovaforru;;Isole;Sardegna;Cagliari;1;0;0;CA;L986
5;20;092;092159;92159;Villanovafranca;Villanovafranca;;Isole;Sardegna;Cagliari;1;0;0;CA;L987
5;20;092;092160;92160;Villanova Truschedu;Villanova Truschedu;;Isole;Sardegna;Cagliari;1;0;0;CA;L991
5;20;092;092161;92161;Villaputzu;Villaputzu;;Isole;Sardegna;Cagliari;1;0;0;CA;L998
5;20;092;092162;92162;Villasalto;Villasalto;;Isole;Sardegna;Cagliari;1;0;0;CA;M016
5;20;092;092163;92163;Villa San Pietro;Villa San Pietro;;Isole;Sardegna;Cagliari;1;0;0;CA;I118
5;20;092;092164;92164;Villasimius;Villasimius;;Isole;Sardegna;Cagliari;1;0;0;CA;B738
5;20;092;092165;92165;Villasor;Villasor;;Isole;Sardegna;Cagliari;1;0;0;CA;M025
5;20;092;092166;92166;Villaspeciosa;Villaspeciosa;;Isole;Sardegna;Cagliari;1;0;0;CA;M026
5;20;092;092167;92167;Villaurbana;Villaurbana;;Isole;Sardegna;Cagliari;1;0;0;CA;M030
5;20;092;092168;92168;Villa Verde;Villa Verde;;Isole;Sardegna;Cagliari;1;0;0;CA;A609
5;20;092;092169;92169;Zeddiani;Zeddiani;;Isole;Sardegna;Cagliari;1;0;0;CA;M153
5;20;092;092170;92170;Zerfaliu;Zerfaliu;;Isole;Sardegna;Cagliari;1;0;0;CA;M168
5;20;092;092171;92171;Siris;Siris;;Isole;Sardegna;Cagliari;1;0;0;CA;I757
5;20;092;092886;92886;San Sperate;San Sperate;;Isole;Sardegna;Cagliari;1;0;0;CA;I166
