election_date,year,metric,replacement_type,replacement_value,comparison,reference_metric,pearson_cor,spearman_cor
19480418,1948,aitchison,fixed_count,1,against_baseline_fixed_count_10,aitchison_fixed_count_10,0.9862140989434325,0.9980775300722715
19480418,1948,aitchison,fixed_count,1,against_preferred_greenacre_weighted_power_0175,greenacre_weighted_power_0175,0.8333519259928637,0.8735795296157985
19480418,1948,greenacre_weighted_lra,fixed_count,1,against_baseline_fixed_count_10,greenacre_weighted_lra_fixed_count_10,0.9745448826235497,0.979980180259985
19480418,1948,greenacre_weighted_lra,fixed_count,1,against_preferred_greenacre_weighted_power_0175,greenacre_weighted_power_0175,0.9643152467411863,0.9732901565255502
19480418,1948,aitchison,fixed_count,5,against_baseline_fixed_count_10,aitchison_fixed_count_10,0.9980948734761034,0.9992675728090046
19480418,1948,aitchison,fixed_count,5,against_preferred_greenacre_weighted_power_0175,greenacre_weighted_power_0175,0.852678228255544,0.8763701965643478
19480418,1948,greenacre_weighted_lra,fixed_count,5,against_baseline_fixed_count_10,greenacre_weighted_lra_fixed_count_10,0.9968265906253218,0.9968097433517604
19480418,1948,greenacre_weighted_lra,fixed_count,5,against_preferred_greenacre_weighted_power_0175,greenacre_weighted_power_0175,0.9872510671562289,0.9872796862520539
19480418,1948,aitchison,fixed_count,10,against_baseline_fixed_count_10,aitchison_fixed_count_10,1,0.9999999999999998
19480418,1948,aitchison,fixed_count,10,against_preferred_greenacre_weighted_power_0175,greenacre_weighted_power_0175,0.8602049945772983,0.8808186162622523
19480418,1948,greenacre_weighted_lra,fixed_count,10,against_baseline_fixed_count_10,greenacre_weighted_lra_fixed_count_10,0.9999999999999998,0.9999999999999998
19480418,1948,greenacre_weighted_lra,fixed_count,10,against_preferred_greenacre_weighted_power_0175,greenacre_weighted_power_0175,0.9909762303900226,0.989854092868504
19480418,1948,aitchison,fixed_count,25,against_baseline_fixed_count_10,aitchison_fixed_count_10,0.9946362460545588,0.9956442606572716
19480418,1948,aitchison,fixed_count,25,against_preferred_greenacre_weighted_power_0175,greenacre_weighted_power_0175,0.8662321878363551,0.88617121670009
19480418,1948,greenacre_weighted_lra,fixed_count,25,against_baseline_fixed_count_10,greenacre_weighted_lra_fixed_count_10,0.9926547361195097,0.9923428156212707
19480418,1948,greenacre_weighted_lra,fixed_count,25,against_preferred_greenacre_weighted_power_0175,greenacre_weighted_power_0175,0.9847259656653949,0.9824514142832687
19480418,1948,aitchison,fixed_count,50,against_baseline_fixed_count_10,aitchison_fixed_count_10,0.9795329151528531,0.9807411952673621
19480418,1948,aitchison,fixed_count,50,against_preferred_greenacre_weighted_power_0175,greenacre_weighted_power_0175,0.8642244244248359,0.8819941832704266
19480418,1948,greenacre_weighted_lra,fixed_count,50,against_baseline_fixed_count_10,greenacre_weighted_lra_fixed_count_10,0.9752593118562117,0.9748602285112369
19480418,1948,greenacre_weighted_lra,fixed_count,50,against_preferred_greenacre_weighted_power_0175,greenacre_weighted_power_0175,0.9684874477880695,0.9658112228060522
19480418,1948,aitchison,share_floor,1e-6,against_baseline_fixed_count_10,aitchison_fixed_count_10,0.9694467195580759,0.9884369051014803
19480418,1948,aitchison,share_floor,1e-6,against_preferred_greenacre_weighted_power_0175,greenacre_weighted_power_0175,0.8218889986815509,0.8832547263861958
19480418,1948,greenacre_weighted_lra,share_floor,1e-6,against_baseline_fixed_count_10,greenacre_weighted_lra_fixed_count_10,0.9489114511474079,0.9667499377787543
19480418,1948,greenacre_weighted_lra,share_floor,1e-6,against_preferred_greenacre_weighted_power_0175,greenacre_weighted_power_0175,0.9417575321626315,0.96441655600646
19480418,1948,aitchison,share_floor,5e-6,against_baseline_fixed_count_10,aitchison_fixed_count_10,0.9822217655974197,0.988742681270858
19480418,1948,aitchison,share_floor,5e-6,against_preferred_greenacre_weighted_power_0175,greenacre_weighted_power_0175,0.8401705078172361,0.8836249757612381
19480418,1948,greenacre_weighted_lra,share_floor,5e-6,against_baseline_fixed_count_10,greenacre_weighted_lra_fixed_count_10,0.9767918239121746,0.981458173662804
19480418,1948,greenacre_weighted_lra,share_floor,5e-6,against_preferred_greenacre_weighted_power_0175,greenacre_weighted_power_0175,0.9703425231568811,0.9765920614233752
19480418,1948,aitchison,share_floor,1e-5,against_baseline_fixed_count_10,aitchison_fixed_count_10,0.9872597985653079,0.9889628774515907
19480418,1948,aitchison,share_floor,1e-5,against_preferred_greenacre_weighted_power_0175,greenacre_weighted_power_0175,0.84889287565298,0.884010884571667
19480418,1948,greenacre_weighted_lra,share_floor,1e-5,against_baseline_fixed_count_10,greenacre_weighted_lra_fixed_count_10,0.9873141282144126,0.9890942757043325
19480418,1948,greenacre_weighted_lra,share_floor,1e-5,against_preferred_greenacre_weighted_power_0175,greenacre_weighted_power_0175,0.9813237303382554,0.9832595267797446
19480418,1948,aitchison,share_floor,5e-5,against_baseline_fixed_count_10,aitchison_fixed_count_10,0.9922960287386974,0.990161399593616
19480418,1948,aitchison,share_floor,5e-5,against_preferred_greenacre_weighted_power_0175,greenacre_weighted_power_0175,0.8682866655350014,0.8921201231203024
19480418,1948,greenacre_weighted_lra,share_floor,5e-5,against_baseline_fixed_count_10,greenacre_weighted_lra_fixed_count_10,0.9980178636667403,0.9980134551844233
19480418,1948,greenacre_weighted_lra,share_floor,5e-5,against_preferred_greenacre_weighted_power_0175,greenacre_weighted_power_0175,0.9936282242167538,0.9912639638496495
19530607,1953,aitchison,fixed_count,1,against_baseline_fixed_count_10,aitchison_fixed_count_10,0.9458377725034194,0.9038018277294103
19530607,1953,aitchison,fixed_count,1,against_preferred_greenacre_weighted_power_0175,greenacre_weighted_power_0175,0.5910030998612019,0.6068203033809273
19530607,1953,greenacre_weighted_lra,fixed_count,1,against_baseline_fixed_count_10,greenacre_weighted_lra_fixed_count_10,0.9767649000605727,0.9967413556045752
19530607,1953,greenacre_weighted_lra,fixed_count,1,against_preferred_greenacre_weighted_power_0175,greenacre_weighted_power_0175,0.9701641324273574,0.9940634009638292
19530607,1953,aitchison,fixed_count,5,against_baseline_fixed_count_10,aitchison_fixed_count_10,0.9936709300561894,0.9833077637751919
19530607,1953,aitchison,fixed_count,5,against_preferred_greenacre_weighted_power_0175,greenacre_weighted_power_0175,0.6629363264726882,0.719641375341675
19530607,1953,greenacre_weighted_lra,fixed_count,5,against_baseline_fixed_count_10,greenacre_weighted_lra_fixed_count_10,0.9975362935535348,0.9997419299340945
19530607,1953,greenacre_weighted_lra,fixed_count,5,against_preferred_greenacre_weighted_power_0175,greenacre_weighted_power_0175,0.988629313915774,0.9920419296463164
19530607,1953,aitchison,fixed_count,10,against_baseline_fixed_count_10,aitchison_fixed_count_10,0.9999999999999999,1
19530607,1953,aitchison,fixed_count,10,against_preferred_greenacre_weighted_power_0175,greenacre_weighted_power_0175,0.6916750574061374,0.7746115351991641
19530607,1953,greenacre_weighted_lra,fixed_count,10,against_baseline_fixed_count_10,greenacre_weighted_lra_fixed_count_10,0.9999999999999998,1
19530607,1953,greenacre_weighted_lra,fixed_count,10,against_preferred_greenacre_weighted_power_0175,greenacre_weighted_power_0175,0.9903008163844573,0.9904846728790523
19530607,1953,aitchison,fixed_count,25,against_baseline_fixed_count_10,aitchison_fixed_count_10,0.987934811571423,0.9735543608710493
19530607,1953,aitchison,fixed_count,25,against_preferred_greenacre_weighted_power_0175,greenacre_weighted_power_0175,0.7228119760300796,0.8109604532572251
19530607,1953,greenacre_weighted_lra,fixed_count,25,against_baseline_fixed_count_10,greenacre_weighted_lra_fixed_count_10,0.9952043242354053,0.9994407511955699
19530607,1953,greenacre_weighted_lra,fixed_count,25,against_preferred_greenacre_weighted_power_0175,greenacre_weighted_power_0175,0.9847776721607017,0.9878694409301104
19530607,1953,aitchison,fixed_count,50,against_baseline_fixed_count_10,aitchison_fixed_count_10,0.9642233803384272,0.9399706422772108
19530607,1953,aitchison,fixed_count,50,against_preferred_greenacre_weighted_power_0175,greenacre_weighted_power_0175,0.7404588857996578,0.8152780055784387
19530607,1953,greenacre_weighted_lra,fixed_count,50,against_baseline_fixed_count_10,greenacre_weighted_lra_fixed_count_10,0.9848750511603461,0.9977958169242106
19530607,1953,greenacre_weighted_lra,fixed_count,50,against_preferred_greenacre_weighted_power_0175,greenacre_weighted_power_0175,0.974220831882438,0.9849383533091072
19530607,1953,aitchison,share_floor,1e-6,against_baseline_fixed_count_10,aitchison_fixed_count_10,0.8767182333667851,0.8572977618175094
19530607,1953,aitchison,share_floor,1e-6,against_preferred_greenacre_weighted_power_0175,greenacre_weighted_power_0175,0.5484293159405835,0.5883648995328782
19530607,1953,greenacre_weighted_lra,share_floor,1e-6,against_baseline_fixed_count_10,greenacre_weighted_lra_fixed_count_10,0.9317179611378481,0.9894367465185924
19530607,1953,greenacre_weighted_lra,share_floor,1e-6,against_preferred_greenacre_weighted_power_0175,greenacre_weighted_power_0175,0.9298749272672517,0.9925002120708228
19530607,1953,aitchison,share_floor,5e-6,against_baseline_fixed_count_10,aitchison_fixed_count_10,0.9345376553915943,0.8856571257219877
19530607,1953,aitchison,share_floor,5e-6,against_preferred_greenacre_weighted_power_0175,greenacre_weighted_power_0175,0.6150331821208719,0.6195290556479099
19530607,1953,greenacre_weighted_lra,share_floor,5e-6,against_baseline_fixed_count_10,greenacre_weighted_lra_fixed_count_10,0.965759966662644,0.9970140510716009
19530607,1953,greenacre_weighted_lra,share_floor,5e-6,against_preferred_greenacre_weighted_power_0175,greenacre_weighted_power_0175,0.961705725070854,0.9941358463997723
19530607,1953,aitchison,share_floor,1e-5,against_baseline_fixed_count_10,aitchison_fixed_count_10,0.9572657499665237,0.9122501804426179
19530607,1953,aitchison,share_floor,1e-5,against_preferred_greenacre_weighted_power_0175,greenacre_weighted_power_0175,0.6472719812343117,0.6563124059107418
19530607,1953,greenacre_weighted_lra,share_floor,1e-5,against_baseline_fixed_count_10,greenacre_weighted_lra_fixed_count_10,0.9782720971736198,0.9985889628889926
19530607,1953,greenacre_weighted_lra,share_floor,1e-5,against_preferred_greenacre_weighted_power_0175,greenacre_weighted_power_0175,0.9732948776254752,0.9934592117637181
19530607,1953,aitchison,share_floor,5e-5,against_baseline_fixed_count_10,aitchison_fixed_count_10,0.984044176965971,0.9724531612715537
19530607,1953,aitchison,share_floor,5e-5,against_preferred_greenacre_weighted_power_0175,greenacre_weighted_power_0175,0.7197379310739532,0.7934850525797023
19530607,1953,greenacre_weighted_lra,share_floor,5e-5,against_baseline_fixed_count_10,greenacre_weighted_lra_fixed_count_10,0.9968360266807984,0.9997074205399563
19530607,1953,greenacre_weighted_lra,share_floor,5e-5,against_preferred_greenacre_weighted_power_0175,greenacre_weighted_power_0175,0.9899834706700172,0.9901603524730886
19580525,1958,aitchison,fixed_count,1,against_baseline_fixed_count_10,aitchison_fixed_count_10,0.9544053649486706,0.966849145691087
19580525,1958,aitchison,fixed_count,1,against_preferred_greenacre_weighted_power_0175,greenacre_weighted_power_0175,0.78039090413237,0.7672241447433589
19580525,1958,greenacre_weighted_lra,fixed_count,1,against_baseline_fixed_count_10,greenacre_weighted_lra_fixed_count_10,0.952887314509971,0.951489755592942
19580525,1958,greenacre_weighted_lra,fixed_count,1,against_preferred_greenacre_weighted_power_0175,greenacre_weighted_power_0175,0.9540404905618605,0.9612181723611278
19580525,1958,aitchison,fixed_count,5,against_baseline_fixed_count_10,aitchison_fixed_count_10,0.9936457538947584,0.993609417632828
19580525,1958,aitchison,fixed_count,5,against_preferred_greenacre_weighted_power_0175,greenacre_weighted_power_0175,0.8232097373219585,0.7941944062894354
19580525,1958,greenacre_weighted_lra,fixed_count,5,against_baseline_fixed_count_10,greenacre_weighted_lra_fixed_count_10,0.9943577167165427,0.9939363843724356
19580525,1958,greenacre_weighted_lra,fixed_count,5,against_preferred_greenacre_weighted_power_0175,greenacre_weighted_power_0175,0.9815527569476604,0.9833125866663811
19580525,1958,aitchison,fixed_count,10,against_baseline_fixed_count_10,aitchison_fixed_count_10,1,1
19580525,1958,aitchison,fixed_count,10,against_preferred_greenacre_weighted_power_0175,greenacre_weighted_power_0175,0.8347906586249766,0.8060085253036285
19580525,1958,greenacre_weighted_lra,fixed_count,10,against_baseline_fixed_count_10,greenacre_weighted_lra_fixed_count_10,0.9999999999999998,1
19580525,1958,greenacre_weighted_lra,fixed_count,10,against_preferred_greenacre_weighted_power_0175,greenacre_weighted_power_0175,0.980709944506333,0.9795760441523541
19580525,1958,aitchison,fixed_count,25,against_baseline_fixed_count_10,aitchison_fixed_count_10,0.9834363342315205,0.9804711105792192
19580525,1958,aitchison,fixed_count,25,against_preferred_greenacre_weighted_power_0175,greenacre_weighted_power_0175,0.8313759853127376,0.8050468642875892
19580525,1958,greenacre_weighted_lra,fixed_count,25,against_baseline_fixed_count_10,greenacre_weighted_lra_fixed_count_10,0.988078278792312,0.9875313081795967
19580525,1958,greenacre_weighted_lra,fixed_count,25,against_preferred_greenacre_weighted_power_0175,greenacre_weighted_power_0175,0.9608046175492886,0.9558277798264474
19580525,1958,aitchison,fixed_count,50,against_baseline_fixed_count_10,aitchison_fixed_count_10,0.9423506292227164,0.9322833094400246
19580525,1958,aitchison,fixed_count,50,against_preferred_greenacre_weighted_power_0175,greenacre_weighted_power_0175,0.8061485240551917,0.780603651030753
19580525,1958,greenacre_weighted_lra,fixed_count,50,against_baseline_fixed_count_10,greenacre_weighted_lra_fixed_count_10,0.9620189455695296,0.9607510359281909
19580525,1958,greenacre_weighted_lra,fixed_count,50,against_preferred_greenacre_weighted_power_0175,greenacre_weighted_power_0175,0.9300025562385984,0.9228603299948185
19580525,1958,aitchison,share_floor,1e-6,against_baseline_fixed_count_10,aitchison_fixed_count_10,0.9003100447099494,0.9367437868652356
19580525,1958,aitchison,share_floor,1e-6,against_preferred_greenacre_weighted_power_0175,greenacre_weighted_power_0175,0.7467317785974277,0.76540330992007
19580525,1958,greenacre_weighted_lra,share_floor,1e-6,against_baseline_fixed_count_10,greenacre_weighted_lra_fixed_count_10,0.8984951355304303,0.90814405153756
19580525,1958,greenacre_weighted_lra,share_floor,1e-6,against_preferred_greenacre_weighted_power_0175,greenacre_weighted_power_0175,0.919123682082526,0.9357165121137988
19580525,1958,aitchison,share_floor,5e-6,against_baseline_fixed_count_10,aitchison_fixed_count_10,0.9416938698754961,0.9527551302139163
19580525,1958,aitchison,share_floor,5e-6,against_preferred_greenacre_weighted_power_0175,greenacre_weighted_power_0175,0.7911966461095314,0.7803281116794222
19580525,1958,greenacre_weighted_lra,share_floor,5e-6,against_baseline_fixed_count_10,greenacre_weighted_lra_fixed_count_10,0.9518085642279864,0.9487078093993663
19580525,1958,greenacre_weighted_lra,share_floor,5e-6,against_preferred_greenacre_weighted_power_0175,greenacre_weighted_power_0175,0.9627317770913166,0.9663759784034703
19580525,1958,aitchison,share_floor,1e-5,against_baseline_fixed_count_10,aitchison_fixed_count_10,0.9593233809799754,0.9625133672485746
19580525,1958,aitchison,share_floor,1e-5,against_preferred_greenacre_weighted_power_0175,greenacre_weighted_power_0175,0.8117128934400507,0.789850495610332
19580525,1958,greenacre_weighted_lra,share_floor,1e-5,against_baseline_fixed_count_10,greenacre_weighted_lra_fixed_count_10,0.9720505077375162,0.9691248760843533
19580525,1958,greenacre_weighted_lra,share_floor,1e-5,against_preferred_greenacre_weighted_power_0175,greenacre_weighted_power_0175,0.9777326762311821,0.979851226519422
19580525,1958,aitchison,share_floor,5e-5,against_baseline_fixed_count_10,aitchison_fixed_count_10,0.9810085114345081,0.9801655448616656
19580525,1958,aitchison,share_floor,5e-5,against_preferred_greenacre_weighted_power_0175,greenacre_weighted_power_0175,0.8478066215561213,0.818632634090797
19580525,1958,greenacre_weighted_lra,share_floor,5e-5,against_baseline_fixed_count_10,greenacre_weighted_lra_fixed_count_10,0.9934181749025367,0.9934444505188944
19580525,1958,greenacre_weighted_lra,share_floor,5e-5,against_preferred_greenacre_weighted_power_0175,greenacre_weighted_power_0175,0.9848911798746038,0.9838627946672273
19630428,1963,aitchison,fixed_count,1,against_baseline_fixed_count_10,aitchison_fixed_count_10,0.9640606654609023,0.9913296031223523
19630428,1963,aitchison,fixed_count,1,against_preferred_greenacre_weighted_power_0175,greenacre_weighted_power_0175,0.7280606445839294,0.7980816271470549
19630428,1963,greenacre_weighted_lra,fixed_count,1,against_baseline_fixed_count_10,greenacre_weighted_lra_fixed_count_10,0.9505444335674403,0.9561394481854518
19630428,1963,greenacre_weighted_lra,fixed_count,1,against_preferred_greenacre_weighted_power_0175,greenacre_weighted_power_0175,0.9662623924923545,0.973372315369635
19630428,1963,aitchison,fixed_count,5,against_baseline_fixed_count_10,aitchison_fixed_count_10,0.9945902636478747,0.9981206393927522
19630428,1963,aitchison,fixed_count,5,against_preferred_greenacre_weighted_power_0175,greenacre_weighted_power_0175,0.7709449260461088,0.806749553473577
19630428,1963,greenacre_weighted_lra,fixed_count,5,against_baseline_fixed_count_10,greenacre_weighted_lra_fixed_count_10,0.9946289341444507,0.994273897083072
19630428,1963,greenacre_weighted_lra,fixed_count,5,against_preferred_greenacre_weighted_power_0175,greenacre_weighted_power_0175,0.9901512822350218,0.9916909575356302
19630428,1963,aitchison,fixed_count,10,against_baseline_fixed_count_10,aitchison_fixed_count_10,1,1
19630428,1963,aitchison,fixed_count,10,against_preferred_greenacre_weighted_power_0175,greenacre_weighted_power_0175,0.7886339191773792,0.8117185447113109
19630428,1963,greenacre_weighted_lra,fixed_count,10,against_baseline_fixed_count_10,greenacre_weighted_lra_fixed_count_10,1,1
19630428,1963,greenacre_weighted_lra,fixed_count,10,against_preferred_greenacre_weighted_power_0175,greenacre_weighted_power_0175,0.9858941609659316,0.9863478468598619
19630428,1963,aitchison,fixed_count,25,against_baseline_fixed_count_10,aitchison_fixed_count_10,0.9836241310279423,0.9908828934723805
19630428,1963,aitchison,fixed_count,25,against_preferred_greenacre_weighted_power_0175,greenacre_weighted_power_0175,0.8015129026209079,0.8140345703212185
19630428,1963,greenacre_weighted_lra,fixed_count,25,against_baseline_fixed_count_10,greenacre_weighted_lra_fixed_count_10,0.9901740888097863,0.9883185374380786
19630428,1963,greenacre_weighted_lra,fixed_count,25,against_preferred_greenacre_weighted_power_0175,greenacre_weighted_power_0175,0.9636666643911267,0.960034387896481
19630428,1963,aitchison,fixed_count,50,against_baseline_fixed_count_10,aitchison_fixed_count_10,0.9376850467505535,0.9576955497597445
19630428,1963,aitchison,fixed_count,50,against_preferred_greenacre_weighted_power_0175,greenacre_weighted_power_0175,0.7923212753883219,0.8000568627817868
19630428,1963,greenacre_weighted_lra,fixed_count,50,against_baseline_fixed_count_10,greenacre_weighted_lra_fixed_count_10,0.9708419133594264,0.9647463373050806
19630428,1963,greenacre_weighted_lra,fixed_count,50,against_preferred_greenacre_weighted_power_0175,greenacre_weighted_power_0175,0.9360591346148075,0.9269992075596905
19630428,1963,aitchison,share_floor,1e-6,against_baseline_fixed_count_10,aitchison_fixed_count_10,0.921698367480382,0.984618026312857
19630428,1963,aitchison,share_floor,1e-6,against_preferred_greenacre_weighted_power_0175,greenacre_weighted_power_0175,0.6953079295754397,0.7982097005257627
19630428,1963,greenacre_weighted_lra,share_floor,1e-6,against_baseline_fixed_count_10,greenacre_weighted_lra_fixed_count_10,0.8793606076118329,0.9175814422292762
19630428,1963,greenacre_weighted_lra,share_floor,1e-6,against_preferred_greenacre_weighted_power_0175,greenacre_weighted_power_0175,0.9179007557012862,0.9498687727729043
19630428,1963,aitchison,share_floor,5e-6,against_baseline_fixed_count_10,aitchison_fixed_count_10,0.951452039240981,0.9864946824179117
19630428,1963,aitchison,share_floor,5e-6,against_preferred_greenacre_weighted_power_0175,greenacre_weighted_power_0175,0.7307217263816693,0.8011803083417003
19630428,1963,greenacre_weighted_lra,share_floor,5e-6,against_baseline_fixed_count_10,greenacre_weighted_lra_fixed_count_10,0.9418820285836149,0.9482623769411902
19630428,1963,greenacre_weighted_lra,share_floor,5e-6,against_preferred_greenacre_weighted_power_0175,greenacre_weighted_power_0175,0.9664378616436227,0.9732453511696496
19630428,1963,aitchison,share_floor,1e-5,against_baseline_fixed_count_10,aitchison_fixed_count_10,0.9653473149120045,0.9885926034547098
19630428,1963,aitchison,share_floor,1e-5,against_preferred_greenacre_weighted_power_0175,greenacre_weighted_power_0175,0.7493196452069443,0.8040702696735785
19630428,1963,greenacre_weighted_lra,share_floor,1e-5,against_baseline_fixed_count_10,greenacre_weighted_lra_fixed_count_10,0.9656451923229994,0.9662134524575221
19630428,1963,greenacre_weighted_lra,share_floor,1e-5,against_preferred_greenacre_weighted_power_0175,greenacre_weighted_power_0175,0.9825098910345338,0.9851477469541221
19630428,1963,aitchison,share_floor,5e-5,against_baseline_fixed_count_10,aitchison_fixed_count_10,0.9890415131502152,0.9946446101657104
19630428,1963,aitchison,share_floor,5e-5,against_preferred_greenacre_weighted_power_0175,greenacre_weighted_power_0175,0.7964721473891743,0.8149996762667289
19630428,1963,greenacre_weighted_lra,share_floor,5e-5,against_baseline_fixed_count_10,greenacre_weighted_lra_fixed_count_10,0.9957722009490988,0.9953479278605452
19630428,1963,greenacre_weighted_lra,share_floor,5e-5,against_preferred_greenacre_weighted_power_0175,greenacre_weighted_power_0175,0.9913122948924664,0.9925703061410494
19680519,1968,aitchison,fixed_count,1,against_baseline_fixed_count_10,aitchison_fixed_count_10,0.9840584949635128,0.9949304801277568
19680519,1968,aitchison,fixed_count,1,against_preferred_greenacre_weighted_power_0175,greenacre_weighted_power_0175,0.7451899927440048,0.7920792881780865
19680519,1968,greenacre_weighted_lra,fixed_count,1,against_baseline_fixed_count_10,greenacre_weighted_lra_fixed_count_10,0.9518905494174642,0.9509939238082494
19680519,1968,greenacre_weighted_lra,fixed_count,1,against_preferred_greenacre_weighted_power_0175,greenacre_weighted_power_0175,0.9593516881372047,0.9578594178606864
19680519,1968,aitchison,fixed_count,5,against_baseline_fixed_count_10,aitchison_fixed_count_10,0.9976155673392159,0.9990363119650677
19680519,1968,aitchison,fixed_count,5,against_preferred_greenacre_weighted_power_0175,greenacre_weighted_power_0175,0.7632706520648116,0.8017235474554908
19680519,1968,greenacre_weighted_lra,fixed_count,5,against_baseline_fixed_count_10,greenacre_weighted_lra_fixed_count_10,0.9940650644326118,0.9930518566752566
19680519,1968,greenacre_weighted_lra,fixed_count,5,against_preferred_greenacre_weighted_power_0175,greenacre_weighted_power_0175,0.9839600126006712,0.9827953834516592
19680519,1968,aitchison,fixed_count,10,against_baseline_fixed_count_10,aitchison_fixed_count_10,1,1
19680519,1968,aitchison,fixed_count,10,against_preferred_greenacre_weighted_power_0175,greenacre_weighted_power_0175,0.770859789850846,0.8070313198921201
19680519,1968,greenacre_weighted_lra,fixed_count,10,against_baseline_fixed_count_10,greenacre_weighted_lra_fixed_count_10,1,1
19680519,1968,greenacre_weighted_lra,fixed_count,10,against_preferred_greenacre_weighted_power_0175,greenacre_weighted_power_0175,0.9807735369775692,0.9791727822096603
19680519,1968,aitchison,fixed_count,25,against_baseline_fixed_count_10,aitchison_fixed_count_10,0.9923761378576009,0.9942121936030339
19680519,1968,aitchison,fixed_count,25,against_preferred_greenacre_weighted_power_0175,greenacre_weighted_power_0175,0.7769865873759394,0.8121446108950667
19680519,1968,greenacre_weighted_lra,fixed_count,25,against_baseline_fixed_count_10,greenacre_weighted_lra_fixed_count_10,0.9872461620639559,0.9841935083838451
19680519,1968,greenacre_weighted_lra,fixed_count,25,against_preferred_greenacre_weighted_power_0175,greenacre_weighted_power_0175,0.9554673713474054,0.9487828652884486
19680519,1968,aitchison,fixed_count,50,against_baseline_fixed_count_10,aitchison_fixed_count_10,0.9687310447347627,0.9697288138026435
19680519,1968,aitchison,fixed_count,50,against_preferred_greenacre_weighted_power_0175,greenacre_weighted_power_0175,0.7732998371730377,0.8036789328991597
19680519,1968,greenacre_weighted_lra,fixed_count,50,against_baseline_fixed_count_10,greenacre_weighted_lra_fixed_count_10,0.9594764032373071,0.9496845235651578
19680519,1968,greenacre_weighted_lra,fixed_count,50,against_preferred_greenacre_weighted_power_0175,greenacre_weighted_power_0175,0.9188470299725539,0.904576373859733
19680519,1968,aitchison,share_floor,1e-6,against_baseline_fixed_count_10,aitchison_fixed_count_10,0.9581228021094262,0.975010909900714
19680519,1968,aitchison,share_floor,1e-6,against_preferred_greenacre_weighted_power_0175,greenacre_weighted_power_0175,0.7337494947492401,0.7983998496173679
19680519,1968,greenacre_weighted_lra,share_floor,1e-6,against_baseline_fixed_count_10,greenacre_weighted_lra_fixed_count_10,0.891758150918312,0.9083040104275668
19680519,1968,greenacre_weighted_lra,share_floor,1e-6,against_preferred_greenacre_weighted_power_0175,greenacre_weighted_power_0175,0.9252145829228483,0.93893710165875
19680519,1968,aitchison,share_floor,5e-6,against_baseline_fixed_count_10,aitchison_fixed_count_10,0.9706308763280797,0.97656674688749
19680519,1968,aitchison,share_floor,5e-6,against_preferred_greenacre_weighted_power_0175,greenacre_weighted_power_0175,0.7502131906546701,0.8026984111797424
19680519,1968,greenacre_weighted_lra,share_floor,5e-6,against_baseline_fixed_count_10,greenacre_weighted_lra_fixed_count_10,0.9438028394123353,0.9432181661878832
19680519,1968,greenacre_weighted_lra,share_floor,5e-6,against_preferred_greenacre_weighted_power_0175,greenacre_weighted_power_0175,0.9671901619143413,0.967593810546828
19680519,1968,aitchison,share_floor,1e-5,against_baseline_fixed_count_10,aitchison_fixed_count_10,0.9760790908674436,0.9781965339267836
19680519,1968,aitchison,share_floor,1e-5,against_preferred_greenacre_weighted_power_0175,greenacre_weighted_power_0175,0.7588032217830774,0.8065562892121009
19680519,1968,greenacre_weighted_lra,share_floor,1e-5,against_baseline_fixed_count_10,greenacre_weighted_lra_fixed_count_10,0.9649943787420655,0.9623300681885272
19680519,1968,greenacre_weighted_lra,share_floor,1e-5,against_preferred_greenacre_weighted_power_0175,greenacre_weighted_power_0175,0.9823712646348657,0.9815743580154846
19680519,1968,aitchison,share_floor,5e-5,against_baseline_fixed_count_10,aitchison_fixed_count_10,0.983386515395669,0.9805874249227614
19680519,1968,aitchison,share_floor,5e-5,against_preferred_greenacre_weighted_power_0175,greenacre_weighted_power_0175,0.7812885002463559,0.8189733334099338
19680519,1968,greenacre_weighted_lra,share_floor,5e-5,against_baseline_fixed_count_10,greenacre_weighted_lra_fixed_count_10,0.9915710230770058,0.9900925523861858
19680519,1968,greenacre_weighted_lra,share_floor,5e-5,against_preferred_greenacre_weighted_power_0175,greenacre_weighted_power_0175,0.9902153227060922,0.9893373099481705
19720507,1972,aitchison,fixed_count,1,against_baseline_fixed_count_10,aitchison_fixed_count_10,1,1
19720507,1972,aitchison,fixed_count,1,against_preferred_greenacre_weighted_power_0175,greenacre_weighted_power_0175,0.8043909490436822,0.8043243219422841
19720507,1972,greenacre_weighted_lra,fixed_count,1,against_baseline_fixed_count_10,greenacre_weighted_lra_fixed_count_10,1,1
19720507,1972,greenacre_weighted_lra,fixed_count,1,against_preferred_greenacre_weighted_power_0175,greenacre_weighted_power_0175,0.995498937360327,0.9976965555265249
19720507,1972,aitchison,fixed_count,5,against_baseline_fixed_count_10,aitchison_fixed_count_10,1,1
19720507,1972,aitchison,fixed_count,5,against_preferred_greenacre_weighted_power_0175,greenacre_weighted_power_0175,0.8043909490436822,0.8043243219422841
19720507,1972,greenacre_weighted_lra,fixed_count,5,against_baseline_fixed_count_10,greenacre_weighted_lra_fixed_count_10,1,1
19720507,1972,greenacre_weighted_lra,fixed_count,5,against_preferred_greenacre_weighted_power_0175,greenacre_weighted_power_0175,0.995498937360327,0.9976965555265249
19720507,1972,aitchison,fixed_count,10,against_baseline_fixed_count_10,aitchison_fixed_count_10,1,1
19720507,1972,aitchison,fixed_count,10,against_preferred_greenacre_weighted_power_0175,greenacre_weighted_power_0175,0.8043909490436822,0.8043243219422841
19720507,1972,greenacre_weighted_lra,fixed_count,10,against_baseline_fixed_count_10,greenacre_weighted_lra_fixed_count_10,1,1
19720507,1972,greenacre_weighted_lra,fixed_count,10,against_preferred_greenacre_weighted_power_0175,greenacre_weighted_power_0175,0.995498937360327,0.9976965555265249
19720507,1972,aitchison,fixed_count,25,against_baseline_fixed_count_10,aitchison_fixed_count_10,1,1
19720507,1972,aitchison,fixed_count,25,against_preferred_greenacre_weighted_power_0175,greenacre_weighted_power_0175,0.8043909490436822,0.8043243219422841
19720507,1972,greenacre_weighted_lra,fixed_count,25,against_baseline_fixed_count_10,greenacre_weighted_lra_fixed_count_10,1,1
19720507,1972,greenacre_weighted_lra,fixed_count,25,against_preferred_greenacre_weighted_power_0175,greenacre_weighted_power_0175,0.995498937360327,0.9976965555265249
19720507,1972,aitchison,fixed_count,50,against_baseline_fixed_count_10,aitchison_fixed_count_10,1,1
19720507,1972,aitchison,fixed_count,50,against_preferred_greenacre_weighted_power_0175,greenacre_weighted_power_0175,0.8043909490436822,0.8043243219422841
19720507,1972,greenacre_weighted_lra,fixed_count,50,against_baseline_fixed_count_10,greenacre_weighted_lra_fixed_count_10,1,1
19720507,1972,greenacre_weighted_lra,fixed_count,50,against_preferred_greenacre_weighted_power_0175,greenacre_weighted_power_0175,0.995498937360327,0.9976965555265249
19720507,1972,aitchison,share_floor,1e-6,against_baseline_fixed_count_10,aitchison_fixed_count_10,1,1
19720507,1972,aitchison,share_floor,1e-6,against_preferred_greenacre_weighted_power_0175,greenacre_weighted_power_0175,0.8043909490436822,0.8043243219422841
19720507,1972,greenacre_weighted_lra,share_floor,1e-6,against_baseline_fixed_count_10,greenacre_weighted_lra_fixed_count_10,1,1
19720507,1972,greenacre_weighted_lra,share_floor,1e-6,against_preferred_greenacre_weighted_power_0175,greenacre_weighted_power_0175,0.995498937360327,0.9976965555265249
19720507,1972,aitchison,share_floor,5e-6,against_baseline_fixed_count_10,aitchison_fixed_count_10,1,1
19720507,1972,aitchison,share_floor,5e-6,against_preferred_greenacre_weighted_power_0175,greenacre_weighted_power_0175,0.8043909490436822,0.8043243219422841
19720507,1972,greenacre_weighted_lra,share_floor,5e-6,against_baseline_fixed_count_10,greenacre_weighted_lra_fixed_count_10,1,1
19720507,1972,greenacre_weighted_lra,share_floor,5e-6,against_preferred_greenacre_weighted_power_0175,greenacre_weighted_power_0175,0.995498937360327,0.9976965555265249
19720507,1972,aitchison,share_floor,1e-5,against_baseline_fixed_count_10,aitchison_fixed_count_10,1,1
19720507,1972,aitchison,share_floor,1e-5,against_preferred_greenacre_weighted_power_0175,greenacre_weighted_power_0175,0.8043909490436822,0.8043243219422841
19720507,1972,greenacre_weighted_lra,share_floor,1e-5,against_baseline_fixed_count_10,greenacre_weighted_lra_fixed_count_10,1,1
19720507,1972,greenacre_weighted_lra,share_floor,1e-5,against_preferred_greenacre_weighted_power_0175,greenacre_weighted_power_0175,0.995498937360327,0.9976965555265249
19720507,1972,aitchison,share_floor,5e-5,against_baseline_fixed_count_10,aitchison_fixed_count_10,1,1
19720507,1972,aitchison,share_floor,5e-5,against_preferred_greenacre_weighted_power_0175,greenacre_weighted_power_0175,0.8043909490436822,0.8043243219422841
19720507,1972,greenacre_weighted_lra,share_floor,5e-5,against_baseline_fixed_count_10,greenacre_weighted_lra_fixed_count_10,1,1
19720507,1972,greenacre_weighted_lra,share_floor,5e-5,against_preferred_greenacre_weighted_power_0175,greenacre_weighted_power_0175,0.995498937360327,0.9976965555265249
19760620,1976,aitchison,fixed_count,1,against_baseline_fixed_count_10,aitchison_fixed_count_10,0.944659806895475,0.9744750394796432
19760620,1976,aitchison,fixed_count,1,against_preferred_greenacre_weighted_power_0175,greenacre_weighted_power_0175,0.7010572960299877,0.6820183467309858
19760620,1976,greenacre_weighted_lra,fixed_count,1,against_baseline_fixed_count_10,greenacre_weighted_lra_fixed_count_10,0.9404050158203112,0.9291523953585216
19760620,1976,greenacre_weighted_lra,fixed_count,1,against_preferred_greenacre_weighted_power_0175,greenacre_weighted_power_0175,0.9686193581616371,0.9635576306074501
19760620,1976,aitchison,fixed_count,5,against_baseline_fixed_count_10,aitchison_fixed_count_10,0.9920591063826342,0.9930070230167879
19760620,1976,aitchison,fixed_count,5,against_preferred_greenacre_weighted_power_0175,greenacre_weighted_power_0175,0.7556246377894255,0.7070546877742214
19760620,1976,greenacre_weighted_lra,fixed_count,5,against_baseline_fixed_count_10,greenacre_weighted_lra_fixed_count_10,0.9941447316932523,0.9933531128888133
19760620,1976,greenacre_weighted_lra,fixed_count,5,against_preferred_greenacre_weighted_power_0175,greenacre_weighted_power_0175,0.9889803627337161,0.9891341687739421
19760620,1976,aitchison,fixed_count,10,against_baseline_fixed_count_10,aitchison_fixed_count_10,1,1
19760620,1976,aitchison,fixed_count,10,against_preferred_greenacre_weighted_power_0175,greenacre_weighted_power_0175,0.7759304962460911,0.7314550710660034
19760620,1976,greenacre_weighted_lra,fixed_count,10,against_baseline_fixed_count_10,greenacre_weighted_lra_fixed_count_10,1,1
19760620,1976,greenacre_weighted_lra,fixed_count,10,against_preferred_greenacre_weighted_power_0175,greenacre_weighted_power_0175,0.9801351041352516,0.9792297855013441
19760620,1976,aitchison,fixed_count,25,against_baseline_fixed_count_10,aitchison_fixed_count_10,0.9792601454500498,0.96108735639355
19760620,1976,aitchison,fixed_count,25,against_preferred_greenacre_weighted_power_0175,greenacre_weighted_power_0175,0.7891884574450424,0.7667026257580937
19760620,1976,greenacre_weighted_lra,fixed_count,25,against_baseline_fixed_count_10,greenacre_weighted_lra_fixed_count_10,0.9906300923218835,0.9899191698573898
19760620,1976,greenacre_weighted_lra,fixed_count,25,against_preferred_greenacre_weighted_power_0175,greenacre_weighted_power_0175,0.9534387370080701,0.9510000400968458
19760620,1976,aitchison,fixed_count,50,against_baseline_fixed_count_10,aitchison_fixed_count_10,0.9291817006406076,0.8594844972613985
19760620,1976,aitchison,fixed_count,50,against_preferred_greenacre_weighted_power_0175,greenacre_weighted_power_0175,0.7834546419366761,0.7697919629053204
19760620,1976,greenacre_weighted_lra,fixed_count,50,against_baseline_fixed_count_10,greenacre_weighted_lra_fixed_count_10,0.9737108551334224,0.97205889645993
19760620,1976,greenacre_weighted_lra,fixed_count,50,against_preferred_greenacre_weighted_power_0175,greenacre_weighted_power_0175,0.9263153803156428,0.92341316242532
19760620,1976,aitchison,share_floor,1e-6,against_baseline_fixed_count_10,aitchison_fixed_count_10,0.885955148641114,0.94064392300547
19760620,1976,aitchison,share_floor,1e-6,against_preferred_greenacre_weighted_power_0175,greenacre_weighted_power_0175,0.6660468733019045,0.6866408728698181
19760620,1976,greenacre_weighted_lra,share_floor,1e-6,against_baseline_fixed_count_10,greenacre_weighted_lra_fixed_count_10,0.8600803393545808,0.8411059844409464
19760620,1976,greenacre_weighted_lra,share_floor,1e-6,against_preferred_greenacre_weighted_power_0175,greenacre_weighted_power_0175,0.9236605899908362,0.9139993689713053
19760620,1976,aitchison,share_floor,5e-6,against_baseline_fixed_count_10,aitchison_fixed_count_10,0.9327075194412808,0.9512476331576073
19760620,1976,aitchison,share_floor,5e-6,against_preferred_greenacre_weighted_power_0175,greenacre_weighted_power_0175,0.715188748360294,0.7025935382270889
19760620,1976,greenacre_weighted_lra,share_floor,5e-6,against_baseline_fixed_count_10,greenacre_weighted_lra_fixed_count_10,0.940692933547974,0.93294331499387
19760620,1976,greenacre_weighted_lra,share_floor,5e-6,against_preferred_greenacre_weighted_power_0175,greenacre_weighted_power_0175,0.9782343685298812,0.9789873599740457
19760620,1976,aitchison,share_floor,1e-5,against_baseline_fixed_count_10,aitchison_fixed_count_10,0.9531320725179768,0.958326119952326
19760620,1976,aitchison,share_floor,1e-5,against_preferred_greenacre_weighted_power_0175,greenacre_weighted_power_0175,0.7396863496157554,0.7115231941772633
19760620,1976,greenacre_weighted_lra,share_floor,1e-5,against_baseline_fixed_count_10,greenacre_weighted_lra_fixed_count_10,0.9677506269659184,0.9649031906339213
19760620,1976,greenacre_weighted_lra,share_floor,1e-5,against_preferred_greenacre_weighted_power_0175,greenacre_weighted_power_0175,0.9914157634331968,0.9945634361080677
19760620,1976,aitchison,share_floor,5e-5,against_baseline_fixed_count_10,aitchison_fixed_count_10,0.9772329365338486,0.9682088227845264
19760620,1976,aitchison,share_floor,5e-5,against_preferred_greenacre_weighted_power_0175,greenacre_weighted_power_0175,0.7920192960681022,0.7568250472898141
19760620,1976,greenacre_weighted_lra,share_floor,5e-5,against_baseline_fixed_count_10,greenacre_weighted_lra_fixed_count_10,0.9934299663904173,0.9923288054863794
19760620,1976,greenacre_weighted_lra,share_floor,5e-5,against_preferred_greenacre_weighted_power_0175,greenacre_weighted_power_0175,0.9820428901329661,0.9813096449586939
19790603,1979,aitchison,fixed_count,1,against_baseline_fixed_count_10,aitchison_fixed_count_10,0.9904307776723937,0.9999249523966849
19790603,1979,aitchison,fixed_count,1,against_preferred_greenacre_weighted_power_0175,greenacre_weighted_power_0175,0.42077420746210664,0.6708461212106763
19790603,1979,greenacre_weighted_lra,fixed_count,1,against_baseline_fixed_count_10,greenacre_weighted_lra_fixed_count_10,0.9909521602489699,0.987894182996301
19790603,1979,greenacre_weighted_lra,fixed_count,1,against_preferred_greenacre_weighted_power_0175,greenacre_weighted_power_0175,0.9933313855846811,0.9963784940806931
19790603,1979,aitchison,fixed_count,5,against_baseline_fixed_count_10,aitchison_fixed_count_10,0.9986604395650186,0.9999816095661195
19790603,1979,aitchison,fixed_count,5,against_preferred_greenacre_weighted_power_0175,greenacre_weighted_power_0175,0.46331127078442264,0.6719017518759359
19790603,1979,greenacre_weighted_lra,fixed_count,5,against_baseline_fixed_count_10,greenacre_weighted_lra_fixed_count_10,0.9992532899381251,0.9989208005750112
19790603,1979,greenacre_weighted_lra,fixed_count,5,against_preferred_greenacre_weighted_power_0175,greenacre_weighted_power_0175,0.9896268205302424,0.9911214630543889
19790603,1979,aitchison,fixed_count,10,against_baseline_fixed_count_10,aitchison_fixed_count_10,1,1
19790603,1979,aitchison,fixed_count,10,against_preferred_greenacre_weighted_power_0175,greenacre_weighted_power_0175,0.4875290690569214,0.6727535402100471
19790603,1979,greenacre_weighted_lra,fixed_count,10,against_baseline_fixed_count_10,greenacre_weighted_lra_fixed_count_10,1,1
19790603,1979,greenacre_weighted_lra,fixed_count,10,against_preferred_greenacre_weighted_power_0175,greenacre_weighted_power_0175,0.985582683780105,0.9853885827282132
19790603,1979,aitchison,fixed_count,25,against_baseline_fixed_count_10,aitchison_fixed_count_10,0.9960684261608242,0.9998280438068057
19790603,1979,aitchison,fixed_count,25,against_preferred_greenacre_weighted_power_0175,greenacre_weighted_power_0175,0.5267477611580635,0.6753572934648835
19790603,1979,greenacre_weighted_lra,fixed_count,25,against_baseline_fixed_count_10,greenacre_weighted_lra_fixed_count_10,0.9988671049056502,0.9982835075617648
19790603,1979,greenacre_weighted_lra,fixed_count,25,against_preferred_greenacre_weighted_power_0175,greenacre_weighted_power_0175,0.9786113243825996,0.9752968778297701
19790603,1979,aitchison,fixed_count,50,against_baseline_fixed_count_10,aitchison_fixed_count_10,0.9844340688522253,0.9987421318661392
19790603,1979,aitchison,fixed_count,50,against_preferred_greenacre_weighted_power_0175,greenacre_weighted_power_0175,0.5625489606452764,0.6794617081575277
19790603,1979,greenacre_weighted_lra,fixed_count,50,against_baseline_fixed_count_10,greenacre_weighted_lra_fixed_count_10,0.9967652868676543,0.9950765913426648
19790603,1979,greenacre_weighted_lra,fixed_count,50,against_preferred_greenacre_weighted_power_0175,greenacre_weighted_power_0175,0.9725382109787428,0.9664072236826067
19790603,1979,aitchison,share_floor,1e-6,against_baseline_fixed_count_10,aitchison_fixed_count_10,0.9632644379275374,0.9284568128101173
19790603,1979,aitchison,share_floor,1e-6,against_preferred_greenacre_weighted_power_0175,greenacre_weighted_power_0175,0.4100913022722423,0.7492945577022182
19790603,1979,greenacre_weighted_lra,share_floor,1e-6,against_baseline_fixed_count_10,greenacre_weighted_lra_fixed_count_10,0.9774624205665531,0.9713413734094504
19790603,1979,greenacre_weighted_lra,share_floor,1e-6,against_preferred_greenacre_weighted_power_0175,greenacre_weighted_power_0175,0.9913301540682499,0.9943317474029516
19790603,1979,aitchison,share_floor,5e-6,against_baseline_fixed_count_10,aitchison_fixed_count_10,0.9705728173995982,0.9284549902895234
19790603,1979,aitchison,share_floor,5e-6,against_preferred_greenacre_weighted_power_0175,greenacre_weighted_power_0175,0.44533674631040154,0.7498074731369709
19790603,1979,greenacre_weighted_lra,share_floor,5e-6,against_baseline_fixed_count_10,greenacre_weighted_lra_fixed_count_10,0.9930958115344478,0.9903292626838607
19790603,1979,greenacre_weighted_lra,share_floor,5e-6,against_preferred_greenacre_weighted_power_0175,greenacre_weighted_power_0175,0.9943980664367564,0.9977710189484541
19790603,1979,aitchison,share_floor,1e-5,against_baseline_fixed_count_10,aitchison_fixed_count_10,0.9734170525216469,0.9284561308009781
19790603,1979,aitchison,share_floor,1e-5,against_preferred_greenacre_weighted_power_0175,greenacre_weighted_power_0175,0.46520410510859994,0.750079173462687
19790603,1979,greenacre_weighted_lra,share_floor,1e-5,against_baseline_fixed_count_10,greenacre_weighted_lra_fixed_count_10,0.9967120252767067,0.995205469276309
19790603,1979,greenacre_weighted_lra,share_floor,1e-5,against_preferred_greenacre_weighted_power_0175,greenacre_weighted_power_0175,0.9927809974349778,0.9955557198566672
19790603,1979,aitchison,share_floor,5e-5,against_baseline_fixed_count_10,aitchison_fixed_count_10,0.975668425125197,0.9284513724033703
19790603,1979,aitchison,share_floor,5e-5,against_preferred_greenacre_weighted_power_0175,greenacre_weighted_power_0175,0.5280182730439756,0.7519748885028726
19790603,1979,greenacre_weighted_lra,share_floor,5e-5,against_baseline_fixed_count_10,greenacre_weighted_lra_fixed_count_10,0.9987158344000866,0.9979969158328234
19790603,1979,greenacre_weighted_lra,share_floor,5e-5,against_preferred_greenacre_weighted_power_0175,greenacre_weighted_power_0175,0.9835001580885757,0.9823882333257752
19830626,1983,aitchison,fixed_count,1,against_baseline_fixed_count_10,aitchison_fixed_count_10,0.9881583032438088,0.9954512470578192
19830626,1983,aitchison,fixed_count,1,against_preferred_greenacre_weighted_power_0175,greenacre_weighted_power_0175,0.8650313036251749,0.8793725636098211
19830626,1983,greenacre_weighted_lra,fixed_count,1,against_baseline_fixed_count_10,greenacre_weighted_lra_fixed_count_10,0.9723003190934749,0.9727997816829912
19830626,1983,greenacre_weighted_lra,fixed_count,1,against_preferred_greenacre_weighted_power_0175,greenacre_weighted_power_0175,0.9649160322894699,0.9636655857261631
19830626,1983,aitchison,fixed_count,5,against_baseline_fixed_count_10,aitchison_fixed_count_10,0.9983887027462005,0.999194694261615
19830626,1983,aitchison,fixed_count,5,against_preferred_greenacre_weighted_power_0175,greenacre_weighted_power_0175,0.8711047055680218,0.8786397974636033
19830626,1983,greenacre_weighted_lra,fixed_count,5,against_baseline_fixed_count_10,greenacre_weighted_lra_fixed_count_10,0.9963744402814032,0.9960882511136459
19830626,1983,greenacre_weighted_lra,fixed_count,5,against_preferred_greenacre_weighted_power_0175,greenacre_weighted_power_0175,0.9820446652100997,0.980021838747287
19830626,1983,aitchison,fixed_count,10,against_baseline_fixed_count_10,aitchison_fixed_count_10,1,1
19830626,1983,aitchison,fixed_count,10,against_preferred_greenacre_weighted_power_0175,greenacre_weighted_power_0175,0.8715531836759568,0.877908878347139
19830626,1983,greenacre_weighted_lra,fixed_count,10,against_baseline_fixed_count_10,greenacre_weighted_lra_fixed_count_10,1,1
19830626,1983,greenacre_weighted_lra,fixed_count,10,against_preferred_greenacre_weighted_power_0175,greenacre_weighted_power_0175,0.9822017775067828,0.9800871380413091
19830626,1983,aitchison,fixed_count,25,against_baseline_fixed_count_10,aitchison_fixed_count_10,0.9955575625054593,0.996528520633826
19830626,1983,aitchison,fixed_count,25,against_preferred_greenacre_weighted_power_0175,greenacre_weighted_power_0175,0.867407045181212,0.8747070734018405
19830626,1983,greenacre_weighted_lra,fixed_count,25,against_baseline_fixed_count_10,greenacre_weighted_lra_fixed_count_10,0.9910292143249702,0.9900864367242441
19830626,1983,greenacre_weighted_lra,fixed_count,25,against_preferred_greenacre_weighted_power_0175,greenacre_weighted_power_0175,0.9685817093526436,0.9649322356589691
19830626,1983,aitchison,fixed_count,50,against_baseline_fixed_count_10,aitchison_fixed_count_10,0.9832179912811115,0.986191841464385
19830626,1983,aitchison,fixed_count,50,against_preferred_greenacre_weighted_power_0175,greenacre_weighted_power_0175,0.8581428624246398,0.8676634590329746
19830626,1983,greenacre_weighted_lra,fixed_count,50,against_baseline_fixed_count_10,greenacre_weighted_lra_fixed_count_10,0.9687321798540902,0.9651667620652048
19830626,1983,greenacre_weighted_lra,fixed_count,50,against_preferred_greenacre_weighted_power_0175,greenacre_weighted_power_0175,0.943193257004848,0.9363581584968673
19830626,1983,aitchison,share_floor,1e-6,against_baseline_fixed_count_10,aitchison_fixed_count_10,0.9631027638842133,0.9725607788041097
19830626,1983,aitchison,share_floor,1e-6,against_preferred_greenacre_weighted_power_0175,greenacre_weighted_power_0175,0.869095500411138,0.8979676383885304
19830626,1983,greenacre_weighted_lra,share_floor,1e-6,against_baseline_fixed_count_10,greenacre_weighted_lra_fixed_count_10,0.9391029408490488,0.943629591142874
19830626,1983,greenacre_weighted_lra,share_floor,1e-6,against_preferred_greenacre_weighted_power_0175,greenacre_weighted_power_0175,0.954698398198554,0.9595767738290234
19830626,1983,aitchison,share_floor,5e-6,against_baseline_fixed_count_10,aitchison_fixed_count_10,0.9739629600806743,0.9767170579418318
19830626,1983,aitchison,share_floor,5e-6,against_preferred_greenacre_weighted_power_0175,greenacre_weighted_power_0175,0.880750366148519,0.9002508794466074
19830626,1983,greenacre_weighted_lra,share_floor,5e-6,against_baseline_fixed_count_10,greenacre_weighted_lra_fixed_count_10,0.9666374309691883,0.9651443559587275
19830626,1983,greenacre_weighted_lra,share_floor,5e-6,against_preferred_greenacre_weighted_power_0175,greenacre_weighted_power_0175,0.9800738130518757,0.979880135351527
19830626,1983,aitchison,share_floor,1e-5,against_baseline_fixed_count_10,aitchison_fixed_count_10,0.9782585799130904,0.978489693344551
19830626,1983,aitchison,share_floor,1e-5,against_preferred_greenacre_weighted_power_0175,greenacre_weighted_power_0175,0.8859452770908681,0.9012970128125735
19830626,1983,greenacre_weighted_lra,share_floor,1e-5,against_baseline_fixed_count_10,greenacre_weighted_lra_fixed_count_10,0.9770292707347595,0.9751722967974017
19830626,1983,greenacre_weighted_lra,share_floor,1e-5,against_preferred_greenacre_weighted_power_0175,greenacre_weighted_power_0175,0.9891295398544182,0.9885203012950246
19830626,1983,aitchison,share_floor,5e-5,against_baseline_fixed_count_10,aitchison_fixed_count_10,0.9824891634588573,0.9805216563340381
19830626,1983,aitchison,share_floor,5e-5,against_preferred_greenacre_weighted_power_0175,greenacre_weighted_power_0175,0.8953532924057505,0.9033297790340593
19830626,1983,greenacre_weighted_lra,share_floor,5e-5,against_baseline_fixed_count_10,greenacre_weighted_lra_fixed_count_10,0.9845304980193208,0.9832332471750274
19830626,1983,greenacre_weighted_lra,share_floor,5e-5,against_preferred_greenacre_weighted_power_0175,greenacre_weighted_power_0175,0.9921546514978374,0.9911867128426939
19870614,1987,aitchison,fixed_count,1,against_baseline_fixed_count_10,aitchison_fixed_count_10,0.9844974932384476,0.9996908727255832
19870614,1987,aitchison,fixed_count,1,against_preferred_greenacre_weighted_power_0175,greenacre_weighted_power_0175,0.8144252153723873,0.7557412511441157
19870614,1987,greenacre_weighted_lra,fixed_count,1,against_baseline_fixed_count_10,greenacre_weighted_lra_fixed_count_10,0.975947295367346,0.9993603760403575
19870614,1987,greenacre_weighted_lra,fixed_count,1,against_preferred_greenacre_weighted_power_0175,greenacre_weighted_power_0175,0.9644774659730648,0.9917758248172402
19870614,1987,aitchison,fixed_count,5,against_baseline_fixed_count_10,aitchison_fixed_count_10,0.9981516283646912,0.9999573702162912
19870614,1987,aitchison,fixed_count,5,against_preferred_greenacre_weighted_power_0175,greenacre_weighted_power_0175,0.8313726365093209,0.7560563867136453
19870614,1987,greenacre_weighted_lra,fixed_count,5,against_baseline_fixed_count_10,greenacre_weighted_lra_fixed_count_10,0.9972579937866394,0.9998673443136398
19870614,1987,greenacre_weighted_lra,fixed_count,5,against_preferred_greenacre_weighted_power_0175,greenacre_weighted_power_0175,0.9885339376821625,0.9923272257596465
19870614,1987,aitchison,fixed_count,10,against_baseline_fixed_count_10,aitchison_fixed_count_10,0.9999999999999999,1
19870614,1987,aitchison,fixed_count,10,against_preferred_greenacre_weighted_power_0175,greenacre_weighted_power_0175,0.8358328027462988,0.7562000354543097
19870614,1987,greenacre_weighted_lra,fixed_count,10,against_baseline_fixed_count_10,greenacre_weighted_lra_fixed_count_10,1,1
19870614,1987,greenacre_weighted_lra,fixed_count,10,against_preferred_greenacre_weighted_power_0175,greenacre_weighted_power_0175,0.9927859922908612,0.9925149435008556
19870614,1987,aitchison,fixed_count,25,against_baseline_fixed_count_10,aitchison_fixed_count_10,0.9958158846101849,0.9999377794602513
19870614,1987,aitchison,fixed_count,25,against_preferred_greenacre_weighted_power_0175,greenacre_weighted_power_0175,0.8366965347079642,0.7562627364989151
19870614,1987,greenacre_weighted_lra,fixed_count,25,against_baseline_fixed_count_10,greenacre_weighted_lra_fixed_count_10,0.9942583610823623,0.9994237411996305
19870614,1987,greenacre_weighted_lra,fixed_count,25,against_preferred_greenacre_weighted_power_0175,greenacre_weighted_power_0175,0.9893570343891159,0.991970747346165
19870614,1987,aitchison,fixed_count,50,against_baseline_fixed_count_10,aitchison_fixed_count_10,0.9858076734619599,0.9997344550939816
19870614,1987,aitchison,fixed_count,50,against_preferred_greenacre_weighted_power_0175,greenacre_weighted_power_0175,0.8319627936983103,0.7559618924152302
19870614,1987,greenacre_weighted_lra,fixed_count,50,against_baseline_fixed_count_10,greenacre_weighted_lra_fixed_count_10,0.981392147400712,0.9973092386720284
19870614,1987,greenacre_weighted_lra,fixed_count,50,against_preferred_greenacre_weighted_power_0175,greenacre_weighted_power_0175,0.9784520312960779,0.9898497694568545
19870614,1987,aitchison,share_floor,1e-6,against_baseline_fixed_count_10,aitchison_fixed_count_10,0.9664149806644841,0.9995390426603807
19870614,1987,aitchison,share_floor,1e-6,against_preferred_greenacre_weighted_power_0175,greenacre_weighted_power_0175,0.7976616268156207,0.7558834208405603
19870614,1987,greenacre_weighted_lra,share_floor,1e-6,against_baseline_fixed_count_10,greenacre_weighted_lra_fixed_count_10,0.9475137577901531,0.9990565037525408
19870614,1987,greenacre_weighted_lra,share_floor,1e-6,against_preferred_greenacre_weighted_power_0175,greenacre_weighted_power_0175,0.936481157096469,0.9917650573586085
19870614,1987,aitchison,share_floor,5e-6,against_baseline_fixed_count_10,aitchison_fixed_count_10,0.9849635515984141,0.9995973938165786
19870614,1987,aitchison,share_floor,5e-6,against_preferred_greenacre_weighted_power_0175,greenacre_weighted_power_0175,0.8176879096188807,0.7559259903957949
19870614,1987,greenacre_weighted_lra,share_floor,5e-6,against_baseline_fixed_count_10,greenacre_weighted_lra_fixed_count_10,0.9774928143448076,0.9992382649324599
19870614,1987,greenacre_weighted_lra,share_floor,5e-6,against_preferred_greenacre_weighted_power_0175,greenacre_weighted_power_0175,0.9686913975936502,0.991955892010396
19870614,1987,aitchison,share_floor,1e-5,against_baseline_fixed_count_10,aitchison_fixed_count_10,0.9916373943825321,0.9996996399722149
19870614,1987,aitchison,share_floor,1e-5,against_preferred_greenacre_weighted_power_0175,greenacre_weighted_power_0175,0.8256536657350891,0.7560359495560641
19870614,1987,greenacre_weighted_lra,share_floor,1e-5,against_baseline_fixed_count_10,greenacre_weighted_lra_fixed_count_10,0.987993605044724,0.999436009217625
19870614,1987,greenacre_weighted_lra,share_floor,1e-5,against_preferred_greenacre_weighted_power_0175,greenacre_weighted_power_0175,0.9804052392854031,0.9921785882909777
19870614,1987,aitchison,share_floor,5e-5,against_baseline_fixed_count_10,aitchison_fixed_count_10,0.9985688730955915,0.9998842754081078
19870614,1987,aitchison,share_floor,5e-5,against_preferred_greenacre_weighted_power_0175,greenacre_weighted_power_0175,0.838196490146398,0.7563765570354813
19870614,1987,greenacre_weighted_lra,share_floor,5e-5,against_baseline_fixed_count_10,greenacre_weighted_lra_fixed_count_10,0.998496141429314,0.9998057989594572
19870614,1987,greenacre_weighted_lra,share_floor,5e-5,against_preferred_greenacre_weighted_power_0175,greenacre_weighted_power_0175,0.9944037223145028,0.9927193655571793
19920405,1992,aitchison,fixed_count,1,against_baseline_fixed_count_10,aitchison_fixed_count_10,0.9789414976833497,0.989063284107065
19920405,1992,aitchison,fixed_count,1,against_preferred_greenacre_weighted_power_0175,greenacre_weighted_power_0175,0.7503970666085384,0.7864173514243248
19920405,1992,greenacre_weighted_lra,fixed_count,1,against_baseline_fixed_count_10,greenacre_weighted_lra_fixed_count_10,0.9784041663863758,0.9791572904016563
19920405,1992,greenacre_weighted_lra,fixed_count,1,against_preferred_greenacre_weighted_power_0175,greenacre_weighted_power_0175,0.9792730219917432,0.9773705154420298
19920405,1992,aitchison,fixed_count,5,against_baseline_fixed_count_10,aitchison_fixed_count_10,0.9971217056364837,0.9969772921168379
19920405,1992,aitchison,fixed_count,5,against_preferred_greenacre_weighted_power_0175,greenacre_weighted_power_0175,0.8155718570107514,0.8131725090286193
19920405,1992,greenacre_weighted_lra,fixed_count,5,against_baseline_fixed_count_10,greenacre_weighted_lra_fixed_count_10,0.9979825038758608,0.9980795121179982
19920405,1992,greenacre_weighted_lra,fixed_count,5,against_preferred_greenacre_weighted_power_0175,greenacre_weighted_power_0175,0.9868809588155948,0.9878062841684012
19920405,1992,aitchison,fixed_count,10,against_baseline_fixed_count_10,aitchison_fixed_count_10,1,1
19920405,1992,aitchison,fixed_count,10,against_preferred_greenacre_weighted_power_0175,greenacre_weighted_power_0175,0.8481490584480846,0.840918335074722
19920405,1992,greenacre_weighted_lra,fixed_count,10,against_baseline_fixed_count_10,greenacre_weighted_lra_fixed_count_10,1,1
19920405,1992,greenacre_weighted_lra,fixed_count,10,against_preferred_greenacre_weighted_power_0175,greenacre_weighted_power_0175,0.9837767257065989,0.986423155430023
19920405,1992,aitchison,fixed_count,25,against_baseline_fixed_count_10,aitchison_fixed_count_10,0.9922272035522333,0.991240644830332
19920405,1992,aitchison,fixed_count,25,against_preferred_greenacre_weighted_power_0175,greenacre_weighted_power_0175,0.8920894436069119,0.8855253371537247
19920405,1992,greenacre_weighted_lra,fixed_count,25,against_baseline_fixed_count_10,greenacre_weighted_lra_fixed_count_10,0.9966328432049433,0.9967385444952823
19920405,1992,greenacre_weighted_lra,fixed_count,25,against_preferred_greenacre_weighted_power_0175,greenacre_weighted_power_0175,0.9739895416390464,0.9793162439983554
19920405,1992,aitchison,fixed_count,50,against_baseline_fixed_count_10,aitchison_fixed_count_10,0.9714049617034604,0.9691894223483762
19920405,1992,aitchison,fixed_count,50,against_preferred_greenacre_weighted_power_0175,greenacre_weighted_power_0175,0.9214476419934062,0.9184490535235573
19920405,1992,greenacre_weighted_lra,fixed_count,50,against_baseline_fixed_count_10,greenacre_weighted_lra_fixed_count_10,0.9900983976720246,0.9902509646228993
19920405,1992,greenacre_weighted_lra,fixed_count,50,against_preferred_greenacre_weighted_power_0175,greenacre_weighted_power_0175,0.963042523915585,0.9703145733140932
19920405,1992,aitchison,share_floor,1e-6,against_baseline_fixed_count_10,aitchison_fixed_count_10,0.9549239200195003,0.9807600755189314
19920405,1992,aitchison,share_floor,1e-6,against_preferred_greenacre_weighted_power_0175,greenacre_weighted_power_0175,0.7086203510988425,0.7925028165497847
19920405,1992,greenacre_weighted_lra,share_floor,1e-6,against_baseline_fixed_count_10,greenacre_weighted_lra_fixed_count_10,0.9473978482971883,0.9475690431081671
19920405,1992,greenacre_weighted_lra,share_floor,1e-6,against_preferred_greenacre_weighted_power_0175,greenacre_weighted_power_0175,0.961400046967125,0.9578667981117028
19920405,1992,aitchison,share_floor,5e-6,against_baseline_fixed_count_10,aitchison_fixed_count_10,0.9758102711726557,0.982291509529388
19920405,1992,aitchison,share_floor,5e-6,against_preferred_greenacre_weighted_power_0175,greenacre_weighted_power_0175,0.7612895017952351,0.7983863388039549
19920405,1992,greenacre_weighted_lra,share_floor,5e-6,against_baseline_fixed_count_10,greenacre_weighted_lra_fixed_count_10,0.9812393950423589,0.9820092582890343
19920405,1992,greenacre_weighted_lra,share_floor,5e-6,against_preferred_greenacre_weighted_power_0175,greenacre_weighted_power_0175,0.9839751007899878,0.9827982827041907
19920405,1992,aitchison,share_floor,1e-5,against_baseline_fixed_count_10,aitchison_fixed_count_10,0.9842323697297756,0.9842798674516527
19920405,1992,aitchison,share_floor,1e-5,against_preferred_greenacre_weighted_power_0175,greenacre_weighted_power_0175,0.7891961185122363,0.8046040729002306
19920405,1992,greenacre_weighted_lra,share_floor,1e-5,against_baseline_fixed_count_10,greenacre_weighted_lra_fixed_count_10,0.9908788798459223,0.991203954757866
19920405,1992,greenacre_weighted_lra,share_floor,1e-5,against_preferred_greenacre_weighted_power_0175,greenacre_weighted_power_0175,0.9883915661152227,0.9881156941336916
19920405,1992,aitchison,share_floor,5e-5,against_baseline_fixed_count_10,aitchison_fixed_count_10,0.9931046715501244,0.9909591582479023
19920405,1992,aitchison,share_floor,5e-5,against_preferred_greenacre_weighted_power_0175,greenacre_weighted_power_0175,0.8654301380296708,0.8601993550104146
19920405,1992,greenacre_weighted_lra,share_floor,5e-5,against_baseline_fixed_count_10,greenacre_weighted_lra_fixed_count_10,0.9983165704843445,0.9981597123543218
19920405,1992,greenacre_weighted_lra,share_floor,5e-5,against_preferred_greenacre_weighted_power_0175,greenacre_weighted_power_0175,0.9835639831636961,0.9868624371335971
19940327,1994,aitchison,fixed_count,1,against_baseline_fixed_count_10,aitchison_fixed_count_10,0.9949599098727326,0.9922936411090902
19940327,1994,aitchison,fixed_count,1,against_preferred_greenacre_weighted_power_0175,greenacre_weighted_power_0175,0.8792246656192896,0.8306783574902422
19940327,1994,greenacre_weighted_lra,fixed_count,1,against_baseline_fixed_count_10,greenacre_weighted_lra_fixed_count_10,0.9960733164906267,0.9962312058691044
19940327,1994,greenacre_weighted_lra,fixed_count,1,against_preferred_greenacre_weighted_power_0175,greenacre_weighted_power_0175,0.9681383470751777,0.9672355835580008
19940327,1994,aitchison,fixed_count,5,against_baseline_fixed_count_10,aitchison_fixed_count_10,0.9993163808615858,0.9989440936066967
19940327,1994,aitchison,fixed_count,5,against_preferred_greenacre_weighted_power_0175,greenacre_weighted_power_0175,0.8895575987721398,0.8465555191788724
19940327,1994,greenacre_weighted_lra,fixed_count,5,against_baseline_fixed_count_10,greenacre_weighted_lra_fixed_count_10,0.9994986427908459,0.9994873242258353
19940327,1994,greenacre_weighted_lra,fixed_count,5,against_preferred_greenacre_weighted_power_0175,greenacre_weighted_power_0175,0.9657315731924186,0.9672171815658233
19940327,1994,aitchison,fixed_count,10,against_baseline_fixed_count_10,aitchison_fixed_count_10,0.9999999999999999,1
19940327,1994,aitchison,fixed_count,10,against_preferred_greenacre_weighted_power_0175,greenacre_weighted_power_0175,0.8938359516315474,0.8535021078430688
19940327,1994,greenacre_weighted_lra,fixed_count,10,against_baseline_fixed_count_10,greenacre_weighted_lra_fixed_count_10,1,1
19940327,1994,greenacre_weighted_lra,fixed_count,10,against_preferred_greenacre_weighted_power_0175,greenacre_weighted_power_0175,0.9632128899582781,0.9661313363290626
19940327,1994,aitchison,fixed_count,25,against_baseline_fixed_count_10,aitchison_fixed_count_10,0.9980792518603421,0.9971374031446673
19940327,1994,aitchison,fixed_count,25,against_preferred_greenacre_weighted_power_0175,greenacre_weighted_power_0175,0.8981935516040603,0.8613524457216413
19940327,1994,greenacre_weighted_lra,fixed_count,25,against_baseline_fixed_count_10,greenacre_weighted_lra_fixed_count_10,0.998694689111474,0.9985948775635296
19940327,1994,greenacre_weighted_lra,fixed_count,25,against_preferred_greenacre_weighted_power_0175,greenacre_weighted_power_0175,0.9573763112135267,0.962483086739079
19940327,1994,aitchison,fixed_count,50,against_baseline_fixed_count_10,aitchison_fixed_count_10,0.9925369125117893,0.9890680685456549
19940327,1994,aitchison,fixed_count,50,against_preferred_greenacre_weighted_power_0175,greenacre_weighted_power_0175,0.8990794802877797,0.8645940673283169
19940327,1994,greenacre_weighted_lra,fixed_count,50,against_baseline_fixed_count_10,greenacre_weighted_lra_fixed_count_10,0.9951240784893841,0.9946061758348528
19940327,1994,greenacre_weighted_lra,fixed_count,50,against_preferred_greenacre_weighted_power_0175,greenacre_weighted_power_0175,0.9499610075098702,0.956826363125313
19940327,1994,aitchison,share_floor,1e-6,against_baseline_fixed_count_10,aitchison_fixed_count_10,0.971212263772072,0.9550551583751493
19940327,1994,aitchison,share_floor,1e-6,against_preferred_greenacre_weighted_power_0175,greenacre_weighted_power_0175,0.8729990559344178,0.8210283618162134
19940327,1994,greenacre_weighted_lra,share_floor,1e-6,against_baseline_fixed_count_10,greenacre_weighted_lra_fixed_count_10,0.9783715911983428,0.9766625067497757
19940327,1994,greenacre_weighted_lra,share_floor,1e-6,against_preferred_greenacre_weighted_power_0175,greenacre_weighted_power_0175,0.9790049270922203,0.9781439186798123
19940327,1994,aitchison,share_floor,5e-6,against_baseline_fixed_count_10,aitchison_fixed_count_10,0.9754246461180434,0.9612106565438233
19940327,1994,aitchison,share_floor,5e-6,against_preferred_greenacre_weighted_power_0175,greenacre_weighted_power_0175,0.8851521745985556,0.8377119372382703
19940327,1994,greenacre_weighted_lra,share_floor,5e-6,against_baseline_fixed_count_10,greenacre_weighted_lra_fixed_count_10,0.9824016369523242,0.980142423045955
19940327,1994,greenacre_weighted_lra,share_floor,5e-6,against_preferred_greenacre_weighted_power_0175,greenacre_weighted_power_0175,0.9821123270300599,0.9824360444989778
19940327,1994,aitchison,share_floor,1e-5,against_baseline_fixed_count_10,aitchison_fixed_count_10,0.9771588961275773,0.9638621969501009
19940327,1994,aitchison,share_floor,1e-5,against_preferred_greenacre_weighted_power_0175,greenacre_weighted_power_0175,0.89131210993555,0.8468386797647451
19940327,1994,greenacre_weighted_lra,share_floor,1e-5,against_baseline_fixed_count_10,greenacre_weighted_lra_fixed_count_10,0.9839394557533755,0.9814664312354873
19940327,1994,greenacre_weighted_lra,share_floor,1e-5,against_preferred_greenacre_weighted_power_0175,greenacre_weighted_power_0175,0.9832040126549011,0.9842612863755034
19940327,1994,aitchison,share_floor,5e-5,against_baseline_fixed_count_10,aitchison_fixed_count_10,0.9792367548230431,0.9676955512706784
19940327,1994,aitchison,share_floor,5e-5,against_preferred_greenacre_weighted_power_0175,greenacre_weighted_power_0175,0.9074958942366455,0.8712976132103892
19940327,1994,greenacre_weighted_lra,share_floor,5e-5,against_baseline_fixed_count_10,greenacre_weighted_lra_fixed_count_10,0.9855937851720198,0.9824096298916183
19940327,1994,greenacre_weighted_lra,share_floor,5e-5,against_preferred_greenacre_weighted_power_0175,greenacre_weighted_power_0175,0.9837543884369435,0.9867643730621799
19960421,1996,aitchison,fixed_count,1,against_baseline_fixed_count_10,aitchison_fixed_count_10,0.9924131073188052,0.9954956916333815
19960421,1996,aitchison,fixed_count,1,against_preferred_greenacre_weighted_power_0175,greenacre_weighted_power_0175,0.8765161897458902,0.8958563661959974
19960421,1996,greenacre_weighted_lra,fixed_count,1,against_baseline_fixed_count_10,greenacre_weighted_lra_fixed_count_10,0.9879017262747856,0.9858747265713435
19960421,1996,greenacre_weighted_lra,fixed_count,1,against_preferred_greenacre_weighted_power_0175,greenacre_weighted_power_0175,0.9477346827193677,0.9531532815790914
19960421,1996,aitchison,fixed_count,5,against_baseline_fixed_count_10,aitchison_fixed_count_10,0.9989459024153103,0.9993512346112743
19960421,1996,aitchison,fixed_count,5,against_preferred_greenacre_weighted_power_0175,greenacre_weighted_power_0175,0.8945934566213855,0.905784109830841
19960421,1996,greenacre_weighted_lra,fixed_count,5,against_baseline_fixed_count_10,greenacre_weighted_lra_fixed_count_10,0.9983929493338446,0.9978067953584469
19960421,1996,greenacre_weighted_lra,fixed_count,5,against_preferred_greenacre_weighted_power_0175,greenacre_weighted_power_0175,0.9599966313137872,0.9669686627272656
19960421,1996,aitchison,fixed_count,10,against_baseline_fixed_count_10,aitchison_fixed_count_10,1,1
19960421,1996,aitchison,fixed_count,10,against_preferred_greenacre_weighted_power_0175,greenacre_weighted_power_0175,0.902677207146427,0.9104862300916983
19960421,1996,greenacre_weighted_lra,fixed_count,10,against_baseline_fixed_count_10,greenacre_weighted_lra_fixed_count_10,0.9999999999999998,1
19960421,1996,greenacre_weighted_lra,fixed_count,10,against_preferred_greenacre_weighted_power_0175,greenacre_weighted_power_0175,0.9631209705755943,0.9711387106512297
19960421,1996,aitchison,fixed_count,25,against_baseline_fixed_count_10,aitchison_fixed_count_10,0.9969249094508426,0.997981637574797
19960421,1996,aitchison,fixed_count,25,against_preferred_greenacre_weighted_power_0175,greenacre_weighted_power_0175,0.911908887561418,0.9165101934502876
19960421,1996,greenacre_weighted_lra,fixed_count,25,against_baseline_fixed_count_10,greenacre_weighted_lra_fixed_count_10,0.995658881953782,0.9935929080680516
19960421,1996,greenacre_weighted_lra,fixed_count,25,against_preferred_greenacre_weighted_power_0175,greenacre_weighted_power_0175,0.9620056787554176,0.9695622647338717
19960421,1996,aitchison,fixed_count,50,against_baseline_fixed_count_10,aitchison_fixed_count_10,0.9878067370832248,0.9913818801150719
19960421,1996,aitchison,fixed_count,50,against_preferred_greenacre_weighted_power_0175,greenacre_weighted_power_0175,0.9153498204103885,0.9189561240808034
19960421,1996,greenacre_weighted_lra,fixed_count,50,against_baseline_fixed_count_10,greenacre_weighted_lra_fixed_count_10,0.9836275338895553,0.9756651418067975
19960421,1996,greenacre_weighted_lra,fixed_count,50,against_preferred_greenacre_weighted_power_0175,greenacre_weighted_power_0175,0.9537955692424975,0.957160685467521
19960421,1996,aitchison,share_floor,1e-6,against_baseline_fixed_count_10,aitchison_fixed_count_10,0.975311335832015,0.977003644170138
19960421,1996,aitchison,share_floor,1e-6,against_preferred_greenacre_weighted_power_0175,greenacre_weighted_power_0175,0.8669628108238897,0.895745297717749
19960421,1996,greenacre_weighted_lra,share_floor,1e-6,against_baseline_fixed_count_10,greenacre_weighted_lra_fixed_count_10,0.9642603700969192,0.9715409216244547
19960421,1996,greenacre_weighted_lra,share_floor,1e-6,against_preferred_greenacre_weighted_power_0175,greenacre_weighted_power_0175,0.948537082603545,0.9494861852113888
19960421,1996,aitchison,share_floor,5e-6,against_baseline_fixed_count_10,aitchison_fixed_count_10,0.9818104364115888,0.9805808451186122
19960421,1996,aitchison,share_floor,5e-6,against_preferred_greenacre_weighted_power_0175,greenacre_weighted_power_0175,0.8844277743076995,0.9037241976960245
19960421,1996,greenacre_weighted_lra,share_floor,5e-6,against_baseline_fixed_count_10,greenacre_weighted_lra_fixed_count_10,0.9758803240280068,0.9815782957740203
19960421,1996,greenacre_weighted_lra,share_floor,5e-6,against_preferred_greenacre_weighted_power_0175,greenacre_weighted_power_0175,0.9657210113653728,0.9624897207140409
19960421,1996,aitchison,share_floor,1e-5,against_baseline_fixed_count_10,aitchison_fixed_count_10,0.9842755293083039,0.9823523785143232
19960421,1996,aitchison,share_floor,1e-5,against_preferred_greenacre_weighted_power_0175,greenacre_weighted_power_0175,0.8932062114592586,0.9092392816239195
19960421,1996,greenacre_weighted_lra,share_floor,1e-5,against_baseline_fixed_count_10,greenacre_weighted_lra_fixed_count_10,0.9800743203248335,0.9866956416502929
19960421,1996,greenacre_weighted_lra,share_floor,1e-5,against_preferred_greenacre_weighted_power_0175,greenacre_weighted_power_0175,0.9732470607188431,0.9701846020073492
19960421,1996,aitchison,share_floor,5e-5,against_baseline_fixed_count_10,aitchison_fixed_count_10,0.9857336452603103,0.9838527700032353
19960421,1996,aitchison,share_floor,5e-5,against_preferred_greenacre_weighted_power_0175,greenacre_weighted_power_0175,0.9154667420261359,0.9240774637663882
19960421,1996,greenacre_weighted_lra,share_floor,5e-5,against_baseline_fixed_count_10,greenacre_weighted_lra_fixed_count_10,0.9820176378502035,0.9902683412688202
19960421,1996,greenacre_weighted_lra,share_floor,5e-5,against_preferred_greenacre_weighted_power_0175,greenacre_weighted_power_0175,0.9864810305552127,0.9836218291059964
20010513,2001,aitchison,fixed_count,1,against_baseline_fixed_count_10,aitchison_fixed_count_10,0.9869477422658544,0.995938431635059
20010513,2001,aitchison,fixed_count,1,against_preferred_greenacre_weighted_power_0175,greenacre_weighted_power_0175,0.9463890807589491,0.9551206976779006
20010513,2001,greenacre_weighted_lra,fixed_count,1,against_baseline_fixed_count_10,greenacre_weighted_lra_fixed_count_10,0.9859238248748086,0.9947412595990794
20010513,2001,greenacre_weighted_lra,fixed_count,1,against_preferred_greenacre_weighted_power_0175,greenacre_weighted_power_0175,0.9628942791203956,0.9786719023040285
20010513,2001,aitchison,fixed_count,5,against_baseline_fixed_count_10,aitchison_fixed_count_10,0.998242909463712,0.9990022789779266
20010513,2001,aitchison,fixed_count,5,against_preferred_greenacre_weighted_power_0175,greenacre_weighted_power_0175,0.9585405640794192,0.9583877737177621
20010513,2001,greenacre_weighted_lra,fixed_count,5,against_baseline_fixed_count_10,greenacre_weighted_lra_fixed_count_10,0.9981148918335045,0.9987044425580269
20010513,2001,greenacre_weighted_lra,fixed_count,5,against_preferred_greenacre_weighted_power_0175,greenacre_weighted_power_0175,0.9775829790795484,0.9831832159733006
20010513,2001,aitchison,fixed_count,10,against_baseline_fixed_count_10,aitchison_fixed_count_10,0.9999999999999999,1
20010513,2001,aitchison,fixed_count,10,against_preferred_greenacre_weighted_power_0175,greenacre_weighted_power_0175,0.9611138971035994,0.9594418945630959
20010513,2001,greenacre_weighted_lra,fixed_count,10,against_baseline_fixed_count_10,greenacre_weighted_lra_fixed_count_10,1,1
20010513,2001,greenacre_weighted_lra,fixed_count,10,against_preferred_greenacre_weighted_power_0175,greenacre_weighted_power_0175,0.9811860898212682,0.9851931640976942
20010513,2001,aitchison,fixed_count,25,against_baseline_fixed_count_10,aitchison_fixed_count_10,0.9951950675509146,0.9960048015337287
20010513,2001,aitchison,fixed_count,25,against_preferred_greenacre_weighted_power_0175,greenacre_weighted_power_0175,0.9581956635343674,0.9561223843794556
20010513,2001,greenacre_weighted_lra,fixed_count,25,against_baseline_fixed_count_10,greenacre_weighted_lra_fixed_count_10,0.9949051606481855,0.9953228081305682
20010513,2001,greenacre_weighted_lra,fixed_count,25,against_preferred_greenacre_weighted_power_0175,greenacre_weighted_power_0175,0.9793697961500452,0.982693280591052
20010513,2001,aitchison,fixed_count,50,against_baseline_fixed_count_10,aitchison_fixed_count_10,0.9818523369071404,0.983865039274539
20010513,2001,aitchison,fixed_count,50,against_preferred_greenacre_weighted_power_0175,greenacre_weighted_power_0175,0.9472817426608136,0.9450947574689964
20010513,2001,greenacre_weighted_lra,fixed_count,50,against_baseline_fixed_count_10,greenacre_weighted_lra_fixed_count_10,0.9809150466752904,0.9820051266157002
20010513,2001,greenacre_weighted_lra,fixed_count,50,against_preferred_greenacre_weighted_power_0175,greenacre_weighted_power_0175,0.9689864261234961,0.97192390140215
20010513,2001,aitchison,share_floor,1e-6,against_baseline_fixed_count_10,aitchison_fixed_count_10,0.9662534110289167,0.9850987054489656
20010513,2001,aitchison,share_floor,1e-6,against_preferred_greenacre_weighted_power_0175,greenacre_weighted_power_0175,0.9421517392757283,0.9628860157888995
20010513,2001,greenacre_weighted_lra,share_floor,1e-6,against_baseline_fixed_count_10,greenacre_weighted_lra_fixed_count_10,0.9641239795911186,0.9836647398398713
20010513,2001,greenacre_weighted_lra,share_floor,1e-6,against_preferred_greenacre_weighted_power_0175,greenacre_weighted_power_0175,0.9577356042038667,0.9863146670978349
20010513,2001,aitchison,share_floor,5e-6,against_baseline_fixed_count_10,aitchison_fixed_count_10,0.9786736827490824,0.9863876659582292
20010513,2001,aitchison,share_floor,5e-6,against_preferred_greenacre_weighted_power_0175,greenacre_weighted_power_0175,0.9582243367947837,0.9648055603467754
20010513,2001,greenacre_weighted_lra,share_floor,5e-6,against_baseline_fixed_count_10,greenacre_weighted_lra_fixed_count_10,0.9776440384950479,0.9852982781035011
20010513,2001,greenacre_weighted_lra,share_floor,5e-6,against_preferred_greenacre_weighted_power_0175,greenacre_weighted_power_0175,0.9764128221335852,0.9886902877037835
20010513,2001,aitchison,share_floor,1e-5,against_baseline_fixed_count_10,aitchison_fixed_count_10,0.9832570041983194,0.9874303754920974
20010513,2001,aitchison,share_floor,1e-5,against_preferred_greenacre_weighted_power_0175,greenacre_weighted_power_0175,0.9649630313797029,0.9662237287581684
20010513,2001,greenacre_weighted_lra,share_floor,1e-5,against_baseline_fixed_count_10,greenacre_weighted_lra_fixed_count_10,0.9826095603693016,0.9866346357065034
20010513,2001,greenacre_weighted_lra,share_floor,1e-5,against_preferred_greenacre_weighted_power_0175,greenacre_weighted_power_0175,0.984347186714393,0.9907523975164417
20010513,2001,aitchison,share_floor,5e-5,against_baseline_fixed_count_10,aitchison_fixed_count_10,0.9858940807790222,0.9886150816264712
20010513,2001,aitchison,share_floor,5e-5,against_preferred_greenacre_weighted_power_0175,greenacre_weighted_power_0175,0.974843225711506,0.9698525083972019
20010513,2001,greenacre_weighted_lra,share_floor,5e-5,against_baseline_fixed_count_10,greenacre_weighted_lra_fixed_count_10,0.9853372152003742,0.9880239296125406
20010513,2001,greenacre_weighted_lra,share_floor,5e-5,against_preferred_greenacre_weighted_power_0175,greenacre_weighted_power_0175,0.9966572432984553,0.9966842276720634
20060409,2006,aitchison,fixed_count,1,against_baseline_fixed_count_10,aitchison_fixed_count_10,1,1
20060409,2006,aitchison,fixed_count,1,against_preferred_greenacre_weighted_power_0175,greenacre_weighted_power_0175,0.9229145692841807,0.916919165470111
20060409,2006,greenacre_weighted_lra,fixed_count,1,against_baseline_fixed_count_10,greenacre_weighted_lra_fixed_count_10,1,1
20060409,2006,greenacre_weighted_lra,fixed_count,1,against_preferred_greenacre_weighted_power_0175,greenacre_weighted_power_0175,0.9804015068356955,0.9833542403310375
20060409,2006,aitchison,fixed_count,5,against_baseline_fixed_count_10,aitchison_fixed_count_10,1,1
20060409,2006,aitchison,fixed_count,5,against_preferred_greenacre_weighted_power_0175,greenacre_weighted_power_0175,0.9229145692841807,0.916919165470111
20060409,2006,greenacre_weighted_lra,fixed_count,5,against_baseline_fixed_count_10,greenacre_weighted_lra_fixed_count_10,1,1
20060409,2006,greenacre_weighted_lra,fixed_count,5,against_preferred_greenacre_weighted_power_0175,greenacre_weighted_power_0175,0.9804015068356955,0.9833542403310375
20060409,2006,aitchison,fixed_count,10,against_baseline_fixed_count_10,aitchison_fixed_count_10,1,1
20060409,2006,aitchison,fixed_count,10,against_preferred_greenacre_weighted_power_0175,greenacre_weighted_power_0175,0.9229145692841807,0.916919165470111
20060409,2006,greenacre_weighted_lra,fixed_count,10,against_baseline_fixed_count_10,greenacre_weighted_lra_fixed_count_10,1,1
20060409,2006,greenacre_weighted_lra,fixed_count,10,against_preferred_greenacre_weighted_power_0175,greenacre_weighted_power_0175,0.9804015068356955,0.9833542403310375
20060409,2006,aitchison,fixed_count,25,against_baseline_fixed_count_10,aitchison_fixed_count_10,1,1
20060409,2006,aitchison,fixed_count,25,against_preferred_greenacre_weighted_power_0175,greenacre_weighted_power_0175,0.9229145692841807,0.916919165470111
20060409,2006,greenacre_weighted_lra,fixed_count,25,against_baseline_fixed_count_10,greenacre_weighted_lra_fixed_count_10,1,1
20060409,2006,greenacre_weighted_lra,fixed_count,25,against_preferred_greenacre_weighted_power_0175,greenacre_weighted_power_0175,0.9804015068356955,0.9833542403310375
20060409,2006,aitchison,fixed_count,50,against_baseline_fixed_count_10,aitchison_fixed_count_10,1,1
20060409,2006,aitchison,fixed_count,50,against_preferred_greenacre_weighted_power_0175,greenacre_weighted_power_0175,0.9229145692841807,0.916919165470111
20060409,2006,greenacre_weighted_lra,fixed_count,50,against_baseline_fixed_count_10,greenacre_weighted_lra_fixed_count_10,1,1
20060409,2006,greenacre_weighted_lra,fixed_count,50,against_preferred_greenacre_weighted_power_0175,greenacre_weighted_power_0175,0.9804015068356955,0.9833542403310375
20060409,2006,aitchison,share_floor,1e-6,against_baseline_fixed_count_10,aitchison_fixed_count_10,1,1
20060409,2006,aitchison,share_floor,1e-6,against_preferred_greenacre_weighted_power_0175,greenacre_weighted_power_0175,0.9229145692841807,0.916919165470111
20060409,2006,greenacre_weighted_lra,share_floor,1e-6,against_baseline_fixed_count_10,greenacre_weighted_lra_fixed_count_10,1,1
20060409,2006,greenacre_weighted_lra,share_floor,1e-6,against_preferred_greenacre_weighted_power_0175,greenacre_weighted_power_0175,0.9804015068356955,0.9833542403310375
20060409,2006,aitchison,share_floor,5e-6,against_baseline_fixed_count_10,aitchison_fixed_count_10,1,1
20060409,2006,aitchison,share_floor,5e-6,against_preferred_greenacre_weighted_power_0175,greenacre_weighted_power_0175,0.9229145692841807,0.916919165470111
20060409,2006,greenacre_weighted_lra,share_floor,5e-6,against_baseline_fixed_count_10,greenacre_weighted_lra_fixed_count_10,1,1
20060409,2006,greenacre_weighted_lra,share_floor,5e-6,against_preferred_greenacre_weighted_power_0175,greenacre_weighted_power_0175,0.9804015068356955,0.9833542403310375
20060409,2006,aitchison,share_floor,1e-5,against_baseline_fixed_count_10,aitchison_fixed_count_10,1,1
20060409,2006,aitchison,share_floor,1e-5,against_preferred_greenacre_weighted_power_0175,greenacre_weighted_power_0175,0.9229145692841807,0.916919165470111
20060409,2006,greenacre_weighted_lra,share_floor,1e-5,against_baseline_fixed_count_10,greenacre_weighted_lra_fixed_count_10,1,1
20060409,2006,greenacre_weighted_lra,share_floor,1e-5,against_preferred_greenacre_weighted_power_0175,greenacre_weighted_power_0175,0.9804015068356955,0.9833542403310375
20060409,2006,aitchison,share_floor,5e-5,against_baseline_fixed_count_10,aitchison_fixed_count_10,1,1
20060409,2006,aitchison,share_floor,5e-5,against_preferred_greenacre_weighted_power_0175,greenacre_weighted_power_0175,0.9229145692841807,0.916919165470111
20060409,2006,greenacre_weighted_lra,share_floor,5e-5,against_baseline_fixed_count_10,greenacre_weighted_lra_fixed_count_10,1,1
20060409,2006,greenacre_weighted_lra,share_floor,5e-5,against_preferred_greenacre_weighted_power_0175,greenacre_weighted_power_0175,0.9804015068356955,0.9833542403310375
20080413,2008,aitchison,fixed_count,1,against_baseline_fixed_count_10,aitchison_fixed_count_10,1,1
20080413,2008,aitchison,fixed_count,1,against_preferred_greenacre_weighted_power_0175,greenacre_weighted_power_0175,0.9499898174467424,0.9434240233529735
20080413,2008,greenacre_weighted_lra,fixed_count,1,against_baseline_fixed_count_10,greenacre_weighted_lra_fixed_count_10,1,1
20080413,2008,greenacre_weighted_lra,fixed_count,1,against_preferred_greenacre_weighted_power_0175,greenacre_weighted_power_0175,0.9750018121017611,0.9778551304567101
20080413,2008,aitchison,fixed_count,5,against_baseline_fixed_count_10,aitchison_fixed_count_10,1,1
20080413,2008,aitchison,fixed_count,5,against_preferred_greenacre_weighted_power_0175,greenacre_weighted_power_0175,0.9499898174467424,0.9434240233529735
20080413,2008,greenacre_weighted_lra,fixed_count,5,against_baseline_fixed_count_10,greenacre_weighted_lra_fixed_count_10,1,1
20080413,2008,greenacre_weighted_lra,fixed_count,5,against_preferred_greenacre_weighted_power_0175,greenacre_weighted_power_0175,0.9750018121017611,0.9778551304567101
20080413,2008,aitchison,fixed_count,10,against_baseline_fixed_count_10,aitchison_fixed_count_10,1,1
20080413,2008,aitchison,fixed_count,10,against_preferred_greenacre_weighted_power_0175,greenacre_weighted_power_0175,0.9499898174467424,0.9434240233529735
20080413,2008,greenacre_weighted_lra,fixed_count,10,against_baseline_fixed_count_10,greenacre_weighted_lra_fixed_count_10,1,1
20080413,2008,greenacre_weighted_lra,fixed_count,10,against_preferred_greenacre_weighted_power_0175,greenacre_weighted_power_0175,0.9750018121017611,0.9778551304567101
20080413,2008,aitchison,fixed_count,25,against_baseline_fixed_count_10,aitchison_fixed_count_10,1,1
20080413,2008,aitchison,fixed_count,25,against_preferred_greenacre_weighted_power_0175,greenacre_weighted_power_0175,0.9499898174467424,0.9434240233529735
20080413,2008,greenacre_weighted_lra,fixed_count,25,against_baseline_fixed_count_10,greenacre_weighted_lra_fixed_count_10,1,1
20080413,2008,greenacre_weighted_lra,fixed_count,25,against_preferred_greenacre_weighted_power_0175,greenacre_weighted_power_0175,0.9750018121017611,0.9778551304567101
20080413,2008,aitchison,fixed_count,50,against_baseline_fixed_count_10,aitchison_fixed_count_10,1,1
20080413,2008,aitchison,fixed_count,50,against_preferred_greenacre_weighted_power_0175,greenacre_weighted_power_0175,0.9499898174467424,0.9434240233529735
20080413,2008,greenacre_weighted_lra,fixed_count,50,against_baseline_fixed_count_10,greenacre_weighted_lra_fixed_count_10,1,1
20080413,2008,greenacre_weighted_lra,fixed_count,50,against_preferred_greenacre_weighted_power_0175,greenacre_weighted_power_0175,0.9750018121017611,0.9778551304567101
20080413,2008,aitchison,share_floor,1e-6,against_baseline_fixed_count_10,aitchison_fixed_count_10,1,1
20080413,2008,aitchison,share_floor,1e-6,against_preferred_greenacre_weighted_power_0175,greenacre_weighted_power_0175,0.9499898174467424,0.9434240233529735
20080413,2008,greenacre_weighted_lra,share_floor,1e-6,against_baseline_fixed_count_10,greenacre_weighted_lra_fixed_count_10,1,1
20080413,2008,greenacre_weighted_lra,share_floor,1e-6,against_preferred_greenacre_weighted_power_0175,greenacre_weighted_power_0175,0.9750018121017611,0.9778551304567101
20080413,2008,aitchison,share_floor,5e-6,against_baseline_fixed_count_10,aitchison_fixed_count_10,1,1
20080413,2008,aitchison,share_floor,5e-6,against_preferred_greenacre_weighted_power_0175,greenacre_weighted_power_0175,0.9499898174467424,0.9434240233529735
20080413,2008,greenacre_weighted_lra,share_floor,5e-6,against_baseline_fixed_count_10,greenacre_weighted_lra_fixed_count_10,1,1
20080413,2008,greenacre_weighted_lra,share_floor,5e-6,against_preferred_greenacre_weighted_power_0175,greenacre_weighted_power_0175,0.9750018121017611,0.9778551304567101
20080413,2008,aitchison,share_floor,1e-5,against_baseline_fixed_count_10,aitchison_fixed_count_10,1,1
20080413,2008,aitchison,share_floor,1e-5,against_preferred_greenacre_weighted_power_0175,greenacre_weighted_power_0175,0.9499898174467424,0.9434240233529735
20080413,2008,greenacre_weighted_lra,share_floor,1e-5,against_baseline_fixed_count_10,greenacre_weighted_lra_fixed_count_10,1,1
20080413,2008,greenacre_weighted_lra,share_floor,1e-5,against_preferred_greenacre_weighted_power_0175,greenacre_weighted_power_0175,0.9750018121017611,0.9778551304567101
20080413,2008,aitchison,share_floor,5e-5,against_baseline_fixed_count_10,aitchison_fixed_count_10,1,1
20080413,2008,aitchison,share_floor,5e-5,against_preferred_greenacre_weighted_power_0175,greenacre_weighted_power_0175,0.9499898174467424,0.9434240233529735
20080413,2008,greenacre_weighted_lra,share_floor,5e-5,against_baseline_fixed_count_10,greenacre_weighted_lra_fixed_count_10,1,1
20080413,2008,greenacre_weighted_lra,share_floor,5e-5,against_preferred_greenacre_weighted_power_0175,greenacre_weighted_power_0175,0.9750018121017611,0.9778551304567101
20130224,2013,aitchison,fixed_count,1,against_baseline_fixed_count_10,aitchison_fixed_count_10,0.9846690230702361,0.9999991532503175
20130224,2013,aitchison,fixed_count,1,against_preferred_greenacre_weighted_power_0175,greenacre_weighted_power_0175,0.898805641542659,0.919801721484787
20130224,2013,greenacre_weighted_lra,fixed_count,1,against_baseline_fixed_count_10,greenacre_weighted_lra_fixed_count_10,0.9885834075325456,0.9999193134796717
20130224,2013,greenacre_weighted_lra,fixed_count,1,against_preferred_greenacre_weighted_power_0175,greenacre_weighted_power_0175,0.9798608464726923,0.9851475921704247
20130224,2013,aitchison,fixed_count,5,against_baseline_fixed_count_10,aitchison_fixed_count_10,0.9982767997342861,0.9999998881769602
20130224,2013,aitchison,fixed_count,5,against_preferred_greenacre_weighted_power_0175,greenacre_weighted_power_0175,0.9245883801005618,0.9198077588148981
20130224,2013,greenacre_weighted_lra,fixed_count,5,against_baseline_fixed_count_10,greenacre_weighted_lra_fixed_count_10,0.9988955641337305,0.9999738235214062
20130224,2013,greenacre_weighted_lra,fixed_count,5,against_preferred_greenacre_weighted_power_0175,greenacre_weighted_power_0175,0.9865747208190353,0.9851979355854213
20130224,2013,aitchison,fixed_count,10,against_baseline_fixed_count_10,aitchison_fixed_count_10,1,1
20130224,2013,aitchison,fixed_count,10,against_preferred_greenacre_weighted_power_0175,greenacre_weighted_power_0175,0.9329887815134196,0.9198104720206282
20130224,2013,greenacre_weighted_lra,fixed_count,10,against_baseline_fixed_count_10,greenacre_weighted_lra_fixed_count_10,0.9999999999999999,1
20130224,2013,greenacre_weighted_lra,fixed_count,10,against_preferred_greenacre_weighted_power_0175,greenacre_weighted_power_0175,0.9861876307977425,0.9852098682039238
20130224,2013,aitchison,fixed_count,25,against_baseline_fixed_count_10,aitchison_fixed_count_10,0.9963583588899433,0.999997662926314
20130224,2013,aitchison,fixed_count,25,against_preferred_greenacre_weighted_power_0175,greenacre_weighted_power_0175,0.9396678181146002,0.919833822983054
20130224,2013,greenacre_weighted_lra,fixed_count,25,against_baseline_fixed_count_10,greenacre_weighted_lra_fixed_count_10,0.9980393740874488,0.9997793873461146
20130224,2013,greenacre_weighted_lra,fixed_count,25,against_preferred_greenacre_weighted_power_0175,greenacre_weighted_power_0175,0.9823925738835718,0.9849371073696627
20130224,2013,aitchison,fixed_count,50,against_baseline_fixed_count_10,aitchison_fixed_count_10,0.9880089248669851,0.9999680967334861
20130224,2013,aitchison,fixed_count,50,against_preferred_greenacre_weighted_power_0175,greenacre_weighted_power_0175,0.9402495265728991,0.9198711853166981
20130224,2013,greenacre_weighted_lra,fixed_count,50,against_baseline_fixed_count_10,greenacre_weighted_lra_fixed_count_10,0.9940350780495487,0.9988222205579359
20130224,2013,greenacre_weighted_lra,fixed_count,50,against_preferred_greenacre_weighted_power_0175,greenacre_weighted_power_0175,0.9771548837599469,0.9839247726916285
20130224,2013,aitchison,share_floor,1e-6,against_baseline_fixed_count_10,aitchison_fixed_count_10,0.9732613567601152,0.9999987729405762
20130224,2013,aitchison,share_floor,1e-6,against_preferred_greenacre_weighted_power_0175,greenacre_weighted_power_0175,0.8823047769309589,0.9197990639816922
20130224,2013,greenacre_weighted_lra,share_floor,1e-6,against_baseline_fixed_count_10,greenacre_weighted_lra_fixed_count_10,0.9785881322768045,0.9999154440264926
20130224,2013,greenacre_weighted_lra,share_floor,1e-6,against_preferred_greenacre_weighted_power_0175,greenacre_weighted_power_0175,0.972045388609689,0.9851428898235933
20130224,2013,aitchison,share_floor,5e-6,against_baseline_fixed_count_10,aitchison_fixed_count_10,0.9915543975240022,0.9999996619546331
20130224,2013,aitchison,share_floor,5e-6,against_preferred_greenacre_weighted_power_0175,greenacre_weighted_power_0175,0.9105123339285132,0.9198047548414126
20130224,2013,greenacre_weighted_lra,share_floor,5e-6,against_baseline_fixed_count_10,greenacre_weighted_lra_fixed_count_10,0.9940958272425152,0.9999336069847369
20130224,2013,greenacre_weighted_lra,share_floor,5e-6,against_preferred_greenacre_weighted_power_0175,greenacre_weighted_power_0175,0.9839689817624628,0.9851620848820388
20130224,2013,aitchison,share_floor,1e-5,against_baseline_fixed_count_10,aitchison_fixed_count_10,0.996930823271803,0.9999998757134956
20130224,2013,aitchison,share_floor,1e-5,against_preferred_greenacre_weighted_power_0175,greenacre_weighted_power_0175,0.9213695467743925,0.9198071738676007
20130224,2013,greenacre_weighted_lra,share_floor,1e-5,against_baseline_fixed_count_10,greenacre_weighted_lra_fixed_count_10,0.9979994118203994,0.9999624332376851
20130224,2013,greenacre_weighted_lra,share_floor,1e-5,against_preferred_greenacre_weighted_power_0175,greenacre_weighted_power_0175,0.9863213810338164,0.9851884312536701
20130224,2013,aitchison,share_floor,5e-5,against_baseline_fixed_count_10,aitchison_fixed_count_10,0.9980930769824036,0.9999992058196795
20130224,2013,aitchison,share_floor,5e-5,against_preferred_greenacre_weighted_power_0175,greenacre_weighted_power_0175,0.9387502063233415,0.9198233613318895
20130224,2013,greenacre_weighted_lra,share_floor,5e-5,against_baseline_fixed_count_10,greenacre_weighted_lra_fixed_count_10,0.9989331548738899,0.999900350979728
20130224,2013,greenacre_weighted_lra,share_floor,5e-5,against_preferred_greenacre_weighted_power_0175,greenacre_weighted_power_0175,0.9838506215906639,0.9850758853326528
20180304,2018,aitchison,fixed_count,1,against_baseline_fixed_count_10,aitchison_fixed_count_10,0.9705904238174673,0.9825661586133526
20180304,2018,aitchison,fixed_count,1,against_preferred_greenacre_weighted_power_0175,greenacre_weighted_power_0175,0.6055699794911208,0.7043824673468735
20180304,2018,greenacre_weighted_lra,fixed_count,1,against_baseline_fixed_count_10,greenacre_weighted_lra_fixed_count_10,0.9780151190755744,0.97996389811951
20180304,2018,greenacre_weighted_lra,fixed_count,1,against_preferred_greenacre_weighted_power_0175,greenacre_weighted_power_0175,0.9893652451037978,0.9896012458139445
20180304,2018,aitchison,fixed_count,5,against_baseline_fixed_count_10,aitchison_fixed_count_10,0.9953149194511756,0.9965918617713376
20180304,2018,aitchison,fixed_count,5,against_preferred_greenacre_weighted_power_0175,greenacre_weighted_power_0175,0.6423382079660525,0.7059166922682362
20180304,2018,greenacre_weighted_lra,fixed_count,5,against_baseline_fixed_count_10,greenacre_weighted_lra_fixed_count_10,0.9979666987342591,0.9980700004752759
20180304,2018,greenacre_weighted_lra,fixed_count,5,against_preferred_greenacre_weighted_power_0175,greenacre_weighted_power_0175,0.9892629720132652,0.9907539487652024
20180304,2018,aitchison,fixed_count,10,against_baseline_fixed_count_10,aitchison_fixed_count_10,1,1
20180304,2018,aitchison,fixed_count,10,against_preferred_greenacre_weighted_power_0175,greenacre_weighted_power_0175,0.6585503674601755,0.705797743120423
20180304,2018,greenacre_weighted_lra,fixed_count,10,against_baseline_fixed_count_10,greenacre_weighted_lra_fixed_count_10,1,1
20180304,2018,greenacre_weighted_lra,fixed_count,10,against_preferred_greenacre_weighted_power_0175,greenacre_weighted_power_0175,0.982807298249611,0.9852558723836421
20180304,2018,aitchison,fixed_count,25,against_baseline_fixed_count_10,aitchison_fixed_count_10,0.9854868075481108,0.9862546989637667
20180304,2018,aitchison,fixed_count,25,against_preferred_greenacre_weighted_power_0175,greenacre_weighted_power_0175,0.6737996430570777,0.7129221162837865
20180304,2018,greenacre_weighted_lra,fixed_count,25,against_baseline_fixed_count_10,greenacre_weighted_lra_fixed_count_10,0.996631161773407,0.9963118895346729
20180304,2018,greenacre_weighted_lra,fixed_count,25,against_preferred_greenacre_weighted_power_0175,greenacre_weighted_power_0175,0.9689272928939031,0.9721916539428562
20180304,2018,aitchison,fixed_count,50,against_baseline_fixed_count_10,aitchison_fixed_count_10,0.9440209364713485,0.942053483479768
20180304,2018,aitchison,fixed_count,50,against_preferred_greenacre_weighted_power_0175,greenacre_weighted_power_0175,0.6725658811034508,0.7242428697474584
20180304,2018,greenacre_weighted_lra,fixed_count,50,against_baseline_fixed_count_10,greenacre_weighted_lra_fixed_count_10,0.9901206917475376,0.9886120412373879
20180304,2018,greenacre_weighted_lra,fixed_count,50,against_preferred_greenacre_weighted_power_0175,greenacre_weighted_power_0175,0.9553301165534448,0.9581216513843019
20180304,2018,aitchison,share_floor,1e-6,against_baseline_fixed_count_10,aitchison_fixed_count_10,0.9285260205781147,0.9559176224674292
20180304,2018,aitchison,share_floor,1e-6,against_preferred_greenacre_weighted_power_0175,greenacre_weighted_power_0175,0.5833255858476031,0.7361011510641102
20180304,2018,greenacre_weighted_lra,share_floor,1e-6,against_baseline_fixed_count_10,greenacre_weighted_lra_fixed_count_10,0.9457495503373572,0.9476282813984583
20180304,2018,greenacre_weighted_lra,share_floor,1e-6,against_preferred_greenacre_weighted_power_0175,greenacre_weighted_power_0175,0.9794687137795729,0.9786188272318039
20180304,2018,aitchison,share_floor,5e-6,against_baseline_fixed_count_10,aitchison_fixed_count_10,0.9484233890547488,0.9555169653888398
20180304,2018,aitchison,share_floor,5e-6,against_preferred_greenacre_weighted_power_0175,greenacre_weighted_power_0175,0.6186228215890028,0.7444708955447664
20180304,2018,greenacre_weighted_lra,share_floor,5e-6,against_baseline_fixed_count_10,greenacre_weighted_lra_fixed_count_10,0.9800278765415207,0.9819773614283231
20180304,2018,greenacre_weighted_lra,share_floor,5e-6,against_preferred_greenacre_weighted_power_0175,greenacre_weighted_power_0175,0.9948055052849283,0.9959263530060243
20180304,2018,aitchison,share_floor,1e-5,against_baseline_fixed_count_10,aitchison_fixed_count_10,0.9581139573734796,0.9605324959693593
20180304,2018,aitchison,share_floor,1e-5,against_preferred_greenacre_weighted_power_0175,greenacre_weighted_power_0175,0.6365233665422076,0.7448228174826924
20180304,2018,greenacre_weighted_lra,share_floor,1e-5,against_baseline_fixed_count_10,greenacre_weighted_lra_fixed_count_10,0.9894085541543847,0.9900020168044227
20180304,2018,greenacre_weighted_lra,share_floor,1e-5,against_preferred_greenacre_weighted_power_0175,greenacre_weighted_power_0175,0.995487494586514,0.9965914993560676
20180304,2018,aitchison,share_floor,5e-5,against_baseline_fixed_count_10,aitchison_fixed_count_10,0.9674924350998555,0.9639959235892503
20180304,2018,aitchison,share_floor,5e-5,against_preferred_greenacre_weighted_power_0175,greenacre_weighted_power_0175,0.6817579171436385,0.7379055105797434
20180304,2018,greenacre_weighted_lra,share_floor,5e-5,against_baseline_fixed_count_10,greenacre_weighted_lra_fixed_count_10,0.9960432317889085,0.9957977432109398
20180304,2018,greenacre_weighted_lra,share_floor,5e-5,against_preferred_greenacre_weighted_power_0175,greenacre_weighted_power_0175,0.9819862729676646,0.9853959844943723
20220925,2022,aitchison,fixed_count,1,against_baseline_fixed_count_10,aitchison_fixed_count_10,0.97433462658845,0.9898096231751339
20220925,2022,aitchison,fixed_count,1,against_preferred_greenacre_weighted_power_0175,greenacre_weighted_power_0175,0.82564934373088394,0.8396210521739966
20220925,2022,greenacre_weighted_lra,fixed_count,1,against_baseline_fixed_count_10,greenacre_weighted_lra_fixed_count_10,0.9695805493337508,0.9657448716552556
20220925,2022,greenacre_weighted_lra,fixed_count,1,against_preferred_greenacre_weighted_power_0175,greenacre_weighted_power_0175,0.9804197129627992,0.980061143014049
20220925,2022,aitchison,fixed_count,5,against_baseline_fixed_count_10,aitchison_fixed_count_10,0.9966364822589222,0.9967308001579169
20220925,2022,aitchison,fixed_count,5,against_preferred_greenacre_weighted_power_0175,greenacre_weighted_power_0175,0.8525722828495325,0.8494968229525088
20220925,2022,greenacre_weighted_lra,fixed_count,5,against_baseline_fixed_count_10,greenacre_weighted_lra_fixed_count_10,0.9968008656427291,0.9962398000197974
20220925,2022,greenacre_weighted_lra,fixed_count,5,against_preferred_greenacre_weighted_power_0175,greenacre_weighted_power_0175,0.9900208899459642,0.9906504824433432
20220925,2022,aitchison,fixed_count,10,against_baseline_fixed_count_10,aitchison_fixed_count_10,1,1
20220925,2022,aitchison,fixed_count,10,against_preferred_greenacre_weighted_power_0175,greenacre_weighted_power_0175,0.860914456453538,0.8592754535574363
20220925,2022,greenacre_weighted_lra,fixed_count,10,against_baseline_fixed_count_10,greenacre_weighted_lra_fixed_count_10,1,1
20220925,2022,greenacre_weighted_lra,fixed_count,10,against_preferred_greenacre_weighted_power_0175,greenacre_weighted_power_0175,0.9850288446148191,0.9845590261513311
20220925,2022,aitchison,fixed_count,25,against_baseline_fixed_count_10,aitchison_fixed_count_10,0.9916926361740714,0.9802016776292668
20220925,2022,aitchison,fixed_count,25,against_preferred_greenacre_weighted_power_0175,greenacre_weighted_power_0175,0.8643554258906795,0.8686404768477558
20220925,2022,greenacre_weighted_lra,fixed_count,25,against_baseline_fixed_count_10,greenacre_weighted_lra_fixed_count_10,0.9941276344719036,0.9933212901822353
20220925,2022,greenacre_weighted_lra,fixed_count,25,against_preferred_greenacre_weighted_power_0175,greenacre_weighted_power_0175,0.9686443133670692,0.9660743742573288
20220925,2022,aitchison,fixed_count,50,against_baseline_fixed_count_10,aitchison_fixed_count_10,0.9715918324273433,0.9278308275710635
20220925,2022,aitchison,fixed_count,50,against_preferred_greenacre_weighted_power_0175,greenacre_weighted_power_0175,0.8588659760895746,0.8566379177684321
20220925,2022,greenacre_weighted_lra,fixed_count,50,against_baseline_fixed_count_10,greenacre_weighted_lra_fixed_count_10,0.9822861734003063,0.9805219672939988
20220925,2022,greenacre_weighted_lra,fixed_count,50,against_preferred_greenacre_weighted_power_0175,greenacre_weighted_power_0175,0.9498059619753305,0.9463602902158261
20220925,2022,aitchison,share_floor,1e-6,against_baseline_fixed_count_10,aitchison_fixed_count_10,0.9294228078704757,0.94295217009052
20220925,2022,aitchison,share_floor,1e-6,against_preferred_greenacre_weighted_power_0175,greenacre_weighted_power_0175,0.814402023654288,0.882033455095975
20220925,2022,greenacre_weighted_lra,share_floor,1e-6,against_baseline_fixed_count_10,greenacre_weighted_lra_fixed_count_10,0.9219923801216028,0.9241334669172578
20220925,2022,greenacre_weighted_lra,share_floor,1e-6,against_preferred_greenacre_weighted_power_0175,greenacre_weighted_power_0175,0.9612711360704881,0.9631530020702311
20220925,2022,aitchison,share_floor,5e-6,against_baseline_fixed_count_10,aitchison_fixed_count_10,0.9536802702400332,0.9471233691790677
20220925,2022,aitchison,share_floor,5e-6,against_preferred_greenacre_weighted_power_0175,greenacre_weighted_power_0175,0.8462976800471512,0.8888506947911187
20220925,2022,greenacre_weighted_lra,share_floor,5e-6,against_baseline_fixed_count_10,greenacre_weighted_lra_fixed_count_10,0.9620931548194311,0.9639146019892528
20220925,2022,greenacre_weighted_lra,share_floor,5e-6,against_preferred_greenacre_weighted_power_0175,greenacre_weighted_power_0175,0.9884935331249983,0.9905994818765083
20220925,2022,aitchison,share_floor,1e-5,against_baseline_fixed_count_10,aitchison_fixed_count_10,0.9631591900148548,0.9493990961605475
20220925,2022,aitchison,share_floor,1e-5,against_preferred_greenacre_weighted_power_0175,greenacre_weighted_power_0175,0.8609600871999809,0.8919449608556452
20220925,2022,greenacre_weighted_lra,share_floor,1e-5,against_baseline_fixed_count_10,greenacre_weighted_lra_fixed_count_10,0.9755902640082009,0.9774966584459165
20220925,2022,greenacre_weighted_lra,share_floor,1e-5,against_preferred_greenacre_weighted_power_0175,greenacre_weighted_power_0175,0.9951912931755252,0.9972215290938314
20220925,2022,aitchison,share_floor,5e-5,against_baseline_fixed_count_10,aitchison_fixed_count_10,0.9729751810016466,0.9521869869393469
20220925,2022,aitchison,share_floor,5e-5,against_preferred_greenacre_weighted_power_0175,greenacre_weighted_power_0175,0.8910594119950367,0.9108135219258103
20220925,2022,greenacre_weighted_lra,share_floor,5e-5,against_baseline_fixed_count_10,greenacre_weighted_lra_fixed_count_10,0.988995279562887,0.9895869323951874
20220925,2022,greenacre_weighted_lra,share_floor,5e-5,against_preferred_greenacre_weighted_power_0175,greenacre_weighted_power_0175,0.9903999516206013,0.9889095227618735
