election_date,year,component,retained,manual_territorial_component,notes,final_component_class,final_component_in_spec,national_votes,national_share,national_rank,coverage,zero_share,top_region,top_region_share,drop_reason
19480418,1948,DC,TRUE,FALSE,NA,RETAIN,DC,12580676,0.48490425390041725,1,1,0,LOMBARDIA,0.16444784048170386,retained_by_rule
19480418,1948,FR.DEMOCR.POPOLARE,TRUE,FALSE,NA,RETAIN,FR.DEMOCR.POPOLARE,8049348,0.3102506642985493,2,1,0,LOMBARDIA,0.16286312879005851,retained_by_rule
19480418,1948,UNITA' SOCIALISTA,TRUE,FALSE,NA,RETAIN,UNITA' SOCIALISTA,1833453,0.07066783684966386,3,1,0,LOMBARDIA,0.20384869423977597,retained_by_rule
19480418,1948,BLOCCO NAZIONALE,TRUE,FALSE,NA,RETAIN,BLOCCO NAZIONALE,996109,0.03839360392466118,4,1,0,PUGLIA,0.17662223712465203,retained_by_rule
19480418,1948,P.NAZ.MON.ALL.D.LAV.,TRUE,FALSE,NA,RETAIN,P.NAZ.MON.ALL.D.LAV.,726595,0.02800557031774554,5,0.9423076923076923,0.057692307692307696,CAMPANIA,0.3591574398392502,retained_by_rule
19480418,1948,PRI,TRUE,FALSE,NA,RETAIN,PRI,646677,0.02492524473244205,6,0.9807692307692307,0.019230769230769232,LAZIO,0.17063077858034228,retained_by_rule
19480418,1948,MSI,TRUE,FALSE,NA,RETAIN,MSI,522332,0.02013254365252811,7,0.9807692307692307,0.019230769230769232,CAMPANIA,0.15564621734835316,retained_by_rule
19480418,1948,PPST-PPTT,FALSE,FALSE,NA,OTHER_LISTS,OTHER_LISTS,119119,0.004591272346602345,8,0.019230769230769232,0.9807692307692307,TRENTINO-ALTO ADIGE/SÜDTIROL,1,below_min_share
19480418,1948,P.CONTADINI D'ITALIA,FALSE,FALSE,NA,OTHER_LISTS,OTHER_LISTS,94599,0.00364618383898652,9,0.47115384615384615,0.5288461538461539,PIEMONTE,0.7512975824268755,below_min_share
19480418,1948,PARTITO CRISTIANO SOCIALE,FALSE,FALSE,NA,OTHER_LISTS,OTHER_LISTS,71488,0.00275540323133932,10,0.6442307692307693,0.3557692307692308,TOSCANA,0.19431233213965982,below_min_share
19480418,1948,PS D'AZ.,FALSE,TRUE,NA,TERRITORIAL_LISTS,TERRITORIAL_LISTS,61928,0.0023869266353846994,11,0.04807692307692308,0.9519230769230769,SARDEGNA,1,below_min_share
19480418,1948,MOV.NAZ.DEM.SOC.,FALSE,FALSE,NA,OTHER_LISTS,OTHER_LISTS,55997,0.0021583246803003006,12,0.75,0.25,CAMPANIA,0.4676321945818526,below_min_share
19480418,1948,UN.MOV.FEDERALISTI,FALSE,FALSE,NA,OTHER_LISTS,OTHER_LISTS,50658,0.0019525405227896607,13,0.18269230769230768,0.8173076923076923,SICILIA,0.9285798886651664,rank_gt_top_n_and_below_min_share
19480418,1948,BLOCCO POP.UNIONISTA,FALSE,FALSE,NA,OTHER_LISTS,OTHER_LISTS,34751,0.001339427843725838,14,0.4807692307692308,0.5192307692307693,VENETO,0.17444102327990563,rank_gt_top_n_and_below_min_share
19480418,1948,ALTRE LISTE,FALSE,FALSE,NA,OTHER_LISTS,OTHER_LISTS,22231,8.56862259902423e-4,15,0.057692307692307696,0.9423076923076923,CAMPANIA,0.5347037920021591,rank_gt_top_n_and_below_min_share
19480418,1948,PC.INTERNAZIONALISTA,FALSE,FALSE,NA,OTHER_LISTS,OTHER_LISTS,20704,7.980062178498388e-4,16,0.14423076923076922,0.8557692307692307,LOMBARDIA,0.7757438176197836,rank_gt_top_n_and_below_min_share
19480418,1948,CONC.NAZ.COMBAT.UNIT,FALSE,FALSE,NA,OTHER_LISTS,OTHER_LISTS,10045,3.8717023079123025e-4,17,0.28846153846153844,0.7115384615384616,SICILIA,0.3130910900945744,rank_gt_top_n_and_below_min_share
19480418,1948,P.DEMOLABURISTA IT.,FALSE,FALSE,NA,OTHER_LISTS,OTHER_LISTS,8106,3.1243423502177325e-4,18,0.15384615384615385,0.8461538461538461,PIEMONTE,0.41228719467061437,rank_gt_top_n_and_below_min_share
19480418,1948,P.INDIPENDENTE CONTADINI,FALSE,FALSE,NA,OTHER_LISTS,OTHER_LISTS,6733,2.59513903824525e-4,19,0.028846153846153848,0.9711538461538461,PIEMONTE,1,rank_gt_top_n_and_below_min_share
19480418,1948,P.DEM.IND.PENSIONATI,FALSE,FALSE,NA,OTHER_LISTS,OTHER_LISTS,5280,2.035100864686606e-4,20,0.08653846153846154,0.9134615384615384,VENETO,0.6278409090909091,rank_gt_top_n_and_below_min_share
19480418,1948,AS.NAZ.CONG.DIS.GUER,FALSE,FALSE,NA,OTHER_LISTS,OTHER_LISTS,3695,1.424185169510797e-4,21,0.07692307692307693,0.9230769230769231,LIGURIA,0.574830852503383,rank_gt_top_n_and_below_min_share
19480418,1948,P.PATRIA E LIBERTA',FALSE,FALSE,NA,OTHER_LISTS,OTHER_LISTS,3178,1.2249148765102337e-4,22,0.038461538461538464,0.9615384615384616,SICILIA,1,rank_gt_top_n_and_below_min_share
19480418,1948,FR.DEGLI ITALIANI,FALSE,FALSE,NA,OTHER_LISTS,OTHER_LISTS,2967,1.1435879290767348e-4,23,0.14423076923076922,0.8557692307692307,UMBRIA,0.3592854735422986,rank_gt_top_n_and_below_min_share
19480418,1948,GR.POL.LA DESTRA,FALSE,FALSE,NA,OTHER_LISTS,OTHER_LISTS,2830,1.0907832286104347e-4,24,0.1346153846153846,0.8653846153846154,SICILIA,0.7929328621908127,rank_gt_top_n_and_below_min_share
19480418,1948,FR.ANTIBOLSCEVICO IT,FALSE,FALSE,NA,OTHER_LISTS,OTHER_LISTS,2756,1.062260981643236e-4,25,0.038461538461538464,0.9615384615384616,SICILIA,1,rank_gt_top_n_and_below_min_share
19480418,1948,RAGGRUP.POP.ITALIANO,FALSE,FALSE,NA,OTHER_LISTS,OTHER_LISTS,2191,8.44489771690976e-5,26,0.038461538461538464,0.9615384615384616,VENETO,1,rank_gt_top_n_and_below_min_share
19480418,1948,MAGLIO,FALSE,FALSE,NA,OTHER_LISTS,OTHER_LISTS,1642,6.328855340559484e-5,27,0.028846153846153848,0.9711538461538461,PUGLIA,1,rank_gt_top_n_and_below_min_share
19480418,1948,CONF.IT.LIBERI SIND.,FALSE,FALSE,NA,OTHER_LISTS,OTHER_LISTS,1531,5.9010216360515034e-5,28,0.04807692307692308,0.9519230769230769,CALABRIA,1,rank_gt_top_n_and_below_min_share
19480418,1948,MOV.UNITA'D'IT.,FALSE,FALSE,NA,OTHER_LISTS,OTHER_LISTS,1524,5.874041132163613e-5,29,0.10576923076923077,0.8942307692307693,SICILIA,0.4763779527559055,rank_gt_top_n_and_below_min_share
19480418,1948,FR.UN.ANTICOM.RIS.N.,FALSE,FALSE,NA,OTHER_LISTS,OTHER_LISTS,1444,5.565692516302006e-5,30,0.04807692307692308,0.9519230769230769,SICILIA,1,rank_gt_top_n_and_below_min_share
19480418,1948,M.NAZ.SIN.DAN.GUERRA,FALSE,FALSE,NA,OTHER_LISTS,OTHER_LISTS,1179,4.5442877262604326e-5,31,0.04807692307692308,0.9519230769230769,SICILIA,1,rank_gt_top_n_and_below_min_share
19480418,1948,LEGA SARDA,FALSE,TRUE,NA,TERRITORIAL_LISTS,TERRITORIAL_LISTS,1117,4.305317548967688e-5,32,0.04807692307692308,0.9519230769230769,SARDEGNA,1,rank_gt_top_n_and_below_min_share
19480418,1948,M.CAT.IND.PAX JUSTIT,FALSE,FALSE,NA,OTHER_LISTS,OTHER_LISTS,961,3.7040377480375535e-5,33,0.04807692307692308,0.9519230769230769,SARDEGNA,1,rank_gt_top_n_and_below_min_share
19480418,1948,P.ESISTENZIALISTA IT,FALSE,FALSE,NA,OTHER_LISTS,OTHER_LISTS,816,3.145155881788391e-5,34,0.038461538461538464,0.9615384615384616,VENETO,1,rank_gt_top_n_and_below_min_share
19530607,1953,DC,TRUE,FALSE,NA,RETAIN,DC,10625306,0.4015769633817332,1,1,0,LOMBARDIA,0.17593422721190335,retained_by_rule
19530607,1953,PCI,TRUE,FALSE,NA,RETAIN,PCI,5984847,0.22619364417027385,2,1,0,EMILIA-ROMAGNA,0.13864882427236652,retained_by_rule
19530607,1953,PSI,TRUE,FALSE,NA,RETAIN,PSI,3367617,0.12727703171021165,3,1,0,LOMBARDIA,0.22059367202386732,retained_by_rule
19530607,1953,P.NAZ.MONARCHICO,TRUE,FALSE,NA,RETAIN,P.NAZ.MONARCHICO,1821406,0.06883892949203244,4,1,0,CAMPANIA,0.2535442399992094,retained_by_rule
19530607,1953,MSI,TRUE,FALSE,NA,RETAIN,MSI,1548043,0.05850734154144346,5,1,0,SICILIA,0.17206821774330558,retained_by_rule
19530607,1953,PSDI,TRUE,FALSE,NA,RETAIN,PSDI,1193385,0.045103258621004394,6,0.9809523809523809,0.01904761904761905,LOMBARDIA,0.20002430062385568,retained_by_rule
19530607,1953,PLI,TRUE,FALSE,NA,RETAIN,PLI,798879,0.030193144830787524,7,1,0,PIEMONTE,0.15010533510081,retained_by_rule
19530607,1953,PRI,TRUE,FALSE,NA,RETAIN,PRI,428594,0.01619844897112898,8,1,0,EMILIA-ROMAGNA,0.1938314582098676,retained_by_rule
19530607,1953,UN.SOCIAL.INDIP.,FALSE,FALSE,NA,OTHER_LISTS,OTHER_LISTS,219777,0.008306337745110323,9,0.7619047619047619,0.23809523809523808,PIEMONTE,0.13441806922471414,below_min_share
19530607,1953,UNITA'POPOLARE,FALSE,FALSE,NA,OTHER_LISTS,OTHER_LISTS,166966,0.006310378192213426,10,0.6571428571428571,0.34285714285714286,LOMBARDIA,0.26779104727908676,below_min_share
19530607,1953,ALL.DEMOC.NAZIONALE,FALSE,FALSE,NA,OTHER_LISTS,OTHER_LISTS,118318,0.004471756686668592,11,0.9619047619047619,0.0380952380952381,SICILIA,0.16740479047989318,below_min_share
19530607,1953,PPST,FALSE,FALSE,NA,OTHER_LISTS,OTHER_LISTS,99011,0.0037420603906738108,12,0.02857142857142857,0.9714285714285714,TRENTINO-ALTO ADIGE/SÜDTIROL,0.9984850168163133,below_min_share
19530607,1953,PS D'AZ.,FALSE,TRUE,NA,TERRITORIAL_LISTS,TERRITORIAL_LISTS,27222,0.001028838896232969,13,0.21904761904761905,0.780952380952381,SARDEGNA,0.9213136433766806,rank_gt_top_n_and_below_min_share
19530607,1953,CENTRO POLITICO IT.,FALSE,FALSE,NA,OTHER_LISTS,OTHER_LISTS,14210,5.370582879828994e-4,14,0.18095238095238095,0.819047619047619,SICILIA,0.2817733990147783,rank_gt_top_n_and_below_min_share
19530607,1953,P.MONARCHICO NAZ.IT.,FALSE,FALSE,NA,OTHER_LISTS,OTHER_LISTS,7903,2.986890675530509e-4,15,0.01904761904761905,0.9809523809523809,CAMPANIA,1,rank_gt_top_n_and_below_min_share
19530607,1953,LISTA MONARCHICA,FALSE,FALSE,NA,OTHER_LISTS,OTHER_LISTS,6718,2.5390271489578593e-4,16,0.02857142857142857,0.9714285714285714,PUGLIA,1,rank_gt_top_n_and_below_min_share
19530607,1953,UN.NAZ.DEM.IMP.PUB.,FALSE,FALSE,NA,OTHER_LISTS,OTHER_LISTS,6436,2.432446967950697e-4,17,0.18095238095238095,0.819047619047619,LAZIO,0.2851149782473586,rank_gt_top_n_and_below_min_share
19530607,1953,P.NETTISTA ITALIANO,FALSE,FALSE,NA,OTHER_LISTS,OTHER_LISTS,4260,1.610041032235856e-4,18,0.10476190476190476,0.8952380952380953,LAZIO,0.3901408450704225,rank_gt_top_n_and_below_min_share
19530607,1953,P.RADICAL SOCIALISTA,FALSE,FALSE,NA,OTHER_LISTS,OTHER_LISTS,3236,1.2230264742524015e-4,19,0.05714285714285714,0.9428571428571428,VENETO,1,rank_gt_top_n_and_below_min_share
19530607,1953,P.NAZIONALI FEDERATI,FALSE,FALSE,NA,OTHER_LISTS,OTHER_LISTS,2847,1.0760062954872024e-4,20,0.0380952380952381,0.9619047619047619,LAZIO,1,rank_gt_top_n_and_below_min_share
19530607,1953,MOV.SOC.CRISTIANO,FALSE,FALSE,NA,OTHER_LISTS,OTHER_LISTS,2686,1.0151573268980068e-4,21,0.06666666666666667,0.9333333333333333,LOMBARDIA,0.5405807892777365,rank_gt_top_n_and_below_min_share
19530607,1953,M.FEMMINILE IT.,FALSE,FALSE,NA,OTHER_LISTS,OTHER_LISTS,1650,6.236074420631836e-5,22,0.0380952380952381,0.9619047619047619,LAZIO,1,rank_gt_top_n_and_below_min_share
19530607,1953,PPTT,FALSE,FALSE,NA,OTHER_LISTS,OTHER_LISTS,1524,5.759865101238133e-5,23,0.01904761904761905,0.9809523809523809,TRENTINO-ALTO ADIGE/SÜDTIROL,1,rank_gt_top_n_and_below_min_share
19530607,1953,P.CRIST.MILITANTE,FALSE,FALSE,NA,OTHER_LISTS,OTHER_LISTS,1468,5.548216514840931e-5,24,0.02857142857142857,0.9714285714285714,PUGLIA,1,rank_gt_top_n_and_below_min_share
19530607,1953,MOV.NAZIONALE IT.,FALSE,FALSE,NA,OTHER_LISTS,OTHER_LISTS,1229,4.644930583610017e-5,25,0.01904761904761905,0.9809523809523809,CAMPANIA,1,rank_gt_top_n_and_below_min_share
19530607,1953,P.UN.SOCIALE IT.,FALSE,FALSE,NA,OTHER_LISTS,OTHER_LISTS,1097,4.14604462995947e-5,26,0.0380952380952381,0.9619047619047619,LAZIO,1,rank_gt_top_n_and_below_min_share
19530607,1953,P.VOLONTA'NAZIONALE,FALSE,FALSE,NA,OTHER_LISTS,OTHER_LISTS,989,3.737865213336295e-5,27,0.047619047619047616,0.9523809523809523,PIEMONTE,1,rank_gt_top_n_and_below_min_share
19530607,1953,P.FEDERALISTA IT.,FALSE,FALSE,NA,OTHER_LISTS,OTHER_LISTS,831,3.140713844572761e-5,28,0.0380952380952381,0.9619047619047619,VENETO,1,rank_gt_top_n_and_below_min_share
19530607,1953,M.GARIB.ANTIF.PART.,FALSE,FALSE,NA,OTHER_LISTS,OTHER_LISTS,719,2.717416671778358e-5,29,0.01904761904761905,0.9809523809523809,CAMPANIA,1,rank_gt_top_n_and_below_min_share
19530607,1953,P.ESISTENZIALISTA UN,FALSE,FALSE,NA,OTHER_LISTS,OTHER_LISTS,710,2.6834017203930935e-5,30,0.0380952380952381,0.9619047619047619,VENETO,1,rank_gt_top_n_and_below_min_share
19530607,1953,P.UNIONE NAZIONALE,FALSE,FALSE,NA,OTHER_LISTS,OTHER_LISTS,550,2.0786914735439457e-5,31,0.02857142857142857,0.9714285714285714,PUGLIA,1,rank_gt_top_n_and_below_min_share
19530607,1953,IND,FALSE,FALSE,NA,OTHER_LISTS,OTHER_LISTS,519,1.9615288632169232e-5,32,0.01904761904761905,0.9809523809523809,BASILICATA,1,rank_gt_top_n_and_below_min_share
19580525,1958,DC,TRUE,FALSE,NA,RETAIN,DC,12205606,0.4238306933748117,1,1,0,LOMBARDIA,0.1608943464175396,retained_by_rule
19580525,1958,PCI,TRUE,FALSE,NA,RETAIN,PCI,6575332,0.22832356875435658,2,1,0,EMILIA-ROMAGNA,0.1338537734672561,retained_by_rule
19580525,1958,PSI,TRUE,FALSE,NA,RETAIN,PSI,4098237,0.1423082663264985,3,1,0,LOMBARDIA,0.1958464090778547,retained_by_rule
19580525,1958,MSI,TRUE,FALSE,NA,RETAIN,MSI,1370122,0.047576478977617645,4,1,0,LAZIO,0.15136608272839938,retained_by_rule
19580525,1958,PSDI,TRUE,FALSE,NA,RETAIN,PSDI,1303669,0.045268947416559846,5,1,0,LOMBARDIA,0.2013862414462567,retained_by_rule
19580525,1958,PLI,TRUE,FALSE,NA,RETAIN,PLI,1023176,0.035529034242500236,6,1,0,LOMBARDIA,0.1869551279545259,retained_by_rule
19580525,1958,P.MONARCHICO POP.,TRUE,FALSE,NA,RETAIN,P.MONARCHICO POP.,759908,0.026387246527625616,7,1,0,CAMPANIA,0.3942464087757992,retained_by_rule
19580525,1958,P.NAZ.MONARCHICO,TRUE,FALSE,NA,RETAIN,P.NAZ.MONARCHICO,646082,0.022434722375684182,8,0.9811320754716981,0.018867924528301886,SICILIA,0.16080157007933976,retained_by_rule
19580525,1958,PRI-P.RAD.,TRUE,FALSE,NA,RETAIN,PRI-P.RAD.,397677,0.013809041406810526,9,1,0,EMILIA-ROMAGNA,0.20464598153778066,retained_by_rule
19580525,1958,COMUNITA',FALSE,FALSE,NA,OTHER_LISTS,OTHER_LISTS,169628,0.005890207569848032,10,0.33962264150943394,0.660377358490566,PIEMONTE,0.5545841488433514,below_min_share
19580525,1958,PPST,FALSE,FALSE,NA,OTHER_LISTS,OTHER_LISTS,107971,0.003749213582215565,11,0.02830188679245283,0.9716981132075472,TRENTINO-ALTO ADIGE/SÜDTIROL,0.9986663085458132,below_min_share
19580525,1958,MOVIM.AUT.REG.-M.A.R.P.,FALSE,FALSE,NA,OTHER_LISTS,OTHER_LISTS,66646,0.0023142333441418393,12,0.27358490566037735,0.7264150943396226,PIEMONTE,0.7766407586351769,below_min_share
19580525,1958,P.CAT.RIS.NAZ.CPI,FALSE,FALSE,NA,OTHER_LISTS,OTHER_LISTS,15564,5.404484555445727e-4,13,0.16981132075471697,0.8301886792452831,LAZIO,0.34007967103572345,rank_gt_top_n_and_below_min_share
19580525,1958,FED.AUT.SOCIALDEM.IT,FALSE,FALSE,NA,OTHER_LISTS,OTHER_LISTS,9068,3.148796321561414e-4,14,0.03773584905660377,0.9622641509433962,LAZIO,1,rank_gt_top_n_and_below_min_share
19580525,1958,P.NAZIONALE LAVORO,FALSE,FALSE,NA,OTHER_LISTS,OTHER_LISTS,7067,2.4539637852309784e-4,15,0.16037735849056603,0.839622641509434,ABRUZZO,0.4271968303381916,rank_gt_top_n_and_below_min_share
19580525,1958,AUT.PIEMONT-MOV.VIL.,FALSE,FALSE,NA,OTHER_LISTS,OTHER_LISTS,6670,2.316108454434785e-4,16,0.04716981132075472,0.9528301886792453,PIEMONTE,1,rank_gt_top_n_and_below_min_share
19580525,1958,UNIONE TRIESTINA,FALSE,FALSE,NA,OTHER_LISTS,OTHER_LISTS,6437,2.2352009177206464e-4,17,0.009433962264150943,0.9905660377358491,FRIULI-VENEZIA GIULIA,1,rank_gt_top_n_and_below_min_share
19580525,1958,FR.DELL'INDIPENDENZA,FALSE,FALSE,NA,OTHER_LISTS,OTHER_LISTS,6185,2.1476957707165136e-4,18,0.009433962264150943,0.9905660377358491,FRIULI-VENEZIA GIULIA,1,rank_gt_top_n_and_below_min_share
19580525,1958,MOV.PRO PENSIONATI,FALSE,FALSE,NA,OTHER_LISTS,OTHER_LISTS,4903,1.70253069746533e-4,19,0.04716981132075472,0.9528301886792453,PIEMONTE,1,rank_gt_top_n_and_below_min_share
19580525,1958,CONC.EUROPEA DEMOC.,FALSE,FALSE,NA,OTHER_LISTS,OTHER_LISTS,4093,1.4212641535234747e-4,20,0.16037735849056603,0.839622641509434,SICILIA,0.5712191546542879,rank_gt_top_n_and_below_min_share
19580525,1958,FR.UNICO SOLDATO IT.,FALSE,FALSE,NA,OTHER_LISTS,OTHER_LISTS,4033,1.4004295947129668e-4,21,0.08490566037735849,0.9150943396226415,CALABRIA,0.5958343664765683,rank_gt_top_n_and_below_min_share
19580525,1958,MOV.INDIP.DIVORZISTI,FALSE,FALSE,NA,OTHER_LISTS,OTHER_LISTS,3893,1.3518156241551152e-4,22,0.04716981132075472,0.9528301886792453,PIEMONTE,1,rank_gt_top_n_and_below_min_share
19580525,1958,P.SOC.SICILIANO,FALSE,TRUE,NA,TERRITORIAL_LISTS,TERRITORIAL_LISTS,3109,1.0795773890311465e-4,23,0.04716981132075472,0.9528301886792453,SICILIA,1,rank_gt_top_n_and_below_min_share
19580525,1958,MOV.NAZIONALE IT.,FALSE,FALSE,NA,OTHER_LISTS,OTHER_LISTS,1463,5.0801599232954886e-5,24,0.018867924528301886,0.9811320754716981,CAMPANIA,1,rank_gt_top_n_and_below_min_share
19580525,1958,MOV.AZIONE-RINNOVAM.,FALSE,FALSE,NA,OTHER_LISTS,OTHER_LISTS,750,2.6043198513134765e-5,25,0.03773584905660377,0.9622641509433962,ABRUZZO,1,rank_gt_top_n_and_below_min_share
19580525,1958,MOV.ECONOMICO IT.SOC,FALSE,FALSE,NA,OTHER_LISTS,OTHER_LISTS,552,1.9167794105667187e-5,26,0.018867924528301886,0.9811320754716981,CAMPANIA,1,rank_gt_top_n_and_below_min_share
19580525,1958,P.IT.MUT.INV.GUERRA,FALSE,FALSE,NA,OTHER_LISTS,OTHER_LISTS,465,1.6146783078143556e-5,27,0.02830188679245283,0.9716981132075472,PUGLIA,1,rank_gt_top_n_and_below_min_share
19630428,1963,DC,TRUE,FALSE,NA,RETAIN,DC,11417068,0.3825939905722995,1,1,0,LOMBARDIA,0.16859932865425695,retained_by_rule
19630428,1963,PCI,TRUE,FALSE,NA,RETAIN,PCI,7598413,0.25462817175884717,2,1,0,EMILIA-ROMAGNA,0.1336912063084752,retained_by_rule
19630428,1963,PSI,TRUE,FALSE,NA,RETAIN,PSI,4131739,0.13845748418185844,3,1,0,LOMBARDIA,0.21307251014645406,retained_by_rule
19630428,1963,PLI,TRUE,FALSE,NA,RETAIN,PLI,2083742,0.06982766215486362,4,1,0,LOMBARDIA,0.2112219267068572,retained_by_rule
19630428,1963,PSDI,TRUE,FALSE,NA,RETAIN,PSDI,1809592,0.06064070255057678,5,1,0,LOMBARDIA,0.17585953076715635,retained_by_rule
19630428,1963,MSI,TRUE,FALSE,NA,RETAIN,MSI,1527464,0.05118639454678967,6,1,0,LAZIO,0.1582734519438756,retained_by_rule
19630428,1963,PDIUM,TRUE,FALSE,NA,RETAIN,PDIUM,526291,0.017636382115993884,7,1,0,CAMPANIA,0.2936721319574152,retained_by_rule
19630428,1963,PRI,TRUE,FALSE,NA,RETAIN,PRI,410873,0.013768643638490409,8,1,0,EMILIA-ROMAGNA,0.18051319994256132,retained_by_rule
19630428,1963,PPST,FALSE,FALSE,NA,OTHER_LISTS,OTHER_LISTS,99003,0.0033176602651950014,9,0.02830188679245283,0.9716981132075472,TRENTINO-ALTO ADIGE/SÜDTIROL,0.9983939880609678,below_min_share
19630428,1963,CONC.UNITA'RURALE,FALSE,FALSE,NA,OTHER_LISTS,OTHER_LISTS,90957,0.003048033137797256,10,0.4716981132075472,0.5283018867924528,PUGLIA,0.23537495739745154,below_min_share
19630428,1963,PAPI,FALSE,FALSE,NA,OTHER_LISTS,OTHER_LISTS,86008,0.0028821886618475368,11,0.5660377358490566,0.4339622641509434,PIEMONTE,0.1433820109757232,below_min_share
19630428,1963,M.COMB.IT-FR.RIN.NAZ,FALSE,FALSE,NA,OTHER_LISTS,OTHER_LISTS,19527,6.543635243221195e-4,12,0.19811320754716982,0.8018867924528302,LOMBARDIA,0.5026885850361038,below_min_share
19630428,1963,MOV.POL.CATT.IT.,FALSE,FALSE,NA,OTHER_LISTS,OTHER_LISTS,7115,2.3842866162502587e-4,13,0.1509433962264151,0.8490566037735849,LOMBARDIA,0.44638088545326776,rank_gt_top_n_and_below_min_share
19630428,1963,PART.SOC.CRIST.,FALSE,FALSE,NA,OTHER_LISTS,OTHER_LISTS,6716,2.2505789057957468e-4,14,0.03773584905660377,0.9622641509433962,LAZIO,1,rank_gt_top_n_and_below_min_share
19630428,1963,PART.MON.NAZ.,FALSE,FALSE,NA,OTHER_LISTS,OTHER_LISTS,6357,2.1302754770910603e-4,15,0.03773584905660377,0.9622641509433962,LAZIO,1,rank_gt_top_n_and_below_min_share
19630428,1963,L.UNIT.SLOV.,FALSE,FALSE,NA,OTHER_LISTS,OTHER_LISTS,5500,1.8430887406010432e-4,16,0.009433962264150943,0.9905660377358491,FRIULI-VENEZIA GIULIA,1,rank_gt_top_n_and_below_min_share
19630428,1963,MOV.IND.TLT,FALSE,FALSE,NA,OTHER_LISTS,OTHER_LISTS,4255,1.4258804711377162e-4,17,0.009433962264150943,0.9905660377358491,FRIULI-VENEZIA GIULIA,1,rank_gt_top_n_and_below_min_share
19630428,1963,UN.NAZ.SAL.PUB.,FALSE,FALSE,NA,OTHER_LISTS,OTHER_LISTS,2913,9.761668184310617e-5,18,0.018867924528301886,0.9811320754716981,CAMPANIA,1,rank_gt_top_n_and_below_min_share
19630428,1963,MOV.COLT.E SAL.,FALSE,FALSE,NA,OTHER_LISTS,OTHER_LISTS,2679,8.977517701945809e-5,19,0.03773584905660377,0.9622641509433962,SICILIA,1,rank_gt_top_n_and_below_min_share
19630428,1963,RINN.SOC.,FALSE,FALSE,NA,OTHER_LISTS,OTHER_LISTS,1699,5.6934686732384955e-5,20,0.09433962264150944,0.9056603773584906,LAZIO,0.468510888758093,rank_gt_top_n_and_below_min_share
19630428,1963,MOV.POP.IT.,FALSE,FALSE,NA,OTHER_LISTS,OTHER_LISTS,1602,5.368414840805221e-5,21,0.03773584905660377,0.9622641509433962,LAZIO,1,rank_gt_top_n_and_below_min_share
19630428,1963,AV.NAZ.,FALSE,FALSE,NA,OTHER_LISTS,OTHER_LISTS,946,3.1701126338337944e-5,22,0.03773584905660377,0.9622641509433962,LAZIO,1,rank_gt_top_n_and_below_min_share
19630428,1963,PART.LAB.IT.,FALSE,FALSE,NA,OTHER_LISTS,OTHER_LISTS,752,2.5200049689672447e-5,23,0.03773584905660377,0.9622641509433962,LAZIO,1,rank_gt_top_n_and_below_min_share
19680519,1968,DC,TRUE,FALSE,NA,RETAIN,DC,12262507,0.39028473088924365,1,1,0,LOMBARDIA,0.1747454252217756,retained_by_rule
19680519,1968,PCI,TRUE,FALSE,NA,RETAIN,PCI,8491081,0.27024973466223257,2,1,0,LOMBARDIA,0.13881495183004378,retained_by_rule
19680519,1968,PSU,TRUE,FALSE,NA,RETAIN,PSU,4558775,0.14509433299892197,3,1,0,LOMBARDIA,0.19085675428157783,retained_by_rule
19680519,1968,PLI,TRUE,FALSE,NA,RETAIN,PLI,1837631,0.05848716908448914,4,1,0,LOMBARDIA,0.22069991200627329,retained_by_rule
19680519,1968,MSI,TRUE,FALSE,NA,RETAIN,MSI,1402851,0.04464921610342048,5,1,0,LAZIO,0.1544882528508017,retained_by_rule
19680519,1968,PSIUP,TRUE,FALSE,NA,RETAIN,PSIUP,1400482,0.044573816796616685,6,1,0,LOMBARDIA,0.18662931762064774,retained_by_rule
19680519,1968,PRI,TRUE,FALSE,NA,RETAIN,PRI,623008,0.019828776417566644,7,1,0,SICILIA,0.17227226616672658,retained_by_rule
19680519,1968,PDIUM,TRUE,FALSE,NA,RETAIN,PDIUM,412171,0.013118365421960652,8,0.9528301886792453,0.04716981132075472,CAMPANIA,0.3038374849273724,retained_by_rule
19680519,1968,PPST,FALSE,FALSE,NA,OTHER_LISTS,OTHER_LISTS,140381,0.004467973865944616,9,0.05660377358490566,0.9433962264150944,TRENTINO-ALTO ADIGE/SÜDTIROL,0.9714704981443357,below_min_share
19680519,1968,SOCIALDEMOCRAZIA,FALSE,FALSE,NA,OTHER_LISTS,OTHER_LISTS,99393,0.003163429000062923,10,0.2641509433962264,0.7358490566037735,PIEMONTE,0.3562323302445846,below_min_share
19680519,1968,NUOVA REPUBBLICA,FALSE,FALSE,NA,OTHER_LISTS,OTHER_LISTS,63217,0.00201203798151759,11,0.5377358490566038,0.46226415094339623,SICILIA,0.3420915260135723,below_min_share
19680519,1968,PAPI,FALSE,FALSE,NA,OTHER_LISTS,OTHER_LISTS,41480,0.0013202039874297992,12,0.1509433962264151,0.8490566037735849,CAMPANIA,0.3446480231436837,below_min_share
19680519,1968,PS D'AZ.,FALSE,TRUE,NA,TERRITORIAL_LISTS,TERRITORIAL_LISTS,26992,8.590874163140102e-4,13,0.04716981132075472,0.9528301886792453,SARDEGNA,1,rank_gt_top_n_and_below_min_share
19680519,1968,PART.MON.NAZ.,FALSE,FALSE,NA,OTHER_LISTS,OTHER_LISTS,18765,5.972427151427238e-4,14,0.1509433962264151,0.8490566037735849,LOMBARDIA,0.3834265920596856,rank_gt_top_n_and_below_min_share
19680519,1968,MOV.SOC.,FALSE,FALSE,NA,OTHER_LISTS,OTHER_LISTS,6540,2.0815173765166073e-4,15,0.018867924528301886,0.9811320754716981,CAMPANIA,1,rank_gt_top_n_and_below_min_share
19680519,1968,UNIONE SLOVENA,FALSE,FALSE,NA,OTHER_LISTS,OTHER_LISTS,6142,1.9548439948876152e-4,16,0.009433962264150943,0.9905660377358491,FRIULI-VENEZIA GIULIA,1,rank_gt_top_n_and_below_min_share
19680519,1968,PST.PROG.SOC.,FALSE,FALSE,NA,OTHER_LISTS,OTHER_LISTS,5012,1.5951934390063052e-4,17,0.02830188679245283,0.9716981132075472,TRENTINO-ALTO ADIGE/SÜDTIROL,0.9924181963288109,rank_gt_top_n_and_below_min_share
19680519,1968,UN.NAZ.SAL.PUB.,FALSE,FALSE,NA,OTHER_LISTS,OTHER_LISTS,3693,1.1753889405926347e-4,18,0.018867924528301886,0.9811320754716981,CAMPANIA,1,rank_gt_top_n_and_below_min_share
19680519,1968,"RAG.VOL.""T""",FALSE,FALSE,NA,OTHER_LISTS,OTHER_LISTS,3137,9.984281361059018e-5,19,0.03773584905660377,0.9622641509433962,LOMBARDIA,1,rank_gt_top_n_and_below_min_share
19680519,1968,PART.ORD.ECON.,FALSE,FALSE,NA,OTHER_LISTS,OTHER_LISTS,2944,9.370010942606868e-5,20,0.03773584905660377,0.9622641509433962,LAZIO,1,rank_gt_top_n_and_below_min_share
19680519,1968,PART.DEM.PROG.,FALSE,FALSE,NA,OTHER_LISTS,OTHER_LISTS,2189,6.967035989594577e-5,21,0.03773584905660377,0.9622641509433962,LAZIO,1,rank_gt_top_n_and_below_min_share
19680519,1968,PART.AGRICOLTORI,FALSE,FALSE,NA,OTHER_LISTS,OTHER_LISTS,2061,6.559644209481235e-5,22,0.018867924528301886,0.9811320754716981,MOLISE,1,rank_gt_top_n_and_below_min_share
19680519,1968,RAGGR.ITAL.,FALSE,FALSE,NA,OTHER_LISTS,OTHER_LISTS,1795,5.713033166433196e-5,23,0.07547169811320754,0.9245283018867925,LAZIO,0.6272980501392758,rank_gt_top_n_and_below_min_share
19680519,1968,P.COM.RIVOL.,FALSE,FALSE,NA,OTHER_LISTS,OTHER_LISTS,1765,5.6175507179691315e-5,24,0.07547169811320754,0.9245283018867925,LAZIO,0.691784702549575,rank_gt_top_n_and_below_min_share
19680519,1968,P.RAD,FALSE,FALSE,NA,OTHER_LISTS,OTHER_LISTS,1536,4.888701361360105e-5,25,0.03773584905660377,0.9622641509433962,LOMBARDIA,1,rank_gt_top_n_and_below_min_share
19680519,1968,RIS.POP.,FALSE,FALSE,NA,OTHER_LISTS,OTHER_LISTS,1164,3.704719000405705e-5,26,0.03773584905660377,0.9622641509433962,LAZIO,1,rank_gt_top_n_and_below_min_share
19680519,1968,SACRO IDEAL.MONDO,FALSE,FALSE,NA,OTHER_LISTS,OTHER_LISTS,1094,3.481926620656221e-5,27,0.018867924528301886,0.9811320754716981,VENETO,1,rank_gt_top_n_and_below_min_share
19680519,1968,P.PROG.UNSIPO,FALSE,FALSE,NA,OTHER_LISTS,OTHER_LISTS,1057,3.364164934217208e-5,28,0.03773584905660377,0.9622641509433962,ABRUZZO,1,rank_gt_top_n_and_below_min_share
19680519,1968,PART.NAZ.MUT.COMB.IT,FALSE,FALSE,NA,OTHER_LISTS,OTHER_LISTS,524,1.6677600998389943e-5,29,0.018867924528301886,0.9811320754716981,MOLISE,1,rank_gt_top_n_and_below_min_share
19720507,1972,DC,TRUE,FALSE,NA,RETAIN,DC,12773501,0.38667295667946416,1,1,0,LOMBARDIA,0.17433325444605985,retained_by_rule
19720507,1972,PCI,TRUE,FALSE,NA,RETAIN,PCI,8994313,0.2722712904637923,2,1,0,LOMBARDIA,0.14371169871450992,retained_by_rule
19720507,1972,PSI,TRUE,FALSE,NA,RETAIN,PSI,3179668,0.09625330023609646,3,1,0,LOMBARDIA,0.20559599304078288,retained_by_rule
19720507,1972,MSI,TRUE,FALSE,NA,RETAIN,MSI,2876087,0.08706344986839316,4,1,0,CAMPANIA,0.1583140565636575,retained_by_rule
19720507,1972,PSDI,TRUE,FALSE,NA,RETAIN,PSDI,1701654,0.05151160855786028,5,1,0,LOMBARDIA,0.16713503450172595,retained_by_rule
19720507,1972,PLI,TRUE,FALSE,NA,RETAIN,PLI,1287213,0.038965860384419515,6,1,0,LOMBARDIA,0.22126874107082511,retained_by_rule
19720507,1972,PRI,TRUE,FALSE,NA,RETAIN,PRI,949822,0.028752530810402098,7,1,0,LOMBARDIA,0.17387468388813904,retained_by_rule
19720507,1972,PSIUP,TRUE,FALSE,NA,RETAIN,PSIUP,643220,0.019471230259845356,8,1,0,LOMBARDIA,0.17902894810484749,retained_by_rule
19720507,1972,MANIFESTO,FALSE,FALSE,NA,OTHER_LISTS,OTHER_LISTS,222507,0.0067356192771173325,9,0.9528301886792453,0.04716981132075472,LOMBARDIA,0.18320322506707654,below_min_share
19720507,1972,PPST,FALSE,FALSE,NA,OTHER_LISTS,OTHER_LISTS,152475,0.0046156460213767,10,0.018867924528301886,0.9811320754716981,TRENTINO-ALTO ADIGE/SÜDTIROL,1,below_min_share
19720507,1972,MOV.POL.LAV.,FALSE,FALSE,NA,OTHER_LISTS,OTHER_LISTS,118759,0.0035950123354823774,11,1,0,LOMBARDIA,0.22964154295674433,below_min_share
19720507,1972,PC(MARX-LEN)IT,FALSE,FALSE,NA,OTHER_LISTS,OTHER_LISTS,85328,0.002583006025328946,12,0.8018867924528302,0.19811320754716982,LOMBARDIA,0.18210903806487905,below_min_share
19720507,1972,PAPI,FALSE,FALSE,NA,OTHER_LISTS,OTHER_LISTS,15273,4.6233652523027603e-4,13,0.04716981132075472,0.9528301886792453,CAMPANIA,1,rank_gt_top_n_and_below_min_share
19720507,1972,STELLA ROSSA-R.S.,FALSE,FALSE,NA,OTHER_LISTS,OTHER_LISTS,9057,2.7416891959736856e-4,14,0.11320754716981132,0.8867924528301887,LIGURIA,0.5248978690515623,rank_gt_top_n_and_below_min_share
19720507,1972,AZ.CR.POP.,FALSE,FALSE,NA,OTHER_LISTS,OTHER_LISTS,8955,2.710812272269444e-4,15,0.08490566037735849,0.9150943396226415,LAZIO,0.8062534896705751,rank_gt_top_n_and_below_min_share
19720507,1972,RINN.DEM.NAZ.,FALSE,FALSE,NA,OTHER_LISTS,OTHER_LISTS,5813,1.7596819362034928e-4,16,0.04716981132075472,0.9528301886792453,PIEMONTE,1,rank_gt_top_n_and_below_min_share
19720507,1972,PCS (MARX.-LEN.),FALSE,FALSE,NA,OTHER_LISTS,OTHER_LISTS,2958,8.954307874230056e-5,17,0.04716981132075472,0.9528301886792453,SICILIA,1,rank_gt_top_n_and_below_min_share
19720507,1972,FR.NAZ.SIC.,FALSE,FALSE,NA,OTHER_LISTS,OTHER_LISTS,2884,8.730298819905167e-5,18,0.03773584905660377,0.9622641509433962,SICILIA,1,rank_gt_top_n_and_below_min_share
19720507,1972,UN.FORZE DEM.,FALSE,FALSE,NA,OTHER_LISTS,OTHER_LISTS,2175,6.5840499075221e-5,19,0.03773584905660377,0.9622641509433962,LOMBARDIA,1,rank_gt_top_n_and_below_min_share
19720507,1972,PART.AGRICOLTORI,FALSE,FALSE,NA,OTHER_LISTS,OTHER_LISTS,1705,5.1612896976207726e-5,20,0.018867924528301886,0.9811320754716981,MOLISE,1,rank_gt_top_n_and_below_min_share
19720507,1972,FR.UOMO QUALUNQUE,FALSE,FALSE,NA,OTHER_LISTS,OTHER_LISTS,1012,3.0634751753620066e-5,21,0.03773584905660377,0.9622641509433962,LAZIO,1,rank_gt_top_n_and_below_min_share
19760620,1976,DC,TRUE,FALSE,NA,RETAIN,DC,13986927,0.3875953059350304,1,1,0,LOMBARDIA,0.17499662363291094,retained_by_rule
19760620,1976,PCI,TRUE,FALSE,NA,RETAIN,PCI,12461887,0.34533453304594913,2,1,0,LOMBARDIA,0.15116587078666338,retained_by_rule
19760620,1976,PSI,TRUE,FALSE,NA,RETAIN,PSI,3480888,0.09645977628149315,3,1,0,LOMBARDIA,0.19923680394198262,retained_by_rule
19760620,1976,MSI-DN,TRUE,FALSE,NA,RETAIN,MSI-DN,2213410,0.06133636974795505,4,1,0,CAMPANIA,0.15029343863089079,retained_by_rule
19760620,1976,PSDI,TRUE,FALSE,NA,RETAIN,PSDI,1211476,0.03357152081032144,5,1,0,LOMBARDIA,0.16029537522823398,retained_by_rule
19760620,1976,PRI,TRUE,FALSE,NA,RETAIN,PRI,1117403,0.030964639883923093,6,1,0,LOMBARDIA,0.17850945451193526,retained_by_rule
19760620,1976,DEM.PROL,TRUE,FALSE,NA,RETAIN,DEM.PROL,546476,0.015143535989438687,7,1,0,LOMBARDIA,0.2528089065210549,retained_by_rule
19760620,1976,PLI,TRUE,FALSE,NA,RETAIN,PLI,471464,0.013064859301643111,8,1,0,PIEMONTE,0.19884869258310284,retained_by_rule
19760620,1976,P.RAD,TRUE,FALSE,NA,RETAIN,P.RAD,389244,0.010786439885142388,9,0.9622641509433962,0.03773584905660377,LOMBARDIA,0.19767549403459012,retained_by_rule
19760620,1976,PPST,FALSE,FALSE,NA,OTHER_LISTS,OTHER_LISTS,166379,0.004610570957163387,10,0.018867924528301886,0.9811320754716981,TRENTINO-ALTO ADIGE/SÜDTIROL,1,below_min_share
19760620,1976,NPP,FALSE,FALSE,NA,OTHER_LISTS,OTHER_LISTS,10722,2.971200800744435e-4,11,0.3113207547169811,0.6886792452830188,SICILIA,0.28483491885842194,below_min_share
19760620,1976,UNIONE SLOVENA,FALSE,FALSE,NA,OTHER_LISTS,OTHER_LISTS,7541,2.089705767432735e-4,12,0.04716981132075472,0.9528301886792453,FRIULI-VENEZIA GIULIA,0.9802413473014189,below_min_share
19760620,1976,TIROL.,FALSE,FALSE,NA,OTHER_LISTS,OTHER_LISTS,6860,1.9009921183647476e-4,13,0.018867924528301886,0.9811320754716981,TRENTINO-ALTO ADIGE/SÜDTIROL,1,rank_gt_top_n_and_below_min_share
19760620,1976,POE,FALSE,FALSE,NA,OTHER_LISTS,OTHER_LISTS,5375,1.4894799761239823e-4,14,0.12264150943396226,0.8773584905660378,LOMBARDIA,0.36986046511627907,rank_gt_top_n_and_below_min_share
19760620,1976,MOV.IND.TLT,FALSE,FALSE,NA,OTHER_LISTS,OTHER_LISTS,4535,1.256705431018095e-4,15,0.009433962264150943,0.9905660377358491,FRIULI-VENEZIA GIULIA,1,rank_gt_top_n_and_below_min_share
19760620,1976,P.DEM.,FALSE,FALSE,NA,OTHER_LISTS,OTHER_LISTS,2774,7.687102239568237e-5,16,0.04716981132075472,0.9528301886792453,EMILIA-ROMAGNA,1,rank_gt_top_n_and_below_min_share
19760620,1976,PART.SIN.DEM.,FALSE,FALSE,NA,OTHER_LISTS,OTHER_LISTS,1760,4.8771809450757376e-5,17,0.018867924528301886,0.9811320754716981,CAMPANIA,1,rank_gt_top_n_and_below_min_share
19760620,1976,PART.BEN.CIV.,FALSE,FALSE,NA,OTHER_LISTS,OTHER_LISTS,1299,3.599692072530331e-5,18,0.03773584905660377,0.9622641509433962,SICILIA,1,rank_gt_top_n_and_below_min_share
19790603,1979,DC,TRUE,FALSE,NA,RETAIN,DC,13962289,0.38364610569069324,1,1,0,LOMBARDIA,0.16841257189276057,retained_by_rule
19790603,1979,PCI,TRUE,FALSE,NA,RETAIN,PCI,11081568,0.30449164948144275,2,1,0,LOMBARDIA,0.15344209411520102,retained_by_rule
19790603,1979,PSI,TRUE,FALSE,NA,RETAIN,PSI,3582415,0.09843511788918885,3,1,0,LOMBARDIA,0.18890999507315595,retained_by_rule
19790603,1979,MSI-DN,TRUE,FALSE,NA,RETAIN,MSI-DN,1920360,0.05276632187775082,4,1,0,CAMPANIA,0.14697869149534462,retained_by_rule
19790603,1979,PSDI,TRUE,FALSE,NA,RETAIN,PSDI,1398524,0.03842767373709075,5,1,0,LOMBARDIA,0.1682216393855236,retained_by_rule
19790603,1979,P.RAD,TRUE,FALSE,NA,RETAIN,P.RAD,1257330,0.03454804280788625,6,1,0,LOMBARDIA,0.1867011842555256,retained_by_rule
19790603,1979,PRI,TRUE,FALSE,NA,RETAIN,PRI,1106966,0.03041644497059214,7,1,0,LOMBARDIA,0.15791451589299038,retained_by_rule
19790603,1979,PLI,TRUE,FALSE,NA,RETAIN,PLI,708786,0.019475530743424927,8,1,0,LOMBARDIA,0.22663822366694603,retained_by_rule
19790603,1979,PDUP,TRUE,FALSE,NA,RETAIN,PDUP,499778,0.013732553695879184,9,1,0,LOMBARDIA,0.23296343576547987,retained_by_rule
19790603,1979,NUOVA SIN.UNITA,FALSE,FALSE,NA,OTHER_LISTS,OTHER_LISTS,287375,0.007896291189994919,10,0.9433962264150944,0.05660377358490566,LOMBARDIA,0.23517007394519357,below_min_share
19790603,1979,DN-CD,FALSE,FALSE,NA,OTHER_LISTS,OTHER_LISTS,227029,0.006238145602691106,11,1,0,SICILIA,0.17475740984631918,below_min_share
19790603,1979,PPST,FALSE,FALSE,NA,OTHER_LISTS,OTHER_LISTS,201362,0.005532885555806027,12,0.018867924528301886,0.9811320754716981,TRENTINO-ALTO ADIGE/SÜDTIROL,1,below_min_share
19790603,1979,LISTA PER TRIESTE,FALSE,FALSE,NA,OTHER_LISTS,OTHER_LISTS,65053,0.0017874812728411987,13,0.07547169811320754,0.9245283018867925,FRIULI-VENEZIA GIULIA,0.9976480715724102,rank_gt_top_n_and_below_min_share
19790603,1979,MOV.FRIULI,FALSE,TRUE,NA,TERRITORIAL_LISTS,TERRITORIAL_LISTS,32675,8.97821016557056e-4,14,0.04716981132075472,0.9528301886792453,FRIULI-VENEZIA GIULIA,0.987911247130834,rank_gt_top_n_and_below_min_share
19790603,1979,PS D'AZ.,FALSE,TRUE,NA,TERRITORIAL_LISTS,TERRITORIAL_LISTS,18178,4.994824923940065e-4,15,0.04716981132075472,0.9528301886792453,SARDEGNA,1,rank_gt_top_n_and_below_min_share
19790603,1979,POE,FALSE,FALSE,NA,OTHER_LISTS,OTHER_LISTS,7494,2.059149410276535e-4,16,0.16037735849056603,0.839622641509434,LOMBARDIA,0.526287696824126,rank_gt_top_n_and_below_min_share
19790603,1979,PARTITO POPOLARE ITALIANO,FALSE,FALSE,NA,OTHER_LISTS,OTHER_LISTS,6536,1.7959168061872742e-4,17,0.1320754716981132,0.8679245283018868,CAMPANIA,0.5824663402692778,rank_gt_top_n_and_below_min_share
19790603,1979,FRONTE GIUST.SIC.,FALSE,FALSE,NA,OTHER_LISTS,OTHER_LISTS,5104,1.4024417654191933e-4,18,0.04716981132075472,0.9528301886792453,SICILIA,1,rank_gt_top_n_and_below_min_share
19790603,1979,PART.CRIST.AZ.SOC.,FALSE,FALSE,NA,OTHER_LISTS,OTHER_LISTS,3093,8.498731152902753e-5,19,0.02830188679245283,0.9716981132075472,LOMBARDIA,1,rank_gt_top_n_and_below_min_share
19790603,1979,P.DEM.,FALSE,FALSE,NA,OTHER_LISTS,OTHER_LISTS,3087,8.482244768513028e-5,20,0.04716981132075472,0.9528301886792453,EMILIA-ROMAGNA,1,rank_gt_top_n_and_below_min_share
19790603,1979,PART.BEN.CIV.,FALSE,FALSE,NA,OTHER_LISTS,OTHER_LISTS,3043,8.361344616321718e-5,21,0.03773584905660377,0.9622641509433962,SICILIA,1,rank_gt_top_n_and_below_min_share
19790603,1979,PART.POP.CALAB.,FALSE,FALSE,NA,OTHER_LISTS,OTHER_LISTS,2934,8.061841966575064e-5,22,0.04716981132075472,0.9528301886792453,CALABRIA,1,rank_gt_top_n_and_below_min_share
19790603,1979,FR.NAZ.SIC.,FALSE,FALSE,NA,OTHER_LISTS,OTHER_LISTS,2725,7.487566243666343e-5,23,0.03773584905660377,0.9622641509433962,SICILIA,1,rank_gt_top_n_and_below_min_share
19790603,1979,NPP,FALSE,FALSE,NA,OTHER_LISTS,OTHER_LISTS,2130,5.8526664583520406e-5,24,0.03773584905660377,0.9622641509433962,LAZIO,1,rank_gt_top_n_and_below_min_share
19790603,1979,ASS.VAL.IND,FALSE,FALSE,NA,OTHER_LISTS,OTHER_LISTS,2088,5.7372617676239724e-5,25,0.03773584905660377,0.9622641509433962,LAZIO,1,rank_gt_top_n_and_below_min_share
19790603,1979,FIORE MARGHERITA,FALSE,FALSE,NA,OTHER_LISTS,OTHER_LISTS,2064,5.671316230065076e-5,26,0.03773584905660377,0.9622641509433962,ABRUZZO,1,rank_gt_top_n_and_below_min_share
19790603,1979,MOV.POP.CRIST.,FALSE,FALSE,NA,OTHER_LISTS,OTHER_LISTS,1905,5.234427043737388e-5,27,0.04716981132075472,0.9528301886792453,SICILIA,1,rank_gt_top_n_and_below_min_share
19790603,1979,PART.SIN.DEM.,FALSE,FALSE,NA,OTHER_LISTS,OTHER_LISTS,1552,4.26447809547529e-5,28,0.018867924528301886,0.9811320754716981,CAMPANIA,1,rank_gt_top_n_and_below_min_share
19790603,1979,PART.NAZ.PENS.,FALSE,FALSE,NA,OTHER_LISTS,OTHER_LISTS,106,2.9125945755179172e-6,29,0.03773584905660377,0.9622641509433962,SARDEGNA,0.7547169811320755,rank_gt_top_n_and_below_min_share
19790603,1979,DEM.PROL,FALSE,FALSE,NA,OTHER_LISTS,OTHER_LISTS,96,2.6378215023558494e-6,30,0.03773584905660377,0.9622641509433962,SARDEGNA,0.6770833333333334,rank_gt_top_n_and_below_min_share
19790603,1979,MOV.ECOL.SARDO,FALSE,TRUE,NA,TERRITORIAL_LISTS,TERRITORIAL_LISTS,21,5.770234536403421e-7,31,0.018867924528301886,0.9811320754716981,SARDEGNA,1,rank_gt_top_n_and_below_min_share
19790603,1979,GIUST. E LIB.,FALSE,FALSE,NA,OTHER_LISTS,OTHER_LISTS,2,5.4954614632413527e-8,32,0.009433962264150943,0.9905660377358491,SICILIA,1,rank_gt_top_n_and_below_min_share
19830626,1983,DC,TRUE,FALSE,NA,RETAIN,DC,12137784,0.3295575094468453,1,1,0,LOMBARDIA,0.16361520356598866,retained_by_rule
19830626,1983,PCI,TRUE,FALSE,NA,RETAIN,PCI,11015411,0.29908354067706133,2,1,0,LOMBARDIA,0.1513468721230647,retained_by_rule
19830626,1983,PSI,TRUE,FALSE,NA,RETAIN,PSI,4217701,0.11451637606596633,3,1,0,LOMBARDIA,0.16963862540279645,retained_by_rule
19830626,1983,MSI-DN,TRUE,FALSE,NA,RETAIN,MSI-DN,2508642,0.06811307645726378,4,1,0,CAMPANIA,0.1521795457462643,retained_by_rule
19830626,1983,PRI,TRUE,FALSE,NA,RETAIN,PRI,1874389,0.05089223622487952,5,1,0,LOMBARDIA,0.2199639455844011,retained_by_rule
19830626,1983,PSDI,TRUE,FALSE,NA,RETAIN,PSDI,1508111,0.04094728536357142,6,1,0,LOMBARDIA,0.1506513777832003,retained_by_rule
19830626,1983,PLI,TRUE,FALSE,NA,RETAIN,PLI,1066911,0.02896809928084428,7,1,0,LOMBARDIA,0.20901181073210418,retained_by_rule
19830626,1983,P.RAD,TRUE,FALSE,NA,RETAIN,P.RAD,809711,0.021984765961539157,8,1,0,LOMBARDIA,0.20427164753844274,retained_by_rule
19830626,1983,DEM.PROL,TRUE,FALSE,NA,RETAIN,DEM.PROL,541978,0.014715447222901835,9,1,0,LOMBARDIA,0.26038695297595105,retained_by_rule
19830626,1983,PART.NAZ.PENS.,TRUE,FALSE,NA,RETAIN,PART.NAZ.PENS.,503426,0.013668707463470067,10,0.8018867924528302,0.19811320754716982,LOMBARDIA,0.13219023252672688,retained_by_rule
19830626,1983,PPST,FALSE,FALSE,NA,OTHER_LISTS,OTHER_LISTS,184918,0.005020777724491698,11,0.018867924528301886,0.9811320754716981,TRENTINO-ALTO ADIGE/SÜDTIROL,1,below_min_share
19830626,1983,LIGA VENETA,FALSE,TRUE,NA,TERRITORIAL_LISTS,TERRITORIAL_LISTS,125301,0.0034020942777692508,12,0.09433962264150944,0.9056603773584906,VENETO,0.9887151738613419,below_min_share
19830626,1983,LISTA PER TRIESTE,FALSE,FALSE,NA,OTHER_LISTS,OTHER_LISTS,92091,0.002500397156719005,13,0.8679245283018868,0.1320754716981132,FRIULI-VENEZIA GIULIA,0.46116341444875175,rank_gt_top_n_and_below_min_share
19830626,1983,PS D'AZ.,FALSE,TRUE,NA,TERRITORIAL_LISTS,TERRITORIAL_LISTS,91917,0.0024956728176927256,14,0.04716981132075472,0.9528301886792453,SARDEGNA,1,rank_gt_top_n_and_below_min_share
19830626,1983,MOV.FRIULI,FALSE,TRUE,NA,TERRITORIAL_LISTS,TERRITORIAL_LISTS,26190,7.110944775762099e-4,15,0.03773584905660377,0.9622641509433962,FRIULI-VENEZIA GIULIA,0.9920580374188621,rank_gt_top_n_and_below_min_share
19830626,1983,PPTT,FALSE,FALSE,NA,OTHER_LISTS,OTHER_LISTS,18655,5.065088766393355e-4,16,0.018867924528301886,0.9811320754716981,TRENTINO-ALTO ADIGE/SÜDTIROL,1,rank_gt_top_n_and_below_min_share
19830626,1983,UN.DIF.PENS.,FALSE,FALSE,NA,OTHER_LISTS,OTHER_LISTS,15182,4.1221215572974487e-4,17,0.03773584905660377,0.9622641509433962,LAZIO,1,rank_gt_top_n_and_below_min_share
19830626,1983,PART.MON.NAZ.,FALSE,FALSE,NA,OTHER_LISTS,OTHER_LISTS,13572,3.684984440498022e-4,18,0.03773584905660377,0.9622641509433962,LAZIO,1,rank_gt_top_n_and_below_min_share
19830626,1983,PART.SUD.TIROL,FALSE,TRUE,NA,TERRITORIAL_LISTS,TERRITORIAL_LISTS,12270,3.331473554738486e-4,19,0.018867924528301886,0.9811320754716981,TRENTINO-ALTO ADIGE/SÜDTIROL,1,rank_gt_top_n_and_below_min_share
19830626,1983,UN.PEN.PENS.IT.,FALSE,FALSE,NA,OTHER_LISTS,OTHER_LISTS,9944,2.699932602145029e-4,20,0.08490566037735849,0.9150943396226415,LAZIO,0.6564762670957361,rank_gt_top_n_and_below_min_share
19830626,1983,UNIONE SLOVENA,FALSE,FALSE,NA,OTHER_LISTS,OTHER_LISTS,9433,2.561189082465211e-4,21,0.04716981132075472,0.9528301886792453,FRIULI-VENEZIA GIULIA,0.968408777695325,rank_gt_top_n_and_below_min_share
19830626,1983,POE,FALSE,FALSE,NA,OTHER_LISTS,OTHER_LISTS,8070,2.1911158587399824e-4,22,0.10377358490566038,0.8962264150943396,LOMBARDIA,0.6827757125154895,rank_gt_top_n_and_below_min_share
19830626,1983,LISTA DI LOTTA,FALSE,FALSE,NA,OTHER_LISTS,OTHER_LISTS,6861,1.8628557505346989e-4,23,0.03773584905660377,0.9622641509433962,LAZIO,1,rank_gt_top_n_and_below_min_share
19830626,1983,PART.CRIST.AZ.SOC.,FALSE,FALSE,NA,OTHER_LISTS,OTHER_LISTS,6354,1.725198285803451e-4,24,0.02830188679245283,0.9716981132075472,LOMBARDIA,1,rank_gt_top_n_and_below_min_share
19830626,1983,VIV.LIB.,FALSE,FALSE,NA,OTHER_LISTS,OTHER_LISTS,5257,1.4273477161581274e-4,25,0.03773584905660377,0.9622641509433962,LOMBARDIA,1,rank_gt_top_n_and_below_min_share
19830626,1983,FR.NAZ.SIC.,FALSE,FALSE,NA,OTHER_LISTS,OTHER_LISTS,5228,1.419473817780995e-4,26,0.03773584905660377,0.9622641509433962,SICILIA,1,rank_gt_top_n_and_below_min_share
19830626,1983,PART.NAZ.INQ.,FALSE,FALSE,NA,OTHER_LISTS,OTHER_LISTS,4768,1.2945774986954445e-4,27,0.018867924528301886,0.9811320754716981,CAMPANIA,1,rank_gt_top_n_and_below_min_share
19830626,1983,MOV.ECOL.SARDO,FALSE,TRUE,NA,TERRITORIAL_LISTS,TERRITORIAL_LISTS,4263,1.1574630614384815e-4,28,0.04716981132075472,0.9528301886792453,SARDEGNA,1,rank_gt_top_n_and_below_min_share
19830626,1983,MOV.IND.TLT,FALSE,FALSE,NA,OTHER_LISTS,OTHER_LISTS,2913,7.909195162961051e-5,29,0.009433962264150943,0.9905660377358491,FRIULI-VENEZIA GIULIA,1,rank_gt_top_n_and_below_min_share
19830626,1983,GIUST. E LIB.,FALSE,FALSE,NA,OTHER_LISTS,OTHER_LISTS,1692,4.594012432451115e-5,30,0.04716981132075472,0.9528301886792453,SICILIA,1,rank_gt_top_n_and_below_min_share
19830626,1983,MOV.POP.CRIST.,FALSE,FALSE,NA,OTHER_LISTS,OTHER_LISTS,1606,4.360510618508565e-5,31,0.04716981132075472,0.9528301886792453,SICILIA,1,rank_gt_top_n_and_below_min_share
19870614,1987,DC,TRUE,FALSE,NA,RETAIN,DC,13196853,0.3439198338095804,1,1,0,LOMBARDIA,0.15981135805634875,retained_by_rule
19870614,1987,PCI,TRUE,FALSE,NA,RETAIN,PCI,10220295,0.26634851186755554,2,1,0,LOMBARDIA,0.14506264251667883,retained_by_rule
19870614,1987,PSI,TRUE,FALSE,NA,RETAIN,PSI,5485918,0.1429671154822279,3,1,0,LOMBARDIA,0.19435252222144042,retained_by_rule
19870614,1987,MSI-DN,TRUE,FALSE,NA,RETAIN,MSI-DN,2269670,0.05914929333550888,4,1,0,LOMBARDIA,0.13445963510113806,retained_by_rule
19870614,1987,PRI,TRUE,FALSE,NA,RETAIN,PRI,1425054,0.03713797030622966,5,1,0,LOMBARDIA,0.1793251343457862,retained_by_rule
19870614,1987,PSDI,TRUE,FALSE,NA,RETAIN,PSDI,1136109,0.02960784805813694,6,1,0,CAMPANIA,0.1284929527008412,retained_by_rule
19870614,1987,P.RAD,TRUE,FALSE,NA,RETAIN,P.RAD,984435,0.025655110471893134,7,1,0,LOMBARDIA,0.18261439302747262,retained_by_rule
19870614,1987,LISTA VERDE,TRUE,FALSE,NA,RETAIN,LISTA VERDE,965113,0.02515156473800728,8,0.9528301886792453,0.04716981132075472,LOMBARDIA,0.21846560972652943,retained_by_rule
19870614,1987,PLI,TRUE,FALSE,NA,RETAIN,PLI,807854,0.02105327788544775,9,1,0,LOMBARDIA,0.1713601715161403,retained_by_rule
19870614,1987,DEM.PROL,TRUE,FALSE,NA,RETAIN,DEM.PROL,639992,0.016678668943229193,10,1,0,LOMBARDIA,0.22701690021125265,retained_by_rule
19870614,1987,LIGA VENETA-PU,FALSE,TRUE,NA,TERRITORIAL_LISTS,TERRITORIAL_LISTS,297359,0.0077493973647946995,11,0.9622641509433962,0.03773584905660377,VENETO,0.32389804915943354,below_min_share
19870614,1987,PPST,FALSE,FALSE,NA,OTHER_LISTS,OTHER_LISTS,192992,0.0050295154887743726,12,0.018867924528301886,0.9811320754716981,TRENTINO-ALTO ADIGE/SÜDTIROL,1,below_min_share
19870614,1987,LEGA LOMBARDA,FALSE,TRUE,Lega Nord/Lombarda classified as territorial through the pre-national-turn phase; Lega/Salvini-era lists from 2018 onward are deliberately excluded.,TERRITORIAL_LISTS,TERRITORIAL_LISTS,185698,0.004839428407573493,13,0.10377358490566038,0.8962264150943396,LOMBARDIA,0.9994561061508471,rank_gt_top_n_and_below_min_share
19870614,1987,PS D'AZ.,FALSE,TRUE,NA,TERRITORIAL_LISTS,TERRITORIAL_LISTS,168462,0.0043902453898084295,14,1,0,SARDEGNA,0.731737721266517,rank_gt_top_n_and_below_min_share
19870614,1987,PIEMONT-AUT.REG.,FALSE,FALSE,NA,OTHER_LISTS,OTHER_LISTS,71880,0.0018732464212666946,15,0.07547169811320754,0.9245283018867925,PIEMONTE,1,rank_gt_top_n_and_below_min_share
19870614,1987,PIEMONT,FALSE,FALSE,NA,OTHER_LISTS,OTHER_LISTS,61600,0.0016053419525602168,16,0.07547169811320754,0.9245283018867925,PIEMONTE,1,rank_gt_top_n_and_below_min_share
19870614,1987,CPA,FALSE,FALSE,NA,OTHER_LISTS,OTHER_LISTS,55814,0.001454554476301882,17,0.18867924528301888,0.8113207547169812,TOSCANA,0.3507363743863547,rank_gt_top_n_and_below_min_share
19870614,1987,ALL.POP.,FALSE,FALSE,NA,OTHER_LISTS,OTHER_LISTS,25223,6.573301959322459e-4,18,1,0,LOMBARDIA,0.17040003171708362,rank_gt_top_n_and_below_min_share
19870614,1987,MOV.LIB.FISCALE,FALSE,FALSE,NA,OTHER_LISTS,OTHER_LISTS,24850,6.47609537680542e-4,19,0.1320754716981132,0.8679245283018868,PIEMONTE,0.5303822937625755,rank_gt_top_n_and_below_min_share
19870614,1987,ALL.PENS.,FALSE,FALSE,NA,OTHER_LISTS,OTHER_LISTS,21274,5.544163100449034e-4,20,0.03773584905660377,0.9622641509433962,LAZIO,1,rank_gt_top_n_and_below_min_share
19870614,1987,P.VERDE I.VER.E.,FALSE,FALSE,NA,OTHER_LISTS,OTHER_LISTS,20895,5.445392873173008e-4,21,0.0660377358490566,0.9339622641509434,CAMPANIA,0.5230916487197894,rank_gt_top_n_and_below_min_share
19870614,1987,MOV.VEN.REG.AUT,FALSE,FALSE,NA,OTHER_LISTS,OTHER_LISTS,18941,4.936165896662836e-4,22,0.03773584905660377,0.9622641509433962,VENETO,1,rank_gt_top_n_and_below_min_share
19870614,1987,MOV.NAZ.IT.CACC.,FALSE,FALSE,NA,OTHER_LISTS,OTHER_LISTS,14782,3.852299471224858e-4,23,0.07547169811320754,0.9245283018867925,LOMBARDIA,0.5104857258828305,rank_gt_top_n_and_below_min_share
19870614,1987,PNI-CACCIA PESCA,FALSE,FALSE,NA,OTHER_LISTS,OTHER_LISTS,14251,3.713916910054489e-4,24,0.03773584905660377,0.9622641509433962,LAZIO,1,rank_gt_top_n_and_below_min_share
19870614,1987,MOV.FRIULI,FALSE,TRUE,NA,TERRITORIAL_LISTS,TERRITORIAL_LISTS,12439,3.2416961928403466e-4,25,0.03773584905660377,0.9622641509433962,FRIULI-VENEZIA GIULIA,0.988503899027253,rank_gt_top_n_and_below_min_share
19870614,1987,PART.SUD.TIROL,FALSE,TRUE,NA,TERRITORIAL_LISTS,TERRITORIAL_LISTS,10636,2.771820942764686e-4,26,0.018867924528301886,0.9811320754716981,TRENTINO-ALTO ADIGE/SÜDTIROL,1,rank_gt_top_n_and_below_min_share
19870614,1987,VERDI IT.-P.ECOL,FALSE,FALSE,NA,OTHER_LISTS,OTHER_LISTS,10139,2.6422990352285776e-4,27,0.04716981132075472,0.9528301886792453,SARDEGNA,1,rank_gt_top_n_and_below_min_share
19870614,1987,PARTIDU INDIP.,FALSE,FALSE,NA,OTHER_LISTS,OTHER_LISTS,9909,0.00025823593194674005,28,0.08490566037735849,0.9150943396226415,SARDEGNA,0.7017862549197699,rank_gt_top_n_and_below_min_share
19870614,1987,ALL.UM.,FALSE,FALSE,NA,OTHER_LISTS,OTHER_LISTS,5602,1.459922989974405e-4,29,0.16037735849056603,0.839622641509434,LOMBARDIA,0.32488397001071045,rank_gt_top_n_and_below_min_share
19870614,1987,NPP,FALSE,FALSE,NA,OTHER_LISTS,OTHER_LISTS,5080,1.3238858959425164e-4,30,0.10377358490566038,0.8962264150943396,LAZIO,0.4828740157480315,rank_gt_top_n_and_below_min_share
19870614,1987,GIUST. E LIB.,FALSE,FALSE,NA,OTHER_LISTS,OTHER_LISTS,4793,1.2490915549709608e-4,31,0.04716981132075472,0.9528301886792453,SICILIA,1,rank_gt_top_n_and_below_min_share
19870614,1987,PART.NAZ.INQ.,FALSE,FALSE,NA,OTHER_LISTS,OTHER_LISTS,2952,7.693132214217143e-5,32,0.018867924528301886,0.9811320754716981,CAMPANIA,1,rank_gt_top_n_and_below_min_share
19870614,1987,RINASCITA SIC.,FALSE,FALSE,NA,OTHER_LISTS,OTHER_LISTS,2951,7.690526139618831e-5,33,0.04716981132075472,0.9528301886792453,SICILIA,1,rank_gt_top_n_and_below_min_share
19870614,1987,MOV.IND.TLT,FALSE,FALSE,NA,OTHER_LISTS,OTHER_LISTS,2072,5.399786567702548e-5,34,0.009433962264150943,0.9905660377358491,FRIULI-VENEZIA GIULIA,1,rank_gt_top_n_and_below_min_share
19920405,1992,DC,TRUE,FALSE,NA,RETAIN,DC,11632113,0.29725899307049813,1,1,0,LOMBARDIA,0.13504227477845168,retained_by_rule
19920405,1992,PDS,TRUE,FALSE,NA,RETAIN,PDS,6315572,0.1613946299682811,2,1,0,EMILIA-ROMAGNA,0.15654639041404325,retained_by_rule
19920405,1992,PSI,TRUE,FALSE,NA,RETAIN,PSI,5339930,0.13646206969163258,3,1,0,LOMBARDIA,0.15434752890019157,retained_by_rule
19920405,1992,LEGA LOMBARDA,TRUE,TRUE,Lega Nord/Lombarda classified as territorial through the pre-national-turn phase; Lega/Salvini-era lists from 2018 onward are deliberately excluded.,TERRITORIAL_LISTS,TERRITORIAL_LISTS,3391927,0.08668079519074785,4,1,0,LOMBARDIA,0.4413305475029386,retained_by_rule
19920405,1992,RIFONDAZIONE COMUNISTA,TRUE,FALSE,NA,RETAIN,RIFONDAZIONE COMUNISTA,2199020,0.05619602138853765,5,1,0,LOMBARDIA,0.1466021227637766,retained_by_rule
19920405,1992,MSI-DN,TRUE,FALSE,NA,RETAIN,MSI-DN,2102728,0.053735276469644204,6,1,0,LAZIO,0.1533579236116131,retained_by_rule
19920405,1992,PRI,TRUE,FALSE,NA,RETAIN,PRI,1721408,0.043990632548316894,7,1,0,LOMBARDIA,0.15425337862958693,retained_by_rule
19920405,1992,PLI,TRUE,FALSE,NA,RETAIN,PLI,1120046,0.028622808783979246,8,1,0,LOMBARDIA,0.14040494765393563,retained_by_rule
19920405,1992,FEDERAZIONE DEI VERDI,TRUE,FALSE,NA,RETAIN,FEDERAZIONE DEI VERDI,1088145,0.027807577781843867,9,1,0,LOMBARDIA,0.19326652238442488,retained_by_rule
19920405,1992,PSDI,TRUE,FALSE,NA,RETAIN,PSDI,1063760,0.027184418382857276,10,1,0,SICILIA,0.16733097691208543,retained_by_rule
19920405,1992,LA RETE-MOV.DEM.,TRUE,FALSE,NA,RETAIN,LA RETE-MOV.DEM.,729785,0.018649677342195137,11,0.71698113207547165,0.2830188679245283,SICILIA,0.3613475201600471,retained_by_rule
19920405,1992,LISTA PANNELLA,TRUE,FALSE,NA,RETAIN,LISTA PANNELLA,485269,0.012401063702555809,12,0.9905660377358491,0.009433962264150943,LOMBARDIA,0.19263954631348798,retained_by_rule
19920405,1992,LISTA REFERENDUM,FALSE,FALSE,NA,OTHER_LISTS,OTHER_LISTS,319549,0.008166084182356603,13,1,0,LOMBARDIA,0.1344801579726427,rank_gt_top_n_and_below_min_share
19920405,1992,PARTITO PENSIONATI,FALSE,FALSE,NA,OTHER_LISTS,OTHER_LISTS,219434,0.005607642384958923,14,0.5377358490566038,0.46226415094339623,LOMBARDIA,0.35550552785803474,rank_gt_top_n_and_below_min_share
19920405,1992,PPST,FALSE,FALSE,NA,OTHER_LISTS,OTHER_LISTS,198433,0.00507096120644273,15,0.018867924528301886,0.9811320754716981,TRENTINO-ALTO ADIGE/SÜDTIROL,1,rank_gt_top_n_and_below_min_share
19920405,1992,CPA,FALSE,FALSE,NA,OTHER_LISTS,OTHER_LISTS,192656,0.004923329799924561,16,0.6698113207547169,0.330188679245283,TOSCANA,0.21728884644132548,rank_gt_top_n_and_below_min_share
19920405,1992,FEDERALISMO-PENS.UV.,FALSE,FALSE,NA,OTHER_LISTS,OTHER_LISTS,154516,0.003948660967554312,17,1,0,SARDEGNA,0.4500698956742344,rank_gt_top_n_and_below_min_share
19920405,1992,LEGA AUT.VENETA,FALSE,TRUE,NA,TERRITORIAL_LISTS,TERRITORIAL_LISTS,152280,0.0038915199211678442,18,0.05660377358490566,0.9433962264150944,VENETO,1,rank_gt_top_n_and_below_min_share
19920405,1992,LA LEGA CAS-PENS.,FALSE,FALSE,NA,OTHER_LISTS,OTHER_LISTS,133506,0.0034117497937709105,19,0.3113207547169811,0.6886792452830188,LOMBARDIA,0.5766707114286999,rank_gt_top_n_and_below_min_share
19920405,1992,LEGA ALPINA LUMBARDA,FALSE,TRUE,NA,TERRITORIAL_LISTS,TERRITORIAL_LISTS,90791,0.002320166700569673,20,0.0660377358490566,0.9339622641509434,LOMBARDIA,1,rank_gt_top_n_and_below_min_share
19920405,1992,LEGA ALPINA PIEMONT,FALSE,TRUE,NA,TERRITORIAL_LISTS,TERRITORIAL_LISTS,69631,0.001779422272332796,21,0.07547169811320754,0.9245283018867925,PIEMONTE,1,rank_gt_top_n_and_below_min_share
19920405,1992,LEGA D'AZIONE MERIDIONALE,FALSE,TRUE,NA,TERRITORIAL_LISTS,TERRITORIAL_LISTS,53732,0.0013731228552941333,22,0.1792452830188679,0.8207547169811321,PUGLIA,0.7193664855207326,rank_gt_top_n_and_below_min_share
19920405,1992,MOV.VEN.REG.AUT,FALSE,FALSE,NA,OTHER_LISTS,OTHER_LISTS,49031,0.001252988660722226,23,0.05660377358490566,0.9433962264150944,VENETO,1,rank_gt_top_n_and_below_min_share
19920405,1992,UNION VENETO,FALSE,TRUE,NA,TERRITORIAL_LISTS,TERRITORIAL_LISTS,48805,0.0012472132240123237,24,0.05660377358490566,0.9433962264150944,VENETO,1,rank_gt_top_n_and_below_min_share
19920405,1992,VERDI FEDERALISTI,FALSE,FALSE,NA,OTHER_LISTS,OTHER_LISTS,42530,0.0010868554127086184,25,0.14150943396226415,0.8584905660377359,VENETO,0.4607100869974136,rank_gt_top_n_and_below_min_share
19920405,1992,LG.LOMB.EUR.T.LIB.,FALSE,FALSE,NA,OTHER_LISTS,OTHER_LISTS,33557,8.575501313017426e-4,26,0.02830188679245283,0.9716981132075472,LOMBARDIA,1,rank_gt_top_n_and_below_min_share
19920405,1992,LEGA DELLE LEGHE,FALSE,TRUE,NA,TERRITORIAL_LISTS,TERRITORIAL_LISTS,27863,7.120397922478306e-4,27,0.18867924528301888,0.8113207547169812,BASILICATA,0.2914976851021067,rank_gt_top_n_and_below_min_share
19920405,1992,VERDI-VERDI,FALSE,FALSE,NA,OTHER_LISTS,OTHER_LISTS,25848,6.605464074228161e-4,28,0.04716981132075472,0.9528301886792453,PIEMONTE,1,rank_gt_top_n_and_below_min_share
19920405,1992,PART.AMORE,FALSE,FALSE,NA,OTHER_LISTS,OTHER_LISTS,22388,5.721260046959922e-4,29,0.03773584905660377,0.9622641509433962,LAZIO,1,rank_gt_top_n_and_below_min_share
19920405,1992,ALLEANZA LOMBARDA AUTONOMIA,FALSE,TRUE,NA,TERRITORIAL_LISTS,TERRITORIAL_LISTS,15056,3.8475652701013306e-4,30,0.03773584905660377,0.9622641509433962,LOMBARDIA,1,rank_gt_top_n_and_below_min_share
19920405,1992,PARTIDU INDIP.,FALSE,FALSE,NA,OTHER_LISTS,OTHER_LISTS,15055,3.8473097198044325e-4,31,0.04716981132075472,0.9528301886792453,SARDEGNA,1,rank_gt_top_n_and_below_min_share
19920405,1992,PIEMONT LIBER,FALSE,FALSE,NA,OTHER_LISTS,OTHER_LISTS,11248,2.8744297395124713e-4,32,0.04716981132075472,0.9528301886792453,PIEMONTE,1,rank_gt_top_n_and_below_min_share
19920405,1992,MOV.POL.DIF.AUTOMOB.,FALSE,FALSE,NA,OTHER_LISTS,OTHER_LISTS,10056,2.569813785609656e-4,33,0.14150943396226415,0.8584905660377359,LAZIO,0.41607000795544946,rank_gt_top_n_and_below_min_share
19920405,1992,LEGA MARCHE,FALSE,TRUE,NA,TERRITORIAL_LISTS,TERRITORIAL_LISTS,8026,2.051046682906036e-4,34,0.05660377358490566,0.9433962264150944,MARCHE,0.9887864440568154,rank_gt_top_n_and_below_min_share
19920405,1992,LEGA LAZIO,FALSE,TRUE,NA,TERRITORIAL_LISTS,TERRITORIAL_LISTS,5915,1.511580006153651e-4,35,0.03773584905660377,0.9622641509433962,LAZIO,1,rank_gt_top_n_and_below_min_share
19920405,1992,E.ROMAGNA-LG PADANA,FALSE,FALSE,NA,OTHER_LISTS,OTHER_LISTS,5836,1.4913915326986827e-4,36,0.03773584905660377,0.9622641509433962,EMILIA-ROMAGNA,1,rank_gt_top_n_and_below_min_share
19920405,1992,C.S.T.,FALSE,FALSE,NA,OTHER_LISTS,OTHER_LISTS,5717,1.4609810473677808e-4,37,0.05660377358490566,0.9433962264150944,MARCHE,0.9961518278817562,rank_gt_top_n_and_below_min_share
19920405,1992,P.CRIST.DEMOCRAZIA,FALSE,FALSE,NA,OTHER_LISTS,OTHER_LISTS,5039,1.2877179460707097e-4,38,0.03773584905660377,0.9622641509433962,LAZIO,1,rank_gt_top_n_and_below_min_share
19920405,1992,MOV.AUT.TOSCANO,FALSE,TRUE,NA,TERRITORIAL_LISTS,TERRITORIAL_LISTS,4395,1.123143554868182e-4,39,0.02830188679245283,0.9716981132075472,TOSCANA,1,rank_gt_top_n_and_below_min_share
19920405,1992,LEGA MERID.D'IT.,FALSE,TRUE,NA,TERRITORIAL_LISTS,TERRITORIAL_LISTS,4053,1.0357453533289515e-4,40,0.03773584905660377,0.9622641509433962,LOMBARDIA,1,rank_gt_top_n_and_below_min_share
19920405,1992,PART.EUROPA 2000,FALSE,FALSE,NA,OTHER_LISTS,OTHER_LISTS,3371,8.614600508442871e-5,41,0.07547169811320754,0.9245283018867925,LIGURIA,0.5912192227825571,rank_gt_top_n_and_below_min_share
19920405,1992,VIVERE INSIEME,FALSE,FALSE,NA,OTHER_LISTS,OTHER_LISTS,2842,7.262739437850679e-5,42,0.03773584905660377,0.9622641509433962,LAZIO,1,rank_gt_top_n_and_below_min_share
19920405,1992,PART.GIUSTIZIALISTA,FALSE,FALSE,NA,OTHER_LISTS,OTHER_LISTS,2791,7.132408786432528e-5,43,0.03773584905660377,0.9622641509433962,LAZIO,1,rank_gt_top_n_and_below_min_share
19920405,1992,MOVIMENTO DELLE LIBERTA',FALSE,FALSE,NA,OTHER_LISTS,OTHER_LISTS,2394,6.117874107746139e-5,44,0.04716981132075472,0.9528301886792453,CALABRIA,1,rank_gt_top_n_and_below_min_share
19920405,1992,MOV.EUR.AUTOMOB.,FALSE,FALSE,NA,OTHER_LISTS,OTHER_LISTS,2094,5.351223217051134e-5,45,0.04716981132075472,0.9528301886792453,EMILIA-ROMAGNA,1,rank_gt_top_n_and_below_min_share
19920405,1992,LG.NAZ.PROTESTA,FALSE,FALSE,NA,OTHER_LISTS,OTHER_LISTS,1446,3.6952572931499235e-5,46,0.03773584905660377,0.9622641509433962,LAZIO,1,rank_gt_top_n_and_below_min_share
19920405,1992,RINNOVAMENTO,FALSE,FALSE,NA,OTHER_LISTS,OTHER_LISTS,1189,3.0384930301212024e-5,47,0.03773584905660377,0.9622641509433962,FRIULI-VENEZIA GIULIA,0.8107653490328006,rank_gt_top_n_and_below_min_share
19920405,1992,LG.MERID.UN.NAZ.,FALSE,FALSE,NA,OTHER_LISTS,OTHER_LISTS,464,1.1857533776082742e-5,48,0.018867924528301886,0.9811320754716981,BASILICATA,1,rank_gt_top_n_and_below_min_share
19940327,1994,FORZA ITALIA,TRUE,FALSE,NA,RETAIN,FORZA ITALIA,8134781,0.21008744392470544,1,0.9433962264150944,0.05660377358490566,LOMBARDIA,0.2109783901988265,retained_by_rule
19940327,1994,PDS,TRUE,FALSE,NA,RETAIN,PDS,7879194,0.20348669836924627,2,1,0,EMILIA-ROMAGNA,0.14327924912116646,retained_by_rule
19940327,1994,ALLEANZA NAZIONALE,TRUE,FALSE,NA,RETAIN,ALLEANZA NAZIONALE,5227065,0.1349932745673535,3,1,0,LAZIO,0.17711851679671098,retained_by_rule
19940327,1994,P.POPOLARE ITALIANO,TRUE,FALSE,NA,RETAIN,P.POPOLARE ITALIANO,4284354,0.11064698370227635,4,1,0,LOMBARDIA,0.17227521348609381,retained_by_rule
19940327,1994,LEGA NORD,TRUE,TRUE,Lega Nord/Lombarda classified as territorial through the pre-national-turn phase; Lega/Salvini-era lists from 2018 onward are deliberately excluded.,TERRITORIAL_LISTS,TERRITORIAL_LISTS,3255331,0.08407161408756489,5,0.5377358490566038,0.46226415094339623,LOMBARDIA,0.44868678484614927,retained_by_rule
19940327,1994,RIFONDAZIONE COMUNISTA,TRUE,FALSE,NA,RETAIN,RIFONDAZIONE COMUNISTA,2345389,0.0605716097359131,6,0.9150943396226415,0.08490566037735849,LOMBARDIA,0.14382774030235496,retained_by_rule
19940327,1994,PATTO SEGNI,TRUE,FALSE,NA,RETAIN,PATTO SEGNI,1806463,0.046653400283861994,7,0.6698113207547169,0.330188679245283,LOMBARDIA,0.15192782802636975,retained_by_rule
19940327,1994,LISTA PANNELLA,TRUE,FALSE,NA,RETAIN,LISTA PANNELLA,1356034,0.0350206990126709,8,0.7735849056603774,0.22641509433962265,LOMBARDIA,0.22170683035971075,retained_by_rule
19940327,1994,FEDERAZIONE DEI VERDI,TRUE,FALSE,NA,RETAIN,FEDERAZIONE DEI VERDI,1048004,0.02706556963031543,9,0.8773584905660378,0.12264150943396226,LOMBARDIA,0.13655100553051325,retained_by_rule
19940327,1994,PSI,TRUE,FALSE,NA,RETAIN,PSI,843170,0.021775562254717596,10,1,0,CAMPANIA,0.11639882823155473,retained_by_rule
19940327,1994,LA RETE-MOV.DEM.,TRUE,FALSE,NA,RETAIN,LA RETE-MOV.DEM.,712184,0.018392740525414564,11,0.8207547169811321,0.1792452830188679,SICILIA,0.43739820046504835,retained_by_rule
19940327,1994,ALLEANZA DEMOCRATICA,TRUE,FALSE,NA,RETAIN,ALLEANZA DEMOCRATICA,455694,0.011768674248492334,12,0.7547169811320755,0.24528301886792453,LAZIO,0.1408598752671749,retained_by_rule
19940327,1994,SVP,FALSE,TRUE,NA,TERRITORIAL_LISTS,TERRITORIAL_LISTS,231825,0.005987072262651549,13,0.02830188679245283,0.9716981132075472,TRENTINO-ALTO ADIGE/SÜDTIROL,0.9996592257090477,rank_gt_top_n_and_below_min_share
19940327,1994,SOCIALDEMOCRAZIA,FALSE,FALSE,NA,OTHER_LISTS,OTHER_LISTS,180203,0.004653891439433181,14,0.5094339622641509,0.49056603773584906,PUGLIA,0.21357580062485088,rank_gt_top_n_and_below_min_share
19940327,1994,PROGRAMMA ITALIA,FALSE,FALSE,NA,OTHER_LISTS,OTHER_LISTS,150431,0.003885004928471628,15,0.0660377358490566,0.9339622641509434,PUGLIA,0.7632402895679747,rank_gt_top_n_and_below_min_share
19940327,1994,LEGA ALPINA LUMBARDA,FALSE,TRUE,NA,TERRITORIAL_LISTS,TERRITORIAL_LISTS,136411,0.0035229268388679413,16,0.12264150943396226,0.8773584905660378,LOMBARDIA,0.9991276363343132,rank_gt_top_n_and_below_min_share
19940327,1994,LEGA AUT.VENETA,FALSE,TRUE,NA,TERRITORIAL_LISTS,TERRITORIAL_LISTS,105345,0.0027206217082239945,17,0.07547169811320754,0.9245283018867925,VENETO,0.9998196402297214,rank_gt_top_n_and_below_min_share
19940327,1994,LEGA D'AZIONE MERIDIONALE,FALSE,TRUE,NA,TERRITORIAL_LISTS,TERRITORIAL_LISTS,59753,0.0015431706196925182,18,0.05660377358490566,0.9433962264150944,PUGLIA,1,rank_gt_top_n_and_below_min_share
19940327,1994,UN.POP.,FALSE,FALSE,NA,OTHER_LISTS,OTHER_LISTS,36255,9.363153451199479e-4,19,0.03773584905660377,0.9622641509433962,CAMPANIA,1,rank_gt_top_n_and_below_min_share
19940327,1994,VERDI-VERDI,FALSE,FALSE,NA,OTHER_LISTS,OTHER_LISTS,32823,8.476811080643235e-4,20,0.009433962264150943,0.9905660377358491,PIEMONTE,1,rank_gt_top_n_and_below_min_share
19940327,1994,SOLID.OCCUPAZ.SVILUP,FALSE,FALSE,NA,OTHER_LISTS,OTHER_LISTS,32415,8.371441707919767e-4,21,0.08490566037735849,0.9150943396226415,SICILIA,1,rank_gt_top_n_and_below_min_share
19940327,1994,PART.LEGGE NATURALE,FALSE,FALSE,NA,OTHER_LISTS,OTHER_LISTS,25351,6.54710531351146e-4,22,0.11320754716981132,0.8867924528301887,VENETO,0.3404204962328902,rank_gt_top_n_and_below_min_share
19940327,1994,PARTIDU INDIP.,FALSE,FALSE,NA,OTHER_LISTS,OTHER_LISTS,20792,5.36970587663328e-4,23,0.04716981132075472,0.9528301886792453,SARDEGNA,1,rank_gt_top_n_and_below_min_share
19940327,1994,UNIONE DEM.ITALIANA,FALSE,FALSE,NA,OTHER_LISTS,OTHER_LISTS,20085,5.187117282232563e-4,24,0.03773584905660377,0.9622641509433962,CAMPANIA,1,rank_gt_top_n_and_below_min_share
19940327,1994,UN.CRIST.RIF.,FALSE,FALSE,NA,OTHER_LISTS,OTHER_LISTS,15768,4.072216345842322e-4,25,0.009433962264150943,0.9905660377358491,CAMPANIA,1,rank_gt_top_n_and_below_min_share
19940327,1994,PATTO SOLIDARIETA',FALSE,FALSE,NA,OTHER_LISTS,OTHER_LISTS,15577,4.0228890169448155e-4,26,0.03773584905660377,0.9622641509433962,LIGURIA,1,rank_gt_top_n_and_below_min_share
19940327,1994,LG.ANGELA BOSSI,FALSE,FALSE,NA,OTHER_LISTS,OTHER_LISTS,15260,3.9410211464709435e-4,27,0.018867924528301886,0.9811320754716981,LOMBARDIA,1,rank_gt_top_n_and_below_min_share
19940327,1994,LEGA PER IL PIEMONTE,FALSE,TRUE,NA,TERRITORIAL_LISTS,TERRITORIAL_LISTS,15062,3.889886009708083e-4,28,0.009433962264150943,0.9905660377358491,PIEMONTE,1,rank_gt_top_n_and_below_min_share
19940327,1994,ALL.MERIDIONALE,FALSE,FALSE,NA,OTHER_LISTS,OTHER_LISTS,14006,3.617165280306162e-4,29,0.04716981132075472,0.9528301886792453,CAMPANIA,1,rank_gt_top_n_and_below_min_share
19940327,1994,ADA,FALSE,FALSE,NA,OTHER_LISTS,OTHER_LISTS,12898,3.3310151210473284e-4,30,0.02830188679245283,0.9716981132075472,TRENTINO-ALTO ADIGE/SÜDTIROL,0.999922468599783,rank_gt_top_n_and_below_min_share
19940327,1994,ALL.POP.,FALSE,FALSE,NA,OTHER_LISTS,OTHER_LISTS,11928,3.0805046025626087e-4,31,0.05660377358490566,0.9433962264150944,PUGLIA,1,rank_gt_top_n_and_below_min_share
19940327,1994,INIZIATIVA POP.DEM.,FALSE,FALSE,NA,OTHER_LISTS,OTHER_LISTS,11596,2.9947628580915506e-4,32,0.03773584905660377,0.9622641509433962,VENETO,1,rank_gt_top_n_and_below_min_share
19940327,1994,L'ARCA,FALSE,FALSE,NA,OTHER_LISTS,OTHER_LISTS,11427,2.951117211056584e-4,33,0.05660377358490566,0.9433962264150944,CAMPANIA,0.6473265073947668,rank_gt_top_n_and_below_min_share
19940327,1994,RIN.SALENTINA,FALSE,FALSE,NA,OTHER_LISTS,OTHER_LISTS,11419,2.949051144924751e-4,34,0.05660377358490566,0.9433962264150944,PUGLIA,1,rank_gt_top_n_and_below_min_share
19940327,1994,MOV.CRIST.DEM.,FALSE,FALSE,NA,OTHER_LISTS,OTHER_LISTS,10875,2.808558647960125e-4,35,0.03773584905660377,0.9622641509433962,LAZIO,1,rank_gt_top_n_and_below_min_share
19940327,1994,INSIEME PER SVILUPPO,FALSE,FALSE,NA,OTHER_LISTS,OTHER_LISTS,10252,2.647663747943651e-4,36,0.09433962264150944,0.9056603773584906,TOSCANA,1,rank_gt_top_n_and_below_min_share
19940327,1994,SOLID.PROGRESSO,FALSE,FALSE,NA,OTHER_LISTS,OTHER_LISTS,10221,2.639657741682799e-4,37,0.05660377358490566,0.9433962264150944,PUGLIA,1,rank_gt_top_n_and_below_min_share
19940327,1994,LISTA FRANCO GRECO,FALSE,FALSE,NA,OTHER_LISTS,OTHER_LISTS,10215,2.6381081920839243e-4,38,0.04716981132075472,0.9528301886792453,SICILIA,1,rank_gt_top_n_and_below_min_share
19940327,1994,RINASCITA SOCIALISTA,FALSE,FALSE,NA,OTHER_LISTS,OTHER_LISTS,9814,2.534546627225809e-4,39,0.009433962264150943,0.9905660377358491,CAMPANIA,1,rank_gt_top_n_and_below_min_share
19940327,1994,DEM.E SOLIDARIETA',FALSE,FALSE,NA,OTHER_LISTS,OTHER_LISTS,9542,2.4643003787434955e-4,40,0.05660377358490566,0.9433962264150944,PUGLIA,1,rank_gt_top_n_and_below_min_share
19940327,1994,UNIONE MEDITERRANEA,FALSE,FALSE,NA,OTHER_LISTS,OTHER_LISTS,9186,2.3723604358769388e-4,41,0.0660377358490566,0.9339622641509434,CALABRIA,0.6666666666666666,rank_gt_top_n_and_below_min_share
19940327,1994,MOV.MERIDIONALE,FALSE,FALSE,NA,OTHER_LISTS,OTHER_LISTS,8897,2.2977237968644813e-4,42,0.04716981132075472,0.9528301886792453,CALABRIA,1,rank_gt_top_n_and_below_min_share
19940327,1994,DEMOCRAZIA SICILIANA,FALSE,TRUE,NA,TERRITORIAL_LISTS,TERRITORIAL_LISTS,8407,2.1711772462897262e-4,43,0.04716981132075472,0.9528301886792453,SICILIA,1,rank_gt_top_n_and_below_min_share
19940327,1994,MOV.CATTOLICO DEM.,FALSE,FALSE,NA,OTHER_LISTS,OTHER_LISTS,8344,2.1549069755015434e-4,44,0.018867924528301886,0.9811320754716981,MOLISE,1,rank_gt_top_n_and_below_min_share
19940327,1994,RIFORMISTI IRPINI,FALSE,FALSE,NA,OTHER_LISTS,OTHER_LISTS,8262,2.1337297976502579e-4,45,0.03773584905660377,0.9622641509433962,CAMPANIA,1,rank_gt_top_n_and_below_min_share
19940327,1994,P.DEM.,FALSE,FALSE,NA,OTHER_LISTS,OTHER_LISTS,7649,1.9754174802985745e-4,46,0.08490566037735849,0.9150943396226415,EMILIA-ROMAGNA,1,rank_gt_top_n_and_below_min_share
19940327,1994,UNIONE POP.,FALSE,FALSE,NA,OTHER_LISTS,OTHER_LISTS,7545,1.948558620584749e-4,47,0.05660377358490566,0.9433962264150944,PUGLIA,1,rank_gt_top_n_and_below_min_share
19940327,1994,ALL.MUNICIPALITA',FALSE,FALSE,NA,OTHER_LISTS,OTHER_LISTS,7431,1.9191171782061324e-4,48,0.03773584905660377,0.9622641509433962,ABRUZZO,1,rank_gt_top_n_and_below_min_share
19940327,1994,UTOPIA,FALSE,FALSE,NA,OTHER_LISTS,OTHER_LISTS,6894,1.78043248910686e-4,49,0.05660377358490566,0.9433962264150944,PUGLIA,1,rank_gt_top_n_and_below_min_share
19940327,1994,MOV.REP.,FALSE,FALSE,NA,OTHER_LISTS,OTHER_LISTS,6621,1.709927982358068e-4,50,0.04716981132075472,0.9528301886792453,SICILIA,1,rank_gt_top_n_and_below_min_share
19940327,1994,MOV.CRIST.VERITAS,FALSE,FALSE,NA,OTHER_LISTS,OTHER_LISTS,6410,1.6554354881309795e-4,51,0.04716981132075472,0.9528301886792453,CALABRIA,1,rank_gt_top_n_and_below_min_share
19940327,1994,RINNOVAMENTO,FALSE,FALSE,NA,OTHER_LISTS,OTHER_LISTS,6016,1.5536817311382172e-4,52,0.02830188679245283,0.9716981132075472,PIEMONTE,0.8470744680851063,rank_gt_top_n_and_below_min_share
19940327,1994,RIN.DEMOCRATICO,FALSE,FALSE,NA,OTHER_LISTS,OTHER_LISTS,5578,1.440564610420375e-4,53,0.04716981132075472,0.9528301886792453,SICILIA,1,rank_gt_top_n_and_below_min_share
19940327,1994,LIBERAL DEM.EUROPEI,FALSE,FALSE,NA,OTHER_LISTS,OTHER_LISTS,4751,1.226985024042166e-4,54,0.04716981132075472,0.9528301886792453,CALABRIA,1,rank_gt_top_n_and_below_min_share
19940327,1994,INSIEME PER CAMBIARE,FALSE,FALSE,NA,OTHER_LISTS,OTHER_LISTS,4588,1.184888926606074e-4,55,0.018867924528301886,0.9811320754716981,BASILICATA,1,rank_gt_top_n_and_below_min_share
19940327,1994,P.POP.PROGRESSISTA,FALSE,FALSE,NA,OTHER_LISTS,OTHER_LISTS,4554,1.1761081455457849e-4,56,0.018867924528301886,0.9811320754716981,MOLISE,1,rank_gt_top_n_and_below_min_share
19940327,1994,CENTRO DEMOCRATICO,FALSE,FALSE,NA,OTHER_LISTS,OTHER_LISTS,4427,1.1433093457029401e-4,57,0.04716981132075472,0.9528301886792453,SARDEGNA,1,rank_gt_top_n_and_below_min_share
19940327,1994,MEDITERRANEO,FALSE,FALSE,NA,OTHER_LISTS,OTHER_LISTS,3821,9.868048362166104e-5,58,0.03773584905660377,0.9622641509433962,SICILIA,1,rank_gt_top_n_and_below_min_share
19940327,1994,MOV.LIBERALDEM.SOC.,FALSE,FALSE,NA,OTHER_LISTS,OTHER_LISTS,3498,9.033874161438637e-5,59,0.04716981132075472,0.9528301886792453,CALABRIA,1,rank_gt_top_n_and_below_min_share
19940327,1994,ALL.PROGRAMMA,FALSE,FALSE,NA,OTHER_LISTS,OTHER_LISTS,3376,8.718799076334145e-5,60,0.05660377358490566,0.9433962264150944,PUGLIA,1,rank_gt_top_n_and_below_min_share
19940327,1994,MOV.POP.CRIST.,FALSE,FALSE,NA,OTHER_LISTS,OTHER_LISTS,3352,8.656817092379163e-5,61,0.04716981132075472,0.9528301886792453,SICILIA,1,rank_gt_top_n_and_below_min_share
19940327,1994,MOV.EUR.LIB.CRIST.,FALSE,FALSE,NA,OTHER_LISTS,OTHER_LISTS,2900,7.489489727893668e-5,62,0.009433962264150943,0.9905660377358491,LAZIO,1,rank_gt_top_n_and_below_min_share
19940327,1994,IDEA CITTA',FALSE,FALSE,NA,OTHER_LISTS,OTHER_LISTS,2803,7.238979209408948e-5,63,0.04716981132075472,0.9528301886792453,CALABRIA,1,rank_gt_top_n_and_below_min_share
19940327,1994,AUTONOMIA SOCIALISTA,FALSE,TRUE,NA,TERRITORIAL_LISTS,TERRITORIAL_LISTS,2720,7.024624848231302e-5,64,0.018867924528301886,0.9811320754716981,BASILICATA,1,rank_gt_top_n_and_below_min_share
19940327,1994,ALL.PER I CASTELLI,FALSE,FALSE,NA,OTHER_LISTS,OTHER_LISTS,2662,6.874835053673428e-5,65,0.009433962264150943,0.9905660377358491,LAZIO,1,rank_gt_top_n_and_below_min_share
19940327,1994,CENTRO CRIST.DEM.,FALSE,FALSE,NA,OTHER_LISTS,OTHER_LISTS,2646,6.833513731036774e-5,66,0.018867924528301886,0.9811320754716981,MOLISE,1,rank_gt_top_n_and_below_min_share
19940327,1994,DEM.E RINNOVAMENTO,FALSE,FALSE,NA,OTHER_LISTS,OTHER_LISTS,2379,6.143964159537598e-5,67,0.009433962264150943,0.9905660377358491,CAMPANIA,1,rank_gt_top_n_and_below_min_share
19960421,1996,PDS,TRUE,FALSE,NA,RETAIN,PDS,7893424,0.2105869131252255,1,1,0,EMILIA-ROMAGNA,0.1353012330263774,retained_by_rule
19960421,1996,FORZA ITALIA,TRUE,FALSE,NA,RETAIN,FORZA ITALIA,7713310,0.20578169155463247,2,1,0,LOMBARDIA,0.19574475808699507,retained_by_rule
19960421,1996,ALLEANZA NAZIONALE,TRUE,FALSE,NA,RETAIN,ALLEANZA NAZIONALE,5873583,0.1567000218099017,3,1,0,LAZIO,0.17721721136825683,retained_by_rule
19960421,1996,LEGA NORD,TRUE,TRUE,Lega Nord/Lombarda classified as territorial through the pre-national-turn phase; Lega/Salvini-era lists from 2018 onward are deliberately excluded.,TERRITORIAL_LISTS,TERRITORIAL_LISTS,3777239,0.10077212387757375,4,0.6037735849056604,0.39622641509433965,LOMBARDIA,0.43320054674856423,retained_by_rule
19960421,1996,RIFONDAZIONE COMUNISTA,TRUE,FALSE,NA,RETAIN,RIFONDAZIONE COMUNISTA,3214528,0.08575968156209586,5,1,0,LOMBARDIA,0.13591233300814304,retained_by_rule
19960421,1996,POP-SVP-PRI-UD-PRODI,TRUE,FALSE,NA,RETAIN,POP-SVP-PRI-UD-PRODI,2554067,0.06813938861576489,6,1,0,LOMBARDIA,0.1557778241526162,retained_by_rule
19960421,1996,CCD-CDU,TRUE,FALSE,NA,RETAIN,CCD-CDU,2189343,0.05840899768494897,7,1,0,LOMBARDIA,0.13596636068446105,retained_by_rule
19960421,1996,RINNOVAMENTO IT-DINI,TRUE,FALSE,NA,RETAIN,RINNOVAMENTO IT-DINI,1626982,0.04340589294206236,8,0.9150943396226415,0.08490566037735849,LOMBARDIA,0.16408970720020258,retained_by_rule
19960421,1996,FEDERAZIONE DEI VERDI,TRUE,FALSE,NA,RETAIN,FEDERAZIONE DEI VERDI,937432,0.025009540998279886,9,1,0,LOMBARDIA,0.16185067290214117,retained_by_rule
19960421,1996,PANNELLA-SGARBI,TRUE,FALSE,NA,RETAIN,PANNELLA-SGARBI,700698,0.018693766970204473,10,0.8207547169811321,0.1792452830188679,LOMBARDIA,0.18988351615103796,retained_by_rule
19960421,1996,MOV.SOC.TRICOLORE,FALSE,FALSE,NA,OTHER_LISTS,OTHER_LISTS,338658,0.009034981881774326,11,0.78301886792452835,0.2169811320754717,LAZIO,0.16852990332429768,below_min_share
19960421,1996,SOCIALISTA,FALSE,FALSE,NA,OTHER_LISTS,OTHER_LISTS,149511,0.003988770901989503,12,0.3584905660377358,0.6415094339622641,CAMPANIA,0.27554494318143813,below_min_share
19960421,1996,LEGA D'AZIONE MERIDIONALE,FALSE,TRUE,NA,TERRITORIAL_LISTS,TERRITORIAL_LISTS,72243,0.0019273550191787072,13,0.05660377358490566,0.9433962264150944,PUGLIA,1,rank_gt_top_n_and_below_min_share
19960421,1996,UNIONE NORD EST,FALSE,TRUE,NA,TERRITORIAL_LISTS,TERRITORIAL_LISTS,63951,0.0017061345851016362,14,0.03773584905660377,0.9622641509433962,VENETO,1,rank_gt_top_n_and_below_min_share
19960421,1996,UNION FUR SUD TIROL,FALSE,TRUE,NA,TERRITORIAL_LISTS,TERRITORIAL_LISTS,55502,0.001480725582747901,15,0.02830188679245283,0.9716981132075472,TRENTINO-ALTO ADIGE/SÜDTIROL,0.9998738784187957,rank_gt_top_n_and_below_min_share
19960421,1996,MANI PULITE,FALSE,FALSE,NA,OTHER_LISTS,OTHER_LISTS,44508,0.0011874190882660727,16,0.27358490566037735,0.7264150943396226,PUGLIA,0.3914801833378269,rank_gt_top_n_and_below_min_share
19960421,1996,NOI SICILIANI-FNS,FALSE,TRUE,NA,TERRITORIAL_LISTS,TERRITORIAL_LISTS,40845,0.0010896947214035172,17,0.08490566037735849,0.9150943396226415,SICILIA,1,rank_gt_top_n_and_below_min_share
19960421,1996,PS D'AZ.,FALSE,TRUE,NA,TERRITORIAL_LISTS,TERRITORIAL_LISTS,37962,0.0010127798020301217,18,0.04716981132075472,0.9528301886792453,SARDEGNA,1,rank_gt_top_n_and_below_min_share
19960421,1996,VERDI-VERDI,FALSE,FALSE,NA,OTHER_LISTS,OTHER_LISTS,25787,6.879656697473986e-4,19,0.009433962264150943,0.9905660377358491,PIEMONTE,1,rank_gt_top_n_and_below_min_share
19960421,1996,SARDIGNA NATZIONE,FALSE,TRUE,NA,TERRITORIAL_LISTS,TERRITORIAL_LISTS,23322,6.222024799258863e-4,20,0.04716981132075472,0.9528301886792453,SARDEGNA,1,rank_gt_top_n_and_below_min_share
19960421,1996,GR.INDIP.LIBERTA',FALSE,FALSE,NA,OTHER_LISTS,OTHER_LISTS,17435,4.651445089403923e-4,21,0.05660377358490566,0.9433962264150944,PUGLIA,1,rank_gt_top_n_and_below_min_share
19960421,1996,AMBIENTALISTI,FALSE,FALSE,NA,OTHER_LISTS,OTHER_LISTS,15672,4.1810982185912405e-4,22,0.05660377358490566,0.9433962264150944,PUGLIA,1,rank_gt_top_n_and_below_min_share
19960421,1996,PART.UMANISTA,FALSE,FALSE,NA,OTHER_LISTS,OTHER_LISTS,14804,3.949526418327254e-4,23,0.1320754716981132,0.8679245283018868,LOMBARDIA,0.40266144285328287,rank_gt_top_n_and_below_min_share
19960421,1996,RINNOVAMENTO,FALSE,FALSE,NA,OTHER_LISTS,OTHER_LISTS,13597,3.6275135578219176e-4,24,0.10377358490566038,0.8962264150943396,SICILIA,0.6433772155622564,rank_gt_top_n_and_below_min_share
19960421,1996,PATTO PER L'AGRO,FALSE,TRUE,NA,TERRITORIAL_LISTS,TERRITORIAL_LISTS,12304,3.282556947520841e-4,25,0.03773584905660377,0.9622641509433962,CAMPANIA,1,rank_gt_top_n_and_below_min_share
19960421,1996,MOV.RIN.IT.,FALSE,FALSE,NA,OTHER_LISTS,OTHER_LISTS,8917,2.378946708472313e-4,26,0.03773584905660377,0.9622641509433962,CAMPANIA,1,rank_gt_top_n_and_below_min_share
19960421,1996,MOV.AUT.TOSCANO,FALSE,TRUE,NA,TERRITORIAL_LISTS,TERRITORIAL_LISTS,8607,2.296242494092318e-4,27,0.09433962264150944,0.9056603773584906,TOSCANA,1,rank_gt_top_n_and_below_min_share
19960421,1996,PART.LEGGE NATURALE,FALSE,FALSE,NA,OTHER_LISTS,OTHER_LISTS,8302,2.2148722186539355e-4,28,0.02830188679245283,0.9716981132075472,TRENTINO-ALTO ADIGE/SÜDTIROL,0.9996386412912551,rank_gt_top_n_and_below_min_share
19960421,1996,NUOVA DEMOCRAZIA,FALSE,FALSE,NA,OTHER_LISTS,OTHER_LISTS,8161,2.177255140500454e-4,29,0.08490566037735849,0.9150943396226415,EMILIA-ROMAGNA,1,rank_gt_top_n_and_below_min_share
19960421,1996,DEMOCRAZIA SOCIALE,FALSE,FALSE,NA,OTHER_LISTS,OTHER_LISTS,8003,2.1351026699454885e-4,30,0.009433962264150943,0.9905660377358491,CAMPANIA,1,rank_gt_top_n_and_below_min_share
19960421,1996,FEDERALISTI LIBERALI,FALSE,FALSE,NA,OTHER_LISTS,OTHER_LISTS,6479,1.7285180805418993e-4,31,0.03773584905660377,0.9622641509433962,SICILIA,1,rank_gt_top_n_and_below_min_share
19960421,1996,PER LE MARCHE,FALSE,TRUE,NA,TERRITORIAL_LISTS,TERRITORIAL_LISTS,5545,1.4793382862486235e-4,32,0.05660377358490566,0.9433962264150944,MARCHE,0.9931469792605951,rank_gt_top_n_and_below_min_share
19960421,1996,NUOVE ENERGIE,FALSE,FALSE,NA,OTHER_LISTS,OTHER_LISTS,5477,1.461196716642689e-4,33,0.009433962264150943,0.9905660377358491,PIEMONTE,1,rank_gt_top_n_and_below_min_share
19960421,1996,SVILUPPO-LEGALITA',FALSE,FALSE,NA,OTHER_LISTS,OTHER_LISTS,5003,1.3347393049777933e-4,34,0.009433962264150943,0.9905660377358491,CAMPANIA,1,rank_gt_top_n_and_below_min_share
19960421,1996,NORD LIBERO AUT.,FALSE,TRUE,NA,TERRITORIAL_LISTS,TERRITORIAL_LISTS,4961,1.3235342178682455e-4,35,0.03773584905660377,0.9622641509433962,FRIULI-VENEZIA GIULIA,1,rank_gt_top_n_and_below_min_share
19960421,1996,PART.FEDERAL.,FALSE,FALSE,NA,OTHER_LISTS,OTHER_LISTS,3769,1.0055231741877479e-4,36,0.009433962264150943,0.9905660377358491,PIEMONTE,1,rank_gt_top_n_and_below_min_share
19960421,1996,RISORGIMENTO DEL SUD,FALSE,TRUE,NA,TERRITORIAL_LISTS,TERRITORIAL_LISTS,3044,8.121020276538882e-5,37,0.018867924528301886,0.9811320754716981,MOLISE,1,rank_gt_top_n_and_below_min_share
20010513,2001,FORZA ITALIA,TRUE,FALSE,NA,RETAIN,FORZA ITALIA,10876674,0.2944307154823982,1,1,0,LOMBARDIA,0.18089776341554412,retained_by_rule
20010513,2001,DEMOCRATICI SINISTRA,TRUE,FALSE,NA,RETAIN,DEMOCRATICI SINISTRA,6128740,0.16590451301616588,2,1,0,EMILIA-ROMAGNA,0.13809918515061823,retained_by_rule
20010513,2001,LA MARGHERITA,TRUE,FALSE,NA,RETAIN,LA MARGHERITA,5358114,0.1450437273983071,3,1,0,LOMBARDIA,0.1698901889732096,retained_by_rule
20010513,2001,ALLEANZA NAZIONALE,TRUE,FALSE,NA,RETAIN,ALLEANZA NAZIONALE,4441720,0.12023701340800301,4,1,0,LAZIO,0.15917122195906092,retained_by_rule
20010513,2001,RIFONDAZIONE COMUNISTA,TRUE,FALSE,NA,RETAIN,RIFONDAZIONE COMUNISTA,1859553,0.05033795443969728,5,1,0,LOMBARDIA,0.16200613803424802,retained_by_rule
20010513,2001,LEGA NORD,TRUE,TRUE,Lega Nord/Lombarda classified as territorial through the pre-national-turn phase; Lega/Salvini-era lists from 2018 onward are deliberately excluded.,TERRITORIAL_LISTS,TERRITORIAL_LISTS,1448382,0.03920758759082297,6,0.5377358490566038,0.46226415094339623,LOMBARDIA,0.5100153136396337,retained_by_rule
20010513,2001,LISTA DI PIETRO,TRUE,FALSE,NA,RETAIN,LISTA DI PIETRO,1437259,0.03890648884976383,7,1,0,LOMBARDIA,0.16476710182367965,retained_by_rule
20010513,2001,CCD-CDU,TRUE,FALSE,NA,RETAIN,CCD-CDU,1190165,0.03221767357301584,8,0.9811320754716981,0.018867924528301886,SICILIA,0.17428591833905382,retained_by_rule
20010513,2001,DEMOCRAZIA EUROPEA,TRUE,FALSE,NA,RETAIN,DEMOCRAZIA EUROPEA,884973,0.023956149974946786,9,1,0,SICILIA,0.2267877099075339,retained_by_rule
20010513,2001,PANNELLA-BONINO,TRUE,FALSE,NA,RETAIN,PANNELLA-BONINO,826414,0.022370962419639553,10,1,0,LOMBARDIA,0.2058084688787944,retained_by_rule
20010513,2001,IL GIRASOLE,TRUE,FALSE,NA,RETAIN,IL GIRASOLE,801416,0.0216942685125105,11,1,0,CAMPANIA,0.1542182836379608,retained_by_rule
20010513,2001,COMUNISTI ITALIANI,TRUE,FALSE,NA,RETAIN,COMUNISTI ITALIANI,617664,0.01672011622741658,12,1,0,LOMBARDIA,0.14729853124028597,retained_by_rule
20010513,2001,NUOVO PSI,FALSE,FALSE,NA,OTHER_LISTS,OTHER_LISTS,352329,0.009537518505675344,13,0.8962264150943396,0.10377358490566038,SICILIA,0.12058048017619895,rank_gt_top_n_and_below_min_share
20010513,2001,SVP,FALSE,TRUE,NA,TERRITORIAL_LISTS,TERRITORIAL_LISTS,200056,0.005415500291407709,14,0.02830188679245283,0.9716981132075472,TRENTINO-ALTO ADIGE/SÜDTIROL,0.9998900307913784,rank_gt_top_n_and_below_min_share
20010513,2001,FIAMMA TRICOLORE,FALSE,FALSE,NA,OTHER_LISTS,OTHER_LISTS,142074,0.0038459320810246074,15,0.3584905660377358,0.6415094339622641,PUGLIA,0.24417557047735686,rank_gt_top_n_and_below_min_share
20010513,2001,LIGA FRONTE VENETO,FALSE,TRUE,NA,TERRITORIAL_LISTS,TERRITORIAL_LISTS,74335,0.002012242642868957,16,0.07547169811320754,0.9245283018867925,VENETO,0.9997847581892783,rank_gt_top_n_and_below_min_share
20010513,2001,PARTITO PENSIONATI,FALSE,FALSE,NA,OTHER_LISTS,OTHER_LISTS,66028,0.0017873728018208313,17,0.07547169811320754,0.9245283018867925,LOMBARDIA,1,rank_gt_top_n_and_below_min_share
20010513,2001,PS D'AZ-SARD.NATZ.,FALSE,TRUE,NA,TERRITORIAL_LISTS,TERRITORIAL_LISTS,34345,9.29716466931248e-4,18,0.04716981132075472,0.9528301886792453,SARDEGNA,1,rank_gt_top_n_and_below_min_share
20010513,2001,PAESE NUOVO,FALSE,FALSE,NA,OTHER_LISTS,OTHER_LISTS,33345,9.026465450523356e-4,19,0.6698113207547169,0.330188679245283,SICILIA,0.18953366321787374,rank_gt_top_n_and_below_min_share
20010513,2001,ABOLIZIONE SCORPORO,FALSE,FALSE,NA,OTHER_LISTS,OTHER_LISTS,26727,7.234978020576931e-4,20,1,0,LOMBARDIA,0.13054214838926928,rank_gt_top_n_and_below_min_share
20010513,2001,LEGA D'AZIONE MERIDIONALE,FALSE,TRUE,NA,TERRITORIAL_LISTS,TERRITORIAL_LISTS,23812,6.445889797806633e-4,21,0.05660377358490566,0.9433962264150944,PUGLIA,1,rank_gt_top_n_and_below_min_share
20010513,2001,FRONTE NAZIONALE,FALSE,FALSE,NA,OTHER_LISTS,OTHER_LISTS,23230,6.288342852471362e-4,22,0.0660377358490566,0.9339622641509434,LAZIO,0.5011192423590185,rank_gt_top_n_and_below_min_share
20010513,2001,VERDI-VERDI,FALSE,FALSE,NA,OTHER_LISTS,OTHER_LISTS,18251,4.940531442120311e-4,23,0.009433962264150943,0.9905660377358491,PIEMONTE,1,rank_gt_top_n_and_below_min_share
20010513,2001,FORZA NUOVA,FALSE,FALSE,NA,OTHER_LISTS,OTHER_LISTS,13535,3.6639139263108003e-4,24,0.04716981132075472,0.9528301886792453,VENETO,0.7420022164758034,rank_gt_top_n_and_below_min_share
20010513,2001,LISTA AMADU,FALSE,TRUE,NA,TERRITORIAL_LISTS,TERRITORIAL_LISTS,11513,3.1165601059191905e-4,25,0.04716981132075472,0.9528301886792453,SARDEGNA,1,rank_gt_top_n_and_below_min_share
20010513,2001,REPUBBLICANI EUROPEI,FALSE,FALSE,NA,OTHER_LISTS,OTHER_LISTS,7983,2.1609918635935807e-4,26,0.05660377358490566,0.9433962264150944,MARCHE,0.989352373794313,rank_gt_top_n_and_below_min_share
20010513,2001,NOI SICILIANI,FALSE,TRUE,NA,TERRITORIAL_LISTS,TERRITORIAL_LISTS,7798,2.1109125081175928e-4,27,0.04716981132075472,0.9528301886792453,SICILIA,1,rank_gt_top_n_and_below_min_share
20010513,2001,LIBERI E FORTI,FALSE,FALSE,NA,OTHER_LISTS,OTHER_LISTS,7250,1.9625693362211526e-4,28,0.03773584905660377,0.9622641509433962,CAMPANIA,1,rank_gt_top_n_and_below_min_share
20010513,2001,SOCIAL.AUTON.,FALSE,FALSE,NA,OTHER_LISTS,OTHER_LISTS,6775,1.8339872072963185e-4,29,0.03773584905660377,0.9622641509433962,CAMPANIA,1,rank_gt_top_n_and_below_min_share
20010513,2001,MOVIMENTO DELLE LIBERTA',FALSE,FALSE,NA,OTHER_LISTS,OTHER_LISTS,6772,1.833175109639951e-4,30,0.03773584905660377,0.9622641509433962,CAMPANIA,1,rank_gt_top_n_and_below_min_share
20010513,2001,LIBDEM.BASTA,FALSE,FALSE,NA,OTHER_LISTS,OTHER_LISTS,6022,1.6301506955481077e-4,31,0.05660377358490566,0.9433962264150944,LOMBARDIA,1,rank_gt_top_n_and_below_min_share
20010513,2001,COMUNISMO,FALSE,FALSE,NA,OTHER_LISTS,OTHER_LISTS,5203,1.4084480353598148e-4,32,0.09433962264150944,0.9056603773584906,TOSCANA,1,rank_gt_top_n_and_below_min_share
20010513,2001,TERZO POLO AUTONOMIA,FALSE,TRUE,NA,TERRITORIAL_LISTS,TERRITORIAL_LISTS,2913,7.885468243327196e-5,33,0.03773584905660377,0.9622641509433962,FRIULI-VENEZIA GIULIA,1,rank_gt_top_n_and_below_min_share
20060409,2006,L'ULIVO,TRUE,FALSE,NA,RETAIN,L'ULIVO,11926261,0.3126656821819487,1,1,0,LOMBARDIA,0.14229262633108566,retained_by_rule
20060409,2006,FORZA ITALIA,TRUE,FALSE,NA,RETAIN,FORZA ITALIA,9044951,0.23712761063314805,2,1,0,LOMBARDIA,0.19052662640184562,retained_by_rule
20060409,2006,ALLEANZA NAZIONALE,TRUE,FALSE,NA,RETAIN,ALLEANZA NAZIONALE,4706051,0.12337652566030893,3,1,0,LAZIO,0.14369393786850163,retained_by_rule
20060409,2006,UNIONE DI CENTRO,TRUE,FALSE,NA,RETAIN,UNIONE DI CENTRO,2579711,0.06763117959998334,4,1,0,LOMBARDIA,0.1457531483177767,retained_by_rule
20060409,2006,RIFONDAZIONE COMUNISTA,TRUE,FALSE,NA,RETAIN,RIFONDAZIONE COMUNISTA,2229260,0.058443555667692576,5,1,0,LOMBARDIA,0.15781559800113043,retained_by_rule
20060409,2006,LEGA NORD,TRUE,TRUE,Lega Nord/Lombarda classified as territorial through the pre-national-turn phase; Lega/Salvini-era lists from 2018 onward are deliberately excluded.,TERRITORIAL_LISTS,TERRITORIAL_LISTS,1747697,0.045818624525519366,6,1,0,LOMBARDIA,0.42617513218824543,retained_by_rule
20060409,2006,LA ROSA NEL PUGNO,TRUE,FALSE,NA,RETAIN,LA ROSA NEL PUGNO,990249,0.025960934371215966,7,1,0,LOMBARDIA,0.14821423702523304,retained_by_rule
20060409,2006,COMUNISTI ITALIANI,TRUE,FALSE,NA,RETAIN,COMUNISTI ITALIANI,884461,0.023187535634875717,8,1,0,LOMBARDIA,0.12678003891635697,retained_by_rule
20060409,2006,DI PIETRO ITALIA DEI VALORI,TRUE,FALSE,NA,RETAIN,DI PIETRO ITALIA DEI VALORI,876940,0.022990360795612143,9,1,0,LOMBARDIA,0.14246014550596392,retained_by_rule
20060409,2006,FEDERAZIONE DEI VERDI,TRUE,FALSE,NA,RETAIN,FEDERAZIONE DEI VERDI,783700,0.020545927606816016,10,1,0,LOMBARDIA,0.16518310578027307,retained_by_rule
20060409,2006,U.D.EUR POPOLARI,TRUE,FALSE,NA,RETAIN,U.D.EUR POPOLARI,534416,0.014010555630884507,11,1,0,CAMPANIA,0.3221741115535463,retained_by_rule
20060409,2006,PARTITO PENSIONATI,FALSE,FALSE,NA,OTHER_LISTS,OTHER_LISTS,333735,0.008749387711957053,12,1,0,LOMBARDIA,0.3271757532173731,below_min_share
20060409,2006,DEM.CRIST.-NUOVO PSI,FALSE,FALSE,NA,OTHER_LISTS,OTHER_LISTS,285448,0.007483468091757583,13,0.9716981132075472,0.02830188679245283,CAMPANIA,0.18614949132591577,rank_gt_top_n_and_below_min_share
20060409,2006,ALTERNATIVA SOCIALE MUSSOLINI,FALSE,FALSE,NA,OTHER_LISTS,OTHER_LISTS,255378,0.006695135766713615,14,1,0,LOMBARDIA,0.15957130214818818,rank_gt_top_n_and_below_min_share
20060409,2006,FIAMMA TRICOLORE,FALSE,FALSE,NA,OTHER_LISTS,OTHER_LISTS,231120,0.006059174159100826,15,1,0,LAZIO,0.15336188992731048,rank_gt_top_n_and_below_min_share
20060409,2006,SVP,FALSE,TRUE,NA,TERRITORIAL_LISTS,TERRITORIAL_LISTS,182703,0.004789846384519722,16,0.018867924528301886,0.9811320754716981,TRENTINO-ALTO ADIGE/SÜDTIROL,1,rank_gt_top_n_and_below_min_share
20060409,2006,I SOCIALISTI,FALSE,FALSE,NA,OTHER_LISTS,OTHER_LISTS,115090,0.0030172652906322,17,0.330188679245283,0.6698113207547169,PUGLIA,0.3387957250847163,rank_gt_top_n_and_below_min_share
20060409,2006,PROGETTO NORDEST,FALSE,TRUE,NA,TERRITORIAL_LISTS,TERRITORIAL_LISTS,92079,0.002413995748510925,18,0.10377358490566038,0.8962264150943396,VENETO,0.9426905157527775,rank_gt_top_n_and_below_min_share
20060409,2006,LISTA CONSUMATORI,FALSE,FALSE,NA,OTHER_LISTS,OTHER_LISTS,73687,0.0019318205532263006,19,0.18867924528301888,0.8113207547169812,CALABRIA,0.7904515043359073,rank_gt_top_n_and_below_min_share
20060409,2006,NO EURO,FALSE,FALSE,NA,OTHER_LISTS,OTHER_LISTS,58704,0.00153901765245697,20,0.5943396226415094,0.4056603773584906,LOMBARDIA,0.2310915780866721,rank_gt_top_n_and_below_min_share
20060409,2006,ALLEANZA LOMBARDA AUTONOMIA,FALSE,TRUE,NA,TERRITORIAL_LISTS,TERRITORIAL_LISTS,44573,0.0011685512711734213,21,0.05660377358490566,0.9433962264150944,LOMBARDIA,1,rank_gt_top_n_and_below_min_share
20060409,2006,PENSIONATI UNITI,FALSE,FALSE,NA,OTHER_LISTS,OTHER_LISTS,27818,7.29292604525211e-4,22,0.22641509433962265,0.7735849056603774,VENETO,0.3633618520382486,rank_gt_top_n_and_below_min_share
20060409,2006,LIGA FRONTE VENETO,FALSE,TRUE,NA,TERRITORIAL_LISTS,TERRITORIAL_LISTS,22010,5.77026753382698e-4,23,0.07547169811320754,0.9245283018867925,VENETO,0.9999091322126307,rank_gt_top_n_and_below_min_share
20060409,2006,AMBIENTA-LISTA,FALSE,FALSE,NA,OTHER_LISTS,OTHER_LISTS,17372,4.554342916748856e-4,24,0.19811320754716982,0.8018867924528302,CAMPANIA,0.26899608565507716,rank_gt_top_n_and_below_min_share
20060409,2006,DIE FREIHEITLICHEN,FALSE,TRUE,NA,TERRITORIAL_LISTS,TERRITORIAL_LISTS,17167,4.5005989438077137e-4,25,0.018867924528301886,0.9811320754716981,TRENTINO-ALTO ADIGE/SÜDTIROL,1,rank_gt_top_n_and_below_min_share
20060409,2006,TERZO POLO,FALSE,FALSE,NA,OTHER_LISTS,OTHER_LISTS,16234,4.2559983254951026e-4,26,0.11320754716981132,0.8867924528301887,CAMPANIA,0.5927066650240237,rank_gt_top_n_and_below_min_share
20060409,2006,P.LIBERALE ITALIANO,FALSE,FALSE,NA,OTHER_LISTS,OTHER_LISTS,12308,3.226735702241821e-4,27,0.1509433962264151,0.8490566037735849,SICILIA,0.4848878778030549,rank_gt_top_n_and_below_min_share
20060409,2006,IRS,FALSE,TRUE,NA,TERRITORIAL_LISTS,TERRITORIAL_LISTS,11649,3.0539684916651747e-4,28,0.04716981132075472,0.9528301886792453,SARDEGNA,1,rank_gt_top_n_and_below_min_share
20060409,2006,SARDIGNA NATZIONE,FALSE,TRUE,NA,TERRITORIAL_LISTS,TERRITORIAL_LISTS,11000,2.88382293830517e-4,29,0.04716981132075472,0.9528301886792453,SARDEGNA,1,rank_gt_top_n_and_below_min_share
20060409,2006,S.O.S. ITALIA,FALSE,FALSE,NA,OTHER_LISTS,OTHER_LISTS,6956,1.823624759895524e-4,30,0.1792452830188679,0.8207547169811321,VENETO,0.3615583668775158,rank_gt_top_n_and_below_min_share
20060409,2006,SOLIDARIETA',FALSE,FALSE,NA,OTHER_LISTS,OTHER_LISTS,5878,1.5410101119416172e-4,31,0.1320754716981132,0.8679245283018868,VENETO,0.4530452534875808,rank_gt_top_n_and_below_min_share
20060409,2006,MOV.DEM.SIC-NOI SIC.,FALSE,TRUE,NA,TERRITORIAL_LISTS,TERRITORIAL_LISTS,5176,1.3569697753334145e-4,32,0.03773584905660377,0.9622641509433962,SICILIA,1,rank_gt_top_n_and_below_min_share
20060409,2006,PER IL SUD,FALSE,TRUE,NA,TERRITORIAL_LISTS,TERRITORIAL_LISTS,5130,1.3449101521368655e-4,33,0.04716981132075472,0.9528301886792453,CALABRIA,1,rank_gt_top_n_and_below_min_share
20060409,2006,MOVIMENTO TRIVENETO,FALSE,TRUE,NA,TERRITORIAL_LISTS,TERRITORIAL_LISTS,4518,1.1844647304784326e-4,34,0.03773584905660377,0.9622641509433962,VENETO,1,rank_gt_top_n_and_below_min_share
20060409,2006,DIMENSIONE CHRISTIANA,FALSE,FALSE,NA,OTHER_LISTS,OTHER_LISTS,2447,6.415195209120682e-5,35,0.05660377358490566,0.9433962264150944,PUGLIA,1,rank_gt_top_n_and_below_min_share
20060409,2006,DESTRA NAZIONALE,FALSE,FALSE,NA,OTHER_LISTS,OTHER_LISTS,1088,2.852363051705477e-5,36,0.03773584905660377,0.9622641509433962,ABRUZZO,1,rank_gt_top_n_and_below_min_share
20060409,2006,LEGA SUD,FALSE,TRUE,NA,TERRITORIAL_LISTS,TERRITORIAL_LISTS,847,2.2205436624949807e-5,37,0.009433962264150943,0.9905660377358491,CAMPANIA,1,rank_gt_top_n_and_below_min_share
20080413,2008,IL POPOLO DELLA LIBERTA',TRUE,FALSE,NA,RETAIN,IL POPOLO DELLA LIBERTA',13628865,0.3738821180169539,1,1,0,LOMBARDIA,0.15102314095854644,retained_by_rule
20080413,2008,PARTITO DEMOCRATICO,TRUE,FALSE,NA,RETAIN,PARTITO DEMOCRATICO,12092998,0.331748513571364,2,1,0,LOMBARDIA,0.14275211159383305,retained_by_rule
20080413,2008,LEGA NORD,TRUE,TRUE,Lega Nord/Lombarda classified as territorial through the pre-national-turn phase; Lega/Salvini-era lists from 2018 onward are deliberately excluded.,TERRITORIAL_LISTS,TERRITORIAL_LISTS,3024522,0.08297203702207584,3,0.5943396226415094,0.4056603773584906,LOMBARDIA,0.4388141332746133,retained_by_rule
20080413,2008,UNIONE DI CENTRO,TRUE,FALSE,NA,RETAIN,UNIONE DI CENTRO,2050319,0.05624662144136015,4,1,0,SICILIA,0.12922525714291289,retained_by_rule
20080413,2008,DI PIETRO ITALIA DEI VALORI,TRUE,FALSE,NA,RETAIN,DI PIETRO ITALIA DEI VALORI,1593675,0.04371945752127335,5,1,0,LOMBARDIA,0.15428741744709554,retained_by_rule
20080413,2008,LA SINISTRA L'ARCOBALENO,TRUE,FALSE,NA,RETAIN,LA SINISTRA L'ARCOBALENO,1124418,0.030846279816873035,6,1,0,LOMBARDIA,0.16056306462543288,retained_by_rule
20080413,2008,LA DESTRA - FIAMMA TRICOLORE,TRUE,FALSE,NA,RETAIN,LA DESTRA - FIAMMA TRICOLORE,885229,0.024284582278130285,7,1,0,LOMBARDIA,0.14718225453526715,retained_by_rule
20080413,2008,MOVIMENTO PER L'AUTONOMIA ALL.PER IL SUD,TRUE,TRUE,NA,TERRITORIAL_LISTS,TERRITORIAL_LISTS,410487,0.011260933979346436,8,0.4056603773584906,0.5943396226415094,SICILIA,0.5290520771668774,retained_by_rule
20080413,2008,PARTITO SOCIALISTA,FALSE,FALSE,NA,OTHER_LISTS,OTHER_LISTS,355581,0.009754691781493654,9,1,0,CAMPANIA,0.13942814717321791,below_min_share
20080413,2008,PARTITO COMUNISTA DEI LAVORATORI,FALSE,FALSE,NA,OTHER_LISTS,OTHER_LISTS,208394,0.005716894994706096,10,1,0,LOMBARDIA,0.16138180561820398,below_min_share
20080413,2008,SINISTRA CRITICA,FALSE,FALSE,NA,OTHER_LISTS,OTHER_LISTS,167673,0.00459979142608403,11,1,0,LOMBARDIA,0.1551770410262833,below_min_share
20080413,2008,SVP,FALSE,TRUE,NA,TERRITORIAL_LISTS,TERRITORIAL_LISTS,147666,0.004050937245257878,12,0.018867924528301886,0.9811320754716981,TRENTINO-ALTO ADIGE/SÜDTIROL,1,below_min_share
20080413,2008,"ASS.DIFESA DELLA VITA ABORTO?NO,GRAZIE",FALSE,FALSE,NA,OTHER_LISTS,OTHER_LISTS,135578,0.003719325842357568,13,0.9811320754716981,0.018867924528301886,LOMBARDIA,0.20961365413267638,rank_gt_top_n_and_below_min_share
20080413,2008,PER IL BENE COMUNE,FALSE,FALSE,NA,OTHER_LISTS,OTHER_LISTS,119420,0.003276061692120704,14,0.9528301886792453,0.04716981132075472,LOMBARDIA,0.16003182046558365,rank_gt_top_n_and_below_min_share
20080413,2008,FORZA NUOVA,FALSE,FALSE,NA,OTHER_LISTS,OTHER_LISTS,108837,0.00298573711593821,15,0.7924528301886793,0.20754716981132076,LAZIO,0.19885700634894382,rank_gt_top_n_and_below_min_share
20080413,2008,P.LIBERALE ITALIANO,FALSE,FALSE,NA,OTHER_LISTS,OTHER_LISTS,103760,0.002846459229395782,16,0.9433962264150944,0.05660377358490566,TOSCANA,0.11487085582112568,rank_gt_top_n_and_below_min_share
20080413,2008,UNIONE DEMOCRATICA PER I CONSUMATORI,FALSE,FALSE,NA,OTHER_LISTS,OTHER_LISTS,91486,0.0025097452685090833,17,1,0,LOMBARDIA,0.1533895896639923,rank_gt_top_n_and_below_min_share
20080413,2008,LISTA DEI GRILLI PARLANTI,FALSE,FALSE,NA,OTHER_LISTS,OTHER_LISTS,66844,0.0018337386346350389,18,0.330188679245283,0.6698113207547169,VENETO,0.3366046316797319,rank_gt_top_n_and_below_min_share
20080413,2008,LG.VENETA REPUBBLICA,FALSE,TRUE,NA,TERRITORIAL_LISTS,TERRITORIAL_LISTS,31353,8.601102179958167e-4,19,0.03773584905660377,0.9622641509433962,VENETO,1,rank_gt_top_n_and_below_min_share
20080413,2008,DIE FREIHEITLICHEN,FALSE,TRUE,NA,TERRITORIAL_LISTS,TERRITORIAL_LISTS,28347,7.776462969899984e-4,20,0.018867924528301886,0.9811320754716981,TRENTINO-ALTO ADIGE/SÜDTIROL,1,rank_gt_top_n_and_below_min_share
20080413,2008,M.E.D.A.,FALSE,FALSE,NA,OTHER_LISTS,OTHER_LISTS,16449,4.5124718450589065e-4,21,0.27358490566037735,0.7264150943396226,TOSCANA,0.30634081099154964,rank_gt_top_n_and_below_min_share
20080413,2008,PS D'AZ.,FALSE,TRUE,NA,TERRITORIAL_LISTS,TERRITORIAL_LISTS,14856,4.0754624433214854e-4,22,0.04716981132075472,0.9528301886792453,SARDEGNA,1,rank_gt_top_n_and_below_min_share
20080413,2008,LEGA PER L'AUTONOMIA ALL.LOMB. LEGA PENS,FALSE,TRUE,NA,TERRITORIAL_LISTS,TERRITORIAL_LISTS,14003,3.841458036741435e-4,23,0.0660377358490566,0.9339622641509434,LOMBARDIA,0.9990002142398058,rank_gt_top_n_and_below_min_share
20080413,2008,UNION FUR SUD TIROL,FALSE,TRUE,NA,TERRITORIAL_LISTS,TERRITORIAL_LISTS,12836,3.521313672756771e-4,24,0.018867924528301886,0.9811320754716981,TRENTINO-ALTO ADIGE/SÜDTIROL,1,rank_gt_top_n_and_below_min_share
20080413,2008,SARDIGNA NATZIONE,FALSE,TRUE,NA,TERRITORIAL_LISTS,TERRITORIAL_LISTS,7182,1.9702457773246437e-4,25,0.04716981132075472,0.9528301886792453,SARDEGNA,1,rank_gt_top_n_and_below_min_share
20080413,2008,LEGA SUD,FALSE,TRUE,NA,TERRITORIAL_LISTS,TERRITORIAL_LISTS,4346,1.1922428499377474e-4,26,0.009433962264150943,0.9905660377358491,CAMPANIA,1,rank_gt_top_n_and_below_min_share
20080413,2008,L'INTESA VENETA,FALSE,TRUE,NA,TERRITORIAL_LISTS,TERRITORIAL_LISTS,2388,6.55102605994326e-5,27,0.03773584905660377,0.9622641509433962,VENETO,1,rank_gt_top_n_and_below_min_share
20080413,2008,PARTITO DI ALTERNATIVA COMUNISTA,FALSE,FALSE,NA,OTHER_LISTS,OTHER_LISTS,2049,5.6210437172628724e-5,28,0.03773584905660377,0.9622641509433962,LAZIO,1,rank_gt_top_n_and_below_min_share
20080413,2008,IL LOTO,FALSE,FALSE,NA,OTHER_LISTS,OTHER_LISTS,1799,4.935216030920404e-5,29,0.009433962264150943,0.9905660377358491,LAZIO,1,rank_gt_top_n_and_below_min_share
20080413,2008,MOVIMENTO P.P.A.,FALSE,FALSE,NA,OTHER_LISTS,OTHER_LISTS,945,2.5924286543745313e-5,30,0.009433962264150943,0.9905660377358491,PIEMONTE,1,rank_gt_top_n_and_below_min_share
20130224,2013,MOVIMENTO 5 STELLE BEPPEGRILLO.IT,TRUE,FALSE,NA,RETAIN,MOVIMENTO 5 STELLE BEPPEGRILLO.IT,8689584,0.25555703616463993,1,1,0,LOMBARDIA,0.12959734320998564,retained_by_rule
20130224,2013,PARTITO DEMOCRATICO,TRUE,FALSE,NA,RETAIN,PARTITO DEMOCRATICO,8644542,0.25423236975679714,2,1,0,LOMBARDIA,0.16972107949732906,retained_by_rule
20130224,2013,IL POPOLO DELLA LIBERTA',TRUE,FALSE,NA,RETAIN,IL POPOLO DELLA LIBERTA',7332829,0.21565543827438924,3,1,0,LOMBARDIA,0.16258077203218566,retained_by_rule
20130224,2013,SCELTA CIVICA CON MONTI PER L'ITALIA,TRUE,FALSE,NA,RETAIN,SCELTA CIVICA CON MONTI PER L'ITALIA,2824064,0.083054542746725,4,1,0,LOMBARDIA,0.21660132348275393,retained_by_rule
20130224,2013,LEGA NORD,TRUE,TRUE,Lega Nord/Lombarda classified as territorial through the pre-national-turn phase; Lega/Salvini-era lists from 2018 onward are deliberately excluded.,TERRITORIAL_LISTS,TERRITORIAL_LISTS,1390153,0.040883819121304614,5,1,0,LOMBARDIA,0.5330276595453882,retained_by_rule
20130224,2013,SINISTRA ECOLOGIA LIBERTA',TRUE,FALSE,NA,RETAIN,SINISTRA ECOLOGIA LIBERTA',1089562,0.03204356335557806,6,1,0,PUGLIA,0.13250553892298006,retained_by_rule
20130224,2013,RIVOLUZIONE CIVILE,TRUE,FALSE,NA,RETAIN,RIVOLUZIONE CIVILE,765194,0.022504035950508733,7,1,0,LOMBARDIA,0.11708534044961147,retained_by_rule
20130224,2013,FRATELLI D'ITALIA,TRUE,FALSE,NA,RETAIN,FRATELLI D'ITALIA,665835,0.01958192925860237,8,0.9811320754716981,0.018867924528301886,LAZIO,0.13739740326056757,retained_by_rule
20130224,2013,UNIONE DI CENTRO,TRUE,FALSE,NA,RETAIN,UNIONE DI CENTRO,608205,0.01788705502824011,9,1,0,CAMPANIA,0.17739249101865326,retained_by_rule
20130224,2013,FARE PER FERMARE IL DECLINO,TRUE,FALSE,NA,RETAIN,FARE PER FERMARE IL DECLINO,380488,0.011189993166095352,10,1,0,LOMBARDIA,0.29756786022161014,retained_by_rule
20130224,2013,LA DESTRA,FALSE,FALSE,NA,OTHER_LISTS,OTHER_LISTS,219671,0.0064604323626220326,11,0.9622641509433962,0.03773584905660377,LAZIO,0.2805286086920895,below_min_share
20130224,2013,CENTRO DEMOCRATICO,FALSE,FALSE,NA,OTHER_LISTS,OTHER_LISTS,167071,0.004913488331439405,12,0.9811320754716981,0.018867924528301886,PUGLIA,0.19064948435096457,below_min_share
20130224,2013,FUTURO E LIBERTA',FALSE,FALSE,NA,OTHER_LISTS,OTHER_LISTS,159415,0.00468832856903001,13,0.9811320754716981,0.018867924528301886,CAMPANIA,0.18584198475676694,rank_gt_top_n_and_below_min_share
20130224,2013,GRANDE SUD - MPA,FALSE,TRUE,NA,TERRITORIAL_LISTS,TERRITORIAL_LISTS,148549,0.004368764047303196,14,0.5283018867924528,0.4716981132075472,SICILIA,0.31374832546836395,rank_gt_top_n_and_below_min_share
20130224,2013,SVP,FALSE,TRUE,NA,TERRITORIAL_LISTS,TERRITORIAL_LISTS,146804,0.0043174443261166234,15,0.018867924528301886,0.9811320754716981,TRENTINO-ALTO ADIGE/SÜDTIROL,1,rank_gt_top_n_and_below_min_share
20130224,2013,PARTITO COMUNISTA DEI LAVORATORI,FALSE,FALSE,NA,OTHER_LISTS,OTHER_LISTS,89991,0.002646597724527677,16,0.6226415094339622,0.37735849056603776,TOSCANA,0.16699447722550032,rank_gt_top_n_and_below_min_share
20130224,2013,FORZA NUOVA,FALSE,FALSE,NA,OTHER_LISTS,OTHER_LISTS,89802,0.0026410393134650625,17,0.8301886792452831,0.16981132075471697,LOMBARDIA,0.14621055210351663,rank_gt_top_n_and_below_min_share
20130224,2013,MIR - MODERATI IN RIVOLUZIONE,FALSE,FALSE,NA,OTHER_LISTS,OTHER_LISTS,81978,0.002410938741222232,18,0.8679245283018868,0.1320754716981132,CAMPANIA,0.19191734367757204,rank_gt_top_n_and_below_min_share
20130224,2013,LISTA AMNISTIA GIUSTIZIA LIBERTA',FALSE,FALSE,NA,OTHER_LISTS,OTHER_LISTS,64713,0.0019031823020897597,19,0.5283018867924528,0.4716981132075472,CAMPANIA,0.19206341847851283,rank_gt_top_n_and_below_min_share
20130224,2013,PARTITO PENSIONATI,FALSE,FALSE,NA,OTHER_LISTS,OTHER_LISTS,54857,0.0016133214585282393,20,0.19811320754716982,0.8018867924528302,CAMPANIA,0.2694642433964672,rank_gt_top_n_and_below_min_share
20130224,2013,DIE FREIHEITLICHEN,FALSE,TRUE,NA,TERRITORIAL_LISTS,TERRITORIAL_LISTS,48317,0.0014209827900123764,21,0.018867924528301886,0.9811320754716981,TRENTINO-ALTO ADIGE/SÜDTIROL,1,rank_gt_top_n_and_below_min_share
20130224,2013,CASAPOUND ITALIA,FALSE,FALSE,NA,OTHER_LISTS,OTHER_LISTS,47689,0.001402513572301679,22,0.5283018867924528,0.4716981132075472,LAZIO,0.3407284698777496,rank_gt_top_n_and_below_min_share
20130224,2013,FIAMMA TRICOLORE,FALSE,FALSE,NA,OTHER_LISTS,OTHER_LISTS,44744,0.0013159023523048568,23,0.37735849056603776,0.6226415094339622,LOMBARDIA,0.2487931342749866,rank_gt_top_n_and_below_min_share
20130224,2013,IO AMO L'ITALIA,FALSE,FALSE,NA,OTHER_LISTS,OTHER_LISTS,42527,0.0012507013082529198,24,0.5094339622641509,0.49056603773584906,LOMBARDIA,0.2379194394149599,rank_gt_top_n_and_below_min_share
20130224,2013,INDIPENDENZA VENETA,FALSE,TRUE,NA,TERRITORIAL_LISTS,TERRITORIAL_LISTS,33274,9.7857444284355e-4,25,0.07547169811320754,0.9245283018867925,VENETO,0.9997295185430065,rank_gt_top_n_and_below_min_share
20130224,2013,LIBERALI PER L'ITALIA - PLI,FALSE,FALSE,NA,OTHER_LISTS,OTHER_LISTS,28025,8.242035451310481e-4,26,0.2358490566037736,0.7641509433962265,CAMPANIA,0.38658340767172167,rank_gt_top_n_and_below_min_share
20130224,2013,INTESA POPOLARE,FALSE,FALSE,NA,OTHER_LISTS,OTHER_LISTS,25632,7.538264145869411e-4,27,0.39622641509433965,0.6037735849056604,CAMPANIA,0.28386392009987516,rank_gt_top_n_and_below_min_share
20130224,2013,PS D'AZ.,FALSE,TRUE,NA,TERRITORIAL_LISTS,TERRITORIAL_LISTS,18585,5.465770878237476e-4,28,0.04716981132075472,0.9528301886792453,SARDEGNA,1,rank_gt_top_n_and_below_min_share
20130224,2013,LG.VENETA REPUBBLICA,FALSE,TRUE,NA,TERRITORIAL_LISTS,TERRITORIAL_LISTS,15838,4.6578896513061694e-4,29,0.03773584905660377,0.9622641509433962,VENETO,1,rank_gt_top_n_and_below_min_share
20130224,2013,VOTO DI PROTESTA,FALSE,FALSE,NA,OTHER_LISTS,OTHER_LISTS,12745,3.748251269471974e-4,30,0.04716981132075472,0.9528301886792453,CAMPANIA,1,rank_gt_top_n_and_below_min_share
20130224,2013,VENETO STATO,FALSE,TRUE,NA,TERRITORIAL_LISTS,TERRITORIAL_LISTS,11378,3.3462222788585425e-4,31,0.07547169811320754,0.9245283018867925,VENETO,0.9998242221831605,rank_gt_top_n_and_below_min_share
20130224,2013,RIFORMISTI ITALIANI,FALSE,FALSE,NA,OTHER_LISTS,OTHER_LISTS,8223,2.4183499559723848e-4,32,0.16037735849056603,0.839622641509434,CALABRIA,0.5570959503830719,rank_gt_top_n_and_below_min_share
20130224,2013,INDIPENDENZA PER LA SARDEGNA,FALSE,TRUE,NA,TERRITORIAL_LISTS,TERRITORIAL_LISTS,7598,2.2345400663356657e-4,33,0.04716981132075472,0.9528301886792453,SARDEGNA,1,rank_gt_top_n_and_below_min_share
20130224,2013,PRI,FALSE,FALSE,NA,OTHER_LISTS,OTHER_LISTS,7143,2.1007264666801344e-4,34,0.1320754716981132,0.8679245283018868,EMILIA-ROMAGNA,0.7810443791124178,rank_gt_top_n_and_below_min_share
20130224,2013,MERIS,FALSE,TRUE,NA,TERRITORIAL_LISTS,TERRITORIAL_LISTS,5901,1.7354594539940461e-4,35,0.04716981132075472,0.9528301886792453,SARDEGNA,1,rank_gt_top_n_and_below_min_share
20130224,2013,PARTITO DI ALTERNATIVA COMUNISTA,FALSE,FALSE,NA,OTHER_LISTS,OTHER_LISTS,5159,1.5172403530173335e-4,36,0.05660377358490566,0.9433962264150944,PUGLIA,1,rank_gt_top_n_and_below_min_share
20130224,2013,I PIRATI,FALSE,FALSE,NA,OTHER_LISTS,OTHER_LISTS,4557,1.3401946673192457e-4,37,0.018867924528301886,0.9811320754716981,LOMBARDIA,1,rank_gt_top_n_and_below_min_share
20130224,2013,MOVIMENTO PROGETTO ITALIA - MID,FALSE,FALSE,NA,OTHER_LISTS,OTHER_LISTS,3967,1.1666781315021829e-4,38,0.05660377358490566,0.9433962264150944,LAZIO,0.5250819258885808,rank_gt_top_n_and_below_min_share
20130224,2013,LIBERI PER UNA ITALIA EQUA,FALSE,FALSE,NA,OTHER_LISTS,OTHER_LISTS,3243,9.537527553470077e-5,39,0.009433962264150943,0.9905660377358491,CAMPANIA,1,rank_gt_top_n_and_below_min_share
20130224,2013,RIFONDAZIONE MISSINA ITALIANA,FALSE,FALSE,NA,OTHER_LISTS,OTHER_LISTS,3180,9.352247184716264e-5,40,0.04716981132075472,0.9528301886792453,CAMPANIA,1,rank_gt_top_n_and_below_min_share
20130224,2013,POPOLARI UNITI,FALSE,FALSE,NA,OTHER_LISTS,OTHER_LISTS,2992,8.799347036689013e-5,41,0.018867924528301886,0.9811320754716981,BASILICATA,1,rank_gt_top_n_and_below_min_share
20130224,2013,PROGETTO NAZIONALE,FALSE,FALSE,NA,OTHER_LISTS,OTHER_LISTS,2865,8.4258453409472e-5,42,0.03773584905660377,0.9622641509433962,VENETO,1,rank_gt_top_n_and_below_min_share
20130224,2013,MOVIMENTO P.P.A.,FALSE,FALSE,NA,OTHER_LISTS,OTHER_LISTS,1526,4.487902265370132e-5,43,0.0660377358490566,0.9339622641509434,PIEMONTE,1,rank_gt_top_n_and_below_min_share
20130224,2013,UNIONE POP.,FALSE,FALSE,NA,OTHER_LISTS,OTHER_LISTS,1515,4.455551724794069e-5,44,0.009433962264150943,0.9905660377358491,LAZIO,1,rank_gt_top_n_and_below_min_share
20130224,2013,TUTTI INSIEME PER L'ITALIA,FALSE,FALSE,NA,OTHER_LISTS,OTHER_LISTS,1452,4.2702713560402564e-5,45,0.03773584905660377,0.9622641509433962,LAZIO,1,rank_gt_top_n_and_below_min_share
20130224,2013,STAMINALI D'ITALIA,FALSE,FALSE,NA,OTHER_LISTS,OTHER_LISTS,585,1.72046056699969e-5,46,0.009433962264150943,0.9905660377358491,LAZIO,1,rank_gt_top_n_and_below_min_share
20130224,2013,DEMOCRAZIA ATEA,FALSE,FALSE,NA,OTHER_LISTS,OTHER_LISTS,556,1.6351727782082524e-5,47,0.03773584905660377,0.9622641509433962,LAZIO,1,rank_gt_top_n_and_below_min_share
20180304,2018,MOVIMENTO 5 STELLE,TRUE,FALSE,NA,RETAIN,MOVIMENTO 5 STELLE,10237450,0.3241518310211287,1,1,0,CAMPANIA,0.1398307195639539,retained_by_rule
20180304,2018,PARTITO DEMOCRATICO,TRUE,FALSE,NA,RETAIN,PARTITO DEMOCRATICO,5888211,0.18644041016940266,2,1,0,LOMBARDIA,0.1940891724158662,retained_by_rule
20180304,2018,LEGA,TRUE,FALSE,NA,RETAIN,LEGA,5576197,0.17656100568838184,3,1,0,LOMBARDIA,0.27577325550011955,retained_by_rule
20180304,2018,FORZA ITALIA,TRUE,FALSE,NA,RETAIN,FORZA ITALIA,4498057,0.14242349536138443,4,1,0,LOMBARDIA,0.169109684470428,retained_by_rule
20180304,2018,FRATELLI D'ITALIA CON GIORGIA MELONI,TRUE,FALSE,NA,RETAIN,FRATELLI D'ITALIA CON GIORGIA MELONI,1398294,0.04427465437251055,5,1,0,LAZIO,0.17610602634353004,retained_by_rule
20180304,2018,LIBERI E UGUALI,TRUE,FALSE,NA,RETAIN,LIBERI E UGUALI,1032713,0.03269913990977469,6,1,0,LOMBARDIA,0.14578106405167748,retained_by_rule
20180304,2018,+EUROPA,TRUE,FALSE,NA,RETAIN,+EUROPA,803613,0.02544506936613925,7,1,0,LOMBARDIA,0.2252751013236471,retained_by_rule
20180304,2018,NOI CON L'ITALIA - UDC,TRUE,FALSE,NA,RETAIN,NOI CON L'ITALIA - UDC,417702,0.013225839258915795,8,1,0,PUGLIA,0.17673604627222278,retained_by_rule
20180304,2018,POTERE AL POPOLO!,TRUE,FALSE,NA,RETAIN,POTERE AL POPOLO!,349507,0.011066557981206416,9,1,0,LOMBARDIA,0.13026062425073032,retained_by_rule
20180304,2018,CASAPOUND ITALIA,FALSE,FALSE,NA,OTHER_LISTS,OTHER_LISTS,294708,0.009331438768108737,10,1,0,LOMBARDIA,0.18630305251299592,below_min_share
20180304,2018,IL POPOLO DELLA FAMIGLIA,FALSE,FALSE,NA,OTHER_LISTS,OTHER_LISTS,206346,0.006533602969869041,11,0.9811320754716981,0.018867924528301886,LOMBARDIA,0.15143496845104823,below_min_share
20180304,2018,ITALIA EUROPA INSIEME,FALSE,FALSE,NA,OTHER_LISTS,OTHER_LISTS,180980,0.005730430759437542,12,1,0,LOMBARDIA,0.1439606586363134,below_min_share
20180304,2018,CIVICA POPOLARE LORENZIN,FALSE,FALSE,NA,OTHER_LISTS,OTHER_LISTS,168268,0.005327926417444118,13,1,0,CAMPANIA,0.16333468039080515,rank_gt_top_n_and_below_min_share
20180304,2018,SVP - PATT,FALSE,TRUE,NA,TERRITORIAL_LISTS,TERRITORIAL_LISTS,126769,0.004013929588590661,14,0.02830188679245283,0.9716981132075472,TRENTINO-ALTO ADIGE/SÜDTIROL,0.9998816745418833,rank_gt_top_n_and_below_min_share
20180304,2018,ITALIA AGLI ITALIANI,FALSE,FALSE,NA,OTHER_LISTS,OTHER_LISTS,119980,0.0037989671926031403,15,0.8018867924528302,0.19811320754716982,LOMBARDIA,0.16305217536256042,rank_gt_top_n_and_below_min_share
20180304,2018,PARTITO COMUNISTA,FALSE,FALSE,NA,OTHER_LISTS,OTHER_LISTS,102030,0.003230610290559247,16,0.6415094339622641,0.3584905660377358,TOSCANA,0.20928158384788786,rank_gt_top_n_and_below_min_share
20180304,2018,PARTITO VALORE UMANO,FALSE,FALSE,NA,OTHER_LISTS,OTHER_LISTS,44610,0.0014125014707620112,17,0.660377358490566,0.33962264150943394,PIEMONTE,0.19150414705223043,rank_gt_top_n_and_below_min_share
20180304,2018,10 VOLTE MEGLIO,FALSE,FALSE,NA,OTHER_LISTS,OTHER_LISTS,33225,0.0010520143771815247,18,0.41509433962264153,0.5849056603773585,LOMBARDIA,0.31581640331076,rank_gt_top_n_and_below_min_share
20180304,2018,PER UNA SINISTRA RIVOLUZIONARIA,FALSE,FALSE,NA,OTHER_LISTS,OTHER_LISTS,27138,8.592796438811804e-4,19,0.4811320754716981,0.5188679245283019,LOMBARDIA,0.30621269069201856,rank_gt_top_n_and_below_min_share
20180304,2018,PARTITO REPUBBLICANO ITALIANO - ALA,FALSE,FALSE,NA,OTHER_LISTS,OTHER_LISTS,18866,5.97360518883571e-4,20,0.42452830188679247,0.5754716981132075,EMILIA-ROMAGNA,0.30425103360542777,rank_gt_top_n_and_below_min_share
20180304,2018,GRANDE NORD,FALSE,TRUE,NA,TERRITORIAL_LISTS,TERRITORIAL_LISTS,18556,5.875448843635928e-4,21,0.1509433962264151,0.8490566037735849,VENETO,0.5495796507868075,rank_gt_top_n_and_below_min_share
20180304,2018,AUTODETERMINATZIONE,FALSE,TRUE,NA,TERRITORIAL_LISTS,TERRITORIAL_LISTS,18237,5.774442798091638e-4,22,0.04716981132075472,0.9528301886792453,SARDEGNA,1,rank_gt_top_n_and_below_min_share
20180304,2018,LISTA DEL POPOLO PER LA COSTITUZIONE,FALSE,FALSE,NA,OTHER_LISTS,OTHER_LISTS,9088,2.877564081211647e-4,23,0.32075471698113206,0.6792452830188679,SICILIA,0.27508802816901406,rank_gt_top_n_and_below_min_share
20180304,2018,PATTO PER L'AUTONOMIA,FALSE,TRUE,NA,TERRITORIAL_LISTS,TERRITORIAL_LISTS,5871,1.858954524735209e-4,24,0.03773584905660377,0.9622641509433962,FRIULI-VENEZIA GIULIA,1,rank_gt_top_n_and_below_min_share
20180304,2018,BLOCCO NAZIONALE PER LE LIBERTA',FALSE,FALSE,NA,OTHER_LISTS,OTHER_LISTS,3376,1.0689542625627774e-4,25,0.1320754716981132,0.8679245283018868,LAZIO,0.32671800947867297,rank_gt_top_n_and_below_min_share
20180304,2018,SIAMO,FALSE,FALSE,NA,OTHER_LISTS,OTHER_LISTS,1298,4.109901163526318e-5,26,0.03773584905660377,0.9622641509433962,FRIULI-VENEZIA GIULIA,1,rank_gt_top_n_and_below_min_share
20180304,2018,RINASCIMENTO MIR,FALSE,FALSE,NA,OTHER_LISTS,OTHER_LISTS,676,2.1404415920984523e-5,27,0.03773584905660377,0.9622641509433962,FRIULI-VENEZIA GIULIA,1,rank_gt_top_n_and_below_min_share
20180304,2018,ITALIA NEL CUORE,FALSE,FALSE,NA,OTHER_LISTS,OTHER_LISTS,502,1.5894995254932295e-5,28,0.009433962264150943,0.9905660377358491,LOMBARDIA,1,rank_gt_top_n_and_below_min_share
20220925,2022,FRATELLI D'ITALIA CON GIORGIA MELONI,TRUE,FALSE,NA,RETAIN,FRATELLI D'ITALIA CON GIORGIA MELONI,7098555,0.2622329320414316,1,1,0,LOMBARDIA,0.19710983432543666,retained_by_rule
20220925,2022,PARTITO DEMOCRATICO - ITALIA DEMOCRATICA E PROGRESSISTA,TRUE,FALSE,NA,RETAIN,PARTITO DEMOCRATICO - ITALIA DEMOCRATICA E PROGRESSISTA,5128861,0.18946901983050762,2,1,0,LOMBARDIA,0.18026731471178495,retained_by_rule
20220925,2022,MOVIMENTO 5 STELLE,TRUE,FALSE,NA,RETAIN,MOVIMENTO 5 STELLE,4178360,0.15435586452801117,3,1,0,CAMPANIA,0.18597081151456551,retained_by_rule
20220925,2022,LEGA PER SALVINI PREMIER,TRUE,FALSE,NA,RETAIN,LEGA PER SALVINI PREMIER,2392976,0.0884006833481993,4,1,0,LOMBARDIA,0.27218994256524093,retained_by_rule
20220925,2022,FORZA ITALIA,TRUE,FALSE,NA,RETAIN,FORZA ITALIA,2218466,0.08195398131228492,5,1,0,LOMBARDIA,0.1740761409009649,retained_by_rule
20220925,2022,AZIONE - ITALIA VIVA - CALENDA,TRUE,FALSE,NA,RETAIN,AZIONE - ITALIA VIVA - CALENDA,2065444,0.07630108326094293,6,1,0,LOMBARDIA,0.23828242256870677,retained_by_rule
20220925,2022,ALLEANZA VERDI E SINISTRA,TRUE,FALSE,NA,RETAIN,ALLEANZA VERDI E SINISTRA,972919,0.03594131509987844,7,1,0,LOMBARDIA,0.1906541037845905,retained_by_rule
20220925,2022,+EUROPA,TRUE,FALSE,NA,RETAIN,+EUROPA,759872,0.028070989452950175,8,1,0,LOMBARDIA,0.22552350922260592,retained_by_rule
20220925,2022,ITALEXIT PER L'ITALIA,TRUE,FALSE,NA,RETAIN,ITALEXIT PER L'ITALIA,516465,0.01907911275559293,9,0.9811320754716981,0.018867924528301886,LOMBARDIA,0.17556659212144096,retained_by_rule
20220925,2022,UNIONE POPOLARE CON DE MAGISTRIS,TRUE,FALSE,NA,RETAIN,UNIONE POPOLARE CON DE MAGISTRIS,378959,0.013999402652157924,10,1,0,LOMBARDIA,0.1418807839370486,retained_by_rule
20220925,2022,ITALIA SOVRANA E POPOLARE,TRUE,FALSE,NA,RETAIN,ITALIA SOVRANA E POPOLARE,336648,0.0124363609362587,11,1,0,LOMBARDIA,0.15476699698201088,retained_by_rule
20220925,2022,NOI MODERATI/LUPI - TOTI - BRUGNARO - UDC,FALSE,FALSE,NA,OTHER_LISTS,OTHER_LISTS,247436,0.009140714944464567,12,1,0,VENETO,0.20067007226110994,below_min_share
20220925,2022,SUD CHIAMA NORD,FALSE,TRUE,NA,TERRITORIAL_LISTS,TERRITORIAL_LISTS,208793,0.007713175509625077,13,0.2169811320754717,0.78301886792452835,SICILIA,0.9764024655999004,rank_gt_top_n_and_below_min_share
20220925,2022,VITA,FALSE,FALSE,NA,OTHER_LISTS,OTHER_LISTS,192038,0.00709421675303952,14,0.71698113207547165,0.2830188679245283,VENETO,0.2225965694289672,rank_gt_top_n_and_below_min_share
20220925,2022,IMPEGNO CIVICO LUIGI DI MAIO - CENTRO DEMOCRATICO,FALSE,FALSE,NA,OTHER_LISTS,OTHER_LISTS,161624,0.005970670848963535,15,1,0,CAMPANIA,0.241325545711033,rank_gt_top_n_and_below_min_share
20220925,2022,SUDTIROLER VOLKSPARTEI (SVP) - PATT,FALSE,TRUE,NA,TERRITORIAL_LISTS,TERRITORIAL_LISTS,106092,0.003919222465155171,16,0.018867924528301886,0.9811320754716981,TRENTINO-ALTO ADIGE/SÜDTIROL,1,rank_gt_top_n_and_below_min_share
20220925,2022,MASTELLA NOI DI CENTRO EUROPEISTI,FALSE,FALSE,NA,OTHER_LISTS,OTHER_LISTS,43712,0.0016147970855188217,17,0.42452830188679247,0.5754716981132075,CAMPANIA,0.7324075768667643,rank_gt_top_n_and_below_min_share
20220925,2022,PARTITO COMUNISTA ITALIANO,FALSE,FALSE,NA,OTHER_LISTS,OTHER_LISTS,23736,8.768490030626545e-4,18,0.1509433962264151,0.8490566037735849,MARCHE,0.3364088304684867,rank_gt_top_n_and_below_min_share
20220925,2022,PARTITO ANIMALISTA - UCDL - 10 VOLTE MEGLIO,FALSE,FALSE,NA,OTHER_LISTS,OTHER_LISTS,20082,7.418639062817757e-4,19,0.16981132075471697,0.8301886792452831,EMILIA-ROMAGNA,0.6772731799621552,rank_gt_top_n_and_below_min_share
20220925,2022,ALTERNATIVA PER L'ITALIA - NO GREEN PASS,FALSE,FALSE,NA,OTHER_LISTS,OTHER_LISTS,15814,5.841965846997312e-4,20,0.2641509433962264,0.7358490566037735,VENETO,0.2218919944353105,rank_gt_top_n_and_below_min_share
20220925,2022,PARTITO DELLA FOLLIA CREATIVA,FALSE,FALSE,NA,OTHER_LISTS,OTHER_LISTS,1304,4.8172021401824295e-5,21,0.009433962264150943,0.9905660377358491,LAZIO,1,rank_gt_top_n_and_below_min_share
20220925,2022,FORZA DEL POPOLO,FALSE,FALSE,NA,OTHER_LISTS,OTHER_LISTS,763,2.818654319753983e-5,22,0.04716981132075472,0.9528301886792453,CALABRIA,1,rank_gt_top_n_and_below_min_share
20220925,2022,FREE,FALSE,FALSE,NA,OTHER_LISTS,OTHER_LISTS,736,2.7189116374035798e-5,23,0.05660377358490566,0.9433962264150944,LOMBARDIA,1,rank_gt_top_n_and_below_min_share
